Mutation,"Stability (FoldX5, alphafold, kcal/mol)","Stability (Rosetta Cartddg2020, alphafold, kcal/mol)","Stability (RaSP, alphafold, kcal/mol)","Stability classification, alphafold, (Rosetta, FoldX)","Stability classification, alphafold, (RaSP, FoldX)","Local Int. (Binding with AIP_AFmulti, heterodimer, FoldX5, kcal/mol)","Local Int. (Binding with ARNT_AFmulti, heterodimer, FoldX5, kcal/mol)","Local Int. (Binding with AIP_AFmulti, heterodimer, Rosetta Talaris 2014, kcal/mol)","Local Int. (Binding with ARNT_AFmulti, heterodimer, Rosetta Talaris 2014, kcal/mol)",Local Int. classification (ARNT_AFmulti),Local Int. classification (AIP_AFmulti),"Local Int. With DNA (5NJ8, heterodimer, FoldX5, kcal/mol)",Local Int. classification With DNA,Relative Side Chain Solvent Accessibility in wild-type,gnomAD genome allele frequency,gnomAD exome allele frequency,REVEL score,Mutation sources,PTMs,is site part of phospho-SLiM,PTM residue SASA (%),"Change in stability with PTM (FoldX5, kcal/mol)","Change in binding with PTM (FoldX5, kcal/mol)","Change in binding with mutation (FoldX5, kcal/mol)",PTM effect in regulation,PTM effect in stability,PTM effect in function,AlloSigma2 mutation type,AlloSigma2 predicted consequence - active sites,AlloSigma2 predicted consequence - cofactor sites,AlloSigma2 predicted consequence - pockets and interfaces,ClinVar Variation ID,ClinVar Interpretation,ClinVar Review Status,AlphaFold2 model pLDDT score,AlphaFold2 model secondary structure,DeMaSk delta fitness,DeMaSk Shannon entropy,DeMaSk log2 variant frequency,DeMaSk predicted consequence,GEMME Score,EVE score,EVE classification (25% Uncertain),AlphaMissense pathogenicity score,AlphaMissense classification,References
P35H,-0.18436,0.52483,-0.3692734960068883,Neutral,Neutral,,0.0005,,-0.07836,Neutral,Uncertain,-0.80207,Neutral,107.1,,,0.608,cBioPortal,,False,107.1,,,,neutral,neutral,neutral,UP,neutral,neutral,neutral,,,,91.88,H,-0.363,0.0243,-22.002,loss_of_function,-6.55491512702754,0.97773512691143,Pathogenic,0.9984,pathogenic,https://doi.org/10.1101/2022.10.22.513328
P35L,-0.24193,0.52177,-0.5735371163833469,Neutral,Neutral,,-0.00434,,0.04605,Neutral,Uncertain,-0.13412,Neutral,107.1,,,0.56,"cBioPortal,COSMIC,clinvar",,False,107.1,,,,neutral,neutral,neutral,UP,neutral,neutral,neutral,2487253,Uncertain significance,1,91.88,H,-0.373,0.0243,-22.002,loss_of_function,-6.55491512702754,0.9796202008975274,Pathogenic,0.9935,pathogenic,https://doi.org/10.1101/2022.10.22.513328
K37T,0.03866,0.52449,0.1967279522895276,Neutral,Neutral,,0.03846,,0.08241,Neutral,Uncertain,0.67757,Neutral,79.3,,0.0,0.934,"cBioPortal,COSMIC",,False,79.3,,,,neutral,neutral,neutral,DOWN,neutral,neutral,neutral,,,,93.64,H,-0.3411,0.0242,-22.0054,loss_of_function,-6.51086594633759,0.9870332006719148,Pathogenic,0.9988,pathogenic,https://doi.org/10.1101/2022.10.22.513328
R38L,-0.23466,-0.61905,-0.3739175086158841,Neutral,Neutral,,-0.00152,,-0.05039,Neutral,Uncertain,0.42484,Neutral,94.8,,,0.945,"cBioPortal,COSMIC",,False,94.8,,,,neutral,neutral,neutral,DOWN,neutral,neutral,neutral,,,,92.68,H,-0.4089,0.0242,-22.0054,loss_of_function,-6.51183128932624,0.9875721341562584,Pathogenic,0.994,pathogenic,https://doi.org/10.1101/2022.10.22.513328
R38P,-1.95388,2.61667,1.136191602746295,Uncertain,Neutral,,-0.00422,,0.06915,Neutral,Uncertain,0.74719,Neutral,94.8,,,0.929,"cBioPortal,COSMIC",,False,94.8,,,,neutral,neutral,neutral,DOWN,neutral,neutral,neutral,,,,92.68,H,-0.5485,0.0242,-22.0054,loss_of_function,-6.51183128932624,0.9877413149051626,Pathogenic,0.9993,pathogenic,https://doi.org/10.1101/2022.10.22.513328
R38W,-0.27982,-1.06973,-0.7192081616262075,Neutral,Neutral,,-0.00226,,0.07672,Neutral,Uncertain,0.73955,Neutral,94.8,,,0.847,"cBioPortal,COSMIC",,False,94.8,,,,neutral,neutral,neutral,UP,neutral,neutral,neutral,,,,92.68,H,-0.4242,0.0242,-22.0054,loss_of_function,-6.51183128932624,0.9866393282523208,Pathogenic,0.9919,pathogenic,https://doi.org/10.1101/2022.10.22.513328
R40T,0.40405,-0.66905,0.5888207588487415,Neutral,Neutral,,-0.11838,,-0.01811,Neutral,Uncertain,2.32123,Destabilizing,66.8,,,0.964,"cBioPortal,COSMIC",,False,66.8,,,,neutral,neutral,neutral,DOWN,neutral,neutral,neutral,,,,94.94,H,-0.4113,0.0242,-22.0054,loss_of_function,-6.5131782160822,0.9877629948938818,Pathogenic,0.9996,pathogenic,https://doi.org/10.1101/2022.10.22.513328
L43P,4.42469,8.50442,6.291750982274922,Destabilizing,Destabilizing,,2.0941,,0.56949,Uncertain,Uncertain,0.02265,Neutral,59.7,,,0.964,"cBioPortal,COSMIC",,True,59.7,,,,neutral,neutral,neutral,DOWN,neutral,neutral,neutral,,,,93.97,H,-0.4996,0.024,-22.0224,loss_of_function,-6.5430380916048,0.9835909591132505,Pathogenic,0.9998,pathogenic,https://doi.org/10.1101/2022.10.22.513328
N44S,0.52207,-0.45204,0.4654118761384412,Neutral,Neutral,,-0.04982,,0.06721,Neutral,Uncertain,-0.1274,Neutral,44.3,,,0.886,COSMIC,,True,44.3,,,,neutral,neutral,neutral,DOWN,neutral,neutral,neutral,,,,94.97,H,-0.2878,0.1081,-22.0258,loss_of_function,-4.56010847065271,0.9791934120077904,Pathogenic,0.9379,pathogenic,https://doi.org/10.1101/2022.10.22.513328
T45I,-0.24146,-0.38197,-0.5965968889256396,Neutral,Neutral,,-0.0648,,0.16722,Neutral,Uncertain,0.02941,Neutral,61.1,,,,clinvar,P,True,61.1,0.904,,,damaging,neutral,potentially_damaging,UP,neutral,neutral,neutral,962335,Uncertain significance,1,95.25,H,-0.0316,2.6423,-7.738,loss_of_function,-2.15732729916526,0.0208560252331509,Benign,0.51,ambiguous,https://doi.org/10.1101/2022.10.22.513328
E46K,-0.16398,0.32041,0.3814898201864408,Neutral,Neutral,,-0.0668,,0.66873,Neutral,Uncertain,,Uncertain,48.3,,,0.928,cBioPortal,,True,48.3,,,,neutral,neutral,neutral,UP,neutral,neutral,neutral,,,,95.89,H,-0.3354,0.0669,-22.0258,loss_of_function,-6.43922068928522,0.9771212758545236,Pathogenic,0.9966,pathogenic,https://doi.org/10.1101/2022.10.22.513328
D48N,0.03017,-0.3602,-0.241659944308068,Neutral,Neutral,,-0.01518,,0.05718,Neutral,Uncertain,,Uncertain,73.8,,,0.521,"cBioPortal,COSMIC",,True,73.8,,,,neutral,neutral,neutral,-,uncertain,uncertain,uncertain,,,,94.67,H,-0.0904,1.4213,-3.7839,loss_of_function,-1.34268929111277,0.001195756240704,Benign,0.6558,pathogenic,https://doi.org/10.1101/2022.10.22.513328
R49C,1.57197,1.25306,1.5806261112212112,Neutral,Neutral,,0.3599,,0.13153,Neutral,Uncertain,,Uncertain,68.3,,,0.76,"cBioPortal,COSMIC,clinvar",,True,68.3,,,,neutral,neutral,neutral,DOWN,neutral,neutral,neutral,937920,Uncertain significance,1,95.43,H,-0.221,1.2714,-6.4161,loss_of_function,-2.87233553064518,0.1703668189645434,Benign,0.4494,ambiguous,https://doi.org/10.1101/2022.10.22.513328
R49H,0.93478,0.50986,0.7466384011815536,Neutral,Neutral,,0.6334,,-0.1167,Neutral,Uncertain,,Uncertain,68.3,,,,clinvar,,True,68.3,,,,neutral,neutral,neutral,DOWN,neutral,neutral,neutral,1488892,Uncertain significance,1,95.43,H,-0.1819,1.2714,-6.4161,loss_of_function,-2.42969763798544,0.0001127045946287,Benign,0.1907,benign,https://doi.org/10.1101/2022.10.22.513328
L50S,2.10436,1.46088,2.181383916066918,Uncertain,Uncertain,,3.60894,,1.53479,Destabilizing,Uncertain,,Uncertain,40.0,,,0.974,"cBioPortal,COSMIC",,True,40.0,,,,neutral,neutral,neutral,DOWN,neutral,neutral,neutral,,,,95.25,H,-0.4466,0.0239,-22.0258,loss_of_function,-6.51642744545774,0.9799421615649656,Pathogenic,0.9994,pathogenic,https://doi.org/10.1101/2022.10.22.513328
P57A,1.73249,1.28435,0.0232068444007427,Neutral,Neutral,,0.3883,,0.22842,Neutral,Uncertain,,Uncertain,72.3,,,,clinvar,,False,72.3,,,,neutral,neutral,neutral,DOWN,neutral,neutral,neutral,1395230,Uncertain significance,1,91.23,-,-0.1291,1.3224,-7.1632,loss_of_function,-1.80285589234269,0.0168988435863265,Benign,0.2785,benign,https://doi.org/10.1101/2022.10.22.513328
P57L,2.7984,0.56156,-0.3833769510959162,Uncertain,Uncertain,,-0.17688,,0.02815,Neutral,Uncertain,,Uncertain,72.3,,,0.736,COSMIC,,False,72.3,,,,neutral,neutral,neutral,UP,neutral,neutral,neutral,,,,91.23,-,-0.1808,1.3224,-7.7481,loss_of_function,-2.76315002172543,0.1914180999587685,Benign,0.6573,pathogenic,https://doi.org/10.1101/2022.10.22.513328
N62S,-0.13167,0.35578,0.4214206306632373,Neutral,Neutral,,4e-05,,0.0334,Neutral,Uncertain,0.0,Neutral,74.2,,3.9789592634e-06,0.249,cBioPortal,,False,74.2,,,,neutral,neutral,neutral,DOWN,neutral,neutral,neutral,,,,91.78,T,-0.0037,2.0561,-1.4788,loss_of_function,-0.08430768440091,1.856210495839265e-12,Benign,0.0659,benign,https://doi.org/10.1101/2022.10.22.513328
D65G,7.05118,1.06599,1.208907344861038,Uncertain,Uncertain,,0.8178,,0.41592,Neutral,Uncertain,-1.30997,Stabilizing,68.7,,,0.99,"cBioPortal,COSMIC",,True,68.7,,,,neutral,neutral,neutral,DOWN,neutral,neutral,neutral,,,,94.77,-,-0.3545,0.0474,-22.0393,loss_of_function,-6.44717310412329,0.9854430275332118,Pathogenic,0.9991,pathogenic,https://doi.org/10.1101/2022.10.22.513328
K66R,0.05665,-0.6483,0.1611675830150677,Neutral,Neutral,,0.13786,,-0.34039,Neutral,Uncertain,0.39864,Neutral,56.4,,,,clinvar,,True,56.4,,,,neutral,neutral,neutral,-,uncertain,uncertain,uncertain,1476799,Uncertain significance,2,93.49,H,-0.1783,0.0427,-7.7515,loss_of_function,-3.0697554759593,0.2015289929701509,Benign,0.6605,pathogenic,https://doi.org/10.1101/2022.10.22.513328
S68L,1.03297,-1.87347,-1.0226533544894685,Neutral,Neutral,,-0.1266,,-0.16156,Neutral,,0.01378,Neutral,18.8,,,0.859,cBioPortal,P,True,18.8,2.385,,,uncertain,uncertain,uncertain,UP,neutral,neutral,neutral,,,,95.45,H,-0.3349,0.2394,-22.0426,loss_of_function,-6.27917498997067,0.9772765525018642,Pathogenic,0.9798,pathogenic,https://doi.org/10.1101/2022.10.22.513328
V69I,-0.81332,-0.62789,0.4645872399334416,Neutral,Neutral,,-0.0724,,-0.07198,Neutral,,-0.01945,Neutral,5.7,,,,clinvar,,True,5.7,,,,neutral,neutral,neutral,UP,neutral,neutral,neutral,1507037,Uncertain significance,1,96.17,H,-0.0928,0.951,-1.433,loss_of_function,-1.47438086532542,5.9340057409907866e-05,Benign,0.1422,benign,https://doi.org/10.1101/2022.10.22.513328
L70F,0.35069,0.27109,0.5051661513480915,Neutral,Neutral,,2.0236,,0.39379,Uncertain,Uncertain,0.00236,Neutral,58.3,,,0.933,cBioPortal,,True,58.3,,,,neutral,neutral,neutral,UP,neutral,neutral,neutral,,,,96.03,H,-0.3498,0.0237,-22.0426,loss_of_function,-6.44717310412329,0.9811873227692474,Pathogenic,0.9957,pathogenic,https://doi.org/10.1101/2022.10.22.513328
R71K,1.3829,0.01395,1.0736071276703654,Neutral,Neutral,,-0.22372,,0.07568,Neutral,Uncertain,,Uncertain,27.8,,,0.909,"cBioPortal,COSMIC",,True,27.8,,,,neutral,neutral,neutral,-,uncertain,uncertain,uncertain,,,,95.77,H,-0.2948,0.0473,-22.0426,loss_of_function,-3.90539367211253,0.9870521634155858,Pathogenic,0.9846,pathogenic,https://doi.org/10.1101/2022.10.22.513328
R71N,3.38115,0.54082,1.531546505075458,Uncertain,Uncertain,,0.01988,,-0.37264,Neutral,Uncertain,,Uncertain,27.8,,,,cBioPortal,,True,27.8,,,,neutral,neutral,neutral,DOWN,neutral,neutral,neutral,,,,95.77,H,-0.3516,0.0473,-8.7547,loss_of_function,-6.44679823682843,0.9868926594682536,Pathogenic,0.9991,pathogenic,https://doi.org/10.1101/2022.10.22.513328
R71S,4.26431,1.01395,1.7124835993017564,Uncertain,Uncertain,,0.1875,,0.09034,Neutral,Uncertain,,Uncertain,27.8,,,0.944,"cBioPortal,COSMIC",,True,27.8,,,,neutral,neutral,neutral,DOWN,neutral,neutral,neutral,,,,95.77,H,-0.4051,0.0473,-22.0426,loss_of_function,-6.44679823682843,0.9871791540598795,Pathogenic,0.9989,pathogenic,https://doi.org/10.1101/2022.10.22.513328
V74I,-0.66278,-0.19252,-0.3698535781362833,Neutral,Neutral,,0.85264,,0.88769,Neutral,Uncertain,,Uncertain,68.1,3.18572793883e-05,3.5818614536e-05,0.67,"cBioPortal,COSMIC,clinvar",,True,68.1,,,,neutral,neutral,neutral,UP,neutral,neutral,neutral,845384,Uncertain significance,1,93.77,H,-0.2477,0.4107,-22.0426,loss_of_function,-3.76110799938222,0.9765416573807372,Pathogenic,0.6285,pathogenic,https://doi.org/10.1101/2022.10.22.513328
V74L,-0.78303,0.07415,-0.4687409207855503,Neutral,Neutral,,0.6801,,0.43506,Neutral,Uncertain,,Uncertain,68.1,,,0.741,cBioPortal,,True,68.1,,,,neutral,neutral,neutral,UP,neutral,neutral,neutral,,,,93.77,H,-0.245,0.4107,-8.7547,loss_of_function,-3.76110799938222,0.9739952337594452,Pathogenic,0.989,pathogenic,https://doi.org/10.1101/2022.10.22.513328
L77P,2.24061,9.89694,5.382992307687813,Uncertain,Uncertain,,4.10308,,1.19873,Destabilizing,Uncertain,,Uncertain,76.9,,,0.984,cBioPortal,,True,76.9,,,,neutral,neutral,neutral,DOWN,neutral,neutral,neutral,,,,93.5,H,-0.4204,0.1492,-8.7581,loss_of_function,-6.47057596751714,0.977370670866968,Pathogenic,0.999,pathogenic,https://doi.org/10.1101/2022.10.22.513328
K80R,0.35722,1.17653,-0.094632407033342,Neutral,Neutral,,-1.2009,,0.0278,Uncertain,Uncertain,,Uncertain,63.8,,,,clinvar,,True,63.8,,,,neutral,neutral,neutral,-,uncertain,uncertain,uncertain,1944380,Uncertain significance,1,91.24,H,-0.1316,0.3947,-4.9509,loss_of_function,-1.76018089940614,0.2317546277160125,Benign,0.1635,benign,https://doi.org/10.1101/2022.10.22.513328
S81C,-0.01413,0.30748,0.8710405231008769,Neutral,Neutral,,-0.41194,,-0.01463,Neutral,Uncertain,,Uncertain,44.0,,,0.327,"cBioPortal,COSMIC",P,True,44.0,-0.194,,,damaging,neutral,potentially_damaging,UP,neutral,neutral,neutral,,,,90.31,H,-0.2143,1.2572,-22.0393,loss_of_function,-3.05719674615797,0.7508918888010121,Pathogenic,0.3277,benign,https://doi.org/10.1101/2022.10.22.513328
S90F,-0.03193,0.26531,-0.0112431628643955,Neutral,Neutral,,-0.26614,,-0.16314,Neutral,Uncertain,,Uncertain,61.7,3.18775900542e-05,7.9922634889e-06,0.148,"cBioPortal,clinvar",,True,61.7,,,,uncertain,,,UP,neutral,neutral,neutral,1376641,Uncertain significance,1,44.11,S,-0.0573,3.2579,-21.9566,loss_of_function,-1.78586029948242,0.1154646552814952,Benign,0.1014,benign,https://doi.org/10.1101/2022.10.22.513328
P91S,0.5183,0.3034,-0.4816053082988969,Neutral,Neutral,,0.03102,,0.16826,Neutral,Uncertain,,Uncertain,93.3,,,0.049,"cBioPortal,COSMIC",,True,93.3,,,,neutral,neutral,neutral,DOWN,neutral,neutral,neutral,,,,39.66,S,0.0726,3.2686,-2.7855,gain_of_function,-0.151464377454189,3.0525356934282164e-10,Benign,0.077,benign,https://doi.org/10.1101/2022.10.22.513328
P91T,0.88321,0.63367,-0.3672173333378531,Neutral,Neutral,,0.11038,,0.24486,Neutral,Uncertain,,Uncertain,93.3,,,,clinvar,,True,93.3,,,,neutral,neutral,neutral,-,uncertain,uncertain,uncertain,1415901,Uncertain significance,1,39.66,S,0.0541,3.2686,-4.0334,gain_of_function,-0.40374177719147,1.3737976080488864e-07,Benign,0.0686,benign,https://doi.org/10.1101/2022.10.22.513328
T92I,0.63329,1.04932,0.0518202342594437,Neutral,Neutral,,-0.00444,,-0.07657,Neutral,Uncertain,,Uncertain,91.3,,,0.056,COSMIC,,True,91.3,,,,uncertain,,,UP,neutral,neutral,neutral,,,,41.2,-,0.0112,3.1589,-8.6652,gain_of_function,-0.805354910267121,0.0003085143838619,Benign,0.0938,benign,https://doi.org/10.1101/2022.10.22.513328
T92N,0.75314,0.60374,0.0742771797191121,Neutral,Neutral,,-0.0043,,0.07883,Neutral,Uncertain,,Uncertain,91.3,,1.5973675383e-05,0.046,COSMIC,,True,91.3,,,,uncertain,,,-,uncertain,uncertain,uncertain,,,,41.2,-,0.0043,3.1589,-4.2059,gain_of_function,-0.593535831084247,3.243850920857954e-08,Benign,0.0775,benign,https://doi.org/10.1101/2022.10.22.513328
E93G,-0.11735,-0.35102,0.1013079651881576,Neutral,Neutral,,,,,Uncertain,Uncertain,,Uncertain,92.1,,,,clinvar,,False,92.1,,,,neutral,neutral,neutral,DOWN,neutral,neutral,neutral,1468038,Uncertain significance,1,39.82,S,0.0583,3.3773,-3.8329,gain_of_function,-0.697285062530662,2.794757146271081e-09,Benign,0.0859,benign,https://doi.org/10.1101/2022.10.22.513328
N95D,0.37323,-0.03946,-0.0741732855798898,Neutral,Neutral,,0.15066,,-0.08268,Neutral,Uncertain,,Uncertain,117.6,,,,clinvar,,False,117.6,,,,neutral,neutral,neutral,-,uncertain,uncertain,uncertain,1375833,Uncertain significance,1,37.86,S,0.0504,3.158,-4.228,gain_of_function,-0.653099560097775,0.0001414266996819,Benign,0.1086,benign,https://doi.org/10.1101/2022.10.22.513328
G96A,-0.1151,-0.76429,-0.0857866626943526,Neutral,Neutral,,,,,Uncertain,Uncertain,,Uncertain,123.1,,,0.047,COSMIC,,False,123.1,,,,neutral,neutral,neutral,UP,neutral,neutral,neutral,,,,32.03,-,-0.0495,2.6078,-3.7805,loss_of_function,-0.392603870585256,8.478896443616932e-06,Benign,0.0859,benign,https://doi.org/10.1101/2022.10.22.513328
G96R,-0.07498,-1.36259,-0.3645074822727034,Neutral,Neutral,,,,,Uncertain,Uncertain,,Uncertain,123.1,3.18735258494e-05,3.59072157545e-05,0.046,"cBioPortal,COSMIC,clinvar",,False,123.1,,,,neutral,neutral,neutral,UP,neutral,neutral,neutral,1499828,Uncertain significance,1,32.03,-,-0.1395,2.6078,-6.4128,loss_of_function,-0.460867227549691,0.0151290894026033,Benign,0.1181,benign,https://doi.org/10.1101/2022.10.22.513328
D99V,0.85425,1.06565,0.4694409243630126,Neutral,Neutral,,-0.02604,,-0.03572,Neutral,Uncertain,,Uncertain,102.8,,,,clinvar,,False,102.8,,,,neutral,neutral,neutral,UP,neutral,neutral,neutral,1426973,Uncertain significance,1,37.23,-,-0.0139,3.1455,-4.1396,loss_of_function,-0.832469139941543,,,0.1341,benign,https://doi.org/10.1101/2022.10.22.513328
N100K,-0.33115,0.28469,0.257398859375918,Neutral,Neutral,,,,,Uncertain,Uncertain,,Uncertain,96.1,,,0.061,COSMIC,,False,96.1,,,,neutral,neutral,neutral,UP,neutral,neutral,neutral,,,,36.03,-,0.0267,2.9492,-5.094,gain_of_function,-0.674532167057188,9.788704065926044e-05,Benign,0.1244,benign,https://doi.org/10.1101/2022.10.22.513328
R102G,0.98329,0.74796,1.0848944396508735,Neutral,Neutral,,0.11858,,-0.32959,Neutral,Uncertain,,Uncertain,102.6,,,,clinvar,,False,102.6,,,,neutral,neutral,neutral,DOWN,neutral,neutral,neutral,955009,Uncertain significance,1,38.68,T,-0.0399,3.4032,-4.1666,loss_of_function,-0.357921851544929,2.8926969204960785e-06,Benign,0.0849,benign,https://doi.org/10.1101/2022.10.22.513328
R102S,0.98223,0.12687,0.4925646035162495,Neutral,Neutral,,0.09842,,0.14774,Neutral,Uncertain,,Uncertain,102.6,,,0.055,"cBioPortal,COSMIC",,False,102.6,,,,neutral,neutral,neutral,DOWN,neutral,neutral,neutral,,,,38.68,T,-0.0007,3.4032,-3.3253,loss_of_function,-0.368159602106109,2.62092196765058e-06,Benign,0.1752,benign,https://doi.org/10.1101/2022.10.22.513328
A103T,0.71569,0.58197,-0.0345061623464482,Neutral,Neutral,,0.41968,,-0.15385,Neutral,Uncertain,,Uncertain,85.8,,,,clinvar,,False,85.8,,,,neutral,neutral,neutral,UP,neutral,neutral,neutral,1917108,Uncertain significance,1,36.84,T,0.1039,3.3993,-2.1865,gain_of_function,-0.0307919185712077,5.678581355425368e-09,Benign,0.0687,benign,https://doi.org/10.1101/2022.10.22.513328
A104T,0.26456,0.61122,0.0090906615551455,Neutral,Neutral,,0.3466,,-0.2392,Neutral,Uncertain,,Uncertain,89.5,,,0.007,COSMIC,,False,89.5,,,,neutral,neutral,neutral,UP,neutral,neutral,neutral,,,,37.68,H,0.087,3.245,-2.7041,gain_of_function,-0.261195877966955,4.158621909341664e-09,Benign,0.0667,benign,https://doi.org/10.1101/2022.10.22.513328
N105I,-0.10705,-0.1483,-0.3097118822713851,Neutral,Neutral,,0.00392,,-0.11442,Neutral,Uncertain,,Uncertain,94.1,,,0.088,cBioPortal,,False,94.1,,,,neutral,neutral,neutral,UP,neutral,neutral,neutral,,,,37.11,H,-0.0602,3.4529,-21.9882,loss_of_function,-0.845141920283165,1.414724723252684e-05,Benign,0.1055,benign,https://doi.org/10.1101/2022.10.22.513328
N105T,0.0602,0.4466,-0.1573796177281722,Neutral,Neutral,,0.34734,,0.09776,Neutral,Uncertain,,Uncertain,94.1,,,0.064,"cBioPortal,COSMIC",,False,94.1,,,,neutral,neutral,neutral,-,uncertain,uncertain,uncertain,,,,37.11,H,0.0635,3.4529,-3.7936,gain_of_function,-0.245687108412384,1.8890864043613875e-10,Benign,0.0716,benign,https://doi.org/10.1101/2022.10.22.513328
R107I,0.00327,-0.18299,-0.099920823319457,Neutral,Neutral,,0.4916,,0.07499,Neutral,Uncertain,,Uncertain,78.0,,,,clinvar,,False,78.0,,,,neutral,neutral,neutral,DOWN,neutral,neutral,neutral,933821,Uncertain significance,1,40.3,H,-0.0161,3.6221,-4.6257,loss_of_function,-0.595534769227761,1.2423072427580145e-07,Benign,0.1676,benign,https://doi.org/10.1101/2022.10.22.513328
E108D,0.32493,0.21871,0.3470982710824011,Neutral,Neutral,,0.032,,-0.12324,Neutral,Uncertain,,Uncertain,82.1,,,,clinvar,,False,82.1,,,,neutral,neutral,neutral,DOWN,neutral,neutral,neutral,2048182,Uncertain significance,1,43.04,H,0.0777,2.7941,-1.2786,gain_of_function,-0.232527899362803,1.2767502867180042e-09,Benign,0.0673,benign,https://doi.org/10.1101/2022.10.22.513328
G109D,-0.12631,-0.72925,-0.1027749572940711,Neutral,Neutral,,0.01788,,-0.21965,Neutral,Uncertain,,Uncertain,90.2,,,,clinvar,,False,90.2,,,,neutral,neutral,neutral,UP,neutral,neutral,neutral,1347487,Uncertain significance,1,42.47,H,-0.1235,2.4815,-4.1808,loss_of_function,-0.218756102345642,2.302747775728308e-08,Benign,0.0775,benign,https://doi.org/10.1101/2022.10.22.513328
G109V,-0.16312,-1.31871,-0.5279821395967688,Neutral,Neutral,,-0.4261,,-0.04031,Neutral,Uncertain,,Uncertain,90.2,,,,clinvar,,False,90.2,,,,neutral,neutral,neutral,UP,neutral,neutral,neutral,1005812,Uncertain significance,1,42.47,H,-0.1646,2.4815,-7.0552,loss_of_function,-1.04562496958463,4.894873485503745e-05,Benign,0.0879,benign,https://doi.org/10.1101/2022.10.22.513328
L110R,0.86882,0.29626,-0.0046096879034868,Neutral,Neutral,,1.56266,,0.32105,Uncertain,Uncertain,,Uncertain,82.2,,,,clinvar,,False,82.2,,,,neutral,neutral,neutral,UP,neutral,neutral,neutral,2279238,Uncertain significance,1,50.5,H,-0.1155,3.2643,-5.811,loss_of_function,-1.03703551521761,0.0004387758566737,Benign,0.09,benign,https://doi.org/10.1101/2022.10.22.513328
Q113H,0.43933,0.35612,-0.1543485777413084,Neutral,Neutral,,-0.2232,,-0.86889,Neutral,Uncertain,,Uncertain,65.0,,,,clinvar,,False,65.0,,,,neutral,neutral,neutral,UP,neutral,neutral,neutral,943707,Uncertain significance,1,69.28,H,0.0034,2.42,-6.2288,gain_of_function,-0.843191248180062,0.0013150427160297,Benign,0.1426,benign,https://doi.org/10.1101/2022.10.22.513328
F117L,0.35607,-1.40612,-0.1502834735747832,Neutral,Neutral,,1.04112,,0.67287,Uncertain,Uncertain,,Uncertain,73.1,,,0.05,cBioPortal,,False,73.1,,,,neutral,neutral,neutral,DOWN,neutral,neutral,neutral,,,,83.86,H,-0.1649,0.8504,-0.2473,loss_of_function,0.0845907125789777,5.55193143990877e-13,Benign,0.4231,ambiguous,https://doi.org/10.1101/2022.10.22.513328
F117Y,0.16065,-0.31667,0.1208730381665357,Neutral,Neutral,,0.78084,,-0.51734,Neutral,Uncertain,,Uncertain,73.1,,,,clinvar,,False,73.1,,,,neutral,neutral,neutral,-,uncertain,uncertain,uncertain,1932221,Uncertain significance,1,83.86,H,-0.1894,0.8504,-7.836,loss_of_function,-3.34023637253629,0.0242770241628369,Benign,0.1046,benign,https://doi.org/10.1101/2022.10.22.513328
L118I,0.22917,-0.07925,0.395512794724181,Neutral,Neutral,,1.97836,,1.64307,Destabilizing,Uncertain,,Uncertain,76.6,,,0.145,COSMIC,,False,76.6,,,,neutral,neutral,neutral,-,uncertain,uncertain,uncertain,,,,88.21,H,-0.1814,0.3903,-7.2854,loss_of_function,-1.1295350072438,0.0025055535890292,Benign,0.2158,benign,https://doi.org/10.1101/2022.10.22.513328
Q120H,0.13539,0.14966,-0.4307595004237041,Neutral,Neutral,,0.04774,,-0.26829,Neutral,Uncertain,,Uncertain,76.0,,,0.428,COSMIC,,False,76.0,,,,neutral,neutral,neutral,UP,neutral,neutral,neutral,,,,82.83,H,-0.2853,0.1667,-22.1825,loss_of_function,-4.31215733998839,0.3985777198364612,Uncertain,0.7559,pathogenic,https://doi.org/10.1101/2022.10.22.513328
A121T,0.83542,0.2085,0.0707286002327761,Neutral,Neutral,,-0.306,,-0.09257,Neutral,Uncertain,,Uncertain,84.6,,1.6476907614e-05,0.575,"cBioPortal,COSMIC",,False,84.6,,,,neutral,neutral,neutral,UP,neutral,neutral,neutral,,,,85.1,H,-0.2801,0.3373,-22.2155,loss_of_function,-2.57182107314033,0.3181919924656081,Benign,0.5517,ambiguous,https://doi.org/10.1101/2022.10.22.513328
V126A,1.24563,1.63163,1.3136435194233715,Neutral,Neutral,,1.8467,,0.57526,Uncertain,Uncertain,,Uncertain,37.4,,,0.49,COSMIC,,True,37.4,,,,neutral,neutral,neutral,DOWN,neutral,neutral,neutral,,,,96.63,E,-0.23,0.4885,-7.3398,loss_of_function,-3.3824891498458,0.0228638608640401,Benign,0.6501,pathogenic,https://doi.org/10.1101/2022.10.22.513328
T131I,-0.43533,-0.43639,-1.086059725215303,Neutral,Neutral,,,,,,,,,10.7,,,,clinvar,,True,10.7,,,,uncertain,,,UP,neutral,neutral,neutral,934093,Uncertain significance,1,90.48,T,-0.0869,2.0517,-7.9247,loss_of_function,-1.58462993886172,0.0187617914033631,Benign,0.1782,benign,https://doi.org/10.1101/2022.10.22.513328
D132E,0.49207,0.48741,0.7887283399505007,Neutral,Neutral,,,,,Uncertain,Uncertain,,Uncertain,44.8,,,0.139,"cBioPortal,COSMIC",,True,44.8,,,,neutral,neutral,neutral,UP,neutral,neutral,neutral,,,,89.19,T,-0.0393,1.5857,-0.9941,loss_of_function,-0.644173738592271,4.706415174355017e-08,Benign,0.2643,benign,https://doi.org/10.1101/2022.10.22.513328
D132N,0.02694,1.44048,0.5000691063791257,Neutral,Neutral,,,,,Uncertain,Uncertain,,Uncertain,44.8,,,0.196,"cBioPortal,COSMIC",,True,44.8,,,,neutral,neutral,neutral,-,uncertain,uncertain,uncertain,,,,89.19,T,-0.0816,1.5857,-5.0179,loss_of_function,-1.4526892572278,0.003505871447263,Benign,0.164,benign,https://doi.org/10.1101/2022.10.22.513328
A133D,0.07953,1.92823,2.333650532632414,Neutral,Uncertain,,,,,,,,,8.3,,,,clinvar,,True,8.3,,,,neutral,neutral,neutral,UP,neutral,neutral,neutral,1060326,Uncertain significance,1,93.13,S,-0.2847,0.7569,-8.9276,loss_of_function,-3.05458482806512,0.3333508060668811,Uncertain,0.7886,pathogenic,https://doi.org/10.1101/2022.10.22.513328
Y137H,1.23694,1.35,1.969406431663992,Neutral,Neutral,,1.64946,,0.80722,Uncertain,Uncertain,,Uncertain,40.1,,,0.544,"cBioPortal,COSMIC",,False,40.1,,,,uncertain,,,DOWN,neutral,neutral,neutral,,,,95.46,E,-0.2522,0.4308,-8.9276,loss_of_function,-2.83612472584875,0.7401654153919826,Pathogenic,0.8943,pathogenic,https://doi.org/10.1101/2022.10.22.513328
S140C,-0.00846,0.57041,0.9343963433795436,Neutral,Neutral,,0.06858,,-0.08644,Neutral,Uncertain,,Uncertain,70.8,,,,clinvar,,True,70.8,,,,uncertain,,,UP,neutral,neutral,neutral,1898525,Uncertain significance,1,93.09,T,-0.1662,1.7889,-22.2155,loss_of_function,-3.74589577190586,0.8506265110557539,Pathogenic,0.1078,benign,https://doi.org/10.1101/2022.10.22.513328
T141N,1.26636,0.76769,0.4755522892877478,Neutral,Neutral,,-0.0038,,0.0178,Neutral,,,,17.9,,,0.257,"cBioPortal,COSMIC",,True,17.9,,,,uncertain,,,-,uncertain,uncertain,uncertain,,,,93.37,T,-0.297,0.1464,-8.9276,loss_of_function,-4.32618500003022,0.00609261775261,Benign,0.602,pathogenic,https://doi.org/10.1101/2022.10.22.513328
T141S,0.34161,0.40136,0.8381953335833497,Neutral,Neutral,,0.01322,,0.19701,Neutral,,,,17.9,,,,clinvar,,True,17.9,,,,neutral,,,DOWN,neutral,neutral,neutral,1408970,Uncertain significance,1,93.37,T,-0.1933,0.1464,-6.6058,loss_of_function,-2.1552907352105,0.0031620640355418,Benign,0.3185,benign,https://doi.org/10.1101/2022.10.22.513328
Y145C,2.36087,2.49728,3.05965813961174,Uncertain,Uncertain,,0.47284,,0.79077,Neutral,Uncertain,,Uncertain,23.0,,,,clinvar,,True,23.0,,,,uncertain,,,DOWN,neutral,neutral,neutral,1935535,Uncertain significance,1,90.53,H,-0.2867,0.6515,-7.3428,loss_of_function,-4.88502332789145,0.7808785055060696,Pathogenic,0.7005,pathogenic,https://doi.org/10.1101/2022.10.22.513328
Y145D,3.38816,2.86224,3.699795765742744,Uncertain,Destabilizing,,-0.10304,,0.93663,Neutral,Uncertain,,Uncertain,23.0,,,0.741,cBioPortal,,True,23.0,,,,uncertain,,,DOWN,neutral,neutral,neutral,,,,90.53,H,-0.4062,0.6515,-22.2155,loss_of_function,-6.88509613246297,0.9558438216180074,Pathogenic,0.9645,pathogenic,https://doi.org/10.1101/2022.10.22.513328
L146V,3.36764,2.52075,2.095114676316085,Uncertain,Uncertain,,-0.0002,,0.02407,Neutral,,,,0.0,,,,clinvar,,True,0.0,,,,neutral,neutral,neutral,DOWN,neutral,neutral,neutral,1469513,Uncertain significance,1,91.93,H,-0.2565,0.0598,-8.9276,loss_of_function,-4.39264592794621,0.6277302670579797,Uncertain,0.6281,pathogenic,https://doi.org/10.1101/2022.10.22.513328
Q150K,0.18397,1.96395,0.5944702468560542,Neutral,Neutral,,0.28446,,0.75397,Neutral,Uncertain,,Uncertain,25.3,,,0.594,"cBioPortal,COSMIC",,False,25.3,,,,neutral,neutral,neutral,UP,neutral,neutral,neutral,,,,95.75,H,-0.2592,0.0639,-8.9276,loss_of_function,-5.82595822081465,0.979388415465426,Pathogenic,0.8911,pathogenic,https://doi.org/10.1101/2022.10.22.513328
S151Y,1.76454,-0.1568,2.6070573553214635,Neutral,Uncertain,,0.30406,,0.01495,Neutral,,,,1.3,,,,clinvar,,False,1.3,,,,uncertain,,,UP,neutral,neutral,neutral,1352788,Uncertain significance,1,94.94,H,-0.2537,1.1901,-22.2185,loss_of_function,-6.53339789705138,0.91338396248596,Pathogenic,0.8789,pathogenic,https://doi.org/10.1101/2022.10.22.513328
V153I,-0.13169,-0.06156,0.8151756036338972,Neutral,Neutral,,-0.06312,,-0.05189,Neutral,,,,4.0,,,,clinvar,,False,4.0,,,,neutral,neutral,neutral,UP,neutral,neutral,neutral,1422931,Uncertain significance,1,96.15,H,-0.1021,0.9382,-3.0239,loss_of_function,-0.467320155427448,7.404386071548799e-07,Benign,0.0797,benign,https://doi.org/10.1101/2022.10.22.513328
I154K,1.40595,3.76735,1.6973837435917665,Uncertain,Neutral,,1.40198,,0.56937,Uncertain,,,,9.4,,,0.67,cBioPortal,,False,9.4,,,,neutral,neutral,neutral,-,uncertain,uncertain,uncertain,,,,96.31,T,-0.295,1.7478,-8.9306,loss_of_function,-6.1533447947163,0.9073771994522124,Pathogenic,0.982,pathogenic,https://doi.org/10.1101/2022.10.22.513328
H155Y,-0.68195,0.94524,-0.2203912442476069,Neutral,Neutral,,-0.26628,,0.33497,Neutral,Uncertain,,Uncertain,24.5,,,0.297,cBioPortal,,False,24.5,,,,neutral,neutral,neutral,UP,neutral,neutral,neutral,,,,94.51,T,-0.1286,0.5023,-3.8044,loss_of_function,-2.15523480956642,0.0042174023230317,Benign,0.3326,benign,https://doi.org/10.1101/2022.10.22.513328
Q156H,0.10428,0.60442,-0.2280063710727475,Neutral,Neutral,,-0.04338,,0.13862,Neutral,Uncertain,,Uncertain,38.1,,,0.33,"cBioPortal,COSMIC,clinvar",,False,38.1,,,,neutral,neutral,neutral,UP,neutral,neutral,neutral,1474545,Uncertain significance,1,95.6,S,-0.2097,0.1247,-6.6117,loss_of_function,-4.3349827251789,0.5108870747998514,Uncertain,0.9252,pathogenic,https://doi.org/10.1101/2022.10.22.513328
S157N,-0.92824,-0.08741,-0.1354873431616876,Neutral,Neutral,,-0.0039,,-0.13318,Neutral,Uncertain,,Uncertain,37.1,,,,clinvar,,True,37.1,,,,uncertain,,,UP,neutral,neutral,neutral,1963478,Uncertain significance,1,96.32,B,-0.1927,0.2918,-5.9337,loss_of_function,-2.71317286760253,0.0004091611122632,Benign,0.2414,benign,https://doi.org/10.1101/2022.10.22.513328
I162T,2.64089,2.78401,3.1260070465745584,Uncertain,Uncertain,,,,,,,,,0.0,,7.9927106479e-06,0.652,COSMIC,,True,0.0,,,,neutral,neutral,neutral,DOWN,neutral,neutral,neutral,,,,96.75,B,-0.3217,0.6721,-22.2155,loss_of_function,-6.45655939458801,0.9745705989918144,Pathogenic,0.9726,pathogenic,https://doi.org/10.1101/2022.10.22.513328
E165K,-0.12456,0.83435,0.3184842896723316,Neutral,Neutral,,,,,Uncertain,Uncertain,,Uncertain,74.2,,,,clinvar,,True,74.2,,,,neutral,neutral,neutral,UP,neutral,neutral,neutral,1451013,Uncertain significance,1,94.14,T,-0.2488,1.0187,-22.2125,loss_of_function,-6.75786239828648,0.9680944716965352,Pathogenic,0.8831,pathogenic,https://doi.org/10.1101/2022.10.22.513328
R167Q,0.17458,0.41259,1.6346045686495598,Neutral,Neutral,,,,,Uncertain,Uncertain,,Uncertain,44.2,3.19060685342e-05,1.19806392869e-05,0.269,"cBioPortal,COSMIC",,False,44.2,,,,neutral,neutral,neutral,DOWN,neutral,neutral,neutral,,,,95.06,H,-0.1714,1.1662,-1.4872,loss_of_function,-2.08225614232203,0.0015375382502743,Benign,0.2314,benign,https://doi.org/10.1101/2022.10.22.513328
E169K,-0.05423,0.86735,0.257691478376077,Neutral,Neutral,,,,,Uncertain,Uncertain,,Uncertain,41.0,,,0.322,COSMIC,,False,41.0,,,,neutral,neutral,neutral,UP,neutral,neutral,neutral,,,,92.42,H,-0.1663,1.9149,-22.2036,loss_of_function,-4.91666689840339,0.7728601028178388,Pathogenic,0.5337,ambiguous,https://doi.org/10.1101/2022.10.22.513328
E169Q,0.34057,0.60442,0.3780041498690062,Neutral,Neutral,,,,,Uncertain,Uncertain,,Uncertain,41.0,,,0.345,"cBioPortal,COSMIC",,False,41.0,,,,neutral,neutral,neutral,UP,neutral,neutral,neutral,,,,92.42,H,-0.1168,1.9149,-22.2036,loss_of_function,-1.83646514578678,0.4410778560337458,Uncertain,0.3083,benign,https://doi.org/10.1101/2022.10.22.513328
Q171L,-0.07664,0.86327,-0.5146676486475255,Neutral,Neutral,,,,,Uncertain,Uncertain,,Uncertain,67.9,,,0.242,"cBioPortal,COSMIC",,False,67.9,,,,neutral,neutral,neutral,UP,neutral,neutral,neutral,,,,93.43,H,-0.1083,1.4617,-7.3339,loss_of_function,-3.37730811743919,0.0565449786102985,Benign,0.231,benign,https://doi.org/10.1101/2022.10.22.513328
R172C,1.29512,1.73639,1.6336122649745548,Neutral,Neutral,,,,,Uncertain,Uncertain,,Uncertain,50.4,3.1901997065e-05,,0.248,"cBioPortal,clinvar",,False,50.4,,,,neutral,neutral,neutral,DOWN,neutral,neutral,neutral,1015389,Uncertain significance,1,91.68,H,-0.1795,1.5646,-3.5613,loss_of_function,-1.583171695453,0.0011259925617359,Benign,0.1413,benign,https://doi.org/10.1101/2022.10.22.513328
R172H,0.75287,2.67551,0.9890770699015728,Uncertain,Neutral,,,,,Uncertain,Uncertain,,Uncertain,50.4,,2.3945022229e-05,0.285,"COSMIC,clinvar",,False,50.4,,,,neutral,neutral,neutral,DOWN,neutral,neutral,neutral,850833,Uncertain significance,1,91.68,H,-0.1507,1.5646,-5.5969,loss_of_function,-1.71995864387183,0.0005916481136515,Benign,0.0943,benign,https://doi.org/10.1101/2022.10.22.513328
Q173L,-1.57088,2.59218,-0.6432187663099026,Uncertain,Neutral,,,,,,,,,15.1,,,0.462,COSMIC,,False,15.1,,,,neutral,neutral,neutral,UP,neutral,neutral,neutral,,,,92.09,H,-0.2145,1.1325,-22.2155,loss_of_function,-6.64162505931326,0.8461060560590893,Pathogenic,0.7032,pathogenic,https://doi.org/10.1101/2022.10.22.513328
H175Q,0.35079,3.92517,1.1222990418700385,Uncertain,Neutral,,,,,Uncertain,Uncertain,,Uncertain,21.0,,,0.137,"cBioPortal,clinvar",,False,21.0,,,,neutral,neutral,neutral,DOWN,neutral,neutral,neutral,2271961,Uncertain significance,1,86.11,S,-0.1588,0.3306,-7.3428,loss_of_function,-2.66079903854815,0.0065642642737007,Benign,0.2158,benign,https://doi.org/10.1101/2022.10.22.513328
W176L,1.96826,1.6017,2.234870414509503,Neutral,Uncertain,,,,,Uncertain,Uncertain,,Uncertain,27.0,,,0.296,"cBioPortal,COSMIC",,False,27.0,,,,neutral,neutral,neutral,DOWN,neutral,neutral,neutral,,,,80.3,T,-0.4156,1.1766,-22.2066,loss_of_function,-4.19690349950959,0.2196430371335714,Benign,0.4193,ambiguous,https://doi.org/10.1101/2022.10.22.513328
A177T,0.97539,0.61497,0.7668516046248636,Neutral,Neutral,,,,,Uncertain,Uncertain,,Uncertain,38.6,,,0.151,cBioPortal,,False,38.6,,,,neutral,neutral,neutral,UP,neutral,neutral,neutral,,,,78.79,T,-0.1413,0.8863,-4.9159,loss_of_function,-0.370422227301012,7.520199743014881e-06,Benign,0.0839,benign,https://doi.org/10.1101/2022.10.22.513328
A177V,0.37177,0.48469,0.4459352219852713,Neutral,Neutral,,,,,Uncertain,Uncertain,,Uncertain,38.6,,,0.295,COSMIC,,False,38.6,,,,neutral,neutral,neutral,UP,neutral,neutral,neutral,,,,78.79,T,-0.1536,0.8863,-7.9158,loss_of_function,-3.73530917732514,0.1194268474456305,Benign,0.1137,benign,https://doi.org/10.1101/2022.10.22.513328
N179H,0.3181,0.04286,0.3766545306129565,Neutral,Neutral,,,,,Uncertain,Uncertain,,Uncertain,97.9,,,,clinvar,,False,97.9,,,,neutral,neutral,neutral,UP,neutral,neutral,neutral,1053968,Uncertain significance,1,69.42,-,-0.1437,1.3274,-8.9128,loss_of_function,-3.99430652123459,0.051037471392994,Benign,0.0773,benign,https://doi.org/10.1101/2022.10.22.513328
P180S,2.17498,2.90816,0.3298497352573937,Uncertain,Uncertain,,,,,Uncertain,Uncertain,,Uncertain,36.2,,,0.18,"cBioPortal,COSMIC",,False,36.2,,,,neutral,neutral,neutral,DOWN,neutral,neutral,neutral,,,,63.83,-,-0.1858,0.5733,-4.8314,loss_of_function,-1.55221407540398,0.0039013888498619,Benign,0.0876,benign,https://doi.org/10.1101/2022.10.22.513328
S181F,-0.30044,-0.19796,-0.867318704404138,Neutral,Neutral,,,,,Uncertain,Uncertain,,Uncertain,102.6,,,0.071,"cBioPortal,COSMIC",,False,102.6,,,,uncertain,,,UP,neutral,neutral,neutral,,,,53.47,-,-0.0969,2.84,-22.1856,loss_of_function,-4.32622556227501,0.0084030768759636,Benign,0.1108,benign,https://doi.org/10.1101/2022.10.22.513328
Q182E,-0.84006,0.6,-0.4694893798001115,Neutral,Neutral,,,,,Uncertain,Uncertain,,Uncertain,102.0,,,,clinvar,,False,102.0,,,,neutral,neutral,neutral,DOWN,neutral,neutral,neutral,1492982,Uncertain significance,1,40.05,-,0.0836,3.2775,-5.1791,gain_of_function,-1.18035715589378,0.0005860246126035,Benign,0.0738,benign,https://doi.org/10.1101/2022.10.22.513328
Q182K,0.06439,0.62721,-0.1987876053752701,Neutral,Neutral,,,,,Uncertain,Uncertain,,Uncertain,102.0,,,0.133,"cBioPortal,COSMIC",,False,102.0,,,,neutral,neutral,neutral,UP,neutral,neutral,neutral,,,,40.05,-,0.0418,3.2775,-7.8795,gain_of_function,-1.88517584037029,0.0039541622302525,Benign,0.0854,benign,https://doi.org/10.1101/2022.10.22.513328
C183R,-0.15083,-0.40136,-1.1983971736559973,Neutral,Neutral,,,,,Uncertain,Uncertain,,Uncertain,105.5,,,,clinvar,,False,105.5,,,,neutral,neutral,neutral,UP,neutral,neutral,neutral,1433172,Uncertain significance,1,30.68,-,-0.2354,3.3573,-22.1426,loss_of_function,-1.35668637721149,1.0072159460972842e-06,Benign,0.0932,benign,https://doi.org/10.1101/2022.10.22.513328
S186F,-2.00699,0.25748,0.0822066884470779,Uncertain,Uncertain,,,,,Uncertain,Uncertain,,Uncertain,103.0,3.19060685342e-05,7.25513905683e-05,0.131,"cBioPortal,clinvar",,False,103.0,,,,uncertain,,,UP,neutral,neutral,neutral,848965,Uncertain significance,1,29.03,S,-0.0248,2.8857,-8.8671,loss_of_function,-3.29714863897629,0.0469108858752006,Benign,0.1193,benign,https://doi.org/10.1101/2022.10.22.513328
G187E,2.89926,1.7602,1.361640039696626,Uncertain,Uncertain,,,,,Uncertain,Uncertain,,Uncertain,85.1,,,,clinvar,,False,85.1,,,,neutral,neutral,neutral,UP,neutral,neutral,neutral,1401503,Uncertain significance,1,27.64,S,-0.0823,2.8489,-2.8704,loss_of_function,-0.772356744195733,2.7106048036687085e-06,Benign,0.1046,benign,https://doi.org/10.1101/2022.10.22.513328
Q188R,-0.17088,0.50374,-0.3848731254446874,Neutral,Neutral,,,,,Uncertain,Uncertain,,Uncertain,110.6,,,,clinvar,,False,110.6,,,,neutral,neutral,neutral,UP,neutral,neutral,neutral,1051795,Uncertain significance,1,30.96,-,0.021,2.9615,-6.5515,gain_of_function,-1.79700446992303,4.216283813861488e-05,Benign,0.0846,benign,https://doi.org/10.1101/2022.10.22.513328
G195C,0.50541,4.24354,0.898904522430426,Uncertain,Neutral,,0.0054,,0.08471,Neutral,Uncertain,,Uncertain,109.1,,,0.166,cBioPortal,,False,109.1,,,,neutral,neutral,neutral,UP,neutral,neutral,neutral,,,,26.66,S,-0.1068,2.7693,-6.2029,loss_of_function,-1.71544751307413,0.0109345182138057,Benign,0.103,benign,https://doi.org/10.1101/2022.10.22.513328
T199P,1.50946,2.96837,3.5383612682299685,Uncertain,Uncertain,,,,,Uncertain,Uncertain,,Uncertain,82.5,,,0.043,"cBioPortal,COSMIC",,False,82.5,,,,uncertain,,,-,uncertain,uncertain,uncertain,,,,40.41,-,-0.124,2.8363,-2.2235,loss_of_function,-0.202760539310331,1.1819483957276316e-11,Benign,0.0503,benign,https://doi.org/10.1101/2022.10.22.513328
V201A,-0.1234,1.15952,0.2751050819663347,Neutral,Neutral,,,,,Uncertain,Uncertain,,Uncertain,49.1,,,,clinvar,,False,49.1,,,,neutral,neutral,neutral,DOWN,neutral,neutral,neutral,1467168,Uncertain significance,1,54.85,-,-0.0463,2.3254,-4.4719,loss_of_function,-0.741053578539301,5.63258945261429e-07,Benign,0.0809,benign,https://doi.org/10.1101/2022.10.22.513328
P205T,1.58083,1.30782,-0.0216352096346805,Neutral,Neutral,,,,,Uncertain,Uncertain,,Uncertain,69.2,,,0.187,COSMIC,,False,69.2,,,,neutral,neutral,neutral,-,uncertain,uncertain,uncertain,,,,58.8,G,-0.1864,0.7343,-5.4743,loss_of_function,-1.08141384305831,0.025083362773362,Benign,0.0695,benign,https://doi.org/10.1101/2022.10.22.513328
Q207H,0.22823,1.42721,-0.0796582692418423,Neutral,Neutral,,,,,Uncertain,Uncertain,,Uncertain,78.2,,,,clinvar,,False,78.2,,,,neutral,neutral,neutral,UP,neutral,neutral,neutral,857279,Uncertain significance,1,58.98,G,-0.0332,1.8291,-2.7439,loss_of_function,-1.46007326609976,3.0480504945003764e-05,Benign,0.1153,benign,https://doi.org/10.1101/2022.10.22.513328
Q207K,-0.01435,1.32619,0.1721290604580666,Neutral,Neutral,,,,,Uncertain,Uncertain,,Uncertain,78.2,,,0.252,COSMIC,,False,78.2,,,,neutral,neutral,neutral,UP,neutral,neutral,neutral,,,,58.98,G,-0.0917,1.8291,-7.9336,loss_of_function,-2.18358089467486,0.0380097107722386,Benign,0.083,benign,https://doi.org/10.1101/2022.10.22.513328
P214A,1.39079,0.53435,-0.2134051750006516,Neutral,Neutral,,1.1358,,0.1886,Uncertain,Uncertain,,Uncertain,75.1,,,,clinvar,,True,75.1,,,,neutral,neutral,neutral,DOWN,neutral,neutral,neutral,836826,Uncertain significance,1,77.34,G,-0.1632,0.7982,-4.3923,loss_of_function,0.489718437335823,2.0548296918280706e-07,Benign,0.0635,benign,https://doi.org/10.1101/2022.10.22.513328
P214L,1.17291,0.65408,-0.7313167231426665,Neutral,Neutral,,1.12694,,0.72363,Uncertain,Uncertain,,Uncertain,75.1,,,0.152,"cBioPortal,COSMIC",,True,75.1,,,,neutral,neutral,neutral,UP,neutral,neutral,neutral,,,,77.34,G,-0.235,0.7982,-8.9157,loss_of_function,-1.11422513806602,0.002083880104915,Benign,0.0788,benign,https://doi.org/10.1101/2022.10.22.513328
R218K,4.24281,3.20272,2.15568585191636,Destabilizing,Uncertain,,-0.044,,0.11316,Neutral,,,,4.4,,,0.565,COSMIC,,False,4.4,,,,neutral,neutral,neutral,-,uncertain,uncertain,uncertain,,,,93.02,E,-0.2943,0.0633,-22.2332,loss_of_function,-4.5263291391021,0.9789417397468314,Pathogenic,0.5414,ambiguous,https://doi.org/10.1101/2022.10.22.513328
R223C,1.26439,2.36871,1.8459177634988184,Uncertain,Neutral,,,,,Uncertain,Uncertain,,Uncertain,39.3,,,0.469,cBioPortal,,False,39.3,,,,neutral,neutral,neutral,DOWN,neutral,neutral,neutral,,,,94.63,E,-0.4129,0.0632,-22.2361,loss_of_function,-5.90615231752228,0.9758178349594884,Pathogenic,0.9468,pathogenic,https://doi.org/10.1101/2022.10.22.513328
R223G,2.5834,3.8898,2.635549444519285,Uncertain,Uncertain,,,,,Uncertain,Uncertain,,Uncertain,39.3,,,0.483,"cBioPortal,COSMIC",,False,39.3,,,,neutral,neutral,neutral,DOWN,neutral,neutral,neutral,,,,94.63,E,-0.4394,0.0632,-22.2361,loss_of_function,-7.46121202055917,0.9793739670258288,Pathogenic,0.9952,pathogenic,https://doi.org/10.1101/2022.10.22.513328
R223H,0.19632,1.25578,0.6629141321215606,Neutral,Neutral,,,,,Uncertain,Uncertain,,Uncertain,39.3,,,,clinvar,,False,39.3,,,,neutral,neutral,neutral,DOWN,neutral,neutral,neutral,1956467,Uncertain significance,1,94.63,E,-0.3738,0.0632,-22.2361,loss_of_function,-5.28209575747471,0.7517577600881014,Pathogenic,0.8179,pathogenic,https://doi.org/10.1101/2022.10.22.513328
R225K,-0.2526,0.04694,1.0671151337774372,Neutral,Neutral,,,,,Uncertain,Uncertain,,Uncertain,56.8,,,,clinvar,,False,56.8,,,,neutral,neutral,neutral,-,uncertain,uncertain,uncertain,1020596,Uncertain significance,1,94.85,E,-0.2982,0.0211,-22.2361,loss_of_function,-4.5263291391021,0.9839421521671068,Pathogenic,0.9439,pathogenic,https://doi.org/10.1101/2022.10.22.513328
C226Y,11.06275,1.43776,1.689624481879653,Uncertain,Uncertain,,-0.0963,,0.17413,Neutral,,,,4.2,,,0.722,cBioPortal,,False,4.2,,,,neutral,neutral,neutral,UP,neutral,neutral,neutral,,,,92.85,-,-0.4923,0.0382,-22.2332,loss_of_function,-7.53933285529445,0.9229249833508684,Pathogenic,0.9887,pathogenic,https://doi.org/10.1101/2022.10.22.513328
S232Y,-0.18206,0.8619,-0.1795697715277805,Neutral,Neutral,,0.0,,0.09634,Neutral,Uncertain,,Uncertain,64.3,,,0.503,"cBioPortal,COSMIC",P,True,64.3,0.856,,,uncertain,neutral,potentially_damaging,UP,neutral,neutral,neutral,,,,72.77,S,-0.3522,0.1202,-22.2273,loss_of_function,-6.17179315286493,0.9807484503930582,Pathogenic,0.915,pathogenic,https://doi.org/10.1101/2022.10.22.513328
F234Y,0.56069,-0.04422,0.6625115072304335,Neutral,Neutral,,0.0,,0.02691,Neutral,Uncertain,,Uncertain,34.9,,,0.388,"cBioPortal,COSMIC",,True,34.9,,,,neutral,neutral,neutral,-,uncertain,uncertain,uncertain,,,,91.89,E,-0.2647,0.0382,-7.9454,loss_of_function,-2.36447101092291,0.0519898348696309,Benign,0.8064,pathogenic,https://doi.org/10.1101/2022.10.22.513328
A236S,0.73948,0.54456,0.535015933640556,Neutral,Neutral,,,,,Uncertain,Uncertain,,Uncertain,39.4,,,0.239,"cBioPortal,COSMIC",,True,39.4,,,,neutral,neutral,neutral,-,uncertain,uncertain,uncertain,,,,92.47,E,-0.261,0.4809,-22.2361,loss_of_function,-4.229460215018,0.7166608064909703,Pathogenic,0.3316,benign,https://doi.org/10.1101/2022.10.22.513328
M237I,1.51391,2.80034,0.7033396083628742,Uncertain,Neutral,,,,,,,,,0.0,,,0.243,cBioPortal,,True,0.0,,,,neutral,neutral,neutral,-,uncertain,uncertain,uncertain,,,,94.02,E,-0.1683,0.9009,-8.9482,loss_of_function,-2.00442968261964,0.0099665062261001,Benign,0.831,pathogenic,https://doi.org/10.1101/2022.10.22.513328
M237V,2.30857,1.19456,1.0025410240660888,Uncertain,Uncertain,,,,,,,,,0.0,,,,clinvar,,True,0.0,,,,neutral,neutral,neutral,DOWN,neutral,neutral,neutral,1389327,Uncertain significance,1,94.02,E,-0.1885,0.9009,-6.6264,loss_of_function,-1.91125997115433,0.0244597945930256,Benign,0.2063,benign,https://doi.org/10.1101/2022.10.22.513328
N238S,0.5835,0.31803,0.7376219212125625,Neutral,Neutral,,-0.01448,,0.05335,Neutral,Uncertain,,Uncertain,33.8,,,,clinvar,,True,33.8,,,,neutral,neutral,neutral,DOWN,neutral,neutral,neutral,1525620,Uncertain significance,1,94.81,E,-0.1148,0.999,-4.1935,loss_of_function,-1.07622286207159,0.0002751991907696,Benign,0.1254,benign,https://doi.org/10.1101/2022.10.22.513328
G241E,15.2119,9.92381,5.376786643776682,Destabilizing,Destabilizing,,0.2058,,0.35338,Neutral,Uncertain,,Uncertain,36.3,,,0.655,"cBioPortal,COSMIC",,False,36.3,,,,neutral,neutral,neutral,UP,neutral,neutral,neutral,,,,94.23,E,-0.4432,0.0001,-22.2361,loss_of_function,-7.55019256822239,0.9874757776250992,Pathogenic,0.9977,pathogenic,https://doi.org/10.1101/2022.10.22.513328
K242R,0.44605,-0.35952,-0.1677908968345376,Neutral,Neutral,,-0.82162,,-0.71156,Neutral,Uncertain,,Uncertain,21.2,,,0.132,cBioPortal,,False,21.2,,,,neutral,neutral,neutral,-,uncertain,uncertain,uncertain,,,,93.51,E,-0.1209,0.2388,-0.0445,loss_of_function,-0.0797729087320655,5.6533638037214106e-18,Benign,0.0523,benign,https://doi.org/10.1101/2022.10.22.513328
Y245C,2.22684,2.60408,2.8799969859616072,Uncertain,Uncertain,,-0.00208,,0.01892,Neutral,Uncertain,,Uncertain,21.0,,,0.11,"cBioPortal,COSMIC",,True,21.0,,,,uncertain,,,DOWN,neutral,neutral,neutral,,,,87.65,E,-0.239,1.2038,-7.9483,loss_of_function,-3.7186143011941,0.0021787656646786,Benign,0.1814,benign,https://doi.org/10.1101/2022.10.22.513328
L246V,3.79215,2.70918,2.532842840514946,Uncertain,Uncertain,,-0.11506,,-0.01289,Neutral,,,,0.0,,,0.291,"cBioPortal,COSMIC",,True,0.0,,,,neutral,neutral,neutral,DOWN,neutral,neutral,neutral,,,,87.48,E,-0.2216,0.2484,-5.4889,loss_of_function,-2.55698259388283,0.0347237004639254,Benign,0.2212,benign,https://doi.org/10.1101/2022.10.22.513328
H247P,0.40793,3.58605,3.358138361555593,Uncertain,Uncertain,,-0.0041,,-0.04742,Neutral,Uncertain,,Uncertain,48.0,,,,clinvar,,True,48.0,,,,neutral,neutral,neutral,DOWN,neutral,neutral,neutral,1496215,Uncertain significance,1,84.17,T,-0.2912,0.9166,-5.6235,loss_of_function,-2.81099692801853,0.0017824362233546,Benign,0.1822,benign,https://doi.org/10.1101/2022.10.22.513328
G248A,5.11553,0.95646,1.3897873945139545,Uncertain,Uncertain,,0.08302,,0.33349,Neutral,Uncertain,,Uncertain,42.3,,,0.449,"cBioPortal,COSMIC",,True,42.3,,,,neutral,neutral,neutral,UP,neutral,neutral,neutral,,,,79.9,T,-0.337,0.5068,-22.2332,loss_of_function,-3.14554894136937,0.0080193715684143,Benign,0.4312,ambiguous,https://doi.org/10.1101/2022.10.22.513328
G256A,3.13803,1.3483,1.1902394165988142,Uncertain,Uncertain,,-0.0046,,0.02532,Neutral,Uncertain,,Uncertain,75.8,,,,clinvar,,False,75.8,,,,neutral,neutral,neutral,UP,neutral,neutral,neutral,1973839,Uncertain significance,1,70.6,S,-0.2296,0.8262,-6.9337,loss_of_function,-2.69150678176385,0.0770842498584059,Benign,0.3249,benign,https://doi.org/10.1101/2022.10.22.513328
S257P,0.32086,5.71837,2.225961256064898,Uncertain,Uncertain,,-0.03532,,0.24035,Neutral,Uncertain,,Uncertain,78.4,,,0.087,COSMIC,,False,78.4,,,,uncertain,,,UP,neutral,neutral,neutral,,,,68.7,-,-0.1974,2.5696,-22.2185,loss_of_function,-3.7798465670565,0.5113961145716195,Uncertain,0.4177,ambiguous,https://doi.org/10.1101/2022.10.22.513328
I258K,0.46437,1.92823,0.8839047913044484,Neutral,Neutral,,-0.33032,,-0.16168,Neutral,Uncertain,,Uncertain,81.6,,,0.116,COSMIC,,False,81.6,,,,neutral,neutral,neutral,-,uncertain,uncertain,uncertain,,,,67.27,B,-0.096,3.5947,-3.2265,loss_of_function,-0.856896736763231,9.069567064683666e-07,Benign,0.2038,benign,https://doi.org/10.1101/2022.10.22.513328
I258L,0.06301,0.31905,0.0047704691099564,Neutral,Neutral,,-0.1276,,0.2871,Neutral,Uncertain,,Uncertain,81.6,,,0.036,COSMIC,,False,81.6,,,,neutral,neutral,neutral,-,uncertain,uncertain,uncertain,,,,67.27,B,0.1201,3.5947,-2.4781,gain_of_function,-0.193943106571109,1.5754462319807038e-10,Benign,0.0629,benign,https://doi.org/10.1101/2022.10.22.513328
I258M,0.23315,1.3949,0.5063903639602341,Neutral,Neutral,,-0.10314,,0.12502,Neutral,Uncertain,,Uncertain,81.6,,,,clinvar,,False,81.6,,,,neutral,neutral,neutral,-,uncertain,uncertain,uncertain,2089631,Uncertain significance,1,67.27,B,0.0995,3.5947,-5.4109,gain_of_function,-0.185005119839553,8.128890796364482e-06,Benign,0.0747,benign,https://doi.org/10.1101/2022.10.22.513328
P260L,0.38832,2.58061,-1.1063819838973763,Uncertain,Neutral,,,,,Uncertain,Uncertain,,Uncertain,44.0,,,0.28,"cBioPortal,COSMIC",,False,44.0,,,,neutral,neutral,neutral,UP,neutral,neutral,neutral,,,,69.62,-,-0.1214,1.8324,-5.3038,loss_of_function,-2.4870208433666,0.0003394409793208,Benign,0.1089,benign,https://doi.org/10.1101/2022.10.22.513328
Q262K,0.61192,1.76939,0.7962711797265076,Neutral,Neutral,,,,,,,,,17.7,,,0.411,"cBioPortal,COSMIC",,False,17.7,,,,neutral,neutral,neutral,UP,neutral,neutral,neutral,,,,83.73,E,-0.2164,0.4749,-7.9454,loss_of_function,-3.52271805675577,0.3110812542239911,Benign,0.1723,benign,https://doi.org/10.1101/2022.10.22.513328
A267V,-0.06618,-0.59354,-0.0279469605325743,Neutral,Neutral,,0.0564,,0.11408,Neutral,,,,3.8,,,0.393,COSMIC,,True,3.8,,,,neutral,neutral,neutral,UP,neutral,neutral,neutral,,,,96.84,E,-0.1333,0.9381,-4.8609,loss_of_function,-2.30702086125702,0.000652809865334,Benign,0.2138,benign,https://doi.org/10.1101/2022.10.22.513328
I268T,2.04501,1.36361,1.7230023796735288,Uncertain,Uncertain,,0.84814,,0.57966,Neutral,Uncertain,,Uncertain,47.8,,,,clinvar,,True,47.8,,,,neutral,neutral,neutral,DOWN,neutral,neutral,neutral,1055508,Uncertain significance,1,96.5,E,-0.215,1.04,-7.9483,loss_of_function,-3.43520649858989,0.0078683991100266,Benign,0.3657,ambiguous,https://doi.org/10.1101/2022.10.22.513328
T270A,0.5594,0.61259,0.5340926330589713,Neutral,Neutral,,-0.04582,,0.07005,Neutral,Uncertain,,Uncertain,35.8,,,,clinvar,,True,35.8,,,,uncertain,,,DOWN,neutral,neutral,neutral,1475399,Uncertain significance,1,93.38,E,-0.1449,1.0405,-6.141,loss_of_function,-1.39696382250402,0.0022960478311366,Benign,0.1106,benign,https://doi.org/10.1101/2022.10.22.513328
P271A,2.93425,1.61463,-0.2020338716741598,Uncertain,Uncertain,,-8e-05,,-0.09368,Neutral,,,,7.4,,,0.429,"cBioPortal,COSMIC",,True,7.4,,,,neutral,neutral,neutral,DOWN,neutral,neutral,neutral,,,,89.96,E,-0.2424,0.1901,-8.9482,loss_of_function,-4.35171889140441,0.9408289420625906,Pathogenic,0.5891,pathogenic,https://doi.org/10.1101/2022.10.22.513328
Q273K,0.14839,1.22619,-0.2136756242325477,Neutral,Neutral,,0.03762,,-0.10552,Neutral,Uncertain,,Uncertain,102.2,,,0.457,"cBioPortal,COSMIC",,True,102.2,,,,neutral,neutral,neutral,UP,neutral,neutral,neutral,,,,68.86,S,-0.2407,0.2667,-8.9511,loss_of_function,-6.46370740834058,0.90282621634728,Pathogenic,0.3911,ambiguous,https://doi.org/10.1101/2022.10.22.513328
Q273R,-0.09664,0.86599,-0.2984595866374701,Neutral,Neutral,,0.0878,,0.03324,Neutral,Uncertain,,Uncertain,102.2,,,,clinvar,,True,102.2,,,,neutral,neutral,neutral,UP,neutral,neutral,neutral,1997464,Uncertain significance,1,68.86,S,-0.2341,0.2667,-7.9512,loss_of_function,-4.60825881773942,0.4558649464549938,Uncertain,0.3927,ambiguous,https://doi.org/10.1101/2022.10.22.513328
P275L,1.59937,0.33027,-0.8652216045926475,Neutral,Neutral,,-0.12096,,0.15012,Neutral,,,,18.7,,,,clinvar,,False,18.7,,,,neutral,neutral,neutral,UP,neutral,neutral,neutral,1113439,Likely benign,1,52.76,-,-0.2303,0.5642,-3.7784,loss_of_function,-2.86322765007187,0.0046467496175834,Benign,0.3443,ambiguous,https://doi.org/10.1101/2022.10.22.513328
I277V,0.49507,0.40476,0.2873463785207286,Neutral,Neutral,,0.36246,,0.47383,Neutral,Uncertain,,Uncertain,56.8,0.0001913021298304,9.54965422294e-05,0.313,"COSMIC,clinvar",,True,56.8,,,,neutral,neutral,neutral,DOWN,neutral,neutral,neutral,1004831,Uncertain significance,1,47.5,H,-0.1518,0.3256,-4.6264,loss_of_function,-2.53019709466649,0.0087329525524254,Benign,0.2272,benign,https://doi.org/10.1101/2022.10.22.513328
R281L,0.21286,-0.64116,-0.2572432692043475,Neutral,Neutral,,0.75328,,0.31908,Neutral,Uncertain,,Uncertain,57.8,,0.0,0.434,COSMIC,,True,57.8,,,,neutral,neutral,neutral,DOWN,neutral,neutral,neutral,,,,47.88,H,-0.3818,0.3318,-22.2361,loss_of_function,-7.13843183211062,0.8782440126180092,Pathogenic,0.7223,pathogenic,https://doi.org/10.1101/2022.10.22.513328
R281Q,0.25272,0.3983,0.6849832866274697,Neutral,Neutral,,1.01422,,0.46327,Uncertain,Uncertain,,Uncertain,57.8,,2.78569268238e-05,0.23,"COSMIC,clinvar",,True,57.8,,,,neutral,neutral,neutral,DOWN,neutral,neutral,neutral,1426694,Uncertain significance,1,47.88,H,-0.2658,0.3318,-4.9484,loss_of_function,-3.41047681975989,0.0093851668199116,Benign,0.2202,benign,https://doi.org/10.1101/2022.10.22.513328
R281W,0.80889,-0.8881,-0.321481896935667,Neutral,Neutral,,1.05616,,-0.49327,Uncertain,Uncertain,,Uncertain,57.8,,,,clinvar,,True,57.8,,,,neutral,neutral,neutral,UP,neutral,neutral,neutral,853443,Uncertain significance,1,47.88,H,-0.397,0.3318,-22.2361,loss_of_function,-6.62156584251068,0.8790908216068349,Pathogenic,0.5356,ambiguous,https://doi.org/10.1101/2022.10.22.513328
N284H,0.18598,0.10782,-0.2418859605424461,Neutral,Neutral,,-0.48512,,-0.07222,Neutral,Uncertain,,Uncertain,91.0,,,0.345,"cBioPortal,COSMIC",,False,91.0,,,,neutral,neutral,neutral,UP,neutral,neutral,neutral,,,,59.18,H,-0.1269,1.512,-8.9453,loss_of_function,-3.57703418112776,0.7553451740857978,Pathogenic,0.2988,benign,https://doi.org/10.1101/2022.10.22.513328
N284K,-0.58432,0.09796,-0.1580858841825738,Neutral,Neutral,,-0.5068,,0.14667,Neutral,Uncertain,,Uncertain,91.0,,,0.116,cBioPortal,,False,91.0,,,,neutral,neutral,neutral,UP,neutral,neutral,neutral,,,,59.18,H,-0.193,1.512,-22.2332,loss_of_function,-5.69774113799969,0.2783506092514677,Benign,0.7365,pathogenic,https://doi.org/10.1101/2022.10.22.513328
I286T,0.7895,0.59048,1.256483260873868,Neutral,Neutral,,,,,Uncertain,Uncertain,,Uncertain,53.2,,,0.15,COSMIC,,False,53.2,,,,neutral,neutral,neutral,DOWN,neutral,neutral,neutral,,,,84.67,-,-0.2038,1.0748,-6.3634,loss_of_function,-3.23716942723214,0.2853004353855901,Benign,0.4168,ambiguous,https://doi.org/10.1101/2022.10.22.513328
R288T,0.88387,0.54354,1.3355023677920723,Neutral,Neutral,,,,,Uncertain,Uncertain,,Uncertain,46.5,,,,clinvar,,False,46.5,,,,neutral,neutral,neutral,DOWN,neutral,neutral,neutral,1478866,Uncertain significance,1,91.31,E,-0.2393,1.1693,-8.9453,loss_of_function,-6.69520116349437,0.9519612209148446,Pathogenic,0.6544,pathogenic,https://doi.org/10.1101/2022.10.22.513328
T289I,-1.1376,-0.93401,-0.2197741349790627,Neutral,Neutral,,,,,,,,,5.3,,,0.556,"cBioPortal,COSMIC",,False,5.3,,,,uncertain,,,UP,neutral,neutral,neutral,,,,92.39,E,-0.3268,0.2374,-22.2332,loss_of_function,-7.07812793082422,0.9652772535093084,Pathogenic,0.9552,pathogenic,https://doi.org/10.1101/2022.10.22.513328
P297H,8.73717,1.16599,-0.2337803042658559,Uncertain,Uncertain,,,,,,,,,3.1,,,0.534,cBioPortal,,True,3.1,,,,neutral,neutral,neutral,UP,neutral,neutral,neutral,,,,92.34,E,-0.3625,0.0421,-22.2361,loss_of_function,-7.32498041630742,0.8765943451470977,Pathogenic,0.9631,pathogenic,https://doi.org/10.1101/2022.10.22.513328
D301Y,4.46002,4.4085,0.7821573272951362,Destabilizing,Uncertain,,,,,Uncertain,Uncertain,,Uncertain,20.5,,,,clinvar,,False,20.5,,,,neutral,neutral,neutral,UP,neutral,neutral,neutral,1477384,Uncertain significance,1,88.15,-,-0.38,0.1481,-22.2361,loss_of_function,-7.04481273038397,0.9551994085423,Pathogenic,0.8731,pathogenic,https://doi.org/10.1101/2022.10.22.513328
K303R,0.16432,-0.09218,-0.3706044570271843,Neutral,Neutral,,,,,Uncertain,Uncertain,,Uncertain,34.6,,,,clinvar,,False,34.6,,,,neutral,neutral,neutral,-,uncertain,uncertain,uncertain,957328,Uncertain significance,1,85.03,H,-0.0487,1.1077,-1.5619,loss_of_function,-0.992376266956821,6.970076038899076e-05,Benign,0.1002,benign,https://doi.org/10.1101/2022.10.22.513328
R305K,0.12637,0.48571,0.8466816269132024,Neutral,Neutral,,,,,Uncertain,Uncertain,,Uncertain,51.7,3.1887755102e-05,8.3174608456e-06,0.09,"cBioPortal,COSMIC,clinvar",,False,51.7,,,,neutral,neutral,neutral,-,uncertain,uncertain,uncertain,2208572,Likely benign,1,86.11,H,-0.106,0.8888,-0.22,loss_of_function,-0.0726251249910917,3.7433229257382194e-12,Benign,0.0617,benign,https://doi.org/10.1101/2022.10.22.513328
V307F,1.06667,0.04456,1.1851850865162783,Neutral,Neutral,,,,,,,,,15.3,,,0.263,cBioPortal,,False,15.3,,,,neutral,neutral,neutral,UP,neutral,neutral,neutral,,,,84.97,H,-0.375,0.577,-22.239,loss_of_function,-4.40401142900001,0.0390614876186197,Benign,0.329,benign,https://doi.org/10.1101/2022.10.22.513328
V307I,-0.60016,0.80816,0.1976611638842634,Neutral,Neutral,,,,,,,,,15.3,3.18938572431e-05,1.21341552201e-05,0.046,cBioPortal,,False,15.3,,,,neutral,neutral,neutral,UP,neutral,neutral,neutral,,,,84.97,H,-0.1362,0.577,-3.1964,loss_of_function,-0.476156425192611,2.1946795462020043e-06,Benign,0.0708,benign,https://doi.org/10.1101/2022.10.22.513328
L308S,2.88191,3.55068,4.17390950515802,Uncertain,Uncertain,,,,,,,,,6.2,,,,clinvar,,False,6.2,,,,neutral,neutral,neutral,DOWN,neutral,neutral,neutral,851109,Uncertain significance,1,89.28,H,-0.446,0.042,-22.2419,loss_of_function,-4.82111102064102,0.2155308410533803,Benign,0.9246,pathogenic,https://doi.org/10.1101/2022.10.22.513328
Y310C,2.10173,2.63844,3.4644071151404874,Uncertain,Uncertain,,,,,,,,,0.8,,,,clinvar,,True,0.8,,,,uncertain,,,DOWN,neutral,neutral,neutral,2109054,Uncertain significance,1,89.23,-,-0.3456,0.1008,-8.9541,loss_of_function,-7.10069773565852,0.9715771909881532,Pathogenic,0.6651,pathogenic,https://doi.org/10.1101/2022.10.22.513328
Y310H,2.15284,1.87449,1.854718343192238,Uncertain,Uncertain,,,,,,,,,0.8,,,0.753,"cBioPortal,COSMIC",,True,0.8,,,,uncertain,,,DOWN,neutral,neutral,neutral,,,,89.23,-,-0.3505,0.1008,-22.2419,loss_of_function,-4.53324378795499,0.8799680718714128,Pathogenic,0.8689,pathogenic,https://doi.org/10.1101/2022.10.22.513328
T311I,1.40234,1.43265,0.0274777733145636,Neutral,Neutral,,,,,Uncertain,Uncertain,,Uncertain,50.1,,,0.312,"cBioPortal,COSMIC",,True,50.1,,,,uncertain,,,UP,neutral,neutral,neutral,,,,87.76,-,-0.2619,0.9429,-22.2419,loss_of_function,-6.55256117965223,0.8032952959420423,Pathogenic,0.7919,pathogenic,https://doi.org/10.1101/2022.10.22.513328
A313T,0.12808,0.01361,0.0509134291329405,Neutral,Neutral,,,,,Uncertain,Uncertain,,Uncertain,92.8,,,,clinvar,,True,92.8,,,,neutral,neutral,neutral,UP,neutral,neutral,neutral,1058095,Uncertain significance,2,86.19,H,-0.0265,2.0273,-3.0,loss_of_function,-0.981991235559033,3.699045857724625e-06,Benign,0.0784,benign,https://doi.org/10.1101/2022.10.22.513328
E314Q,0.5698,1.12925,1.0366880846490605,Neutral,Neutral,,,,,Uncertain,Uncertain,,Uncertain,40.4,,,0.548,"cBioPortal,COSMIC",,True,40.4,,,,neutral,neutral,neutral,UP,neutral,neutral,neutral,,,,89.86,H,-0.2878,0.0589,-22.2419,loss_of_function,-3.22156018904978,0.4298027148759101,Uncertain,0.4042,ambiguous,https://doi.org/10.1101/2022.10.22.513328
S320L,-1.53651,0.42449,-0.3981182860289411,Neutral,Neutral,8e-05,0.59398,-0.034,0.09108,Neutral,Neutral,,,0.8,,,0.37,COSMIC,,True,0.8,,,,uncertain,,,UP,neutral,neutral,neutral,,,,88.0,-,-0.272,0.9342,-22.2419,loss_of_function,-6.10437499065958,0.8347984750788224,Pathogenic,0.3622,ambiguous,https://doi.org/10.1101/2022.10.22.513328
Q323R,-0.39414,2.25102,0.1594889018488327,Uncertain,Neutral,,-0.16304,,-0.27827,Neutral,,,,13.6,,,0.54,cBioPortal,,True,13.6,,,,neutral,neutral,neutral,UP,neutral,neutral,neutral,,,,89.4,G,-0.2063,0.5692,-7.9541,loss_of_function,-5.1482095379415,0.5605070129592549,Uncertain,0.3008,benign,https://doi.org/10.1101/2022.10.22.513328
D329N,2.71638,2.72959,0.9841807297533108,Uncertain,Uncertain,,0.4563,,0.24403,Neutral,,,,0.0,,,0.577,"cBioPortal,COSMIC",,True,0.0,,,,neutral,neutral,neutral,-,uncertain,uncertain,uncertain,,,,92.79,H,-0.3115,0.042,-22.2419,loss_of_function,-3.75642234521859,0.7675910211073895,Pathogenic,0.9452,pathogenic,https://doi.org/10.1101/2022.10.22.513328
M330T,2.31477,2.74524,1.6028330424082309,Uncertain,Uncertain,-0.0012,-0.00982,0.03378,-0.17009,Neutral,Neutral,,,0.9,,,0.39,COSMIC,,True,0.9,,,,neutral,neutral,neutral,DOWN,neutral,neutral,neutral,,,,90.77,H,-0.258,0.3122,-5.3692,loss_of_function,-3.58762031175948,0.5072806786272386,Uncertain,0.312,benign,https://doi.org/10.1101/2022.10.22.513328
R339Q,0.79198,0.50034,0.8305934882905719,Neutral,Neutral,0.08072,,-0.11529,,Uncertain,Neutral,,Uncertain,51.5,,,0.483,"cBioPortal,COSMIC,clinvar",,False,51.5,,,,neutral,neutral,neutral,DOWN,neutral,neutral,neutral,1005613,Uncertain significance,1,89.56,H,-0.287,0.3236,-8.9511,loss_of_function,-4.42160766134956,0.1236987879026398,Benign,0.106,benign,https://doi.org/10.1101/2022.10.22.513328
I341M,-0.99462,-0.88537,0.481362387463447,Neutral,Neutral,-0.3917,,,,Uncertain,Uncertain,,Uncertain,45.6,,,,clinvar,,False,45.6,,,,neutral,neutral,neutral,-,uncertain,uncertain,uncertain,1995072,Uncertain significance,1,92.57,H,-0.1087,1.099,-1.2022,loss_of_function,-0.336174065834085,4.86193926553393e-08,Benign,0.0492,benign,https://doi.org/10.1101/2022.10.22.513328
I341N,1.95937,0.47245,1.510516486772944,Neutral,Neutral,0.45298,,0.33568,,Uncertain,Neutral,,Uncertain,45.6,,,0.388,cBioPortal,,False,45.6,,,,neutral,neutral,neutral,DOWN,neutral,neutral,neutral,,,,92.57,H,-0.3623,1.099,-22.2448,loss_of_function,-4.65815361711257,0.8752543616520333,Pathogenic,0.6518,pathogenic,https://doi.org/10.1101/2022.10.22.513328
E345K,0.12739,0.97857,0.0142821032198553,Neutral,Neutral,0.0177,,0.02509,,Uncertain,Neutral,,Uncertain,60.3,,,0.517,COSMIC,,False,60.3,,,,neutral,neutral,neutral,UP,neutral,neutral,neutral,,,,89.31,E,-0.2403,0.3758,-8.9541,loss_of_function,-4.55650402996742,0.2945479586114313,Benign,0.4569,ambiguous,https://doi.org/10.1101/2022.10.22.513328
S346N,6.06248,2.2034,-0.6471987655780742,Uncertain,Uncertain,,,,,,,,,2.8,,,0.414,cBioPortal,,False,2.8,,,,uncertain,,,UP,neutral,neutral,neutral,,,,88.34,E,-0.2765,0.2855,-22.2419,loss_of_function,-4.3913627144317,0.0860834431029111,Benign,0.5377,ambiguous,https://doi.org/10.1101/2022.10.22.513328
M348V,1.24028,-0.35136,-0.2225644562857087,Neutral,Neutral,,-0.04304,,-0.06132,Neutral,Uncertain,,Uncertain,67.0,,5.91482649842e-05,0.141,"cBioPortal,COSMIC,clinvar",,False,67.0,,,,neutral,neutral,neutral,DOWN,neutral,neutral,neutral,1052573,Uncertain significance,1,89.64,E,-0.1476,1.4744,-8.9541,loss_of_function,-2.36335895074105,0.0011479407084021,Benign,0.1499,benign,https://doi.org/10.1101/2022.10.22.513328
R352Q,1.34847,0.94116,1.0065500329396833,Neutral,Neutral,,-0.00376,,-0.24215,Neutral,,,,16.4,,4.5282061964e-06,0.679,"cBioPortal,COSMIC",,True,16.4,,,,neutral,neutral,neutral,DOWN,neutral,neutral,neutral,,,,95.48,E,-0.3827,0.0211,-22.239,loss_of_function,-7.60081107434896,0.984262459066784,Pathogenic,0.6612,pathogenic,https://doi.org/10.1101/2022.10.22.513328
R352W,11.684,-0.55102,0.0425828839208181,Uncertain,Uncertain,,0.1273,,-0.09827,Neutral,,,,16.4,6.38325035108e-05,4.13272475135e-05,0.797,"COSMIC,clinvar",,True,16.4,,,,neutral,neutral,neutral,UP,neutral,neutral,neutral,1917574,Uncertain significance,2,95.48,E,-0.4257,0.0211,-22.239,loss_of_function,-7.05211576621771,0.9823876426726404,Pathogenic,0.8554,pathogenic,https://doi.org/10.1101/2022.10.22.513328
K356E,1.63995,2.17041,0.7867389089899757,Uncertain,Neutral,,,,,Uncertain,Uncertain,,Uncertain,41.8,,,,clinvar,,False,41.8,,,,neutral,neutral,neutral,DOWN,neutral,neutral,neutral,2080790,Uncertain significance,1,89.62,T,-0.3352,0.1323,-22.2419,loss_of_function,-5.70460020880409,0.9393863350748202,Pathogenic,0.5523,ambiguous,https://doi.org/10.1101/2022.10.22.513328
K356R,-0.43743,0.6949,0.0057880955999889,Neutral,Neutral,,,,,Uncertain,Uncertain,,Uncertain,41.8,,,0.263,cBioPortal,,False,41.8,,,,neutral,neutral,neutral,-,uncertain,uncertain,uncertain,,,,89.62,T,-0.163,0.1323,-6.3692,loss_of_function,-1.50268105759728,0.0058547453828648,Benign,0.0986,benign,https://doi.org/10.1101/2022.10.22.513328
N357S,0.56376,0.49422,0.4078587082193902,Neutral,Neutral,,0.0,,-0.13934,Neutral,Uncertain,,Uncertain,91.0,,,,clinvar,,False,91.0,,,,neutral,neutral,neutral,DOWN,neutral,neutral,neutral,956062,Uncertain significance,1,86.14,T,0.0717,2.9706,-3.1993,gain_of_function,-0.385742265851591,3.11400490125814e-08,Benign,0.0849,benign,https://doi.org/10.1101/2022.10.22.513328
N357T,0.82092,0.10918,0.40269003715383,Neutral,Neutral,,0.0,,0.01381,Neutral,Uncertain,,Uncertain,91.0,,,,clinvar,,False,91.0,,,,neutral,neutral,neutral,-,uncertain,uncertain,uncertain,1002056,Uncertain significance,1,86.14,T,0.0189,2.9706,-3.8249,gain_of_function,-0.592560789122424,3.0966475929532874e-08,Benign,0.1024,benign,https://doi.org/10.1101/2022.10.22.513328
R359Q,0.20847,0.82279,0.3469859222690269,Neutral,Neutral,,0.08866,,0.13445,Neutral,Uncertain,,Uncertain,74.4,,,,clinvar,,True,74.4,,,,neutral,neutral,neutral,DOWN,neutral,neutral,neutral,863109,Uncertain significance,1,87.98,-,-0.0885,2.2967,-5.6323,loss_of_function,-1.2288475587237,5.54858388388656e-06,Benign,0.0802,benign,https://doi.org/10.1101/2022.10.22.513328
W362S,4.78853,4.8068,7.403086729597274,Destabilizing,Destabilizing,,,,,,,,,7.4,,,,clinvar,,True,7.4,,,,neutral,neutral,neutral,DOWN,neutral,neutral,neutral,1956244,Uncertain significance,1,92.35,E,-0.5709,0.042,-22.2419,loss_of_function,-7.68202087295135,0.9846531963403148,Pathogenic,0.9443,pathogenic,https://doi.org/10.1101/2022.10.22.513328
N366D,1.83665,1.38163,0.7586275885288768,Neutral,Neutral,,,,,Uncertain,Uncertain,,Uncertain,40.1,,4.0188080215e-06,0.406,COSMIC,,True,40.1,,,,neutral,neutral,neutral,-,uncertain,uncertain,uncertain,,,,92.39,E,-0.2927,0.4284,-22.2419,loss_of_function,-3.00477179524033,0.2334663161648083,Benign,0.4193,ambiguous,https://doi.org/10.1101/2022.10.22.513328
N366K,-0.06826,0.20612,0.384460022219435,Neutral,Neutral,,,,,Uncertain,Uncertain,,Uncertain,40.1,,,0.171,cBioPortal,,True,40.1,,,,neutral,neutral,neutral,UP,neutral,neutral,neutral,,,,92.39,E,-0.2249,0.4284,-8.9541,loss_of_function,-4.77806664811536,0.911960618456658,Pathogenic,0.4944,ambiguous,https://doi.org/10.1101/2022.10.22.513328
R368C,1.04561,1.01156,1.1286965215532505,Neutral,Neutral,,,,,Uncertain,Uncertain,,Uncertain,71.3,,,0.413,"cBioPortal,COSMIC",,True,71.3,,,,neutral,neutral,neutral,DOWN,neutral,neutral,neutral,,,,92.27,E,-0.3575,0.666,-22.2419,loss_of_function,-6.78616097518796,0.9493800957819184,Pathogenic,0.3109,benign,https://doi.org/10.1101/2022.10.22.513328
R368H,0.32424,0.42279,0.304218651294999,Neutral,Neutral,,,,,Uncertain,Uncertain,,Uncertain,71.3,,8.0170603043e-06,0.347,"cBioPortal,COSMIC",,True,71.3,,,,neutral,neutral,neutral,DOWN,neutral,neutral,neutral,,,,92.27,E,-0.2454,0.666,-7.9541,loss_of_function,-4.36366074853508,0.1186101755873159,Benign,0.171,benign,https://doi.org/10.1101/2022.10.22.513328
D377N,-0.35921,-0.97653,0.2720995870732845,Neutral,Neutral,,,,,Uncertain,Uncertain,,Uncertain,46.1,,,0.447,cBioPortal,,True,46.1,,,,neutral,neutral,neutral,-,uncertain,uncertain,uncertain,,,,91.69,E,-0.239,0.8305,-22.239,loss_of_function,-4.24467244249436,0.8852504959581287,Pathogenic,0.2633,benign,https://doi.org/10.1101/2022.10.22.513328
D377Y,-0.52407,-1.38061,0.0620874170229135,Neutral,Neutral,,,,,Uncertain,Uncertain,,Uncertain,46.1,,,0.615,cBioPortal,,True,46.1,,,,neutral,neutral,neutral,UP,neutral,neutral,neutral,,,,91.69,E,-0.3173,0.8305,-22.239,loss_of_function,-7.07292400631107,0.957301850721582,Pathogenic,0.5862,pathogenic,https://doi.org/10.1101/2022.10.22.513328
Y378H,2.593,1.11769,1.6177448380854202,Uncertain,Uncertain,,,,,,,,,11.8,,,0.426,"cBioPortal,COSMIC",,True,11.8,,,,uncertain,,,DOWN,neutral,neutral,neutral,,,,93.51,E,-0.166,1.3692,-8.9541,loss_of_function,-3.56904806609738,0.1022534852885647,Benign,0.2784,benign,https://doi.org/10.1101/2022.10.22.513328
I380V,1.49516,0.58537,1.074908158559016,Neutral,Neutral,,,,,,,,,7.6,,,,clinvar,,True,7.6,,,,neutral,neutral,neutral,DOWN,neutral,neutral,neutral,1967634,Uncertain significance,1,94.01,E,-0.0986,0.7919,-2.6144,loss_of_function,-2.10183410773091,0.0013364940342186,Benign,0.0885,benign,https://doi.org/10.1101/2022.10.22.513328
Q383H,4.0072,-0.52551,1.049888946024944,Uncertain,Uncertain,,,,,,,,,5.5,,,0.238,"cBioPortal,COSMIC",,True,5.5,,,,neutral,neutral,neutral,UP,neutral,neutral,neutral,,,,92.97,E,-0.2181,0.1635,-8.9541,loss_of_function,-4.45879146187692,0.0017658853347628,Benign,0.6002,pathogenic,https://doi.org/10.1101/2022.10.22.513328
R384K,1.21436,1.28946,1.0020406839942635,Neutral,Neutral,,0.03052,,-0.28895,Neutral,Uncertain,,Uncertain,29.5,,,0.546,"cBioPortal,COSMIC",,True,29.5,,,,neutral,neutral,neutral,-,uncertain,uncertain,uncertain,,,,88.59,E,-0.1434,0.6412,-3.0962,loss_of_function,-1.99973847985317,0.0001846683600685,Benign,0.1988,benign,https://doi.org/10.1101/2022.10.22.513328
L386V,3.66492,1.36259,2.13606934602352,Uncertain,Uncertain,,0.02326,,0.01993,Neutral,,,,0.1,,,,clinvar,,True,0.1,,,,neutral,neutral,neutral,DOWN,neutral,neutral,neutral,965900,Uncertain significance,1,84.1,-,-0.3094,0.2231,-22.2419,loss_of_function,-3.91441784581006,0.5832005379783116,Uncertain,0.1905,benign,https://doi.org/10.1101/2022.10.22.513328
T387I,0.57458,0.83299,-0.0651768043833361,Neutral,Neutral,,-0.24316,,0.22685,Neutral,Uncertain,,Uncertain,23.4,,,0.182,"cBioPortal,COSMIC,clinvar",,True,23.4,,,,uncertain,,,UP,neutral,neutral,neutral,1965097,Uncertain significance,1,82.98,-,-0.057,2.2579,-5.7843,loss_of_function,-1.96012271001446,0.0332487553654164,Benign,0.482,ambiguous,https://doi.org/10.1101/2022.10.22.513328
E389D,0.13281,0.1034,0.3938255781868321,Neutral,Neutral,,-0.03686,,0.44285,Neutral,Uncertain,,Uncertain,91.0,,,0.239,"cBioPortal,COSMIC",,True,91.0,,,,neutral,neutral,neutral,DOWN,neutral,neutral,neutral,,,,79.22,H,-0.1157,0.9882,-6.6235,loss_of_function,-2.14596282329489,0.0004347798535085,Benign,0.188,benign,https://doi.org/10.1101/2022.10.22.513328
E389K,-0.10504,0.10306,0.3405342327087118,Neutral,Neutral,,-1.37626,,0.4249,Uncertain,Uncertain,,Uncertain,91.0,,,0.438,COSMIC,,True,91.0,,,,neutral,neutral,neutral,UP,neutral,neutral,neutral,,,,79.22,H,-0.1737,0.9882,-6.9454,loss_of_function,-3.61670446969841,0.0078701839772145,Benign,0.1184,benign,https://doi.org/10.1101/2022.10.22.513328
G391E,29.98622,13.30646,6.937759638028133,Destabilizing,Destabilizing,,-0.16364,,-0.16382,Neutral,,,,0.0,,3.9869546843e-06,0.471,"cBioPortal,COSMIC",,True,0.0,,,,neutral,neutral,neutral,UP,neutral,neutral,neutral,,,,84.93,H,-0.4413,0.0211,-22.2361,loss_of_function,-4.86799967351587,0.7222131771546153,Pathogenic,0.9803,pathogenic,https://doi.org/10.1101/2022.10.22.513328
G391V,21.99418,7.94082,4.744119105866374,Destabilizing,Destabilizing,,-0.01196,,0.23658,Neutral,,,,0.0,,,0.493,"cBioPortal,COSMIC",,True,0.0,,,,neutral,neutral,neutral,UP,neutral,neutral,neutral,,,,84.93,H,-0.4685,0.0211,-22.2361,loss_of_function,-6.02151141196673,0.9465633197081802,Pathogenic,0.9617,pathogenic,https://doi.org/10.1101/2022.10.22.513328
E393G,1.01858,1.65612,0.8378587537301265,Neutral,Neutral,,-0.04088,,0.81741,Neutral,Uncertain,,Uncertain,37.2,,,0.474,COSMIC,,True,37.2,,,,neutral,neutral,neutral,DOWN,neutral,neutral,neutral,,,,84.85,H,-0.3117,0.3772,-22.2361,loss_of_function,-6.96482808260288,0.9511024073159512,Pathogenic,0.3348,benign,https://doi.org/10.1101/2022.10.22.513328
E393K,-0.27647,0.52755,0.1156255096807679,Neutral,Neutral,,0.93626,,0.1749,Neutral,Uncertain,,Uncertain,37.2,,,0.444,"cBioPortal,COSMIC",,True,37.2,,,,neutral,neutral,neutral,UP,neutral,neutral,neutral,,,,84.85,H,-0.232,0.3772,-7.3634,loss_of_function,-4.12657969475851,0.6855712317786065,Pathogenic,0.3885,ambiguous,https://doi.org/10.1101/2022.10.22.513328
H394Y,-0.8558,-0.76565,-0.1511308326202259,Neutral,Neutral,,-1.19672,,-0.63395,Uncertain,Uncertain,,Uncertain,43.5,,,0.282,cBioPortal,,True,43.5,,,,neutral,neutral,neutral,UP,neutral,neutral,neutral,,,,86.6,H,-0.0599,1.2334,-3.5221,loss_of_function,-1.81916894674654,0.0006718594904912,Benign,0.0844,benign,https://doi.org/10.1101/2022.10.22.513328
R396Q,-0.1418,0.10034,0.9759793676450016,Neutral,Neutral,,0.33296,,0.26237,Neutral,Uncertain,,Uncertain,65.0,,1.19485733403e-05,0.043,cBioPortal,,True,65.0,,,,neutral,neutral,neutral,DOWN,neutral,neutral,neutral,,,,84.36,H,-0.1812,1.171,-3.4889,loss_of_function,-1.2468163350502,3.289515495537889e-07,Benign,0.0632,benign,https://doi.org/10.1101/2022.10.22.513328
R398Q,0.60219,1.16871,1.1838094688767635,Neutral,Neutral,,-0.0205,,-0.06878,Neutral,Uncertain,,Uncertain,28.9,,,0.348,"cBioPortal,COSMIC,clinvar",,True,28.9,,,,neutral,neutral,neutral,DOWN,neutral,neutral,neutral,1439528,Uncertain significance,1,82.32,H,-0.311,0.0632,-8.9482,loss_of_function,-5.58559016974303,0.3344057305106391,Uncertain,0.3455,ambiguous,https://doi.org/10.1101/2022.10.22.513328
T400M,0.10078,0.54184,-0.196052933210914,Neutral,Neutral,,1.42362,,0.26522,Uncertain,Uncertain,,Uncertain,67.2,3.19081046586e-05,7.960199005e-06,0.071,"cBioPortal,COSMIC,clinvar",,True,67.2,,,,uncertain,,,UP,neutral,neutral,neutral,1346465,Uncertain significance,1,57.77,T,-0.1001,1.726,-0.9427,loss_of_function,0.614060233070598,1.7187694251196448e-12,Benign,0.0541,benign,https://doi.org/10.1101/2022.10.22.513328
T400R,-0.13538,0.29388,-0.223631002501658,Neutral,Neutral,,3.53762,,0.5454,Uncertain,Uncertain,,Uncertain,67.2,,,,clinvar,,True,67.2,,,,uncertain,,,UP,neutral,neutral,neutral,1036509,Uncertain significance,1,57.77,T,-0.174,1.726,-7.3634,loss_of_function,-2.37642518776131,8.628138868436723e-06,Benign,0.081,benign,https://doi.org/10.1101/2022.10.22.513328
G409R,1.4905,1.57381,0.9386477013597646,Neutral,Neutral,3.32848,-0.72002,-0.66302,-0.60857,Neutral,Uncertain,,Uncertain,130.2,,,0.548,"cBioPortal,COSMIC",,True,130.2,,,,neutral,neutral,neutral,UP,neutral,neutral,neutral,,,,39.66,-,-0.3904,0.0212,-8.9394,loss_of_function,-5.2521715083612,0.1910251740979062,Benign,0.8107,pathogenic,https://doi.org/10.1101/2022.10.22.513328
E415K,0.49431,0.22653,0.0718275432966447,Neutral,Neutral,-0.78386,,0.36673,,Uncertain,Neutral,,Uncertain,105.5,,,,clinvar,,False,105.5,,,,neutral,neutral,neutral,UP,neutral,neutral,neutral,962570,Uncertain significance,1,32.49,-,-0.0866,1.9515,-7.2542,loss_of_function,-2.96026422488504,0.0922155847103294,Benign,0.1602,benign,https://doi.org/10.1101/2022.10.22.513328
A416G,-0.20769,1.49218,0.2781977513816847,Neutral,Neutral,-0.35734,,,,Uncertain,Uncertain,,Uncertain,106.8,,,,clinvar,,False,106.8,,,,neutral,neutral,neutral,DOWN,neutral,neutral,neutral,2135906,Uncertain significance,1,38.67,-,-0.0082,2.6456,-6.0804,loss_of_function,-1.38207855706884,1.1985627658777554e-07,Benign,0.091,benign,https://doi.org/10.1101/2022.10.22.513328
A416T,-0.03306,1.25374,-0.2007998260536708,Neutral,Neutral,-0.12268,,0.11852,,Uncertain,Neutral,,Uncertain,106.8,,,,clinvar,,False,106.8,,,,neutral,neutral,neutral,UP,neutral,neutral,neutral,1378461,Uncertain significance,1,38.67,-,0.035,2.6456,-2.0804,gain_of_function,-0.281917465938879,1.5503141001920712e-09,Benign,0.0655,benign,https://doi.org/10.1101/2022.10.22.513328
P419S,1.12339,2.42449,-0.4681349353225689,Uncertain,Neutral,,,,,Uncertain,Uncertain,,Uncertain,83.8,,,,clinvar,,False,83.8,,,,neutral,neutral,neutral,DOWN,neutral,neutral,neutral,2107280,Uncertain significance,1,32.26,S,-0.1295,1.1763,-4.676,loss_of_function,-1.31176223727544,7.202511273086736e-08,Benign,0.0872,benign,https://doi.org/10.1101/2022.10.22.513328
P419T,2.91727,2.69524,-0.2380662397546307,Uncertain,Uncertain,,,,,Uncertain,Uncertain,,Uncertain,83.8,,,,clinvar,,False,83.8,,,,neutral,neutral,neutral,-,uncertain,uncertain,uncertain,2147677,Uncertain significance,1,32.26,S,-0.1426,1.1763,-4.8686,loss_of_function,-1.34167483335762,2.573875370959064e-05,Benign,0.0756,benign,https://doi.org/10.1101/2022.10.22.513328
P421L,0.44842,1.42245,-0.7106750425260755,Neutral,Neutral,0.92478,,-0.0569,,Uncertain,Neutral,,Uncertain,87.3,,,0.111,COSMIC,,False,87.3,,,,neutral,neutral,neutral,UP,neutral,neutral,destabilizing,,,,31.42,-,-0.0752,2.2573,-3.9206,loss_of_function,-0.622535033901374,8.463722750357262e-08,Benign,0.0901,benign,https://doi.org/10.1101/2022.10.22.513328
I423V,0.13521,0.82789,0.4108255283807721,Neutral,Neutral,0.26682,,-0.06296,,Uncertain,Neutral,,Uncertain,96.6,,,,clinvar,,False,96.6,,,,neutral,neutral,neutral,DOWN,neutral,neutral,neutral,1481134,Uncertain significance,1,33.7,-,0.0668,2.6218,-3.1985,gain_of_function,-0.293658920380243,3.5313996343212087e-09,Benign,0.0593,benign,https://doi.org/10.1101/2022.10.22.513328
P426L,0.24782,0.83707,-0.716094865313977,Neutral,Neutral,-0.00072,,-0.0216,,Uncertain,Neutral,,Uncertain,85.8,,,0.143,"cBioPortal,COSMIC",,False,85.8,,,,neutral,neutral,neutral,UP,neutral,neutral,neutral,,,,33.84,-,-0.0653,2.4149,-4.811,loss_of_function,-1.12574289529019,0.0001871322165541,Benign,0.0969,benign,https://doi.org/10.1101/2022.10.22.513328
P426S,0.80137,1.23027,0.0625883305909441,Neutral,Neutral,0.00138,,-0.07141,,Uncertain,Neutral,,Uncertain,85.8,,,0.082,"cBioPortal,COSMIC",,False,85.8,,,,neutral,neutral,neutral,DOWN,neutral,neutral,neutral,,,,33.84,-,-0.0044,2.4149,-2.4891,loss_of_function,-0.257121908411449,3.377837435462036e-06,Benign,0.0806,benign,https://doi.org/10.1101/2022.10.22.513328
P428Q,0.33896,0.78844,-0.1713707363537842,Neutral,Neutral,,,,,Uncertain,Uncertain,,Uncertain,82.3,,,,clinvar,,False,82.3,,,,neutral,neutral,neutral,UP,neutral,neutral,neutral,1496234,Uncertain significance,1,34.74,-,-0.022,2.4651,-1.2155,loss_of_function,-0.356564585382313,7.434186914075621e-10,Benign,0.1065,benign,https://doi.org/10.1101/2022.10.22.513328
P428S,0.38315,1.10068,-0.2229694406133797,Neutral,Neutral,,,,,Uncertain,Uncertain,,Uncertain,82.3,,,,clinvar,,False,82.3,,,,neutral,neutral,neutral,DOWN,neutral,neutral,neutral,1523275,Uncertain significance,1,34.74,-,-0.0078,2.4651,-4.0635,loss_of_function,-0.419272556191702,2.2029449808121663e-06,Benign,0.1051,benign,https://doi.org/10.1101/2022.10.22.513328
T431I,-0.33689,-0.25612,-0.2459540368283824,Neutral,Neutral,,,,,Uncertain,Uncertain,,Uncertain,99.9,,,,clinvar,,False,99.9,,,,uncertain,,,UP,neutral,neutral,destabilizing,862598,Uncertain significance,1,29.84,-,0.0484,3.3845,-5.4462,gain_of_function,-1.00017233612297,1.913671874872509e-07,Benign,0.1182,benign,https://doi.org/10.1101/2022.10.22.513328
K432T,0.54486,0.82177,-0.0937195088073922,Neutral,Neutral,,,,,Uncertain,Uncertain,,Uncertain,98.8,,,0.211,cBioPortal,,False,98.8,,,,neutral,neutral,neutral,DOWN,neutral,neutral,neutral,,,,37.71,-,-0.0608,2.2482,-7.1799,loss_of_function,-2.20571725568608,8.186353928288691e-05,Benign,0.127,benign,https://doi.org/10.1101/2022.10.22.513328
G437A,0.20686,0.46429,-0.2760915967353577,Neutral,Neutral,,,,,Uncertain,Uncertain,,Uncertain,97.6,6.37145587767e-05,5.96502111617e-05,0.017,"cBioPortal,COSMIC,clinvar",,False,97.6,,,,neutral,neutral,neutral,UP,neutral,neutral,destabilizing,1037113,Uncertain significance,1,37.66,-,-0.0212,2.9116,-3.7142,loss_of_function,-0.67384890108106,,,0.0886,benign,https://doi.org/10.1101/2022.10.22.513328
G437E,-0.01868,0.73061,-0.4408912432457812,Neutral,Neutral,,,,,Uncertain,Uncertain,,Uncertain,97.6,,,0.075,cBioPortal,,False,97.6,,,,neutral,neutral,neutral,UP,neutral,neutral,destabilizing,,,,37.66,-,-0.0945,2.9116,-6.3923,loss_of_function,-0.547727014769902,,,0.0946,benign,https://doi.org/10.1101/2022.10.22.513328
G437V,0.89927,1.15544,-0.160547850064065,Neutral,Neutral,,,,,Uncertain,Uncertain,,Uncertain,97.6,,,0.082,"cBioPortal,COSMIC",,False,97.6,,,,neutral,neutral,neutral,UP,neutral,neutral,destabilizing,,,,37.66,-,-0.1203,2.9116,-6.1293,loss_of_function,-1.48689028534978,,,0.1023,benign,https://doi.org/10.1101/2022.10.22.513328
K438E,-0.27095,1.01293,-0.072893645110531,Neutral,Neutral,,,,,Uncertain,Uncertain,,Uncertain,92.9,,,,clinvar,,False,92.9,,,,neutral,neutral,neutral,DOWN,neutral,neutral,neutral,864456,Uncertain significance,1,37.0,-,-0.0461,2.3972,-6.4229,loss_of_function,-0.796879152814872,,,0.0977,benign,https://doi.org/10.1101/2022.10.22.513328
S440Y,-2.34644,-0.80544,0.0613045300875531,Uncertain,Uncertain,,,,,Uncertain,Uncertain,,Uncertain,83.9,3.1843077315e-05,0.0001590672297647,0.071,"cBioPortal,clinvar",P,False,83.9,0.631,,,uncertain,uncertain,uncertain,UP,neutral,neutral,neutral,1465047,Uncertain significance,1,36.15,-,-0.0885,2.9734,-21.9847,loss_of_function,-2.09344636000214,,,0.0755,benign,https://doi.org/10.1101/2022.10.22.513328
A441T,1.91777,0.88061,0.2289862851161828,Neutral,Neutral,,,,,Uncertain,Uncertain,,Uncertain,86.3,,,,clinvar,,True,86.3,,,,neutral,neutral,neutral,UP,neutral,neutral,neutral,1501975,Uncertain significance,1,33.6,-,0.097,3.5253,-5.8037,gain_of_function,-0.222436098670288,,,0.0673,benign,https://doi.org/10.1101/2022.10.22.513328
T443I,0.01719,0.11122,-0.4589485507138241,Neutral,Neutral,,,,,Uncertain,Uncertain,,Uncertain,104.1,,,,clinvar,,True,104.1,,,,uncertain,,,UP,neutral,neutral,neutral,1365528,Uncertain significance,1,27.91,-,0.0513,3.4827,-6.6617,gain_of_function,-1.09397778815005,8.84540575279332e-05,Benign,0.0875,benign,https://doi.org/10.1101/2022.10.22.513328
T445A,0.16984,0.42653,0.0849703927743744,Neutral,Neutral,,,,,Uncertain,Uncertain,,Uncertain,108.6,,,0.038,"cBioPortal,COSMIC",,True,108.6,,,,uncertain,,,DOWN,neutral,neutral,neutral,,,,31.07,-,0.092,3.5351,-4.6893,gain_of_function,-0.104980081678239,2.370109326234305e-08,Benign,0.062,benign,https://doi.org/10.1101/2022.10.22.513328
T445I,0.01829,-0.09252,-0.4199547480564258,Neutral,Neutral,,,,,Uncertain,Uncertain,,Uncertain,108.6,,,0.099,"cBioPortal,COSMIC",,True,108.6,,,,uncertain,,,UP,neutral,neutral,neutral,,,,31.07,-,0.0594,3.5351,-6.0112,gain_of_function,-0.9871792142983,5.175644134776383e-06,Benign,0.0868,benign,https://doi.org/10.1101/2022.10.22.513328
K448N,0.12153,-0.2983,-0.1676818296643029,Neutral,Neutral,,,,,Uncertain,Uncertain,,Uncertain,111.0,,,0.031,cBioPortal,,False,111.0,,,,neutral,neutral,neutral,DOWN,neutral,neutral,neutral,,,,35.86,-,0.0156,2.8611,-4.0064,gain_of_function,-0.401891462865299,5.058586146810289e-07,Benign,0.1293,benign,https://doi.org/10.1101/2022.10.22.513328
D449E,0.38481,0.02313,-0.0145587314959305,Neutral,Neutral,,,,,Uncertain,Uncertain,,Uncertain,92.4,,1.59062169449e-05,0.049,cBioPortal,,False,92.4,,,,neutral,neutral,neutral,UP,neutral,neutral,destabilizing,,,,44.73,-,0.0343,2.5112,-3.2637,gain_of_function,-0.0919310589727228,5.7651068424490594e-11,Benign,0.0995,benign,https://doi.org/10.1101/2022.10.22.513328
D449G,0.84813,0.90034,0.7693926327402045,Neutral,Neutral,,,,,Uncertain,Uncertain,,Uncertain,92.4,,,,clinvar,,False,92.4,,,,neutral,neutral,neutral,DOWN,neutral,neutral,neutral,1363208,Uncertain significance,1,44.73,-,-0.038,2.5112,-4.4563,loss_of_function,-0.726596919775941,3.766785913601906e-08,Benign,0.0836,benign,https://doi.org/10.1101/2022.10.22.513328
L451F,0.60308,0.22755,0.7489966229054917,Neutral,Neutral,,,,,Uncertain,Uncertain,,Uncertain,56.1,,3.9767440011e-06,0.057,"cBioPortal,COSMIC",,False,56.1,,,,neutral,neutral,neutral,UP,neutral,neutral,neutral,,,,57.81,-,-0.0818,1.9949,-5.0722,loss_of_function,-0.854843648842098,1.7065712433327866e-07,Benign,0.0816,benign,https://doi.org/10.1101/2022.10.22.513328
L451I,1.08167,0.64898,0.8777347864654225,Neutral,Neutral,,,,,Uncertain,Uncertain,,Uncertain,56.1,,,0.057,COSMIC,,False,56.1,,,,neutral,neutral,neutral,-,uncertain,uncertain,uncertain,,,,57.81,-,-0.0134,1.9949,-3.2946,loss_of_function,-0.788887709051571,4.083376273483964e-09,Benign,0.076,benign,https://doi.org/10.1101/2022.10.22.513328
L451P,0.71511,1.31939,3.644595459685489,Neutral,Uncertain,,,,,Uncertain,Uncertain,,Uncertain,56.1,,,0.051,COSMIC,,False,56.1,,,,neutral,neutral,neutral,DOWN,neutral,neutral,neutral,,,,57.81,-,-0.238,1.9949,-6.2946,loss_of_function,-1.22913298696949,0.0001106414193718,Benign,0.079,benign,https://doi.org/10.1101/2022.10.22.513328
P453L,1.27228,1.8915,-0.7759155589352179,Neutral,Neutral,,,,,Uncertain,Uncertain,,Uncertain,72.7,,,0.422,cBioPortal,,False,72.7,,,,neutral,neutral,neutral,UP,neutral,neutral,neutral,,,,58.45,T,-0.3509,0.2745,-22.1976,loss_of_function,-6.44809653996686,0.0073490169892561,Benign,0.1625,benign,https://doi.org/10.1101/2022.10.22.513328
S455F,-0.1912,0.81735,-0.550841710391225,Neutral,Neutral,,,,,Uncertain,Uncertain,,Uncertain,51.6,,3.9766491164e-06,0.446,cBioPortal,,False,51.6,,,,uncertain,,,UP,neutral,neutral,neutral,,,,72.04,S,-0.3495,0.0969,-22.2125,loss_of_function,-5.15379626855169,0.7570719043180171,Pathogenic,0.5689,pathogenic,https://doi.org/10.1101/2022.10.22.513328
A459S,0.45804,1.84252,1.4145489976026588,Neutral,Neutral,,,,,,,,,0.4,,,,clinvar,,False,0.4,,,,neutral,neutral,neutral,-,uncertain,uncertain,uncertain,1937066,Uncertain significance,2,74.16,H,-0.0575,1.6059,-2.6394,loss_of_function,-0.478383775222759,2.1734656150094143e-06,Benign,0.0988,benign,https://doi.org/10.1101/2022.10.22.513328
M460R,1.52101,1.3966,0.9898271298249932,Neutral,Neutral,,,,,Uncertain,Uncertain,,Uncertain,47.8,,,0.162,"cBioPortal,COSMIC",,False,47.8,,,,neutral,neutral,neutral,UP,neutral,neutral,neutral,,,,69.95,H,-0.2388,1.9531,-7.9247,loss_of_function,-2.53505537741826,0.002504947803011,Benign,0.3254,benign,https://doi.org/10.1101/2022.10.22.513328
M461T,1.38855,0.37041,0.7431944056813583,Neutral,Neutral,,,,,Uncertain,Uncertain,,Uncertain,69.3,,,,clinvar,,False,69.3,,,,neutral,neutral,neutral,DOWN,neutral,neutral,neutral,2120324,Uncertain significance,1,71.03,T,-0.1538,1.5545,-7.3398,loss_of_function,-2.07092205498168,6.242870707776216e-05,Benign,0.208,benign,https://doi.org/10.1101/2022.10.22.513328
Q462K,-0.27005,1.18095,-0.2864067499536521,Neutral,Neutral,,,,,Uncertain,Uncertain,,Uncertain,47.9,,,0.059,"cBioPortal,COSMIC",,False,47.9,,,,neutral,neutral,neutral,UP,neutral,neutral,neutral,,,,71.12,T,-0.0193,2.3181,-2.5643,loss_of_function,-0.658254542009767,2.8071308906642343e-09,Benign,0.0727,benign,https://doi.org/10.1101/2022.10.22.513328
Q463L,-0.7643,-0.65544,-1.1581179491201503,Neutral,Neutral,,,,,,,,,5.6,,,0.577,cBioPortal,,False,5.6,,,,neutral,neutral,neutral,UP,neutral,neutral,neutral,,,,68.66,S,-0.3148,0.0427,-22.2125,loss_of_function,-7.531540912098,0.8191425315256624,Pathogenic,0.5323,ambiguous,https://doi.org/10.1101/2022.10.22.513328
E465D,0.33965,0.47381,0.2608536106988313,Neutral,Neutral,,,,,Uncertain,Uncertain,,Uncertain,97.8,,,,clinvar,,False,97.8,,,,neutral,neutral,neutral,DOWN,neutral,neutral,neutral,1517281,Uncertain significance,1,65.35,G,-0.0035,2.2247,-6.9248,loss_of_function,-1.65001120602505,0.0003067198444437,Benign,0.1695,benign,https://doi.org/10.1101/2022.10.22.513328
S466F,0.79298,0.11088,-0.1271166721755723,Neutral,Neutral,,,,,Uncertain,Uncertain,,Uncertain,74.0,,,0.366,cBioPortal,,False,74.0,,,,uncertain,,,UP,neutral,neutral,neutral,,,,68.45,G,-0.2472,1.2087,-22.2096,loss_of_function,-6.02892221103823,0.2176266882049003,Benign,0.3093,benign,https://doi.org/10.1101/2022.10.22.513328
Y470C,-0.00471,2.23844,0.9363171378926096,Uncertain,Neutral,,,,,Uncertain,Uncertain,,Uncertain,97.1,,,,clinvar,,True,97.1,,,,uncertain,,,DOWN,neutral,neutral,neutral,1434513,Uncertain significance,1,37.7,-,-0.0584,2.8119,-1.5478,loss_of_function,0.274402474473151,4.3083932944744015e-16,Benign,0.0593,benign,https://doi.org/10.1101/2022.10.22.513328
Y470S,0.26533,2.70136,0.6140470658890745,Uncertain,Neutral,,,,,Uncertain,Uncertain,,Uncertain,97.1,,,,clinvar,,True,97.1,,,,uncertain,,,DOWN,neutral,neutral,neutral,2109558,Uncertain significance,1,37.7,-,-0.1012,2.8119,-3.2605,loss_of_function,-0.0704175006554785,5.003017108926777e-13,Benign,0.0882,benign,https://doi.org/10.1101/2022.10.22.513328
P471A,0.07013,1.8085,0.0230984897151048,Neutral,Neutral,,,,,Uncertain,Uncertain,,Uncertain,86.4,,1.98837200054e-05,0.231,cBioPortal,,True,86.4,,,,neutral,neutral,neutral,DOWN,neutral,neutral,neutral,,,,38.93,-,-0.1261,1.3691,-7.4136,loss_of_function,-1.41921037608461,1.9559442102269386e-06,Benign,0.0923,benign,https://doi.org/10.1101/2022.10.22.513328
P471S,0.13995,1.7585,-0.1163416759178737,Neutral,Neutral,,,,,Uncertain,Uncertain,,Uncertain,86.4,0.0002547770700637,6.36279040173e-05,0.254,"COSMIC,clinvar",,True,86.4,,,,neutral,neutral,neutral,DOWN,neutral,neutral,neutral,1010807,Uncertain significance,1,38.93,-,-0.1139,1.3691,-5.0917,loss_of_function,-1.46591822437047,3.570061944282826e-05,Benign,0.1117,benign,https://doi.org/10.1101/2022.10.22.513328
A472S,0.03188,0.29966,-0.2963039607061202,Neutral,Neutral,,,,,Uncertain,Uncertain,,Uncertain,106.8,,,,clinvar,,True,106.8,,,,neutral,neutral,neutral,-,uncertain,uncertain,uncertain,850741,Uncertain significance,1,29.67,-,0.0247,2.5915,-4.3058,gain_of_function,-0.316058785603468,3.7649797504529845e-07,Benign,0.0797,benign,https://doi.org/10.1101/2022.10.22.513328
S474G,-1.96839,0.08027,0.2891723009583263,Neutral,Neutral,,,,,Uncertain,Uncertain,,Uncertain,83.6,,7.9536777806e-06,0.012,"COSMIC,clinvar",,True,83.6,,,,uncertain,,,DOWN,neutral,neutral,neutral,1445201,Uncertain significance,1,30.3,-,0.0853,3.2165,-6.7548,gain_of_function,-0.54049685205216,0.000351938823346,Benign,0.0649,benign,https://doi.org/10.1101/2022.10.22.513328
S474I,1.38867,4.10136,0.1191021040318807,Uncertain,Neutral,,,,,Uncertain,Uncertain,,Uncertain,83.6,,,,clinvar,,True,83.6,,,,uncertain,,,UP,neutral,neutral,neutral,2062634,Uncertain significance,1,30.3,-,-0.0626,3.2165,-21.6276,loss_of_function,-0.853886269038954,0.0002397051881878,Benign,0.1011,benign,https://doi.org/10.1101/2022.10.22.513328
S476L,0.46644,0.30034,-0.2942659096739802,Neutral,Neutral,,,,,Uncertain,Uncertain,,Uncertain,89.6,,,,clinvar,,False,89.6,,,,uncertain,,,UP,neutral,neutral,neutral,959820,Uncertain significance,1,33.1,-,0.0254,3.2402,-5.5507,gain_of_function,-1.88799809874512,,,0.0847,benign,https://doi.org/10.1101/2022.10.22.513328
S477N,-0.11592,0.76293,-0.4060090833894991,Neutral,Neutral,,,,,Uncertain,Uncertain,,Uncertain,90.2,,,0.05,"cBioPortal,COSMIC",,False,90.2,,,,uncertain,,,UP,neutral,neutral,neutral,,,,28.27,-,0.1439,3.8472,-4.0834,gain_of_function,-0.291858387945979,3.108564135417263e-11,Benign,0.0698,benign,https://doi.org/10.1101/2022.10.22.513328
P480L,-1.71445,1.22279,-0.3853395318940311,Neutral,Neutral,,,,,Uncertain,Uncertain,,Uncertain,74.3,,,0.099,cBioPortal,,False,74.3,,,,neutral,neutral,neutral,UP,neutral,neutral,neutral,,,,28.06,S,-0.0901,2.2097,-5.9658,loss_of_function,-1.70426037513772,0.0004421134995207,Benign,0.0783,benign,https://doi.org/10.1101/2022.10.22.513328
P480S,-1.34541,1.4381,-0.3729294030623348,Neutral,Neutral,,,,,Uncertain,Uncertain,,Uncertain,74.3,,,,clinvar,,False,74.3,,,,neutral,neutral,neutral,DOWN,neutral,neutral,neutral,1499697,Uncertain significance,1,28.06,S,-0.0215,2.2097,-2.1329,loss_of_function,-0.0577822659466544,4.8195502668708485e-11,Benign,0.0707,benign,https://doi.org/10.1101/2022.10.22.513328
N484K,-0.08197,0.23231,0.6122772946526017,Neutral,Neutral,,,,,Uncertain,Uncertain,,Uncertain,78.7,,,0.087,"cBioPortal,COSMIC",,False,78.7,,,,neutral,neutral,neutral,UP,neutral,neutral,neutral,,,,27.42,-,0.0455,3.2015,-5.9658,gain_of_function,-1.18781598591505,4.359436185303992e-05,Benign,0.1061,benign,https://doi.org/10.1101/2022.10.22.513328
F485L,-0.08676,0.30136,0.361407386446308,Neutral,Neutral,,,,,Uncertain,Uncertain,,Uncertain,91.7,,,,clinvar,,False,91.7,,,,neutral,neutral,neutral,DOWN,neutral,neutral,neutral,1088449,Likely benign,1,31.78,-,-0.0285,2.4356,-2.1168,loss_of_function,-0.393815178318963,7.4661499123872e-08,Benign,0.2312,benign,https://doi.org/10.1101/2022.10.22.513328
F485S,0.23617,2.06667,1.4020592135095324,Uncertain,Neutral,,,,,Uncertain,Uncertain,,Uncertain,91.7,,,0.168,cBioPortal,,False,91.7,,,,neutral,neutral,neutral,DOWN,neutral,neutral,neutral,,,,31.78,-,-0.1143,2.4356,-4.6361,loss_of_function,-0.716047296865084,0.0003443153327821,Benign,0.0871,benign,https://doi.org/10.1101/2022.10.22.513328
F486V,0.44374,1.91395,0.4363541562591361,Neutral,Neutral,,,,,Uncertain,Uncertain,,Uncertain,75.4,,,0.096,"cBioPortal,COSMIC",,False,75.4,,,,neutral,neutral,neutral,DOWN,neutral,neutral,neutral,,,,30.4,S,-0.0681,2.5566,-5.7357,loss_of_function,-1.37381306985797,4.264530224965605e-06,Benign,0.0725,benign,https://doi.org/10.1101/2022.10.22.513328
N487D,0.37369,0.35068,-0.2666102442927531,Neutral,Neutral,,,,,Uncertain,Uncertain,,Uncertain,117.8,,,,clinvar,,False,117.8,,,,neutral,neutral,neutral,-,uncertain,uncertain,uncertain,726412,Benign,1,28.12,S,0.0592,3.1561,-2.4671,gain_of_function,-0.25047179950628,4.0654139576122127e-10,Benign,0.0675,benign,https://doi.org/10.1101/2022.10.22.513328
N487S,-0.43012,0.81429,0.3833119671671597,Neutral,Neutral,,,,,Uncertain,Uncertain,,Uncertain,117.8,,,,clinvar,,False,117.8,,,,neutral,neutral,neutral,DOWN,neutral,neutral,neutral,2193434,Uncertain significance,1,28.12,S,0.0928,3.1561,-2.4048,gain_of_function,-0.209784017467659,9.44981579717088e-10,Benign,0.0564,benign,https://doi.org/10.1101/2022.10.22.513328
E488K,-0.25819,-0.1034,-0.1299768364562636,Neutral,Neutral,,,,,Uncertain,Uncertain,,Uncertain,106.7,0.0001593574706782,2.78436301729e-05,0.044,"cBioPortal,COSMIC,clinvar",,False,106.7,,,,neutral,neutral,neutral,UP,neutral,neutral,neutral,1935442,Uncertain significance,1,28.21,-,0.0113,2.9114,-5.3692,gain_of_function,-0.721683192667696,4.668573953783308e-06,Benign,0.0703,benign,https://doi.org/10.1101/2022.10.22.513328
E488V,0.17227,-0.59694,0.0792770642360785,Neutral,Neutral,,,,,Uncertain,Uncertain,,Uncertain,106.7,,,,clinvar,,False,106.7,,,,neutral,neutral,neutral,-,uncertain,uncertain,uncertain,2308725,Uncertain significance,1,28.21,-,0.0297,2.9114,-3.4948,gain_of_function,-1.50544219318926,4.847819124663972e-05,Benign,0.1089,benign,https://doi.org/10.1101/2022.10.22.513328
S489Y,0.56194,-1.1602,-0.1129526727378099,Neutral,Neutral,,,,,Uncertain,Uncertain,,Uncertain,105.8,,,0.085,cBioPortal,,False,105.8,,,,uncertain,,,UP,neutral,neutral,neutral,,,,30.59,S,-0.0221,2.9462,-8.4957,loss_of_function,-0.487446184199623,0.0004075552889074,Benign,0.0866,benign,https://doi.org/10.1101/2022.10.22.513328
M490I,0.37608,0.24898,0.1155678823110795,Neutral,Neutral,,,,,Uncertain,Uncertain,,Uncertain,108.0,,,,clinvar,,False,108.0,,,,neutral,neutral,neutral,-,uncertain,uncertain,uncertain,1362040,Uncertain significance,1,30.97,S,0.1063,3.6815,-5.2895,gain_of_function,-0.252983841592267,2.8676297621629925e-06,Benign,0.101,benign,https://doi.org/10.1101/2022.10.22.513328
M490V,0.21448,0.35646,0.3106047335881173,Neutral,Neutral,,,,,Uncertain,Uncertain,,Uncertain,108.0,0.0009237433904568,0.0021717513225409,0.009,"COSMIC,clinvar",,False,108.0,,,,neutral,neutral,neutral,DOWN,neutral,neutral,neutral,1164498,Benign,1,30.97,S,0.085,3.6815,-3.174,gain_of_function,-0.183078259890464,1.3389773907203944e-10,Benign,0.0533,benign,https://doi.org/10.1101/2022.10.22.513328
N491K,-0.05826,-0.24524,0.3561335423531769,Neutral,Neutral,,,,,Uncertain,Uncertain,,Uncertain,116.6,,,0.048,"cBioPortal,COSMIC",,False,116.6,,,,neutral,neutral,neutral,UP,neutral,neutral,stabilizing,,,,27.71,S,-0.0265,3.2922,-21.714,loss_of_function,-2.00715357457457,0.0001553860546465,Benign,0.0981,benign,https://doi.org/10.1101/2022.10.22.513328
E492Q,-0.4144,0.05442,-0.1114556558932172,Neutral,Neutral,,,,,Uncertain,Uncertain,,Uncertain,107.7,,,0.076,"cBioPortal,COSMIC",,False,107.7,,,,neutral,neutral,neutral,UP,neutral,neutral,neutral,,,,27.38,-,0.0983,3.3044,-5.1127,gain_of_function,-0.288607693585627,6.648562774845809e-07,Benign,0.092,benign,https://doi.org/10.1101/2022.10.22.513328
C493R,-0.4118,-0.45612,-1.044533838827566,Neutral,Neutral,,,,,Uncertain,Uncertain,,Uncertain,91.7,,,0.034,cBioPortal,,False,91.7,,,,neutral,neutral,neutral,UP,neutral,neutral,stabilizing,,,,28.92,-,-0.1529,3.3638,-6.1043,loss_of_function,-0.833192179290125,8.340722541808868e-05,Benign,0.1004,benign,https://doi.org/10.1101/2022.10.22.513328
C493Y,-1.53448,-0.9602,-0.9109527259477512,Neutral,Neutral,,,,,Uncertain,Uncertain,,Uncertain,91.7,,,0.071,cBioPortal,,False,91.7,,,,neutral,neutral,neutral,UP,neutral,neutral,stabilizing,,,,28.92,-,-0.104,3.3638,-6.1043,loss_of_function,-0.837749645730785,6.849857678303925e-05,Benign,0.0635,benign,https://doi.org/10.1101/2022.10.22.513328
R494G,0.56656,1.81871,0.6118276165306458,Neutral,Neutral,,,,,Uncertain,Uncertain,,Uncertain,104.5,,,0.011,"cBioPortal,COSMIC",,False,104.5,,,,neutral,neutral,neutral,DOWN,neutral,neutral,destabilizing,,,,26.0,-,-0.054,3.1804,-2.9175,loss_of_function,-0.394734944615945,3.975905645955589e-09,Benign,0.0599,benign,https://doi.org/10.1101/2022.10.22.513328
W496G,-1.77283,1.6568,0.6699996054818341,Neutral,Neutral,,,,,Uncertain,Uncertain,,Uncertain,102.0,,,,clinvar,,False,102.0,,,,neutral,neutral,neutral,DOWN,neutral,neutral,neutral,1061316,Uncertain significance,1,26.75,-,-0.339,1.4811,-5.2854,loss_of_function,-2.87229217477171,0.000360578088099,Benign,0.1492,benign,https://doi.org/10.1101/2022.10.22.513328
Q497E,0.04353,0.77857,-0.3194816292700475,Neutral,Neutral,,,,,Uncertain,Uncertain,,Uncertain,102.3,,3.9776930971e-06,0.129,"cBioPortal,COSMIC",,False,102.3,,,,neutral,neutral,neutral,DOWN,neutral,neutral,neutral,,,,28.23,-,0.0736,3.0958,-3.873,gain_of_function,-0.0568198235103443,5.652774896426268e-07,Benign,0.0682,benign,https://doi.org/10.1101/2022.10.22.513328
N499S,-0.29006,0.10442,0.0738490329362434,Neutral,Neutral,,,,,Uncertain,Uncertain,,Uncertain,96.5,,,,clinvar,,False,96.5,,,,neutral,neutral,neutral,DOWN,neutral,neutral,neutral,1482694,Uncertain significance,1,30.88,-,0.0771,2.966,-2.0518,gain_of_function,-0.158650579066068,4.2955222774248435e-10,Benign,0.0604,benign,https://doi.org/10.1101/2022.10.22.513328
T500A,0.36122,0.23367,0.130550416599639,Neutral,Neutral,,,,,Uncertain,Uncertain,,Uncertain,113.5,,3.9774716009e-06,0.023,cBioPortal,,False,113.5,,,,uncertain,,,DOWN,neutral,neutral,neutral,,,,25.05,-,0.0994,3.5295,-3.1492,gain_of_function,-0.585881628314027,2.9959598161844595e-11,Benign,0.0636,benign,https://doi.org/10.1101/2022.10.22.513328
T500N,-0.02047,0.06735,-0.1183620301261761,Neutral,Neutral,,,,,Uncertain,Uncertain,,Uncertain,113.5,,,,clinvar,,False,113.5,,,,uncertain,,,-,uncertain,uncertain,uncertain,1482028,Uncertain significance,1,25.05,-,0.0351,3.5295,-4.8497,gain_of_function,-0.595846749562389,3.901708945322886e-06,Benign,0.0754,benign,https://doi.org/10.1101/2022.10.22.513328
T500S,0.39841,-0.20442,0.0328183527115916,Neutral,Neutral,,,,,Uncertain,Uncertain,,Uncertain,113.5,,,,clinvar,,False,113.5,,,,neutral,,,DOWN,neutral,neutral,neutral,1483402,Uncertain significance,1,25.05,-,0.1364,3.5295,-3.0084,gain_of_function,-0.591695719306582,3.465131269766802e-10,Benign,0.0799,benign,https://doi.org/10.1101/2022.10.22.513328
A501G,0.27528,0.27109,0.3194703882113975,Neutral,Neutral,,,,,Uncertain,Uncertain,,Uncertain,83.7,,,0.086,"cBioPortal,COSMIC",,False,83.7,,,,neutral,neutral,neutral,DOWN,neutral,neutral,neutral,,,,32.62,-,0.051,3.2088,-4.6273,gain_of_function,-1.50502308609738,4.6258460176352216e-06,Benign,0.1002,benign,https://doi.org/10.1101/2022.10.22.513328
P502L,0.14615,0.32143,-0.3162461835446084,Neutral,Neutral,,,,,Uncertain,Uncertain,,Uncertain,92.7,,7.9550064833e-06,0.16,"cBioPortal,COSMIC",,False,92.7,,,,neutral,neutral,neutral,UP,neutral,neutral,neutral,,,,30.67,-,-0.0561,2.5393,-5.2479,loss_of_function,-1.27734805573517,2.0480902070619964e-05,Benign,0.0768,benign,https://doi.org/10.1101/2022.10.22.513328
P502Q,0.07014,0.62823,0.0402369759702803,Neutral,Neutral,,,,,Uncertain,Uncertain,,Uncertain,92.7,,,0.211,"cBioPortal,COSMIC",,False,92.7,,,,neutral,neutral,neutral,UP,neutral,neutral,neutral,,,,30.67,-,-0.0417,2.5393,-6.4178,loss_of_function,-0.846601399506851,7.94996172497514e-05,Benign,0.1038,benign,https://doi.org/10.1101/2022.10.22.513328
M503V,0.86503,3.41122,-0.0655854578084508,Uncertain,Neutral,,,,,Uncertain,Uncertain,,Uncertain,95.9,,,,clinvar,,False,95.9,,,,neutral,neutral,neutral,DOWN,neutral,neutral,neutral,1045456,Uncertain significance,2,32.44,-,0.075,3.5139,-2.1141,gain_of_function,-0.128948933770447,1.4329193442067262e-13,Benign,0.0575,benign,https://doi.org/10.1101/2022.10.22.513328
G504E,3.68947,6.69524,1.0300466784263962,Destabilizing,Uncertain,,,,,Uncertain,Uncertain,,Uncertain,66.5,,,0.077,"cBioPortal,COSMIC",,False,66.5,,,,neutral,neutral,neutral,UP,neutral,neutral,neutral,,,,30.06,-,-0.1016,2.7558,-4.9752,loss_of_function,-0.542185553183693,3.042774955416904e-05,Benign,0.0817,benign,https://doi.org/10.1101/2022.10.22.513328
N505S,1.56497,1.48299,0.3879181512137564,Neutral,Neutral,,,,,Uncertain,Uncertain,,Uncertain,93.9,,,0.023,"cBioPortal,COSMIC",,False,93.9,,,,neutral,neutral,neutral,DOWN,neutral,neutral,mixed_effects,,,,31.51,-,0.0915,3.1156,-1.9244,gain_of_function,-0.0954364110898296,8.99328705223391e-08,Benign,0.0629,benign,https://doi.org/10.1101/2022.10.22.513328
D506N,0.03801,1.04218,0.2096018606529054,Neutral,Neutral,,,,,Uncertain,Uncertain,,Uncertain,76.0,,,0.042,"cBioPortal,COSMIC",,False,76.0,,,,neutral,neutral,neutral,-,uncertain,uncertain,uncertain,,,,30.75,-,0.0885,3.3363,-3.2418,gain_of_function,-0.200848753869968,3.3222161118205557e-12,Benign,0.069,benign,https://doi.org/10.1101/2022.10.22.513328
T507A,0.34623,0.53333,0.265975784758683,Neutral,Neutral,,,,,Uncertain,Uncertain,,Uncertain,74.3,,,,clinvar,,False,74.3,,,,uncertain,,,DOWN,neutral,neutral,destabilizing,1008728,Uncertain significance,1,33.15,-,0.0923,3.4903,-3.8287,gain_of_function,-0.218746639518011,2.0894661681595595e-10,Benign,0.0621,benign,https://doi.org/10.1101/2022.10.22.513328
T507I,0.73831,1.02857,-0.1202659089128949,Neutral,Neutral,,,,,Uncertain,Uncertain,,Uncertain,74.3,,,0.016,"cBioPortal,COSMIC",,False,74.3,,,,uncertain,,,UP,neutral,neutral,stabilizing,,,,33.15,-,0.043,3.4903,-8.4135,gain_of_function,-0.850913602608882,6.337260935068633e-07,Benign,0.0994,benign,https://doi.org/10.1101/2022.10.22.513328
I508T,0.73662,0.03741,0.4408987666078906,Neutral,Neutral,,,,,Uncertain,Uncertain,,Uncertain,83.3,,,,clinvar,,False,83.3,,,,neutral,neutral,neutral,DOWN,neutral,neutral,neutral,1059855,Uncertain significance,1,31.26,-,0.0061,3.2097,-3.7342,gain_of_function,-0.385353423828212,5.148449955654688e-07,Benign,0.1157,benign,https://doi.org/10.1101/2022.10.22.513328
H511P,0.60872,3.87993,0.4788536039745233,Uncertain,Neutral,,,,,Uncertain,Uncertain,,Uncertain,60.5,,,,clinvar,,False,60.5,,,,neutral,neutral,neutral,DOWN,neutral,neutral,stabilizing,1933680,Uncertain significance,1,33.08,-,-0.0404,3.612,-5.0959,loss_of_function,-0.643756941188126,1.5645913617868523e-08,Benign,0.0762,benign,https://doi.org/10.1101/2022.10.22.513328
I514T,-1.27461,0.75816,-0.023459216489976,Neutral,Neutral,,,,,Uncertain,Uncertain,,Uncertain,87.8,,1.98868834072e-05,0.023,"cBioPortal,clinvar",,False,87.8,,,,neutral,neutral,neutral,DOWN,neutral,neutral,neutral,2143503,Uncertain significance,1,33.67,-,0.0107,3.2423,-3.4195,gain_of_function,-0.634780309438489,1.879168193157625e-11,Benign,0.0555,benign,https://doi.org/10.1101/2022.10.22.513328
D515H,0.08585,-0.52109,-0.1795157467209529,Neutral,Neutral,,,,,Uncertain,Uncertain,,Uncertain,56.3,,,0.041,"cBioPortal,COSMIC",,False,56.3,,,,neutral,neutral,neutral,UP,neutral,neutral,stabilizing,,,,30.14,-,-0.0598,3.2062,-21.6096,loss_of_function,-3.45873392172008,1.0782353884768638e-06,Benign,0.0855,benign,https://doi.org/10.1101/2022.10.22.513328
D515V,0.74557,0.97415,0.102546187237113,Neutral,Neutral,,,,,Uncertain,Uncertain,,Uncertain,56.3,,3.9772501293e-06,0.092,cBioPortal,,False,56.3,,,,neutral,neutral,neutral,UP,neutral,neutral,stabilizing,,,,30.14,-,-0.0154,3.2062,-5.5146,loss_of_function,-1.08677404661023,8.304826414600413e-07,Benign,0.0798,benign,https://doi.org/10.1101/2022.10.22.513328
D515Y,-0.91171,-0.82687,-0.051504334804609,Neutral,Neutral,,,,,Uncertain,Uncertain,,Uncertain,56.3,,,0.031,"cBioPortal,COSMIC",,False,56.3,,,,neutral,neutral,neutral,UP,neutral,neutral,stabilizing,,,,30.14,-,-0.0955,3.2062,-21.6096,loss_of_function,-3.45873392172008,0.0002089683759696,Benign,0.0797,benign,https://doi.org/10.1101/2022.10.22.513328
P517S,-0.96344,1.15102,0.0172991065309485,Neutral,Neutral,,,,,Uncertain,Uncertain,,Uncertain,58.8,,,,clinvar,,False,58.8,,,,neutral,neutral,neutral,DOWN,neutral,neutral,destabilizing,1154601,Likely benign,1,35.62,-,0.0623,3.1242,-2.2016,gain_of_function,0.268559906459684,5.2684050111294274e-11,Benign,0.0658,benign,https://doi.org/10.1101/2022.10.22.513328
Q518H,0.16779,-0.41837,-0.3311083827599603,Neutral,Neutral,,,,,Uncertain,Uncertain,,Uncertain,91.2,,,0.083,cBioPortal,,False,91.2,,,,neutral,neutral,neutral,UP,neutral,neutral,neutral,,,,28.28,-,0.0188,2.6504,-7.3619,gain_of_function,-1.92245680498087,0.0031171273133282,Benign,0.1203,benign,https://doi.org/10.1101/2022.10.22.513328
D519Y,0.20373,-0.48333,0.1531510161610616,Neutral,Neutral,,,,,Uncertain,Uncertain,,Uncertain,97.8,,,0.278,"cBioPortal,COSMIC",,False,97.8,,,,neutral,neutral,neutral,UP,neutral,neutral,neutral,,,,32.58,-,-0.143,2.6906,-21.6364,loss_of_function,-2.06811451361613,0.0014189775164719,Benign,0.0967,benign,https://doi.org/10.1101/2022.10.22.513328
S522L,-0.36774,-0.20714,-0.0316169160147711,Neutral,Neutral,,,,,Uncertain,Uncertain,,Uncertain,45.3,,,,clinvar,,False,45.3,,,,uncertain,,,UP,neutral,neutral,neutral,1058358,Uncertain significance,1,29.63,-,0.0262,3.1461,-3.6833,gain_of_function,-0.860442246942203,8.873621397039417e-07,Benign,0.065,benign,https://doi.org/10.1101/2022.10.22.513328
G529W,1.58272,0.39898,-0.2969156527642247,Neutral,Neutral,,,,,Uncertain,Uncertain,,Uncertain,86.9,,,0.287,"cBioPortal,COSMIC",,False,86.9,,,,neutral,neutral,neutral,UP,neutral,neutral,stabilizing,,,,29.84,-,-0.2046,2.9586,-21.3592,loss_of_function,-2.60444340231057,0.0247466095677294,Benign,0.1816,benign,https://doi.org/10.1101/2022.10.22.513328
L530F,0.23319,-0.03401,0.5170487198047174,Neutral,Neutral,,,,,Uncertain,Uncertain,,Uncertain,84.6,,,,clinvar,,False,84.6,,,,neutral,neutral,neutral,UP,neutral,neutral,neutral,1059337,Uncertain significance,1,28.35,-,-0.055,2.2978,-5.2748,loss_of_function,-0.915906091848721,3.198683780206596e-06,Benign,0.0666,benign,https://doi.org/10.1101/2022.10.22.513328
L530R,0.30988,-0.33707,0.6887134281789805,Neutral,Neutral,,,,,Uncertain,Uncertain,,Uncertain,84.6,,,0.167,cBioPortal,,False,84.6,,,,neutral,neutral,neutral,UP,neutral,neutral,neutral,,,,28.35,-,-0.216,2.2978,-8.082,loss_of_function,-1.86518911045694,3.089682915705198e-05,Benign,0.1007,benign,https://doi.org/10.1101/2022.10.22.513328
S534C,1.48328,0.87483,0.8584430537524265,Neutral,Neutral,,,,,Uncertain,Uncertain,,Uncertain,101.2,,,0.147,"cBioPortal,COSMIC",,False,101.2,,,,uncertain,,,UP,neutral,neutral,neutral,,,,37.76,T,0.0439,2.9403,-1.7987,gain_of_function,-1.3331314364482,1.77803295509266e-06,Benign,0.0747,benign,https://doi.org/10.1101/2022.10.22.513328
S534R,-0.33273,-0.10714,-0.0639514876480407,Neutral,Neutral,,,,,Uncertain,Uncertain,,Uncertain,101.2,,,0.041,COSMIC,,False,101.2,,,,uncertain,,,UP,neutral,neutral,neutral,,,,37.76,T,-0.1009,2.9403,-21.6714,loss_of_function,-2.77310761719955,0.0016149734942422,Benign,0.1685,benign,https://doi.org/10.1101/2022.10.22.513328
K535E,0.65461,0.89286,-0.224125203744066,Neutral,Neutral,,,,,Uncertain,Uncertain,,Uncertain,99.7,,3.9780728624e-06,0.101,"COSMIC,clinvar",,False,99.7,,,,neutral,neutral,neutral,DOWN,neutral,neutral,neutral,2112013,Uncertain significance,1,44.39,T,0.0137,2.8923,-3.6374,gain_of_function,-1.66792832037132,8.496774959922166e-06,Benign,0.0946,benign,https://doi.org/10.1101/2022.10.22.513328
K535R,-0.14024,-0.21054,-0.4467802337043669,Neutral,Neutral,,,,,Uncertain,Uncertain,,Uncertain,99.7,,,,clinvar,,False,99.7,,,,neutral,neutral,neutral,-,uncertain,uncertain,uncertain,1421820,Uncertain significance,1,44.39,T,0.1041,2.8923,-3.8074,gain_of_function,-0.297219543478022,2.702871497517799e-07,Benign,0.065,benign,https://doi.org/10.1101/2022.10.22.513328
L539F,-0.05776,0.09864,0.4029235261270575,Neutral,Neutral,,,,,Uncertain,Uncertain,,Uncertain,78.3,,,,clinvar,,True,78.3,,,,neutral,neutral,neutral,UP,neutral,neutral,neutral,1924128,Uncertain significance,1,58.54,H,-0.1666,1.0123,-3.9752,loss_of_function,-2.83931504899309,0.0170958472421094,Benign,0.2247,benign,https://doi.org/10.1101/2022.10.22.513328
I542T,1.03547,0.18673,0.6998627707795426,Neutral,Neutral,,,,,Uncertain,Uncertain,,Uncertain,68.2,,,,clinvar,,True,68.2,,,,neutral,neutral,neutral,DOWN,neutral,neutral,neutral,960895,Uncertain significance,1,65.11,H,-0.1042,2.0244,-3.9835,loss_of_function,-1.05772826275255,1.428669367833059e-06,Benign,0.3214,benign,https://doi.org/10.1101/2022.10.22.513328
M543I,1.00792,2.07517,0.8081292152723912,Uncertain,Neutral,,,,,,,,,15.5,,,0.48,COSMIC,,True,15.5,,,,neutral,neutral,neutral,-,uncertain,uncertain,uncertain,,,,55.82,H,-0.1103,1.3932,-6.4635,loss_of_function,-2.15289808330371,0.007062021666446,Benign,0.8884,pathogenic,https://doi.org/10.1101/2022.10.22.513328
M543R,1.60473,1.40918,1.654188945929123,Neutral,Neutral,,,,,,,,,15.5,,,,clinvar,,True,15.5,,,,neutral,neutral,neutral,UP,neutral,neutral,neutral,1465905,Uncertain significance,1,55.82,H,-0.3608,1.3932,-21.7512,loss_of_function,-6.48143418837094,0.880740574950343,Pathogenic,0.7165,pathogenic,https://doi.org/10.1101/2022.10.22.513328
K544E,0.18,0.37245,0.223264096556417,Neutral,Neutral,,,,,Uncertain,Uncertain,,Uncertain,80.4,,,0.034,cBioPortal,,True,80.4,,,,neutral,neutral,neutral,DOWN,neutral,neutral,neutral,,,,62.65,H,-0.0323,2.2534,-1.1244,loss_of_function,-0.448890982794278,6.44498451007003e-07,Benign,0.0886,benign,https://doi.org/10.1101/2022.10.22.513328
G547D,2.54419,0.11259,0.6203998501758434,Uncertain,Uncertain,,,,,Uncertain,Uncertain,,Uncertain,103.8,,,0.325,cBioPortal,,True,103.8,,,,neutral,neutral,neutral,UP,neutral,neutral,neutral,,,,43.18,T,-0.2307,1.2526,-3.0298,loss_of_function,-0.649285554366598,3.618862395502553e-06,Benign,0.1455,benign,https://doi.org/10.1101/2022.10.22.513328
I548T,1.62225,2.27789,1.3070334113855446,Uncertain,Neutral,,,,,Uncertain,Uncertain,,Uncertain,33.8,,,,clinvar,,True,33.8,,,,neutral,neutral,neutral,DOWN,neutral,neutral,neutral,1385026,Uncertain significance,1,52.11,-,-0.2141,1.8141,-21.714,loss_of_function,-1.99200838013277,0.0065552544282231,Benign,0.2839,benign,https://doi.org/10.1101/2022.10.22.513328
D549G,2.30867,1.13401,0.679975439204756,Uncertain,Uncertain,,,,,Uncertain,Uncertain,,Uncertain,71.7,,,,clinvar,,True,71.7,,,,neutral,neutral,neutral,DOWN,neutral,neutral,neutral,856905,Uncertain significance,1,62.19,-,-0.0643,2.1993,-3.9877,loss_of_function,-1.81316806963303,4.0590170960230745e-07,Benign,0.1408,benign,https://doi.org/10.1101/2022.10.22.513328
D549H,3.3877,0.2102,-0.2188913815386584,Uncertain,Uncertain,,,,,Uncertain,Uncertain,,Uncertain,71.7,,,0.41,"cBioPortal,COSMIC",,True,71.7,,,,neutral,neutral,neutral,UP,neutral,neutral,neutral,,,,62.19,-,-0.0853,2.1993,-8.4469,loss_of_function,-3.27975783128092,0.1156398237210387,Benign,0.2616,benign,https://doi.org/10.1101/2022.10.22.513328
F550S,1.11519,1.16327,0.8186287090464769,Neutral,Neutral,,,,,Uncertain,Uncertain,,Uncertain,73.3,,,,clinvar,,True,73.3,,,,neutral,neutral,neutral,DOWN,neutral,neutral,neutral,1167695,Benign,1,53.66,H,-0.061,3.0656,-5.5414,loss_of_function,-0.248101107517386,7.362822745045789e-06,Benign,0.2135,benign,https://doi.org/10.1101/2022.10.22.513328
E551D,0.26256,-0.16701,0.3259795842648899,Neutral,Neutral,,,,,Uncertain,Uncertain,,Uncertain,53.3,,,,clinvar,,True,53.3,,,,neutral,neutral,neutral,DOWN,neutral,neutral,neutral,2122665,Uncertain significance,1,59.88,H,0.0172,2.1694,-1.8774,gain_of_function,-0.798739603527309,1.7255655152029535e-06,Benign,0.0882,benign,https://doi.org/10.1101/2022.10.22.513328
I553F,-0.4898,0.73299,0.5882401689574281,Neutral,Neutral,,,,,Uncertain,Uncertain,,Uncertain,42.1,,,,clinvar,,True,42.1,,,,neutral,neutral,neutral,UP,neutral,neutral,neutral,1490399,Uncertain significance,1,58.2,H,-0.1262,1.9232,-5.7638,loss_of_function,-2.81780112934437,7.97007757936225e-08,Benign,0.1413,benign,https://doi.org/10.1101/2022.10.22.513328
R554K,0.16967,-0.1102,0.4463784739790066,Neutral,Neutral,,,,,Uncertain,Uncertain,,Uncertain,66.0,0.2153841245533435,0.1522952977306266,0.04,"cBioPortal,COSMIC,clinvar",,True,66.0,,,,neutral,neutral,neutral,-,uncertain,uncertain,uncertain,1168239,Benign,2,49.75,H,0.047,2.6243,-1.5365,gain_of_function,-0.0264528646703005,1.8291845570878847e-10,Benign,0.0565,benign,https://doi.org/10.1101/2022.10.22.513328
H555Y,-1.01779,0.39048,-0.1252873778141816,Neutral,Neutral,,,,,Uncertain,Uncertain,,Uncertain,72.9,,,,clinvar,,True,72.9,,,,neutral,neutral,neutral,UP,neutral,neutral,neutral,1477810,Uncertain significance,1,52.4,H,0.0908,3.0496,-6.7369,gain_of_function,-0.692789330185809,6.632140038567941e-05,Benign,0.0665,benign,https://doi.org/10.1101/2022.10.22.513328
M556I,0.82041,2.18027,0.1241122791844889,Uncertain,Neutral,,,,,Uncertain,Uncertain,,Uncertain,33.6,,,0.085,COSMIC,,True,33.6,,,,neutral,neutral,neutral,-,uncertain,uncertain,uncertain,,,,46.09,H,-0.0134,2.2341,-2.6495,loss_of_function,-0.787478225126934,2.3447620027904006e-09,Benign,0.3392,benign,https://doi.org/10.1101/2022.10.22.513328
N558T,1.96674,1.36088,0.5746571722626533,Neutral,Neutral,,,,,Uncertain,Uncertain,,Uncertain,72.8,,,,clinvar,,False,72.8,,,,neutral,neutral,neutral,-,uncertain,uncertain,uncertain,1911729,Uncertain significance,1,42.45,-,-0.042,2.5031,-7.3353,loss_of_function,-2.3247382498479,6.750569019660131e-05,Benign,0.1071,benign,https://doi.org/10.1101/2022.10.22.513328
K560T,1.19415,-0.66497,-0.0370942898920945,Neutral,Neutral,,,,,Uncertain,Uncertain,,Uncertain,88.4,,3.9909644565e-06,0.058,COSMIC,,False,88.4,,,,neutral,neutral,neutral,DOWN,neutral,neutral,neutral,,,,47.5,T,-0.0221,2.5185,-4.478,loss_of_function,-1.79800774589315,7.50508430296346e-12,Benign,0.0715,benign,https://doi.org/10.1101/2022.10.22.513328
N564Y,-0.16936,0.60306,-0.0056631364770481,Neutral,Neutral,,,,,Uncertain,Uncertain,,Uncertain,101.2,,,0.036,"cBioPortal,COSMIC",,False,101.2,,,,neutral,neutral,neutral,UP,neutral,neutral,neutral,,,,37.89,S,-0.0839,3.0629,-21.4825,loss_of_function,-3.78998940217379,0.0002810491871707,Benign,0.1009,benign,https://doi.org/10.1101/2022.10.22.513328
F566S,0.34941,2.05374,0.816054572796136,Uncertain,Neutral,,,,,Uncertain,Uncertain,,Uncertain,62.0,,,0.019,"cBioPortal,COSMIC",,False,62.0,,,,neutral,neutral,neutral,DOWN,neutral,neutral,neutral,,,,31.65,-,-0.0196,3.418,-3.7893,loss_of_function,-0.25181128697679,1.4639704337930273e-06,Benign,0.0728,benign,https://doi.org/10.1101/2022.10.22.513328
S567C,-0.10488,0.88435,0.6118796042779464,Neutral,Neutral,,,,,Uncertain,Uncertain,,Uncertain,109.0,,,,clinvar,,False,109.0,,,,uncertain,,,UP,neutral,neutral,neutral,1378733,Uncertain significance,1,29.89,-,-0.0183,2.626,-8.3218,loss_of_function,-2.99081611717022,0.1664018952141434,Benign,0.0837,benign,https://doi.org/10.1101/2022.10.22.513328
S567F,-0.13611,-0.14456,-0.3436092027408594,Neutral,Neutral,,,,,Uncertain,Uncertain,,Uncertain,109.0,,,0.212,COSMIC,,False,109.0,,,,uncertain,,,UP,neutral,neutral,neutral,,,,29.89,-,-0.1137,2.626,-21.6096,loss_of_function,-3.68262521883474,0.009563206402496,Benign,0.1203,benign,https://doi.org/10.1101/2022.10.22.513328
G568S,3.57732,0.58571,1.3201154388328868,Uncertain,Uncertain,,,,,Uncertain,Uncertain,,Uncertain,104.7,,,0.027,COSMIC,,False,104.7,,,,neutral,neutral,neutral,UP,neutral,neutral,neutral,,,,31.54,S,0.0013,3.2207,-3.7234,gain_of_function,-0.412308864453991,4.199408143801755e-08,Benign,0.071,benign,https://doi.org/10.1101/2022.10.22.513328
E569K,0.62184,0.07483,0.7305169500046412,Neutral,Neutral,,,,,Uncertain,Uncertain,,Uncertain,108.6,,,0.171,"cBioPortal,COSMIC",,False,108.6,,,,neutral,neutral,neutral,UP,neutral,neutral,neutral,,,,31.66,-,0.0111,3.0717,-8.3082,gain_of_function,-1.97573513552174,0.0003919306358011,Benign,0.093,benign,https://doi.org/10.1101/2022.10.22.513328
V570A,-0.06108,1.37449,0.2088976489156568,Neutral,Neutral,,,,,Uncertain,Uncertain,,Uncertain,85.6,,3.9823185058e-06,0.047,"cBioPortal,COSMIC,clinvar",,False,85.6,,,,neutral,neutral,neutral,DOWN,neutral,neutral,neutral,954506,Uncertain significance,1,36.65,-,0.0502,3.457,-5.9635,gain_of_function,-0.769799348371325,2.295469266528127e-08,Benign,0.0742,benign,https://doi.org/10.1101/2022.10.22.513328
V570I,0.05499,1.12857,-0.2955442763557531,Neutral,Neutral,,,,,Uncertain,Uncertain,,Uncertain,85.6,0.0198177531383419,0.0077904077617314,0.062,"cBioPortal,COSMIC,clinvar",,False,85.6,,,,neutral,neutral,neutral,UP,neutral,neutral,neutral,780672,Benign,1,36.65,-,0.113,3.457,-6.2854,gain_of_function,-1.55512815690118,2.4785890828964834e-06,Benign,0.0799,benign,https://doi.org/10.1101/2022.10.22.513328
D571N,0.49299,1.72245,0.2537780208567325,Neutral,Neutral,,,,,Uncertain,Uncertain,,Uncertain,67.9,,,,clinvar,,False,67.9,,,,neutral,neutral,neutral,-,uncertain,uncertain,uncertain,950383,Uncertain significance,1,30.03,-,-0.0037,2.3934,-4.3129,loss_of_function,-1.53828489216821,0.0010177575035793,Benign,0.1029,benign,https://doi.org/10.1101/2022.10.22.513328
F572L,0.40792,1.10646,-0.3882659070159083,Neutral,Neutral,,,,,Uncertain,Uncertain,,Uncertain,109.1,,,0.028,cBioPortal,,False,109.1,,,,neutral,neutral,neutral,DOWN,neutral,neutral,neutral,,,,35.0,-,-0.0389,2.2632,-1.0377,loss_of_function,0.0073752650173492,3.249922980638609e-10,Benign,0.3995,ambiguous,https://doi.org/10.1101/2022.10.22.513328
D574N,0.14011,-0.27177,-0.1052867626601034,Neutral,Neutral,,,,,Uncertain,Uncertain,,Uncertain,117.3,,,0.403,"cBioPortal,COSMIC",,False,117.3,,,,neutral,neutral,neutral,-,uncertain,uncertain,uncertain,,,,35.72,-,-0.1417,0.8908,-4.2574,loss_of_function,-0.60214845678633,2.8605077897615302e-06,Benign,0.0885,benign,https://doi.org/10.1101/2022.10.22.513328
I575T,0.43729,-0.00408,0.8795628616703838,Neutral,Neutral,,,,,Uncertain,Uncertain,,Uncertain,93.6,,,,clinvar,,False,93.6,,,,neutral,neutral,neutral,DOWN,neutral,neutral,neutral,863561,Uncertain significance,2,40.66,S,-0.115,2.0903,-7.2714,loss_of_function,-2.0522489243611,0.0035976199171452,Benign,0.0739,benign,https://doi.org/10.1101/2022.10.22.513328
D576N,0.65888,0.21837,-0.0454546412923367,Neutral,Neutral,,,,,Uncertain,Uncertain,,Uncertain,108.3,,,0.281,COSMIC,,True,108.3,,,,neutral,neutral,neutral,-,uncertain,uncertain,uncertain,,,,40.84,T,-0.09,1.5785,-6.5235,loss_of_function,-0.786707999845662,,,0.0968,benign,https://doi.org/10.1101/2022.10.22.513328
L577F,0.1044,0.57313,0.3557682605733409,Neutral,Neutral,,,,,Uncertain,Uncertain,,Uncertain,77.5,,,0.109,cBioPortal,,True,77.5,,,,neutral,neutral,neutral,UP,neutral,neutral,neutral,,,,53.57,H,-0.065,2.2466,-6.3129,loss_of_function,-2.58647806098079,0.0002450252765148,Benign,0.1185,benign,https://doi.org/10.1101/2022.10.22.513328
T578M,-0.9699,0.0881,-0.1763527361319067,Neutral,Neutral,,,,,Uncertain,Uncertain,,Uncertain,89.6,,3.979370941e-06,0.148,"COSMIC,clinvar",,True,89.6,,,,uncertain,,,UP,neutral,neutral,neutral,1036071,Uncertain significance,1,50.4,H,-0.1923,1.8694,-21.6051,loss_of_function,-4.43715527374736,0.0495607574607167,Benign,0.1385,benign,https://doi.org/10.1101/2022.10.22.513328
T578S,0.01645,0.78912,0.1021631964646363,Neutral,Neutral,,,,,Uncertain,Uncertain,,Uncertain,89.6,,,,clinvar,,True,89.6,,,,neutral,,,DOWN,neutral,neutral,neutral,1930481,Uncertain significance,1,50.4,H,-0.0198,1.8694,-3.6736,loss_of_function,-1.48579277022559,2.044519798075633e-06,Benign,0.1061,benign,https://doi.org/10.1101/2022.10.22.513328
E580D,0.65104,1.26599,0.2598460887302617,Neutral,Neutral,,,,,Uncertain,Uncertain,,Uncertain,87.9,,,0.186,cBioPortal,,True,87.9,,,,neutral,neutral,neutral,DOWN,neutral,neutral,neutral,,,,61.65,H,-0.0812,1.106,-1.9866,loss_of_function,-0.662430762885207,1.55510340873196e-05,Benign,0.0871,benign,https://doi.org/10.1101/2022.10.22.513328
I581N,0.45202,0.70068,0.8905672233015202,Neutral,Neutral,,,,,Uncertain,Uncertain,,Uncertain,73.4,,,,clinvar,,True,73.4,,,,neutral,neutral,neutral,DOWN,neutral,neutral,neutral,2093461,Uncertain significance,1,61.49,H,-0.4273,0.3585,-21.6186,loss_of_function,-4.12054168532116,0.9088871754292388,Pathogenic,0.7387,pathogenic,https://doi.org/10.1101/2022.10.22.513328
L582M,-0.31706,0.6051,0.433704784861168,Neutral,Neutral,,,,,Uncertain,Uncertain,,Uncertain,74.9,,,,clinvar,,True,74.9,,,,neutral,neutral,neutral,-,uncertain,uncertain,uncertain,1504941,Uncertain significance,1,57.41,H,-0.2426,0.7729,-21.6186,loss_of_function,-3.9265985952614,0.456900922622966,Uncertain,0.1531,benign,https://doi.org/10.1101/2022.10.22.513328
T583M,-0.93338,0.49048,0.0336698119000872,Neutral,Neutral,,,,,Uncertain,Uncertain,,Uncertain,79.4,0.0002865694453289,9.94573606403e-05,0.447,"cBioPortal,COSMIC,clinvar",,False,79.4,,,,uncertain,,,UP,neutral,neutral,neutral,1006431,Uncertain significance,1,69.93,H,-0.2219,1.5482,-21.6142,loss_of_function,-3.26391659254102,0.0624429769135879,Benign,0.1316,benign,https://doi.org/10.1101/2022.10.22.513328
D587H,0.02949,0.30782,-0.0081594524740374,Neutral,Neutral,,,,,Uncertain,Uncertain,,Uncertain,48.4,,,0.153,"cBioPortal,COSMIC",,True,48.4,,,,neutral,neutral,neutral,UP,neutral,neutral,neutral,,,,66.77,H,-0.1075,1.8394,-6.3174,loss_of_function,-2.36459013971898,2.9306106589254848e-05,Benign,0.1822,benign,https://doi.org/10.1101/2022.10.22.513328
L589S,0.55321,0.91156,1.1089010600439726,Neutral,Neutral,,,,,Uncertain,Uncertain,,Uncertain,83.9,,,,clinvar,,True,83.9,,,,neutral,neutral,neutral,DOWN,neutral,neutral,neutral,1448052,Uncertain significance,1,54.88,H,-0.3903,0.6118,-21.6006,loss_of_function,-3.15515868874666,0.0254189931584753,Benign,0.6727,pathogenic,https://doi.org/10.1101/2022.10.22.513328
S590T,0.26422,-0.19218,-0.0359507256646179,Neutral,Neutral,,,,,Uncertain,Uncertain,,Uncertain,69.9,,,,clinvar,,True,69.9,,,,neutral,,,UP,neutral,neutral,neutral,1438735,Uncertain significance,1,54.36,H,0.0779,2.8642,-5.4918,gain_of_function,-1.28486697553286,5.53578251768955e-08,Benign,0.0783,benign,https://doi.org/10.1101/2022.10.22.513328
