Mutation,"Stability (FoldX5, alphafold, kcal/mol)","Stability (Rosetta Cartddg2020, alphafold, kcal/mol)","Stability (RaSP, alphafold, kcal/mol)","Stability classification, alphafold, (Rosetta, FoldX)","Stability classification, alphafold, (RaSP, FoldX)",Relative Side Chain Solvent Accessibility in wild-type,gnomAD genome allele frequency,gnomAD exome allele frequency,REVEL score,Mutation sources,PTMs,is site part of phospho-SLiM,PTM residue SASA (%),"Change in stability with PTM (FoldX5, kcal/mol)","Change in binding with PTM (FoldX5, kcal/mol)","Change in binding with mutation (FoldX5, kcal/mol)",PTM effect in regulation,PTM effect in stability,PTM effect in function,AlloSigma2 mutation type,AlloSigma2 predicted consequence - active sites,AlloSigma2 predicted consequence - cofactor sites,AlloSigma2 predicted consequence - pockets and interfaces,ClinVar Variation ID,ClinVar Interpretation,ClinVar Review Status,AlphaFold2 model pLDDT score,AlphaFold2 model secondary structure,DeMaSk delta fitness,DeMaSk Shannon entropy,DeMaSk log2 variant frequency,DeMaSk predicted consequence,GEMME Score,EVE score,EVE classification (25% Uncertain),AlphaMissense pathogenicity score,AlphaMissense classification,References
R1781G,0.5564,0.9,0.3825356083173636,Neutral,Neutral,95.7,,,0.046,cBioPortal,,False,95.7,,,,neutral,neutral,neutral,DOWN,neutral,neutral,stabilizing,,,,45.91,-,-0.0991,2.8785,-6.3098,loss_of_function,-0.159876188607801,0.8306432854328156,Pathogenic,0.0973,benign,https://doi.org/10.1101/2022.10.22.513328
R1781T,0.81977,0.61259,0.4603422790817013,Neutral,Neutral,95.7,,,,clinvar,,False,95.7,,,,neutral,neutral,neutral,DOWN,neutral,neutral,stabilizing,1746943,Uncertain significance,1,45.91,-,-0.0665,2.8785,-5.8948,loss_of_function,-0.92419930790346,0.9120872665581636,Pathogenic,0.1079,benign,https://doi.org/10.1101/2022.10.22.513328
G1783E,4.11106,1.96769,1.1870593953037578,Uncertain,Uncertain,1.4,,0.0,0.065,"COSMIC,clinvar",,False,1.4,,,,neutral,neutral,neutral,UP,neutral,neutral,neutral,1746962,Uncertain significance,1,64.01,-,-0.0904,2.986,-6.9366,loss_of_function,-3.00873974183368,0.9335430683213444,Pathogenic,0.3005,benign,https://doi.org/10.1101/2022.10.22.513328
R1784S,-0.01166,0.5881,1.507744482775519,Neutral,Neutral,58.5,,,,clinvar,,False,58.5,,,,neutral,neutral,neutral,DOWN,neutral,neutral,stabilizing,1747015,Uncertain significance,1,79.93,-,-0.3124,1.0393,-21.7715,loss_of_function,-2.29664673627961,0.3076404058932697,Benign,0.3579,ambiguous,https://doi.org/10.1101/2022.10.22.513328
A1785S,0.11509,0.28571,0.6843317859800582,Neutral,Neutral,55.7,,,0.133,COSMIC,,False,55.7,,,,neutral,neutral,neutral,-,uncertain,uncertain,uncertain,,,,83.76,-,-0.1588,0.6405,-5.0768,loss_of_function,-2.70668233061265,0.9277962940733312,Pathogenic,0.1692,benign,https://doi.org/10.1101/2022.10.22.513328
A1785V,0.04602,0.17347,0.4601296370248608,Neutral,Neutral,55.7,,,0.152,"cBioPortal,COSMIC",,False,55.7,,,,neutral,neutral,neutral,UP,neutral,neutral,neutral,,,,83.76,-,-0.157,0.6405,-4.1382,loss_of_function,-4.41264945343709,0.9025819125520036,Pathogenic,0.365,ambiguous,https://doi.org/10.1101/2022.10.22.513328
L1789P,4.02515,4.03946,5.849175510157829,Destabilizing,Destabilizing,47.7,,,,clinvar,,False,47.7,,,,neutral,neutral,neutral,DOWN,neutral,neutral,neutral,2450738,Uncertain significance,1,86.84,E,-0.3639,1.5003,-22.0526,loss_of_function,-4.46799860190372,0.9258233492526228,Pathogenic,0.8988,pathogenic,https://doi.org/10.1101/2022.10.22.513328
K1791N,0.81177,-0.20442,0.3663731123151786,Neutral,Neutral,69.5,,,0.089,"COSMIC,clinvar",,False,69.5,,,,neutral,neutral,neutral,DOWN,neutral,neutral,destabilizing,1747113,Uncertain significance,1,89.52,E,-0.1499,1.1607,-5.7715,loss_of_function,-4.1096069298507,,,0.4817,ambiguous,https://doi.org/10.1101/2022.10.22.513328
K1791Q,0.28329,0.22007,0.3748948451079054,Neutral,Neutral,69.5,,,,clinvar,,False,69.5,,,,neutral,neutral,neutral,DOWN,neutral,neutral,destabilizing,1747106,Uncertain significance,1,89.52,E,-0.1462,1.1607,-8.7714,loss_of_function,-4.1096069298507,,,0.2538,benign,https://doi.org/10.1101/2022.10.22.513328
I1792S,4.4069,4.02925,4.361151493079756,Destabilizing,Destabilizing,0.0,,,0.450,COSMIC,,False,0.0,,,,neutral,neutral,neutral,DOWN,neutral,neutral,neutral,,,,89.43,E,-0.4401,0.2814,-22.0625,loss_of_function,-4.46799860190372,,,0.9454,pathogenic,https://doi.org/10.1101/2022.10.22.513328
Q1793P,3.90636,4.53435,3.920563684471804,Destabilizing,Destabilizing,63.6,,,0.284,cBioPortal,,False,63.6,,,,neutral,neutral,neutral,DOWN,neutral,neutral,destabilizing,,,,86.37,E,-0.2744,1.3057,-6.7748,loss_of_function,-4.34966787205371,,,0.7893,pathogenic,https://doi.org/10.1101/2022.10.22.513328
A1794P,-1.19352,0.85646,3.867827126267465,Neutral,Uncertain,3.7,,,,clinvar,,False,3.7,,,,neutral,neutral,neutral,UP,neutral,neutral,neutral,1747178,Uncertain significance,1,86.11,E,-0.2363,1.5962,-6.7748,loss_of_function,-4.46639128999534,,,0.8262,pathogenic,https://doi.org/10.1101/2022.10.22.513328
A1794V,-0.02793,-0.43027,0.0528190095943975,Neutral,Neutral,3.7,,,,clinvar,,False,3.7,,,,neutral,neutral,neutral,UP,neutral,neutral,neutral,1747181,Uncertain significance,1,86.11,E,-0.0606,1.5962,-2.4894,loss_of_function,-4.46639128999534,,,0.3273,benign,https://doi.org/10.1101/2022.10.22.513328
E1795Q,0.08853,0.88912,0.0996255437500481,Neutral,Neutral,51.4,,,0.237,cBioPortal,,False,51.4,,,,neutral,neutral,neutral,UP,neutral,neutral,stabilizing,,,,82.59,E,-0.146,0.8521,-8.7746,loss_of_function,-2.7386563198452,,,0.1874,benign,https://doi.org/10.1101/2022.10.22.513328
M1796K,1.40677,1.7619,1.2928184214675895,Neutral,Neutral,22.2,,,,clinvar,,False,22.2,,,,neutral,neutral,neutral,UP,neutral,neutral,stabilizing,1747199,Uncertain significance,1,79.7,E,-0.1465,2.7073,-8.7779,loss_of_function,-3.84137680856281,,,0.2663,benign,https://doi.org/10.1101/2022.10.22.513328
F1797L,1.42119,1.41939,1.936519783257912,Neutral,Neutral,4.1,,,0.172,"cBioPortal,COSMIC",,False,4.1,,,,neutral,neutral,neutral,DOWN,neutral,neutral,neutral,,,,71.56,-,-0.1586,1.281,-6.778,loss_of_function,-2.62898640863247,,,0.7304,pathogenic,https://doi.org/10.1101/2022.10.22.513328
F1797V,2.25274,2.41803,2.780379964718308,Uncertain,Uncertain,4.1,,2.00169743943e-05,0.071,COSMIC,,False,4.1,,,,neutral,neutral,neutral,DOWN,neutral,neutral,neutral,,,,71.56,-,-0.1706,1.281,-2.8239,loss_of_function,-2.25677170753663,,,0.211,benign,https://doi.org/10.1101/2022.10.22.513328
P1798H,1.12412,1.6034,-0.8185415295615667,Neutral,Neutral,79.6,,,0.379,cBioPortal,,True,79.6,,,,neutral,neutral,neutral,UP,neutral,neutral,stabilizing,,,,54.52,S,-0.2226,1.5533,-22.0658,loss_of_function,-4.46639128999534,,,0.2232,benign,https://doi.org/10.1101/2022.10.22.513328
P1798S,0.67038,1.39524,-0.518300009314408,Neutral,Neutral,79.6,,,,clinvar,,True,79.6,,,,neutral,neutral,neutral,DOWN,neutral,neutral,neutral,1747235,Uncertain significance,1,54.52,S,-0.0799,1.5533,-1.7557,loss_of_function,-4.46639128999534,,,0.1366,benign,https://doi.org/10.1101/2022.10.22.513328
P1798T,0.7337,0.88197,-0.4117489114642464,Neutral,Neutral,79.6,,,0.242,cBioPortal,,True,79.6,,,,neutral,neutral,neutral,-,uncertain,uncertain,uncertain,,,,54.52,S,-0.1177,1.5533,-6.778,loss_of_function,-4.46639128999534,,,0.1415,benign,https://doi.org/10.1101/2022.10.22.513328
E1799D,-0.35537,0.15034,0.0534548603377788,Neutral,Neutral,71.1,,,0.037,cBioPortal,,True,71.1,,,,neutral,neutral,neutral,DOWN,neutral,neutral,stabilizing,,,,56.08,S,-0.0709,1.125,-0.2976,loss_of_function,-0.690060795150485,,,0.0745,benign,https://doi.org/10.1101/2022.10.22.513328
E1799K,-0.54571,0.40306,0.2255121659941666,Neutral,Neutral,71.1,,,0.041,"cBioPortal,COSMIC",,True,71.1,,,,neutral,neutral,neutral,UP,neutral,neutral,neutral,,,,56.08,S,-0.1654,1.125,-7.7813,loss_of_function,-3.27948749318828,,,0.1192,benign,https://doi.org/10.1101/2022.10.22.513328
S1801C,0.35644,0.56327,0.2977099074410366,Neutral,Neutral,13.6,,,0.269,cBioPortal,,True,13.6,,,,uncertain,,,UP,neutral,neutral,neutral,,,,57.5,S,-0.235,1.0331,-22.0625,loss_of_function,-2.38290361859457,,,0.0989,benign,https://doi.org/10.1101/2022.10.22.513328
S1801P,3.88901,5.29286,4.011879973397912,Destabilizing,Destabilizing,13.6,,,,clinvar,,True,13.6,,,,uncertain,,,UP,neutral,neutral,neutral,1747316,Uncertain significance,1,57.5,S,-0.2399,1.0331,-2.8441,loss_of_function,-1.81702459092323,,,0.0952,benign,https://doi.org/10.1101/2022.10.22.513328
V1804L,-0.078,2.0085,0.5548654277621881,Uncertain,Neutral,2.4,,,,clinvar,,False,2.4,,,,neutral,neutral,neutral,UP,neutral,neutral,neutral,1747380,Uncertain significance,1,83.24,E,-0.1095,1.4348,-0.6663,loss_of_function,-2.29707870012824,,,0.377,ambiguous,https://doi.org/10.1101/2022.10.22.513328
S1807G,1.51306,1.17109,0.8826835514961459,Neutral,Neutral,3.5,,,,clinvar,,True,3.5,,,,uncertain,,,DOWN,neutral,neutral,neutral,2450649,Uncertain significance,1,87.25,E,-0.0788,1.4344,-6.7813,loss_of_function,-4.46639128999534,,,0.2204,benign,https://doi.org/10.1101/2022.10.22.513328
S1807I,-0.78889,-1.21803,-0.5226384763539715,Neutral,Neutral,3.5,,,0.473,COSMIC,,True,3.5,,,,uncertain,,,UP,neutral,neutral,neutral,,,,87.25,E,-0.2288,1.4344,-22.0691,loss_of_function,-4.46639128999534,,,0.2991,benign,https://doi.org/10.1101/2022.10.22.513328
C1808Y,19.27788,4.28639,4.180138411800623,Destabilizing,Destabilizing,0.0,,,,clinvar,,True,0.0,,,,neutral,neutral,neutral,UP,neutral,neutral,neutral,1747454,Uncertain significance,1,90.24,E,-0.4907,0.0466,-22.0691,loss_of_function,-4.46639128999534,,,0.9388,pathogenic,https://doi.org/10.1101/2022.10.22.513328
F1810I,3.52203,3.88299,2.742420384428732,Destabilizing,Uncertain,0.0,,,,clinvar,,True,0.0,,,,neutral,neutral,neutral,DOWN,neutral,neutral,neutral,1747475,Uncertain significance,1,90.77,E,-0.3812,0.1212,-22.0691,loss_of_function,-4.46799860190372,,,0.8699,pathogenic,https://doi.org/10.1101/2022.10.22.513328
F1810Y,0.94136,0.93571,0.1921628309733297,Neutral,Neutral,0.0,,,,cBioPortal,,True,0.0,,,,neutral,neutral,neutral,-,uncertain,uncertain,uncertain,,,,90.77,E,-0.2613,0.1212,-8.7812,loss_of_function,-2.7386563198452,,,0.6078,pathogenic,https://doi.org/10.1101/2022.10.22.513328
A1811V,0.13251,0.21735,-0.0800339142841805,Neutral,Neutral,18.7,,,0.218,cBioPortal,,True,18.7,,,,neutral,neutral,neutral,UP,neutral,neutral,destabilizing,,,,86.71,E,-0.0667,1.8791,-8.7779,loss_of_function,-4.04940971976694,,,0.3557,ambiguous,https://doi.org/10.1101/2022.10.22.513328
I1813F,5.86229,1.59592,1.1043803778757957,Uncertain,Uncertain,0.0,,,,clinvar,,True,0.0,,,,neutral,neutral,neutral,UP,neutral,neutral,destabilizing,1747521,Uncertain significance,1,81.66,-,-0.2822,1.1331,-22.0724,loss_of_function,-4.34490848004709,0.9312736533231546,Pathogenic,0.5735,pathogenic,https://doi.org/10.1101/2022.10.22.513328
H1814L,-0.52827,0.16429,-0.1274107890221665,Neutral,Neutral,30.0,,,0.150,"cBioPortal,COSMIC",,True,30.0,,,,neutral,neutral,neutral,UP,neutral,neutral,destabilizing,,,,83.78,-,-0.0591,1.9477,-0.9709,loss_of_function,-4.46959801544162,0.9286671434035224,Pathogenic,0.3835,ambiguous,https://doi.org/10.1101/2022.10.22.513328
H1814Y,-1.1322,-0.28946,-0.3415569976697491,Neutral,Neutral,30.0,,,0.264,"cBioPortal,COSMIC",,True,30.0,,,,neutral,neutral,neutral,UP,neutral,neutral,destabilizing,,,,83.78,-,-0.021,1.9477,-8.7845,loss_of_function,-2.7386563198452,0.9123103520360476,Pathogenic,0.281,benign,https://doi.org/10.1101/2022.10.22.513328
D1816N,0.97816,1.51769,0.4080672922820005,Neutral,Neutral,44.9,,,0.361,cBioPortal,,True,44.9,,,,neutral,neutral,neutral,-,uncertain,uncertain,uncertain,,,,85.08,T,-0.1805,0.591,-6.4627,loss_of_function,-2.58652744475978,0.933777937207867,Pathogenic,0.3812,ambiguous,https://doi.org/10.1101/2022.10.22.513328
D1816Y,-0.01131,1.68844,0.1316153399033864,Neutral,Neutral,44.9,,,0.500,cBioPortal,,True,44.9,,,,neutral,neutral,neutral,UP,neutral,neutral,destabilizing,,,,85.08,T,-0.3384,0.591,-22.0724,loss_of_function,-4.2213175308675,0.9335759379699248,Pathogenic,0.6446,pathogenic,https://doi.org/10.1101/2022.10.22.513328
S1817C,0.85006,0.02211,0.0757297464746031,Neutral,Neutral,0.0,,,0.504,"cBioPortal,COSMIC",,False,0.0,,,,uncertain,,,UP,neutral,neutral,neutral,,,,88.51,-,-0.1693,0.8674,-6.1997,loss_of_function,-2.7386563198452,0.919747600939672,Pathogenic,0.4358,ambiguous,https://doi.org/10.1101/2022.10.22.513328
T1818I,-0.51512,-1.0534,-0.8063668619220093,Neutral,Neutral,16.5,,,0.295,"cBioPortal,clinvar",,False,16.5,,,,uncertain,,,UP,neutral,neutral,neutral,1747625,Uncertain significance,1,86.89,E,-0.0955,1.8133,-5.3252,loss_of_function,-4.46799860190372,0.9250634573997728,Pathogenic,0.2393,benign,https://doi.org/10.1101/2022.10.22.513328
I1819F,8.30655,1.93265,2.308302548690842,Uncertain,Uncertain,0.5,,,0.494,COSMIC,,False,0.5,,,,neutral,neutral,neutral,UP,neutral,neutral,neutral,,,,88.77,E,-0.2504,1.4784,-22.0724,loss_of_function,-3.40012433520752,0.919894546606574,Pathogenic,0.619,pathogenic,https://doi.org/10.1101/2022.10.22.513328
I1819S,5.12628,3.38197,4.558743434300834,Destabilizing,Destabilizing,0.5,,,,clinvar,,False,0.5,,,,neutral,neutral,neutral,DOWN,neutral,neutral,neutral,1747639,Uncertain significance,1,88.77,E,-0.33,1.4784,-22.0724,loss_of_function,-3.40012433520752,0.9322013501183712,Pathogenic,0.9123,pathogenic,https://doi.org/10.1101/2022.10.22.513328
W1821G,7.67219,8.30272,7.629241474380325,Destabilizing,Destabilizing,0.0,,,0.919,COSMIC,,False,0.0,,,,neutral,neutral,neutral,DOWN,neutral,neutral,neutral,,,,88.96,E,-0.5588,0.0233,-22.0724,loss_of_function,-4.46959801544162,0.9155159130167668,Pathogenic,0.9492,pathogenic,https://doi.org/10.1101/2022.10.22.513328
W1821R,5.71635,5.09252,5.641426197479776,Destabilizing,Destabilizing,0.0,,,,clinvar,,False,0.0,,,,neutral,neutral,neutral,DOWN,neutral,neutral,neutral,1747677,Uncertain significance,1,88.96,E,-0.5574,0.0233,-22.0724,loss_of_function,-4.46959801544162,0.9258659789708038,Pathogenic,0.9917,pathogenic,https://doi.org/10.1101/2022.10.22.513328
T1822K,-1.18387,-0.07109,0.3341542084141863,Neutral,Neutral,27.0,,1.59187506964e-05,0.253,"COSMIC,clinvar",,False,27.0,,,,uncertain,,,UP,neutral,neutral,neutral,1747689,Uncertain significance,1,84.08,E,-0.1802,2.4434,-22.0724,loss_of_function,-3.57528629527387,0.9325919703129448,Pathogenic,0.2651,benign,https://doi.org/10.1101/2022.10.22.513328
T1822P,1.68292,3.76293,5.145187961852272,Uncertain,Uncertain,27.0,,,,clinvar,,False,27.0,,,,uncertain,,,-,uncertain,uncertain,uncertain,2449265,Uncertain significance,1,84.08,E,-0.2614,2.4434,-22.0724,loss_of_function,-3.57528629527387,0.91371747797396,Pathogenic,0.8359,pathogenic,https://doi.org/10.1101/2022.10.22.513328
K1823E,2.47026,2.70034,1.5367946408436834,Uncertain,Uncertain,23.4,,,,clinvar,,False,23.4,,,,neutral,neutral,neutral,DOWN,neutral,neutral,neutral,1747694,Uncertain significance,1,86.11,E,-0.268,0.8537,-22.0724,loss_of_function,-4.46799860190372,0.911676465762334,Pathogenic,0.7608,pathogenic,https://doi.org/10.1101/2022.10.22.513328
K1826R,-0.06073,0.22177,-0.3414279055903202,Neutral,Neutral,66.2,,,0.090,cBioPortal,,False,66.2,,,,neutral,neutral,neutral,-,uncertain,uncertain,uncertain,,,,74.47,E,0.1312,3.1485,-3.1122,gain_of_function,-0.961476349142155,0.9197953118623284,Pathogenic,0.0892,benign,https://doi.org/10.1101/2022.10.22.513328
S1827F,-1.27849,-1.88639,-0.8840201618801963,Neutral,Neutral,71.9,,,0.177,"cBioPortal,COSMIC,clinvar",,False,71.9,,,,uncertain,,,UP,neutral,neutral,neutral,1747802,Uncertain significance,1,76.48,E,-0.1033,2.7646,-22.0724,loss_of_function,-3.86417015423655,0.9066081199046676,Pathogenic,0.2185,benign,https://doi.org/10.1101/2022.10.22.513328
S1827P,-1.21434,-1.49524,0.7724389950343036,Neutral,Neutral,71.9,,,,clinvar,,False,71.9,,,,uncertain,,,UP,neutral,neutral,neutral,2367755,Uncertain significance,1,76.48,E,-0.0745,2.7646,-1.6451,loss_of_function,-2.17117436115941,0.0659328745928621,Benign,0.0851,benign,https://doi.org/10.1101/2022.10.22.513328
A1829D,-0.02368,0.49524,1.1180232605545872,Neutral,Neutral,28.8,,,,clinvar,,False,28.8,,,,neutral,neutral,neutral,UP,neutral,neutral,destabilizing,1747821,Uncertain significance,1,80.51,E,-0.1559,2.0382,-6.7846,loss_of_function,-4.03751587846779,0.9295039519479312,Pathogenic,0.6652,pathogenic,https://doi.org/10.1101/2022.10.22.513328
Q1830K,-0.09467,0.63878,0.4134290284745667,Neutral,Neutral,66.1,,,0.010,COSMIC,,False,66.1,,,,neutral,neutral,neutral,UP,neutral,neutral,destabilizing,,,,82.78,E,-0.0988,1.5942,-5.0809,loss_of_function,-4.15060477213374,0.9330616965573346,Pathogenic,0.1047,benign,https://doi.org/10.1101/2022.10.22.513328
R1833I,1.19592,1.15068,0.972339162265276,Neutral,Neutral,8.5,,,0.447,"cBioPortal,COSMIC",,False,8.5,,,,neutral,neutral,neutral,DOWN,neutral,neutral,destabilizing,,,,76.95,-,-0.3224,0.5244,-8.7878,loss_of_function,-4.02323039893678,0.9319401473405684,Pathogenic,0.4846,ambiguous,https://doi.org/10.1101/2022.10.22.513328
D1837N,1.82268,1.56701,0.1637034375074997,Neutral,Neutral,43.9,,,,clinvar,,False,43.9,,,,neutral,neutral,neutral,-,uncertain,uncertain,uncertain,1748014,Uncertain significance,1,73.42,-,-0.2336,0.1433,-8.7943,loss_of_function,-2.60234615522221,,,0.3303,benign,https://doi.org/10.1101/2022.10.22.513328
N1838S,0.24735,1.79116,0.346030077941542,Neutral,Neutral,55.8,,,,clinvar,,False,55.8,,,,neutral,neutral,neutral,DOWN,neutral,neutral,destabilizing,2450616,Uncertain significance,1,81.09,-,-0.0684,1.553,-5.094,loss_of_function,-1.0472667382086,,,0.0783,benign,https://doi.org/10.1101/2022.10.22.513328
S1839F,0.93169,0.38367,-1.183322161356145,Neutral,Neutral,40.9,,,,clinvar,,False,40.9,,,,uncertain,,,UP,neutral,neutral,neutral,1748054,Uncertain significance,1,79.68,-,-0.129,1.6608,-7.2094,loss_of_function,-4.22999097684671,,,0.5908,pathogenic,https://doi.org/10.1101/2022.10.22.513328
T1840I,-0.53256,0.77619,-0.8196982656216079,Neutral,Neutral,30.6,,,,clinvar,,True,30.6,,,,uncertain,,,UP,neutral,neutral,neutral,1748059,Uncertain significance,1,84.55,E,-0.0486,2.387,-6.4725,loss_of_function,-0.961244109431567,,,0.1428,benign,https://doi.org/10.1101/2022.10.22.513328
S1842C,0.03636,-1.4585,-0.5177553401370338,Neutral,Neutral,0.0,,,,clinvar,,True,0.0,,,,uncertain,,,UP,neutral,neutral,neutral,1748090,Uncertain significance,1,87.74,E,-0.1015,1.6371,-6.7911,loss_of_function,-2.60234615522221,,,0.1561,benign,https://doi.org/10.1101/2022.10.22.513328
S1842F,3.33806,-0.23469,-2.1797443173860773,Uncertain,Uncertain,0.0,,,0.452,"cBioPortal,COSMIC",,True,0.0,,,,uncertain,,,UP,neutral,neutral,neutral,,,,87.74,E,-0.1393,1.6371,-8.791,loss_of_function,-4.22999097684671,,,0.3406,ambiguous,https://doi.org/10.1101/2022.10.22.513328
S1842P,4.87841,3.16156,2.708478180033889,Destabilizing,Uncertain,0.0,,,,clinvar,,True,0.0,,,,uncertain,,,UP,neutral,neutral,neutral,2450686,Uncertain significance,1,87.74,E,-0.2825,1.6371,-22.0789,loss_of_function,-4.22999097684671,,,0.793,pathogenic,https://doi.org/10.1101/2022.10.22.513328
F1843S,5.88029,4.6881,5.902616417837223,Destabilizing,Destabilizing,1.4,3.18349675283e-05,,0.337,"COSMIC,clinvar",,True,1.4,,,,neutral,neutral,neutral,DOWN,neutral,neutral,neutral,1748103,Uncertain significance,1,88.34,E,-0.3884,0.4244,-22.0789,loss_of_function,-2.89009015482302,,,0.7453,pathogenic,https://doi.org/10.1101/2022.10.22.513328
A1844V,-0.32946,-1.19898,0.1541189412609078,Neutral,Neutral,0.0,,,,clinvar,,True,0.0,,,,neutral,neutral,neutral,UP,neutral,neutral,neutral,1748144,Uncertain significance,1,85.75,E,-0.1199,1.1725,-6.4692,loss_of_function,-1.81570884722587,,,0.1742,benign,https://doi.org/10.1101/2022.10.22.513328
V1846M,-0.27125,2.15782,1.2206321823791058,Uncertain,Neutral,4.2,,7.9632416764e-06,0.122,"cBioPortal,clinvar",,True,4.2,,,,neutral,neutral,neutral,UP,neutral,neutral,neutral,1748170,Uncertain significance,1,79.11,S,-0.13,1.6321,-6.4692,loss_of_function,-1.89084075272095,,,0.1376,benign,https://doi.org/10.1101/2022.10.22.513328
Q1847E,1.12149,0.64932,0.5254266489342269,Neutral,Neutral,40.2,,,,clinvar,,True,40.2,,,,neutral,neutral,neutral,DOWN,neutral,neutral,neutral,1748175,Uncertain significance,1,75.66,S,-0.0657,1.6708,-5.4692,loss_of_function,-2.60234615522221,,,0.0878,benign,https://doi.org/10.1101/2022.10.22.513328
Q1847H,1.17821,-1.05748,-0.2198979016554542,Neutral,Neutral,40.2,,,0.102,"cBioPortal,COSMIC",,True,40.2,,,,neutral,neutral,neutral,UP,neutral,neutral,neutral,,,,75.66,S,-0.0633,1.6708,-5.7912,loss_of_function,-4.22838432388296,,,0.3093,benign,https://doi.org/10.1101/2022.10.22.513328
Q1847P,5.08441,8.23061,6.716038899396937,Destabilizing,Destabilizing,40.2,,,,clinvar,,True,40.2,,,,neutral,neutral,neutral,DOWN,neutral,neutral,neutral,1748197,Uncertain significance,1,75.66,S,-0.3189,1.6708,-22.0789,loss_of_function,-4.22838432388296,,,0.2949,benign,https://doi.org/10.1101/2022.10.22.513328
P1850L,1.29796,-0.33503,-0.8215276283164669,Neutral,Neutral,81.6,,,,clinvar,,True,81.6,,,,neutral,neutral,neutral,UP,neutral,neutral,neutral,1748226,Likely benign,1,76.75,T,-0.0102,3.0784,-5.9838,loss_of_function,0.0049838559796293,,,0.0762,benign,https://doi.org/10.1101/2022.10.22.513328
P1850Q,1.40445,0.12959,-0.2042311367230115,Neutral,Neutral,81.6,,,0.023,COSMIC,,True,81.6,,,,neutral,neutral,neutral,UP,neutral,neutral,neutral,,,,76.75,T,0.0312,3.0784,-1.8487,gain_of_function,0.172289707467791,,,0.0495,benign,https://doi.org/10.1101/2022.10.22.513328
K1851N,0.22036,-0.29898,0.1041290546489304,Neutral,Neutral,78.9,,,,clinvar,,True,78.9,,,,neutral,neutral,neutral,DOWN,neutral,neutral,mixed_effects,1748249,Uncertain significance,1,75.63,T,-0.1065,1.8003,-8.791,loss_of_function,-3.45022848949687,,,0.4941,ambiguous,https://doi.org/10.1101/2022.10.22.513328
D1852G,4.62361,2.72075,3.5065932220647893,Uncertain,Destabilizing,4.9,,,,clinvar,,False,4.9,,,,neutral,neutral,neutral,DOWN,neutral,neutral,stabilizing,2497247,Uncertain significance,1,84.91,S,-0.3531,0.0648,-22.0789,loss_of_function,-4.22999097684671,,,0.7901,pathogenic,https://doi.org/10.1101/2022.10.22.513328
D1852N,1.98611,0.5381,2.224842271096069,Neutral,Uncertain,4.9,,,0.751,"COSMIC,clinvar",,False,4.9,,,,neutral,neutral,neutral,-,uncertain,uncertain,uncertain,1748254,Uncertain significance,1,84.91,S,-0.3086,0.0648,-22.0789,loss_of_function,-2.60234615522221,,,0.5595,ambiguous,https://doi.org/10.1101/2022.10.22.513328
Q1853E,0.13346,0.03197,0.662297670263677,Neutral,Neutral,36.9,0.0002866242038217,0.0005094770695516,0.332,"cBioPortal,COSMIC",,False,36.9,,,,neutral,neutral,neutral,DOWN,neutral,neutral,neutral,,,,85.96,-,-0.1307,1.8853,-22.0789,loss_of_function,-2.60234615522221,,,0.1124,benign,https://doi.org/10.1101/2022.10.22.513328
G1854A,2.81937,2.11429,2.4762785296418333,Uncertain,Uncertain,41.2,,,,clinvar,,False,41.2,,,,neutral,neutral,neutral,UP,neutral,neutral,neutral,2497273,Uncertain significance,1,86.89,E,-0.3061,0.0417,-7.7944,loss_of_function,-4.22999097684671,,,0.695,pathogenic,https://doi.org/10.1101/2022.10.22.513328
G1854R,6.8819,7.17993,3.503742034706601,Destabilizing,Destabilizing,41.2,,,,clinvar,,False,41.2,,,,neutral,neutral,neutral,UP,neutral,neutral,neutral,1748310,Uncertain significance,1,86.89,E,-0.4556,0.0417,-22.0821,loss_of_function,-4.22999097684671,,,0.9507,pathogenic,https://doi.org/10.1101/2022.10.22.513328
L1855P,2.42255,2.62347,3.3412696411320795,Uncertain,Uncertain,46.4,,,,clinvar,,True,46.4,,,,neutral,neutral,neutral,DOWN,neutral,neutral,neutral,1748328,Uncertain significance,1,84.61,E,-0.2964,2.2353,-22.0854,loss_of_function,-3.74573826549867,,,0.5563,ambiguous,https://doi.org/10.1101/2022.10.22.513328
Y1856C,4.58457,4.10748,4.771380144512004,Destabilizing,Destabilizing,3.5,,,0.795,COSMIC,,True,3.5,,,,uncertain,,,DOWN,neutral,neutral,neutral,,,,90.35,E,-0.4165,0.0584,-22.0854,loss_of_function,-4.22999097684671,,,0.8844,pathogenic,https://doi.org/10.1101/2022.10.22.513328
Y1856N,4.24304,4.62007,4.454308626106236,Destabilizing,Destabilizing,3.5,,,0.857,"cBioPortal,COSMIC",,True,3.5,,,,uncertain,,,DOWN,neutral,neutral,neutral,,,,90.35,E,-0.4391,0.0584,-22.0854,loss_of_function,-4.22999097684671,,,0.9307,pathogenic,https://doi.org/10.1101/2022.10.22.513328
C1858Y,16.92156,4.54354,3.976279756665555,Destabilizing,Destabilizing,0.0,,,0.633,"cBioPortal,COSMIC",,True,0.0,,,,neutral,neutral,neutral,UP,neutral,neutral,neutral,,,,90.03,E,-0.495,0.0001,-22.0854,loss_of_function,-4.22999097684671,,,0.9479,pathogenic,https://doi.org/10.1101/2022.10.22.513328
C1859S,0.49644,0.16599,0.2625816800196467,Neutral,Neutral,18.6,,3.979972777e-06,0.216,cBioPortal,,True,18.6,,,,neutral,neutral,neutral,DOWN,neutral,neutral,neutral,,,,88.5,E,-0.1573,2.477,-3.0163,loss_of_function,-0.970070412482467,,,0.1734,benign,https://doi.org/10.1101/2022.10.22.513328
C1859Y,1.84139,-1.32687,-1.2578716777019894,Neutral,Neutral,18.6,,,,clinvar,,True,18.6,,,,neutral,neutral,neutral,UP,neutral,neutral,neutral,1748391,Uncertain significance,1,88.5,E,-0.1993,2.477,-8.7975,loss_of_function,-3.98776234994239,,,0.2544,benign,https://doi.org/10.1101/2022.10.22.513328
I1860N,5.46887,2.55884,3.9214619255983534,Uncertain,Destabilizing,0.0,,,,clinvar,,True,0.0,,,,neutral,neutral,neutral,DOWN,neutral,neutral,neutral,1748402,Uncertain significance,1,90.47,E,-0.3593,1.1232,-22.0854,loss_of_function,-3.12872715941365,,,0.9156,pathogenic,https://doi.org/10.1101/2022.10.22.513328
N1862K,5.25858,5.91293,4.026814650978281,Destabilizing,Destabilizing,2.7,,,,clinvar,,False,2.7,,,,neutral,neutral,neutral,UP,neutral,neutral,neutral,1748443,Uncertain significance,1,90.33,E,-0.2537,0.8441,-22.0854,loss_of_function,-4.22999097684671,,,0.9871,pathogenic,https://doi.org/10.1101/2022.10.22.513328
N1862T,1.84344,0.80986,2.052525316409907,Neutral,Uncertain,2.7,,,,clinvar,,False,2.7,,,,neutral,neutral,neutral,-,uncertain,uncertain,uncertain,1748441,Uncertain significance,1,90.33,E,-0.194,0.8441,-7.2127,loss_of_function,-4.22999097684671,,,0.8998,pathogenic,https://doi.org/10.1101/2022.10.22.513328
S1863T,1.1173,1.02041,0.0724847661966782,Neutral,Neutral,74.5,,,,clinvar,,False,74.5,,,,neutral,,,UP,neutral,neutral,destabilizing,1748454,Uncertain significance,1,88.71,T,0.0337,2.4251,-6.2159,gain_of_function,-2.27688460166558,,,0.1309,benign,https://doi.org/10.1101/2022.10.22.513328
G1865E,3.092,5.56361,3.901329938865399,Destabilizing,Destabilizing,69.1,,,0.710,cBioPortal,,False,69.1,,,,neutral,neutral,neutral,UP,neutral,neutral,destabilizing,,,,86.3,E,-0.4204,0.2401,-22.0918,loss_of_function,-4.22999097684671,,,0.8399,pathogenic,https://doi.org/10.1101/2022.10.22.513328
G1865R,3.22892,5.03333,2.8545630027311324,Destabilizing,Uncertain,69.1,,7.959945554e-06,0.727,"cBioPortal,COSMIC",,False,69.1,,,,neutral,neutral,neutral,UP,neutral,neutral,destabilizing,,,,86.3,E,-0.4374,0.2401,-22.0918,loss_of_function,-4.22999097684671,,,0.7538,pathogenic,https://doi.org/10.1101/2022.10.22.513328
V1867L,1.00267,1.60748,0.5558482604863557,Neutral,Neutral,32.9,,,,"cBioPortal,clinvar",,False,32.9,,,,neutral,neutral,neutral,UP,neutral,neutral,neutral,1748521,Uncertain significance,1,89.7,E,-0.0932,1.92,-6.2192,loss_of_function,-2.2563539348952,,,0.5784,pathogenic,https://doi.org/10.1101/2022.10.22.513328
A1869V,2.36224,1.27925,0.4356465851165414,Uncertain,Uncertain,2.4,,,0.255,"cBioPortal,COSMIC",,False,2.4,,,,neutral,neutral,neutral,UP,neutral,neutral,neutral,,,,88.67,E,-0.0896,1.632,-8.804,loss_of_function,-3.26604321414574,,,0.3259,benign,https://doi.org/10.1101/2022.10.22.513328
F1871L,1.52812,1.04932,2.1813888134014654,Neutral,Uncertain,26.3,,,,clinvar,,False,26.3,,,,neutral,neutral,neutral,DOWN,neutral,neutral,destabilizing,1748638,Uncertain significance,1,89.5,E,-0.1552,1.2543,-5.6342,loss_of_function,-4.22999097684671,,,0.9776,pathogenic,https://doi.org/10.1101/2022.10.22.513328
T1874R,1.70013,1.09762,0.5292906151090071,Neutral,Neutral,48.4,,1.19367827983e-05,0.282,"cBioPortal,clinvar",,True,48.4,,,,uncertain,,,UP,neutral,neutral,neutral,2451081,Uncertain significance,1,85.62,-,-0.2394,1.0952,-8.804,loss_of_function,-3.90338665543214,,,0.4995,ambiguous,https://doi.org/10.1101/2022.10.22.513328
A1875S,0.90591,0.55476,0.2648075361570906,Neutral,Neutral,72.8,,,0.104,COSMIC,,True,72.8,,,,neutral,neutral,neutral,-,uncertain,uncertain,uncertain,,,,82.85,H,0.0365,2.6306,-2.6956,gain_of_function,-1.23560240104487,,,0.102,benign,https://doi.org/10.1101/2022.10.22.513328
E1876D,0.1765,0.49524,0.3979848489613358,Neutral,Neutral,81.8,,,,clinvar,,True,81.8,,,,neutral,neutral,neutral,DOWN,neutral,neutral,destabilizing,1748721,Uncertain significance,1,79.44,H,-0.0847,1.0932,-2.4259,loss_of_function,-2.40579026351893,,,0.1501,benign,https://doi.org/10.1101/2022.10.22.513328
E1876K,0.99244,0.61497,0.4877348192459163,Neutral,Neutral,81.8,,,0.167,"cBioPortal,COSMIC",,True,81.8,,,,neutral,neutral,neutral,UP,neutral,neutral,neutral,,,,79.44,H,-0.1735,1.0932,-8.8008,loss_of_function,-3.90601938623105,,,0.1395,benign,https://doi.org/10.1101/2022.10.22.513328
V1877A,0.65812,1.10442,1.351153433399226,Neutral,Neutral,33.6,,,,clinvar,,True,33.6,,,,neutral,neutral,neutral,DOWN,neutral,neutral,neutral,1748763,Uncertain significance,1,81.84,H,-0.1626,1.1169,-5.4692,loss_of_function,-3.54962411243594,,,0.42,ambiguous,https://doi.org/10.1101/2022.10.22.513328
L1878F,2.34798,2.12177,1.209687244873963,Uncertain,Uncertain,8.9,,,0.107,COSMIC,,True,8.9,,,,neutral,neutral,neutral,UP,neutral,neutral,neutral,,,,81.14,H,-0.256,0.3083,-8.7878,loss_of_function,-3.33119655868252,,,0.3838,ambiguous,https://doi.org/10.1101/2022.10.22.513328
L1881R,2.11467,2.37075,2.634499597064342,Uncertain,Uncertain,19.8,,,0.216,"cBioPortal,COSMIC",,False,19.8,,,,neutral,neutral,neutral,UP,neutral,neutral,neutral,,,,70.02,H,-0.3243,1.8981,-22.0918,loss_of_function,-3.3285408803616,,,0.5611,ambiguous,https://doi.org/10.1101/2022.10.22.513328
R1884C,0.91336,0.33844,1.3105158621083282,Neutral,Neutral,67.1,0.0381307339449541,0.0343161447471065,0.121,"cBioPortal,COSMIC",,False,67.1,,,,neutral,neutral,neutral,DOWN,neutral,neutral,mixed_effects,,,,40.72,-,-0.1012,2.5392,-5.8009,loss_of_function,-1.8457493180638,,,0.0782,benign,https://doi.org/10.1101/2022.10.22.513328
R1884H,0.86381,0.21293,0.2572920511650356,Neutral,Neutral,67.1,,3.58191847554e-05,0.021,cBioPortal,,False,67.1,,,,neutral,neutral,neutral,DOWN,neutral,neutral,mixed_effects,,,,40.72,-,-0.0459,2.5392,-2.631,loss_of_function,-0.0477732972100034,,,0.0562,benign,https://doi.org/10.1101/2022.10.22.513328
Q1885H,0.38938,0.41156,-0.3150917697369382,Neutral,Neutral,92.5,,,,clinvar,,False,92.5,,,,neutral,neutral,neutral,UP,neutral,neutral,neutral,1748891,Uncertain significance,1,36.77,-,0.0035,2.4763,-7.2224,gain_of_function,-1.58905778178548,,,0.147,benign,https://doi.org/10.1101/2022.10.22.513328
T1887S,0.26134,-0.57653,0.1007576097443263,Neutral,Neutral,88.4,,,,clinvar,,False,88.4,,,,neutral,,,DOWN,neutral,neutral,stabilizing,1748921,Uncertain significance,1,41.73,-,0.1147,3.3937,-4.8074,gain_of_function,-0.366567112276214,,,0.0861,benign,https://doi.org/10.1101/2022.10.22.513328
K1888E,-0.24921,1.46429,-0.2187970938810479,Neutral,Neutral,104.7,,,,clinvar,,False,104.7,,,,neutral,neutral,neutral,DOWN,neutral,neutral,stabilizing,1748930,Uncertain significance,1,42.85,-,-0.0403,2.1499,-0.8244,loss_of_function,-1.02114884177134,,,0.096,benign,https://doi.org/10.1101/2022.10.22.513328
E1891G,0.90763,1.86871,2.88050272333176,Neutral,Uncertain,15.9,,,,clinvar,,False,15.9,,,,neutral,neutral,neutral,DOWN,neutral,neutral,neutral,1748980,Uncertain significance,1,81.22,E,-0.334,0.1269,-22.0918,loss_of_function,-3.71988835482933,,,0.7847,pathogenic,https://doi.org/10.1101/2022.10.22.513328
E1892D,0.73773,0.39558,1.011016314614147,Neutral,Neutral,48.9,,,,clinvar,,True,48.9,,,,neutral,neutral,neutral,DOWN,neutral,neutral,neutral,1748992,Uncertain significance,1,84.8,E,-0.1549,0.4231,-4.1037,loss_of_function,-2.29472272197426,,,0.2363,benign,https://doi.org/10.1101/2022.10.22.513328
E1894K,-0.70132,0.96327,1.1710100548145823,Neutral,Neutral,17.4,,,0.242,cBioPortal,,True,17.4,,,,neutral,neutral,neutral,UP,neutral,neutral,neutral,,,,90.29,E,-0.1675,0.9824,-5.6374,loss_of_function,-3.71988835482933,,,0.4885,ambiguous,https://doi.org/10.1101/2022.10.22.513328
F1895I,3.79466,3.10782,2.9618862637902152,Destabilizing,Uncertain,0.9,,,,clinvar,,True,0.9,,,,neutral,neutral,neutral,DOWN,neutral,neutral,neutral,1749044,Uncertain significance,1,91.0,E,-0.2534,1.5115,-22.0951,loss_of_function,-3.72135066396285,,,0.7886,pathogenic,https://doi.org/10.1101/2022.10.22.513328
F1895L,0.96353,1.21531,2.0162825646478466,Neutral,Uncertain,0.9,,,0.109,"cBioPortal,COSMIC",,True,0.9,,,,neutral,neutral,neutral,DOWN,neutral,neutral,neutral,,,,91.0,E,-0.1396,1.5115,-7.2224,loss_of_function,-3.72135066396285,,,0.9833,pathogenic,https://doi.org/10.1101/2022.10.22.513328
I1899L,0.29089,-0.23741,0.3422287414822617,Neutral,Neutral,49.6,,,0.045,"cBioPortal,clinvar",,True,49.6,,,,neutral,neutral,neutral,-,uncertain,uncertain,uncertain,1749104,Uncertain significance,1,87.02,E,-0.0183,2.0637,-2.0,loss_of_function,-2.29472272197426,,,0.1501,benign,https://doi.org/10.1101/2022.10.22.513328
E1902D,0.14558,-0.02755,0.2276827270193909,Neutral,Neutral,104.9,,,,clinvar,,False,104.9,,,,neutral,neutral,neutral,DOWN,neutral,neutral,stabilizing,1749189,Uncertain significance,1,73.98,S,-0.0527,1.5377,-4.1763,loss_of_function,-0.875126391621635,,,0.1292,benign,https://doi.org/10.1101/2022.10.22.513328
E1902K,-0.35102,0.03095,0.3508496253994747,Neutral,Neutral,104.9,,,0.184,"cBioPortal,COSMIC",,False,104.9,,,,neutral,neutral,neutral,UP,neutral,neutral,neutral,,,,73.98,S,-0.0926,1.5377,-0.9684,loss_of_function,-2.88560664896761,,,0.2201,benign,https://doi.org/10.1101/2022.10.22.513328
D1903A,1.52777,1.91871,1.236061535732498,Neutral,Neutral,41.0,,,,clinvar,,False,41.0,,,,neutral,neutral,neutral,DOWN,neutral,neutral,neutral,1749193,Uncertain significance,1,80.3,S,-0.2387,1.1883,-22.1079,loss_of_function,-3.71988835482933,,,0.6131,pathogenic,https://doi.org/10.1101/2022.10.22.513328
D1903Y,1.02712,2.41837,1.0259481247685482,Uncertain,Neutral,41.0,,3.9887676304e-06,0.381,"cBioPortal,COSMIC",,False,41.0,,,,neutral,neutral,neutral,UP,neutral,neutral,stabilizing,,,,80.3,S,-0.2837,1.1883,-22.1079,loss_of_function,-3.71988835482933,,,0.588,pathogenic,https://doi.org/10.1101/2022.10.22.513328
L1905F,3.63351,1.85,1.6380461800123325,Uncertain,Uncertain,2.7,,,0.051,COSMIC,,False,2.7,,,,neutral,neutral,neutral,UP,neutral,neutral,neutral,,,,83.0,T,-0.0903,1.8992,-5.0128,loss_of_function,-1.40164398936969,,,0.1199,benign,https://doi.org/10.1101/2022.10.22.513328
H1906N,-0.20549,0.78571,0.7836525831748281,Neutral,Neutral,58.0,,,0.025,"cBioPortal,COSMIC",,False,58.0,,,,neutral,neutral,neutral,DOWN,neutral,neutral,destabilizing,,,,74.54,T,-0.0232,2.0102,-3.4983,loss_of_function,-0.419153444632949,,,0.0626,benign,https://doi.org/10.1101/2022.10.22.513328
H1906Y,-0.22168,0.5932,0.270845645252753,Neutral,Neutral,58.0,,,0.052,"cBioPortal,COSMIC",,False,58.0,,,,neutral,neutral,neutral,UP,neutral,neutral,neutral,,,,74.54,T,-0.0832,2.0102,-22.1079,loss_of_function,-1.26684311022457,,,0.0908,benign,https://doi.org/10.1101/2022.10.22.513328
S1908I,-1.20682,-1.31735,0.2908800285499641,Neutral,Neutral,11.1,,,0.186,"cBioPortal,COSMIC",,False,11.1,,,,uncertain,,,UP,neutral,neutral,neutral,,,,84.52,E,-0.2013,1.7354,-22.1079,loss_of_function,-3.33347853464135,,,0.2296,benign,https://doi.org/10.1101/2022.10.22.513328
Y1909C,1.26553,1.62755,2.0303972662602003,Neutral,Uncertain,54.1,,,0.326,"cBioPortal,COSMIC",,True,54.1,,,,uncertain,,,DOWN,neutral,neutral,neutral,,,,86.45,E,-0.1382,2.0018,-2.5723,loss_of_function,-3.71988835482933,,,0.2467,benign,https://doi.org/10.1101/2022.10.22.513328
G1911A,1.6484,2.80918,0.8264147646466488,Uncertain,Neutral,14.7,,,,clinvar,,True,14.7,,,,neutral,neutral,neutral,UP,neutral,neutral,neutral,2449302,Uncertain significance,1,80.83,-,-0.2641,0.389,-5.8202,loss_of_function,-3.71988835482933,,,0.2655,benign,https://doi.org/10.1101/2022.10.22.513328
G1911R,0.4139,3.73503,1.641409915562621,Uncertain,Neutral,14.7,,,0.379,"cBioPortal,COSMIC",,True,14.7,,,,neutral,neutral,neutral,UP,neutral,neutral,neutral,,,,80.83,-,-0.4238,0.389,-22.1079,loss_of_function,-3.71988835482933,,,0.5388,ambiguous,https://doi.org/10.1101/2022.10.22.513328
G1912C,-0.16405,0.14252,0.5486237257987275,Neutral,Neutral,130.0,,,,clinvar,,True,130.0,,,,neutral,neutral,neutral,UP,neutral,neutral,neutral,1749346,Uncertain significance,1,73.75,-,-0.2528,2.0642,-22.1079,loss_of_function,-2.6101623045488,,,0.1801,benign,https://doi.org/10.1101/2022.10.22.513328
R1913C,0.21231,0.17415,0.9995049734241436,Neutral,Neutral,66.1,0.0081528662420382,0.0081824914591513,0.182,"COSMIC,clinvar",,False,66.1,,,,neutral,neutral,neutral,DOWN,neutral,neutral,neutral,771772,Benign/Likely benign,2,82.6,-,-0.1595,2.0731,-8.82,loss_of_function,-2.25153534596949,,,0.0999,benign,https://doi.org/10.1101/2022.10.22.513328
R1913H,-0.05166,-0.5432,0.4932373625873715,Neutral,Neutral,66.1,,1.9904934035e-05,0.094,"cBioPortal,COSMIC,clinvar",,False,66.1,,,,neutral,neutral,neutral,DOWN,neutral,neutral,neutral,2450514,Likely benign,1,82.6,-,-0.0942,2.0731,-3.6909,loss_of_function,-0.999355926367831,,,0.0676,benign,https://doi.org/10.1101/2022.10.22.513328
R1915C,0.37298,1.20306,1.4925908475876375,Neutral,Neutral,62.2,,,,clinvar,,False,62.2,,,,neutral,neutral,neutral,DOWN,neutral,neutral,neutral,1749398,Uncertain significance,1,86.56,E,-0.156,2.0236,-7.2384,loss_of_function,-2.94916950735641,,,0.1365,benign,https://doi.org/10.1101/2022.10.22.513328
R1915H,0.25428,-0.12653,0.4927163895387298,Neutral,Neutral,62.2,3.18390219052e-05,3.5825173155e-05,0.044,"cBioPortal,clinvar",,False,62.2,,,,neutral,neutral,neutral,DOWN,neutral,neutral,neutral,2451196,Uncertain significance,1,86.56,E,-0.0943,2.0236,-2.8234,loss_of_function,-1.05781139133656,,,0.0851,benign,https://doi.org/10.1101/2022.10.22.513328
R1915P,-0.19374,2.97585,1.3826839757063965,Uncertain,Neutral,62.2,,,,clinvar,,False,62.2,,,,neutral,neutral,neutral,DOWN,neutral,neutral,neutral,2449282,Uncertain significance,1,86.56,E,-0.2681,2.0236,-3.0955,loss_of_function,-2.94916950735641,,,0.4794,ambiguous,https://doi.org/10.1101/2022.10.22.513328
R1915S,0.76177,0.88401,0.9682566299852082,Neutral,Neutral,62.2,,,0.153,cBioPortal,,False,62.2,,,,neutral,neutral,neutral,DOWN,neutral,neutral,neutral,,,,86.56,E,-0.1506,2.0236,-7.8233,loss_of_function,-2.94916950735641,,,0.4203,ambiguous,https://doi.org/10.1101/2022.10.22.513328
G1916D,11.58198,9.03912,5.730617748383031,Destabilizing,Destabilizing,2.7,,,0.247,"cBioPortal,COSMIC",,False,2.7,,,,neutral,neutral,neutral,UP,neutral,neutral,neutral,,,,86.5,E,-0.3586,0.9208,-22.1111,loss_of_function,-3.71988835482933,,,0.9703,pathogenic,https://doi.org/10.1101/2022.10.22.513328
Q1917E,0.8956,0.5,0.372605507837071,Neutral,Neutral,35.3,,3.9800678204e-06,0.188,"cBioPortal,clinvar",,False,35.3,,,,neutral,neutral,neutral,DOWN,neutral,neutral,neutral,1749418,Uncertain significance,1,85.58,E,-0.1331,1.8607,-22.1111,loss_of_function,-2.29472272197426,,,0.1241,benign,https://doi.org/10.1101/2022.10.22.513328
A1919T,0.27483,1.72109,0.2009651663873057,Neutral,Neutral,37.7,0.0001273479783508,0.0001392923946353,0.060,"cBioPortal,COSMIC",,True,37.7,,,,neutral,neutral,neutral,UP,neutral,neutral,neutral,,,,85.07,E,-0.0141,2.3191,-5.8234,loss_of_function,-1.65456980070776,,,0.1145,benign,https://doi.org/10.1101/2022.10.22.513328
T1920A,0.56104,0.83333,0.2993328562010483,Neutral,Neutral,15.6,,,,clinvar,,True,15.6,,,,uncertain,,,DOWN,neutral,neutral,neutral,1749455,Uncertain significance,1,84.78,E,-0.1119,1.5478,-8.8232,loss_of_function,-2.29472272197426,,,0.3071,benign,https://doi.org/10.1101/2022.10.22.513328
T1920M,-0.91051,0.88639,-0.4060784044394222,Neutral,Neutral,15.6,,6.36729755973e-05,0.389,"cBioPortal,COSMIC,clinvar",,True,15.6,,,,uncertain,,,UP,neutral,neutral,neutral,2450692,Uncertain significance,1,84.78,E,-0.1279,1.5478,-3.1795,loss_of_function,-3.71988835482933,,,0.3019,benign,https://doi.org/10.1101/2022.10.22.513328
E1921K,-0.01225,2.05238,0.3387449994522973,Uncertain,Neutral,64.0,,,0.250,"cBioPortal,COSMIC",,True,64.0,,,,neutral,neutral,neutral,UP,neutral,neutral,stabilizing,,,,79.14,E,-0.1786,0.8542,-5.5014,loss_of_function,-3.71988835482933,,,0.3355,benign,https://doi.org/10.1101/2022.10.22.513328
E1921Q,0.19213,-0.06293,0.3675148159462299,Neutral,Neutral,64.0,,,,clinvar,,True,64.0,,,,neutral,neutral,neutral,UP,neutral,neutral,stabilizing,1749492,Uncertain significance,1,79.14,E,-0.1216,0.8542,-4.016,loss_of_function,-2.29472272197426,,,0.3217,benign,https://doi.org/10.1101/2022.10.22.513328
F1925V,2.43481,0.79388,1.2862641570848088,Uncertain,Uncertain,35.2,,,0.391,"cBioPortal,COSMIC",,False,35.2,,,,neutral,neutral,neutral,DOWN,neutral,neutral,destabilizing,,,,78.43,E,-0.0761,2.3124,-2.9005,loss_of_function,-3.71988835482933,,,0.9556,pathogenic,https://doi.org/10.1101/2022.10.22.513328
G1926E,-1.12533,-0.93503,-0.274257553860317,Neutral,Neutral,76.3,,,0.420,COSMIC,,False,76.3,,,,neutral,neutral,neutral,UP,neutral,neutral,stabilizing,,,,70.22,E,-0.4242,0.1997,-22.0983,loss_of_function,-3.71988835482933,,,0.9874,pathogenic,https://doi.org/10.1101/2022.10.22.513328
E1927G,1.48203,-0.3585,1.1403054860111232,Neutral,Neutral,15.6,,,,clinvar,,False,15.6,,,,neutral,neutral,neutral,DOWN,neutral,neutral,destabilizing,2450528,Uncertain significance,1,73.19,E,-0.075,1.9124,-3.5316,loss_of_function,-3.71988835482933,,,0.6385,pathogenic,https://doi.org/10.1101/2022.10.22.513328
G1928E,0.16281,-0.37925,-0.6657296998527723,Neutral,Neutral,101.6,0.0006686620391008,0.0004256944389188,0.600,"cBioPortal,COSMIC,clinvar",,False,101.6,,,,neutral,neutral,neutral,UP,neutral,neutral,mixed_effects,1749617,Uncertain significance,1,68.12,E,-0.3964,0.5017,-22.1111,loss_of_function,-3.71988835482933,,,0.9432,pathogenic,https://doi.org/10.1101/2022.10.22.513328
V1929A,-0.1909,1.28503,0.962666097435855,Neutral,Neutral,52.2,,,0.258,"cBioPortal,COSMIC",,False,52.2,,,,neutral,neutral,neutral,DOWN,neutral,neutral,stabilizing,,,,65.89,T,-0.0217,2.7463,-7.232,loss_of_function,-3.71988835482933,,,0.7418,pathogenic,https://doi.org/10.1101/2022.10.22.513328
V1929F,-1.15054,0.69354,0.1649526647110238,Neutral,Neutral,52.2,,,,clinvar,,False,52.2,,,,neutral,neutral,neutral,UP,neutral,neutral,stabilizing,1749625,Uncertain significance,1,65.89,T,-0.0762,2.7463,-2.7946,loss_of_function,-3.71988835482933,,,0.4355,ambiguous,https://doi.org/10.1101/2022.10.22.513328
V1929I,-0.61683,-0.11054,0.3863330086519234,Neutral,Neutral,52.2,,,,clinvar,,False,52.2,,,,neutral,neutral,neutral,UP,neutral,neutral,stabilizing,1749621,Uncertain significance,1,65.89,T,0.0428,2.7463,-7.232,gain_of_function,-2.29472272197426,,,0.1309,benign,https://doi.org/10.1101/2022.10.22.513328
R1931C,1.23554,0.07109,1.5937562754340944,Neutral,Neutral,28.7,0.0001591647036353,0.0001034455319488,0.454,"cBioPortal,clinvar",,False,28.7,,,,neutral,neutral,neutral,DOWN,neutral,neutral,neutral,1749670,Uncertain significance,1,86.64,E,-0.3256,1.0043,-22.0886,loss_of_function,-3.71988835482933,,,0.7913,pathogenic,https://doi.org/10.1101/2022.10.22.513328
R1931G,2.84528,0.9102,2.921833167809238,Uncertain,Uncertain,28.7,,,,clinvar,,False,28.7,,,,neutral,neutral,neutral,DOWN,neutral,neutral,neutral,1749669,Uncertain significance,1,86.64,E,-0.2792,1.0043,-7.8008,loss_of_function,-3.71988835482933,,,0.9476,pathogenic,https://doi.org/10.1101/2022.10.22.513328
R1931H,2.14476,-0.12245,0.9907755710001092,Uncertain,Uncertain,28.7,,3.9787376261e-06,0.400,"cBioPortal,COSMIC",,False,28.7,,,,neutral,neutral,neutral,DOWN,neutral,neutral,neutral,,,,86.64,E,-0.185,1.0043,-2.2159,loss_of_function,-3.71988835482933,,,0.7234,pathogenic,https://doi.org/10.1101/2022.10.22.513328
A1933T,1.7275,0.82245,0.4699588228624846,Neutral,Neutral,18.9,,,0.362,"cBioPortal,COSMIC,clinvar",,True,18.9,,,,neutral,neutral,neutral,UP,neutral,neutral,stabilizing,2449303,Uncertain significance,1,89.55,E,-0.1455,0.8412,-4.9197,loss_of_function,-2.29472272197426,,,0.8025,pathogenic,https://doi.org/10.1101/2022.10.22.513328
R1935C,1.18854,1.45034,1.6512611259283332,Neutral,Neutral,43.3,3.18369945877e-05,4.37626314868e-05,0.453,"cBioPortal,COSMIC,clinvar",,True,43.3,,,,neutral,neutral,neutral,DOWN,neutral,neutral,destabilizing,1749794,Uncertain significance,1,87.51,E,-0.3538,0.6983,-22.1143,loss_of_function,-3.71988835482933,,,0.7193,pathogenic,https://doi.org/10.1101/2022.10.22.513328
R1935G,1.59855,2.43265,2.2959837924160844,Uncertain,Uncertain,43.3,,,,clinvar,,True,43.3,,,,neutral,neutral,neutral,DOWN,neutral,neutral,destabilizing,1749793,Uncertain significance,1,87.51,E,-0.3803,0.6983,-22.1143,loss_of_function,-3.71988835482933,,,0.9698,pathogenic,https://doi.org/10.1101/2022.10.22.513328
R1935H,1.1793,0.83027,0.5225910322370814,Neutral,Neutral,43.3,,7.9562723273e-06,0.394,"cBioPortal,COSMIC,clinvar",,True,43.3,,,,neutral,neutral,neutral,DOWN,neutral,neutral,destabilizing,1749802,Uncertain significance,1,87.51,E,-0.3147,0.6983,-22.1143,loss_of_function,-3.71988835482933,,,0.5872,pathogenic,https://doi.org/10.1101/2022.10.22.513328
S1936G,1.48181,1.0915,1.627429895120769,Neutral,Neutral,1.2,,,,clinvar,,True,1.2,,,,uncertain,,,DOWN,neutral,neutral,neutral,1749814,Uncertain significance,1,90.77,E,-0.1124,1.9192,-22.1143,loss_of_function,-3.71988835482933,,,0.4907,ambiguous,https://doi.org/10.1101/2022.10.22.513328
S1936R,3.20431,1.51905,2.8354801122037845,Uncertain,Uncertain,1.2,,,0.175,"cBioPortal,COSMIC",,True,1.2,,,,uncertain,,,UP,neutral,neutral,neutral,,,,90.77,E,-0.1971,1.9192,-22.1143,loss_of_function,-3.71988835482933,,,0.9945,pathogenic,https://doi.org/10.1101/2022.10.22.513328
V1938M,0.20453,3.30442,1.9438115786088963,Uncertain,Neutral,0.1,,,,clinvar,,True,0.1,,,,neutral,neutral,neutral,UP,neutral,neutral,neutral,1749854,Uncertain significance,1,88.25,E,-0.1539,1.3369,-5.8265,loss_of_function,-2.29472272197426,,,0.6464,pathogenic,https://doi.org/10.1101/2022.10.22.513328
M1939I,-0.00098,-0.31463,-0.6219205699460517,Neutral,Neutral,45.4,,,,clinvar,,True,45.4,,,,neutral,neutral,neutral,-,uncertain,uncertain,uncertain,1749869,Uncertain significance,1,85.9,E,-0.0235,2.0277,-0.899,loss_of_function,-1.89689898225975,,,0.5039,ambiguous,https://doi.org/10.1101/2022.10.22.513328
M1939R,0.35308,0.54626,0.2093063966296043,Neutral,Neutral,45.4,,,,clinvar,,True,45.4,,,,neutral,neutral,neutral,UP,neutral,neutral,neutral,2449203,Uncertain significance,1,85.9,E,-0.2131,2.0277,-4.2448,loss_of_function,-3.07499131238165,,,0.3126,benign,https://doi.org/10.1101/2022.10.22.513328
H1940Q,0.00206,1.04082,1.080632567831265,Neutral,Neutral,66.9,,,0.026,"cBioPortal,COSMIC",,False,66.9,,,,neutral,neutral,neutral,DOWN,neutral,neutral,destabilizing,,,,82.91,E,0.0351,2.1592,-2.3062,gain_of_function,-0.400965254694221,,,0.0747,benign,https://doi.org/10.1101/2022.10.22.513328
H1940Y,-0.6993,-0.61156,0.0594257344886156,Neutral,Neutral,66.9,,,,clinvar,,False,66.9,,,,neutral,neutral,neutral,UP,neutral,neutral,neutral,1749873,Uncertain significance,1,82.91,E,0.0386,2.1592,-0.9109,gain_of_function,-1.46743782162039,,,0.0956,benign,https://doi.org/10.1101/2022.10.22.513328
G1941S,8.34874,1.46905,1.5883944805162968,Uncertain,Uncertain,53.6,,3.9781045128e-06,0.346,"cBioPortal,clinvar",,False,53.6,,,,neutral,neutral,neutral,UP,neutral,neutral,neutral,1749900,Uncertain significance,1,74.5,S,-0.3123,0.0408,-7.8328,loss_of_function,-3.71988835482933,,,0.3533,ambiguous,https://doi.org/10.1101/2022.10.22.513328
M1943I,0.78001,0.53844,-0.1282379071803119,Neutral,Neutral,64.8,,,,clinvar,,False,64.8,,,,neutral,neutral,neutral,-,uncertain,uncertain,uncertain,1749922,Uncertain significance,1,76.38,T,0.0246,2.7189,-3.9292,gain_of_function,-0.702754626500772,,,0.2358,benign,https://doi.org/10.1101/2022.10.22.513328
P1944H,1.09789,1.06429,-1.0353918932743271,Neutral,Neutral,84.5,,,,clinvar,,False,84.5,,,,neutral,neutral,neutral,UP,neutral,neutral,neutral,1749977,Uncertain significance,1,78.75,T,-0.2705,0.2432,-7.836,loss_of_function,-3.71988835482933,,,0.7298,pathogenic,https://doi.org/10.1101/2022.10.22.513328
P1944S,1.03337,1.56667,-0.8063128890047827,Neutral,Neutral,84.5,,,0.339,"cBioPortal,COSMIC,clinvar",,False,84.5,,,,neutral,neutral,neutral,DOWN,neutral,neutral,neutral,1749975,Uncertain significance,1,78.75,T,-0.2234,0.2432,-6.2511,loss_of_function,-3.71988835482933,,,0.6247,pathogenic,https://doi.org/10.1101/2022.10.22.513328
V1945A,0.88497,1.57041,1.947431523730471,Neutral,Neutral,24.3,,,,clinvar,,False,24.3,,,,neutral,neutral,neutral,DOWN,neutral,neutral,neutral,1749987,Uncertain significance,1,81.29,T,-0.0956,1.8481,-5.5141,loss_of_function,-3.18465654548823,,,0.2917,benign,https://doi.org/10.1101/2022.10.22.513328
P1948R,2.38623,1.26667,-0.372175153383526,Uncertain,Uncertain,46.6,,,,clinvar,,False,46.6,,,,neutral,neutral,neutral,UP,neutral,neutral,neutral,2369824,Uncertain significance,1,81.28,T,-0.2938,1.1206,-22.1238,loss_of_function,-3.71988835482933,,,0.2853,benign,https://doi.org/10.1101/2022.10.22.513328
P1948S,2.40189,1.20646,0.274328352991981,Uncertain,Uncertain,46.6,,,,clinvar,,False,46.6,,,,neutral,neutral,neutral,DOWN,neutral,neutral,neutral,1750025,Uncertain significance,1,81.28,T,-0.1154,1.1206,-0.8994,loss_of_function,-3.71988835482933,,,0.2648,benign,https://doi.org/10.1101/2022.10.22.513328
A1951V,0.16866,-0.41735,-0.2212125052212904,Neutral,Neutral,61.6,,,0.182,cBioPortal,,False,61.6,,,,neutral,neutral,neutral,UP,neutral,neutral,neutral,,,,89.26,E,-0.1138,2.1076,-22.1238,loss_of_function,-2.88839673664806,,,0.28,benign,https://doi.org/10.1101/2022.10.22.513328
V1956M,1.18345,1.58061,1.0490484881667232,Neutral,Neutral,1.2,,,0.342,"COSMIC,clinvar",,False,1.2,,,,neutral,neutral,neutral,UP,neutral,neutral,neutral,1750167,Uncertain significance,1,90.35,E,-0.3173,0.465,-22.1238,loss_of_function,-2.29472272197426,,,0.6742,pathogenic,https://doi.org/10.1101/2022.10.22.513328
H1957Y,-2.11199,-1.32313,-0.5140002608266642,Uncertain,Uncertain,4.9,,,0.316,"cBioPortal,COSMIC",,False,4.9,,,,neutral,neutral,neutral,UP,neutral,neutral,destabilizing,,,,88.25,E,-0.0991,1.8384,-22.1238,loss_of_function,-2.29472272197426,,,0.6475,pathogenic,https://doi.org/10.1101/2022.10.22.513328
N1958D,3.02638,1.59864,1.4571757962242922,Uncertain,Uncertain,14.3,,,,clinvar,,False,14.3,,,,neutral,neutral,neutral,-,uncertain,uncertain,uncertain,1750206,Uncertain significance,1,79.98,S,-0.2508,0.8773,-22.1238,loss_of_function,-2.29472272197426,,,0.3128,benign,https://doi.org/10.1101/2022.10.22.513328
A1959T,0.92726,0.68844,0.8961179198552379,Neutral,Neutral,8.3,,3.9778196775e-06,0.145,"cBioPortal,COSMIC",,False,8.3,,,,neutral,neutral,neutral,UP,neutral,neutral,destabilizing,,,,76.21,E,-0.0151,2.3648,-6.836,loss_of_function,-0.831441271864195,,,0.1502,benign,https://doi.org/10.1101/2022.10.22.513328
A1959V,-0.4547,1.23163,-0.3560897024690479,Neutral,Neutral,8.3,,,0.318,COSMIC,,False,8.3,,,,neutral,neutral,neutral,UP,neutral,neutral,destabilizing,,,,76.21,E,-0.0121,2.3648,-6.836,loss_of_function,-3.31941929462916,,,0.2997,benign,https://doi.org/10.1101/2022.10.22.513328
I1960F,7.29552,1.61701,2.248936094369797,Uncertain,Uncertain,2.9,,,,clinvar,,False,2.9,,,,neutral,neutral,neutral,UP,neutral,neutral,neutral,1750229,Uncertain significance,1,84.1,E,-0.268,1.2898,-22.1269,loss_of_function,-1.64934328199605,,,0.2906,benign,https://doi.org/10.1101/2022.10.22.513328
I1960V,0.92993,0.93333,1.1175926625475952,Neutral,Neutral,2.9,,,0.052,"cBioPortal,COSMIC,clinvar",,False,2.9,,,,neutral,neutral,neutral,DOWN,neutral,neutral,destabilizing,1750227,Likely benign,1,84.1,E,-0.0531,1.2898,-2.6693,loss_of_function,-0.0466296097039584,,,0.0572,benign,https://doi.org/10.1101/2022.10.22.513328
A1961V,-0.23276,-0.26497,0.3317711932917017,Neutral,Neutral,2.7,,,,clinvar,,False,2.7,,,,neutral,neutral,neutral,UP,neutral,neutral,neutral,1750274,Uncertain significance,1,79.88,E,0.0066,2.2988,-1.9812,gain_of_function,-3.71988835482933,,,0.2344,benign,https://doi.org/10.1101/2022.10.22.513328
Y1962C,2.70838,3.6966,3.741722898841334,Uncertain,Uncertain,0.2,,,,clinvar,,False,0.2,,,,uncertain,,,DOWN,neutral,neutral,destabilizing,1750279,Uncertain significance,1,82.5,E,-0.2363,1.2828,-8.8391,loss_of_function,-2.96951777497019,,,0.1074,benign,https://doi.org/10.1101/2022.10.22.513328
G1963E,1.16786,1.97755,1.385139106493561,Neutral,Neutral,15.2,,7.9552596199e-06,0.497,"cBioPortal,COSMIC,clinvar",,False,15.2,,,,neutral,neutral,neutral,UP,neutral,neutral,neutral,1750286,Uncertain significance,1,66.04,-,-0.3372,0.2801,-6.5173,loss_of_function,-3.71988835482933,,,0.6631,pathogenic,https://doi.org/10.1101/2022.10.22.513328
G1963W,4.06892,0.82347,0.7200922582558369,Uncertain,Uncertain,15.2,,,0.309,cBioPortal,,False,15.2,,,,neutral,neutral,neutral,UP,neutral,neutral,neutral,,,,66.04,-,-0.4549,0.2801,-22.1269,loss_of_function,-3.71988835482933,,,0.8623,pathogenic,https://doi.org/10.1101/2022.10.22.513328
R1965I,0.19053,-0.17313,0.0202562011503781,Neutral,Neutral,99.2,,,0.182,"cBioPortal,COSMIC",,False,99.2,,,,neutral,neutral,neutral,DOWN,neutral,neutral,stabilizing,,,,56.58,S,-0.2797,1.7279,-22.1269,loss_of_function,-3.71934275665467,,,0.3314,benign,https://doi.org/10.1101/2022.10.22.513328
R1965K,-0.12442,0.07653,0.0466185474288027,Neutral,Neutral,99.2,,,0.090,COSMIC,,False,99.2,,,,neutral,neutral,neutral,-,uncertain,uncertain,uncertain,,,,56.58,S,-0.0317,1.7279,-0.8003,loss_of_function,-1.16025100648624,,,0.0935,benign,https://doi.org/10.1101/2022.10.22.513328
N1967D,-0.63884,0.49252,0.064502638106218,Neutral,Neutral,48.5,,,,clinvar,,False,48.5,,,,neutral,neutral,neutral,-,uncertain,uncertain,uncertain,1750346,Uncertain significance,1,77.52,S,-0.0753,1.8364,-5.0287,loss_of_function,-1.59310896354394,,,0.1286,benign,https://doi.org/10.1101/2022.10.22.513328
D1968E,0.10669,-0.18299,-0.1968519661382123,Neutral,Neutral,83.1,,,,clinvar,,False,83.1,,,,neutral,neutral,neutral,UP,neutral,neutral,neutral,1750418,Uncertain significance,1,83.55,H,0.0188,2.3533,-3.45,gain_of_function,-0.956424180740335,,,0.1815,benign,https://doi.org/10.1101/2022.10.22.513328
E1969G,2.98305,3.30578,1.92108009428718,Uncertain,Uncertain,29.5,,,0.397,"cBioPortal,COSMIC",,False,29.5,,,,neutral,neutral,neutral,DOWN,neutral,neutral,destabilizing,,,,84.68,H,-0.0514,2.3519,-6.8392,loss_of_function,-3.71988835482933,,,0.3677,ambiguous,https://doi.org/10.1101/2022.10.22.513328
L1970F,4.71426,3.30986,2.36949976841233,Destabilizing,Uncertain,0.0,,,,clinvar,,False,0.0,,,,neutral,neutral,neutral,UP,neutral,neutral,neutral,1750427,Uncertain significance,1,85.95,H,-0.2638,0.2257,-8.8422,loss_of_function,-3.71988835482933,,,0.6085,pathogenic,https://doi.org/10.1101/2022.10.22.513328
I1971S,1.39933,1.90238,2.10259105229322,Neutral,Uncertain,45.5,,,,clinvar,,False,45.5,,,,neutral,neutral,neutral,DOWN,neutral,neutral,neutral,1750459,Uncertain significance,1,88.54,H,-0.2068,2.0278,-7.8423,loss_of_function,-2.44973580422172,,,0.5529,ambiguous,https://doi.org/10.1101/2022.10.22.513328
R1973S,0.93799,1.74898,1.4942679786212654,Neutral,Neutral,30.9,,,,clinvar,,False,30.9,,,,neutral,neutral,neutral,DOWN,neutral,neutral,destabilizing,2397822,Uncertain significance,1,88.54,H,-0.3088,1.0978,-22.1301,loss_of_function,-3.42690213503711,,,0.707,pathogenic,https://doi.org/10.1101/2022.10.22.513328
N1974D,2.15515,1.56565,3.368563241398953,Uncertain,Uncertain,0.0,,,,clinvar,,False,0.0,,,,neutral,neutral,neutral,-,uncertain,uncertain,uncertain,1750511,Uncertain significance,1,93.11,H,-0.3258,0.0629,-22.1301,loss_of_function,-2.29472272197426,,,0.897,pathogenic,https://doi.org/10.1101/2022.10.22.513328
N1974H,12.01548,2.75,2.825021753423313,Uncertain,Uncertain,0.0,,,0.468,cBioPortal,,False,0.0,,,,neutral,neutral,neutral,UP,neutral,neutral,neutral,,,,93.11,H,-0.3275,0.0629,-22.1301,loss_of_function,-3.71988835482933,,,0.7891,pathogenic,https://doi.org/10.1101/2022.10.22.513328
N1974K,7.82806,4.83061,4.031964559611786,Destabilizing,Destabilizing,0.0,,,,clinvar,,False,0.0,,,,neutral,neutral,neutral,UP,neutral,neutral,neutral,1750519,Uncertain significance,1,93.11,H,-0.3258,0.0629,-22.1301,loss_of_function,-3.71988835482933,,,0.9818,pathogenic,https://doi.org/10.1101/2022.10.22.513328
A1978T,0.9907,1.60272,1.6933741571385514,Neutral,Neutral,0.0,,,,clinvar,,False,0.0,,,,neutral,neutral,neutral,UP,neutral,neutral,neutral,1750584,Uncertain significance,1,93.98,H,-0.0647,1.5134,-1.212,loss_of_function,-2.29438615366655,,,0.6704,pathogenic,https://doi.org/10.1101/2022.10.22.513328
E1981A,0.43149,0.51871,1.158052873707408,Neutral,Neutral,24.7,,,,clinvar,,False,24.7,,,,neutral,neutral,neutral,DOWN,neutral,neutral,neutral,1750628,Uncertain significance,1,92.42,H,-0.1654,0.8598,-7.3098,loss_of_function,-3.67605257143823,,,0.9232,pathogenic,https://doi.org/10.1101/2022.10.22.513328
E1981K,0.09043,1.01837,1.5062740254504727,Neutral,Neutral,24.7,,,0.385,"cBioPortal,COSMIC",,False,24.7,,,,neutral,neutral,neutral,UP,neutral,neutral,neutral,,,,92.42,H,-0.1954,0.8598,-8.8947,loss_of_function,-3.67605257143823,,,0.9714,pathogenic,https://doi.org/10.1101/2022.10.22.513328
E1981V,-0.321,0.00816,0.4912772863830228,Neutral,Neutral,24.7,,,,clinvar,,False,24.7,,,,neutral,neutral,neutral,-,uncertain,uncertain,uncertain,1750629,Uncertain significance,1,92.42,H,-0.1867,0.8598,-8.8947,loss_of_function,-3.67605257143823,,,0.9696,pathogenic,https://doi.org/10.1101/2022.10.22.513328
C1982R,11.5818,5.80714,5.332925471335903,Destabilizing,Destabilizing,0.2,,,,clinvar,,False,0.2,,,,neutral,neutral,neutral,UP,neutral,neutral,neutral,1750636,Uncertain significance,1,94.57,H,-0.5405,0.0435,-22.1825,loss_of_function,-3.67605257143823,,,0.9914,pathogenic,https://doi.org/10.1101/2022.10.22.513328
C1982Y,16.47142,3.34592,4.971160046877661,Destabilizing,Destabilizing,0.2,,,,clinvar,,False,0.2,,,,neutral,neutral,neutral,UP,neutral,neutral,neutral,1750639,Uncertain significance,1,94.57,H,-0.4915,0.0435,-22.1825,loss_of_function,-3.67605257143823,,,0.967,pathogenic,https://doi.org/10.1101/2022.10.22.513328
A1988V,1.50604,1.31463,1.1313121551669796,Neutral,Neutral,0.0,,,0.460,"cBioPortal,COSMIC",,False,0.0,,,,neutral,neutral,neutral,UP,neutral,neutral,neutral,,,,95.55,H,-0.0737,1.5927,-4.997,loss_of_function,-3.67605257143823,,,0.8448,pathogenic,https://doi.org/10.1101/2022.10.22.513328
R1989M,-0.02522,-0.49082,0.2392452496550978,Neutral,Neutral,19.3,,,,clinvar,,False,19.3,,,,neutral,neutral,neutral,DOWN,neutral,neutral,neutral,2449221,Uncertain significance,1,95.65,H,-0.3743,0.0391,-22.1916,loss_of_function,-3.67605257143823,,,0.901,pathogenic,https://doi.org/10.1101/2022.10.22.513328
A1992V,0.38611,1.29932,0.6288961459256148,Neutral,Neutral,2.5,,,,clinvar,,False,2.5,,,,neutral,neutral,neutral,UP,neutral,neutral,neutral,1750800,Uncertain significance,1,96.33,H,-0.159,1.6198,-22.1916,loss_of_function,-3.67605257143823,,,0.7665,pathogenic,https://doi.org/10.1101/2022.10.22.513328
A1996T,0.82558,0.57721,0.8345523579565528,Neutral,Neutral,34.8,,0.0,0.291,"cBioPortal,clinvar",,False,34.8,,,,neutral,neutral,neutral,UP,neutral,neutral,neutral,1750863,Uncertain significance,1,95.89,H,-0.0988,1.2563,-3.266,loss_of_function,-2.26948009889593,,,0.3835,ambiguous,https://doi.org/10.1101/2022.10.22.513328
A1996V,0.19568,0.4983,0.1926809810577151,Neutral,Neutral,34.8,,,,clinvar,,False,34.8,,,,neutral,neutral,neutral,UP,neutral,neutral,neutral,1750866,Uncertain significance,1,95.89,H,-0.1247,1.2563,-8.9098,loss_of_function,-3.67605257143823,,,0.5901,pathogenic,https://doi.org/10.1101/2022.10.22.513328
E1998Q,-0.01488,0.45782,0.609355044330089,Neutral,Neutral,42.8,,,0.321,"cBioPortal,COSMIC",,False,42.8,,,,neutral,neutral,neutral,UP,neutral,neutral,neutral,,,,95.05,H,-0.2197,0.796,-22.1976,loss_of_function,-2.26948009889593,,,0.3876,ambiguous,https://doi.org/10.1101/2022.10.22.513328
A1999T,1.07364,1.07483,0.8672792572051152,Neutral,Neutral,0.0,,,0.134,"cBioPortal,COSMIC",,False,0.0,,,,neutral,neutral,neutral,UP,neutral,neutral,neutral,,,,94.41,H,-0.1711,0.553,-4.74,loss_of_function,-1.07091397955731,,,0.2518,benign,https://doi.org/10.1101/2022.10.22.513328
P2001L,1.13584,-3.42517,-0.9079022863630176,Uncertain,Neutral,66.7,,,0.296,"cBioPortal,COSMIC",,False,66.7,,,,neutral,neutral,neutral,UP,neutral,neutral,neutral,,,,90.67,T,-0.0757,2.3532,-5.74,loss_of_function,-3.67605257143823,,,0.3861,ambiguous,https://doi.org/10.1101/2022.10.22.513328
P2001R,0.30629,-4.02585,-0.7039981211180002,Uncertain,Neutral,66.7,,,,clinvar,,False,66.7,,,,neutral,neutral,neutral,UP,neutral,neutral,neutral,1751030,Uncertain significance,1,90.67,T,-0.1808,2.3532,-22.1976,loss_of_function,-3.67605257143823,,,0.5063,ambiguous,https://doi.org/10.1101/2022.10.22.513328
G2004C,2.30583,1.60782,2.027573016219377,Uncertain,Uncertain,122.4,,,0.333,COSMIC,,False,122.4,,,,neutral,neutral,neutral,UP,neutral,neutral,neutral,,,,87.36,T,-0.2353,2.2595,-22.1976,loss_of_function,-3.67605257143823,,,0.6736,pathogenic,https://doi.org/10.1101/2022.10.22.513328
G2004S,2.13281,1.02483,1.6700793578567277,Uncertain,Uncertain,122.4,,,,clinvar,,False,122.4,,,,neutral,neutral,neutral,UP,neutral,neutral,neutral,1751078,Uncertain significance,1,87.36,T,-0.0884,2.2595,-3.9557,loss_of_function,-3.67605257143823,,,0.3644,ambiguous,https://doi.org/10.1101/2022.10.22.513328
G2004V,4.42684,5.55102,2.713867994170489,Destabilizing,Uncertain,122.4,,,0.277,cBioPortal,,False,122.4,,,,neutral,neutral,neutral,UP,neutral,neutral,neutral,,,,87.36,T,-0.2623,2.2595,-22.1976,loss_of_function,-3.67605257143823,,,0.6674,pathogenic,https://doi.org/10.1101/2022.10.22.513328
G2006E,3.8045,4.96701,1.104919133949494,Destabilizing,Uncertain,119.3,,,,clinvar,,False,119.3,,,,neutral,neutral,neutral,UP,neutral,neutral,neutral,1751097,Uncertain significance,1,91.65,-,-0.441,0.0216,-22.1946,loss_of_function,-3.67605257143823,,,0.8561,pathogenic,https://doi.org/10.1101/2022.10.22.513328
G2006R,2.85678,4.53401,0.7070068445231681,Uncertain,Uncertain,119.3,,3.9958443219e-06,0.412,cBioPortal,,False,119.3,,,,neutral,neutral,neutral,UP,neutral,neutral,neutral,,,,91.65,-,-0.458,0.0216,-22.1946,loss_of_function,-3.67605257143823,,,0.88,pathogenic,https://doi.org/10.1101/2022.10.22.513328
E2007D,0.37243,0.25714,0.1606529651028693,Neutral,Neutral,89.0,,,,clinvar,,False,89.0,,,,neutral,neutral,neutral,DOWN,neutral,neutral,destabilizing,1751134,Uncertain significance,1,92.3,-,0.0188,2.2877,-3.6974,gain_of_function,-0.889814444215748,,,0.2742,benign,https://doi.org/10.1101/2022.10.22.513328
E2007G,1.17396,0.90952,0.9479513091972068,Neutral,Neutral,89.0,,,0.315,"cBioPortal,COSMIC",,False,89.0,,,,neutral,neutral,neutral,DOWN,neutral,neutral,destabilizing,,,,92.3,-,-0.1357,2.2877,-22.1946,loss_of_function,-3.19775341944366,,,0.5923,pathogenic,https://doi.org/10.1101/2022.10.22.513328
E2007K,0.28237,0.52959,0.2114361882086668,Neutral,Neutral,89.0,,,,clinvar,,False,89.0,,,,neutral,neutral,neutral,UP,neutral,neutral,neutral,1751104,Uncertain significance,1,92.3,-,-0.056,2.2877,-7.3219,loss_of_function,-3.19775341944366,,,0.4488,ambiguous,https://doi.org/10.1101/2022.10.22.513328
V2008A,1.63426,2.37551,2.133002918857561,Uncertain,Uncertain,19.0,,,,clinvar,,False,19.0,,,,neutral,neutral,neutral,DOWN,neutral,neutral,stabilizing,1751139,Uncertain significance,1,94.4,-,-0.1274,1.4396,-4.3833,loss_of_function,-2.546504430492,,,0.6184,pathogenic,https://doi.org/10.1101/2022.10.22.513328
V2008G,2.60228,4.66565,3.493611657929686,Uncertain,Uncertain,19.0,,,,clinvar,,False,19.0,,,,neutral,neutral,neutral,DOWN,neutral,neutral,stabilizing,1751140,Uncertain significance,1,94.4,-,-0.2712,1.4396,-7.9068,loss_of_function,-3.53113560541682,,,0.7776,pathogenic,https://doi.org/10.1101/2022.10.22.513328
P2009H,14.0856,1.1051,1.1532832282025245,Uncertain,Uncertain,0.0,,,0.457,"cBioPortal,COSMIC",,False,0.0,,,,neutral,neutral,neutral,UP,neutral,neutral,neutral,,,,94.91,-,-0.299,0.7303,-22.1946,loss_of_function,-3.65496458490263,,,0.9945,pathogenic,https://doi.org/10.1101/2022.10.22.513328
E2010K,-0.02416,0.79762,0.2980029509507859,Neutral,Neutral,53.9,,,,clinvar,,False,53.9,,,,neutral,neutral,neutral,UP,neutral,neutral,neutral,1751156,Uncertain significance,1,95.91,E,-0.3272,0.1655,-22.1946,loss_of_function,-3.47264466686283,,,0.588,pathogenic,https://doi.org/10.1101/2022.10.22.513328
I2011T,3.81113,3.29524,3.2144751138040406,Destabilizing,Destabilizing,0.0,,4.0035872141e-06,0.534,cBioPortal,,False,0.0,,,,neutral,neutral,neutral,DOWN,neutral,neutral,neutral,,,,97.11,E,-0.3138,0.7569,-22.1886,loss_of_function,-3.31990469111585,,,0.9883,pathogenic,https://doi.org/10.1101/2022.10.22.513328
I2012V,1.00517,0.50918,0.416221022081189,Neutral,Neutral,1.4,,,,clinvar,,False,1.4,,,,neutral,neutral,neutral,DOWN,neutral,neutral,destabilizing,1751195,Uncertain significance,1,95.63,-,-0.1201,0.6956,-5.0935,loss_of_function,-2.05979804319192,,,0.4683,ambiguous,https://doi.org/10.1101/2022.10.22.513328
P2013L,1.31878,0.01429,-0.2992045601088577,Neutral,Neutral,29.1,,,0.375,"cBioPortal,clinvar",,False,29.1,,,,neutral,neutral,neutral,UP,neutral,neutral,neutral,1751204,Uncertain significance,1,92.93,-,-0.3742,0.0217,-22.1886,loss_of_function,-3.31990469111585,,,0.9821,pathogenic,https://doi.org/10.1101/2022.10.22.513328
I2014L,1.01385,0.64286,0.1693849883795878,Neutral,Neutral,3.5,,,,clinvar,,False,3.5,,,,neutral,neutral,neutral,-,uncertain,uncertain,uncertain,2449232,Uncertain significance,1,94.92,E,-0.0468,1.7306,-1.5759,loss_of_function,-2.05979804319192,,,0.4746,ambiguous,https://doi.org/10.1101/2022.10.22.513328
I2014V,0.51449,0.07653,0.3724001593726472,Neutral,Neutral,3.5,,,,clinvar,,False,3.5,,,,neutral,neutral,neutral,DOWN,neutral,neutral,neutral,2497275,Uncertain significance,1,94.92,E,-0.016,1.7306,-3.3433,loss_of_function,-2.05979804319192,,,0.2135,benign,https://doi.org/10.1101/2022.10.22.513328
L2016F,3.23515,1.16973,0.815883881257475,Uncertain,Uncertain,5.7,,,0.411,cBioPortal,,False,5.7,,,,neutral,neutral,neutral,UP,neutral,neutral,neutral,,,,95.7,E,-0.341,0.1273,-22.1856,loss_of_function,-3.31990469111585,,,0.8318,pathogenic,https://doi.org/10.1101/2022.10.22.513328
L2016V,2.8172,1.61395,1.749316532384534,Uncertain,Uncertain,5.7,,,0.263,cBioPortal,,False,5.7,,,,neutral,neutral,neutral,DOWN,neutral,neutral,neutral,,,,95.7,E,-0.2501,0.1273,-8.8977,loss_of_function,-2.05979804319192,,,0.587,pathogenic,https://doi.org/10.1101/2022.10.22.513328
H2018P,4.70718,4.54116,5.75865311297731,Destabilizing,Destabilizing,27.1,,,,clinvar,,False,27.1,,,,neutral,neutral,neutral,DOWN,neutral,neutral,neutral,1751288,Uncertain significance,1,93.74,E,-0.3561,1.1298,-22.1856,loss_of_function,-2.9131492370834,,,0.9099,pathogenic,https://doi.org/10.1101/2022.10.22.513328
H2018Y,-0.59523,-0.98741,-0.99806842585959,Neutral,Neutral,27.1,,,0.132,"COSMIC,clinvar",,False,27.1,,,,neutral,neutral,neutral,UP,neutral,neutral,neutral,1751285,Uncertain significance,1,93.74,E,-0.0566,1.1298,-1.0213,loss_of_function,-1.81544945179366,,,0.2075,benign,https://doi.org/10.1101/2022.10.22.513328
R2019W,4.08295,0.67415,1.4729909290351542,Uncertain,Uncertain,7.0,,,,clinvar,,False,7.0,,,,neutral,neutral,neutral,UP,neutral,neutral,neutral,1751294,Uncertain significance,1,91.67,-,-0.4233,0.0434,-22.1856,loss_of_function,-3.31704150058182,,,0.8589,pathogenic,https://doi.org/10.1101/2022.10.22.513328
E2021Q,-0.27241,0.04796,0.3609977374229162,Neutral,Neutral,73.3,,,,clinvar,,False,73.3,,,,neutral,neutral,neutral,UP,neutral,neutral,neutral,1751340,Uncertain significance,1,76.71,T,-0.1452,1.6046,-22.1856,loss_of_function,-1.90632289487566,,,0.1766,benign,https://doi.org/10.1101/2022.10.22.513328
N2022S,0.43845,-0.23129,1.7412751964754791,Neutral,Neutral,16.3,6.37023824691e-05,1.19482878104e-05,0.320,"COSMIC,clinvar",,False,16.3,,,,neutral,neutral,neutral,DOWN,neutral,neutral,neutral,2450724,Uncertain significance,1,83.07,S,-0.1962,0.1999,-5.7279,loss_of_function,-3.31704150058182,,,0.3781,ambiguous,https://doi.org/10.1101/2022.10.22.513328
N2022T,-0.20127,-0.81769,1.1237427569180327,Neutral,Neutral,16.3,,,0.341,cBioPortal,,False,16.3,,,,neutral,neutral,neutral,-,uncertain,uncertain,uncertain,,,,83.07,S,-0.3297,0.1999,-22.1856,loss_of_function,-3.31704150058182,,,0.5944,pathogenic,https://doi.org/10.1101/2022.10.22.513328
P2025L,2.82041,-0.19116,-0.3082965053526265,Uncertain,Uncertain,5.3,,3.9819696415e-06,0.401,"cBioPortal,COSMIC,clinvar",,True,5.3,,,,neutral,neutral,neutral,UP,neutral,neutral,neutral,1751408,Uncertain significance,1,89.05,-,-0.3741,0.0218,-22.1856,loss_of_function,-3.31704150058182,,,0.8859,pathogenic,https://doi.org/10.1101/2022.10.22.513328
A2027T,1.52978,1.33231,1.8536336450090607,Neutral,Neutral,0.0,,,,clinvar,,True,0.0,,,,neutral,neutral,neutral,UP,neutral,neutral,neutral,1751425,Uncertain significance,1,94.81,E,-0.2273,0.1175,-7.8978,loss_of_function,-2.05979804319192,,,0.8474,pathogenic,https://doi.org/10.1101/2022.10.22.513328
A2027V,-0.7709,1.18537,1.4646031088707148,Neutral,Neutral,0.0,,,,clinvar,,True,0.0,,,,neutral,neutral,neutral,UP,neutral,neutral,neutral,1751449,Uncertain significance,1,94.81,E,-0.2243,0.1175,-7.8978,loss_of_function,-3.31990469111585,,,0.9007,pathogenic,https://doi.org/10.1101/2022.10.22.513328
T2028A,0.82152,1.14218,1.318920391485097,Neutral,Neutral,1.9,,,,clinvar,,True,1.9,,,,uncertain,,,DOWN,neutral,neutral,neutral,1751457,Uncertain significance,1,95.65,E,-0.3064,0.1753,-22.1856,loss_of_function,-2.05979804319192,,,0.7764,pathogenic,https://doi.org/10.1101/2022.10.22.513328
T2028I,-1.88587,-0.23367,-1.4841815995627394,Neutral,Neutral,1.9,,,,clinvar,,True,1.9,,,,uncertain,,,UP,neutral,neutral,neutral,1751462,Uncertain significance,1,95.65,E,-0.3323,0.1753,-22.1856,loss_of_function,-3.31704150058182,,,0.967,pathogenic,https://doi.org/10.1101/2022.10.22.513328
T2028K,0.85332,2.29116,2.398740609329465,Uncertain,Uncertain,1.9,,,,clinvar,,True,1.9,,,,uncertain,,,UP,neutral,neutral,neutral,1751461,Uncertain significance,1,95.65,E,-0.3217,0.1753,-8.8977,loss_of_function,-3.31704150058182,,,0.9776,pathogenic,https://doi.org/10.1101/2022.10.22.513328
V2029E,3.40466,2.45714,4.01550406859692,Uncertain,Destabilizing,0.0,,,,clinvar,,True,0.0,,,,neutral,neutral,neutral,-,uncertain,uncertain,uncertain,1751478,Uncertain significance,1,94.23,E,-0.3319,1.5505,-22.1856,loss_of_function,-3.31704150058182,,,0.9771,pathogenic,https://doi.org/10.1101/2022.10.22.513328
V2029G,4.75914,3.95884,5.230252865962424,Destabilizing,Destabilizing,0.0,,,0.502,"cBioPortal,COSMIC",,True,0.0,,,,neutral,neutral,neutral,DOWN,neutral,neutral,neutral,,,,94.23,E,-0.3338,1.5505,-22.1856,loss_of_function,-3.31704150058182,,,0.94,pathogenic,https://doi.org/10.1101/2022.10.22.513328
E2030D,2.01742,1.49014,1.4492399746201816,Uncertain,Uncertain,4.3,,,0.220,"cBioPortal,COSMIC",,True,4.3,,,,neutral,neutral,neutral,DOWN,neutral,neutral,neutral,,,,94.53,E,-0.2825,0.0392,-22.1856,loss_of_function,-2.05979804319192,,,0.9899,pathogenic,https://doi.org/10.1101/2022.10.22.513328
E2030G,1.50683,2.3068,2.354291272143036,Uncertain,Uncertain,4.3,,,,clinvar,,True,4.3,,,,neutral,neutral,neutral,DOWN,neutral,neutral,neutral,1751485,Uncertain significance,1,94.53,E,-0.2696,0.0392,-7.8978,loss_of_function,-1.96071422480584,,,0.9658,pathogenic,https://doi.org/10.1101/2022.10.22.513328
E2031K,0.24918,0.70782,0.8671046479034455,Neutral,Neutral,39.7,,,,clinvar,,True,39.7,,,,neutral,neutral,neutral,UP,neutral,neutral,stabilizing,1751512,Uncertain significance,1,92.35,E,-0.1631,1.1561,-7.8978,loss_of_function,-3.31990469111585,,,0.8695,pathogenic,https://doi.org/10.1101/2022.10.22.513328
E2032G,0.31457,2.36327,1.3207270423589812,Uncertain,Neutral,16.9,,,,clinvar,,True,16.9,,,,neutral,neutral,neutral,DOWN,neutral,neutral,stabilizing,1751527,Uncertain significance,1,92.15,-,-0.246,1.0882,-22.1856,loss_of_function,-3.31990469111585,,,0.9533,pathogenic,https://doi.org/10.1101/2022.10.22.513328
E2032K,-0.87753,1.35952,0.6851273621102494,Neutral,Neutral,16.9,,,0.299,"cBioPortal,COSMIC",,True,16.9,,,,neutral,neutral,neutral,UP,neutral,neutral,stabilizing,,,,92.15,-,-0.2423,1.0882,-22.1856,loss_of_function,-3.31990469111585,,,0.9742,pathogenic,https://doi.org/10.1101/2022.10.22.513328
I2034T,-0.17048,0.98265,0.3978384438004317,Neutral,Neutral,99.7,,,,clinvar,,False,99.7,,,,neutral,neutral,neutral,DOWN,neutral,neutral,stabilizing,1751635,Uncertain significance,1,86.38,-,-0.0269,2.8404,-3.5403,loss_of_function,-3.22280290358158,,,0.2221,benign,https://doi.org/10.1101/2022.10.22.513328
G2035E,3.88696,4.97211,1.5489189985970733,Destabilizing,Uncertain,79.4,,,0.431,"cBioPortal,COSMIC",,False,79.4,,,,neutral,neutral,neutral,UP,neutral,neutral,stabilizing,,,,85.89,S,-0.2734,0.9954,-6.8978,loss_of_function,-3.31990469111585,,,0.9822,pathogenic,https://doi.org/10.1101/2022.10.22.513328
F2037L,1.07079,0.52415,0.6781049093957087,Neutral,Neutral,43.5,,,,clinvar,,False,43.5,,,,neutral,neutral,neutral,DOWN,neutral,neutral,destabilizing,1751691,Uncertain significance,1,85.35,E,-0.1164,1.5161,-2.7451,loss_of_function,-3.31704150058182,,,0.9992,pathogenic,https://doi.org/10.1101/2022.10.22.513328
K2039E,0.53156,1.19456,0.1021078662111618,Neutral,Neutral,35.2,,,0.457,cBioPortal,,False,35.2,,,,neutral,neutral,neutral,DOWN,neutral,neutral,neutral,,,,83.74,E,-0.1927,1.6782,-22.1856,loss_of_function,-3.31990469111585,,,0.9773,pathogenic,https://doi.org/10.1101/2022.10.22.513328
K2039N,0.77476,1.05918,0.3934741511218503,Neutral,Neutral,35.2,,,0.332,"cBioPortal,COSMIC",,False,35.2,,,,neutral,neutral,neutral,DOWN,neutral,neutral,neutral,,,,83.74,E,-0.1183,1.6782,-8.8977,loss_of_function,-3.31990469111585,,,0.9814,pathogenic,https://doi.org/10.1101/2022.10.22.513328
Y2040H,2.40797,2.90646,2.099332767056312,Uncertain,Uncertain,5.9,,,0.371,"cBioPortal,COSMIC",,False,5.9,,,,uncertain,,,DOWN,neutral,neutral,destabilizing,,,,82.71,-,-0.2573,0.2624,-6.8978,loss_of_function,-2.05979804319192,,,0.997,pathogenic,https://doi.org/10.1101/2022.10.22.513328
S2041F,-1.638,-0.33946,-1.1520675380124217,Neutral,Neutral,8.5,,,0.571,COSMIC,,False,8.5,,,,uncertain,,,UP,neutral,neutral,neutral,,,,71.3,S,-0.2604,1.0639,-22.1856,loss_of_function,-3.31990469111585,,,0.9794,pathogenic,https://doi.org/10.1101/2022.10.22.513328
S2041Y,-0.85084,0.00612,-1.0291058520702678,Neutral,Neutral,8.5,,,0.531,cBioPortal,,False,8.5,,,,uncertain,,,UP,neutral,neutral,neutral,,,,71.3,S,-0.2652,1.0639,-22.1856,loss_of_function,-3.31990469111585,,,0.9584,pathogenic,https://doi.org/10.1101/2022.10.22.513328
I2042V,0.48871,0.52245,0.7553205968234655,Neutral,Neutral,24.5,,,,clinvar,,False,24.5,,,,neutral,neutral,neutral,DOWN,neutral,neutral,destabilizing,1751743,Uncertain significance,1,60.8,-,0.0565,2.3954,-1.1363,gain_of_function,-2.05979804319192,,,0.1896,benign,https://doi.org/10.1101/2022.10.22.513328
R2043W,0.87517,0.58095,0.1564894821303702,Neutral,Neutral,67.3,,,,clinvar,,False,67.3,,,,neutral,neutral,neutral,UP,neutral,neutral,destabilizing,1751751,Uncertain significance,1,54.51,S,-0.2604,1.8146,-22.1856,loss_of_function,-3.31990469111585,,,0.8253,pathogenic,https://doi.org/10.1101/2022.10.22.513328
D2044Y,-0.37303,2.17347,0.8750321586205736,Uncertain,Neutral,79.8,,,0.431,"cBioPortal,COSMIC",,False,79.8,,,,neutral,neutral,neutral,UP,neutral,neutral,neutral,,,,42.49,S,-0.3165,0.8357,-22.1765,loss_of_function,-3.31704150058182,,,0.9792,pathogenic,https://doi.org/10.1101/2022.10.22.513328
G2045R,0.38754,0.81395,-0.8218756430016416,Neutral,Neutral,27.1,,,,clinvar,,False,27.1,,,,neutral,neutral,neutral,UP,neutral,neutral,neutral,1751802,Uncertain significance,1,38.41,S,-0.1807,2.0918,-5.1791,loss_of_function,-3.31704150058182,,,0.961,pathogenic,https://doi.org/10.1101/2022.10.22.513328
E2047K,-0.35827,-0.00068,0.7625868953889225,Neutral,Neutral,87.7,,,,clinvar,,False,87.7,,,,neutral,neutral,neutral,UP,neutral,neutral,neutral,2457082,Uncertain significance,1,49.57,-,-0.1634,1.9447,-22.1856,loss_of_function,-3.31704150058182,,,0.9336,pathogenic,https://doi.org/10.1101/2022.10.22.513328
E2047Q,0.06477,-0.37789,0.5554015059522938,Neutral,Neutral,87.7,,,0.251,cBioPortal,,False,87.7,,,,neutral,neutral,neutral,UP,neutral,neutral,neutral,,,,49.57,-,-0.0461,1.9447,-8.8977,loss_of_function,-2.05979804319192,,,0.7935,pathogenic,https://doi.org/10.1101/2022.10.22.513328
I2048M,0.33172,2.09252,0.9127470713896954,Uncertain,Neutral,16.6,,,,clinvar,,False,16.6,,,,neutral,neutral,neutral,-,uncertain,uncertain,uncertain,1751844,Uncertain significance,1,47.77,-,0.0121,2.6953,-6.3129,gain_of_function,-0.873153197217008,,,0.438,ambiguous,https://doi.org/10.1101/2022.10.22.513328
N2049H,0.41639,0.64082,0.2098159307261066,Neutral,Neutral,66.2,,,,clinvar,,False,66.2,,,,neutral,neutral,neutral,UP,neutral,neutral,neutral,1751853,Uncertain significance,1,51.0,-,-0.071,2.1098,-8.7714,loss_of_function,-1.9592699728291,,,0.6738,pathogenic,https://doi.org/10.1101/2022.10.22.513328
N2049K,-0.00466,0.94014,0.5636682960690853,Neutral,Neutral,66.2,,,0.172,cBioPortal,,False,66.2,,,,neutral,neutral,neutral,UP,neutral,neutral,neutral,,,,51.0,-,-0.1371,2.1098,-22.0592,loss_of_function,-3.31559724860509,,,0.986,pathogenic,https://doi.org/10.1101/2022.10.22.513328
F2050L,0.4665,0.14116,-0.081797068299152,Neutral,Neutral,82.5,,,,clinvar,,False,82.5,,,,neutral,neutral,neutral,DOWN,neutral,neutral,destabilizing,1751886,Uncertain significance,1,47.83,H,0.0001,2.771,-2.5617,gain_of_function,-3.31704150058182,,,0.9856,pathogenic,https://doi.org/10.1101/2022.10.22.513328
F2050V,0.95696,0.68401,0.341654725292207,Neutral,Neutral,82.5,,,,clinvar,,False,82.5,,,,neutral,neutral,neutral,DOWN,neutral,neutral,destabilizing,1751863,Uncertain significance,1,47.83,H,-0.0392,2.771,-3.9442,loss_of_function,-3.31704150058182,,,0.8365,pathogenic,https://doi.org/10.1101/2022.10.22.513328
L2051F,0.02193,-0.16667,0.2549500358159684,Neutral,Neutral,102.6,,,0.117,"cBioPortal,COSMIC",,True,102.6,,,,neutral,neutral,neutral,UP,neutral,neutral,neutral,,,,45.43,H,-0.0443,2.6129,-8.8733,loss_of_function,-3.31559724860509,,,0.775,pathogenic,https://doi.org/10.1101/2022.10.22.513328
R2052K,-0.26778,0.05034,0.7206636148582509,Neutral,Neutral,43.1,,,,clinvar,,True,43.1,,,,neutral,neutral,neutral,-,uncertain,uncertain,uncertain,1751900,Uncertain significance,1,56.55,H,-0.0684,1.5564,-4.8887,loss_of_function,-2.05979804319192,,,0.699,pathogenic,https://doi.org/10.1101/2022.10.22.513328
R2053S,0.33311,1.72993,1.19440344770767,Neutral,Neutral,25.0,,,,clinvar,,True,25.0,,,,neutral,neutral,neutral,DOWN,neutral,neutral,destabilizing,2497271,Uncertain significance,1,62.61,H,-0.0834,2.4822,-2.9145,loss_of_function,-3.07199677545573,,,0.948,pathogenic,https://doi.org/10.1101/2022.10.22.513328
E2054Q,-0.226,-0.12075,0.1275425923532297,Neutral,Neutral,89.0,,,,clinvar,,False,89.0,,,,neutral,neutral,neutral,UP,neutral,neutral,neutral,1751959,Uncertain significance,1,72.37,T,0.0188,2.6498,-8.8886,gain_of_function,-1.35737998499886,,,0.4862,ambiguous,https://doi.org/10.1101/2022.10.22.513328
S2055L,1.55055,0.66905,-1.090394065946995,Neutral,Neutral,55.4,,,0.367,cBioPortal,,False,55.4,,,,uncertain,,,UP,neutral,neutral,neutral,,,,86.12,S,-0.3321,0.2773,-22.1795,loss_of_function,-2.99292535395634,,,0.6888,pathogenic,https://doi.org/10.1101/2022.10.22.513328
E2056Q,0.78729,0.74592,0.544881993545695,Neutral,Neutral,60.1,,,0.200,cBioPortal,,False,60.1,,,,neutral,neutral,neutral,UP,neutral,neutral,neutral,,,,90.22,H,-0.258,0.3791,-22.1825,loss_of_function,-2.05979804319192,,,0.5877,pathogenic,https://doi.org/10.1101/2022.10.22.513328
A2057V,0.96415,0.43503,-0.0542838368016684,Neutral,Neutral,14.2,,,,clinvar,,False,14.2,,,,neutral,neutral,neutral,UP,neutral,neutral,neutral,1752006,Uncertain significance,1,90.36,H,-0.0566,1.6328,-2.3557,loss_of_function,-3.31704150058182,,,0.527,ambiguous,https://doi.org/10.1101/2022.10.22.513328
G2058D,8.42399,8.09422,2.224292212608661,Destabilizing,Uncertain,0.4,,,0.359,cBioPortal,,False,0.4,,,,neutral,neutral,neutral,UP,neutral,neutral,neutral,,,,89.04,H,-0.1736,2.0694,-6.5729,loss_of_function,-3.31990469111585,,,0.9817,pathogenic,https://doi.org/10.1101/2022.10.22.513328
G2058V,7.06703,5.35272,1.652955682906028,Destabilizing,Uncertain,0.4,,,,clinvar,,False,0.4,,,,neutral,neutral,neutral,UP,neutral,neutral,neutral,1752016,Uncertain significance,1,89.04,H,-0.1813,2.0694,-2.8948,loss_of_function,-3.31990469111585,,,0.9784,pathogenic,https://doi.org/10.1101/2022.10.22.513328
Q2059H,0.80924,2.14388,0.297038285473466,Uncertain,Neutral,28.6,,,0.343,cBioPortal,,False,28.6,,,,neutral,neutral,neutral,UP,neutral,neutral,neutral,,,,90.38,H,-0.1377,0.8783,-6.0874,loss_of_function,-3.31990469111585,,,0.9029,pathogenic,https://doi.org/10.1101/2022.10.22.513328
Q2059L,-1.18937,0.51429,-0.4713869954838695,Neutral,Neutral,28.6,,,0.192,"cBioPortal,COSMIC",,False,28.6,,,,neutral,neutral,neutral,UP,neutral,neutral,neutral,,,,90.38,H,-0.1407,0.8783,-3.1669,loss_of_function,-3.31990469111585,,,0.4876,ambiguous,https://doi.org/10.1101/2022.10.22.513328
Q2059P,2.34482,10.63878,6.120988079771668,Uncertain,Uncertain,28.6,,,0.358,cBioPortal,,False,28.6,,,,neutral,neutral,neutral,DOWN,neutral,neutral,neutral,,,,90.38,H,-0.3924,0.8783,-22.1825,loss_of_function,-3.31990469111585,,,0.9711,pathogenic,https://doi.org/10.1101/2022.10.22.513328
Q2059R,-0.62533,0.75034,0.0734400208538971,Neutral,Neutral,28.6,,,,clinvar,,False,28.6,,,,neutral,neutral,neutral,UP,neutral,neutral,neutral,1752025,Uncertain significance,1,90.38,H,-0.1708,0.8783,-6.5729,loss_of_function,-3.31990469111585,,,0.5016,ambiguous,https://doi.org/10.1101/2022.10.22.513328
C2061G,1.92464,2.77245,2.636895862894704,Uncertain,Uncertain,0.0,,,0.507,"COSMIC,clinvar",,False,0.0,,,,neutral,neutral,neutral,DOWN,neutral,neutral,neutral,1752073,Uncertain significance,1,93.04,H,-0.4041,0.0827,-7.8948,loss_of_function,-3.31704150058182,,,0.8963,pathogenic,https://doi.org/10.1101/2022.10.22.513328
C2062F,-2.06495,-1.41701,-1.2594845368099377,Uncertain,Uncertain,17.0,,,,clinvar,,False,17.0,,,,neutral,neutral,neutral,UP,neutral,neutral,neutral,1752083,Uncertain significance,1,90.84,H,-0.3828,1.1242,-22.1856,loss_of_function,-3.31704150058182,,,0.9455,pathogenic,https://doi.org/10.1101/2022.10.22.513328
C2062S,0.34562,0.62823,1.0602569175391665,Neutral,Neutral,17.0,,,,clinvar,,False,17.0,,,,neutral,neutral,neutral,DOWN,neutral,neutral,neutral,2497248,Uncertain significance,1,90.84,H,-0.287,1.1242,-4.0399,loss_of_function,-2.05979804319192,,,0.9103,pathogenic,https://doi.org/10.1101/2022.10.22.513328
T2063N,3.15043,2.27143,2.1704975626255973,Uncertain,Uncertain,0.0,,,,clinvar,,False,0.0,,,,uncertain,,,-,uncertain,uncertain,uncertain,1752089,Uncertain significance,1,93.9,H,-0.282,1.0447,-22.1856,loss_of_function,-3.31990469111585,,,0.9347,pathogenic,https://doi.org/10.1101/2022.10.22.513328
Q2065R,1.01109,1.30714,0.4636918964720526,Neutral,Neutral,8.9,,,,clinvar,,False,8.9,,,,neutral,neutral,neutral,UP,neutral,neutral,neutral,1752129,Uncertain significance,1,94.0,H,-0.3293,0.0218,-22.1856,loss_of_function,-3.31990469111585,,,0.9805,pathogenic,https://doi.org/10.1101/2022.10.22.513328
H2066R,2.49653,3.04252,0.8342334543675423,Uncertain,Uncertain,0.2,,,,clinvar,,False,0.2,,,,neutral,neutral,neutral,UP,neutral,neutral,neutral,1752133,Uncertain significance,1,94.53,H,-0.3331,0.0001,-22.1856,loss_of_function,-3.31990469111585,,,0.9928,pathogenic,https://doi.org/10.1101/2022.10.22.513328
H2066Y,4.50077,2.80646,-0.4560947841543256,Uncertain,Uncertain,0.2,,,0.583,"cBioPortal,COSMIC",,False,0.2,,,,neutral,neutral,neutral,UP,neutral,neutral,neutral,,,,94.53,H,-0.2686,0.0001,-22.1856,loss_of_function,-2.05979804319192,,,0.9681,pathogenic,https://doi.org/10.1101/2022.10.22.513328
W2067C,5.52045,5.46565,5.947045158363555,Destabilizing,Destabilizing,4.1,,,0.406,cBioPortal,,False,4.1,,,,neutral,neutral,neutral,DOWN,neutral,neutral,destabilizing,,,,96.95,H,-0.5102,0.0218,-22.1856,loss_of_function,-3.31704150058182,,,0.9969,pathogenic,https://doi.org/10.1101/2022.10.22.513328
Q2070K,-0.21858,1.27211,0.6615118152798518,Neutral,Neutral,33.3,,,0.206,cBioPortal,,False,33.3,,,,neutral,neutral,neutral,UP,neutral,neutral,neutral,,,,95.18,H,-0.1797,1.6629,-22.1856,loss_of_function,-3.31990469111585,,,0.4124,ambiguous,https://doi.org/10.1101/2022.10.22.513328
K2071I,0.72849,-0.15782,-0.0696280803094706,Neutral,Neutral,49.6,,,0.216,"cBioPortal,COSMIC",,False,49.6,,,,neutral,neutral,neutral,-,uncertain,uncertain,uncertain,,,,95.03,H,-0.2008,1.7368,-22.1856,loss_of_function,-3.31704150058182,,,0.9204,pathogenic,https://doi.org/10.1101/2022.10.22.513328
T2072I,2.72205,2.31429,0.6434013649563308,Uncertain,Uncertain,1.4,,,,clinvar,,False,1.4,,,,uncertain,,,UP,neutral,neutral,neutral,1752234,Uncertain significance,1,94.25,T,-0.3464,0.0218,-22.1856,loss_of_function,-3.31990469111585,,,0.9721,pathogenic,https://doi.org/10.1101/2022.10.22.513328
S2073R,-0.84922,0.00442,-0.534045655945119,Neutral,Neutral,94.5,,,0.132,"cBioPortal,COSMIC,clinvar",,False,94.5,,,,uncertain,,,UP,neutral,neutral,neutral,1752247,Uncertain significance,1,93.79,T,-0.1969,1.9252,-22.1856,loss_of_function,-3.13403875098164,,,0.7352,pathogenic,https://doi.org/10.1101/2022.10.22.513328
G2074C,3.35581,1.83503,1.7791989781538486,Uncertain,Uncertain,12.3,,,0.464,"cBioPortal,COSMIC,clinvar",,False,12.3,,,,neutral,neutral,neutral,UP,neutral,neutral,neutral,1752298,Uncertain significance,1,91.6,T,-0.3693,0.0651,-8.8977,loss_of_function,-3.31704150058182,,,0.9347,pathogenic,https://doi.org/10.1101/2022.10.22.513328
T2079K,5.2248,1.11088,1.6996157525970064,Uncertain,Uncertain,1.8,,,0.643,"cBioPortal,COSMIC",,False,1.8,,,,uncertain,,,UP,neutral,neutral,neutral,,,,91.27,E,-0.3986,0.0768,-22.1856,loss_of_function,-3.31990469111585,,,0.9923,pathogenic,https://doi.org/10.1101/2022.10.22.513328
T2079M,1.47264,0.24796,0.367841581308338,Neutral,Neutral,1.8,,1.59587625576e-05,0.584,"cBioPortal,clinvar",,False,1.8,,,,uncertain,,,UP,neutral,neutral,neutral,2450551,Uncertain significance,1,91.27,E,-0.3602,0.0768,-22.1856,loss_of_function,-3.31990469111585,,,0.9249,pathogenic,https://doi.org/10.1101/2022.10.22.513328
M2081I,0.72923,0.61905,0.994938159375608,Neutral,Neutral,0.3,,,,clinvar,,False,0.3,,,,neutral,neutral,neutral,-,uncertain,uncertain,uncertain,1752393,Uncertain significance,1,90.13,-,-0.1324,1.1769,-6.8978,loss_of_function,-2.05979804319192,,,0.9741,pathogenic,https://doi.org/10.1101/2022.10.22.513328
M2081T,3.46487,2.41463,2.8809565728288087,Uncertain,Uncertain,0.3,,,,clinvar,,False,0.3,,,,neutral,neutral,neutral,DOWN,neutral,neutral,destabilizing,2450839,Uncertain significance,1,90.13,-,-0.2643,1.1769,-22.1856,loss_of_function,-3.31704150058182,,,0.9636,pathogenic,https://doi.org/10.1101/2022.10.22.513328
G2083D,18.97062,9.65136,7.384590503226578,Destabilizing,Destabilizing,0.0,,,0.476,cBioPortal,,False,0.0,,,,neutral,neutral,neutral,UP,neutral,neutral,neutral,,,,91.78,E,-0.3718,0.0435,-8.8947,loss_of_function,-1.00985536489179,,,0.9957,pathogenic,https://doi.org/10.1101/2022.10.22.513328
G2083V,20.4701,17.39932,7.35331844978581,Destabilizing,Destabilizing,0.0,,,,clinvar,,False,0.0,,,,neutral,neutral,neutral,UP,neutral,neutral,neutral,1752407,Uncertain significance,1,91.78,E,-0.4662,0.0435,-22.1825,loss_of_function,-3.18967453508268,,,0.9945,pathogenic,https://doi.org/10.1101/2022.10.22.513328
G2085E,1.9571,3.15646,0.4462487175084695,Uncertain,Neutral,88.6,,,0.359,"cBioPortal,COSMIC",,False,88.6,,,,neutral,neutral,neutral,UP,neutral,neutral,neutral,,,,90.64,T,-0.2279,1.3067,-3.6033,loss_of_function,-1.07558231093465,,,0.9789,pathogenic,https://doi.org/10.1101/2022.10.22.513328
D2090E,1.17626,1.57891,0.1821505487724983,Neutral,Neutral,16.3,,,,clinvar,,False,16.3,,,,neutral,neutral,neutral,UP,neutral,neutral,neutral,1752551,Uncertain significance,1,91.33,S,-0.192,1.1002,-22.1704,loss_of_function,-1.6952945659408,,,0.991,pathogenic,https://doi.org/10.1101/2022.10.22.513328
D2090G,0.0863,2.2398,0.6834004194572126,Uncertain,Neutral,16.3,,,,clinvar,,False,16.3,,,,neutral,neutral,neutral,DOWN,neutral,neutral,destabilizing,1752528,Uncertain significance,1,91.33,S,-0.1854,1.1002,-7.8826,loss_of_function,-2.71144385849769,,,0.9933,pathogenic,https://doi.org/10.1101/2022.10.22.513328
V2091A,2.11519,2.27653,2.923181748764574,Uncertain,Uncertain,0.0,9.55596610817e-05,1.59098864034e-05,0.374,"cBioPortal,clinvar",,False,0.0,,,,neutral,neutral,neutral,DOWN,neutral,neutral,neutral,2450945,Uncertain significance,1,92.63,-,-0.3131,0.4084,-22.1734,loss_of_function,-2.71144385849769,,,0.9154,pathogenic,https://doi.org/10.1101/2022.10.22.513328
V2091I,-0.31346,0.47381,0.604171258199245,Neutral,Neutral,0.0,,3.9776930971e-06,0.249,"cBioPortal,COSMIC",,False,0.0,,,,neutral,neutral,neutral,UP,neutral,neutral,neutral,,,,92.63,-,-0.1551,0.4084,-3.8413,loss_of_function,-0.71863932261145,,,0.2071,benign,https://doi.org/10.1101/2022.10.22.513328
V2091L,0.89994,1.57517,1.1306408284890248,Neutral,Neutral,0.0,,,0.341,COSMIC,,False,0.0,,,,neutral,neutral,neutral,UP,neutral,neutral,neutral,,,,92.63,-,-0.2459,0.4084,-8.8856,loss_of_function,-1.6952945659408,,,0.9557,pathogenic,https://doi.org/10.1101/2022.10.22.513328
G2092A,1.70914,-0.36735,1.0889804261667302,Neutral,Neutral,7.1,,,0.301,cBioPortal,,False,7.1,,,,neutral,neutral,neutral,UP,neutral,neutral,neutral,,,,91.37,E,-0.1532,1.7085,-7.8856,loss_of_function,-2.70882719834295,,,0.8802,pathogenic,https://doi.org/10.1101/2022.10.22.513328
G2092R,2.59341,-1.88878,0.3793390748681469,Uncertain,Uncertain,7.1,,,0.397,cBioPortal,,False,7.1,,,,neutral,neutral,neutral,UP,neutral,neutral,neutral,,,,91.37,E,-0.2021,1.7085,-2.4594,loss_of_function,-2.70882719834295,,,0.9943,pathogenic,https://doi.org/10.1101/2022.10.22.513328
A2094E,12.71776,7.44796,3.431246597983616,Destabilizing,Destabilizing,0.0,,,0.455,"cBioPortal,clinvar",,False,0.0,,,,neutral,neutral,neutral,UP,neutral,neutral,neutral,1752602,Uncertain significance,1,92.51,E,-0.3272,0.8744,-22.1734,loss_of_function,-2.70882719834295,,,0.9955,pathogenic,https://doi.org/10.1101/2022.10.22.513328
A2094T,1.16274,2.34762,1.2580077633452182,Uncertain,Neutral,0.0,,,,clinvar,,False,0.0,,,,neutral,neutral,neutral,UP,neutral,neutral,neutral,2450594,Uncertain significance,1,92.51,E,-0.1627,0.8744,-8.8856,loss_of_function,-1.6952945659408,,,0.9081,pathogenic,https://doi.org/10.1101/2022.10.22.513328
T2095A,2.41292,1.6085,0.612393514450146,Uncertain,Uncertain,3.7,0.0001910828025478,1.9887832624e-05,0.430,"cBioPortal,COSMIC",P,False,3.7,13.515,,,uncertain,uncertain,uncertain,DOWN,neutral,neutral,neutral,,,,92.3,E,-0.2771,0.4929,-22.1734,loss_of_function,-1.6952945659408,,,0.7569,pathogenic,https://doi.org/10.1101/2022.10.22.513328
T2095M,6.48592,2.39592,1.0589492764937918,Uncertain,Uncertain,3.7,,1.59131777025e-05,0.510,"cBioPortal,COSMIC,clinvar",P,False,3.7,13.515,,,uncertain,neutral,uncertain,UP,neutral,neutral,neutral,2450585,Uncertain significance,1,92.3,E,-0.3219,0.4929,-22.1734,loss_of_function,-2.71144385849769,,,0.7761,pathogenic,https://doi.org/10.1101/2022.10.22.513328
A2097T,0.48882,0.47143,-0.2840132734813344,Neutral,Neutral,76.3,,,,clinvar,,False,76.3,,,,neutral,neutral,neutral,UP,neutral,neutral,neutral,1752634,Uncertain significance,1,78.12,T,-0.0024,2.3894,-4.7982,loss_of_function,-1.6952945659408,,,0.34,ambiguous,https://doi.org/10.1101/2022.10.22.513328
G2099R,3.59382,5.70986,1.433019582545762,Destabilizing,Uncertain,3.8,,,0.371,cBioPortal,,True,3.8,,,,neutral,neutral,neutral,UP,neutral,neutral,neutral,,,,85.34,-,-0.3813,0.0614,-7.8826,loss_of_function,-1.59251666107438,,,0.9672,pathogenic,https://doi.org/10.1101/2022.10.22.513328
K2101E,1.04798,1.34524,1.0085230130207925,Neutral,Neutral,53.4,,,0.334,"cBioPortal,clinvar",,True,53.4,,,,neutral,neutral,neutral,DOWN,neutral,neutral,stabilizing,2449229,Uncertain significance,1,85.98,T,-0.2291,1.2807,-22.1519,loss_of_function,-1.15585152389099,,,0.6052,pathogenic,https://doi.org/10.1101/2022.10.22.513328
K2101N,0.23145,0.13776,0.3704044786606492,Neutral,Neutral,53.4,,,,clinvar,,True,53.4,,,,neutral,neutral,neutral,DOWN,neutral,neutral,stabilizing,1752742,Uncertain significance,1,85.98,T,-0.1546,1.2807,-8.864,loss_of_function,-1.15585152389099,,,0.8857,pathogenic,https://doi.org/10.1101/2022.10.22.513328
K2101R,0.4176,-0.05238,0.0319923209663985,Neutral,Neutral,53.4,,,0.252,cBioPortal,,True,53.4,,,,neutral,neutral,neutral,-,uncertain,uncertain,uncertain,,,,85.98,T,-0.0547,1.2807,-5.8642,loss_of_function,-0.309267705260742,,,0.0957,benign,https://doi.org/10.1101/2022.10.22.513328
G2102E,2.83883,1.34354,1.2601242945519635,Uncertain,Uncertain,82.9,,,0.476,COSMIC,,True,82.9,,,,neutral,neutral,neutral,UP,neutral,neutral,neutral,,,,82.23,T,-0.4283,0.1573,-22.1457,loss_of_function,-1.83179559629897,,,0.9193,pathogenic,https://doi.org/10.1101/2022.10.22.513328
G2102R,2.8823,1.51531,0.8628435125244133,Uncertain,Uncertain,82.9,,3.2069526734e-05,0.552,"cBioPortal,COSMIC,clinvar",,True,82.9,,,,neutral,neutral,neutral,UP,neutral,neutral,neutral,1752747,Uncertain significance,1,82.23,T,-0.4453,0.1573,-22.1457,loss_of_function,-1.83179559629897,,,0.9656,pathogenic,https://doi.org/10.1101/2022.10.22.513328
K2104E,0.68196,0.91395,0.4257321744532105,Neutral,Neutral,85.2,,,0.421,COSMIC,,False,85.2,,,,neutral,neutral,neutral,DOWN,neutral,neutral,neutral,,,,85.77,-,-0.1536,1.3089,-7.8579,loss_of_function,-1.42742639918411,,,0.6509,pathogenic,https://doi.org/10.1101/2022.10.22.513328
G2105D,14.11416,5.02925,5.286085816179209,Destabilizing,Destabilizing,1.7,,4.0054474085e-06,0.324,"cBioPortal,COSMIC",,False,1.7,,,,neutral,neutral,neutral,UP,neutral,neutral,neutral,,,,85.86,-,-0.2025,1.6502,-4.6881,loss_of_function,-1.50569657881294,,,0.9751,pathogenic,https://doi.org/10.1101/2022.10.22.513328
G2105S,4.21767,2.68912,2.880609476544004,Uncertain,Uncertain,1.7,,,0.356,"COSMIC,clinvar",,False,1.7,,,,neutral,neutral,neutral,UP,neutral,neutral,neutral,1752807,Uncertain significance,1,85.86,-,-0.2372,1.6502,-22.1457,loss_of_function,-1.50569657881294,,,0.8206,pathogenic,https://doi.org/10.1101/2022.10.22.513328
N2106H,1.67043,1.69082,0.2683495005786324,Neutral,Neutral,36.7,,,0.576,"cBioPortal,COSMIC",,False,36.7,,,,neutral,neutral,neutral,UP,neutral,neutral,destabilizing,,,,87.69,S,-0.0747,1.9863,-7.273,loss_of_function,-1.50651781879638,,,0.698,pathogenic,https://doi.org/10.1101/2022.10.22.513328
N2106I,1.73577,0.10816,0.6093862507534614,Neutral,Neutral,36.7,,,0.543,COSMIC,,False,36.7,,,,neutral,neutral,neutral,UP,neutral,neutral,destabilizing,,,,87.69,S,-0.1281,1.9863,-8.8578,loss_of_function,-1.50651781879638,,,0.8623,pathogenic,https://doi.org/10.1101/2022.10.22.513328
N2106K,1.21436,1.80408,0.7091568655910463,Neutral,Neutral,36.7,,4.0021131157e-06,0.293,cBioPortal,,False,36.7,,,,neutral,neutral,neutral,UP,neutral,neutral,destabilizing,,,,87.69,S,-0.0692,1.9863,-6.536,loss_of_function,-1.50651781879638,,,0.9653,pathogenic,https://doi.org/10.1101/2022.10.22.513328
S2108F,0.87823,1.70306,0.2628331445881665,Neutral,Neutral,71.7,0.0001591951095262,2.40017281244e-05,0.283,"COSMIC,clinvar",,True,71.7,,,,uncertain,,,UP,neutral,neutral,stabilizing,2450678,Uncertain significance,1,83.72,-,-0.0635,2.0822,-1.9632,loss_of_function,-1.50235055622723,,,0.789,pathogenic,https://doi.org/10.1101/2022.10.22.513328
F2111L,0.78049,0.00204,0.8079683547573693,Neutral,Neutral,18.5,,,,clinvar,,True,18.5,,,,neutral,neutral,neutral,DOWN,neutral,neutral,destabilizing,2449298,Uncertain significance,1,85.98,H,-0.0928,1.7176,-1.7705,loss_of_function,-1.50569657881294,,,0.9948,pathogenic,https://doi.org/10.1101/2022.10.22.513328
I2112T,1.27294,3.16939,2.3686534598521902,Uncertain,Uncertain,0.7,,,,clinvar,,True,0.7,,,,neutral,neutral,neutral,DOWN,neutral,neutral,destabilizing,1752919,Uncertain significance,1,88.78,H,-0.2385,1.573,-22.1457,loss_of_function,-1.50569657881294,,,0.5601,ambiguous,https://doi.org/10.1101/2022.10.22.513328
D2113H,0.17743,0.1966,-0.4737296146922737,Neutral,Neutral,81.9,,,,clinvar,,True,81.9,,,,neutral,neutral,neutral,UP,neutral,neutral,neutral,2449291,Uncertain significance,1,85.31,H,-0.2541,1.1242,-22.1457,loss_of_function,-1.50569657881294,,,0.8645,pathogenic,https://doi.org/10.1101/2022.10.22.513328
D2113N,0.47626,0.39898,-0.0181287304376837,Neutral,Neutral,81.9,,,0.320,cBioPortal,,True,81.9,,,,neutral,neutral,neutral,-,uncertain,uncertain,uncertain,,,,85.31,H,-0.1305,1.1242,-6.273,loss_of_function,-0.950132332668428,,,0.4941,ambiguous,https://doi.org/10.1101/2022.10.22.513328
Q2114K,-0.63953,0.36327,0.3407264014699862,Neutral,Neutral,32.8,,,0.384,COSMIC,,True,32.8,,,,neutral,neutral,neutral,UP,neutral,neutral,neutral,,,,84.23,H,-0.2075,0.6225,-8.8578,loss_of_function,-1.50569657881294,,,0.8479,pathogenic,https://doi.org/10.1101/2022.10.22.513328
K2116R,0.33265,0.16599,-0.4876331305323961,Neutral,Neutral,36.0,,,,clinvar,,False,36.0,,,,neutral,neutral,neutral,-,uncertain,uncertain,uncertain,1752977,Uncertain significance,1,86.74,H,0.0842,2.6305,-2.9753,gain_of_function,-0.38668072413012,,,0.0935,benign,https://doi.org/10.1101/2022.10.22.513328
A2117S,-0.1612,0.29286,0.2198645751291239,Neutral,Neutral,76.2,,,0.086,"cBioPortal,COSMIC",,False,76.2,,,,neutral,neutral,neutral,-,uncertain,uncertain,uncertain,,,,83.26,H,-0.037,1.8019,-2.1437,loss_of_function,-0.74819134804177,,,0.2573,benign,https://doi.org/10.1101/2022.10.22.513328
H2119Y,3.13983,1.13503,-0.6882271266805706,Uncertain,Uncertain,2.6,,,,clinvar,,False,2.6,,,,neutral,neutral,neutral,UP,neutral,neutral,neutral,2449187,Uncertain significance,1,87.32,-,-0.2684,0.0001,-22.1457,loss_of_function,-0.950132332668428,,,0.8861,pathogenic,https://doi.org/10.1101/2022.10.22.513328
C2121S,1.09296,0.46531,0.1205060016244097,Neutral,Neutral,14.3,,,,clinvar,,False,14.3,,,,neutral,neutral,neutral,DOWN,neutral,neutral,stabilizing,1753066,Uncertain significance,1,91.01,-,-0.4828,0.0001,-22.1457,loss_of_function,-0.950132332668428,,,0.9886,pathogenic,https://doi.org/10.1101/2022.10.22.513328
K2123Q,-0.11223,0.43401,0.4556354485384922,Neutral,Neutral,66.4,,,,clinvar,,False,66.4,,,,neutral,neutral,neutral,DOWN,neutral,neutral,destabilizing,1753079,Uncertain significance,1,93.93,H,0.017,2.81,-6.5298,gain_of_function,-1.50569657881294,,,0.4336,ambiguous,https://doi.org/10.1101/2022.10.22.513328
C2125R,6.05986,9.15782,2.596424358232948,Destabilizing,Uncertain,0.0,,,,cBioPortal,,True,0.0,,,,neutral,neutral,neutral,UP,neutral,neutral,neutral,,,,94.61,H,-0.5442,0.0001,-22.1395,loss_of_function,-1.50569657881294,,,0.9975,pathogenic,https://doi.org/10.1101/2022.10.22.513328
C2125S,0.80202,1.57279,1.2458144266380182,Neutral,Neutral,0.0,,,,clinvar,,True,0.0,,,,neutral,neutral,neutral,DOWN,neutral,neutral,neutral,1753131,Uncertain significance,1,94.61,H,-0.4828,0.0001,-22.1395,loss_of_function,-0.950132332668428,,,0.9888,pathogenic,https://doi.org/10.1101/2022.10.22.513328
M2127I,0.34357,0.94048,0.924484518137926,Neutral,Neutral,33.7,,,0.123,"cBioPortal,COSMIC",,True,33.7,,,,neutral,neutral,neutral,-,uncertain,uncertain,uncertain,,,,95.29,H,-0.0712,1.5893,-2.344,loss_of_function,-0.950132332668428,,,0.8208,pathogenic,https://doi.org/10.1101/2022.10.22.513328
G2129A,1.83495,0.44116,1.0291097514640273,Neutral,Neutral,108.1,,,,clinvar,,False,108.1,,,,neutral,neutral,neutral,UP,neutral,neutral,neutral,1753193,Uncertain significance,1,94.73,T,-0.2342,0.7152,-5.8517,loss_of_function,-1.50569657881294,,,0.6649,pathogenic,https://doi.org/10.1101/2022.10.22.513328
G2129V,2.89756,4.22177,1.8644200418038044,Uncertain,Uncertain,108.1,,,,clinvar,,False,108.1,,,,neutral,neutral,neutral,UP,neutral,neutral,neutral,1753194,Uncertain significance,1,94.73,T,-0.4041,0.7152,-22.1395,loss_of_function,-1.50569657881294,,,0.9418,pathogenic,https://doi.org/10.1101/2022.10.22.513328
S2132F,-0.64539,0.60816,-0.4795091297609499,Neutral,Neutral,62.3,3.18511912346e-05,1.1944577162e-05,0.448,"cBioPortal,COSMIC",,False,62.3,,,,uncertain,,,UP,neutral,neutral,neutral,,,,91.14,-,-0.2034,1.6805,-22.1395,loss_of_function,-1.32095861878226,,,0.5308,ambiguous,https://doi.org/10.1101/2022.10.22.513328
S2132P,-1.46894,-0.48265,0.5949905964227622,Neutral,Neutral,62.3,,,,clinvar,,False,62.3,,,,uncertain,,,UP,neutral,neutral,neutral,1753248,Uncertain significance,1,91.14,-,-0.1767,1.6805,-2.1238,loss_of_function,-1.32095861878226,,,0.2433,benign,https://doi.org/10.1101/2022.10.22.513328
L2133F,5.00469,0.82959,1.15152231119154,Uncertain,Uncertain,16.6,,3.9816525451e-06,0.206,"cBioPortal,clinvar",,False,16.6,,,,neutral,neutral,neutral,UP,neutral,neutral,neutral,1753257,Uncertain significance,1,84.75,S,-0.2607,0.2604,-8.8485,loss_of_function,-1.50569657881294,,,0.6453,pathogenic,https://doi.org/10.1101/2022.10.22.513328
Q2134H,0.6654,1.74796,-0.0120115237956758,Neutral,Neutral,68.9,,,0.097,COSMIC,,False,68.9,,,,neutral,neutral,neutral,UP,neutral,neutral,neutral,,,,71.76,S,-0.0536,1.9446,-8.8328,loss_of_function,-1.35645609486862,,,0.4266,ambiguous,https://doi.org/10.1101/2022.10.22.513328
