Mutation,"Stability (FoldX5, alphafold, kcal/mol)","Stability (Rosetta Cartddg2020, alphafold, kcal/mol)","Stability (RaSP, alphafold, kcal/mol)","Stability classification, alphafold, (Rosetta, FoldX)","Stability classification, alphafold, (RaSP, FoldX)",Relative Side Chain Solvent Accessibility in wild-type,gnomAD genome allele frequency,gnomAD exome allele frequency,REVEL score,Mutation sources,PTMs,is site part of phospho-SLiM,PTM residue SASA (%),"Change in stability with PTM (FoldX5, kcal/mol)","Change in binding with PTM (FoldX5, kcal/mol)","Change in binding with mutation (FoldX5, kcal/mol)",PTM effect in regulation,PTM effect in stability,PTM effect in function,AlloSigma2 mutation type,AlloSigma2 predicted consequence - active sites,AlloSigma2 predicted consequence - cofactor sites,AlloSigma2 predicted consequence - pockets and interfaces,ClinVar Variation ID,ClinVar Interpretation,ClinVar Review Status,DeMaSk delta fitness,DeMaSk Shannon entropy,DeMaSk log2 variant frequency,DeMaSk predicted consequence,GEMME Score,EVE score,EVE classification (25% Uncertain),AlphaMissense pathogenicity score,AlphaMissense classification,References
I964T,0.37701,1.6034,1.759520843898016,Neutral,Neutral,44.3,,,,clinvar,,True,44.3,,,,neutral,neutral,neutral,DOWN,neutral,neutral,destabilizing,1797316,Uncertain significance,1,-0.3802,0.038,-22.239,loss_of_function,-1.01637691293671,0.6638603345512901,Uncertain,0.4751,ambiguous,https://doi.org/10.1101/2022.10.22.513328
I964V,0.68524,0.91293,1.1059660044588997,Neutral,Neutral,44.3,,,,clinvar,,True,44.3,,,,neutral,neutral,neutral,DOWN,neutral,neutral,destabilizing,665456,Uncertain significance,2,-0.1952,0.038,-7.9512,loss_of_function,-0.194601884025408,0.1801281149339148,Benign,0.0676,benign,https://doi.org/10.1101/2022.10.22.513328
H965R,-0.05891,1.03571,0.2669519576953599,Neutral,Neutral,54.4,,,,clinvar,,True,54.4,,,,neutral,neutral,neutral,UP,neutral,neutral,neutral,2450628,Uncertain significance,1,-0.3334,0.0001,-22.239,loss_of_function,-1.81406278146024,0.9261407418174727,Pathogenic,0.4333,ambiguous,https://doi.org/10.1101/2022.10.22.513328
S966L,0.55892,-0.71973,-0.4360960266607411,Neutral,Neutral,65.7,,8.1125371149e-06,0.468,"cBioPortal,clinvar",,True,65.7,,,,uncertain,,,UP,neutral,neutral,neutral,1483365,Uncertain significance,2,-0.3579,0.0001,-22.239,loss_of_function,-1.66665980807454,0.771804123220731,Pathogenic,0.6661,pathogenic,https://doi.org/10.1101/2022.10.22.513328
G967C,-0.54878,1.19456,0.2138638758146455,Neutral,Neutral,41.2,,,0.470,"cBioPortal,COSMIC",,True,41.2,,,,neutral,neutral,neutral,UP,neutral,neutral,neutral,,,,-0.4399,0.038,-22.2419,loss_of_function,-1.01948840326765,0.907980363711717,Pathogenic,0.6657,pathogenic,https://doi.org/10.1101/2022.10.22.513328
G967R,-0.38915,1.01497,-0.8923509037921828,Neutral,Neutral,41.2,,,,clinvar,,True,41.2,,,,neutral,neutral,neutral,UP,neutral,neutral,neutral,852598,Uncertain significance,1,-0.4567,0.038,-22.2419,loss_of_function,-1.34212112265424,0.8544926157857883,Pathogenic,0.9529,pathogenic,https://doi.org/10.1101/2022.10.22.513328
F968V,2.49451,4.02925,2.7094039900747293,Uncertain,Uncertain,4.2,,,,clinvar,,False,4.2,,,,neutral,neutral,neutral,DOWN,neutral,neutral,neutral,191402,Uncertain significance,1,-0.3876,0.0001,-22.2448,loss_of_function,-4.87096881976305,0.932378402420082,Pathogenic,0.977,pathogenic,https://doi.org/10.1101/2022.10.22.513328
S971C,0.24709,0.63333,0.5461349064643922,Neutral,Neutral,13.3,,0.0,0.612,"cBioPortal,COSMIC",,False,13.3,,,,uncertain,,,UP,neutral,neutral,stabilizing,,,,-0.331,0.0001,-22.2448,loss_of_function,-2.94564708492997,0.9119208862429864,Pathogenic,0.9123,pathogenic,https://doi.org/10.1101/2022.10.22.513328
M973L,0.01313,0.03333,-0.4020406299614187,Neutral,Neutral,60.2,,0.0,0.256,"cBioPortal,COSMIC,clinvar",,False,60.2,,,,neutral,neutral,neutral,-,uncertain,uncertain,uncertain,1797634,Uncertain significance,1,-0.286,0.0001,-22.2448,loss_of_function,-1.06886886723093,0.0174699058120774,Benign,0.8655,pathogenic,https://doi.org/10.1101/2022.10.22.513328
A976S,-0.25412,0.01088,0.3425157255301164,Neutral,Neutral,67.7,,,,clinvar,,False,67.7,,,,neutral,neutral,neutral,-,uncertain,uncertain,uncertain,1797751,Uncertain significance,1,-0.3053,0.0001,-22.2448,loss_of_function,-2.94564708492997,0.9381226513082817,Pathogenic,0.6129,pathogenic,https://doi.org/10.1101/2022.10.22.513328
A976T,0.81488,0.0085,0.3777931980212307,Neutral,Neutral,67.7,,,,clinvar,,False,67.7,,,,neutral,neutral,neutral,UP,neutral,neutral,neutral,1507200,Uncertain significance,1,-0.3113,0.0001,-22.2448,loss_of_function,-2.94564708492997,0.9373208993473376,Pathogenic,0.9654,pathogenic,https://doi.org/10.1101/2022.10.22.513328
A976V,0.35544,-0.03741,0.1140360078290558,Neutral,Neutral,67.7,,,0.626,COSMIC,,False,67.7,,,,neutral,neutral,neutral,UP,neutral,neutral,neutral,,,,-0.3083,0.0001,-22.2448,loss_of_function,-4.87096881976305,0.9371806201132342,Pathogenic,0.9854,pathogenic,https://doi.org/10.1101/2022.10.22.513328
R977L,1.32766,1.63537,-0.2055196058370689,Neutral,Neutral,76.1,,,0.630,"cBioPortal,COSMIC",,False,76.1,,,,neutral,neutral,neutral,DOWN,neutral,neutral,neutral,,,,-0.4123,0.0001,-22.2448,loss_of_function,-4.87096881976305,0.9365043067864192,Pathogenic,0.9887,pathogenic,https://doi.org/10.1101/2022.10.22.513328
R977Q,0.71329,1.14184,0.3174018721496346,Neutral,Neutral,76.1,,,,clinvar,,False,76.1,,,,neutral,neutral,neutral,DOWN,neutral,neutral,neutral,574084,Uncertain significance,2,-0.3846,0.0001,-22.2448,loss_of_function,-4.87096881976305,0.9205783846312676,Pathogenic,0.9476,pathogenic,https://doi.org/10.1101/2022.10.22.513328
G978S,9.03174,4.77313,4.0381505370882005,Destabilizing,Destabilizing,0.0,,,0.684,"cBioPortal,COSMIC",,False,0.0,,,,neutral,neutral,neutral,UP,neutral,neutral,neutral,,,,-0.3896,0.0001,-22.2448,loss_of_function,-4.87096881976305,0.9108221549793538,Pathogenic,0.9691,pathogenic,https://doi.org/10.1101/2022.10.22.513328
G979C,5.47767,1.16701,2.385406157472642,Uncertain,Uncertain,2.5,,,0.823,"cBioPortal,COSMIC",,False,2.5,,,,neutral,neutral,neutral,UP,neutral,neutral,neutral,,,,-0.4434,0.0001,-22.2448,loss_of_function,-4.87096881976305,0.8869810452097762,Pathogenic,0.9871,pathogenic,https://doi.org/10.1101/2022.10.22.513328
A980S,-0.22354,0.07313,0.8017331557754478,Neutral,Neutral,0.0,,,0.150,cBioPortal,,False,0.0,,,,neutral,neutral,neutral,-,uncertain,uncertain,uncertain,,,,-0.3053,0.0001,-22.2448,loss_of_function,-2.94564708492997,0.9335633035836526,Pathogenic,0.2108,benign,https://doi.org/10.1101/2022.10.22.513328
M981I,0.90784,1.45476,2.3036039385587093,Neutral,Uncertain,4.3,,,0.567,cBioPortal,,False,4.3,,,,neutral,neutral,neutral,-,uncertain,uncertain,uncertain,,,,-0.319,0.0001,-22.2448,loss_of_function,-2.29197698768359,0.8896980806910297,Pathogenic,0.9911,pathogenic,https://doi.org/10.1101/2022.10.22.513328
M981T,1.83254,1.44762,3.6574088836573218,Neutral,Uncertain,4.3,,,,clinvar,,False,4.3,,,,neutral,neutral,neutral,DOWN,neutral,neutral,neutral,2430788,Uncertain significance,1,-0.3728,0.0001,-22.2448,loss_of_function,-3.7900495615165,0.9347446612717144,Pathogenic,0.9922,pathogenic,https://doi.org/10.1101/2022.10.22.513328
R982Q,0.01368,-0.23027,0.8000820301630737,Neutral,Neutral,62.5,,1.59190041071e-05,0.607,"cBioPortal,clinvar",,False,62.5,,,,neutral,neutral,neutral,DOWN,neutral,neutral,neutral,238575,Uncertain significance,2,-0.3846,0.0001,-22.2448,loss_of_function,-4.87096881976305,0.9043388778039304,Pathogenic,0.9432,pathogenic,https://doi.org/10.1101/2022.10.22.513328
G983V,1.2846,-2.35136,0.5027392427673255,Uncertain,Neutral,2.7,,,0.730,"cBioPortal,COSMIC",,False,2.7,,,,neutral,neutral,neutral,UP,neutral,neutral,neutral,,,,-0.4705,0.0001,-22.2448,loss_of_function,-4.87096881976305,0.922854370129384,Pathogenic,0.9945,pathogenic,https://doi.org/10.1101/2022.10.22.513328
C984Y,-0.25777,-0.78741,-1.1249375929168786,Neutral,Neutral,60.8,,3.9791809254e-06,0.526,cBioPortal,,False,60.8,,,,neutral,neutral,neutral,UP,neutral,neutral,neutral,,,,-0.4958,0.0001,-22.2448,loss_of_function,-4.87096881976305,0.9206208067894276,Pathogenic,0.9924,pathogenic,https://doi.org/10.1101/2022.10.22.513328
R985I,-0.83804,0.17177,0.5178026758609591,Neutral,Neutral,59.2,,,0.608,COSMIC,,False,59.2,,,,neutral,neutral,neutral,DOWN,neutral,neutral,stabilizing,,,,-0.4393,0.0001,-22.2448,loss_of_function,-4.87096881976305,0.8924271888241333,Pathogenic,0.9928,pathogenic,https://doi.org/10.1101/2022.10.22.513328
N987D,-0.13606,-0.26463,-0.0169934214086653,Neutral,Neutral,107.2,,,,clinvar,,False,107.2,,,,neutral,neutral,neutral,-,uncertain,uncertain,uncertain,2145479,Uncertain significance,1,-0.3247,0.0813,-22.2448,loss_of_function,-0.843290963779597,0.639851741963516,Uncertain,0.8023,pathogenic,https://doi.org/10.1101/2022.10.22.513328
G988V,4.87824,5.64932,2.3392079579020706,Destabilizing,Uncertain,68.4,,,0.635,"cBioPortal,COSMIC",,False,68.4,,,,neutral,neutral,neutral,UP,neutral,neutral,neutral,,,,-0.4705,0.0001,-22.2448,loss_of_function,-4.87096881976305,0.9299515951263622,Pathogenic,0.9973,pathogenic,https://doi.org/10.1101/2022.10.22.513328
R990G,2.56281,1.67925,3.0503092099913056,Uncertain,Uncertain,7.5,,,0.431,"cBioPortal,COSMIC",,False,7.5,,,,neutral,neutral,neutral,DOWN,neutral,neutral,neutral,,,,-0.4453,0.0001,-22.2448,loss_of_function,-4.87096881976305,0.9379308088049074,Pathogenic,0.9951,pathogenic,https://doi.org/10.1101/2022.10.22.513328
R990Q,0.16065,0.57517,1.7242112397390723,Neutral,Neutral,7.5,,1.5917357082e-05,0.811,"cBioPortal,COSMIC,clinvar",,False,7.5,,,,neutral,neutral,neutral,DOWN,neutral,neutral,neutral,190560,Uncertain significance,2,-0.3846,0.0001,-22.2448,loss_of_function,-4.87096881976305,0.935488596889205,Pathogenic,0.8501,pathogenic,https://doi.org/10.1101/2022.10.22.513328
P994Q,3.98958,3.52823,0.0111378061141603,Destabilizing,Uncertain,1.0,,,0.764,"cBioPortal,COSMIC",,True,1.0,,,,neutral,neutral,neutral,UP,neutral,neutral,neutral,,,,-0.2864,0.021,-8.957,loss_of_function,-4.87096881976305,0.92655451997493,Pathogenic,0.9893,pathogenic,https://doi.org/10.1101/2022.10.22.513328
P994S,4.82137,2.98776,0.753206590510976,Uncertain,Uncertain,1.0,,,0.721,"cBioPortal,COSMIC",,True,1.0,,,,neutral,neutral,neutral,DOWN,neutral,neutral,neutral,,,,-0.3255,0.021,-22.2448,loss_of_function,-4.87096881976305,0.9027486029399846,Pathogenic,0.9609,pathogenic,https://doi.org/10.1101/2022.10.22.513328
P994T,4.04549,3.07041,0.0804022351899874,Destabilizing,Uncertain,1.0,,,,clinvar,,True,1.0,,,,neutral,neutral,neutral,-,uncertain,uncertain,uncertain,937742,Uncertain significance,2,-0.3376,0.021,-22.2448,loss_of_function,-4.87096881976305,0.9027486029399846,Pathogenic,0.9728,pathogenic,https://doi.org/10.1101/2022.10.22.513328
R996L,0.36389,-0.26871,-0.2416864558727632,Neutral,Neutral,94.8,,,0.440,"cBioPortal,COSMIC",,True,94.8,,,,neutral,neutral,neutral,DOWN,neutral,neutral,neutral,,,,-0.4104,0.021,-22.2448,loss_of_function,-2.82037703457182,0.5669105338400249,Uncertain,0.9183,pathogenic,https://doi.org/10.1101/2022.10.22.513328
R996Q,0.96501,-0.51327,0.3673753224320913,Neutral,Neutral,94.8,,,,clinvar,,True,94.8,,,,neutral,neutral,neutral,DOWN,neutral,neutral,neutral,234979,Uncertain significance,2,-0.3827,0.021,-22.2448,loss_of_function,-3.1781877929066,0.857492989938816,Pathogenic,0.4631,ambiguous,https://doi.org/10.1101/2022.10.22.513328
R996W,0.45631,-0.09864,-0.1967443703837851,Neutral,Neutral,94.8,0.00019105846389,,0.411,"cBioPortal,COSMIC,clinvar",,True,94.8,,,,neutral,neutral,neutral,UP,neutral,neutral,neutral,1316468,Uncertain significance,1,-0.4257,0.021,-22.2448,loss_of_function,-3.37938767697736,0.9233543157939884,Pathogenic,0.9258,pathogenic,https://doi.org/10.1101/2022.10.22.513328
K997R,0.28124,0.2102,0.7176648288170379,Neutral,Neutral,18.7,,,0.267,cBioPortal,,True,18.7,,,,neutral,neutral,neutral,-,uncertain,uncertain,uncertain,,,,-0.2542,0.021,-22.2448,loss_of_function,-1.24558293979617,0.7155635502481619,Pathogenic,0.3058,benign,https://doi.org/10.1101/2022.10.22.513328
C998G,1.96393,2.67211,2.300498710251884,Uncertain,Uncertain,3.1,,,,clinvar,,True,3.1,,,,neutral,neutral,neutral,DOWN,neutral,neutral,neutral,1036870,Uncertain significance,1,-0.485,0.0001,-22.2448,loss_of_function,-1.34773299398139,0.9017755307522992,Pathogenic,0.9658,pathogenic,https://doi.org/10.1101/2022.10.22.513328
T999A,-0.02898,0.01939,0.2346709726353607,Neutral,Neutral,67.5,,,0.171,COSMIC,,True,67.5,,,,uncertain,,,DOWN,neutral,neutral,destabilizing,,,,-0.3228,0.0001,-22.2448,loss_of_function,-0.774928960041575,0.6705649726126605,Uncertain,0.217,benign,https://doi.org/10.1101/2022.10.22.513328
P1001Q,-0.14302,0.47653,-0.006885855454588,Neutral,Neutral,65.7,,,,cBioPortal,,True,65.7,,,,neutral,neutral,neutral,UP,neutral,neutral,neutral,,,,-0.3561,0.0001,-22.2448,loss_of_function,-4.87096881976305,0.938162439606724,Pathogenic,0.994,pathogenic,https://doi.org/10.1101/2022.10.22.513328
P1001S,1.07798,1.28605,0.2980592732323867,Neutral,Neutral,65.7,,,0.467,cBioPortal,,True,65.7,,,,neutral,neutral,neutral,DOWN,neutral,neutral,neutral,,,,-0.3274,0.0001,-22.2448,loss_of_function,-4.87096881976305,0.9090992181361884,Pathogenic,0.9831,pathogenic,https://doi.org/10.1101/2022.10.22.513328
T1002M,0.17169,0.35646,-0.5001879344657018,Neutral,Neutral,20.5,,7.9610862106e-06,0.404,"cBioPortal,COSMIC",,True,20.5,,,,uncertain,,,UP,neutral,neutral,neutral,,,,-0.3657,0.021,-22.2448,loss_of_function,-4.87096881976305,0.9278204411356236,Pathogenic,0.9378,pathogenic,https://doi.org/10.1101/2022.10.22.513328
R1003L,0.13699,-0.27789,0.2071295603592743,Neutral,Neutral,61.2,,,0.567,COSMIC,,True,61.2,,,,neutral,neutral,neutral,DOWN,neutral,neutral,neutral,,,,-0.4104,0.021,-22.2448,loss_of_function,-4.87096881976305,0.9242834268853396,Pathogenic,0.9885,pathogenic,https://doi.org/10.1101/2022.10.22.513328
R1003Q,-0.01598,0.08571,1.0930845900607655,Neutral,Neutral,61.2,,3.9804163516e-06,0.606,cBioPortal,,True,61.2,,,,neutral,neutral,neutral,DOWN,neutral,neutral,neutral,,,,-0.3827,0.021,-22.2448,loss_of_function,-4.87096881976305,0.9373243863694846,Pathogenic,0.9705,pathogenic,https://doi.org/10.1101/2022.10.22.513328
V1004G,4.13609,5.38061,5.333093167945815,Destabilizing,Destabilizing,0.0,,,0.679,cBioPortal,,True,0.0,,,,neutral,neutral,neutral,DOWN,neutral,neutral,neutral,,,,-0.4733,0.0379,-22.2448,loss_of_function,-2.63433615632542,0.9375211609274348,Pathogenic,0.9946,pathogenic,https://doi.org/10.1101/2022.10.22.513328
T1005N,1.09751,0.36122,0.8512997540846429,Neutral,Neutral,11.9,,,0.404,cBioPortal,,True,11.9,,,,uncertain,,,-,uncertain,uncertain,uncertain,,,,-0.3765,0.021,-22.2448,loss_of_function,-4.87096881976305,0.8316789203526281,Pathogenic,0.9883,pathogenic,https://doi.org/10.1101/2022.10.22.513328
R1007Q,-0.13606,0.40476,1.0245442490425387,Neutral,Neutral,28.1,,,0.610,"cBioPortal,clinvar",,True,28.1,,,,neutral,neutral,neutral,DOWN,neutral,neutral,neutral,518604,Uncertain significance,1,-0.3827,0.021,-22.2448,loss_of_function,-4.87096881976305,0.9274654429285096,Pathogenic,0.9833,pathogenic,https://doi.org/10.1101/2022.10.22.513328
R1011C,1.53151,1.15306,0.979664706069694,Neutral,Neutral,37.9,3.1849162367e-05,,0.366,"cBioPortal,COSMIC",,True,37.9,,,,neutral,neutral,neutral,DOWN,neutral,neutral,neutral,,,,-0.4188,0.0001,-22.2448,loss_of_function,-2.05083521114515,0.9297905040744222,Pathogenic,0.9828,pathogenic,https://doi.org/10.1101/2022.10.22.513328
R1011H,1.4274,0.08912,0.0032319984643502,Neutral,Neutral,37.9,,,0.498,"cBioPortal,COSMIC",,True,37.9,,,,neutral,neutral,neutral,DOWN,neutral,neutral,neutral,,,,-0.3796,0.0001,-22.2448,loss_of_function,-2.05083521114515,0.921619399222659,Pathogenic,0.923,pathogenic,https://doi.org/10.1101/2022.10.22.513328
R1011L,-1.01669,-0.2449,-0.6624385251642334,Neutral,Neutral,37.9,,,0.487,cBioPortal,,True,37.9,,,,neutral,neutral,neutral,DOWN,neutral,neutral,neutral,,,,-0.4123,0.0001,-22.2448,loss_of_function,-2.05083521114515,0.9368386682968076,Pathogenic,0.9853,pathogenic,https://doi.org/10.1101/2022.10.22.513328
R1011S,1.74827,1.8432,0.7697355706099165,Neutral,Neutral,37.9,,,,clinvar,,True,37.9,,,,neutral,neutral,neutral,DOWN,neutral,neutral,neutral,1315610,Uncertain significance,1,-0.4104,0.0001,-22.2448,loss_of_function,-2.05083521114515,0.9124995926617292,Pathogenic,0.9971,pathogenic,https://doi.org/10.1101/2022.10.22.513328
H1012N,-0.41415,0.8517,0.6849513915694346,Neutral,Neutral,80.3,,,0.385,COSMIC,,True,80.3,,,,neutral,neutral,neutral,DOWN,neutral,neutral,neutral,,,,-0.3038,0.0001,-22.2448,loss_of_function,-1.0495726198177,0.9228349313543308,Pathogenic,0.771,pathogenic,https://doi.org/10.1101/2022.10.22.513328
H1012R,-0.53046,1.11224,0.3405857908870913,Neutral,Neutral,80.3,,,0.557,cBioPortal,,True,80.3,,,,neutral,neutral,neutral,UP,neutral,neutral,mixed_effects,,,,-0.3334,0.0001,-22.2448,loss_of_function,-1.38846699525504,0.9012461959370826,Pathogenic,0.9357,pathogenic,https://doi.org/10.1101/2022.10.22.513328
R1013K,-0.30332,0.88027,0.7920709185501446,Neutral,Neutral,71.3,,,0.280,"cBioPortal,COSMIC",,True,71.3,,,,neutral,neutral,neutral,-,uncertain,uncertain,uncertain,,,,-0.2982,0.021,-22.2448,loss_of_function,-2.94564708492997,0.9176746324968124,Pathogenic,0.4353,ambiguous,https://doi.org/10.1101/2022.10.22.513328
T1016I,-1.19795,0.45238,-0.2130697707395012,Neutral,Neutral,89.2,,,0.398,COSMIC,,True,89.2,,,,uncertain,,,UP,neutral,neutral,stabilizing,,,,-0.3468,0.021,-22.2448,loss_of_function,-2.05083521114515,0.9373806865763196,Pathogenic,0.6603,pathogenic,https://doi.org/10.1101/2022.10.22.513328
P1018S,2.30937,1.50238,-0.1435518524215101,Uncertain,Uncertain,68.4,,,0.541,COSMIC,,True,68.4,,,,neutral,neutral,neutral,DOWN,neutral,neutral,mixed_effects,,,,-0.3274,0.0001,-22.2448,loss_of_function,-3.27512062678295,0.934113032620868,Pathogenic,0.9003,pathogenic,https://doi.org/10.1101/2022.10.22.513328
M1020I,0.94412,1.22755,0.7764097246293111,Neutral,Neutral,50.4,,,0.422,COSMIC,,False,50.4,,,,neutral,neutral,neutral,-,uncertain,uncertain,uncertain,,,,-0.3171,0.021,-22.2419,loss_of_function,-1.24558293979617,0.9382161134277636,Pathogenic,0.6615,pathogenic,https://doi.org/10.1101/2022.10.22.513328
M1020V,1.68307,1.58707,1.0295258714708722,Neutral,Neutral,50.4,,,,clinvar,,False,50.4,,,,neutral,neutral,neutral,DOWN,neutral,neutral,stabilizing,1799320,Conflicting interpretations of pathogenicity,1,-0.3491,0.021,-22.2419,loss_of_function,-1.24558293979617,0.9126088021091858,Pathogenic,0.1312,benign,https://doi.org/10.1101/2022.10.22.513328
E1022K,-1.7813,-0.28095,0.2241715208288064,Neutral,Neutral,114.0,,,0.575,"cBioPortal,COSMIC",,False,114.0,,,,neutral,neutral,neutral,UP,neutral,neutral,mixed_effects,,,,-0.34,0.0226,-22.1238,loss_of_function,-3.27512062678295,0.918549429156922,Pathogenic,0.8928,pathogenic,https://doi.org/10.1101/2022.10.22.513328
G1023E,2.29751,1.98571,2.0027076564935262,Uncertain,Uncertain,114.8,,,0.511,"cBioPortal,COSMIC,clinvar",,False,114.8,,,,neutral,neutral,neutral,UP,neutral,neutral,stabilizing,576298,Uncertain significance,2,-0.4426,0.0001,-22.1143,loss_of_function,-3.27512062678295,0.9012461959370826,Pathogenic,0.8829,pathogenic,https://doi.org/10.1101/2022.10.22.513328
G1023R,1.86272,1.54558,1.6411143423037775,Neutral,Neutral,114.8,,,,clinvar,,False,114.8,,,,neutral,neutral,neutral,UP,neutral,neutral,stabilizing,190561,Conflicting interpretations of pathogenicity,1,-0.4596,0.0001,-22.1143,loss_of_function,-3.27512062678295,0.9213526537086713,Pathogenic,0.97,pathogenic,https://doi.org/10.1101/2022.10.22.513328
G1025A,-0.31984,0.22721,0.1388035366351886,Neutral,Neutral,93.3,0.000159205247405,0.0001673146790745,0.470,"COSMIC,clinvar",,False,93.3,,,,neutral,neutral,neutral,UP,neutral,neutral,mixed_effects,190562,Conflicting interpretations of pathogenicity,1,-0.3809,0.0227,-22.1143,loss_of_function,-1.35735707351335,0.7200994292513071,Pathogenic,0.4202,ambiguous,https://doi.org/10.1101/2022.10.22.513328
G1025S,-0.23705,-0.06599,0.1485579392391617,Neutral,Neutral,93.3,,,0.492,COSMIC,,False,93.3,,,,neutral,neutral,neutral,UP,neutral,neutral,mixed_effects,,,,-0.3868,0.0227,-22.1143,loss_of_function,-1.53407114607858,0.9214761089651148,Pathogenic,0.3062,benign,https://doi.org/10.1101/2022.10.22.513328
G1025V,-0.13001,-0.20102,-0.2510349346295359,Neutral,Neutral,93.3,,,,clinvar,,False,93.3,,,,neutral,neutral,neutral,UP,neutral,neutral,mixed_effects,386341,Uncertain significance,2,-0.4677,0.0227,-22.1143,loss_of_function,-2.05083521114515,0.8649409727588812,Pathogenic,0.5917,pathogenic,https://doi.org/10.1101/2022.10.22.513328
S1028G,-0.10969,0.5915,0.4325843388708389,Neutral,Neutral,89.9,,,,clinvar,,True,89.9,,,,uncertain,,,DOWN,neutral,neutral,neutral,190563,Uncertain significance,2,-0.2869,0.0227,-22.1143,loss_of_function,-2.53724760019549,0.93790215550708,Pathogenic,0.115,benign,https://doi.org/10.1101/2022.10.22.513328
R1029C,0.34913,0.59592,0.6897069451348267,Neutral,Neutral,99.4,,7.9718116739e-06,0.407,"cBioPortal,COSMIC,clinvar",,True,99.4,,,,neutral,neutral,neutral,DOWN,neutral,neutral,stabilizing,190564,Uncertain significance,2,-0.4181,0.0001,-22.1143,loss_of_function,-3.27512062678295,0.9364805943655016,Pathogenic,0.7108,pathogenic,https://doi.org/10.1101/2022.10.22.513328
R1029G,0.39367,0.87347,0.5747042734784032,Neutral,Neutral,99.4,,,0.433,COSMIC,,True,99.4,,,,neutral,neutral,neutral,DOWN,neutral,neutral,stabilizing,,,,-0.4446,0.0001,-22.1143,loss_of_function,-3.27512062678295,0.9348008746074512,Pathogenic,0.852,pathogenic,https://doi.org/10.1101/2022.10.22.513328
R1029H,0.52028,0.32007,-0.1134746850508905,Neutral,Neutral,99.4,,3.9860647177e-06,0.562,"cBioPortal,COSMIC,clinvar",,True,99.4,,,,neutral,neutral,neutral,DOWN,neutral,neutral,stabilizing,854148,Uncertain significance,2,-0.379,0.0001,-22.1143,loss_of_function,-3.27512062678295,0.9371937983149063,Pathogenic,0.4407,ambiguous,https://doi.org/10.1101/2022.10.22.513328
E1032K,-0.13828,0.25612,-0.159159154526467,Neutral,Neutral,83.6,6.3682098962e-05,7.9753084451e-06,0.480,"cBioPortal,COSMIC",,False,83.6,,,,neutral,neutral,neutral,UP,neutral,neutral,stabilizing,,,,-0.342,0.0001,-22.1111,loss_of_function,-3.27512062678295,0.9380849712990024,Pathogenic,0.9477,pathogenic,https://doi.org/10.1101/2022.10.22.513328
V1033I,-0.27194,-0.0898,0.1868297070839569,Neutral,Neutral,94.0,,,,clinvar,,False,94.0,,,,neutral,neutral,neutral,UP,neutral,neutral,stabilizing,958802,Uncertain significance,1,-0.2859,0.0001,-22.1111,loss_of_function,-0.843290963779597,0.937384636860108,Pathogenic,0.3306,benign,https://doi.org/10.1101/2022.10.22.513328
A1038D,-0.29481,-0.3051,0.224986462082336,Neutral,Neutral,67.7,,,0.508,"cBioPortal,COSMIC",,False,67.7,,,,neutral,neutral,neutral,UP,neutral,neutral,mixed_effects,,,,-0.4217,0.0001,-22.1111,loss_of_function,-1.46050547432085,0.9368480841110344,Pathogenic,0.9937,pathogenic,https://doi.org/10.1101/2022.10.22.513328
A1038T,-0.14836,0.71565,0.0442400068426152,Neutral,Neutral,67.7,,,0.392,cBioPortal,,False,67.7,,,,neutral,neutral,neutral,UP,neutral,neutral,mixed_effects,,,,-0.3106,0.0001,-22.1111,loss_of_function,-0.886347077969478,0.7984055376695949,Pathogenic,0.6666,pathogenic,https://doi.org/10.1101/2022.10.22.513328
A1038V,-0.22732,0.4085,-0.3254304928010021,Neutral,Neutral,67.7,,,0.381,cBioPortal,,False,67.7,,,,neutral,neutral,neutral,UP,neutral,neutral,mixed_effects,,,,-0.3076,0.0001,-22.1111,loss_of_function,-1.46050547432085,0.9189836848631928,Pathogenic,0.8648,pathogenic,https://doi.org/10.1101/2022.10.22.513328
L1041F,-0.25,0.7398,0.4634439052047068,Neutral,Neutral,44.5,,,0.356,"cBioPortal,COSMIC",,False,44.5,,,,neutral,neutral,neutral,UP,neutral,neutral,neutral,,,,-0.3523,0.0001,-22.1111,loss_of_function,0.0,,,0.9419,pathogenic,https://doi.org/10.1101/2022.10.22.513328
G1042C,-0.78806,-0.43707,0.5724343628276315,Neutral,Neutral,110.0,,,0.591,"cBioPortal,COSMIC",,False,110.0,,,,neutral,neutral,neutral,UP,neutral,neutral,mixed_effects,,,,-0.4427,0.0001,-22.1111,loss_of_function,0.0,,,0.993,pathogenic,https://doi.org/10.1101/2022.10.22.513328
G1042D,-0.51459,-0.62959,-0.1389900517077907,Neutral,Neutral,110.0,,,0.488,COSMIC,,False,110.0,,,,neutral,neutral,neutral,UP,neutral,neutral,mixed_effects,,,,-0.4433,0.0001,-22.1111,loss_of_function,0.0,,,0.9979,pathogenic,https://doi.org/10.1101/2022.10.22.513328
G1042R,-0.53975,-1.56905,-0.5272258623824772,Neutral,Neutral,110.0,,,0.602,"cBioPortal,COSMIC",,False,110.0,,,,neutral,neutral,neutral,UP,neutral,neutral,mixed_effects,,,,-0.4595,0.0001,-22.1111,loss_of_function,0.0,,,0.9983,pathogenic,https://doi.org/10.1101/2022.10.22.513328
L1044F,1.19235,1.1602,0.3312046142412195,Neutral,Neutral,26.0,,,0.278,"cBioPortal,COSMIC",,False,26.0,,,,neutral,neutral,neutral,UP,neutral,neutral,mixed_effects,,,,-0.3523,0.0001,-22.1111,loss_of_function,0.0,,,0.9503,pathogenic,https://doi.org/10.1101/2022.10.22.513328
H1045Y,-0.47993,0.29422,-0.1991562799160146,Neutral,Neutral,62.8,,3.9767440011e-06,0.361,"cBioPortal,COSMIC",,False,62.8,,,,neutral,neutral,neutral,UP,neutral,neutral,mixed_effects,,,,-0.2682,0.0001,-22.1111,loss_of_function,0.0,,,0.7517,pathogenic,https://doi.org/10.1101/2022.10.22.513328
P1047T,4.98263,1.55408,1.8251118770717016,Uncertain,Uncertain,0.1,,,0.485,cBioPortal,,False,0.1,,,,neutral,neutral,neutral,-,uncertain,uncertain,uncertain,,,,-0.3389,0.0001,-22.1111,loss_of_function,-0.223705180721884,,,0.9401,pathogenic,https://doi.org/10.1101/2022.10.22.513328
T1048M,-0.35542,0.45102,0.0221869608678232,Neutral,Neutral,95.4,,,,clinvar,,False,95.4,,,,uncertain,,,UP,neutral,neutral,mixed_effects,190600,Uncertain significance,2,-0.3631,0.041,-22.1111,loss_of_function,-0.624326894400312,,,0.134,benign,https://doi.org/10.1101/2022.10.22.513328
P1051L,2.55645,1.64456,0.2574818426209269,Uncertain,Uncertain,0.3,,,0.366,COSMIC,,False,0.3,,,,neutral,neutral,neutral,UP,neutral,neutral,stabilizing,,,,-0.3758,0.0001,-22.1111,loss_of_function,-2.18230628088109,,,0.8645,pathogenic,https://doi.org/10.1101/2022.10.22.513328
P1052Q,0.60466,0.68878,-0.2436489780215622,Neutral,Neutral,62.2,,7.9529187212e-06,0.401,"COSMIC,clinvar",,False,62.2,,,,neutral,neutral,neutral,UP,neutral,neutral,stabilizing,1059083,Uncertain significance,1,-0.3555,0.0001,-22.1143,loss_of_function,-0.624326894400312,,,0.8454,pathogenic,https://doi.org/10.1101/2022.10.22.513328
P1052R,0.38261,1.48265,-0.5773696684266599,Neutral,Neutral,62.2,,,,clinvar,,False,62.2,,,,neutral,neutral,neutral,UP,neutral,neutral,stabilizing,1417205,Uncertain significance,1,-0.3969,0.0001,-22.1143,loss_of_function,-0.624326894400312,,,0.8993,pathogenic,https://doi.org/10.1101/2022.10.22.513328
P1052S,1.24191,1.42449,-0.2205398734365543,Neutral,Neutral,62.2,,,,clinvar,,False,62.2,,,,neutral,neutral,neutral,DOWN,neutral,neutral,neutral,2038348,Uncertain significance,1,-0.3267,0.0001,-22.1143,loss_of_function,-0.624326894400312,,,0.7763,pathogenic,https://doi.org/10.1101/2022.10.22.513328
L1053H,1.72259,2.3568,2.5918425916011003,Uncertain,Uncertain,21.4,,,,clinvar,,False,21.4,,,,neutral,neutral,neutral,DOWN,neutral,neutral,destabilizing,1497911,Uncertain significance,1,-0.4592,0.0227,-22.1143,loss_of_function,-2.18230628088109,,,0.9958,pathogenic,https://doi.org/10.1101/2022.10.22.513328
L1053I,1.45607,2.47177,1.8220419877629623,Uncertain,Neutral,21.4,,,0.279,cBioPortal,,False,21.4,,,,neutral,neutral,neutral,-,uncertain,uncertain,uncertain,,,,-0.2909,0.0227,-22.1143,loss_of_function,-1.33778391159672,,,0.6783,pathogenic,https://doi.org/10.1101/2022.10.22.513328
S1058N,2.04887,0.22619,0.2066067119263875,Uncertain,Uncertain,8.9,,,,clinvar,,False,8.9,,,,uncertain,,,UP,neutral,neutral,neutral,1728466,Uncertain significance,1,-0.2637,0.4248,-22.2448,loss_of_function,-0.624326894400312,,,0.929,pathogenic,https://doi.org/10.1101/2022.10.22.513328
L1059S,3.46282,2.97415,3.6028283624960524,Uncertain,Destabilizing,7.4,9.55657492355e-05,1.19297575873e-05,0.542,"cBioPortal,clinvar",,False,7.4,,,,neutral,neutral,neutral,DOWN,neutral,neutral,neutral,526941,Uncertain significance,1,-0.448,0.021,-22.2448,loss_of_function,-2.097021451785,,,0.9975,pathogenic,https://doi.org/10.1101/2022.10.22.513328
S1061N,0.86771,2.18061,0.4302724770916027,Uncertain,Neutral,3.2,,,,clinvar,,False,3.2,,,,uncertain,,,UP,neutral,neutral,neutral,2103452,Uncertain significance,1,-0.3028,0.0001,-22.2448,loss_of_function,-1.69916240010085,,,0.9362,pathogenic,https://doi.org/10.1101/2022.10.22.513328
R1062C,2.5475,1.79592,2.823826101237948,Uncertain,Uncertain,9.1,,1.59063434498e-05,0.413,"cBioPortal,COSMIC",,False,9.1,,,,neutral,neutral,neutral,DOWN,neutral,neutral,neutral,,,,-0.4188,0.0001,-22.2448,loss_of_function,-2.18230628088109,,,0.9872,pathogenic,https://doi.org/10.1101/2022.10.22.513328
R1062H,4.02398,3.10544,2.0154689341145247,Destabilizing,Uncertain,9.1,,,0.452,"cBioPortal,COSMIC,clinvar",,False,9.1,,,,neutral,neutral,neutral,DOWN,neutral,neutral,neutral,1728579,Uncertain significance,1,-0.3796,0.0001,-22.2448,loss_of_function,-1.86671491193902,,,0.9693,pathogenic,https://doi.org/10.1101/2022.10.22.513328
Q1065H,0.21103,0.26871,0.5180768844770178,Neutral,Neutral,12.3,,,0.249,cBioPortal,,False,12.3,,,,neutral,neutral,neutral,UP,neutral,neutral,neutral,,,,-0.26,0.4455,-22.2448,loss_of_function,-0.624326894400312,,,0.931,pathogenic,https://doi.org/10.1101/2022.10.22.513328
P1069H,2.03791,0.00408,-0.1540344967170975,Uncertain,Uncertain,51.5,,,0.279,cBioPortal,,True,51.5,,,,neutral,neutral,neutral,UP,neutral,neutral,neutral,,,,-0.3274,0.4248,-22.2448,loss_of_function,-0.198992591048385,,,0.6449,pathogenic,https://doi.org/10.1101/2022.10.22.513328
P1069L,1.87892,0.38707,-0.5402252884743308,Neutral,Neutral,51.5,,,0.208,"cBioPortal,COSMIC",,True,51.5,,,,neutral,neutral,neutral,UP,neutral,neutral,neutral,,,,-0.3374,0.4248,-22.2448,loss_of_function,-0.624326894400312,,,0.4928,ambiguous,https://doi.org/10.1101/2022.10.22.513328
P1069S,2.15097,1.03061,0.5556982210183314,Uncertain,Uncertain,51.5,,,0.224,cBioPortal,,True,51.5,,,,neutral,neutral,neutral,DOWN,neutral,neutral,neutral,,,,-0.1928,0.4248,-3.5308,loss_of_function,-0.473302722071889,,,0.3144,benign,https://doi.org/10.1101/2022.10.22.513328
K1072E,0.82164,1.08299,0.2568473233332613,Neutral,Neutral,86.2,,,0.324,"cBioPortal,COSMIC",,True,86.2,,,,neutral,neutral,neutral,DOWN,neutral,neutral,neutral,,,,-0.3071,0.4386,-22.2448,loss_of_function,-2.77736354648892,,,0.845,pathogenic,https://doi.org/10.1101/2022.10.22.513328
K1072T,0.69082,1.01667,-0.010247212118411,Neutral,Neutral,86.2,,,0.168,cBioPortal,,True,86.2,,,,neutral,neutral,neutral,DOWN,neutral,neutral,neutral,,,,-0.3042,0.4386,-22.2448,loss_of_function,-3.81078026436631,,,0.7282,pathogenic,https://doi.org/10.1101/2022.10.22.513328
F1073L,2.64089,4.7432,2.7830732604451103,Uncertain,Uncertain,0.2,,,0.265,cBioPortal,,True,0.2,,,,neutral,neutral,neutral,DOWN,neutral,neutral,neutral,,,,-0.3515,0.0419,-22.2448,loss_of_function,-5.21201768661398,0.9205319732581808,Pathogenic,0.9996,pathogenic,https://doi.org/10.1101/2022.10.22.513328
G1075V,8.43425,5.08129,4.651731567268757,Destabilizing,Destabilizing,6.2,,,0.498,"cBioPortal,COSMIC",,True,6.2,,,,neutral,neutral,neutral,UP,neutral,neutral,neutral,,,,-0.4685,0.021,-22.2448,loss_of_function,-5.24866839842964,0.911552697810128,Pathogenic,0.9954,pathogenic,https://doi.org/10.1101/2022.10.22.513328
G1075W,9.44601,11.72517,2.4020895122653245,Destabilizing,Uncertain,6.2,,,0.560,COSMIC,,True,6.2,,,,neutral,neutral,neutral,UP,neutral,neutral,neutral,,,,-0.4794,0.021,-22.2448,loss_of_function,-5.24866839842964,0.9289410008556724,Pathogenic,0.9989,pathogenic,https://doi.org/10.1101/2022.10.22.513328
P1076H,5.76756,2.84286,0.0874478051565835,Uncertain,Uncertain,0.3,,,0.682,"cBioPortal,COSMIC",,True,0.3,,,,neutral,neutral,neutral,UP,neutral,neutral,neutral,,,,-0.3664,0.0001,-22.2448,loss_of_function,-5.25147005281297,0.9291420298226998,Pathogenic,0.9872,pathogenic,https://doi.org/10.1101/2022.10.22.513328
V1079L,-1.00586,1.18776,0.3728783874526781,Neutral,Neutral,0.0,,,,clinvar,,True,0.0,,,,neutral,neutral,neutral,UP,neutral,neutral,neutral,1711972,Uncertain significance,1,-0.3516,0.0001,-22.2448,loss_of_function,-1.92837344920271,0.9168421704487668,Pathogenic,0.8117,pathogenic,https://doi.org/10.1101/2022.10.22.513328
V1079M,0.32751,2.35306,1.2782956002447776,Uncertain,Neutral,0.0,,,,clinvar,,True,0.0,,,,neutral,neutral,neutral,UP,neutral,neutral,neutral,406483,Uncertain significance,1,-0.3607,0.0001,-22.2448,loss_of_function,-1.73243340840991,0.884807617353093,Pathogenic,0.9092,pathogenic,https://doi.org/10.1101/2022.10.22.513328
E1080K,2.78465,3.74388,1.6676071795667464,Uncertain,Uncertain,6.0,,,,clinvar,,True,6.0,,,,neutral,neutral,neutral,UP,neutral,neutral,neutral,2014830,Uncertain significance,1,-0.3427,0.0001,-22.2448,loss_of_function,-5.25147005281297,0.9379420262286772,Pathogenic,0.996,pathogenic,https://doi.org/10.1101/2022.10.22.513328
I1081S,4.72135,5.0568,3.9074850923235225,Destabilizing,Destabilizing,1.1,,,0.729,COSMIC,,False,1.1,,,,neutral,neutral,neutral,DOWN,neutral,neutral,neutral,,,,-0.4669,0.0001,-22.2448,loss_of_function,-3.53425381240278,0.933066348512272,Pathogenic,0.9979,pathogenic,https://doi.org/10.1101/2022.10.22.513328
P1082H,2.85572,1.84184,-0.1455905133496643,Uncertain,Uncertain,12.0,,3.9767756303e-06,0.586,"cBioPortal,COSMIC",,False,12.0,,,,neutral,neutral,neutral,UP,neutral,neutral,neutral,,,,-0.3664,0.0001,-22.2448,loss_of_function,-5.25147005281297,0.9382292682207588,Pathogenic,0.9946,pathogenic,https://doi.org/10.1101/2022.10.22.513328
A1085V,0.58519,1.83265,1.4266339890322872,Neutral,Neutral,0.7,3.1843077315e-05,,0.483,"cBioPortal,COSMIC",,False,0.7,,,,neutral,neutral,neutral,UP,neutral,neutral,neutral,,,,-0.3083,0.0001,-22.2448,loss_of_function,-5.25147005281297,0.9378382147895388,Pathogenic,0.9307,pathogenic,https://doi.org/10.1101/2022.10.22.513328
L1087F,1.75059,2.30544,1.1322519043364625,Uncertain,Neutral,14.9,,,0.261,"COSMIC,clinvar",,False,14.9,,,,neutral,neutral,neutral,UP,neutral,neutral,neutral,1315970,Uncertain significance,1,-0.353,0.0001,-22.2448,loss_of_function,-5.25147005281297,0.9204933194396712,Pathogenic,0.7206,pathogenic,https://doi.org/10.1101/2022.10.22.513328
R1088Q,0.28762,1.14218,1.0809656868127422,Neutral,Neutral,33.2,,3.9770286823e-06,0.545,"cBioPortal,COSMIC,clinvar",,False,33.2,,,,neutral,neutral,neutral,DOWN,neutral,neutral,neutral,1429246,Uncertain significance,1,-0.3846,0.0001,-22.2448,loss_of_function,-5.25147005281297,0.937266241463502,Pathogenic,0.7,pathogenic,https://doi.org/10.1101/2022.10.22.513328
K1090E,1.13998,0.27347,0.4997265304240761,Neutral,Neutral,100.8,,,,clinvar,,False,100.8,,,,neutral,neutral,neutral,DOWN,neutral,neutral,neutral,519481,Uncertain significance,1,-0.3439,0.0379,-22.2448,loss_of_function,-5.25147005281297,0.9377597731253952,Pathogenic,0.1999,benign,https://doi.org/10.1101/2022.10.22.513328
E1093V,0.43676,0.7,0.9438533265266158,Neutral,Neutral,19.7,,,,clinvar,,True,19.7,,,,neutral,neutral,neutral,-,uncertain,uncertain,uncertain,1729679,Uncertain significance,1,-0.3339,0.0001,-22.2448,loss_of_function,-5.25147005281297,0.9198250584438152,Pathogenic,0.9585,pathogenic,https://doi.org/10.1101/2022.10.22.513328
R1098C,3.45756,1.35578,0.9132995643310728,Uncertain,Uncertain,9.6,,7.9538043046e-06,0.496,"COSMIC,clinvar",,True,9.6,,,,neutral,neutral,neutral,DOWN,neutral,neutral,neutral,985536,Uncertain significance,1,-0.4188,0.0001,-22.2448,loss_of_function,-5.25147005281297,0.9368328115899528,Pathogenic,0.6465,pathogenic,https://doi.org/10.1101/2022.10.22.513328
R1098H,6.08204,2.33333,0.2572213738468759,Uncertain,Uncertain,9.6,,7.9538043046e-06,0.622,"cBioPortal,COSMIC,clinvar",,True,9.6,,,,neutral,neutral,neutral,DOWN,neutral,neutral,neutral,1502697,Uncertain significance,1,-0.3796,0.0001,-22.2448,loss_of_function,-5.25147005281297,0.8957418526730405,Pathogenic,0.4414,ambiguous,https://doi.org/10.1101/2022.10.22.513328
R1098L,1.4971,1.02109,-0.2972242164362548,Neutral,Neutral,9.6,,,0.606,"cBioPortal,COSMIC",,True,9.6,,,,neutral,neutral,neutral,DOWN,neutral,neutral,neutral,,,,-0.4123,0.0001,-22.2448,loss_of_function,-5.25147005281297,0.9377622713505458,Pathogenic,0.8849,pathogenic,https://doi.org/10.1101/2022.10.22.513328
S1099C,1.36145,2.50442,0.3525029412788905,Uncertain,Neutral,1.4,,,0.588,"cBioPortal,COSMIC",,True,1.4,,,,uncertain,,,UP,neutral,neutral,neutral,,,,-0.331,0.0001,-22.2448,loss_of_function,-3.15744837392464,0.9327530995394052,Pathogenic,0.4821,ambiguous,https://doi.org/10.1101/2022.10.22.513328
S1099R,15.49168,9.96088,4.785558793588918,Destabilizing,Destabilizing,1.4,,,,clinvar,,True,1.4,,,,uncertain,,,UP,neutral,neutral,neutral,1063057,Uncertain significance,2,-0.3744,0.0001,-22.2448,loss_of_function,-5.25147005281297,0.8538015602036273,Pathogenic,0.9956,pathogenic,https://doi.org/10.1101/2022.10.22.513328
E1100K,0.60398,1.11156,0.0671391738387222,Neutral,Neutral,46.5,,,,clinvar,,True,46.5,,,,neutral,neutral,neutral,UP,neutral,neutral,neutral,1321055,Uncertain significance,1,-0.3427,0.0001,-22.2448,loss_of_function,-3.53425381240278,0.9380596351415162,Pathogenic,0.7302,pathogenic,https://doi.org/10.1101/2022.10.22.513328
E1100Q,-0.11433,0.43537,0.0764877983978085,Neutral,Neutral,46.5,,,0.344,"cBioPortal,COSMIC",,True,46.5,,,,neutral,neutral,neutral,UP,neutral,neutral,neutral,,,,-0.2932,0.0001,-22.2448,loss_of_function,-2.12497145385617,0.918916206286932,Pathogenic,0.6079,pathogenic,https://doi.org/10.1101/2022.10.22.513328
N1101K,0.02107,1.25136,-0.037884903870502,Neutral,Neutral,57.9,,,,clinvar,,False,57.9,,,,neutral,neutral,neutral,UP,neutral,neutral,mixed_effects,1318708,Uncertain significance,2,-0.3238,0.091,-22.2448,loss_of_function,-5.24996482915421,0.7999613763189808,Pathogenic,0.4992,ambiguous,https://doi.org/10.1101/2022.10.22.513328
G1102E,9.10238,5.73503,4.665175531308003,Destabilizing,Destabilizing,2.3,,,0.666,COSMIC,,False,2.3,,,,neutral,neutral,neutral,UP,neutral,neutral,mixed_effects,,,,-0.4433,0.0001,-22.2448,loss_of_function,-5.25147005281297,0.9382229732555534,Pathogenic,0.9194,pathogenic,https://doi.org/10.1101/2022.10.22.513328
D1103E,0.81373,0.38776,0.2022177733685198,Neutral,Neutral,63.8,,,0.172,"cBioPortal,COSMIC",,False,63.8,,,,neutral,neutral,neutral,UP,neutral,neutral,mixed_effects,,,,-0.2239,0.021,-8.957,loss_of_function,-1.73243340840991,0.7829335489067515,Pathogenic,0.146,benign,https://doi.org/10.1101/2022.10.22.513328
D1103N,1.00376,0.2017,0.2998785795469427,Neutral,Neutral,63.8,,,0.309,"cBioPortal,COSMIC",,False,63.8,,,,neutral,neutral,neutral,-,uncertain,uncertain,uncertain,,,,-0.3135,0.021,-22.2448,loss_of_function,-2.01885335423666,0.9173635651917452,Pathogenic,0.1989,benign,https://doi.org/10.1101/2022.10.22.513328
D1103Y,0.83776,-0.55714,0.1472429761460791,Neutral,Neutral,63.8,,,0.730,"cBioPortal,COSMIC",,False,63.8,,,,neutral,neutral,neutral,UP,neutral,neutral,mixed_effects,,,,-0.3918,0.021,-22.2448,loss_of_function,-3.35610517607594,0.9326469617227376,Pathogenic,0.6472,pathogenic,https://doi.org/10.1101/2022.10.22.513328
K1106T,0.28649,-0.47619,0.0098825033346877,Neutral,Neutral,65.6,,,,clinvar,,False,65.6,,,,neutral,neutral,neutral,DOWN,neutral,neutral,neutral,1730142,Uncertain significance,1,-0.341,0.0379,-22.2448,loss_of_function,-3.15811546151259,0.9376575568893584,Pathogenic,0.6915,pathogenic,https://doi.org/10.1101/2022.10.22.513328
E1107D,1.77203,0.21361,0.8411522984051473,Neutral,Neutral,32.5,,,0.644,"cBioPortal,COSMIC",,False,32.5,,,,neutral,neutral,neutral,DOWN,neutral,neutral,neutral,,,,-0.2864,0.0001,-22.2448,loss_of_function,-3.15744837392464,0.93710889834289,Pathogenic,0.7652,pathogenic,https://doi.org/10.1101/2022.10.22.513328
H1108Y,6.78041,1.66429,-0.7841834400251679,Uncertain,Uncertain,8.5,,,0.768,"cBioPortal,COSMIC",,False,8.5,,,,neutral,neutral,neutral,UP,neutral,neutral,stabilizing,,,,-0.2689,0.0001,-22.2448,loss_of_function,-3.15744837392464,0.9280907501044822,Pathogenic,0.599,pathogenic,https://doi.org/10.1101/2022.10.22.513328
F1109L,0.5376,0.48878,0.5204474955213351,Neutral,Neutral,66.2,,,"0.202, 0.206","cBioPortal,COSMIC",,False,66.2,,,,neutral,neutral,neutral,DOWN,neutral,neutral,mixed_effects,,,,-0.1977,0.9769,-8.957,loss_of_function,-1.27368731753428,0.0036601842565262,Benign,0.4539,ambiguous,https://doi.org/10.1101/2022.10.22.513328
C1110R,1.27969,5.14864,0.8970873898633727,Uncertain,Neutral,11.7,,,,clinvar,,False,11.7,,,,neutral,neutral,neutral,UP,neutral,neutral,neutral,2446549,Uncertain significance,1,-0.5448,0.0001,-22.2448,loss_of_function,-3.34659560088244,0.9324873690545984,Pathogenic,0.9632,pathogenic,https://doi.org/10.1101/2022.10.22.513328
D1111H,0.20977,0.27381,-0.2447951652916069,Neutral,Neutral,120.2,,,0.375,"cBioPortal,COSMIC",,True,120.2,,,,neutral,neutral,neutral,UP,neutral,neutral,neutral,,,,-0.2678,0.9808,-22.2448,loss_of_function,-2.41017881762711,0.1688235700318672,Benign,0.4328,ambiguous,https://doi.org/10.1101/2022.10.22.513328
Y1112C,1.23754,2.51633,3.7465836600911033,Uncertain,Uncertain,40.0,,,0.319,cBioPortal,,True,40.0,,,,uncertain,,,DOWN,neutral,neutral,mixed_effects,,,,-0.3381,0.1826,-8.957,loss_of_function,-1.97660278794999,0.0913995693857893,Benign,0.105,benign,https://doi.org/10.1101/2022.10.22.513328
T1113A,0.89955,0.55306,0.42672114914306,Neutral,Neutral,77.3,,,,clinvar,,True,77.3,,,,uncertain,,,DOWN,neutral,neutral,neutral,902852,Conflicting interpretations of pathogenicity,1,-0.319,0.0419,-22.2448,loss_of_function,-1.9489244552929,0.8030294310628614,Pathogenic,0.1839,benign,https://doi.org/10.1101/2022.10.22.513328
T1113N,0.05556,0.68299,0.2240611997010588,Neutral,Neutral,77.3,,,0.154,"cBioPortal,COSMIC",,True,77.3,,,,uncertain,,,-,uncertain,uncertain,uncertain,,,,-0.3746,0.0419,-22.2448,loss_of_function,-3.35373801990655,0.9326806221324464,Pathogenic,0.203,benign,https://doi.org/10.1101/2022.10.22.513328
E1114K,0.33306,0.2085,0.3588777809438642,Neutral,Neutral,92.0,,,0.334,cBioPortal,,True,92.0,,,,neutral,neutral,neutral,UP,neutral,neutral,neutral,,,,-0.3427,0.0001,-22.2448,loss_of_function,-3.60441808170345,0.8664438905102021,Pathogenic,0.2358,benign,https://doi.org/10.1101/2022.10.22.513328
E1114Q,0.78835,-0.40204,0.4800020236519758,Neutral,Neutral,92.0,,,0.206,COSMIC,,True,92.0,,,,neutral,neutral,neutral,UP,neutral,neutral,neutral,,,,-0.2932,0.0001,-22.2448,loss_of_function,-2.16715774755736,0.9178851447874636,Pathogenic,0.2124,benign,https://doi.org/10.1101/2022.10.22.513328
D1115H,0.96979,-0.00884,0.0108098051763144,Neutral,Neutral,93.5,,,0.450,"cBioPortal,COSMIC",,True,93.5,,,,neutral,neutral,neutral,UP,neutral,neutral,neutral,,,,-0.3251,0.3584,-22.2448,loss_of_function,-2.98025937295869,0.7378028261120705,Pathogenic,0.34,benign,https://doi.org/10.1101/2022.10.22.513328
D1115N,0.81865,0.16599,0.4512185386637063,Neutral,Neutral,93.5,,3.9765858624e-06,0.276,"cBioPortal,clinvar",,True,93.5,,,,neutral,neutral,neutral,-,uncertain,uncertain,uncertain,2490363,Uncertain significance,1,-0.2824,0.3584,-22.2448,loss_of_function,-1.79313493742304,0.86780416724931,Pathogenic,0.1107,benign,https://doi.org/10.1101/2022.10.22.513328
L1117M,-0.28679,1.00442,1.597347414243483,Neutral,Neutral,10.1,,,0.445,cBioPortal,,True,10.1,,,,neutral,neutral,neutral,-,uncertain,uncertain,uncertain,,,,-0.3169,0.0001,-22.2448,loss_of_function,-1.9489244552929,0.810159432398565,Pathogenic,0.495,ambiguous,https://doi.org/10.1101/2022.10.22.513328
E1119K,-0.14118,-0.6102,-0.0292472239616026,Neutral,Neutral,82.3,,,0.386,cBioPortal,,False,82.3,,,,neutral,neutral,neutral,UP,neutral,neutral,neutral,,,,-0.3408,0.021,-22.2448,loss_of_function,-3.53425381240278,0.8969953678979834,Pathogenic,0.2249,benign,https://doi.org/10.1101/2022.10.22.513328
L1121I,2.09778,0.68265,1.998496024505908,Uncertain,Uncertain,8.7,,,0.511,"cBioPortal,COSMIC",,False,8.7,,,,neutral,neutral,neutral,-,uncertain,uncertain,uncertain,,,,-0.2936,0.0001,-22.2448,loss_of_function,-2.16715774755736,0.8192610650990322,Pathogenic,0.604,pathogenic,https://doi.org/10.1101/2022.10.22.513328
L1121P,6.09323,11.45884,8.639223471278758,Destabilizing,Destabilizing,8.7,,,0.845,"cBioPortal,COSMIC",,False,8.7,,,,neutral,neutral,neutral,DOWN,neutral,neutral,neutral,,,,-0.5029,0.0001,-22.2448,loss_of_function,-3.60441808170345,0.9364805943655016,Pathogenic,0.9991,pathogenic,https://doi.org/10.1101/2022.10.22.513328
L1121V,3.60491,1.28878,2.382159248124508,Uncertain,Uncertain,8.7,,,0.660,"cBioPortal,COSMIC",,False,8.7,,,,neutral,neutral,neutral,DOWN,neutral,neutral,neutral,,,,-0.3299,0.0001,-22.2448,loss_of_function,-2.16715774755736,0.9347680878583656,Pathogenic,0.6997,pathogenic,https://doi.org/10.1101/2022.10.22.513328
G1123C,-0.17629,0.09354,1.0269722190614663,Neutral,Neutral,88.2,,,0.726,COSMIC,,False,88.2,,,,neutral,neutral,neutral,UP,neutral,neutral,neutral,,,,-0.4434,0.0001,-22.2448,loss_of_function,-3.09912877176514,0.9349395860900768,Pathogenic,0.9142,pathogenic,https://doi.org/10.1101/2022.10.22.513328
G1123S,-0.23678,-0.17075,0.4622148432243783,Neutral,Neutral,88.2,,1.1931940213e-05,0.643,"cBioPortal,COSMIC",,False,88.2,,,,neutral,neutral,neutral,UP,neutral,neutral,neutral,,,,-0.3896,0.0001,-22.2448,loss_of_function,-3.09912877176514,0.917838479444506,Pathogenic,0.5586,ambiguous,https://doi.org/10.1101/2022.10.22.513328
M1124K,2.87963,4.36054,2.5305576363672926,Uncertain,Uncertain,7.2,,,,clinvar,,False,7.2,,,,neutral,neutral,neutral,UP,neutral,neutral,neutral,940458,Uncertain significance,1,-0.4604,0.0419,-22.2448,loss_of_function,-2.97086908300108,0.937911852958872,Pathogenic,0.8591,pathogenic,https://doi.org/10.1101/2022.10.22.513328
D1125H,1.80136,0.3949,0.1371944025445542,Neutral,Neutral,117.2,,,,clinvar,,False,117.2,,,,neutral,neutral,neutral,UP,neutral,neutral,neutral,618528,Uncertain significance,2,-0.358,0.0001,-22.2448,loss_of_function,-3.34601215971112,0.9369189390681808,Pathogenic,0.8484,pathogenic,https://doi.org/10.1101/2022.10.22.513328
D1125Y,1.6226,0.59898,0.5063566772072453,Neutral,Neutral,117.2,,,0.678,"cBioPortal,COSMIC",,False,117.2,,,,neutral,neutral,neutral,UP,neutral,neutral,neutral,,,,-0.3937,0.0001,-22.2448,loss_of_function,-3.34601215971112,0.9295179900983448,Pathogenic,0.8336,pathogenic,https://doi.org/10.1101/2022.10.22.513328
E1126K,0.60694,2.39388,2.029966304464597,Uncertain,Uncertain,11.8,,,,clinvar,,False,11.8,,,,neutral,neutral,neutral,UP,neutral,neutral,neutral,1980934,Uncertain significance,1,-0.3427,0.0001,-22.2448,loss_of_function,-5.25125549794543,0.9348671957256902,Pathogenic,0.8979,pathogenic,https://doi.org/10.1101/2022.10.22.513328
L1128V,2.25331,1.19014,1.726242736759643,Uncertain,Uncertain,15.2,,7.9582985158e-06,0.605,"cBioPortal,COSMIC,clinvar",,True,15.2,,,,neutral,neutral,neutral,DOWN,neutral,neutral,destabilizing,1413597,Uncertain significance,1,-0.3299,0.0001,-22.2448,loss_of_function,-1.87054896091596,0.9338374618667808,Pathogenic,0.4136,ambiguous,https://doi.org/10.1101/2022.10.22.513328
D1129N,0.04269,0.66156,0.8121260191548935,Neutral,Neutral,42.7,,,0.441,cBioPortal,,True,42.7,,,,neutral,neutral,neutral,-,uncertain,uncertain,uncertain,,,,-0.3154,0.0001,-22.2448,loss_of_function,-1.9489244552929,0.920429358001021,Pathogenic,0.5116,ambiguous,https://doi.org/10.1101/2022.10.22.513328
S1130I,2.66047,2.17517,0.6318908152216359,Uncertain,Uncertain,52.0,,,0.471,"cBioPortal,COSMIC",,True,52.0,,,,uncertain,,,UP,neutral,neutral,neutral,,,,-0.2948,0.7275,-22.2448,loss_of_function,-3.09748637265669,0.935026922069891,Pathogenic,0.2071,benign,https://doi.org/10.1101/2022.10.22.513328
S1130N,0.3174,1.26361,0.4739471357291547,Neutral,Neutral,52.0,,1.19401084162e-05,0.280,"cBioPortal,COSMIC",,True,52.0,,,,uncertain,,,UP,neutral,neutral,neutral,,,,-0.1681,0.7275,-8.957,loss_of_function,-0.736701908629038,0.3730563529751147,Uncertain,0.0982,benign,https://doi.org/10.1101/2022.10.22.513328
S1130R,1.23168,-0.2466,0.3417707051619234,Neutral,Neutral,52.0,,,0.471,cBioPortal,,True,52.0,,,,uncertain,,,UP,neutral,neutral,neutral,,,,-0.3074,0.7275,-22.2448,loss_of_function,-3.09748637265669,0.8286609537140281,Pathogenic,0.4524,ambiguous,https://doi.org/10.1101/2022.10.22.513328
P1131R,1.12304,-0.08163,-0.5394667539260023,Neutral,Neutral,74.6,,,0.487,"cBioPortal,COSMIC",,True,74.6,,,,neutral,neutral,neutral,UP,neutral,neutral,stabilizing,,,,-0.3838,0.1487,-22.2448,loss_of_function,-2.82166427785743,0.8637201478337722,Pathogenic,0.2211,benign,https://doi.org/10.1101/2022.10.22.513328
P1131T,1.60857,0.4017,-0.2383772847084869,Neutral,Neutral,74.6,,,,clinvar,,True,74.6,,,,neutral,neutral,neutral,-,uncertain,uncertain,uncertain,2450637,Uncertain significance,1,-0.3259,0.1487,-22.2448,loss_of_function,-2.15869522722016,0.9302944562583876,Pathogenic,0.0959,benign,https://doi.org/10.1101/2022.10.22.513328
E1132K,1.25723,0.16735,0.374241794200405,Neutral,Neutral,86.1,,,0.764,"cBioPortal,COSMIC",,True,86.1,,,,neutral,neutral,neutral,UP,neutral,neutral,stabilizing,,,,-0.3427,0.0001,-22.2448,loss_of_function,-3.60771607684894,0.5921957659272438,Uncertain,0.2406,benign,https://doi.org/10.1101/2022.10.22.513328
D1133E,-0.18601,0.25374,-0.3698754266351634,Neutral,Neutral,47.5,,,,clinvar,,False,47.5,,,,neutral,neutral,neutral,UP,neutral,neutral,neutral,424417,Uncertain significance,1,-0.1285,0.6955,-2.4179,loss_of_function,-0.446628977157566,0.8096747726715623,Pathogenic,0.0827,benign,https://doi.org/10.1101/2022.10.22.513328
E1135G,0.61025,0.73537,1.1488041199114478,Neutral,Neutral,70.7,,,0.549,cBioPortal,,False,70.7,,,,neutral,neutral,neutral,DOWN,neutral,neutral,neutral,,,,-0.3389,0.0813,-22.2448,loss_of_function,-2.31035897634337,0.5638990999972302,Uncertain,0.3133,benign,https://doi.org/10.1101/2022.10.22.513328
K1136M,0.23753,0.56361,0.2265136665333206,Neutral,Neutral,87.3,,,0.504,"cBioPortal,COSMIC",,False,87.3,,,,neutral,neutral,neutral,DOWN,neutral,neutral,neutral,,,,-0.3217,0.119,-22.2448,loss_of_function,-2.83035987340001,0.4816849499778999,Uncertain,0.514,ambiguous,https://doi.org/10.1101/2022.10.22.513328
K1136N,0.47662,0.41088,0.5589629083441511,Neutral,Neutral,87.3,,,0.321,"cBioPortal,COSMIC",,False,87.3,,,,neutral,neutral,neutral,DOWN,neutral,neutral,neutral,,,,-0.3298,0.119,-22.2448,loss_of_function,-2.83035987340001,0.6906319402773848,Pathogenic,0.638,pathogenic,https://doi.org/10.1101/2022.10.22.513328
K1137N,0.19359,1.35408,0.4397951709243008,Neutral,Neutral,55.3,,,0.558,cBioPortal,,False,55.3,,,,neutral,neutral,neutral,DOWN,neutral,neutral,neutral,,,,-0.3408,0.0001,-22.2448,loss_of_function,-2.09561851145722,0.924756641392596,Pathogenic,0.865,pathogenic,https://doi.org/10.1101/2022.10.22.513328
R1138Q,2.18139,1.5085,1.5237406560657505,Uncertain,Uncertain,25.9,6.37023824691e-05,3.9789275994e-06,0.757,"cBioPortal,COSMIC,clinvar",,False,25.9,,,,neutral,neutral,neutral,DOWN,neutral,neutral,neutral,850306,Uncertain significance,1,-0.3846,0.0001,-22.2448,loss_of_function,-3.10156334069427,0.9276180230404454,Pathogenic,0.6776,pathogenic,https://doi.org/10.1101/2022.10.22.513328
I1139L,0.61231,0.65646,0.5257860890032318,Neutral,Neutral,12.3,,,,clinvar,,False,12.3,,,,neutral,neutral,neutral,-,uncertain,uncertain,uncertain,1320777,Uncertain significance,1,-0.3066,0.0533,-22.2448,loss_of_function,-1.87054896091596,0.937412029377583,Pathogenic,0.1809,benign,https://doi.org/10.1101/2022.10.22.513328
C1140F,-2.05384,-0.28367,-0.06853100843489,Uncertain,Uncertain,10.9,,,,cBioPortal,,False,10.9,,,,neutral,neutral,neutral,UP,neutral,neutral,neutral,,,,-0.4865,0.0001,-22.2448,loss_of_function,-3.85107803872951,0.937907022076888,Pathogenic,0.9504,pathogenic,https://doi.org/10.1101/2022.10.22.513328
C1140G,2.75395,2.48537,3.0051569956921047,Uncertain,Uncertain,10.9,,,,clinvar,,False,10.9,,,,neutral,neutral,neutral,DOWN,neutral,neutral,neutral,1731232,Uncertain significance,1,-0.485,0.0001,-22.2448,loss_of_function,-3.85107803872951,0.9347351318452938,Pathogenic,0.9098,pathogenic,https://doi.org/10.1101/2022.10.22.513328
R1141H,5.30268,2.48605,1.0715308879123937,Uncertain,Uncertain,12.8,,3.9789592634e-06,0.754,cBioPortal,,False,12.8,,,,neutral,neutral,neutral,DOWN,neutral,neutral,neutral,,,,-0.3796,0.0001,-22.2448,loss_of_function,-5.25147005281297,0.9375632732081058,Pathogenic,0.8626,pathogenic,https://doi.org/10.1101/2022.10.22.513328
R1141L,1.8043,0.47993,-0.2209580848445252,Neutral,Neutral,12.8,,,0.687,"cBioPortal,COSMIC",,False,12.8,,,,neutral,neutral,neutral,DOWN,neutral,neutral,neutral,,,,-0.4123,0.0001,-22.2448,loss_of_function,-5.25147005281297,0.9326912529995784,Pathogenic,0.9836,pathogenic,https://doi.org/10.1101/2022.10.22.513328
I1143N,3.28575,2.66122,2.6474823358346327,Uncertain,Uncertain,8.9,,,0.683,COSMIC,,False,8.9,,,,neutral,neutral,neutral,DOWN,neutral,neutral,neutral,,,,-0.4525,0.119,-22.2448,loss_of_function,-3.00187337729667,0.8820260487094786,Pathogenic,0.9882,pathogenic,https://doi.org/10.1101/2022.10.22.513328
R1145Q,1.27157,1.32313,0.8537140847749874,Neutral,Neutral,42.5,,,0.393,"cBioPortal,clinvar",,False,42.5,,,,neutral,neutral,neutral,DOWN,neutral,neutral,neutral,1000240,Uncertain significance,2,-0.3846,0.0001,-22.2448,loss_of_function,-3.21613618006833,0.9382106819180892,Pathogenic,0.1962,benign,https://doi.org/10.1101/2022.10.22.513328
Q1149R,-0.24673,0.02347,0.2940923388153299,Neutral,Neutral,20.7,,,,clinvar,,False,20.7,,,,neutral,neutral,neutral,UP,neutral,neutral,neutral,1485536,Uncertain significance,1,-0.3297,0.021,-22.2448,loss_of_function,-5.25147005281297,0.9294904590088278,Pathogenic,0.8247,pathogenic,https://doi.org/10.1101/2022.10.22.513328
Y1150H,1.2346,2.78129,2.944817567632046,Uncertain,Uncertain,0.4,,,,clinvar,,True,0.4,,,,uncertain,,,DOWN,neutral,neutral,neutral,1972629,Uncertain significance,1,-0.3598,0.0001,-22.2448,loss_of_function,-3.15744837392464,0.9103043621706975,Pathogenic,0.9727,pathogenic,https://doi.org/10.1101/2022.10.22.513328
A1152V,-0.28598,-0.36156,0.5904905968992366,Neutral,Neutral,0.7,,,,clinvar,,True,0.7,,,,neutral,neutral,neutral,UP,neutral,neutral,neutral,1433961,Uncertain significance,2,-0.3083,0.0001,-22.2448,loss_of_function,-5.25147005281297,0.931188432725484,Pathogenic,0.9458,pathogenic,https://doi.org/10.1101/2022.10.22.513328
V1154L,1.74851,2.38707,0.2276008438338989,Uncertain,Neutral,3.4,,,,clinvar,,True,3.4,,,,neutral,neutral,neutral,UP,neutral,neutral,neutral,2024841,Uncertain significance,1,-0.3516,0.0001,-22.2448,loss_of_function,-2.16715774755736,0.9205571399798224,Pathogenic,0.8978,pathogenic,https://doi.org/10.1101/2022.10.22.513328
R1156C,1.35152,2.11429,2.681999270603933,Uncertain,Uncertain,15.3,,,0.814,"cBioPortal,COSMIC",,True,15.3,,,,neutral,neutral,neutral,DOWN,neutral,neutral,neutral,,,,-0.4188,0.0001,-22.2448,loss_of_function,-5.25147005281297,0.8790288426101075,Pathogenic,0.9281,pathogenic,https://doi.org/10.1101/2022.10.22.513328
R1156H,5.8445,2.71599,2.0404974482764127,Uncertain,Uncertain,15.3,,3.9799094173e-06,0.793,COSMIC,,True,15.3,,,,neutral,neutral,neutral,DOWN,neutral,neutral,neutral,,,,-0.3796,0.0001,-22.2448,loss_of_function,-5.25147005281297,0.9350032284649152,Pathogenic,0.8013,pathogenic,https://doi.org/10.1101/2022.10.22.513328
R1156S,0.8813,2.54864,2.610666358725561,Uncertain,Uncertain,15.3,,,0.767,"cBioPortal,COSMIC",,True,15.3,,,,neutral,neutral,neutral,DOWN,neutral,neutral,neutral,,,,-0.4104,0.0001,-22.2448,loss_of_function,-5.25147005281297,0.8934195245400234,Pathogenic,0.9952,pathogenic,https://doi.org/10.1101/2022.10.22.513328
I1157V,0.36235,0.7,0.4884894497803876,Neutral,Neutral,9.7,,,0.063,cBioPortal,,False,9.7,,,,neutral,neutral,neutral,DOWN,neutral,neutral,neutral,,,,-0.1645,0.2054,-4.9571,loss_of_function,-0.110853110570809,2.69157686417184e-07,Benign,0.0692,benign,https://doi.org/10.1101/2022.10.22.513328
D1160N,1.422,1.18401,1.2649569086156065,Neutral,Neutral,12.6,,,0.534,"cBioPortal,COSMIC",,False,12.6,,,,neutral,neutral,neutral,-,uncertain,uncertain,uncertain,,,,-0.3154,0.0001,-22.2448,loss_of_function,-2.12497145385617,0.9268308890401202,Pathogenic,0.5016,ambiguous,https://doi.org/10.1101/2022.10.22.513328
D1160Y,3.4347,10.29864,1.2281486865212576,Destabilizing,Uncertain,12.6,,,0.676,cBioPortal,,False,12.6,,,,neutral,neutral,neutral,UP,neutral,neutral,stabilizing,,,,-0.3937,0.0001,-22.2448,loss_of_function,-3.53425381240278,0.885462461277164,Pathogenic,0.9216,pathogenic,https://doi.org/10.1101/2022.10.22.513328
S1161I,-0.97563,0.6619,-0.9390989009143248,Neutral,Neutral,19.7,,,0.582,"cBioPortal,COSMIC",,False,19.7,,,,uncertain,,,UP,neutral,neutral,stabilizing,,,,-0.3542,0.0813,-22.2448,loss_of_function,-2.63905401861469,0.8875698067665371,Pathogenic,0.4432,ambiguous,https://doi.org/10.1101/2022.10.22.513328
N1162S,-0.29313,0.35476,0.4282653311793227,Neutral,Neutral,68.9,,,,clinvar,,False,68.9,,,,neutral,neutral,neutral,DOWN,neutral,neutral,destabilizing,2050122,Uncertain significance,1,-0.2914,0.0813,-22.2448,loss_of_function,-3.40065139800842,0.4156290046853025,Uncertain,0.0844,benign,https://doi.org/10.1101/2022.10.22.513328
L1163M,0.27917,0.72483,1.022351445098017,Neutral,Neutral,54.4,,,0.109,"cBioPortal,COSMIC",,False,54.4,,,,neutral,neutral,neutral,-,uncertain,uncertain,uncertain,,,,-0.3169,0.0001,-22.2448,loss_of_function,-2.12497145385617,0.9335148478877748,Pathogenic,0.3309,benign,https://doi.org/10.1101/2022.10.22.513328
L1163P,0.62393,2.59014,3.195884724075611,Uncertain,Uncertain,54.4,,,0.527,cBioPortal,,False,54.4,,,,neutral,neutral,neutral,DOWN,neutral,neutral,neutral,,,,-0.5029,0.0001,-22.2448,loss_of_function,-3.52065640056835,0.8470562662191198,Pathogenic,0.9876,pathogenic,https://doi.org/10.1101/2022.10.22.513328
G1165D,1.77794,1.93673,6.30949442970919,Neutral,Uncertain,0.0,,,0.646,"cBioPortal,COSMIC",,False,0.0,,,,neutral,neutral,neutral,UP,neutral,neutral,neutral,,,,-0.444,0.0001,-22.2448,loss_of_function,-5.25147005281297,0.934971491197222,Pathogenic,0.9966,pathogenic,https://doi.org/10.1101/2022.10.22.513328
P1166S,2.37008,1.55714,-0.2284164823031498,Uncertain,Uncertain,46.2,,,,clinvar,,False,46.2,,,,neutral,neutral,neutral,DOWN,neutral,neutral,neutral,902854,Uncertain significance,1,-0.3274,0.0001,-22.2448,loss_of_function,-5.25147005281297,0.862108078219353,Pathogenic,0.9175,pathogenic,https://doi.org/10.1101/2022.10.22.513328
P1166T,2.59668,1.66939,-0.2644053012453806,Uncertain,Uncertain,46.2,,,0.515,"cBioPortal,COSMIC",,False,46.2,,,,neutral,neutral,neutral,-,uncertain,uncertain,uncertain,,,,-0.3395,0.0001,-22.2448,loss_of_function,-5.25147005281297,0.2299391053112557,Benign,0.9054,pathogenic,https://doi.org/10.1101/2022.10.22.513328
E1167K,0.04036,0.57755,0.7614623437116133,Neutral,Neutral,52.8,,,0.604,"cBioPortal,COSMIC",,False,52.8,,,,neutral,neutral,neutral,UP,neutral,neutral,neutral,,,,-0.3427,0.0001,-22.2448,loss_of_function,-5.25147005281297,0.9340586967376115,Pathogenic,0.8579,pathogenic,https://doi.org/10.1101/2022.10.22.513328
G1168E,8.38689,7.6102,2.772910921867472,Destabilizing,Uncertain,3.3,,,0.641,"cBioPortal,COSMIC",,False,3.3,,,,neutral,neutral,neutral,UP,neutral,neutral,neutral,,,,-0.4433,0.0001,-22.2448,loss_of_function,-5.25147005281297,0.8997702290781435,Pathogenic,0.9795,pathogenic,https://doi.org/10.1101/2022.10.22.513328
G1168R,8.80629,6.76939,2.1069668693633017,Destabilizing,Uncertain,3.3,,,0.626,cBioPortal,,False,3.3,,,,neutral,neutral,neutral,UP,neutral,neutral,neutral,,,,-0.4602,0.0001,-22.2448,loss_of_function,-5.25147005281297,0.8497830170166276,Pathogenic,0.991,pathogenic,https://doi.org/10.1101/2022.10.22.513328
G1168V,11.82984,8.79864,2.1235554709411097,Destabilizing,Uncertain,3.3,,,0.629,"cBioPortal,COSMIC",,False,3.3,,,,neutral,neutral,neutral,UP,neutral,neutral,neutral,,,,-0.4705,0.0001,-22.2448,loss_of_function,-5.25147005281297,0.8895234223253679,Pathogenic,0.9836,pathogenic,https://doi.org/10.1101/2022.10.22.513328
G1169C,2.52213,2.09456,1.0551999703214634,Uncertain,Uncertain,77.0,,,,clinvar,,False,77.0,,,,neutral,neutral,neutral,UP,neutral,neutral,neutral,1732112,Uncertain significance,1,-0.4434,0.0001,-22.2448,loss_of_function,-5.25147005281297,0.9138418411454762,Pathogenic,0.9374,pathogenic,https://doi.org/10.1101/2022.10.22.513328
G1169D,2.30931,0.76122,0.5664453568998856,Uncertain,Uncertain,77.0,,,,clinvar,,False,77.0,,,,neutral,neutral,neutral,UP,neutral,neutral,neutral,1361409,Uncertain significance,1,-0.444,0.0001,-22.2448,loss_of_function,-5.25147005281297,0.9149824796796115,Pathogenic,0.9754,pathogenic,https://doi.org/10.1101/2022.10.22.513328
S1172N,-0.04553,0.57177,-0.0060369846762636,Neutral,Neutral,57.0,,,,clinvar,,False,57.0,,,,uncertain,,,UP,neutral,neutral,neutral,1505688,Uncertain significance,1,-0.3028,0.0001,-22.2448,loss_of_function,-5.25147005281297,0.9319766025045424,Pathogenic,0.361,ambiguous,https://doi.org/10.1101/2022.10.22.513328
S1173N,1.89723,1.31531,-0.0468666809298018,Neutral,Neutral,0.0,,,0.319,cBioPortal,,False,0.0,,,,uncertain,,,UP,neutral,neutral,neutral,,,,-0.3028,0.0001,-22.2448,loss_of_function,-5.25147005281297,0.9355236525881188,Pathogenic,0.8881,pathogenic,https://doi.org/10.1101/2022.10.22.513328
S1173R,11.44716,5.82585,0.6849634897156148,Destabilizing,Uncertain,0.0,,,0.447,"cBioPortal,COSMIC",,False,0.0,,,,uncertain,,,UP,neutral,neutral,neutral,,,,-0.3744,0.0001,-22.2448,loss_of_function,-5.25147005281297,0.927848374449037,Pathogenic,0.9978,pathogenic,https://doi.org/10.1101/2022.10.22.513328
V1175A,1.78154,1.70884,1.9224723646228208,Neutral,Neutral,13.4,,,0.160,"cBioPortal,COSMIC",,False,13.4,,,,neutral,neutral,neutral,DOWN,neutral,neutral,neutral,,,,-0.351,0.0001,-22.2448,loss_of_function,-5.25125549794543,0.8517483025711294,Pathogenic,0.4343,ambiguous,https://doi.org/10.1101/2022.10.22.513328
V1176L,-0.36417,1.09286,0.1985698903495847,Neutral,Neutral,18.4,,,,clinvar,,False,18.4,,,,neutral,neutral,neutral,UP,neutral,neutral,neutral,190565,Uncertain significance,2,-0.3407,0.119,-22.2448,loss_of_function,-3.15744837392464,0.928626144757316,Pathogenic,0.3761,ambiguous,https://doi.org/10.1101/2022.10.22.513328
V1176M,-0.32308,1.8017,0.971040993779721,Neutral,Neutral,18.4,,,0.345,COSMIC,,False,18.4,,,,neutral,neutral,neutral,UP,neutral,neutral,neutral,,,,-0.3498,0.119,-22.2448,loss_of_function,-3.15744837392464,0.938024599066569,Pathogenic,0.271,benign,https://doi.org/10.1101/2022.10.22.513328
P1177A,2.23579,1.36361,-0.8095064332646185,Uncertain,Uncertain,74.4,,,0.342,"cBioPortal,COSMIC",,False,74.4,,,,neutral,neutral,neutral,DOWN,neutral,neutral,neutral,,,,-0.2989,0.3128,-22.2448,loss_of_function,-3.01583611758866,0.9192743077870852,Pathogenic,0.2554,benign,https://doi.org/10.1101/2022.10.22.513328
Q1178K,-0.25016,0.08707,0.1214976299812775,Neutral,Neutral,58.6,,,0.099,COSMIC,,False,58.6,,,,neutral,neutral,neutral,UP,neutral,neutral,neutral,,,,-0.3331,0.0001,-22.2448,loss_of_function,-5.25147005281297,0.8835744985967393,Pathogenic,0.3517,ambiguous,https://doi.org/10.1101/2022.10.22.513328
V1179M,3.12505,3.4966,4.091040043362563,Destabilizing,Destabilizing,0.0,,,,clinvar,,False,0.0,,,,neutral,neutral,neutral,UP,neutral,neutral,neutral,1320755,Uncertain significance,1,-0.3607,0.0001,-22.2448,loss_of_function,-3.15744837392464,0.9382063416777056,Pathogenic,0.8966,pathogenic,https://doi.org/10.1101/2022.10.22.513328
Q1180H,4.13212,-0.04796,0.3363218990891709,Uncertain,Uncertain,46.2,,,0.350,"cBioPortal,COSMIC",,False,46.2,,,,neutral,neutral,neutral,UP,neutral,neutral,neutral,,,,-0.301,0.0001,-22.2448,loss_of_function,-5.25147005281297,0.9091588466247174,Pathogenic,0.8421,pathogenic,https://doi.org/10.1101/2022.10.22.513328
Q1180P,5.97229,3.46531,3.373782269853572,Destabilizing,Destabilizing,46.2,,,0.703,"cBioPortal,COSMIC",,False,46.2,,,,neutral,neutral,neutral,DOWN,neutral,neutral,neutral,,,,-0.4735,0.0001,-22.2448,loss_of_function,-5.25147005281297,0.9057153852039488,Pathogenic,0.9771,pathogenic,https://doi.org/10.1101/2022.10.22.513328
A1181V,-2.78146,-2.30646,-0.1371930404420945,Uncertain,Uncertain,0.0,,,,clinvar,,False,0.0,,,,neutral,neutral,neutral,UP,neutral,neutral,neutral,1732487,Uncertain significance,1,-0.3083,0.0001,-22.2448,loss_of_function,-5.25147005281297,0.9063881915931168,Pathogenic,0.8812,pathogenic,https://doi.org/10.1101/2022.10.22.513328
V1182I,-1.01544,-0.14252,-0.2569011723516817,Neutral,Neutral,50.2,,,,clinvar,,False,50.2,,,,neutral,neutral,neutral,UP,neutral,neutral,neutral,1732514,Uncertain significance,1,-0.2865,0.0001,-22.2448,loss_of_function,-3.15744837392464,0.9365551542825884,Pathogenic,0.1398,benign,https://doi.org/10.1101/2022.10.22.513328
P1184L,2.2498,0.87075,-0.8110481200397868,Uncertain,Uncertain,41.3,,,0.510,cBioPortal,,False,41.3,,,,neutral,neutral,neutral,UP,neutral,neutral,neutral,,,,-0.3764,0.0001,-22.2448,loss_of_function,-5.25147005281297,0.864819641133864,Pathogenic,0.99,pathogenic,https://doi.org/10.1101/2022.10.22.513328
P1184S,3.07844,2.0,0.063215017855544,Uncertain,Uncertain,41.3,,,0.541,"cBioPortal,COSMIC",,False,41.3,,,,neutral,neutral,neutral,DOWN,neutral,neutral,neutral,,,,-0.3274,0.0001,-22.2448,loss_of_function,-5.25147005281297,0.9254082890711228,Pathogenic,0.9907,pathogenic,https://doi.org/10.1101/2022.10.22.513328
G1186E,2.74104,1.35034,0.2173912019072105,Uncertain,Uncertain,55.8,,,0.726,"cBioPortal,COSMIC",,False,55.8,,,,neutral,neutral,neutral,UP,neutral,neutral,neutral,,,,-0.4433,0.0001,-22.2448,loss_of_function,-5.25147005281297,0.8997337120857849,Pathogenic,0.9916,pathogenic,https://doi.org/10.1101/2022.10.22.513328
G1186R,2.62436,2.54048,-0.1456075925614075,Uncertain,Uncertain,55.8,,,0.720,"cBioPortal,COSMIC",,False,55.8,,,,neutral,neutral,neutral,UP,neutral,neutral,neutral,,,,-0.4602,0.0001,-22.2448,loss_of_function,-5.25147005281297,0.9064199787231147,Pathogenic,0.9976,pathogenic,https://doi.org/10.1101/2022.10.22.513328
G1186V,4.4386,6.06837,0.8472770987923475,Destabilizing,Uncertain,55.8,,,0.695,"cBioPortal,COSMIC",,False,55.8,,,,neutral,neutral,neutral,UP,neutral,neutral,neutral,,,,-0.4705,0.0001,-22.2448,loss_of_function,-5.25147005281297,0.9212493403015772,Pathogenic,0.9839,pathogenic,https://doi.org/10.1101/2022.10.22.513328
G1186W,2.66084,1.25748,-0.6411536889189112,Uncertain,Uncertain,55.8,,,0.729,COSMIC,,False,55.8,,,,neutral,neutral,neutral,UP,neutral,neutral,neutral,,,,-0.4813,0.0001,-22.2448,loss_of_function,-5.25147005281297,0.8230288736571352,Pathogenic,0.998,pathogenic,https://doi.org/10.1101/2022.10.22.513328
A1187E,3.3492,6.07415,3.9538438374457554,Destabilizing,Destabilizing,0.6,,,0.778,cBioPortal,,True,0.6,,,,neutral,neutral,neutral,UP,neutral,neutral,neutral,,,,-0.408,0.0001,-22.2448,loss_of_function,-5.25147005281297,0.8098688498769439,Pathogenic,0.9934,pathogenic,https://doi.org/10.1101/2022.10.22.513328
A1187T,-0.62016,1.98163,1.3060634853361968,Neutral,Neutral,0.6,,3.995429229e-06,0.721,cBioPortal,,True,0.6,,,,neutral,neutral,neutral,UP,neutral,neutral,neutral,,,,-0.3113,0.0001,-22.2448,loss_of_function,-3.15744837392464,0.204321939779441,Benign,0.9434,pathogenic,https://doi.org/10.1101/2022.10.22.513328
A1187V,0.52965,1.09422,0.6170611162458625,Neutral,Neutral,0.6,,,0.760,COSMIC,,True,0.6,,,,neutral,neutral,neutral,UP,neutral,neutral,neutral,,,,-0.3083,0.0001,-22.2448,loss_of_function,-5.25147005281297,0.9211871449506552,Pathogenic,0.9626,pathogenic,https://doi.org/10.1101/2022.10.22.513328
R1191Q,0.05531,-0.21054,1.1671570213176234,Neutral,Neutral,63.7,6.37145587767e-05,1.6006402561e-05,0.560,"cBioPortal,COSMIC,clinvar",,True,63.7,,,,neutral,neutral,neutral,DOWN,neutral,neutral,neutral,190567,Uncertain significance,2,-0.3846,0.0001,-22.2448,loss_of_function,-3.53425381240278,0.9299515951263622,Pathogenic,0.8303,pathogenic,https://doi.org/10.1101/2022.10.22.513328
R1191W,0.36834,-1.08878,0.028355803557839,Neutral,Neutral,63.7,,8.0006400512e-06,0.602,"cBioPortal,COSMIC,clinvar",,True,63.7,,,,neutral,neutral,neutral,UP,neutral,neutral,neutral,190566,Uncertain significance,2,-0.4276,0.0001,-22.2448,loss_of_function,-3.53425381240278,0.86084856884624,Pathogenic,0.9847,pathogenic,https://doi.org/10.1101/2022.10.22.513328
R1193C,0.72043,0.52653,1.439828601157412,Neutral,Neutral,54.5,,1.60166573236e-05,0.712,"cBioPortal,COSMIC,clinvar",,True,54.5,,,,neutral,neutral,neutral,DOWN,neutral,neutral,neutral,190601,Uncertain significance,2,-0.4188,0.0001,-22.2448,loss_of_function,-3.53425381240278,0.7209978697788744,Pathogenic,0.9365,pathogenic,https://doi.org/10.1101/2022.10.22.513328
R1193H,0.63934,-0.02823,0.4210964304330267,Neutral,Neutral,54.5,,,,"cBioPortal,clinvar",,True,54.5,,,,neutral,neutral,neutral,DOWN,neutral,neutral,neutral,406476,Uncertain significance,1,-0.3796,0.0001,-22.2448,loss_of_function,-3.53425381240278,0.8752112453145066,Pathogenic,0.7842,pathogenic,https://doi.org/10.1101/2022.10.22.513328
V1194I,-0.81474,-0.56259,0.6333396506908961,Neutral,Neutral,3.9,,,,clinvar,,True,3.9,,,,neutral,neutral,neutral,UP,neutral,neutral,neutral,1732895,Uncertain significance,1,-0.2865,0.0001,-22.2448,loss_of_function,-3.15744837392464,0.915888231385732,Pathogenic,0.3876,ambiguous,https://doi.org/10.1101/2022.10.22.513328
V1194L,-0.65889,0.18299,0.3044735564302453,Neutral,Neutral,3.9,,,,clinvar,,True,3.9,,,,neutral,neutral,neutral,UP,neutral,neutral,neutral,2430072,Likely benign,1,-0.3516,0.0001,-22.2448,loss_of_function,-3.15744837392464,0.9036686865968268,Pathogenic,0.9633,pathogenic,https://doi.org/10.1101/2022.10.22.513328
G1195C,1.90222,-0.63844,2.343584693471098,Neutral,Uncertain,1.1,,,0.753,"cBioPortal,COSMIC",,False,1.1,,,,neutral,neutral,neutral,UP,neutral,neutral,neutral,,,,-0.4434,0.0001,-22.2448,loss_of_function,-5.25147005281297,0.8928012920751197,Pathogenic,0.9768,pathogenic,https://doi.org/10.1101/2022.10.22.513328
A1198T,-0.00459,0.30816,0.6559488543978964,Neutral,Neutral,0.0,,7.9730828722e-06,0.435,"cBioPortal,COSMIC",,False,0.0,,,,neutral,neutral,neutral,UP,neutral,neutral,neutral,,,,-0.3113,0.0001,-22.2448,loss_of_function,-3.15744837392464,0.9210831708202264,Pathogenic,0.206,benign,https://doi.org/10.1101/2022.10.22.513328
M1201L,0.44824,-0.12177,-0.0548354043540783,Neutral,Neutral,5.5,,,0.253,COSMIC,,True,5.5,,,,neutral,neutral,neutral,-,uncertain,uncertain,uncertain,,,,-0.2766,0.1022,-22.2448,loss_of_function,-1.77182433545027,0.4935267581917071,Uncertain,0.1264,benign,https://doi.org/10.1101/2022.10.22.513328
K1207N,-0.02006,0.46429,0.3164314634942022,Neutral,Neutral,67.0,,,0.168,cBioPortal,,False,67.0,,,,neutral,neutral,neutral,DOWN,neutral,neutral,neutral,,,,-0.3247,0.1748,-22.2448,loss_of_function,-3.52065640056835,0.7611671479169206,Pathogenic,0.6763,pathogenic,https://doi.org/10.1101/2022.10.22.513328
K1208T,0.45942,0.45918,0.6774845683569564,Neutral,Neutral,35.5,,,,clinvar,,False,35.5,,,,neutral,neutral,neutral,DOWN,neutral,neutral,neutral,190602,Uncertain significance,2,-0.3445,0.0001,-22.2448,loss_of_function,-5.25147005281297,0.8607851421034074,Pathogenic,0.463,ambiguous,https://doi.org/10.1101/2022.10.22.513328
I1209F,2.88632,2.26633,0.4446542531727354,Uncertain,Uncertain,24.1,,,0.649,COSMIC,,False,24.1,,,,neutral,neutral,neutral,UP,neutral,neutral,neutral,,,,-0.3854,0.021,-22.2448,loss_of_function,-3.53425381240278,0.807129500754318,Pathogenic,0.2196,benign,https://doi.org/10.1101/2022.10.22.513328
G1211C,3.30999,4.52415,2.00201036244172,Destabilizing,Uncertain,80.8,,3.9778513238e-06,0.724,"cBioPortal,COSMIC",,False,80.8,,,,neutral,neutral,neutral,UP,neutral,neutral,neutral,,,,-0.4434,0.0001,-22.2448,loss_of_function,-5.25147005281297,0.9381097416223052,Pathogenic,0.6637,pathogenic,https://doi.org/10.1101/2022.10.22.513328
G1211D,3.54268,0.52585,0.8805451866123389,Uncertain,Uncertain,80.8,,,,clinvar,,False,80.8,,,,neutral,neutral,neutral,UP,neutral,neutral,neutral,1002981,Uncertain significance,1,-0.444,0.0001,-22.2448,loss_of_function,-5.25147005281297,0.7864280485965321,Pathogenic,0.8353,pathogenic,https://doi.org/10.1101/2022.10.22.513328
N1212K,-0.05384,0.23912,0.3889510408909419,Neutral,Neutral,77.2,,,,clinvar,,False,77.2,,,,neutral,neutral,neutral,UP,neutral,neutral,neutral,1064058,Uncertain significance,1,-0.3302,0.021,-22.2448,loss_of_function,-2.6433973084679,0.8086030236659187,Pathogenic,0.6028,pathogenic,https://doi.org/10.1101/2022.10.22.513328
A1214P,2.22829,11.74014,5.511471815109605,Uncertain,Uncertain,3.3,,,,clinvar,,True,3.3,,,,neutral,neutral,neutral,UP,neutral,neutral,neutral,900304,Uncertain significance,1,-0.4621,0.0001,-22.2448,loss_of_function,-3.52065640056835,0.5662662474863137,Uncertain,0.9655,pathogenic,https://doi.org/10.1101/2022.10.22.513328
A1214T,3.35036,3.58776,1.6140674539142252,Destabilizing,Uncertain,3.3,,,,clinvar,,True,3.3,,,,neutral,neutral,neutral,UP,neutral,neutral,neutral,854507,Uncertain significance,2,-0.3113,0.0001,-22.2448,loss_of_function,-2.12497145385617,0.8576897800687304,Pathogenic,0.5308,ambiguous,https://doi.org/10.1101/2022.10.22.513328
T1215I,0.24885,2.87007,0.3776163641387697,Uncertain,Neutral,23.9,,,,clinvar,,True,23.9,,,,uncertain,,,UP,neutral,neutral,neutral,1733538,Uncertain significance,1,-0.3452,0.0379,-22.2448,loss_of_function,-3.53425381240278,0.924304927650154,Pathogenic,0.1946,benign,https://doi.org/10.1101/2022.10.22.513328
S1217N,9.97836,2.9051,1.547042811779164,Uncertain,Uncertain,1.5,,3.9774083207e-06,0.667,cBioPortal,,True,1.5,,,,uncertain,,,UP,neutral,neutral,neutral,,,,-0.3028,0.0001,-22.2448,loss_of_function,-5.25147005281297,0.8000645855734313,Pathogenic,0.8518,pathogenic,https://doi.org/10.1101/2022.10.22.513328
P1218A,2.61785,0.76905,0.9817393914389346,Uncertain,Uncertain,14.5,,,,clinvar,,True,14.5,,,,neutral,neutral,neutral,DOWN,neutral,neutral,neutral,1427221,Uncertain significance,1,-0.3277,0.0001,-22.2448,loss_of_function,-5.25147005281297,0.887117397282315,Pathogenic,0.7837,pathogenic,https://doi.org/10.1101/2022.10.22.513328
P1218L,1.74264,1.85272,1.2845031979412074,Neutral,Neutral,14.5,,,0.844,cBioPortal,,True,14.5,,,,neutral,neutral,neutral,UP,neutral,neutral,neutral,,,,-0.3764,0.0001,-22.2448,loss_of_function,-5.25147005281297,0.9189612077741268,Pathogenic,0.9699,pathogenic,https://doi.org/10.1101/2022.10.22.513328
P1218S,4.19998,1.8966,1.6381061484582544,Uncertain,Uncertain,14.5,,,,clinvar,,True,14.5,,,,neutral,neutral,neutral,DOWN,neutral,neutral,neutral,427962,Uncertain significance,2,-0.3274,0.0001,-22.2448,loss_of_function,-5.25147005281297,0.9083465339719146,Pathogenic,0.8951,pathogenic,https://doi.org/10.1101/2022.10.22.513328
T1221S,1.41769,1.56293,0.7006313560584118,Neutral,Neutral,7.2,,,,clinvar,P,True,7.2,1.01,,,neutral,neutral,uncertain,DOWN,neutral,neutral,neutral,386542,Uncertain significance,1,-0.2865,0.0001,-22.2448,loss_of_function,-3.15744837392464,0.929682103276424,Pathogenic,0.8539,pathogenic,https://doi.org/10.1101/2022.10.22.513328
L1222F,6.01816,2.07619,2.0477909877839857,Uncertain,Uncertain,0.2,,,0.601,"cBioPortal,COSMIC",,True,0.2,,,,neutral,neutral,neutral,UP,neutral,neutral,neutral,,,,-0.353,0.0001,-22.2448,loss_of_function,-3.53425381240278,0.921558080086178,Pathogenic,0.978,pathogenic,https://doi.org/10.1101/2022.10.22.513328
R1225K,2.54739,2.01837,1.9138317552992108,Uncertain,Uncertain,2.2,,,0.662,"cBioPortal,COSMIC",,True,2.2,,,,neutral,neutral,neutral,-,uncertain,uncertain,uncertain,,,,-0.3001,0.0001,-22.2448,loss_of_function,-3.15744837392464,0.7740814740235804,Pathogenic,0.9604,pathogenic,https://doi.org/10.1101/2022.10.22.513328
R1227K,0.02881,0.26565,0.8750875651981227,Neutral,Neutral,77.4,,,0.615,"cBioPortal,COSMIC",,True,77.4,,,,neutral,neutral,neutral,-,uncertain,uncertain,uncertain,,,,-0.3001,0.0001,-22.2448,loss_of_function,-3.15744837392464,0.938176175892406,Pathogenic,0.9613,pathogenic,https://doi.org/10.1101/2022.10.22.513328
K1228N,0.06711,0.30204,0.2811952625785796,Neutral,Neutral,79.9,,,0.645,"cBioPortal,COSMIC",,False,79.9,,,,neutral,neutral,neutral,DOWN,neutral,neutral,neutral,,,,-0.3408,0.0001,-22.2448,loss_of_function,-5.25147005281297,0.8808917468132766,Pathogenic,0.9989,pathogenic,https://doi.org/10.1101/2022.10.22.513328
H1230R,-0.21996,0.40986,-0.2332440020526427,Neutral,Neutral,64.7,,,0.865,COSMIC,,False,64.7,,,,neutral,neutral,neutral,UP,neutral,neutral,neutral,,,,-0.3334,0.0001,-22.2448,loss_of_function,-5.25147005281297,0.8521646483093581,Pathogenic,0.9956,pathogenic,https://doi.org/10.1101/2022.10.22.513328
H1230Y,0.2022,-0.45306,-0.2598802878847189,Neutral,Neutral,64.7,,3.9769654163e-06,0.799,COSMIC,,False,64.7,,,,neutral,neutral,neutral,UP,neutral,neutral,neutral,,,,-0.2689,0.0001,-22.2448,loss_of_function,-3.15744837392464,0.9049010353840264,Pathogenic,0.9802,pathogenic,https://doi.org/10.1101/2022.10.22.513328
T1234I,-1.71568,-0.59184,-0.5679229664397867,Neutral,Neutral,45.0,,,,clinvar,,True,45.0,,,,uncertain,,,UP,neutral,neutral,neutral,426831,Uncertain significance,1,-0.3487,0.0001,-22.2448,loss_of_function,-5.25147005281297,0.9038707516261152,Pathogenic,0.8651,pathogenic,https://doi.org/10.1101/2022.10.22.513328
T1234S,1.10822,0.77449,0.8643554156355567,Neutral,Neutral,45.0,,,,clinvar,,True,45.0,,,,neutral,,,DOWN,neutral,neutral,neutral,1318690,Uncertain significance,2,-0.2865,0.0001,-22.2448,loss_of_function,-3.15744837392464,0.8494992294820951,Pathogenic,0.6839,pathogenic,https://doi.org/10.1101/2022.10.22.513328
T1236I,-0.90678,-0.92007,-0.7868394923945488,Neutral,Neutral,26.2,,,,clinvar,,True,26.2,,,,uncertain,,,UP,neutral,neutral,neutral,2439081,Uncertain significance,1,-0.3487,0.0001,-22.2448,loss_of_function,-3.53425381240278,0.8966479043149929,Pathogenic,0.8556,pathogenic,https://doi.org/10.1101/2022.10.22.513328
T1236S,1.42609,1.55476,0.4894585032050147,Neutral,Neutral,26.2,,,,clinvar,,True,26.2,,,,neutral,,,DOWN,neutral,neutral,neutral,1367712,Uncertain significance,1,-0.2865,0.0001,-22.2448,loss_of_function,-1.82349625883042,0.0182315957332141,Benign,0.6356,pathogenic,https://doi.org/10.1101/2022.10.22.513328
P1238S,3.77528,2.01395,1.067197546114376,Uncertain,Uncertain,10.8,,,0.820,"cBioPortal,COSMIC",,True,10.8,,,,neutral,neutral,neutral,DOWN,neutral,neutral,neutral,,,,-0.2577,0.021,-8.957,loss_of_function,-5.25147005281297,0.9190510032260994,Pathogenic,0.5166,ambiguous,https://doi.org/10.1101/2022.10.22.513328
P1240A,3.13639,1.10476,0.2559132662343116,Uncertain,Uncertain,1.2,,,,clinvar,,True,1.2,,,,neutral,neutral,neutral,DOWN,neutral,neutral,neutral,389755,Uncertain significance,1,-0.3277,0.0001,-22.2448,loss_of_function,-5.74406662388262,0.9094852382424886,Pathogenic,0.5495,ambiguous,https://doi.org/10.1101/2022.10.22.513328
K1241N,0.22145,0.9932,-0.1278009648663791,Neutral,Neutral,105.8,,,0.217,"cBioPortal,COSMIC",,True,105.8,,,,neutral,neutral,neutral,DOWN,neutral,neutral,neutral,,,,-0.3388,0.021,-22.2448,loss_of_function,-3.60427081904437,0.3601666942969577,Uncertain,0.6751,pathogenic,https://doi.org/10.1101/2022.10.22.513328
A1242V,0.47426,0.31122,-0.5387014872867762,Neutral,Neutral,64.6,,,0.302,cBioPortal,,True,64.6,,,,neutral,neutral,neutral,UP,neutral,neutral,neutral,,,,-0.2328,0.0837,-8.957,loss_of_function,-3.54983540308658,0.8684472342539504,Pathogenic,0.0766,benign,https://doi.org/10.1101/2022.10.22.513328
S1244G,1.99244,0.87347,1.0344576910194685,Neutral,Neutral,53.7,,,,clinvar,,True,53.7,,,,uncertain,,,DOWN,neutral,neutral,destabilizing,1734392,Uncertain significance,1,-0.2843,0.0588,-22.2448,loss_of_function,-3.85107803872951,0.8096747726715623,Pathogenic,0.0764,benign,https://doi.org/10.1101/2022.10.22.513328
D1245E,-0.06201,0.60782,0.108488966002348,Neutral,Neutral,119.1,,,0.264,cBioPortal,,False,119.1,,,,neutral,neutral,neutral,UP,neutral,neutral,stabilizing,,,,-0.2017,0.1069,-6.1497,loss_of_function,-0.122278230816931,0.9133108928363912,Pathogenic,0.1272,benign,https://doi.org/10.1101/2022.10.22.513328
D1245N,0.14682,0.71293,0.0913070336343596,Neutral,Neutral,119.1,,,0.259,COSMIC,,False,119.1,,,,neutral,neutral,neutral,-,uncertain,uncertain,uncertain,,,,-0.3056,0.1069,-22.2448,loss_of_function,-2.12497145385617,0.936627211431104,Pathogenic,0.1625,benign,https://doi.org/10.1101/2022.10.22.513328
N1249D,-0.12424,-0.28435,-0.1524548950585907,Neutral,Neutral,112.1,,,0.157,cBioPortal,,False,112.1,,,,neutral,neutral,neutral,-,uncertain,uncertain,uncertain,,,,-0.3302,0.021,-22.2448,loss_of_function,-3.15744837392464,0.8689698351567667,Pathogenic,0.3573,ambiguous,https://doi.org/10.1101/2022.10.22.513328
G1250S,1.36014,1.0619,1.587197596927146,Neutral,Neutral,118.6,,,,clinvar,,False,118.6,,,,neutral,neutral,neutral,UP,neutral,neutral,stabilizing,2450645,Uncertain significance,1,-0.3896,0.0001,-22.2448,loss_of_function,-3.52065640056835,0.8978355407258343,Pathogenic,0.1174,benign,https://doi.org/10.1101/2022.10.22.513328
F1251S,0.1346,0.87517,0.3356975698994724,Neutral,Neutral,102.3,,,0.352,"cBioPortal,COSMIC",,False,102.3,,,,neutral,neutral,neutral,DOWN,neutral,neutral,stabilizing,,,,-0.3643,0.6955,-22.2448,loss_of_function,-3.28759385537672,0.7441727082462357,Pathogenic,0.7126,pathogenic,https://doi.org/10.1101/2022.10.22.513328
G1252M,-0.28979,4.26088,0.0142015173553944,Uncertain,Neutral,116.9,,,,cBioPortal,,False,116.9,,,,neutral,neutral,neutral,UP,neutral,neutral,neutral,,,,-0.4336,0.0001,-22.2448,loss_of_function,-3.52065640056835,0.9185308626831532,Pathogenic,0.6911,pathogenic,https://doi.org/10.1101/2022.10.22.513328
G1252R,-0.17107,4.28707,-0.2179033295269478,Uncertain,Neutral,116.9,,,0.354,"cBioPortal,COSMIC",,False,116.9,,,,neutral,neutral,neutral,UP,neutral,neutral,neutral,,,,-0.4602,0.0001,-22.2448,loss_of_function,-3.52065640056835,0.9260569254741682,Pathogenic,0.7121,pathogenic,https://doi.org/10.1101/2022.10.22.513328
G1252V,0.08646,5.0466,0.326548700471771,Uncertain,Neutral,116.9,,,0.597,"cBioPortal,COSMIC",,False,116.9,,,,neutral,neutral,neutral,UP,neutral,neutral,neutral,,,,-0.4705,0.0001,-22.2448,loss_of_function,-3.52065640056835,0.9343453966596024,Pathogenic,0.3836,ambiguous,https://doi.org/10.1101/2022.10.22.513328
G1253E,3.51448,4.42619,0.929280907165634,Destabilizing,Uncertain,112.9,,,0.769,COSMIC,,False,112.9,,,,neutral,neutral,neutral,UP,neutral,neutral,neutral,,,,-0.4413,0.021,-22.2448,loss_of_function,-4.31695476224675,0.9378328505932132,Pathogenic,0.6456,pathogenic,https://doi.org/10.1101/2022.10.22.513328
G1253K,2.92452,3.72891,0.7915564363975027,Uncertain,Uncertain,112.9,,,,cBioPortal,,False,112.9,,,,neutral,neutral,neutral,UP,neutral,neutral,neutral,,,,-0.4743,0.021,-22.2448,loss_of_function,-4.31695476224675,0.8649409727588812,Pathogenic,0.8522,pathogenic,https://doi.org/10.1101/2022.10.22.513328
G1253R,2.85944,3.36837,0.7070590708029092,Uncertain,Uncertain,112.9,,,0.806,COSMIC,,False,112.9,,,,neutral,neutral,neutral,UP,neutral,neutral,neutral,,,,-0.4583,0.021,-22.2448,loss_of_function,-4.31695476224675,0.9282579311013324,Pathogenic,0.7496,pathogenic,https://doi.org/10.1101/2022.10.22.513328
D1254A,0.01031,2.13027,0.5297372382258014,Uncertain,Neutral,93.5,,,0.561,cBioPortal,,False,93.5,,,,neutral,neutral,neutral,DOWN,neutral,neutral,destabilizing,,,,-0.3327,0.1742,-22.2448,loss_of_function,-2.88766645210504,0.83332511488995,Pathogenic,0.3891,ambiguous,https://doi.org/10.1101/2022.10.22.513328
D1254E,-0.35329,1.37245,0.2016197178812245,Neutral,Neutral,93.5,,,,clinvar,,False,93.5,,,,neutral,neutral,neutral,UP,neutral,neutral,neutral,2430491,Uncertain significance,1,-0.1922,0.1742,-5.4977,loss_of_function,-0.151423325990118,0.0377257200315972,Benign,0.1202,benign,https://doi.org/10.1101/2022.10.22.513328
A1255V,-0.38566,-0.4017,-0.3418145152121643,Neutral,Neutral,63.0,3.18532203606e-05,,0.190,cBioPortal,,True,63.0,,,,neutral,neutral,neutral,UP,neutral,neutral,stabilizing,,,,-0.2461,0.6759,-22.2448,loss_of_function,-3.27494682377467,0.7470259746176281,Pathogenic,0.0992,benign,https://doi.org/10.1101/2022.10.22.513328
P1256L,1.0222,0.90442,-0.5803046260283035,Neutral,Neutral,85.0,,3.9776298099e-06,0.784,"cBioPortal,COSMIC,clinvar",,True,85.0,,,,neutral,neutral,neutral,UP,neutral,neutral,stabilizing,1734725,Uncertain significance,1,-0.3764,0.0001,-22.2448,loss_of_function,-5.81712426511321,0.8968797889030133,Pathogenic,0.6801,pathogenic,https://doi.org/10.1101/2022.10.22.513328
P1256Q,0.74854,0.64932,-0.0573175371579692,Neutral,Neutral,85.0,,,,clinvar,,True,85.0,,,,neutral,neutral,neutral,UP,neutral,neutral,stabilizing,945082,Uncertain significance,1,-0.3561,0.0001,-22.2448,loss_of_function,-5.81712426511321,0.9221046920791152,Pathogenic,0.864,pathogenic,https://doi.org/10.1101/2022.10.22.513328
P1256S,0.94288,0.57007,-0.0667610708947297,Neutral,Neutral,85.0,,,0.681,cBioPortal,,True,85.0,,,,neutral,neutral,neutral,DOWN,neutral,neutral,stabilizing,,,,-0.3274,0.0001,-22.2448,loss_of_function,-5.81712426511321,0.9018105986321624,Pathogenic,0.7375,pathogenic,https://doi.org/10.1101/2022.10.22.513328
T1257N,0.16345,0.86837,0.0885500853449072,Neutral,Neutral,40.8,,,,clinvar,,True,40.8,,,,uncertain,,,-,uncertain,uncertain,uncertain,954007,Uncertain significance,1,-0.3784,0.0001,-22.2448,loss_of_function,-5.25147005281297,0.83332511488995,Pathogenic,0.3551,ambiguous,https://doi.org/10.1101/2022.10.22.513328
S1263I,6.38178,2.46497,1.7770344215735234,Uncertain,Uncertain,0.8,,,0.803,cBioPortal,,False,0.8,,,,uncertain,,,UP,neutral,neutral,neutral,,,,-0.3617,0.0001,-22.2448,loss_of_function,-5.25147005281297,0.8663245910126922,Pathogenic,0.9944,pathogenic,https://doi.org/10.1101/2022.10.22.513328
S1263T,3.17697,-0.97925,0.7140528017478561,Uncertain,Uncertain,0.8,,,,clinvar,,False,0.8,,,,neutral,,,UP,neutral,neutral,neutral,2132494,Uncertain significance,1,-0.2712,0.0001,-22.2448,loss_of_function,-3.15744837392464,0.9017755307522992,Pathogenic,0.8549,pathogenic,https://doi.org/10.1101/2022.10.22.513328
G1266C,-0.64217,0.56054,0.6626193428123885,Neutral,Neutral,15.8,,,0.713,"cBioPortal,COSMIC",,True,15.8,,,,neutral,neutral,neutral,UP,neutral,neutral,neutral,,,,-0.4434,0.0001,-22.2419,loss_of_function,-5.25147005281297,0.9319879692777592,Pathogenic,0.9952,pathogenic,https://doi.org/10.1101/2022.10.22.513328
G1266D,0.17055,-0.31905,0.4614332248695041,Neutral,Neutral,15.8,,,0.630,"cBioPortal,COSMIC",,True,15.8,,,,neutral,neutral,neutral,UP,neutral,neutral,neutral,,,,-0.4439,0.0001,-22.2419,loss_of_function,-5.25147005281297,0.9082248330732796,Pathogenic,0.9984,pathogenic,https://doi.org/10.1101/2022.10.22.513328
G1267A,2.87777,1.02177,0.512575339491296,Uncertain,Uncertain,87.9,,,0.603,cBioPortal,,True,87.9,,,,neutral,neutral,neutral,UP,neutral,neutral,neutral,,,,-0.3837,0.0001,-22.2419,loss_of_function,-5.25147005281297,0.9358184587068676,Pathogenic,0.9296,pathogenic,https://doi.org/10.1101/2022.10.22.513328
G1267R,2.82022,4.1449,0.0251476357460889,Uncertain,Uncertain,87.9,,,0.631,"cBioPortal,COSMIC",,True,87.9,,,,neutral,neutral,neutral,UP,neutral,neutral,neutral,,,,-0.4602,0.0001,-22.2419,loss_of_function,-5.25147005281297,0.9015997084058344,Pathogenic,0.9965,pathogenic,https://doi.org/10.1101/2022.10.22.513328
T1268N,-0.24545,0.40068,0.2965111672882126,Neutral,Neutral,66.8,,,0.323,"cBioPortal,COSMIC",,True,66.8,,,,uncertain,,,-,uncertain,uncertain,uncertain,,,,-0.3749,0.038,-22.2419,loss_of_function,-3.10156334069427,0.9159378334381724,Pathogenic,0.6684,pathogenic,https://doi.org/10.1101/2022.10.22.513328
T1268S,-0.34805,0.75068,0.2503899487841698,Neutral,Neutral,66.8,,,0.231,cBioPortal,,True,66.8,,,,neutral,,,DOWN,neutral,neutral,neutral,,,,-0.283,0.038,-22.2419,loss_of_function,-1.87054896091596,0.9311010020458844,Pathogenic,0.5838,pathogenic,https://doi.org/10.1101/2022.10.22.513328
P1270H,0.85051,0.93129,-0.2568326675189436,Neutral,Neutral,76.5,,,0.451,"cBioPortal,COSMIC",,True,76.5,,,,neutral,neutral,neutral,UP,neutral,neutral,neutral,,,,-0.3664,0.0001,-22.2419,loss_of_function,-3.52065640056835,0.7836150596840435,Pathogenic,0.9639,pathogenic,https://doi.org/10.1101/2022.10.22.513328
P1270S,0.47827,0.62687,0.2737335578988736,Neutral,Neutral,76.5,,1.19396332145e-05,0.478,cBioPortal,,True,76.5,,,,neutral,neutral,neutral,DOWN,neutral,neutral,destabilizing,,,,-0.3274,0.0001,-22.2419,loss_of_function,-3.52065640056835,0.0132222354861849,Benign,0.8675,pathogenic,https://doi.org/10.1101/2022.10.22.513328
E1274K,-0.61864,-0.2,0.1938232927810312,Neutral,Neutral,75.6,,3.9790225929e-06,0.574,cBioPortal,,False,75.6,,,,neutral,neutral,neutral,UP,neutral,neutral,neutral,,,,-0.3427,0.0001,-22.2419,loss_of_function,-5.25147005281297,0.4690591699378471,Uncertain,0.9944,pathogenic,https://doi.org/10.1101/2022.10.22.513328
I1276S,2.44302,2.43061,2.331459627605772,Uncertain,Uncertain,26.6,,,0.767,"cBioPortal,COSMIC",,False,26.6,,,,neutral,neutral,neutral,DOWN,neutral,neutral,neutral,,,,-0.4669,0.0001,-22.2419,loss_of_function,-3.53425381240278,0.8285761503839095,Pathogenic,0.9978,pathogenic,https://doi.org/10.1101/2022.10.22.513328
T1277S,0.62608,0.74388,1.072023302785437,Neutral,Neutral,14.2,,,,clinvar,,True,14.2,,,,neutral,,,DOWN,neutral,neutral,neutral,432941,Uncertain significance,2,-0.2865,0.0001,-22.2419,loss_of_function,-3.15744837392464,0.8190790736579425,Pathogenic,0.713,pathogenic,https://doi.org/10.1101/2022.10.22.513328
T1279I,0.1741,0.41973,-0.4387828002475863,Neutral,Neutral,85.8,,,0.499,cBioPortal,,True,85.8,,,,uncertain,,,UP,neutral,neutral,neutral,,,,-0.3487,0.0001,-22.2419,loss_of_function,-3.35610517607594,0.9304498754925956,Pathogenic,0.9232,pathogenic,https://doi.org/10.1101/2022.10.22.513328
T1279N,0.85927,0.58503,-0.003096074837689,Neutral,Neutral,85.8,,,0.432,COSMIC,,True,85.8,,,,uncertain,,,-,uncertain,uncertain,uncertain,,,,-0.3784,0.0001,-22.2419,loss_of_function,-2.80422780430934,0.3697678031798028,Uncertain,0.649,pathogenic,https://doi.org/10.1101/2022.10.22.513328
T1280M,-0.94234,1.82857,-0.2216369383947258,Neutral,Neutral,13.9,3.18654005481e-05,7.9576018971e-06,0.687,"cBioPortal,COSMIC",,True,13.9,,,,uncertain,,,UP,neutral,neutral,neutral,,,,-0.3676,0.0001,-22.2419,loss_of_function,-5.25147005281297,0.8752648577224433,Pathogenic,0.7764,pathogenic,https://doi.org/10.1101/2022.10.22.513328
T1283I,-0.61681,-0.37041,-0.8947096644501762,Neutral,Neutral,75.6,,,,clinvar,,True,75.6,,,,uncertain,,,UP,neutral,neutral,neutral,937780,Uncertain significance,1,-0.3468,0.021,-22.2419,loss_of_function,-5.25125549794543,0.8982883551850176,Pathogenic,0.5127,ambiguous,https://doi.org/10.1101/2022.10.22.513328
N1286K,-0.2645,0.56735,0.6209930642625402,Neutral,Neutral,109.4,,,,clinvar,,True,109.4,,,,neutral,neutral,neutral,UP,neutral,neutral,stabilizing,581174,Uncertain significance,1,-0.3302,0.021,-22.2419,loss_of_function,-5.24996482915421,0.8420009587776704,Pathogenic,0.6311,pathogenic,https://doi.org/10.1101/2022.10.22.513328
N1286S,0.68695,0.88912,0.952389833358036,Neutral,Neutral,109.4,,,,clinvar,,True,109.4,,,,neutral,neutral,neutral,DOWN,neutral,neutral,destabilizing,1706300,Uncertain significance,1,-0.2291,0.021,-8.9541,loss_of_function,-2.60146818469933,0.3869619911013249,Uncertain,0.0934,benign,https://doi.org/10.1101/2022.10.22.513328
C1288Y,0.35501,-0.28129,0.0594139483144906,Neutral,Neutral,9.2,,,,clinvar,,True,9.2,,,,neutral,neutral,neutral,UP,neutral,neutral,neutral,2035222,Uncertain significance,1,-0.4958,0.0001,-22.2419,loss_of_function,-5.25147005281297,0.8735860698048933,Pathogenic,0.9144,pathogenic,https://doi.org/10.1101/2022.10.22.513328
S1290F,3.23058,-1.38912,-0.8250267477584139,Uncertain,Uncertain,25.4,,,0.577,"cBioPortal,COSMIC",,True,25.4,,,,uncertain,,,UP,neutral,neutral,neutral,,,,-0.3586,0.0001,-22.2419,loss_of_function,-5.25147005281297,0.5888808972088431,Uncertain,0.9324,pathogenic,https://doi.org/10.1101/2022.10.22.513328
S1296C,3.32369,-0.0483,-0.5724861141654403,Uncertain,Uncertain,1.8,,,0.524,cBioPortal,,True,1.8,,,,uncertain,,,UP,neutral,neutral,neutral,,,,-0.331,0.0001,-22.2419,loss_of_function,-3.15744837392464,0.7308347439347792,Pathogenic,0.9788,pathogenic,https://doi.org/10.1101/2022.10.22.513328
S1296P,3.47004,3.74966,4.26349736329558,Destabilizing,Destabilizing,1.8,,,0.716,cBioPortal,,True,1.8,,,,uncertain,,,UP,neutral,neutral,neutral,,,,-0.4339,0.0001,-22.2419,loss_of_function,-5.25147005281297,0.9028860399652,Pathogenic,0.9915,pathogenic,https://doi.org/10.1101/2022.10.22.513328
A1297V,0.81716,3.79898,0.3859644277887136,Uncertain,Neutral,0.9,,,0.556,"cBioPortal,COSMIC",,True,0.9,,,,neutral,neutral,neutral,UP,neutral,neutral,neutral,,,,-0.3083,0.0001,-22.2419,loss_of_function,-5.25147005281297,0.8689698351567667,Pathogenic,0.9931,pathogenic,https://doi.org/10.1101/2022.10.22.513328
R1298S,-0.05188,1.37551,2.3726684891048926,Neutral,Uncertain,5.5,,,,cBioPortal,,True,5.5,,,,neutral,neutral,neutral,DOWN,neutral,neutral,neutral,,,,-0.4104,0.0001,-22.2419,loss_of_function,-5.25147005281297,0.9222245749790888,Pathogenic,0.9972,pathogenic,https://doi.org/10.1101/2022.10.22.513328
F1299S,5.62118,5.6068,5.303570046056643,Destabilizing,Destabilizing,1.6,,,0.819,"cBioPortal,COSMIC",,True,1.6,,,,neutral,neutral,neutral,DOWN,neutral,neutral,neutral,,,,-0.4283,0.0001,-22.2419,loss_of_function,-3.85107803872951,0.916307500697037,Pathogenic,0.9997,pathogenic,https://doi.org/10.1101/2022.10.22.513328
W1300C,6.6531,5.60374,4.419272564216763,Destabilizing,Destabilizing,0.0,,,,clinvar,,False,0.0,,,,neutral,neutral,neutral,DOWN,neutral,neutral,neutral,1695105,Uncertain significance,1,-0.5125,0.0001,-22.2419,loss_of_function,-5.25147005281297,0.9001269314861928,Pathogenic,0.9953,pathogenic,https://doi.org/10.1101/2022.10.22.513328
L1301V,1.76233,3.14898,2.6923931753415173,Uncertain,Uncertain,0.0,,,0.438,cBioPortal,,False,0.0,,,,neutral,neutral,neutral,DOWN,neutral,neutral,neutral,,,,-0.3299,0.0001,-22.2419,loss_of_function,-3.15744837392464,0.9382015583374552,Pathogenic,0.6915,pathogenic,https://doi.org/10.1101/2022.10.22.513328
I1302T,3.42851,3.31122,2.8015372443354583,Destabilizing,Uncertain,0.0,,,0.209,cBioPortal,,False,0.0,,,,neutral,neutral,neutral,DOWN,neutral,neutral,neutral,,,,-0.3762,0.0814,-22.2419,loss_of_function,-3.35775812467738,0.9038371400699284,Pathogenic,0.4719,ambiguous,https://doi.org/10.1101/2022.10.22.513328
R1305Q,0.35657,0.25306,0.0329156701464256,Neutral,Neutral,88.1,,3.9801628683e-06,0.208,"cBioPortal,COSMIC,clinvar",,True,88.1,,,,neutral,neutral,neutral,DOWN,neutral,neutral,neutral,420577,Uncertain significance,2,-0.3149,0.021,-8.9541,loss_of_function,-5.25125549794543,0.9158385546790104,Pathogenic,0.1944,benign,https://doi.org/10.1101/2022.10.22.513328
I1307N,1.02698,1.79932,1.008557798423065,Neutral,Neutral,44.7,,,0.286,cBioPortal,,True,44.7,,,,neutral,neutral,neutral,DOWN,neutral,neutral,neutral,,,,-0.4029,0.6579,-22.2419,loss_of_function,-4.75324653057186,0.9315577905712488,Pathogenic,0.2854,benign,https://doi.org/10.1101/2022.10.22.513328
Q1308R,-0.15331,0.49592,-0.2343060851654638,Neutral,Neutral,99.2,,,,clinvar,,True,99.2,,,,neutral,neutral,neutral,UP,neutral,neutral,neutral,190603,Uncertain significance,1,-0.3297,0.021,-22.2419,loss_of_function,-3.10075563968018,0.8889524439904015,Pathogenic,0.2963,benign,https://doi.org/10.1101/2022.10.22.513328
E1309K,-0.70278,0.63095,0.5498956880514085,Neutral,Neutral,51.9,,,0.670,COSMIC,,True,51.9,,,,neutral,neutral,neutral,UP,neutral,neutral,neutral,,,,-0.3427,0.0001,-22.2419,loss_of_function,-3.53425381240278,0.9214761089651148,Pathogenic,0.936,pathogenic,https://doi.org/10.1101/2022.10.22.513328
S1310C,0.40226,0.01122,-0.062286049961599,Neutral,Neutral,2.4,,,0.545,COSMIC,,True,2.4,,,,uncertain,,,UP,neutral,neutral,neutral,,,,-0.331,0.0001,-22.2419,loss_of_function,-2.12497145385617,0.8144523612022884,Pathogenic,0.3061,benign,https://doi.org/10.1101/2022.10.22.513328
S1310F,2.65667,5.1432,1.9183013028375209,Uncertain,Uncertain,2.4,,,0.573,"cBioPortal,COSMIC",,True,2.4,,,,uncertain,,,UP,neutral,neutral,neutral,,,,-0.3586,0.0001,-22.2419,loss_of_function,-3.53425381240278,0.924774518030842,Pathogenic,0.9018,pathogenic,https://doi.org/10.1101/2022.10.22.513328
V1311I,-0.26229,0.48571,0.2377743727431214,Neutral,Neutral,41.9,0.00012745347948,6.3670948538e-05,0.277,"cBioPortal,COSMIC,clinvar",,True,41.9,,,,neutral,neutral,neutral,UP,neutral,neutral,neutral,190568,Conflicting interpretations of pathogenicity,1,-0.2865,0.0001,-22.2419,loss_of_function,-2.12497145385617,0.881238877029402,Pathogenic,0.1053,benign,https://doi.org/10.1101/2022.10.22.513328
F1313L,0.52967,1.94592,1.7430040876092314,Neutral,Neutral,8.5,,,,clinvar,,True,8.5,,,,neutral,neutral,neutral,DOWN,neutral,neutral,neutral,"2450621, 1977968","Uncertain significance, Uncertain significance","1, 1",-0.3553,0.0001,-22.2419,loss_of_function,-2.63905401861469,0.9270714228203608,Pathogenic,0.9525,pathogenic,https://doi.org/10.1101/2022.10.22.513328
Q1316H,0.48452,0.73299,-0.0308800775324091,Neutral,Neutral,45.5,,,,clinvar,,False,45.5,,,,neutral,neutral,neutral,UP,neutral,neutral,neutral,1736393,Uncertain significance,1,-0.301,0.0001,-22.2419,loss_of_function,-3.53425381240278,0.9159873659927223,Pathogenic,0.3727,ambiguous,https://doi.org/10.1101/2022.10.22.513328
V1317I,-0.20836,0.84388,0.322541213255339,Neutral,Neutral,0.0,3.18532203606e-05,7.9577918719e-06,0.075,"cBioPortal,clinvar",,False,0.0,,,,neutral,neutral,neutral,UP,neutral,neutral,neutral,574134,Uncertain significance,2,-0.2865,0.0001,-22.2448,loss_of_function,-2.12497145385617,0.7365371227863042,Pathogenic,0.1021,benign,https://doi.org/10.1101/2022.10.22.513328
R1319K,0.33715,0.40612,0.2681276314525149,Neutral,Neutral,66.4,,,0.298,"cBioPortal,COSMIC",,False,66.4,,,,neutral,neutral,neutral,-,uncertain,uncertain,uncertain,,,,-0.3001,0.0001,-22.2448,loss_of_function,-1.73243340840991,0.4298645367065329,Uncertain,0.2176,benign,https://doi.org/10.1101/2022.10.22.513328
R1319S,0.41193,0.70612,0.6963893405484536,Neutral,Neutral,66.4,,,0.367,COSMIC,,False,66.4,,,,neutral,neutral,neutral,DOWN,neutral,neutral,neutral,,,,-0.4104,0.0001,-22.2448,loss_of_function,-3.35775812467738,0.915738976948963,Pathogenic,0.8695,pathogenic,https://doi.org/10.1101/2022.10.22.513328
E1320K,-0.63661,1.33537,0.3298567806163521,Neutral,Neutral,32.3,,,0.600,"cBioPortal,COSMIC",,False,32.3,,,,neutral,neutral,neutral,UP,neutral,neutral,stabilizing,,,,-0.3427,0.0001,-22.2448,loss_of_function,-5.25147005281297,0.9013170808798951,Pathogenic,0.9006,pathogenic,https://doi.org/10.1101/2022.10.22.513328
I1321T,3.37593,1.58027,1.956491265998973,Uncertain,Uncertain,7.2,,,0.553,cBioPortal,,False,7.2,,,,neutral,neutral,neutral,DOWN,neutral,neutral,neutral,,,,-0.3837,0.0001,-22.2448,loss_of_function,-2.61153618200628,0.9241767768790562,Pathogenic,0.4728,ambiguous,https://doi.org/10.1101/2022.10.22.513328
V1324I,-0.1086,0.61803,-0.1004792204901561,Neutral,Neutral,4.7,3.186336987e-05,7.9577918719e-06,0.248,"cBioPortal,COSMIC,clinvar",,False,4.7,,,,neutral,neutral,neutral,UP,neutral,neutral,neutral,1318769,Uncertain significance,2,-0.2865,0.0001,-22.2448,loss_of_function,-3.15744837392464,0.9016701052426268,Pathogenic,0.2685,benign,https://doi.org/10.1101/2022.10.22.513328
P1325A,2.06828,0.81701,-0.4486332292603989,Uncertain,Uncertain,0.4,,,0.710,COSMIC,,False,0.4,,,,neutral,neutral,neutral,DOWN,neutral,neutral,neutral,,,,-0.3277,0.0001,-22.2448,loss_of_function,-5.25147005281297,0.9162339030664384,Pathogenic,0.9683,pathogenic,https://doi.org/10.1101/2022.10.22.513328
P1325L,1.8567,1.71327,-0.8337081182857115,Neutral,Neutral,0.4,,,0.637,"cBioPortal,COSMIC",,False,0.4,,,,neutral,neutral,neutral,UP,neutral,neutral,neutral,,,,-0.3764,0.0001,-22.2448,loss_of_function,-5.25147005281297,0.8249618488174951,Pathogenic,0.9913,pathogenic,https://doi.org/10.1101/2022.10.22.513328
M1327I,0.31359,0.11667,-0.1424512050180637,Neutral,Neutral,24.9,,,0.412,COSMIC,,False,24.9,,,,neutral,neutral,neutral,-,uncertain,uncertain,uncertain,,,,-0.319,0.0001,-22.2448,loss_of_function,-1.60516934286321,0.8177066411125506,Pathogenic,0.998,pathogenic,https://doi.org/10.1101/2022.10.22.513328
M1327T,2.39731,2.22109,1.304804532938209,Uncertain,Uncertain,24.9,,1.59144439493e-05,0.589,COSMIC,,False,24.9,,,,neutral,neutral,neutral,DOWN,neutral,neutral,neutral,,,,-0.3728,0.0001,-22.2448,loss_of_function,-3.11109816765132,0.88725346533766,Pathogenic,0.9953,pathogenic,https://doi.org/10.1101/2022.10.22.513328
M1327V,0.42802,0.28639,0.1095411878143193,Neutral,Neutral,24.9,,,,clinvar,,False,24.9,,,,neutral,neutral,neutral,DOWN,neutral,neutral,neutral,190569,Uncertain significance,2,-0.3511,0.0001,-22.2448,loss_of_function,-1.87054896091596,0.900025273688398,Pathogenic,0.9204,pathogenic,https://doi.org/10.1101/2022.10.22.513328
A1328S,0.83248,1.67041,1.5163438721582083,Neutral,Neutral,1.4,,,,clinvar,,False,1.4,,,,neutral,neutral,neutral,-,uncertain,uncertain,uncertain,1398115,Uncertain significance,1,-0.3053,0.0001,-22.2448,loss_of_function,-2.86170940777192,0.9273402831029744,Pathogenic,0.848,pathogenic,https://doi.org/10.1101/2022.10.22.513328
A1328T,1.82955,1.72517,1.048250111563238,Neutral,Neutral,1.4,,,0.473,"cBioPortal,COSMIC",,False,1.4,,,,neutral,neutral,neutral,UP,neutral,neutral,neutral,,,,-0.3113,0.0001,-22.2448,loss_of_function,-2.86170940777192,0.8351110060018708,Pathogenic,0.9932,pathogenic,https://doi.org/10.1101/2022.10.22.513328
A1328V,2.10682,-0.15272,-0.0779730415156004,Uncertain,Uncertain,1.4,,,0.462,cBioPortal,,False,1.4,,,,neutral,neutral,neutral,UP,neutral,neutral,neutral,,,,-0.3083,0.0001,-22.2448,loss_of_function,-4.75959682472581,0.9092183884127454,Pathogenic,0.997,pathogenic,https://doi.org/10.1101/2022.10.22.513328
K1329I,-1.19244,-1.10782,-0.7345206495452911,Neutral,Neutral,50.3,,,0.648,COSMIC,,False,50.3,,,,neutral,neutral,neutral,-,uncertain,uncertain,uncertain,,,,-0.3609,0.0001,-22.2448,loss_of_function,-3.6868791817063,0.9380262468604218,Pathogenic,0.999,pathogenic,https://doi.org/10.1101/2022.10.22.513328
F1330C,5.30959,4.87687,4.448334965034535,Destabilizing,Destabilizing,0.0,,,0.778,COSMIC,,False,0.0,,,,neutral,neutral,neutral,DOWN,neutral,neutral,neutral,,,,-0.4175,0.0001,-22.2448,loss_of_function,-5.25147005281297,0.9150334496730868,Pathogenic,0.998,pathogenic,https://doi.org/10.1101/2022.10.22.513328
V1332L,0.18973,2.29592,0.928940741748068,Uncertain,Neutral,0.0,,,0.219,COSMIC,,False,0.0,,,,neutral,neutral,neutral,UP,neutral,neutral,neutral,,,,-0.3497,0.021,-22.2448,loss_of_function,-3.15744837392464,0.9005315792590389,Pathogenic,0.8289,pathogenic,https://doi.org/10.1101/2022.10.22.513328
H1337Q,0.47916,0.24592,0.9910082128714378,Neutral,Neutral,95.1,,,,clinvar,,False,95.1,,,,neutral,neutral,neutral,DOWN,neutral,neutral,neutral,1518890,Uncertain significance,1,-0.1657,0.1533,-5.4977,loss_of_function,-0.6418188461386,0.5209958355822089,Uncertain,0.1304,benign,https://doi.org/10.1101/2022.10.22.513328
H1337R,-0.06903,0.4119,0.6335523571087861,Neutral,Neutral,95.1,,,0.067,"cBioPortal,COSMIC",,False,95.1,,,,neutral,neutral,neutral,UP,neutral,neutral,neutral,,,,-0.3193,0.1533,-22.2448,loss_of_function,-2.53123578306238,0.8988861435181377,Pathogenic,0.2933,benign,https://doi.org/10.1101/2022.10.22.513328
P1339L,0.44042,-1.57857,-1.1726343310247545,Neutral,Neutral,65.3,,,,clinvar,,False,65.3,,,,neutral,neutral,neutral,UP,neutral,neutral,neutral,190570,Conflicting interpretations of pathogenicity,1,-0.3745,0.021,-22.2448,loss_of_function,-3.8491822398596,0.8360743000299625,Pathogenic,0.8137,pathogenic,https://doi.org/10.1101/2022.10.22.513328
I1340T,0.6698,1.53673,0.9889668212940588,Neutral,Neutral,60.0,,,,clinvar,,False,60.0,,,,neutral,neutral,neutral,DOWN,neutral,neutral,neutral,1737082,Uncertain significance,1,-0.3837,0.0001,-22.2448,loss_of_function,-2.47496672988209,0.8722060013493766,Pathogenic,0.6442,pathogenic,https://doi.org/10.1101/2022.10.22.513328
I1340V,0.23986,0.59524,0.2430625999186803,Neutral,Neutral,60.0,,,0.112,"cBioPortal,COSMIC,clinvar",,False,60.0,,,,neutral,neutral,neutral,DOWN,neutral,neutral,neutral,1064163,Uncertain significance,1,-0.2716,0.0001,-22.2448,loss_of_function,-1.7226794778396,0.7914920497453626,Pathogenic,0.0881,benign,https://doi.org/10.1101/2022.10.22.513328
E1341K,-1.37558,-0.05918,0.1432071532273493,Neutral,Neutral,49.3,,,0.627,"cBioPortal,COSMIC",,False,49.3,,,,neutral,neutral,neutral,UP,neutral,neutral,neutral,,,,-0.3427,0.0001,-22.2448,loss_of_function,-3.85107803872951,0.9312005885932024,Pathogenic,0.9869,pathogenic,https://doi.org/10.1101/2022.10.22.513328
R1343S,1.58862,-0.02721,1.2466132800709298,Neutral,Neutral,45.5,,,0.330,cBioPortal,,False,45.5,,,,neutral,neutral,neutral,DOWN,neutral,neutral,neutral,,,,-0.4104,0.0001,-22.2448,loss_of_function,-3.75157900875873,0.9297905040744222,Pathogenic,0.9913,pathogenic,https://doi.org/10.1101/2022.10.22.513328
F1347L,0.75749,0.85884,1.970286769974004,Neutral,Neutral,1.1,,,0.355,cBioPortal,,False,1.1,,,,neutral,neutral,neutral,DOWN,neutral,neutral,neutral,,,,-0.3554,0.0001,-22.2448,loss_of_function,-5.25147005281297,0.8937873646543807,Pathogenic,0.9996,pathogenic,https://doi.org/10.1101/2022.10.22.513328
C1348F,9.48185,3.32891,1.3194771487464334,Destabilizing,Uncertain,0.0,,,0.633,cBioPortal,,False,0.0,,,,neutral,neutral,neutral,UP,neutral,neutral,neutral,,,,-0.4865,0.0001,-22.2448,loss_of_function,-5.25147005281297,0.9340236833824254,Pathogenic,0.9951,pathogenic,https://doi.org/10.1101/2022.10.22.513328
M1349V,2.59507,0.48061,0.5222766694096683,Uncertain,Uncertain,9.3,,,,clinvar,,False,9.3,,,,neutral,neutral,neutral,DOWN,neutral,neutral,neutral,496110,Uncertain significance,2,-0.3511,0.0001,-22.2448,loss_of_function,-2.21168897965429,0.0488871258715216,Benign,0.8296,pathogenic,https://doi.org/10.1101/2022.10.22.513328
D1352E,-0.53617,0.34864,0.175185686279502,Neutral,Neutral,43.3,,,,clinvar,,False,43.3,,,,neutral,neutral,neutral,UP,neutral,neutral,neutral,1737415,Uncertain significance,1,-0.2936,0.0001,-22.2448,loss_of_function,-3.15744837392464,0.932257219864841,Pathogenic,0.9886,pathogenic,https://doi.org/10.1101/2022.10.22.513328
D1352G,0.45793,1.22007,1.881798539129076,Neutral,Neutral,43.3,,,,clinvar,,False,43.3,,,,neutral,neutral,neutral,DOWN,neutral,neutral,neutral,1217283,Uncertain significance,2,-0.3599,0.0001,-22.2448,loss_of_function,-5.25147005281297,0.8700054156482664,Pathogenic,0.9971,pathogenic,https://doi.org/10.1101/2022.10.22.513328
D1352N,-0.28751,0.14592,0.4307519749856414,Neutral,Neutral,43.3,,,0.377,COSMIC,,False,43.3,,,,neutral,neutral,neutral,-,uncertain,uncertain,uncertain,,,,-0.3154,0.0001,-22.2448,loss_of_function,-3.15744837392464,0.8926353102415954,Pathogenic,0.9732,pathogenic,https://doi.org/10.1101/2022.10.22.513328
V1354M,-0.63257,1.29422,-0.3903240570008826,Neutral,Neutral,22.0,,,0.166,"cBioPortal,COSMIC",,False,22.0,,,,neutral,neutral,neutral,UP,neutral,neutral,neutral,,,,-0.3607,0.0001,-22.2448,loss_of_function,-2.12497145385617,0.9236943323101112,Pathogenic,0.3512,ambiguous,https://doi.org/10.1101/2022.10.22.513328
D1355G,0.81091,0.92925,1.4590108262813208,Neutral,Neutral,71.9,,,,clinvar,,False,71.9,,,,neutral,neutral,neutral,DOWN,neutral,neutral,neutral,1022154,Uncertain significance,1,-0.3599,0.0001,-22.2448,loss_of_function,-5.25147005281297,0.9382267499517996,Pathogenic,0.9868,pathogenic,https://doi.org/10.1101/2022.10.22.513328
K1356N,0.5933,-0.00272,-0.1671165481386471,Neutral,Neutral,78.1,,,0.373,COSMIC,,False,78.1,,,,neutral,neutral,neutral,DOWN,neutral,neutral,neutral,,,,-0.3408,0.0001,-22.2448,loss_of_function,-5.25147005281297,0.890045930361362,Pathogenic,0.9975,pathogenic,https://doi.org/10.1101/2022.10.22.513328
L1358V,0.45952,0.0602,0.2537382867224924,Neutral,Neutral,81.2,,,0.360,COSMIC,,False,81.2,,,,neutral,neutral,neutral,DOWN,neutral,neutral,neutral,,,,-0.3299,0.0001,-22.2448,loss_of_function,-3.15744837392464,0.9228932048944848,Pathogenic,0.8837,pathogenic,https://doi.org/10.1101/2022.10.22.513328
N1363D,0.35953,0.44694,0.1173313345868859,Neutral,Neutral,87.8,,,0.162,"cBioPortal,COSMIC",,True,87.8,,,,neutral,neutral,neutral,-,uncertain,uncertain,uncertain,,,,-0.3287,0.0379,-22.2448,loss_of_function,-1.77182433545027,0.8748350149710822,Pathogenic,0.7866,pathogenic,https://doi.org/10.1101/2022.10.22.513328
F1364V,2.72615,1.42279,2.3700481087237737,Uncertain,Uncertain,4.1,,,0.757,"cBioPortal,COSMIC",,True,4.1,,,,neutral,neutral,neutral,DOWN,neutral,neutral,neutral,,,,-0.3876,0.0001,-22.2448,loss_of_function,-3.11109816765132,0.7170836487091453,Pathogenic,0.9925,pathogenic,https://doi.org/10.1101/2022.10.22.513328
E1366K,0.36105,1.76599,1.4324493662513027,Neutral,Neutral,25.5,,,0.625,"cBioPortal,COSMIC",,True,25.5,,,,neutral,neutral,neutral,UP,neutral,neutral,neutral,,,,-0.3427,0.0001,-22.2448,loss_of_function,-3.85107803872951,0.8730368860854778,Pathogenic,0.9705,pathogenic,https://doi.org/10.1101/2022.10.22.513328
A1368V,2.03753,1.44694,0.4562238385689238,Uncertain,Uncertain,19.9,,,0.630,cBioPortal,,True,19.9,,,,neutral,neutral,neutral,UP,neutral,neutral,neutral,,,,-0.3083,0.0001,-22.2448,loss_of_function,-5.25147005281297,0.8906929285824615,Pathogenic,0.9805,pathogenic,https://doi.org/10.1101/2022.10.22.513328
R1369I,0.47418,1.70204,0.7316310312452003,Neutral,Neutral,55.4,,,0.545,cBioPortal,,False,55.4,,,,neutral,neutral,neutral,DOWN,neutral,neutral,neutral,,,,-0.4393,0.0001,-22.2448,loss_of_function,-3.53425381240278,0.9357363563816818,Pathogenic,0.9813,pathogenic,https://doi.org/10.1101/2022.10.22.513328
S1370I,3.94609,1.9619,-0.3138743186207271,Uncertain,Uncertain,3.5,,,0.714,cBioPortal,,False,3.5,,,,uncertain,,,UP,neutral,neutral,neutral,,,,-0.3617,0.0001,-22.2448,loss_of_function,-5.25147005281297,0.9307428145968628,Pathogenic,0.9907,pathogenic,https://doi.org/10.1101/2022.10.22.513328
R1371K,1.24532,-0.01837,0.0368557485649062,Neutral,Neutral,96.3,,,0.254,cBioPortal,,False,96.3,,,,neutral,neutral,neutral,-,uncertain,uncertain,uncertain,,,,-0.3001,0.0001,-22.2448,loss_of_function,-3.15744837392464,0.6984680384315862,Pathogenic,0.6187,pathogenic,https://doi.org/10.1101/2022.10.22.513328
R1371M,1.38763,0.18435,0.2296459211849338,Neutral,Neutral,96.3,,,,clinvar,,False,96.3,,,,neutral,neutral,neutral,DOWN,neutral,neutral,mixed_effects,2246267,Uncertain significance,1,-0.3782,0.0001,-22.2448,loss_of_function,-5.25147005281297,0.9177917572332068,Pathogenic,0.9947,pathogenic,https://doi.org/10.1101/2022.10.22.513328
D1372N,0.11932,1.96667,1.1098938705162589,Neutral,Neutral,25.9,,,,clinvar,,True,25.9,,,,neutral,neutral,neutral,-,uncertain,uncertain,uncertain,1737948,Uncertain significance,1,-0.3154,0.0001,-22.2448,loss_of_function,-3.15744837392464,0.9054888409671152,Pathogenic,0.9665,pathogenic,https://doi.org/10.1101/2022.10.22.513328
G1378R,1.87199,1.26973,-0.3480962739484827,Neutral,Neutral,45.9,,,0.753,COSMIC,,False,45.9,,,,neutral,neutral,neutral,UP,neutral,neutral,stabilizing,,,,-0.4602,0.0001,-22.2448,loss_of_function,-5.08571566285113,0.92637354105695,Pathogenic,0.9985,pathogenic,https://doi.org/10.1101/2022.10.22.513328
G1378V,3.59863,4.72109,0.3990199980800935,Destabilizing,Uncertain,45.9,,,0.712,cBioPortal,,False,45.9,,,,neutral,neutral,neutral,UP,neutral,neutral,stabilizing,,,,-0.4705,0.0001,-22.2448,loss_of_function,-5.08571566285113,0.8858800615290856,Pathogenic,0.9952,pathogenic,https://doi.org/10.1101/2022.10.22.513328
K1379N,0.96747,2.19796,0.441844687206353,Uncertain,Neutral,25.7,,,0.229,cBioPortal,,False,25.7,,,,neutral,neutral,neutral,DOWN,neutral,neutral,neutral,,,,-0.3408,0.0001,-22.2448,loss_of_function,-5.25147005281297,0.9229125850162077,Pathogenic,0.9839,pathogenic,https://doi.org/10.1101/2022.10.22.513328
V1383F,6.62242,3.98197,2.9545415632112686,Destabilizing,Uncertain,0.5,,3.9804163516e-06,0.594,"cBioPortal,COSMIC",,True,0.5,,,,neutral,neutral,neutral,UP,neutral,neutral,neutral,,,,-0.4262,0.021,-22.2448,loss_of_function,-3.35775812467738,0.573959439488329,Uncertain,0.9509,pathogenic,https://doi.org/10.1101/2022.10.22.513328
V1383I,0.73202,0.86769,0.1827344536032582,Neutral,Neutral,0.5,,3.9804163516e-06,0.304,"cBioPortal,clinvar",,True,0.5,,,,neutral,neutral,neutral,UP,neutral,neutral,neutral,1385728,Uncertain significance,1,-0.2846,0.021,-22.2448,loss_of_function,-1.73243340840991,0.3005868993145307,Benign,0.202,benign,https://doi.org/10.1101/2022.10.22.513328
V1383L,0.63995,1.41361,0.8625787403310983,Neutral,Neutral,0.5,,,,clinvar,,True,0.5,,,,neutral,neutral,neutral,UP,neutral,neutral,neutral,1381989,Uncertain significance,2,-0.3497,0.021,-22.2448,loss_of_function,-1.92837344920271,0.6557688095685769,Uncertain,0.8396,pathogenic,https://doi.org/10.1101/2022.10.22.513328
F1386L,0.34656,0.37959,0.1874958090107309,Neutral,Neutral,46.8,,,0.194,"COSMIC,clinvar",,False,46.8,,,,neutral,neutral,neutral,DOWN,neutral,neutral,neutral,1738298,Uncertain significance,2,-0.3554,0.0001,-22.2448,loss_of_function,-3.3448397485547,0.9019157243432996,Pathogenic,0.9952,pathogenic,https://doi.org/10.1101/2022.10.22.513328
G1387C,4.28257,5.06156,2.1110639322596527,Destabilizing,Uncertain,100.4,,,0.732,cBioPortal,,False,100.4,,,,neutral,neutral,neutral,UP,neutral,neutral,neutral,,,,-0.4434,0.0001,-22.2448,loss_of_function,-5.25147005281297,0.936469104603495,Pathogenic,0.996,pathogenic,https://doi.org/10.1101/2022.10.22.513328
G1387S,4.87415,2.08095,1.5236588144609078,Uncertain,Uncertain,100.4,,3.9802896059e-06,0.708,"cBioPortal,COSMIC",,False,100.4,,,,neutral,neutral,neutral,UP,neutral,neutral,neutral,,,,-0.3896,0.0001,-22.2448,loss_of_function,-5.25147005281297,0.929282354897668,Pathogenic,0.9749,pathogenic,https://doi.org/10.1101/2022.10.22.513328
L1389F,9.0959,3.11667,2.239126015974348,Destabilizing,Uncertain,0.0,,,0.361,"cBioPortal,COSMIC",,False,0.0,,,,neutral,neutral,neutral,UP,neutral,neutral,neutral,,,,-0.353,0.0001,-22.2448,loss_of_function,-5.25147005281297,0.9222644157418004,Pathogenic,0.9802,pathogenic,https://doi.org/10.1101/2022.10.22.513328
V1390I,-0.25711,0.18095,-0.1981448504367711,Neutral,Neutral,45.1,,,,clinvar,,False,45.1,,,,neutral,neutral,neutral,UP,neutral,neutral,neutral,1316003,Uncertain significance,1,-0.2865,0.0001,-22.2448,loss_of_function,-3.15744837392464,0.9381864669277332,Pathogenic,0.229,benign,https://doi.org/10.1101/2022.10.22.513328
P1391S,1.89429,0.97551,1.8054924592468649,Neutral,Neutral,19.3,,,0.754,cBioPortal,,False,19.3,,,,neutral,neutral,neutral,DOWN,neutral,neutral,neutral,,,,-0.3274,0.0001,-22.2448,loss_of_function,-5.25147005281297,0.9323564782312634,Pathogenic,0.9588,pathogenic,https://doi.org/10.1101/2022.10.22.513328
P1391T,1.84927,0.41497,0.542673856422588,Neutral,Neutral,19.3,,,0.666,"cBioPortal,COSMIC",,False,19.3,,,,neutral,neutral,neutral,-,uncertain,uncertain,uncertain,,,,-0.3395,0.0001,-22.2448,loss_of_function,-5.25147005281297,0.9293520457092992,Pathogenic,0.968,pathogenic,https://doi.org/10.1101/2022.10.22.513328
L1392F,2.31346,2.17143,0.5665176107815764,Uncertain,Uncertain,32.7,,,,clinvar,,False,32.7,,,,neutral,neutral,neutral,UP,neutral,neutral,neutral,1738449,Uncertain significance,1,-0.353,0.0001,-22.2448,loss_of_function,-3.35775812467738,0.91018837533913,Pathogenic,0.9514,pathogenic,https://doi.org/10.1101/2022.10.22.513328
K1394E,-0.38673,0.12993,-0.2352358393490539,Neutral,Neutral,102.2,,,,clinvar,,False,102.2,,,,neutral,neutral,neutral,DOWN,neutral,neutral,mixed_effects,1738499,Uncertain significance,1,-0.3474,0.0001,-22.2448,loss_of_function,-5.25147005281297,0.9376218742817974,Pathogenic,0.9928,pathogenic,https://doi.org/10.1101/2022.10.22.513328
K1394T,0.13127,-0.14626,-0.1441917521276908,Neutral,Neutral,102.2,,,0.707,"cBioPortal,COSMIC,clinvar",,False,102.2,,,,neutral,neutral,neutral,DOWN,neutral,neutral,mixed_effects,664588,Uncertain significance,1,-0.3445,0.0001,-22.2448,loss_of_function,-5.25147005281297,0.9309675777637728,Pathogenic,0.9845,pathogenic,https://doi.org/10.1101/2022.10.22.513328
G1396C,2.41055,2.47789,2.1399399183996013,Uncertain,Uncertain,120.2,,,0.681,"cBioPortal,COSMIC",,False,120.2,,,,neutral,neutral,neutral,UP,neutral,neutral,neutral,,,,-0.4434,0.0001,-22.2448,loss_of_function,-5.25147005281297,0.9380596351415162,Pathogenic,0.9753,pathogenic,https://doi.org/10.1101/2022.10.22.513328
G1396D,3.95788,0.70986,1.0155240602270323,Uncertain,Uncertain,120.2,,,0.615,"cBioPortal,COSMIC",,False,120.2,,,,neutral,neutral,neutral,UP,neutral,neutral,neutral,,,,-0.444,0.0001,-22.2448,loss_of_function,-5.25147005281297,0.9235249357138632,Pathogenic,0.9977,pathogenic,https://doi.org/10.1101/2022.10.22.513328
Q1397H,0.08739,1.56054,-0.3588153164309648,Neutral,Neutral,74.8,,,0.373,"cBioPortal,COSMIC",,False,74.8,,,,neutral,neutral,neutral,UP,neutral,neutral,neutral,,,,-0.301,0.0001,-22.2448,loss_of_function,-3.11109816765132,0.742113695948788,Pathogenic,0.8708,pathogenic,https://doi.org/10.1101/2022.10.22.513328
H1398Y,-1.43726,-0.62857,-0.2271847219592598,Neutral,Neutral,62.6,,,,clinvar,,False,62.6,,,,neutral,neutral,neutral,UP,neutral,neutral,neutral,1211731,Uncertain significance,1,-0.2689,0.0001,-22.2448,loss_of_function,-2.12497145385617,0.9036686865968268,Pathogenic,0.6895,pathogenic,https://doi.org/10.1101/2022.10.22.513328
S1402R,-1.78146,-1.19796,-1.0276977653316277,Neutral,Neutral,39.6,,,0.329,"COSMIC,clinvar",P,False,39.6,-0.208,,,damaging,neutral,uncertain,UP,neutral,neutral,stabilizing,1738691,Uncertain significance,1,-0.3744,0.0001,-22.2448,loss_of_function,-3.0994009870118,0.9377714207676252,Pathogenic,0.9921,pathogenic,https://doi.org/10.1101/2022.10.22.513328
F1403C,5.02987,4.29286,4.484208718981237,Destabilizing,Destabilizing,0.3,,,0.776,"cBioPortal,COSMIC",,False,0.3,,,,neutral,neutral,neutral,DOWN,neutral,neutral,neutral,,,,-0.4175,0.0001,-22.2448,loss_of_function,-5.25147005281297,0.929268387521522,Pathogenic,0.9808,pathogenic,https://doi.org/10.1101/2022.10.22.513328
F1403L,4.01952,3.21905,2.422142532934871,Destabilizing,Uncertain,0.3,,,,clinvar,,False,0.3,,,,neutral,neutral,neutral,DOWN,neutral,neutral,neutral,1738705,Uncertain significance,1,-0.3554,0.0001,-22.2448,loss_of_function,-5.25147005281297,0.9362011911245992,Pathogenic,0.9976,pathogenic,https://doi.org/10.1101/2022.10.22.513328
K1407E,0.60773,0.12959,0.8332941654202713,Neutral,Neutral,52.1,,,0.336,"cBioPortal,COSMIC",,False,52.1,,,,neutral,neutral,neutral,DOWN,neutral,neutral,neutral,,,,-0.3474,0.0001,-22.2448,loss_of_function,-3.53425381240278,0.9000616138941867,Pathogenic,0.9894,pathogenic,https://doi.org/10.1101/2022.10.22.513328
K1407R,0.2695,-0.38605,0.2879802184576024,Neutral,Neutral,52.1,,,,clinvar,,False,52.1,,,,neutral,neutral,neutral,-,uncertain,uncertain,uncertain,191403,Uncertain significance,2,-0.2561,0.0001,-22.2448,loss_of_function,-1.82349625883042,0.3817688698238726,Uncertain,0.1995,benign,https://doi.org/10.1101/2022.10.22.513328
E1408K,-0.65817,-0.38878,0.6547689072256249,Neutral,Neutral,62.9,,,0.600,"cBioPortal,COSMIC",,False,62.9,,,,neutral,neutral,neutral,UP,neutral,neutral,stabilizing,,,,-0.3427,0.0001,-22.2448,loss_of_function,-5.25147005281297,0.9061010743598096,Pathogenic,0.9923,pathogenic,https://doi.org/10.1101/2022.10.22.513328
N1409K,6.97161,3.06769,4.343643626348004,Destabilizing,Destabilizing,6.8,,,0.371,COSMIC,,False,6.8,,,,neutral,neutral,neutral,UP,neutral,neutral,stabilizing,,,,-0.3321,0.0001,-22.2448,loss_of_function,-5.25147005281297,0.935174825940098,Pathogenic,0.9967,pathogenic,https://doi.org/10.1101/2022.10.22.513328
R1410G,1.96576,1.93707,2.695042684158787,Neutral,Uncertain,29.4,,,,clinvar,,False,29.4,,,,neutral,neutral,neutral,DOWN,neutral,neutral,neutral,1317081,Uncertain significance,1,-0.4453,0.0001,-22.2448,loss_of_function,-5.25147005281297,0.9347364083473084,Pathogenic,0.9956,pathogenic,https://doi.org/10.1101/2022.10.22.513328
R1410I,-0.44396,-0.15306,0.1983358435373017,Neutral,Neutral,29.4,,,0.696,cBioPortal,,False,29.4,,,,neutral,neutral,neutral,DOWN,neutral,neutral,neutral,,,,-0.4393,0.0001,-22.2448,loss_of_function,-5.25147005281297,0.9354521884556796,Pathogenic,0.9953,pathogenic,https://doi.org/10.1101/2022.10.22.513328
R1410K,-0.84574,0.24728,1.3076523921718437,Neutral,Neutral,29.4,,,,clinvar,,False,29.4,,,,neutral,neutral,neutral,-,uncertain,uncertain,uncertain,1203543,Uncertain significance,1,-0.3001,0.0001,-22.2448,loss_of_function,-3.15744837392464,0.6190375089443776,Uncertain,0.8873,pathogenic,https://doi.org/10.1101/2022.10.22.513328
L1411F,4.41159,3.32449,1.6301112532388284,Destabilizing,Uncertain,10.2,,,0.529,cBioPortal,,False,10.2,,,,neutral,neutral,neutral,UP,neutral,neutral,neutral,,,,-0.353,0.0001,-22.2448,loss_of_function,-3.85107803872951,0.9174390413017494,Pathogenic,0.9613,pathogenic,https://doi.org/10.1101/2022.10.22.513328
L1413V,1.28865,0.63571,1.570564145071534,Neutral,Neutral,2.3,,,0.236,cBioPortal,,False,2.3,,,,neutral,neutral,neutral,DOWN,neutral,neutral,neutral,,,,-0.3299,0.0001,-22.2448,loss_of_function,-2.12497145385617,0.9253213950724178,Pathogenic,0.4598,ambiguous,https://doi.org/10.1101/2022.10.22.513328
V1417I,-0.60261,0.52347,0.1526925326821532,Neutral,Neutral,3.3,,,,clinvar,,False,3.3,,,,neutral,neutral,neutral,UP,neutral,neutral,neutral,457036,Uncertain significance,2,-0.2865,0.0001,-22.2419,loss_of_function,-2.21168897965429,0.622569208992966,Uncertain,0.1116,benign,https://doi.org/10.1101/2022.10.22.513328
R1418C,0.78266,1.9398,1.3604566327877747,Neutral,Neutral,78.0,,1.99087383434e-05,0.436,"cBioPortal,COSMIC,clinvar",,True,78.0,,,,neutral,neutral,neutral,DOWN,neutral,neutral,neutral,652867,Uncertain significance,2,-0.4187,0.0001,-22.2419,loss_of_function,-3.53425381240278,0.9007828513677916,Pathogenic,0.9602,pathogenic,https://doi.org/10.1101/2022.10.22.513328
R1418H,0.72907,1.47109,0.423098230920465,Neutral,Neutral,78.0,,7.9633050901e-06,0.478,"cBioPortal,COSMIC",,True,78.0,,,,neutral,neutral,neutral,DOWN,neutral,neutral,neutral,,,,-0.3796,0.0001,-22.2419,loss_of_function,-3.53425381240278,0.9381450311467588,Pathogenic,0.9348,pathogenic,https://doi.org/10.1101/2022.10.22.513328
D1419E,1.99591,2.20136,0.7342566351571586,Uncertain,Neutral,45.5,,,0.415,cBioPortal,,True,45.5,,,,neutral,neutral,neutral,UP,neutral,neutral,neutral,,,,-0.2936,0.0001,-22.2419,loss_of_function,-2.31546214087807,0.9378106255940496,Pathogenic,0.9746,pathogenic,https://doi.org/10.1101/2022.10.22.513328
D1419N,1.26807,0.4949,0.3356827133009143,Neutral,Neutral,45.5,,3.9813989043e-06,0.401,"COSMIC,clinvar",,True,45.5,,,,neutral,neutral,neutral,-,uncertain,uncertain,uncertain,691706,Uncertain significance,1,-0.3154,0.0001,-22.2419,loss_of_function,-2.31546214087807,0.931321484323448,Pathogenic,0.9266,pathogenic,https://doi.org/10.1101/2022.10.22.513328
T1420M,-1.33445,0.16837,0.0183323624022974,Neutral,Neutral,63.3,9.55535737037e-05,0.0001234302459845,0.173,"cBioPortal,COSMIC,clinvar",,True,63.3,,,,uncertain,,,UP,neutral,neutral,neutral,1444516,Conflicting interpretations of pathogenicity,1,-0.333,0.3756,-22.2419,loss_of_function,-3.14596517496549,0.8017071098175335,Pathogenic,0.1818,benign,https://doi.org/10.1101/2022.10.22.513328
P1424S,2.17753,2.7966,1.4898524987740591,Uncertain,Uncertain,35.5,,3.9813354992e-06,0.453,"cBioPortal,COSMIC",,True,35.5,,,,neutral,neutral,neutral,DOWN,neutral,neutral,neutral,,,,-0.2557,0.042,-8.9541,loss_of_function,-3.21789203239607,0.8712539885445748,Pathogenic,0.4162,ambiguous,https://doi.org/10.1101/2022.10.22.513328
G1426R,11.78931,14.95136,8.034096889185848,Destabilizing,Destabilizing,4.8,,,0.547,COSMIC,,False,4.8,,,,neutral,neutral,neutral,UP,neutral,neutral,neutral,,,,-0.4602,0.0001,-22.2419,loss_of_function,-3.8491822398596,0.8939094685714897,Pathogenic,0.9995,pathogenic,https://doi.org/10.1101/2022.10.22.513328
G1426V,5.92412,12.55952,5.94094585428303,Destabilizing,Destabilizing,4.8,,,0.538,COSMIC,,False,4.8,,,,neutral,neutral,neutral,UP,neutral,neutral,neutral,,,,-0.4705,0.0001,-22.2419,loss_of_function,-3.8491822398596,0.927697780358842,Pathogenic,0.9971,pathogenic,https://doi.org/10.1101/2022.10.22.513328
R1427Q,0.79247,0.08605,1.1593783399388506,Neutral,Neutral,47.7,,,0.440,"cBioPortal,COSMIC",,True,47.7,,,,neutral,neutral,neutral,DOWN,neutral,neutral,neutral,,,,-0.3846,0.0001,-22.2419,loss_of_function,-5.25147005281297,0.9120317992760544,Pathogenic,0.8932,pathogenic,https://doi.org/10.1101/2022.10.22.513328
K1432N,0.56348,1.36531,0.5417010771082966,Neutral,Neutral,51.5,,,0.226,COSMIC,,False,51.5,,,,neutral,neutral,neutral,DOWN,neutral,neutral,neutral,,,,-0.3408,0.0001,-22.2419,loss_of_function,-3.60441808170345,0.9345521881227684,Pathogenic,0.9902,pathogenic,https://doi.org/10.1101/2022.10.22.513328
K1432R,-1.04857,0.70408,0.0784543783144797,Neutral,Neutral,51.5,,,,clinvar,,False,51.5,,,,neutral,neutral,neutral,-,uncertain,uncertain,uncertain,1004781,Uncertain significance,1,-0.2561,0.0001,-22.2419,loss_of_function,-2.06055016429411,0.4932954171550498,Uncertain,0.139,benign,https://doi.org/10.1101/2022.10.22.513328
E1433D,0.18749,1.64286,0.5392230386156532,Neutral,Neutral,44.0,,,,clinvar,,False,44.0,,,,neutral,neutral,neutral,DOWN,neutral,neutral,destabilizing,1483195,Uncertain significance,2,-0.2864,0.0001,-22.2419,loss_of_function,-2.21168897965429,0.6515700150827504,Uncertain,0.5448,ambiguous,https://doi.org/10.1101/2022.10.22.513328
P1434T,1.44252,1.01497,-0.1529098342171242,Neutral,Neutral,36.8,,,0.336,"cBioPortal,COSMIC",,False,36.8,,,,neutral,neutral,neutral,-,uncertain,uncertain,uncertain,,,,-0.3395,0.0001,-22.2419,loss_of_function,-5.25147005281297,0.9376804547530528,Pathogenic,0.8348,pathogenic,https://doi.org/10.1101/2022.10.22.513328
S1436F,-0.30923,0.28231,-0.1381866388377944,Neutral,Neutral,71.6,,,0.205,"cBioPortal,COSMIC",,True,71.6,,,,uncertain,,,UP,neutral,neutral,neutral,,,,-0.3566,0.021,-22.2419,loss_of_function,-3.19280157816585,0.832833491466914,Pathogenic,0.775,pathogenic,https://doi.org/10.1101/2022.10.22.513328
T1437M,-0.45626,-0.59864,0.1183093211172325,Neutral,Neutral,107.6,0.0003184713375796,0.0001393467424713,0.199,"cBioPortal,clinvar",,True,107.6,,,,uncertain,,,UP,neutral,neutral,neutral,190571,Conflicting interpretations of pathogenicity,1,-0.357,0.1154,-22.2419,loss_of_function,-3.1095666441841,0.8959462766500831,Pathogenic,0.16,benign,https://doi.org/10.1101/2022.10.22.513328
R1438G,0.2351,0.69966,1.0873334658050842,Neutral,Neutral,101.0,,,0.284,cBioPortal,,True,101.0,,,,neutral,neutral,neutral,DOWN,neutral,neutral,neutral,,,,-0.4452,0.0001,-22.2419,loss_of_function,-3.53425381240278,0.8971106948067297,Pathogenic,0.9573,pathogenic,https://doi.org/10.1101/2022.10.22.513328
G1439C,0.36661,2.29048,1.2168737359580442,Uncertain,Neutral,66.0,0.0002547446185199,0.0002826073111706,0.268,"COSMIC,clinvar",,True,66.0,,,,neutral,neutral,neutral,UP,neutral,neutral,neutral,67606,Conflicting interpretations of pathogenicity,1,-0.4434,0.0001,-22.2419,loss_of_function,-5.25147005281297,0.9331780598674136,Pathogenic,0.6678,pathogenic,https://doi.org/10.1101/2022.10.22.513328
G1439V,1.92633,4.6534,1.0387020060123204,Uncertain,Neutral,66.0,,,,clinvar,,True,66.0,,,,neutral,neutral,neutral,UP,neutral,neutral,neutral,934976,Uncertain significance,1,-0.4705,0.0001,-22.2419,loss_of_function,-5.25147005281297,0.938103767500838,Pathogenic,0.6321,pathogenic,https://doi.org/10.1101/2022.10.22.513328
L1440R,-0.02687,0.35884,0.4701203938949966,Neutral,Neutral,108.9,,,,clinvar,,True,108.9,,,,neutral,neutral,neutral,UP,neutral,neutral,stabilizing,901461,Uncertain significance,1,-0.4997,0.0001,-22.2419,loss_of_function,-3.52065640056835,0.9230478900549663,Pathogenic,0.8802,pathogenic,https://doi.org/10.1101/2022.10.22.513328
Q1443R,-0.09904,0.42211,-0.23261494482891,Neutral,Neutral,107.2,,,0.114,COSMIC,,False,107.2,,,,neutral,neutral,neutral,UP,neutral,neutral,neutral,,,,-0.3281,0.038,-22.2419,loss_of_function,-3.8491822398596,0.9033639760159928,Pathogenic,0.3295,benign,https://doi.org/10.1101/2022.10.22.513328
C1446F,5.74476,0.66429,-0.8311045732995392,Uncertain,Uncertain,14.5,,,0.545,COSMIC,,False,14.5,,,,neutral,neutral,neutral,UP,neutral,neutral,neutral,,,,-0.4865,0.0001,-22.2419,loss_of_function,-3.85107803872951,0.8928012920751197,Pathogenic,0.9913,pathogenic,https://doi.org/10.1101/2022.10.22.513328
N1447S,0.44492,1.00544,0.7290206283419778,Neutral,Neutral,44.8,,,0.352,"cBioPortal,COSMIC",,False,44.8,,,,neutral,neutral,neutral,DOWN,neutral,neutral,neutral,,,,-0.2988,0.0001,-22.2419,loss_of_function,-3.3448397485547,0.8636586547540406,Pathogenic,0.3788,ambiguous,https://doi.org/10.1101/2022.10.22.513328
N1447Y,0.62274,-0.66803,-0.4887417884614997,Neutral,Neutral,44.8,,,,clinvar,,False,44.8,,,,neutral,neutral,neutral,UP,neutral,neutral,neutral,1806510,Uncertain significance,1,-0.3696,0.0001,-22.2419,loss_of_function,-3.3448397485547,0.9314768678945352,Pathogenic,0.8785,pathogenic,https://doi.org/10.1101/2022.10.22.513328
N1449S,0.76673,1.22891,0.3617283138560645,Neutral,Neutral,94.6,,,0.402,cBioPortal,,True,94.6,,,,neutral,neutral,neutral,DOWN,neutral,neutral,neutral,,,,-0.2988,0.0001,-22.2419,loss_of_function,-4.75959682472581,0.9299649356423918,Pathogenic,0.517,ambiguous,https://doi.org/10.1101/2022.10.22.513328
T1451A,0.69589,0.94252,0.303739882834268,Neutral,Neutral,50.5,,,,clinvar,,True,50.5,,,,uncertain,,,DOWN,neutral,neutral,neutral,440994,not provided,0,-0.3209,0.021,-22.2419,loss_of_function,-2.01885335423666,0.8741315160112058,Pathogenic,0.1882,benign,https://doi.org/10.1101/2022.10.22.513328
P1453T,2.90375,1.87143,-0.2269099188925988,Uncertain,Uncertain,30.0,,,0.651,COSMIC,,True,30.0,,,,neutral,neutral,neutral,-,uncertain,uncertain,uncertain,,,,-0.3395,0.0001,-22.2419,loss_of_function,-4.75959682472581,0.8985133149626703,Pathogenic,0.975,pathogenic,https://doi.org/10.1101/2022.10.22.513328
Y1455F,-0.309,0.28707,-0.048806509979587,Neutral,Neutral,50.4,,,,clinvar,P,True,50.4,-0.317,,,damaging,neutral,potentially_damaging,-,uncertain,uncertain,uncertain,1740040,Uncertain significance,1,-0.2896,0.0001,-22.2419,loss_of_function,-1.67309970998458,0.1714407661502936,Benign,0.1703,benign,https://doi.org/10.1101/2022.10.22.513328
T1456K,-0.37499,-0.29932,-0.1871659188388919,Neutral,Neutral,106.8,,,,clinvar,,True,106.8,,,,uncertain,,,UP,neutral,neutral,neutral,190604,Uncertain significance,1,-0.3353,0.7678,-22.2419,loss_of_function,-1.22752644437185,0.000826858011058,Benign,0.2033,benign,https://doi.org/10.1101/2022.10.22.513328
T1456S,-0.17058,-0.30136,0.0642750111634488,Neutral,Neutral,106.8,,,0.019,COSMIC,,True,106.8,,,,neutral,,,DOWN,neutral,neutral,mixed_effects,,,,-0.2159,0.7678,-22.2419,loss_of_function,-0.744131428069567,0.0051572580688232,Benign,0.0763,benign,https://doi.org/10.1101/2022.10.22.513328
P3562L,1.35789,-1.01871,-0.8293178481464664,Neutral,Neutral,84.2,,,,clinvar,,False,84.2,,,,neutral,neutral,neutral,UP,neutral,neutral,neutral,1052385,Conflicting interpretations of pathogenicity,1,-0.1443,1.573,-5.1155,loss_of_function,-0.168994368923218,1.5483085836803733e-06,Benign,0.077,benign,https://doi.org/10.1101/2022.10.22.513328
Q3563H,0.53737,-0.31429,-0.2700095887879128,Neutral,Neutral,89.9,,,,clinvar,,False,89.9,,,,neutral,neutral,neutral,UP,neutral,neutral,neutral,641219,Uncertain significance,1,-0.2768,0.1375,-19.9882,loss_of_function,-5.81754109579869,0.9225611549476253,Pathogenic,0.225,benign,https://doi.org/10.1101/2022.10.22.513328
D3564Y,0.3807,0.96939,0.0359381608887315,Neutral,Neutral,71.2,,,0.608,COSMIC,,False,71.2,,,,neutral,neutral,neutral,UP,neutral,neutral,destabilizing,,,,-0.3451,0.4027,-19.9882,loss_of_function,-5.07179356202125,0.9322461403805612,Pathogenic,0.1784,benign,https://doi.org/10.1101/2022.10.22.513328
E3565K,0.07167,-0.04422,0.2328250802745979,Neutral,Neutral,74.6,,,0.344,"cBioPortal,COSMIC,clinvar",,False,74.6,,,,neutral,neutral,neutral,UP,neutral,neutral,stabilizing,190573,Conflicting interpretations of pathogenicity,1,-0.2813,0.5418,-19.9882,loss_of_function,-5.02343283182006,0.9150079715986849,Pathogenic,0.1246,benign,https://doi.org/10.1101/2022.10.22.513328
R3568L,-0.10172,-0.42211,0.2059383799676001,Neutral,Neutral,66.9,,,0.654,cBioPortal,,False,66.9,,,,neutral,neutral,neutral,DOWN,neutral,neutral,neutral,,,,-0.3631,0.41,-19.9882,loss_of_function,-4.21107488060362,0.9381544855889432,Pathogenic,0.2107,benign,https://doi.org/10.1101/2022.10.22.513328
R3568Q,0.01576,0.17381,1.076836685426297,Neutral,Neutral,66.9,0.00015931684935,5.19721429314e-05,0.552,"cBioPortal,COSMIC,clinvar",,False,66.9,,,,neutral,neutral,neutral,DOWN,neutral,neutral,neutral,190529,Conflicting interpretations of pathogenicity,1,-0.2625,0.41,-5.7004,loss_of_function,-0.850454803150021,0.9270075822214772,Pathogenic,0.0851,benign,https://doi.org/10.1101/2022.10.22.513328
R3568W,-1.09645,0.08605,-0.1090039019535527,Neutral,Neutral,66.9,0.000223086238766,0.0001519149276405,0.578,"cBioPortal,COSMIC,clinvar",,False,66.9,,,,neutral,neutral,neutral,UP,neutral,neutral,stabilizing,190574,Uncertain significance,2,-0.3055,0.41,-5.7004,loss_of_function,-2.65263124389042,0.7444458459848011,Pathogenic,0.1596,benign,https://doi.org/10.1101/2022.10.22.513328
E3570K,-0.97062,0.96769,0.0793693115052285,Neutral,Neutral,61.2,6.37429882713e-05,8.39368794666e-05,0.750,"cBioPortal,COSMIC,clinvar",,False,61.2,,,,neutral,neutral,neutral,UP,neutral,neutral,neutral,67595,Uncertain significance,2,-0.3239,0.0786,-19.9882,loss_of_function,-5.81500795877395,0.934619769859284,Pathogenic,0.3564,ambiguous,https://doi.org/10.1101/2022.10.22.513328
E3571G,1.33553,1.5517,1.0212648402491589,Neutral,Neutral,75.5,,,0.707,"cBioPortal,COSMIC",,False,75.5,,,,neutral,neutral,neutral,DOWN,neutral,neutral,neutral,,,,-0.3349,0.0004,-19.9882,loss_of_function,-5.86441022956504,0.9380540625846288,Pathogenic,0.2512,benign,https://doi.org/10.1101/2022.10.22.513328
E3571K,0.07297,0.43537,0.2397897684192335,Neutral,Neutral,75.5,,3.9964192084e-06,0.549,cBioPortal,,False,75.5,,,,neutral,neutral,neutral,UP,neutral,neutral,stabilizing,,,,-0.3311,0.0004,-19.9882,loss_of_function,-5.86441022956504,0.9304606260482844,Pathogenic,0.2905,benign,https://doi.org/10.1101/2022.10.22.513328
R3572K,0.64139,0.03129,1.325766849729744,Neutral,Neutral,21.1,,,0.434,"cBioPortal,COSMIC",,False,21.1,,,,neutral,neutral,neutral,-,uncertain,uncertain,uncertain,,,,-0.2886,0.0004,-19.9882,loss_of_function,-3.53712501723541,0.9202970212509088,Pathogenic,0.2504,benign,https://doi.org/10.1101/2022.10.22.513328
R3572S,3.43673,2.33912,1.871292777588333,Uncertain,Uncertain,21.1,,,0.641,COSMIC,,False,21.1,,,,neutral,neutral,neutral,DOWN,neutral,neutral,neutral,,,,-0.3989,0.0004,-19.9882,loss_of_function,-5.86441022956504,0.936370765609586,Pathogenic,0.9111,pathogenic,https://doi.org/10.1101/2022.10.22.513328
R3572W,2.12011,0.98503,-0.1210988128334339,Uncertain,Uncertain,21.1,,,0.760,"cBioPortal,COSMIC",,False,21.1,,,,neutral,neutral,neutral,UP,neutral,neutral,neutral,,,,-0.4161,0.0004,-19.9882,loss_of_function,-5.86441022956504,0.9283297241117048,Pathogenic,0.584,pathogenic,https://doi.org/10.1101/2022.10.22.513328
I3576V,1.19955,0.44422,1.0981567715905998,Neutral,Neutral,1.0,,,,clinvar,,True,1.0,,,,neutral,neutral,neutral,DOWN,neutral,neutral,neutral,1974643,Uncertain significance,1,-0.1543,0.3252,-5.1155,loss_of_function,-0.168538967177776,0.0571696831638459,Benign,0.095,benign,https://doi.org/10.1101/2022.10.22.513328
A3577T,1.56473,3.01769,0.726058876486132,Uncertain,Neutral,0.2,,,0.714,cBioPortal,,True,0.2,,,,neutral,neutral,neutral,UP,neutral,neutral,neutral,,,,-0.2997,0.0004,-19.9882,loss_of_function,-3.50885585135316,0.9227535203866032,Pathogenic,0.9507,pathogenic,https://doi.org/10.1101/2022.10.22.513328
H3579R,-0.11191,-0.14286,1.1660345979039792,Neutral,Neutral,49.3,,,0.642,COSMIC,,False,49.3,,,,neutral,neutral,neutral,UP,neutral,neutral,neutral,,,,-0.3219,0.0004,-19.9882,loss_of_function,-5.81754109579869,0.9303961311226924,Pathogenic,0.9176,pathogenic,https://doi.org/10.1101/2022.10.22.513328
L3580I,1.36666,3.13844,1.6002030169530617,Uncertain,Neutral,0.0,,,0.692,"cBioPortal,COSMIC",,False,0.0,,,,neutral,neutral,neutral,-,uncertain,uncertain,uncertain,,,,-0.2821,0.0004,-19.9882,loss_of_function,-3.50885585135316,0.9381972163748132,Pathogenic,0.8697,pathogenic,https://doi.org/10.1101/2022.10.22.513328
G3581D,0.55354,0.48469,0.9942852491007316,Neutral,Neutral,65.8,,,,clinvar,,False,65.8,,,,neutral,neutral,neutral,UP,neutral,neutral,stabilizing,1784262,Uncertain significance,1,-0.4324,0.0004,-19.9882,loss_of_function,-5.8990212821925,0.9272904208294964,Pathogenic,0.9977,pathogenic,https://doi.org/10.1101/2022.10.22.513328
F3582V,0.58525,0.91667,0.5155843262911447,Neutral,Neutral,97.8,,,,clinvar,,False,97.8,,,,neutral,neutral,neutral,DOWN,neutral,neutral,neutral,1061622,Uncertain significance,1,-0.376,0.0004,-19.9882,loss_of_function,-5.81754109579869,0.9120264455082016,Pathogenic,0.9919,pathogenic,https://doi.org/10.1101/2022.10.22.513328
S3583N,0.41459,0.36156,-0.0074099763784796,Neutral,Neutral,17.4,,,0.570,cBioPortal,,True,17.4,,,,uncertain,,,UP,neutral,neutral,neutral,,,,-0.2913,0.0004,-19.9882,loss_of_function,-5.81754109579869,0.9343702246657264,Pathogenic,0.992,pathogenic,https://doi.org/10.1101/2022.10.22.513328
S3583R,1.24178,0.61259,-0.0700688112796427,Neutral,Neutral,17.4,,,0.662,"cBioPortal,clinvar",,True,17.4,,,,uncertain,,,UP,neutral,neutral,neutral,660197,Uncertain significance,1,-0.3628,0.0004,-19.9882,loss_of_function,-5.81754109579869,0.9255607788763814,Pathogenic,0.9994,pathogenic,https://doi.org/10.1101/2022.10.22.513328
T3585S,0.33911,1.20986,0.6514595544153429,Neutral,Neutral,33.9,,,,clinvar,,True,33.9,,,,neutral,,,DOWN,neutral,neutral,stabilizing,1046142,Uncertain significance,2,-0.275,0.0004,-19.9882,loss_of_function,-3.50885585135316,0.9368020089572632,Pathogenic,0.8325,pathogenic,https://doi.org/10.1101/2022.10.22.513328
E3586K,-0.70003,-0.01327,0.1925323403331752,Neutral,Neutral,53.9,,,0.721,COSMIC,,True,53.9,,,,neutral,neutral,neutral,UP,neutral,neutral,neutral,,,,-0.3311,0.0004,-19.9882,loss_of_function,-5.81779331933634,0.924081517947418,Pathogenic,0.9842,pathogenic,https://doi.org/10.1101/2022.10.22.513328
D3592Y,0.14104,-0.08401,0.4266235662518014,Neutral,Neutral,101.4,,,,clinvar,,False,101.4,,,,neutral,neutral,neutral,UP,neutral,neutral,neutral,1006273,Uncertain significance,1,-0.375,0.0786,-19.9882,loss_of_function,-5.96085995767323,0.8959070355438603,Pathogenic,0.7513,pathogenic,https://doi.org/10.1101/2022.10.22.513328
E3596D,0.0235,0.1,0.3829819125856037,Neutral,Neutral,104.6,,,0.512,COSMIC,,False,104.6,,,,neutral,neutral,neutral,DOWN,neutral,neutral,neutral,,,,-0.2748,0.0004,-19.9882,loss_of_function,-3.55800070896384,0.9374159070092228,Pathogenic,0.4574,ambiguous,https://doi.org/10.1101/2022.10.22.513328
E3596V,0.60667,0.15782,0.4709556079238547,Neutral,Neutral,104.6,,,,clinvar,,False,104.6,,,,neutral,neutral,neutral,-,uncertain,uncertain,uncertain,1785336,Uncertain significance,1,-0.3223,0.0004,-19.9882,loss_of_function,-5.89927703836026,0.9377505074392364,Pathogenic,0.856,pathogenic,https://doi.org/10.1101/2022.10.22.513328
Q3597E,-0.7321,0.16531,0.1517827375645669,Neutral,Neutral,54.1,,,0.474,"cBioPortal,COSMIC",,False,54.1,,,,neutral,neutral,neutral,DOWN,neutral,neutral,neutral,,,,-0.2935,0.0004,-19.9882,loss_of_function,-3.50885585135316,0.9034657594944376,Pathogenic,0.1925,benign,https://doi.org/10.1101/2022.10.22.513328
I3598N,3.30428,2.27551,2.837690227394548,Uncertain,Uncertain,0.8,,,0.915,"cBioPortal,COSMIC",,False,0.8,,,,neutral,neutral,neutral,DOWN,neutral,neutral,destabilizing,,,,-0.4447,0.0786,-19.9882,loss_of_function,-5.81779331933634,0.934777569849186,Pathogenic,0.9933,pathogenic,https://doi.org/10.1101/2022.10.22.513328
H3599D,0.09136,0.53741,0.8752630161109795,Neutral,Neutral,66.0,,,0.522,"cBioPortal,COSMIC",,False,66.0,,,,neutral,neutral,neutral,DOWN,neutral,neutral,neutral,,,,-0.3327,0.0004,-19.9882,loss_of_function,-5.81779331933634,0.9380927339961884,Pathogenic,0.9361,pathogenic,https://doi.org/10.1101/2022.10.22.513328
H3599P,3.54601,9.51361,6.137406244163841,Destabilizing,Destabilizing,66.0,,,,clinvar,,False,66.0,,,,neutral,neutral,neutral,DOWN,neutral,neutral,neutral,975631,Likely benign,0,-0.4488,0.0004,-19.9882,loss_of_function,-5.81779331933634,0.8813377523027368,Pathogenic,0.9832,pathogenic,https://doi.org/10.1101/2022.10.22.513328
H3599Q,-0.78745,0.58095,0.7050021702938924,Neutral,Neutral,66.0,,,,clinvar,,False,66.0,,,,neutral,neutral,neutral,DOWN,neutral,neutral,neutral,1785610,Uncertain significance,1,-0.2538,0.0004,-19.9882,loss_of_function,-5.81779331933634,0.936928797422102,Pathogenic,0.7369,pathogenic,https://doi.org/10.1101/2022.10.22.513328
R3602Q,0.16093,-0.07517,0.8602162867037322,Neutral,Neutral,44.5,0.0002229583386419,3.98587406232e-05,0.679,"COSMIC,clinvar",,False,44.5,,,,neutral,neutral,neutral,DOWN,neutral,neutral,neutral,264145,Conflicting interpretations of pathogenicity,1,-0.3731,0.0004,-19.9882,loss_of_function,-5.81779331933634,0.9257833670183934,Pathogenic,0.9484,pathogenic,https://doi.org/10.1101/2022.10.22.513328
I3603V,0.50663,0.01973,0.1758051377149083,Neutral,Neutral,56.6,3.18511912346e-05,3.9850480995e-06,0.195,"cBioPortal,COSMIC,clinvar",,False,56.6,,,,neutral,neutral,neutral,DOWN,neutral,neutral,neutral,383148,Uncertain significance,2,-0.1498,0.3186,-4.1155,loss_of_function,-0.144787112092547,0.5295593426516738,Uncertain,0.0838,benign,https://doi.org/10.1101/2022.10.22.513328
P3606S,1.05152,1.09524,-0.308391402754839,Neutral,Neutral,49.6,,,0.859,"cBioPortal,COSMIC",,False,49.6,,,,neutral,neutral,neutral,DOWN,neutral,neutral,neutral,,,,-0.3159,0.0004,-19.9882,loss_of_function,-5.89927703836026,0.93477630066717,Pathogenic,0.991,pathogenic,https://doi.org/10.1101/2022.10.22.513328
P3606T,1.87197,1.62891,-0.1905292470577801,Neutral,Neutral,49.6,,,0.749,"cBioPortal,COSMIC",,False,49.6,,,,neutral,neutral,neutral,-,uncertain,uncertain,uncertain,,,,-0.328,0.0004,-19.9882,loss_of_function,-5.89927703836026,0.9336578804785232,Pathogenic,0.9879,pathogenic,https://doi.org/10.1101/2022.10.22.513328
N3607S,0.22113,0.29966,0.4550714501106723,Neutral,Neutral,106.6,,,,clinvar,,False,106.6,,,,neutral,neutral,neutral,DOWN,neutral,neutral,neutral,190575,Uncertain significance,2,-0.2873,0.0004,-19.9882,loss_of_function,-5.81779331933634,0.9375527391391524,Pathogenic,0.3191,benign,https://doi.org/10.1101/2022.10.22.513328
S3608F,1.15808,1.72041,0.2484715135520732,Neutral,Neutral,36.9,,,0.795,"cBioPortal,COSMIC",,False,36.9,,,,uncertain,,,UP,neutral,neutral,neutral,,,,-0.347,0.0004,-19.9882,loss_of_function,-5.89927703836026,0.936194989257354,Pathogenic,0.989,pathogenic,https://doi.org/10.1101/2022.10.22.513328
S3608Y,1.50465,1.81837,0.2920256855564135,Neutral,Neutral,36.9,,,0.798,"cBioPortal,COSMIC",,False,36.9,,,,uncertain,,,UP,neutral,neutral,neutral,,,,-0.3518,0.0004,-19.9882,loss_of_function,-5.89927703836026,0.9372278878116392,Pathogenic,0.9758,pathogenic,https://doi.org/10.1101/2022.10.22.513328
L3609F,1.16951,1.61531,0.8105699655077098,Neutral,Neutral,32.7,,,,clinvar,,False,32.7,,,,neutral,neutral,neutral,UP,neutral,neutral,neutral,190606,Uncertain significance,1,-0.3414,0.0004,-19.9882,loss_of_function,-5.88485514118789,0.9362678148201964,Pathogenic,0.9873,pathogenic,https://doi.org/10.1101/2022.10.22.513328
D3611H,0.48722,0.1915,-0.3882009916452344,Neutral,Neutral,66.4,,,0.748,COSMIC,,False,66.4,,,,neutral,neutral,neutral,UP,neutral,neutral,neutral,,,,-0.3465,0.0004,-19.9882,loss_of_function,-5.81779331933634,0.9262213110825444,Pathogenic,0.9666,pathogenic,https://doi.org/10.1101/2022.10.22.513328
D3611N,-0.31607,0.40238,-0.0354883570879233,Neutral,Neutral,66.4,,,,clinvar,,False,66.4,,,,neutral,neutral,neutral,-,uncertain,uncertain,uncertain,1022972,Uncertain significance,2,-0.3039,0.0004,-19.9882,loss_of_function,-3.50885585135316,0.9062225880978282,Pathogenic,0.807,pathogenic,https://doi.org/10.1101/2022.10.22.513328
H3614N,0.75886,1.38571,0.8809415507287649,Neutral,Neutral,41.1,,,0.656,"cBioPortal,COSMIC",,False,41.1,,,,neutral,neutral,neutral,DOWN,neutral,neutral,neutral,,,,-0.2851,0.0786,-19.9882,loss_of_function,-5.88485514118789,0.9186859219998328,Pathogenic,0.6035,pathogenic,https://doi.org/10.1101/2022.10.22.513328
H3614R,0.49622,0.10918,0.2432937458865969,Neutral,Neutral,41.1,,,,clinvar,,False,41.1,,,,neutral,neutral,neutral,UP,neutral,neutral,neutral,452970,Uncertain significance,1,-0.3147,0.0786,-19.9882,loss_of_function,-5.88485514118789,0.9184351965797872,Pathogenic,0.4944,ambiguous,https://doi.org/10.1101/2022.10.22.513328
L3616P,8.28645,8.0585,8.282409976915558,Destabilizing,Destabilizing,0.0,,,,clinvar,,False,0.0,,,,neutral,neutral,neutral,DOWN,neutral,neutral,neutral,1316331,Uncertain significance,1,-0.4914,0.0004,-19.9882,loss_of_function,-5.81779331933634,0.9334269439036408,Pathogenic,0.9997,pathogenic,https://doi.org/10.1101/2022.10.22.513328
W3620R,5.18005,4.4,5.881821188128582,Destabilizing,Destabilizing,0.7,,,,clinvar,,True,0.7,,,,neutral,neutral,neutral,DOWN,neutral,neutral,neutral,67596,Conflicting interpretations of pathogenicity,1,-0.5489,0.0004,-19.9882,loss_of_function,-5.88485514118789,0.911389539242714,Pathogenic,0.9986,pathogenic,https://doi.org/10.1101/2022.10.22.513328
L3621V,2.17864,1.99728,1.3056408553460723,Uncertain,Uncertain,14.8,0.0028354785268255,0.0006691627499403,0.539,"COSMIC,clinvar",,True,14.8,,,,neutral,neutral,neutral,DOWN,neutral,neutral,neutral,67597,Conflicting interpretations of pathogenicity,1,-0.3184,0.0004,-19.9882,loss_of_function,-3.54930250407699,0.9075120666276346,Pathogenic,0.2349,benign,https://doi.org/10.1101/2022.10.22.513328
E3622Q,-0.10415,0.25102,0.2824217399162365,Neutral,Neutral,62.7,,,0.613,COSMIC,,True,62.7,,,,neutral,neutral,neutral,UP,neutral,neutral,neutral,,,,-0.2816,0.0004,-19.9882,loss_of_function,-3.54930250407699,0.8861017386618082,Pathogenic,0.3571,ambiguous,https://doi.org/10.1101/2022.10.22.513328
D3624N,1.29831,0.85816,0.6483475216237733,Neutral,Neutral,23.0,,,,clinvar,,False,23.0,,,,neutral,neutral,neutral,-,uncertain,uncertain,uncertain,1461782,Uncertain significance,1,-0.2967,0.0786,-19.9882,loss_of_function,-3.54930250407699,0.9313575167926808,Pathogenic,0.4355,ambiguous,https://doi.org/10.1101/2022.10.22.513328
G3625E,3.64637,3.68367,0.2463024440029065,Destabilizing,Uncertain,87.9,,,,clinvar,,False,87.9,,,,neutral,neutral,neutral,UP,neutral,neutral,stabilizing,1678006,Uncertain significance,1,-0.4245,0.0786,-19.9882,loss_of_function,-5.81526216910612,0.8989974604817557,Pathogenic,0.786,pathogenic,https://doi.org/10.1101/2022.10.22.513328
K3626T,0.31715,0.40816,0.152202570588531,Neutral,Neutral,91.9,,,,clinvar,,False,91.9,,,,neutral,neutral,neutral,DOWN,neutral,neutral,stabilizing,2062390,Uncertain significance,1,-0.2524,0.8761,-19.9882,loss_of_function,-2.81053366985056,0.7510430951391449,Pathogenic,0.256,benign,https://doi.org/10.1101/2022.10.22.513328
H3627Q,-0.4076,0.22483,0.4528549999691533,Neutral,Neutral,76.4,,,,clinvar,,False,76.4,,,,neutral,neutral,neutral,DOWN,neutral,neutral,neutral,222497,Conflicting interpretations of pathogenicity,1,-0.1035,0.7299,-3.7004,loss_of_function,-0.539245189713583,0.7267674436322017,Pathogenic,0.1884,benign,https://doi.org/10.1101/2022.10.22.513328
A3628S,1.54337,1.90136,1.163549136053625,Neutral,Neutral,0.1,,,,clinvar,,False,0.1,,,,neutral,neutral,neutral,-,uncertain,uncertain,uncertain,618527,Uncertain significance,2,-0.2938,0.0004,-19.9882,loss_of_function,-3.53973447870146,0.8853692790748067,Pathogenic,0.3791,ambiguous,https://doi.org/10.1101/2022.10.22.513328
D3630N,1.25852,0.3966,0.5035584317758898,Neutral,Neutral,51.4,,,0.348,"COSMIC,clinvar",,True,51.4,,,,neutral,neutral,neutral,-,uncertain,uncertain,uncertain,903083,Uncertain significance,1,-0.282,0.2373,-19.9742,loss_of_function,-2.86301413850494,0.9230864140498336,Pathogenic,0.2013,benign,https://doi.org/10.1101/2022.10.22.513328
T3631I,-0.56451,0.08503,-0.025332370552088,Neutral,Neutral,91.3,,,0.295,"cBioPortal,COSMIC",,True,91.3,,,,uncertain,,,UP,neutral,neutral,stabilizing,,,,-0.1808,0.9616,-6.6864,loss_of_function,-0.652667563082715,0.749310812766969,Pathogenic,0.1495,benign,https://doi.org/10.1101/2022.10.22.513328
T3631P,-0.23128,4.87143,2.8290060229808898,Uncertain,Uncertain,91.3,,,0.498,cBioPortal,,True,91.3,,,,uncertain,,,-,uncertain,uncertain,uncertain,,,,-0.3871,0.9616,-19.9742,loss_of_function,-2.79312018381327,0.6790363729283919,Uncertain,0.2985,benign,https://doi.org/10.1101/2022.10.22.513328
V3634D,3.41633,2.33707,2.0351047454764872,Uncertain,Uncertain,34.1,,,,clinvar,,True,34.1,,,,neutral,neutral,neutral,DOWN,neutral,neutral,neutral,67599,Conflicting interpretations of pathogenicity,1,-0.4156,0.9821,-19.9742,loss_of_function,-1.31463496395247,0.010966698079849,Benign,0.6076,pathogenic,https://doi.org/10.1101/2022.10.22.513328
V3634I,-0.55027,-0.37415,0.3556677840780936,Neutral,Neutral,34.1,3.18613394507e-05,1.99006559256e-05,0.413,"cBioPortal,COSMIC,clinvar",,True,34.1,,,,neutral,neutral,neutral,UP,neutral,neutral,neutral,67598,Uncertain significance,1,-0.0845,0.9821,-0.3646,loss_of_function,-0.0085811273264041,3.853918607417561e-14,Benign,0.0525,benign,https://doi.org/10.1101/2022.10.22.513328
C3636R,-0.87591,1.7983,2.9083249373876527,Neutral,Uncertain,5.0,,,,clinvar,,False,5.0,,,,neutral,neutral,neutral,UP,neutral,neutral,neutral,2500529,Uncertain significance,1,-0.5332,0.0004,-19.9742,loss_of_function,-5.81754109579869,0.9381052750499572,Pathogenic,0.6864,pathogenic,https://doi.org/10.1101/2022.10.22.513328
L3637P,7.13995,14.42483,9.377067499984332,Destabilizing,Destabilizing,0.0,,,,clinvar,,False,0.0,,,,neutral,neutral,neutral,DOWN,neutral,neutral,neutral,2476219,Uncertain significance,1,-0.4913,0.0004,-19.9742,loss_of_function,-5.81754109579869,0.9262574869780706,Pathogenic,0.9992,pathogenic,https://doi.org/10.1101/2022.10.22.513328
I3640M,1.67044,2.01905,1.4904801146611082,Uncertain,Neutral,13.1,,,,clinvar,,False,13.1,,,,neutral,neutral,neutral,-,uncertain,uncertain,uncertain,2080116,Uncertain significance,1,-0.3056,0.0004,-19.9742,loss_of_function,-3.50885585135316,0.936928797422102,Pathogenic,0.6763,pathogenic,https://doi.org/10.1101/2022.10.22.513328
R3642Q,2.88126,1.96565,1.1403198158876622,Uncertain,Uncertain,22.8,,1.1941724385e-05,0.744,"cBioPortal,COSMIC,clinvar",,False,22.8,,,,neutral,neutral,neutral,DOWN,neutral,neutral,neutral,2151081,Uncertain significance,1,-0.373,0.0004,-19.9742,loss_of_function,-5.81754109579869,0.827039252525703,Pathogenic,0.978,pathogenic,https://doi.org/10.1101/2022.10.22.513328
D3644G,2.19714,2.2,1.1799955582038004,Uncertain,Uncertain,68.9,,,0.864,"cBioPortal,COSMIC,clinvar",,False,68.9,,,,neutral,neutral,neutral,DOWN,neutral,neutral,neutral,1677492,Uncertain significance,2,-0.3482,0.0004,-19.9742,loss_of_function,-5.81754109579869,0.9302683793100212,Pathogenic,0.9971,pathogenic,https://doi.org/10.1101/2022.10.22.513328
L3648H,1.75999,1.5102,1.9554978953760145,Neutral,Neutral,26.5,,,0.764,"cBioPortal,COSMIC",,False,26.5,,,,neutral,neutral,neutral,DOWN,neutral,neutral,neutral,,,,-0.4503,0.0004,-19.9742,loss_of_function,-5.81754109579869,0.8451503185801732,Pathogenic,0.882,pathogenic,https://doi.org/10.1101/2022.10.22.513328
L3648I,0.98169,0.26667,0.9287093766397851,Neutral,Neutral,26.5,,,0.572,"cBioPortal,COSMIC",,False,26.5,,,,neutral,neutral,neutral,-,uncertain,uncertain,uncertain,,,,-0.282,0.0004,-19.9742,loss_of_function,-3.50885585135316,0.9107649619149092,Pathogenic,0.2731,benign,https://doi.org/10.1101/2022.10.22.513328
M3649I,1.91469,0.51565,1.5060257247586963,Neutral,Neutral,1.5,,,,clinvar,,True,1.5,,,,neutral,neutral,neutral,-,uncertain,uncertain,uncertain,386827,Uncertain significance,2,-0.2479,0.6466,-19.9742,loss_of_function,-1.56698161036508,0.5641146610389746,Uncertain,0.6844,pathogenic,https://doi.org/10.1101/2022.10.22.513328
M3649V,3.1301,1.04354,1.9343079940923744,Uncertain,Uncertain,1.5,,4.37842313081e-05,0.282,"COSMIC,clinvar",,True,1.5,,,,neutral,neutral,neutral,DOWN,neutral,neutral,neutral,424390,Uncertain significance,2,-0.28,0.6466,-19.9742,loss_of_function,-1.56698161036508,0.8198056118789734,Pathogenic,0.3437,ambiguous,https://doi.org/10.1101/2022.10.22.513328
E3650Q,0.16646,-0.21769,0.0805901838276196,Neutral,Neutral,59.2,,,,clinvar,,True,59.2,,,,neutral,neutral,neutral,UP,neutral,neutral,neutral,190576,Uncertain significance,2,-0.1848,0.3149,-6.6864,loss_of_function,-3.50885585135316,0.9146236010344576,Pathogenic,0.2273,benign,https://doi.org/10.1101/2022.10.22.513328
T3651A,-0.08284,-0.53163,0.0444590594673305,Neutral,Neutral,82.3,,,,clinvar,,True,82.3,,,,uncertain,,,DOWN,neutral,neutral,neutral,2450623,Likely benign,1,-0.1353,0.9284,-2.2271,loss_of_function,-0.0200227300707319,1.0798159577791396e-06,Benign,0.0711,benign,https://doi.org/10.1101/2022.10.22.513328
T3651S,-1.11092,-0.42483,0.3166739848725575,Neutral,Neutral,82.3,,,0.322,COSMIC,,True,82.3,,,,neutral,,,DOWN,neutral,neutral,neutral,,,,-0.1136,0.9284,-5.1015,loss_of_function,-0.546189591247267,0.0151567409752173,Benign,0.1095,benign,https://doi.org/10.1101/2022.10.22.513328
T3653K,-0.73629,0.02755,-0.0098463733902348,Neutral,Neutral,63.3,,,0.433,"cBioPortal,COSMIC",,True,63.3,,,,uncertain,,,UP,neutral,neutral,neutral,,,,-0.3184,0.8249,-19.9742,loss_of_function,-2.45248695613821,0.2262316390656309,Benign,0.1353,benign,https://doi.org/10.1101/2022.10.22.513328
E3654A,-0.13424,1.19694,0.3026928866679768,Neutral,Neutral,94.6,,,0.472,COSMIC,,True,94.6,,,,neutral,neutral,neutral,DOWN,neutral,neutral,neutral,,,,-0.3091,0.0004,-19.9742,loss_of_function,-5.81754109579869,0.9139733495496032,Pathogenic,0.1455,benign,https://doi.org/10.1101/2022.10.22.513328
E3654K,-0.53943,0.96599,0.1829285356482868,Neutral,Neutral,94.6,,,0.578,cBioPortal,,True,94.6,,,,neutral,neutral,neutral,UP,neutral,neutral,neutral,,,,-0.3311,0.0004,-19.9742,loss_of_function,-5.81754109579869,0.9377112516684356,Pathogenic,0.12,benign,https://doi.org/10.1101/2022.10.22.513328
P3655H,1.09673,1.56156,-0.4274059846872829,Neutral,Neutral,54.7,,,0.348,"cBioPortal,COSMIC",,True,54.7,,,,neutral,neutral,neutral,UP,neutral,neutral,destabilizing,,,,-0.1873,1.0829,-6.6723,loss_of_function,-1.40459749880759,0.8038378315697615,Pathogenic,0.1232,benign,https://doi.org/10.1101/2022.10.22.513328
P3655L,0.214,1.91837,-0.4675192549386403,Neutral,Neutral,54.7,,,,clinvar,,True,54.7,,,,neutral,neutral,neutral,UP,neutral,neutral,destabilizing,1209549,Uncertain significance,1,-0.2651,1.0829,-19.9602,loss_of_function,-4.10357432693261,0.5754455778832344,Uncertain,0.1054,benign,https://doi.org/10.1101/2022.10.22.513328
P3655S,1.1111,1.51293,0.070023476068356,Neutral,Neutral,54.7,,,0.095,"COSMIC,clinvar",,True,54.7,,,,neutral,neutral,neutral,DOWN,neutral,neutral,neutral,2232065,Uncertain significance,1,-0.1364,1.0829,-4.3505,loss_of_function,-0.885104637771327,0.1789425873787584,Benign,0.1059,benign,https://doi.org/10.1101/2022.10.22.513328
P3655T,0.5346,0.75034,0.1262669609713801,Neutral,Neutral,54.7,,,0.145,"cBioPortal,COSMIC",,True,54.7,,,,neutral,neutral,neutral,-,uncertain,uncertain,uncertain,,,,-0.1553,1.0829,-5.6724,loss_of_function,-3.34859585899515,0.8902623582463401,Pathogenic,0.0835,benign,https://doi.org/10.1101/2022.10.22.513328
L3656F,-0.34995,2.08776,0.9705914192919198,Uncertain,Neutral,44.9,,,0.318,"cBioPortal,COSMIC",,True,44.9,,,,neutral,neutral,neutral,UP,neutral,neutral,destabilizing,,,,-0.223,0.5496,-6.6864,loss_of_function,-2.96092992057257,0.7218935356609806,Pathogenic,0.0882,benign,https://doi.org/10.1101/2022.10.22.513328
L3656P,-0.48334,1.12143,4.532344380793534,Neutral,Uncertain,44.9,,,0.599,cBioPortal,,True,44.9,,,,neutral,neutral,neutral,DOWN,neutral,neutral,stabilizing,,,,-0.373,0.5496,-6.6864,loss_of_function,-0.773561307029781,0.902125281604422,Pathogenic,0.1012,benign,https://doi.org/10.1101/2022.10.22.513328
E3658K,-0.57457,0.16156,0.2856765438966624,Neutral,Neutral,79.4,,3.9811135971e-06,0.451,cBioPortal,,False,79.4,,,,neutral,neutral,neutral,UP,neutral,neutral,destabilizing,,,,-0.2967,0.3738,-19.9742,loss_of_function,-4.68590382817114,0.7783254676388126,Pathogenic,0.134,benign,https://doi.org/10.1101/2022.10.22.513328
R3659C,0.27698,2.32755,0.9923261283833836,Uncertain,Neutral,84.7,9.56144824069e-05,1.99052510052e-05,0.528,"cBioPortal,COSMIC,clinvar",,True,84.7,,,,neutral,neutral,neutral,DOWN,neutral,neutral,neutral,526977,Uncertain significance,2,-0.3478,0.6449,-19.9742,loss_of_function,-2.78171723147755,0.8348689653159732,Pathogenic,0.119,benign,https://doi.org/10.1101/2022.10.22.513328
R3659H,0.67117,1.36361,0.2124996377908095,Neutral,Neutral,84.7,,0.0001194410160449,0.156,"cBioPortal,COSMIC,clinvar",,True,84.7,,,,neutral,neutral,neutral,DOWN,neutral,neutral,neutral,457014,Conflicting interpretations of pathogenicity,1,-0.2233,0.6449,-3.2271,loss_of_function,-0.388467846832774,0.0004604465361696,Benign,0.0736,benign,https://doi.org/10.1101/2022.10.22.513328
R3659L,-0.48682,0.79898,-0.4171032329596186,Neutral,Neutral,84.7,,,,clinvar,,True,84.7,,,,neutral,neutral,neutral,DOWN,neutral,neutral,neutral,377479,Conflicting interpretations of pathogenicity,1,-0.2736,0.6449,-6.6864,loss_of_function,-1.05637178477772,0.7997547630449015,Pathogenic,0.1685,benign,https://doi.org/10.1101/2022.10.22.513328
H3662Q,-0.26394,0.32653,0.969107077654161,Neutral,Neutral,61.9,,,0.233,cBioPortal,,True,61.9,,,,neutral,neutral,neutral,DOWN,neutral,neutral,stabilizing,,,,-0.1939,0.6506,-19.9742,loss_of_function,-2.71891162263432,0.9227179788645892,Pathogenic,0.2007,benign,https://doi.org/10.1101/2022.10.22.513328
S3663R,1.34968,1.0051,0.3616870806619077,Neutral,Neutral,78.8,,,0.436,cBioPortal,,True,78.8,,,,uncertain,,,UP,neutral,neutral,destabilizing,,,,-0.3101,0.5723,-19.9742,loss_of_function,-4.60883516881556,0.2370519781183616,Benign,0.8196,pathogenic,https://doi.org/10.1101/2022.10.22.513328
S3663T,0.74428,0.15374,0.4733237528117651,Neutral,Neutral,78.8,,,0.147,COSMIC,,True,78.8,,,,neutral,,,UP,neutral,neutral,destabilizing,,,,-0.1248,0.5723,-3.8792,loss_of_function,-0.175202062142221,9.811254878127972e-05,Benign,0.0809,benign,https://doi.org/10.1101/2022.10.22.513328
E3666K,0.1612,1.29558,0.194813952667171,Neutral,Neutral,48.9,,,,clinvar,,True,48.9,,,,neutral,neutral,neutral,UP,neutral,neutral,destabilizing,1791408,Uncertain significance,1,-0.3311,0.0004,-19.9742,loss_of_function,-5.81754109579869,0.8907786878147841,Pathogenic,0.3007,benign,https://doi.org/10.1101/2022.10.22.513328
I3667V,0.60215,0.26429,0.622448769901025,Neutral,Neutral,47.8,,,,clinvar,,True,47.8,,,,neutral,neutral,neutral,DOWN,neutral,neutral,neutral,1039316,Uncertain significance,2,-0.2052,0.5967,-19.9742,loss_of_function,-1.91621453657189,0.1643070452383958,Benign,0.2271,benign,https://doi.org/10.1101/2022.10.22.513328
E3668Q,0.06906,-0.18435,0.3946458692676335,Neutral,Neutral,66.9,,,0.597,"cBioPortal,COSMIC",,True,66.9,,,,neutral,neutral,neutral,UP,neutral,neutral,neutral,,,,-0.2689,0.1385,-19.9742,loss_of_function,-2.42679916342968,0.93206718998279,Pathogenic,0.393,ambiguous,https://doi.org/10.1101/2022.10.22.513328
T3670I,-1.03066,-0.19286,-0.3759862584292511,Neutral,Neutral,79.9,,,,clinvar,,True,79.9,,,,uncertain,,,UP,neutral,neutral,neutral,978338,Uncertain significance,2,-0.3154,0.2365,-19.9742,loss_of_function,-5.82007149751137,0.7974648961363282,Pathogenic,0.7435,pathogenic,https://doi.org/10.1101/2022.10.22.513328
T3670N,-0.59056,0.23571,0.4423357791388466,Neutral,Neutral,79.9,,,,clinvar,,True,79.9,,,,uncertain,,,-,uncertain,uncertain,uncertain,457015,Conflicting interpretations of pathogenicity,1,-0.3451,0.2365,-19.9742,loss_of_function,-5.82007149751137,0.73625504783838,Pathogenic,0.2742,benign,https://doi.org/10.1101/2022.10.22.513328
T3670S,-0.47704,0.31224,0.6939282242558353,Neutral,Neutral,79.9,,,0.405,cBioPortal,,True,79.9,,,,neutral,,,DOWN,neutral,neutral,neutral,,,,-0.1854,0.2365,-6.6864,loss_of_function,-3.51407477428527,0.8021151239449121,Pathogenic,0.2478,benign,https://doi.org/10.1101/2022.10.22.513328
T3672I,0.25632,-0.57959,-0.1354832447445453,Neutral,Neutral,80.2,,,,clinvar,,True,80.2,,,,uncertain,,,UP,neutral,neutral,neutral,2080316,Uncertain significance,2,-0.2189,1.2846,-19.9742,loss_of_function,-0.966193631004955,0.322581922711894,Uncertain,0.1823,benign,https://doi.org/10.1101/2022.10.22.513328
L3673V,0.97492,0.55068,0.67691188659386,Neutral,Neutral,85.5,,,,clinvar,,True,85.5,,,,neutral,neutral,neutral,DOWN,neutral,neutral,neutral,2450659,Uncertain significance,1,-0.3056,0.1385,-19.9742,loss_of_function,-3.4649299166746,0.7869854739041707,Pathogenic,0.1466,benign,https://doi.org/10.1101/2022.10.22.513328
H3675P,6.4335,5.16395,4.452264057159888,Destabilizing,Destabilizing,73.7,,,0.567,COSMIC,,True,73.7,,,,neutral,neutral,neutral,DOWN,neutral,neutral,stabilizing,,,,-0.4125,0.3937,-19.9742,loss_of_function,-3.55629740007402,0.447152914666506,Uncertain,0.2202,benign,https://doi.org/10.1101/2022.10.22.513328
