Mutation,"Stability (FoldX5, alphafold, kcal/mol)","Stability (Rosetta Cartddg2020, alphafold, kcal/mol)","Stability (RaSP, alphafold, kcal/mol)","Stability classification, alphafold, (Rosetta, FoldX)","Stability classification, alphafold, (RaSP, FoldX)",Relative Side Chain Solvent Accessibility in wild-type,gnomAD genome allele frequency,gnomAD exome allele frequency,REVEL score,Mutation sources,PTMs,is site part of phospho-SLiM,PTM residue SASA (%),"Change in stability with PTM (FoldX5, kcal/mol)","Change in binding with PTM (FoldX5, kcal/mol)","Change in binding with mutation (FoldX5, kcal/mol)",PTM effect in regulation,PTM effect in stability,PTM effect in function,AlloSigma2 mutation type,AlloSigma2 predicted consequence - active sites,AlloSigma2 predicted consequence - cofactor sites,AlloSigma2 predicted consequence - pockets and interfaces,ClinVar Variation ID,ClinVar Interpretation,ClinVar Review Status,AlphaFold2 model pLDDT score,AlphaFold2 model secondary structure,DeMaSk delta fitness,DeMaSk Shannon entropy,DeMaSk log2 variant frequency,DeMaSk predicted consequence,GEMME Score,EVE score,EVE classification (25% Uncertain),AlphaMissense pathogenicity score,AlphaMissense classification,References
K6N,0.04595,0.08878,-0.1136822617943678,Neutral,Neutral,110.8,,,0.093,"cBioPortal,COSMIC",,True,110.8,,,,neutral,neutral,neutral,DOWN,neutral,neutral,neutral,,,,36.9,T,-0.3089,0.3287,-21.9352,loss_of_function,-1.5074185081825,,,0.978,pathogenic,https://doi.org/10.1101/2022.10.22.513328
M10L,0.64928,0.12585,0.1336158151409078,Neutral,Neutral,16.7,,,,cBioPortal,,False,16.7,,,,neutral,neutral,neutral,-,uncertain,uncertain,uncertain,,,,71.59,-,-0.2631,0.2333,-21.9566,loss_of_function,-2.56519765701106,,,0.8856,pathogenic,https://doi.org/10.1101/2022.10.22.513328
G12E,-1.37952,-1.50612,-0.7733621345607483,Neutral,Neutral,70.5,,4.1628507202e-06,0.304,"cBioPortal,COSMIC",,False,70.5,,,,neutral,neutral,neutral,UP,neutral,neutral,neutral,,,,80.13,H,-0.3502,0.2597,-8.6864,loss_of_function,-4.81512132304658,,,0.9999,pathogenic,https://doi.org/10.1101/2022.10.22.513328
G12R,0.17702,-0.03061,-0.7124114693810468,Neutral,Neutral,70.5,,,0.336,"cBioPortal,COSMIC",,False,70.5,,,,neutral,neutral,neutral,UP,neutral,neutral,neutral,,,,80.13,H,-0.435,0.2597,-21.9742,loss_of_function,-5.14159267386576,,,0.9999,pathogenic,https://doi.org/10.1101/2022.10.22.513328
L13F,0.16946,0.38503,1.3421771891432337,Neutral,Neutral,15.2,,,0.229,"cBioPortal,COSMIC",,False,15.2,,,,neutral,neutral,neutral,UP,neutral,neutral,neutral,,,,82.77,H,-0.3256,0.2823,-21.9672,loss_of_function,-5.80617817030052,0.8480468713195434,Pathogenic,0.9984,pathogenic,https://doi.org/10.1101/2022.10.22.513328
F16L,1.28046,0.86156,2.4930129450816976,Neutral,Uncertain,0.3,,,0.173,COSMIC,,False,0.3,,,,neutral,neutral,neutral,DOWN,neutral,neutral,neutral,,,,90.79,H,-0.2588,0.2095,-7.1015,loss_of_function,-2.61096541584615,0.0692501019749218,Benign,0.9999,pathogenic,https://doi.org/10.1101/2022.10.22.513328
R21W,-0.06302,-0.11701,-0.1816975201938137,Neutral,Neutral,86.4,,,0.303,"cBioPortal,COSMIC",,False,86.4,,,,neutral,neutral,neutral,UP,neutral,neutral,neutral,,,,91.75,H,-0.392,0.3731,-21.9847,loss_of_function,-6.02559509111513,0.9046824189610546,Pathogenic,0.9991,pathogenic,https://doi.org/10.1101/2022.10.22.513328
N22T,1.50111,0.32007,0.9377689602012692,Neutral,Neutral,84.0,,,0.123,cBioPortal,,False,84.0,,,,neutral,neutral,neutral,-,uncertain,uncertain,uncertain,,,,93.51,T,-0.2216,0.4992,-6.3957,loss_of_function,-1.19499684286255,0.1156023809942811,Benign,0.9501,pathogenic,https://doi.org/10.1101/2022.10.22.513328
C23W,6.57825,0.56361,0.0380253300841421,Uncertain,Uncertain,16.8,,,0.317,COSMIC,,False,16.8,,,,neutral,neutral,neutral,UP,neutral,neutral,neutral,,,,92.36,-,-0.4617,0.292,-22.0258,loss_of_function,-5.45824556875409,0.8884122030780262,Pathogenic,0.9998,pathogenic,https://doi.org/10.1101/2022.10.22.513328
A28T,0.04035,0.09048,0.2931458517236651,Neutral,Neutral,53.0,,,0.134,COSMIC,,False,53.0,,,,neutral,neutral,neutral,UP,neutral,neutral,stabilizing,,,,91.35,H,-0.2992,0.1297,-22.2185,loss_of_function,-3.60779360258847,0.3406947961147441,Uncertain,0.9224,pathogenic,https://doi.org/10.1101/2022.10.22.513328
A28V,0.08056,0.31565,-0.0704011416037153,Neutral,Neutral,53.0,,8.7790146434e-06,0.166,"cBioPortal,COSMIC",,False,53.0,,,,neutral,neutral,neutral,UP,neutral,neutral,stabilizing,,,,91.35,H,-0.2962,0.1297,-22.2185,loss_of_function,-2.51119092576117,0.0193827509483094,Benign,0.964,pathogenic,https://doi.org/10.1101/2022.10.22.513328
E29D,2.61115,1.57619,1.607824767112807,Uncertain,Uncertain,30.3,,,0.355,cBioPortal,,False,30.3,,,,neutral,neutral,neutral,DOWN,neutral,neutral,neutral,,,,92.2,H,-0.2843,0.0213,-22.2185,loss_of_function,-4.29067921819831,0.9044717538549598,Pathogenic,0.9997,pathogenic,https://doi.org/10.1101/2022.10.22.513328
R32I,0.19275,-0.3619,0.2714304874784767,Neutral,Neutral,28.2,,,0.401,cBioPortal,,True,28.2,,,,neutral,neutral,neutral,DOWN,neutral,neutral,neutral,,,,93.79,H,-0.4392,0.0001,-22.2273,loss_of_function,-4.25744910044953,0.4539549493962775,Uncertain,0.9991,pathogenic,https://doi.org/10.1101/2022.10.22.513328
R41C,0.39258,1.33197,1.6442401535407154,Neutral,Neutral,51.6,,,0.455,cBioPortal,,False,51.6,,,,neutral,neutral,neutral,DOWN,neutral,neutral,neutral,,,,92.56,H,-0.4132,0.0594,-22.2273,loss_of_function,-7.04427801341772,0.9076376482852544,Pathogenic,0.9995,pathogenic,https://doi.org/10.1101/2022.10.22.513328
R41H,-0.36188,0.48231,0.790388337557755,Neutral,Neutral,51.6,,,0.561,"cBioPortal,COSMIC",,False,51.6,,,,neutral,neutral,neutral,DOWN,neutral,neutral,neutral,,,,92.56,H,-0.3063,0.0594,-8.9394,loss_of_function,-6.10554184537247,0.7826967883927967,Pathogenic,0.9992,pathogenic,https://doi.org/10.1101/2022.10.22.513328
K43T,1.10733,0.45782,0.4156220100243207,Neutral,Neutral,54.7,,,0.297,"cBioPortal,COSMIC",,False,54.7,,,,neutral,neutral,neutral,DOWN,neutral,neutral,neutral,,,,90.04,H,-0.337,0.0805,-22.2273,loss_of_function,-3.68610895477541,0.6117254137563657,Uncertain,0.9971,pathogenic,https://doi.org/10.1101/2022.10.22.513328
G52C,1.15117,0.0415,1.0198783799195643,Neutral,Neutral,40.3,,,0.505,cBioPortal,,False,40.3,,,,neutral,neutral,neutral,UP,neutral,neutral,neutral,,,,87.15,H,-0.4434,0.0001,-22.2448,loss_of_function,-4.45085765350948,0.8499113759433188,Pathogenic,0.9969,pathogenic,https://doi.org/10.1101/2022.10.22.513328
K61E,2.9245,1.42075,1.1668082799894508,Uncertain,Uncertain,7.8,,,0.678,"cBioPortal,COSMIC",,True,7.8,,,,neutral,neutral,neutral,DOWN,neutral,neutral,neutral,,,,93.5,H,-0.3474,0.0001,-22.2448,loss_of_function,-6.98165754757841,0.9093494854907888,Pathogenic,0.9999,pathogenic,https://doi.org/10.1101/2022.10.22.513328
K61T,1.64061,0.30884,0.2616304428432886,Neutral,Neutral,7.8,,,0.664,COSMIC,,True,7.8,,,,neutral,neutral,neutral,DOWN,neutral,neutral,neutral,,,,93.5,H,-0.3445,0.0001,-22.2448,loss_of_function,-6.09898895554082,0.8693332059714531,Pathogenic,0.9992,pathogenic,https://doi.org/10.1101/2022.10.22.513328
S84N,0.39763,0.08333,-0.0684387652118273,Neutral,Neutral,93.8,,,0.249,COSMIC,,False,93.8,,,,uncertain,,,UP,neutral,neutral,neutral,,,,92.04,T,-0.3009,0.0209,-22.2535,loss_of_function,-2.57331859476037,0.0009093548241877,Benign,0.9228,pathogenic,https://doi.org/10.1101/2022.10.22.513328
N86S,0.05474,-0.02925,0.2012902444021641,Neutral,Neutral,108.4,,,,clinvar,,False,108.4,,,,neutral,neutral,neutral,DOWN,neutral,neutral,neutral,2298697,Uncertain significance,1,90.76,S,-0.2989,0.0001,-22.2535,loss_of_function,-2.53658173862157,0.0002627391688765,Benign,0.1673,benign,https://doi.org/10.1101/2022.10.22.513328
S99F,8.72971,-0.3483,-0.791920456909686,Uncertain,Uncertain,7.7,,,0.722,cBioPortal,,True,7.7,,,,uncertain,,,UP,neutral,neutral,neutral,,,,91.79,H,-0.3586,0.0001,-22.2535,loss_of_function,-6.52486604692406,0.8419136591451439,Pathogenic,0.9977,pathogenic,https://doi.org/10.1101/2022.10.22.513328
S99Y,9.01236,-0.27143,-0.4567210932728127,Uncertain,Uncertain,7.7,,,0.718,COSMIC,,True,7.7,,,,uncertain,,,UP,neutral,neutral,neutral,,,,91.79,H,-0.3634,0.0001,-22.2535,loss_of_function,-6.52486604692406,0.8404563342269815,Pathogenic,0.995,pathogenic,https://doi.org/10.1101/2022.10.22.513328
N103K,-0.47078,0.2068,0.3228285184882185,Neutral,Neutral,57.4,,,0.28,"cBioPortal,COSMIC",,False,57.4,,,,neutral,neutral,neutral,UP,neutral,neutral,neutral,,,,73.39,-,-0.3322,0.0001,-22.2535,loss_of_function,-3.44922219020702,0.0005399398615444,Benign,0.987,pathogenic,https://doi.org/10.1101/2022.10.22.513328
S104L,-0.73688,1.43197,-0.4317790107022323,Neutral,Neutral,49.1,,4.0174840908e-06,0.285,cBioPortal,,False,49.1,,,,uncertain,,,UP,neutral,neutral,stabilizing,,,,65.27,T,-0.358,0.0001,-22.2535,loss_of_function,-2.82333973148929,2.575005053411108e-05,Benign,0.6337,pathogenic,https://doi.org/10.1101/2022.10.22.513328
S104P,-1.21959,0.22483,0.6776361726564447,Neutral,Neutral,49.1,,,0.357,"cBioPortal,COSMIC",,False,49.1,,,,uncertain,,,UP,neutral,neutral,stabilizing,,,,65.27,T,-0.434,0.0001,-22.2535,loss_of_function,-4.26045086452475,3.180272812701108e-06,Benign,0.7168,pathogenic,https://doi.org/10.1101/2022.10.22.513328
S106L,-1.39264,0.31565,-0.7301579512907486,Neutral,Neutral,30.4,,4.0165159134e-06,0.465,"cBioPortal,COSMIC",,False,30.4,,,,uncertain,,,UP,neutral,neutral,stabilizing,,,,77.28,-,-0.358,0.0001,-22.2535,loss_of_function,-5.10364718383633,0.1481151400383535,Benign,0.9577,pathogenic,https://doi.org/10.1101/2022.10.22.513328
D119A,1.60766,1.03265,0.3234712711223841,Neutral,Neutral,8.5,,4.0274835477e-06,0.82,cBioPortal,,False,8.5,,,,neutral,neutral,neutral,DOWN,neutral,neutral,neutral,,,,95.45,H,-0.3488,0.0001,-22.2535,loss_of_function,-7.69073546337075,0.909249155653399,Pathogenic,0.9991,pathogenic,https://doi.org/10.1101/2022.10.22.513328
A121T,1.31525,0.32925,0.4573225021996557,Neutral,Neutral,83.6,,,0.05,cBioPortal,,False,83.6,,,,neutral,neutral,neutral,UP,neutral,neutral,neutral,,,,92.14,H,-0.1443,0.9229,-6.1584,loss_of_function,-0.066913478035779,1.3482479513340133e-07,Benign,0.0987,benign,https://doi.org/10.1101/2022.10.22.513328
A121V,1.51539,0.72551,0.062920383927974,Neutral,Neutral,83.6,,,0.093,cBioPortal,,False,83.6,,,,neutral,neutral,neutral,UP,neutral,neutral,neutral,,,,92.14,H,-0.2234,0.9229,-22.2535,loss_of_function,-1.01508523533292,6.065683363315377e-05,Benign,0.1757,benign,https://doi.org/10.1101/2022.10.22.513328
R123C,0.75078,0.49966,1.189705444629841,Neutral,Neutral,88.1,,8.0381975146e-06,0.415,cBioPortal,,False,88.1,,,,neutral,neutral,neutral,DOWN,neutral,neutral,neutral,,,,81.75,-,-0.4153,0.0377,-22.2535,loss_of_function,-4.23630698775447,0.4376290657356337,Uncertain,0.7995,pathogenic,https://doi.org/10.1101/2022.10.22.513328
N124I,0.43257,0.87313,0.3991428118822271,Neutral,Neutral,50.8,,,0.539,"cBioPortal,COSMIC",,False,50.8,,,,neutral,neutral,neutral,UP,neutral,neutral,neutral,,,,92.5,-,-0.3792,0.0001,-22.2535,loss_of_function,-4.63720249022569,0.2712824182169706,Benign,0.6157,pathogenic,https://doi.org/10.1101/2022.10.22.513328
N124S,1.92512,2.65408,1.3601303615210532,Uncertain,Neutral,50.8,,,0.374,cBioPortal,,False,50.8,,,,neutral,neutral,neutral,DOWN,neutral,neutral,neutral,,,,92.5,-,-0.2989,0.0001,-22.2535,loss_of_function,-2.62967288624867,0.0006745124296318,Benign,0.2454,benign,https://doi.org/10.1101/2022.10.22.513328
C129S,-0.02479,1.0051,0.1959368745638184,Neutral,Neutral,16.8,,,0.122,"cBioPortal,COSMIC",,True,16.8,,,,neutral,neutral,neutral,DOWN,neutral,neutral,neutral,,,,97.25,H,-0.3456,1.497,-22.2535,loss_of_function,-1.15377265551559,6.286634693842989e-09,Benign,0.3271,benign,https://doi.org/10.1101/2022.10.22.513328
A131T,2.01574,1.4517,2.1734126587098888,Uncertain,Uncertain,0.0,,,0.74,cBioPortal,,True,0.0,,,,neutral,neutral,neutral,UP,neutral,neutral,neutral,,,,95.96,H,-0.3039,0.0809,-22.2535,loss_of_function,-4.5817452182943,0.9091657104712356,Pathogenic,0.9834,pathogenic,https://doi.org/10.1101/2022.10.22.513328
A131V,2.51401,0.2051,1.4522168750303737,Uncertain,Uncertain,0.0,,,0.773,"cBioPortal,COSMIC",,True,0.0,,,,neutral,neutral,neutral,UP,neutral,neutral,neutral,,,,95.96,H,-0.3009,0.0809,-22.2535,loss_of_function,-6.0904281153961,0.8229556204085954,Pathogenic,0.9934,pathogenic,https://doi.org/10.1101/2022.10.22.513328
C134Y,10.05637,1.02211,5.085937615666767,Uncertain,Destabilizing,0.0,,,0.708,cBioPortal,,True,0.0,,,,neutral,neutral,neutral,UP,neutral,neutral,neutral,,,,94.54,H,-0.4959,0.0001,-22.2535,loss_of_function,-4.01024894605487,0.0096561982903861,Benign,0.9992,pathogenic,https://doi.org/10.1101/2022.10.22.513328
I135V,1.19816,0.99286,1.4198965554252705,Neutral,Neutral,0.0,,,0.209,"cBioPortal,COSMIC",,True,0.0,,,,neutral,neutral,neutral,DOWN,neutral,neutral,neutral,,,,93.89,H,-0.1953,0.0377,-7.9657,loss_of_function,-0.808893201799985,4.110015218026326e-07,Benign,0.1619,benign,https://doi.org/10.1101/2022.10.22.513328
A136S,0.78575,1.12313,1.0382109628998966,Neutral,Neutral,21.5,,,0.307,COSMIC,,False,21.5,,,,neutral,neutral,neutral,-,uncertain,uncertain,uncertain,,,,93.01,H,-0.3054,0.0001,-22.2535,loss_of_function,-1.22814701990927,6.293566095167083e-06,Benign,0.3453,ambiguous,https://doi.org/10.1101/2022.10.22.513328
A136T,2.57691,0.5466,0.8081654801115101,Uncertain,Uncertain,21.5,,0.0,0.608,cBioPortal,,False,21.5,,,,neutral,neutral,neutral,UP,neutral,neutral,neutral,,,,93.01,H,-0.3113,0.0001,-22.2535,loss_of_function,-4.08357456428385,0.277183875591286,Benign,0.9677,pathogenic,https://doi.org/10.1101/2022.10.22.513328
N137S,0.21548,0.23537,0.5527671313135387,Neutral,Neutral,67.4,,8.0859700334e-06,0.248,"cBioPortal,COSMIC",,False,67.4,,,,neutral,neutral,neutral,DOWN,neutral,neutral,neutral,,,,91.08,H,-0.1548,0.5067,-3.1555,loss_of_function,-1.23960856262626,0.0492497428862764,Benign,0.176,benign,https://doi.org/10.1101/2022.10.22.513328
V138A,1.5966,2.68776,2.421890947480383,Uncertain,Uncertain,6.7,,,0.46,cBioPortal,,False,6.7,,,,neutral,neutral,neutral,DOWN,neutral,neutral,neutral,,,,88.71,H,-0.351,0.0001,-22.2506,loss_of_function,-4.37697590655635,0.0063377654746175,Benign,0.9585,pathogenic,https://doi.org/10.1101/2022.10.22.513328
R141Q,0.91179,0.4,1.1174642994755224,Neutral,Neutral,66.0,,8.1353726001e-06,0.27,cBioPortal,,False,66.0,,,,neutral,neutral,neutral,DOWN,neutral,neutral,neutral,,,,86.31,H,-0.3827,0.0209,-22.2506,loss_of_function,-1.26034357479349,2.878215492524285e-07,Benign,0.2472,benign,https://doi.org/10.1101/2022.10.22.513328
E145K,-0.10339,1.17177,0.2234120140498685,Neutral,Neutral,53.4,,4.0966816878e-06,0.588,cBioPortal,,False,53.4,,,,neutral,neutral,neutral,UP,neutral,neutral,neutral,,,,91.69,H,-0.3427,0.0001,-22.2506,loss_of_function,-3.47019063874139,0.0054355808180213,Benign,0.9417,pathogenic,https://doi.org/10.1101/2022.10.22.513328
A149T,0.4562,0.49286,-0.4213312389781298,Neutral,Neutral,93.2,3.18714941356e-05,8.72876001729e-05,0.066,COSMIC,,False,93.2,,,,neutral,neutral,neutral,UP,neutral,neutral,neutral,,,,90.61,T,-0.1672,1.5669,-22.2535,loss_of_function,-0.527088189161552,5.788631350673872e-10,Benign,0.0725,benign,https://doi.org/10.1101/2022.10.22.513328
P152L,1.27187,-3.20374,-1.1417593544058628,Uncertain,Neutral,2.8,,,0.421,"cBioPortal,COSMIC",,False,2.8,,,,neutral,neutral,neutral,UP,neutral,neutral,neutral,,,,94.56,H,-0.3765,0.0001,-22.2535,loss_of_function,-3.16304099804603,0.0001604572797705,Benign,0.9018,pathogenic,https://doi.org/10.1101/2022.10.22.513328
R153H,0.74694,-0.09796,0.5374533468113879,Neutral,Neutral,62.9,,,0.196,"cBioPortal,COSMIC",,False,62.9,,,,neutral,neutral,neutral,DOWN,neutral,neutral,neutral,,,,92.87,H,-0.2656,1.2397,-22.2535,loss_of_function,-3.62582888233093,0.0009503041177296,Benign,0.3237,benign,https://doi.org/10.1101/2022.10.22.513328
R153L,0.10625,0.17993,0.0064859773838321,Neutral,Neutral,62.9,,,0.224,COSMIC,,False,62.9,,,,neutral,neutral,neutral,DOWN,neutral,neutral,neutral,,,,92.87,H,-0.2983,1.2397,-22.2535,loss_of_function,-4.6101572501545,0.0554961570437126,Benign,0.7902,pathogenic,https://doi.org/10.1101/2022.10.22.513328
A157V,1.21259,0.26224,0.3507677642964413,Neutral,Neutral,37.7,,,0.192,COSMIC,,True,37.7,,,,neutral,neutral,neutral,UP,neutral,neutral,neutral,,,,91.77,-,-0.3064,0.0209,-22.2535,loss_of_function,-4.30539584951568,,,0.6119,pathogenic,https://doi.org/10.1101/2022.10.22.513328
G158R,-0.27183,-0.03231,-0.6432756651589411,Neutral,Neutral,120.7,,,0.287,cBioPortal,,True,120.7,,,,neutral,neutral,neutral,UP,neutral,neutral,neutral,,,,87.2,T,-0.3886,0.0417,-8.9656,loss_of_function,-1.44963445568276,,,0.9818,pathogenic,https://doi.org/10.1101/2022.10.22.513328
G158V,-0.05077,-0.1415,-0.3699557663510433,Neutral,Neutral,120.7,,,0.284,"cBioPortal,COSMIC",,True,120.7,,,,neutral,neutral,neutral,UP,neutral,neutral,neutral,,,,87.2,T,-0.4667,0.0417,-22.2535,loss_of_function,-5.86574255225716,,,0.8427,pathogenic,https://doi.org/10.1101/2022.10.22.513328
S167I,-0.37043,-1.20136,-0.2846457672907948,Neutral,Neutral,8.7,,,0.393,cBioPortal,P,False,8.7,3.251,,,uncertain,damaging,uncertain,UP,neutral,neutral,neutral,,,,97.56,H,-0.3617,0.0001,-22.2535,loss_of_function,-6.74380762620897,0.5188521963931195,Uncertain,0.9316,pathogenic,https://doi.org/10.1101/2022.10.22.513328
A168V,2.38111,2.97007,0.7170807834031736,Uncertain,Uncertain,0.0,,,0.684,"cBioPortal,COSMIC",,False,0.0,,,,neutral,neutral,neutral,UP,neutral,neutral,neutral,,,,97.58,H,-0.3083,0.0001,-22.2535,loss_of_function,-5.16033687312879,0.2981057359804895,Benign,0.9577,pathogenic,https://doi.org/10.1101/2022.10.22.513328
L173F,0.62567,1.72959,0.7760375693586066,Neutral,Neutral,16.8,,,0.302,"cBioPortal,COSMIC",,False,16.8,,,,neutral,neutral,neutral,UP,neutral,neutral,neutral,,,,95.47,H,-0.353,0.0001,-22.2535,loss_of_function,-6.13881063618138,0.6088297416781162,Uncertain,0.9213,pathogenic,https://doi.org/10.1101/2022.10.22.513328
Y176S,2.44983,3.81531,4.037076816293677,Uncertain,Uncertain,8.7,,,0.433,COSMIC,,True,8.7,,,,uncertain,,,DOWN,neutral,neutral,neutral,,,,92.11,H,-0.3884,0.7438,-22.2535,loss_of_function,-2.83066769475125,0.0028890281602925,Benign,0.3489,ambiguous,https://doi.org/10.1101/2022.10.22.513328
S179L,0.74894,0.27551,-0.3838954828995544,Neutral,Neutral,18.7,,4.0378263573e-06,0.392,"cBioPortal,COSMIC",P,True,18.7,5.432,,,uncertain,damaging,uncertain,UP,neutral,neutral,stabilizing,,,,89.2,-,-0.3545,0.0377,-22.2535,loss_of_function,-1.19985241357939,3.3501612137199704e-05,Benign,0.1946,benign,https://doi.org/10.1101/2022.10.22.513328
P180S,1.79644,0.72619,0.3659428680027005,Neutral,Neutral,40.1,,4.0348612008e-06,0.416,COSMIC,,True,40.1,,,,neutral,neutral,neutral,DOWN,neutral,neutral,neutral,,,,87.63,G,-0.2467,0.053,-7.3808,loss_of_function,-2.1001627160398,1.8270966124462945e-06,Benign,0.1967,benign,https://doi.org/10.1101/2022.10.22.513328
M185I,2.30836,0.78673,0.9012134880393746,Uncertain,Uncertain,7.2,,,0.178,COSMIC,,False,7.2,,,,neutral,neutral,neutral,-,uncertain,uncertain,uncertain,,,,82.05,-,-0.2885,0.3316,-22.2535,loss_of_function,-0.666291693651876,,,0.5702,pathogenic,https://doi.org/10.1101/2022.10.22.513328
E187K,-0.06558,0.57993,0.1920996676358954,Neutral,Neutral,87.4,,,0.27,cBioPortal,,True,87.4,,,,neutral,neutral,neutral,UP,neutral,neutral,neutral,,,,84.59,G,-0.2541,0.9636,-22.2535,loss_of_function,-3.74923568047041,0.0043784341459021,Benign,0.9148,pathogenic,https://doi.org/10.1101/2022.10.22.513328
T189M,-0.70171,-1.0915,0.2534700730574268,Neutral,Neutral,14.3,,4.0357079439e-06,0.27,"cBioPortal,COSMIC",P,True,14.3,2.603,,,uncertain,uncertain,uncertain,UP,neutral,neutral,neutral,,,,92.91,H,-0.3559,0.1271,-22.2535,loss_of_function,-3.32608971053935,0.001053170981021,Benign,0.2761,benign,https://doi.org/10.1101/2022.10.22.513328
R191C,1.62192,0.96293,1.0544195959569724,Neutral,Neutral,57.5,,4.0357730927e-06,0.34,"cBioPortal,COSMIC",,True,57.5,,,,neutral,neutral,neutral,DOWN,neutral,neutral,neutral,,,,94.35,H,-0.4188,0.0001,-22.2535,loss_of_function,-3.78914292575495,0.3006018132465309,Benign,0.9839,pathogenic,https://doi.org/10.1101/2022.10.22.513328
N197Y,-1.51736,0.52551,0.137725754688246,Neutral,Neutral,42.9,,,0.637,cBioPortal,,False,42.9,,,,neutral,neutral,neutral,UP,neutral,neutral,neutral,,,,94.77,G,-0.3697,0.0001,-22.2535,loss_of_function,-5.59677839776772,0.5129134423477928,Uncertain,0.9383,pathogenic,https://doi.org/10.1101/2022.10.22.513328
D198A,0.62797,1.16395,1.0880763829598517,Neutral,Neutral,25.7,,,0.759,COSMIC,,False,25.7,,,,neutral,neutral,neutral,DOWN,neutral,neutral,neutral,,,,95.13,-,-0.3488,0.0001,-22.2535,loss_of_function,-5.53369139754338,0.3868845970031354,Uncertain,0.993,pathogenic,https://doi.org/10.1101/2022.10.22.513328
D198H,-0.42215,1.08912,0.5670263562371636,Neutral,Neutral,25.7,,,0.723,cBioPortal,,False,25.7,,,,neutral,neutral,neutral,UP,neutral,neutral,neutral,,,,95.13,-,-0.3581,0.0001,-22.2535,loss_of_function,-4.00874105277732,0.0030573154730245,Benign,0.9931,pathogenic,https://doi.org/10.1101/2022.10.22.513328
H200Q,0.69138,-0.54626,0.841037661276642,Neutral,Neutral,41.2,,,0.382,COSMIC,,False,41.2,,,,neutral,neutral,neutral,DOWN,neutral,neutral,neutral,,,,93.31,-,-0.2653,0.0001,-22.2535,loss_of_function,-3.28603440369623,0.0543949669091689,Benign,0.9679,pathogenic,https://doi.org/10.1101/2022.10.22.513328
H200R,1.17044,0.59626,0.6013883926319016,Neutral,Neutral,41.2,,,0.56,"cBioPortal,COSMIC",,False,41.2,,,,neutral,neutral,neutral,UP,neutral,neutral,neutral,,,,93.31,-,-0.3335,0.0001,-22.2535,loss_of_function,-3.21653603099805,0.3655074594723073,Uncertain,0.9844,pathogenic,https://doi.org/10.1101/2022.10.22.513328
G202C,0.76272,-0.3085,0.2923502083469614,Neutral,Neutral,26.1,,,,clinvar,,False,26.1,,,,neutral,neutral,neutral,UP,neutral,neutral,neutral,2254578,Uncertain significance,1,94.93,H,-0.4435,0.0001,-22.2535,loss_of_function,-5.52799435882388,0.722388964307497,Pathogenic,0.9967,pathogenic,https://doi.org/10.1101/2022.10.22.513328
A206T,1.53398,1.54728,1.2036469172386028,Neutral,Neutral,8.3,,,0.346,COSMIC,,True,8.3,,,,neutral,neutral,neutral,UP,neutral,neutral,neutral,,,,97.88,H,-0.3065,0.053,-22.2535,loss_of_function,-2.10119702285019,0.0005555355395416,Benign,0.8603,pathogenic,https://doi.org/10.1101/2022.10.22.513328
V208F,5.02606,3.56293,1.3917781284769264,Destabilizing,Uncertain,0.7,,,0.178,"cBioPortal,COSMIC",,True,0.7,,,,neutral,neutral,neutral,UP,neutral,neutral,neutral,,,,98.13,H,-0.2976,1.4191,-22.2535,loss_of_function,-5.06164469089645,0.1510980796822243,Benign,0.9254,pathogenic,https://doi.org/10.1101/2022.10.22.513328
L210F,0.3343,2.40782,0.954348746187714,Uncertain,Neutral,0.0,,,0.373,"cBioPortal,COSMIC",,True,0.0,,,,neutral,neutral,neutral,UP,neutral,neutral,neutral,,,,97.08,H,-0.353,0.0001,-22.2535,loss_of_function,-2.84874886233413,0.0071414296354446,Benign,0.8732,pathogenic,https://doi.org/10.1101/2022.10.22.513328
K217N,0.71116,1.3585,0.0896560145597713,Neutral,Neutral,61.8,,,0.234,cBioPortal,,False,61.8,,,,neutral,neutral,neutral,DOWN,neutral,neutral,neutral,,,,87.14,T,-0.3408,0.0001,-22.2535,loss_of_function,-2.14413167174703,2.555982814253437e-05,Benign,0.6833,pathogenic,https://doi.org/10.1101/2022.10.22.513328
T224M,-1.886,-1.0415,-0.2898160414328787,Neutral,Neutral,90.0,3.186336987e-05,8.2696569746e-06,0.279,cBioPortal,,False,90.0,,,,uncertain,,,UP,neutral,neutral,neutral,,,,92.74,T,-0.3657,0.0209,-22.2535,loss_of_function,-1.24723096284036,6.068758305805388e-08,Benign,0.2104,benign,https://doi.org/10.1101/2022.10.22.513328
V226I,-0.38284,-0.04898,-0.4230580175156684,Neutral,Neutral,12.2,6.373486297e-05,6.64049206046e-05,0.058,"cBioPortal,COSMIC",,False,12.2,,,,neutral,neutral,neutral,UP,neutral,neutral,neutral,,,,96.85,H,-0.1146,0.7686,-2.4112,loss_of_function,-0.0048490003220742,6.1362803299762005e-06,Benign,0.0713,benign,https://doi.org/10.1101/2022.10.22.513328
V226L,-1.16053,0.82143,-0.4206666619512705,Neutral,Neutral,12.2,,,0.132,cBioPortal,,False,12.2,,,,neutral,neutral,neutral,UP,neutral,neutral,neutral,,,,96.85,H,-0.2131,0.7686,-8.9656,loss_of_function,-0.44667290135084,0.0008496480921195,Benign,0.301,benign,https://doi.org/10.1101/2022.10.22.513328
S227F,-1.14751,-1.10986,-0.802885240310387,Neutral,Neutral,57.4,,,0.454,COSMIC,,False,57.4,,,,uncertain,,,UP,neutral,neutral,neutral,,,,96.7,H,-0.3444,0.1545,-22.2535,loss_of_function,-4.97073633600179,0.0555256523363087,Benign,0.7142,pathogenic,https://doi.org/10.1101/2022.10.22.513328
S227Y,-1.01923,-1.14864,-0.7646145896639761,Neutral,Neutral,57.4,,,0.452,"cBioPortal,COSMIC",,False,57.4,,,,uncertain,,,UP,neutral,neutral,neutral,,,,96.7,H,-0.3492,0.1545,-22.2535,loss_of_function,-4.97073633600179,0.0894410204635618,Benign,0.7842,pathogenic,https://doi.org/10.1101/2022.10.22.513328
A229T,-0.74492,0.98912,1.1598506156876516,Neutral,Neutral,0.0,,,0.42,cBioPortal,,False,0.0,,,,neutral,neutral,neutral,UP,neutral,neutral,neutral,,,,97.69,H,-0.3113,0.0001,-22.2535,loss_of_function,-1.36529766027455,0.0297370221749913,Benign,0.7278,pathogenic,https://doi.org/10.1101/2022.10.22.513328
R232C,1.63474,1.18163,0.7847473776697894,Neutral,Neutral,3.8,3.18694626809e-05,8.6076298031e-06,0.394,"cBioPortal,COSMIC",,False,3.8,,,,neutral,neutral,neutral,DOWN,neutral,neutral,neutral,,,,95.77,H,-0.4188,0.0001,-22.2535,loss_of_function,-3.37089146612067,0.1913938716796809,Benign,0.9628,pathogenic,https://doi.org/10.1101/2022.10.22.513328
R235Q,-0.10845,-0.23333,0.5561164458670683,Neutral,Neutral,68.7,,0.0,0.365,"cBioPortal,COSMIC",,True,68.7,,,,neutral,neutral,neutral,DOWN,neutral,neutral,neutral,,,,93.61,H,-0.3847,0.0001,-22.2535,loss_of_function,-2.1541824184956,0.0205425489947923,Benign,0.9185,pathogenic,https://doi.org/10.1101/2022.10.22.513328
R235W,-0.81934,-1.38571,-0.4601900288294575,Neutral,Neutral,68.7,,0.0,0.556,"cBioPortal,COSMIC",,True,68.7,,,,neutral,neutral,neutral,UP,neutral,neutral,neutral,,,,93.61,H,-0.4277,0.0001,-22.2535,loss_of_function,-5.38322351066036,0.8041010445005174,Pathogenic,0.9727,pathogenic,https://doi.org/10.1101/2022.10.22.513328
I236V,1.30232,0.48299,0.99253186529895,Neutral,Neutral,2.7,,,0.127,cBioPortal,,True,2.7,,,,neutral,neutral,neutral,DOWN,neutral,neutral,neutral,,,,94.56,H,-0.1909,0.0532,-7.375,loss_of_function,-0.452858334862105,0.0053867680057794,Benign,0.296,benign,https://doi.org/10.1101/2022.10.22.513328
S238F,-1.42101,-1.3415,-0.6878924611268855,Neutral,Neutral,75.5,,,0.167,"cBioPortal,COSMIC",,True,75.5,,,,uncertain,,,UP,neutral,neutral,neutral,,,,89.25,H,-0.2648,1.0191,-22.2477,loss_of_function,-2.96648209162675,1.5214101770155495e-08,Benign,0.7605,pathogenic,https://doi.org/10.1101/2022.10.22.513328
S239P,7.18744,6.77755,6.136411092271002,Destabilizing,Destabilizing,14.3,,,0.379,COSMIC,,True,14.3,,,,uncertain,,,UP,neutral,neutral,neutral,,,,85.43,-,-0.432,0.021,-22.2477,loss_of_function,-1.90088614011714,0.0162548610884584,Benign,0.8964,pathogenic,https://doi.org/10.1101/2022.10.22.513328
T242A,0.02943,0.03231,0.1508372704196275,Neutral,Neutral,78.6,,,0.215,cBioPortal,,True,78.6,,,,uncertain,,,DOWN,neutral,neutral,neutral,,,,70.22,T,-0.2714,0.5589,-22.2477,loss_of_function,-1.55330486297292,0.0001990182233245,Benign,0.1964,benign,https://doi.org/10.1101/2022.10.22.513328
V252I,-0.5785,0.13537,0.1840821876046439,Neutral,Neutral,9.4,,,,clinvar,,True,9.4,,,,neutral,neutral,neutral,UP,neutral,neutral,neutral,2379655,Uncertain significance,1,92.61,E,-0.2831,0.0378,-22.2506,loss_of_function,-0.717134229914653,6.265141658980402e-05,Benign,0.2722,benign,https://doi.org/10.1101/2022.10.22.513328
P253Q,2.49736,0.54728,0.318624331985945,Uncertain,Uncertain,15.5,,,0.369,cBioPortal,,True,15.5,,,,neutral,neutral,neutral,UP,neutral,neutral,neutral,,,,93.31,E,-0.2973,0.6399,-22.2506,loss_of_function,-3.08152730735703,0.011181003004892,Benign,0.8496,pathogenic,https://doi.org/10.1101/2022.10.22.513328
K260M,-0.75547,-0.80408,-0.3093667459712773,Neutral,Neutral,43.6,3.19509233817e-05,5.09938127507e-05,0.688,COSMIC,,True,43.6,,,,neutral,neutral,neutral,DOWN,neutral,neutral,neutral,,,,98.33,H,-0.3269,0.0625,-22.2535,loss_of_function,-5.80767293651313,0.6451461515087966,Uncertain,0.9911,pathogenic,https://doi.org/10.1101/2022.10.22.513328
K260N,0.33732,-0.03197,0.6420130852109701,Neutral,Neutral,43.6,,,,clinvar,,True,43.6,,,,neutral,neutral,neutral,DOWN,neutral,neutral,neutral,2245943,Uncertain significance,1,98.33,H,-0.3351,0.0625,-22.2535,loss_of_function,-5.39650585265647,0.1415155067941828,Benign,0.9969,pathogenic,https://doi.org/10.1101/2022.10.22.513328
R263Q,0.02851,0.18265,0.8163919972285396,Neutral,Neutral,65.8,9.58405213724e-05,6.45471722471e-05,0.302,cBioPortal,,True,65.8,,,,neutral,neutral,neutral,DOWN,neutral,neutral,neutral,,,,97.87,H,-0.3793,0.0585,-22.2535,loss_of_function,-4.22558838769508,0.0084561559639652,Benign,0.3125,benign,https://doi.org/10.1101/2022.10.22.513328
Y268C,4.24877,3.87653,3.620647230163051,Destabilizing,Destabilizing,7.0,,6.2151949085e-06,0.363,COSMIC,,False,7.0,,,,uncertain,,,DOWN,neutral,neutral,neutral,,,,96.22,S,-0.4174,0.0586,-22.2506,loss_of_function,-4.68232217117375,0.0026941939116395,Benign,0.8262,pathogenic,https://doi.org/10.1101/2022.10.22.513328
P269L,1.36169,1.08367,-0.2741629562195846,Neutral,Neutral,78.8,3.18613394507e-05,6.1387354205e-06,0.294,"cBioPortal,COSMIC,clinvar",,False,78.8,,,,neutral,neutral,neutral,UP,neutral,neutral,stabilizing,2357006,Uncertain significance,1,94.33,-,-0.2951,0.1474,-8.9656,loss_of_function,-2.06618210394113,0.0830110466960018,Benign,0.3266,benign,https://doi.org/10.1101/2022.10.22.513328
K277N,0.70435,0.51395,0.9212737518744792,Neutral,Neutral,38.6,,,0.08,"cBioPortal,COSMIC",,False,38.6,,,,neutral,neutral,neutral,DOWN,neutral,neutral,neutral,,,,95.81,H,-0.2522,0.9628,-22.2506,loss_of_function,-3.09192101150201,0.0001755033892253,Benign,0.8916,pathogenic,https://doi.org/10.1101/2022.10.22.513328
R279Q,0.51623,0.09422,0.9259566496787514,Neutral,Neutral,49.8,,,,clinvar,,False,49.8,,,,neutral,neutral,neutral,DOWN,neutral,neutral,neutral,2308202,Uncertain significance,1,96.46,H,-0.3827,0.0209,-22.2535,loss_of_function,-2.90153463269011,0.0005858979925074,Benign,0.737,pathogenic,https://doi.org/10.1101/2022.10.22.513328
R279W,0.72531,-0.32959,0.0335716784425632,Neutral,Neutral,49.8,,8.7268411453e-06,0.361,"cBioPortal,COSMIC",,False,49.8,,,,neutral,neutral,neutral,UP,neutral,neutral,neutral,,,,96.46,H,-0.4257,0.0209,-22.2535,loss_of_function,-4.48588213553645,0.6476623608836471,Uncertain,0.9379,pathogenic,https://doi.org/10.1101/2022.10.22.513328
V281G,2.00682,2.27449,2.1661011970375865,Uncertain,Uncertain,31.4,,,0.171,cBioPortal,,True,31.4,,,,neutral,neutral,neutral,DOWN,neutral,neutral,neutral,,,,96.55,H,-0.3637,1.2294,-22.2535,loss_of_function,-3.74588554890323,1.2507231065059882e-05,Benign,0.1964,benign,https://doi.org/10.1101/2022.10.22.513328
C283F,7.59747,1.26327,1.2996748455329392,Uncertain,Uncertain,4.7,,,0.506,COSMIC,,True,4.7,,,,neutral,neutral,neutral,UP,neutral,neutral,neutral,,,,96.42,H,-0.4812,0.0585,-22.2535,loss_of_function,-6.02268551260761,0.7311132843024739,Pathogenic,0.9787,pathogenic,https://doi.org/10.1101/2022.10.22.513328
L284M,-0.20141,1.3898,1.9777655569208,Neutral,Neutral,3.8,,,0.304,cBioPortal,,True,3.8,,,,neutral,neutral,neutral,-,uncertain,uncertain,uncertain,,,,97.33,H,-0.2299,0.081,-6.6409,loss_of_function,-0.361738404274415,0.6393877275568658,Uncertain,0.3142,benign,https://doi.org/10.1101/2022.10.22.513328
V287A,1.76646,0.88707,2.423015055844004,Neutral,Uncertain,9.6,,,0.293,COSMIC,,False,9.6,,,,neutral,neutral,neutral,DOWN,neutral,neutral,neutral,,,,96.14,H,-0.2795,0.7775,-22.2506,loss_of_function,-4.20736827146654,1.8938378773184445e-05,Benign,0.7684,pathogenic,https://doi.org/10.1101/2022.10.22.513328
V287L,-0.70228,-1.6068,0.2343797924482288,Neutral,Neutral,9.6,,4.3649061545e-06,0.09,"cBioPortal,COSMIC",,False,9.6,,,,neutral,neutral,neutral,UP,neutral,neutral,neutral,,,,96.14,H,-0.2801,0.7775,-22.2506,loss_of_function,-1.29733565102153,1.01573693129933e-07,Benign,0.5095,ambiguous,https://doi.org/10.1101/2022.10.22.513328
S297C,-0.24015,0.7534,0.383062491221996,Neutral,Neutral,22.8,,,0.488,"cBioPortal,COSMIC",,False,22.8,,,,uncertain,,,UP,neutral,neutral,neutral,,,,89.05,-,-0.3291,0.0209,-22.2535,loss_of_function,-2.91477015543624,,,0.9596,pathogenic,https://doi.org/10.1101/2022.10.22.513328
S303F,-1.50507,-1.27449,-1.0828519388065885,Neutral,Neutral,40.0,,,0.396,COSMIC,,False,40.0,,,,uncertain,,,UP,neutral,neutral,neutral,,,,92.89,H,-0.3586,0.0001,-22.2535,loss_of_function,-4.41283927703962,0.0108312158417569,Benign,0.9746,pathogenic,https://doi.org/10.1101/2022.10.22.513328
A308T,0.30128,0.0119,0.2651960575643131,Neutral,Neutral,63.8,,,0.414,COSMIC,,False,63.8,,,,neutral,neutral,neutral,UP,neutral,neutral,neutral,,,,96.89,H,-0.3093,0.0211,-22.239,loss_of_function,-4.19199395850137,0.0447276875955231,Benign,0.9812,pathogenic,https://doi.org/10.1101/2022.10.22.513328
I309M,-0.09952,1.04898,1.1275717203082232,Neutral,Neutral,12.0,,,0.262,cBioPortal,,False,12.0,,,,neutral,neutral,neutral,-,uncertain,uncertain,uncertain,,,,97.42,H,-0.2241,1.0105,-22.2361,loss_of_function,-3.63883385784346,0.2794327946093228,Benign,0.7115,pathogenic,https://doi.org/10.1101/2022.10.22.513328
L310R,5.28472,2.26463,4.192182654733036,Uncertain,Destabilizing,0.8,,,0.705,"cBioPortal,COSMIC",,False,0.8,,,,neutral,neutral,neutral,UP,neutral,neutral,neutral,,,,97.27,H,-0.4978,0.0211,-22.239,loss_of_function,-6.49360965443672,0.2544252670515338,Benign,0.9936,pathogenic,https://doi.org/10.1101/2022.10.22.513328
Y320C,4.30381,3.25204,3.536985300813366,Destabilizing,Destabilizing,8.6,,,,clinvar,,False,8.6,,,,uncertain,,,DOWN,neutral,neutral,neutral,2256940,Uncertain significance,1,94.75,H,-0.3319,0.9873,-22.2506,loss_of_function,-4.78575507151809,0.0008186067364642,Benign,0.1132,benign,https://doi.org/10.1101/2022.10.22.513328
E323Q,3.41448,-0.2449,0.3777005161008878,Uncertain,Uncertain,37.0,,,0.165,"cBioPortal,COSMIC",,False,37.0,,,,neutral,neutral,neutral,UP,neutral,neutral,neutral,,,,92.32,-,-0.2894,0.0418,-22.2506,loss_of_function,-2.18815776791993,0.0150176064474782,Benign,0.7797,pathogenic,https://doi.org/10.1101/2022.10.22.513328
C331Y,17.42262,5.12517,2.859941935916584,Destabilizing,Uncertain,0.0,,,0.621,cBioPortal,,False,0.0,,,,neutral,neutral,neutral,UP,neutral,neutral,neutral,,,,95.09,H,-0.492,0.0417,-22.2535,loss_of_function,-6.20487700529271,0.5029378919928726,Uncertain,0.9992,pathogenic,https://doi.org/10.1101/2022.10.22.513328
N332S,0.02244,1.16293,0.396584754217425,Neutral,Neutral,68.2,,,,cBioPortal,,False,68.2,,,,neutral,neutral,neutral,DOWN,neutral,neutral,neutral,,,,93.51,H,-0.2916,0.0793,-22.2535,loss_of_function,-1.35647880339325,1.446718207745679e-05,Benign,0.1956,benign,https://doi.org/10.1101/2022.10.22.513328
G335C,0.8606,1.38946,1.488885390825721,Neutral,Neutral,0.0,,,0.665,cBioPortal,,False,0.0,,,,neutral,neutral,neutral,UP,neutral,neutral,neutral,,,,94.83,H,-0.4435,0.0001,-22.2535,loss_of_function,-4.68735709680717,0.0250229063603909,Benign,0.9986,pathogenic,https://doi.org/10.1101/2022.10.22.513328
G335D,2.27323,1.9585,3.3625444931371167,Uncertain,Uncertain,0.0,,,0.689,"cBioPortal,COSMIC",,False,0.0,,,,neutral,neutral,neutral,UP,neutral,neutral,neutral,,,,94.83,H,-0.444,0.0001,-22.2535,loss_of_function,-5.76229653307149,0.0152782455849339,Benign,0.9997,pathogenic,https://doi.org/10.1101/2022.10.22.513328
L338P,3.48924,11.73673,7.920078389911313,Destabilizing,Destabilizing,0.8,,,0.746,"cBioPortal,COSMIC",,False,0.8,,,,neutral,neutral,neutral,DOWN,neutral,neutral,neutral,,,,94.62,T,-0.503,0.0001,-22.2535,loss_of_function,-7.07916452651649,0.9049664447886684,Pathogenic,0.9999,pathogenic,https://doi.org/10.1101/2022.10.22.513328
R341P,-0.83358,-1.06905,1.1562070171894825,Neutral,Neutral,90.5,,,0.528,"cBioPortal,COSMIC",,False,90.5,,,,neutral,neutral,neutral,DOWN,neutral,neutral,neutral,,,,92.0,S,-0.552,0.0001,-22.2535,loss_of_function,-4.66712667030143,0.0023956187164919,Benign,0.9936,pathogenic,https://doi.org/10.1101/2022.10.22.513328
R341Q,0.14913,-0.20476,0.3249363664452026,Neutral,Neutral,90.5,,8.1336521725e-06,0.315,"cBioPortal,COSMIC",,False,90.5,,,,neutral,neutral,neutral,DOWN,neutral,neutral,neutral,,,,92.0,S,-0.3847,0.0001,-22.2535,loss_of_function,-4.15089608024583,0.0213456492150015,Benign,0.948,pathogenic,https://doi.org/10.1101/2022.10.22.513328
R346C,0.75965,1.5898,2.9730247622192034,Neutral,Uncertain,26.3,,4.0654042231e-06,0.669,"cBioPortal,COSMIC",,True,26.3,,,,neutral,neutral,neutral,DOWN,neutral,neutral,neutral,,,,96.69,H,-0.4188,0.0001,-22.2535,loss_of_function,-7.8328547454323,0.7114597608650223,Pathogenic,0.9976,pathogenic,https://doi.org/10.1101/2022.10.22.513328
R346H,1.52961,4.4068,2.7778155421948907,Uncertain,Uncertain,26.3,,,0.645,"cBioPortal,COSMIC",,True,26.3,,,,neutral,neutral,neutral,DOWN,neutral,neutral,neutral,,,,96.69,H,-0.3797,0.0001,-22.2535,loss_of_function,-8.26113776004668,0.9027798300669634,Pathogenic,0.9968,pathogenic,https://doi.org/10.1101/2022.10.22.513328
S352R,-1.91832,-1.00102,-0.8772883933642112,Neutral,Neutral,21.6,,,0.473,cBioPortal,,True,21.6,,,,uncertain,,,UP,neutral,neutral,neutral,,,,94.67,H,-0.3744,0.0001,-22.2535,loss_of_function,-6.32588307220114,0.5758703590660438,Uncertain,0.9979,pathogenic,https://doi.org/10.1101/2022.10.22.513328
M353I,2.15524,0.91156,1.2130832963271956,Uncertain,Uncertain,0.0,,,0.313,COSMIC,,True,0.0,,,,neutral,neutral,neutral,-,uncertain,uncertain,uncertain,,,,95.27,H,-0.319,0.0001,-22.2535,loss_of_function,-1.9073817059888,0.2587398424136345,Benign,0.9971,pathogenic,https://doi.org/10.1101/2022.10.22.513328
H363N,0.56977,1.61122,1.1924487456092143,Neutral,Neutral,25.5,,,0.292,cBioPortal,,False,25.5,,,,neutral,neutral,neutral,DOWN,neutral,neutral,neutral,,,,87.99,H,-0.3019,0.0209,-22.2535,loss_of_function,-3.19144229020401,0.0032666216212182,Benign,0.7372,pathogenic,https://doi.org/10.1101/2022.10.22.513328
E364A,0.91774,0.79048,0.6714682001980338,Neutral,Neutral,82.8,,,0.398,COSMIC,,False,82.8,,,,neutral,neutral,neutral,DOWN,neutral,neutral,neutral,,,,90.62,H,-0.3169,0.0417,-22.2535,loss_of_function,-3.106871015173,0.0007995259092432,Benign,0.6212,pathogenic,https://doi.org/10.1101/2022.10.22.513328
A365V,-1.11011,0.04898,0.4182015879727746,Neutral,Neutral,20.0,,0.0,0.257,cBioPortal,,False,20.0,,,,neutral,neutral,neutral,UP,neutral,neutral,neutral,,,,91.99,H,-0.3045,0.0417,-22.2535,loss_of_function,-2.83489963414208,0.0018673533817653,Benign,0.7134,pathogenic,https://doi.org/10.1101/2022.10.22.513328
V366I,-0.12095,0.6051,0.1289440317065887,Neutral,Neutral,0.0,,8.1804275091e-06,0.196,COSMIC,,True,0.0,,,,neutral,neutral,neutral,UP,neutral,neutral,neutral,,,,93.7,H,-0.2847,0.0209,-22.2535,loss_of_function,-1.3282211945297,2.568454266276337e-06,Benign,0.3655,ambiguous,https://doi.org/10.1101/2022.10.22.513328
H369Y,-1.19609,-0.39592,0.1312077717349241,Neutral,Neutral,24.0,,,0.528,cBioPortal,,True,24.0,,,,neutral,neutral,neutral,UP,neutral,neutral,neutral,,,,94.9,T,-0.2689,0.0001,-22.2535,loss_of_function,-2.99381632710181,0.0002126511590975,Benign,0.959,pathogenic,https://doi.org/10.1101/2022.10.22.513328
D371V,0.0859,0.4415,0.3039928450084156,Neutral,Neutral,84.7,,,0.32,COSMIC,,True,84.7,,,,neutral,neutral,neutral,UP,neutral,neutral,neutral,,,,96.17,H,-0.3249,0.7711,-22.2535,loss_of_function,-2.78731816938185,0.0001054537711348,Benign,0.7673,pathogenic,https://doi.org/10.1101/2022.10.22.513328
V373I,0.0132,2.58367,0.66730583896909,Uncertain,Neutral,0.1,,0.0,0.224,"cBioPortal,COSMIC",,False,0.1,,,,neutral,neutral,neutral,UP,neutral,neutral,neutral,,,,96.78,H,-0.2866,0.0001,-22.2506,loss_of_function,-0.894027022948371,3.992209096436176e-08,Benign,0.2961,benign,https://doi.org/10.1101/2022.10.22.513328
N375S,0.31948,0.21156,0.6763365778018687,Neutral,Neutral,78.4,,3.67926610905e-05,0.098,"cBioPortal,COSMIC",,False,78.4,,,,neutral,neutral,neutral,DOWN,neutral,neutral,neutral,,,,95.0,H,-0.1811,0.3315,-5.1555,loss_of_function,-0.572591454470656,2.888997370843296e-06,Benign,0.0621,benign,https://doi.org/10.1101/2022.10.22.513328
A376T,0.27537,-0.14354,1.1179941669347753,Neutral,Neutral,21.2,,,0.264,"cBioPortal,COSMIC",,False,21.2,,,,neutral,neutral,neutral,UP,neutral,neutral,neutral,,,,94.79,H,-0.3051,0.0674,-22.2506,loss_of_function,-3.22886495970138,0.0110955606844208,Benign,0.9346,pathogenic,https://doi.org/10.1101/2022.10.22.513328
T379M,-0.71356,-0.23435,-0.2169053933454884,Neutral,Neutral,80.1,6.373486297e-05,2.0468817803e-05,0.243,cBioPortal,,True,80.1,,,,uncertain,,,UP,neutral,neutral,neutral,,,,91.64,H,-0.3429,0.2687,-22.2477,loss_of_function,-1.02289465086416,,,0.3576,ambiguous,https://doi.org/10.1101/2022.10.22.513328
R381L,0.68886,-0.37041,-0.121015171500089,Neutral,Neutral,104.0,,,0.368,COSMIC,,True,104.0,,,,neutral,neutral,neutral,DOWN,neutral,neutral,neutral,,,,91.85,S,-0.4104,0.021,-22.2448,loss_of_function,-4.1837449380306,0.0497494741377901,Benign,0.9933,pathogenic,https://doi.org/10.1101/2022.10.22.513328
D382N,2.43339,0.47109,0.5465144068047245,Uncertain,Uncertain,53.9,,,0.55,"cBioPortal,COSMIC",,True,53.9,,,,neutral,neutral,neutral,-,uncertain,uncertain,uncertain,,,,92.11,-,-0.3116,0.0419,-22.2477,loss_of_function,-5.00969365549838,0.904610142498828,Pathogenic,0.9996,pathogenic,https://doi.org/10.1101/2022.10.22.513328
S384N,-0.18982,-0.27075,0.3333262245814056,Neutral,Neutral,62.4,,,0.4,"cBioPortal,COSMIC",,False,62.4,,,,uncertain,,,UP,neutral,neutral,neutral,,,,92.16,H,-0.3009,0.021,-22.2477,loss_of_function,-8.14234449179693,0.8684411759133005,Pathogenic,0.9981,pathogenic,https://doi.org/10.1101/2022.10.22.513328
V385G,3.70073,3.44354,4.112805099987732,Destabilizing,Destabilizing,2.1,,,0.715,COSMIC,,True,2.1,,,,neutral,neutral,neutral,DOWN,neutral,neutral,neutral,,,,94.72,H,-0.4749,0.021,-22.2477,loss_of_function,-7.46991869871305,0.9081514583519664,Pathogenic,0.9968,pathogenic,https://doi.org/10.1101/2022.10.22.513328
V385M,1.69304,5.11973,1.3666479337430106,Uncertain,Neutral,2.1,,,0.469,COSMIC,,True,2.1,,,,neutral,neutral,neutral,UP,neutral,neutral,neutral,,,,94.72,H,-0.3588,0.021,-22.2477,loss_of_function,-3.2107568340327,0.2204483851083924,Benign,0.998,pathogenic,https://doi.org/10.1101/2022.10.22.513328
R386P,4.85984,10.28265,7.740746510204867,Destabilizing,Destabilizing,13.2,,,0.714,cBioPortal,,True,13.2,,,,neutral,neutral,neutral,DOWN,neutral,neutral,neutral,,,,94.98,H,-0.5501,0.021,-22.2477,loss_of_function,-8.10602363888914,0.8216904979833074,Pathogenic,0.9996,pathogenic,https://doi.org/10.1101/2022.10.22.513328
R386Q,2.28951,1.6949,2.375288224027524,Uncertain,Uncertain,13.2,,2.83904251263e-05,0.45,"cBioPortal,COSMIC,clinvar",,True,13.2,,,,neutral,neutral,neutral,DOWN,neutral,neutral,neutral,2388172,Uncertain significance,1,94.98,H,-0.3149,0.021,-8.9599,loss_of_function,-4.90725845133365,0.0031852128156365,Benign,0.9741,pathogenic,https://doi.org/10.1101/2022.10.22.513328
R388L,-0.62246,-1.02687,-0.0316205003520253,Neutral,Neutral,37.5,,,0.511,"cBioPortal,COSMIC",,True,37.5,,,,neutral,neutral,neutral,DOWN,neutral,neutral,neutral,,,,95.08,H,-0.4104,0.021,-22.2477,loss_of_function,-4.70558597059041,0.3528665702785595,Uncertain,0.9809,pathogenic,https://doi.org/10.1101/2022.10.22.513328
A389V,2.82663,1.3449,1.0908668457960882,Uncertain,Uncertain,0.0,,,0.616,cBioPortal,,False,0.0,,,,neutral,neutral,neutral,UP,neutral,neutral,neutral,,,,96.61,H,-0.3045,0.0419,-22.2477,loss_of_function,-5.65798038707413,0.3845032754378786,Uncertain,0.9962,pathogenic,https://doi.org/10.1101/2022.10.22.513328
L392H,4.63773,4.30068,3.2299695211497883,Destabilizing,Destabilizing,0.0,,,0.713,cBioPortal,,False,0.0,,,,neutral,neutral,neutral,DOWN,neutral,neutral,neutral,,,,95.93,H,-0.46,0.021,-22.2477,loss_of_function,-7.84083726442436,0.8479815088933929,Pathogenic,0.9994,pathogenic,https://doi.org/10.1101/2022.10.22.513328
A395S,0.87808,0.83571,0.7082919133672668,Neutral,Neutral,35.1,,,0.249,"cBioPortal,COSMIC",,False,35.1,,,,neutral,neutral,neutral,-,uncertain,uncertain,uncertain,,,,93.63,H,-0.2231,0.1567,-8.9599,loss_of_function,-0.944917288065671,0.000112485453567,Benign,0.2848,benign,https://doi.org/10.1101/2022.10.22.513328
A395T,0.85937,1.6585,0.2931356014152209,Neutral,Neutral,35.1,,4.0267699667e-06,0.261,cBioPortal,,False,35.1,,,,neutral,neutral,neutral,UP,neutral,neutral,neutral,,,,93.63,H,-0.2969,0.1567,-22.2477,loss_of_function,-2.38196721359964,0.0001282720978249,Benign,0.8164,pathogenic,https://doi.org/10.1101/2022.10.22.513328
D398N,1.55478,1.88776,0.8503566503341742,Neutral,Neutral,30.7,,,0.244,"cBioPortal,COSMIC",,False,30.7,,,,neutral,neutral,neutral,-,uncertain,uncertain,uncertain,,,,91.94,-,-0.3116,0.0419,-22.2477,loss_of_function,-3.22712401717187,0.0052605683954612,Benign,0.785,pathogenic,https://doi.org/10.1101/2022.10.22.513328
R399Q,0.58733,0.28878,0.4467780580727232,Neutral,Neutral,81.3,,8.0372284421e-06,0.23,"cBioPortal,COSMIC",,False,81.3,,,,neutral,neutral,neutral,DOWN,neutral,neutral,neutral,,,,91.07,T,-0.3812,0.0378,-22.2477,loss_of_function,-2.06500029605907,0.0004502492841812,Benign,0.348,ambiguous,https://doi.org/10.1101/2022.10.22.513328
R399W,0.00669,1.12925,-0.3610130058273902,Neutral,Neutral,81.3,6.373486297e-05,1.20584594112e-05,0.363,cBioPortal,,False,81.3,,,,neutral,neutral,neutral,UP,neutral,neutral,neutral,,,,91.07,T,-0.4242,0.0378,-22.2477,loss_of_function,-4.14849063638296,0.2279249470368726,Benign,0.86,pathogenic,https://doi.org/10.1101/2022.10.22.513328
A402S,1.57813,1.52245,1.080940909927118,Neutral,Neutral,3.7,,,0.195,"cBioPortal,COSMIC",,False,3.7,,,,neutral,neutral,neutral,-,uncertain,uncertain,uncertain,,,,94.68,H,-0.1811,0.3534,-4.2625,loss_of_function,-0.0203744702273019,0.0001671079182242,Benign,0.1122,benign,https://doi.org/10.1101/2022.10.22.513328
Q404E,-0.91347,1.00714,0.4268121992692114,Neutral,Neutral,55.2,,,0.266,"cBioPortal,COSMIC",,False,55.2,,,,neutral,neutral,neutral,DOWN,neutral,neutral,neutral,,,,95.7,H,-0.2334,0.0418,-8.9628,loss_of_function,-0.662629606129712,1.3839029288024142e-12,Benign,0.1139,benign,https://doi.org/10.1101/2022.10.22.513328
S407L,-1.2414,-0.72755,-0.8734802130781943,Neutral,Neutral,71.6,,,,clinvar,,False,71.6,,,,uncertain,,,UP,neutral,neutral,neutral,2496247,Uncertain significance,1,95.73,H,-0.2727,0.9267,-22.2506,loss_of_function,-4.18094190183131,0.000269810650532,Benign,0.1269,benign,https://doi.org/10.1101/2022.10.22.513328
T415M,-0.96824,0.42041,-0.1512076764258157,Neutral,Neutral,87.7,,1.20702974121e-05,0.383,"cBioPortal,COSMIC",,True,87.7,,,,uncertain,,,UP,neutral,neutral,neutral,,,,90.45,T,-0.3468,0.226,-22.2506,loss_of_function,-3.01712731536329,0.0037920701578979,Benign,0.2666,benign,https://doi.org/10.1101/2022.10.22.513328
A416T,3.61493,3.00068,2.2923701250185093,Destabilizing,Uncertain,0.0,,,0.399,COSMIC,,False,0.0,,,,neutral,neutral,neutral,UP,neutral,neutral,neutral,,,,89.96,-,-0.3075,0.0419,-22.2477,loss_of_function,-3.18713623182188,0.012723308528942,Benign,0.9684,pathogenic,https://doi.org/10.1101/2022.10.22.513328
Y418C,0.78135,3.04048,1.1988270050346486,Uncertain,Neutral,82.4,,,0.356,cBioPortal,P,False,82.4,0.293,,,damaging,neutral,uncertain,DOWN,neutral,neutral,neutral,,,,87.57,H,-0.417,0.0627,-22.2477,loss_of_function,-4.96810756559031,0.7926691065664985,Pathogenic,0.9893,pathogenic,https://doi.org/10.1101/2022.10.22.513328
R421C,1.5671,1.24592,2.155771087122129,Neutral,Uncertain,22.4,,,0.496,"cBioPortal,COSMIC",,False,22.4,,,,neutral,neutral,neutral,DOWN,neutral,neutral,neutral,,,,90.75,H,-0.4149,0.0419,-22.2448,loss_of_function,-5.92072264681239,0.8519287306932599,Pathogenic,0.9914,pathogenic,https://doi.org/10.1101/2022.10.22.513328
E422K,0.81799,1.13163,-0.2544576111408636,Neutral,Neutral,53.1,,,0.375,"cBioPortal,COSMIC",,False,53.1,,,,neutral,neutral,neutral,UP,neutral,neutral,neutral,,,,90.28,H,-0.3388,0.0419,-22.2448,loss_of_function,-5.6107825276303,0.2160690448503121,Benign,0.9903,pathogenic,https://doi.org/10.1101/2022.10.22.513328
A432D,5.14742,4.47143,3.189105982197304,Destabilizing,Destabilizing,0.0,,,,cBioPortal,,False,0.0,,,,neutral,neutral,neutral,UP,neutral,neutral,neutral,,,,93.26,H,-0.4205,0.0209,-22.2506,loss_of_function,-6.9855933191591,0.8396875011808173,Pathogenic,0.9992,pathogenic,https://doi.org/10.1101/2022.10.22.513328
V437A,-0.13725,0.35204,0.7744638656433411,Neutral,Neutral,86.6,,,0.194,cBioPortal,,False,86.6,,,,neutral,neutral,neutral,DOWN,neutral,neutral,neutral,,,,85.68,S,-0.3491,0.0209,-22.2535,loss_of_function,-1.60866050944926,3.7704361531097023e-06,Benign,0.2094,benign,https://doi.org/10.1101/2022.10.22.513328
V437M,-0.28848,0.06769,0.1920638613066849,Neutral,Neutral,86.6,,1.20410358502e-05,0.263,COSMIC,,False,86.6,,,,neutral,neutral,neutral,UP,neutral,neutral,neutral,,,,85.68,S,-0.3588,0.0209,-22.2535,loss_of_function,-0.673351853244616,3.174789943190646e-05,Benign,0.1767,benign,https://doi.org/10.1101/2022.10.22.513328
S440N,-0.94799,-0.18605,0.1171854774399477,Neutral,Neutral,41.7,,,0.092,cBioPortal,,False,41.7,,,,uncertain,,,UP,neutral,neutral,neutral,,,,92.44,H,-0.2089,1.0212,-22.2535,loss_of_function,-1.66155143456154,1.626846028457129e-05,Benign,0.428,ambiguous,https://doi.org/10.1101/2022.10.22.513328
W441L,2.03502,3.11054,2.3090267057812217,Uncertain,Uncertain,16.9,,,0.652,COSMIC,,False,16.9,,,,neutral,neutral,neutral,DOWN,neutral,neutral,neutral,,,,94.23,H,-0.5241,0.0001,-22.2535,loss_of_function,-5.54231236327682,0.86550941573745,Pathogenic,0.9807,pathogenic,https://doi.org/10.1101/2022.10.22.513328
D444N,0.9994,0.25918,0.363492475347637,Neutral,Neutral,52.0,,,0.417,"cBioPortal,COSMIC",,True,52.0,,,,neutral,neutral,neutral,-,uncertain,uncertain,uncertain,,,,94.43,H,-0.3154,0.0001,-22.2477,loss_of_function,-2.63369529240047,0.0321746153495017,Benign,0.8947,pathogenic,https://doi.org/10.1101/2022.10.22.513328
L447F,2.91004,0.89728,0.9911955062481028,Uncertain,Uncertain,4.1,,,0.419,cBioPortal,,False,4.1,,,,neutral,neutral,neutral,UP,neutral,neutral,neutral,,,,92.77,H,-0.3511,0.0209,-22.2506,loss_of_function,-4.21096684414077,0.0312692039763558,Benign,0.9736,pathogenic,https://doi.org/10.1101/2022.10.22.513328
L449I,2.77316,2.13299,1.7408258713274125,Uncertain,Uncertain,0.0,,,0.312,"cBioPortal,COSMIC",,False,0.0,,,,neutral,neutral,neutral,-,uncertain,uncertain,uncertain,,,,94.76,H,-0.2918,0.0209,-22.2506,loss_of_function,-3.29204979275526,0.202017868989877,Benign,0.9231,pathogenic,https://doi.org/10.1101/2022.10.22.513328
I450M,-0.52489,1.07109,1.6193686587837082,Neutral,Neutral,0.0,,,0.201,COSMIC,,False,0.0,,,,neutral,neutral,neutral,-,uncertain,uncertain,uncertain,,,,92.77,H,-0.3118,0.0586,-22.2506,loss_of_function,-2.35636177347069,0.0175727829032699,Benign,0.7054,pathogenic,https://doi.org/10.1101/2022.10.22.513328
R451C,1.18929,0.69184,1.865484559695737,Neutral,Neutral,62.2,,,0.516,cBioPortal,,False,62.2,,,,neutral,neutral,neutral,DOWN,neutral,neutral,neutral,,,,91.77,H,-0.4169,0.0209,-22.2506,loss_of_function,-2.784576736475,0.0202102257710096,Benign,0.6804,pathogenic,https://doi.org/10.1101/2022.10.22.513328
R451H,1.23702,0.09354,0.9743088327533206,Neutral,Neutral,62.2,,,0.316,COSMIC,,False,62.2,,,,neutral,neutral,neutral,DOWN,neutral,neutral,neutral,,,,91.77,H,-0.3778,0.0209,-22.2506,loss_of_function,-3.89403188560722,0.0308219716157759,Benign,0.5233,ambiguous,https://doi.org/10.1101/2022.10.22.513328
R451S,0.77159,1.2017,1.9032552733675945,Neutral,Neutral,62.2,,,0.39,"cBioPortal,COSMIC",,False,62.2,,,,neutral,neutral,neutral,DOWN,neutral,neutral,neutral,,,,91.77,H,-0.4085,0.0209,-22.2506,loss_of_function,-2.19038238980985,2.300709917414251e-05,Benign,0.9186,pathogenic,https://doi.org/10.1101/2022.10.22.513328
D455N,0.88649,0.31769,0.3658771816687189,Neutral,Neutral,95.9,,,0.291,cBioPortal,,False,95.9,,,,neutral,neutral,neutral,-,uncertain,uncertain,uncertain,,,,88.29,G,-0.3135,0.0209,-22.2506,loss_of_function,-2.69087728003045,0.0052522533021443,Benign,0.9075,pathogenic,https://doi.org/10.1101/2022.10.22.513328
V457L,-0.73938,0.21769,0.7918909087984111,Neutral,Neutral,0.0,,,0.517,"cBioPortal,COSMIC",,True,0.0,,,,neutral,neutral,neutral,UP,neutral,neutral,neutral,,,,89.47,S,-0.3497,0.0209,-22.2506,loss_of_function,-2.52900493392903,0.031323245585477,Benign,0.9865,pathogenic,https://doi.org/10.1101/2022.10.22.513328
E459K,1.84926,0.87517,0.4955039397118377,Neutral,Neutral,62.3,,,0.485,cBioPortal,,True,62.3,,,,neutral,neutral,neutral,UP,neutral,neutral,stabilizing,,,,85.22,H,-0.322,0.2255,-22.2506,loss_of_function,-5.04596642844141,0.0917675784545266,Benign,0.9349,pathogenic,https://doi.org/10.1101/2022.10.22.513328
R464C,1.95753,1.89456,2.0661379170442467,Neutral,Uncertain,20.2,,,0.478,COSMIC,,True,20.2,,,,neutral,neutral,neutral,DOWN,neutral,neutral,neutral,,,,87.7,H,-0.4188,0.0001,-22.2506,loss_of_function,-5.66466870947321,0.899344423713812,Pathogenic,0.9966,pathogenic,https://doi.org/10.1101/2022.10.22.513328
R464H,2.72183,1.92381,1.6842037520847477,Uncertain,Uncertain,20.2,,,0.533,"cBioPortal,COSMIC",,True,20.2,,,,neutral,neutral,neutral,DOWN,neutral,neutral,neutral,,,,87.7,H,-0.3797,0.0001,-22.2506,loss_of_function,-5.47362650710781,0.8751002916023427,Pathogenic,0.9873,pathogenic,https://doi.org/10.1101/2022.10.22.513328
D473N,-0.28779,0.08027,0.1603039171007475,Neutral,Neutral,95.2,,,0.27,"cBioPortal,COSMIC",,True,95.2,,,,neutral,neutral,neutral,-,uncertain,uncertain,uncertain,,,,89.67,H,-0.3087,0.0738,-22.2535,loss_of_function,-3.28891715672539,0.0005792835477058,Benign,0.5646,pathogenic,https://doi.org/10.1101/2022.10.22.513328
D473V,0.04119,0.07755,0.0908832916548302,Neutral,Neutral,95.2,,,0.45,"cBioPortal,COSMIC",,True,95.2,,,,neutral,neutral,neutral,UP,neutral,neutral,neutral,,,,89.67,H,-0.389,0.0738,-22.2535,loss_of_function,-4.66466951472965,0.0008423710280651,Benign,0.8235,pathogenic,https://doi.org/10.1101/2022.10.22.513328
V475A,2.40288,0.77211,2.141050036772981,Uncertain,Uncertain,6.3,,,0.366,"cBioPortal,COSMIC",,False,6.3,,,,neutral,neutral,neutral,DOWN,neutral,neutral,neutral,,,,94.0,H,-0.2794,0.0417,-8.9656,loss_of_function,-2.45511816289973,0.6482766563441775,Uncertain,0.8597,pathogenic,https://doi.org/10.1101/2022.10.22.513328
V475I,0.06077,0.11531,-0.0376163543553675,Neutral,Neutral,6.3,6.37104994903e-05,0.0001490156909495,0.191,"cBioPortal,COSMIC",,False,6.3,,,,neutral,neutral,neutral,UP,neutral,neutral,neutral,,,,94.0,H,-0.2828,0.0417,-22.2535,loss_of_function,-1.22567752514324,2.758516628617326e-06,Benign,0.1434,benign,https://doi.org/10.1101/2022.10.22.513328
Y478C,3.02896,3.35136,2.4049935585863738,Destabilizing,Uncertain,46.0,,,0.533,cBioPortal,,False,46.0,,,,uncertain,,,DOWN,neutral,neutral,neutral,,,,95.37,H,-0.3511,0.0417,-8.9656,loss_of_function,-7.22064322187056,0.839795176230228,Pathogenic,0.9784,pathogenic,https://doi.org/10.1101/2022.10.22.513328
A479G,2.32579,2.39218,2.5989808893423136,Uncertain,Uncertain,0.0,,,0.378,"cBioPortal,COSMIC",,False,0.0,,,,neutral,neutral,neutral,DOWN,neutral,neutral,neutral,,,,96.14,H,-0.3323,0.0209,-22.2535,loss_of_function,-6.80728148936655,0.7620234675674075,Pathogenic,0.758,pathogenic,https://doi.org/10.1101/2022.10.22.513328
A479T,0.40092,0.88537,2.0446799811015905,Neutral,Uncertain,0.0,,,0.303,COSMIC,,False,0.0,,,,neutral,neutral,neutral,UP,neutral,neutral,neutral,,,,96.14,H,-0.3094,0.0209,-22.2535,loss_of_function,-2.6929348730897,0.0046739842404808,Benign,0.9027,pathogenic,https://doi.org/10.1101/2022.10.22.513328
A479V,-1.18635,2.3102,1.329388838013417,Uncertain,Neutral,0.0,,,0.411,"cBioPortal,COSMIC",,False,0.0,,,,neutral,neutral,neutral,UP,neutral,neutral,neutral,,,,96.14,H,-0.3064,0.0209,-22.2535,loss_of_function,-6.63398026650859,0.8786282208413364,Pathogenic,0.9649,pathogenic,https://doi.org/10.1101/2022.10.22.513328
A480T,2.26588,1.04762,1.3873363286679945,Uncertain,Uncertain,0.0,,4.0601552603e-06,0.406,cBioPortal,,True,0.0,,,,neutral,neutral,neutral,UP,neutral,neutral,neutral,,,,96.23,H,-0.3094,0.0209,-22.2506,loss_of_function,-2.9036263923316,0.0003190697371763,Benign,0.8673,pathogenic,https://doi.org/10.1101/2022.10.22.513328
T482I,-1.37364,0.15442,-0.4576344742845079,Neutral,Neutral,27.2,,4.0706667752e-06,0.522,"cBioPortal,COSMIC",,True,27.2,,,,uncertain,,,UP,neutral,neutral,neutral,,,,95.21,H,-0.3468,0.0209,-22.2506,loss_of_function,-3.00145167766649,0.0059654351412345,Benign,0.7266,pathogenic,https://doi.org/10.1101/2022.10.22.513328
V483I,-0.09693,0.36463,0.0454952726530683,Neutral,Neutral,0.1,,,0.259,cBioPortal,,True,0.1,,,,neutral,neutral,neutral,UP,neutral,neutral,neutral,,,,95.77,H,-0.2846,0.021,-22.2477,loss_of_function,-2.11335269995845,0.0053419812791883,Benign,0.3487,ambiguous,https://doi.org/10.1101/2022.10.22.513328
A489T,-0.07038,0.20918,0.452913872613887,Neutral,Neutral,57.8,,,0.267,"cBioPortal,COSMIC",,True,57.8,,,,neutral,neutral,neutral,UP,neutral,neutral,neutral,,,,90.29,S,-0.3094,0.021,-22.2477,loss_of_function,-2.10025163783008,2.1031059622349967e-05,Benign,0.403,ambiguous,https://doi.org/10.1101/2022.10.22.513328
E494K,2.44661,2.36224,0.6255101990408724,Uncertain,Uncertain,34.3,3.1843077315e-05,,0.622,COSMIC,,False,34.3,,,,neutral,neutral,neutral,UP,neutral,neutral,neutral,,,,92.59,H,-0.3427,0.0001,-22.2506,loss_of_function,-5.09339939893286,0.0444745620717082,Benign,0.9961,pathogenic,https://doi.org/10.1101/2022.10.22.513328
N495H,0.42263,0.46361,0.1709368252420851,Neutral,Neutral,13.5,,,0.321,"cBioPortal,COSMIC",,False,13.5,,,,neutral,neutral,neutral,UP,neutral,neutral,neutral,,,,92.19,H,-0.3285,0.0586,-22.2506,loss_of_function,-6.22687595306892,0.6216705307601257,Uncertain,0.9035,pathogenic,https://doi.org/10.1101/2022.10.22.513328
G501S,-0.51613,1.03197,2.705279555629869,Neutral,Uncertain,0.0,,8.4170833123e-06,0.448,cBioPortal,,False,0.0,,,,neutral,neutral,neutral,UP,neutral,neutral,neutral,,,,95.82,H,-0.3827,0.0753,-22.2535,loss_of_function,-1.36006034567976,0.0012298111922243,Benign,0.7664,pathogenic,https://doi.org/10.1101/2022.10.22.513328
Y502C,4.03543,2.76088,3.020915987898705,Uncertain,Destabilizing,22.1,,,0.746,COSMIC,,True,22.1,,,,uncertain,,,DOWN,neutral,neutral,neutral,,,,95.49,H,-0.4166,0.0673,-22.2535,loss_of_function,-5.88159007175332,0.3792558323610828,Uncertain,0.9156,pathogenic,https://doi.org/10.1101/2022.10.22.513328
Y502F,0.6459,0.33503,-0.1206088127928878,Neutral,Neutral,22.1,,,0.408,cBioPortal,,True,22.1,,,,uncertain,,,-,uncertain,uncertain,uncertain,,,,95.49,H,-0.2835,0.0673,-22.2535,loss_of_function,-1.01463332379297,0.0039831408922523,Benign,0.5117,ambiguous,https://doi.org/10.1101/2022.10.22.513328
L504F,6.59141,2.14728,2.096628188077113,Uncertain,Uncertain,0.0,,,0.398,cBioPortal,,True,0.0,,,,neutral,neutral,neutral,UP,neutral,neutral,neutral,,,,95.93,H,-0.353,0.0001,-22.2477,loss_of_function,-3.25578274478599,0.2653755538738271,Benign,0.9864,pathogenic,https://doi.org/10.1101/2022.10.22.513328
E506K,1.49695,2.96088,1.5403594043022295,Uncertain,Neutral,5.8,,,0.691,cBioPortal,,False,5.8,,,,neutral,neutral,neutral,UP,neutral,neutral,neutral,,,,93.0,H,-0.3408,0.021,-22.2448,loss_of_function,-8.47953136380643,0.905000705508202,Pathogenic,0.9979,pathogenic,https://doi.org/10.1101/2022.10.22.513328
N509D,0.16531,1.00374,0.6058744406582667,Neutral,Neutral,50.4,,,0.315,"cBioPortal,COSMIC",,False,50.4,,,,neutral,neutral,neutral,-,uncertain,uncertain,uncertain,,,,93.67,G,-0.3268,0.0587,-22.2477,loss_of_function,-2.7451913294552,0.0016351196753053,Benign,0.9743,pathogenic,https://doi.org/10.1101/2022.10.22.513328
R516C,1.25991,1.77857,1.2936998255612029,Neutral,Neutral,95.9,,,0.297,"cBioPortal,COSMIC",,True,95.9,,,,neutral,neutral,neutral,DOWN,neutral,neutral,neutral,,,,92.68,G,-0.4149,0.0419,-22.2477,loss_of_function,-4.90741199585351,0.7472076839064979,Pathogenic,0.8336,pathogenic,https://doi.org/10.1101/2022.10.22.513328
R516H,1.08115,1.67823,0.3485987508308508,Neutral,Neutral,95.9,,,0.323,"cBioPortal,COSMIC",,True,95.9,,,,neutral,neutral,neutral,DOWN,neutral,neutral,neutral,,,,92.68,G,-0.3758,0.0419,-22.2477,loss_of_function,-3.81213865462733,0.0288867012625852,Benign,0.6539,pathogenic,https://doi.org/10.1101/2022.10.22.513328
P520S,2.63262,-2.56667,-0.4904481932990506,Uncertain,Uncertain,55.3,,3.24354129839e-05,0.127,cBioPortal,,True,55.3,,,,neutral,neutral,neutral,DOWN,neutral,neutral,neutral,,,,93.51,H,-0.2622,0.7091,-22.2535,loss_of_function,0.114537502394613,9.659473812106522e-13,Benign,0.0767,benign,https://doi.org/10.1101/2022.10.22.513328
P520T,2.54249,-2.88435,-0.4831731684149426,Uncertain,Uncertain,55.3,,,0.109,"cBioPortal,COSMIC",,True,55.3,,,,neutral,neutral,neutral,-,uncertain,uncertain,uncertain,,,,93.51,H,-0.2744,0.7091,-22.2535,loss_of_function,-0.919134138622498,6.047131643397594e-10,Benign,0.0661,benign,https://doi.org/10.1101/2022.10.22.513328
H527Q,0.52459,-0.16361,0.954475367452964,Neutral,Neutral,28.9,,,0.327,COSMIC,,False,28.9,,,,neutral,neutral,neutral,DOWN,neutral,neutral,neutral,,,,94.91,H,-0.2619,0.0377,-22.2535,loss_of_function,-1.81765918136991,0.0001074788177507,Benign,0.9221,pathogenic,https://doi.org/10.1101/2022.10.22.513328
S528C,1.02526,-0.03231,0.4708641674809416,Neutral,Neutral,65.6,,,0.454,"cBioPortal,COSMIC",,False,65.6,,,,uncertain,,,UP,neutral,neutral,neutral,,,,93.95,H,-0.3272,0.0417,-22.2535,loss_of_function,-1.86782014022333,0.3095959851142409,Benign,0.5352,ambiguous,https://doi.org/10.1101/2022.10.22.513328
H531Y,-0.89565,-0.24456,-0.4356565661004918,Neutral,Neutral,65.4,,4.0303079155e-06,0.404,"cBioPortal,COSMIC",,False,65.4,,,,neutral,neutral,neutral,UP,neutral,neutral,neutral,,,,90.0,T,-0.267,0.0209,-22.2535,loss_of_function,-2.70342375350411,0.0106932106970795,Benign,0.6068,pathogenic,https://doi.org/10.1101/2022.10.22.513328
T537M,2.25496,3.78435,1.149115241953678,Uncertain,Uncertain,0.2,,,0.631,"cBioPortal,COSMIC",,True,0.2,,,,uncertain,,,UP,neutral,neutral,neutral,,,,93.83,H,-0.3595,0.0881,-22.2535,loss_of_function,-5.81834315127698,0.787825168913481,Pathogenic,0.9736,pathogenic,https://doi.org/10.1101/2022.10.22.513328
R538L,0.22012,-0.53333,0.6298082979331715,Neutral,Neutral,30.3,,,0.646,cBioPortal,,True,30.3,,,,neutral,neutral,neutral,DOWN,neutral,neutral,neutral,,,,94.46,H,-0.4105,0.0209,-22.2535,loss_of_function,-4.72005475280246,0.3827098667924021,Uncertain,0.9879,pathogenic,https://doi.org/10.1101/2022.10.22.513328
R538Q,0.23441,-0.38912,1.7310646235291198,Neutral,Neutral,30.3,,0.0,0.516,"cBioPortal,COSMIC",,True,30.3,,,,neutral,neutral,neutral,DOWN,neutral,neutral,neutral,,,,94.46,H,-0.3827,0.0209,-22.2535,loss_of_function,-1.54423895534785,0.0037519460078904,Benign,0.7325,pathogenic,https://doi.org/10.1101/2022.10.22.513328
K547E,3.16033,2.05204,0.919184772853114,Uncertain,Uncertain,17.7,,,0.658,"cBioPortal,COSMIC",,True,17.7,,,,neutral,neutral,neutral,DOWN,neutral,neutral,neutral,,,,93.53,H,-0.3436,0.0417,-22.2535,loss_of_function,-8.47836420999792,0.9086222306576868,Pathogenic,0.9995,pathogenic,https://doi.org/10.1101/2022.10.22.513328
N550S,-0.20836,0.62143,1.495991372029888,Neutral,Neutral,19.1,,,0.371,"cBioPortal,COSMIC",,True,19.1,,,,neutral,neutral,neutral,DOWN,neutral,neutral,neutral,,,,89.83,H,-0.2989,0.0001,-22.2506,loss_of_function,-4.03386491601889,0.0794274505846857,Benign,0.7089,pathogenic,https://doi.org/10.1101/2022.10.22.513328
F552L,2.88055,3.35068,2.5343859421845885,Uncertain,Uncertain,6.0,,,0.315,"cBioPortal,COSMIC",,True,6.0,,,,neutral,neutral,neutral,DOWN,neutral,neutral,neutral,,,,92.01,-,-0.3554,0.0001,-22.2506,loss_of_function,-3.65408579591896,0.1760066559382422,Benign,0.9992,pathogenic,https://doi.org/10.1101/2022.10.22.513328
P553S,1.85891,2.42891,-0.6630007540084826,Uncertain,Neutral,71.2,,,0.274,COSMIC,,True,71.2,,,,neutral,neutral,neutral,DOWN,neutral,neutral,neutral,,,,88.18,G,-0.2577,0.0209,-8.9656,loss_of_function,-2.08279330131536,0.0044247640145492,Benign,0.8057,pathogenic,https://doi.org/10.1101/2022.10.22.513328
E554G,2.06986,1.0517,1.7539807206581648,Uncertain,Uncertain,64.8,,,0.485,cBioPortal,,False,64.8,,,,neutral,neutral,neutral,DOWN,neutral,neutral,neutral,,,,89.94,G,-0.3445,0.0209,-22.2535,loss_of_function,-5.62309219919305,0.5079061085053507,Uncertain,0.8668,pathogenic,https://doi.org/10.1101/2022.10.22.513328
E554K,0.45103,0.30374,1.0119217252303174,Neutral,Neutral,64.8,,,0.45,cBioPortal,,False,64.8,,,,neutral,neutral,neutral,UP,neutral,neutral,neutral,,,,89.94,G,-0.3408,0.0209,-22.2535,loss_of_function,-5.7445637295604,0.3079145676229056,Benign,0.9537,pathogenic,https://doi.org/10.1101/2022.10.22.513328
Q560H,3.30443,1.52245,1.1137236137984523,Uncertain,Uncertain,17.7,,,0.345,COSMIC,,False,17.7,,,,neutral,neutral,neutral,UP,neutral,neutral,neutral,,,,93.29,H,-0.2991,0.0209,-22.2535,loss_of_function,-2.96480809699597,0.0232065793620813,Benign,0.9184,pathogenic,https://doi.org/10.1101/2022.10.22.513328
R564L,-0.37523,0.56667,-0.1024678782427879,Neutral,Neutral,61.7,,,0.466,"cBioPortal,COSMIC",,False,61.7,,,,neutral,neutral,neutral,DOWN,neutral,neutral,neutral,,,,90.69,H,-0.4105,0.0209,-22.2506,loss_of_function,-3.02452047104632,0.0015863949884245,Benign,0.2528,benign,https://doi.org/10.1101/2022.10.22.513328
R564Q,0.17558,0.28776,0.8510979527013329,Neutral,Neutral,61.7,,4.0250843255e-06,0.294,"cBioPortal,COSMIC,clinvar",,False,61.7,,,,neutral,neutral,neutral,DOWN,neutral,neutral,neutral,2295473,Uncertain significance,1,90.69,H,-0.3827,0.0209,-22.2506,loss_of_function,-0.997550870561614,8.672201790072116e-08,Benign,0.0899,benign,https://doi.org/10.1101/2022.10.22.513328
A565V,0.42125,1.89286,0.1270506875644178,Neutral,Neutral,56.2,,4.0262187364e-06,0.099,"cBioPortal,COSMIC",,False,56.2,,,,neutral,neutral,neutral,UP,neutral,neutral,neutral,,,,84.68,S,-0.2101,1.0678,-22.2506,loss_of_function,-1.73030111676453,3.190937015881172e-07,Benign,0.1678,benign,https://doi.org/10.1101/2022.10.22.513328
G566D,-0.31995,-0.84014,-0.7786855144111948,Neutral,Neutral,94.6,,,0.137,COSMIC,,False,94.6,,,,neutral,neutral,neutral,UP,neutral,neutral,neutral,,,,69.77,H,-0.2652,0.7258,-0.2976,loss_of_function,0.310523737998254,8.523039827607033e-19,Benign,0.2224,benign,https://doi.org/10.1101/2022.10.22.513328
Q568H,-0.83525,2.21054,0.4320720011052192,Uncertain,Neutral,3.8,,,0.314,COSMIC,,False,3.8,,,,neutral,neutral,neutral,UP,neutral,neutral,neutral,,,,76.3,H,-0.301,0.0001,-22.2506,loss_of_function,-2.35230024955386,3.276379078942699e-07,Benign,0.5555,ambiguous,https://doi.org/10.1101/2022.10.22.513328
Q568K,0.57195,3.80748,1.8951403033077887,Uncertain,Neutral,3.8,,,0.216,"cBioPortal,COSMIC",,False,3.8,,,,neutral,neutral,neutral,UP,neutral,neutral,neutral,,,,76.3,H,-0.3331,0.0001,-22.2506,loss_of_function,-3.40574220073342,2.8009489401320205e-07,Benign,0.8693,pathogenic,https://doi.org/10.1101/2022.10.22.513328
Q568P,1.73625,8.46939,4.197660647722699,Uncertain,Uncertain,3.8,,,0.377,"cBioPortal,COSMIC",,False,3.8,,,,neutral,neutral,neutral,DOWN,neutral,neutral,neutral,,,,76.3,H,-0.4736,0.0001,-22.2506,loss_of_function,-4.54149805388681,0.0051011855792793,Benign,0.3175,benign,https://doi.org/10.1101/2022.10.22.513328
R570C,0.66065,0.44728,0.7854152593203986,Neutral,Neutral,94.3,6.39059304703e-05,4.0319329086e-06,0.201,"cBioPortal,COSMIC",,False,94.3,,,,neutral,neutral,neutral,DOWN,neutral,neutral,neutral,,,,80.77,T,-0.3416,0.8384,-22.2506,loss_of_function,-1.61864490314461,,,0.3979,ambiguous,https://doi.org/10.1101/2022.10.22.513328
R570H,0.29458,-0.79728,-0.0797296458104124,Neutral,Neutral,94.3,,4.0326483208e-06,0.196,"cBioPortal,COSMIC",,False,94.3,,,,neutral,neutral,neutral,DOWN,neutral,neutral,neutral,,,,80.77,T,-0.3025,0.8384,-22.2506,loss_of_function,-4.05930063985783,,,0.3052,benign,https://doi.org/10.1101/2022.10.22.513328
A572P,-0.54484,-0.62857,1.3758615293033856,Neutral,Neutral,115.3,,,0.227,COSMIC,,False,115.3,,,,neutral,neutral,neutral,UP,neutral,neutral,neutral,,,,85.52,S,-0.405,0.621,-22.2506,loss_of_function,-1.30341583182946,9.413231830413334e-07,Benign,0.3971,ambiguous,https://doi.org/10.1101/2022.10.22.513328
D573N,3.48972,0.00782,0.5441325143487377,Uncertain,Uncertain,40.1,,,0.417,COSMIC,,False,40.1,,,,neutral,neutral,neutral,-,uncertain,uncertain,uncertain,,,,89.84,S,-0.3135,0.0209,-22.2535,loss_of_function,-1.19261521055243,1.725341268668073e-05,Benign,0.6604,pathogenic,https://doi.org/10.1101/2022.10.22.513328
V574L,-0.34151,-0.07415,-0.342558667429968,Neutral,Neutral,93.0,,,0.139,"cBioPortal,COSMIC",,False,93.0,,,,neutral,neutral,neutral,UP,neutral,neutral,neutral,,,,90.63,H,-0.3436,0.0881,-22.2535,loss_of_function,-2.2118942951173,8.962502154644658e-06,Benign,0.8089,pathogenic,https://doi.org/10.1101/2022.10.22.513328
V574M,-0.51271,0.04728,0.0050627064840463,Neutral,Neutral,93.0,,8.0818530073e-06,0.253,"cBioPortal,COSMIC",,False,93.0,,,,neutral,neutral,neutral,UP,neutral,neutral,neutral,,,,90.63,H,-0.3527,0.0881,-22.2535,loss_of_function,-2.31289042733331,9.169699295056176e-05,Benign,0.6579,pathogenic,https://doi.org/10.1101/2022.10.22.513328
E575D,0.12958,2.37075,0.6834176547682232,Uncertain,Neutral,51.2,,,0.332,"cBioPortal,COSMIC",,False,51.2,,,,neutral,neutral,neutral,DOWN,neutral,neutral,neutral,,,,91.0,H,-0.2864,0.0001,-22.2535,loss_of_function,-2.76808926324415,0.0167950360457405,Benign,0.9139,pathogenic,https://doi.org/10.1101/2022.10.22.513328
Q577H,0.34679,-0.21395,0.692763358794411,Neutral,Neutral,43.7,,,0.592,"cBioPortal,COSMIC",,False,43.7,,,,neutral,neutral,neutral,UP,neutral,neutral,neutral,,,,92.81,H,-0.2991,0.0209,-22.2535,loss_of_function,-6.96885663756498,0.6013793807378112,Uncertain,0.9979,pathogenic,https://doi.org/10.1101/2022.10.22.513328
R579Q,0.49988,1.2449,1.1685157939737294,Neutral,Neutral,30.0,,,0.62,"cBioPortal,COSMIC",,False,30.0,,,,neutral,neutral,neutral,DOWN,neutral,neutral,neutral,,,,93.19,H,-0.3846,0.0001,-22.2506,loss_of_function,-8.47786295679949,0.8970431082285275,Pathogenic,0.979,pathogenic,https://doi.org/10.1101/2022.10.22.513328
V581L,-0.45805,-0.02687,-0.1364648144990282,Neutral,Neutral,57.3,,4.0457329654e-06,0.271,"cBioPortal,COSMIC",,True,57.3,,,,neutral,neutral,neutral,UP,neutral,neutral,neutral,,,,92.23,H,-0.3419,0.1064,-22.2535,loss_of_function,-0.846448543353384,7.781473593078983e-08,Benign,0.3942,ambiguous,https://doi.org/10.1101/2022.10.22.513328
V581M,-0.71903,0.67109,0.5030710235649505,Neutral,Neutral,57.3,,,0.317,"cBioPortal,COSMIC",,True,57.3,,,,neutral,neutral,neutral,UP,neutral,neutral,neutral,,,,92.23,H,-0.351,0.1064,-22.2535,loss_of_function,-0.825954303446791,0.00041742189941,Benign,0.2639,benign,https://doi.org/10.1101/2022.10.22.513328
L584F,1.64577,1.52109,0.9668753773848316,Neutral,Neutral,16.2,,4.050747768e-06,0.401,cBioPortal,,True,16.2,,,,neutral,neutral,neutral,UP,neutral,neutral,neutral,,,,92.95,H,-0.2833,0.0209,-8.9656,loss_of_function,-1.90475224434489,0.0004180797722538,Benign,0.4113,ambiguous,https://doi.org/10.1101/2022.10.22.513328
D593Y,0.98282,0.01939,-0.161869713053202,Neutral,Neutral,106.7,,,0.589,COSMIC,,True,106.7,,,,neutral,neutral,neutral,UP,neutral,neutral,neutral,,,,86.25,H,-0.3918,0.0209,-22.2535,loss_of_function,-5.62326351699273,0.1745749212403252,Benign,0.9778,pathogenic,https://doi.org/10.1101/2022.10.22.513328
V594I,-0.51012,-0.23231,0.2092713166189314,Neutral,Neutral,64.1,,,0.166,cBioPortal,,True,64.1,,,,neutral,neutral,neutral,UP,neutral,neutral,neutral,,,,88.18,H,-0.0862,0.9835,-0.715,loss_of_function,-0.359274582709444,1.285873975367141e-05,Benign,0.1194,benign,https://doi.org/10.1101/2022.10.22.513328
L595P,6.0871,11.90782,8.009689526433279,Destabilizing,Destabilizing,10.3,,,0.5,cBioPortal,,True,10.3,,,,neutral,neutral,neutral,DOWN,neutral,neutral,neutral,,,,86.81,H,-0.501,0.0209,-22.2506,loss_of_function,-7.33608918896746,0.3756746356986012,Uncertain,0.9983,pathogenic,https://doi.org/10.1101/2022.10.22.513328
E601D,0.55153,0.58673,0.3590031035908009,Neutral,Neutral,58.3,,,0.167,cBioPortal,,True,58.3,,,,neutral,neutral,neutral,DOWN,neutral,neutral,neutral,,,,83.68,-,-0.2806,0.0627,-22.2477,loss_of_function,-3.48533633567296,0.338137520669084,Uncertain,0.9895,pathogenic,https://doi.org/10.1101/2022.10.22.513328
P604S,1.53727,1.21224,0.4153786900162637,Neutral,Neutral,72.2,,,0.289,cBioPortal,,False,72.2,,,,neutral,neutral,neutral,DOWN,neutral,neutral,neutral,,,,82.77,-,-0.2558,0.0418,-8.9628,loss_of_function,-1.49839690969264,0.0009255301861603,Benign,0.5396,ambiguous,https://doi.org/10.1101/2022.10.22.513328
R608C,0.46971,0.62993,0.8535137879143514,Neutral,Neutral,83.6,,,0.269,"cBioPortal,COSMIC",,False,83.6,,,,neutral,neutral,neutral,DOWN,neutral,neutral,neutral,,,,64.31,-,-0.413,0.0626,-22.2506,loss_of_function,-5.44303136790265,0.5583155775529458,Uncertain,0.9754,pathogenic,https://doi.org/10.1101/2022.10.22.513328
S610P,-0.04013,0.98605,1.3226281308699688,Neutral,Neutral,5.4,,,0.452,cBioPortal,,False,5.4,,,,uncertain,,,UP,neutral,neutral,stabilizing,,,,64.09,-,-0.3643,0.0209,-8.9628,loss_of_function,-4.89553875165365,0.2040438877979238,Benign,0.9813,pathogenic,https://doi.org/10.1101/2022.10.22.513328
I612V,1.24658,0.58503,1.011084815834327,Neutral,Neutral,1.0,,,0.177,cBioPortal,,False,1.0,,,,neutral,neutral,neutral,DOWN,neutral,neutral,neutral,,,,74.41,H,-0.2697,0.021,-22.2477,loss_of_function,-2.68372302596848,1.0239812468173388e-05,Benign,0.7384,pathogenic,https://doi.org/10.1101/2022.10.22.513328
R618H,1.0943,0.16769,0.4840817028852612,Neutral,Neutral,92.5,,1.17115217951e-05,0.162,"cBioPortal,COSMIC",,True,92.5,,,,neutral,neutral,neutral,DOWN,neutral,neutral,neutral,,,,60.93,H,-0.305,0.8114,-22.2419,loss_of_function,-3.4889249302603,3.398675770761549e-05,Benign,0.2431,benign,https://doi.org/10.1101/2022.10.22.513328
G623E,-0.27637,-0.8,0.0180866380022753,Neutral,Neutral,119.6,,6.09436515e-06,0.155,cBioPortal,,False,119.6,,,,neutral,neutral,neutral,UP,neutral,neutral,neutral,,,,30.48,T,-0.3334,1.1938,-22.2448,loss_of_function,-2.24284352823839,7.8065159742984e-08,Benign,0.3524,ambiguous,https://doi.org/10.1101/2022.10.22.513328
G625S,0.04962,0.22211,0.6107353914262253,Neutral,Neutral,119.8,,6.2675491376e-06,0.06,COSMIC,,False,119.8,,,,neutral,neutral,neutral,UP,neutral,neutral,neutral,,,,26.22,S,-0.232,1.7133,-22.2506,loss_of_function,-0.632885938874587,2.4405568646238663e-08,Benign,0.0741,benign,https://doi.org/10.1101/2022.10.22.513328
S637R,0.08359,0.0017,-0.1550920628833957,Neutral,Neutral,105.3,,,0.05,"cBioPortal,COSMIC",P,False,105.3,0.917,,,damaging,neutral,uncertain,UP,neutral,neutral,mixed_effects,,,,28.17,-,-0.103,2.203,-8.7878,loss_of_function,-0.92400576191607,,,0.363,ambiguous,https://doi.org/10.1101/2022.10.22.513328
D639N,1.6051,-0.37653,-0.0783900832522177,Neutral,Neutral,92.2,,2.26627183175e-05,0.12,cBioPortal,,False,92.2,,,,neutral,neutral,neutral,-,uncertain,uncertain,uncertain,,,,23.4,-,-0.0697,1.6284,-3.4563,loss_of_function,-0.19948859576558,6.560004017955897e-09,Benign,0.108,benign,https://doi.org/10.1101/2022.10.22.513328
N641D,0.15389,1.11939,-0.1073066849934528,Neutral,Neutral,111.4,,,,clinvar,,False,111.4,,,,neutral,neutral,neutral,-,uncertain,uncertain,uncertain,2212344,Uncertain significance,1,25.01,-,-0.222,0.4596,-8.957,loss_of_function,-0.607518964649123,6.827287163022589e-06,Benign,0.2622,benign,https://doi.org/10.1101/2022.10.22.513328
G642W,2.53282,3.52177,0.7513836290300147,Uncertain,Uncertain,95.9,,,0.219,"cBioPortal,COSMIC",,False,95.9,,,,neutral,neutral,neutral,UP,neutral,neutral,mixed_effects,,,,22.9,-,-0.4397,0.453,-22.2477,loss_of_function,-2.96006083086333,,,0.525,ambiguous,https://doi.org/10.1101/2022.10.22.513328
P648L,-2.02977,1.02619,-0.7005977581100431,Uncertain,Uncertain,82.4,,,0.024,COSMIC,,True,82.4,,,,neutral,neutral,neutral,UP,neutral,neutral,stabilizing,,,,27.57,-,-0.1223,2.0242,-8.9453,loss_of_function,-0.394542176940581,,,0.0786,benign,https://doi.org/10.1101/2022.10.22.513328
T650A,-0.07783,-0.09014,0.1388694283231989,Neutral,Neutral,109.5,,,,clinvar,P,True,109.5,-0.025,,,damaging,neutral,potentially_damaging,DOWN,neutral,neutral,stabilizing,2314391,Uncertain significance,1,24.86,-,-0.0199,2.1519,-1.6752,loss_of_function,-0.0295628270196091,1.1867009287726783e-09,Benign,0.0547,benign,https://doi.org/10.1101/2022.10.22.513328
S655L,-0.30917,0.05952,-0.6003966504709368,Neutral,Neutral,93.7,,,0.107,cBioPortal,P,True,93.7,-0.032,,,damaging,neutral,potentially_damaging,UP,neutral,neutral,stabilizing,,,,22.92,-,-0.2088,0.8826,-8.9394,loss_of_function,-0.612431478234311,1.664436005079968e-06,Benign,0.2281,benign,https://doi.org/10.1101/2022.10.22.513328
G662E,0.32879,1.21837,-0.1797412174984491,Neutral,Neutral,118.0,,,0.107,"cBioPortal,COSMIC",,False,118.0,,,,neutral,neutral,neutral,UP,neutral,neutral,neutral,,,,22.01,-,-0.2515,1.2582,-7.3546,loss_of_function,-0.756164212499161,1.9439016591460917e-05,Benign,0.9359,pathogenic,https://doi.org/10.1101/2022.10.22.513328
R664Q,0.48502,1.50306,0.119197057671192,Neutral,Neutral,101.7,,,0.103,cBioPortal,,False,101.7,,,,neutral,neutral,neutral,DOWN,neutral,neutral,neutral,,,,24.9,-,-0.1804,2.2171,-22.1946,loss_of_function,-0.394866699668284,4.4079330566183497e-08,Benign,0.1004,benign,https://doi.org/10.1101/2022.10.22.513328
P668S,0.99937,0.92891,-0.1078507714110649,Neutral,Neutral,86.2,,5.728951831e-06,0.048,"cBioPortal,COSMIC",,False,86.2,,,,neutral,neutral,neutral,DOWN,neutral,neutral,neutral,,,,27.35,-,-0.0222,2.3811,-5.3671,loss_of_function,-0.109835155067427,4.930912943171792e-09,Benign,0.0725,benign,https://doi.org/10.1101/2022.10.22.513328
P669Q,0.17114,0.02313,-0.1219372469818236,Neutral,Neutral,95.4,,,0.041,COSMIC,,False,95.4,,,,neutral,neutral,neutral,UP,neutral,neutral,stabilizing,,,,25.95,-,-0.1358,2.3876,-22.1269,loss_of_function,-0.20921198751901,7.200144355996433e-07,Benign,0.0967,benign,https://doi.org/10.1101/2022.10.22.513328
P672S,0.81137,0.8119,-0.0501399824470699,Neutral,Neutral,87.3,,,,clinvar,,False,87.3,,,,neutral,neutral,neutral,DOWN,neutral,neutral,neutral,2278487,Uncertain significance,1,25.38,-,-0.0384,2.1535,-4.4386,loss_of_function,0.0561884733171428,1.381732628162905e-10,Benign,0.0644,benign,https://doi.org/10.1101/2022.10.22.513328
P673L,0.5681,0.53912,-0.5918750559173702,Neutral,Neutral,93.1,,1.03213021355e-05,0.038,"cBioPortal,COSMIC",,False,93.1,,,,neutral,neutral,neutral,UP,neutral,neutral,stabilizing,,,,25.52,-,-0.1687,1.4198,-7.1395,loss_of_function,-0.193545788259544,4.276405965977892e-06,Benign,0.1082,benign,https://doi.org/10.1101/2022.10.22.513328
A676V,-0.09442,-0.47415,-0.4706437897596532,Neutral,Neutral,107.3,,,0.036,COSMIC,,False,107.3,,,,neutral,neutral,neutral,UP,neutral,neutral,stabilizing,,,,24.44,-,-0.0152,2.2783,-5.8887,loss_of_function,-0.18055225205878,,,0.0921,benign,https://doi.org/10.1101/2022.10.22.513328
D684G,0.97052,2.07143,0.7891649035459161,Uncertain,Neutral,106.7,,,0.263,"cBioPortal,COSMIC",,True,106.7,,,,neutral,neutral,neutral,DOWN,neutral,neutral,neutral,,,,25.33,-,-0.25,0.4548,-8.9247,loss_of_function,-0.781964749713602,5.6922038460449945e-06,Benign,0.8031,pathogenic,https://doi.org/10.1101/2022.10.22.513328
P689L,0.12305,0.35748,-0.4266786274792938,Neutral,Neutral,95.8,,4.7940936766e-06,0.029,cBioPortal,,False,95.8,,,,neutral,neutral,neutral,UP,neutral,neutral,neutral,,,,30.13,-,-0.1161,1.9115,-5.6845,loss_of_function,-0.239055062059547,5.345063646001101e-07,Benign,0.1189,benign,https://doi.org/10.1101/2022.10.22.513328
P689T,0.31021,0.98265,-0.1384085235717508,Neutral,Neutral,95.8,,,0.048,cBioPortal,,False,95.8,,,,neutral,neutral,neutral,-,uncertain,uncertain,uncertain,,,,30.13,-,-0.0741,1.9115,-4.6845,loss_of_function,0.0363098417944733,2.000544373161836e-06,Benign,0.0652,benign,https://doi.org/10.1101/2022.10.22.513328
A690T,0.13754,-0.0568,-0.1399309311106233,Neutral,Neutral,101.5,,,0.076,COSMIC,,False,101.5,,,,neutral,neutral,neutral,UP,neutral,neutral,neutral,,,,23.11,-,-0.0393,1.9575,-4.2439,loss_of_function,-0.0021859706391176,5.3484204726158854e-08,Benign,0.0678,benign,https://doi.org/10.1101/2022.10.22.513328
A690V,0.17872,0.0551,-0.1836062788136899,Neutral,Neutral,101.5,,,0.02,"cBioPortal,COSMIC",,False,101.5,,,,neutral,neutral,neutral,UP,neutral,neutral,neutral,,,,23.11,-,-0.0411,1.9575,-5.1699,loss_of_function,-0.22302985845892,2.9103831071206666e-06,Benign,0.0768,benign,https://doi.org/10.1101/2022.10.22.513328
A691S,-0.8311,-0.12857,-0.2247842984521886,Neutral,Neutral,99.7,,,0.008,COSMIC,,True,99.7,,,,neutral,neutral,neutral,-,uncertain,uncertain,uncertain,,,,26.35,-,-0.0157,2.0823,-3.0298,loss_of_function,-0.0396147445775492,,,0.0645,benign,https://doi.org/10.1101/2022.10.22.513328
Q692E,-0.07543,0.64592,-0.4390798432377885,Neutral,Neutral,109.9,,,0.035,COSMIC,,True,109.9,,,,neutral,neutral,neutral,DOWN,neutral,neutral,stabilizing,,,,23.61,-,0.0502,2.8943,-4.826,gain_of_function,-0.110072625968614,,,0.0904,benign,https://doi.org/10.1101/2022.10.22.513328
P693S,-2.28065,0.80408,-0.2073641221240563,Uncertain,Uncertain,81.1,,,,clinvar,,True,81.1,,,,neutral,neutral,neutral,DOWN,neutral,neutral,neutral,2329097,Uncertain significance,1,26.25,-,-0.0616,1.946,-5.2384,loss_of_function,-0.0151182876986086,,,0.067,benign,https://doi.org/10.1101/2022.10.22.513328
G696E,-0.21826,-0.85,-0.1994634956875063,Neutral,Neutral,90.9,,,0.049,cBioPortal,,True,90.9,,,,neutral,neutral,neutral,UP,neutral,neutral,stabilizing,,,,23.06,-,-0.2668,1.874,-21.4576,loss_of_function,-0.271213255383654,,,0.163,benign,https://doi.org/10.1101/2022.10.22.513328
E700Q,0.21507,0.54932,0.1239896790957223,Neutral,Neutral,109.3,,,0.081,cBioPortal,,True,109.3,,,,neutral,neutral,neutral,UP,neutral,neutral,stabilizing,,,,22.82,-,-0.0656,1.6052,-6.5949,loss_of_function,-0.070744889921431,,,0.1462,benign,https://doi.org/10.1101/2022.10.22.513328
E701D,0.33604,-0.05102,-0.1120536735654215,Neutral,Neutral,86.8,,,,clinvar,,True,86.8,,,,neutral,neutral,neutral,DOWN,neutral,neutral,neutral,2487445,Uncertain significance,1,24.64,-,-0.0062,1.8919,-1.4607,loss_of_function,-0.0241463367025845,,,0.0675,benign,https://doi.org/10.1101/2022.10.22.513328
E701G,0.66462,0.97619,0.5225404636899844,Neutral,Neutral,86.8,,,0.063,cBioPortal,,True,86.8,,,,neutral,neutral,neutral,DOWN,neutral,neutral,neutral,,,,24.64,-,-0.1005,1.8919,-8.1748,loss_of_function,-0.189757093692413,,,0.1266,benign,https://doi.org/10.1101/2022.10.22.513328
A702V,0.81425,-0.31156,0.0593852064684891,Neutral,Neutral,95.0,,,,COSMIC,,True,95.0,,,,neutral,neutral,neutral,UP,neutral,neutral,neutral,,,,25.02,-,-0.0414,1.9917,-5.848,loss_of_function,-0.141571170834276,,,0.0968,benign,https://doi.org/10.1101/2022.10.22.513328
L704F,-0.43268,1.67313,0.6038488557261514,Neutral,Neutral,63.2,,,0.059,cBioPortal,,False,63.2,,,,neutral,neutral,neutral,UP,neutral,neutral,neutral,,,,23.84,-,-0.1165,1.6732,-6.0714,loss_of_function,-0.295766654002403,,,0.1444,benign,https://doi.org/10.1101/2022.10.22.513328
S705I,0.2798,-0.74626,-0.3300595535379591,Neutral,Neutral,103.7,,,0.122,COSMIC,,False,103.7,,,,uncertain,,,UP,neutral,neutral,stabilizing,,,,24.38,-,-0.2267,1.401,-21.0426,loss_of_function,-0.259570411995621,,,0.5196,ambiguous,https://doi.org/10.1101/2022.10.22.513328
S705R,-0.87343,-0.91497,-0.5094492137126866,Neutral,Neutral,103.7,,,0.043,cBioPortal,,False,103.7,,,,uncertain,,,UP,neutral,neutral,stabilizing,,,,24.38,-,-0.1511,1.401,-3.7549,loss_of_function,-0.122982393093196,,,0.3695,ambiguous,https://doi.org/10.1101/2022.10.22.513328
E706K,-0.21248,2.26054,-0.1220112276215834,Uncertain,Neutral,91.5,,,0.088,"cBioPortal,COSMIC",,False,91.5,,,,neutral,neutral,neutral,UP,neutral,neutral,neutral,,,,25.01,-,-0.0029,2.8092,-6.3219,loss_of_function,-0.0946923556158098,,,0.4617,ambiguous,https://doi.org/10.1101/2022.10.22.513328
E708D,-0.00883,1.25544,-0.0118114437946875,Neutral,Neutral,87.6,,,0.047,cBioPortal,,False,87.6,,,,neutral,neutral,neutral,DOWN,neutral,neutral,neutral,,,,22.42,-,0.0758,2.8842,-3.273,gain_of_function,-0.007299290357099,,,0.1016,benign,https://doi.org/10.1101/2022.10.22.513328
E708K,-0.70019,-0.00034,0.1689868464958582,Neutral,Neutral,87.6,,,0.117,COSMIC,,False,87.6,,,,neutral,neutral,neutral,UP,neutral,neutral,neutral,,,,22.42,-,-0.0682,2.8842,-20.4676,loss_of_function,-0.122468949942328,,,0.387,ambiguous,https://doi.org/10.1101/2022.10.22.513328
E708Q,-0.5615,-0.0915,0.2205962261881155,Neutral,Neutral,87.6,,8.4275107661e-06,0.075,"cBioPortal,COSMIC",,False,87.6,,,,neutral,neutral,neutral,UP,neutral,neutral,neutral,,,,22.42,-,0.0542,2.8842,-6.1799,gain_of_function,-0.0147674302126445,,,0.128,benign,https://doi.org/10.1101/2022.10.22.513328
P709T,1.43638,1.10408,0.6031392819065418,Neutral,Neutral,52.8,,,0.192,cBioPortal,,False,52.8,,,,neutral,neutral,neutral,-,uncertain,uncertain,uncertain,,,,29.39,-,-0.0639,1.9958,-4.2095,loss_of_function,-0.010411352713495,,,0.0647,benign,https://doi.org/10.1101/2022.10.22.513328
P712H,0.07145,0.93844,-0.6108022407661068,Neutral,Neutral,95.9,0.0001912899317733,0.0001889676487385,0.038,"cBioPortal,COSMIC,clinvar",,True,95.9,,,,neutral,neutral,neutral,UP,neutral,neutral,neutral,2354633,Uncertain significance,1,26.18,-,-0.1141,1.9117,-7.2573,loss_of_function,-0.0642064624990951,,,0.1446,benign,https://doi.org/10.1101/2022.10.22.513328
E713D,0.56563,1.16497,0.0180036144471135,Neutral,Neutral,104.3,,,0.112,cBioPortal,,True,104.3,,,,neutral,neutral,neutral,DOWN,neutral,neutral,neutral,,,,26.62,-,0.0514,2.7011,-4.7549,gain_of_function,-0.0324264828062504,,,0.0741,benign,https://doi.org/10.1101/2022.10.22.513328
E713K,0.17087,-0.15544,0.1174214206135237,Neutral,Neutral,104.3,9.5773209041e-05,5.04502686477e-05,0.156,"cBioPortal,clinvar",,True,104.3,,,,neutral,neutral,neutral,UP,neutral,neutral,stabilizing,2322029,Uncertain significance,1,26.62,-,-0.013,2.7011,-6.3398,loss_of_function,-0.0149083432242106,,,0.269,benign,https://doi.org/10.1101/2022.10.22.513328
E713V,0.57664,-0.41735,-0.3743002391387473,Neutral,Neutral,104.3,,,0.092,COSMIC,,True,104.3,,,,neutral,neutral,neutral,-,uncertain,uncertain,uncertain,,,,26.62,-,-0.0012,2.7011,-5.7549,loss_of_function,-0.0089871241804919,,,0.2063,benign,https://doi.org/10.1101/2022.10.22.513328
M716V,0.2579,0.4085,-0.1959068749027193,Neutral,Neutral,105.8,,,,clinvar,,True,105.8,,,,neutral,neutral,neutral,DOWN,neutral,neutral,stabilizing,2343412,Uncertain significance,1,26.23,-,0.0402,3.1297,-2.0,gain_of_function,-0.0010461858910039,,,0.0521,benign,https://doi.org/10.1101/2022.10.22.513328
A720S,0.17386,-0.09422,0.1330724048487791,Neutral,Neutral,110.8,,,0.045,cBioPortal,,False,110.8,,,,neutral,neutral,neutral,-,uncertain,uncertain,uncertain,,,,25.16,-,0.0167,2.3516,-1.548,gain_of_function,-0.020254137746607,,,0.0814,benign,https://doi.org/10.1101/2022.10.22.513328
A720V,0.12435,0.90034,-0.0093423310827017,Neutral,Neutral,110.8,,,0.014,"cBioPortal,COSMIC",,False,110.8,,,,neutral,neutral,neutral,UP,neutral,neutral,neutral,,,,25.16,-,0.0075,2.3516,-2.7643,gain_of_function,-0.0468502109774586,,,0.1175,benign,https://doi.org/10.1101/2022.10.22.513328
D721N,-0.76371,0.35272,0.2739251030503076,Neutral,Neutral,100.2,,,0.05,"cBioPortal,COSMIC",,False,100.2,,,,neutral,neutral,neutral,-,uncertain,uncertain,uncertain,,,,27.85,-,-0.0588,1.7891,-4.213,loss_of_function,-0.0400266332148324,,,0.1301,benign,https://doi.org/10.1101/2022.10.22.513328
A723T,-1.16312,3.08231,-0.2251747403513621,Uncertain,Neutral,94.9,,,,clinvar,,False,94.9,,,,neutral,neutral,neutral,UP,neutral,neutral,stabilizing,2390358,Uncertain significance,1,24.49,-,-0.0147,2.1958,-3.7263,loss_of_function,-0.026192330128003,,,0.0756,benign,https://doi.org/10.1101/2022.10.22.513328
A726V,0.13157,0.46973,-0.3046858973604677,Neutral,Neutral,102.8,,,0.051,"cBioPortal,COSMIC",,False,102.8,,,,neutral,neutral,neutral,UP,neutral,neutral,neutral,,,,27.39,-,-0.0053,2.3034,-4.3923,loss_of_function,-0.197308699640715,,,0.0878,benign,https://doi.org/10.1101/2022.10.22.513328
P730S,0.4707,1.45408,0.0230855703353327,Neutral,Neutral,87.2,,,,clinvar,,False,87.2,,,,neutral,neutral,neutral,DOWN,neutral,neutral,neutral,2480047,Uncertain significance,1,42.41,T,-0.0291,2.0889,-1.4559,loss_of_function,0.0400539065245715,,,0.0753,benign,https://doi.org/10.1101/2022.10.22.513328
I733S,1.69495,2.91463,2.06409213624716,Uncertain,Uncertain,23.4,,,,clinvar,,False,23.4,,,,neutral,neutral,neutral,DOWN,neutral,neutral,neutral,2459698,Uncertain significance,1,59.37,-,-0.1327,2.6693,-4.8826,loss_of_function,0.0140216552259577,,,0.0799,benign,https://doi.org/10.1101/2022.10.22.513328
I733V,0.6314,0.23673,0.7467211107949697,Neutral,Neutral,23.4,,,0.021,cBioPortal,,False,23.4,,,,neutral,neutral,neutral,DOWN,neutral,neutral,neutral,,,,59.37,-,0.08,2.6693,-1.4631,gain_of_function,-0.0018562099902134,,,0.0599,benign,https://doi.org/10.1101/2022.10.22.513328
G734C,-0.57842,0.73231,1.113789028911842,Neutral,Neutral,94.1,,,,cBioPortal,,False,94.1,,,,neutral,neutral,neutral,UP,neutral,neutral,neutral,,,,63.92,-,-0.2654,1.8821,-21.299,loss_of_function,-0.755286750482044,,,0.1034,benign,https://doi.org/10.1101/2022.10.22.513328
P735H,0.133,0.69456,-0.1747967720825799,Neutral,Neutral,92.0,,,0.082,cBioPortal,,False,92.0,,,,neutral,neutral,neutral,UP,neutral,neutral,neutral,,,,75.73,-,-0.2426,1.2929,-21.2821,loss_of_function,-0.103203969966719,,,0.0994,benign,https://doi.org/10.1101/2022.10.22.513328
P735S,0.56733,1.05714,0.1358303583880554,Neutral,Neutral,92.0,,1.21258174822e-05,0.036,COSMIC,,False,92.0,,,,neutral,neutral,neutral,DOWN,neutral,neutral,neutral,,,,75.73,-,-0.1239,1.2929,-5.6724,loss_of_function,-0.0528685966901204,,,0.0715,benign,https://doi.org/10.1101/2022.10.22.513328
P736S,3.05091,1.54082,0.924770655563652,Uncertain,Uncertain,29.0,,,0.174,"cBioPortal,COSMIC",,False,29.0,,,,neutral,neutral,neutral,DOWN,neutral,neutral,neutral,,,,79.34,-,-0.0847,1.6572,-4.5685,loss_of_function,-0.311714937934022,,,0.1088,benign,https://doi.org/10.1101/2022.10.22.513328
P738T,1.8157,1.02585,-0.5623668247749797,Neutral,Neutral,80.9,3.18511912346e-05,,0.044,COSMIC,,False,80.9,,,,neutral,neutral,neutral,-,uncertain,uncertain,uncertain,,,,72.97,T,-0.0825,1.8301,-4.8777,loss_of_function,-0.279130875962535,,,0.0755,benign,https://doi.org/10.1101/2022.10.22.513328
D741E,-0.26611,0.40068,-0.155044399873539,Neutral,Neutral,44.5,,,,clinvar,,False,44.5,,,,neutral,neutral,neutral,UP,neutral,neutral,neutral,2282770,Uncertain significance,1,79.5,H,-0.0786,1.194,-1.6379,loss_of_function,-0.0896980157805108,,,0.0988,benign,https://doi.org/10.1101/2022.10.22.513328
D741N,-0.0778,0.43129,0.1525284738955035,Neutral,Neutral,44.5,,4.0362291932e-06,0.231,cBioPortal,,False,44.5,,,,neutral,neutral,neutral,-,uncertain,uncertain,uncertain,,,,79.5,H,-0.1246,1.194,-6.3794,loss_of_function,-0.0986687548971787,,,0.1,benign,https://doi.org/10.1101/2022.10.22.513328
V748M,-0.07847,1.5398,0.6564978411176092,Neutral,Neutral,4.7,3.18654005481e-05,8.025424545e-06,0.251,cBioPortal,,True,4.7,,,,neutral,neutral,neutral,UP,neutral,neutral,neutral,,,,91.93,T,-0.3243,0.3957,-22.2448,loss_of_function,-1.33914941762517,,,0.6739,pathogenic,https://doi.org/10.1101/2022.10.22.513328
E757K,-0.53313,1.54864,1.0182978161767624,Neutral,Neutral,41.1,,,0.415,COSMIC,,False,41.1,,,,neutral,neutral,neutral,UP,neutral,neutral,neutral,,,,92.94,E,-0.3372,0.0591,-22.2361,loss_of_function,-4.0370592156165,,,0.993,pathogenic,https://doi.org/10.1101/2022.10.22.513328
Q759R,-0.12162,0.11327,-0.3396226068305663,Neutral,Neutral,108.0,,,0.182,"cBioPortal,COSMIC",,False,108.0,,,,neutral,neutral,neutral,UP,neutral,neutral,neutral,,,,89.89,S,-0.3191,0.1358,-22.2361,loss_of_function,-1.44292028555054,,,0.2808,benign,https://doi.org/10.1101/2022.10.22.513328
R770L,0.11278,1.12075,-0.0437206422186048,Neutral,Neutral,84.6,,,0.417,"cBioPortal,COSMIC",,False,84.6,,,,neutral,neutral,neutral,DOWN,neutral,neutral,neutral,,,,89.04,E,-0.4103,0.0212,-22.2332,loss_of_function,-2.4938154035078,,,0.9407,pathogenic,https://doi.org/10.1101/2022.10.22.513328
L773V,1.19834,0.16837,0.8987392859060558,Neutral,Neutral,43.8,,,0.145,cBioPortal,,False,43.8,,,,neutral,neutral,neutral,DOWN,neutral,neutral,neutral,,,,94.64,E,-0.3298,0.0001,-22.2302,loss_of_function,-0.672306220508913,,,0.345,ambiguous,https://doi.org/10.1101/2022.10.22.513328
G774D,7.95117,6.63673,6.467870295738267,Destabilizing,Destabilizing,2.5,,,0.612,COSMIC,,False,2.5,,,,neutral,neutral,neutral,UP,neutral,neutral,neutral,,,,93.28,E,-0.4421,0.021,-22.2477,loss_of_function,-4.0974243091837,,,0.9996,pathogenic,https://doi.org/10.1101/2022.10.22.513328
G774V,2.88734,5.36633,5.51435568334409,Uncertain,Uncertain,2.5,,,0.581,cBioPortal,,False,2.5,,,,neutral,neutral,neutral,UP,neutral,neutral,neutral,,,,93.28,E,-0.4686,0.021,-22.2477,loss_of_function,-2.9319163207613,,,0.9945,pathogenic,https://doi.org/10.1101/2022.10.22.513328
R775C,1.68398,0.92585,1.8101291165643911,Neutral,Neutral,39.6,,4.0130987543e-06,0.271,COSMIC,,False,39.6,,,,neutral,neutral,neutral,DOWN,neutral,neutral,neutral,,,,94.67,E,-0.4134,0.0587,-22.2477,loss_of_function,-1.61655122509352,,,0.9092,pathogenic,https://doi.org/10.1101/2022.10.22.513328
R775H,0.70303,1.74762,0.9787156991709184,Neutral,Neutral,39.6,,,0.406,COSMIC,,False,39.6,,,,neutral,neutral,neutral,DOWN,neutral,neutral,neutral,,,,94.67,E,-0.3743,0.0587,-22.2477,loss_of_function,-2.18597192417099,,,0.8777,pathogenic,https://doi.org/10.1101/2022.10.22.513328
R775S,2.4898,1.89184,1.891833699623242,Uncertain,Uncertain,39.6,,,0.33,"cBioPortal,COSMIC",,False,39.6,,,,neutral,neutral,neutral,DOWN,neutral,neutral,neutral,,,,94.67,E,-0.4051,0.0587,-22.2477,loss_of_function,-1.80247047901374,,,0.9953,pathogenic,https://doi.org/10.1101/2022.10.22.513328
L778F,2.80319,2.11293,1.1637708568495015,Uncertain,Uncertain,0.0,,,0.215,"cBioPortal,COSMIC",,True,0.0,,,,neutral,neutral,neutral,UP,neutral,neutral,neutral,,,,96.57,E,-0.2118,1.5345,-22.2506,loss_of_function,-1.96693701503407,,,0.6954,pathogenic,https://doi.org/10.1101/2022.10.22.513328
L778V,1.85977,1.27143,1.4550267246566664,Neutral,Neutral,0.0,,,0.123,"cBioPortal,COSMIC",,True,0.0,,,,neutral,neutral,neutral,DOWN,neutral,neutral,neutral,,,,96.57,E,-0.0883,1.5345,-2.5706,loss_of_function,-0.228793018622795,,,0.1031,benign,https://doi.org/10.1101/2022.10.22.513328
G781D,-0.34405,-0.36939,0.2278722514529912,Neutral,Neutral,28.4,,,0.68,"cBioPortal,COSMIC",,False,28.4,,,,neutral,neutral,neutral,UP,neutral,neutral,neutral,,,,94.56,E,-0.4383,0.0625,-22.2535,loss_of_function,-3.54605672683487,,,0.9994,pathogenic,https://doi.org/10.1101/2022.10.22.513328
G781V,-2.64212,-2.42449,-0.3674406921663892,Uncertain,Uncertain,28.4,,,0.643,cBioPortal,,False,28.4,,,,neutral,neutral,neutral,UP,neutral,neutral,neutral,,,,94.56,E,-0.4648,0.0625,-22.2535,loss_of_function,-2.74674131935875,,,0.9949,pathogenic,https://doi.org/10.1101/2022.10.22.513328
T784A,1.98942,1.84762,0.495518730981902,Neutral,Neutral,18.2,,,0.298,cBioPortal,,True,18.2,,,,uncertain,,,DOWN,neutral,neutral,neutral,,,,91.96,S,-0.2977,0.2733,-22.2535,loss_of_function,-1.22469894126473,,,0.5913,pathogenic,https://doi.org/10.1101/2022.10.22.513328
S785L,-0.11157,0.06361,-0.0924375715923275,Neutral,Neutral,102.4,,8.0251669235e-06,0.486,cBioPortal,,True,102.4,,,,uncertain,,,UP,neutral,neutral,stabilizing,,,,89.14,S,-0.2704,0.2149,-8.9656,loss_of_function,-2.4732506476972,,,0.2851,benign,https://doi.org/10.1101/2022.10.22.513328
V786M,-0.50488,0.91293,0.3119545178756278,Neutral,Neutral,62.6,,4.0124868591e-06,0.112,cBioPortal,,True,62.6,,,,neutral,neutral,neutral,UP,neutral,neutral,stabilizing,,,,89.69,S,-0.157,1.3899,-7.3779,loss_of_function,-0.009504265271415,,,0.1205,benign,https://doi.org/10.1101/2022.10.22.513328
F788S,6.24799,5.90442,4.813499557946491,Destabilizing,Destabilizing,0.0,,,0.664,"cBioPortal,COSMIC",,True,0.0,,,,neutral,neutral,neutral,DOWN,neutral,neutral,neutral,,,,95.23,E,-0.3499,0.1156,-8.9628,loss_of_function,-0.777427892667069,,,0.9978,pathogenic,https://doi.org/10.1101/2022.10.22.513328
F791L,2.53784,2.33878,3.005621316414649,Uncertain,Uncertain,0.0,,,0.328,"cBioPortal,COSMIC",,True,0.0,,,,neutral,neutral,neutral,DOWN,neutral,neutral,neutral,,,,95.14,E,-0.2803,0.0796,-8.9599,loss_of_function,-1.55637735895336,,,0.9721,pathogenic,https://doi.org/10.1101/2022.10.22.513328
H797Y,-0.26893,1.33095,-0.4877424381495243,Neutral,Neutral,15.0,,,0.135,cBioPortal,,False,15.0,,,,neutral,neutral,neutral,UP,neutral,neutral,neutral,,,,90.38,-,-0.0147,1.7199,-3.4414,loss_of_function,-0.0776184625580481,,,0.07,benign,https://doi.org/10.1101/2022.10.22.513328
P798L,2.0272,0.97109,-0.8906005895316305,Uncertain,Uncertain,34.2,,8.0275505535e-06,0.219,"cBioPortal,clinvar",,False,34.2,,,,neutral,neutral,neutral,UP,neutral,neutral,neutral,2318368,Uncertain significance,1,85.73,-,-0.1328,1.7966,-6.8978,loss_of_function,-1.24380070959916,,,0.15,benign,https://doi.org/10.1101/2022.10.22.513328
P798R,1.47083,1.8432,-0.5012703699233356,Neutral,Neutral,34.2,,,0.267,"cBioPortal,COSMIC",,False,34.2,,,,neutral,neutral,neutral,UP,neutral,neutral,neutral,,,,85.73,-,-0.2319,1.7966,-22.1856,loss_of_function,-1.67702912903398,,,0.1746,benign,https://doi.org/10.1101/2022.10.22.513328
G799R,2.23554,4.15272,1.173475937091184,Uncertain,Uncertain,128.1,,,0.26,COSMIC,,False,128.1,,,,neutral,neutral,neutral,UP,neutral,neutral,neutral,,,,86.52,G,-0.3313,1.3975,-22.1765,loss_of_function,-0.827202024388202,,,0.2077,benign,https://doi.org/10.1101/2022.10.22.513328
L801F,6.00379,3.04626,2.6497471363069685,Destabilizing,Uncertain,0.5,,,0.22,"cBioPortal,COSMIC",,False,0.5,,,,neutral,neutral,neutral,UP,neutral,neutral,neutral,,,,89.61,G,-0.3281,0.2663,-22.1642,loss_of_function,-1.56651337607731,,,0.3327,benign,https://doi.org/10.1101/2022.10.22.513328
Q802H,0.72728,-0.10306,-0.1381359176990448,Neutral,Neutral,83.9,,4.014613192e-06,0.198,"cBioPortal,COSMIC",,False,83.9,,,,neutral,neutral,neutral,UP,neutral,neutral,neutral,,,,88.5,G,-0.0857,1.387,-5.0692,loss_of_function,-0.744635307786996,,,0.1232,benign,https://doi.org/10.1101/2022.10.22.513328
Q804K,-0.92552,0.27687,0.1232493203732654,Neutral,Neutral,35.2,,,0.044,"cBioPortal,COSMIC",,False,35.2,,,,neutral,neutral,neutral,UP,neutral,neutral,neutral,,,,92.36,T,-0.0411,2.2781,-6.1085,loss_of_function,-0.39491914357387,,,0.1662,benign,https://doi.org/10.1101/2022.10.22.513328
L805P,9.42313,10.83095,8.015278453196322,Destabilizing,Destabilizing,0.0,,,0.62,"cBioPortal,COSMIC",,False,0.0,,,,neutral,neutral,neutral,DOWN,neutral,neutral,neutral,,,,93.51,E,-0.3891,0.4433,-7.9336,loss_of_function,-3.26146932897643,,,0.9924,pathogenic,https://doi.org/10.1101/2022.10.22.513328
L805Q,2.80609,3.72517,3.347545294577712,Uncertain,Uncertain,0.0,,,0.578,cBioPortal,,False,0.0,,,,neutral,neutral,neutral,DOWN,neutral,neutral,neutral,,,,93.51,E,-0.3994,0.4433,-22.2214,loss_of_function,-3.70098000352382,,,0.9775,pathogenic,https://doi.org/10.1101/2022.10.22.513328
Q808H,0.27255,1.56599,-0.1384329142936785,Neutral,Neutral,54.3,,,0.075,COSMIC,,True,54.3,,,,neutral,neutral,neutral,UP,neutral,neutral,neutral,,,,91.34,E,-0.0974,1.1358,-2.8344,loss_of_function,-0.526942723130832,,,0.3483,ambiguous,https://doi.org/10.1101/2022.10.22.513328
T809I,-0.99898,-0.49762,-0.3728234994267171,Neutral,Neutral,30.2,,6.5137244173e-06,0.141,cBioPortal,,True,30.2,,,,uncertain,,,UP,neutral,neutral,neutral,,,,88.73,E,-0.1551,1.3115,-7.9483,loss_of_function,-0.455964241521527,,,0.3108,benign,https://doi.org/10.1101/2022.10.22.513328
R811H,0.35584,0.37449,0.1132767364225895,Neutral,Neutral,105.6,3.18918229366e-05,1.29480008287e-05,0.106,cBioPortal,,True,105.6,,,,neutral,neutral,neutral,DOWN,neutral,neutral,neutral,,,,80.28,-,-0.2337,1.586,-22.2361,loss_of_function,-0.945405801340798,,,0.0988,benign,https://doi.org/10.1101/2022.10.22.513328
V812A,1.70746,2.45034,2.5890577389696845,Uncertain,Uncertain,3.8,,,0.143,"cBioPortal,COSMIC",,True,3.8,,,,neutral,neutral,neutral,DOWN,neutral,neutral,neutral,,,,86.27,-,-0.204,0.5557,-3.4594,loss_of_function,-0.510704471710677,,,0.1917,benign,https://doi.org/10.1101/2022.10.22.513328
A813V,-0.11953,0.13503,-0.3007490877316821,Neutral,Neutral,77.7,,,0.087,COSMIC,,True,77.7,,,,neutral,neutral,neutral,UP,neutral,neutral,neutral,,,,84.92,-,-0.1761,1.436,-22.239,loss_of_function,-1.71319759836951,,,0.1281,benign,https://doi.org/10.1101/2022.10.22.513328
Q815K,0.03506,0.52211,0.0372209883862978,Neutral,Neutral,66.0,,,0.084,COSMIC,,False,66.0,,,,neutral,neutral,neutral,UP,neutral,neutral,stabilizing,,,,89.36,E,-0.139,2.1089,-22.2477,loss_of_function,-1.20917821583109,,,0.1454,benign,https://doi.org/10.1101/2022.10.22.513328
G818S,3.39838,-0.6983,1.4161938624823955,Uncertain,Uncertain,6.6,3.19101410428e-05,,0.087,"cBioPortal,COSMIC",,False,6.6,,,,neutral,neutral,neutral,UP,neutral,neutral,stabilizing,,,,89.35,T,-0.3727,0.1843,-22.2535,loss_of_function,-0.754057932471452,,,0.2875,benign,https://doi.org/10.1101/2022.10.22.513328
A820T,1.01611,-0.06905,0.3323905239532021,Neutral,Neutral,49.6,,,0.181,"cBioPortal,COSMIC",,False,49.6,,,,neutral,neutral,neutral,UP,neutral,neutral,stabilizing,,,,91.96,-,-0.3094,0.0209,-22.2506,loss_of_function,-0.446791241440023,,,0.2958,benign,https://doi.org/10.1101/2022.10.22.513328
A820V,0.93488,0.44864,0.0185497071831858,Neutral,Neutral,49.6,3.18958918091e-05,,0.243,"cBioPortal,COSMIC",,False,49.6,,,,neutral,neutral,neutral,UP,neutral,neutral,stabilizing,,,,91.96,-,-0.3064,0.0209,-22.2506,loss_of_function,-2.60922599323656,,,0.5495,ambiguous,https://doi.org/10.1101/2022.10.22.513328
E829G,2.05086,2.91939,2.2431323334322086,Uncertain,Uncertain,5.4,,,0.398,COSMIC,,False,5.4,,,,neutral,neutral,neutral,DOWN,neutral,neutral,neutral,,,,95.91,E,-0.3465,0.0001,-22.2535,loss_of_function,-2.44695219837846,,,0.9403,pathogenic,https://doi.org/10.1101/2022.10.22.513328
E829K,-1.56835,1.17177,1.3206488050894545,Neutral,Neutral,5.4,,,0.494,"cBioPortal,COSMIC",,False,5.4,,,,neutral,neutral,neutral,UP,neutral,neutral,neutral,,,,95.91,E,-0.3427,0.0001,-22.2535,loss_of_function,-2.27614763239765,,,0.9607,pathogenic,https://doi.org/10.1101/2022.10.22.513328
T836M,-1.36783,-0.02177,-0.1196964665493111,Neutral,Neutral,69.4,,1.03723680116e-05,0.045,cBioPortal,P,True,69.4,0.577,,,damaging,neutral,potentially_damaging,UP,neutral,neutral,neutral,,,,89.65,S,-0.1292,1.7109,-6.3779,loss_of_function,-0.0880553075653489,,,0.0752,benign,https://doi.org/10.1101/2022.10.22.513328
P838L,3.76072,-0.01871,-0.0281797631785313,Uncertain,Uncertain,0.1,,1.54612078296e-05,0.229,cBioPortal,,True,0.1,,,,neutral,neutral,neutral,UP,neutral,neutral,neutral,,,,94.71,-,-0.3765,0.0001,-22.2477,loss_of_function,-0.727662095177775,,,0.7401,pathogenic,https://doi.org/10.1101/2022.10.22.513328
L839M,0.20976,1.35952,1.096613982495953,Neutral,Neutral,18.5,,,0.1,cBioPortal,,True,18.5,,,,neutral,neutral,neutral,-,uncertain,uncertain,uncertain,,,,95.25,E,-0.1717,1.5787,-22.2477,loss_of_function,-1.60768054528468,,,0.1098,benign,https://doi.org/10.1101/2022.10.22.513328
L839P,3.86855,5.16905,3.997505031180242,Destabilizing,Destabilizing,18.5,,,0.216,cBioPortal,,True,18.5,,,,neutral,neutral,neutral,DOWN,neutral,neutral,neutral,,,,95.25,E,-0.3577,1.5787,-22.2477,loss_of_function,-2.25930447930494,,,0.8099,pathogenic,https://doi.org/10.1101/2022.10.22.513328
R843G,2.01712,2.84422,2.102216235584708,Uncertain,Uncertain,42.3,,,0.124,"cBioPortal,COSMIC",,True,42.3,,,,neutral,neutral,neutral,DOWN,neutral,neutral,neutral,,,,94.72,E,-0.3016,1.5608,-22.2419,loss_of_function,-1.62766339948911,,,0.1548,benign,https://doi.org/10.1101/2022.10.22.513328
R845Q,0.52107,0.66735,0.8252752025632234,Neutral,Neutral,55.5,,,0.146,cBioPortal,,False,55.5,,,,neutral,neutral,neutral,DOWN,neutral,neutral,neutral,,,,92.74,E,-0.3777,0.0744,-22.239,loss_of_function,-0.779470875695031,,,0.0967,benign,https://doi.org/10.1101/2022.10.22.513328
G847S,0.50327,0.51531,1.0721597529429174,Neutral,Neutral,96.6,,,0.178,cBioPortal,,False,96.6,,,,neutral,neutral,neutral,UP,neutral,neutral,neutral,,,,85.35,T,-0.3148,0.0748,-8.9424,loss_of_function,-0.631610913346892,,,0.1148,benign,https://doi.org/10.1101/2022.10.22.513328
A849V,-0.06052,-0.53027,-0.352046810251812,Neutral,Neutral,68.8,6.40573954263e-05,1.20419541683e-05,0.065,cBioPortal,,False,68.8,,,,neutral,neutral,neutral,UP,neutral,neutral,neutral,,,,87.5,E,-0.1198,1.2558,-7.9483,loss_of_function,-0.196998812189669,,,0.0686,benign,https://doi.org/10.1101/2022.10.22.513328
T854I,-0.92637,-0.64014,-0.95401579411577,Neutral,Neutral,6.9,,,0.201,"cBioPortal,COSMIC",,True,6.9,,,,uncertain,,,UP,neutral,neutral,neutral,,,,94.36,E,-0.2157,1.4447,-22.2244,loss_of_function,-1.72181078926054,,,0.1747,benign,https://doi.org/10.1101/2022.10.22.513328
L857P,5.90019,5.60238,7.793098724790566,Destabilizing,Destabilizing,0.2,,,0.625,"cBioPortal,COSMIC",,True,0.2,,,,neutral,neutral,neutral,DOWN,neutral,neutral,neutral,,,,94.37,-,-0.5029,0.0001,-22.2302,loss_of_function,-4.34317818493508,,,0.9973,pathogenic,https://doi.org/10.1101/2022.10.22.513328
T860S,0.90422,1.45782,2.1672164156640426,Neutral,Uncertain,18.4,,1.65940217271e-05,0.21,COSMIC,,False,18.4,,,,neutral,,,DOWN,neutral,neutral,neutral,,,,93.52,-,-0.2377,0.5306,-22.2302,loss_of_function,-0.449091510976537,,,0.2163,benign,https://doi.org/10.1101/2022.10.22.513328
K863N,0.90006,0.67143,1.1386914819696066,Neutral,Neutral,5.5,,,0.242,"cBioPortal,COSMIC",,False,5.5,,,,neutral,neutral,neutral,DOWN,neutral,neutral,neutral,,,,94.0,G,-0.3387,0.0212,-22.2273,loss_of_function,-3.18668951125412,,,0.9977,pathogenic,https://doi.org/10.1101/2022.10.22.513328
F864L,2.25792,3.65782,2.416032679949769,Uncertain,Uncertain,0.4,,,0.454,"cBioPortal,COSMIC",,False,0.4,,,,neutral,neutral,neutral,DOWN,neutral,neutral,neutral,,,,94.54,G,-0.3553,0.0001,-22.2244,loss_of_function,-3.39765302513301,,,0.9992,pathogenic,https://doi.org/10.1101/2022.10.22.513328
Q873E,-1.02894,-0.33776,-0.3353995028270634,Neutral,Neutral,103.2,,,0.088,"cBioPortal,COSMIC",,False,103.2,,,,neutral,neutral,neutral,DOWN,neutral,neutral,neutral,,,,88.66,H,-0.156,0.7258,-6.1351,loss_of_function,-0.10093387808756,,,0.1011,benign,https://doi.org/10.1101/2022.10.22.513328
Q873R,0.38712,0.21259,-0.5255691559455916,Neutral,Neutral,103.2,,,0.071,COSMIC,,False,103.2,,,,neutral,neutral,neutral,UP,neutral,neutral,neutral,,,,88.66,H,-0.2648,0.7258,-22.2302,loss_of_function,-1.85051584011988,,,0.2627,benign,https://doi.org/10.1101/2022.10.22.513328
D874V,1.1621,0.21633,-0.0262719699738794,Neutral,Neutral,63.3,,,0.643,"cBioPortal,COSMIC",,False,63.3,,,,neutral,neutral,neutral,UP,neutral,neutral,neutral,,,,90.77,H,-0.3746,0.2287,-22.2244,loss_of_function,-1.47742082195464,,,0.8421,pathogenic,https://doi.org/10.1101/2022.10.22.513328
F876S,1.57696,3.44286,2.130796116563781,Uncertain,Uncertain,40.6,,,0.399,COSMIC,,False,40.6,,,,neutral,neutral,neutral,DOWN,neutral,neutral,neutral,,,,90.32,H,-0.4263,0.0212,-22.2273,loss_of_function,-3.62974425690794,,,0.9956,pathogenic,https://doi.org/10.1101/2022.10.22.513328
R878L,-0.7265,-0.68571,-0.3475832145586138,Neutral,Neutral,56.8,,,0.566,COSMIC,,False,56.8,,,,neutral,neutral,neutral,DOWN,neutral,neutral,neutral,,,,89.18,H,-0.4123,0.0001,-22.2302,loss_of_function,-2.7938552958732,,,0.9877,pathogenic,https://doi.org/10.1101/2022.10.22.513328
R878S,1.49307,0.81327,1.6353725454113337,Neutral,Neutral,56.8,,,0.503,"cBioPortal,COSMIC",,False,56.8,,,,neutral,neutral,neutral,DOWN,neutral,neutral,neutral,,,,89.18,H,-0.4104,0.0001,-22.2302,loss_of_function,-3.16971431171802,,,0.999,pathogenic,https://doi.org/10.1101/2022.10.22.513328
W879G,4.91366,5.67925,6.454474854166303,Destabilizing,Destabilizing,13.4,,,0.655,COSMIC,,False,13.4,,,,neutral,neutral,neutral,DOWN,neutral,neutral,neutral,,,,91.56,H,-0.492,0.0212,-8.9424,loss_of_function,-4.62565239475194,,,0.9983,pathogenic,https://doi.org/10.1101/2022.10.22.513328
S883G,0.64472,0.80374,0.5441825078692677,Neutral,Neutral,58.7,,,0.104,COSMIC,,False,58.7,,,,uncertain,,,DOWN,neutral,neutral,neutral,,,,78.71,-,-0.1241,0.7152,-2.6917,loss_of_function,-0.295244474288192,,,0.1047,benign,https://doi.org/10.1101/2022.10.22.513328
S883R,-0.76542,0.39014,-0.3111883361750983,Neutral,Neutral,58.7,,0.0,0.226,cBioPortal,,False,58.7,,,,uncertain,,,UP,neutral,neutral,neutral,,,,78.71,-,-0.3085,0.7152,-22.2273,loss_of_function,-0.714181208506898,,,0.9865,pathogenic,https://doi.org/10.1101/2022.10.22.513328
L884F,0.09805,0.72007,0.4670165389700204,Neutral,Neutral,64.9,9.84962899731e-05,8.7841042849e-06,0.065,"cBioPortal,COSMIC,clinvar",,False,64.9,,,,neutral,neutral,neutral,UP,neutral,neutral,neutral,2367670,Uncertain significance,1,83.91,S,-0.1372,2.3444,-22.2302,loss_of_function,-1.84208667930719,,,0.1922,benign,https://doi.org/10.1101/2022.10.22.513328
P885H,1.58691,0.80136,-1.204160015858271,Neutral,Neutral,90.4,,,0.258,"cBioPortal,COSMIC",,False,90.4,,,,neutral,neutral,neutral,UP,neutral,neutral,neutral,,,,79.87,G,-0.3591,0.0797,-22.2448,loss_of_function,-1.83964665208815,,,0.8398,pathogenic,https://doi.org/10.1101/2022.10.22.513328
P885L,1.0752,0.71803,-1.3578656640958595,Neutral,Neutral,90.4,,,0.239,cBioPortal,,False,90.4,,,,neutral,neutral,neutral,UP,neutral,neutral,neutral,,,,79.87,G,-0.3013,0.0797,-8.957,loss_of_function,-2.57961429041454,,,0.6862,pathogenic,https://doi.org/10.1101/2022.10.22.513328
Q886E,-0.1108,-0.17925,0.1214492576293169,Neutral,Neutral,68.8,,,0.037,"cBioPortal,COSMIC",,False,68.8,,,,neutral,neutral,neutral,DOWN,neutral,neutral,neutral,,,,82.04,G,-0.2152,0.9761,-22.2419,loss_of_function,-0.162542700842304,,,0.1157,benign,https://doi.org/10.1101/2022.10.22.513328
A901T,0.15692,0.23946,0.2654699867181376,Neutral,Neutral,82.1,,8.0352264327e-06,0.06,"cBioPortal,COSMIC",,False,82.1,,,,neutral,neutral,neutral,UP,neutral,neutral,neutral,,,,87.98,H,-0.0523,1.6281,-0.8492,loss_of_function,-0.0592588810222889,,,0.0654,benign,https://doi.org/10.1101/2022.10.22.513328
E902K,0.30046,-0.09184,0.1414498867960228,Neutral,Neutral,90.7,,,0.22,cBioPortal,,False,90.7,,,,neutral,neutral,neutral,UP,neutral,neutral,stabilizing,,,,89.33,H,-0.2944,0.525,-22.2506,loss_of_function,-1.11177718804143,,,0.5481,ambiguous,https://doi.org/10.1101/2022.10.22.513328
A906T,0.63024,0.0949,-0.0894317047461851,Neutral,Neutral,76.3,3.18511912346e-05,,0.141,cBioPortal,,False,76.3,,,,neutral,neutral,neutral,UP,neutral,neutral,neutral,,,,90.58,H,-0.2305,0.1419,-8.9628,loss_of_function,-0.165587509590842,,,0.3086,benign,https://doi.org/10.1101/2022.10.22.513328
S913C,-1.42124,-1.93027,-0.6239051413268204,Neutral,Neutral,0.2,,,0.16,"cBioPortal,COSMIC",,False,0.2,,,,uncertain,,,UP,neutral,neutral,neutral,,,,89.47,-,-0.0902,1.7509,-6.6264,loss_of_function,-0.0526702375982944,,,0.0784,benign,https://doi.org/10.1101/2022.10.22.513328
A914T,1.58487,1.04286,0.847549305533008,Neutral,Neutral,14.4,,,0.237,cBioPortal,,False,14.4,,,,neutral,neutral,neutral,UP,neutral,neutral,neutral,,,,91.9,E,-0.3112,0.0001,-22.2361,loss_of_function,-0.198785451410415,,,0.2468,benign,https://doi.org/10.1101/2022.10.22.513328
A914V,0.68975,-0.0619,-0.0140913551267496,Neutral,Neutral,14.4,,,0.201,"cBioPortal,COSMIC",,False,14.4,,,,neutral,neutral,neutral,UP,neutral,neutral,neutral,,,,91.9,E,-0.3083,0.0001,-22.2361,loss_of_function,-1.22213825343697,,,0.3338,benign,https://doi.org/10.1101/2022.10.22.513328
D920N,0.67873,1.76633,0.7130378964570278,Neutral,Neutral,3.1,,,0.451,cBioPortal,,False,3.1,,,,neutral,neutral,neutral,-,uncertain,uncertain,uncertain,,,,89.03,S,-0.3154,0.0001,-22.2361,loss_of_function,-2.77530413378244,,,0.9963,pathogenic,https://doi.org/10.1101/2022.10.22.513328
N925D,3.87556,1.89456,2.0736124220793126,Uncertain,Uncertain,6.4,,,0.459,COSMIC,,False,6.4,,,,neutral,neutral,neutral,-,uncertain,uncertain,uncertain,,,,93.09,S,-0.3321,0.0001,-22.2361,loss_of_function,-2.58295632253019,,,0.9992,pathogenic,https://doi.org/10.1101/2022.10.22.513328
V927M,0.34286,2.78537,1.0127150745992837,Uncertain,Neutral,1.5,,,0.404,COSMIC,,False,1.5,,,,neutral,neutral,neutral,UP,neutral,neutral,neutral,,,,95.56,E,-0.3607,0.0001,-22.2361,loss_of_function,-1.91163643470844,,,0.9911,pathogenic,https://doi.org/10.1101/2022.10.22.513328
A929V,-0.01893,1.8119,0.2362402599063179,Neutral,Neutral,0.5,,,0.596,"cBioPortal,COSMIC",,False,0.5,,,,neutral,neutral,neutral,UP,neutral,neutral,neutral,,,,94.59,E,-0.3063,0.0211,-22.2361,loss_of_function,-1.8578600015267,,,0.8945,pathogenic,https://doi.org/10.1101/2022.10.22.513328
T934I,4.00238,0.9585,-0.067341341137822,Uncertain,Uncertain,0.1,,4.3870424315e-06,0.387,"cBioPortal,COSMIC",,True,0.1,,,,uncertain,,,UP,neutral,neutral,stabilizing,,,,91.45,-,-0.3226,0.2839,-22.2361,loss_of_function,-0.845752627572088,,,0.9757,pathogenic,https://doi.org/10.1101/2022.10.22.513328
C941Y,8.73482,0.06224,3.211515146583758,Uncertain,Destabilizing,0.4,,,0.497,cBioPortal,,False,0.4,,,,neutral,neutral,neutral,UP,neutral,neutral,neutral,,,,93.01,E,-0.4806,0.165,-22.2361,loss_of_function,-3.31269731825866,,,0.9918,pathogenic,https://doi.org/10.1101/2022.10.22.513328
L943R,3.32,2.85204,2.447797929357701,Uncertain,Uncertain,0.8,,,0.657,cBioPortal,,False,0.8,,,,neutral,neutral,neutral,UP,neutral,neutral,neutral,,,,94.99,E,-0.4873,0.135,-22.2361,loss_of_function,-2.83906862654725,,,0.9893,pathogenic,https://doi.org/10.1101/2022.10.22.513328
R944Q,0.09376,1.28435,1.6798202906489068,Neutral,Neutral,28.6,,4.2292597104e-06,0.514,"cBioPortal,COSMIC",,False,28.6,,,,neutral,neutral,neutral,DOWN,neutral,neutral,neutral,,,,94.61,E,-0.3846,0.0001,-22.2361,loss_of_function,-3.11371004545987,,,0.996,pathogenic,https://doi.org/10.1101/2022.10.22.513328
R944W,-0.59993,0.06905,0.5278381780260157,Neutral,Neutral,28.6,,0.0,0.428,"cBioPortal,COSMIC",,False,28.6,,,,neutral,neutral,neutral,UP,neutral,neutral,neutral,,,,94.61,E,-0.4276,0.0001,-22.2361,loss_of_function,-4.2229807427975,,,0.9978,pathogenic,https://doi.org/10.1101/2022.10.22.513328
A949S,0.37769,0.17891,0.4958987389566632,Neutral,Neutral,78.1,,,0.03,"cBioPortal,COSMIC",,False,78.1,,,,neutral,neutral,neutral,-,uncertain,uncertain,uncertain,,,,85.92,T,-0.029,2.1374,-6.6235,loss_of_function,-0.0792411099552157,,,0.0813,benign,https://doi.org/10.1101/2022.10.22.513328
A951V,0.89728,0.26701,0.0188890535546393,Neutral,Neutral,57.8,,,0.296,COSMIC,,False,57.8,,,,neutral,neutral,neutral,UP,neutral,neutral,neutral,,,,88.62,T,-0.3082,0.0001,-22.2332,loss_of_function,-0.799209704263054,,,0.8456,pathogenic,https://doi.org/10.1101/2022.10.22.513328
Y954C,4.37833,3.81701,4.650298553239722,Destabilizing,Destabilizing,3.7,,4.0316728217e-06,0.427,cBioPortal,,False,3.7,,,,uncertain,,,DOWN,neutral,neutral,neutral,,,,94.64,E,-0.4114,0.1199,-22.1886,loss_of_function,-0.281701421584622,,,0.932,pathogenic,https://doi.org/10.1101/2022.10.22.513328
R955Q,0.46011,0.4,1.3985438652104722,Neutral,Neutral,47.9,,,0.42,cBioPortal,,True,47.9,,,,neutral,neutral,neutral,DOWN,neutral,neutral,neutral,,,,95.98,E,-0.3784,0.065,-22.1886,loss_of_function,-2.25871106236147,,,0.9962,pathogenic,https://doi.org/10.1101/2022.10.22.513328
R955W,0.79114,-0.11224,0.291604129728597,Neutral,Neutral,47.9,,0.0,0.51,cBioPortal,,True,47.9,,,,neutral,neutral,neutral,UP,neutral,neutral,neutral,,,,95.98,E,-0.4214,0.065,-22.1886,loss_of_function,-3.79690465774596,,,0.9985,pathogenic,https://doi.org/10.1101/2022.10.22.513328
R959C,2.06088,2.36531,2.4218432274615567,Uncertain,Uncertain,16.7,,4.0260890571e-06,0.522,"cBioPortal,COSMIC",,True,16.7,,,,neutral,neutral,neutral,DOWN,neutral,neutral,neutral,,,,94.14,E,-0.4145,0.0434,-22.1856,loss_of_function,-2.08149496103037,,,0.9839,pathogenic,https://doi.org/10.1101/2022.10.22.513328
R959H,2.10021,1.89218,2.3507592387644536,Uncertain,Uncertain,16.7,,4.0258297235e-06,0.519,cBioPortal,,True,16.7,,,,neutral,neutral,neutral,DOWN,neutral,neutral,neutral,,,,94.14,E,-0.3075,0.0434,-8.8977,loss_of_function,-1.16190620253363,,,0.9855,pathogenic,https://doi.org/10.1101/2022.10.22.513328
E963Q,0.28439,0.85952,0.8505053458289682,Neutral,Neutral,42.3,,,0.17,"cBioPortal,COSMIC",,True,42.3,,,,neutral,neutral,neutral,UP,neutral,neutral,neutral,,,,83.88,H,-0.2104,0.8968,-22.1856,loss_of_function,-0.628345720820247,,,0.4318,ambiguous,https://doi.org/10.1101/2022.10.22.513328
V965I,-0.87106,0.35816,-0.2430827373768379,Neutral,Neutral,0.9,0.0011164274322169,0.0002694203842658,0.186,"cBioPortal,COSMIC",,False,0.9,,,,neutral,neutral,neutral,UP,neutral,neutral,neutral,,,,88.67,H,-0.2108,0.0826,-8.8977,loss_of_function,-0.373446423950534,,,0.147,benign,https://doi.org/10.1101/2022.10.22.513328
R967H,0.17489,0.49728,0.898253812181349,Neutral,Neutral,68.0,,,,clinvar,,False,68.0,,,,neutral,neutral,neutral,DOWN,neutral,neutral,neutral,2383318,Uncertain significance,1,89.76,H,-0.1725,1.4557,-7.8978,loss_of_function,-0.0194718952678839,,,0.0803,benign,https://doi.org/10.1101/2022.10.22.513328
H968Q,-0.38067,0.15952,1.956129653640668,Neutral,Neutral,19.1,,,0.064,"cBioPortal,COSMIC",,False,19.1,,,,neutral,neutral,neutral,DOWN,neutral,neutral,neutral,,,,91.26,H,-0.0921,1.1426,-8.8977,loss_of_function,-0.0099345014248353,,,0.1815,benign,https://doi.org/10.1101/2022.10.22.513328
L969M,0.68129,1.57891,1.899306540303029,Neutral,Neutral,0.0,,,0.177,"cBioPortal,COSMIC",,False,0.0,,,,neutral,neutral,neutral,-,uncertain,uncertain,uncertain,,,,92.31,H,-0.3076,0.0984,-22.1856,loss_of_function,-0.9070715271941,,,0.4505,ambiguous,https://doi.org/10.1101/2022.10.22.513328
E971D,0.64723,0.48741,0.4908149613326329,Neutral,Neutral,65.0,,8.0404595927e-06,0.045,"cBioPortal,COSMIC",,False,65.0,,,,neutral,neutral,neutral,DOWN,neutral,neutral,neutral,,,,91.82,H,-0.0801,1.1585,-2.6989,loss_of_function,-0.0045693850148785,,,0.0792,benign,https://doi.org/10.1101/2022.10.22.513328
L972V,2.33393,2.01463,1.680693821139563,Uncertain,Uncertain,14.0,,,0.22,cBioPortal,,False,14.0,,,,neutral,neutral,neutral,DOWN,neutral,neutral,neutral,,,,91.59,H,-0.3296,0.0001,-22.1765,loss_of_function,-0.821201037460053,,,0.3223,benign,https://doi.org/10.1101/2022.10.22.513328
Q976R,2.40894,1.56054,1.5251860729843971,Uncertain,Uncertain,11.5,,,0.267,"cBioPortal,COSMIC",,False,11.5,,,,neutral,neutral,neutral,UP,neutral,neutral,neutral,,,,88.91,T,-0.3313,0.0001,-22.1765,loss_of_function,-1.03350333473888,,,0.7469,pathogenic,https://doi.org/10.1101/2022.10.22.513328
