Mutation,"Stability (FoldX5, alphafold, kcal/mol)","Stability (Rosetta Cartddg2020, alphafold, kcal/mol)","Stability (RaSP, alphafold, kcal/mol)","Stability classification, alphafold, (Rosetta, FoldX)","Stability classification, alphafold, (RaSP, FoldX)",Relative Side Chain Solvent Accessibility in wild-type,gnomAD genome allele frequency,gnomAD exome allele frequency,REVEL score,Mutation sources,PTMs,is site part of phospho-SLiM,PTM residue SASA (%),"Change in stability with PTM (FoldX5, kcal/mol)","Change in binding with PTM (FoldX5, kcal/mol)","Change in binding with mutation (FoldX5, kcal/mol)",PTM effect in regulation,PTM effect in stability,PTM effect in function,AlloSigma2 mutation type,AlloSigma2 predicted consequence - active sites,AlloSigma2 predicted consequence - cofactor sites,AlloSigma2 predicted consequence - pockets and interfaces,ClinVar Variation ID,ClinVar Interpretation,ClinVar Review Status,AlphaFold2 model pLDDT score,AlphaFold2 model secondary structure,DeMaSk delta fitness,DeMaSk Shannon entropy,DeMaSk log2 variant frequency,DeMaSk predicted consequence,GEMME Score,AlphaMissense pathogenicity score,AlphaMissense classification,References
R10Q,0.84917,-0.75612,0.2118745783630177,Neutral,Neutral,105.5,3.18532203606e-05,,0.272,cBioPortal,,False,105.5,,,,neutral,neutral,neutral,,,,,,,,70.46,-,-0.1219,1.9543,-5.9955,loss_of_function,-2.6288396496877,0.2886,benign,https://doi.org/10.1101/2022.10.22.513328
I11F,1.30535,1.16565,0.6812151520897982,Neutral,Neutral,44.3,,,0.062,COSMIC,,True,44.3,,,,neutral,neutral,neutral,,,,,,,,81.73,-,-0.1212,2.8567,-21.6051,loss_of_function,-2.98643572650139,0.0932,benign,https://doi.org/10.1101/2022.10.22.513328
P12S,2.57238,1.34456,0.2412108552493541,Uncertain,Uncertain,37.8,,,0.233,cBioPortal,,True,37.8,,,,neutral,neutral,neutral,,,,,,,,88.0,-,-0.1004,1.6986,-8.3965,loss_of_function,-3.74631886743511,0.187,benign,https://doi.org/10.1101/2022.10.22.513328
Y14D,7.1444,5.11122,4.3429638259792736,Destabilizing,Destabilizing,10.2,,,0.569,"cBioPortal,COSMIC",,True,10.2,,,,uncertain,,,,,,,,,,93.85,E,-0.2931,1.8723,-22.0625,loss_of_function,-4.99553705448869,0.972,pathogenic,https://doi.org/10.1101/2022.10.22.513328
Y14N,5.25879,3.74422,3.0640695588662163,Destabilizing,Destabilizing,10.2,,,0.504,cBioPortal,,True,10.2,,,,uncertain,,,,,,,,,,93.85,E,-0.2721,1.8723,-22.0625,loss_of_function,-4.99553705448869,0.7925,pathogenic,https://doi.org/10.1101/2022.10.22.513328
Y14S,5.99337,4.71531,4.047518814884899,Destabilizing,Destabilizing,10.2,,,0.523,COSMIC,,True,10.2,,,,uncertain,,,,,,,,,,93.85,E,-0.2836,1.8723,-22.0625,loss_of_function,-4.5278161626414,0.695,pathogenic,https://doi.org/10.1101/2022.10.22.513328
V19L,2.98136,2.78265,1.9606316149021183,Uncertain,Uncertain,0.0,,,0.236,cBioPortal,,False,0.0,,,,neutral,neutral,neutral,,,,,,,,98.33,E,-0.1989,0.8615,-7.8517,loss_of_function,-0.982673116023151,0.7544,pathogenic,https://doi.org/10.1101/2022.10.22.513328
G20V,12.51534,6.72789,6.785788752277477,Destabilizing,Destabilizing,0.0,,,0.621,"cBioPortal,COSMIC",,False,0.0,,,,neutral,neutral,neutral,,,,,,,,96.4,E,-0.4699,0.0001,-22.1395,loss_of_function,-7.42320929956928,0.9961,pathogenic,https://doi.org/10.1101/2022.10.22.513328
S22C,2.81399,-0.08095,-0.253022476130561,Uncertain,Uncertain,3.5,,,0.665,"cBioPortal,COSMIC",,True,3.5,,,,uncertain,,,,,,,,,,93.13,-,-0.3268,0.0402,-22.1426,loss_of_function,-4.45919077641334,0.9594,pathogenic,https://doi.org/10.1101/2022.10.22.513328
T24I,-1.13364,0.94422,-0.0018592683373902,Neutral,Neutral,21.2,,,0.376,"cBioPortal,COSMIC",,True,21.2,,,,uncertain,,,,,,,,,,85.09,S,-0.2042,0.8288,-8.8609,loss_of_function,-5.0697106879295,0.8331,pathogenic,https://doi.org/10.1101/2022.10.22.513328
T24S,-0.44187,0.64626,0.8247151890069981,Neutral,Neutral,21.2,,,0.271,cBioPortal,,True,21.2,,,,neutral,,,,,,,,,,85.09,S,-0.1267,0.8288,-5.8611,loss_of_function,-3.14820494002901,0.3331,benign,https://doi.org/10.1101/2022.10.22.513328
E25K,-0.22689,0.44864,0.5891973455517598,Neutral,Neutral,59.7,,,0.589,"cBioPortal,COSMIC",,True,59.7,,,,neutral,neutral,neutral,,,,,,,,76.35,H,-0.3255,0.1821,-22.1642,loss_of_function,-7.3444869875332,0.9953,pathogenic,https://doi.org/10.1101/2022.10.22.513328
C31F,-0.41848,-0.13912,-0.8160967377839967,Neutral,Neutral,55.7,,,0.603,COSMIC,,False,55.7,,,,neutral,neutral,neutral,,,,,,,,81.28,S,-0.2085,2.2243,-7.8765,loss_of_function,-3.88267629313624,0.4299,ambiguous,https://doi.org/10.1101/2022.10.22.513328
G32E,-1.71092,-0.30442,-0.246173197764915,Neutral,Neutral,60.8,,,0.755,cBioPortal,,False,60.8,,,,neutral,neutral,neutral,,,,,,,,89.42,-,-0.4392,0.0397,-22.1673,loss_of_function,-7.42370213744632,0.9993,pathogenic,https://doi.org/10.1101/2022.10.22.513328
G34R,6.59541,1.80748,-0.4438807941592071,Uncertain,Uncertain,26.6,,,0.834,"cBioPortal,COSMIC",,False,26.6,,,,neutral,neutral,neutral,,,,,,,,94.53,S,-0.4578,0.022,-22.1673,loss_of_function,-7.42386627567593,0.9993,pathogenic,https://doi.org/10.1101/2022.10.22.513328
K35E,2.88994,0.77925,0.6841026250726453,Uncertain,Uncertain,8.1,,,0.899,cBioPortal,,False,8.1,,,,neutral,neutral,neutral,,,,,,,,96.65,H,-0.345,0.022,-22.1673,loss_of_function,-7.42386627567593,0.9979,pathogenic,https://doi.org/10.1101/2022.10.22.513328
C39R,16.15732,11.14694,3.989450183899392,Destabilizing,Destabilizing,0.0,,,0.906,COSMIC,,False,0.0,,,,neutral,neutral,neutral,,,,,,,,97.99,H,-0.5332,0.1214,-22.1673,loss_of_function,-7.25407817340163,0.9983,pathogenic,https://doi.org/10.1101/2022.10.22.513328
C39W,25.13552,11.47449,4.1258427842582,Destabilizing,Destabilizing,0.0,,,0.755,COSMIC,,False,0.0,,,,neutral,neutral,neutral,,,,,,,,97.99,H,-0.4781,0.1214,-22.1673,loss_of_function,-7.25407817340163,0.9989,pathogenic,https://doi.org/10.1101/2022.10.22.513328
C39Y,18.60948,7.84796,3.3441441260784246,Destabilizing,Destabilizing,0.0,,,0.825,COSMIC,,False,0.0,,,,neutral,neutral,neutral,,,,,,,,97.99,H,-0.4843,0.1214,-22.1673,loss_of_function,-7.25407817340163,0.9977,pathogenic,https://doi.org/10.1101/2022.10.22.513328
R41C,2.69968,2.09354,2.0219084349221847,Uncertain,Uncertain,6.5,,,0.763,cBioPortal,,False,6.5,,,,neutral,neutral,neutral,,,,,,,,96.62,H,-0.4184,0.0001,-22.1673,loss_of_function,-7.42403034347505,0.97,pathogenic,https://doi.org/10.1101/2022.10.22.513328
R41H,9.80614,2.62415,1.7277251010625418,Uncertain,Uncertain,6.5,,,0.780,"cBioPortal,COSMIC",,False,6.5,,,,neutral,neutral,neutral,,,,,,,,96.62,H,-0.3793,0.0001,-22.1673,loss_of_function,-7.42403034347505,0.9678,pathogenic,https://doi.org/10.1101/2022.10.22.513328
V43M,0.40197,3.2551,1.9153288721613908,Uncertain,Neutral,5.4,,,0.611,"cBioPortal,COSMIC",,False,5.4,,,,neutral,neutral,neutral,,,,,,,,95.61,H,-0.1169,1.4766,-1.0917,loss_of_function,-1.69888505674499,0.4273,ambiguous,https://doi.org/10.1101/2022.10.22.513328
R44C,2.08245,1.7,2.2854614651276526,Uncertain,Uncertain,8.4,,1.20358185961e-05,0.830,"cBioPortal,COSMIC",,False,8.4,,,,neutral,neutral,neutral,,,,,,,,93.54,S,-0.2999,0.4948,-7.8795,loss_of_function,-3.62565208773235,0.3629,ambiguous,https://doi.org/10.1101/2022.10.22.513328
R44H,0.39583,-0.59932,0.955511043082096,Neutral,Neutral,8.4,3.18532203606e-05,,0.791,"cBioPortal,COSMIC",,False,8.4,,,,neutral,neutral,neutral,,,,,,,,93.54,S,-0.2516,0.4948,-6.0722,loss_of_function,-3.61470440901484,0.2037,benign,https://doi.org/10.1101/2022.10.22.513328
P45L,0.68713,1.67449,-0.8565293592646339,Neutral,Neutral,19.9,,,0.504,"cBioPortal,COSMIC",,False,19.9,,,,neutral,neutral,neutral,,,,,,,,91.95,-,-0.2378,1.5021,-22.1673,loss_of_function,-4.65594133878286,0.5155,ambiguous,https://doi.org/10.1101/2022.10.22.513328
P45S,1.37902,1.11122,0.2276170208630257,Neutral,Neutral,19.9,,,0.183,COSMIC,,False,19.9,,,,neutral,neutral,neutral,,,,,,,,91.95,-,-0.0843,1.5021,-1.6898,loss_of_function,-1.44656814006107,0.2608,benign,https://doi.org/10.1101/2022.10.22.513328
D48Y,0.93849,2.23197,0.4799814843496575,Uncertain,Neutral,44.9,,,0.593,COSMIC,,False,44.9,,,,neutral,neutral,neutral,,,,,,,,93.61,G,-0.3842,0.0995,-22.1673,loss_of_function,-7.3448116914158,0.9918,pathogenic,https://doi.org/10.1101/2022.10.22.513328
E49D,0.05064,1.03401,0.4811186349799989,Neutral,Neutral,53.8,,,0.218,COSMIC,,False,53.8,,,,neutral,neutral,neutral,,,,,,,,93.18,G,-0.0537,1.3171,-0.3917,loss_of_function,-0.0450148537146199,0.061,benign,https://doi.org/10.1101/2022.10.22.513328
E49K,-0.21833,0.88673,0.5933355157170042,Neutral,Neutral,53.8,,,0.144,"COSMIC,clinvar",,False,53.8,,,,neutral,neutral,neutral,,,,,2479048,Uncertain significance,1,93.18,G,-0.1414,1.3171,-6.5576,loss_of_function,-4.24212608838141,0.2312,benign,https://doi.org/10.1101/2022.10.22.513328
F50V,1.42785,1.32687,2.438613438000202,Neutral,Uncertain,6.4,,,0.624,COSMIC,,False,6.4,,,,neutral,neutral,neutral,,,,,,,,94.91,-,-0.3131,0.8053,-22.1673,loss_of_function,-6.40520250334096,0.9888,pathogenic,https://doi.org/10.1101/2022.10.22.513328
H51Y,-0.65133,-1.47007,-0.0880083864775499,Neutral,Neutral,46.6,,,0.137,"cBioPortal,COSMIC",,False,46.6,,,,neutral,neutral,neutral,,,,,,,,92.76,-,0.0688,2.5588,-2.2072,gain_of_function,-0.448216910515472,0.069,benign,https://doi.org/10.1101/2022.10.22.513328
H54Y,1.62645,1.50782,-0.3906913459755506,Neutral,Neutral,3.2,,,0.761,"cBioPortal,COSMIC",,True,3.2,,,,neutral,neutral,neutral,,,,,,,,91.38,-,-0.2665,0.022,-22.1673,loss_of_function,-4.45919077641334,0.9963,pathogenic,https://doi.org/10.1101/2022.10.22.513328
S56F,-0.32785,-0.47959,-1.1895103158644935,Neutral,Neutral,25.7,,,0.665,"cBioPortal,COSMIC",,True,25.7,,,,uncertain,,,,,,,,,,90.62,-,-0.3454,0.139,-22.1673,loss_of_function,-7.20983325312406,0.9971,pathogenic,https://doi.org/10.1101/2022.10.22.513328
V57F,2.65678,0.35034,0.4762199465522004,Uncertain,Uncertain,40.8,,,0.552,COSMIC,,True,40.8,,,,neutral,neutral,neutral,,,,,,,,91.71,E,-0.3991,0.3117,-22.1673,loss_of_function,-7.20266589263166,0.9751,pathogenic,https://doi.org/10.1101/2022.10.22.513328
V57I,-0.39025,0.13673,0.3299867266092227,Neutral,Neutral,40.8,,,0.148,"cBioPortal,COSMIC",,True,40.8,,,,neutral,neutral,neutral,,,,,,,,91.71,E,-0.1735,0.3117,-5.7096,loss_of_function,-2.86166628763768,0.2672,benign,https://doi.org/10.1101/2022.10.22.513328
S61N,-0.24245,-0.21054,0.0513554614367534,Neutral,Neutral,95.6,,,0.205,"cBioPortal,COSMIC",,False,95.6,,,,uncertain,,,,,,,,,,91.89,H,-0.1927,1.1924,-22.1673,loss_of_function,-5.9661169343329,0.9695,pathogenic,https://doi.org/10.1101/2022.10.22.513328
S61R,-0.56612,0.13129,-0.3093936736879688,Neutral,Neutral,95.6,,,0.302,"cBioPortal,COSMIC",,False,95.6,,,,uncertain,,,,,,,,,,91.89,H,-0.2643,1.1924,-22.1673,loss_of_function,-5.9661169343329,0.9993,pathogenic,https://doi.org/10.1101/2022.10.22.513328
D62E,-0.58848,-0.1585,0.1349263449003995,Neutral,Neutral,29.1,,,0.446,COSMIC,,False,29.1,,,,neutral,neutral,neutral,,,,,,,,94.07,H,-0.2932,0.0001,-22.1673,loss_of_function,-4.45919077641334,0.9996,pathogenic,https://doi.org/10.1101/2022.10.22.513328
G64E,-0.34078,0.01463,-0.2544720136187772,Neutral,Neutral,47.4,,,0.530,"cBioPortal,COSMIC",,False,47.4,,,,neutral,neutral,neutral,,,,,,,,92.61,H,-0.3391,1.128,-22.1673,loss_of_function,-7.09987921500756,0.9989,pathogenic,https://doi.org/10.1101/2022.10.22.513328
G65W,0.60817,1.40204,0.4182512272520217,Neutral,Neutral,55.6,,,0.654,cBioPortal,,False,55.6,,,,neutral,neutral,neutral,,,,,,,,93.27,S,-0.4748,0.0659,-22.1642,loss_of_function,-7.42419434090412,0.9977,pathogenic,https://doi.org/10.1101/2022.10.22.513328
R66Q,0.72311,0.47313,1.5864143137467115,Neutral,Neutral,48.1,,4.012680069e-06,0.568,"cBioPortal,COSMIC",,False,48.1,,,,neutral,neutral,neutral,,,,,,,,95.31,T,-0.3663,0.1948,-22.1673,loss_of_function,-7.37375330684036,0.9711,pathogenic,https://doi.org/10.1101/2022.10.22.513328
V67M,6.13125,2.5534,2.3336456790672258,Uncertain,Uncertain,0.0,,,0.445,COSMIC,,False,0.0,,,,neutral,neutral,neutral,,,,,,,,96.1,T,-0.2894,0.7711,-22.1673,loss_of_function,-3.79444060836344,0.9915,pathogenic,https://doi.org/10.1101/2022.10.22.513328
V68A,2.45136,2.68776,2.7465871796680905,Uncertain,Uncertain,0.4,,,0.521,COSMIC,,False,0.4,,,,neutral,neutral,neutral,,,,,,,,95.41,T,-0.3232,0.2983,-22.1673,loss_of_function,-7.30118710835808,0.9964,pathogenic,https://doi.org/10.1101/2022.10.22.513328
N70S,0.65872,1.10714,1.224141854805776,Neutral,Neutral,44.4,,,0.396,cBioPortal,,False,44.4,,,,neutral,neutral,neutral,,,,,,,,94.49,T,-0.2246,0.0658,-8.8794,loss_of_function,-7.15883451971703,0.5738,pathogenic,https://doi.org/10.1101/2022.10.22.513328
W76R,4.8145,5.14456,5.558773264490695,Destabilizing,Destabilizing,0.0,,,0.786,"cBioPortal,COSMIC",,False,0.0,,,,neutral,neutral,neutral,,,,,,,,97.61,E,-0.5601,0.0001,-22.1673,loss_of_function,-7.42468591157392,0.9997,pathogenic,https://doi.org/10.1101/2022.10.22.513328
G77R,5.6283,6.20204,0.2989595570514092,Destabilizing,Uncertain,0.0,,,0.674,"cBioPortal,COSMIC",,False,0.0,,,,neutral,neutral,neutral,,,,,,,,94.77,E,-0.4598,0.0001,-22.1673,loss_of_function,-7.42452212489333,0.9985,pathogenic,https://doi.org/10.1101/2022.10.22.513328
V79G,3.82745,3.47449,5.341582961724956,Destabilizing,Destabilizing,4.6,,,0.296,"cBioPortal,COSMIC",,False,4.6,,,,neutral,neutral,neutral,,,,,,,,92.4,E,-0.3145,1.0231,-8.8764,loss_of_function,-5.53170606630951,0.2088,benign,https://doi.org/10.1101/2022.10.22.513328
S80I,-0.6101,-1.18129,-0.659750398710291,Neutral,Neutral,46.0,,1.20377503852e-05,0.096,COSMIC,,False,46.0,,,,uncertain,,,,,,,,,,89.03,E,0.0364,3.2961,-3.6701,gain_of_function,-0.866262069773292,0.0695,benign,https://doi.org/10.1101/2022.10.22.513328
R81C,2.44969,2.41224,1.4564078898901351,Uncertain,Uncertain,34.3,3.1867431485e-05,4.012776681e-06,0.235,cBioPortal,,False,34.3,,,,neutral,neutral,neutral,,,,,,,,80.48,E,-0.2796,1.5076,-22.1673,loss_of_function,-6.33371630819104,0.1172,benign,https://doi.org/10.1101/2022.10.22.513328
R81G,3.71581,2.17347,1.9163006152263389,Uncertain,Uncertain,34.3,,,0.239,cBioPortal,,False,34.3,,,,neutral,neutral,neutral,,,,,,,,80.48,E,-0.3062,1.5076,-22.1673,loss_of_function,-6.33371630819104,0.2486,benign,https://doi.org/10.1101/2022.10.22.513328
R81H,2.46055,1.90204,0.6284507520805532,Uncertain,Uncertain,34.3,,1.60511067238e-05,0.228,cBioPortal,,False,34.3,,,,neutral,neutral,neutral,,,,,,,,80.48,E,-0.1485,1.5076,-4.1247,loss_of_function,-2.64267842133891,0.0849,benign,https://doi.org/10.1101/2022.10.22.513328
R81L,1.43111,1.89932,0.1126199945175704,Neutral,Neutral,34.3,,,0.261,COSMIC,,False,34.3,,,,neutral,neutral,neutral,,,,,,,,80.48,E,-0.2003,1.5076,-7.8795,loss_of_function,-2.83715671526115,0.225,benign,https://doi.org/10.1101/2022.10.22.513328
E84D,0.12772,1.00238,0.0481059509653364,Neutral,Neutral,111.6,,,0.150,cBioPortal,,True,111.6,,,,neutral,neutral,neutral,,,,,,,,57.84,T,-0.0773,1.1222,-1.5076,loss_of_function,-0.800925016196957,0.0789,benign,https://doi.org/10.1101/2022.10.22.513328
E95Q,2.5142,-0.50714,1.3076520586827227,Uncertain,Uncertain,1.2,,,0.543,cBioPortal,,True,1.2,,,,neutral,neutral,neutral,,,,,,,,98.07,E,-0.2928,0.0001,-22.1765,loss_of_function,-4.55342202830533,0.9918,pathogenic,https://doi.org/10.1101/2022.10.22.513328
T97I,0.69424,0.97143,-0.7403798913046167,Neutral,Neutral,7.1,,,0.695,cBioPortal,,True,7.1,,,,uncertain,,,,,,,,,,95.03,-,-0.3394,0.098,-22.1765,loss_of_function,-7.58408392015637,0.9989,pathogenic,https://doi.org/10.1101/2022.10.22.513328
D101Y,0.62239,1.11599,1.403440413371835,Neutral,Neutral,14.0,,,0.616,cBioPortal,,True,14.0,,,,neutral,neutral,neutral,,,,,,,,92.19,E,-0.3913,0.0219,-22.1765,loss_of_function,-7.58408392015637,0.9993,pathogenic,https://doi.org/10.1101/2022.10.22.513328
Q106H,0.37964,1.54354,-0.3546394442819917,Neutral,Neutral,69.3,,,0.329,"cBioPortal,COSMIC",,False,69.3,,,,neutral,neutral,neutral,,,,,,,,89.93,S,-0.164,0.7483,-8.8886,loss_of_function,-6.45301308467562,0.9237,pathogenic,https://doi.org/10.1101/2022.10.22.513328
H108R,2.39213,1.47789,1.7114079398515576,Uncertain,Uncertain,8.7,,,0.407,"cBioPortal,COSMIC",,True,8.7,,,,neutral,neutral,neutral,,,,,,,,92.12,T,-0.2259,1.1651,-22.1765,loss_of_function,-7.50980049543295,0.9932,pathogenic,https://doi.org/10.1101/2022.10.22.513328
R109Q,0.26057,0.19048,0.4742753632162727,Neutral,Neutral,69.6,,,0.343,"cBioPortal,COSMIC,clinvar",,True,69.6,,,,neutral,neutral,neutral,,,,,992281,Uncertain significance,1,88.96,T,-0.2894,1.0305,-22.1765,loss_of_function,-7.56410829273986,0.978,pathogenic,https://doi.org/10.1101/2022.10.22.513328
T111M,-0.37254,0.20476,0.0308449521852538,Neutral,Neutral,109.3,,,0.230,"cBioPortal,COSMIC",,True,109.3,,,,uncertain,,,,,,,,,,81.99,G,-0.1826,1.2148,-7.8917,loss_of_function,-7.23742978707875,0.5633,ambiguous,https://doi.org/10.1101/2022.10.22.513328
Y116C,4.7973,4.93231,3.2075122307272985,Destabilizing,Destabilizing,4.0,,,0.709,"cBioPortal,COSMIC",,True,4.0,,,,uncertain,,,,,,,,,,94.47,H,-0.4204,0.0218,-22.1795,loss_of_function,-7.61377584663909,0.9883,pathogenic,https://doi.org/10.1101/2022.10.22.513328
Y116F,3.17966,0.78639,-0.1508247692502107,Uncertain,Uncertain,4.0,,,0.533,"cBioPortal,COSMIC",,True,4.0,,,,uncertain,,,,,,,,,,94.47,H,-0.2194,0.0218,-8.8916,loss_of_function,-3.60169514624651,0.501,ambiguous,https://doi.org/10.1101/2022.10.22.513328
K118M,-0.33556,0.43605,-0.2809134908577582,Neutral,Neutral,70.7,,,0.537,"cBioPortal,COSMIC",,True,70.7,,,,neutral,neutral,neutral,,,,,,,,95.02,H,-0.3272,0.0553,-22.1795,loss_of_function,-7.51276647220669,0.9874,pathogenic,https://doi.org/10.1101/2022.10.22.513328
R119K,2.82494,1.60374,1.3407577398050992,Uncertain,Uncertain,17.4,,,0.407,"cBioPortal,COSMIC",,True,17.4,,,,neutral,neutral,neutral,,,,,,,,94.68,H,-0.2998,0.0001,-22.1795,loss_of_function,-4.57114869945333,0.9673,pathogenic,https://doi.org/10.1101/2022.10.22.513328
R119S,4.69023,2.20816,1.8587240590430247,Uncertain,Uncertain,17.4,,,0.476,cBioPortal,,True,17.4,,,,neutral,neutral,neutral,,,,,,,,94.68,H,-0.4101,0.0001,-22.1795,loss_of_function,-7.61377584663909,0.9993,pathogenic,https://doi.org/10.1101/2022.10.22.513328
A120P,5.37905,11.17925,7.631670660698233,Destabilizing,Destabilizing,0.0,,,0.457,"cBioPortal,COSMIC",,False,0.0,,,,neutral,neutral,neutral,,,,,,,,96.3,T,-0.3653,1.0482,-22.1795,loss_of_function,-7.29132284364335,0.9988,pathogenic,https://doi.org/10.1101/2022.10.22.513328
A121V,1.50222,1.85646,-0.4725361016940022,Neutral,Neutral,11.7,,,0.271,COSMIC,,False,11.7,,,,neutral,neutral,neutral,,,,,,,,96.56,T,-0.0902,1.3989,-4.7249,loss_of_function,-2.85897186774078,0.4007,ambiguous,https://doi.org/10.1101/2022.10.22.513328
K124E,0.05977,-0.61156,0.4031635650979204,Neutral,Neutral,69.7,,,0.544,cBioPortal,,False,69.7,,,,neutral,neutral,neutral,,,,,,,,96.09,E,-0.319,0.3058,-22.1825,loss_of_function,-6.01468231002265,0.9947,pathogenic,https://doi.org/10.1101/2022.10.22.513328
L125P,3.4645,2.2551,6.358656874069621,Uncertain,Destabilizing,6.4,,,0.678,"cBioPortal,COSMIC",,False,6.4,,,,neutral,neutral,neutral,,,,,,,,95.4,E,-0.3568,1.5849,-22.1795,loss_of_function,-5.86709931547747,0.9945,pathogenic,https://doi.org/10.1101/2022.10.22.513328
S127L,6.54081,0.61361,-1.042709322246999,Uncertain,Uncertain,13.3,,,0.563,COSMIC,,False,13.3,,,,uncertain,,,,,,,,,,95.27,-,-0.3576,0.0001,-22.1825,loss_of_function,-7.66211728803459,0.9724,pathogenic,https://doi.org/10.1101/2022.10.22.513328
E129D,-0.08412,-0.40272,0.1109630189378485,Neutral,Neutral,65.3,,,0.491,"cBioPortal,COSMIC",,False,65.3,,,,neutral,neutral,neutral,,,,,,,,93.23,T,-0.1915,0.1625,-6.5729,loss_of_function,-3.71352945083346,0.9692,pathogenic,https://doi.org/10.1101/2022.10.22.513328
E129K,-0.2022,-0.1119,0.3222197885168792,Neutral,Neutral,65.3,,,0.727,cBioPortal,,False,65.3,,,,neutral,neutral,neutral,,,,,,,,93.23,T,-0.3274,0.1625,-22.1825,loss_of_function,-7.66161385465418,0.9925,pathogenic,https://doi.org/10.1101/2022.10.22.513328
K130I,4.91514,-1.04864,0.3970909023727526,Uncertain,Uncertain,0.0,,,0.814,cBioPortal,,False,0.0,,,,neutral,neutral,neutral,,,,,,,,96.36,-,-0.3605,0.0001,-22.1825,loss_of_function,-7.66194954829147,0.9992,pathogenic,https://doi.org/10.1101/2022.10.22.513328
C135Y,2.31074,6.78537,0.749334574669841,Uncertain,Uncertain,5.8,,,0.806,cBioPortal,,True,5.8,,,,neutral,neutral,neutral,,,,,,,,91.71,-,-0.4802,0.1665,-22.1825,loss_of_function,-7.66161385465418,0.9967,pathogenic,https://doi.org/10.1101/2022.10.22.513328
D137H,0.95742,-0.31293,0.1745942175205,Neutral,Neutral,89.7,,,0.833,COSMIC,,True,89.7,,,,neutral,neutral,neutral,,,,,,,,89.98,G,-0.2546,1.1206,-22.1825,loss_of_function,-7.51949751315313,0.9912,pathogenic,https://doi.org/10.1101/2022.10.22.513328
L139P,5.39095,6.57449,6.568432568662252,Destabilizing,Destabilizing,5.7,,,,clinvar,,True,5.7,,,,neutral,neutral,neutral,,,,,2329349,Uncertain significance,1,90.88,T,-0.4902,0.1354,-22.1825,loss_of_function,-7.66194954829147,0.9997,pathogenic,https://doi.org/10.1101/2022.10.22.513328
G140R,1.68015,0.06122,0.5307961733479568,Neutral,Neutral,94.8,,,0.858,cBioPortal,,True,94.8,,,,neutral,neutral,neutral,,,,,,,,85.7,T,-0.4453,0.1589,-22.1795,loss_of_function,-7.60505311318917,0.9997,pathogenic,https://doi.org/10.1101/2022.10.22.513328
E142K,1.67715,4.36565,0.77352392268909,Uncertain,Neutral,21.5,,,0.781,"cBioPortal,COSMIC",,False,21.5,,,,neutral,neutral,neutral,,,,,,,,91.27,G,-0.3279,0.157,-22.1825,loss_of_function,-7.56437927707977,0.9984,pathogenic,https://doi.org/10.1101/2022.10.22.513328
F145L,1.27922,1.85884,1.5803815077726846,Neutral,Neutral,31.7,,,0.652,cBioPortal,,False,31.7,,,,neutral,neutral,neutral,,,,,,,,92.11,S,-0.2683,0.9437,-22.1916,loss_of_function,-7.57514294136019,0.9996,pathogenic,https://doi.org/10.1101/2022.10.22.513328
E146Q,0.93975,0.33605,0.3272900624302849,Neutral,Neutral,70.6,,,0.582,"cBioPortal,COSMIC",,False,70.6,,,,neutral,neutral,neutral,,,,,,,,92.11,-,-0.1805,0.4846,-8.9037,loss_of_function,-3.17931021256631,0.3689,ambiguous,https://doi.org/10.1101/2022.10.22.513328
D152G,0.08279,0.25238,0.7597030868925952,Neutral,Neutral,107.1,,,0.518,"cBioPortal,COSMIC",,False,107.1,,,,neutral,neutral,neutral,,,,,,,,90.6,G,-0.1931,0.9438,-6.5819,loss_of_function,-3.60871400101388,0.4934,ambiguous,https://doi.org/10.1101/2022.10.22.513328
G153E,2.69526,0.1017,1.8881927982320552,Uncertain,Uncertain,19.1,,,0.813,cBioPortal,,False,19.1,,,,neutral,neutral,neutral,,,,,,,,92.46,G,-0.443,0.0001,-22.1916,loss_of_function,-7.66278753458498,0.9918,pathogenic,https://doi.org/10.1101/2022.10.22.513328
G153R,2.56287,0.79728,1.24486987988459,Uncertain,Uncertain,19.1,,4.0130987543e-06,0.814,COSMIC,,False,19.1,,,,neutral,neutral,neutral,,,,,,,,92.46,G,-0.46,0.0001,-22.1916,loss_of_function,-7.66278753458498,0.9795,pathogenic,https://doi.org/10.1101/2022.10.22.513328
L161F,9.68319,2.27483,2.020705994604152,Uncertain,Uncertain,0.1,,,0.634,"cBioPortal,COSMIC",,False,0.1,,,,neutral,neutral,neutral,,,,,,,,98.34,E,-0.2183,1.4604,-22.1886,loss_of_function,-4.89228285954021,0.6428,pathogenic,https://doi.org/10.1101/2022.10.22.513328
L162F,7.60187,3.47653,2.4552588944678924,Destabilizing,Uncertain,0.0,,,0.554,COSMIC,,False,0.0,,,,neutral,neutral,neutral,,,,,,,,98.25,E,-0.1407,1.5671,-8.9037,loss_of_function,-6.31148013920159,0.6296,pathogenic,https://doi.org/10.1101/2022.10.22.513328
G163R,7.31923,2.16429,1.7919448476518025,Uncertain,Uncertain,4.2,,,0.472,cBioPortal,,False,4.2,,,,neutral,neutral,neutral,,,,,,,,97.52,E,-0.3276,1.4384,-22.1886,loss_of_function,-5.25013885612473,0.9642,pathogenic,https://doi.org/10.1101/2022.10.22.513328
I164F,8.37514,3.29932,1.7622771193138342,Destabilizing,Uncertain,0.0,,,0.319,"cBioPortal,COSMIC",,False,0.0,,,,neutral,neutral,neutral,,,,,,,,97.38,E,-0.1262,1.6451,-0.744,loss_of_function,-2.42233177928817,0.3057,benign,https://doi.org/10.1101/2022.10.22.513328
D165H,13.89409,3.61156,1.7824759447699845,Destabilizing,Uncertain,0.0,,,0.833,cBioPortal,,False,0.0,,,,neutral,neutral,neutral,,,,,,,,96.22,E,-0.3578,0.0001,-22.1916,loss_of_function,-7.66295491841945,0.9977,pathogenic,https://doi.org/10.1101/2022.10.22.513328
D165N,4.00142,1.14762,1.3925488156472845,Uncertain,Uncertain,0.0,,0.0,0.658,"cBioPortal,COSMIC",,False,0.0,,,,neutral,neutral,neutral,,,,,,,,96.22,E,-0.3151,0.0001,-22.1916,loss_of_function,-4.60007116290532,0.9811,pathogenic,https://doi.org/10.1101/2022.10.22.513328
D165V,7.87076,2.42619,1.6013292972123545,Uncertain,Uncertain,0.0,,,0.830,"cBioPortal,COSMIC",,False,0.0,,,,neutral,neutral,neutral,,,,,,,,96.22,E,-0.3955,0.0001,-22.1916,loss_of_function,-7.66295491841945,0.9975,pathogenic,https://doi.org/10.1101/2022.10.22.513328
D165Y,17.57614,3.9051,1.9913769055999573,Destabilizing,Uncertain,0.0,,,0.827,"cBioPortal,COSMIC",,False,0.0,,,,neutral,neutral,neutral,,,,,,,,96.22,E,-0.3934,0.0001,-22.1916,loss_of_function,-7.66295491841945,0.9962,pathogenic,https://doi.org/10.1101/2022.10.22.513328
G169D,0.59601,-0.04558,-0.2786542744007475,Neutral,Neutral,109.2,,,0.536,"cBioPortal,COSMIC",,False,109.2,,,,neutral,neutral,neutral,,,,,,,,73.6,T,-0.3307,1.2283,-22.1886,loss_of_function,-6.83951406949572,0.971,pathogenic,https://doi.org/10.1101/2022.10.22.513328
N171S,0.63941,0.8966,0.8574169815842159,Neutral,Neutral,79.9,,8.0252313273e-06,0.165,cBioPortal,,False,79.9,,,,neutral,neutral,neutral,,,,,,,,77.68,-,-0.0939,1.1721,-3.2254,loss_of_function,-2.8017871187967,0.1869,benign,https://doi.org/10.1101/2022.10.22.513328
D175Y,-0.87673,0.35884,0.2403738694442647,Neutral,Neutral,57.5,,,0.469,"cBioPortal,COSMIC",,False,57.5,,,,neutral,neutral,neutral,,,,,,,,92.21,H,-0.2952,1.0677,-22.1916,loss_of_function,-6.527679478428,0.6606,pathogenic,https://doi.org/10.1101/2022.10.22.513328
Q177E,1.04918,0.13946,1.4924405871745527,Neutral,Neutral,0.5,,,0.805,"cBioPortal,COSMIC",,False,0.5,,,,neutral,neutral,neutral,,,,,,,,93.49,H,-0.2876,0.186,-22.1916,loss_of_function,-4.60007116290532,0.5634,ambiguous,https://doi.org/10.1101/2022.10.22.513328
L178V,2.09772,1.56122,1.7417619429177305,Uncertain,Uncertain,20.5,,,0.311,cBioPortal,,False,20.5,,,,neutral,neutral,neutral,,,,,,,,94.42,H,-0.0328,2.047,-0.9323,loss_of_function,-1.84726295324419,0.118,benign,https://doi.org/10.1101/2022.10.22.513328
N186Y,-0.54864,0.13027,0.0898491457168881,Neutral,Neutral,63.0,,,0.385,COSMIC,,True,63.0,,,,neutral,neutral,neutral,,,,,,,,95.93,H,-0.098,2.1567,-7.9038,loss_of_function,-2.23656481778787,0.2069,benign,https://doi.org/10.1101/2022.10.22.513328
A189T,0.4575,1.02619,0.3325806508759343,Neutral,Neutral,43.5,,,0.250,"cBioPortal,COSMIC",,True,43.5,,,,neutral,neutral,neutral,,,,,,,,94.77,G,0.0163,2.677,-6.3159,gain_of_function,-0.104165190966487,0.0799,benign,https://doi.org/10.1101/2022.10.22.513328
K190N,0.54821,0.95408,0.4440687942618271,Neutral,Neutral,74.4,,,0.175,"cBioPortal,COSMIC",,False,74.4,,,,neutral,neutral,neutral,,,,,,,,95.96,G,-0.322,0.2011,-22.1946,loss_of_function,-7.66345664416019,0.9908,pathogenic,https://doi.org/10.1101/2022.10.22.513328
K193N,0.68164,0.53367,0.7513180209636094,Neutral,Neutral,34.9,,,0.595,COSMIC,,False,34.9,,,,neutral,neutral,neutral,,,,,,,,95.18,-,-0.3281,0.1345,-22.1946,loss_of_function,-7.66328947314689,0.9854,pathogenic,https://doi.org/10.1101/2022.10.22.513328
K193T,0.76644,-0.10578,0.6312832004470009,Neutral,Neutral,34.9,,,0.838,"cBioPortal,COSMIC",,False,34.9,,,,neutral,neutral,neutral,,,,,,,,95.18,-,-0.3319,0.1345,-22.1946,loss_of_function,-7.66328947314689,0.9525,pathogenic,https://doi.org/10.1101/2022.10.22.513328
I195M,0.96286,1.54694,2.61169477244686,Neutral,Uncertain,6.2,,,0.541,"cBioPortal,COSMIC",,True,6.2,,,,neutral,neutral,neutral,,,,,,,,96.57,E,-0.0654,1.8534,-6.3219,loss_of_function,-0.401609144029663,0.0998,benign,https://doi.org/10.1101/2022.10.22.513328
V197M,-0.25957,1.61565,2.0728818709279104,Neutral,Uncertain,0.0,,,0.335,COSMIC,,True,0.0,,,,neutral,neutral,neutral,,,,,,,,97.84,E,-0.1503,1.3917,-6.0995,loss_of_function,-0.779669882964706,0.1384,benign,https://doi.org/10.1101/2022.10.22.513328
V198F,14.5543,7.10578,2.506902638597728,Destabilizing,Uncertain,0.1,,,0.674,COSMIC,,True,0.1,,,,neutral,neutral,neutral,,,,,,,,98.2,E,-0.3478,0.8705,-22.1946,loss_of_function,-6.19788455567574,0.746,pathogenic,https://doi.org/10.1101/2022.10.22.513328
E204K,0.49394,0.5398,0.1117586513137458,Neutral,Neutral,52.7,,4.0123902611e-06,0.732,cBioPortal,,True,52.7,,,,neutral,neutral,neutral,,,,,,,,93.98,G,-0.2305,1.2169,-22.1946,loss_of_function,-5.6138310180735,0.9537,pathogenic,https://doi.org/10.1101/2022.10.22.513328
E207Q,0.82977,1.10102,0.1320409990421872,Neutral,Neutral,83.8,,,0.562,cBioPortal,,False,83.8,,,,neutral,neutral,neutral,,,,,,,,92.1,H,-0.1359,0.914,-7.9068,loss_of_function,-2.76523177443822,0.9731,pathogenic,https://doi.org/10.1101/2022.10.22.513328
R208Q,-0.4228,0.48844,0.7248902149352282,Neutral,Neutral,60.2,,4.0125512603e-06,0.428,"cBioPortal,COSMIC",,False,60.2,,,,neutral,neutral,neutral,,,,,,,,93.84,H,-0.0364,2.6483,-1.7673,loss_of_function,-1.56243998149482,0.4785,ambiguous,https://doi.org/10.1101/2022.10.22.513328
R208W,0.09001,1.37959,-0.0676405352243136,Neutral,Neutral,60.2,,4.012680069e-06,0.689,cBioPortal,,False,60.2,,,,neutral,neutral,neutral,,,,,,,,93.84,H,-0.1837,2.6483,-22.1946,loss_of_function,-3.11655017411897,0.728,pathogenic,https://doi.org/10.1101/2022.10.22.513328
I210V,0.48098,0.53912,0.8249307501780911,Neutral,Neutral,21.2,,,0.228,"cBioPortal,COSMIC",,True,21.2,,,,neutral,neutral,neutral,,,,,,,,94.62,H,-0.0113,1.6446,-0.8815,loss_of_function,-2.25270562138098,0.2906,benign,https://doi.org/10.1101/2022.10.22.513328
R211T,0.76625,0.80816,0.9822723662322176,Neutral,Neutral,72.3,,,0.606,"cBioPortal,COSMIC",,True,72.3,,,,neutral,neutral,neutral,,,,,,,,94.76,H,-0.3063,1.1765,-22.1946,loss_of_function,-4.33976647088768,0.9779,pathogenic,https://doi.org/10.1101/2022.10.22.513328
A213T,2.06713,2.03469,1.2905937414933972,Uncertain,Uncertain,0.0,,,0.490,"cBioPortal,COSMIC",,True,0.0,,,,neutral,neutral,neutral,,,,,,,,95.39,H,-0.1075,1.42,-7.9068,loss_of_function,-0.554049174550304,0.1161,benign,https://doi.org/10.1101/2022.10.22.513328
A213V,0.20811,1.1932,0.719032477408636,Neutral,Neutral,0.0,,,0.359,"cBioPortal,COSMIC",,True,0.0,,,,neutral,neutral,neutral,,,,,,,,95.39,H,-0.0802,1.42,-3.152,loss_of_function,-1.35463345546672,0.1956,benign,https://doi.org/10.1101/2022.10.22.513328
H214P,4.79841,7.08503,6.2181026362274405,Destabilizing,Destabilizing,39.3,,,0.680,"cBioPortal,COSMIC",,True,39.3,,,,neutral,neutral,neutral,,,,,,,,95.26,H,-0.3075,1.6581,-22.1946,loss_of_function,-6.10101376962628,0.9444,pathogenic,https://doi.org/10.1101/2022.10.22.513328
A217V,0.91073,2.13299,0.289591692448794,Uncertain,Neutral,2.1,,,0.415,"cBioPortal,COSMIC",,True,2.1,,,,neutral,neutral,neutral,,,,,,,,94.24,H,0.0044,2.2841,-2.1468,gain_of_function,-0.360980839391279,0.268,benign,https://doi.org/10.1101/2022.10.22.513328
K220R,0.43778,0.41905,0.6598429422583307,Neutral,Neutral,22.3,,,0.409,cBioPortal,,False,22.3,,,,neutral,neutral,neutral,,,,,,,,91.97,S,-0.1396,0.2951,-4.737,loss_of_function,-1.29965202064147,0.0851,benign,https://doi.org/10.1101/2022.10.22.513328
K221N,0.21842,0.28401,0.2906331163184206,Neutral,Neutral,105.8,,,0.401,COSMIC,,False,105.8,,,,neutral,neutral,neutral,,,,,,,,83.51,T,-0.1008,1.8688,-8.9068,loss_of_function,-4.0788520075808,0.9146,pathogenic,https://doi.org/10.1101/2022.10.22.513328
K221Q,0.13546,-0.13503,0.3286385721892282,Neutral,Neutral,105.8,,,0.485,"cBioPortal,COSMIC",,False,105.8,,,,neutral,neutral,neutral,,,,,,,,83.51,T,-0.1495,1.8688,-22.1946,loss_of_function,-4.0788520075808,0.6558,pathogenic,https://doi.org/10.1101/2022.10.22.513328
V226M,2.50009,3.53401,2.925787662171329,Uncertain,Uncertain,0.0,,,0.517,"cBioPortal,COSMIC",,False,0.0,,,,neutral,neutral,neutral,,,,,,,,97.2,E,-0.2689,0.9954,-22.1946,loss_of_function,-3.45716736520549,0.7042,pathogenic,https://doi.org/10.1101/2022.10.22.513328
S229L,2.52045,3.26599,1.7123028457492089,Uncertain,Uncertain,0.0,,,0.936,"cBioPortal,COSMIC",,False,0.0,,,,uncertain,,,,,,,,,,97.4,B,-0.3557,0.0216,-22.1946,loss_of_function,-7.58574184196812,0.991,pathogenic,https://doi.org/10.1101/2022.10.22.513328
A230V,1.99137,1.74626,-0.3488895315082668,Neutral,Neutral,11.2,,,0.776,"cBioPortal,COSMIC",,False,11.2,,,,neutral,neutral,neutral,,,,,,,,97.08,T,-0.2694,0.4206,-22.1946,loss_of_function,-6.45485066057783,0.8653,pathogenic,https://doi.org/10.1101/2022.10.22.513328
S232A,0.55654,0.27313,0.0385811428750337,Neutral,Neutral,41.2,,,0.196,"cBioPortal,COSMIC",,False,41.2,,,,uncertain,,,,,,,,,,94.21,T,-0.0124,2.0305,-6.3219,loss_of_function,-1.84754604462146,0.1849,benign,https://doi.org/10.1101/2022.10.22.513328
S232Y,-0.04475,0.19898,-0.7222385872069992,Neutral,Neutral,41.2,,,0.543,"cBioPortal,COSMIC",,False,41.2,,,,uncertain,,,,,,,,,,94.21,T,-0.1034,2.0305,-7.9068,loss_of_function,-2.07653006628891,0.6188,pathogenic,https://doi.org/10.1101/2022.10.22.513328
V236G,2.49391,4.22687,5.332348132309079,Uncertain,Uncertain,0.5,,,0.916,"cBioPortal,COSMIC",,False,0.5,,,,neutral,neutral,neutral,,,,,,,,96.42,H,-0.3776,1.0752,-22.1916,loss_of_function,-4.21312161006493,0.8477,pathogenic,https://doi.org/10.1101/2022.10.22.513328
V236L,0.46124,2.21803,1.4475761413195087,Uncertain,Neutral,0.5,,,0.753,cBioPortal,,False,0.5,,,,neutral,neutral,neutral,,,,,,,,96.42,H,-0.2524,1.0752,-22.1916,loss_of_function,-2.53164853474163,0.6874,pathogenic,https://doi.org/10.1101/2022.10.22.513328
V236M,2.38821,1.77211,2.5738904539519747,Uncertain,Uncertain,0.5,,,0.755,"cBioPortal,COSMIC",,False,0.5,,,,neutral,neutral,neutral,,,,,,,,96.42,H,-0.2615,1.0752,-22.1916,loss_of_function,-2.53164853474163,0.6201,pathogenic,https://doi.org/10.1101/2022.10.22.513328
F240L,2.12289,4.36803,1.7182980994985109,Uncertain,Uncertain,0.0,,,0.829,COSMIC,,True,0.0,,,,neutral,neutral,neutral,,,,,,,,94.96,H,-0.2833,0.0433,-8.9037,loss_of_function,-7.66328947314689,0.961,pathogenic,https://doi.org/10.1101/2022.10.22.513328
I247T,2.06244,2.52789,3.192314992016122,Uncertain,Uncertain,16.2,,,0.759,"cBioPortal,COSMIC",,True,16.2,,,,neutral,neutral,neutral,,,,,,,,90.72,H,-0.2689,1.2447,-22.1825,loss_of_function,-4.79760440086727,0.1116,benign,https://doi.org/10.1101/2022.10.22.513328
K249T,3.78827,1.46293,0.659137768121878,Uncertain,Uncertain,92.4,,,0.608,"cBioPortal,COSMIC",,True,92.4,,,,neutral,neutral,neutral,,,,,,,,79.84,T,-0.2769,0.7323,-22.1916,loss_of_function,-6.40512726953284,0.8742,pathogenic,https://doi.org/10.1101/2022.10.22.513328
R251Q,0.31332,-0.42381,0.1861500206939031,Neutral,Neutral,105.3,,,0.378,"cBioPortal,COSMIC",,True,105.3,,,,neutral,neutral,neutral,,,,,,,,55.42,S,-0.2844,1.0856,-22.1886,loss_of_function,-7.00057923283183,0.257,benign,https://doi.org/10.1101/2022.10.22.513328
R251W,0.60897,0.38503,-0.2816839926408154,Neutral,Neutral,105.3,,4.0132275982e-06,0.468,COSMIC,,True,105.3,,,,neutral,neutral,neutral,,,,,,,,55.42,S,-0.3274,1.0856,-22.1886,loss_of_function,-7.11222289150892,0.466,ambiguous,https://doi.org/10.1101/2022.10.22.513328
K255E,-0.20893,0.77483,-0.1818531374733845,Neutral,Neutral,79.5,,,0.470,cBioPortal,,True,79.5,,,,neutral,neutral,neutral,,,,,,,,85.43,-,-0.3182,0.3147,-22.1886,loss_of_function,-7.56892616422325,0.9805,pathogenic,https://doi.org/10.1101/2022.10.22.513328
K255N,0.20113,1.18231,-0.0635272689665272,Neutral,Neutral,79.5,,,0.164,"cBioPortal,COSMIC",,True,79.5,,,,neutral,neutral,neutral,,,,,,,,85.43,-,-0.3115,0.3147,-22.1886,loss_of_function,-7.56892616422325,0.9828,pathogenic,https://doi.org/10.1101/2022.10.22.513328
P258F,0.51563,1.13946,-0.631278356012489,Neutral,Neutral,60.6,,,,COSMIC,,True,60.6,,,,neutral,neutral,neutral,,,,,,,,91.96,-,-0.2646,1.3464,-22.1886,loss_of_function,-5.9308281658861,0.9907,pathogenic,https://doi.org/10.1101/2022.10.22.513328
P258L,0.99704,1.10306,-0.8665642964200265,Neutral,Neutral,60.6,,4.012776681e-06,0.358,cBioPortal,,True,60.6,,,,neutral,neutral,neutral,,,,,,,,91.96,-,-0.1845,1.3464,-8.9007,loss_of_function,-2.34781990767436,0.729,pathogenic,https://doi.org/10.1101/2022.10.22.513328
K264R,-0.20785,0.22551,-0.2691949091390933,Neutral,Neutral,92.3,,,0.129,COSMIC,,False,92.3,,,,neutral,neutral,neutral,,,,,,,,94.1,H,-0.0335,1.263,-1.3931,loss_of_function,-1.97342250154209,0.2374,benign,https://doi.org/10.1101/2022.10.22.513328
Q268R,-0.09965,0.04932,-0.5747418725919307,Neutral,Neutral,79.9,,,0.324,cBioPortal,,False,79.9,,,,neutral,neutral,neutral,,,,,,,,95.43,H,-0.155,1.1793,-8.9007,loss_of_function,-6.09375732812554,0.6152,pathogenic,https://doi.org/10.1101/2022.10.22.513328
Q269K,-0.09392,0.06701,-0.21532655827667,Neutral,Neutral,69.9,,,0.160,cBioPortal,,False,69.9,,,,neutral,neutral,neutral,,,,,,,,94.48,H,-0.0735,2.0252,-7.9008,loss_of_function,-4.10768346452769,0.1506,benign,https://doi.org/10.1101/2022.10.22.513328
T272I,-0.26721,-0.06497,-0.4057396143611463,Neutral,Neutral,60.6,,4.0137430562e-06,0.144,cBioPortal,,True,60.6,,,,uncertain,,,,,,,,,,97.05,H,0.0024,2.7814,-3.582,gain_of_function,-1.76672967037166,0.1293,benign,https://doi.org/10.1101/2022.10.22.513328
E278V,0.24653,-1.20544,-0.5373857708865698,Neutral,Neutral,46.9,,,0.293,COSMIC,,True,46.9,,,,neutral,neutral,neutral,,,,,,,,96.34,H,-0.0451,2.3437,-7.9038,loss_of_function,-4.73270496928664,0.9067,pathogenic,https://doi.org/10.1101/2022.10.22.513328
V281G,3.85014,3.97313,4.439240028131111,Destabilizing,Destabilizing,2.0,,2.01142489339e-05,0.548,cBioPortal,,True,2.0,,,,neutral,neutral,neutral,,,,,,,,95.24,H,-0.2876,1.316,-8.8977,loss_of_function,-2.68128709877455,0.9516,pathogenic,https://doi.org/10.1101/2022.10.22.513328
S282N,-0.34151,-0.00136,-0.2095320185535232,Neutral,Neutral,46.4,,,0.126,cBioPortal,,True,46.4,,,,uncertain,,,,,,,,,,93.55,H,-0.0191,2.0587,-3.7674,loss_of_function,-0.566634776348292,0.1417,benign,https://doi.org/10.1101/2022.10.22.513328
R283H,0.87145,-0.5949,0.3434089828111236,Neutral,Neutral,53.8,3.18613394507e-05,6.0270493977e-05,0.105,"cBioPortal,COSMIC",,True,53.8,,,,neutral,neutral,neutral,,,,,,,,93.63,H,-0.001,3.131,-4.5055,loss_of_function,-1.19404432073495,0.1029,benign,https://doi.org/10.1101/2022.10.22.513328
N289S,0.12697,0.55136,0.6321120862714865,Neutral,Neutral,66.4,,,,clinvar,,False,66.4,,,,neutral,neutral,neutral,,,,,2399883,Uncertain significance,1,89.16,T,-0.1159,1.9848,-22.1886,loss_of_function,-5.5426751249014,0.0953,benign,https://doi.org/10.1101/2022.10.22.513328
E290A,0.44756,1.87823,0.4889941235600864,Neutral,Neutral,28.7,,,0.172,COSMIC,,True,28.7,,,,neutral,neutral,neutral,,,,,,,,90.53,-,0.0117,2.4548,-1.3743,gain_of_function,-1.26922616310076,0.4361,ambiguous,https://doi.org/10.1101/2022.10.22.513328
S294N,0.36405,-0.47993,-0.3351396615812174,Neutral,Neutral,30.0,,,0.067,COSMIC,,True,30.0,,,,uncertain,,,,,,,,,,90.8,H,0.037,2.6096,-2.708,gain_of_function,-0.0232253127437659,0.0583,benign,https://doi.org/10.1101/2022.10.22.513328
R297Q,0.72349,0.00884,0.7064312287852866,Neutral,Neutral,70.7,,,,clinvar,,True,70.7,,,,neutral,neutral,neutral,,,,,2409599,Uncertain significance,1,92.44,H,-0.1635,1.5519,-6.9008,loss_of_function,-1.31386353199306,0.0875,benign,https://doi.org/10.1101/2022.10.22.513328
K298M,0.05334,0.10816,-0.2432825266549532,Neutral,Neutral,57.2,,,0.110,cBioPortal,,True,57.2,,,,neutral,neutral,neutral,,,,,,,,91.13,H,-0.0374,2.0999,-2.257,loss_of_function,-0.860682245823413,0.2713,benign,https://doi.org/10.1101/2022.10.22.513328
K298N,1.14849,0.18163,0.2094148423998754,Neutral,Neutral,57.2,,,0.082,cBioPortal,,True,57.2,,,,neutral,neutral,neutral,,,,,,,,91.13,H,-0.0595,2.0999,-4.994,loss_of_function,-1.47479349744322,0.495,ambiguous,https://doi.org/10.1101/2022.10.22.513328
P303Q,1.23474,-0.33673,-0.131779371528824,Neutral,Neutral,73.0,,,0.109,"cBioPortal,COSMIC",,True,73.0,,,,neutral,neutral,neutral,,,,,,,,95.91,H,-0.0423,2.4723,-5.3219,loss_of_function,-0.610987991840772,0.089,benign,https://doi.org/10.1101/2022.10.22.513328
Q306K,0.07874,0.40034,0.0659964008618119,Neutral,Neutral,65.6,,,0.160,"cBioPortal,COSMIC",,False,65.6,,,,neutral,neutral,neutral,,,,,,,,95.53,H,0.0665,3.2872,-3.2095,gain_of_function,-0.815512370268879,0.0802,benign,https://doi.org/10.1101/2022.10.22.513328
Y308C,4.11486,3.2085,4.804204674539796,Destabilizing,Destabilizing,3.7,,,0.628,"cBioPortal,COSMIC",P,True,3.7,6.032,,,uncertain,neutral,uncertain,,,,,,,,97.26,H,-0.3216,1.097,-22.1976,loss_of_function,-5.96839948638882,0.9392,pathogenic,https://doi.org/10.1101/2022.10.22.513328
Y308F,-0.35023,-0.38639,0.479754025345297,Neutral,Neutral,3.7,,,0.178,COSMIC,P,True,3.7,6.032,,,uncertain,damaging,uncertain,,,,,,,,97.26,H,-0.0792,1.097,-0.7858,loss_of_function,-1.89869459039521,0.1892,benign,https://doi.org/10.1101/2022.10.22.513328
G313A,3.88967,4.10476,0.9709731222717204,Destabilizing,Uncertain,12.8,,,0.560,COSMIC,,True,12.8,,,,neutral,neutral,neutral,,,,,,,,94.55,-,-0.3835,0.0001,-22.1976,loss_of_function,-7.77266490380491,0.9946,pathogenic,https://doi.org/10.1101/2022.10.22.513328
G313E,6.12338,4.56395,2.3139228207793447,Destabilizing,Uncertain,12.8,,,0.567,cBioPortal,,True,12.8,,,,neutral,neutral,neutral,,,,,,,,94.55,-,-0.443,0.0001,-22.1976,loss_of_function,-7.77266490380491,0.9996,pathogenic,https://doi.org/10.1101/2022.10.22.513328
K318N,1.37336,0.82687,1.0227908967964876,Neutral,Neutral,43.9,,,0.121,COSMIC,,False,43.9,,,,neutral,neutral,neutral,,,,,,,,96.52,H,-0.1858,1.6817,-22.2006,loss_of_function,-3.79985559294946,0.9514,pathogenic,https://doi.org/10.1101/2022.10.22.513328
L320P,3.74482,10.42959,7.658544447566207,Destabilizing,Destabilizing,14.9,,,0.338,"cBioPortal,COSMIC",,False,14.9,,,,neutral,neutral,neutral,,,,,,,,94.55,H,-0.3727,1.4133,-22.2006,loss_of_function,-5.46243590609893,0.9968,pathogenic,https://doi.org/10.1101/2022.10.22.513328
I325M,0.74805,0.73367,0.9025736376497606,Neutral,Neutral,17.6,,,0.091,"cBioPortal,COSMIC",,False,17.6,,,,neutral,neutral,neutral,,,,,,,,94.6,H,-0.0343,1.964,-2.2264,loss_of_function,-2.19797159240378,0.1565,benign,https://doi.org/10.1101/2022.10.22.513328
I325T,3.17895,1.9915,2.2170230929111883,Uncertain,Uncertain,17.6,,,0.054,COSMIC,,False,17.6,,,,neutral,neutral,neutral,,,,,,,,94.6,H,-0.1141,1.964,-4.8254,loss_of_function,-0.851988420094202,0.1493,benign,https://doi.org/10.1101/2022.10.22.513328
R327C,1.30947,0.08503,1.4762725954768758,Neutral,Neutral,55.3,,3.61785774583e-05,0.228,"cBioPortal,COSMIC",,False,55.3,,,,neutral,neutral,neutral,,,,,,,,92.82,H,-0.2696,1.6183,-22.2006,loss_of_function,-5.29794297029662,0.4077,ambiguous,https://doi.org/10.1101/2022.10.22.513328
K329N,1.50739,0.85918,0.8510163032699686,Neutral,Neutral,37.9,,,0.170,"cBioPortal,COSMIC",,False,37.9,,,,neutral,neutral,neutral,,,,,,,,91.79,H,-0.1777,0.9777,-7.9128,loss_of_function,-4.88798999925585,0.9556,pathogenic,https://doi.org/10.1101/2022.10.22.513328
E331K,-0.29803,0.49796,0.311322882254717,Neutral,Neutral,46.9,,4.0193572244e-06,0.383,cBioPortal,,False,46.9,,,,neutral,neutral,neutral,,,,,,,,91.65,H,-0.1654,1.1874,-8.9128,loss_of_function,-3.02387199539071,0.5273,ambiguous,https://doi.org/10.1101/2022.10.22.513328
E331V,1.64023,0.0619,0.0604967063326372,Neutral,Neutral,46.9,,,0.360,"cBioPortal,COSMIC",,False,46.9,,,,neutral,neutral,neutral,,,,,,,,91.65,H,-0.2244,1.1874,-22.2006,loss_of_function,-6.33178540839837,0.5665,pathogenic,https://doi.org/10.1101/2022.10.22.513328
E334K,-0.00062,0.11939,0.2790098604721697,Neutral,Neutral,37.2,,,0.211,"cBioPortal,COSMIC",,False,37.2,,,,neutral,neutral,neutral,,,,,,,,91.49,H,-0.0083,2.6505,-4.5176,loss_of_function,-1.6604722938196,0.4227,ambiguous,https://doi.org/10.1101/2022.10.22.513328
R335C,1.06676,0.98367,1.1612233714411735,Neutral,Neutral,66.2,3.18451054073e-05,,0.202,COSMIC,,True,66.2,,,,neutral,neutral,neutral,,,,,,,,92.06,H,-0.286,1.4407,-22.1976,loss_of_function,-4.53012454519124,0.2049,benign,https://doi.org/10.1101/2022.10.22.513328
R335H,0.54965,0.26871,0.0958083300601386,Neutral,Neutral,66.2,9.55596610817e-05,2.01032502935e-05,0.175,COSMIC,,True,66.2,,,,neutral,neutral,neutral,,,,,,,,92.06,H,-0.1672,1.4407,-6.5879,loss_of_function,-2.19920358651372,0.1005,benign,https://doi.org/10.1101/2022.10.22.513328
R336K,2.89117,1.17415,1.9481487180347776,Uncertain,Uncertain,4.0,6.37064407212e-05,,0.228,COSMIC,,True,4.0,,,,neutral,neutral,neutral,,,,,,,,92.38,H,-0.0866,1.137,-0.8987,loss_of_function,-1.96986797960054,0.2135,benign,https://doi.org/10.1101/2022.10.22.513328
L339M,-0.39261,-0.06735,0.3408787252571316,Neutral,Neutral,68.1,,,0.077,"cBioPortal,COSMIC",,False,68.1,,,,neutral,neutral,neutral,,,,,,,,93.36,H,0.0848,3.3569,-4.0519,gain_of_function,-0.127102382929572,0.0662,benign,https://doi.org/10.1101/2022.10.22.513328
A343G,0.8424,1.2,1.108167584261398,Neutral,Neutral,43.3,,,0.140,COSMIC,,True,43.3,,,,neutral,neutral,neutral,,,,,,,,94.44,H,-0.075,2.8137,-22.2006,loss_of_function,-3.95373695021128,0.1494,benign,https://doi.org/10.1101/2022.10.22.513328
P345L,0.77386,-0.4432,-1.2201569348399437,Neutral,Neutral,37.3,9.55353162219e-05,,0.387,"COSMIC,clinvar",,False,37.3,,,,neutral,neutral,neutral,,,,,2547346,Uncertain significance,1,94.78,H,-0.217,0.9939,-8.9128,loss_of_function,-4.08196001776849,0.5813,pathogenic,https://doi.org/10.1101/2022.10.22.513328
P345S,2.98819,1.08129,-0.3320388102446087,Uncertain,Uncertain,37.3,,,0.495,cBioPortal,,False,37.3,,,,neutral,neutral,neutral,,,,,,,,94.78,H,-0.1628,0.9939,-7.9128,loss_of_function,-3.01530272643053,0.5143,ambiguous,https://doi.org/10.1101/2022.10.22.513328
A347P,0.86167,5.89048,7.139274255121372,Uncertain,Uncertain,0.0,,,0.514,cBioPortal,,False,0.0,,,,neutral,neutral,neutral,,,,,,,,94.76,H,-0.3026,1.731,-22.2006,loss_of_function,-5.12786074871293,0.9778,pathogenic,https://doi.org/10.1101/2022.10.22.513328
L351H,6.46368,4.49116,2.6928754065237626,Destabilizing,Uncertain,2.8,,,0.586,cBioPortal,,False,2.8,,,,neutral,neutral,neutral,,,,,,,,94.29,H,-0.3253,1.4825,-22.2006,loss_of_function,-4.79924977286166,0.9547,pathogenic,https://doi.org/10.1101/2022.10.22.513328
L351R,4.92894,7.88163,4.401050607562002,Destabilizing,Destabilizing,2.8,,,0.660,cBioPortal,,False,2.8,,,,neutral,neutral,neutral,,,,,,,,94.29,H,-0.3631,1.4825,-22.2006,loss_of_function,-6.14466324611385,0.9705,pathogenic,https://doi.org/10.1101/2022.10.22.513328
I352V,1.87736,0.96769,1.339217802012594,Neutral,Neutral,0.2,3.18369945877e-05,2.41068415216e-05,0.114,COSMIC,,False,0.2,,,,neutral,neutral,neutral,,,,,,,,93.48,-,0.0389,2.2771,-2.4535,gain_of_function,-0.0157991526864034,0.0965,benign,https://doi.org/10.1101/2022.10.22.513328
D356H,0.25009,0.52925,-0.0106461964455145,Neutral,Neutral,79.7,,,0.216,cBioPortal,,False,79.7,,,,neutral,neutral,neutral,,,,,,,,89.57,G,-0.0669,2.3694,-7.9128,loss_of_function,-4.03990769448407,0.3217,benign,https://doi.org/10.1101/2022.10.22.513328
I364V,0.32566,0.49286,0.4129410186059074,Neutral,Neutral,95.6,6.36739891754e-05,0.0001164770901613,0.064,cBioPortal,,False,95.6,,,,neutral,neutral,neutral,,,,,,,,87.59,H,0.0824,2.8415,-4.0985,gain_of_function,-0.0166744924145384,0.0603,benign,https://doi.org/10.1101/2022.10.22.513328
A366G,2.00172,2.23367,2.971063112011328,Uncertain,Uncertain,0.3,,,0.175,"cBioPortal,COSMIC",,False,0.3,,,,neutral,neutral,neutral,,,,,,,,90.1,H,-0.0919,1.8371,-7.8978,loss_of_function,-5.04720325171225,0.2208,benign,https://doi.org/10.1101/2022.10.22.513328
K368Q,-0.27626,0.1466,0.2044844650935795,Neutral,Neutral,81.2,,,0.060,"cBioPortal,COSMIC",,False,81.2,,,,neutral,neutral,neutral,,,,,,,,89.52,H,0.0302,2.6866,-1.7249,gain_of_function,-0.564979542557371,0.0858,benign,https://doi.org/10.1101/2022.10.22.513328
E375Q,-0.11297,-0.00986,0.7092010407969087,Neutral,Neutral,50.1,,8.0289685184e-06,0.096,COSMIC,,True,50.1,,,,neutral,neutral,neutral,,,,,,,,91.0,T,-0.0817,1.5036,-7.9098,loss_of_function,-1.86545073351246,0.1453,benign,https://doi.org/10.1101/2022.10.22.513328
L377F,-0.11957,-0.11088,0.299144634959938,Neutral,Neutral,82.9,,,0.088,"cBioPortal,COSMIC",,False,82.9,,,,neutral,neutral,neutral,,,,,,,,92.93,H,-0.0004,3.0926,-8.9098,loss_of_function,-0.661090793657603,0.1027,benign,https://doi.org/10.1101/2022.10.22.513328
K378N,0.55931,0.2551,0.5182759225748997,Neutral,Neutral,67.1,,,0.075,cBioPortal,,False,67.1,,,,neutral,neutral,neutral,,,,,,,,93.15,H,-0.0136,2.6052,-5.1055,loss_of_function,-0.400469109015465,0.292,benign,https://doi.org/10.1101/2022.10.22.513328
V381F,1.14276,-0.11599,0.5082220026601197,Neutral,Neutral,15.9,,,0.191,"cBioPortal,COSMIC",,False,15.9,,,,neutral,neutral,neutral,,,,,,,,92.52,E,-0.1193,2.2596,-2.47,loss_of_function,-2.53603748081701,0.4321,ambiguous,https://doi.org/10.1101/2022.10.22.513328
L383F,0.46264,0.65748,0.4478641319814797,Neutral,Neutral,23.5,,,0.161,cBioPortal,,True,23.5,,,,neutral,neutral,neutral,,,,,,,,87.32,-,-0.058,2.2055,-4.1974,loss_of_function,-4.35348061087241,0.7773,pathogenic,https://doi.org/10.1101/2022.10.22.513328
P387L,1.53495,1.11361,-0.4625349659464894,Neutral,Neutral,65.8,,,0.277,"cBioPortal,COSMIC",,True,65.8,,,,neutral,neutral,neutral,,,,,,,,86.59,-,-0.1612,1.5996,-8.9068,loss_of_function,-5.42214441166166,0.5317,ambiguous,https://doi.org/10.1101/2022.10.22.513328
P387S,1.18999,0.95816,0.1342336689905321,Neutral,Neutral,65.8,,,0.210,"cBioPortal,COSMIC",,True,65.8,,,,neutral,neutral,neutral,,,,,,,,86.59,-,-0.0763,1.5996,-1.8735,loss_of_function,-2.5207992491591,0.4693,ambiguous,https://doi.org/10.1101/2022.10.22.513328
W388C,4.7744,4.40748,5.209692328672295,Destabilizing,Destabilizing,2.5,,,0.601,cBioPortal,,True,2.5,,,,neutral,neutral,neutral,,,,,,,,88.9,G,-0.4834,0.3135,-22.1916,loss_of_function,-5.94265174602915,0.9977,pathogenic,https://doi.org/10.1101/2022.10.22.513328
W388L,4.26561,2.6466,3.213076619672549,Uncertain,Destabilizing,2.5,,,0.567,COSMIC,,True,2.5,,,,neutral,neutral,neutral,,,,,,,,88.9,G,-0.4152,0.3135,-6.5819,loss_of_function,-7.48083297966103,0.9816,pathogenic,https://doi.org/10.1101/2022.10.22.513328
D389H,-0.76122,0.9983,0.3722899122309026,Neutral,Neutral,32.1,,,0.245,"cBioPortal,COSMIC",,True,32.1,,,,neutral,neutral,neutral,,,,,,,,88.07,G,-0.0314,2.7515,-7.8579,loss_of_function,-2.04517245815084,0.7133,pathogenic,https://doi.org/10.1101/2022.10.22.513328
A390V,0.85742,-0.18605,-0.3345376398926991,Neutral,Neutral,49.7,,,0.029,"cBioPortal,COSMIC",,True,49.7,,,,neutral,neutral,neutral,,,,,,,,85.9,G,-0.0144,2.3657,-7.3128,loss_of_function,-1.42427682399601,0.1076,benign,https://doi.org/10.1101/2022.10.22.513328
H393Y,-1.32819,-0.19048,0.3393150434112335,Neutral,Neutral,8.1,,,0.169,"cBioPortal,COSMIC",,True,8.1,,,,neutral,neutral,neutral,,,,,,,,85.76,T,0.0334,2.3889,-6.0874,gain_of_function,-2.20819571268866,0.2902,benign,https://doi.org/10.1101/2022.10.22.513328
N396S,0.8194,1.0517,1.0271560675562468,Neutral,Neutral,61.6,,,0.052,"cBioPortal,COSMIC",,False,61.6,,,,neutral,neutral,neutral,,,,,,,,86.72,-,0.0403,2.6511,-3.582,gain_of_function,-0.940782447902803,0.093,benign,https://doi.org/10.1101/2022.10.22.513328
M397T,1.02523,1.18707,0.4527387819285511,Neutral,Neutral,60.3,,,0.131,cBioPortal,,False,60.3,,,,neutral,neutral,neutral,,,,,,,,83.0,T,0.0269,3.2926,-3.2743,gain_of_function,-0.253270355117061,0.1142,benign,https://doi.org/10.1101/2022.10.22.513328
E400K,0.11111,-0.00952,0.0205366297444398,Neutral,Neutral,98.9,,1.20379435982e-05,0.130,"cBioPortal,COSMIC",,False,98.9,,,,neutral,neutral,neutral,,,,,,,,88.44,-,-0.0225,2.5447,-5.3923,loss_of_function,-1.58084126302177,0.2581,benign,https://doi.org/10.1101/2022.10.22.513328
R401Q,1.10527,1.23844,1.7653656914200124,Neutral,Neutral,38.5,,1.60517508447e-05,0.452,"cBioPortal,COSMIC",,False,38.5,,,,neutral,neutral,neutral,,,,,,,,92.86,-,-0.2456,0.7711,-8.9098,loss_of_function,-3.97678495039171,0.1964,benign,https://doi.org/10.1101/2022.10.22.513328
R401W,0.9617,1.35442,1.0549554005502015,Neutral,Neutral,38.5,,4.0128410915e-06,0.474,"cBioPortal,COSMIC",,False,38.5,,,,neutral,neutral,neutral,,,,,,,,92.86,-,-0.3564,0.7711,-22.1976,loss_of_function,-6.31683300915921,0.7046,pathogenic,https://doi.org/10.1101/2022.10.22.513328
P403L,4.92928,2.90612,-0.3230116910308689,Uncertain,Uncertain,0.0,,,0.514,"cBioPortal,COSMIC",,False,0.0,,,,neutral,neutral,neutral,,,,,,,,93.77,E,-0.3712,0.0547,-22.1976,loss_of_function,-7.76619116795305,0.9813,pathogenic,https://doi.org/10.1101/2022.10.22.513328
P403S,4.45285,3.29252,0.1737842130616979,Destabilizing,Uncertain,0.0,,,0.420,"cBioPortal,COSMIC",,False,0.0,,,,neutral,neutral,neutral,,,,,,,,93.77,E,-0.2462,0.0547,-7.3249,loss_of_function,-5.75928466076909,0.9952,pathogenic,https://doi.org/10.1101/2022.10.22.513328
D405N,0.23928,0.97823,0.5705862666579553,Neutral,Neutral,30.6,,,0.335,COSMIC,,False,30.6,,,,neutral,neutral,neutral,,,,,,,,90.95,G,-0.1912,0.5224,-7.3249,loss_of_function,-3.3360532214001,0.7143,pathogenic,https://doi.org/10.1101/2022.10.22.513328
T409A,1.89729,0.91633,0.3707799893173985,Neutral,Neutral,36.1,,,0.347,cBioPortal,,False,36.1,,,,uncertain,,,,,,,,,,91.49,S,-0.1603,0.9387,-7.3219,loss_of_function,-3.44431068234748,0.1165,benign,https://doi.org/10.1101/2022.10.22.513328
V410F,-0.76446,0.10238,0.0242250476253763,Neutral,Neutral,83.7,,,0.084,COSMIC,,False,83.7,,,,neutral,neutral,neutral,,,,,,,,92.47,H,-0.103,2.7056,-7.3189,loss_of_function,-1.10711105312166,0.0945,benign,https://doi.org/10.1101/2022.10.22.513328
A412S,2.15918,1.78299,1.7458076351452827,Uncertain,Uncertain,0.0,,,0.333,"cBioPortal,COSMIC",,False,0.0,,,,neutral,neutral,neutral,,,,,,,,93.05,H,-0.1717,0.5363,-5.737,loss_of_function,-1.97972416702554,0.1826,benign,https://doi.org/10.1101/2022.10.22.513328
Y416C,4.31122,4.24592,3.915197037688372,Destabilizing,Destabilizing,0.0,,,0.273,"cBioPortal,COSMIC",,False,0.0,,,,uncertain,,,,,,,,,,94.3,H,-0.3291,1.0146,-22.1946,loss_of_function,-4.18575100409733,0.3853,ambiguous,https://doi.org/10.1101/2022.10.22.513328
E417K,-0.15971,-0.57721,0.0178256720647312,Neutral,Neutral,57.3,,4.0125834617e-06,0.156,cBioPortal,,False,57.3,,,,neutral,neutral,neutral,,,,,,,,92.72,H,-0.0002,2.5752,-1.5582,loss_of_function,-0.901887387385754,0.09,benign,https://doi.org/10.1101/2022.10.22.513328
E421Q,0.10799,-0.08367,0.1001528631639775,Neutral,Neutral,64.3,,,0.153,"cBioPortal,COSMIC",,False,64.3,,,,neutral,neutral,neutral,,,,,,,,92.44,H,-0.0115,1.9985,-3.074,loss_of_function,-0.817927297784608,0.1451,benign,https://doi.org/10.1101/2022.10.22.513328
L423P,4.97159,10.29456,8.311604471212668,Destabilizing,Destabilizing,12.6,,,0.519,cBioPortal,,False,12.6,,,,neutral,neutral,neutral,,,,,,,,93.46,H,-0.4149,0.9541,-22.1976,loss_of_function,-6.00632517677015,0.9944,pathogenic,https://doi.org/10.1101/2022.10.22.513328
L423V,2.03632,2.29422,1.9865459063310773,Uncertain,Uncertain,12.6,,,0.147,COSMIC,,False,12.6,,,,neutral,neutral,neutral,,,,,,,,93.46,H,-0.1399,0.9541,-2.2095,loss_of_function,-3.05446115972147,0.3149,benign,https://doi.org/10.1101/2022.10.22.513328
R424G,2.25909,4.15374,2.740534228417857,Uncertain,Uncertain,41.3,,,0.199,COSMIC,,False,41.3,,,,neutral,neutral,neutral,,,,,,,,92.33,H,-0.2659,1.9464,-22.1976,loss_of_function,-5.84694808338755,0.5021,ambiguous,https://doi.org/10.1101/2022.10.22.513328
R424K,0.1607,1.81871,1.3452469665577416,Neutral,Neutral,41.3,,,,clinvar,,False,41.3,,,,neutral,neutral,neutral,,,,,2556845,Uncertain significance,1,92.33,H,-0.0331,1.9464,-5.003,loss_of_function,-0.957557444609089,0.1007,benign,https://doi.org/10.1101/2022.10.22.513328
E426K,-0.38315,0.14184,0.2478171522082273,Neutral,Neutral,50.5,,8.0265840464e-06,0.191,"cBioPortal,COSMIC",,False,50.5,,,,neutral,neutral,neutral,,,,,,,,89.15,H,-0.145,1.2983,-6.9099,loss_of_function,-4.31500567157764,0.2271,benign,https://doi.org/10.1101/2022.10.22.513328
R427K,-0.07958,0.06667,0.5265580696596006,Neutral,Neutral,55.2,,,0.166,cBioPortal,,True,55.2,,,,neutral,neutral,neutral,,,,,,,,90.71,H,0.0105,2.2369,-1.6974,gain_of_function,-0.189032700596447,0.1192,benign,https://doi.org/10.1101/2022.10.22.513328
R433Q,0.51809,-0.0051,1.4783313565630478,Neutral,Neutral,52.7,3.18572793883e-05,8.0286462097e-06,0.114,COSMIC,,True,52.7,,,,neutral,neutral,neutral,,,,,,,,91.66,H,-0.1839,1.2988,-6.3219,loss_of_function,-2.59071421877088,0.1188,benign,https://doi.org/10.1101/2022.10.22.513328
R434K,-0.073,-0.19864,0.411632373824316,Neutral,Neutral,71.0,,4.0142908755e-06,0.154,"cBioPortal,COSMIC",,True,71.0,,,,neutral,neutral,neutral,,,,,,,,91.28,H,0.0483,2.6401,-1.57,gain_of_function,-0.0152437027574657,0.0644,benign,https://doi.org/10.1101/2022.10.22.513328
R434M,-0.1146,0.52347,0.2003737866022259,Neutral,Neutral,71.0,,,0.125,cBioPortal,,True,71.0,,,,neutral,neutral,neutral,,,,,,,,91.28,H,-0.135,2.6401,-22.1886,loss_of_function,-3.41845011320285,0.1434,benign,https://doi.org/10.1101/2022.10.22.513328
A435V,-0.42678,-0.3,-0.3054238743400628,Neutral,Neutral,40.9,,1.60605160244e-05,0.148,"cBioPortal,COSMIC",,False,40.9,,,,neutral,neutral,neutral,,,,,,,,91.02,H,-0.066,1.8938,-8.9037,loss_of_function,-2.20234915781263,0.1623,benign,https://doi.org/10.1101/2022.10.22.513328
K437E,1.41214,0.86293,1.0647478516587785,Neutral,Neutral,53.6,,,0.109,COSMIC,,False,53.6,,,,neutral,neutral,neutral,,,,,,,,90.95,H,-0.2107,0.691,-7.9038,loss_of_function,-6.55978718472397,0.3121,benign,https://doi.org/10.1101/2022.10.22.513328
K437T,1.85105,0.66088,0.8011224392342178,Neutral,Neutral,53.6,,,0.248,COSMIC,,False,53.6,,,,neutral,neutral,neutral,,,,,,,,90.95,H,-0.2129,0.691,-8.9037,loss_of_function,-5.93795634993566,0.2908,benign,https://doi.org/10.1101/2022.10.22.513328
E441G,0.97122,1.69252,1.082744225993174,Neutral,Neutral,45.7,,,,clinvar,,True,45.7,,,,neutral,neutral,neutral,,,,,2227891,Uncertain significance,1,89.49,H,-0.1552,1.2829,-7.9038,loss_of_function,-2.53737159556562,0.2057,benign,https://doi.org/10.1101/2022.10.22.513328
S443C,-1.50199,-0.79864,0.062595769501938,Neutral,Neutral,11.0,,,0.181,cBioPortal,,True,11.0,,,,uncertain,,,,,,,,,,88.01,-,-0.0858,1.8144,-6.9039,loss_of_function,-2.9524208754115,0.4402,ambiguous,https://doi.org/10.1101/2022.10.22.513328
P444L,0.41402,0.85034,-0.663999570813042,Neutral,Neutral,79.0,,,0.150,"cBioPortal,COSMIC",,True,79.0,,,,neutral,neutral,neutral,,,,,,,,86.3,T,-0.1392,1.7092,-6.5759,loss_of_function,-1.13730159394602,0.5814,pathogenic,https://doi.org/10.1101/2022.10.22.513328
P444S,1.27354,0.50068,-0.1862270346136318,Neutral,Neutral,79.0,,,0.159,cBioPortal,,True,79.0,,,,neutral,neutral,neutral,,,,,,,,86.3,T,-0.0888,1.7092,-6.3129,loss_of_function,-1.9399298518228,0.6191,pathogenic,https://doi.org/10.1101/2022.10.22.513328
P448F,8.07308,1.34626,1.173095581036562,Uncertain,Uncertain,14.5,,,,"cBioPortal,COSMIC",,True,14.5,,,,neutral,neutral,neutral,,,,,,,,92.8,T,-0.368,0.2229,-22.1916,loss_of_function,-7.22440582250289,0.9997,pathogenic,https://doi.org/10.1101/2022.10.22.513328
P448L,4.63605,4.55,0.653653961291721,Destabilizing,Uncertain,14.5,,,0.550,"cBioPortal,COSMIC",,True,14.5,,,,neutral,neutral,neutral,,,,,,,,92.8,T,-0.2879,0.2229,-8.9037,loss_of_function,-6.81515077272825,0.9875,pathogenic,https://doi.org/10.1101/2022.10.22.513328
P448S,4.07769,2.12551,1.2146698075374518,Uncertain,Uncertain,14.5,,,0.320,"cBioPortal,COSMIC",,True,14.5,,,,neutral,neutral,neutral,,,,,,,,92.8,T,-0.3066,0.2229,-22.1916,loss_of_function,-5.53994914178059,0.966,pathogenic,https://doi.org/10.1101/2022.10.22.513328
E454K,-0.08919,0.63401,0.952586663651426,Neutral,Neutral,57.1,,,0.539,cBioPortal,,False,57.1,,,,neutral,neutral,neutral,,,,,,,,88.64,H,-0.3194,0.2504,-22.1916,loss_of_function,-7.61820401132214,0.9954,pathogenic,https://doi.org/10.1101/2022.10.22.513328
A455V,1.59423,0.01871,0.060642240550951,Neutral,Neutral,0.0,,,0.181,COSMIC,,False,0.0,,,,neutral,neutral,neutral,,,,,,,,88.31,H,-0.0836,1.2379,-0.5332,loss_of_function,-1.55639584540909,0.8825,pathogenic,https://doi.org/10.1101/2022.10.22.513328
R456H,2.45969,0.86735,0.511410379134882,Uncertain,Uncertain,46.4,,4.0259269697e-06,0.210,"cBioPortal,COSMIC",,False,46.4,,,,neutral,neutral,neutral,,,,,,,,88.27,H,-0.1884,1.2511,-7.3189,loss_of_function,-3.40568767546885,0.7715,pathogenic,https://doi.org/10.1101/2022.10.22.513328
M460L,0.80916,2.09218,0.957661126135651,Uncertain,Neutral,0.7,,,,clinvar,,False,0.7,,,,neutral,neutral,neutral,,,,,2242039,Uncertain significance,1,82.24,-,-0.1396,0.6752,-5.7339,loss_of_function,-2.14631380796898,0.4871,ambiguous,https://doi.org/10.1101/2022.10.22.513328
M460V,2.85306,1.36224,2.13619092132712,Uncertain,Uncertain,0.7,,,0.154,"cBioPortal,COSMIC",,False,0.7,,,,neutral,neutral,neutral,,,,,,,,82.24,-,-0.2032,0.6752,-5.4444,loss_of_function,-2.00805722163693,0.7169,pathogenic,https://doi.org/10.1101/2022.10.22.513328
E462Q,0.2682,0.35272,0.7180541600453424,Neutral,Neutral,98.6,,,0.302,"cBioPortal,COSMIC",,True,98.6,,,,neutral,neutral,neutral,,,,,,,,79.84,H,-0.074,1.5864,-7.9038,loss_of_function,-2.77222723141985,0.724,pathogenic,https://doi.org/10.1101/2022.10.22.513328
D463Y,0.09821,-0.08844,0.089964404308982,Neutral,Neutral,60.9,,,0.469,"cBioPortal,COSMIC",,True,60.9,,,,neutral,neutral,neutral,,,,,,,,85.79,H,-0.3215,0.7814,-22.1916,loss_of_function,-6.55963701368926,0.6702,pathogenic,https://doi.org/10.1101/2022.10.22.513328
L468P,6.01995,8.44966,8.040948983607814,Destabilizing,Destabilizing,2.1,,,0.668,COSMIC,,True,2.1,,,,neutral,neutral,neutral,,,,,,,,90.16,-,-0.4532,0.5381,-22.1916,loss_of_function,-5.41805374512195,0.9967,pathogenic,https://doi.org/10.1101/2022.10.22.513328
S471F,-0.51838,-0.27415,-0.1464082265790484,Neutral,Neutral,76.0,,,0.135,COSMIC,,True,76.0,,,,uncertain,,,,,,,,,,89.63,H,-0.1218,2.5694,-22.1825,loss_of_function,-0.251320742730351,0.2703,benign,https://doi.org/10.1101/2022.10.22.513328
Y473D,4.14049,5.21837,3.310271464626345,Destabilizing,Destabilizing,4.2,,,0.240,cBioPortal,,True,4.2,,,,uncertain,,,,,,,,,,88.34,H,-0.2706,2.1233,-22.1856,loss_of_function,-4.32053651799461,0.9832,pathogenic,https://doi.org/10.1101/2022.10.22.513328
H480P,3.6883,12.33912,7.526665126697523,Destabilizing,Destabilizing,9.5,,,0.617,COSMIC,,False,9.5,,,,neutral,neutral,neutral,,,,,,,,93.99,H,-0.4257,0.3729,-22.1856,loss_of_function,-7.50978551714451,0.9962,pathogenic,https://doi.org/10.1101/2022.10.22.513328
A488T,0.64533,2.19116,0.7559305659786986,Uncertain,Neutral,7.7,,,0.538,cBioPortal,,False,7.7,,,,neutral,neutral,neutral,,,,,,,,93.42,H,-0.1539,0.9148,-7.8978,loss_of_function,-3.02143363791454,0.8717,pathogenic,https://doi.org/10.1101/2022.10.22.513328
E490K,-0.14645,-0.24796,-0.1791615519439848,Neutral,Neutral,86.9,,,,"cBioPortal,COSMIC",,True,86.9,,,,neutral,neutral,neutral,,,,,,,,90.99,H,-0.0512,2.2522,-5.7279,loss_of_function,-4.05555690757348,0.4434,ambiguous,https://doi.org/10.1101/2022.10.22.513328
E491Q,0.20121,0.17415,0.5010463139400736,Neutral,Neutral,48.5,,,0.217,"cBioPortal,COSMIC",,True,48.5,,,,neutral,neutral,neutral,,,,,,,,92.07,H,-0.0472,1.7274,-5.1974,loss_of_function,-1.03316774115669,0.2996,benign,https://doi.org/10.1101/2022.10.22.513328
L495F,2.27744,3.39388,2.0372495999400657,Uncertain,Uncertain,0.0,,,0.401,"cBioPortal,COSMIC",,True,0.0,,,,neutral,neutral,neutral,,,,,,,,92.92,H,-0.3065,0.5026,-22.1886,loss_of_function,-6.6059279176466,0.9874,pathogenic,https://doi.org/10.1101/2022.10.22.513328
L496R,6.94375,6.51565,5.676399404272472,Destabilizing,Destabilizing,0.0,,,0.899,"cBioPortal,COSMIC",,True,0.0,,,,neutral,neutral,neutral,,,,,,,,92.08,H,-0.4843,0.1651,-22.1886,loss_of_function,-7.77249587781465,0.999,pathogenic,https://doi.org/10.1101/2022.10.22.513328
Y499C,2.64008,1.56701,2.2391251010402184,Uncertain,Uncertain,39.6,,4.0151612489e-06,0.275,COSMIC,,True,39.6,,,,uncertain,,,,,,,,,,88.08,T,-0.2814,1.5334,-22.1886,loss_of_function,-1.35814384473194,0.8406,pathogenic,https://doi.org/10.1101/2022.10.22.513328
S500L,-0.26678,2.38741,-1.7772882693878538,Uncertain,Neutral,0.0,,,0.336,cBioPortal,,True,0.0,,,,uncertain,,,,,,,,,,81.98,G,-0.1842,1.0609,-7.3159,loss_of_function,-4.44466389328459,0.9612,pathogenic,https://doi.org/10.1101/2022.10.22.513328
Y504H,2.2324,1.80204,1.6029434554324036,Uncertain,Uncertain,21.0,,,0.460,"cBioPortal,COSMIC",,True,21.0,,,,uncertain,,,,,,,,,,67.35,S,-0.1618,1.4119,-8.8977,loss_of_function,-2.72757837937535,0.9124,pathogenic,https://doi.org/10.1101/2022.10.22.513328
E507V,1.14087,0.37075,0.1590767862575465,Neutral,Neutral,106.9,,,0.212,"cBioPortal,COSMIC",,False,106.9,,,,neutral,neutral,neutral,,,,,,,,51.41,-,-0.0839,1.9771,-8.8977,loss_of_function,-2.1301549742944,0.8463,pathogenic,https://doi.org/10.1101/2022.10.22.513328
A510D,0.74421,0.03163,0.6162893879232447,Neutral,Neutral,62.9,,,0.307,cBioPortal,,True,62.9,,,,neutral,neutral,neutral,,,,,,,,48.79,-,-0.1501,1.8492,-2.2427,loss_of_function,-3.5981283562785,0.9906,pathogenic,https://doi.org/10.1101/2022.10.22.513328
E515K,1.23032,0.23401,0.3515044674050721,Neutral,Neutral,95.4,,,0.417,COSMIC,,False,95.4,,,,neutral,neutral,neutral,,,,,,,,69.14,H,-0.1526,1.2375,-7.3128,loss_of_function,-4.49979565780214,0.9771,pathogenic,https://doi.org/10.1101/2022.10.22.513328
I520T,2.85216,2.7051,2.208248632625774,Uncertain,Uncertain,5.5,,,0.621,COSMIC,,False,5.5,,,,neutral,neutral,neutral,,,,,,,,82.9,H,-0.3673,0.1747,-22.1886,loss_of_function,-7.17373039023214,0.9986,pathogenic,https://doi.org/10.1101/2022.10.22.513328
L524V,3.93053,2.66803,2.508485487226624,Uncertain,Uncertain,0.0,,,0.292,cBioPortal,,False,0.0,,,,neutral,neutral,neutral,,,,,,,,89.3,H,-0.257,0.7895,-22.1886,loss_of_function,-4.10512384479939,0.8972,pathogenic,https://doi.org/10.1101/2022.10.22.513328
E527K,2.45217,0.97211,0.9728987884296756,Uncertain,Uncertain,31.6,,,0.622,COSMIC,,False,31.6,,,,neutral,neutral,neutral,,,,,,,,91.0,-,-0.2567,0.9317,-22.1886,loss_of_function,-7.77367756257362,0.9907,pathogenic,https://doi.org/10.1101/2022.10.22.513328
E527V,2.60172,-0.83844,-0.3659840668062625,Uncertain,Uncertain,31.6,,,0.711,cBioPortal,,False,31.6,,,,neutral,neutral,neutral,,,,,,,,91.0,-,-0.2479,0.9317,-22.1886,loss_of_function,-7.77367756257362,0.988,pathogenic,https://doi.org/10.1101/2022.10.22.513328
R529L,1.39407,0.65272,0.1960777745023928,Neutral,Neutral,28.6,,,0.626,COSMIC,,False,28.6,,,,neutral,neutral,neutral,,,,,,,,93.19,H,-0.4121,0.0001,-22.1886,loss_of_function,-7.77317155365098,0.9964,pathogenic,https://doi.org/10.1101/2022.10.22.513328
F530S,3.45311,4.56463,5.153036506837212,Destabilizing,Destabilizing,8.6,,,0.601,"cBioPortal,COSMIC",,False,8.6,,,,neutral,neutral,neutral,,,,,,,,92.03,H,-0.3477,0.8729,-22.1886,loss_of_function,-6.55773216206951,0.9985,pathogenic,https://doi.org/10.1101/2022.10.22.513328
A532S,0.17567,0.86939,0.8648083099429856,Neutral,Neutral,43.6,,,0.144,"cBioPortal,COSMIC",,True,43.6,,,,neutral,neutral,neutral,,,,,,,,91.08,H,-0.06,1.7971,-6.5789,loss_of_function,-0.20485345098684,0.2426,benign,https://doi.org/10.1101/2022.10.22.513328
Q537R,0.15412,0.39252,-0.4431207013277,Neutral,Neutral,66.5,,,0.119,cBioPortal,,False,66.5,,,,neutral,neutral,neutral,,,,,,,,89.55,H,-0.1574,1.8901,-22.1856,loss_of_function,-5.99823663367158,0.7371,pathogenic,https://doi.org/10.1101/2022.10.22.513328
A538T,-0.28213,0.17619,-0.1862601965581667,Neutral,Neutral,105.8,,,0.097,"cBioPortal,COSMIC",,False,105.8,,,,neutral,neutral,neutral,,,,,,,,88.4,H,-0.0747,1.7432,-7.3159,loss_of_function,-1.94108388956509,0.837,pathogenic,https://doi.org/10.1101/2022.10.22.513328
R540C,0.41377,1.33129,2.295202266270894,Neutral,Uncertain,9.1,,,0.569,COSMIC,,False,9.1,,,,neutral,neutral,neutral,,,,,,,,91.53,H,-0.4165,0.0218,-22.1856,loss_of_function,-7.77317155365098,0.9975,pathogenic,https://doi.org/10.1101/2022.10.22.513328
R540H,7.20763,1.76293,1.6303112087818012,Uncertain,Uncertain,9.1,,4.0127444765e-06,0.692,"cBioPortal,COSMIC",,False,9.1,,,,neutral,neutral,neutral,,,,,,,,91.53,H,-0.3773,0.0218,-22.1856,loss_of_function,-7.77317155365098,0.9968,pathogenic,https://doi.org/10.1101/2022.10.22.513328
H549D,0.43144,0.63537,0.6884569617474356,Neutral,Neutral,68.1,,,0.302,"cBioPortal,COSMIC",,False,68.1,,,,neutral,neutral,neutral,,,,,,,,83.15,H,-0.1921,1.6508,-22.1886,loss_of_function,-5.73785439380766,0.9985,pathogenic,https://doi.org/10.1101/2022.10.22.513328
F550S,2.7705,4.20782,4.867083412873559,Uncertain,Uncertain,6.2,,,0.642,COSMIC,,False,6.2,,,,neutral,neutral,neutral,,,,,,,,85.25,H,-0.4097,0.1996,-22.1886,loss_of_function,-6.32785548695699,0.9982,pathogenic,https://doi.org/10.1101/2022.10.22.513328
T555S,0.45439,0.68367,1.0506674254629096,Neutral,Neutral,36.0,,,0.298,COSMIC,,False,36.0,,,,neutral,,,,,,,,,,82.85,-,-0.0394,1.7102,-4.6529,loss_of_function,-3.17328295046687,0.4131,ambiguous,https://doi.org/10.1101/2022.10.22.513328
K556N,0.4128,1.11667,0.4603609850691315,Neutral,Neutral,40.7,,,0.138,cBioPortal,,False,40.7,,,,neutral,neutral,neutral,,,,,,,,84.83,T,-0.2353,1.1433,-22.1886,loss_of_function,-7.1435999835724,0.9706,pathogenic,https://doi.org/10.1101/2022.10.22.513328
E557K,0.35654,0.11463,0.2520176945088659,Neutral,Neutral,68.3,,,0.385,COSMIC,,False,68.3,,,,neutral,neutral,neutral,,,,,,,,84.2,T,-0.2457,1.0499,-22.1704,loss_of_function,-5.96109027139415,0.9097,pathogenic,https://doi.org/10.1101/2022.10.22.513328
P560S,3.25542,1.6915,1.4355481492449165,Uncertain,Uncertain,7.1,,,0.302,cBioPortal,,False,7.1,,,,neutral,neutral,neutral,,,,,,,,87.22,T,-0.1679,0.8817,-6.8918,loss_of_function,-4.73098452236635,0.9409,pathogenic,https://doi.org/10.1101/2022.10.22.513328
A564T,2.15365,-0.01429,0.3895674264564214,Uncertain,Uncertain,74.7,,,0.028,COSMIC,,False,74.7,,,,neutral,neutral,neutral,,,,,,,,83.22,S,-0.0315,2.1723,-6.5759,loss_of_function,-0.0086281283280018,0.0654,benign,https://doi.org/10.1101/2022.10.22.513328
A568P,-0.51421,5.4102,7.321523518584745,Uncertain,Uncertain,38.5,,,0.106,cBioPortal,,False,38.5,,,,neutral,neutral,neutral,,,,,,,,86.42,H,-0.1538,2.6102,-8.8977,loss_of_function,-3.22376645392235,0.7869,pathogenic,https://doi.org/10.1101/2022.10.22.513328
A568T,0.4409,0.37551,0.7130145464532908,Neutral,Neutral,38.5,,,0.072,"cBioPortal,COSMIC",,False,38.5,,,,neutral,neutral,neutral,,,,,,,,86.42,H,0.0174,2.6102,-4.8978,gain_of_function,-0.282608360863774,0.0686,benign,https://doi.org/10.1101/2022.10.22.513328
I570M,0.45502,4.31156,1.7202338159575998,Uncertain,Neutral,0.0,,,,clinvar,,False,0.0,,,,neutral,neutral,neutral,,,,,2238740,Uncertain significance,1,85.18,H,-0.1234,1.181,-5.5759,loss_of_function,-0.995471117390706,0.1129,benign,https://doi.org/10.1101/2022.10.22.513328
H572R,-0.61201,-0.47347,-0.3416089973302461,Neutral,Neutral,92.3,,,0.273,COSMIC,,False,92.3,,,,neutral,neutral,neutral,,,,,,,,82.84,H,-0.0055,2.4228,-1.669,loss_of_function,-0.730674391167162,0.1186,benign,https://doi.org/10.1101/2022.10.22.513328
L573S,2.84503,2.8551,2.6741879787072764,Uncertain,Uncertain,20.7,,,,clinvar,,False,20.7,,,,neutral,neutral,neutral,,,,,2528766,Uncertain significance,1,81.31,H,-0.196,2.0194,-8.8977,loss_of_function,-0.899718683654403,0.3689,ambiguous,https://doi.org/10.1101/2022.10.22.513328
S575N,-0.26101,-0.04694,-0.2348233262339738,Neutral,Neutral,65.1,,,0.071,cBioPortal,P,True,65.1,0.685,,,damaging,neutral,potentially_damaging,,,,,,,,75.55,H,-0.0016,2.322,-5.0783,loss_of_function,-0.667486789885777,0.1142,benign,https://doi.org/10.1101/2022.10.22.513328
R577W,1.01368,0.18095,-0.1844495240924454,Neutral,Neutral,32.3,3.18390219052e-05,2.00658158761e-05,0.172,"cBioPortal,COSMIC",,True,32.3,,,,neutral,neutral,neutral,,,,,,,,68.49,H,-0.2576,1.8405,-22.1206,loss_of_function,-1.29346066091532,0.4223,ambiguous,https://doi.org/10.1101/2022.10.22.513328
R580W,0.31391,0.36531,-0.1696658786810678,Neutral,Neutral,92.6,,1.60541989757e-05,0.172,"cBioPortal,COSMIC",,False,92.6,,,,neutral,neutral,neutral,,,,,,,,37.32,-,-0.2276,2.1533,-21.8727,loss_of_function,-3.61027843331497,0.2009,benign,https://doi.org/10.1101/2022.10.22.513328
P581L,0.72291,0.49388,-0.714986590425522,Neutral,Neutral,92.6,,4.0135819614e-06,0.226,"cBioPortal,COSMIC",,False,92.6,,,,neutral,neutral,neutral,,,,,,,,32.67,G,-0.105,1.8867,-3.0797,loss_of_function,-0.820950126365056,0.1326,benign,https://doi.org/10.1101/2022.10.22.513328
P581S,0.71653,1.36259,-0.4188471564657364,Neutral,Neutral,92.6,,,0.147,cBioPortal,,False,92.6,,,,neutral,neutral,neutral,,,,,,,,32.67,G,-0.0586,1.8867,-3.585,loss_of_function,-1.00360556007806,0.1225,benign,https://doi.org/10.1101/2022.10.22.513328
R584G,0.39604,1.21327,0.6319962715653429,Neutral,Neutral,99.5,3.18451054073e-05,2.80943971745e-05,0.194,"cBioPortal,COSMIC",,False,99.5,,,,neutral,neutral,neutral,,,,,,,,34.93,G,-0.0652,3.0575,-2.8894,loss_of_function,-0.408184467407948,0.2758,benign,https://doi.org/10.1101/2022.10.22.513328
R584Q,0.10423,0.01224,0.2482173371754759,Neutral,Neutral,99.5,6.37023824691e-05,5.6188794349e-05,0.116,"cBioPortal,COSMIC,clinvar",,False,99.5,,,,neutral,neutral,neutral,,,,,2561296,Uncertain significance,1,34.93,G,-0.0348,3.0575,-8.82,loss_of_function,-2.30846696441987,0.1478,benign,https://doi.org/10.1101/2022.10.22.513328
Q586K,-0.28602,-0.60816,-0.3210082369880385,Neutral,Neutral,105.2,,,0.123,cBioPortal,,False,105.2,,,,neutral,neutral,neutral,,,,,,,,33.29,-,0.0132,3.0211,-8.8578,gain_of_function,-1.24857499875336,0.1255,benign,https://doi.org/10.1101/2022.10.22.513328
Q586P,-0.23678,3.68435,1.6454325739500024,Uncertain,Neutral,105.2,,,0.057,"cBioPortal,COSMIC",,False,105.2,,,,neutral,neutral,neutral,,,,,,,,33.29,-,-0.1089,3.0211,-5.273,loss_of_function,-1.12605827745402,0.0839,benign,https://doi.org/10.1101/2022.10.22.513328
S589L,0.01659,-1.2517,-0.8699114832788202,Neutral,Neutral,99.7,,,0.069,COSMIC,P,False,99.7,0.202,,,damaging,neutral,uncertain,,,,,,,,30.75,-,0.0609,3.51,-3.4532,gain_of_function,-0.300906762881043,0.0605,benign,https://doi.org/10.1101/2022.10.22.513328
R597I,0.22875,0.32007,0.1781447810850822,Neutral,Neutral,49.4,,,0.337,"cBioPortal,COSMIC",,False,49.4,,,,neutral,neutral,neutral,,,,,,,,78.27,E,-0.2383,2.1793,-22.1457,loss_of_function,-5.00654177964089,0.7254,pathogenic,https://doi.org/10.1101/2022.10.22.513328
R597T,1.02957,0.24864,1.3605560020685388,Neutral,Neutral,49.4,,,0.274,"cBioPortal,COSMIC",,False,49.4,,,,neutral,neutral,neutral,,,,,,,,78.27,E,-0.1265,2.1793,-5.0506,loss_of_function,-2.79320961848217,0.6257,pathogenic,https://doi.org/10.1101/2022.10.22.513328
N599D,1.5686,0.94558,1.13709997698395,Neutral,Neutral,14.5,,,0.359,COSMIC,,False,14.5,,,,neutral,neutral,neutral,,,,,,,,87.49,E,-0.2778,0.5863,-22.1673,loss_of_function,-3.28186465582384,0.9099,pathogenic,https://doi.org/10.1101/2022.10.22.513328
N599H,0.77391,0.09592,0.0379270798103403,Neutral,Neutral,14.5,,,0.288,COSMIC,,False,14.5,,,,neutral,neutral,neutral,,,,,,,,87.49,E,-0.1948,0.5863,-5.5576,loss_of_function,-4.50027829485081,0.3118,benign,https://doi.org/10.1101/2022.10.22.513328
I602T,4.26428,3.78537,3.449583064608926,Destabilizing,Destabilizing,0.0,,,0.392,"cBioPortal,COSMIC",,False,0.0,,,,neutral,neutral,neutral,,,,,,,,92.68,E,-0.2952,0.9575,-22.1642,loss_of_function,-5.78195968350631,0.9977,pathogenic,https://doi.org/10.1101/2022.10.22.513328
G607C,4.01199,3.32245,1.5541752582046753,Destabilizing,Uncertain,36.3,,,0.481,COSMIC,,False,36.3,,,,neutral,neutral,neutral,,,,,,,,86.26,T,-0.2907,1.6548,-22.1612,loss_of_function,-5.46402095241759,0.9617,pathogenic,https://doi.org/10.1101/2022.10.22.513328
G607S,3.85264,1.38435,1.264714765082909,Uncertain,Uncertain,36.3,,,0.323,"cBioPortal,COSMIC",,False,36.3,,,,neutral,neutral,neutral,,,,,,,,86.26,T,-0.1589,1.6548,-6.8734,loss_of_function,-2.69921726295775,0.8443,pathogenic,https://doi.org/10.1101/2022.10.22.513328
A609V,6.18479,5.24014,1.967583694785364,Destabilizing,Uncertain,0.0,,,0.287,"cBioPortal,COSMIC",,False,0.0,,,,neutral,neutral,neutral,,,,,,,,91.3,H,-0.1138,1.2612,-6.8765,loss_of_function,-3.67734712850423,0.9962,pathogenic,https://doi.org/10.1101/2022.10.22.513328
E611Q,-0.04596,0.57721,0.8614341110687415,Neutral,Neutral,43.3,,,0.376,cBioPortal,,False,43.3,,,,neutral,neutral,neutral,,,,,,,,85.81,H,-0.082,1.4246,-6.5546,loss_of_function,-3.17973574489856,0.8809,pathogenic,https://doi.org/10.1101/2022.10.22.513328
R617Q,1.11428,0.15102,1.5325747111095085,Neutral,Neutral,46.7,,,0.395,"cBioPortal,COSMIC",,False,46.7,,,,neutral,neutral,neutral,,,,,,,,86.1,H,-0.2238,0.9183,-7.2854,loss_of_function,-4.30084154347276,0.9443,pathogenic,https://doi.org/10.1101/2022.10.22.513328
D623N,-0.16474,0.30238,0.3657038279327157,Neutral,Neutral,85.9,,,0.182,COSMIC,,True,85.9,,,,neutral,neutral,neutral,,,,,,,,67.96,T,-0.0943,1.4757,-5.5267,loss_of_function,-2.98542052992328,0.7711,pathogenic,https://doi.org/10.1101/2022.10.22.513328
K625R,0.06836,1.21327,0.1318102516423935,Neutral,Neutral,27.7,,,0.088,"cBioPortal,COSMIC",,True,27.7,,,,neutral,neutral,neutral,,,,,,,,81.63,E,-0.0061,1.6534,-3.0547,loss_of_function,-0.726364261976275,0.0925,benign,https://doi.org/10.1101/2022.10.22.513328
Y626F,-0.41719,-0.15272,-0.2933516483930276,Neutral,Neutral,7.5,,,0.126,cBioPortal,,True,7.5,,,,uncertain,,,,,,,,,,79.7,E,-0.0687,1.3784,-3.8198,loss_of_function,-1.16780986513905,0.138,benign,https://doi.org/10.1101/2022.10.22.513328
G630V,4.80006,4.49388,2.094012997692859,Destabilizing,Uncertain,96.5,,,0.542,"cBioPortal,COSMIC",,False,96.5,,,,neutral,neutral,neutral,,,,,,,,70.23,T,-0.2896,1.9607,-22.155,loss_of_function,-6.00579722926032,0.9795,pathogenic,https://doi.org/10.1101/2022.10.22.513328
M632I,0.83476,-0.20068,-0.4659486688748399,Neutral,Neutral,58.0,,,0.114,COSMIC,,False,58.0,,,,neutral,neutral,neutral,,,,,,,,77.55,E,0.0376,2.7843,-2.5666,gain_of_function,-0.800538762625681,0.4421,ambiguous,https://doi.org/10.1101/2022.10.22.513328
S636P,2.59595,0.67993,2.7917653057564715,Uncertain,Uncertain,27.6,,,0.134,cBioPortal,,False,27.6,,,,uncertain,,,,,,,,,,87.89,E,-0.1695,2.8683,-22.1426,loss_of_function,-3.94737835113901,0.9884,pathogenic,https://doi.org/10.1101/2022.10.22.513328
I640L,0.26111,0.48333,0.723339649831016,Neutral,Neutral,3.0,,,0.189,"cBioPortal,COSMIC",,False,3.0,,,,neutral,neutral,neutral,,,,,,,,93.29,E,-0.0978,1.4691,-6.858,loss_of_function,-1.73802552118604,0.8143,pathogenic,https://doi.org/10.1101/2022.10.22.513328
I640V,1.23545,0.28844,1.0156199659494891,Neutral,Neutral,3.0,,4.0131953864e-06,0.218,"cBioPortal,COSMIC",,False,3.0,,,,neutral,neutral,neutral,,,,,,,,93.29,E,-0.0381,1.4691,-2.9753,loss_of_function,-1.72640179791829,0.1946,benign,https://doi.org/10.1101/2022.10.22.513328
V644F,6.59984,2.90544,3.137496071878653,Uncertain,Destabilizing,1.4,,,0.305,cBioPortal,,False,1.4,,,,neutral,neutral,neutral,,,,,,,,88.0,T,-0.1997,1.6523,-7.2636,loss_of_function,-3.78585134357134,0.9774,pathogenic,https://doi.org/10.1101/2022.10.22.513328
V644I,0.71799,1.26701,0.6536469576379172,Neutral,Neutral,1.4,,4.0133242365e-06,0.137,COSMIC,,False,1.4,,,,neutral,neutral,neutral,,,,,,,,88.0,T,-0.061,1.6523,-7.8486,loss_of_function,-0.994395301544088,0.2583,benign,https://doi.org/10.1101/2022.10.22.513328
R645T,0.4919,-0.64048,1.2086701143237777,Neutral,Neutral,55.6,,,0.190,COSMIC,,False,55.6,,,,neutral,neutral,neutral,,,,,,,,82.57,T,-0.0708,2.7414,-4.2605,loss_of_function,-1.41855005284034,0.9677,pathogenic,https://doi.org/10.1101/2022.10.22.513328
P647L,1.16451,0.82993,-1.4396871217740426,Neutral,Neutral,90.5,,,0.183,"cBioPortal,COSMIC",,True,90.5,,,,neutral,neutral,neutral,,,,,,,,81.8,G,-0.1513,1.3927,-3.2319,loss_of_function,-1.49556092250343,0.9033,pathogenic,https://doi.org/10.1101/2022.10.22.513328
V648A,0.12283,-0.24694,0.6154463023537207,Neutral,Neutral,89.8,,,0.140,"cBioPortal,COSMIC",,True,89.8,,,,neutral,neutral,neutral,,,,,,,,84.53,G,-0.0285,2.631,-6.4918,loss_of_function,-2.15406817593153,0.9535,pathogenic,https://doi.org/10.1101/2022.10.22.513328
T653M,-0.25955,0.83503,0.2627260555408633,Neutral,Neutral,19.6,,4.0132598104e-06,0.322,COSMIC,,True,19.6,,,,uncertain,,,,,,,,,,84.64,B,-0.2105,1.7017,-22.1457,loss_of_function,-3.7344256679555,0.8503,pathogenic,https://doi.org/10.1101/2022.10.22.513328
P654T,0.88212,0.59422,-0.5664181616225655,Neutral,Neutral,96.3,,,,clinvar,,True,96.3,,,,neutral,neutral,neutral,,,,,221320,Uncertain significance,0,80.42,T,-0.0176,2.5089,-4.3923,loss_of_function,-0.609112541515102,0.263,benign,https://doi.org/10.1101/2022.10.22.513328
G660D,5.14348,5.70578,1.3626216063100487,Destabilizing,Uncertain,0.0,,,0.771,cBioPortal,,False,0.0,,,,neutral,neutral,neutral,,,,,,,,85.7,E,-0.4334,0.1085,-22.1395,loss_of_function,-7.71923376967357,0.9996,pathogenic,https://doi.org/10.1101/2022.10.22.513328
C661Y,16.23406,2.86633,2.603208620752643,Uncertain,Uncertain,0.0,,,0.578,COSMIC,,False,0.0,,,,neutral,neutral,neutral,,,,,,,,90.38,E,-0.2131,2.0826,-4.3923,loss_of_function,-2.29945620059616,0.9553,pathogenic,https://doi.org/10.1101/2022.10.22.513328
L662V,1.51798,0.42211,0.7329132547461428,Neutral,Neutral,3.5,,,0.149,COSMIC,,False,3.5,,,,neutral,neutral,neutral,,,,,,,,90.14,E,-0.092,1.6589,-5.5329,loss_of_function,-1.33053129445155,0.2031,benign,https://doi.org/10.1101/2022.10.22.513328
N666S,-0.14841,0.15612,0.5181388250066312,Neutral,Neutral,27.7,,,0.084,COSMIC,,False,27.7,,,,neutral,neutral,neutral,,,,,,,,88.74,S,-0.0454,1.5647,-0.7942,loss_of_function,-1.98851011990729,0.0793,benign,https://doi.org/10.1101/2022.10.22.513328
K668N,0.06811,1.23469,0.268747255690091,Neutral,Neutral,74.3,,4.0141297367e-06,0.105,"cBioPortal,COSMIC",,False,74.3,,,,neutral,neutral,neutral,,,,,,,,88.61,H,-0.0732,2.9023,-22.1395,loss_of_function,-3.48819863011653,0.9537,pathogenic,https://doi.org/10.1101/2022.10.22.513328
E669Q,1.54327,0.36939,0.4478905348208384,Neutral,Neutral,75.5,,,0.200,"cBioPortal,COSMIC",,False,75.5,,,,neutral,neutral,neutral,,,,,,,,89.95,H,-0.0111,1.9409,-1.9569,loss_of_function,-2.62689846741517,0.849,pathogenic,https://doi.org/10.1101/2022.10.22.513328
S670L,-0.49003,-0.49082,-0.9617093356433088,Neutral,Neutral,0.0,,,0.384,"cBioPortal,COSMIC",,False,0.0,,,,uncertain,,,,,,,,,,91.26,H,-0.312,0.494,-22.1395,loss_of_function,-6.60563074662269,0.9746,pathogenic,https://doi.org/10.1101/2022.10.22.513328
L671Q,2.15748,3.26122,3.0627735453860607,Uncertain,Uncertain,5.4,,,0.637,"cBioPortal,COSMIC",,True,5.4,,,,neutral,neutral,neutral,,,,,,,,91.88,H,-0.3432,1.0493,-22.1395,loss_of_function,-6.92743388461048,0.9873,pathogenic,https://doi.org/10.1101/2022.10.22.513328
S672P,4.22176,8.59116,7.123472906697081,Destabilizing,Destabilizing,72.4,,,0.134,"cBioPortal,COSMIC",,True,72.4,,,,uncertain,,,,,,,,,,91.71,H,-0.2727,1.7463,-22.1395,loss_of_function,-5.49932241436646,0.8773,pathogenic,https://doi.org/10.1101/2022.10.22.513328
V675M,-0.10917,2.03197,0.5291590710468677,Uncertain,Neutral,17.4,,,0.190,cBioPortal,,True,17.4,,,,neutral,neutral,neutral,,,,,,,,91.44,H,-0.0634,2.3771,-6.8455,loss_of_function,-0.733374305946526,0.137,benign,https://doi.org/10.1101/2022.10.22.513328
S677I,-1.85954,-0.53095,-0.8966288964206465,Neutral,Neutral,3.2,,,0.313,cBioPortal,,True,3.2,,,,uncertain,,,,,,,,,,91.85,H,-0.1286,1.6798,-6.8486,loss_of_function,-3.56313357686128,0.977,pathogenic,https://doi.org/10.1101/2022.10.22.513328
R682K,0.02552,1.21803,0.4681838880159888,Neutral,Neutral,59.7,,,0.164,"cBioPortal,COSMIC",,False,59.7,,,,neutral,neutral,neutral,,,,,,,,79.49,H,-0.1063,1.2349,-6.5173,loss_of_function,-1.24708740240776,0.1296,benign,https://doi.org/10.1101/2022.10.22.513328
S684C,0.76922,0.62993,0.3988674423299504,Neutral,Neutral,65.5,,2.02502936293e-05,0.118,"cBioPortal,clinvar",,False,65.5,,,,uncertain,,,,,,,2228218,Uncertain significance,1,65.32,H,-0.0439,2.0053,-2.1513,loss_of_function,-0.875956958323121,0.1052,benign,https://doi.org/10.1101/2022.10.22.513328
T685M,-0.70892,-0.03571,0.2348538490070389,Neutral,Neutral,32.6,6.36902108146e-05,4.0544595e-06,0.170,"cBioPortal,COSMIC",,False,32.6,,,,uncertain,,,,,,,,,,57.64,H,-0.1172,1.9782,-8.8516,loss_of_function,-3.18544013744491,0.1147,benign,https://doi.org/10.1101/2022.10.22.513328
T685P,2.815,5.67347,3.859694534317959,Uncertain,Uncertain,32.6,,,0.188,cBioPortal,,False,32.6,,,,uncertain,,,,,,,,,,57.64,H,-0.2317,1.9782,-7.8517,loss_of_function,-3.55738399816405,0.1354,benign,https://doi.org/10.1101/2022.10.22.513328
G687C,0.10163,-0.14864,1.2205360264030118,Neutral,Neutral,114.7,,,0.142,cBioPortal,,False,114.7,,,,neutral,neutral,neutral,,,,,,,,51.57,T,-0.264,1.9444,-22.1332,loss_of_function,-3.32530417118632,0.166,benign,https://doi.org/10.1101/2022.10.22.513328
R688Q,0.32563,0.41327,0.3821423484439273,Neutral,Neutral,95.5,,1.22979044371e-05,0.229,"cBioPortal,COSMIC",,False,95.5,,,,neutral,neutral,neutral,,,,,,,,47.53,S,-0.0794,2.1707,-1.5787,loss_of_function,-3.10911669833866,0.2977,benign,https://doi.org/10.1101/2022.10.22.513328
R688W,0.63828,1.67483,-0.3080838350673992,Neutral,Neutral,95.5,3.18572793883e-05,1.22722475394e-05,0.324,"cBioPortal,COSMIC",,False,95.5,,,,neutral,neutral,neutral,,,,,,,,47.53,S,-0.2273,2.1707,-22.1332,loss_of_function,-4.89787571826967,0.5763,pathogenic,https://doi.org/10.1101/2022.10.22.513328
R689Q,-0.06125,-0.22075,0.2937836954596085,Neutral,Neutral,107.5,,8.2235489548e-06,0.170,"cBioPortal,clinvar",,False,107.5,,,,neutral,neutral,neutral,,,,,2275861,Uncertain significance,1,41.53,S,-0.1537,1.711,-7.8423,loss_of_function,-2.69638760236365,0.2602,benign,https://doi.org/10.1101/2022.10.22.513328
D690N,0.09933,0.32925,0.1121709374339169,Neutral,Neutral,87.8,,4.1129244538e-06,0.320,"cBioPortal,COSMIC",,False,87.8,,,,neutral,neutral,neutral,,,,,,,,40.88,-,-0.1572,0.889,-7.2605,loss_of_function,-3.00471420453602,0.2984,benign,https://doi.org/10.1101/2022.10.22.513328
D690Y,0.04098,0.38129,0.3152532261717439,Neutral,Neutral,87.8,,,0.325,"cBioPortal,COSMIC",,False,87.8,,,,neutral,neutral,neutral,,,,,,,,40.88,-,-0.3113,0.889,-22.1332,loss_of_function,-6.46034611650177,0.627,pathogenic,https://doi.org/10.1101/2022.10.22.513328
N691D,-0.08778,0.76293,-0.1436678963535509,Neutral,Neutral,105.5,,,0.058,COSMIC,,False,105.5,,,,neutral,neutral,neutral,,,,,,,,42.35,G,-0.0377,2.3463,-6.8486,loss_of_function,-1.56900330170044,0.266,benign,https://doi.org/10.1101/2022.10.22.513328
N691T,1.89429,-0.09048,0.0956560705697506,Neutral,Neutral,105.5,,,0.052,"cBioPortal,COSMIC",,False,105.5,,,,neutral,neutral,neutral,,,,,,,,42.35,G,-0.0523,2.3463,-6.5267,loss_of_function,-0.666383948986175,0.0847,benign,https://doi.org/10.1101/2022.10.22.513328
L693F,0.22139,1.19014,1.0457032480792678,Neutral,Neutral,17.9,,,0.062,cBioPortal,,False,17.9,,,,neutral,neutral,neutral,,,,,,,,51.11,G,-0.0522,2.0811,-0.8311,loss_of_function,-0.602345898823552,0.0895,benign,https://doi.org/10.1101/2022.10.22.513328
H695R,-0.44925,0.36293,0.0600720681268235,Neutral,Neutral,86.6,,4.1628853791e-06,0.108,"cBioPortal,COSMIC",,False,86.6,,,,neutral,neutral,neutral,,,,,,,,64.3,G,-0.035,2.413,-7.2667,loss_of_function,-2.81189057137444,0.1754,benign,https://doi.org/10.1101/2022.10.22.513328
L696P,4.02732,6.09694,4.801798045840968,Destabilizing,Destabilizing,9.0,,,0.501,COSMIC,,False,9.0,,,,neutral,neutral,neutral,,,,,,,,77.59,-,-0.3574,0.6952,-6.2668,loss_of_function,-5.2377368882745,0.7368,pathogenic,https://doi.org/10.1101/2022.10.22.513328
P697L,1.20202,0.48265,-0.873198160958249,Neutral,Neutral,32.6,,0.0,0.358,"cBioPortal,COSMIC",,True,32.6,,,,neutral,neutral,neutral,,,,,,,,82.2,-,-0.2452,0.4785,-5.1544,loss_of_function,-2.55384126554695,0.8297,pathogenic,https://doi.org/10.1101/2022.10.22.513328
P697S,2.47141,1.00646,0.7953932930984292,Uncertain,Uncertain,32.6,,,0.278,"cBioPortal,COSMIC",,True,32.6,,,,neutral,neutral,neutral,,,,,,,,82.2,-,-0.2007,0.4785,-6.0475,loss_of_function,-2.07104005956506,0.7211,pathogenic,https://doi.org/10.1101/2022.10.22.513328
L698F,-0.68498,1.21088,0.6920076452153678,Neutral,Neutral,10.7,,,0.194,cBioPortal,,True,10.7,,,,neutral,neutral,neutral,,,,,,,,88.36,E,-0.0524,2.1921,-2.856,loss_of_function,-1.8909594779822,0.2576,benign,https://doi.org/10.1101/2022.10.22.513328
I701T,3.5832,2.81905,2.2407682412945,Uncertain,Uncertain,9.0,,,0.278,"cBioPortal,COSMIC",,True,9.0,,,,neutral,neutral,neutral,,,,,,,,88.28,E,-0.1147,2.1252,-7.8548,loss_of_function,-4.38853070508695,0.8074,pathogenic,https://doi.org/10.1101/2022.10.22.513328
L702V,3.06767,1.7534,1.9568469550929808,Uncertain,Uncertain,1.4,,4.1900962884e-06,0.167,COSMIC,,True,1.4,,,,neutral,neutral,neutral,,,,,,,,87.83,E,-0.114,1.4752,-6.5329,loss_of_function,-4.00669417079341,0.3083,benign,https://doi.org/10.1101/2022.10.22.513328
R706T,0.7107,0.11531,0.0744377505772114,Neutral,Neutral,84.3,,,0.295,COSMIC,,False,84.3,,,,neutral,neutral,neutral,,,,,,,,52.92,T,-0.0825,2.7006,-5.8329,loss_of_function,-3.10427394308724,0.9451,pathogenic,https://doi.org/10.1101/2022.10.22.513328
D708N,0.09137,1.41361,0.1619282756714785,Neutral,Neutral,93.2,,,0.150,"cBioPortal,COSMIC",,True,93.2,,,,neutral,neutral,neutral,,,,,,,,45.8,-,-0.0436,2.0809,-6.495,loss_of_function,-1.57719916536762,0.2523,benign,https://doi.org/10.1101/2022.10.22.513328
I718R,0.77098,1.93878,1.0638609426940042,Neutral,Neutral,24.9,,,0.248,"cBioPortal,COSMIC",,False,24.9,,,,neutral,neutral,neutral,,,,,,,,85.93,H,-0.2886,1.6467,-0.5992,loss_of_function,-0.693601346673487,0.362,ambiguous,https://doi.org/10.1101/2022.10.22.513328
G721C,6.36974,3.60748,6.083427628400093,Destabilizing,Destabilizing,0.0,,,0.591,"cBioPortal,COSMIC",,False,0.0,,,,neutral,neutral,neutral,,,,,,,,89.39,H,-0.4329,0.1085,-22.1395,loss_of_function,-6.28093405194149,0.9871,pathogenic,https://doi.org/10.1101/2022.10.22.513328
G721S,5.45191,2.91871,4.759157143482813,Uncertain,Destabilizing,0.0,,,0.460,COSMIC,,False,0.0,,,,neutral,neutral,neutral,,,,,,,,89.39,H,-0.3113,0.1085,-8.8516,loss_of_function,-5.4345298272677,0.955,pathogenic,https://doi.org/10.1101/2022.10.22.513328
Q722E,0.144,0.33878,0.8861515619013679,Neutral,Neutral,61.7,,,0.094,cBioPortal,,False,61.7,,,,neutral,neutral,neutral,,,,,,,,87.43,H,-0.107,1.3537,-7.8517,loss_of_function,-2.8805803729392,0.168,benign,https://doi.org/10.1101/2022.10.22.513328
Q723H,0.63202,0.48776,-0.2805873618785287,Neutral,Neutral,74.6,,,0.132,"cBioPortal,COSMIC",,False,74.6,,,,neutral,neutral,neutral,,,,,,,,88.88,H,-0.0099,2.3095,-6.8517,loss_of_function,-2.26694111005853,0.1777,benign,https://doi.org/10.1101/2022.10.22.513328
S726N,0.05169,-0.12075,-0.2581397655067102,Neutral,Neutral,93.8,,,0.097,COSMIC,,False,93.8,,,,uncertain,,,,,,,,,,82.29,H,0.0417,2.6745,-2.966,gain_of_function,-0.434421820722157,0.099,benign,https://doi.org/10.1101/2022.10.22.513328
F732V,3.42533,2.42075,2.2608906239332685,Uncertain,Uncertain,13.1,,,0.384,COSMIC,,False,13.1,,,,neutral,neutral,neutral,,,,,,,,85.21,E,-0.333,0.5863,-22.1238,loss_of_function,-5.15356896098711,0.8687,pathogenic,https://doi.org/10.1101/2022.10.22.513328
L733F,-0.11298,1.69558,0.4204164296880264,Neutral,Neutral,33.2,,,0.224,cBioPortal,,False,33.2,,,,neutral,neutral,neutral,,,,,,,,75.76,E,-0.109,1.7972,-6.836,loss_of_function,-4.8485751159372,0.2912,benign,https://doi.org/10.1101/2022.10.22.513328
L733V,0.61457,1.42653,0.4976474930082081,Neutral,Neutral,33.2,,,0.072,COSMIC,,False,33.2,,,,neutral,neutral,neutral,,,,,,,,75.76,E,-0.0659,1.7972,-2.9053,loss_of_function,-0.0582996839999629,0.1238,benign,https://doi.org/10.1101/2022.10.22.513328
D734N,0.04435,-0.28946,1.0912310791477102,Neutral,Neutral,30.1,,,0.381,COSMIC,,False,30.1,,,,neutral,neutral,neutral,,,,,,,,68.47,-,-0.1912,0.5506,-7.8265,loss_of_function,-3.20959307115798,0.3953,ambiguous,https://doi.org/10.1101/2022.10.22.513328
A738S,1.07493,1.56259,0.8773595211001858,Neutral,Neutral,28.9,,4.014580958e-06,0.031,COSMIC,,False,28.9,,,,neutral,neutral,neutral,,,,,,,,40.92,S,0.0699,3.079,-4.2347,gain_of_function,-0.693561850062791,0.0807,benign,https://doi.org/10.1101/2022.10.22.513328
I740V,0.28771,0.36667,0.2289671176244934,Neutral,Neutral,112.6,,,0.072,cBioPortal,,False,112.6,,,,neutral,neutral,neutral,,,,,,,,30.55,S,0.0998,2.9934,-3.4354,gain_of_function,-0.494992170614128,0.0673,benign,https://doi.org/10.1101/2022.10.22.513328
Y742H,0.11098,0.30476,-0.3911455842420575,Neutral,Neutral,116.6,,,0.221,"cBioPortal,COSMIC",,False,116.6,,,,uncertain,,,,,,,,,,32.27,T,-0.0283,2.6358,-4.8192,loss_of_function,-1.39591566338175,0.5499,ambiguous,https://doi.org/10.1101/2022.10.22.513328
G743R,2.17139,0.90068,1.3804193955646331,Uncertain,Uncertain,51.3,,,0.206,"cBioPortal,COSMIC",,False,51.3,,,,neutral,neutral,neutral,,,,,,,,44.18,T,-0.1338,2.7318,-7.5274,loss_of_function,-3.41913391398118,0.9057,pathogenic,https://doi.org/10.1101/2022.10.22.513328
R744C,0.44191,0.91803,0.9754486749097074,Neutral,Neutral,83.9,3.18613394507e-05,3.61318088386e-05,0.353,"cBioPortal,COSMIC,clinvar",,False,83.9,,,,neutral,neutral,neutral,,,,,2518491,Uncertain significance,1,51.11,-,-0.1135,2.5572,-8.5312,loss_of_function,-2.20995733495341,0.5232,ambiguous,https://doi.org/10.1101/2022.10.22.513328
S752I,-0.1705,-0.50238,-0.8650093590382263,Neutral,Neutral,48.8,,,0.122,"cBioPortal,COSMIC",,False,48.8,,,,uncertain,,,,,,,,,,73.18,H,0.0031,3.2101,-8.6437,gain_of_function,-3.17919228613276,0.1815,benign,https://doi.org/10.1101/2022.10.22.513328
K756N,0.62321,1.99524,0.9647903397363956,Neutral,Neutral,50.5,,,0.132,cBioPortal,,False,50.5,,,,neutral,neutral,neutral,,,,,,,,74.93,H,0.0007,2.6452,-3.0292,gain_of_function,-2.43202156715558,0.9038,pathogenic,https://doi.org/10.1101/2022.10.22.513328
S761F,-1.76817,-1.5898,-0.8759827196001391,Neutral,Neutral,42.1,,,0.213,cBioPortal,,False,42.1,,,,uncertain,,,,,,,,,,60.38,H,-0.1425,2.3294,-21.8987,loss_of_function,-4.55029303452452,0.3099,benign,https://doi.org/10.1101/2022.10.22.513328
R763C,0.93188,1.54796,1.177696870446832,Neutral,Neutral,61.3,0.0001910828025478,0.0003733260541443,0.251,cBioPortal,,False,61.3,,,,neutral,neutral,neutral,,,,,,,,53.37,H,-0.2066,2.2866,-21.9061,loss_of_function,-2.68630325894577,0.5524,ambiguous,https://doi.org/10.1101/2022.10.22.513328
R763H,0.42681,0.64388,0.3326686702097059,Neutral,Neutral,61.3,,4.0144520273e-06,0.168,"cBioPortal,COSMIC",,False,61.3,,,,neutral,neutral,neutral,,,,,,,,53.37,H,-0.0643,2.2866,-1.6759,loss_of_function,-1.41086099150865,0.2748,benign,https://doi.org/10.1101/2022.10.22.513328
S770Y,0.1052,0.17381,-0.3608737859859018,Neutral,Neutral,87.7,,,0.143,cBioPortal,P,True,87.7,0.321,,,uncertain,neutral,potentially_damaging,,,,,,,,26.76,-,0.0006,2.9959,-4.9398,gain_of_function,-1.91376306493498,0.3075,benign,https://doi.org/10.1101/2022.10.22.513328
S773G,0.07052,0.74932,0.6795420822316789,Neutral,Neutral,83.3,,,0.031,COSMIC,P,True,83.3,-0.033,,,damaging,neutral,potentially_damaging,,,,,,,,28.14,-,0.0577,2.7589,-3.9168,gain_of_function,-0.622245842895774,0.0598,benign,https://doi.org/10.1101/2022.10.22.513328
D776Y,-0.53923,-1.36565,0.3298967041339323,Neutral,Neutral,105.4,,,0.446,cBioPortal,,False,105.4,,,,neutral,neutral,neutral,,,,,,,,36.05,G,-0.2169,1.9118,-22.0724,loss_of_function,-4.02552568234271,0.562,ambiguous,https://doi.org/10.1101/2022.10.22.513328
A778S,0.02673,-0.12993,-0.2794638199963489,Neutral,Neutral,102.5,,,0.045,"cBioPortal,COSMIC",,False,102.5,,,,neutral,neutral,neutral,,,,,,,,52.21,G,0.0977,3.2837,-2.4809,gain_of_function,-0.387826111666863,0.0857,benign,https://doi.org/10.1101/2022.10.22.513328
R783Q,1.58797,1.16565,1.873645437677275,Neutral,Neutral,35.1,,,0.521,"cBioPortal,COSMIC",,False,35.1,,,,neutral,neutral,neutral,,,,,,,,90.34,E,-0.3482,0.3868,-22.0918,loss_of_function,-2.7972559641038,0.2813,benign,https://doi.org/10.1101/2022.10.22.513328
I784F,-0.23215,3.51054,0.4993558873133963,Uncertain,Neutral,15.7,,,0.228,COSMIC,,False,15.7,,,,neutral,neutral,neutral,,,,,,,,91.36,E,-0.33,0.6136,-22.0886,loss_of_function,-5.3768969817578,0.8588,pathogenic,https://doi.org/10.1101/2022.10.22.513328
I784S,4.116,4.11054,2.970848826083006,Destabilizing,Uncertain,15.7,,,0.650,cBioPortal,,False,15.7,,,,neutral,neutral,neutral,,,,,,,,91.36,E,-0.4096,0.6136,-22.0886,loss_of_function,-7.0846378761514,0.985,pathogenic,https://doi.org/10.1101/2022.10.22.513328
C787F,14.19462,3.02381,1.4040887579564711,Destabilizing,Uncertain,0.0,,,0.724,cBioPortal,,False,0.0,,,,neutral,neutral,neutral,,,,,,,,91.86,E,-0.4729,0.1393,-22.0918,loss_of_function,-7.60055835852356,0.9838,pathogenic,https://doi.org/10.1101/2022.10.22.513328
C787S,1.16532,1.00476,1.0819160878377163,Neutral,Neutral,0.0,,,0.512,COSMIC,,False,0.0,,,,neutral,neutral,neutral,,,,,,,,91.86,E,-0.3876,0.1393,-5.9968,loss_of_function,-2.46377757735816,0.8564,pathogenic,https://doi.org/10.1101/2022.10.22.513328
M789I,3.25248,2.34218,-0.0144896198426874,Uncertain,Uncertain,4.8,,,0.236,COSMIC,,False,4.8,,,,neutral,neutral,neutral,,,,,,,,91.12,-,-0.1658,1.6568,-22.0918,loss_of_function,-3.63630004206946,0.9809,pathogenic,https://doi.org/10.1101/2022.10.22.513328
I799L,0.02808,1.90884,0.6963725096919245,Neutral,Neutral,12.7,,,,clinvar,,False,12.7,,,,neutral,neutral,neutral,,,,,2256242,Uncertain significance,1,78.47,H,-0.0541,1.7264,-2.9215,loss_of_function,-0.202080606210196,0.13,benign,https://doi.org/10.1101/2022.10.22.513328
S806F,0.13818,0.94626,-0.2696411408154014,Neutral,Neutral,31.1,,,0.195,cBioPortal,,False,31.1,,,,uncertain,,,,,,,,,,67.77,-,-0.1594,2.1551,-22.0658,loss_of_function,-3.38803186273323,0.2211,benign,https://doi.org/10.1101/2022.10.22.513328
S812F,-1.82575,3.79354,-1.1312115959451996,Uncertain,Neutral,14.4,,,0.154,cBioPortal,,False,14.4,,,,uncertain,,,,,,,,,,60.35,-,-0.0831,2.1891,-7.7244,loss_of_function,-3.28239804912892,0.1799,benign,https://doi.org/10.1101/2022.10.22.513328
C814F,-0.88805,-0.33639,-0.6760904337184226,Neutral,Neutral,74.9,,,0.100,"cBioPortal,COSMIC",,False,74.9,,,,neutral,neutral,neutral,,,,,,,,44.89,S,-0.1453,2.8164,-6.1632,loss_of_function,-0.827091718864659,0.085,benign,https://doi.org/10.1101/2022.10.22.513328
G815E,0.92747,0.95578,0.7221569682504503,Neutral,Neutral,132.2,,,0.094,cBioPortal,,False,132.2,,,,neutral,neutral,neutral,,,,,,,,50.03,S,-0.1489,2.2778,-5.6366,loss_of_function,-1.54895719922705,0.4102,ambiguous,https://doi.org/10.1101/2022.10.22.513328
S819F,2.21475,-0.33163,-1.1300830713909231,Uncertain,Uncertain,2.1,,,0.505,"cBioPortal,COSMIC",,False,2.1,,,,uncertain,,,,,,,,,,82.93,E,-0.1887,1.0375,-7.6546,loss_of_function,-5.4804348712819,0.3654,ambiguous,https://doi.org/10.1101/2022.10.22.513328
S819Y,2.63103,-0.43027,-0.989785143554277,Uncertain,Uncertain,2.1,,,0.503,"cBioPortal,COSMIC",,False,2.1,,,,uncertain,,,,,,,,,,82.93,E,-0.2664,1.0375,-21.9424,loss_of_function,-5.4804348712819,0.345,ambiguous,https://doi.org/10.1101/2022.10.22.513328
L821V,1.01129,1.21122,1.3116525515039927,Neutral,Neutral,25.7,,4.0121326893e-06,0.035,"cBioPortal,COSMIC",,False,25.7,,,,neutral,neutral,neutral,,,,,,,,84.59,E,-0.0167,2.2796,-1.9677,loss_of_function,-0.337485783538447,0.0748,benign,https://doi.org/10.1101/2022.10.22.513328
P825S,1.50614,2.00034,-0.204112408765133,Uncertain,Neutral,67.2,,,0.088,"cBioPortal,COSMIC",,False,67.2,,,,neutral,neutral,neutral,,,,,,,,81.12,E,-0.0306,2.2359,-4.3956,loss_of_function,-0.0257124493216354,0.085,benign,https://doi.org/10.1101/2022.10.22.513328
P825T,1.3576,2.27007,-0.3088515613675779,Uncertain,Neutral,67.2,,,0.124,cBioPortal,,False,67.2,,,,neutral,neutral,neutral,,,,,,,,81.12,E,-0.0424,2.2359,-4.3285,loss_of_function,-0.718259308834038,0.0878,benign,https://doi.org/10.1101/2022.10.22.513328
I826T,3.48455,1.8585,3.660390228389641,Uncertain,Destabilizing,8.7,,,0.237,cBioPortal,,False,8.7,,,,neutral,neutral,neutral,,,,,,,,77.83,E,-0.1742,1.5302,-8.7878,loss_of_function,-4.94537942609472,0.1962,benign,https://doi.org/10.1101/2022.10.22.513328
I826V,1.3766,-0.05442,2.2668880283609965,Neutral,Uncertain,8.7,,,,clinvar,,False,8.7,,,,neutral,neutral,neutral,,,,,2292859,Uncertain significance,1,77.83,E,-0.0335,1.5302,-3.1732,loss_of_function,-0.0650339617719197,0.0547,benign,https://doi.org/10.1101/2022.10.22.513328
G827R,3.03728,2.72245,0.2341290846106242,Uncertain,Uncertain,100.4,6.36902108146e-05,4.011939532e-06,0.685,"cBioPortal,COSMIC",,False,100.4,,,,neutral,neutral,neutral,,,,,,,,71.44,T,-0.4155,0.4772,-22.0756,loss_of_function,-4.12630926388328,0.8885,pathogenic,https://doi.org/10.1101/2022.10.22.513328
L828P,-0.54852,0.5,1.4912191750525243,Neutral,Neutral,100.9,,,0.069,cBioPortal,,False,100.9,,,,neutral,neutral,neutral,,,,,,,,71.98,T,-0.1825,2.4891,-4.3252,loss_of_function,-0.102599584317208,0.0638,benign,https://doi.org/10.1101/2022.10.22.513328
H829Y,-0.56201,-0.13673,-0.3684318461932129,Neutral,Neutral,84.3,,,0.081,cBioPortal,,False,84.3,,,,neutral,neutral,neutral,,,,,,,,73.63,E,0.062,2.8502,-8.7878,gain_of_function,-2.39869850113165,0.095,benign,https://doi.org/10.1101/2022.10.22.513328
R832Q,1.69956,1.32041,1.1104664624397629,Neutral,Neutral,40.4,3.18390219052e-05,0.000108320629062,0.183,"cBioPortal,COSMIC",,True,40.4,,,,neutral,neutral,neutral,,,,,,,,86.29,E,-0.2339,1.6288,-22.0691,loss_of_function,-2.33304814260832,0.144,benign,https://doi.org/10.1101/2022.10.22.513328
R832W,2.46928,1.16429,-0.0086553939860728,Uncertain,Uncertain,40.4,,8.0239434472e-06,0.317,"cBioPortal,COSMIC",,True,40.4,,,,neutral,neutral,neutral,,,,,,,,86.29,E,-0.2769,1.6288,-22.0691,loss_of_function,-4.64254277928556,0.3758,ambiguous,https://doi.org/10.1101/2022.10.22.513328
E834D,0.87284,1.57143,0.8252641030492508,Neutral,Neutral,14.9,,,0.115,"cBioPortal,COSMIC",,True,14.9,,,,neutral,neutral,neutral,,,,,,,,89.11,E,-0.0985,1.0739,-4.7846,loss_of_function,-0.881068091846063,0.4051,ambiguous,https://doi.org/10.1101/2022.10.22.513328
L835V,1.0608,2.61973,1.782666202992586,Uncertain,Neutral,3.8,,,0.143,"cBioPortal,COSMIC",,True,3.8,,,,neutral,neutral,neutral,,,,,,,,88.69,E,-0.0494,1.8808,-1.1847,loss_of_function,-1.62909916275347,0.1328,benign,https://doi.org/10.1101/2022.10.22.513328
S839L,4.84614,2.09694,-0.2257311909488546,Uncertain,Uncertain,0.4,,,0.650,cBioPortal,,True,0.4,,,,uncertain,,,,,,,,,,89.64,E,-0.3528,0.0464,-22.0756,loss_of_function,-7.77181905870223,0.9915,pathogenic,https://doi.org/10.1101/2022.10.22.513328
H841N,0.95084,1.99592,1.4937638309944694,Neutral,Neutral,5.4,,,0.403,"cBioPortal,COSMIC",,True,5.4,,,,neutral,neutral,neutral,,,,,,,,84.57,H,-0.3008,0.0233,-22.0724,loss_of_function,-7.13129952334044,0.9958,pathogenic,https://doi.org/10.1101/2022.10.22.513328
H841R,4.27827,3.44456,1.035218907726818,Destabilizing,Uncertain,5.4,,,0.610,cBioPortal,,True,5.4,,,,neutral,neutral,neutral,,,,,,,,84.57,H,-0.3304,0.0233,-22.0724,loss_of_function,-7.67927395840391,0.9957,pathogenic,https://doi.org/10.1101/2022.10.22.513328
F844S,3.04183,2.39558,2.990370261681168,Uncertain,Uncertain,10.3,,8.0238790641e-06,0.237,"cBioPortal,COSMIC",,True,10.3,,,,neutral,neutral,neutral,,,,,,,,76.92,H,-0.1223,2.2884,-3.5488,loss_of_function,-3.18452651024934,0.9724,pathogenic,https://doi.org/10.1101/2022.10.22.513328
R847T,1.3551,0.7449,1.6546957155988786,Neutral,Neutral,10.7,,,0.562,"cBioPortal,COSMIC",,True,10.7,,,,neutral,neutral,neutral,,,,,,,,66.21,H,-0.2949,0.4989,-7.7548,loss_of_function,-5.76606327826307,0.9941,pathogenic,https://doi.org/10.1101/2022.10.22.513328
R850Q,0.33795,-0.18197,0.4741954024542755,Neutral,Neutral,57.0,9.55170657157e-05,1.60475006018e-05,0.105,"cBioPortal,COSMIC",,True,57.0,,,,neutral,neutral,neutral,,,,,,,,77.31,S,-0.1669,1.4306,-5.3681,loss_of_function,-0.12886393591472,0.1139,benign,https://doi.org/10.1101/2022.10.22.513328
R850W,1.19226,-0.33435,-0.2957623699616768,Neutral,Neutral,57.0,,,0.119,"cBioPortal,COSMIC",,True,57.0,,,,neutral,neutral,neutral,,,,,,,,77.31,S,-0.2268,1.4306,-8.6899,loss_of_function,-1.11890083643499,0.3173,benign,https://doi.org/10.1101/2022.10.22.513328
H853N,0.85918,1.81361,0.8129842618977468,Neutral,Neutral,20.5,,,0.450,"cBioPortal,COSMIC",,True,20.5,,,,neutral,neutral,neutral,,,,,,,,92.68,-,-0.2211,0.152,-8.7779,loss_of_function,-5.60871014926292,0.8566,pathogenic,https://doi.org/10.1101/2022.10.22.513328
G854V,1.48568,1.63333,-0.6473832646193267,Neutral,Neutral,15.2,,,0.667,cBioPortal,,True,15.2,,,,neutral,neutral,neutral,,,,,,,,92.4,-,-0.4674,0.0234,-22.0625,loss_of_function,-7.77131069176238,0.9992,pathogenic,https://doi.org/10.1101/2022.10.22.513328
I856N,3.21382,2.75,2.9449424545389493,Uncertain,Uncertain,11.4,,,0.520,cBioPortal,,True,11.4,,,,neutral,neutral,neutral,,,,,,,,93.1,E,-0.4344,0.3056,-22.0625,loss_of_function,-7.40136503130885,0.9886,pathogenic,https://doi.org/10.1101/2022.10.22.513328
F858C,4.75695,3.7432,4.961893275843267,Destabilizing,Destabilizing,2.5,,2.00627563017e-05,0.239,cBioPortal,,True,2.5,,,,neutral,neutral,neutral,,,,,,,,93.29,E,-0.2037,1.5761,-8.7746,loss_of_function,-3.37386225186869,0.3586,ambiguous,https://doi.org/10.1101/2022.10.22.513328
A861D,2.16796,3.58605,4.310024343523298,Uncertain,Uncertain,0.6,,,0.342,cBioPortal,,True,0.6,,,,neutral,neutral,neutral,,,,,,,,90.15,T,-0.297,1.3523,-22.0625,loss_of_function,-4.98779252710573,0.9818,pathogenic,https://doi.org/10.1101/2022.10.22.513328
R863C,3.28891,2.89218,1.3539256574244958,Uncertain,Uncertain,16.2,,,0.547,"cBioPortal,COSMIC",,True,16.2,,,,neutral,neutral,neutral,,,,,,,,90.98,-,-0.4178,0.0001,-22.0592,loss_of_function,-7.77114109243824,0.9706,pathogenic,https://doi.org/10.1101/2022.10.22.513328
R863H,2.89087,2.22381,0.7601479265299057,Uncertain,Uncertain,16.2,,,0.589,"cBioPortal,COSMIC",,True,16.2,,,,neutral,neutral,neutral,,,,,,,,90.98,-,-0.3787,0.0001,-22.0592,loss_of_function,-7.77114109243824,0.9289,pathogenic,https://doi.org/10.1101/2022.10.22.513328
R863L,2.92693,1.60408,0.0370398263332077,Uncertain,Uncertain,16.2,,,0.649,cBioPortal,,True,16.2,,,,neutral,neutral,neutral,,,,,,,,90.98,-,-0.4114,0.0001,-22.0592,loss_of_function,-7.77114109243824,0.9968,pathogenic,https://doi.org/10.1101/2022.10.22.513328
A865S,1.09698,1.29558,1.6291441526769517,Neutral,Neutral,0.0,,4.0124868591e-06,0.092,cBioPortal,,True,0.0,,,,neutral,neutral,neutral,,,,,,,,91.16,H,-0.1224,0.864,-1.9707,loss_of_function,-0.986488938656231,0.1915,benign,https://doi.org/10.1101/2022.10.22.513328
S866F,9.71494,5.07313,3.05827213887096,Destabilizing,Destabilizing,0.0,,,0.600,"cBioPortal,COSMIC",,True,0.0,,,,uncertain,,,,,,,,,,91.36,H,-0.3555,0.0234,-22.0658,loss_of_function,-7.77131069176238,0.9996,pathogenic,https://doi.org/10.1101/2022.10.22.513328
S866Y,26.14218,5.20544,3.774469724116484,Destabilizing,Destabilizing,0.0,,,0.588,"cBioPortal,COSMIC",,True,0.0,,,,uncertain,,,,,,,,,,91.36,H,-0.3603,0.0234,-22.0658,loss_of_function,-7.77131069176238,0.9991,pathogenic,https://doi.org/10.1101/2022.10.22.513328
A868T,1.5875,1.56871,0.4899201852538526,Neutral,Neutral,24.9,,,0.249,"cBioPortal,COSMIC",,True,24.9,,,,neutral,neutral,neutral,,,,,,,,88.18,H,-0.1162,1.2072,-5.7813,loss_of_function,-2.47916387463162,0.7346,pathogenic,https://doi.org/10.1101/2022.10.22.513328
M869I,2.86368,-0.20102,1.0175096510872137,Uncertain,Uncertain,3.2,,,0.115,COSMIC,,False,3.2,,,,neutral,neutral,neutral,,,,,,,,86.93,H,-0.1055,1.5737,-8.7812,loss_of_function,-2.49713562100208,0.9509,pathogenic,https://doi.org/10.1101/2022.10.22.513328
M869T,3.02639,0.76667,2.1309478334280803,Uncertain,Uncertain,3.2,,,0.064,cBioPortal,,False,3.2,,,,neutral,neutral,neutral,,,,,,,,86.93,H,-0.1186,1.5737,-0.7927,loss_of_function,-0.223661035625815,0.1198,benign,https://doi.org/10.1101/2022.10.22.513328
L870S,5.37386,3.60136,4.085939636230618,Destabilizing,Destabilizing,0.0,,,0.464,cBioPortal,,False,0.0,,,,neutral,neutral,neutral,,,,,,,,89.56,H,-0.4229,0.2839,-22.0691,loss_of_function,-7.43833777490671,0.9423,pathogenic,https://doi.org/10.1101/2022.10.22.513328
R871H,1.01735,1.16973,1.2458248499430384,Neutral,Neutral,48.6,,,0.286,cBioPortal,,False,48.6,,,,neutral,neutral,neutral,,,,,,,,86.25,H,-0.1915,2.0251,-21.8951,loss_of_function,-4.87116022019983,0.5294,ambiguous,https://doi.org/10.1101/2022.10.22.513328
R871L,-0.24165,0.27585,0.4179668532580666,Neutral,Neutral,48.6,,,0.355,"cBioPortal,COSMIC",,False,48.6,,,,neutral,neutral,neutral,,,,,,,,86.25,H,-0.2242,2.0251,-21.8951,loss_of_function,-3.56594591773788,0.9208,pathogenic,https://doi.org/10.1101/2022.10.22.513328
R871P,5.25431,7.23946,7.785977220450904,Destabilizing,Destabilizing,48.6,,,0.355,"cBioPortal,COSMIC",,False,48.6,,,,neutral,neutral,neutral,,,,,,,,86.25,H,-0.3639,2.0251,-21.8951,loss_of_function,-4.87116022019983,0.9943,pathogenic,https://doi.org/10.1101/2022.10.22.513328
A872V,1.86758,-1.23027,1.251691184263558,Neutral,Neutral,2.9,,,0.303,"cBioPortal,COSMIC",,False,2.9,,,,neutral,neutral,neutral,,,,,,,,81.35,H,-0.0985,1.3345,-5.1964,loss_of_function,-3.5925837576898,0.9602,pathogenic,https://doi.org/10.1101/2022.10.22.513328
L874F,2.43723,0.06429,1.219719493161813,Uncertain,Uncertain,3.9,,,0.061,"cBioPortal,COSMIC",,False,3.9,,,,neutral,neutral,neutral,,,,,,,,85.79,H,-0.2036,1.6141,-22.0658,loss_of_function,-6.37432252217935,0.8983,pathogenic,https://doi.org/10.1101/2022.10.22.513328
Q878K,-0.26364,0.57925,0.1444880701899009,Neutral,Neutral,48.3,,,0.178,"cBioPortal,COSMIC",,False,48.3,,,,neutral,neutral,neutral,,,,,,,,78.79,-,-0.0624,2.194,-8.7746,loss_of_function,-3.9462901636014,0.6554,pathogenic,https://doi.org/10.1101/2022.10.22.513328
P882S,2.51102,2.24864,0.7751819937577433,Uncertain,Uncertain,13.9,,,0.402,COSMIC,,False,13.9,,,,neutral,neutral,neutral,,,,,,,,92.96,-,-0.3222,0.0466,-22.0658,loss_of_function,-7.76773391681212,0.9874,pathogenic,https://doi.org/10.1101/2022.10.22.513328
I883M,1.24467,4.6,2.120272790149352,Uncertain,Uncertain,7.2,,,0.026,COSMIC,,False,7.2,,,,neutral,neutral,neutral,,,,,,,,93.29,E,-0.0734,1.7262,-5.6081,loss_of_function,-2.51462300198709,0.4014,ambiguous,https://doi.org/10.1101/2022.10.22.513328
I883V,0.79528,-0.04014,0.8674343033062004,Neutral,Neutral,7.2,,,0.048,"cBioPortal,COSMIC",,False,7.2,,,,neutral,neutral,neutral,,,,,,,,93.29,E,-0.0096,1.7262,-2.0232,loss_of_function,-0.0134721887090204,0.0728,benign,https://doi.org/10.1101/2022.10.22.513328
A887P,4.20979,4.72109,5.454350215780746,Destabilizing,Destabilizing,0.0,,,0.603,"cBioPortal,COSMIC",,True,0.0,,,,neutral,neutral,neutral,,,,,,,,92.83,E,-0.4443,0.1831,-22.0658,loss_of_function,-7.35985954287229,0.9917,pathogenic,https://doi.org/10.1101/2022.10.22.513328
G891D,2.096,4.2432,-0.4386007445847423,Uncertain,Uncertain,39.1,,,0.064,"cBioPortal,COSMIC",,False,39.1,,,,neutral,neutral,neutral,,,,,,,,73.98,-,-0.3168,1.3718,-22.0526,loss_of_function,-3.84916206527071,0.2086,benign,https://doi.org/10.1101/2022.10.22.513328
A892T,0.35477,-0.04932,-0.4641563997008302,Neutral,Neutral,105.1,,,,clinvar,,False,105.1,,,,neutral,neutral,neutral,,,,,2456937,Uncertain significance,1,67.72,T,-0.0375,2.1715,-7.7515,loss_of_function,-0.0022465898103896,0.0637,benign,https://doi.org/10.1101/2022.10.22.513328
D897G,0.45315,1.15476,0.5339740085224182,Neutral,Neutral,89.0,,,0.175,cBioPortal,,False,89.0,,,,neutral,neutral,neutral,,,,,,,,73.28,H,-0.0155,2.7847,-4.9674,loss_of_function,-3.42390092420322,0.1487,benign,https://doi.org/10.1101/2022.10.22.513328
N898D,-0.84985,0.90544,0.8671163835093412,Neutral,Neutral,40.8,3.18593092902e-05,2.40727961355e-05,0.048,COSMIC,,False,40.8,,,,neutral,neutral,neutral,,,,,,,,78.8,-,-0.1157,1.4137,-5.3121,loss_of_function,-0.771958513284171,0.1057,benign,https://doi.org/10.1101/2022.10.22.513328
I915N,1.3335,1.11259,2.267285974156176,Neutral,Uncertain,30.1,,,0.445,"cBioPortal,COSMIC",,False,30.1,,,,neutral,neutral,neutral,,,,,,,,85.87,T,-0.2875,1.9025,-22.0625,loss_of_function,-6.38525522254577,0.9503,pathogenic,https://doi.org/10.1101/2022.10.22.513328
D916G,-0.80836,1.07993,0.3614381185396631,Neutral,Neutral,109.3,,,0.133,COSMIC,,True,109.3,,,,neutral,neutral,neutral,,,,,,,,86.21,T,0.0155,3.1062,-4.6873,gain_of_function,-1.16144444492812,0.1402,benign,https://doi.org/10.1101/2022.10.22.513328
G917R,9.76999,27.19286,1.3378253861118317,Destabilizing,Uncertain,3.7,,4.0133886646e-06,0.289,"cBioPortal,COSMIC",,True,3.7,,,,neutral,neutral,neutral,,,,,,,,87.85,-,-0.3619,1.0588,-22.0658,loss_of_function,-5.26789656162379,0.9935,pathogenic,https://doi.org/10.1101/2022.10.22.513328
P923S,2.27233,2.0602,-0.0400097835949525,Uncertain,Uncertain,37.3,,,0.147,"cBioPortal,COSMIC",,True,37.3,,,,neutral,neutral,neutral,,,,,,,,82.81,E,-0.057,1.7365,-0.5744,loss_of_function,-0.106447600301563,0.0867,benign,https://doi.org/10.1101/2022.10.22.513328
P923T,1.79926,2.36395,-0.3046307559072292,Uncertain,Neutral,37.3,,,0.111,"cBioPortal,COSMIC",,True,37.3,,,,neutral,neutral,neutral,,,,,,,,82.81,E,-0.0911,1.7365,-4.8651,loss_of_function,-0.644988174979731,0.0852,benign,https://doi.org/10.1101/2022.10.22.513328
Q928H,-0.00679,-1.17041,-0.4642078360916207,Neutral,Neutral,102.1,,,0.125,cBioPortal,,True,102.1,,,,neutral,neutral,neutral,,,,,,,,54.95,T,0.0181,2.4107,-3.1766,gain_of_function,-0.923540627246402,0.1328,benign,https://doi.org/10.1101/2022.10.22.513328
L931P,0.77502,4.19456,6.117027558307789,Uncertain,Uncertain,17.1,3.18654005481e-05,,0.235,cBioPortal,,False,17.1,,,,neutral,neutral,neutral,,,,,,,,75.62,G,-0.2238,2.2858,-8.7647,loss_of_function,-3.17042222102389,0.3191,benign,https://doi.org/10.1101/2022.10.22.513328
I933M,-0.11467,0.2483,0.9236993360629492,Neutral,Neutral,25.1,,,0.086,cBioPortal,,False,25.1,,,,neutral,neutral,neutral,,,,,,,,82.88,G,-0.0424,2.072,-5.7682,loss_of_function,-0.928459146626096,0.0777,benign,https://doi.org/10.1101/2022.10.22.513328
H935Y,-0.18137,-0.27483,0.2889655514254785,Neutral,Neutral,60.4,,,0.113,"cBioPortal,COSMIC",,False,60.4,,,,neutral,neutral,neutral,,,,,,,,87.1,S,0.0094,2.2219,-7.7714,gain_of_function,-0.614528340317331,0.0628,benign,https://doi.org/10.1101/2022.10.22.513328
F938V,1.8389,2.48333,0.4235211034213448,Uncertain,Neutral,50.5,,,0.241,"cBioPortal,COSMIC",,False,50.5,,,,neutral,neutral,neutral,,,,,,,,90.15,T,-0.3025,0.9142,-22.0592,loss_of_function,-3.56434446632838,0.7453,pathogenic,https://doi.org/10.1101/2022.10.22.513328
K939E,2.21751,0.81429,-0.159996918108668,Uncertain,Uncertain,72.0,,,0.130,COSMIC,,False,72.0,,,,neutral,neutral,neutral,,,,,,,,88.75,T,-0.1551,1.2545,-7.1865,loss_of_function,-3.56098777411393,0.4055,ambiguous,https://doi.org/10.1101/2022.10.22.513328
K939Q,1.62622,0.57109,0.0592836781179534,Neutral,Neutral,72.0,,,0.095,COSMIC,,False,72.0,,,,neutral,neutral,neutral,,,,,,,,88.75,T,-0.1232,1.2545,-5.9641,loss_of_function,-1.45347374437944,0.1791,benign,https://doi.org/10.1101/2022.10.22.513328
D940N,-0.60612,0.93878,-0.1623596805571953,Neutral,Neutral,33.7,,,0.279,cBioPortal,,False,33.7,,,,neutral,neutral,neutral,,,,,,,,88.97,S,-0.0139,2.3244,-5.071,loss_of_function,-1.99553164856476,0.2913,benign,https://doi.org/10.1101/2022.10.22.513328
V942A,0.12001,1.20034,0.9522863283846952,Neutral,Neutral,55.3,,,0.052,"cBioPortal,COSMIC",,False,55.3,,,,neutral,neutral,neutral,,,,,,,,89.15,G,-0.1225,1.5922,-6.1799,loss_of_function,-1.48417265283412,0.1048,benign,https://doi.org/10.1101/2022.10.22.513328
V942L,-1.59981,-0.32891,-0.3316968406007436,Neutral,Neutral,55.3,,,0.086,COSMIC,,False,55.3,,,,neutral,neutral,neutral,,,,,,,,89.15,G,-0.1045,1.5922,-2.5361,loss_of_function,-0.488484802265378,0.0922,benign,https://doi.org/10.1101/2022.10.22.513328
E943G,0.49489,0.52007,1.0043665774791144,Neutral,Neutral,64.8,,,,clinvar,,False,64.8,,,,neutral,neutral,neutral,,,,,2304367,Uncertain significance,1,88.58,G,-0.2365,1.1836,-22.0493,loss_of_function,-5.40727057276893,0.4393,ambiguous,https://doi.org/10.1101/2022.10.22.513328
K945N,-0.13871,1.31735,0.1261947799478319,Neutral,Neutral,64.0,,,0.219,"cBioPortal,COSMIC",,False,64.0,,,,neutral,neutral,neutral,,,,,,,,89.14,H,-0.2982,0.4516,-22.0493,loss_of_function,-6.55605582160267,0.9843,pathogenic,https://doi.org/10.1101/2022.10.22.513328
E949K,0.67619,1.27789,0.447046344325735,Neutral,Neutral,55.0,,,0.550,cBioPortal,,False,55.0,,,,neutral,neutral,neutral,,,,,,,,86.9,H,-0.3394,0.0238,-22.0326,loss_of_function,-6.41720653777767,0.97,pathogenic,https://doi.org/10.1101/2022.10.22.513328
H952N,0.91554,1.56599,1.1369002881101775,Neutral,Neutral,29.0,,,0.195,cBioPortal,,False,29.0,,,,neutral,neutral,neutral,,,,,,,,79.5,H,-0.1025,1.3053,-6.3354,loss_of_function,-4.82962607220765,0.6697,pathogenic,https://doi.org/10.1101/2022.10.22.513328
H952Y,-1.27859,0.2381,-0.259210125653519,Neutral,Neutral,29.0,,4.0129699188e-06,0.220,"cBioPortal,COSMIC",,False,29.0,,,,neutral,neutral,neutral,,,,,,,,79.5,H,-0.051,1.3053,-3.0875,loss_of_function,-0.829252651366403,0.2989,benign,https://doi.org/10.1101/2022.10.22.513328
M953I,0.76306,-0.47075,-0.1499876390885152,Neutral,Neutral,78.2,,,0.371,cBioPortal,,False,78.2,,,,neutral,neutral,neutral,,,,,,,,76.26,H,-0.039,2.1153,-5.5055,loss_of_function,-0.368549430830709,0.765,pathogenic,https://doi.org/10.1101/2022.10.22.513328
Y954H,0.11691,0.34898,0.1897612476213112,Neutral,Neutral,94.6,,,0.377,cBioPortal,,True,94.6,,,,uncertain,,,,,,,,,,74.69,H,-0.0506,2.5512,-7.6509,loss_of_function,-3.30369171237151,0.9651,pathogenic,https://doi.org/10.1101/2022.10.22.513328
N956D,0.63019,0.49218,0.3485698920757424,Neutral,Neutral,65.8,,,0.096,cBioPortal,,True,65.8,,,,neutral,neutral,neutral,,,,,,,,67.91,H,-0.0329,2.2551,-4.263,loss_of_function,-1.84203083754156,0.4625,ambiguous,https://doi.org/10.1101/2022.10.22.513328
E959D,0.59668,0.62415,0.4189815247226663,Neutral,Neutral,73.5,,,0.145,COSMIC,,False,73.5,,,,neutral,neutral,neutral,,,,,,,,53.69,H,-0.0356,1.6265,-2.4314,loss_of_function,-0.701922392268781,0.3025,benign,https://doi.org/10.1101/2022.10.22.513328
S962N,0.56599,0.27551,0.1175917827692818,Neutral,Neutral,69.1,,,0.216,cBioPortal,P,True,69.1,1.736,,,damaging,neutral,potentially_damaging,,,,,,,,41.97,T,0.0917,3.2365,-3.2876,gain_of_function,-0.747315930837153,0.1783,benign,https://doi.org/10.1101/2022.10.22.513328
S962T,0.69507,0.07143,0.2525777120337952,Neutral,Neutral,69.1,0.0010509554140127,0.0007225491534132,0.129,"cBioPortal,COSMIC",P,True,69.1,1.736,,,neutral,neutral,potentially_damaging,,,,,,,,41.97,T,0.1242,3.2365,-3.1271,gain_of_function,-0.57115077481717,0.0883,benign,https://doi.org/10.1101/2022.10.22.513328
E965K,-0.44713,-0.32007,-0.2904350837921382,Neutral,Neutral,100.6,,8.0298066423e-06,0.207,"cBioPortal,COSMIC",,True,100.6,,,,neutral,neutral,neutral,,,,,,,,29.13,S,-0.2146,1.3084,-20.7389,loss_of_function,-3.93930254614583,0.6434,pathogenic,https://doi.org/10.1101/2022.10.22.513328
W1242L,1.48573,1.74558,0.3273037685861119,Neutral,Neutral,52.4,,,0.216,"cBioPortal,COSMIC",,False,52.4,,,,neutral,neutral,neutral,DOWN,neutral,neutral,stabilizing,,,,60.52,-,-0.3175,1.1698,-2.8651,loss_of_function,-0.588651952551086,0.4389,ambiguous,https://doi.org/10.1101/2022.10.22.513328
F1247C,4.14239,4.48061,3.663770580499928,Destabilizing,Destabilizing,6.5,,,0.608,"cBioPortal,COSMIC",,True,6.5,,,,neutral,neutral,neutral,DOWN,neutral,neutral,stabilizing,,,,92.86,S,-0.4014,0.0662,-20.2877,loss_of_function,-3.81258555935749,0.9987,pathogenic,https://doi.org/10.1101/2022.10.22.513328
P1250L,1.65196,0.80374,-0.6253065179633227,Neutral,Neutral,60.8,,,0.396,"cBioPortal,COSMIC",,True,60.8,,,,neutral,neutral,neutral,UP,neutral,neutral,mixed_effects,,,,93.7,-,-0.3433,0.251,-20.265,loss_of_function,-3.08476182047789,0.711,pathogenic,https://doi.org/10.1101/2022.10.22.513328
P1250S,2.25023,0.64388,-0.1768138186052692,Uncertain,Uncertain,60.8,,,0.234,"cBioPortal,COSMIC",,True,60.8,,,,neutral,neutral,neutral,DOWN,neutral,neutral,neutral,,,,93.7,-,-0.2264,0.251,-6.9772,loss_of_function,-2.28694412048483,0.4468,ambiguous,https://doi.org/10.1101/2022.10.22.513328
T1253P,3.57314,7.89694,5.001069449728499,Destabilizing,Destabilizing,61.0,,,0.192,cBioPortal,,True,61.0,,,,uncertain,,,-,uncertain,uncertain,uncertain,,,,92.42,G,-0.2604,2.3542,-20.265,loss_of_function,-1.42971022169846,0.6,pathogenic,https://doi.org/10.1101/2022.10.22.513328
V1255M,1.21635,2.73469,2.055011664167038,Uncertain,Uncertain,3.9,,,0.232,"cBioPortal,COSMIC",,True,3.9,,,,neutral,neutral,neutral,UP,neutral,neutral,neutral,,,,92.67,-,-0.3275,0.251,-20.265,loss_of_function,-2.39570765311945,0.9021,pathogenic,https://doi.org/10.1101/2022.10.22.513328
P1257S,1.07913,0.13605,-0.3776594946313133,Neutral,Neutral,74.7,,,0.052,cBioPortal,,True,74.7,,,,neutral,neutral,neutral,DOWN,neutral,neutral,stabilizing,,,,82.8,S,-0.0986,1.4738,-3.9773,loss_of_function,-0.431757454028171,0.0931,benign,https://doi.org/10.1101/2022.10.22.513328
P1257T,1.06646,0.27823,-0.3725606876060039,Neutral,Neutral,74.7,,,0.094,cBioPortal,,True,74.7,,,,neutral,neutral,neutral,-,uncertain,uncertain,uncertain,,,,82.8,S,-0.1938,1.4738,-20.265,loss_of_function,-0.835186488398343,0.0873,benign,https://doi.org/10.1101/2022.10.22.513328
P1260A,1.2975,1.53946,-0.5872503159019254,Neutral,Neutral,32.9,,,0.140,"cBioPortal,COSMIC",,False,32.9,,,,neutral,neutral,neutral,DOWN,neutral,neutral,neutral,,,,90.77,-,-0.2267,0.251,-6.9772,loss_of_function,-3.19630938878804,0.3891,ambiguous,https://doi.org/10.1101/2022.10.22.513328
P1260L,-0.12203,0.90748,-1.499893142686152,Neutral,Neutral,32.9,,,0.214,"cBioPortal,COSMIC",,False,32.9,,,,neutral,neutral,neutral,UP,neutral,neutral,stabilizing,,,,90.77,-,-0.2703,0.251,-5.9772,loss_of_function,-1.96695856642908,0.7581,pathogenic,https://doi.org/10.1101/2022.10.22.513328
I1261T,2.8078,1.83367,2.164085322613496,Uncertain,Uncertain,15.0,,,0.627,cBioPortal,,False,15.0,,,,neutral,neutral,neutral,DOWN,neutral,neutral,mixed_effects,,,,95.51,S,-0.3453,0.3074,-20.265,loss_of_function,-3.91137187265334,0.9435,pathogenic,https://doi.org/10.1101/2022.10.22.513328
P1262L,4.58172,3.2466,1.2740343342895943,Destabilizing,Uncertain,0.0,,,0.849,"cBioPortal,COSMIC",,False,0.0,,,,neutral,neutral,neutral,UP,neutral,neutral,stabilizing,,,,95.21,-,-0.3663,0.0003,-20.265,loss_of_function,-4.99332994578883,0.9968,pathogenic,https://doi.org/10.1101/2022.10.22.513328
P1262S,4.72381,3.28673,1.2055641134026698,Destabilizing,Uncertain,0.0,,,0.823,"cBioPortal,COSMIC",,False,0.0,,,,neutral,neutral,neutral,DOWN,neutral,neutral,neutral,,,,95.21,-,-0.3173,0.0003,-20.265,loss_of_function,-4.99332994578883,0.9991,pathogenic,https://doi.org/10.1101/2022.10.22.513328
P1262T,5.20415,2.93197,0.849719037646979,Uncertain,Uncertain,0.0,,,0.841,"cBioPortal,COSMIC",,False,0.0,,,,neutral,neutral,neutral,-,uncertain,uncertain,uncertain,,,,95.21,-,-0.3294,0.0003,-20.265,loss_of_function,-4.99332994578883,0.999,pathogenic,https://doi.org/10.1101/2022.10.22.513328
E1270Q,-0.49362,-0.22449,0.2575731623055138,Neutral,Neutral,64.1,,,0.099,COSMIC,,False,64.1,,,,neutral,neutral,neutral,UP,neutral,neutral,stabilizing,,,,94.8,H,0.0096,2.2525,-3.5293,gain_of_function,-0.214892438176553,0.1049,benign,https://doi.org/10.1101/2022.10.22.513328
E1273A,0.72723,1.16088,1.015449350097344,Neutral,Neutral,26.5,,8.0293553231e-06,0.624,COSMIC,,True,26.5,,,,neutral,neutral,neutral,DOWN,neutral,neutral,neutral,,,,95.7,H,-0.2864,0.2648,-20.299,loss_of_function,-5.00014598329446,0.9631,pathogenic,https://doi.org/10.1101/2022.10.22.513328
G1276V,5.48303,4.56667,6.807887533135066,Destabilizing,Destabilizing,0.0,,,0.798,"cBioPortal,COSMIC",,False,0.0,,,,neutral,neutral,neutral,UP,neutral,neutral,neutral,,,,88.31,T,-0.4604,0.0003,-20.2764,loss_of_function,-1.9315874540984,0.9987,pathogenic,https://doi.org/10.1101/2022.10.22.513328
T1279M,-0.33297,0.17789,-0.5976589533262744,Neutral,Neutral,33.3,,4.0153224705e-06,0.303,cBioPortal,,True,33.3,,,,uncertain,,,UP,neutral,neutral,neutral,,,,92.66,-,-0.2455,0.4746,-6.8825,loss_of_function,-2.16648608876326,0.3296,benign,https://doi.org/10.1101/2022.10.22.513328
T1279R,-0.8602,0.71837,-0.4233850654401228,Neutral,Neutral,33.3,,,0.434,cBioPortal,,True,33.3,,,,uncertain,,,UP,neutral,neutral,neutral,,,,92.66,-,-0.3545,0.4746,-20.1704,loss_of_function,-3.1553141922277,0.901,pathogenic,https://doi.org/10.1101/2022.10.22.513328
R1284L,-0.34415,-0.87211,-0.221485853088087,Neutral,Neutral,49.2,,,0.800,"cBioPortal,COSMIC",,False,49.2,,,,neutral,neutral,neutral,DOWN,neutral,neutral,neutral,,,,94.65,T,-0.3952,0.0708,-20.1704,loss_of_function,-3.70053446239824,0.9989,pathogenic,https://doi.org/10.1101/2022.10.22.513328
R1284Q,0.08103,0.15408,1.2119548329564969,Neutral,Neutral,49.2,,,0.717,"cBioPortal,COSMIC",,False,49.2,,,,neutral,neutral,neutral,DOWN,neutral,neutral,neutral,,,,94.65,T,-0.3675,0.0708,-20.1704,loss_of_function,-3.56412309726404,0.9987,pathogenic,https://doi.org/10.1101/2022.10.22.513328
R1284W,-0.25034,-0.85544,-0.0214061022371336,Neutral,Neutral,49.2,,,0.782,"cBioPortal,COSMIC,clinvar",,False,49.2,,,,neutral,neutral,neutral,UP,neutral,neutral,neutral,1679925,Likely pathogenic,1,94.65,T,-0.4105,0.0708,-20.1704,loss_of_function,-3.56412309726404,0.9991,pathogenic,https://doi.org/10.1101/2022.10.22.513328
V1285I,-0.28999,-0.01395,-0.252889797577282,Neutral,Neutral,57.2,,,0.183,cBioPortal,,False,57.2,,,,neutral,neutral,neutral,UP,neutral,neutral,neutral,,,,91.62,S,-0.2565,0.2115,-20.1704,loss_of_function,-1.69017947943688,0.5881,pathogenic,https://doi.org/10.1101/2022.10.22.513328
S1286G,0.28906,1.33571,0.582091230388217,Neutral,Neutral,82.2,,,0.297,"cBioPortal,COSMIC",,False,82.2,,,,uncertain,,,DOWN,neutral,neutral,stabilizing,,,,87.42,-,-0.2315,0.517,-20.1704,loss_of_function,-3.30328696488315,0.8289,pathogenic,https://doi.org/10.1101/2022.10.22.513328
G1287E,13.26854,3.83095,7.405978028721464,Destabilizing,Destabilizing,10.3,,,0.795,cBioPortal,,False,10.3,,,,neutral,neutral,neutral,UP,neutral,neutral,stabilizing,,,,85.52,-,-0.4262,0.0708,-20.1704,loss_of_function,-3.53296302806529,0.9999,pathogenic,https://doi.org/10.1101/2022.10.22.513328
G1287R,20.29956,4.43571,8.342054196897818,Destabilizing,Destabilizing,10.3,,0.0,0.791,"cBioPortal,COSMIC",,False,10.3,,,,neutral,neutral,neutral,UP,neutral,neutral,stabilizing,,,,85.52,-,-0.4431,0.0708,-20.1704,loss_of_function,-3.53296302806529,0.9998,pathogenic,https://doi.org/10.1101/2022.10.22.513328
S1290F,0.3796,0.79762,-0.3219612353962986,Neutral,Neutral,84.2,,,0.275,COSMIC,P,False,84.2,-1.141,,,damaging,neutral,uncertain,UP,neutral,neutral,stabilizing,,,,89.73,H,-0.1872,1.7458,-20.1457,loss_of_function,-2.68320876548656,0.9265,pathogenic,https://doi.org/10.1101/2022.10.22.513328
S1290Y,0.45788,0.57925,-0.2720184790048352,Neutral,Neutral,84.2,,,0.288,COSMIC,P,False,84.2,-1.141,,,uncertain,neutral,uncertain,UP,neutral,neutral,stabilizing,,,,89.73,H,-0.192,1.7458,-20.1457,loss_of_function,-2.68320876548656,0.9247,pathogenic,https://doi.org/10.1101/2022.10.22.513328
E1291A,1.57697,1.67789,0.6406063631551175,Neutral,Neutral,39.2,,,0.228,cBioPortal,,False,39.2,,,,neutral,neutral,neutral,DOWN,neutral,neutral,neutral,,,,91.49,H,-0.1498,1.0035,-6.8579,loss_of_function,-1.63082878855898,0.9736,pathogenic,https://doi.org/10.1101/2022.10.22.513328
E1291Q,1.59572,-0.11871,0.5535525851063605,Neutral,Neutral,39.2,,,0.148,"cBioPortal,COSMIC",,False,39.2,,,,neutral,neutral,neutral,UP,neutral,neutral,stabilizing,,,,91.49,H,-0.1901,1.0035,-20.1457,loss_of_function,-1.52473273542476,0.9661,pathogenic,https://doi.org/10.1101/2022.10.22.513328
M1292V,0.52311,-0.06633,0.5467101586189965,Neutral,Neutral,20.2,,4.0141619634e-06,0.212,"cBioPortal,COSMIC",,False,20.2,,,,neutral,neutral,neutral,DOWN,neutral,neutral,neutral,,,,92.85,H,-0.1564,1.2624,-6.8579,loss_of_function,-1.36245638813411,0.792,pathogenic,https://doi.org/10.1101/2022.10.22.513328
E1293D,0.30607,0.80612,0.4862089045137679,Neutral,Neutral,41.2,,,0.202,"cBioPortal,COSMIC",,False,41.2,,,,neutral,neutral,neutral,DOWN,neutral,neutral,stabilizing,,,,91.53,H,-0.0798,1.0887,-1.3986,loss_of_function,-0.43538170476786,0.3079,benign,https://doi.org/10.1101/2022.10.22.513328
Q1296P,2.64238,6.92075,6.002246010022243,Uncertain,Uncertain,17.0,,,0.603,COSMIC,,False,17.0,,,,neutral,neutral,neutral,DOWN,neutral,neutral,neutral,,,,92.85,H,-0.3687,0.2857,-6.8579,loss_of_function,-3.25771923425044,0.9982,pathogenic,https://doi.org/10.1101/2022.10.22.513328
D1302N,0.42547,0.26361,0.3471552247522658,Neutral,Neutral,62.5,,,0.207,"cBioPortal,COSMIC",,False,62.5,,,,neutral,neutral,neutral,-,uncertain,uncertain,uncertain,,,,89.76,-,-0.2777,0.2917,-20.1206,loss_of_function,-0.420753635376545,0.7411,pathogenic,https://doi.org/10.1101/2022.10.22.513328
N1304S,-0.5075,0.35918,0.3960739199041407,Neutral,Neutral,94.5,,,0.097,cBioPortal,,False,94.5,,,,neutral,neutral,neutral,DOWN,neutral,neutral,stabilizing,,,,86.11,T,-0.0181,1.9282,-2.0,loss_of_function,-0.073180110112794,0.0494,benign,https://doi.org/10.1101/2022.10.22.513328
E1309Q,-0.69275,-0.37449,0.3225580678967527,Neutral,Neutral,83.2,,,0.087,"cBioPortal,COSMIC",,False,83.2,,,,neutral,neutral,neutral,UP,neutral,neutral,stabilizing,,,,82.77,T,-0.0545,1.738,-6.8072,loss_of_function,-0.667614693551583,0.262,benign,https://doi.org/10.1101/2022.10.22.513328
D1311Y,0.06752,0.0034,0.5099100442111373,Neutral,Neutral,111.3,,,0.471,"cBioPortal,COSMIC",,False,111.3,,,,neutral,neutral,neutral,UP,neutral,neutral,stabilizing,,,,78.94,T,-0.234,0.8799,-6.8072,loss_of_function,-2.00819635945408,0.9193,pathogenic,https://doi.org/10.1101/2022.10.22.513328
T1313M,0.85266,0.43265,-0.0044705037963449,Neutral,Neutral,71.7,,,0.297,COSMIC,,False,71.7,,,,uncertain,,,UP,neutral,neutral,stabilizing,,,,91.46,-,-0.222,1.4635,-20.0951,loss_of_function,-1.77256222691308,0.2631,benign,https://doi.org/10.1101/2022.10.22.513328
V1317L,0.52926,2.99524,1.5397496549524985,Uncertain,Neutral,0.0,,,0.221,"cBioPortal,COSMIC",,False,0.0,,,,neutral,neutral,neutral,UP,neutral,neutral,stabilizing,,,,96.28,H,-0.2163,0.5267,-5.2224,loss_of_function,-0.17581504003289,0.9683,pathogenic,https://doi.org/10.1101/2022.10.22.513328
V1317M,2.51179,3.48129,2.669172439364381,Uncertain,Uncertain,0.0,,,0.548,"cBioPortal,COSMIC",,False,0.0,,,,neutral,neutral,neutral,UP,neutral,neutral,stabilizing,,,,96.28,H,-0.3013,0.5267,-20.0951,loss_of_function,-1.87482871957372,0.9595,pathogenic,https://doi.org/10.1101/2022.10.22.513328
K1322N,2.12762,1.23333,0.476448316515678,Uncertain,Uncertain,21.9,,,0.467,"cBioPortal,COSMIC",,True,21.9,,,,neutral,neutral,neutral,DOWN,neutral,neutral,neutral,,,,95.83,H,-0.2352,0.2919,-6.8201,loss_of_function,-3.20692400314821,0.9999,pathogenic,https://doi.org/10.1101/2022.10.22.513328
F1324C,4.42678,4.81497,4.884427533723406,Destabilizing,Destabilizing,0.5,,,0.804,"cBioPortal,COSMIC",,True,0.5,,,,neutral,neutral,neutral,DOWN,neutral,neutral,neutral,,,,95.63,H,-0.3119,0.2919,-6.8201,loss_of_function,-3.20775226669609,0.9967,pathogenic,https://doi.org/10.1101/2022.10.22.513328
F1324I,5.31711,4.39082,3.155244269288492,Destabilizing,Destabilizing,0.5,,,0.642,COSMIC,,True,0.5,,,,neutral,neutral,neutral,DOWN,neutral,neutral,neutral,,,,95.63,H,-0.3555,0.2919,-20.1079,loss_of_function,-3.20775226669609,0.9961,pathogenic,https://doi.org/10.1101/2022.10.22.513328
P1329L,1.96825,0.74524,-0.9893372629624858,Neutral,Neutral,43.7,,,0.416,"cBioPortal,COSMIC",,True,43.7,,,,neutral,neutral,neutral,UP,neutral,neutral,mixed_effects,,,,92.56,S,-0.3454,0.2192,-20.1079,loss_of_function,-1.7819534697601,0.9626,pathogenic,https://doi.org/10.1101/2022.10.22.513328
P1331L,7.73229,3.14218,1.3967427521167797,Destabilizing,Uncertain,0.1,,,0.637,"cBioPortal,COSMIC,clinvar",,True,0.1,,,,neutral,neutral,neutral,UP,neutral,neutral,destabilizing,1679926,Uncertain significance,1,94.42,-,-0.3588,0.0734,-20.1079,loss_of_function,-2.98529269563415,0.998,pathogenic,https://doi.org/10.1101/2022.10.22.513328
P1331S,4.05584,1.1102,1.4206264380283424,Uncertain,Uncertain,0.1,,,0.516,"cBioPortal,COSMIC",,True,0.1,,,,neutral,neutral,neutral,DOWN,neutral,neutral,destabilizing,,,,94.42,-,-0.3097,0.0734,-20.1079,loss_of_function,-2.14279524320394,0.9932,pathogenic,https://doi.org/10.1101/2022.10.22.513328
L1332M,0.17996,1.2983,2.1591445397442244,Neutral,Uncertain,0.3,,,0.576,"cBioPortal,COSMIC",,True,0.3,,,,neutral,neutral,neutral,-,uncertain,uncertain,uncertain,,,,96.37,S,-0.2824,0.2565,-20.1079,loss_of_function,-1.91727943205972,0.8746,pathogenic,https://doi.org/10.1101/2022.10.22.513328
V1333A,3.89238,3.70408,3.3371834689219004,Destabilizing,Destabilizing,0.0,,,0.312,cBioPortal,,True,0.0,,,,neutral,neutral,neutral,DOWN,neutral,neutral,neutral,,,,96.05,S,-0.2342,1.1501,-20.0822,loss_of_function,-2.09038634146943,0.9824,pathogenic,https://doi.org/10.1101/2022.10.22.513328
V1333F,9.57094,1.67755,1.743873974320389,Uncertain,Uncertain,0.0,,,0.245,"cBioPortal,COSMIC",,True,0.0,,,,neutral,neutral,neutral,UP,neutral,neutral,mixed_effects,,,,96.05,S,-0.3113,1.1501,-20.0822,loss_of_function,-1.20076615442955,0.9552,pathogenic,https://doi.org/10.1101/2022.10.22.513328
P1334L,2.41194,1.81973,-0.8344094304906319,Uncertain,Uncertain,17.3,,4.0117785819e-06,0.633,"cBioPortal,COSMIC",,False,17.3,,,,neutral,neutral,neutral,UP,neutral,neutral,mixed_effects,,,,93.42,-,-0.3584,0.0751,-20.0691,loss_of_function,-2.89812683331651,0.9807,pathogenic,https://doi.org/10.1101/2022.10.22.513328
P1334Q,3.11025,2.71361,0.1556521420518891,Uncertain,Uncertain,17.3,,,0.484,COSMIC,,False,17.3,,,,neutral,neutral,neutral,UP,neutral,neutral,mixed_effects,,,,93.42,-,-0.3381,0.0751,-20.0691,loss_of_function,-2.33357346132698,0.9898,pathogenic,https://doi.org/10.1101/2022.10.22.513328
P1334R,2.96882,2.6,-0.264572754241969,Uncertain,Uncertain,17.3,,,0.555,"cBioPortal,COSMIC",,False,17.3,,,,neutral,neutral,neutral,UP,neutral,neutral,mixed_effects,,,,93.42,-,-0.3795,0.0751,-20.0691,loss_of_function,-2.89812683331651,0.9936,pathogenic,https://doi.org/10.1101/2022.10.22.513328
P1334S,3.68625,2.55442,0.2625186135834662,Uncertain,Uncertain,17.3,,,0.190,"cBioPortal,COSMIC",,False,17.3,,,,neutral,neutral,neutral,DOWN,neutral,neutral,destabilizing,,,,93.42,-,-0.3094,0.0751,-20.0691,loss_of_function,-1.69367361370834,0.9369,pathogenic,https://doi.org/10.1101/2022.10.22.513328
Y1335H,1.80201,1.08605,0.4468630232302989,Neutral,Neutral,52.2,,,0.183,cBioPortal,,True,52.2,,,,uncertain,,,DOWN,neutral,neutral,stabilizing,,,,91.7,H,-0.3184,0.3294,-20.0691,loss_of_function,-1.19375135441382,0.7383,pathogenic,https://doi.org/10.1101/2022.10.22.513328
Q1338R,3.78336,4.38639,0.7970345494481104,Destabilizing,Uncertain,4.8,,,0.376,cBioPortal,,True,4.8,,,,neutral,neutral,neutral,UP,neutral,neutral,stabilizing,,,,91.9,H,-0.1552,1.06,-6.7812,loss_of_function,-2.6163505396432,0.9631,pathogenic,https://doi.org/10.1101/2022.10.22.513328
D1340N,-0.39644,0.68163,0.2382734156049593,Neutral,Neutral,41.9,,,,clinvar,,False,41.9,,,,neutral,neutral,neutral,,,,,1679911,Likely benign,1,93.71,H,-0.2059,1.0691,-20.0691,loss_of_function,-1.00762130735985,0.1679,benign,https://doi.org/10.1101/2022.10.22.513328
E1343G,0.93825,1.91088,1.1072938240200882,Neutral,Neutral,60.8,,,0.271,COSMIC,,False,60.8,,,,neutral,neutral,neutral,DOWN,neutral,neutral,neutral,,,,92.41,H,-0.2888,0.5055,-20.0691,loss_of_function,-2.04033612390262,0.5136,ambiguous,https://doi.org/10.1101/2022.10.22.513328
N1348T,-0.04478,-0.1602,0.0049187865738309,Neutral,Neutral,117.5,,,0.077,cBioPortal,,False,117.5,,,,neutral,neutral,neutral,-,uncertain,uncertain,uncertain,,,,88.56,S,-0.0764,2.0963,-6.7413,loss_of_function,-0.294848622489801,0.0962,benign,https://doi.org/10.1101/2022.10.22.513328
D1349N,3.40502,0.20884,0.2958512073343922,Uncertain,Uncertain,59.2,,2.44181162888e-05,0.355,cBioPortal,,False,59.2,,,,neutral,neutral,neutral,-,uncertain,uncertain,uncertain,,,,92.84,S,-0.1959,0.4391,-6.7413,loss_of_function,-0.745094121381958,0.2338,benign,https://doi.org/10.1101/2022.10.22.513328
R1350Q,-0.24055,-0.00272,0.6742239270058031,Neutral,Neutral,45.0,,3.37024554646e-05,0.103,"cBioPortal,clinvar",,False,45.0,,,,neutral,neutral,neutral,DOWN,neutral,neutral,mixed_effects,1679903,Uncertain significance,1,90.17,H,-0.2172,1.6975,-20.0426,loss_of_function,-1.92981573950552,0.098,benign,https://doi.org/10.1101/2022.10.22.513328
R1350W,-0.7678,-0.10646,-0.2808158502209845,Neutral,Neutral,45.0,6.36942675159e-05,5.79251221255e-05,0.333,COSMIC,,False,45.0,,,,neutral,neutral,neutral,UP,neutral,neutral,stabilizing,2589796,Uncertain significance,1,90.17,H,-0.2602,1.6975,-20.0426,loss_of_function,-1.6128721377285,0.1796,benign,https://doi.org/10.1101/2022.10.22.513328
L1354V,2.65033,1.27619,1.9935455172097127,Uncertain,Uncertain,0.6,,,0.124,"cBioPortal,COSMIC",,True,0.6,,,,neutral,neutral,neutral,DOWN,neutral,neutral,destabilizing,,,,95.92,H,-0.1632,0.8977,-5.7681,loss_of_function,-0.289317674968008,0.2333,benign,https://doi.org/10.1101/2022.10.22.513328
H1355R,0.10323,0.03435,-0.171467934193647,Neutral,Neutral,58.9,,,0.137,cBioPortal,,True,58.9,,,,neutral,neutral,neutral,UP,neutral,neutral,neutral,,,,96.02,H,-0.0784,1.9138,-6.7681,loss_of_function,-0.529841220295206,0.1286,benign,https://doi.org/10.1101/2022.10.22.513328
H1355Y,-0.61262,-0.34082,-0.3017076978833261,Neutral,Neutral,58.9,,0.0,0.076,"cBioPortal,COSMIC",,True,58.9,,,,neutral,neutral,neutral,UP,neutral,neutral,neutral,,,,96.02,H,-0.0006,1.9138,-4.1832,loss_of_function,-0.121339551705425,0.0666,benign,https://doi.org/10.1101/2022.10.22.513328
A1356T,1.97742,0.00068,0.5259075313992836,Neutral,Neutral,34.0,,,0.079,cBioPortal,,True,34.0,,,,neutral,neutral,neutral,UP,neutral,neutral,neutral,,,,96.86,H,-0.0432,1.7947,-2.0678,loss_of_function,-0.15966637578759,0.0846,benign,https://doi.org/10.1101/2022.10.22.513328
L1357H,2.12106,2.61293,3.5285449452960216,Uncertain,Uncertain,0.1,,,0.635,COSMIC,,True,0.1,,,,neutral,neutral,neutral,DOWN,neutral,neutral,neutral,,,,97.09,H,-0.3665,0.9155,-20.0559,loss_of_function,-2.17356195212004,0.9857,pathogenic,https://doi.org/10.1101/2022.10.22.513328
K1358N,3.53099,2.03912,0.4262090109470351,Uncertain,Uncertain,19.0,,,0.239,COSMIC,,True,19.0,,,,neutral,neutral,neutral,DOWN,neutral,neutral,neutral,,,,96.15,H,-0.2521,0.8419,-20.0559,loss_of_function,-1.93812494550892,0.9534,pathogenic,https://doi.org/10.1101/2022.10.22.513328
K1358T,3.54455,1.65714,0.4805885017147737,Uncertain,Uncertain,19.0,,,0.381,"cBioPortal,COSMIC",,True,19.0,,,,neutral,neutral,neutral,DOWN,neutral,neutral,neutral,,,,96.15,H,-0.2559,0.8419,-20.0559,loss_of_function,-2.24561107448141,0.7754,pathogenic,https://doi.org/10.1101/2022.10.22.513328
K1362N,0.96761,0.99864,0.704569584486962,Neutral,Neutral,62.5,,,0.055,"cBioPortal,COSMIC",,True,62.5,,,,neutral,neutral,neutral,DOWN,neutral,neutral,neutral,,,,94.44,T,-0.1493,1.1676,-5.7681,loss_of_function,-0.738617278619833,0.502,ambiguous,https://doi.org/10.1101/2022.10.22.513328
K1362R,0.14614,0.81224,-0.052331739629533,Neutral,Neutral,62.5,,,0.054,"cBioPortal,COSMIC",,True,62.5,,,,neutral,neutral,neutral,-,uncertain,uncertain,uncertain,,,,94.44,T,-0.0396,1.1676,-0.8613,loss_of_function,-0.0165434165122644,0.0582,benign,https://doi.org/10.1101/2022.10.22.513328
K1363T,1.20791,1.94286,0.1193608227685166,Neutral,Neutral,59.8,,,0.118,cBioPortal,,True,59.8,,,,neutral,neutral,neutral,DOWN,neutral,neutral,stabilizing,,,,96.17,T,-0.24,1.0147,-20.0559,loss_of_function,-1.20323593487484,0.2883,benign,https://doi.org/10.1101/2022.10.22.513328
F1364C,5.2323,3.8017,4.261685448906683,Destabilizing,Destabilizing,0.0,,,0.596,cBioPortal,,True,0.0,,,,neutral,neutral,neutral,DOWN,neutral,neutral,stabilizing,,,,95.38,S,-0.3854,0.2273,-20.0559,loss_of_function,-2.17449167149815,0.9595,pathogenic,https://doi.org/10.1101/2022.10.22.513328
P1365S,0.81735,1.46701,-0.1567972160908309,Neutral,Neutral,52.4,,0.0,0.658,cBioPortal,,True,52.4,,,,neutral,neutral,neutral,DOWN,neutral,neutral,neutral,,,,94.24,-,-0.2653,0.5535,-20.0559,loss_of_function,-0.598820288321397,0.8455,pathogenic,https://doi.org/10.1101/2022.10.22.513328
P1365T,1.69988,1.69116,-0.1969831840105573,Neutral,Neutral,52.4,,,0.753,cBioPortal,,True,52.4,,,,neutral,neutral,neutral,-,uncertain,uncertain,uncertain,,,,94.24,-,-0.2775,0.5535,-20.0559,loss_of_function,-1.20266900786258,0.9056,pathogenic,https://doi.org/10.1101/2022.10.22.513328
K1366E,-0.3431,0.92347,0.0292854871425551,Neutral,Neutral,74.2,,,0.096,"cBioPortal,COSMIC",,True,74.2,,,,neutral,neutral,neutral,DOWN,neutral,neutral,neutral,,,,93.19,H,-0.1374,2.1612,-20.0559,loss_of_function,-1.07925568798864,0.1892,benign,https://doi.org/10.1101/2022.10.22.513328
H1369D,1.62559,1.35272,2.399276373050664,Neutral,Uncertain,29.9,,,,clinvar,,False,29.9,,,,neutral,neutral,neutral,,,,,1679904,Uncertain significance,1,96.17,H,-0.2409,1.0021,-20.0559,loss_of_function,-1.59217442846622,0.6446,pathogenic,https://doi.org/10.1101/2022.10.22.513328
H1369Y,-0.51214,-1.0483,-0.2491064991156233,Neutral,Neutral,29.9,,4.6379177604e-06,0.061,cBioPortal,,False,29.9,,,,neutral,neutral,neutral,UP,neutral,neutral,stabilizing,,,,96.17,H,-0.0648,1.0021,-0.3253,loss_of_function,-0.0532221233086973,0.0586,benign,https://doi.org/10.1101/2022.10.22.513328
E1370K,0.14447,0.92653,0.2239688638260151,Neutral,Neutral,30.0,,4.6700166253e-06,0.168,"cBioPortal,COSMIC",,False,30.0,,,,neutral,neutral,neutral,UP,neutral,neutral,stabilizing,,,,95.95,H,-0.2044,1.3815,-20.0559,loss_of_function,-1.55501234635266,0.5675,pathogenic,https://doi.org/10.1101/2022.10.22.513328
K1373R,-0.18628,-0.3432,0.4501809603964268,Neutral,Neutral,30.8,,,0.147,cBioPortal,,False,30.8,,,,neutral,neutral,neutral,-,uncertain,uncertain,uncertain,,,,97.45,H,-0.0879,0.7482,-2.7682,loss_of_function,-0.0460258102849115,0.0886,benign,https://doi.org/10.1101/2022.10.22.513328
K1373T,1.18571,0.33129,1.2654663235422796,Neutral,Neutral,30.8,,,0.329,cBioPortal,,False,30.8,,,,neutral,neutral,neutral,DOWN,neutral,neutral,neutral,,,,97.45,H,-0.2645,0.7482,-20.0559,loss_of_function,-0.996747418648128,0.896,pathogenic,https://doi.org/10.1101/2022.10.22.513328
Y1374C,2.25454,1.47653,3.0162983517904,Uncertain,Uncertain,34.9,,0.0,0.697,"cBioPortal,COSMIC",,True,34.9,,,,uncertain,,,DOWN,neutral,neutral,neutral,,,,97.62,H,-0.2885,0.6005,-6.7681,loss_of_function,-1.19091130723487,0.6663,pathogenic,https://doi.org/10.1101/2022.10.22.513328
S1377F,-0.20249,-0.41565,-1.254844900273928,Neutral,Neutral,26.3,,,0.193,"cBioPortal,COSMIC",,True,26.3,,,,uncertain,,,UP,neutral,neutral,neutral,,,,97.63,H,-0.1707,1.9206,-20.0559,loss_of_function,-0.347483355521255,0.4581,ambiguous,https://doi.org/10.1101/2022.10.22.513328
S1377Y,0.12861,-0.41837,-1.0353251652887356,Neutral,Neutral,26.3,,,0.197,cBioPortal,,True,26.3,,,,uncertain,,,UP,neutral,neutral,neutral,,,,97.63,H,-0.1755,1.9206,-20.0559,loss_of_function,-1.23875653294345,0.4182,ambiguous,https://doi.org/10.1101/2022.10.22.513328
L1379I,0.79025,1.30306,2.16070991466646,Neutral,Uncertain,0.0,,,0.400,COSMIC,,False,0.0,,,,neutral,neutral,neutral,-,uncertain,uncertain,uncertain,,,,98.08,H,-0.2824,0.0004,-20.0426,loss_of_function,-1.49277230719978,0.9372,pathogenic,https://doi.org/10.1101/2022.10.22.513328
K1381N,1.48637,1.02755,0.6243398484243701,Neutral,Neutral,55.6,,,0.144,cBioPortal,,False,55.6,,,,neutral,neutral,neutral,DOWN,neutral,neutral,destabilizing,,,,96.32,H,-0.2327,1.0528,-20.0426,loss_of_function,-0.45751096495408,0.7445,pathogenic,https://doi.org/10.1101/2022.10.22.513328
N1385S,2.10754,1.56803,1.5277067797270505,Uncertain,Uncertain,42.6,,1.6089975141e-05,0.082,cBioPortal,,False,42.6,,,,neutral,neutral,neutral,DOWN,neutral,neutral,neutral,,,,91.32,T,-0.0166,2.1201,-5.1699,loss_of_function,-0.247455901465713,0.0814,benign,https://doi.org/10.1101/2022.10.22.513328
K1387N,0.61379,0.20374,-0.2301273804704962,Neutral,Neutral,96.6,,,0.099,COSMIC,,False,96.6,,,,neutral,neutral,neutral,DOWN,neutral,neutral,stabilizing,,,,92.54,H,-0.213,1.2661,-20.0426,loss_of_function,-1.09595616172209,0.5181,ambiguous,https://doi.org/10.1101/2022.10.22.513328
L1390F,0.64037,-0.46156,0.309759561196502,Neutral,Neutral,57.9,,,0.150,"cBioPortal,COSMIC",,False,57.9,,,,neutral,neutral,neutral,UP,neutral,neutral,neutral,,,,92.98,-,-0.2081,0.6279,-5.1699,loss_of_function,-0.60751182619522,0.4545,ambiguous,https://doi.org/10.1101/2022.10.22.513328
L1390V,2.62999,3.99932,0.710658269985219,Uncertain,Uncertain,57.9,,,0.172,"cBioPortal,COSMIC",,False,57.9,,,,neutral,neutral,neutral,DOWN,neutral,neutral,neutral,,,,92.98,-,-0.2609,0.6279,-20.0426,loss_of_function,-0.901727771817867,0.6329,pathogenic,https://doi.org/10.1101/2022.10.22.513328
M1391I,1.62349,2.29014,0.0370572780274847,Uncertain,Neutral,0.0,,,0.582,"cBioPortal,COSMIC",,False,0.0,,,,neutral,neutral,neutral,-,uncertain,uncertain,uncertain,,,,95.24,-,-0.3077,0.0004,-20.0426,loss_of_function,-1.39574210723179,0.9995,pathogenic,https://doi.org/10.1101/2022.10.22.513328
M1391V,2.12048,1.6449,0.3502948935139971,Uncertain,Uncertain,0.0,,,0.635,"cBioPortal,COSMIC",,False,0.0,,,,neutral,neutral,neutral,DOWN,neutral,neutral,neutral,,,,95.24,-,-0.3398,0.0004,-20.0426,loss_of_function,-1.39574210723179,0.9954,pathogenic,https://doi.org/10.1101/2022.10.22.513328
S1393N,1.13273,1.23469,-0.1718367399116704,Neutral,Neutral,19.4,,,0.329,cBioPortal,,False,19.4,,,,uncertain,,,UP,neutral,neutral,neutral,,,,95.95,H,-0.207,0.9186,-20.0426,loss_of_function,-2.10981515582129,0.8634,pathogenic,https://doi.org/10.1101/2022.10.22.513328
E1394D,1.72073,1.36599,0.4833336765736046,Neutral,Neutral,64.4,,,0.190,cBioPortal,,False,64.4,,,,neutral,neutral,neutral,DOWN,neutral,neutral,mixed_effects,,,,95.88,H,-0.0935,0.9439,-1.4695,loss_of_function,-0.0606182939071325,0.1765,benign,https://doi.org/10.1101/2022.10.22.513328
N1395S,0.18938,0.36939,0.7927955834039837,Neutral,Neutral,40.4,,,0.465,"cBioPortal,COSMIC",,False,40.4,,,,neutral,neutral,neutral,DOWN,neutral,neutral,neutral,,,,96.38,H,-0.2876,0.0004,-20.0426,loss_of_function,-2.2396045242569,0.9952,pathogenic,https://doi.org/10.1101/2022.10.22.513328
S1397F,20.87246,5.86156,4.9486889796520215,Destabilizing,Destabilizing,0.0,,,0.680,"cBioPortal,COSMIC",,True,0.0,,,,uncertain,,,UP,neutral,neutral,stabilizing,,,,96.77,H,-0.3351,0.1334,-20.0426,loss_of_function,-2.23970818818716,0.9996,pathogenic,https://doi.org/10.1101/2022.10.22.513328
P1402S,2.97219,-2.88197,0.1345390041448207,Uncertain,Uncertain,43.4,,,0.662,cBioPortal,,False,43.4,,,,neutral,neutral,neutral,DOWN,neutral,neutral,neutral,,,,93.17,H,-0.3161,0.0004,-20.0426,loss_of_function,-2.03067031759741,0.9997,pathogenic,https://doi.org/10.1101/2022.10.22.513328
P1402T,2.907,-2.8119,-0.1506617892993894,Uncertain,Uncertain,43.4,,,0.689,"cBioPortal,COSMIC",,False,43.4,,,,neutral,neutral,neutral,-,uncertain,uncertain,uncertain,,,,93.17,H,-0.3283,0.0004,-20.0426,loss_of_function,-2.03067031759741,0.9995,pathogenic,https://doi.org/10.1101/2022.10.22.513328
T1403A,0.4348,0.7102,1.1537811101339994,Neutral,Neutral,18.1,,,0.743,COSMIC,,False,18.1,,,,uncertain,,,DOWN,neutral,neutral,destabilizing,,,,94.26,H,-0.3116,0.0004,-20.0426,loss_of_function,-1.26559102169781,0.9586,pathogenic,https://doi.org/10.1101/2022.10.22.513328
L1404S,4.60007,4.5568,4.18336258321039,Destabilizing,Destabilizing,0.0,,,0.719,"cBioPortal,COSMIC",,False,0.0,,,,neutral,neutral,neutral,DOWN,neutral,neutral,destabilizing,,,,96.55,H,-0.4317,0.0762,-20.0426,loss_of_function,-2.03029318428996,0.9998,pathogenic,https://doi.org/10.1101/2022.10.22.513328
P1407S,2.83561,1.78571,1.3184155457374616,Uncertain,Uncertain,3.2,,,0.240,cBioPortal,,False,3.2,,,,neutral,neutral,neutral,DOWN,neutral,neutral,stabilizing,,,,84.93,-,-0.3161,0.0004,-20.0426,loss_of_function,-1.77131652628562,0.9989,pathogenic,https://doi.org/10.1101/2022.10.22.513328
F1409L,0.94285,0.87347,0.7693499899844322,Neutral,Neutral,44.7,,,0.166,cBioPortal,,True,44.7,,,,neutral,neutral,neutral,DOWN,neutral,neutral,stabilizing,,,,72.08,T,-0.344,0.0004,-20.0292,loss_of_function,-1.17605384195481,0.9998,pathogenic,https://doi.org/10.1101/2022.10.22.513328
M1412T,0.25093,0.42891,0.1447878838165622,Neutral,Neutral,81.8,,,,clinvar,,True,81.8,,,,neutral,neutral,neutral,,,,,1679905,Uncertain significance,1,60.12,H,-0.2315,1.4136,-20.0292,loss_of_function,-1.56642548130232,0.8842,pathogenic,https://doi.org/10.1101/2022.10.22.513328
A1414T,0.27891,0.80034,0.6002085495277742,Neutral,Neutral,12.2,6.39427073342e-05,1.20337908848e-05,0.127,"cBioPortal,COSMIC,clinvar",,True,12.2,,,,neutral,neutral,neutral,UP,neutral,neutral,stabilizing,1679906,Likely benign,1,63.4,H,-0.0753,1.4746,-2.585,loss_of_function,-0.581182189314236,0.7936,pathogenic,https://doi.org/10.1101/2022.10.22.513328
T1418M,0.02135,-0.66156,0.2180801971893864,Neutral,Neutral,39.1,,,0.202,"cBioPortal,COSMIC",,True,39.1,,,,uncertain,,,UP,neutral,neutral,stabilizing,,,,84.78,H,-0.3493,0.0762,-20.0426,loss_of_function,-1.13887441231578,0.9578,pathogenic,https://doi.org/10.1101/2022.10.22.513328
R1419C,1.10302,1.45748,0.8611062725159077,Neutral,Neutral,94.5,,8.0225272565e-06,0.321,"cBioPortal,COSMIC,clinvar",,True,94.5,,,,neutral,neutral,neutral,DOWN,neutral,neutral,neutral,1679910,Uncertain significance,1,88.65,H,-0.3053,1.1107,-20.0426,loss_of_function,-1.87425450826096,0.9605,pathogenic,https://doi.org/10.1101/2022.10.22.513328
I1424N,4.5207,3.03537,3.45378592648954,Destabilizing,Destabilizing,0.1,,,0.572,cBioPortal,,True,0.1,,,,neutral,neutral,neutral,DOWN,neutral,neutral,neutral,,,,96.57,H,-0.356,1.0445,-20.0292,loss_of_function,-1.91908886373084,0.9886,pathogenic,https://doi.org/10.1101/2022.10.22.513328
I1424V,1.16046,0.93844,1.309380004652351,Neutral,Neutral,0.1,,,0.054,"cBioPortal,COSMIC,clinvar",,True,0.1,,,,neutral,neutral,neutral,DOWN,neutral,neutral,neutral,2232114,Uncertain significance,1,96.57,H,-0.0705,1.0445,-1.654,loss_of_function,-0.304807082970855,0.1789,benign,https://doi.org/10.1101/2022.10.22.513328
I1425N,3.11328,3.17925,3.5497936404993817,Destabilizing,Destabilizing,0.0,,,0.578,cBioPortal,,True,0.0,,,,neutral,neutral,neutral,DOWN,neutral,neutral,neutral,,,,97.07,H,-0.3971,0.5983,-20.0292,loss_of_function,-1.27669744651628,0.9965,pathogenic,https://doi.org/10.1101/2022.10.22.513328
E1426Q,0.92409,-0.08027,0.3565077541230771,Neutral,Neutral,26.8,,,0.220,COSMIC,,True,26.8,,,,neutral,neutral,neutral,UP,neutral,neutral,stabilizing,,,,97.16,H,-0.207,0.0768,-6.7413,loss_of_function,-0.901266087572992,0.7649,pathogenic,https://doi.org/10.1101/2022.10.22.513328
L1427F,0.7623,0.66735,0.3936102400955876,Neutral,Neutral,16.6,,,0.089,COSMIC,,True,16.6,,,,neutral,neutral,neutral,UP,neutral,neutral,stabilizing,,,,96.32,H,-0.1642,1.9293,-20.0292,loss_of_function,-1.10753703096045,0.249,benign,https://doi.org/10.1101/2022.10.22.513328
I1429M,1.24115,1.97959,2.25545660382182,Neutral,Uncertain,0.0,,,0.591,"cBioPortal,COSMIC",,True,0.0,,,,neutral,neutral,neutral,-,uncertain,uncertain,uncertain,,,,97.51,H,-0.3058,0.0004,-20.0292,loss_of_function,-1.3635542043578,0.8992,pathogenic,https://doi.org/10.1101/2022.10.22.513328
C1432F,6.06244,0.46429,-0.6935252769796368,Uncertain,Uncertain,3.5,,,0.306,COSMIC,,False,3.5,,,,neutral,neutral,neutral,UP,neutral,neutral,neutral,,,,96.29,H,-0.4271,0.5233,-20.0292,loss_of_function,-1.06481210146696,0.885,pathogenic,https://doi.org/10.1101/2022.10.22.513328
C1432R,0.5074,1.38741,0.9491969039611708,Neutral,Neutral,3.5,,,0.439,"cBioPortal,clinvar",,False,3.5,,,,neutral,neutral,neutral,UP,neutral,neutral,neutral,1727218,Uncertain significance,1,96.29,H,-0.4853,0.5233,-20.0292,loss_of_function,-1.80723618856837,0.9882,pathogenic,https://doi.org/10.1101/2022.10.22.513328
P1433A,1.97549,-2.52143,-0.2716803369084269,Uncertain,Neutral,32.2,,,,clinvar,,False,32.2,,,,neutral,neutral,neutral,,,,,1679907,Likely benign,1,93.85,H,0.0068,2.5169,-2.0841,gain_of_function,-0.0819164002842448,0.0976,benign,https://doi.org/10.1101/2022.10.22.513328
F1434L,0.98846,2.98163,2.5213468820485394,Uncertain,Uncertain,8.6,,,0.087,"cBioPortal,COSMIC",,False,8.6,,,,neutral,neutral,neutral,DOWN,neutral,neutral,neutral,,,,95.36,H,-0.2606,0.9061,-20.0157,loss_of_function,-1.69238947748895,0.9874,pathogenic,https://doi.org/10.1101/2022.10.22.513328
F1436V,4.2904,3.52415,3.733365297708433,Destabilizing,Destabilizing,2.5,,,0.905,cBioPortal,,False,2.5,,,,neutral,neutral,neutral,DOWN,neutral,neutral,stabilizing,,,,95.26,H,-0.376,0.0004,-19.9882,loss_of_function,-2.18683605608869,0.979,pathogenic,https://doi.org/10.1101/2022.10.22.513328
R1439Q,0.54003,-0.67891,0.4795889403719583,Neutral,Neutral,78.0,3.19918100966e-05,6.02225826655e-05,0.072,"cBioPortal,clinvar",,True,78.0,,,,neutral,neutral,neutral,DOWN,neutral,neutral,stabilizing,2411998,Uncertain significance,1,88.56,-,-0.1223,1.6973,-1.4386,loss_of_function,-0.115515916525328,0.0705,benign,https://doi.org/10.1101/2022.10.22.513328
R1439W,0.53734,0.94048,-0.3605004358048097,Neutral,Neutral,78.0,,4.0148710825e-06,0.225,"cBioPortal,COSMIC",,True,78.0,,,,neutral,neutral,neutral,UP,neutral,neutral,neutral,,,,88.56,-,-0.2599,1.6973,-19.9742,loss_of_function,-1.55371352320146,0.1938,benign,https://doi.org/10.1101/2022.10.22.513328
P1440L,1.10549,1.05136,-0.4103578554871329,Neutral,Neutral,89.8,,,0.143,"cBioPortal,COSMIC",,True,89.8,,,,neutral,neutral,neutral,UP,neutral,neutral,neutral,,,,87.18,-,-0.1633,1.395,-5.6293,loss_of_function,-0.459634272099977,0.1165,benign,https://doi.org/10.1101/2022.10.22.513328
T1442A,-0.39224,0.44796,0.3246487879318049,Neutral,Neutral,66.8,,,0.029,cBioPortal,,True,66.8,,,,uncertain,,,DOWN,neutral,neutral,mixed_effects,,,,78.63,-,0.0291,2.6884,-1.7568,gain_of_function,-0.0030152786502285,0.0605,benign,https://doi.org/10.1101/2022.10.22.513328
E1443D,0.1915,-0.46769,0.0865381241307822,Neutral,Neutral,101.0,,,0.188,COSMIC,,True,101.0,,,,neutral,neutral,neutral,DOWN,neutral,neutral,mixed_effects,,,,68.74,-,-0.0736,1.1633,-1.5125,loss_of_function,-0.0287817462361947,0.0556,benign,https://doi.org/10.1101/2022.10.22.513328
