Mutation,"Stability (FoldX5, alphafold, kcal/mol)","Stability (Rosetta Cartddg2020, alphafold, kcal/mol)","Stability (RaSP, alphafold, kcal/mol)","Stability classification, alphafold, (Rosetta, FoldX)","Stability classification, alphafold, (RaSP, FoldX)",Relative Side Chain Solvent Accessibility in wild-type,gnomAD genome allele frequency,gnomAD exome allele frequency,REVEL score,Mutation sources,PTMs,is site part of phospho-SLiM,PTM residue SASA (%),"Change in stability with PTM (FoldX5, kcal/mol)","Change in binding with PTM (FoldX5, kcal/mol)","Change in binding with mutation (FoldX5, kcal/mol)",PTM effect in regulation,PTM effect in stability,PTM effect in function,AlloSigma2 mutation type,AlloSigma2 predicted consequence - active sites,AlloSigma2 predicted consequence - cofactor sites,AlloSigma2 predicted consequence - pockets and interfaces,ClinVar Variation ID,ClinVar Interpretation,ClinVar Review Status,AlphaFold2 model pLDDT score,AlphaFold2 model secondary structure,DeMaSk delta fitness,DeMaSk Shannon entropy,DeMaSk log2 variant frequency,DeMaSk predicted consequence,GEMME Score,EVE score,EVE classification (25% Uncertain),AlphaMissense pathogenicity score,AlphaMissense classification,References
E1006K,0.76251,0.47381,0.759143461057832,Neutral,Neutral,44.6,,,0.363,"cBioPortal,COSMIC",,True,44.6,,,,neutral,neutral,neutral,UP,neutral,neutral,stabilizing,,,,77.52,E,-0.3377,0.0535,-22.2361,loss_of_function,-7.29896555456585,0.92328847799577,Pathogenic,0.9804,pathogenic,https://doi.org/10.1101/2022.10.22.513328
K1010N,1.0451,0.71939,0.5509522409552792,Neutral,Neutral,47.7,,,0.235,cBioPortal,,False,47.7,,,,neutral,neutral,neutral,DOWN,neutral,neutral,destabilizing,,,,85.55,G,-0.2426,1.0667,-22.2361,loss_of_function,-5.68265739384597,0.5886862667740499,Uncertain,0.9823,pathogenic,https://doi.org/10.1101/2022.10.22.513328
L1011F,2.5389,2.80748,2.2098166830496613,Uncertain,Uncertain,0.0,,,0.317,"cBioPortal,COSMIC,clinvar",,False,0.0,,,,neutral,neutral,neutral,UP,neutral,neutral,neutral,452118,Conflicting interpretations of pathogenicity,1,85.12,G,-0.2784,0.8106,-22.2361,loss_of_function,-7.42551061251514,0.9301626748983493,Pathogenic,0.9735,pathogenic,https://doi.org/10.1101/2022.10.22.513328
E1013D,0.35851,0.01327,0.0679751746660117,Neutral,Neutral,77.6,,,0.214,COSMIC,,False,77.6,,,,neutral,neutral,neutral,DOWN,neutral,neutral,neutral,,,,83.42,T,-0.1851,0.165,-5.3634,loss_of_function,-1.20972057968516,0.7218350651344038,Pathogenic,0.4913,ambiguous,https://doi.org/10.1101/2022.10.22.513328
E1013K,0.17505,-0.08231,0.2394462882149428,Neutral,Neutral,77.6,,,0.411,"cBioPortal,COSMIC",,False,77.6,,,,neutral,neutral,neutral,UP,neutral,neutral,neutral,,,,83.42,T,-0.3275,0.165,-22.2361,loss_of_function,-6.78588286506238,0.91639942334786,Pathogenic,0.9701,pathogenic,https://doi.org/10.1101/2022.10.22.513328
E1013V,1.0013,-0.5381,0.2331991412943845,Neutral,Neutral,77.6,,,0.617,"cBioPortal,COSMIC",,False,77.6,,,,neutral,neutral,neutral,-,uncertain,uncertain,uncertain,,,,83.42,T,-0.3187,0.165,-22.2361,loss_of_function,-6.78588286506238,0.887414469145092,Pathogenic,0.9479,pathogenic,https://doi.org/10.1101/2022.10.22.513328
G1015V,7.15828,1.21293,1.134859722307992,Uncertain,Uncertain,75.5,,,0.545,cBioPortal,,False,75.5,,,,neutral,neutral,neutral,UP,neutral,neutral,neutral,,,,79.84,-,-0.4704,0.0001,-22.2361,loss_of_function,-7.66958484899236,0.9299382725441478,Pathogenic,0.9908,pathogenic,https://doi.org/10.1101/2022.10.22.513328
G1016S,0.24813,-0.63163,0.1277564217561455,Neutral,Neutral,130.5,,,,clinvar,,False,130.5,,,,neutral,neutral,neutral,UP,neutral,neutral,destabilizing,1291562,Benign,2,81.31,-,-0.1162,2.002,-4.7784,loss_of_function,-0.27547025315501,2.930113428137899e-09,Benign,0.0656,benign,https://doi.org/10.1101/2022.10.22.513328
E1017K,1.01991,0.54728,0.6129110904087406,Neutral,Neutral,41.0,,,0.432,"cBioPortal,COSMIC,clinvar",,False,41.0,,,,neutral,neutral,neutral,UP,neutral,neutral,neutral,1028992,Uncertain significance,1,84.36,-,-0.3426,0.0001,-22.2361,loss_of_function,-7.66958484899236,0.9161406188848004,Pathogenic,0.9619,pathogenic,https://doi.org/10.1101/2022.10.22.513328
E1017Q,0.80043,0.4449,0.2398529231634499,Neutral,Neutral,41.0,,,0.379,cBioPortal,,False,41.0,,,,neutral,neutral,neutral,UP,neutral,neutral,neutral,,,,84.36,-,-0.2931,0.0001,-22.2361,loss_of_function,-4.60309607872727,0.9345547225484858,Pathogenic,0.8469,pathogenic,https://doi.org/10.1101/2022.10.22.513328
E1019D,0.63774,0.06395,0.0440215663828807,Neutral,Neutral,76.1,,,0.172,"cBioPortal,COSMIC",,False,76.1,,,,neutral,neutral,neutral,DOWN,neutral,neutral,mixed_effects,,,,84.69,H,-0.1481,0.4609,-3.4565,loss_of_function,-1.39683756231601,0.0875520884079137,Benign,0.2218,benign,https://doi.org/10.1101/2022.10.22.513328
E1019G,1.73916,0.83605,0.9167906292970748,Neutral,Neutral,76.1,,,0.547,cBioPortal,,False,76.1,,,,neutral,neutral,neutral,DOWN,neutral,neutral,mixed_effects,,,,84.69,H,-0.2362,0.4609,-8.9482,loss_of_function,-4.76844622499486,0.919146604206298,Pathogenic,0.6287,pathogenic,https://doi.org/10.1101/2022.10.22.513328
E1019K,0.62472,-0.15884,0.2242464658464504,Neutral,Neutral,76.1,,,0.373,cBioPortal,,False,76.1,,,,neutral,neutral,neutral,UP,neutral,neutral,stabilizing,,,,84.69,H,-0.3002,0.4609,-22.2361,loss_of_function,-7.17531284429795,0.8874409158435048,Pathogenic,0.8403,pathogenic,https://doi.org/10.1101/2022.10.22.513328
E1019Q,0.63371,-0.15204,0.4226372612618284,Neutral,Neutral,76.1,,,0.310,"cBioPortal,COSMIC",,False,76.1,,,,neutral,neutral,neutral,UP,neutral,neutral,stabilizing,,,,84.69,H,-0.2507,0.4609,-22.2361,loss_of_function,-4.30665669125723,0.9343988850301383,Pathogenic,0.5932,pathogenic,https://doi.org/10.1101/2022.10.22.513328
R1020K,1.84269,2.78061,2.8722785146388685,Uncertain,Uncertain,2.1,,,0.357,"cBioPortal,COSMIC",,False,2.1,,,,neutral,neutral,neutral,-,uncertain,uncertain,uncertain,,,,91.78,H,-0.3001,0.0001,-22.2361,loss_of_function,-4.60309607872727,0.9231641421308852,Pathogenic,0.9414,pathogenic,https://doi.org/10.1101/2022.10.22.513328
R1020S,2.70356,2.73163,3.278351209614452,Uncertain,Uncertain,2.1,,,0.424,"cBioPortal,COSMIC",,False,2.1,,,,neutral,neutral,neutral,DOWN,neutral,neutral,mixed_effects,,,,91.78,H,-0.4104,0.0001,-22.2361,loss_of_function,-7.66939745147195,0.9341982704096602,Pathogenic,0.9997,pathogenic,https://doi.org/10.1101/2022.10.22.513328
R1020T,2.23404,1.30442,2.7863790942004187,Uncertain,Uncertain,2.1,,,0.646,cBioPortal,,False,2.1,,,,neutral,neutral,neutral,DOWN,neutral,neutral,mixed_effects,,,,91.78,H,-0.4147,0.0001,-22.2361,loss_of_function,-7.66939745147195,0.9211712580850884,Pathogenic,0.9991,pathogenic,https://doi.org/10.1101/2022.10.22.513328
R1020W,6.12901,2.98776,1.873240198291835,Uncertain,Uncertain,2.1,,,,clinvar,,False,2.1,,,,neutral,neutral,neutral,UP,neutral,neutral,neutral,1699033,Pathogenic,1,91.78,H,-0.4276,0.0001,-22.2361,loss_of_function,-7.66939745147195,0.9328547318155026,Pathogenic,0.9956,pathogenic,https://doi.org/10.1101/2022.10.22.513328
K1021E,0.60062,0.85136,0.6930265905332006,Neutral,Neutral,82.0,,,,clinvar,,False,82.0,,,,neutral,neutral,neutral,DOWN,neutral,neutral,destabilizing,975337,Pathogenic,0,85.68,H,-0.3312,0.1757,-22.2361,loss_of_function,-5.59009829589089,0.9329018387881703,Pathogenic,0.9619,pathogenic,https://doi.org/10.1101/2022.10.22.513328
K1021N,1.48891,0.99592,0.8343746749322802,Neutral,Neutral,82.0,,,0.359,cBioPortal,,False,82.0,,,,neutral,neutral,neutral,DOWN,neutral,neutral,destabilizing,,,,85.68,H,-0.3246,0.1757,-22.2361,loss_of_function,-5.59009829589089,0.8258779541540553,Pathogenic,0.9929,pathogenic,https://doi.org/10.1101/2022.10.22.513328
K1021R,0.79918,1.06088,-0.0153268014491392,Neutral,Neutral,82.0,,,,clinvar,,False,82.0,,,,neutral,neutral,neutral,-,uncertain,uncertain,uncertain,2572761,Uncertain significance,1,85.68,H,-0.1532,0.1757,-5.2479,loss_of_function,-1.27961442076753,0.0849463414034015,Benign,0.1338,benign,https://doi.org/10.1101/2022.10.22.513328
M1022V,0.69678,-0.3932,-0.0080327483298608,Neutral,Neutral,75.4,,,0.126,COSMIC,,False,75.4,,,,neutral,neutral,neutral,DOWN,neutral,neutral,neutral,,,,87.05,H,-0.1599,1.1742,-5.9484,loss_of_function,-0.598080211220335,2.6475116919186296e-07,Benign,0.1206,benign,https://doi.org/10.1101/2022.10.22.513328
W1023C,5.88522,6.1932,6.411847288645093,Destabilizing,Destabilizing,5.7,,,0.642,cBioPortal,,False,5.7,,,,neutral,neutral,neutral,DOWN,neutral,neutral,mixed_effects,,,,92.93,H,-0.5124,0.0001,-22.2361,loss_of_function,-7.66958484899236,0.9228185193305344,Pathogenic,0.9998,pathogenic,https://doi.org/10.1101/2022.10.22.513328
W1023G,6.77711,6.71497,7.351193707054735,Destabilizing,Destabilizing,5.7,,,,clinvar,,False,5.7,,,,neutral,neutral,neutral,DOWN,neutral,neutral,mixed_effects,2442202,Likely pathogenic,1,92.93,H,-0.5618,0.0001,-22.2361,loss_of_function,-7.66958484899236,0.9343347867004874,Pathogenic,0.9981,pathogenic,https://doi.org/10.1101/2022.10.22.513328
W1023L,3.46965,3.98571,4.144817670664286,Destabilizing,Destabilizing,5.7,,,0.601,"cBioPortal,COSMIC",,False,5.7,,,,neutral,neutral,neutral,DOWN,neutral,neutral,mixed_effects,,,,92.93,H,-0.524,0.0001,-22.2361,loss_of_function,-7.66958484899236,0.9224321245086472,Pathogenic,0.9879,pathogenic,https://doi.org/10.1101/2022.10.22.513328
W1023R,6.23192,6.15068,5.367031402378923,Destabilizing,Destabilizing,5.7,,,,"COSMIC,clinvar",,False,5.7,,,,neutral,neutral,neutral,DOWN,neutral,neutral,mixed_effects,635055,Pathogenic/Likely pathogenic,2,92.93,H,-0.5604,0.0001,-22.2361,loss_of_function,-7.66958484899236,0.923796184164531,Pathogenic,0.9999,pathogenic,https://doi.org/10.1101/2022.10.22.513328
D1025V,1.52708,1.14932,-0.30594986080756,Neutral,Neutral,56.7,,,0.636,cBioPortal,,True,56.7,,,,neutral,neutral,neutral,UP,neutral,neutral,stabilizing,,,,89.08,H,-0.3938,0.0211,-22.2361,loss_of_function,-6.69094582226093,0.9345913563140016,Pathogenic,0.9923,pathogenic,https://doi.org/10.1101/2022.10.22.513328
R1026C,0.82938,0.82109,1.2842365935056448,Neutral,Neutral,63.3,,3.9769654163e-06,0.606,COSMIC,,True,63.3,,,,neutral,neutral,neutral,DOWN,neutral,neutral,neutral,,,,90.95,H,-0.41,0.0948,-22.2361,loss_of_function,-6.63490304601471,0.9278279647789442,Pathogenic,0.8675,pathogenic,https://doi.org/10.1101/2022.10.22.513328
Y1027C,5.52763,5.02993,5.025654801093286,Destabilizing,Destabilizing,0.0,,,0.600,"cBioPortal,COSMIC",,True,0.0,,,,uncertain,,,DOWN,neutral,neutral,mixed_effects,,,,91.37,H,-0.4037,0.2063,-22.2361,loss_of_function,-7.34047598142033,0.92218512267927,Pathogenic,0.9913,pathogenic,https://doi.org/10.1101/2022.10.22.513328
L1028V,2.12137,1.78061,1.7254987710319964,Uncertain,Uncertain,25.4,,,0.256,cBioPortal,,True,25.4,,,,neutral,neutral,neutral,DOWN,neutral,neutral,destabilizing,,,,89.63,H,-0.3264,0.0381,-22.2361,loss_of_function,-4.03982065919891,0.9346004712090324,Pathogenic,0.6404,pathogenic,https://doi.org/10.1101/2022.10.22.513328
A1029S,0.0537,0.16871,0.4666157996991854,Neutral,Neutral,72.9,,,,cBioPortal,,True,72.9,,,,neutral,neutral,neutral,-,uncertain,uncertain,uncertain,,,,87.73,H,-0.0997,1.276,-4.9484,loss_of_function,-0.342522369492212,0.0003456644443602,Benign,0.0939,benign,https://doi.org/10.1101/2022.10.22.513328
F1030L,1.35494,1.3102,2.4439847632085216,Neutral,Uncertain,4.2,,,0.384,cBioPortal,,True,4.2,,,,neutral,neutral,neutral,DOWN,neutral,neutral,stabilizing,,,,89.19,H,-0.3553,0.0001,-22.2361,loss_of_function,-7.60822817020042,0.9324226942233972,Pathogenic,0.9997,pathogenic,https://doi.org/10.1101/2022.10.22.513328
F1030S,3.44199,3.13946,4.73619015635377,Destabilizing,Destabilizing,4.2,,,0.707,COSMIC,,True,4.2,,,,neutral,neutral,neutral,DOWN,neutral,neutral,stabilizing,,,,89.19,H,-0.4283,0.0001,-22.2361,loss_of_function,-7.60822817020042,0.9329233610609418,Pathogenic,0.9998,pathogenic,https://doi.org/10.1101/2022.10.22.513328
T1031A,0.94975,-0.31667,0.9661429771169644,Neutral,Neutral,9.0,,,0.146,"cBioPortal,COSMIC",,True,9.0,,,,uncertain,,,DOWN,neutral,neutral,stabilizing,,,,86.59,H,-0.0316,2.086,-2.7986,loss_of_function,-0.453573867057254,1.9560846535455605e-05,Benign,0.107,benign,https://doi.org/10.1101/2022.10.22.513328
T1031S,1.35374,1.08571,1.932459689425737,Neutral,Neutral,9.0,,,0.122,cBioPortal,,True,9.0,,,,neutral,,,DOWN,neutral,neutral,stabilizing,,,,86.59,H,-0.0216,2.086,-7.9483,loss_of_function,-0.370969618235188,0.0002363217014492,Benign,0.3059,benign,https://doi.org/10.1101/2022.10.22.513328
E1032G,0.53067,0.57551,0.8344265145762116,Neutral,Neutral,97.8,,,0.607,COSMIC,,True,97.8,,,,neutral,neutral,neutral,DOWN,neutral,neutral,stabilizing,,,,84.91,H,-0.3247,0.2353,-22.2361,loss_of_function,-7.33997195593265,0.9178299216637074,Pathogenic,0.8663,pathogenic,https://doi.org/10.1101/2022.10.22.513328
E1032K,-0.34455,-0.22313,-0.0780921011255314,Neutral,Neutral,97.8,,,0.500,"cBioPortal,COSMIC",,True,97.8,,,,neutral,neutral,neutral,UP,neutral,neutral,neutral,,,,84.91,H,-0.321,0.2353,-22.2361,loss_of_function,-7.33997195593265,0.9270067625847004,Pathogenic,0.932,pathogenic,https://doi.org/10.1101/2022.10.22.513328
E1033D,0.5661,1.21633,0.5801443931518304,Neutral,Neutral,66.6,,,0.358,COSMIC,,True,66.6,,,,neutral,neutral,neutral,DOWN,neutral,neutral,neutral,,,,82.14,H,-0.2844,0.0211,-22.2361,loss_of_function,-2.31928534520734,0.6691395530604127,Uncertain,0.7593,pathogenic,https://doi.org/10.1101/2022.10.22.513328
K1034R,0.08018,0.22109,-0.346897722007225,Neutral,Neutral,63.1,,,0.247,COSMIC,,True,63.1,,,,neutral,neutral,neutral,-,uncertain,uncertain,uncertain,,,,75.26,T,-0.0858,0.7426,-2.2479,loss_of_function,-2.03988375437188,0.0001822279998682,Benign,0.3182,benign,https://doi.org/10.1101/2022.10.22.513328
A1035V,2.57951,4.13231,0.4175516165455761,Uncertain,Uncertain,96.4,,,0.212,"cBioPortal,COSMIC",,True,96.4,,,,neutral,neutral,neutral,UP,neutral,neutral,neutral,,,,70.33,T,-0.1486,0.9423,-7.9483,loss_of_function,-3.47358574661342,0.6426532605843451,Uncertain,0.5647,pathogenic,https://doi.org/10.1101/2022.10.22.513328
M1036I,0.60769,0.25748,0.3002069302293803,Neutral,Neutral,30.3,,,0.284,cBioPortal,,False,30.3,,,,neutral,neutral,neutral,-,uncertain,uncertain,uncertain,,,,70.9,-,-0.1615,0.9194,-7.9483,loss_of_function,-1.48685979881238,0.6582516940528139,Uncertain,0.7844,pathogenic,https://doi.org/10.1101/2022.10.22.513328
M1036V,1.65319,1.30034,0.7117899998276719,Neutral,Neutral,30.3,,,0.310,"cBioPortal,COSMIC",,False,30.3,,,,neutral,neutral,neutral,DOWN,neutral,neutral,mixed_effects,,,,70.9,-,-0.2664,0.9194,-22.2361,loss_of_function,-4.38721087263496,0.855726253530148,Pathogenic,0.2122,benign,https://doi.org/10.1101/2022.10.22.513328
G1037D,0.52079,-0.60782,-0.3193169877635915,Neutral,Neutral,122.1,,,0.340,cBioPortal,,False,122.1,,,,neutral,neutral,neutral,UP,neutral,neutral,stabilizing,,,,64.95,-,-0.2946,0.8861,-8.9482,loss_of_function,-3.50859945692426,0.5120684172989678,Uncertain,0.945,pathogenic,https://doi.org/10.1101/2022.10.22.513328
M1038L,0.87811,-0.6381,-0.2191588705617986,Neutral,Neutral,21.3,,,0.203,cBioPortal,,False,21.3,,,,neutral,neutral,neutral,-,uncertain,uncertain,uncertain,,,,69.02,-,-0.1314,0.8318,-6.9483,loss_of_function,-1.52570531626624,0.2444265167056708,Benign,0.4582,ambiguous,https://doi.org/10.1101/2022.10.22.513328
A1043T,-0.49782,-0.33197,-0.1227338930289956,Neutral,Neutral,52.2,,,0.364,cBioPortal,,False,52.2,,,,neutral,neutral,neutral,UP,neutral,neutral,neutral,,,,83.47,E,-0.3112,0.0001,-22.2361,loss_of_function,-2.78443069969803,0.8714505293378569,Pathogenic,0.9606,pathogenic,https://doi.org/10.1101/2022.10.22.513328
V1044L,0.39409,4.43741,1.419477994237787,Uncertain,Neutral,2.2,,,0.423,cBioPortal,,False,2.2,,,,neutral,neutral,neutral,UP,neutral,neutral,neutral,,,,82.03,E,-0.3516,0.0001,-22.2361,loss_of_function,-4.55568418911638,0.9344555708872578,Pathogenic,0.9952,pathogenic,https://doi.org/10.1101/2022.10.22.513328
V1044M,3.50244,6.68231,2.385348068022922,Destabilizing,Uncertain,2.2,,,0.417,cBioPortal,,False,2.2,,,,neutral,neutral,neutral,UP,neutral,neutral,neutral,,,,82.03,E,-0.3607,0.0001,-22.2361,loss_of_function,-4.55568418911638,0.9072077450361524,Pathogenic,0.9941,pathogenic,https://doi.org/10.1101/2022.10.22.513328
G1045S,0.85377,0.50714,0.3429120104865046,Neutral,Neutral,102.2,,,0.377,COSMIC,,False,102.2,,,,neutral,neutral,neutral,UP,neutral,neutral,neutral,,,,73.63,T,-0.3895,0.0001,-22.2361,loss_of_function,-5.28935898083545,0.8944441205846627,Pathogenic,0.9911,pathogenic,https://doi.org/10.1101/2022.10.22.513328
R1046K,0.19584,-0.43367,-0.2231867968357259,Neutral,Neutral,104.2,,,0.250,"cBioPortal,COSMIC",,False,104.2,,,,neutral,neutral,neutral,-,uncertain,uncertain,uncertain,,,,72.71,T,-0.1289,0.7502,-2.2205,loss_of_function,-1.99089928334395,7.721206801456008e-06,Benign,0.692,pathogenic,https://doi.org/10.1101/2022.10.22.513328
R1046T,1.52011,0.29694,0.2090682485715639,Neutral,Neutral,104.2,,,0.349,cBioPortal,,False,104.2,,,,neutral,neutral,neutral,DOWN,neutral,neutral,stabilizing,,,,72.71,T,-0.3457,0.7502,-22.2361,loss_of_function,-7.16812417985392,0.9277828896503372,Pathogenic,0.9985,pathogenic,https://doi.org/10.1101/2022.10.22.513328
K1047I,1.20171,-0.65204,0.0681739353925786,Neutral,Neutral,52.3,,,0.626,cBioPortal,,False,52.3,,,,neutral,neutral,neutral,-,uncertain,uncertain,uncertain,,,,81.16,E,-0.3521,0.0948,-22.2361,loss_of_function,-7.53018230546988,0.8880987861277589,Pathogenic,0.9938,pathogenic,https://doi.org/10.1101/2022.10.22.513328
P1048H,1.96093,1.60238,0.2016387909297745,Neutral,Neutral,35.9,,,0.644,COSMIC,,False,35.9,,,,neutral,neutral,neutral,UP,neutral,neutral,neutral,,,,83.22,E,-0.3664,0.0001,-22.2361,loss_of_function,-7.4633016337749,0.9329659738774404,Pathogenic,0.9986,pathogenic,https://doi.org/10.1101/2022.10.22.513328
P1048S,2.1109,0.97517,0.4548842016620069,Uncertain,Uncertain,35.9,,,0.437,"cBioPortal,COSMIC",,False,35.9,,,,neutral,neutral,neutral,DOWN,neutral,neutral,neutral,,,,83.22,E,-0.3274,0.0001,-22.2361,loss_of_function,-6.01545415640823,0.9324226942233972,Pathogenic,0.9936,pathogenic,https://doi.org/10.1101/2022.10.22.513328
L1049R,5.14327,6.5034,4.237338460576198,Destabilizing,Destabilizing,1.6,,,,clinvar,,False,1.6,,,,neutral,neutral,neutral,UP,neutral,neutral,neutral,1177344,Likely pathogenic,1,88.85,-,-0.4997,0.0001,-22.2361,loss_of_function,-7.59077350552408,0.9264993067259492,Pathogenic,0.996,pathogenic,https://doi.org/10.1101/2022.10.22.513328
L1049V,1.32936,1.78299,1.319667942081682,Neutral,Neutral,1.6,,,0.267,"cBioPortal,COSMIC",,False,1.6,,,,neutral,neutral,neutral,DOWN,neutral,neutral,mixed_effects,,,,88.85,-,-0.3299,0.0001,-22.2361,loss_of_function,-2.84649012118332,0.4908236049048916,Uncertain,0.8515,pathogenic,https://doi.org/10.1101/2022.10.22.513328
D1050E,2.03105,2.55544,2.29305084069613,Uncertain,Uncertain,16.9,,,0.737,cBioPortal,,False,16.9,,,,neutral,neutral,neutral,UP,neutral,neutral,neutral,,,,91.73,-,-0.2936,0.0001,-22.2361,loss_of_function,-4.60309607872727,0.9224847802951388,Pathogenic,0.9942,pathogenic,https://doi.org/10.1101/2022.10.22.513328
D1050G,3.62706,4.96293,2.967848215413269,Destabilizing,Uncertain,16.9,,,0.869,"cBioPortal,COSMIC",,False,16.9,,,,neutral,neutral,neutral,DOWN,neutral,neutral,stabilizing,,,,91.73,-,-0.3598,0.0001,-22.2361,loss_of_function,-7.6697721587593,0.9230623037560052,Pathogenic,0.9993,pathogenic,https://doi.org/10.1101/2022.10.22.513328
D1050N,2.96829,1.47789,1.6472268495725364,Uncertain,Uncertain,16.9,,,0.513,"cBioPortal,COSMIC",,False,16.9,,,,neutral,neutral,neutral,-,uncertain,uncertain,uncertain,,,,91.73,-,-0.3154,0.0001,-22.2361,loss_of_function,-4.60309607872727,0.9346185250729744,Pathogenic,0.9945,pathogenic,https://doi.org/10.1101/2022.10.22.513328
D1050Y,3.54965,1.66429,2.136308504560168,Uncertain,Uncertain,16.9,,,0.829,"COSMIC,clinvar",,False,16.9,,,,neutral,neutral,neutral,UP,neutral,neutral,neutral,689740,Likely pathogenic,1,91.73,-,-0.3937,0.0001,-22.2361,loss_of_function,-7.6697721587593,0.9318118427774612,Pathogenic,0.9971,pathogenic,https://doi.org/10.1101/2022.10.22.513328
L1051F,4.66119,5.14252,2.223753735536437,Destabilizing,Uncertain,0.0,,,0.787,cBioPortal,,False,0.0,,,,neutral,neutral,neutral,UP,neutral,neutral,neutral,,,,92.05,H,-0.3529,0.0001,-22.2361,loss_of_function,-7.6697721587593,0.9333679331503324,Pathogenic,0.9938,pathogenic,https://doi.org/10.1101/2022.10.22.513328
L1051R,7.26109,6.34014,4.830430468915077,Destabilizing,Destabilizing,0.0,,,0.926,"cBioPortal,COSMIC",,False,0.0,,,,neutral,neutral,neutral,UP,neutral,neutral,neutral,,,,92.05,H,-0.4997,0.0001,-22.2361,loss_of_function,-7.6697721587593,0.9344963389149404,Pathogenic,0.9991,pathogenic,https://doi.org/10.1101/2022.10.22.513328
Y1052C,4.02842,2.60238,3.956199872850672,Uncertain,Destabilizing,10.8,,,0.629,cBioPortal,,False,10.8,,,,uncertain,,,DOWN,neutral,neutral,mixed_effects,,,,93.59,H,-0.3296,1.012,-22.2361,loss_of_function,-2.58167206350766,8.369971812448287e-08,Benign,0.4279,ambiguous,https://doi.org/10.1101/2022.10.22.513328
Y1052S,5.07516,3.65544,4.474355119758932,Destabilizing,Destabilizing,10.8,,,,clinvar,,False,10.8,,,,uncertain,,,DOWN,neutral,neutral,mixed_effects,1700160,Likely pathogenic,1,93.59,H,-0.3636,1.012,-22.2361,loss_of_function,-4.12179782881351,0.0604328894034837,Benign,0.9578,pathogenic,https://doi.org/10.1101/2022.10.22.513328
R1053C,1.96529,0.72789,2.0269061587997,Neutral,Uncertain,61.0,,,0.529,"cBioPortal,COSMIC",,True,61.0,,,,neutral,neutral,neutral,DOWN,neutral,neutral,mixed_effects,,,,92.71,H,-0.3406,0.1125,-8.9482,loss_of_function,-6.53809313722671,0.9154383716954272,Pathogenic,0.7653,pathogenic,https://doi.org/10.1101/2022.10.22.513328
R1053H,1.67689,0.39354,0.8210512749275969,Neutral,Neutral,61.0,3.18532203606e-05,7.9604524721e-06,0.619,"cBioPortal,COSMIC,clinvar",,True,61.0,,,,neutral,neutral,neutral,DOWN,neutral,neutral,mixed_effects,1676893,Uncertain significance,1,92.71,H,-0.3693,0.1125,-22.2361,loss_of_function,-6.53809313722671,0.8799002419160644,Pathogenic,0.5409,ambiguous,https://doi.org/10.1101/2022.10.22.513328
L1054R,10.04039,6.32211,5.019858396732652,Destabilizing,Destabilizing,0.0,,,0.880,cBioPortal,,True,0.0,,,,neutral,neutral,neutral,UP,neutral,neutral,mixed_effects,,,,93.48,H,-0.4997,0.0001,-22.2361,loss_of_function,-7.66864698220866,0.9248419558316204,Pathogenic,0.9993,pathogenic,https://doi.org/10.1101/2022.10.22.513328
Y1055C,4.41667,4.65884,3.8899011701363615,Destabilizing,Destabilizing,5.5,,,0.804,COSMIC,P,True,5.5,3.838,,,uncertain,neutral,uncertain,DOWN,neutral,neutral,mixed_effects,,,,94.11,H,-0.4227,0.0001,-22.2361,loss_of_function,-7.6697721587593,0.9182473899859404,Pathogenic,0.9912,pathogenic,https://doi.org/10.1101/2022.10.22.513328
Y1055F,0.05723,-0.04558,-0.2039864554686099,Neutral,Neutral,5.5,,,,clinvar,P,True,5.5,3.838,,,uncertain,damaging,uncertain,-,uncertain,uncertain,uncertain,2130822,Uncertain significance,1,94.11,H,-0.2895,0.0001,-22.2361,loss_of_function,-4.60309607872727,0.9132594135480864,Pathogenic,0.6597,pathogenic,https://doi.org/10.1101/2022.10.22.513328
Y1055H,2.02566,2.24864,2.055230289953782,Uncertain,Uncertain,5.5,,,0.559,COSMIC,P,True,5.5,3.838,,,uncertain,uncertain,uncertain,DOWN,neutral,neutral,mixed_effects,,,,94.11,H,-0.3597,0.0001,-22.2361,loss_of_function,-4.60309607872727,0.930783555193512,Pathogenic,0.9943,pathogenic,https://doi.org/10.1101/2022.10.22.513328
S1057F,-2.54136,-1.84932,-1.0264963549496164,Uncertain,Uncertain,30.5,,,0.421,cBioPortal,P,True,30.5,1.006,,,damaging,uncertain,potentially_damaging,UP,neutral,neutral,mixed_effects,,,,92.66,H,-0.2892,0.754,-22.2361,loss_of_function,-6.37041185254498,0.7299056071547274,Pathogenic,0.9281,pathogenic,https://doi.org/10.1101/2022.10.22.513328
S1057P,1.02678,9.47381,5.913489220373709,Uncertain,Uncertain,30.5,,,0.549,"cBioPortal,COSMIC,clinvar",P,True,30.5,1.006,,,damaging,neutral,potentially_damaging,UP,neutral,neutral,mixed_effects,1176188,Likely pathogenic,2,92.66,H,-0.3645,0.754,-22.2361,loss_of_function,-6.37041185254498,0.7311255560597152,Pathogenic,0.9985,pathogenic,https://doi.org/10.1101/2022.10.22.513328
V1058A,2.11195,3.00408,3.381284402060809,Uncertain,Uncertain,0.0,,,0.547,"cBioPortal,COSMIC",,True,0.0,,,,neutral,neutral,neutral,DOWN,neutral,neutral,stabilizing,,,,93.45,H,-0.2746,0.0381,-7.9483,loss_of_function,-4.90392793537581,0.9264932586954144,Pathogenic,0.9755,pathogenic,https://doi.org/10.1101/2022.10.22.513328
V1058G,3.66778,5.14286,5.879201877465202,Destabilizing,Destabilizing,0.0,,,0.728,cBioPortal,,True,0.0,,,,neutral,neutral,neutral,DOWN,neutral,neutral,stabilizing,,,,93.45,H,-0.4733,0.0381,-22.2361,loss_of_function,-7.66789510228803,0.9271420494059764,Pathogenic,0.9909,pathogenic,https://doi.org/10.1101/2022.10.22.513328
E1060D,0.81358,0.07279,0.4782848189898098,Neutral,Neutral,76.1,,,0.120,cBioPortal,,False,76.1,,,,neutral,neutral,neutral,DOWN,neutral,neutral,stabilizing,,,,90.85,T,-0.1801,0.2518,-5.9484,loss_of_function,-1.03568189046132,0.0009462172706821,Benign,0.1909,benign,https://doi.org/10.1101/2022.10.22.513328
G1062D,4.42794,1.74422,1.18367314733722,Uncertain,Uncertain,88.9,,,0.932,"cBioPortal,COSMIC",,False,88.9,,,,neutral,neutral,neutral,UP,neutral,neutral,stabilizing,,,,86.68,T,-0.4439,0.0001,-22.2361,loss_of_function,-7.66958484899236,0.934594692738865,Pathogenic,0.9994,pathogenic,https://doi.org/10.1101/2022.10.22.513328
G1062V,8.00402,5.5466,3.0824919675898443,Destabilizing,Destabilizing,88.9,,,,clinvar,,False,88.9,,,,neutral,neutral,neutral,UP,neutral,neutral,stabilizing,2446550,Pathogenic,1,86.68,T,-0.4704,0.0001,-22.2361,loss_of_function,-7.66958484899236,0.9342967211788488,Pathogenic,0.9992,pathogenic,https://doi.org/10.1101/2022.10.22.513328
G1063E,4.71925,5.01735,2.94615883155948,Destabilizing,Uncertain,25.8,,,0.921,cBioPortal,,False,25.8,,,,neutral,neutral,neutral,UP,neutral,neutral,stabilizing,,,,90.55,H,-0.4334,0.1074,-22.2361,loss_of_function,-7.56628445997167,0.9337114539175372,Pathogenic,0.9991,pathogenic,https://doi.org/10.1101/2022.10.22.513328
G1063V,5.36532,7.3432,3.108979909293277,Destabilizing,Destabilizing,25.8,,,0.917,"cBioPortal,COSMIC",,False,25.8,,,,neutral,neutral,neutral,UP,neutral,neutral,stabilizing,,,,90.55,H,-0.4605,0.1074,-22.2361,loss_of_function,-7.56628445997167,0.8551150306194752,Pathogenic,0.995,pathogenic,https://doi.org/10.1101/2022.10.22.513328
L1064F,0.56267,0.43878,0.5894285049999537,Neutral,Neutral,11.6,,,,COSMIC,,False,11.6,,,,neutral,neutral,neutral,UP,neutral,neutral,mixed_effects,,,,91.13,H,-0.1856,0.821,-4.2479,loss_of_function,-2.37542490541309,0.6555092141678562,Uncertain,0.8893,pathogenic,https://doi.org/10.1101/2022.10.22.513328
T1065A,-0.28311,-0.07959,0.1064735068186301,Neutral,Neutral,102.0,,3.9871454431e-06,0.178,cBioPortal,P,False,102.0,-0.5,,,damaging,neutral,uncertain,DOWN,neutral,neutral,stabilizing,,,,89.27,H,-0.114,1.1354,-1.7972,loss_of_function,-1.31047640160392,9.112950132214403e-08,Benign,0.4092,ambiguous,https://doi.org/10.1101/2022.10.22.513328
Q1066R,-0.40621,0.84116,-0.2674504421436957,Neutral,Neutral,49.2,,,0.429,COSMIC,,False,49.2,,,,neutral,neutral,neutral,UP,neutral,neutral,stabilizing,,,,90.46,H,-0.3267,0.0533,-22.2448,loss_of_function,-6.20942335911767,0.9343939476042028,Pathogenic,0.975,pathogenic,https://doi.org/10.1101/2022.10.22.513328
V1067F,12.10432,4.64728,5.547785759992882,Destabilizing,Destabilizing,0.0,,,0.790,cBioPortal,,False,0.0,,,,neutral,neutral,neutral,UP,neutral,neutral,neutral,,,,92.09,H,-0.4282,0.0001,-22.2448,loss_of_function,-7.59077350552408,0.9298029740081342,Pathogenic,0.999,pathogenic,https://doi.org/10.1101/2022.10.22.513328
N1068K,0.27841,1.21395,0.9459767506769892,Neutral,Neutral,33.6,,,,clinvar,,False,33.6,,,,neutral,neutral,neutral,UP,neutral,neutral,neutral,1304812,Uncertain significance,1,92.33,H,-0.318,0.1533,-22.2448,loss_of_function,-7.50849290976781,0.9304757781282056,Pathogenic,0.9993,pathogenic,https://doi.org/10.1101/2022.10.22.513328
K1069R,-0.13313,-0.15238,-0.2473098703281123,Neutral,Neutral,86.3,,,,clinvar,,False,86.3,,,,neutral,neutral,neutral,-,uncertain,uncertain,uncertain,2429724,Uncertain significance,1,90.45,H,-0.2561,0.0001,-22.2448,loss_of_function,-4.60309607872727,0.9341729441134248,Pathogenic,0.7185,pathogenic,https://doi.org/10.1101/2022.10.22.513328
K1072N,0.52758,0.71769,0.3933051948195004,Neutral,Neutral,41.6,,,0.489,cBioPortal,,False,41.6,,,,neutral,neutral,neutral,DOWN,neutral,neutral,stabilizing,,,,93.29,T,-0.3408,0.0001,-22.2448,loss_of_function,-6.79106954992044,0.8680119119025715,Pathogenic,0.9982,pathogenic,https://doi.org/10.1101/2022.10.22.513328
K1072T,1.42438,1.24592,0.2124335294766244,Neutral,Neutral,41.6,,,0.563,cBioPortal,,False,41.6,,,,neutral,neutral,neutral,DOWN,neutral,neutral,stabilizing,,,,93.29,T,-0.3445,0.0001,-22.2448,loss_of_function,-7.66995938085493,0.918674323921657,Pathogenic,0.9939,pathogenic,https://doi.org/10.1101/2022.10.22.513328
W1073R,4.73372,5.53197,5.234153900337755,Destabilizing,Destabilizing,9.1,,,,clinvar,,False,9.1,,,,neutral,neutral,neutral,DOWN,neutral,neutral,mixed_effects,1709331,Uncertain significance,1,93.48,H,-0.5604,0.0001,-22.2448,loss_of_function,-7.67164044800353,0.9253068881856176,Pathogenic,1.0,pathogenic,https://doi.org/10.1101/2022.10.22.513328
R1074L,-0.11338,-0.13673,-0.0641650981202818,Neutral,Neutral,67.1,,,0.527,"cBioPortal,COSMIC",,False,67.1,,,,neutral,neutral,neutral,DOWN,neutral,neutral,neutral,,,,91.25,H,-0.4123,0.0001,-22.2448,loss_of_function,-7.41473063639973,0.932919771464524,Pathogenic,0.9994,pathogenic,https://doi.org/10.1101/2022.10.22.513328
R1074Q,0.4871,0.51599,0.7679928516641262,Neutral,Neutral,67.1,,,0.351,"cBioPortal,COSMIC",,False,67.1,,,,neutral,neutral,neutral,DOWN,neutral,neutral,neutral,,,,91.25,H,-0.3846,0.0001,-22.2448,loss_of_function,-7.41473063639973,0.9157826332448792,Pathogenic,0.9986,pathogenic,https://doi.org/10.1101/2022.10.22.513328
R1074W,1.67543,1.11565,-0.2887673786426775,Neutral,Neutral,67.1,,,0.424,"cBioPortal,COSMIC,clinvar",,False,67.1,,,,neutral,neutral,neutral,UP,neutral,neutral,neutral,1327742,Uncertain significance,1,91.25,H,-0.4276,0.0001,-22.2448,loss_of_function,-6.61065218106297,0.9128765272478998,Pathogenic,0.9992,pathogenic,https://doi.org/10.1101/2022.10.22.513328
L1076R,2.89482,3.60952,4.464631345114558,Uncertain,Uncertain,1.8,,,0.806,cBioPortal,,False,1.8,,,,neutral,neutral,neutral,UP,neutral,neutral,neutral,,,,91.66,H,-0.4888,0.119,-22.2448,loss_of_function,-7.29974319818166,0.9219920585586816,Pathogenic,0.9971,pathogenic,https://doi.org/10.1101/2022.10.22.513328
A1077E,10.87118,9.26939,4.361817849295671,Destabilizing,Destabilizing,0.0,,,0.745,"cBioPortal,COSMIC,clinvar",,False,0.0,,,,neutral,neutral,neutral,UP,neutral,neutral,neutral,1182296,Pathogenic/Likely pathogenic,2,90.07,H,-0.3683,0.4316,-22.2448,loss_of_function,-6.56094627754593,0.927126204061388,Pathogenic,0.9992,pathogenic,https://doi.org/10.1101/2022.10.22.513328
A1077G,1.85392,2.54694,2.674981988110109,Uncertain,Uncertain,0.0,,,0.453,"cBioPortal,COSMIC",,False,0.0,,,,neutral,neutral,neutral,DOWN,neutral,neutral,neutral,,,,90.07,H,-0.2944,0.4316,-22.2448,loss_of_function,-6.56094627754593,0.9345634679933909,Pathogenic,0.9192,pathogenic,https://doi.org/10.1101/2022.10.22.513328
A1077T,1.9768,2.99694,1.4994247427991254,Uncertain,Neutral,0.0,,,0.438,COSMIC,,False,0.0,,,,neutral,neutral,neutral,UP,neutral,neutral,neutral,,,,90.07,H,-0.2716,0.4316,-22.2448,loss_of_function,-2.86014006143678,0.8307118636381869,Pathogenic,0.9864,pathogenic,https://doi.org/10.1101/2022.10.22.513328
N1079I,-1.10361,-0.61871,-0.3272007599756982,Neutral,Neutral,80.9,,,0.318,cBioPortal,,False,80.9,,,,neutral,neutral,neutral,UP,neutral,neutral,neutral,,,,86.13,H,-0.2576,1.3219,-22.2448,loss_of_function,-2.89063197259965,0.1107316791919309,Benign,0.6124,pathogenic,https://doi.org/10.1101/2022.10.22.513328
N1079Y,-0.52222,-0.27993,-0.2580739023514922,Neutral,Neutral,80.9,,,0.307,cBioPortal,,False,80.9,,,,neutral,neutral,neutral,UP,neutral,neutral,neutral,,,,86.13,H,-0.248,1.3219,-22.2448,loss_of_function,-3.71542990375429,0.8575377034264318,Pathogenic,0.658,pathogenic,https://doi.org/10.1101/2022.10.22.513328
L1080I,1.33279,1.60476,0.9158492333576232,Neutral,Neutral,11.0,,,0.495,COSMIC,,False,11.0,,,,neutral,neutral,neutral,-,uncertain,uncertain,uncertain,,,,85.94,T,-0.2936,0.0001,-22.2448,loss_of_function,-4.21341328660712,0.9099079871458606,Pathogenic,0.9278,pathogenic,https://doi.org/10.1101/2022.10.22.513328
N1081S,1.18175,0.83673,0.8490053895659146,Neutral,Neutral,95.7,,,,clinvar,,False,95.7,,,,neutral,neutral,neutral,DOWN,neutral,neutral,neutral,2073050,Benign,1,85.12,T,-0.2132,0.1064,-7.3721,loss_of_function,-2.62585403957145,0.0188535885092149,Benign,0.1418,benign,https://doi.org/10.1101/2022.10.22.513328
V1082G,4.22551,3.79932,3.657155405919444,Destabilizing,Destabilizing,3.7,,,0.724,cBioPortal,,False,3.7,,,,neutral,neutral,neutral,DOWN,neutral,neutral,stabilizing,,,,81.23,S,-0.4768,0.0001,-22.2448,loss_of_function,-7.6164046367779,0.9251468023403748,Pathogenic,0.997,pathogenic,https://doi.org/10.1101/2022.10.22.513328
G1083C,3.06491,4.51735,1.6921168783362728,Destabilizing,Uncertain,84.0,,,0.516,"cBioPortal,COSMIC",,False,84.0,,,,neutral,neutral,neutral,UP,neutral,neutral,neutral,,,,80.62,-,-0.4434,0.0001,-22.2448,loss_of_function,-7.67182679787878,0.9232452316023624,Pathogenic,0.9994,pathogenic,https://doi.org/10.1101/2022.10.22.513328
T1084A,-0.26259,0.17381,0.4464316770435489,Neutral,Neutral,83.7,,,0.367,cBioPortal,,False,83.7,,,,uncertain,,,DOWN,neutral,neutral,stabilizing,,,,80.71,S,-0.3209,0.021,-22.2448,loss_of_function,-4.60309607872727,0.9329518361794256,Pathogenic,0.9962,pathogenic,https://doi.org/10.1101/2022.10.22.513328
S1085P,1.66487,4.04694,1.6915020506299965,Uncertain,Neutral,67.3,,,0.520,cBioPortal,,False,67.3,,,,uncertain,,,UP,neutral,neutral,neutral,,,,81.35,S,-0.434,0.0001,-22.2448,loss_of_function,-7.67182679787878,0.8904015227319447,Pathogenic,0.9992,pathogenic,https://doi.org/10.1101/2022.10.22.513328
A1088G,1.32788,2.08401,1.9194916250199607,Uncertain,Neutral,13.1,,,,clinvar,,True,13.1,,,,neutral,neutral,neutral,DOWN,neutral,neutral,destabilizing,2295537,Uncertain significance,1,86.51,H,-0.3341,0.0001,-22.2448,loss_of_function,-6.74934523911721,0.9304643519203976,Pathogenic,0.9906,pathogenic,https://doi.org/10.1101/2022.10.22.513328
A1088T,-0.09955,1.85,0.886028535203995,Neutral,Neutral,13.1,,,0.478,cBioPortal,,True,13.1,,,,neutral,neutral,neutral,UP,neutral,neutral,neutral,,,,86.51,H,-0.3113,0.0001,-22.2448,loss_of_function,-2.93002125040118,0.9242135170654128,Pathogenic,0.9949,pathogenic,https://doi.org/10.1101/2022.10.22.513328
A1089T,2.62226,2.74048,1.1765930752735536,Uncertain,Uncertain,11.6,,,0.616,"cBioPortal,COSMIC",,True,11.6,,,,neutral,neutral,neutral,UP,neutral,neutral,stabilizing,,,,89.81,H,-0.3113,0.0001,-22.2448,loss_of_function,-4.60309607872727,0.9097866083398768,Pathogenic,0.9976,pathogenic,https://doi.org/10.1101/2022.10.22.513328
S1090I,0.19624,-0.55238,-0.8380921262417412,Neutral,Neutral,79.0,,,0.558,"cBioPortal,COSMIC",,True,79.0,,,,uncertain,,,UP,neutral,neutral,stabilizing,,,,89.72,H,-0.3617,0.0001,-22.2448,loss_of_function,-7.67089417913035,0.9133300365250528,Pathogenic,0.9995,pathogenic,https://doi.org/10.1101/2022.10.22.513328
S1091F,-1.86645,-0.32347,-1.084737397582087,Neutral,Neutral,56.7,,,0.564,"cBioPortal,COSMIC",P,True,56.7,-0.665,,,damaging,neutral,potentially_damaging,UP,neutral,neutral,stabilizing,,,,91.38,H,-0.3586,0.0001,-22.2448,loss_of_function,-6.9689181829664,0.9317311025789976,Pathogenic,0.9992,pathogenic,https://doi.org/10.1101/2022.10.22.513328
L1092F,3.98175,5.00374,3.481851925712769,Destabilizing,Destabilizing,0.0,,,0.699,"cBioPortal,COSMIC,clinvar",,True,0.0,,,,neutral,neutral,neutral,UP,neutral,neutral,neutral,1028994,Uncertain significance,1,92.91,H,-0.353,0.0001,-22.2448,loss_of_function,-7.67182679787878,0.862647235353843,Pathogenic,0.9992,pathogenic,https://doi.org/10.1101/2022.10.22.513328
L1092S,5.56734,5.09558,5.0370074279075325,Destabilizing,Destabilizing,0.0,,,0.841,cBioPortal,,True,0.0,,,,neutral,neutral,neutral,DOWN,neutral,neutral,stabilizing,,,,92.91,H,-0.4499,0.0001,-22.2448,loss_of_function,-7.67182679787878,0.8284292422832578,Pathogenic,0.9999,pathogenic,https://doi.org/10.1101/2022.10.22.513328
Y1096C,5.04363,5.12075,3.777391045494719,Destabilizing,Destabilizing,0.2,,,,clinvar,,True,0.2,,,,uncertain,,,DOWN,neutral,neutral,neutral,2500289,Likely pathogenic,1,94.24,H,-0.4227,0.0001,-22.2448,loss_of_function,-7.67182679787878,0.9325514086205045,Pathogenic,0.9982,pathogenic,https://doi.org/10.1101/2022.10.22.513328
Y1096H,4.1136,2.90714,2.604611240818467,Uncertain,Uncertain,0.2,,,0.804,cBioPortal,,True,0.2,,,,uncertain,,,DOWN,neutral,neutral,neutral,,,,94.24,H,-0.3598,0.0001,-22.2448,loss_of_function,-4.60309607872727,0.906191646893754,Pathogenic,0.9994,pathogenic,https://doi.org/10.1101/2022.10.22.513328
Y1096S,5.40097,6.06565,4.729963234271054,Destabilizing,Destabilizing,0.2,,,0.773,cBioPortal,,True,0.2,,,,uncertain,,,DOWN,neutral,neutral,neutral,,,,94.24,H,-0.4568,0.0001,-22.2448,loss_of_function,-7.67182679787878,0.9113342358297436,Pathogenic,0.9984,pathogenic,https://doi.org/10.1101/2022.10.22.513328
L1100F,9.72807,4.68503,2.748788312385949,Destabilizing,Uncertain,0.0,,,0.727,cBioPortal,,False,0.0,,,,neutral,neutral,neutral,UP,neutral,neutral,neutral,,,,92.58,I,-0.353,0.0001,-22.2448,loss_of_function,-7.67182679787878,0.8899463424170431,Pathogenic,0.9951,pathogenic,https://doi.org/10.1101/2022.10.22.513328
L1100H,8.71604,4.62143,3.5233433356605337,Destabilizing,Destabilizing,0.0,,,,clinvar,,False,0.0,,,,neutral,neutral,neutral,DOWN,neutral,neutral,neutral,2499384,Uncertain significance,1,92.58,I,-0.4619,0.0001,-22.2448,loss_of_function,-7.67182679787878,0.9233058323170692,Pathogenic,0.9997,pathogenic,https://doi.org/10.1101/2022.10.22.513328
L1100R,12.14959,9.9102,4.96044308310412,Destabilizing,Destabilizing,0.0,,,0.869,COSMIC,,False,0.0,,,,neutral,neutral,neutral,UP,neutral,neutral,neutral,,,,92.58,I,-0.4997,0.0001,-22.2448,loss_of_function,-7.67182679787878,0.872167172584683,Pathogenic,0.9993,pathogenic,https://doi.org/10.1101/2022.10.22.513328
Y1101C,1.85753,2.88912,2.091000025434272,Uncertain,Uncertain,48.8,,,,clinvar,,False,48.8,,,,uncertain,,,DOWN,neutral,neutral,destabilizing,2501412,Uncertain significance,1,92.86,I,-0.3532,0.7553,-22.2448,loss_of_function,-7.34953439101916,0.8881249616751313,Pathogenic,0.9923,pathogenic,https://doi.org/10.1101/2022.10.22.513328
A1102V,0.21351,-0.22517,-0.0882416973249028,Neutral,Neutral,60.9,,,0.576,cBioPortal,,False,60.9,,,,neutral,neutral,neutral,UP,neutral,neutral,stabilizing,,,,85.72,H,-0.3083,0.0001,-22.2448,loss_of_function,-7.67014651536126,0.901866286411025,Pathogenic,0.9904,pathogenic,https://doi.org/10.1101/2022.10.22.513328
E1104A,1.85346,1.56905,0.2064111559779768,Neutral,Neutral,13.7,,,0.805,cBioPortal,,False,13.7,,,,neutral,neutral,neutral,DOWN,neutral,neutral,stabilizing,,,,90.58,H,-0.3207,0.0001,-22.2448,loss_of_function,-7.67182679787878,0.9059533664348446,Pathogenic,0.9962,pathogenic,https://doi.org/10.1101/2022.10.22.513328
E1104K,2.06784,2.80714,0.4581853063493152,Uncertain,Uncertain,13.7,,,0.683,"cBioPortal,COSMIC",,False,13.7,,,,neutral,neutral,neutral,UP,neutral,neutral,neutral,,,,90.58,H,-0.3427,0.0001,-22.2448,loss_of_function,-7.67182679787878,0.8579530537182463,Pathogenic,0.999,pathogenic,https://doi.org/10.1101/2022.10.22.513328
E1104Q,0.63635,0.35238,0.1770692289971437,Neutral,Neutral,13.7,,,0.666,cBioPortal,,False,13.7,,,,neutral,neutral,neutral,UP,neutral,neutral,neutral,,,,90.58,H,-0.2932,0.0001,-22.2448,loss_of_function,-4.60309607872727,0.8290378459602625,Pathogenic,0.9856,pathogenic,https://doi.org/10.1101/2022.10.22.513328
K1106E,0.58139,0.47891,0.4114177665763768,Neutral,Neutral,49.2,,,0.320,cBioPortal,,False,49.2,,,,neutral,neutral,neutral,DOWN,neutral,neutral,neutral,,,,81.56,H,-0.3474,0.0001,-22.2448,loss_of_function,-7.05898201266224,0.9342141699827174,Pathogenic,0.9981,pathogenic,https://doi.org/10.1101/2022.10.22.513328
K1106N,0.01442,1.45578,0.3709434658107602,Neutral,Neutral,49.2,3.18552497452e-05,7.9532349783e-06,0.245,COSMIC,,False,49.2,,,,neutral,neutral,neutral,DOWN,neutral,neutral,neutral,,,,81.56,H,-0.3408,0.0001,-22.2448,loss_of_function,-7.05898201266224,0.9059038913351328,Pathogenic,0.9992,pathogenic,https://doi.org/10.1101/2022.10.22.513328
I1107V,1.06321,-0.22313,0.7953663068546903,Neutral,Neutral,32.2,,,0.061,COSMIC,,False,32.2,,,,neutral,neutral,neutral,DOWN,neutral,neutral,stabilizing,,,,77.46,H,-0.1654,0.2125,-5.2567,loss_of_function,-1.02742823339239,0.000490209507212,Benign,0.1016,benign,https://doi.org/10.1101/2022.10.22.513328
R1109L,0.89022,0.32211,-0.1470859475324665,Neutral,Neutral,87.9,,,0.448,cBioPortal,,False,87.9,,,,neutral,neutral,neutral,DOWN,neutral,neutral,stabilizing,,,,47.55,H,-0.4123,0.0001,-22.2448,loss_of_function,-7.67182679787878,0.8887154037189553,Pathogenic,0.9971,pathogenic,https://doi.org/10.1101/2022.10.22.513328
R1109Q,1.2811,0.28946,0.5155174444186752,Neutral,Neutral,87.9,,,0.332,"cBioPortal,COSMIC",,False,87.9,,,,neutral,neutral,neutral,DOWN,neutral,neutral,stabilizing,,,,47.55,H,-0.3846,0.0001,-22.2448,loss_of_function,-7.67182679787878,0.9036873288342452,Pathogenic,0.9887,pathogenic,https://doi.org/10.1101/2022.10.22.513328
R1109W,1.23873,1.38503,-0.1362233931840034,Neutral,Neutral,87.9,,3.9768072601e-06,0.372,"cBioPortal,COSMIC,clinvar",,False,87.9,,,,neutral,neutral,neutral,UP,neutral,neutral,destabilizing,1730239,Uncertain significance,1,47.55,H,-0.4276,0.0001,-22.2448,loss_of_function,-7.67182679787878,0.9345973731908684,Pathogenic,0.9971,pathogenic,https://doi.org/10.1101/2022.10.22.513328
G1110E,1.16828,0.49048,0.7535870585214335,Neutral,Neutral,97.7,,,0.476,COSMIC,,False,97.7,,,,neutral,neutral,neutral,UP,neutral,neutral,destabilizing,,,,53.4,-,-0.4433,0.0001,-22.2448,loss_of_function,-7.67164044800353,0.855593957302008,Pathogenic,0.9982,pathogenic,https://doi.org/10.1101/2022.10.22.513328
K1953N,0.03756,0.31735,-0.4573258866832741,Neutral,Neutral,80.4,,,"0.131, 0.132","cBioPortal,COSMIC",,False,,,,,neutral,neutral,neutral,DOWN,neutral,neutral,mixed_effects,,,,65.98,E,-0.1507,1.2695,-7.8887,loss_of_function,-2.18372447742889,0.1430153552765634,Benign,0.8317,pathogenic,https://doi.org/10.1101/2022.10.22.513328
K1953R,-0.04658,0.62653,-0.2759301574395018,Neutral,Neutral,80.4,,,0.106,"cBioPortal,COSMIC",,False,,,,,neutral,neutral,neutral,-,uncertain,uncertain,uncertain,,,,65.98,E,-0.0484,1.2695,-4.4293,loss_of_function,-0.871380341613786,0.0007865000584706,Benign,0.1098,benign,https://doi.org/10.1101/2022.10.22.513328
E1956G,1.09567,0.75884,1.4003241422794344,Neutral,Neutral,34.3,,,0.378,COSMIC,,False,,,,,neutral,neutral,neutral,DOWN,neutral,neutral,neutral,,,,89.12,-,-0.3461,0.0001,-22.1795,loss_of_function,-7.220277456203,0.8703129340274471,Pathogenic,0.9493,pathogenic,https://doi.org/10.1101/2022.10.22.513328
E1956K,-0.07458,0.79762,0.4053126202241058,Neutral,Neutral,34.3,,3.9764909853e-06,0.438,cBioPortal,,False,,,,,neutral,neutral,neutral,UP,neutral,neutral,neutral,,,,89.12,-,-0.3423,0.0001,-22.1795,loss_of_function,-7.220277456203,0.9282675393175132,Pathogenic,0.9617,pathogenic,https://doi.org/10.1101/2022.10.22.513328
E1956Q,0.0926,0.32789,0.3967640367258013,Neutral,Neutral,34.3,,,0.257,"cBioPortal,COSMIC",,False,,,,,neutral,neutral,neutral,UP,neutral,neutral,neutral,,,,89.12,-,-0.2928,0.0001,-22.1795,loss_of_function,-4.34164022145556,0.9304414250829294,Pathogenic,0.8838,pathogenic,https://doi.org/10.1101/2022.10.22.513328
D1957E,-0.4022,-0.16565,-0.0916769996512917,Neutral,Neutral,83.0,,,0.294,"cBioPortal,clinvar",,False,,,,,neutral,neutral,neutral,UP,neutral,neutral,stabilizing,1334734,Uncertain significance,1,90.16,S,-0.2933,0.0001,-22.1795,loss_of_function,-3.20273502991799,0.9254791312808652,Pathogenic,0.9816,pathogenic,https://doi.org/10.1101/2022.10.22.513328
E1958K,0.23506,1.80136,0.519818126783397,Neutral,Neutral,61.0,,,0.528,"cBioPortal,COSMIC",,False,,,,,neutral,neutral,neutral,UP,neutral,neutral,neutral,,,,92.34,S,-0.3423,0.0001,-22.1795,loss_of_function,-7.220277456203,0.8756850165486165,Pathogenic,0.956,pathogenic,https://doi.org/10.1101/2022.10.22.513328
S1961N,-0.13674,0.34286,0.3364559811668138,Neutral,Neutral,64.6,,,0.215,"cBioPortal,COSMIC",,False,,,,,uncertain,,,UP,neutral,neutral,neutral,,,,86.56,-,-0.2327,0.0218,-8.8916,loss_of_function,-3.43018274128407,0.7807578214628562,Pathogenic,0.6359,pathogenic,https://doi.org/10.1101/2022.10.22.513328
E1964D,0.11442,-0.07211,-0.0692586048881488,Neutral,Neutral,81.3,,,0.099,cBioPortal,,True,,,,,neutral,neutral,neutral,DOWN,neutral,neutral,neutral,,,,75.13,-,-0.2162,0.0218,-8.8916,loss_of_function,-2.14824622309315,0.934447489946542,Pathogenic,0.822,pathogenic,https://doi.org/10.1101/2022.10.22.513328
E1964K,-0.05452,0.01769,-0.0139453753077511,Neutral,Neutral,81.3,,,0.472,cBioPortal,,True,,,,,neutral,neutral,neutral,UP,neutral,neutral,stabilizing,,,,75.13,-,-0.3403,0.0218,-22.1795,loss_of_function,-7.16556245573825,0.9287774760552492,Pathogenic,0.8705,pathogenic,https://doi.org/10.1101/2022.10.22.513328
T1965I,0.45741,0.20442,0.2061169048745548,Neutral,Neutral,37.8,,,0.215,"cBioPortal,COSMIC",,True,,,,,uncertain,,,UP,neutral,neutral,stabilizing,,,,82.04,-,-0.1787,1.107,-8.8916,loss_of_function,-2.58780845332904,0.0212136176264667,Benign,0.2358,benign,https://doi.org/10.1101/2022.10.22.513328
T1969I,-0.75925,-1.07483,-0.1731700010580411,Neutral,Neutral,61.8,,,0.325,COSMIC,,True,,,,,uncertain,,,UP,neutral,neutral,neutral,,,,85.63,-,-0.2875,0.6616,-22.1795,loss_of_function,-3.17404887562246,0.8396585540982829,Pathogenic,0.3211,benign,https://doi.org/10.1101/2022.10.22.513328
L1970F,1.56636,1.27211,0.91049741544059,Neutral,Neutral,34.6,,,0.120,cBioPortal,,True,,,,,neutral,neutral,neutral,UP,neutral,neutral,neutral,,,,88.05,-,-0.1794,1.0587,-7.3068,loss_of_function,-1.76680908204828,0.2651947027568947,Benign,0.1785,benign,https://doi.org/10.1101/2022.10.22.513328
L1971V,1.10407,1.02857,0.7329252538169037,Neutral,Neutral,68.3,,,0.058,cBioPortal,,True,,,,,neutral,neutral,neutral,DOWN,neutral,neutral,neutral,,,,91.9,-,-0.1403,2.0575,-22.1795,loss_of_function,-1.51104234732173,1.389523828215702e-08,Benign,0.0887,benign,https://doi.org/10.1101/2022.10.22.513328
D1972Y,0.50864,0.17823,-0.1969201989466446,Neutral,Neutral,108.0,,,0.450,cBioPortal,,True,,,,,neutral,neutral,neutral,UP,neutral,neutral,neutral,,,,91.17,H,-0.2502,1.556,-22.1795,loss_of_function,-1.15159608497879,0.8201016851464377,Pathogenic,0.313,benign,https://doi.org/10.1101/2022.10.22.513328
W1973R,0.8392,1.4585,1.6921848003939322,Neutral,Neutral,65.2,,,0.533,cBioPortal,,True,,,,,neutral,neutral,neutral,DOWN,neutral,neutral,neutral,,,,94.64,H,-0.5601,0.0001,-22.1795,loss_of_function,-7.21733425258835,0.934628485852754,Pathogenic,0.9979,pathogenic,https://doi.org/10.1101/2022.10.22.513328
S1976C,0.40692,0.33333,0.4627628238238268,Neutral,Neutral,81.4,,,0.376,cBioPortal,,False,,,,,uncertain,,,UP,neutral,neutral,neutral,,,,96.35,H,-0.2796,0.555,-22.1795,loss_of_function,-1.15747328715875,0.7363739864184972,Pathogenic,0.1178,benign,https://doi.org/10.1101/2022.10.22.513328
S1976F,-0.39026,-0.49864,-0.6676592226955164,Neutral,Neutral,81.4,,,0.431,cBioPortal,,False,,,,,uncertain,,,UP,neutral,neutral,neutral,,,,96.35,H,-0.3072,0.555,-22.1795,loss_of_function,-5.36752163374704,0.8768393876679039,Pathogenic,0.3725,ambiguous,https://doi.org/10.1101/2022.10.22.513328
L1977V,1.43592,0.30204,0.4237982587282057,Neutral,Neutral,66.6,,,0.195,COSMIC,,False,,,,,neutral,neutral,neutral,DOWN,neutral,neutral,neutral,,,,97.33,H,-0.3296,0.0001,-22.1795,loss_of_function,-2.71518034039754,0.8809016050703784,Pathogenic,0.3021,benign,https://doi.org/10.1101/2022.10.22.513328
A1978I,0.94895,-0.44422,-0.1193035523636615,Neutral,Neutral,21.7,,,,cBioPortal,,False,,,,,neutral,neutral,neutral,UP,neutral,neutral,neutral,,,,97.35,H,-0.3417,0.415,-22.1795,loss_of_function,-4.96825405468026,0.8983728548770282,Pathogenic,0.8134,pathogenic,https://doi.org/10.1101/2022.10.22.513328
R1980C,0.94055,0.51054,1.5001581462573326,Neutral,Neutral,86.3,,3.9765226105e-06,0.742,"cBioPortal,COSMIC",,False,,,,,neutral,neutral,neutral,DOWN,neutral,neutral,neutral,,,,98.32,H,-0.4184,0.0001,-22.1795,loss_of_function,-7.2197273516098,0.9323599123079512,Pathogenic,0.9041,pathogenic,https://doi.org/10.1101/2022.10.22.513328
R1980H,0.69659,-0.18299,0.2435461824679885,Neutral,Neutral,86.3,,3.9766174892e-06,0.711,"cBioPortal,clinvar",,False,,,,,neutral,neutral,neutral,DOWN,neutral,neutral,neutral,2439163,Uncertain significance,1,98.32,H,-0.3793,0.0001,-22.1795,loss_of_function,-7.2197273516098,0.9222201170855008,Pathogenic,0.7929,pathogenic,https://doi.org/10.1101/2022.10.22.513328
C1981F,-1.25321,-1.19592,-1.132527171846313,Neutral,Neutral,58.2,,,,clinvar,,False,,,,,neutral,neutral,neutral,UP,neutral,neutral,neutral,2428954,Uncertain significance,1,98.49,H,-0.4862,0.0001,-22.1795,loss_of_function,-7.2197273516098,0.910402340423619,Pathogenic,0.9247,pathogenic,https://doi.org/10.1101/2022.10.22.513328
C1981R,-0.99163,-1.08265,-0.8127213813783829,Neutral,Neutral,58.2,,,0.747,"cBioPortal,COSMIC",,False,,,,,neutral,neutral,neutral,UP,neutral,neutral,neutral,,,,98.49,H,-0.5445,0.0001,-22.1795,loss_of_function,-7.2197273516098,0.9275166172917398,Pathogenic,0.9974,pathogenic,https://doi.org/10.1101/2022.10.22.513328
C1981Y,-1.07402,-1.1932,-0.9368480970320104,Neutral,Neutral,58.2,,,0.697,"cBioPortal,COSMIC",,False,,,,,neutral,neutral,neutral,UP,neutral,neutral,neutral,,,,98.49,H,-0.4955,0.0001,-22.1795,loss_of_function,-7.2197273516098,0.9210670684302006,Pathogenic,0.9833,pathogenic,https://doi.org/10.1101/2022.10.22.513328
V1982I,-1.25288,0.86361,0.0781862281411943,Neutral,Neutral,19.8,0.00015931684935,0.0003380044218931,0.017,"cBioPortal,COSMIC",,False,,,,,neutral,neutral,neutral,UP,neutral,neutral,neutral,,,,98.54,H,-0.0864,0.9806,-0.702,loss_of_function,-0.0230463431374008,4.5200809400275475e-14,Benign,0.0524,benign,https://doi.org/10.1101/2022.10.22.513328
C1983S,-0.1365,-0.30748,-0.2708838046906303,Neutral,Neutral,82.6,,,0.473,COSMIC,,False,,,,,neutral,neutral,neutral,DOWN,neutral,neutral,neutral,,,,98.57,H,-0.481,0.0218,-22.1795,loss_of_function,-4.34164022145556,0.933912532227362,Pathogenic,0.7157,pathogenic,https://doi.org/10.1101/2022.10.22.513328
S1985F,-0.4512,0.16497,-1.5505243522884864,Neutral,Neutral,22.0,,,0.679,cBioPortal,,False,,,,,uncertain,,,UP,neutral,neutral,neutral,,,,98.67,H,-0.3562,0.0218,-22.1795,loss_of_function,-7.2197273516098,0.9318890247230488,Pathogenic,0.9813,pathogenic,https://doi.org/10.1101/2022.10.22.513328
S1985P,2.64767,6.64048,3.755734375364721,Uncertain,Uncertain,22.0,,,0.710,"cBioPortal,COSMIC",,False,,,,,uncertain,,,UP,neutral,neutral,neutral,,,,98.67,H,-0.4316,0.0218,-22.1795,loss_of_function,-7.2197273516098,0.9338840790414378,Pathogenic,0.9929,pathogenic,https://doi.org/10.1101/2022.10.22.513328
N1986K,-0.72263,0.25,0.4032909124980305,Neutral,Neutral,66.3,,,0.301,COSMIC,,False,,,,,neutral,neutral,neutral,UP,neutral,neutral,neutral,,,,98.04,H,-0.3318,0.0001,-22.1795,loss_of_function,-7.2197273516098,0.9279843918278704,Pathogenic,0.9806,pathogenic,https://doi.org/10.1101/2022.10.22.513328
T1987I,-1.21654,-0.25408,-0.6935334027315221,Neutral,Neutral,68.5,,,0.139,COSMIC,,False,,,,,uncertain,,,UP,neutral,neutral,neutral,,,,98.47,H,-0.1531,0.9185,-0.4739,loss_of_function,0.234469465344566,7.898303544940321e-33,Benign,0.0512,benign,https://doi.org/10.1101/2022.10.22.513328
I1988N,1.80746,2.02721,1.6805115228492566,Uncertain,Neutral,34.8,,,0.429,cBioPortal,,False,,,,,neutral,neutral,neutral,DOWN,neutral,neutral,neutral,,,,98.71,H,-0.3635,1.0831,-22.1795,loss_of_function,-5.02096816815391,0.006122415019196,Benign,0.9547,pathogenic,https://doi.org/10.1101/2022.10.22.513328
I1988S,1.96333,2.99286,2.1638610135211778,Uncertain,Uncertain,34.8,,,0.647,cBioPortal,,False,,,,,neutral,neutral,neutral,DOWN,neutral,neutral,neutral,,,,98.71,H,-0.3669,1.0831,-22.1795,loss_of_function,-5.02096816815391,0.0110028689420657,Benign,0.8971,pathogenic,https://doi.org/10.1101/2022.10.22.513328
I1988T,1.6825,1.79694,1.4333524366763215,Neutral,Neutral,34.8,,,0.569,"cBioPortal,clinvar",,False,,,,,neutral,neutral,neutral,DOWN,neutral,neutral,neutral,1028997,Likely pathogenic,1,98.71,H,-0.2837,1.0831,-22.1795,loss_of_function,-5.02096816815391,0.1113956650943709,Benign,0.7973,pathogenic,https://doi.org/10.1101/2022.10.22.513328
R1989G,4.49715,2.65578,2.585895143531816,Uncertain,Uncertain,20.9,,,0.622,cBioPortal,,True,,,,,neutral,neutral,neutral,DOWN,neutral,neutral,neutral,,,,98.33,H,-0.4449,0.0001,-22.1795,loss_of_function,-7.2197273516098,0.9321476880707584,Pathogenic,0.9794,pathogenic,https://doi.org/10.1101/2022.10.22.513328
R1989L,1.14779,0.24456,0.0888359418710449,Neutral,Neutral,20.9,,,0.703,COSMIC,,True,,,,,neutral,neutral,neutral,DOWN,neutral,neutral,neutral,,,,98.33,H,-0.412,0.0001,-22.1795,loss_of_function,-7.2197273516098,0.9066821048069866,Pathogenic,0.9651,pathogenic,https://doi.org/10.1101/2022.10.22.513328
R1989Q,2.98556,1.54422,1.3019355894467035,Uncertain,Uncertain,20.9,,3.9764593606e-06,0.685,"cBioPortal,COSMIC",,True,,,,,neutral,neutral,neutral,DOWN,neutral,neutral,neutral,,,,98.33,H,-0.3843,0.0001,-22.1795,loss_of_function,-7.2197273516098,0.9238452252815323,Pathogenic,0.8751,pathogenic,https://doi.org/10.1101/2022.10.22.513328
L1991Q,0.77977,0.72279,1.032162428676641,Neutral,Neutral,58.9,,,0.743,cBioPortal,,True,,,,,neutral,neutral,neutral,DOWN,neutral,neutral,neutral,,,,98.34,H,-0.44,0.0001,-22.1795,loss_of_function,-7.2197273516098,0.933977661999913,Pathogenic,0.9836,pathogenic,https://doi.org/10.1101/2022.10.22.513328
S1992L,4.33524,5.41327,0.7433711720174463,Destabilizing,Uncertain,0.0,,,0.688,"cBioPortal,COSMIC",,True,,,,,uncertain,,,UP,neutral,neutral,neutral,,,,98.18,T,-0.3556,0.0218,-22.1795,loss_of_function,-7.2197273516098,0.9298153791861006,Pathogenic,0.8411,pathogenic,https://doi.org/10.1101/2022.10.22.513328
S1992P,3.9256,6.78299,6.297179687024568,Destabilizing,Destabilizing,0.0,,,0.739,"cBioPortal,COSMIC",,True,,,,,uncertain,,,UP,neutral,neutral,neutral,,,,98.18,T,-0.4316,0.0218,-22.1795,loss_of_function,-7.2197273516098,0.9050860937084132,Pathogenic,0.9808,pathogenic,https://doi.org/10.1101/2022.10.22.513328
G1996D,3.53904,1.42687,0.8574871488286279,Uncertain,Uncertain,91.3,,,0.597,"cBioPortal,COSMIC",,False,,,,,neutral,neutral,neutral,UP,neutral,neutral,neutral,,,,92.65,T,-0.4396,0.0437,-22.1765,loss_of_function,-6.92025873653881,0.9203964440759,Pathogenic,0.7925,pathogenic,https://doi.org/10.1101/2022.10.22.513328
G1996R,2.29366,1.25,0.7559791000259249,Uncertain,Uncertain,91.3,,,0.653,COSMIC,,False,,,,,neutral,neutral,neutral,UP,neutral,neutral,neutral,,,,92.65,T,-0.4559,0.0437,-22.1765,loss_of_function,-4.62894014897717,0.9312355995718624,Pathogenic,0.8483,pathogenic,https://doi.org/10.1101/2022.10.22.513328
G1996V,4.46283,4.01054,2.3980415560917856,Destabilizing,Uncertain,91.3,,,0.662,cBioPortal,,False,,,,,neutral,neutral,neutral,UP,neutral,neutral,neutral,,,,92.65,T,-0.4661,0.0437,-22.1765,loss_of_function,-3.35527780064194,0.7583199123933518,Pathogenic,0.7678,pathogenic,https://doi.org/10.1101/2022.10.22.513328
N1997D,1.60352,0.33844,0.8324191062448008,Neutral,Neutral,36.6,,,0.444,"COSMIC,clinvar",,False,,,,,neutral,neutral,neutral,-,uncertain,uncertain,uncertain,521265,Uncertain significance,1,98.03,H,-0.3318,0.0001,-22.1765,loss_of_function,-4.34164022145556,0.925354199069125,Pathogenic,0.9516,pathogenic,https://doi.org/10.1101/2022.10.22.513328
D1998G,1.79361,2.32007,1.6730455169258107,Uncertain,Neutral,32.5,,,0.730,"cBioPortal,COSMIC",,False,,,,,neutral,neutral,neutral,DOWN,neutral,neutral,neutral,,,,97.64,H,-0.3595,0.0001,-22.1765,loss_of_function,-7.21954380502384,0.9281752238195596,Pathogenic,0.9498,pathogenic,https://doi.org/10.1101/2022.10.22.513328
D1998Y,4.23624,1.5415,0.282788360801568,Uncertain,Uncertain,32.5,,,0.736,COSMIC,,False,,,,,neutral,neutral,neutral,UP,neutral,neutral,neutral,,,,97.64,H,-0.3934,0.0001,-22.1765,loss_of_function,-7.21954380502384,0.926106119100992,Pathogenic,0.9619,pathogenic,https://doi.org/10.1101/2022.10.22.513328
E2000D,0.16838,0.27585,0.2508932966852512,Neutral,Neutral,67.3,,,0.163,COSMIC,,False,,,,,neutral,neutral,neutral,DOWN,neutral,neutral,neutral,,,,97.71,H,-0.286,0.0001,-22.1765,loss_of_function,-2.08087642643974,0.0695157324648873,Benign,0.4985,ambiguous,https://doi.org/10.1101/2022.10.22.513328
E2000Q,-0.47336,-0.06531,0.387047640536482,Neutral,Neutral,67.3,,,0.336,"cBioPortal,COSMIC",,False,,,,,neutral,neutral,neutral,UP,neutral,neutral,neutral,,,,97.71,H,-0.2928,0.0001,-22.1765,loss_of_function,-3.49467054296974,0.9328446986207636,Pathogenic,0.4096,ambiguous,https://doi.org/10.1101/2022.10.22.513328
E2000V,0.23847,0.24898,0.0938439742416863,Neutral,Neutral,67.3,,,0.519,"cBioPortal,COSMIC",,False,,,,,neutral,neutral,neutral,-,uncertain,uncertain,uncertain,,,,97.71,H,-0.3335,0.0001,-22.1765,loss_of_function,-3.47628996987584,0.8930191252056693,Pathogenic,0.5739,pathogenic,https://doi.org/10.1101/2022.10.22.513328
M2001V,2.85844,3.83639,1.1344069414162554,Uncertain,Uncertain,12.5,,,0.430,"cBioPortal,COSMIC",,False,,,,,neutral,neutral,neutral,DOWN,neutral,neutral,neutral,,,,98.52,H,-0.3405,0.111,-22.1765,loss_of_function,-3.93012343201734,0.9236285068432876,Pathogenic,0.5395,ambiguous,https://doi.org/10.1101/2022.10.22.513328
S2002F,18.2977,1.87857,2.203705240915649,Uncertain,Uncertain,2.2,,,0.489,"cBioPortal,COSMIC",,False,,,,,uncertain,,,UP,neutral,neutral,neutral,,,,97.71,T,-0.3582,0.0001,-22.1765,loss_of_function,-6.92809078238128,0.9247704000595566,Pathogenic,0.9813,pathogenic,https://doi.org/10.1101/2022.10.22.513328
K2003R,-0.66031,-0.48367,-0.2831794595943304,Neutral,Neutral,49.6,,,,COSMIC,,False,,,,,neutral,neutral,neutral,-,uncertain,uncertain,uncertain,,,,97.37,T,-0.1684,0.0845,-6.5668,loss_of_function,-0.989773713358752,4.291866500956382e-07,Benign,0.0828,benign,https://doi.org/10.1101/2022.10.22.513328
G2006E,-2.15246,-0.83537,-0.9706952245299316,Uncertain,Uncertain,80.0,,,0.381,"cBioPortal,clinvar",,False,,,,,neutral,neutral,neutral,UP,neutral,neutral,stabilizing,1311061,Uncertain significance,1,97.27,H,-0.4378,0.0554,-22.1765,loss_of_function,-5.66355279712854,0.9233690357794097,Pathogenic,0.988,pathogenic,https://doi.org/10.1101/2022.10.22.513328
G2006V,-0.47418,-0.4619,-0.7401274954311021,Neutral,Neutral,80.0,,,0.409,cBioPortal,,False,,,,,neutral,neutral,neutral,UP,neutral,neutral,stabilizing,,,,97.27,H,-0.465,0.0554,-22.1765,loss_of_function,-5.66355279712854,0.9054598078432188,Pathogenic,0.9489,pathogenic,https://doi.org/10.1101/2022.10.22.513328
L2007P,3.53281,6.37279,6.226669700462707,Destabilizing,Destabilizing,12.5,,,0.766,COSMIC,,False,,,,,neutral,neutral,neutral,DOWN,neutral,neutral,neutral,,,,98.52,H,-0.5026,0.0001,-22.1765,loss_of_function,-7.2197273516098,0.90438586174149,Pathogenic,0.9971,pathogenic,https://doi.org/10.1101/2022.10.22.513328
L2007Q,2.37145,2.51565,2.3865694244802382,Uncertain,Uncertain,12.5,,,0.674,cBioPortal,,False,,,,,neutral,neutral,neutral,DOWN,neutral,neutral,neutral,,,,98.52,H,-0.4399,0.0001,-22.1765,loss_of_function,-7.2197273516098,0.9107281765796564,Pathogenic,0.987,pathogenic,https://doi.org/10.1101/2022.10.22.513328
L2008R,5.3417,5.45408,5.030601765868124,Destabilizing,Destabilizing,0.0,,,0.678,"cBioPortal,COSMIC",,False,,,,,neutral,neutral,neutral,UP,neutral,neutral,neutral,,,,98.44,H,-0.3994,1.0864,-22.1765,loss_of_function,-6.78537191465895,0.9313120093719682,Pathogenic,0.9636,pathogenic,https://doi.org/10.1101/2022.10.22.513328
L2009F,0.28273,0.53741,0.7329597964598108,Neutral,Neutral,47.7,,,0.164,"cBioPortal,COSMIC",,False,,,,,neutral,neutral,neutral,UP,neutral,neutral,neutral,,,,97.61,H,-0.3526,0.0001,-22.1765,loss_of_function,-7.18145483596301,0.9308286708591303,Pathogenic,0.8841,pathogenic,https://doi.org/10.1101/2022.10.22.513328
I2010V,0.50588,0.44728,0.7729977356920764,Neutral,Neutral,69.7,3.18755578223e-05,1.59077351362e-05,0.073,"cBioPortal,COSMIC",,False,,,,,neutral,neutral,neutral,DOWN,neutral,neutral,neutral,,,,98.4,H,-0.0931,1.0884,-6.8887,loss_of_function,-0.872131807232505,0.0015005148530529,Benign,0.1589,benign,https://doi.org/10.1101/2022.10.22.513328
L2011P,7.59458,13.11122,8.548418388160798,Destabilizing,Destabilizing,4.8,,,0.778,cBioPortal,,False,,,,,neutral,neutral,neutral,DOWN,neutral,neutral,neutral,,,,98.57,H,-0.5026,0.0001,-22.1765,loss_of_function,-7.2197273516098,0.9311776279003317,Pathogenic,0.9959,pathogenic,https://doi.org/10.1101/2022.10.22.513328
L2011R,3.24261,5.60782,3.30198403885458,Destabilizing,Destabilizing,4.8,,,0.749,"cBioPortal,COSMIC",,False,,,,,neutral,neutral,neutral,UP,neutral,neutral,neutral,,,,98.57,H,-0.4994,0.0001,-22.1765,loss_of_function,-7.2197273516098,0.9286317446139942,Pathogenic,0.9906,pathogenic,https://doi.org/10.1101/2022.10.22.513328
G2012D,7.74665,7.59388,4.318947658242697,Destabilizing,Destabilizing,1.0,,,0.733,"cBioPortal,COSMIC",,False,,,,,neutral,neutral,neutral,UP,neutral,neutral,neutral,,,,97.56,H,-0.4416,0.0219,-22.1765,loss_of_function,-7.21880872442111,0.931189312440729,Pathogenic,0.9956,pathogenic,https://doi.org/10.1101/2022.10.22.513328
G2012V,1.94761,7.58878,2.613734712517594,Uncertain,Uncertain,1.0,,,0.703,cBioPortal,,False,,,,,neutral,neutral,neutral,UP,neutral,neutral,neutral,,,,97.56,H,-0.4681,0.0219,-22.1765,loss_of_function,-7.21880872442111,0.9164981047597752,Pathogenic,0.9924,pathogenic,https://doi.org/10.1101/2022.10.22.513328
L2014P,5.95094,11.9534,7.811373696299412,Destabilizing,Destabilizing,18.6,,,0.758,cBioPortal,,False,,,,,neutral,neutral,neutral,DOWN,neutral,neutral,neutral,,,,98.18,H,-0.4941,0.0921,-22.1765,loss_of_function,-6.96177059615046,0.919833235481115,Pathogenic,0.9962,pathogenic,https://doi.org/10.1101/2022.10.22.513328
I2015F,4.76051,3.64592,1.9833312416697668,Destabilizing,Uncertain,0.0,,,0.230,"cBioPortal,COSMIC",,False,,,,,neutral,neutral,neutral,UP,neutral,neutral,neutral,,,,97.6,H,-0.299,0.9559,-22.1765,loss_of_function,-4.48749273639708,0.3467140499395004,Uncertain,0.7559,pathogenic,https://doi.org/10.1101/2022.10.22.513328
H2018Y,-1.39054,-0.93435,-0.0459679255012629,Neutral,Neutral,55.0,,3.9773766814e-06,0.359,COSMIC,,False,,,,,neutral,neutral,neutral,UP,neutral,neutral,neutral,,,,93.74,T,-0.2649,0.0395,-22.1765,loss_of_function,-3.06798028265033,0.923065152556475,Pathogenic,0.8615,pathogenic,https://doi.org/10.1101/2022.10.22.513328
H2019L,-0.74863,-0.89184,0.4017061816796236,Neutral,Neutral,1.0,,,0.644,cBioPortal,,False,,,,,neutral,neutral,neutral,UP,neutral,neutral,neutral,,,,94.96,-,-0.3465,0.0001,-22.1765,loss_of_function,-7.31081593884915,0.9062885320125332,Pathogenic,0.9215,pathogenic,https://doi.org/10.1101/2022.10.22.513328
H2019N,0.94468,1.04898,1.195440186802717,Neutral,Neutral,1.0,,,0.473,"cBioPortal,COSMIC",,False,,,,,neutral,neutral,neutral,DOWN,neutral,neutral,neutral,,,,94.96,-,-0.3034,0.0001,-22.1765,loss_of_function,-7.31081593884915,0.9278708588481543,Pathogenic,0.8726,pathogenic,https://doi.org/10.1101/2022.10.22.513328
H2019R,2.95273,1.7119,1.5856080645023432,Uncertain,Uncertain,1.0,,,0.686,"cBioPortal,COSMIC",,False,,,,,neutral,neutral,neutral,UP,neutral,neutral,neutral,,,,94.96,-,-0.3331,0.0001,-22.1765,loss_of_function,-7.31081593884915,0.9279675808245944,Pathogenic,0.9356,pathogenic,https://doi.org/10.1101/2022.10.22.513328
H2019Y,0.20797,-1.27075,0.060330287429271,Neutral,Neutral,1.0,,,0.630,cBioPortal,,False,,,,,neutral,neutral,neutral,UP,neutral,neutral,neutral,,,,94.96,-,-0.2685,0.0001,-22.1765,loss_of_function,-4.39641706479241,0.9292603355144295,Pathogenic,0.8175,pathogenic,https://doi.org/10.1101/2022.10.22.513328
H2021P,-1.30883,0.76599,3.360348547282244,Neutral,Uncertain,3.5,,,0.632,cBioPortal,,False,,,,,neutral,neutral,neutral,DOWN,neutral,neutral,neutral,,,,92.47,-,-0.46,0.0001,-22.1795,loss_of_function,-7.2197273516098,0.9317039716047284,Pathogenic,0.9477,pathogenic,https://doi.org/10.1101/2022.10.22.513328
R2024Q,0.55827,0.31973,0.7101983622012278,Neutral,Neutral,64.6,,,0.472,"COSMIC,clinvar",,False,,,,,neutral,neutral,neutral,DOWN,neutral,neutral,neutral,1314438,Uncertain significance,1,81.27,-,-0.3843,0.0001,-22.1795,loss_of_function,-7.25034536412723,0.9340806429227726,Pathogenic,0.9299,pathogenic,https://doi.org/10.1101/2022.10.22.513328
R2024W,0.09704,-0.19728,-0.132216915695531,Neutral,Neutral,64.6,,,0.365,"cBioPortal,COSMIC,clinvar",,False,,,,,neutral,neutral,neutral,UP,neutral,neutral,neutral,1187443,Likely benign,1,81.27,-,-0.4273,0.0001,-22.1795,loss_of_function,-7.25034536412723,0.9290361323897708,Pathogenic,0.9889,pathogenic,https://doi.org/10.1101/2022.10.22.513328
K2025E,0.02634,0.83946,-0.0983833924993421,Neutral,Neutral,100.7,,,0.176,"cBioPortal,COSMIC",,False,,,,,neutral,neutral,neutral,DOWN,neutral,neutral,neutral,,,,79.54,-,-0.3393,0.0844,-22.1795,loss_of_function,-4.05151604331389,0.8801371338956046,Pathogenic,0.9492,pathogenic,https://doi.org/10.1101/2022.10.22.513328
K2025N,0.21473,0.93061,0.0880516963525862,Neutral,Neutral,100.7,,3.9772501293e-06,0.096,"cBioPortal,clinvar",,False,,,,,neutral,neutral,neutral,DOWN,neutral,neutral,neutral,2493647,Uncertain significance,1,79.54,-,-0.3327,0.0844,-22.1795,loss_of_function,-1.88349496363166,0.5781332606368212,Uncertain,0.9862,pathogenic,https://doi.org/10.1101/2022.10.22.513328
K2025T,0.07938,0.66565,0.0386768872505255,Neutral,Neutral,100.7,,,0.199,"cBioPortal,COSMIC",,False,,,,,neutral,neutral,neutral,DOWN,neutral,neutral,neutral,,,,79.54,-,-0.3364,0.0844,-22.1795,loss_of_function,-4.72790549806063,0.8576935916923756,Pathogenic,0.9264,pathogenic,https://doi.org/10.1101/2022.10.22.513328
A2027E,0.06286,-0.48197,-0.509549451725585,Neutral,Neutral,100.1,,,0.209,cBioPortal,,False,,,,,neutral,neutral,neutral,UP,neutral,neutral,neutral,,,,53.94,-,-0.4077,0.0001,-22.1795,loss_of_function,-5.3562158905404,0.9109866929526472,Pathogenic,0.9591,pathogenic,https://doi.org/10.1101/2022.10.22.513328
P2028S,1.17534,1.61905,-0.0677820642458409,Neutral,Neutral,62.2,,3.9775032417e-06,0.216,cBioPortal,,False,,,,,neutral,neutral,neutral,DOWN,neutral,neutral,neutral,,,,40.76,-,-0.2371,0.0979,-6.3068,loss_of_function,-2.77631451295039,0.2803909722832759,Benign,0.9674,pathogenic,https://doi.org/10.1101/2022.10.22.513328
Y2031S,-1.40523,0.97075,0.0243279598849766,Neutral,Neutral,115.8,,,0.371,cBioPortal,,False,,,,,uncertain,,,DOWN,neutral,neutral,stabilizing,,,,34.82,-,-0.4565,0.0001,-22.1795,loss_of_function,-6.45639826258165,0.917996643513231,Pathogenic,0.9913,pathogenic,https://doi.org/10.1101/2022.10.22.513328
E2032K,-0.42166,0.0017,0.2887469558890088,Neutral,Neutral,97.7,,,0.265,"cBioPortal,COSMIC",,False,,,,,neutral,neutral,neutral,UP,neutral,neutral,neutral,,,,35.9,S,-0.3423,0.0001,-22.1795,loss_of_function,-3.64279122622392,0.918389952203839,Pathogenic,0.9793,pathogenic,https://doi.org/10.1101/2022.10.22.513328
K2033E,0.01481,0.13946,-0.2362979633198758,Neutral,Neutral,83.3,,,,clinvar,,False,,,,,neutral,neutral,neutral,DOWN,neutral,neutral,stabilizing,2316378,Uncertain significance,1,36.15,-,-0.3471,0.0001,-22.1795,loss_of_function,-6.17497845312121,0.9243282598652937,Pathogenic,0.9724,pathogenic,https://doi.org/10.1101/2022.10.22.513328
K2033N,-0.0817,-0.45102,-0.5018675917059051,Neutral,Neutral,83.3,,,0.188,cBioPortal,,False,,,,,neutral,neutral,neutral,DOWN,neutral,neutral,stabilizing,,,,36.15,-,-0.3404,0.0001,-22.1795,loss_of_function,-6.17497845312121,0.9339142537243856,Pathogenic,0.9933,pathogenic,https://doi.org/10.1101/2022.10.22.513328
K2033R,0.16569,0.43299,-0.3173892164930647,Neutral,Neutral,83.3,,,0.189,COSMIC,,False,,,,,neutral,neutral,neutral,-,uncertain,uncertain,uncertain,,,,36.15,-,-0.2558,0.0001,-22.1795,loss_of_function,-2.10645637685346,0.0006654276688831,Benign,0.5115,ambiguous,https://doi.org/10.1101/2022.10.22.513328
E2034Q,-0.11189,-0.48469,0.1135801322923396,Neutral,Neutral,70.7,,,0.220,cBioPortal,,False,,,,,neutral,neutral,neutral,UP,neutral,neutral,neutral,,,,39.25,-,-0.2388,0.5871,-22.1795,loss_of_function,-3.23735747216889,0.6959410539195742,Pathogenic,0.827,pathogenic,https://doi.org/10.1101/2022.10.22.513328
E2035K,-0.52725,0.13707,0.2981979100282489,Neutral,Neutral,86.9,,,0.350,"cBioPortal,COSMIC",,False,,,,,neutral,neutral,neutral,UP,neutral,neutral,neutral,,,,39.35,-,-0.3237,0.2028,-22.1795,loss_of_function,-5.02377411589142,0.1092670481560311,Benign,0.9115,pathogenic,https://doi.org/10.1101/2022.10.22.513328
D2038G,0.2001,0.89116,0.919080729098193,Neutral,Neutral,85.8,,,0.334,COSMIC,,False,,,,,neutral,neutral,neutral,DOWN,neutral,neutral,neutral,,,,37.74,-,-0.2624,0.2631,-7.8917,loss_of_function,-3.26747113446126,0.92101392147816,Pathogenic,0.7199,pathogenic,https://doi.org/10.1101/2022.10.22.513328
Q2039R,1.67896,0.68231,-0.4095114502699803,Neutral,Neutral,115.1,,,0.183,cBioPortal,,False,,,,,neutral,neutral,neutral,UP,neutral,neutral,neutral,,,,35.48,-,-0.1644,1.8138,-22.1795,loss_of_function,-1.83526429704114,9.222342722200129e-12,Benign,0.1248,benign,https://doi.org/10.1101/2022.10.22.513328
G2040E,0.16959,-0.89932,-0.287541021967802,Neutral,Neutral,71.4,,,0.310,cBioPortal,,False,,,,,neutral,neutral,neutral,UP,neutral,neutral,neutral,,,,35.06,-,-0.3146,0.6574,-8.8916,loss_of_function,-4.31949935650922,0.8221438642496615,Pathogenic,0.5827,pathogenic,https://doi.org/10.1101/2022.10.22.513328
G2040K,-0.2667,-1.65238,-0.2862319810244162,Neutral,Neutral,71.4,,,,cBioPortal,,False,,,,,neutral,neutral,neutral,UP,neutral,neutral,neutral,,,,35.06,-,-0.4154,0.6574,-22.1795,loss_of_function,-5.9222158466177,0.8686791141491814,Pathogenic,0.8207,pathogenic,https://doi.org/10.1101/2022.10.22.513328
G2040R,-0.68523,-1.80646,-0.4127619846497959,Neutral,Neutral,71.4,,1.19318452996e-05,0.334,cBioPortal,,False,,,,,neutral,neutral,neutral,UP,neutral,neutral,neutral,,,,35.06,-,-0.3198,0.6574,-6.5698,loss_of_function,-3.03374865869381,0.4906827604417394,Uncertain,0.7326,pathogenic,https://doi.org/10.1101/2022.10.22.513328
V2041A,-0.34184,0.02993,0.5778464427561142,Neutral,Neutral,82.6,,7.9548799211e-06,0.174,cBioPortal,,False,,,,,neutral,neutral,neutral,DOWN,neutral,neutral,mixed_effects,,,,37.98,-,-0.1936,0.9149,-7.8887,loss_of_function,-2.16888628359347,4.8406303630672923e-08,Benign,0.5702,pathogenic,https://doi.org/10.1101/2022.10.22.513328
V2041L,-0.25266,-0.19898,-0.0799595498761324,Neutral,Neutral,82.6,,,0.189,cBioPortal,,False,,,,,neutral,neutral,neutral,UP,neutral,neutral,neutral,,,,37.98,-,-0.1733,0.9149,-3.8013,loss_of_function,-1.03167096285073,1.152634469283846e-06,Benign,0.3473,ambiguous,https://doi.org/10.1101/2022.10.22.513328
V2041M,-0.35983,-0.12415,0.2396837782155797,Neutral,Neutral,82.6,,,0.110,COSMIC,,False,,,,,neutral,neutral,neutral,UP,neutral,neutral,neutral,,,,37.98,-,-0.1884,0.9149,-4.9818,loss_of_function,-1.00677365000736,0.1543160257895584,Benign,0.2377,benign,https://doi.org/10.1101/2022.10.22.513328
S2042N,-0.23148,0.26803,-0.2964010560112351,Neutral,Neutral,87.0,,,0.115,"cBioPortal,COSMIC",,False,,,,,uncertain,,,UP,neutral,neutral,neutral,,,,35.91,-,-0.1518,1.6376,-22.1765,loss_of_function,-4.4823505004953,0.1247466296686769,Benign,0.2595,benign,https://doi.org/10.1101/2022.10.22.513328
C2043F,1.13272,3.86769,-0.9451517865059332,Uncertain,Neutral,52.1,,,0.373,cBioPortal,,False,,,,,neutral,neutral,neutral,UP,neutral,neutral,neutral,,,,37.98,-,-0.4384,0.5028,-21.8876,loss_of_function,-3.71858406903061,0.5595538475616563,Uncertain,0.4421,ambiguous,https://doi.org/10.1101/2022.10.22.513328
N2044D,0.30573,2.29592,0.4414604392784588,Uncertain,Neutral,90.2,,,0.136,"cBioPortal,COSMIC",,False,,,,,neutral,neutral,neutral,-,uncertain,uncertain,uncertain,,,,41.47,-,-0.0224,2.3776,-4.4263,loss_of_function,-0.0532759776409034,2.236684516293936e-12,Benign,0.0983,benign,https://doi.org/10.1101/2022.10.22.513328
V2046E,-0.19471,-0.16224,0.0288257673818231,Neutral,Neutral,89.2,,,0.170,COSMIC,,False,,,,,neutral,neutral,neutral,-,uncertain,uncertain,uncertain,,,,57.96,T,-0.2863,1.1659,-6.3038,loss_of_function,-0.790669379730984,9.997525624253493e-14,Benign,0.1914,benign,https://doi.org/10.1101/2022.10.22.513328
V2046L,-0.42339,-0.02177,-0.1682111128169638,Neutral,Neutral,89.2,,,0.149,"cBioPortal,COSMIC",,False,,,,,neutral,neutral,neutral,UP,neutral,neutral,stabilizing,,,,57.96,T,-0.244,1.1659,-22.1765,loss_of_function,-3.20559610922567,8.415111384102156e-09,Benign,0.2621,benign,https://doi.org/10.1101/2022.10.22.513328
E2047K,0.25198,0.96701,0.1819497839070361,Neutral,Neutral,56.9,,,0.504,"cBioPortal,COSMIC",,True,,,,,neutral,neutral,neutral,UP,neutral,neutral,neutral,,,,73.97,-,-0.2602,0.1005,-7.8887,loss_of_function,-2.89121454697601,0.9074209715179296,Pathogenic,0.6557,pathogenic,https://doi.org/10.1101/2022.10.22.513328
W2050G,3.41544,4.8119,5.137778577697782,Destabilizing,Destabilizing,13.6,,,0.669,COSMIC,,True,,,,,neutral,neutral,neutral,DOWN,neutral,neutral,neutral,,,,94.06,H,-0.5615,0.0001,-22.1765,loss_of_function,-7.18017495165302,0.9290276120166788,Pathogenic,0.9351,pathogenic,https://doi.org/10.1101/2022.10.22.513328
C2052Y,1.35139,3.09354,-0.5018443400110334,Uncertain,Neutral,14.4,,,0.462,"cBioPortal,COSMIC",,True,,,,,neutral,neutral,neutral,UP,neutral,neutral,neutral,,,,95.76,H,-0.4955,0.0001,-22.1765,loss_of_function,-7.18072400807868,0.9335191821032384,Pathogenic,0.9714,pathogenic,https://doi.org/10.1101/2022.10.22.513328
E2054D,0.42894,1.15068,0.5511208050891611,Neutral,Neutral,43.4,,,0.165,"cBioPortal,COSMIC",,True,,,,,neutral,neutral,neutral,DOWN,neutral,neutral,neutral,,,,95.12,H,-0.1773,0.389,-7.8887,loss_of_function,-1.12744506922785,0.7129612213281418,Pathogenic,0.3712,ambiguous,https://doi.org/10.1101/2022.10.22.513328
L2056H,3.24022,3.22687,1.7784341941690518,Destabilizing,Uncertain,11.8,,,0.741,cBioPortal,,True,,,,,neutral,neutral,neutral,DOWN,neutral,neutral,neutral,,,,98.19,H,-0.4616,0.0001,-22.1795,loss_of_function,-7.18054107851133,0.9345711998263972,Pathogenic,0.9919,pathogenic,https://doi.org/10.1101/2022.10.22.513328
L2056P,5.59061,12.88503,7.514694619367807,Destabilizing,Destabilizing,11.8,,,0.806,cBioPortal,,True,,,,,neutral,neutral,neutral,DOWN,neutral,neutral,neutral,,,,98.19,H,-0.5026,0.0001,-22.1795,loss_of_function,-7.18054107851133,0.9333595098425376,Pathogenic,0.9968,pathogenic,https://doi.org/10.1101/2022.10.22.513328
L2056R,2.70951,2.50646,1.634104419655859,Uncertain,Uncertain,11.8,,,0.776,"cBioPortal,COSMIC",,True,,,,,neutral,neutral,neutral,UP,neutral,neutral,neutral,,,,98.19,H,-0.4994,0.0001,-22.1795,loss_of_function,-7.18054107851133,0.9345841422782312,Pathogenic,0.9915,pathogenic,https://doi.org/10.1101/2022.10.22.513328
R2057G,3.61865,3.29252,2.449326455306794,Destabilizing,Uncertain,8.3,,,0.578,cBioPortal,,True,,,,,neutral,neutral,neutral,DOWN,neutral,neutral,neutral,,,,97.56,H,-0.4429,0.0218,-22.1795,loss_of_function,-7.15504799686825,0.884294703220014,Pathogenic,0.9392,pathogenic,https://doi.org/10.1101/2022.10.22.513328
R2057Q,1.79425,0.91973,1.1578898531792616,Neutral,Neutral,8.3,,,0.582,"cBioPortal,COSMIC",,True,,,,,neutral,neutral,neutral,DOWN,neutral,neutral,neutral,,,,97.56,H,-0.3823,0.0218,-22.1795,loss_of_function,-7.15504799686825,0.9205236011826696,Pathogenic,0.5216,ambiguous,https://doi.org/10.1101/2022.10.22.513328
R2057W,2.56771,-0.23912,-0.3605272323564601,Uncertain,Uncertain,8.3,,,0.598,"cBioPortal,clinvar",,True,,,,,neutral,neutral,neutral,UP,neutral,neutral,neutral,2443227,Uncertain significance,0,97.56,H,-0.4253,0.0218,-22.1795,loss_of_function,-6.07370211480414,0.9329800643198012,Pathogenic,0.9272,pathogenic,https://doi.org/10.1101/2022.10.22.513328
E2058K,2.47517,2.3966,0.8525710223935046,Uncertain,Uncertain,6.7,,,0.678,cBioPortal,,True,,,,,neutral,neutral,neutral,UP,neutral,neutral,neutral,,,,97.73,H,-0.2725,0.7596,-22.1795,loss_of_function,-6.79786461941351,0.910484096647554,Pathogenic,0.771,pathogenic,https://doi.org/10.1101/2022.10.22.513328
L2061S,4.44085,4.02075,4.523055680693687,Destabilizing,Destabilizing,0.3,,,0.753,cBioPortal,,False,,,,,neutral,neutral,neutral,DOWN,neutral,neutral,neutral,,,,98.55,H,-0.4496,0.0001,-22.1795,loss_of_function,-5.82739711914147,0.9110349513583332,Pathogenic,0.942,pathogenic,https://doi.org/10.1101/2022.10.22.513328
T2063I,-0.94765,0.38571,-0.0876011350936062,Neutral,Neutral,0.8,,3.9766807441e-06,0.419,"cBioPortal,COSMIC",,False,,,,,uncertain,,,UP,neutral,neutral,neutral,,,,98.75,H,-0.3464,0.0218,-22.1795,loss_of_function,-5.98889958805522,0.8959922205073103,Pathogenic,0.8991,pathogenic,https://doi.org/10.1101/2022.10.22.513328
L2064H,2.95121,2.98197,3.012905030293748,Uncertain,Uncertain,0.1,,,0.650,"cBioPortal,COSMIC",,False,,,,,neutral,neutral,neutral,DOWN,neutral,neutral,neutral,,,,98.68,H,-0.4459,0.1701,-22.1795,loss_of_function,-6.82176434491636,0.9328373722090404,Pathogenic,0.9891,pathogenic,https://doi.org/10.1101/2022.10.22.513328
L2064P,7.32639,11.05714,10.52532934373992,Destabilizing,Destabilizing,0.1,,,0.731,"cBioPortal,COSMIC",,False,,,,,neutral,neutral,neutral,DOWN,neutral,neutral,neutral,,,,98.68,H,-0.4869,0.1701,-22.1795,loss_of_function,-6.82176434491636,0.9346250994695704,Pathogenic,0.9979,pathogenic,https://doi.org/10.1101/2022.10.22.513328
L2064R,5.00999,4.36259,4.054747414423954,Destabilizing,Destabilizing,0.1,,,0.748,cBioPortal,,False,,,,,neutral,neutral,neutral,UP,neutral,neutral,neutral,,,,98.68,H,-0.4837,0.1701,-22.1795,loss_of_function,-6.82176434491636,0.9326103565880872,Pathogenic,0.9913,pathogenic,https://doi.org/10.1101/2022.10.22.513328
A2065T,1.43131,2.0102,1.2033821217739105,Uncertain,Neutral,4.2,,,0.280,"cBioPortal,COSMIC",,False,,,,,neutral,neutral,neutral,UP,neutral,neutral,neutral,,,,98.38,H,-0.3045,0.0702,-22.1795,loss_of_function,-4.09307303320429,0.9117823766750092,Pathogenic,0.8009,pathogenic,https://doi.org/10.1101/2022.10.22.513328
A2065V,2.60655,0.78197,0.6277620442241718,Uncertain,Uncertain,4.2,,,0.311,"cBioPortal,COSMIC",,False,,,,,neutral,neutral,neutral,UP,neutral,neutral,neutral,,,,98.38,H,-0.3015,0.0702,-22.1795,loss_of_function,-6.80569152417775,0.9288717060681584,Pathogenic,0.9179,pathogenic,https://doi.org/10.1101/2022.10.22.513328
N2066D,2.92078,1.59456,1.1666084088399378,Uncertain,Uncertain,24.4,,,0.392,COSMIC,,False,,,,,neutral,neutral,neutral,-,uncertain,uncertain,uncertain,,,,98.15,H,-0.3298,0.0218,-22.1795,loss_of_function,-4.31862474106192,0.914178744080899,Pathogenic,0.9705,pathogenic,https://doi.org/10.1101/2022.10.22.513328
N2066S,1.54299,1.41054,1.3814756187777175,Neutral,Neutral,24.4,,,,clinvar,,False,,,,,neutral,neutral,neutral,DOWN,neutral,neutral,neutral,1952877,Uncertain significance,1,98.15,H,-0.2965,0.0218,-22.1795,loss_of_function,-7.18072400807868,0.9344460275164176,Pathogenic,0.5034,ambiguous,https://doi.org/10.1101/2022.10.22.513328
N2066Y,4.30981,-0.37551,-0.166277447890708,Uncertain,Uncertain,24.4,,,,clinvar,,False,,,,,neutral,neutral,neutral,UP,neutral,neutral,neutral,801462,Likely pathogenic,1,98.15,H,-0.3673,0.0218,-22.1795,loss_of_function,-7.18072400807868,0.8893423301899626,Pathogenic,0.9711,pathogenic,https://doi.org/10.1101/2022.10.22.513328
I2067T,3.81655,2.57755,3.262787641760694,Uncertain,Destabilizing,0.0,,,0.689,cBioPortal,,False,,,,,neutral,neutral,neutral,DOWN,neutral,neutral,neutral,,,,98.31,H,-0.3814,0.0218,-22.1795,loss_of_function,-6.87457504162894,0.9052733683974676,Pathogenic,0.9204,pathogenic,https://doi.org/10.1101/2022.10.22.513328
S2068L,2.61152,1.2949,-0.0206925547909986,Uncertain,Uncertain,0.0,,,0.456,"cBioPortal,COSMIC,clinvar",,False,,,,,uncertain,,,UP,neutral,neutral,neutral,1695510,Uncertain significance,1,97.91,G,-0.3556,0.0218,-22.1795,loss_of_function,-6.13905214973344,0.8992559855292866,Pathogenic,0.7916,pathogenic,https://doi.org/10.1101/2022.10.22.513328
S2068W,17.4232,4.63503,2.4097430977756185,Destabilizing,Uncertain,0.0,,,0.566,"cBioPortal,COSMIC",,False,,,,,uncertain,,,UP,neutral,neutral,neutral,,,,97.91,G,-0.3659,0.0218,-22.1795,loss_of_function,-6.13905214973344,0.928859855312649,Pathogenic,0.9892,pathogenic,https://doi.org/10.1101/2022.10.22.513328
Q2070H,-0.0649,-1.2915,0.155502370228413,Neutral,Neutral,51.7,,,0.201,"cBioPortal,COSMIC",,False,,,,,neutral,neutral,neutral,UP,neutral,neutral,neutral,,,,97.11,G,-0.2966,0.0436,-22.1795,loss_of_function,-3.43074386752942,0.4283370355028671,Uncertain,0.6045,pathogenic,https://doi.org/10.1101/2022.10.22.513328
L2071S,4.69325,4.02381,4.311718135909165,Destabilizing,Destabilizing,0.1,,,0.766,"cBioPortal,COSMIC",,True,,,,,neutral,neutral,neutral,DOWN,neutral,neutral,neutral,,,,97.95,-,-0.4476,0.0218,-22.1795,loss_of_function,-7.18072400807868,0.9337804309028864,Pathogenic,0.9952,pathogenic,https://doi.org/10.1101/2022.10.22.513328
D2072H,2.90222,2.81667,1.0334295470398482,Uncertain,Uncertain,35.3,,,0.637,cBioPortal,,True,,,,,neutral,neutral,neutral,UP,neutral,neutral,neutral,,,,97.09,-,-0.3557,0.0218,-22.1795,loss_of_function,-7.18072400807868,0.930657858903861,Pathogenic,0.9832,pathogenic,https://doi.org/10.1101/2022.10.22.513328
L2073P,5.58315,6.96497,7.346933952036037,Destabilizing,Destabilizing,0.0,,,0.744,"cBioPortal,COSMIC",,True,,,,,neutral,neutral,neutral,DOWN,neutral,neutral,neutral,,,,97.35,-,-0.4812,0.2326,-22.1795,loss_of_function,-7.15041888559486,0.9314074760121154,Pathogenic,0.9967,pathogenic,https://doi.org/10.1101/2022.10.22.513328
P2075A,1.76794,-4.3568,0.2895163386870714,Uncertain,Neutral,58.7,,,0.137,cBioPortal,,True,,,,,neutral,neutral,neutral,DOWN,neutral,neutral,destabilizing,,,,95.59,T,-0.0323,2.0964,-2.1473,loss_of_function,-0.840758317593689,4.2590930987574085e-14,Benign,0.095,benign,https://doi.org/10.1101/2022.10.22.513328
P2075L,1.69895,-4.83027,-0.2937022153663421,Uncertain,Neutral,58.7,,,,COSMIC,,True,,,,,neutral,neutral,neutral,UP,neutral,neutral,neutral,,,,95.59,T,-0.0971,2.0964,-5.3038,loss_of_function,-0.468011544087429,4.681071125329976e-19,Benign,0.1066,benign,https://doi.org/10.1101/2022.10.22.513328
P2075S,1.17177,-4.00714,0.4242199220150183,Uncertain,Neutral,58.7,,,0.109,cBioPortal,,True,,,,,neutral,neutral,neutral,DOWN,neutral,neutral,destabilizing,,,,95.59,T,-0.0613,2.0964,-7.8887,loss_of_function,-0.859981096906908,1.3048096016751146e-07,Benign,0.1914,benign,https://doi.org/10.1101/2022.10.22.513328
Y2076F,1.0402,0.11633,0.5053989774500584,Neutral,Neutral,7.9,,,0.357,"cBioPortal,COSMIC",,True,,,,,uncertain,,,-,uncertain,uncertain,uncertain,,,,96.94,S,-0.2194,0.0219,-8.8886,loss_of_function,-1.54803248239658,0.924356820129124,Pathogenic,0.2749,benign,https://doi.org/10.1101/2022.10.22.513328
P2077H,2.71396,0.11701,-0.4275834023607816,Uncertain,Uncertain,62.4,,,,clinvar,,False,,,,,neutral,neutral,neutral,UP,neutral,neutral,neutral,1698043,Uncertain significance,1,95.14,-,-0.2592,1.1615,-22.1765,loss_of_function,-5.14591748884244,0.7393364905017882,Pathogenic,0.6472,pathogenic,https://doi.org/10.1101/2022.10.22.513328
P2077S,1.95583,0.81463,-0.0642137245608842,Neutral,Neutral,62.4,,,0.119,"cBioPortal,COSMIC",,False,,,,,neutral,neutral,neutral,DOWN,neutral,neutral,neutral,,,,95.14,-,-0.126,1.1615,-3.7188,loss_of_function,-1.20045541744535,0.0751924149806098,Benign,0.2109,benign,https://doi.org/10.1101/2022.10.22.513328
E2078K,0.15122,0.18265,0.2424025504872778,Neutral,Neutral,84.7,,,0.667,"cBioPortal,COSMIC,clinvar",,False,,,,,neutral,neutral,neutral,UP,neutral,neutral,neutral,225081,Conflicting interpretations of pathogenicity,1,93.37,H,-0.3423,0.0001,-22.1765,loss_of_function,-5.50838527884697,0.9290024664271658,Pathogenic,0.9424,pathogenic,https://doi.org/10.1101/2022.10.22.513328
S2079I,-0.97304,-0.07857,-0.1402392749969344,Neutral,Neutral,85.3,,1.1929188338e-05,0.422,"cBioPortal,COSMIC",,False,,,,,uncertain,,,UP,neutral,neutral,neutral,,,,92.66,H,-0.3613,0.0001,-22.1765,loss_of_function,-5.56642850640799,0.929116465960218,Pathogenic,0.8668,pathogenic,https://doi.org/10.1101/2022.10.22.513328
I2080V,0.67526,0.52959,0.8875571564995807,Neutral,Neutral,9.7,,,0.120,"cBioPortal,clinvar",,False,,,,,neutral,neutral,neutral,DOWN,neutral,neutral,neutral,2505965,Uncertain significance,1,96.72,H,-0.2713,0.0001,-22.1765,loss_of_function,-2.80519474481005,0.100787167370051,Benign,0.256,benign,https://doi.org/10.1101/2022.10.22.513328
C2081R,-1.58559,-0.72483,-0.6713844238653643,Neutral,Neutral,11.7,,,0.498,cBioPortal,,False,,,,,neutral,neutral,neutral,UP,neutral,neutral,neutral,,,,96.84,H,-0.5444,0.0001,-22.1765,loss_of_function,-7.18072400807868,0.932710451127865,Pathogenic,0.9953,pathogenic,https://doi.org/10.1101/2022.10.22.513328
P2083H,2.68341,-0.61667,-0.0646717727587931,Uncertain,Uncertain,32.0,,,0.588,COSMIC,,False,,,,,neutral,neutral,neutral,UP,neutral,neutral,neutral,,,,96.84,H,-0.3661,0.0001,-22.1765,loss_of_function,-7.18072400807868,0.9344784798658402,Pathogenic,0.9887,pathogenic,https://doi.org/10.1101/2022.10.22.513328
V2084D,4.48578,3.5466,4.002942490357203,Destabilizing,Destabilizing,0.0,,,0.585,"cBioPortal,COSMIC",,False,,,,,neutral,neutral,neutral,DOWN,neutral,neutral,neutral,,,,98.11,H,-0.3724,1.5747,-22.1795,loss_of_function,-5.46705516837626,5.025816835366592e-06,Benign,0.9949,pathogenic,https://doi.org/10.1101/2022.10.22.513328
V2084G,4.01962,4.6034,5.465174587897186,Destabilizing,Destabilizing,0.0,,,0.530,"cBioPortal,COSMIC",,False,,,,,neutral,neutral,neutral,DOWN,neutral,neutral,neutral,,,,98.11,H,-0.3316,1.5747,-22.1795,loss_of_function,-5.46705516837626,1.2015626660494182e-06,Benign,0.9201,pathogenic,https://doi.org/10.1101/2022.10.22.513328
L2085P,6.56349,9.63571,9.444127995479665,Destabilizing,Destabilizing,2.0,,,0.746,cBioPortal,,False,,,,,neutral,neutral,neutral,DOWN,neutral,neutral,neutral,,,,98.2,H,-0.5026,0.0001,-22.1795,loss_of_function,-7.18072400807868,0.9339102320621718,Pathogenic,0.9979,pathogenic,https://doi.org/10.1101/2022.10.22.513328
D2086N,-1.1382,-0.39728,0.0015525543801264,Neutral,Neutral,35.9,,,0.352,cBioPortal,,False,,,,,neutral,neutral,neutral,-,uncertain,uncertain,uncertain,,,,96.83,H,-0.3151,0.0001,-22.1765,loss_of_function,-2.66706866736198,0.8588546990143735,Pathogenic,0.9627,pathogenic,https://doi.org/10.1101/2022.10.22.513328
G2087E,12.32872,7.07517,9.60307527897339,Destabilizing,Destabilizing,0.0,,,0.680,"cBioPortal,COSMIC",,False,,,,,neutral,neutral,neutral,UP,neutral,neutral,neutral,,,,96.96,H,-0.4429,0.0001,-22.1765,loss_of_function,-7.11188055549642,0.9341929026154508,Pathogenic,0.9987,pathogenic,https://doi.org/10.1101/2022.10.22.513328
G2087K,6.51148,3.57823,10.527877069800716,Destabilizing,Destabilizing,0.0,,,,cBioPortal,,False,,,,,neutral,neutral,neutral,UP,neutral,neutral,neutral,,,,96.96,H,-0.4758,0.0001,-22.1765,loss_of_function,-7.11188055549642,0.9237470304357378,Pathogenic,0.9996,pathogenic,https://doi.org/10.1101/2022.10.22.513328
G2087R,4.76686,3.24286,9.952739274386952,Destabilizing,Destabilizing,0.0,,,0.697,"cBioPortal,COSMIC,clinvar",,False,,,,,neutral,neutral,neutral,UP,neutral,neutral,neutral,438750,other,0,96.96,H,-0.4599,0.0001,-22.1765,loss_of_function,-7.11188055549642,0.898438002324468,Pathogenic,0.999,pathogenic,https://doi.org/10.1101/2022.10.22.513328
G2087V,10.59298,4.20544,7.8245340359657245,Destabilizing,Destabilizing,0.0,,,0.690,"cBioPortal,COSMIC",,False,,,,,neutral,neutral,neutral,UP,neutral,neutral,neutral,,,,96.96,H,-0.4701,0.0001,-22.1765,loss_of_function,-7.11188055549642,0.9280434400696548,Pathogenic,0.992,pathogenic,https://doi.org/10.1101/2022.10.22.513328
L2088H,3.54102,3.72585,2.876869768423048,Destabilizing,Uncertain,0.1,,,0.723,COSMIC,,False,,,,,neutral,neutral,neutral,DOWN,neutral,neutral,neutral,,,,98.3,H,-0.4559,0.0612,-22.1765,loss_of_function,-7.0368339938473,0.9329984671164708,Pathogenic,0.9955,pathogenic,https://doi.org/10.1101/2022.10.22.513328
L2088P,6.41035,11.31361,8.973456271538721,Destabilizing,Destabilizing,0.1,,,0.778,"cBioPortal,COSMIC",,False,,,,,neutral,neutral,neutral,DOWN,neutral,neutral,neutral,,,,98.3,H,-0.497,0.0612,-22.1765,loss_of_function,-7.0368339938473,0.9341426403456308,Pathogenic,0.9984,pathogenic,https://doi.org/10.1101/2022.10.22.513328
L2088R,8.29061,7.42313,4.530713952082704,Destabilizing,Destabilizing,0.1,,,0.777,"cBioPortal,COSMIC",,False,,,,,neutral,neutral,neutral,UP,neutral,neutral,neutral,,,,98.3,H,-0.4937,0.0612,-22.1765,loss_of_function,-7.0368339938473,0.9227148257494064,Pathogenic,0.9951,pathogenic,https://doi.org/10.1101/2022.10.22.513328
L2089I,0.55329,0.90408,1.9553678051105687,Neutral,Neutral,1.0,,,0.259,COSMIC,,False,,,,,neutral,neutral,neutral,-,uncertain,uncertain,uncertain,,,,97.83,H,-0.2933,0.0001,-22.1765,loss_of_function,-3.18575700282979,0.915085841755473,Pathogenic,0.7859,pathogenic,https://doi.org/10.1101/2022.10.22.513328
L2089P,6.72974,9.27925,8.891448812204992,Destabilizing,Destabilizing,1.0,,,0.589,"cBioPortal,COSMIC",,False,,,,,neutral,neutral,neutral,DOWN,neutral,neutral,neutral,,,,97.83,H,-0.5026,0.0001,-22.1765,loss_of_function,-7.18072400807868,0.9344392312083176,Pathogenic,0.9994,pathogenic,https://doi.org/10.1101/2022.10.22.513328
H2090L,-2.20465,0.02959,-0.5464762121264449,Uncertain,Uncertain,25.5,,,0.698,"cBioPortal,COSMIC",,False,,,,,neutral,neutral,neutral,UP,neutral,neutral,stabilizing,,,,96.57,H,-0.3465,0.0001,-22.1765,loss_of_function,-7.18072400807868,0.9203931199457592,Pathogenic,0.9466,pathogenic,https://doi.org/10.1101/2022.10.22.513328
H2090P,5.53375,10.16633,7.203850211099542,Destabilizing,Destabilizing,25.5,,,0.731,"cBioPortal,COSMIC",,False,,,,,neutral,neutral,neutral,DOWN,neutral,neutral,neutral,,,,96.57,H,-0.46,0.0001,-22.1765,loss_of_function,-7.18072400807868,0.9316742445393642,Pathogenic,0.9922,pathogenic,https://doi.org/10.1101/2022.10.22.513328
H2090Q,-1.30733,1.35748,0.7302012007171346,Neutral,Neutral,25.5,,,0.492,COSMIC,,False,,,,,neutral,neutral,neutral,DOWN,neutral,neutral,neutral,,,,96.57,H,-0.265,0.0001,-22.1765,loss_of_function,-7.18072400807868,0.9343076103943916,Pathogenic,0.9779,pathogenic,https://doi.org/10.1101/2022.10.22.513328
H2090R,-0.58324,1.6068,0.2333397809548337,Neutral,Neutral,25.5,,,0.604,cBioPortal,,False,,,,,neutral,neutral,neutral,UP,neutral,neutral,stabilizing,,,,96.57,H,-0.3331,0.0001,-22.1765,loss_of_function,-7.18072400807868,0.9297299445978272,Pathogenic,0.9737,pathogenic,https://doi.org/10.1101/2022.10.22.513328
W2091C,3.57872,4.93537,5.374904341881772,Destabilizing,Destabilizing,0.9,,,0.638,cBioPortal,,False,,,,,neutral,neutral,neutral,DOWN,neutral,neutral,neutral,,,,97.54,H,-0.5121,0.0001,-22.1765,loss_of_function,-7.18072400807868,0.9175713410763688,Pathogenic,0.9982,pathogenic,https://doi.org/10.1101/2022.10.22.513328
A2092E,3.33959,3.30238,3.906735565284962,Destabilizing,Destabilizing,1.6,,,0.378,"cBioPortal,clinvar",,False,,,,,neutral,neutral,neutral,UP,neutral,neutral,neutral,1319853,Uncertain significance,1,97.12,H,-0.3355,0.784,-22.1765,loss_of_function,-6.65786788622487,0.4192419365419,Uncertain,0.9816,pathogenic,https://doi.org/10.1101/2022.10.22.513328
V2093F,6.01732,1.28401,1.6904840557880176,Uncertain,Uncertain,9.8,,,0.677,"cBioPortal,COSMIC",,False,,,,,neutral,neutral,neutral,UP,neutral,neutral,neutral,,,,96.17,H,-0.4278,0.0001,-22.1765,loss_of_function,-7.18072400807868,0.8027409476525091,Pathogenic,0.9448,pathogenic,https://doi.org/10.1101/2022.10.22.513328
V2093I,-0.4203,0.57483,0.2382805899777329,Neutral,Neutral,9.8,,,0.256,COSMIC,,False,,,,,neutral,neutral,neutral,UP,neutral,neutral,neutral,,,,96.17,H,-0.2862,0.0001,-22.1765,loss_of_function,-1.54538414403349,0.8945144209898415,Pathogenic,0.2466,benign,https://doi.org/10.1101/2022.10.22.513328
C2094F,11.44423,1.82109,0.0077125071804623,Uncertain,Uncertain,0.9,,,0.666,"cBioPortal,COSMIC",,False,,,,,neutral,neutral,neutral,UP,neutral,neutral,neutral,,,,95.27,-,-0.4862,0.0001,-22.1765,loss_of_function,-7.18072400807868,0.921047734604538,Pathogenic,0.9816,pathogenic,https://doi.org/10.1101/2022.10.22.513328
C2094Y,13.26577,1.42177,0.3841284911569653,Uncertain,Uncertain,0.9,,,0.657,"cBioPortal,COSMIC",,False,,,,,neutral,neutral,neutral,UP,neutral,neutral,neutral,,,,95.27,-,-0.4955,0.0001,-22.1765,loss_of_function,-7.18072400807868,0.9235590084022076,Pathogenic,0.9963,pathogenic,https://doi.org/10.1101/2022.10.22.513328
A2097S,0.4987,0.0051,0.2617173231198011,Neutral,Neutral,70.1,,,0.319,COSMIC,,False,,,,,neutral,neutral,neutral,-,uncertain,uncertain,uncertain,,,,93.17,H,-0.305,0.0001,-22.1765,loss_of_function,-2.51579297086346,0.9240760348146136,Pathogenic,0.3848,ambiguous,https://doi.org/10.1101/2022.10.22.513328
A2097T,0.53462,-0.13265,0.335339826683067,Neutral,Neutral,70.1,,,0.491,cBioPortal,,False,,,,,neutral,neutral,neutral,UP,neutral,neutral,neutral,,,,93.17,H,-0.3109,0.0001,-22.1765,loss_of_function,-2.52254065729493,0.9346340290532102,Pathogenic,0.7971,pathogenic,https://doi.org/10.1101/2022.10.22.513328
Q2100R,-0.72259,0.66361,-0.2831747756992292,Neutral,Neutral,41.4,,,0.132,COSMIC,,False,,,,,neutral,neutral,neutral,UP,neutral,neutral,neutral,,,,93.32,H,-0.2583,0.7936,-22.1795,loss_of_function,-3.45389539248458,0.7235403855766845,Pathogenic,0.1872,benign,https://doi.org/10.1101/2022.10.22.513328
D2101A,-0.02589,-0.33231,0.3400846390788509,Neutral,Neutral,81.1,,,0.642,COSMIC,,True,,,,,neutral,neutral,neutral,DOWN,neutral,neutral,neutral,,,,94.0,S,-0.3464,0.0218,-22.1795,loss_of_function,-7.18072400807868,0.9165616169812772,Pathogenic,0.9759,pathogenic,https://doi.org/10.1101/2022.10.22.513328
D2101G,0.45064,0.23741,0.8660718277396203,Neutral,Neutral,81.1,,,0.657,cBioPortal,,True,,,,,neutral,neutral,neutral,DOWN,neutral,neutral,neutral,,,,94.0,S,-0.3575,0.0218,-22.1795,loss_of_function,-7.18072400807868,0.9214494214865172,Pathogenic,0.9793,pathogenic,https://doi.org/10.1101/2022.10.22.513328
D2101N,-0.0049,-0.17653,0.0602134806034121,Neutral,Neutral,81.1,,,0.459,"cBioPortal,COSMIC",,True,,,,,neutral,neutral,neutral,-,uncertain,uncertain,uncertain,,,,94.0,S,-0.3131,0.0218,-22.1795,loss_of_function,-4.31862474106192,0.9274296487690068,Pathogenic,0.8963,pathogenic,https://doi.org/10.1101/2022.10.22.513328
P2102H,0.53897,0.82313,0.0463444408227708,Neutral,Neutral,36.9,,,0.466,COSMIC,,True,,,,,neutral,neutral,neutral,UP,neutral,neutral,neutral,,,,95.26,-,-0.359,0.0771,-22.1795,loss_of_function,-6.99417214783899,0.9313271842934672,Pathogenic,0.9087,pathogenic,https://doi.org/10.1101/2022.10.22.513328
P2102S,1.43819,1.4534,0.6493539448182364,Neutral,Neutral,36.9,,,0.397,cBioPortal,,True,,,,,neutral,neutral,neutral,DOWN,neutral,neutral,neutral,,,,95.26,-,-0.2522,0.0771,-8.8916,loss_of_function,-3.27799329612719,0.9344317098185546,Pathogenic,0.8166,pathogenic,https://doi.org/10.1101/2022.10.22.513328
F2103L,2.90677,1.52211,1.9649443970508496,Uncertain,Uncertain,13.5,,,0.355,"cBioPortal,COSMIC",,True,,,,,neutral,neutral,neutral,DOWN,neutral,neutral,neutral,,,,94.25,-,-0.355,0.0001,-22.1795,loss_of_function,-5.89536736537163,0.9272681224777232,Pathogenic,0.9797,pathogenic,https://doi.org/10.1101/2022.10.22.513328
F2103S,4.97716,3.76224,4.652080572370719,Destabilizing,Destabilizing,13.5,,,,clinvar,,True,,,,,neutral,neutral,neutral,DOWN,neutral,neutral,neutral,2571770,Uncertain significance,1,94.25,-,-0.428,0.0001,-22.1795,loss_of_function,-7.18035805973179,0.9107281765796564,Pathogenic,0.9507,pathogenic,https://doi.org/10.1101/2022.10.22.513328
S2104F,0.28604,0.75374,0.2278345069112597,Neutral,Neutral,84.4,,3.9766174892e-06,0.148,"cBioPortal,COSMIC",,True,,,,,uncertain,,,UP,neutral,neutral,stabilizing,,,,91.67,T,-0.2713,0.9444,-22.1795,loss_of_function,-3.85656475527332,7.163414346277843e-08,Benign,0.1788,benign,https://doi.org/10.1101/2022.10.22.513328
S2104P,-1.45821,-0.22619,1.2443597275066447,Neutral,Neutral,84.4,,,0.094,"cBioPortal,COSMIC",,True,,,,,uncertain,,,UP,neutral,neutral,stabilizing,,,,91.67,T,-0.236,0.9444,-0.4782,loss_of_function,0.0638147414075834,5.759353866235118e-32,Benign,0.0478,benign,https://doi.org/10.1101/2022.10.22.513328
T2105I,0.54829,0.70646,-0.1066113442596838,Neutral,Neutral,34.8,,,0.197,COSMIC,,True,,,,,uncertain,,,UP,neutral,neutral,stabilizing,,,,91.23,T,-0.3006,0.5194,-22.1795,loss_of_function,-3.91369627859502,0.8966709029098634,Pathogenic,0.1886,benign,https://doi.org/10.1101/2022.10.22.513328
T2105P,1.45666,5.35102,3.31287614304886,Uncertain,Uncertain,34.8,,,0.163,"cBioPortal,COSMIC",,True,,,,,uncertain,,,-,uncertain,uncertain,uncertain,,,,91.23,T,-0.439,0.5194,-22.1795,loss_of_function,-5.12897217656272,0.9045382418634932,Pathogenic,0.1242,benign,https://doi.org/10.1101/2022.10.22.513328
T2105S,0.48852,0.39184,0.4512942552165955,Neutral,Neutral,34.8,,,0.087,cBioPortal,,True,,,,,neutral,,,DOWN,neutral,neutral,neutral,,,,91.23,T,-0.1469,0.5194,-4.2479,loss_of_function,-0.943838998021211,0.0044427159195679,Benign,0.0889,benign,https://doi.org/10.1101/2022.10.22.513328
L2106M,0.30081,1.32143,0.8475464515273368,Neutral,Neutral,30.9,,,0.082,COSMIC,,True,,,,,neutral,neutral,neutral,-,uncertain,uncertain,uncertain,,,,91.03,S,-0.1741,0.8117,-8.8916,loss_of_function,-1.26146274141694,0.6987793455549052,Pathogenic,0.1222,benign,https://doi.org/10.1101/2022.10.22.513328
G2107C,-0.09361,0.74762,1.19860365791372,Neutral,Neutral,94.2,,,0.589,"cBioPortal,COSMIC",,True,,,,,neutral,neutral,neutral,UP,neutral,neutral,neutral,,,,88.35,-,-0.4431,0.0001,-22.1765,loss_of_function,-3.82315328148174,0.933036658339859,Pathogenic,0.5775,pathogenic,https://doi.org/10.1101/2022.10.22.513328
P2108A,0.54617,0.87551,-0.1400561662704091,Neutral,Neutral,97.7,,,,clinvar,,True,,,,,neutral,neutral,neutral,DOWN,neutral,neutral,destabilizing,1695487,Uncertain significance,1,86.13,T,-0.1977,0.6723,-8.8886,loss_of_function,-2.42683991361915,0.0037340306618155,Benign,0.1109,benign,https://doi.org/10.1101/2022.10.22.513328
P2108L,0.56822,1.08061,-0.3942316231512782,Neutral,Neutral,97.7,,,0.255,COSMIC,,True,,,,,neutral,neutral,neutral,UP,neutral,neutral,neutral,,,,86.13,T,-0.2186,0.6723,-3.4293,loss_of_function,-1.42363136771018,8.049837160062715e-06,Benign,0.1156,benign,https://doi.org/10.1101/2022.10.22.513328
N2109S,0.21204,0.29626,0.4707891089509397,Neutral,Neutral,114.8,,,,clinvar,,True,,,,,neutral,neutral,neutral,DOWN,neutral,neutral,neutral,2154861,Benign,1,89.48,T,-0.1229,1.0152,-6.0814,loss_of_function,-0.613424467994917,8.583713383783728e-05,Benign,0.065,benign,https://doi.org/10.1101/2022.10.22.513328
A2110D,-0.0862,0.42891,0.5266044529051563,Neutral,Neutral,32.1,,,0.224,cBioPortal,,True,,,,,neutral,neutral,neutral,UP,neutral,neutral,neutral,,,,92.1,-,-0.28,1.5428,-22.1765,loss_of_function,-6.2929039730092,0.0059673042183112,Benign,0.5033,ambiguous,https://doi.org/10.1101/2022.10.22.513328
A2110V,0.75304,3.13776,0.4925623266934115,Uncertain,Neutral,32.1,,,0.148,cBioPortal,,True,,,,,neutral,neutral,neutral,UP,neutral,neutral,neutral,,,,92.1,-,-0.166,1.5428,-22.1765,loss_of_function,-3.61481242498735,0.0054501298545013,Benign,0.1655,benign,https://doi.org/10.1101/2022.10.22.513328
V2111I,-0.68538,0.12959,-0.3516533825109236,Neutral,Neutral,79.6,3.18593092902e-05,3.18104099567e-05,0.025,"cBioPortal,COSMIC,clinvar",,True,,,,,neutral,neutral,neutral,UP,neutral,neutral,neutral,1212747,Benign/Likely benign,2,92.17,-,-0.1445,1.5398,-22.1765,loss_of_function,-1.45790223545299,0.0024439386176598,Benign,0.0945,benign,https://doi.org/10.1101/2022.10.22.513328
L2112V,1.44977,0.3949,0.9306016052759828,Neutral,Neutral,43.0,,,0.144,cBioPortal,,True,,,,,neutral,neutral,neutral,DOWN,neutral,neutral,neutral,,,,94.3,-,-0.2186,0.3588,-6.8887,loss_of_function,-1.538320193876,0.927322896349258,Pathogenic,0.1866,benign,https://doi.org/10.1101/2022.10.22.513328
S2113A,-0.12041,-0.63878,0.0263574111531383,Neutral,Neutral,5.7,,,0.292,cBioPortal,,True,,,,,uncertain,,,-,uncertain,uncertain,uncertain,,,,96.0,-,-0.2802,0.0001,-22.1765,loss_of_function,-2.89252325818466,0.9240303224786314,Pathogenic,0.3172,benign,https://doi.org/10.1101/2022.10.22.513328
S2113F,2.04239,-1.42415,-0.4458344629393895,Uncertain,Uncertain,5.7,,,0.624,"cBioPortal,COSMIC",,True,,,,,uncertain,,,UP,neutral,neutral,neutral,,,,96.0,-,-0.3582,0.0001,-22.1765,loss_of_function,-6.42819915992503,0.9028713740539728,Pathogenic,0.8267,pathogenic,https://doi.org/10.1101/2022.10.22.513328
P2114L,3.1184,0.51871,-0.7586676237653145,Uncertain,Uncertain,3.7,,3.9763644895e-06,0.611,"cBioPortal,COSMIC",,True,,,,,neutral,neutral,neutral,UP,neutral,neutral,neutral,,,,97.44,H,-0.3761,0.0001,-22.1765,loss_of_function,-7.17999175418782,0.9334822974006944,Pathogenic,0.8701,pathogenic,https://doi.org/10.1101/2022.10.22.513328
P2114Q,5.14825,1.29796,0.8385665504681367,Uncertain,Uncertain,3.7,,,0.655,cBioPortal,,True,,,,,neutral,neutral,neutral,UP,neutral,neutral,neutral,,,,97.44,H,-0.3558,0.0001,-22.1765,loss_of_function,-7.17999175418782,0.9191797212966464,Pathogenic,0.9161,pathogenic,https://doi.org/10.1101/2022.10.22.513328
R2116K,0.8836,0.80986,1.1611124721573711,Neutral,Neutral,28.0,,,0.398,cBioPortal,,False,,,,,neutral,neutral,neutral,-,uncertain,uncertain,uncertain,,,,97.01,H,-0.2182,0.0946,-7.8917,loss_of_function,-1.49296788697248,0.924899896969784,Pathogenic,0.5425,ambiguous,https://doi.org/10.1101/2022.10.22.513328
L2117P,4.34151,8.71769,8.098739414897434,Destabilizing,Destabilizing,4.9,,,0.831,cBioPortal,,False,,,,,neutral,neutral,neutral,DOWN,neutral,neutral,neutral,,,,97.98,H,-0.4955,0.0771,-22.1795,loss_of_function,-7.18054107851133,0.9331517612002552,Pathogenic,0.9883,pathogenic,https://doi.org/10.1101/2022.10.22.513328
V2118F,9.64847,9.5449,2.942451558583916,Destabilizing,Uncertain,0.0,,,0.387,cBioPortal,,False,,,,,neutral,neutral,neutral,UP,neutral,neutral,neutral,,,,98.21,H,-0.4258,0.0218,-22.1795,loss_of_function,-6.893449863859,0.9287083284337032,Pathogenic,0.922,pathogenic,https://doi.org/10.1101/2022.10.22.513328
V2118I,2.32625,2.09864,0.5748302485760315,Uncertain,Uncertain,0.0,,,0.166,COSMIC,,False,,,,,neutral,neutral,neutral,UP,neutral,neutral,neutral,,,,98.21,H,-0.2842,0.0218,-22.1795,loss_of_function,-4.14969111497263,0.934612396985966,Pathogenic,0.2943,benign,https://doi.org/10.1101/2022.10.22.513328
V2118L,2.32551,3.6449,1.2893308947907651,Uncertain,Uncertain,0.0,,,0.211,cBioPortal,,False,,,,,neutral,neutral,neutral,UP,neutral,neutral,neutral,,,,98.21,H,-0.3493,0.0218,-22.1795,loss_of_function,-4.14969111497263,0.9346289421580272,Pathogenic,0.8561,pathogenic,https://doi.org/10.1101/2022.10.22.513328
L2119S,3.8237,4.03639,3.739547372036498,Destabilizing,Destabilizing,1.1,,,0.570,COSMIC,,False,,,,,neutral,neutral,neutral,DOWN,neutral,neutral,neutral,,,,97.83,H,-0.3778,0.0436,-8.8916,loss_of_function,-7.1787068617612,0.9331376005191958,Pathogenic,0.9685,pathogenic,https://doi.org/10.1101/2022.10.22.513328
E2120K,-0.65666,1.14592,0.6320273530606701,Neutral,Neutral,34.3,,,0.667,cBioPortal,,False,,,,,neutral,neutral,neutral,UP,neutral,neutral,neutral,,,,97.74,H,-0.3403,0.0218,-22.1795,loss_of_function,-7.18054107851133,0.9338194026779733,Pathogenic,0.9731,pathogenic,https://doi.org/10.1101/2022.10.22.513328
T2121P,5.81498,11.74184,6.454908631872294,Destabilizing,Destabilizing,0.6,,,0.236,cBioPortal,,False,,,,,uncertain,,,-,uncertain,uncertain,uncertain,,,,98.55,H,-0.4763,0.1137,-22.1795,loss_of_function,-6.10981234595565,0.9345842946265404,Pathogenic,0.9419,pathogenic,https://doi.org/10.1101/2022.10.22.513328
L2122F,1.3708,2.02755,1.7916208711001471,Uncertain,Neutral,0.3,,,0.607,"cBioPortal,COSMIC",,False,,,,,neutral,neutral,neutral,UP,neutral,neutral,neutral,,,,98.5,H,-0.3507,0.0218,-22.1795,loss_of_function,-7.18054107851133,0.92890581033116,Pathogenic,0.792,pathogenic,https://doi.org/10.1101/2022.10.22.513328
S2123G,1.27855,0.10034,0.8790141403750173,Neutral,Neutral,5.3,,,0.218,cBioPortal,,False,,,,,uncertain,,,DOWN,neutral,neutral,neutral,,,,97.85,H,-0.2127,0.8331,-22.1795,loss_of_function,-6.96782733897902,0.7168380599147318,Pathogenic,0.2627,benign,https://doi.org/10.1101/2022.10.22.513328
S2123T,-0.10052,0.37075,-0.0071066963193944,Neutral,Neutral,5.3,,,0.317,COSMIC,,False,,,,,neutral,,,UP,neutral,neutral,neutral,,,,97.85,H,-0.1942,0.8331,-22.1795,loss_of_function,-4.19111897968118,0.781173054603969,Pathogenic,0.3807,ambiguous,https://doi.org/10.1101/2022.10.22.513328
L2125H,2.50855,2.78231,2.937540918423099,Uncertain,Uncertain,0.1,,,0.657,COSMIC,,False,,,,,neutral,neutral,neutral,DOWN,neutral,neutral,neutral,,,,98.27,H,-0.4616,0.0001,-22.1795,loss_of_function,-7.18054107851133,0.9175675701401887,Pathogenic,0.9893,pathogenic,https://doi.org/10.1101/2022.10.22.513328
L2125R,5.52596,4.5551,4.183661236446105,Destabilizing,Destabilizing,0.1,,,0.742,"cBioPortal,COSMIC",,False,,,,,neutral,neutral,neutral,UP,neutral,neutral,neutral,,,,98.27,H,-0.4994,0.0001,-22.1795,loss_of_function,-7.18054107851133,0.9284110551605737,Pathogenic,0.9874,pathogenic,https://doi.org/10.1101/2022.10.22.513328
S2126N,2.54199,2.97823,0.3942554546101767,Uncertain,Uncertain,0.0,,,0.199,cBioPortal,,False,,,,,uncertain,,,UP,neutral,neutral,neutral,,,,97.6,T,-0.3025,0.0001,-22.1795,loss_of_function,-7.18035805973179,0.924420663394848,Pathogenic,0.986,pathogenic,https://doi.org/10.1101/2022.10.22.513328
S2126R,8.62874,14.64082,3.3521178244603336,Destabilizing,Destabilizing,0.0,,,0.345,cBioPortal,,False,,,,,uncertain,,,UP,neutral,neutral,neutral,,,,97.6,T,-0.374,0.0001,-22.1795,loss_of_function,-7.18035805973179,0.9234164368591264,Pathogenic,0.9994,pathogenic,https://doi.org/10.1101/2022.10.22.513328
I2127M,-0.51732,-0.37993,0.5685145146228417,Neutral,Neutral,60.3,,,0.249,"cBioPortal,COSMIC",,False,,,,,neutral,neutral,neutral,-,uncertain,uncertain,uncertain,,,,95.99,T,-0.3071,0.1061,-22.1795,loss_of_function,-3.93702807613543,0.932847431102988,Pathogenic,0.6555,pathogenic,https://doi.org/10.1101/2022.10.22.513328
N2130S,0.74366,0.50136,0.0702991017347992,Neutral,Neutral,65.3,,,0.058,cBioPortal,,False,,,,,neutral,neutral,neutral,DOWN,neutral,neutral,neutral,,,,94.29,H,-0.2085,0.0979,-6.3068,loss_of_function,-0.69763392454305,0.0004375732165837,Benign,0.0753,benign,https://doi.org/10.1101/2022.10.22.513328
N2131K,7.76213,8.00884,5.851680343442786,Destabilizing,Destabilizing,0.0,,,0.344,COSMIC,,False,,,,,neutral,neutral,neutral,UP,neutral,neutral,neutral,,,,97.21,H,-0.3318,0.0001,-22.1765,loss_of_function,-7.18035805973179,0.928269471803798,Pathogenic,0.9993,pathogenic,https://doi.org/10.1101/2022.10.22.513328
N2131S,3.93332,2.76224,2.955157627448402,Uncertain,Uncertain,0.0,,,0.553,"cBioPortal,COSMIC",,False,,,,,neutral,neutral,neutral,DOWN,neutral,neutral,neutral,,,,97.21,H,-0.2985,0.0001,-22.1765,loss_of_function,-7.18035805973179,0.9059533664348446,Pathogenic,0.8141,pathogenic,https://doi.org/10.1101/2022.10.22.513328
D2133E,-0.10654,-0.37551,-0.1086391481637716,Neutral,Neutral,84.1,,,,clinvar,,False,,,,,neutral,neutral,neutral,UP,neutral,neutral,neutral,520930,Uncertain significance,1,95.23,H,-0.2933,0.0001,-22.1765,loss_of_function,-4.31862474106192,0.9285457055443024,Pathogenic,0.9881,pathogenic,https://doi.org/10.1101/2022.10.22.513328
L2134V,2.16315,2.89184,1.2442141073658677,Uncertain,Uncertain,35.0,,,,clinvar,,False,,,,,neutral,neutral,neutral,DOWN,neutral,neutral,neutral,546575,Likely pathogenic,1,96.7,H,-0.3296,0.0001,-22.1765,loss_of_function,-4.31862474106192,0.9303838455209432,Pathogenic,0.8079,pathogenic,https://doi.org/10.1101/2022.10.22.513328
I2135N,2.88749,3.81599,3.3636404211534066,Uncertain,Uncertain,0.1,,,0.363,"cBioPortal,COSMIC",,True,,,,,neutral,neutral,neutral,DOWN,neutral,neutral,neutral,,,,97.5,H,-0.4349,0.3068,-22.1765,loss_of_function,-6.05455261250674,0.934603439258737,Pathogenic,0.9974,pathogenic,https://doi.org/10.1101/2022.10.22.513328
I2135S,3.7538,4.93469,4.265938946261583,Destabilizing,Destabilizing,0.1,,,0.544,cBioPortal,,True,,,,,neutral,neutral,neutral,DOWN,neutral,neutral,neutral,,,,97.5,H,-0.4383,0.3068,-22.1765,loss_of_function,-6.05455261250674,0.8682309724348417,Pathogenic,0.9949,pathogenic,https://doi.org/10.1101/2022.10.22.513328
I2135V,1.4249,1.42211,1.2044405693833984,Neutral,Neutral,0.1,,,0.094,"cBioPortal,COSMIC",,True,,,,,neutral,neutral,neutral,DOWN,neutral,neutral,neutral,,,,97.5,H,-0.1513,0.3068,-4.1883,loss_of_function,-1.23413575368846,0.6265942439815082,Uncertain,0.2833,benign,https://doi.org/10.1101/2022.10.22.513328
L2136Q,1.53152,2.20272,2.596236877013532,Uncertain,Uncertain,9.8,,,0.601,cBioPortal,,True,,,,,neutral,neutral,neutral,DOWN,neutral,neutral,neutral,,,,96.31,H,-0.4399,0.0001,-22.1765,loss_of_function,-5.98742717812323,0.9328738507463664,Pathogenic,0.9911,pathogenic,https://doi.org/10.1101/2022.10.22.513328
L2136V,2.0984,1.62007,1.57552033451673,Uncertain,Uncertain,9.8,,,0.165,cBioPortal,,True,,,,,neutral,neutral,neutral,DOWN,neutral,neutral,neutral,,,,96.31,H,-0.3296,0.0001,-22.1765,loss_of_function,-4.31862474106192,0.9335420127051286,Pathogenic,0.7955,pathogenic,https://doi.org/10.1101/2022.10.22.513328
A2137D,1.38797,0.46565,0.1559433630853651,Neutral,Neutral,79.4,,,,clinvar,,True,,,,,neutral,neutral,neutral,UP,neutral,neutral,neutral,432033,Likely pathogenic,1,94.93,H,-0.422,0.0001,-22.1765,loss_of_function,-7.18035805973179,0.9301074453184212,Pathogenic,0.9935,pathogenic,https://doi.org/10.1101/2022.10.22.513328
T2138I,0.40489,0.21973,-0.879987588916949,Neutral,Neutral,3.8,,,0.709,"cBioPortal,COSMIC",,True,,,,,uncertain,,,UP,neutral,neutral,neutral,,,,92.92,S,-0.3484,0.0001,-22.1765,loss_of_function,-6.99019875109268,0.9249892657130672,Pathogenic,0.963,pathogenic,https://doi.org/10.1101/2022.10.22.513328
T2138K,1.70895,2.65442,1.0924703586430156,Uncertain,Neutral,3.8,,,0.700,"cBioPortal,COSMIC",,True,,,,,uncertain,,,UP,neutral,neutral,neutral,,,,92.92,S,-0.4056,0.0001,-22.1765,loss_of_function,-6.99019875109268,0.9338610424821648,Pathogenic,0.9944,pathogenic,https://doi.org/10.1101/2022.10.22.513328
T2138P,5.91577,4.95714,4.593347363173261,Destabilizing,Destabilizing,3.8,,,0.617,COSMIC,,True,,,,,uncertain,,,-,uncertain,uncertain,uncertain,,,,92.92,S,-0.4868,0.0001,-22.1765,loss_of_function,-6.99019875109268,0.9344069988091056,Pathogenic,0.9289,pathogenic,https://doi.org/10.1101/2022.10.22.513328
P2139A,1.16737,1.48265,-0.5659481730196908,Neutral,Neutral,69.9,,,0.298,cBioPortal,,True,,,,,neutral,neutral,neutral,DOWN,neutral,neutral,destabilizing,,,,88.04,S,-0.235,0.111,-6.0814,loss_of_function,-2.77384652716478,0.5417187262138058,Uncertain,0.4876,ambiguous,https://doi.org/10.1101/2022.10.22.513328
P2139H,1.2701,1.63741,-0.9425991545175794,Neutral,Neutral,69.9,,,0.539,"cBioPortal,COSMIC",,True,,,,,neutral,neutral,neutral,UP,neutral,neutral,stabilizing,,,,88.04,S,-0.3559,0.111,-22.1765,loss_of_function,-6.77198093921736,0.9307395839247674,Pathogenic,0.9675,pathogenic,https://doi.org/10.1101/2022.10.22.513328
P2139L,0.85951,0.55986,-0.981586324840648,Neutral,Neutral,69.9,,,0.560,"cBioPortal,COSMIC",,True,,,,,neutral,neutral,neutral,UP,neutral,neutral,stabilizing,,,,88.04,S,-0.3659,0.111,-22.1765,loss_of_function,-6.77198093921736,0.9327707406046948,Pathogenic,0.8994,pathogenic,https://doi.org/10.1101/2022.10.22.513328
P2140L,1.57907,1.49184,-0.9196447650270916,Neutral,Neutral,55.7,,,0.584,cBioPortal,,True,,,,,neutral,neutral,neutral,UP,neutral,neutral,stabilizing,,,,88.86,-,-0.3761,0.0001,-22.1765,loss_of_function,-7.17962509074879,0.934068510435898,Pathogenic,0.9698,pathogenic,https://doi.org/10.1101/2022.10.22.513328
F2141L,0.63785,1.24932,1.140263519776051,Neutral,Neutral,41.5,,,0.412,cBioPortal,,True,,,,,neutral,neutral,neutral,DOWN,neutral,neutral,neutral,,,,91.39,H,-0.232,0.3418,-4.2418,loss_of_function,-2.51469035962671,0.3226727063621198,Uncertain,0.991,pathogenic,https://doi.org/10.1101/2022.10.22.513328
S2142C,-0.00456,0.79048,0.7842675960207168,Neutral,Neutral,76.4,,,0.344,cBioPortal,,True,,,,,uncertain,,,UP,neutral,neutral,stabilizing,,,,91.55,H,-0.2867,0.4769,-22.1704,loss_of_function,-1.46050523168095,0.9091366732615254,Pathogenic,0.2977,benign,https://doi.org/10.1101/2022.10.22.513328
S2142R,-0.36042,-0.12075,-0.2796744201717011,Neutral,Neutral,76.4,,,,COSMIC,,True,,,,,uncertain,,,UP,neutral,neutral,stabilizing,,,,91.55,H,-0.2623,0.4769,-8.8825,loss_of_function,-5.177067683264,0.7658549795464212,Pathogenic,0.9845,pathogenic,https://doi.org/10.1101/2022.10.22.513328
R2143C,1.25816,1.95884,1.7707883269322129,Neutral,Neutral,20.8,,3.9763961127e-06,0.509,"cBioPortal,COSMIC",,True,,,,,neutral,neutral,neutral,DOWN,neutral,neutral,neutral,,,,94.26,H,-0.4184,0.0001,-22.1765,loss_of_function,-7.18035805973179,0.92354905227341,Pathogenic,0.9329,pathogenic,https://doi.org/10.1101/2022.10.22.513328
R2143H,1.9876,2.00238,0.9072049997795424,Uncertain,Neutral,20.8,,,0.748,"cBioPortal,COSMIC",,True,,,,,neutral,neutral,neutral,DOWN,neutral,neutral,neutral,,,,94.26,H,-0.3793,0.0001,-22.1765,loss_of_function,-7.18035805973179,0.908239783301116,Pathogenic,0.8178,pathogenic,https://doi.org/10.1101/2022.10.22.513328
R2143L,-1.11826,-0.23469,0.0911837969975765,Neutral,Neutral,20.8,,,0.752,"cBioPortal,COSMIC",,True,,,,,neutral,neutral,neutral,DOWN,neutral,neutral,neutral,,,,94.26,H,-0.412,0.0001,-22.1765,loss_of_function,-7.18035805973179,0.9227534631004612,Pathogenic,0.96,pathogenic,https://doi.org/10.1101/2022.10.22.513328
K2146M,-0.32149,0.07857,-0.0671511675702818,Neutral,Neutral,65.3,,,0.261,cBioPortal,,True,,,,,neutral,neutral,neutral,DOWN,neutral,neutral,neutral,,,,95.3,H,-0.3322,0.0001,-22.1765,loss_of_function,-6.92526233049497,0.9323485257517036,Pathogenic,0.9318,pathogenic,https://doi.org/10.1101/2022.10.22.513328
K2146R,-0.69893,-0.10612,-0.209424113845657,Neutral,Neutral,65.3,,,,clinvar,,True,,,,,neutral,neutral,neutral,-,uncertain,uncertain,uncertain,1343286,Uncertain significance,1,95.3,H,-0.2558,0.0001,-22.1765,loss_of_function,-1.39540851437471,0.7132399197959773,Pathogenic,0.2914,benign,https://doi.org/10.1101/2022.10.22.513328
L2147S,4.67628,3.90952,4.169498793857047,Destabilizing,Destabilizing,0.2,,,0.695,"cBioPortal,COSMIC",,True,,,,,neutral,neutral,neutral,DOWN,neutral,neutral,neutral,,,,96.97,H,-0.432,0.191,-22.1765,loss_of_function,-6.96166069256517,0.9032842976392252,Pathogenic,0.9762,pathogenic,https://doi.org/10.1101/2022.10.22.513328
M2151V,2.33791,1.93503,1.651855792319781,Uncertain,Uncertain,1.2,,3.9765542362e-06,0.094,cBioPortal,,True,,,,,neutral,neutral,neutral,DOWN,neutral,neutral,neutral,,,,97.1,H,-0.2651,0.9305,-22.1765,loss_of_function,-3.88639401926943,2.2491068662541824e-05,Benign,0.1358,benign,https://doi.org/10.1101/2022.10.22.513328
R2153H,0.98086,0.43605,0.7405531699288592,Neutral,Neutral,58.4,3.1843077315e-05,3.18136989788e-05,0.426,"cBioPortal,clinvar",,True,,,,,neutral,neutral,neutral,DOWN,neutral,neutral,neutral,1903017,Likely benign,1,95.78,H,-0.2963,0.0772,-7.3037,loss_of_function,-2.83825684226263,0.9019936393282932,Pathogenic,0.1675,benign,https://doi.org/10.1101/2022.10.22.513328
S2156G,0.33708,0.8102,0.3250664375147166,Neutral,Neutral,59.8,,,0.207,"cBioPortal,COSMIC,clinvar",,True,,,,,uncertain,,,DOWN,neutral,neutral,neutral,1699030,Uncertain significance,1,94.2,H,-0.0854,1.0242,-0.6744,loss_of_function,-0.607197659767679,5.957113895023785e-25,Benign,0.068,benign,https://doi.org/10.1101/2022.10.22.513328
D2157N,1.32175,0.53435,0.3865339361874165,Neutral,Neutral,37.9,,,0.188,"cBioPortal,COSMIC",,True,,,,,neutral,neutral,neutral,-,uncertain,uncertain,uncertain,,,,90.15,-,-0.2435,0.778,-22.1765,loss_of_function,-2.57957504251876,0.8479562454332239,Pathogenic,0.3308,benign,https://doi.org/10.1101/2022.10.22.513328
R2158Q,0.88575,0.79354,1.0653369903524967,Neutral,Neutral,58.5,,7.9537410421e-06,0.263,"cBioPortal,COSMIC",,True,,,,,neutral,neutral,neutral,DOWN,neutral,neutral,destabilizing,,,,89.49,T,-0.3843,0.0001,-22.1765,loss_of_function,-7.17999175418782,0.9279101533383064,Pathogenic,0.6859,pathogenic,https://doi.org/10.1101/2022.10.22.513328
K2159N,-0.38745,-0.16633,-0.0440142829665601,Neutral,Neutral,95.1,,,0.147,"cBioPortal,COSMIC",,True,,,,,neutral,neutral,neutral,DOWN,neutral,neutral,destabilizing,,,,91.12,T,-0.334,0.0703,-22.1765,loss_of_function,-6.21506004150612,0.9058117482546744,Pathogenic,0.8958,pathogenic,https://doi.org/10.1101/2022.10.22.513328
P2161A,1.79034,1.27007,-0.3704419336556802,Neutral,Neutral,45.7,,,,clinvar,,True,,,,,neutral,neutral,neutral,DOWN,neutral,neutral,neutral,1623978,Benign,1,91.29,H,-0.1234,1.084,-1.7522,loss_of_function,-1.03405931373359,0.0001678938819995,Benign,0.0746,benign,https://doi.org/10.1101/2022.10.22.513328
P2161L,0.81057,0.01769,-1.200577466007694,Neutral,Neutral,45.7,,2.38610333418e-05,0.081,"cBioPortal,COSMIC",,True,,,,,neutral,neutral,neutral,UP,neutral,neutral,neutral,,,,91.29,H,-0.2005,1.084,-7.3068,loss_of_function,-2.31489416620501,0.5058153297635695,Uncertain,0.1159,benign,https://doi.org/10.1101/2022.10.22.513328
P2161T,1.24408,1.2915,-0.1053373300925164,Neutral,Neutral,45.7,,,0.154,COSMIC,,True,,,,,neutral,neutral,neutral,-,uncertain,uncertain,uncertain,,,,91.29,H,-0.2395,1.084,-22.1795,loss_of_function,-1.25526003512173,0.1567609108876521,Benign,0.103,benign,https://doi.org/10.1101/2022.10.22.513328
C2163R,1.47612,2.08095,0.3986360898049601,Uncertain,Neutral,1.5,,,0.353,"cBioPortal,COSMIC",,False,,,,,neutral,neutral,neutral,UP,neutral,neutral,neutral,,,,94.68,H,-0.5445,0.0001,-22.1795,loss_of_function,-5.59098718294552,0.8988203689462917,Pathogenic,0.9481,pathogenic,https://doi.org/10.1101/2022.10.22.513328
C2163Y,1.26692,4.77245,0.2213861599375721,Uncertain,Neutral,1.5,,,0.458,cBioPortal,,False,,,,,neutral,neutral,neutral,UP,neutral,neutral,neutral,,,,94.68,H,-0.4955,0.0001,-22.1795,loss_of_function,-2.44741240190711,0.3386954975579087,Uncertain,0.6715,pathogenic,https://doi.org/10.1101/2022.10.22.513328
R2164L,1.754,0.65408,0.6562053003918025,Neutral,Neutral,10.3,,,0.583,"cBioPortal,COSMIC",,False,,,,,neutral,neutral,neutral,DOWN,neutral,neutral,neutral,,,,95.23,H,-0.412,0.0001,-22.1795,loss_of_function,-7.18035805973179,0.9320567239192044,Pathogenic,0.9762,pathogenic,https://doi.org/10.1101/2022.10.22.513328
R2164W,3.32236,0.73844,1.495149758153596,Uncertain,Uncertain,10.3,,,0.497,"cBioPortal,COSMIC,clinvar",,False,,,,,neutral,neutral,neutral,UP,neutral,neutral,neutral,1177345,Conflicting interpretations of pathogenicity,1,95.23,H,-0.4273,0.0001,-22.1795,loss_of_function,-7.18035805973179,0.9270046055992084,Pathogenic,0.9767,pathogenic,https://doi.org/10.1101/2022.10.22.513328
E2165K,0.22959,0.22517,0.2635894454491022,Neutral,Neutral,38.4,,,0.650,cBioPortal,,False,,,,,neutral,neutral,neutral,UP,neutral,neutral,neutral,,,,95.49,H,-0.3423,0.0001,-22.1795,loss_of_function,-7.24158473259243,0.9346352516448048,Pathogenic,0.9918,pathogenic,https://doi.org/10.1101/2022.10.22.513328
E2165Q,0.18185,-0.21837,0.1477636857237318,Neutral,Neutral,38.4,,,0.524,"cBioPortal,COSMIC",,False,,,,,neutral,neutral,neutral,UP,neutral,neutral,neutral,,,,95.49,H,-0.2928,0.0001,-22.1795,loss_of_function,-4.35544950969174,0.932983573688832,Pathogenic,0.9416,pathogenic,https://doi.org/10.1101/2022.10.22.513328
M2166I,3.91769,2.02143,0.7031729605903647,Uncertain,Uncertain,25.5,,,0.454,"cBioPortal,COSMIC",,False,,,,,neutral,neutral,neutral,-,uncertain,uncertain,uncertain,,,,96.45,H,-0.3187,0.0001,-22.1795,loss_of_function,-1.55066766427301,0.9343137520489548,Pathogenic,0.9738,pathogenic,https://doi.org/10.1101/2022.10.22.513328
L2170R,4.7677,5.61701,3.391800469220488,Destabilizing,Destabilizing,0.3,,,0.759,cBioPortal,,False,,,,,neutral,neutral,neutral,UP,neutral,neutral,neutral,,,,97.57,H,-0.4994,0.0001,-22.1765,loss_of_function,-5.49702993484997,0.9279991741261348,Pathogenic,0.9943,pathogenic,https://doi.org/10.1101/2022.10.22.513328
L2171P,6.51247,10.7881,8.084484815715538,Destabilizing,Destabilizing,0.6,,,0.806,"cBioPortal,COSMIC",,False,,,,,neutral,neutral,neutral,DOWN,neutral,neutral,neutral,,,,97.59,H,-0.5026,0.0001,-22.1765,loss_of_function,-7.17944162459994,0.9302395466469292,Pathogenic,0.9992,pathogenic,https://doi.org/10.1101/2022.10.22.513328
A2172V,1.33762,1.72415,0.6582369337013783,Neutral,Neutral,0.2,,,0.282,cBioPortal,,False,,,,,neutral,neutral,neutral,UP,neutral,neutral,neutral,,,,97.17,H,-0.2374,0.7668,-22.1765,loss_of_function,-6.66384302816462,0.892560114906411,Pathogenic,0.9661,pathogenic,https://doi.org/10.1101/2022.10.22.513328
N2173I,1.60476,5.12517,-0.2182850306523737,Uncertain,Neutral,13.3,,,0.359,"cBioPortal,clinvar",,False,,,,,neutral,neutral,neutral,UP,neutral,neutral,neutral,917881,Likely pathogenic,1,97.51,H,-0.3788,0.0001,-22.1765,loss_of_function,-5.42273073344591,0.9234564656311328,Pathogenic,0.9836,pathogenic,https://doi.org/10.1101/2022.10.22.513328
N2173S,1.45845,1.05782,0.9127679010713764,Neutral,Neutral,13.3,,,,clinvar,,False,,,,,neutral,neutral,neutral,DOWN,neutral,neutral,neutral,434345,Uncertain significance,1,97.51,H,-0.2985,0.0001,-22.1765,loss_of_function,-5.10940650871777,0.9307999667462024,Pathogenic,0.5041,ambiguous,https://doi.org/10.1101/2022.10.22.513328
L2174M,-0.45679,0.84048,1.856246473338955,Neutral,Neutral,0.2,,,0.310,cBioPortal,,False,,,,,neutral,neutral,neutral,-,uncertain,uncertain,uncertain,,,,97.4,H,-0.3115,0.0554,-22.1765,loss_of_function,-2.705827206183,0.8867759522529679,Pathogenic,0.4106,ambiguous,https://doi.org/10.1101/2022.10.22.513328
L2174R,5.36168,8.07517,4.423890762441928,Destabilizing,Destabilizing,0.2,,,0.766,"cBioPortal,COSMIC",,False,,,,,neutral,neutral,neutral,UP,neutral,neutral,neutral,,,,97.4,H,-0.4943,0.0554,-22.1765,loss_of_function,-7.03377455853698,0.8654429542209003,Pathogenic,0.9928,pathogenic,https://doi.org/10.1101/2022.10.22.513328
A2175T,2.42941,3.25238,0.894154807383013,Uncertain,Uncertain,0.5,,,0.489,cBioPortal,,False,,,,,neutral,neutral,neutral,UP,neutral,neutral,neutral,,,,96.86,H,-0.3109,0.0001,-22.1765,loss_of_function,-3.18575700282979,0.9018928307756052,Pathogenic,0.9329,pathogenic,https://doi.org/10.1101/2022.10.22.513328
G2177R,0.42226,-1.08061,2.9493063008233698,Neutral,Uncertain,46.1,,,0.701,"cBioPortal,COSMIC",,False,,,,,neutral,neutral,neutral,UP,neutral,neutral,neutral,,,,92.68,H,-0.4599,0.0001,-22.1765,loss_of_function,-7.05070175283913,0.9082224377526388,Pathogenic,0.9958,pathogenic,https://doi.org/10.1101/2022.10.22.513328
D2178N,4.17828,0.19558,-0.2033265188474164,Uncertain,Uncertain,45.7,,,0.447,cBioPortal,,False,,,,,neutral,neutral,neutral,-,uncertain,uncertain,uncertain,,,,94.77,-,-0.3086,0.0703,-22.1765,loss_of_function,-4.1957220757599,0.9094068095685394,Pathogenic,0.8674,pathogenic,https://doi.org/10.1101/2022.10.22.513328
S2179I,-1.05281,-0.47041,-0.2659208297901677,Neutral,Neutral,83.2,,,0.265,COSMIC,,False,,,,,uncertain,,,UP,neutral,neutral,neutral,,,,95.6,H,-0.2554,1.1521,-22.1765,loss_of_function,-3.72996038041912,0.8790647166476337,Pathogenic,0.4911,ambiguous,https://doi.org/10.1101/2022.10.22.513328
L2180V,1.02918,0.33571,0.4006858491160348,Neutral,Neutral,68.5,,,0.152,cBioPortal,,False,,,,,neutral,neutral,neutral,DOWN,neutral,neutral,neutral,,,,95.1,H,-0.1543,0.9518,-4.9818,loss_of_function,-0.847529706345227,0.0033704316518767,Benign,0.1202,benign,https://doi.org/10.1101/2022.10.22.513328
A2181S,1.69005,1.06735,1.894800895455116,Neutral,Neutral,0.7,,,0.252,cBioPortal,,False,,,,,neutral,neutral,neutral,-,uncertain,uncertain,uncertain,,,,95.72,H,-0.2908,0.1546,-22.1765,loss_of_function,-2.47071541815109,0.9067597834717682,Pathogenic,0.3424,ambiguous,https://doi.org/10.1101/2022.10.22.513328
A2182P,7.01842,7.52143,9.60828896570892,Destabilizing,Destabilizing,1.5,,,,clinvar,,False,,,,,neutral,neutral,neutral,UP,neutral,neutral,neutral,434346,Uncertain significance,1,97.19,H,-0.4617,0.0001,-22.1765,loss_of_function,-6.80311949016806,0.9345747365101011,Pathogenic,0.9935,pathogenic,https://doi.org/10.1101/2022.10.22.513328
A2182V,3.77954,4.10136,1.1103499604381877,Destabilizing,Uncertain,1.5,,,0.456,"cBioPortal,COSMIC",,False,,,,,neutral,neutral,neutral,UP,neutral,neutral,neutral,,,,97.19,H,-0.308,0.0001,-22.1765,loss_of_function,-6.80311949016806,0.928348618843158,Pathogenic,0.9483,pathogenic,https://doi.org/10.1101/2022.10.22.513328
R2183C,1.26335,1.28197,1.853384039538429,Neutral,Neutral,53.9,,,0.504,"cBioPortal,COSMIC",,False,,,,,neutral,neutral,neutral,DOWN,neutral,neutral,neutral,,,,97.2,H,-0.4184,0.0001,-22.1765,loss_of_function,-5.43365422757624,0.932418604402225,Pathogenic,0.932,pathogenic,https://doi.org/10.1101/2022.10.22.513328
R2183H,-0.21614,0.37347,0.9438972423263492,Neutral,Neutral,53.9,,,0.696,"cBioPortal,COSMIC,clinvar",,False,,,,,neutral,neutral,neutral,DOWN,neutral,neutral,neutral,2444600,Uncertain significance,2,97.2,H,-0.3793,0.0001,-22.1765,loss_of_function,-7.1787068617612,0.9221530490291088,Pathogenic,0.7428,pathogenic,https://doi.org/10.1101/2022.10.22.513328
R2183L,-0.42331,-0.32619,0.3554212578757915,Neutral,Neutral,53.9,,,0.728,cBioPortal,,False,,,,,neutral,neutral,neutral,DOWN,neutral,neutral,neutral,,,,97.2,H,-0.412,0.0001,-22.1765,loss_of_function,-7.1787068617612,0.9343952688701468,Pathogenic,0.9697,pathogenic,https://doi.org/10.1101/2022.10.22.513328
A2184D,2.10983,2.61429,1.501762492100731,Uncertain,Uncertain,14.3,,,0.501,cBioPortal,,False,,,,,neutral,neutral,neutral,UP,neutral,neutral,neutral,,,,96.25,H,-0.4155,0.0703,-22.1765,loss_of_function,-6.84939926933383,0.9265595266256964,Pathogenic,0.9971,pathogenic,https://doi.org/10.1101/2022.10.22.513328
A2184V,0.34239,0.68503,-0.2095346504086093,Neutral,Neutral,14.3,,,0.210,cBioPortal,,False,,,,,neutral,neutral,neutral,UP,neutral,neutral,neutral,,,,96.25,H,-0.3015,0.0703,-22.1765,loss_of_function,-4.55143997662647,0.8416329628946078,Pathogenic,0.9445,pathogenic,https://doi.org/10.1101/2022.10.22.513328
I2185N,4.09234,4.17075,3.0868956302014814,Destabilizing,Destabilizing,0.8,,,0.397,cBioPortal,,False,,,,,neutral,neutral,neutral,DOWN,neutral,neutral,neutral,,,,97.31,H,-0.4475,0.1694,-22.1765,loss_of_function,-6.43350118715893,0.9274914400033052,Pathogenic,0.9979,pathogenic,https://doi.org/10.1101/2022.10.22.513328
Q2188H,4.62997,0.89762,0.3198610093835613,Uncertain,Uncertain,19.5,,,0.322,"cBioPortal,COSMIC",,False,,,,,neutral,neutral,neutral,UP,neutral,neutral,neutral,,,,95.21,S,-0.3006,0.0001,-22.1765,loss_of_function,-4.73120477128999,0.9338538818794178,Pathogenic,0.9529,pathogenic,https://doi.org/10.1101/2022.10.22.513328
Q2188L,-0.57628,-0.12585,-0.1157860436086954,Neutral,Neutral,19.5,,,0.684,cBioPortal,,False,,,,,neutral,neutral,neutral,UP,neutral,neutral,neutral,,,,95.21,S,-0.3185,0.0001,-22.1765,loss_of_function,-7.17778638055408,0.9312355995718624,Pathogenic,0.8867,pathogenic,https://doi.org/10.1101/2022.10.22.513328
Q2188P,3.9771,6.74694,3.961169814421185,Destabilizing,Destabilizing,19.5,,,0.747,cBioPortal,,False,,,,,neutral,neutral,neutral,DOWN,neutral,neutral,neutral,,,,95.21,S,-0.4732,0.0001,-22.1765,loss_of_function,-7.17778638055408,0.9340901574299714,Pathogenic,0.9675,pathogenic,https://doi.org/10.1101/2022.10.22.513328
Q2188R,-0.30512,1.44864,0.1916317508568155,Neutral,Neutral,19.5,,,0.631,COSMIC,,False,,,,,neutral,neutral,neutral,UP,neutral,neutral,neutral,,,,95.21,S,-0.3313,0.0001,-22.1765,loss_of_function,-3.99476035836093,0.9213052228488248,Pathogenic,0.8485,pathogenic,https://doi.org/10.1101/2022.10.22.513328
G2190C,3.98699,0.9119,1.7904436093270586,Uncertain,Uncertain,58.5,,,0.513,cBioPortal,,False,,,,,neutral,neutral,neutral,UP,neutral,neutral,neutral,,,,92.29,T,-0.3983,0.4863,-22.1765,loss_of_function,-3.66333403001329,0.9027328766348146,Pathogenic,0.6226,pathogenic,https://doi.org/10.1101/2022.10.22.513328
G2190S,3.73763,0.54422,1.3804864667527708,Uncertain,Uncertain,58.5,,,0.271,cBioPortal,,False,,,,,neutral,neutral,neutral,UP,neutral,neutral,neutral,,,,92.29,T,-0.2614,0.4863,-5.8887,loss_of_function,-1.48573333948183,0.6788920259498625,Uncertain,0.2025,benign,https://doi.org/10.1101/2022.10.22.513328
S2191I,0.98081,7.30986,-0.2434480669315247,Uncertain,Neutral,1.9,,,0.523,"cBioPortal,COSMIC",,False,,,,,uncertain,,,UP,neutral,neutral,neutral,,,,95.94,H,-0.3613,0.0001,-22.1765,loss_of_function,-6.97530192945802,0.9317978887761652,Pathogenic,0.9616,pathogenic,https://doi.org/10.1101/2022.10.22.513328
G2193C,-0.34757,0.67347,0.3749460613126121,Neutral,Neutral,16.3,,,0.662,cBioPortal,,False,,,,,neutral,neutral,neutral,UP,neutral,neutral,neutral,,,,96.09,H,-0.4366,0.0703,-22.1765,loss_of_function,-5.60489765569552,0.9341079497338086,Pathogenic,0.7878,pathogenic,https://doi.org/10.1101/2022.10.22.513328
G2193D,-1.09009,-0.15306,-0.2424211109541485,Neutral,Neutral,16.3,,,0.544,cBioPortal,,False,,,,,neutral,neutral,neutral,UP,neutral,neutral,neutral,,,,96.09,H,-0.4371,0.0703,-22.1765,loss_of_function,-7.10120138617559,0.9336234439140288,Pathogenic,0.987,pathogenic,https://doi.org/10.1101/2022.10.22.513328
L2195F,-0.85103,-0.11803,0.7116403802829587,Neutral,Neutral,0.3,,,0.569,"cBioPortal,COSMIC",,False,,,,,neutral,neutral,neutral,UP,neutral,neutral,neutral,,,,97.13,H,-0.3526,0.0001,-22.1765,loss_of_function,-4.96042873556185,0.9321171833297832,Pathogenic,0.9514,pathogenic,https://doi.org/10.1101/2022.10.22.513328
L2195H,2.52107,2.23844,2.73481494537439,Uncertain,Uncertain,0.3,,,0.848,cBioPortal,,False,,,,,neutral,neutral,neutral,DOWN,neutral,neutral,neutral,,,,97.13,H,-0.4616,0.0001,-22.1765,loss_of_function,-6.07899009435719,0.8857426818428424,Pathogenic,0.9987,pathogenic,https://doi.org/10.1101/2022.10.22.513328
L2195P,5.49216,10.76735,10.159224820542889,Destabilizing,Destabilizing,0.3,,,0.889,"cBioPortal,COSMIC",,False,,,,,neutral,neutral,neutral,DOWN,neutral,neutral,neutral,,,,97.13,H,-0.5026,0.0001,-22.1765,loss_of_function,-6.95038523649211,0.9344943235959986,Pathogenic,0.9998,pathogenic,https://doi.org/10.1101/2022.10.22.513328
L2195R,5.11926,6.79626,4.75984624907768,Destabilizing,Destabilizing,0.3,,,0.889,cBioPortal,,False,,,,,neutral,neutral,neutral,UP,neutral,neutral,neutral,,,,97.13,H,-0.4994,0.0001,-22.1765,loss_of_function,-6.95038523649211,0.9265429973315904,Pathogenic,0.9988,pathogenic,https://doi.org/10.1101/2022.10.22.513328
G2197C,-0.31466,-0.28299,0.7056129968826327,Neutral,Neutral,26.1,,,0.529,"cBioPortal,COSMIC",,False,,,,,neutral,neutral,neutral,UP,neutral,neutral,neutral,,,,94.95,H,-0.3725,0.7668,-22.1765,loss_of_function,-3.70188714810805,0.9042137710304544,Pathogenic,0.7229,pathogenic,https://doi.org/10.1101/2022.10.22.513328
G2197V,0.12825,-0.21599,-0.3081062681472152,Neutral,Neutral,26.1,,,0.520,COSMIC,,False,,,,,neutral,neutral,neutral,UP,neutral,neutral,neutral,,,,94.95,H,-0.3996,0.7668,-22.1765,loss_of_function,-3.64491953206913,0.9315697573415986,Pathogenic,0.811,pathogenic,https://doi.org/10.1101/2022.10.22.513328
F2198L,0.18523,2.3602,1.9200431968388487,Uncertain,Neutral,3.3,,,0.429,"cBioPortal,COSMIC",,False,,,,,neutral,neutral,neutral,DOWN,neutral,neutral,neutral,,,,96.11,H,-0.355,0.0001,-22.1765,loss_of_function,-7.17962509074879,0.9324257297798626,Pathogenic,0.9991,pathogenic,https://doi.org/10.1101/2022.10.22.513328
F2198S,3.52541,4.86973,5.048999026173691,Destabilizing,Destabilizing,3.3,,,0.799,"cBioPortal,COSMIC",,False,,,,,neutral,neutral,neutral,DOWN,neutral,neutral,neutral,,,,96.11,H,-0.428,0.0001,-22.1765,loss_of_function,-7.17962509074879,0.9222809555889698,Pathogenic,0.9993,pathogenic,https://doi.org/10.1101/2022.10.22.513328
L2199P,5.91547,9.67789,9.761907756735784,Destabilizing,Destabilizing,0.0,,,0.782,cBioPortal,,False,,,,,neutral,neutral,neutral,DOWN,neutral,neutral,neutral,,,,95.45,H,-0.5026,0.0001,-22.1734,loss_of_function,-7.17944162459994,0.9334051720159962,Pathogenic,0.9997,pathogenic,https://doi.org/10.1101/2022.10.22.513328
E2200D,0.53923,1.50748,0.6573963707624427,Neutral,Neutral,39.8,,,,clinvar,,False,,,,,neutral,neutral,neutral,DOWN,neutral,neutral,neutral,2093894,Uncertain significance,1,94.96,H,-0.286,0.0001,-22.1765,loss_of_function,-3.12689934344941,0.9305341769252526,Pathogenic,0.9911,pathogenic,https://doi.org/10.1101/2022.10.22.513328
E2200K,-0.55735,0.83571,0.2507944997743855,Neutral,Neutral,39.8,,,0.703,COSMIC,,False,,,,,neutral,neutral,neutral,UP,neutral,neutral,neutral,,,,94.96,H,-0.3423,0.0001,-22.1765,loss_of_function,-7.17962509074879,0.929773580149633,Pathogenic,0.9963,pathogenic,https://doi.org/10.1101/2022.10.22.513328
S2202G,0.33492,2.42313,0.7584465700159898,Uncertain,Neutral,5.3,,,0.159,COSMIC,,False,,,,,uncertain,,,DOWN,neutral,neutral,neutral,,,,91.0,H,-0.1147,0.7878,-2.1608,loss_of_function,-1.75936916536953,0.0011399272030081,Benign,0.2743,benign,https://doi.org/10.1101/2022.10.22.513328
S2202I,1.51767,0.0585,0.1242269207030766,Neutral,Neutral,5.3,,,0.449,COSMIC,,False,,,,,uncertain,,,UP,neutral,neutral,neutral,,,,91.0,H,-0.2889,0.7878,-22.1765,loss_of_function,-5.27249446558671,0.8306618784221359,Pathogenic,0.9532,pathogenic,https://doi.org/10.1101/2022.10.22.513328
L2203F,0.33158,1.66122,1.128203012095561,Neutral,Neutral,18.9,,,,clinvar,,False,,,,,neutral,neutral,neutral,UP,neutral,neutral,neutral,2004059,Likely benign,1,91.25,H,-0.2832,0.7553,-22.1765,loss_of_function,-6.23700946034838,0.9322134953865948,Pathogenic,0.916,pathogenic,https://doi.org/10.1101/2022.10.22.513328
A2204V,0.07175,-0.06497,-0.0423478190364645,Neutral,Neutral,56.6,,,0.095,"cBioPortal,COSMIC",,False,,,,,neutral,neutral,neutral,UP,neutral,neutral,neutral,,,,91.56,H,-0.2371,0.7706,-22.1765,loss_of_function,-5.06417183826078,0.9227978244002716,Pathogenic,0.5587,ambiguous,https://doi.org/10.1101/2022.10.22.513328
A2205S,0.55355,1.9398,1.2062598594079246,Neutral,Neutral,6.8,,,0.167,COSMIC,,False,,,,,neutral,neutral,neutral,-,uncertain,uncertain,uncertain,,,,87.57,H,-0.2257,0.8614,-22.1765,loss_of_function,-3.71331760670929,0.8453919402885166,Pathogenic,0.1255,benign,https://doi.org/10.1101/2022.10.22.513328
A2205T,1.70552,2.58776,0.8100703360189365,Uncertain,Neutral,6.8,,3.18316741073e-05,0.172,"cBioPortal,clinvar",,False,,,,,neutral,neutral,neutral,UP,neutral,neutral,neutral,1806764,Likely benign,1,87.57,H,-0.1558,0.8614,-7.3037,loss_of_function,-0.299087452689484,0.2848744217580304,Benign,0.132,benign,https://doi.org/10.1101/2022.10.22.513328
T2206I,-1.23111,-1.14796,-0.5035500461758058,Neutral,Neutral,36.3,,,0.245,"cBioPortal,COSMIC",,False,,,,,uncertain,,,UP,neutral,neutral,neutral,,,,84.21,H,-0.2755,0.7925,-22.1765,loss_of_function,-5.48042588221662,0.6821870005347261,Pathogenic,0.513,ambiguous,https://doi.org/10.1101/2022.10.22.513328
Q2207R,-0.53716,0.24694,-0.3968730292464806,Neutral,Neutral,53.9,,,,COSMIC,,False,,,,,neutral,neutral,neutral,UP,neutral,neutral,neutral,,,,84.6,H,-0.3313,0.0001,-22.1765,loss_of_function,-7.17741755497156,0.912370254451466,Pathogenic,0.7422,pathogenic,https://doi.org/10.1101/2022.10.22.513328
Q2210H,0.37562,0.38435,-0.300069454453471,Neutral,Neutral,62.7,,,0.165,COSMIC,,False,,,,,neutral,neutral,neutral,UP,neutral,neutral,neutral,,,,74.47,H,-0.2106,0.098,-6.3038,loss_of_function,-2.88323371804476,0.2746329417163468,Benign,0.2843,benign,https://doi.org/10.1101/2022.10.22.513328
S2211N,0.00033,-0.51327,-0.144755657002632,Neutral,Neutral,69.8,6.37186185803e-05,3.18382616309e-05,0.158,COSMIC,,False,,,,,uncertain,,,UP,neutral,neutral,neutral,,,,70.81,H,-0.2195,0.0772,-7.3037,loss_of_function,-1.51485297018334,0.0208890803997455,Benign,0.2446,benign,https://doi.org/10.1101/2022.10.22.513328
S2214C,0.14243,0.58878,0.8001499821782745,Neutral,Neutral,95.5,,,0.172,"cBioPortal,COSMIC",,False,,,,,uncertain,,,UP,neutral,neutral,neutral,,,,53.81,T,-0.2202,1.2007,-22.1765,loss_of_function,-2.65598643742563,0.7691917320994865,Pathogenic,0.1823,benign,https://doi.org/10.1101/2022.10.22.513328
S2214T,0.34395,-0.27347,0.3762654804213572,Neutral,Neutral,95.5,,,0.148,"cBioPortal,COSMIC",,False,,,,,neutral,,,UP,neutral,neutral,neutral,,,,53.81,T,-0.0875,1.2007,-7.8887,loss_of_function,-0.302863195581377,0.8644123387933804,Pathogenic,0.1242,benign,https://doi.org/10.1101/2022.10.22.513328
L2215P,2.98187,7.31327,3.5776511872822225,Uncertain,Uncertain,99.6,,,,clinvar,,False,,,,,neutral,neutral,neutral,DOWN,neutral,neutral,neutral,1931886,Uncertain significance,1,48.83,S,-0.4878,0.1603,-22.1734,loss_of_function,-6.77280857399516,0.9018928307756052,Pathogenic,0.4896,ambiguous,https://doi.org/10.1101/2022.10.22.513328
L2216F,-0.26733,0.18673,0.3030836173723139,Neutral,Neutral,104.4,,,0.107,"cBioPortal,COSMIC",,False,,,,,neutral,neutral,neutral,UP,neutral,neutral,neutral,,,,37.98,-,-0.2574,1.0354,-22.1765,loss_of_function,-4.12103619406795,0.822250501509597,Pathogenic,0.1547,benign,https://doi.org/10.1101/2022.10.22.513328
M2218L,0.08996,-0.55,-0.1867522005542993,Neutral,Neutral,78.9,,,,clinvar,,False,,,,,neutral,neutral,neutral,-,uncertain,uncertain,uncertain,2113546,Likely benign,1,35.48,-,-0.1033,0.8708,-2.1339,loss_of_function,-0.809339224067644,7.088841176812252e-07,Benign,0.112,benign,https://doi.org/10.1101/2022.10.22.513328
Q2219E,-0.15528,1.60714,-0.4122196717142407,Neutral,Neutral,106.6,,,0.083,cBioPortal,,False,,,,,neutral,neutral,neutral,DOWN,neutral,neutral,stabilizing,,,,44.94,S,-0.295,0.1048,-22.1765,loss_of_function,-3.19316774981311,0.9110510336675172,Pathogenic,0.16,benign,https://doi.org/10.1101/2022.10.22.513328
N2220K,0.07877,-0.33163,-0.0758458273323592,Neutral,Neutral,112.5,,,0.035,COSMIC,,False,,,,,neutral,neutral,neutral,UP,neutral,neutral,neutral,,,,50.01,-,-0.1629,1.8347,-22.1673,loss_of_function,-3.99000974915354,3.5805610591397566e-05,Benign,0.3972,ambiguous,https://doi.org/10.1101/2022.10.22.513328
N2220S,0.35386,-0.06327,0.0811564551538462,Neutral,Neutral,112.5,6.373486297e-05,0.0002586591111677,0.024,"cBioPortal,COSMIC,clinvar",,False,,,,,neutral,neutral,neutral,DOWN,neutral,neutral,stabilizing,788352,Benign/Likely benign,2,50.01,-,-0.0429,1.8347,-5.1791,loss_of_function,-0.417525114476707,4.206545157469685e-10,Benign,0.0924,benign,https://doi.org/10.1101/2022.10.22.513328
P2221S,1.31381,0.9,0.4362805272467823,Neutral,Neutral,36.9,,3.9791809254e-06,0.115,cBioPortal,,False,,,,,neutral,neutral,neutral,DOWN,neutral,neutral,destabilizing,,,,52.69,-,-0.1079,1.452,-5.4078,loss_of_function,-1.36095307257989,1.37811592389359e-05,Benign,0.0677,benign,https://doi.org/10.1101/2022.10.22.513328
P2221T,1.09933,0.56769,0.2244323246005514,Neutral,Neutral,36.9,,,,clinvar,,False,,,,,neutral,neutral,neutral,-,uncertain,uncertain,uncertain,2305685,Uncertain significance,1,52.69,-,-0.1258,1.452,-6.5453,loss_of_function,-1.26333117455717,0.0001793121297536,Benign,0.06,benign,https://doi.org/10.1101/2022.10.22.513328
E2224K,0.04437,0.09456,-0.2697580979880765,Neutral,Neutral,83.2,,,0.304,cBioPortal,,True,,,,,neutral,neutral,neutral,UP,neutral,neutral,neutral,,,,68.4,-,-0.3423,0.0001,-22.1765,loss_of_function,-5.39839850346088,0.9293861083664554,Pathogenic,0.7459,pathogenic,https://doi.org/10.1101/2022.10.22.513328
E2224Q,0.12489,0.28401,-0.0701723562683304,Neutral,Neutral,83.2,,,0.235,"cBioPortal,COSMIC",,True,,,,,neutral,neutral,neutral,UP,neutral,neutral,neutral,,,,68.4,-,-0.2928,0.0001,-22.1765,loss_of_function,-1.99284597225031,0.932710451127865,Pathogenic,0.3919,ambiguous,https://doi.org/10.1101/2022.10.22.513328
S2227N,0.88825,0.30816,0.2022514984027507,Neutral,Neutral,70.4,,,,COSMIC,,True,,,,,uncertain,,,UP,neutral,neutral,stabilizing,,,,87.93,-,-0.2984,0.0437,-22.1765,loss_of_function,-4.94759886571295,0.9344014956008562,Pathogenic,0.7105,pathogenic,https://doi.org/10.1101/2022.10.22.513328
D2229N,0.60981,0.22517,0.2276016427007726,Neutral,Neutral,39.1,,3.9785160135e-06,0.251,cBioPortal,,True,,,,,neutral,neutral,neutral,-,uncertain,uncertain,uncertain,,,,92.0,H,-0.3131,0.0219,-22.1765,loss_of_function,-2.06727495114012,0.0086612431940789,Benign,0.7389,pathogenic,https://doi.org/10.1101/2022.10.22.513328
D2229Y,1.04869,-0.03469,-0.0509269127688533,Neutral,Neutral,39.1,,,0.549,COSMIC,,True,,,,,neutral,neutral,neutral,UP,neutral,neutral,neutral,,,,92.0,H,-0.3913,0.0219,-22.1765,loss_of_function,-5.40190546891518,0.934631904972988,Pathogenic,0.9572,pathogenic,https://doi.org/10.1101/2022.10.22.513328
M2230I,1.04936,1.34558,0.7662116588319329,Neutral,Neutral,13.0,,,"0.420, 0.421","cBioPortal,COSMIC",,True,,,,,neutral,neutral,neutral,-,uncertain,uncertain,uncertain,,,,94.17,H,-0.3166,0.0219,-22.1765,loss_of_function,-4.31862474106192,0.924420663394848,Pathogenic,0.988,pathogenic,https://doi.org/10.1101/2022.10.22.513328
M2230T,2.74657,1.97857,2.084753046771198,Uncertain,Uncertain,13.0,,,0.673,"cBioPortal,COSMIC",,True,,,,,neutral,neutral,neutral,DOWN,neutral,neutral,neutral,,,,94.17,H,-0.3705,0.0219,-22.1765,loss_of_function,-7.1788906873833,0.9087225623952148,Pathogenic,0.9592,pathogenic,https://doi.org/10.1101/2022.10.22.513328
R2232Q,0.05523,-0.43741,1.3408440762557017,Neutral,Neutral,35.1,,2.38819277492e-05,0.388,"cBioPortal,clinvar",,True,,,,,neutral,neutral,neutral,DOWN,neutral,neutral,neutral,1930682,Likely benign,1,95.45,H,-0.3137,0.7668,-22.1765,loss_of_function,-6.4933235903216,0.8593533368093755,Pathogenic,0.4047,ambiguous,https://doi.org/10.1101/2022.10.22.513328
R2232W,-0.5335,0.24218,0.0549798492336722,Neutral,Neutral,35.1,,,0.405,"cBioPortal,COSMIC",,True,,,,,neutral,neutral,neutral,UP,neutral,neutral,neutral,,,,95.45,H,-0.3567,0.7668,-22.1765,loss_of_function,-6.4933235903216,0.8703129340274471,Pathogenic,0.8894,pathogenic,https://doi.org/10.1101/2022.10.22.513328
R2233Q,1.19467,0.6119,1.1918499020764342,Neutral,Neutral,29.2,,,,clinvar,,True,,,,,neutral,neutral,neutral,DOWN,neutral,neutral,neutral,1803502,Likely pathogenic,1,95.68,H,-0.3823,0.0219,-22.1765,loss_of_function,-7.04997979374441,0.9337029627625372,Pathogenic,0.9443,pathogenic,https://doi.org/10.1101/2022.10.22.513328
R2233W,-0.27034,-1.24626,0.0142827295294217,Neutral,Neutral,29.2,,,0.517,"cBioPortal,COSMIC",,True,,,,,neutral,neutral,neutral,UP,neutral,neutral,neutral,,,,95.68,H,-0.4253,0.0219,-22.1765,loss_of_function,-6.79451346887724,0.9262672855739648,Pathogenic,0.9858,pathogenic,https://doi.org/10.1101/2022.10.22.513328
A2234T,1.62983,0.86463,1.3360396605889069,Neutral,Neutral,0.0,,,0.569,cBioPortal,,False,,,,,neutral,neutral,neutral,UP,neutral,neutral,neutral,,,,97.17,H,-0.3089,0.0219,-22.1765,loss_of_function,-2.99451156331583,0.9291563945441158,Pathogenic,0.9358,pathogenic,https://doi.org/10.1101/2022.10.22.513328
A2235P,6.36028,9.13299,7.423596061244144,Destabilizing,Destabilizing,0.0,,,0.427,"cBioPortal,COSMIC",,False,,,,,neutral,neutral,neutral,UP,neutral,neutral,neutral,,,,97.16,H,-0.4561,0.0612,-22.1765,loss_of_function,-6.79280530484849,0.934615191563868,Pathogenic,0.9994,pathogenic,https://doi.org/10.1101/2022.10.22.513328
A2235V,3.62694,2.22415,0.8189301487893941,Uncertain,Uncertain,0.0,,,0.343,cBioPortal,,False,,,,,neutral,neutral,neutral,UP,neutral,neutral,neutral,,,,97.16,H,-0.3023,0.0612,-22.1765,loss_of_function,-4.3227570248207,0.9311426798963218,Pathogenic,0.9833,pathogenic,https://doi.org/10.1101/2022.10.22.513328
R2236C,0.94375,0.38095,1.5260994425294174,Neutral,Neutral,44.0,3.18532203606e-05,1.99147648066e-05,0.228,"cBioPortal,COSMIC,clinvar",,False,,,,,neutral,neutral,neutral,DOWN,neutral,neutral,neutral,1349330,Uncertain significance,1,97.02,H,-0.3404,0.8483,-22.1765,loss_of_function,-6.65541075723464,0.7301675351115847,Pathogenic,0.8634,pathogenic,https://doi.org/10.1101/2022.10.22.513328
R2236H,0.05875,-0.11905,0.4904938156810284,Neutral,Neutral,44.0,,3.984000255e-06,0.233,cBioPortal,,False,,,,,neutral,neutral,neutral,DOWN,neutral,neutral,neutral,,,,97.02,H,-0.3013,0.8483,-22.1765,loss_of_function,-6.65541075723464,0.833622624015177,Pathogenic,0.6843,pathogenic,https://doi.org/10.1101/2022.10.22.513328
R2236L,-0.96928,-1.11769,-0.2928131094117547,Neutral,Neutral,44.0,,,0.227,COSMIC,,False,,,,,neutral,neutral,neutral,DOWN,neutral,neutral,neutral,,,,97.02,H,-0.2581,0.8483,-7.3037,loss_of_function,-3.14857622321321,0.880461628688024,Pathogenic,0.9,pathogenic,https://doi.org/10.1101/2022.10.22.513328
R2236P,4.94564,10.91701,7.383971002690126,Destabilizing,Destabilizing,44.0,,,0.273,"cBioPortal,COSMIC",,False,,,,,neutral,neutral,neutral,DOWN,neutral,neutral,neutral,,,,97.02,H,-0.4058,0.8483,-8.8886,loss_of_function,-6.65541075723464,0.9206500519069408,Pathogenic,0.9978,pathogenic,https://doi.org/10.1101/2022.10.22.513328
R2236S,0.83236,0.68741,1.4569159074370244,Neutral,Neutral,44.0,,,0.210,cBioPortal,,False,,,,,neutral,neutral,neutral,DOWN,neutral,neutral,neutral,,,,97.02,H,-0.332,0.8483,-22.1765,loss_of_function,-6.65541075723464,0.8918767910826693,Pathogenic,0.9833,pathogenic,https://doi.org/10.1101/2022.10.22.513328
A2237P,7.0705,13.72755,9.170288139688925,Destabilizing,Destabilizing,1.6,,,0.539,"cBioPortal,COSMIC",,False,,,,,neutral,neutral,neutral,UP,neutral,neutral,neutral,,,,97.38,H,-0.4597,0.0219,-22.1765,loss_of_function,-5.36890074466751,0.8213414172486391,Pathogenic,0.9989,pathogenic,https://doi.org/10.1101/2022.10.22.513328
A2237S,2.0286,2.21871,2.238553562303299,Uncertain,Uncertain,1.6,,,0.290,COSMIC,,False,,,,,neutral,neutral,neutral,-,uncertain,uncertain,uncertain,,,,97.38,H,-0.303,0.0219,-22.1765,loss_of_function,-3.24886521236571,0.930717486096824,Pathogenic,0.5921,pathogenic,https://doi.org/10.1101/2022.10.22.513328
A2237T,1.6455,0.88707,1.6939537965642588,Neutral,Neutral,1.6,,4.3826098043e-05,0.219,"cBioPortal,clinvar",,False,,,,,neutral,neutral,neutral,UP,neutral,neutral,neutral,1193038,Benign/Likely benign,2,97.38,H,-0.3089,0.0219,-22.1765,loss_of_function,-2.97382709768731,0.8094194131282137,Pathogenic,0.9573,pathogenic,https://doi.org/10.1101/2022.10.22.513328
A2237V,1.21905,0.48095,0.9335486884329076,Neutral,Neutral,1.6,,3.9839050237e-06,0.232,"cBioPortal,COSMIC",,False,,,,,neutral,neutral,neutral,UP,neutral,neutral,neutral,,,,97.38,H,-0.306,0.0219,-22.1765,loss_of_function,-5.36890074466751,0.9213909505894972,Pathogenic,0.9766,pathogenic,https://doi.org/10.1101/2022.10.22.513328
L2238P,6.6517,9.61973,9.848903415815265,Destabilizing,Destabilizing,0.0,,,0.813,COSMIC,,False,,,,,neutral,neutral,neutral,DOWN,neutral,neutral,neutral,,,,98.08,H,-0.5006,0.0219,-22.1765,loss_of_function,-7.1787068617612,0.9345889146705596,Pathogenic,0.9999,pathogenic,https://doi.org/10.1101/2022.10.22.513328
L2239P,8.7586,11.04116,9.420473809263958,Destabilizing,Destabilizing,21.6,,,0.407,"cBioPortal,COSMIC",,False,,,,,neutral,neutral,neutral,DOWN,neutral,neutral,neutral,,,,97.57,H,-0.4109,0.9959,-22.1734,loss_of_function,-6.09808584732351,0.086757713011046,Benign,0.9941,pathogenic,https://doi.org/10.1101/2022.10.22.513328
A2240T,3.20123,3.61429,1.2960605367052491,Destabilizing,Uncertain,9.1,,,0.251,COSMIC,,False,,,,,neutral,neutral,neutral,UP,neutral,neutral,neutral,,,,97.19,H,-0.3089,0.0219,-22.1734,loss_of_function,-4.23530870203696,0.9236086681404349,Pathogenic,0.8769,pathogenic,https://doi.org/10.1101/2022.10.22.513328
A2240V,2.42987,3.01463,0.6885613815947025,Uncertain,Uncertain,9.1,,,0.240,cBioPortal,,False,,,,,neutral,neutral,neutral,UP,neutral,neutral,neutral,,,,97.19,H,-0.3059,0.0219,-22.1734,loss_of_function,-7.03822444818903,0.9264160753415616,Pathogenic,0.9116,pathogenic,https://doi.org/10.1101/2022.10.22.513328
L2241W,5.34334,3.51293,4.573665626875801,Destabilizing,Destabilizing,0.2,,,0.704,cBioPortal,,True,,,,,neutral,neutral,neutral,UP,neutral,neutral,neutral,,,,98.01,H,-0.3697,0.8917,-22.1734,loss_of_function,-5.98401192464561,0.814353379132274,Pathogenic,0.9892,pathogenic,https://doi.org/10.1101/2022.10.22.513328
K2243N,0.45652,0.82517,0.6943019420025892,Neutral,Neutral,65.5,,3.9914742111e-06,0.176,cBioPortal,,True,,,,,neutral,neutral,neutral,DOWN,neutral,neutral,neutral,,,,97.0,T,-0.2652,0.8178,-22.1734,loss_of_function,-3.91572467232151,0.9190976772672368,Pathogenic,0.9559,pathogenic,https://doi.org/10.1101/2022.10.22.513328
V2244G,2.77968,4.48197,2.8582830142901097,Uncertain,Uncertain,16.6,,,0.394,COSMIC,,True,,,,,neutral,neutral,neutral,DOWN,neutral,neutral,neutral,,,,96.77,S,-0.4699,0.0706,-22.1704,loss_of_function,-6.76392810170283,0.8919749188588222,Pathogenic,0.8558,pathogenic,https://doi.org/10.1101/2022.10.22.513328
V2244L,0.17344,1.82687,0.2333142466738746,Neutral,Neutral,16.6,3.1843077315e-05,2.39532432691e-05,0.212,"cBioPortal,clinvar",,True,,,,,neutral,neutral,neutral,UP,neutral,neutral,neutral,1203819,Conflicting interpretations of pathogenicity,1,96.77,S,-0.2667,0.0706,-6.8826,loss_of_function,-1.26904514504376,0.5298015131270741,Uncertain,0.9203,pathogenic,https://doi.org/10.1101/2022.10.22.513328
D2245Y,0.19539,0.22585,-0.2692898434878987,Neutral,Neutral,87.8,,,0.356,cBioPortal,,True,,,,,neutral,neutral,neutral,UP,neutral,neutral,neutral,,,,93.79,G,-0.3028,0.9842,-22.1704,loss_of_function,-5.17302302493839,0.0004533215330836,Benign,0.8873,pathogenic,https://doi.org/10.1101/2022.10.22.513328
E2246A,0.07347,0.06429,0.3835687909372492,Neutral,Neutral,64.3,,,0.379,"cBioPortal,COSMIC",,True,,,,,neutral,neutral,neutral,DOWN,neutral,neutral,destabilizing,,,,93.86,G,-0.3147,0.0614,-22.1704,loss_of_function,-7.03876794816474,0.9345816695167894,Pathogenic,0.8598,pathogenic,https://doi.org/10.1101/2022.10.22.513328
E2246D,0.41137,0.28741,0.201428381000695,Neutral,Neutral,64.3,3.18654005481e-05,,0.156,cBioPortal,,True,,,,,neutral,neutral,neutral,DOWN,neutral,neutral,destabilizing,,,,93.86,G,-0.2074,0.0614,-7.8826,loss_of_function,-1.54744361539037,0.8479133190874177,Pathogenic,0.6667,pathogenic,https://doi.org/10.1101/2022.10.22.513328
E2246K,-0.03354,0.22585,0.465733762512483,Neutral,Neutral,64.3,,,0.329,"cBioPortal,clinvar",,True,,,,,neutral,neutral,neutral,UP,neutral,neutral,neutral,2430430,Uncertain significance,1,93.86,G,-0.3367,0.0614,-22.1704,loss_of_function,-7.03876794816474,0.9256822320025642,Pathogenic,0.9272,pathogenic,https://doi.org/10.1101/2022.10.22.513328
H2248L,0.45017,-0.30442,-0.1029374991862802,Neutral,Neutral,12.2,,,0.400,"cBioPortal,COSMIC",,False,,,,,neutral,neutral,neutral,UP,neutral,neutral,neutral,,,,95.57,H,-0.2737,0.7911,-22.1704,loss_of_function,-5.08642034156942,0.7007220226898033,Pathogenic,0.6844,pathogenic,https://doi.org/10.1101/2022.10.22.513328
H2248Q,1.94324,1.07449,1.2378622147353435,Neutral,Neutral,12.2,,,,clinvar,,False,,,,,neutral,neutral,neutral,DOWN,neutral,neutral,neutral,1996432,Benign,1,95.57,H,-0.1192,0.7911,-7.8826,loss_of_function,-2.69036072364657,0.182325194208116,Benign,0.729,pathogenic,https://doi.org/10.1101/2022.10.22.513328
H2248Y,1.55721,-0.38197,-0.288188098473352,Neutral,Neutral,12.2,,,0.241,"cBioPortal,COSMIC",,False,,,,,neutral,neutral,neutral,UP,neutral,neutral,neutral,,,,95.57,H,-0.1957,0.7911,-22.1704,loss_of_function,-3.14069245451561,0.3788924217423739,Uncertain,0.5892,pathogenic,https://doi.org/10.1101/2022.10.22.513328
T2252I,0.0834,0.02347,-0.1180274619960353,Neutral,Neutral,68.8,,,0.167,cBioPortal,,True,,,,,uncertain,,,UP,neutral,neutral,neutral,,,,92.22,G,-0.2612,0.9475,-22.1734,loss_of_function,-2.10545011474477,0.0635323901057513,Benign,0.7105,pathogenic,https://doi.org/10.1101/2022.10.22.513328
L2253V,0.51586,0.09626,0.3978662572334168,Neutral,Neutral,94.6,,,0.150,cBioPortal,,True,,,,,neutral,neutral,neutral,DOWN,neutral,neutral,destabilizing,,,,90.67,G,-0.3275,0.0219,-22.1734,loss_of_function,-2.66552932079128,0.9287429587277418,Pathogenic,0.6369,pathogenic,https://doi.org/10.1101/2022.10.22.513328
E2255D,0.50819,0.95306,1.2563331773900348,Neutral,Neutral,67.3,,,0.319,COSMIC,,True,,,,,neutral,neutral,neutral,DOWN,neutral,neutral,neutral,,,,93.67,H,-0.282,0.0437,-22.1734,loss_of_function,-4.31862474106192,0.9346339398060096,Pathogenic,0.9987,pathogenic,https://doi.org/10.1101/2022.10.22.513328
E2255K,-0.39575,-0.02857,0.4547519773650904,Neutral,Neutral,67.3,,,0.400,"cBioPortal,COSMIC",,True,,,,,neutral,neutral,neutral,UP,neutral,neutral,neutral,,,,93.67,H,-0.3383,0.0437,-22.1734,loss_of_function,-7.17797065750352,0.9341312144099974,Pathogenic,0.9959,pathogenic,https://doi.org/10.1101/2022.10.22.513328
S2256L,-0.59639,-0.09184,-0.6050393049699437,Neutral,Neutral,92.2,,,0.163,cBioPortal,,True,,,,,uncertain,,,UP,neutral,neutral,neutral,,,,93.8,H,-0.2801,0.8418,-22.1734,loss_of_function,-6.03359775894847,0.906723720039888,Pathogenic,0.9123,pathogenic,https://doi.org/10.1101/2022.10.22.513328
R2257Q,0.54921,1.18299,1.4112256860106356,Neutral,Neutral,33.8,,0.0,0.515,"cBioPortal,COSMIC",,True,,,,,neutral,neutral,neutral,DOWN,neutral,neutral,neutral,,,,97.12,H,-0.3842,0.0001,-22.1734,loss_of_function,-7.1783389401631,0.9335512221313562,Pathogenic,0.9048,pathogenic,https://doi.org/10.1101/2022.10.22.513328
R2257W,0.52097,0.62109,0.2598290237933287,Neutral,Neutral,33.8,,4.0557421197e-06,0.570,COSMIC,,True,,,,,neutral,neutral,neutral,UP,neutral,neutral,neutral,,,,97.12,H,-0.4273,0.0001,-22.1734,loss_of_function,-7.1783389401631,0.9342154816735584,Pathogenic,0.9926,pathogenic,https://doi.org/10.1101/2022.10.22.513328
L2258Q,4.53945,3.44762,3.0251086676688304,Destabilizing,Destabilizing,0.0,,,0.690,cBioPortal,,True,,,,,neutral,neutral,neutral,DOWN,neutral,neutral,neutral,,,,96.1,H,-0.4379,0.0219,-22.1734,loss_of_function,-7.1783389401631,0.9233790884898214,Pathogenic,0.9991,pathogenic,https://doi.org/10.1101/2022.10.22.513328
L2258R,4.11348,6.87279,4.6924183078401,Destabilizing,Destabilizing,0.0,,,0.737,"cBioPortal,COSMIC",,True,,,,,neutral,neutral,neutral,UP,neutral,neutral,neutral,,,,96.1,H,-0.4973,0.0219,-22.1734,loss_of_function,-7.1783389401631,0.9321357598843638,Pathogenic,0.999,pathogenic,https://doi.org/10.1101/2022.10.22.513328
D2260Y,-0.88095,-0.74932,-0.3708170670022176,Neutral,Neutral,94.7,,,0.424,cBioPortal,,True,,,,,neutral,neutral,neutral,UP,neutral,neutral,neutral,,,,94.49,H,-0.3913,0.0219,-22.1734,loss_of_function,-7.03286985943375,0.9117304298726602,Pathogenic,0.998,pathogenic,https://doi.org/10.1101/2022.10.22.513328
I2261M,0.03983,2.60714,1.2056516769399488,Uncertain,Neutral,5.3,,,0.223,cBioPortal,,True,,,,,neutral,neutral,neutral,-,uncertain,uncertain,uncertain,,,,94.06,H,-0.2266,0.9801,-22.1734,loss_of_function,-2.52965362704625,0.9273307008323188,Pathogenic,0.6139,pathogenic,https://doi.org/10.1101/2022.10.22.513328
I2261T,2.73964,2.21769,2.4590967166386366,Uncertain,Uncertain,5.3,,,0.604,"cBioPortal,COSMIC",,True,,,,,neutral,neutral,neutral,DOWN,neutral,neutral,neutral,,,,94.06,H,-0.2932,0.9801,-22.1734,loss_of_function,-4.60665903694566,0.9267809069880024,Pathogenic,0.9619,pathogenic,https://doi.org/10.1101/2022.10.22.513328
I2261V,1.37965,1.02857,0.9341303417278374,Neutral,Neutral,5.3,,4.0864696988e-06,0.055,cBioPortal,,True,,,,,neutral,neutral,neutral,DOWN,neutral,neutral,neutral,,,,94.06,H,-0.0934,0.9801,-4.9788,loss_of_function,-1.02330031823372,0.1155183051447199,Benign,0.1858,benign,https://doi.org/10.1101/2022.10.22.513328
S2262A,-0.74748,-1.24728,-1.4927994374383695,Neutral,Neutral,4.5,,,0.168,cBioPortal,,True,,,,,uncertain,,,-,uncertain,uncertain,uncertain,,,,92.78,H,-0.2781,0.0219,-22.1734,loss_of_function,-2.63865590527559,0.6660448803085645,Uncertain,0.5561,ambiguous,https://doi.org/10.1101/2022.10.22.513328
S2262L,-0.92487,-1.08265,-1.6861747813878063,Neutral,Neutral,4.5,3.18613394507e-05,3.27906481072e-05,0.394,"cBioPortal,COSMIC,clinvar",,True,,,,,uncertain,,,UP,neutral,neutral,neutral,1337026,Benign/Likely benign,2,92.78,H,-0.3556,0.0219,-22.1734,loss_of_function,-6.44170690999863,0.929704903032032,Pathogenic,0.9723,pathogenic,https://doi.org/10.1101/2022.10.22.513328
V2263A,0.00918,0.27993,0.4599143139943235,Neutral,Neutral,73.0,,,0.254,COSMIC,,True,,,,,neutral,neutral,neutral,DOWN,neutral,neutral,neutral,,,,92.2,H,-0.2746,0.8266,-22.1734,loss_of_function,-5.17449437777905,0.8609462256128405,Pathogenic,0.9738,pathogenic,https://doi.org/10.1101/2022.10.22.513328
V2263I,-0.54339,0.03299,-0.0830994653961841,Neutral,Neutral,73.0,,,0.167,cBioPortal,,True,,,,,neutral,neutral,neutral,UP,neutral,neutral,neutral,,,,92.2,H,-0.108,0.8266,-2.1578,loss_of_function,-1.44035642418219,2.4426923330530547e-06,Benign,0.2559,benign,https://doi.org/10.1101/2022.10.22.513328
S2264L,-1.66272,-0.00476,-0.8794104136596032,Neutral,Neutral,18.7,,4.1129582864e-06,0.507,"cBioPortal,COSMIC",,True,,,,,uncertain,,,UP,neutral,neutral,neutral,,,,92.16,-,-0.3556,0.0219,-22.1734,loss_of_function,-7.1783389401631,0.9199871139701437,Pathogenic,0.8764,pathogenic,https://doi.org/10.1101/2022.10.22.513328
P2265L,0.78399,0.87619,-0.7411780469635992,Neutral,Neutral,83.4,,,0.257,cBioPortal,,True,,,,,neutral,neutral,neutral,UP,neutral,neutral,neutral,,,,88.32,T,-0.2967,0.8631,-22.1734,loss_of_function,-5.99114820819211,0.7421804609588112,Pathogenic,0.9214,pathogenic,https://doi.org/10.1101/2022.10.22.513328
P2265Q,0.4615,0.3898,-0.351077583839568,Neutral,Neutral,83.4,,,0.216,"cBioPortal,COSMIC",,True,,,,,neutral,neutral,neutral,UP,neutral,neutral,neutral,,,,88.32,T,-0.2764,0.8631,-22.1734,loss_of_function,-5.99114820819211,0.8564391700628023,Pathogenic,0.8605,pathogenic,https://doi.org/10.1101/2022.10.22.513328
M2267I,1.55412,-0.26429,0.2320559223450807,Neutral,Neutral,0.6,,,,clinvar,,False,,,,,neutral,neutral,neutral,-,uncertain,uncertain,uncertain,1919755,Benign,1,87.44,S,-0.244,0.8107,-22.1734,loss_of_function,-4.11792975202941,0.8702117679035856,Pathogenic,0.962,pathogenic,https://doi.org/10.1101/2022.10.22.513328
S2269L,-0.73666,0.18571,-0.4564476522541716,Neutral,Neutral,99.2,,,0.196,"cBioPortal,COSMIC",,False,,,,,uncertain,,,UP,neutral,neutral,neutral,,,,91.55,H,-0.244,0.3872,-6.8857,loss_of_function,-1.71056965359796,0.7227338944288609,Pathogenic,0.3597,ambiguous,https://doi.org/10.1101/2022.10.22.513328
V2271I,-0.27291,0.43844,0.2805538510288202,Neutral,Neutral,0.0,,,0.091,"cBioPortal,COSMIC",,False,,,,,neutral,neutral,neutral,UP,neutral,neutral,neutral,,,,94.64,H,-0.2164,0.0219,-8.8856,loss_of_function,-3.9530243454948,0.909924566066162,Pathogenic,0.4444,ambiguous,https://doi.org/10.1101/2022.10.22.513328
S2272L,0.5503,-0.3034,-0.9709753195524962,Neutral,Neutral,27.4,,,0.206,cBioPortal,,False,,,,,uncertain,,,UP,neutral,neutral,neutral,,,,94.04,H,-0.2834,0.8065,-22.1704,loss_of_function,-3.55833367095292,0.1137053995073778,Benign,0.8627,pathogenic,https://doi.org/10.1101/2022.10.22.513328
V2274I,-0.62374,-0.52755,0.1674883694756856,Neutral,Neutral,13.8,,,0.107,COSMIC,,False,,,,,neutral,neutral,neutral,UP,neutral,neutral,neutral,,,,96.66,H,-0.2821,0.0438,-22.1704,loss_of_function,-2.20821380992156,0.2026027914297074,Benign,0.3458,ambiguous,https://doi.org/10.1101/2022.10.22.513328
I2275T,3.12166,2.50748,3.4372515348956445,Uncertain,Destabilizing,0.0,,,0.619,"cBioPortal,COSMIC",,False,,,,,neutral,neutral,neutral,DOWN,neutral,neutral,neutral,,,,97.0,H,-0.3793,0.0439,-22.1673,loss_of_function,-3.78066583214748,0.9176750651324074,Pathogenic,0.9845,pathogenic,https://doi.org/10.1101/2022.10.22.513328
D2277A,-0.25965,-0.05612,0.2712071705156216,Neutral,Neutral,55.1,,,0.539,cBioPortal,,False,,,,,neutral,neutral,neutral,DOWN,neutral,neutral,neutral,,,,96.71,H,-0.3423,0.0658,-22.1673,loss_of_function,-5.1947526672311,0.9304772750608256,Pathogenic,0.9894,pathogenic,https://doi.org/10.1101/2022.10.22.513328
D2277G,1.31227,1.67857,1.384775541006612,Neutral,Neutral,55.1,,,0.670,cBioPortal,,False,,,,,neutral,neutral,neutral,DOWN,neutral,neutral,neutral,,,,96.71,H,-0.3534,0.0658,-22.1673,loss_of_function,-5.1947526672311,0.8924143857807836,Pathogenic,0.9835,pathogenic,https://doi.org/10.1101/2022.10.22.513328
V2278A,2.34584,2.18163,3.511514175331849,Uncertain,Uncertain,0.0,,,0.328,cBioPortal,,False,,,,,neutral,neutral,neutral,DOWN,neutral,neutral,neutral,,,,96.8,H,-0.3421,0.0926,-22.1673,loss_of_function,-5.63296826898736,0.92463989337494,Pathogenic,0.9452,pathogenic,https://doi.org/10.1101/2022.10.22.513328
V2278I,-0.19476,0.97823,1.8946610627611704,Neutral,Neutral,0.0,,,,clinvar,,False,,,,,neutral,neutral,neutral,UP,neutral,neutral,neutral,2064283,Uncertain significance,1,96.8,H,-0.1996,0.0926,-6.8796,loss_of_function,-1.20877755841718,0.9154103167505664,Pathogenic,0.2061,benign,https://doi.org/10.1101/2022.10.22.513328
L2279P,6.73516,9.98333,8.900808757701379,Destabilizing,Destabilizing,17.7,,,0.675,cBioPortal,,False,,,,,neutral,neutral,neutral,DOWN,neutral,neutral,neutral,,,,95.68,H,-0.5025,0.0001,-22.1642,loss_of_function,-7.17760201307309,0.9293973576311608,Pathogenic,0.9997,pathogenic,https://doi.org/10.1101/2022.10.22.513328
I2282T,1.20581,2.88571,2.6187039073067124,Uncertain,Uncertain,7.2,,,0.482,"cBioPortal,COSMIC",,False,,,,,neutral,neutral,neutral,DOWN,neutral,neutral,neutral,,,,93.62,H,-0.3781,0.0559,-22.1612,loss_of_function,-5.29489964877659,0.9217240300415592,Pathogenic,0.8491,pathogenic,https://doi.org/10.1101/2022.10.22.513328
G2283D,0.58624,0.02619,0.1959760696740237,Neutral,Neutral,88.3,,,0.331,"cBioPortal,COSMIC",,False,,,,,neutral,neutral,neutral,UP,neutral,neutral,neutral,,,,90.49,H,-0.4435,0.0001,-22.1612,loss_of_function,-6.94152799625322,0.929482905749903,Pathogenic,0.9991,pathogenic,https://doi.org/10.1101/2022.10.22.513328
Q2284H,0.76088,0.61871,-0.176706489666002,Neutral,Neutral,46.4,,,0.270,"cBioPortal,COSMIC",,False,,,,,neutral,neutral,neutral,UP,neutral,neutral,neutral,,,,91.81,T,-0.2965,0.0441,-22.1612,loss_of_function,-2.77930959097046,0.6606495006619384,Uncertain,0.7555,pathogenic,https://doi.org/10.1101/2022.10.22.513328
Q2284R,0.19121,0.62789,-0.4151927901381996,Neutral,Neutral,46.4,,,0.213,cBioPortal,,False,,,,,neutral,neutral,neutral,UP,neutral,neutral,neutral,,,,91.81,T,-0.2593,0.0441,-8.8733,loss_of_function,-1.35438333744409,0.0134380027706511,Benign,0.3901,ambiguous,https://doi.org/10.1101/2022.10.22.513328
S2285L,0.80136,0.53946,-0.6300016530283198,Neutral,Neutral,42.1,,,0.244,cBioPortal,,False,,,,,uncertain,,,UP,neutral,neutral,neutral,,,,83.36,-,-0.3556,0.0001,-21.7876,loss_of_function,-4.81152855062724,,,0.8788,pathogenic,https://doi.org/10.1101/2022.10.22.513328
