Mutation,"Stability (FoldX5, alphafold, kcal/mol)","Stability (Rosetta Cartddg2020, alphafold, kcal/mol)","Stability (RaSP, alphafold, kcal/mol)","Stability classification, alphafold, (Rosetta, FoldX)","Stability classification, alphafold, (RaSP, FoldX)",Relative Side Chain Solvent Accessibility in wild-type,gnomAD genome allele frequency,gnomAD exome allele frequency,REVEL score,Mutation sources,PTMs,is site part of phospho-SLiM,PTM residue SASA (%),"Change in stability with PTM (FoldX5, kcal/mol)","Change in binding with PTM (FoldX5, kcal/mol)","Change in binding with mutation (FoldX5, kcal/mol)",PTM effect in regulation,PTM effect in stability,PTM effect in function,AlloSigma2 mutation type,AlloSigma2 predicted consequence - active sites,AlloSigma2 predicted consequence - cofactor sites,AlloSigma2 predicted consequence - pockets and interfaces,ClinVar Variation ID,ClinVar Interpretation,ClinVar Review Status,AlphaFold2 model pLDDT score,AlphaFold2 model secondary structure,DeMaSk delta fitness,DeMaSk Shannon entropy,DeMaSk log2 variant frequency,DeMaSk predicted consequence,GEMME Score,EVE score,EVE classification (25% Uncertain),AlphaMissense pathogenicity score,AlphaMissense classification,References
M1T,0.02943,0.16667,0.1597242072287968,Neutral,Neutral,112.4,,,,clinvar,,False,112.4,,,,neutral,neutral,neutral,DOWN,neutral,neutral,mixed_effects,1049135,Uncertain significance,0,32.18,-,-0.3468,0.1182,-19.265,loss_of_function,-0.446665693677159,,,0.6222,pathogenic,https://doi.org/10.1101/2022.10.22.513328
T2A,0.17891,-0.12823,0.1484572692754315,Neutral,Neutral,108.7,,,,clinvar,P,False,108.7,0.069,,,damaging,neutral,uncertain,DOWN,neutral,neutral,neutral,1054328,Uncertain significance,2,33.71,-,-0.1889,0.5641,-6.1698,loss_of_function,-0.216984770250045,,,0.0721,benign,https://doi.org/10.1101/2022.10.22.513328
A3G,1.13538,0.82211,0.3367843306357426,Neutral,Neutral,91.8,,,,clinvar,,False,91.8,,,,neutral,neutral,neutral,DOWN,neutral,neutral,neutral,1448403,Uncertain significance,2,38.56,-,-0.1328,2.0341,-19.4776,loss_of_function,-0.185384123196999,,,0.0939,benign,https://doi.org/10.1101/2022.10.22.513328
A3V,1.39851,-0.10714,-0.3989314744408317,Neutral,Neutral,91.8,,,,clinvar,,False,91.8,,,,neutral,neutral,neutral,UP,neutral,neutral,neutral,1501092,Uncertain significance,1,38.56,-,-0.107,2.0341,-19.4776,loss_of_function,-0.185384123196999,,,0.12,benign,https://doi.org/10.1101/2022.10.22.513328
V4I,-0.67615,0.07381,0.3883210373579882,Neutral,Neutral,28.5,,,,clinvar,,False,28.5,,,,neutral,neutral,neutral,UP,neutral,neutral,neutral,1792062,Uncertain significance,2,44.61,-,0.0388,2.3984,-1.7433,gain_of_function,-0.0001376392649759,,,0.0688,benign,https://doi.org/10.1101/2022.10.22.513328
V4L,-1.31474,0.34354,0.0728812830987152,Neutral,Neutral,28.5,,,,clinvar,,False,28.5,,,,neutral,neutral,neutral,UP,neutral,neutral,neutral,1467175,Uncertain significance,1,44.61,-,-0.0392,2.3984,-4.2668,loss_of_function,-0.0151761467538273,,,0.0989,benign,https://doi.org/10.1101/2022.10.22.513328
H5R,-0.12556,1.48878,0.1454361978009655,Neutral,Neutral,95.9,,,,clinvar,,False,95.9,,,,neutral,neutral,neutral,UP,neutral,neutral,neutral,819390,Uncertain significance,2,45.43,-,-0.1185,2.1915,-19.6453,loss_of_function,-0.359147304381297,,,0.1072,benign,https://doi.org/10.1101/2022.10.22.513328
H5Y,-0.20581,1.06497,0.3069912374841099,Neutral,Neutral,95.9,,,0.053,"cBioPortal,COSMIC,clinvar",,False,95.9,,,,neutral,neutral,neutral,UP,neutral,neutral,neutral,840216,Uncertain significance,1,45.43,-,-0.054,2.1915,-19.6453,loss_of_function,-0.412387422228188,,,0.118,benign,https://doi.org/10.1101/2022.10.22.513328
A6T,0.21645,0.05748,-0.2823560639022315,Neutral,Neutral,55.5,,,,clinvar,,False,55.5,,,,neutral,neutral,neutral,UP,neutral,neutral,neutral,819871,Conflicting interpretations of pathogenicity,1,50.24,G,0.0017,2.252,-1.5078,gain_of_function,-0.0002635011886484,,,0.065,benign,https://doi.org/10.1101/2022.10.22.513328
G7D,-0.27851,-0.54082,-0.6537673342529421,Neutral,Neutral,125.4,,,,clinvar,,False,125.4,,,,neutral,neutral,neutral,UP,neutral,neutral,neutral,1026292,Uncertain significance,1,51.92,G,-0.2063,1.7305,-6.8825,loss_of_function,-0.735992951227519,,,0.2708,benign,https://doi.org/10.1101/2022.10.22.513328
N8H,1.99482,-0.09388,0.1734498350629265,Neutral,Neutral,102.4,,,0.359,COSMIC,,False,102.4,,,,neutral,neutral,neutral,UP,neutral,neutral,neutral,,,,60.21,G,-0.0208,2.3983,-4.1293,loss_of_function,-0.613869065591164,,,0.1119,benign,https://doi.org/10.1101/2022.10.22.513328
N8S,2.09793,0.45578,0.787549604092281,Uncertain,Uncertain,102.4,,,,clinvar,,False,102.4,,,,neutral,neutral,neutral,DOWN,neutral,neutral,neutral,655933,Uncertain significance,1,60.21,G,0.0221,2.3983,-2.6057,gain_of_function,-0.130443046967038,,,0.0661,benign,https://doi.org/10.1101/2022.10.22.513328
I9T,2.67326,3.29252,2.890086532820079,Uncertain,Uncertain,8.3,,,0.241,"cBioPortal,COSMIC,clinvar",,False,8.3,,,,neutral,neutral,neutral,DOWN,neutral,neutral,neutral,1004810,Uncertain significance,1,69.64,-,-0.2328,1.5751,-21.0691,loss_of_function,-0.97090199938304,,,0.617,pathogenic,https://doi.org/10.1101/2022.10.22.513328
I9V,1.2422,1.12517,1.4459808027716663,Neutral,Neutral,8.3,,,,clinvar,,False,8.3,,,,neutral,neutral,neutral,DOWN,neutral,neutral,neutral,647986,Uncertain significance,2,69.64,-,-0.0279,1.5751,-2.8745,loss_of_function,-0.0079729038153615,,,0.0859,benign,https://doi.org/10.1101/2022.10.22.513328
F11L,1.95157,0.75476,2.416970701707873,Neutral,Uncertain,8.1,,,0.403,"cBioPortal,COSMIC",,False,8.1,,,,neutral,neutral,neutral,DOWN,neutral,neutral,destabilizing,,,,73.35,-,-0.0829,1.7708,-0.7874,loss_of_function,0.140217480275653,,,0.7956,pathogenic,https://doi.org/10.1101/2022.10.22.513328
K12E,0.18797,0.34592,0.4460385742017309,Neutral,Neutral,56.9,,,,clinvar,,True,56.9,,,,neutral,neutral,neutral,DOWN,neutral,neutral,neutral,1732038,Uncertain significance,1,69.97,-,-0.1827,0.9397,-6.9068,loss_of_function,-1.40773207715647,,,0.8047,pathogenic,https://doi.org/10.1101/2022.10.22.513328
K12N,0.47476,0.14218,0.2726450946976455,Neutral,Neutral,56.9,,,,clinvar,,True,56.9,,,,neutral,neutral,neutral,DOWN,neutral,neutral,neutral,2125358,Uncertain significance,1,69.97,-,-0.1603,0.9397,-3.8194,loss_of_function,-1.38596723475169,,,0.8908,pathogenic,https://doi.org/10.1101/2022.10.22.513328
K12R,0.03598,-0.03333,-0.2941122895493825,Neutral,Neutral,56.9,,,,clinvar,,True,56.9,,,,neutral,neutral,neutral,-,uncertain,uncertain,uncertain,1375250,Uncertain significance,2,69.97,-,-0.0847,0.9397,-5.5849,loss_of_function,-0.0045960606262946,,,0.0973,benign,https://doi.org/10.1101/2022.10.22.513328
W13G,3.30298,5.00646,5.989149872437951,Destabilizing,Destabilizing,1.6,,,,clinvar,,True,1.6,,,,neutral,neutral,neutral,DOWN,neutral,neutral,destabilizing,1363962,Uncertain significance,1,67.61,-,-0.4605,1.043,-21.2006,loss_of_function,-3.89374286048044,,,0.9742,pathogenic,https://doi.org/10.1101/2022.10.22.513328
W13L,0.70612,2.20408,1.846459404709532,Uncertain,Neutral,1.6,,,,clinvar,,True,1.6,,,,neutral,neutral,neutral,DOWN,neutral,neutral,destabilizing,652689,Uncertain significance,2,67.61,-,-0.4227,1.043,-21.2006,loss_of_function,-1.2943213560237,,,0.9814,pathogenic,https://doi.org/10.1101/2022.10.22.513328
W13R,1.96099,2.41156,3.779050053046983,Uncertain,Uncertain,1.6,,,,clinvar,,True,1.6,,,,neutral,neutral,neutral,DOWN,neutral,neutral,destabilizing,"1735059, 1357721","Uncertain significance, Uncertain significance","2, 1",67.61,-,-0.3913,1.043,-7.9128,loss_of_function,-3.89374286048044,,,0.9995,pathogenic,https://doi.org/10.1101/2022.10.22.513328
P15L,0.78193,1.50612,-1.3773743489078951,Neutral,Neutral,48.3,,,,clinvar,,True,48.3,,,,neutral,neutral,neutral,UP,neutral,neutral,stabilizing,1006597,Uncertain significance,2,64.65,T,-0.2379,0.5685,-5.3398,loss_of_function,-1.35558030698066,,,0.9244,pathogenic,https://doi.org/10.1101/2022.10.22.513328
P15R,1.0334,1.46905,-0.4179329797529707,Neutral,Neutral,48.3,,,,clinvar,,True,48.3,,,,neutral,neutral,neutral,UP,neutral,neutral,stabilizing,854830,Uncertain significance,1,64.65,T,-0.3399,0.5685,-21.2125,loss_of_function,-3.58445024106686,,,0.9581,pathogenic,https://doi.org/10.1101/2022.10.22.513328
P15S,1.96462,1.55782,0.3902317102578972,Neutral,Neutral,48.3,,,0.367,"cBioPortal,COSMIC,clinvar",,True,48.3,,,,neutral,neutral,neutral,DOWN,neutral,neutral,neutral,845223,Uncertain significance,1,64.65,T,-0.202,0.5685,-7.9247,loss_of_function,-2.94466403336943,,,0.9352,pathogenic,https://doi.org/10.1101/2022.10.22.513328
K16E,0.36085,0.87211,-0.3144889547589663,Neutral,Neutral,95.7,,8.3984210968e-06,0.259,"cBioPortal,COSMIC,clinvar",,True,95.7,,,,neutral,neutral,neutral,DOWN,neutral,neutral,neutral,2043236,Uncertain significance,2,66.58,T,-0.1592,1.1641,-6.3516,loss_of_function,-1.18812897950501,,,0.9072,pathogenic,https://doi.org/10.1101/2022.10.22.513328
K16R,-0.22497,-0.87721,-0.5409448407103845,Neutral,Neutral,95.7,,,,clinvar,,True,95.7,,,,neutral,neutral,neutral,-,uncertain,uncertain,uncertain,1714255,Uncertain significance,1,66.58,T,-0.0577,1.1641,-4.3517,loss_of_function,-0.0834570421140484,,,0.1114,benign,https://doi.org/10.1101/2022.10.22.513328
K16T,0.25073,-0.08435,-0.0924264611985492,Neutral,Neutral,95.7,,,,clinvar,,True,95.7,,,,neutral,neutral,neutral,DOWN,neutral,neutral,neutral,952509,Uncertain significance,2,66.58,T,-0.2322,1.1641,-21.2244,loss_of_function,-3.29408021914331,,,0.8822,pathogenic,https://doi.org/10.1101/2022.10.22.513328
S17C,0.43828,0.79116,0.5277182866503629,Neutral,Neutral,37.8,,,0.357,cBioPortal,,False,37.8,,,,uncertain,,,UP,neutral,neutral,stabilizing,,,,70.73,-,-0.1488,1.9239,-21.2361,loss_of_function,-2.03838530987147,,,0.4393,ambiguous,https://doi.org/10.1101/2022.10.22.513328
S17R,-0.18141,0.36973,-0.4178033857749685,Neutral,Neutral,37.8,,,0.245,cBioPortal,,False,37.8,,,,uncertain,,,UP,neutral,neutral,stabilizing,,,,70.73,-,-0.1244,1.9239,-7.9482,loss_of_function,-3.09711889063804,,,0.976,pathogenic,https://doi.org/10.1101/2022.10.22.513328
L18P,1.47767,1.76497,1.9899174045071728,Neutral,Neutral,53.4,,,,clinvar,,False,53.4,,,,neutral,neutral,neutral,DOWN,neutral,neutral,neutral,1059063,Uncertain significance,2,71.26,-,-0.4562,0.4527,-21.2477,loss_of_function,-4.3540771297688,,,0.9947,pathogenic,https://doi.org/10.1101/2022.10.22.513328
L18V,2.06423,1.54558,0.9610036936527568,Uncertain,Uncertain,53.4,,,,clinvar,,False,53.4,,,,neutral,neutral,neutral,DOWN,neutral,neutral,neutral,949427,Uncertain significance,2,71.26,-,-0.2832,0.4527,-21.2477,loss_of_function,-2.65904454332576,,,0.8583,pathogenic,https://doi.org/10.1101/2022.10.22.513328
E19A,0.35817,1.09048,0.5412260936013915,Neutral,Neutral,68.6,,,,clinvar,,False,68.6,,,,neutral,neutral,neutral,DOWN,neutral,neutral,neutral,1749140,Uncertain significance,2,79.99,-,-0.2154,1.0923,-21.299,loss_of_function,-3.66729437501159,,,0.9527,pathogenic,https://doi.org/10.1101/2022.10.22.513328
E19D,-0.66841,0.81088,0.453125655836698,Neutral,Neutral,68.6,,,,clinvar,,False,68.6,,,,neutral,neutral,neutral,DOWN,neutral,neutral,neutral,1044838,Uncertain significance,2,79.99,-,-0.1014,1.0923,-5.6893,loss_of_function,-0.795408676379397,,,0.8696,pathogenic,https://doi.org/10.1101/2022.10.22.513328
E19G,0.07755,2.08503,1.4447690189036344,Uncertain,Neutral,68.6,,,,clinvar,,False,68.6,,,,neutral,neutral,neutral,DOWN,neutral,neutral,neutral,660586,Uncertain significance,1,79.99,-,-0.2411,1.0923,-21.299,loss_of_function,-2.79012716989397,,,0.9669,pathogenic,https://doi.org/10.1101/2022.10.22.513328
E19Q,-0.49958,0.12007,0.4632863293890504,Neutral,Neutral,68.6,,,,clinvar,,False,68.6,,,,neutral,neutral,neutral,UP,neutral,neutral,stabilizing,1354560,Uncertain significance,1,79.99,-,-0.0922,1.0923,-2.5518,loss_of_function,-0.472241709808993,,,0.8357,pathogenic,https://doi.org/10.1101/2022.10.22.513328
I20F,2.46834,2.5415,2.2425825816610923,Uncertain,Uncertain,30.6,,,,clinvar,,True,30.6,,,,neutral,neutral,neutral,UP,neutral,neutral,neutral,665290,Uncertain significance,2,83.96,-,-0.244,0.7711,-8.0606,loss_of_function,-3.78591511015196,,,0.9938,pathogenic,https://doi.org/10.1101/2022.10.22.513328
I20V,1.25226,0.34762,0.951385589470528,Neutral,Neutral,30.6,,,,clinvar,,True,30.6,,,,neutral,neutral,neutral,DOWN,neutral,neutral,neutral,2070742,Uncertain significance,2,83.96,-,-0.1017,0.7711,-2.8512,loss_of_function,-0.884928426128253,,,0.9172,pathogenic,https://doi.org/10.1101/2022.10.22.513328
R21S,0.03818,2.80544,2.194543279456313,Uncertain,Uncertain,17.5,,,,clinvar,,True,17.5,,,,neutral,neutral,neutral,DOWN,neutral,neutral,neutral,1753321,Uncertain significance,1,83.64,-,-0.299,1.1609,-21.3484,loss_of_function,-3.66669417809633,,,0.998,pathogenic,https://doi.org/10.1101/2022.10.22.513328
T22I,1.25824,2.44456,-0.2446779906272117,Uncertain,Neutral,0.4,,,,clinvar,,True,0.4,,,,uncertain,,,UP,neutral,neutral,neutral,1394021,Uncertain significance,1,87.16,B,-0.3025,0.4526,-21.3484,loss_of_function,-4.3651705727982,,,0.9998,pathogenic,https://doi.org/10.1101/2022.10.22.513328
T22S,0.99659,0.95102,1.2860845680329247,Neutral,Neutral,0.4,,,,clinvar,,True,0.4,,,,neutral,,,DOWN,neutral,neutral,neutral,1020893,Uncertain significance,1,87.16,B,-0.1563,0.4526,-4.8908,loss_of_function,-1.52462875082545,,,0.9655,pathogenic,https://doi.org/10.1101/2022.10.22.513328
L23Q,0.30053,0.83741,1.2369163154938916,Neutral,Neutral,37.5,,,,clinvar,,True,37.5,,,,neutral,neutral,neutral,DOWN,neutral,neutral,neutral,1054487,Uncertain significance,2,88.46,H,-0.1979,2.5845,-21.3538,loss_of_function,-2.94127657773066,,,0.3004,benign,https://doi.org/10.1101/2022.10.22.513328
A24E,0.22314,0.49898,0.4618064924358989,Neutral,Neutral,55.9,,,,clinvar,,True,55.9,,,,neutral,neutral,neutral,UP,neutral,neutral,neutral,837867,Uncertain significance,2,86.5,H,-0.1753,1.7431,-8.066,loss_of_function,-2.90359974412364,,,0.9704,pathogenic,https://doi.org/10.1101/2022.10.22.513328
A24S,0.89133,0.68878,0.6017678541801244,Neutral,Neutral,55.9,,,0.286,"COSMIC,clinvar",,True,55.9,,,,neutral,neutral,neutral,-,uncertain,uncertain,uncertain,1757180,Uncertain significance,1,86.5,H,-0.0395,1.7431,-1.5904,loss_of_function,-0.570307292927391,,,0.2882,benign,https://doi.org/10.1101/2022.10.22.513328
A24V,1.19691,-0.10204,-0.0337418620284857,Neutral,Neutral,55.9,,,,clinvar,,True,55.9,,,,neutral,neutral,neutral,UP,neutral,neutral,neutral,1061241,Uncertain significance,1,86.5,H,-0.1434,1.7431,-21.3538,loss_of_function,-3.78543637767429,,,0.8808,pathogenic,https://doi.org/10.1101/2022.10.22.513328
V25A,1.98414,2.73605,1.955183248825452,Uncertain,Neutral,8.6,,,,clinvar,,True,8.6,,,,neutral,neutral,neutral,DOWN,neutral,neutral,neutral,850761,Uncertain significance,1,86.12,H,-0.2377,0.3899,-7.0714,loss_of_function,-4.30194331647968,,,0.9954,pathogenic,https://doi.org/10.1101/2022.10.22.513328
E26G,1.42387,2.01939,1.460673689405468,Uncertain,Neutral,46.7,,,,clinvar,,True,46.7,,,,neutral,neutral,neutral,DOWN,neutral,neutral,neutral,1361728,Uncertain significance,1,84.83,H,-0.2992,0.4643,-21.3538,loss_of_function,-2.90236488591046,,,0.9866,pathogenic,https://doi.org/10.1101/2022.10.22.513328
E26K,0.21604,1.25884,0.6230480690573037,Neutral,Neutral,46.7,,,,clinvar,,True,46.7,,,,neutral,neutral,neutral,UP,neutral,neutral,neutral,2448336,Uncertain significance,1,84.83,H,-0.2276,0.4643,-8.066,loss_of_function,-4.59745289995191,,,0.9978,pathogenic,https://doi.org/10.1101/2022.10.22.513328
R27K,-0.21659,-0.13503,0.4108166654933221,Neutral,Neutral,78.5,,,,clinvar,,True,78.5,,,,neutral,neutral,neutral,-,uncertain,uncertain,uncertain,1475893,Uncertain significance,2,84.93,H,-0.0576,1.46,-1.0437,loss_of_function,-0.447666862286317,,,0.2453,benign,https://doi.org/10.1101/2022.10.22.513328
E30A,-0.00358,-2.68912,0.2131404419287286,Uncertain,Neutral,80.3,,,,clinvar,,False,80.3,,,,neutral,neutral,neutral,DOWN,neutral,neutral,neutral,639945,Uncertain significance,1,78.72,H,-0.1473,0.9535,-5.4539,loss_of_function,-2.38442928381006,,,0.8862,pathogenic,https://doi.org/10.1101/2022.10.22.513328
E30D,0.38981,0.4483,0.6464326872809467,Neutral,Neutral,80.3,,,,clinvar,,False,80.3,,,,neutral,neutral,neutral,DOWN,neutral,neutral,neutral,972628,Uncertain significance,2,78.72,H,-0.194,0.9535,-21.3266,loss_of_function,-2.70153014561579,,,0.9786,pathogenic,https://doi.org/10.1101/2022.10.22.513328
P31L,1.9105,-3.16156,-0.8987219312615824,Uncertain,Neutral,62.4,,,,clinvar,,False,62.4,,,,neutral,neutral,neutral,UP,neutral,neutral,stabilizing,1505275,Uncertain significance,1,73.19,H,-0.3326,0.4259,-21.3376,loss_of_function,-4.6910260874655,,,0.9974,pathogenic,https://doi.org/10.1101/2022.10.22.513328
P31R,1.57251,-2.37891,-0.8524969864247411,Uncertain,Neutral,62.4,,,,clinvar,,False,62.4,,,,neutral,neutral,neutral,UP,neutral,neutral,stabilizing,1359585,Uncertain significance,1,73.19,H,-0.3537,0.4259,-21.3376,loss_of_function,-4.58677289886873,,,0.997,pathogenic,https://doi.org/10.1101/2022.10.22.513328
P31S,2.39683,-2.37347,-0.3760035801147293,Uncertain,Uncertain,62.4,,,,clinvar,,False,62.4,,,,neutral,neutral,neutral,DOWN,neutral,neutral,neutral,863957,Uncertain significance,1,73.19,H,-0.2158,0.4259,-8.0497,loss_of_function,-4.40855089580315,,,0.9977,pathogenic,https://doi.org/10.1101/2022.10.22.513328
L32F,-1.33488,-0.5415,0.3129269577917931,Neutral,Neutral,39.0,,,0.448,"cBioPortal,COSMIC",,False,39.0,,,,neutral,neutral,neutral,UP,neutral,neutral,neutral,,,,71.99,H,-0.2484,0.3508,-8.0713,loss_of_function,-2.11552351747347,,,0.9936,pathogenic,https://doi.org/10.1101/2022.10.22.513328
L32V,1.30144,1.18673,1.1367948091294109,Neutral,Neutral,39.0,,,0.365,COSMIC,,False,39.0,,,,neutral,neutral,neutral,DOWN,neutral,neutral,neutral,,,,71.99,H,-0.2202,0.3508,-7.0714,loss_of_function,-3.01093616229315,,,0.9269,pathogenic,https://doi.org/10.1101/2022.10.22.513328
V33A,0.44517,0.5568,1.2051763193316338,Neutral,Neutral,58.8,,,0.247,"cBioPortal,COSMIC,clinvar",,False,58.8,,,,neutral,neutral,neutral,DOWN,neutral,neutral,neutral,2563275,Uncertain significance,1,73.92,H,-0.2408,1.1511,-21.3962,loss_of_function,-4.62322107931857,,,0.9972,pathogenic,https://doi.org/10.1101/2022.10.22.513328
V33D,0.95843,1.91905,1.845486379388861,Neutral,Neutral,58.8,,,,clinvar,,False,58.8,,,,neutral,neutral,neutral,DOWN,neutral,neutral,neutral,1768554,Uncertain significance,1,73.92,H,-0.4074,1.1511,-21.3962,loss_of_function,-4.72818788650561,,,0.9997,pathogenic,https://doi.org/10.1101/2022.10.22.513328
T34I,-0.12557,-0.50578,-0.3933490796727251,Neutral,Neutral,77.6,,,,clinvar,,False,77.6,,,,uncertain,,,UP,neutral,neutral,neutral,1470712,Uncertain significance,1,68.45,H,-0.0028,2.655,-2.3324,loss_of_function,-0.520280447849831,,,0.5448,ambiguous,https://doi.org/10.1101/2022.10.22.513328
T34K,-0.37164,-0.6415,-0.0692101373705861,Neutral,Neutral,77.6,,,,clinvar,,False,77.6,,,,uncertain,,,UP,neutral,neutral,neutral,2094406,Uncertain significance,1,68.45,H,-0.0733,2.655,-4.9438,loss_of_function,-2.10266316060321,,,0.7346,pathogenic,https://doi.org/10.1101/2022.10.22.513328
T34R,-0.24015,-0.74898,-0.3053344226599103,Neutral,Neutral,77.6,,,,clinvar,,False,77.6,,,,uncertain,,,UP,neutral,neutral,neutral,1754742,Uncertain significance,1,68.45,H,-0.0872,2.655,-7.1137,loss_of_function,-2.63881559556884,,,0.7054,pathogenic,https://doi.org/10.1101/2022.10.22.513328
Q35R,-0.28155,2.14422,-0.4283284538177584,Uncertain,Neutral,74.4,,,,clinvar,,True,74.4,,,,neutral,neutral,neutral,UP,neutral,neutral,neutral,641436,Uncertain significance,1,65.42,H,-0.1803,0.861,-8.124,loss_of_function,-4.23348914176688,,,0.9635,pathogenic,https://doi.org/10.1101/2022.10.22.513328
T38A,-0.189,-0.00714,0.0669473889078703,Neutral,Neutral,81.6,,,,clinvar,P,True,81.6,0.64,,,damaging,neutral,potentially_damaging,DOWN,neutral,neutral,neutral,2012110,Uncertain significance,1,62.65,H,-0.2551,0.6923,-21.4526,loss_of_function,-3.04926556435915,,,0.8968,pathogenic,https://doi.org/10.1101/2022.10.22.513328
T38N,-0.10483,0.19762,0.141099657888295,Neutral,Neutral,81.6,,,,clinvar,P,True,81.6,0.64,,,damaging,neutral,potentially_damaging,-,uncertain,uncertain,uncertain,1492144,Uncertain significance,1,62.65,H,-0.2297,0.6923,-5.5799,loss_of_function,-3.01207517463306,,,0.9584,pathogenic,https://doi.org/10.1101/2022.10.22.513328
T38S,0.04208,0.54592,0.475822940300602,Neutral,Neutral,81.6,,,,clinvar,P,True,81.6,0.64,,,neutral,neutral,potentially_damaging,DOWN,neutral,neutral,neutral,2059356,Uncertain significance,1,62.65,H,-0.1333,0.6923,-4.7055,loss_of_function,-1.8320094244577,,,0.9017,pathogenic,https://doi.org/10.1101/2022.10.22.513328
L39F,0.83515,-0.10102,0.7887557161563049,Neutral,Neutral,41.1,,,0.439,"cBioPortal,COSMIC",,True,41.1,,,,neutral,neutral,neutral,UP,neutral,neutral,neutral,,,,59.5,H,-0.2392,0.3685,-6.5799,loss_of_function,-4.53346035373922,,,0.994,pathogenic,https://doi.org/10.1101/2022.10.22.513328
L39R,2.10723,4.04286,1.7606401650443118,Uncertain,Uncertain,41.1,,,,clinvar,,True,41.1,,,,neutral,neutral,neutral,UP,neutral,neutral,neutral,851571,Uncertain significance,1,59.5,H,-0.4618,0.3685,-21.4526,loss_of_function,-5.27171610470083,,,0.9979,pathogenic,https://doi.org/10.1101/2022.10.22.513328
V40L,-0.83749,0.43265,-0.1132632542161005,Neutral,Neutral,29.9,,,0.562,"cBioPortal,clinvar",,True,29.9,,,,neutral,neutral,neutral,UP,neutral,neutral,neutral,955957,Uncertain significance,1,59.36,H,-0.1874,0.8917,-6.1497,loss_of_function,-2.8987187562445,,,0.9708,pathogenic,https://doi.org/10.1101/2022.10.22.513328
N41H,0.42972,0.44388,-0.1997182121110402,Neutral,Neutral,80.6,,,,clinvar,,True,80.6,,,,neutral,neutral,neutral,UP,neutral,neutral,neutral,964461,Uncertain significance,1,57.35,H,-0.2525,0.8392,-21.4221,loss_of_function,-2.27563901996267,,,0.3585,ambiguous,https://doi.org/10.1101/2022.10.22.513328
N41S,0.64855,-0.11156,0.526788096520806,Neutral,Neutral,80.6,,,,clinvar,,True,80.6,,,,neutral,neutral,neutral,DOWN,neutral,neutral,neutral,862111,Uncertain significance,1,57.35,H,-0.1307,0.8392,-4.434,loss_of_function,-1.55884332268642,,,0.19,benign,https://doi.org/10.1101/2022.10.22.513328
T42S,-1.34791,0.42211,0.2588050211718212,Neutral,Neutral,70.0,,,,clinvar,P,False,70.0,1.889,,,neutral,neutral,uncertain,DOWN,neutral,neutral,neutral,1415324,Uncertain significance,1,51.22,T,-0.0028,2.0396,-3.4276,loss_of_function,-0.0875255729171082,,,0.0871,benign,https://doi.org/10.1101/2022.10.22.513328
N43I,0.37233,0.07585,0.074509480092102,Neutral,Neutral,91.0,,,0.159,"cBioPortal,COSMIC",,False,91.0,,,,neutral,neutral,neutral,UP,neutral,neutral,neutral,,,,47.85,T,-0.1651,2.2537,-20.9316,loss_of_function,-1.29585780614035,,,0.3177,benign,https://doi.org/10.1101/2022.10.22.513328
N43S,-0.08736,0.2102,0.5308425206268765,Neutral,Neutral,91.0,,,,clinvar,,False,91.0,,,,neutral,neutral,neutral,DOWN,neutral,neutral,neutral,656502,Uncertain significance,2,47.85,T,0.0172,2.2537,-0.9434,gain_of_function,0.087325065463853,,,0.047,benign,https://doi.org/10.1101/2022.10.22.513328
S44G,-0.12942,0.78605,0.6207650549743734,Neutral,Neutral,89.5,,,,clinvar,P,False,89.5,0.081,,,damaging,neutral,uncertain,DOWN,neutral,neutral,neutral,834299,Uncertain significance,1,46.72,S,0.0568,2.7281,-3.5443,gain_of_function,-1.19696786095117,,,0.072,benign,https://doi.org/10.1101/2022.10.22.513328
S44R,-0.72064,0.0932,-0.1824580042717677,Neutral,Neutral,89.5,,,,clinvar,P,False,89.5,0.081,,,damaging,neutral,uncertain,UP,neutral,neutral,neutral,848045,Uncertain significance,1,46.72,S,-0.0503,2.7281,-7.9365,loss_of_function,-1.19696786095117,,,0.7418,pathogenic,https://doi.org/10.1101/2022.10.22.513328
K45E,0.50673,0.44592,-0.0543130769056826,Neutral,Neutral,100.7,,,0.341,cBioPortal,,False,100.7,,,,neutral,neutral,neutral,DOWN,neutral,neutral,neutral,,,,43.48,S,-0.0828,1.9439,-5.4484,loss_of_function,-1.54568806164816,,,0.6682,pathogenic,https://doi.org/10.1101/2022.10.22.513328
K45Q,0.12301,0.07925,0.0363072122483726,Neutral,Neutral,100.7,,,,clinvar,,False,100.7,,,,neutral,neutral,neutral,DOWN,neutral,neutral,neutral,1505066,Uncertain significance,1,43.48,S,-0.0436,1.9439,-2.7855,loss_of_function,-1.15573901041175,,,0.3062,benign,https://doi.org/10.1101/2022.10.22.513328
G46V,1.48965,0.29422,0.7074790553403376,Neutral,Neutral,100.4,,,0.489,COSMIC,,False,100.4,,,,neutral,neutral,neutral,UP,neutral,neutral,neutral,,,,45.56,-,-0.221,1.8628,-6.9366,loss_of_function,-2.68203955321007,,,0.2742,benign,https://doi.org/10.1101/2022.10.22.513328
G46W,1.31111,1.79252,0.2103594826770077,Neutral,Neutral,100.4,,1.9913019929e-05,0.509,"cBioPortal,COSMIC,clinvar",,False,100.4,,,,neutral,neutral,neutral,UP,neutral,neutral,neutral,934020,Uncertain significance,2,45.56,-,-0.3047,1.8628,-21.2244,loss_of_function,-3.34923379373849,,,0.7656,pathogenic,https://doi.org/10.1101/2022.10.22.513328
P47L,0.50793,1.04286,-0.4297882517454837,Neutral,Neutral,105.0,,3.980796637e-06,0.374,"cBioPortal,COSMIC,clinvar",,True,105.0,,,,neutral,neutral,neutral,UP,neutral,neutral,neutral,1771988,Uncertain significance,2,45.61,S,-0.2842,0.9477,-21.2535,loss_of_function,-2.06299925359286,,,0.3077,benign,https://doi.org/10.1101/2022.10.22.513328
P47S,0.69412,0.89592,-0.2604999634246668,Neutral,Neutral,105.0,,,0.219,"cBioPortal,COSMIC,clinvar",,True,105.0,,,,neutral,neutral,neutral,DOWN,neutral,neutral,neutral,1771728,Uncertain significance,1,45.61,S,-0.1542,0.9477,-5.3808,loss_of_function,-1.38683450414206,,,0.3453,ambiguous,https://doi.org/10.1101/2022.10.22.513328
S48A,0.72811,0.95,0.0973663511551919,Neutral,Neutral,76.4,,,,clinvar,,True,76.4,,,,uncertain,,,-,uncertain,uncertain,uncertain,1470418,Uncertain significance,1,45.88,-,-0.1848,0.9931,-21.391,loss_of_function,-1.18898171738477,,,0.1395,benign,https://doi.org/10.1101/2022.10.22.513328
S48C,0.99126,1.52721,0.6909269939831094,Neutral,Neutral,76.4,,,,clinvar,,True,76.4,,,,uncertain,,,UP,neutral,neutral,neutral,1515715,Uncertain significance,1,45.88,-,-0.2353,0.9931,-21.391,loss_of_function,-2.66920414387338,,,0.2292,benign,https://doi.org/10.1101/2022.10.22.513328
S48F,0.33886,1.19388,-0.5653961844692318,Neutral,Neutral,76.4,,,,clinvar,,True,76.4,,,,uncertain,,,UP,neutral,neutral,neutral,659831,Uncertain significance,2,45.88,-,-0.2628,0.9931,-21.391,loss_of_function,-1.75991385704213,,,0.728,pathogenic,https://doi.org/10.1101/2022.10.22.513328
S48P,-0.21111,2.39796,0.952112295934826,Uncertain,Neutral,76.4,,,,clinvar,,True,76.4,,,,uncertain,,,UP,neutral,neutral,neutral,968186,Uncertain significance,1,45.88,-,-0.2653,0.9931,-7.1032,loss_of_function,-4.37056584757013,,,0.4632,ambiguous,https://doi.org/10.1101/2022.10.22.513328
N49D,-0.2136,0.10884,-0.2521206071379506,Neutral,Neutral,119.5,,,,clinvar,,True,119.5,,,,neutral,neutral,neutral,-,uncertain,uncertain,uncertain,1024470,Uncertain significance,1,51.26,-,-0.0131,2.684,-8.1136,loss_of_function,-1.12883837700274,,,0.3024,benign,https://doi.org/10.1101/2022.10.22.513328
N49K,0.23583,0.27551,0.0218393077935347,Neutral,Neutral,119.5,,,,clinvar,,True,119.5,,,,neutral,neutral,neutral,UP,neutral,neutral,neutral,"1773546, 1056638","Uncertain significance, Uncertain significance","1, 1",51.26,-,0.0171,2.684,-2.2069,gain_of_function,-0.47637668024761,,,0.3775,ambiguous,https://doi.org/10.1101/2022.10.22.513328
N49S,0.12285,0.32109,-0.0179092563080679,Neutral,Neutral,119.5,,3.9787376261e-06,0.069,"cBioPortal,COSMIC,clinvar",,True,119.5,,,,neutral,neutral,neutral,DOWN,neutral,neutral,neutral,2125343,Uncertain significance,1,51.26,-,0.0472,2.684,-2.8283,gain_of_function,-0.363751382940128,,,0.0537,benign,https://doi.org/10.1101/2022.10.22.513328
K50E,-0.14016,-0.0619,-0.0609846915606693,Neutral,Neutral,101.1,,,,clinvar,,True,101.1,,,,neutral,neutral,neutral,DOWN,neutral,neutral,neutral,1396807,Uncertain significance,1,44.28,S,-0.1621,1.2308,-8.1291,loss_of_function,-3.18259770593908,,,0.8929,pathogenic,https://doi.org/10.1101/2022.10.22.513328
K50R,0.01721,-0.14218,-0.1241406265944117,Neutral,Neutral,101.1,,,,clinvar,,True,101.1,,,,neutral,neutral,neutral,-,uncertain,uncertain,uncertain,1015837,Uncertain significance,2,44.28,S,-0.0453,1.2308,-3.1293,loss_of_function,-0.755211627324629,,,0.0967,benign,https://doi.org/10.1101/2022.10.22.513328
K51E,0.01759,-0.23571,-0.2445011291476656,Neutral,Neutral,110.3,,,,clinvar,,True,110.3,,,,neutral,neutral,neutral,DOWN,neutral,neutral,destabilizing,1774385,Uncertain significance,1,41.83,-,-0.2022,0.795,-8.1136,loss_of_function,-3.1058314572414,,,0.9451,pathogenic,https://doi.org/10.1101/2022.10.22.513328
K51N,0.39537,0.35102,-0.0919066533277312,Neutral,Neutral,110.3,,,,clinvar,,True,110.3,,,,neutral,neutral,neutral,DOWN,neutral,neutral,destabilizing,944879,Uncertain significance,2,41.83,-,-0.1904,0.795,-7.1137,loss_of_function,-4.03900044662322,,,0.9472,pathogenic,https://doi.org/10.1101/2022.10.22.513328
K51R,-0.07717,0.33946,-0.2282900529570586,Neutral,Neutral,110.3,,,,clinvar,,True,110.3,,,,neutral,neutral,neutral,-,uncertain,uncertain,uncertain,1024611,Uncertain significance,2,41.83,-,-0.0914,0.795,-4.3064,loss_of_function,-0.151528553628416,,,0.1072,benign,https://doi.org/10.1101/2022.10.22.513328
R52G,0.30177,1.05952,0.840988734499031,Neutral,Neutral,108.6,,,,clinvar,,True,108.6,,,,neutral,neutral,neutral,DOWN,neutral,neutral,destabilizing,1775005,Uncertain significance,2,40.75,S,-0.2408,1.3834,-7.1137,loss_of_function,-2.030302011253,,,0.724,pathogenic,https://doi.org/10.1101/2022.10.22.513328
R52T,0.187,0.05,0.2324637604703183,Neutral,Neutral,108.6,,,,clinvar,,True,108.6,,,,neutral,neutral,neutral,DOWN,neutral,neutral,destabilizing,1047049,Uncertain significance,1,40.75,S,-0.2103,1.3834,-7.1137,loss_of_function,-2.48461656656173,,,0.834,pathogenic,https://doi.org/10.1101/2022.10.22.513328
G53S,3.23692,1.8585,1.5005726933992525,Uncertain,Uncertain,111.0,,,,clinvar,,True,111.0,,,,neutral,neutral,neutral,UP,neutral,neutral,neutral,963115,Uncertain significance,2,47.12,S,-0.2659,0.4509,-6.1293,loss_of_function,-1.87191726425403,,,0.988,pathogenic,https://doi.org/10.1101/2022.10.22.513328
R54C,2.18952,0.28401,0.8751298301408502,Uncertain,Uncertain,104.9,6.36983247341e-05,7.955639355e-06,0.396,"cBioPortal,COSMIC,clinvar",,True,104.9,,,,neutral,neutral,neutral,DOWN,neutral,neutral,neutral,819658,Uncertain significance,2,48.6,-,-0.176,1.6445,-4.3322,loss_of_function,-1.1079680261016,,,0.4736,ambiguous,https://doi.org/10.1101/2022.10.22.513328
R54G,0.17787,0.53401,0.7724332159311242,Neutral,Neutral,104.9,,,,clinvar,,True,104.9,,,,neutral,neutral,neutral,DOWN,neutral,neutral,neutral,839058,Uncertain significance,2,48.6,-,-0.2139,1.6445,-6.5546,loss_of_function,-1.7656471005659,,,0.8233,pathogenic,https://doi.org/10.1101/2022.10.22.513328
R54H,0.17665,-0.52517,-0.1125350204323577,Neutral,Neutral,104.9,,,,clinvar,,True,104.9,,,,neutral,neutral,neutral,DOWN,neutral,neutral,neutral,854679,Conflicting interpretations of pathogenicity,1,48.6,-,-0.1402,1.6445,-4.9696,loss_of_function,-1.3196089292729,,,0.3817,ambiguous,https://doi.org/10.1101/2022.10.22.513328
R54S,0.09427,-0.19558,0.1869616056725703,Neutral,Neutral,104.9,,,,clinvar,,True,104.9,,,,neutral,neutral,neutral,DOWN,neutral,neutral,neutral,1349272,Uncertain significance,1,48.6,-,-0.1769,1.6445,-6.1395,loss_of_function,-0.84290916090201,,,0.9341,pathogenic,https://doi.org/10.1101/2022.10.22.513328
S55A,0.56451,-0.40476,-0.1113003172716986,Neutral,Neutral,104.2,,,,clinvar,,True,104.2,,,,uncertain,,,-,uncertain,uncertain,uncertain,1010688,Uncertain significance,1,53.46,S,-0.1636,0.4896,-8.1648,loss_of_function,-3.20673937284718,,,0.8752,pathogenic,https://doi.org/10.1101/2022.10.22.513328
S55C,0.19465,-0.54286,0.44094129642889,Neutral,Neutral,104.2,,,,clinvar,,True,104.2,,,,uncertain,,,UP,neutral,neutral,neutral,848315,Uncertain significance,1,53.46,S,-0.2819,0.4896,-21.4526,loss_of_function,-3.20673937284718,,,0.9645,pathogenic,https://doi.org/10.1101/2022.10.22.513328
S55F,-0.18854,0.50646,-0.5053622343623132,Neutral,Neutral,104.2,,3.9770603161e-06,0.488,"COSMIC,clinvar",,True,104.2,,,,uncertain,,,UP,neutral,neutral,neutral,1719270,Uncertain significance,1,53.46,S,-0.3095,0.4896,-21.4526,loss_of_function,-5.25909304092168,,,0.9977,pathogenic,https://doi.org/10.1101/2022.10.22.513328
S55P,0.87753,7.31599,1.6261343624682625,Uncertain,Neutral,104.2,,,,clinvar,,True,104.2,,,,uncertain,,,UP,neutral,neutral,neutral,1700598,Uncertain significance,0,53.46,S,-0.3849,0.4896,-21.4526,loss_of_function,-5.25909304092168,,,0.9964,pathogenic,https://doi.org/10.1101/2022.10.22.513328
K56E,-0.2063,0.68776,0.0540852432593735,Neutral,Neutral,79.1,,,,clinvar,,False,79.1,,,,neutral,neutral,neutral,DOWN,neutral,neutral,neutral,965997,Uncertain significance,2,57.55,-,-0.2381,0.406,-8.1343,loss_of_function,-3.66789875163966,,,0.9959,pathogenic,https://doi.org/10.1101/2022.10.22.513328
K57A,0.61839,0.87279,0.1715420694814834,Neutral,Neutral,96.7,,,,clinvar,,False,96.7,,,,neutral,neutral,neutral,DOWN,neutral,neutral,neutral,1462364,Uncertain significance,1,69.08,-,-0.1729,1.5806,-21.417,loss_of_function,-3.61626516717156,,,0.9577,pathogenic,https://doi.org/10.1101/2022.10.22.513328
K57R,0.0587,0.76224,-0.0001092764324617,Neutral,Neutral,96.7,,,,clinvar,,False,96.7,,,,neutral,neutral,neutral,-,uncertain,uncertain,uncertain,1063178,Uncertain significance,1,69.08,-,-0.0043,1.5806,-1.4014,loss_of_function,-0.313587455945166,,,0.1359,benign,https://doi.org/10.1101/2022.10.22.513328
A58G,0.67016,1.69388,0.9280719346628912,Neutral,Neutral,35.7,,,,clinvar,,False,35.7,,,,neutral,neutral,neutral,DOWN,neutral,neutral,neutral,1017900,Uncertain significance,1,72.75,H,-0.1862,0.6104,-4.253,loss_of_function,-2.23199951544197,,,0.695,pathogenic,https://doi.org/10.1101/2022.10.22.513328
A58T,-0.01459,1.63946,0.058699279085807,Neutral,Neutral,35.7,,,0.503,"cBioPortal,clinvar",,False,35.7,,,,neutral,neutral,neutral,UP,neutral,neutral,neutral,1778951,Uncertain significance,2,72.75,H,-0.1832,0.6104,-8.1597,loss_of_function,-2.1974637961377,,,0.9505,pathogenic,https://doi.org/10.1101/2022.10.22.513328
A58V,-0.08081,0.43571,-0.2225567573248182,Neutral,Neutral,35.7,,,,clinvar,,False,35.7,,,,neutral,neutral,neutral,UP,neutral,neutral,neutral,657999,Uncertain significance,2,72.75,H,-0.2481,0.6104,-21.4476,loss_of_function,-5.26419594010717,,,0.9653,pathogenic,https://doi.org/10.1101/2022.10.22.513328
H59D,0.5184,0.66463,0.6963959265225069,Neutral,Neutral,64.5,,,,clinvar,,False,64.5,,,,neutral,neutral,neutral,DOWN,neutral,neutral,neutral,1779545,Uncertain significance,1,76.58,H,-0.0732,2.0769,-6.5698,loss_of_function,-1.67693064439131,,,0.6285,pathogenic,https://doi.org/10.1101/2022.10.22.513328
H59P,-0.93138,0.9017,2.214979895213459,Neutral,Uncertain,64.5,,,,clinvar,,False,64.5,,,,neutral,neutral,neutral,DOWN,neutral,neutral,neutral,1779746,Uncertain significance,1,76.58,H,-0.1973,2.0769,-8.1547,loss_of_function,-1.8447165873881,,,0.3953,ambiguous,https://doi.org/10.1101/2022.10.22.513328
H59R,0.64806,-0.08129,0.2483670999400222,Neutral,Neutral,64.5,,,,clinvar,,False,64.5,,,,neutral,neutral,neutral,UP,neutral,neutral,neutral,1471776,Uncertain significance,2,76.58,H,-0.0454,2.0769,-3.2479,loss_of_function,-0.744204622640636,,,0.3358,benign,https://doi.org/10.1101/2022.10.22.513328
H59Y,-0.59165,-0.88878,-0.4437913915584118,Neutral,Neutral,64.5,,,0.235,"cBioPortal,COSMIC",,False,64.5,,,,neutral,neutral,neutral,UP,neutral,neutral,neutral,,,,76.58,H,-0.0737,2.0769,-21.4425,loss_of_function,-2.04715951034441,,,0.2894,benign,https://doi.org/10.1101/2022.10.22.513328
L61S,0.39342,3.62687,1.4809229531896912,Uncertain,Neutral,64.9,,,,clinvar,,False,64.9,,,,neutral,neutral,neutral,DOWN,neutral,neutral,neutral,1057145,Uncertain significance,1,73.68,H,-0.3464,0.3445,-8.1748,loss_of_function,-5.07976665187135,,,0.9989,pathogenic,https://doi.org/10.1101/2022.10.22.513328
A62S,0.66002,1.38061,1.067264095932207,Neutral,Neutral,20.0,,,,clinvar,,False,20.0,,,,neutral,neutral,neutral,-,uncertain,uncertain,uncertain,1040901,Uncertain significance,2,78.13,H,-0.038,1.9261,-4.5949,loss_of_function,-0.53337408930111,,,0.2481,benign,https://doi.org/10.1101/2022.10.22.513328
A62V,-0.80991,1.69558,-0.0028117248033898,Neutral,Neutral,20.0,,,,clinvar,,False,20.0,,,,neutral,neutral,neutral,UP,neutral,neutral,neutral,935614,Uncertain significance,1,78.13,H,-0.0259,1.9261,-1.6408,loss_of_function,-0.800817642789062,,,0.4325,ambiguous,https://doi.org/10.1101/2022.10.22.513328
S64A,-0.14816,-0.20986,-0.5024197991677765,Neutral,Neutral,72.6,,,,clinvar,,False,72.6,,,,uncertain,,,-,uncertain,uncertain,uncertain,1062206,Uncertain significance,1,78.22,H,-0.0182,1.7238,-1.927,loss_of_function,-0.53809223260336,,,0.1305,benign,https://doi.org/10.1101/2022.10.22.513328
S64C,0.46023,0.22755,0.226860039160211,Neutral,Neutral,72.6,,,0.326,"cBioPortal,COSMIC",,False,72.6,,,,uncertain,,,UP,neutral,neutral,neutral,,,,78.22,H,-0.1684,1.7238,-21.4626,loss_of_function,-0.772288574813092,,,0.3268,benign,https://doi.org/10.1101/2022.10.22.513328
S64F,-0.54184,0.1449,-0.8753083810879742,Neutral,Neutral,72.6,,3.9765858624e-06,0.484,"cBioPortal,clinvar",,False,72.6,,,,uncertain,,,UP,neutral,neutral,neutral,1385528,Uncertain significance,2,78.22,H,-0.196,1.7238,-21.4626,loss_of_function,-3.1681207391731,,,0.8378,pathogenic,https://doi.org/10.1101/2022.10.22.513328
S64Y,-0.41172,-0.22041,-0.7575971292934347,Neutral,Neutral,72.6,,,0.567,COSMIC,,False,72.6,,,,uncertain,,,UP,neutral,neutral,neutral,,,,78.22,H,-0.2008,1.7238,-21.4626,loss_of_function,-3.1681207391731,,,0.8328,pathogenic,https://doi.org/10.1101/2022.10.22.513328
V65I,-0.95032,-0.29048,0.1782510927446079,Neutral,Neutral,39.1,,,,clinvar,,False,39.1,,,,neutral,neutral,neutral,UP,neutral,neutral,neutral,661413,Uncertain significance,2,79.11,H,-0.1321,0.6626,-3.922,loss_of_function,-1.07700951472878,,,0.2861,benign,https://doi.org/10.1101/2022.10.22.513328
E66K,-0.57933,0.01667,0.135996815189639,Neutral,Neutral,48.8,,,0.272,"cBioPortal,COSMIC",,False,48.8,,,,neutral,neutral,neutral,UP,neutral,neutral,neutral,,,,82.23,H,-0.1756,0.9241,-6.1699,loss_of_function,-2.06575193391673,,,0.5049,ambiguous,https://doi.org/10.1101/2022.10.22.513328
Q67H,-0.09198,0.02075,-0.2935047943759161,Neutral,Neutral,85.6,,,,clinvar,,False,85.6,,,,neutral,neutral,neutral,UP,neutral,neutral,neutral,960847,Uncertain significance,2,84.57,H,-0.0013,2.4764,-8.1648,loss_of_function,-1.62456524347395,,,0.2026,benign,https://doi.org/10.1101/2022.10.22.513328
Q67K,-0.21257,-0.26156,-0.2313313126614558,Neutral,Neutral,85.6,3.1841049481e-05,1.19300422323e-05,0.151,"cBioPortal,COSMIC,clinvar",,False,85.6,,,,neutral,neutral,neutral,UP,neutral,neutral,neutral,641325,Conflicting interpretations of pathogenicity,1,84.57,H,-0.0015,2.4764,-1.917,loss_of_function,-0.619632793270791,,,0.094,benign,https://doi.org/10.1101/2022.10.22.513328
Q67R,-0.07944,-0.05578,-0.5102121191621667,Neutral,Neutral,85.6,,,,clinvar,,False,85.6,,,,neutral,neutral,neutral,UP,neutral,neutral,neutral,1784372,Uncertain significance,2,84.57,H,-0.0115,2.4764,-4.1649,loss_of_function,-0.786634073815023,,,0.127,benign,https://doi.org/10.1101/2022.10.22.513328
A68S,0.07487,0.08265,0.5592324418627326,Neutral,Neutral,69.4,,,,clinvar,,False,69.4,,,,neutral,neutral,neutral,-,uncertain,uncertain,uncertain,1421739,Uncertain significance,1,84.9,H,-0.1656,0.594,-5.5698,loss_of_function,-2.06216913812432,,,0.7905,pathogenic,https://doi.org/10.1101/2022.10.22.513328
A68T,0.56885,-1.01156,0.1646731084081798,Neutral,Neutral,69.4,,7.9531717249e-06,0.546,"cBioPortal,clinvar",,False,69.4,,,,neutral,neutral,neutral,UP,neutral,neutral,stabilizing,657946,Uncertain significance,2,84.9,H,-0.1729,0.594,-5.8329,loss_of_function,-1.92260703391629,,,0.9808,pathogenic,https://doi.org/10.1101/2022.10.22.513328
T69A,0.10521,0.95578,-0.0462122156073152,Neutral,Neutral,15.8,,,,clinvar,,False,15.8,,,,uncertain,,,DOWN,neutral,neutral,neutral,1785182,Uncertain significance,2,86.02,H,-0.176,0.814,-8.1547,loss_of_function,-3.10929956759506,,,0.6636,pathogenic,https://doi.org/10.1101/2022.10.22.513328
E70D,0.46919,0.43844,0.4615049797606491,Neutral,Neutral,70.4,,,0.061,"cBioPortal,COSMIC",,False,70.4,,,,neutral,neutral,neutral,DOWN,neutral,neutral,neutral,,,,88.77,H,0.0321,2.5243,-5.3525,gain_of_function,-0.573742871818714,,,0.1172,benign,https://doi.org/10.1101/2022.10.22.513328
E70K,-0.62373,-0.5119,0.0436352774496962,Neutral,Neutral,70.4,,,,clinvar,,False,70.4,,,,neutral,neutral,neutral,UP,neutral,neutral,neutral,1785714,Uncertain significance,1,88.77,H,-0.0304,2.5243,-6.5749,loss_of_function,-1.69915852932968,,,0.1144,benign,https://doi.org/10.1101/2022.10.22.513328
N71T,-0.07698,-0.3,0.255411615141492,Neutral,Neutral,68.8,,,,clinvar,,False,68.8,,,,neutral,neutral,neutral,-,uncertain,uncertain,uncertain,853290,Uncertain significance,1,88.6,H,-0.1612,1.1984,-7.1598,loss_of_function,-1.62375728358764,,,0.2513,benign,https://doi.org/10.1101/2022.10.22.513328
F72C,3.85202,3.25034,3.446930912895625,Destabilizing,Destabilizing,32.2,,,,clinvar,,False,32.2,,,,neutral,neutral,neutral,DOWN,neutral,neutral,neutral,953786,Uncertain significance,1,89.31,H,-0.3363,0.8385,-21.4526,loss_of_function,-5.2029176619704,,,0.9973,pathogenic,https://doi.org/10.1101/2022.10.22.513328
F72L,1.28027,1.00884,1.3353940408197578,Neutral,Neutral,32.2,,,0.242,cBioPortal,,False,32.2,,,,neutral,neutral,neutral,DOWN,neutral,neutral,neutral,,,,89.31,H,-0.1776,0.8385,-2.5211,loss_of_function,-1.57358066100393,,,0.9966,pathogenic,https://doi.org/10.1101/2022.10.22.513328
E74D,0.28692,0.33503,0.1945835470647611,Neutral,Neutral,76.0,,,,clinvar,,False,76.0,,,,neutral,neutral,neutral,DOWN,neutral,neutral,neutral,1788088,Likely benign,1,91.67,H,0.0256,2.2755,-2.1425,gain_of_function,-0.0017768780807143,,,0.1002,benign,https://doi.org/10.1101/2022.10.22.513328
K75N,0.30743,0.17755,0.3972531685078068,Neutral,Neutral,85.6,,,,clinvar,,False,85.6,,,,neutral,neutral,neutral,DOWN,neutral,neutral,neutral,643700,Uncertain significance,1,89.7,H,-0.1073,1.6684,-6.5799,loss_of_function,-1.11597435485327,,,0.8999,pathogenic,https://doi.org/10.1101/2022.10.22.513328
G76E,2.32954,1.03367,0.5480287656331192,Uncertain,Uncertain,19.7,,,,clinvar,,False,19.7,,,,neutral,neutral,neutral,UP,neutral,neutral,neutral,1721865,Uncertain significance,1,91.24,H,-0.4023,0.4017,-21.4526,loss_of_function,-5.35275693630548,,,0.9996,pathogenic,https://doi.org/10.1101/2022.10.22.513328
G76R,1.91268,2.80068,-0.1270014852316225,Uncertain,Neutral,19.7,,,,clinvar,,False,19.7,,,,neutral,neutral,neutral,UP,neutral,neutral,neutral,1788758,Uncertain significance,1,91.24,H,-0.3514,0.4017,-8.1648,loss_of_function,-5.35275693630548,,,0.9997,pathogenic,https://doi.org/10.1101/2022.10.22.513328
G76W,7.35397,-1.42857,-1.0119941171930136,Uncertain,Uncertain,19.7,,,,clinvar,,False,19.7,,,,neutral,neutral,neutral,UP,neutral,neutral,neutral,1474199,Uncertain significance,2,91.24,H,-0.4403,0.4017,-21.4526,loss_of_function,-5.35275693630548,,,0.9998,pathogenic,https://doi.org/10.1101/2022.10.22.513328
D77V,-0.77563,0.83095,0.4621255430088405,Neutral,Neutral,35.4,,,0.310,"cBioPortal,clinvar",,False,35.4,,,,neutral,neutral,neutral,UP,neutral,neutral,neutral,645963,Uncertain significance,1,92.31,H,-0.1602,1.7245,-7.1699,loss_of_function,-3.02694109566757,,,0.2138,benign,https://doi.org/10.1101/2022.10.22.513328
K78E,0.82198,1.01701,0.3576971857638827,Neutral,Neutral,75.3,,,,clinvar,,False,75.3,,,,neutral,neutral,neutral,DOWN,neutral,neutral,neutral,645001,Uncertain significance,2,91.26,H,-0.0127,2.5623,-2.848,loss_of_function,-0.57209403712209,,,0.2415,benign,https://doi.org/10.1101/2022.10.22.513328
K78I,0.34379,0.18707,-0.2346259072049505,Neutral,Neutral,75.3,,,,clinvar,,False,75.3,,,,neutral,neutral,neutral,-,uncertain,uncertain,uncertain,1435357,Uncertain significance,1,91.26,H,-0.0452,2.5623,-6.5849,loss_of_function,-0.960438977821507,,,0.2563,benign,https://doi.org/10.1101/2022.10.22.513328
K78T,1.00483,0.46735,0.5021237279741977,Neutral,Neutral,75.3,,,,clinvar,,False,75.3,,,,neutral,neutral,neutral,DOWN,neutral,neutral,neutral,821118,Uncertain significance,2,91.26,H,-0.0251,2.5623,-5.848,loss_of_function,-1.03606077239647,,,0.16,benign,https://doi.org/10.1101/2022.10.22.513328
I79V,0.63921,0.51565,0.5699906751740044,Neutral,Neutral,69.9,,,,clinvar,,False,69.9,,,,neutral,neutral,neutral,DOWN,neutral,neutral,neutral,1480161,Uncertain significance,1,88.0,H,-0.1306,0.6084,-5.5749,loss_of_function,-2.1303412416879,,,0.7067,pathogenic,https://doi.org/10.1101/2022.10.22.513328
A80G,2.21714,2.47143,1.901640926655316,Uncertain,Uncertain,1.7,,,,clinvar,,True,1.7,,,,neutral,neutral,neutral,DOWN,neutral,neutral,neutral,654788,Uncertain significance,2,90.32,H,-0.1916,0.768,-8.1648,loss_of_function,-5.09088463927558,,,0.5633,ambiguous,https://doi.org/10.1101/2022.10.22.513328
A80T,2.22806,3.17415,1.1638477093768702,Uncertain,Uncertain,1.7,,,0.385,cBioPortal,,True,1.7,,,,neutral,neutral,neutral,UP,neutral,neutral,neutral,,,,90.32,H,-0.2366,0.768,-21.4526,loss_of_function,-1.21256821567642,,,0.8932,pathogenic,https://doi.org/10.1101/2022.10.22.513328
A80V,2.95447,2.60646,0.406300041306108,Uncertain,Uncertain,1.7,,7.9536777806e-06,0.197,"cBioPortal,COSMIC,clinvar",,True,1.7,,,,neutral,neutral,neutral,UP,neutral,neutral,neutral,663280,Uncertain significance,2,90.32,H,-0.1526,0.768,-5.5799,loss_of_function,-2.65608588995984,,,0.8812,pathogenic,https://doi.org/10.1101/2022.10.22.513328
E82G,-0.22314,1.32279,0.5126290252483445,Neutral,Neutral,72.3,,,,clinvar,,True,72.3,,,,neutral,neutral,neutral,DOWN,neutral,neutral,neutral,2091295,Uncertain significance,1,89.08,H,-0.1512,1.2533,-6.5849,loss_of_function,-2.18986281716306,,,0.5247,ambiguous,https://doi.org/10.1101/2022.10.22.513328
S83G,1.97965,2.12517,0.9648593265248848,Uncertain,Neutral,17.9,,,,clinvar,P,True,17.9,3.504,,,uncertain,damaging,uncertain,DOWN,neutral,neutral,neutral,1715295,Uncertain significance,1,87.44,-,-0.0751,2.288,-21.4526,loss_of_function,-4.25906166178579,,,0.398,ambiguous,https://doi.org/10.1101/2022.10.22.513328
S83N,2.53402,1.1534,-0.0522122893365145,Uncertain,Uncertain,17.9,,,,clinvar,P,True,17.9,3.504,,,uncertain,uncertain,uncertain,UP,neutral,neutral,neutral,639838,Conflicting interpretations of pathogenicity,1,87.44,-,0.0124,2.288,-1.722,gain_of_function,-0.635940594734915,,,0.4829,ambiguous,https://doi.org/10.1101/2022.10.22.513328
Q84E,-0.19318,0.33027,-0.4607436983896545,Neutral,Neutral,90.8,,,0.146,COSMIC,,True,90.8,,,,neutral,neutral,neutral,DOWN,neutral,neutral,destabilizing,,,,85.96,S,-0.0295,2.2131,-8.1648,loss_of_function,-0.467066534084237,,,0.0851,benign,https://doi.org/10.1101/2022.10.22.513328
Q84R,-0.29698,0.65238,-0.4393620998555714,Neutral,Neutral,90.8,,,,clinvar,,True,90.8,,,,neutral,neutral,neutral,UP,neutral,neutral,neutral,652802,Uncertain significance,1,85.96,S,-0.051,2.2131,-7.1648,loss_of_function,-1.72169417827664,,,0.1169,benign,https://doi.org/10.1101/2022.10.22.513328
K87E,1.98832,0.83707,0.7614330330571253,Neutral,Neutral,56.7,,,,clinvar,,False,56.7,,,,neutral,neutral,neutral,DOWN,neutral,neutral,neutral,1463627,Uncertain significance,1,88.42,H,-0.0662,2.0699,-4.4645,loss_of_function,-1.1022571817459,,,0.302,benign,https://doi.org/10.1101/2022.10.22.513328
K87N,1.12295,0.8034,0.8132149477786884,Neutral,Neutral,56.7,,,,clinvar,,False,56.7,,,,neutral,neutral,neutral,DOWN,neutral,neutral,neutral,1374699,Uncertain significance,1,88.42,H,-0.0785,2.0699,-8.1648,loss_of_function,-1.73683365806559,,,0.795,pathogenic,https://doi.org/10.1101/2022.10.22.513328
K87Q,0.59514,0.28469,0.5469735296211045,Neutral,Neutral,56.7,,,,clinvar,,False,56.7,,,,neutral,neutral,neutral,DOWN,neutral,neutral,neutral,662081,Uncertain significance,2,88.42,H,-0.0406,2.0699,-4.4645,loss_of_function,-1.01452030030552,,,0.1182,benign,https://doi.org/10.1101/2022.10.22.513328
K87T,1.4701,0.22143,0.6014799121794181,Neutral,Neutral,56.7,,,,clinvar,,False,56.7,,,,neutral,neutral,neutral,DOWN,neutral,neutral,neutral,1483883,Uncertain significance,1,88.42,H,-0.0582,2.0699,-3.4645,loss_of_function,-0.767408847951523,,,0.3997,ambiguous,https://doi.org/10.1101/2022.10.22.513328
E88Q,0.56553,0.37211,0.3850850712735515,Neutral,Neutral,103.6,,,,clinvar,,False,103.6,,,,neutral,neutral,neutral,UP,neutral,neutral,neutral,1006768,Uncertain significance,1,89.12,H,0.0278,2.4065,-2.7437,gain_of_function,-0.360359518148445,,,0.2134,benign,https://doi.org/10.1101/2022.10.22.513328
E89K,0.18487,1.4568,0.3353437365799078,Neutral,Neutral,53.4,,3.9772817665e-06,0.581,"cBioPortal,COSMIC,clinvar",,False,53.4,,,,neutral,neutral,neutral,UP,neutral,neutral,neutral,1014088,Uncertain significance,1,89.48,H,-0.1825,0.8723,-6.5849,loss_of_function,-4.12606691860147,,,0.9648,pathogenic,https://doi.org/10.1101/2022.10.22.513328
E89Q,0.59649,0.69048,0.2220144172776994,Neutral,Neutral,53.4,,,,clinvar,,False,53.4,,,,neutral,neutral,neutral,UP,neutral,neutral,neutral,2446932,Uncertain significance,1,89.48,H,-0.1228,0.8723,-4.585,loss_of_function,-0.969632089494588,,,0.8298,pathogenic,https://doi.org/10.1101/2022.10.22.513328
L90F,1.17717,4.04048,1.725712654917773,Uncertain,Neutral,1.4,,,,clinvar,,False,1.4,,,,neutral,neutral,neutral,UP,neutral,neutral,neutral,2104017,Uncertain significance,1,91.46,H,-0.1831,1.067,-8.1847,loss_of_function,-3.93604841054009,,,0.9586,pathogenic,https://doi.org/10.1101/2022.10.22.513328
V91A,0.28392,0.9432,1.2085751523535415,Neutral,Neutral,52.4,,,,clinvar,,False,52.4,,,,neutral,neutral,neutral,DOWN,neutral,neutral,neutral,1020972,Uncertain significance,2,93.68,H,-0.0026,2.9186,-6.6048,loss_of_function,-0.859517202118061,,,0.1166,benign,https://doi.org/10.1101/2022.10.22.513328
V91M,-0.92927,0.5034,0.213854463041645,Neutral,Neutral,52.4,,,,clinvar,,False,52.4,,,,neutral,neutral,neutral,UP,neutral,neutral,neutral,2448340,Uncertain significance,1,93.68,H,-0.0021,2.9186,-4.6049,loss_of_function,-0.243727364732693,,,0.0921,benign,https://doi.org/10.1101/2022.10.22.513328
A92G,0.82832,1.26259,0.8534820677090288,Neutral,Neutral,67.9,,,0.097,"cBioPortal,COSMIC",,False,67.9,,,,neutral,neutral,neutral,DOWN,neutral,neutral,neutral,,,,93.35,H,-0.0326,2.2804,-4.2829,loss_of_function,-0.904906952547215,,,0.1446,benign,https://doi.org/10.1101/2022.10.22.513328
A92V,0.5677,0.12075,-0.3435268694563304,Neutral,Neutral,67.9,,3.9787692871e-06,0.093,cBioPortal,,False,67.9,,,,neutral,neutral,neutral,UP,neutral,neutral,neutral,,,,93.35,H,-0.0124,2.2804,-5.3825,loss_of_function,-0.468779272091108,,,0.1257,benign,https://doi.org/10.1101/2022.10.22.513328
A93T,1.29788,2.22891,1.3388780249753054,Uncertain,Neutral,1.5,,,,clinvar,,False,1.5,,,,neutral,neutral,neutral,UP,neutral,neutral,neutral,948179,Uncertain significance,2,92.88,H,-0.1686,0.6278,-5.6098,loss_of_function,-1.0358462956382,,,0.7879,pathogenic,https://doi.org/10.1101/2022.10.22.513328
A93V,0.89136,1.68333,0.4703997021314227,Neutral,Neutral,1.5,,,,clinvar,,False,1.5,,,,neutral,neutral,neutral,UP,neutral,neutral,neutral,1514995,Uncertain significance,1,92.88,H,-0.1737,0.6278,-7.1947,loss_of_function,-2.36561980631949,,,0.8868,pathogenic,https://doi.org/10.1101/2022.10.22.513328
V94A,1.75156,2.12687,2.385068812790555,Uncertain,Uncertain,0.6,,,,clinvar,,False,0.6,,,,neutral,neutral,neutral,DOWN,neutral,neutral,neutral,934426,Uncertain significance,2,95.81,H,-0.2353,1.2152,-21.4874,loss_of_function,-3.98089818439568,,,0.8256,pathogenic,https://doi.org/10.1101/2022.10.22.513328
V94I,0.5332,0.53367,0.6554639336960629,Neutral,Neutral,0.6,,,,clinvar,,False,0.6,,,,neutral,neutral,neutral,UP,neutral,neutral,neutral,947111,Uncertain significance,2,95.81,H,-0.0822,1.2152,-4.1122,loss_of_function,-0.786932447510939,,,0.215,benign,https://doi.org/10.1101/2022.10.22.513328
E95A,0.07688,0.16429,0.1823428399308235,Neutral,Neutral,61.5,,,,clinvar,,False,61.5,,,,neutral,neutral,neutral,DOWN,neutral,neutral,neutral,1350800,Uncertain significance,2,95.7,H,-0.0397,2.0762,-4.6147,loss_of_function,-0.894237771721327,,,0.1453,benign,https://doi.org/10.1101/2022.10.22.513328
E95D,0.61964,0.24082,0.327977282992466,Neutral,Neutral,61.5,,,,clinvar,,False,61.5,,,,neutral,neutral,neutral,DOWN,neutral,neutral,neutral,654757,Uncertain significance,2,95.7,H,0.005,2.0762,-2.585,gain_of_function,-0.0013856803424506,,,0.0824,benign,https://doi.org/10.1101/2022.10.22.513328
E95G,0.84819,1.34422,1.0038239076105364,Neutral,Neutral,61.5,,,,clinvar,,False,61.5,,,,neutral,neutral,neutral,DOWN,neutral,neutral,neutral,1038838,Uncertain significance,1,95.7,H,-0.0719,2.0762,-5.8777,loss_of_function,-1.09459431720111,,,0.1741,benign,https://doi.org/10.1101/2022.10.22.513328
E95V,0.2798,0.41939,-0.0939058781829615,Neutral,Neutral,61.5,,,,clinvar,,False,61.5,,,,neutral,neutral,neutral,-,uncertain,uncertain,uncertain,1363983,Uncertain significance,1,95.7,H,-0.0712,2.0762,-8.1995,loss_of_function,-1.65881273759395,,,0.2515,benign,https://doi.org/10.1101/2022.10.22.513328
D96E,-0.0502,-0.62755,-0.3020264604740547,Neutral,Neutral,44.0,,,,clinvar,,False,44.0,,,,neutral,neutral,neutral,UP,neutral,neutral,neutral,1797285,Uncertain significance,1,95.19,H,-0.0456,1.5392,-1.3923,loss_of_function,-0.361310612734002,,,0.3955,ambiguous,https://doi.org/10.1101/2022.10.22.513328
D96G,1.09932,1.10442,1.0860213894021726,Neutral,Neutral,44.0,,,,clinvar,,False,44.0,,,,neutral,neutral,neutral,DOWN,neutral,neutral,neutral,1014804,Uncertain significance,2,95.19,H,-0.1385,1.5392,-6.6147,loss_of_function,-2.30951217549853,,,0.8293,pathogenic,https://doi.org/10.1101/2022.10.22.513328
D96H,0.28132,-0.50476,-0.4263298728718545,Neutral,Neutral,44.0,,,,clinvar,,False,44.0,,,,neutral,neutral,neutral,UP,neutral,neutral,neutral,648246,Uncertain significance,1,95.19,H,-0.1447,1.5392,-8.1995,loss_of_function,-2.07185638171106,,,0.9495,pathogenic,https://doi.org/10.1101/2022.10.22.513328
D96Y,-0.2197,-0.38367,-0.6672981459717237,Neutral,Neutral,44.0,,,0.378,"COSMIC,clinvar",,False,44.0,,,,neutral,neutral,neutral,UP,neutral,neutral,neutral,1399338,Uncertain significance,1,95.19,H,-0.1804,1.5392,-8.1995,loss_of_function,-2.74816514392979,,,0.8829,pathogenic,https://doi.org/10.1101/2022.10.22.513328
V97F,2.53244,4.16939,3.0736885964687657,Uncertain,Uncertain,0.0,,,,clinvar,,False,0.0,,,,neutral,neutral,neutral,UP,neutral,neutral,neutral,1797404,Uncertain significance,1,94.63,H,-0.3756,0.5285,-21.4775,loss_of_function,-5.12204119709708,,,0.9954,pathogenic,https://doi.org/10.1101/2022.10.22.513328
R98G,1.52009,1.96429,2.300851831977267,Neutral,Uncertain,34.9,,,,clinvar,,False,34.9,,,,neutral,neutral,neutral,DOWN,neutral,neutral,neutral,856877,Uncertain significance,2,96.14,H,-0.237,1.4827,-8.1748,loss_of_function,-2.73414310259116,,,0.5419,ambiguous,https://doi.org/10.1101/2022.10.22.513328
R98Q,0.23692,0.59048,1.2550215810690968,Neutral,Neutral,34.9,,7.57732863273e-05,0.274,"cBioPortal,COSMIC,clinvar",,False,34.9,,,,neutral,neutral,neutral,DOWN,neutral,neutral,neutral,639160,Conflicting interpretations of pathogenicity,1,96.14,H,-0.1536,1.4827,-3.7155,loss_of_function,-1.03751797205747,,,0.1031,benign,https://doi.org/10.1101/2022.10.22.513328
Q100H,0.75132,0.57007,0.0392068729215522,Neutral,Neutral,20.6,,,,clinvar,,False,20.6,,,,neutral,neutral,neutral,UP,neutral,neutral,neutral,1004143,Uncertain significance,1,94.89,H,-0.016,2.2612,-7.1749,loss_of_function,-3.09223102475697,1.0557171828609493e-07,Benign,0.6297,pathogenic,https://doi.org/10.1101/2022.10.22.513328
Q100K,-0.06891,0.45816,0.2810656431636288,Neutral,Neutral,20.6,,,,clinvar,,False,20.6,,,,neutral,neutral,neutral,UP,neutral,neutral,neutral,1058229,Uncertain significance,2,94.89,H,-0.0481,2.2612,-7.1749,loss_of_function,-1.97423766136795,5.7349746435877885e-09,Benign,0.5912,pathogenic,https://doi.org/10.1101/2022.10.22.513328
Q100R,0.20816,1.07891,-0.1644505667386514,Neutral,Neutral,20.6,,,,clinvar,,False,20.6,,,,neutral,neutral,neutral,UP,neutral,neutral,neutral,2054817,Uncertain significance,1,94.89,H,-0.1196,2.2612,-21.4626,loss_of_function,-3.62894254315569,1.3494962234409703e-06,Benign,0.6268,pathogenic,https://doi.org/10.1101/2022.10.22.513328
L103V,0.66515,0.58061,0.6372754622633661,Neutral,Neutral,65.8,,,,clinvar,,False,65.8,,,,neutral,neutral,neutral,DOWN,neutral,neutral,neutral,1720052,Uncertain significance,1,94.36,H,0.0314,2.931,-4.2879,gain_of_function,-0.0423324358953856,5.0788926569433844e-14,Benign,0.0659,benign,https://doi.org/10.1101/2022.10.22.513328
L103W,-0.34594,-0.62959,0.2103837326782981,Neutral,Neutral,65.8,,,,clinvar,,False,65.8,,,,neutral,neutral,neutral,UP,neutral,neutral,neutral,1051608,Uncertain significance,1,94.36,H,-0.1786,2.931,-21.4825,loss_of_function,-2.16617246655926,2.2074172631883216e-06,Benign,0.3271,benign,https://doi.org/10.1101/2022.10.22.513328
M104I,2.45222,1.39218,0.6184607173293472,Uncertain,Uncertain,8.3,,,,clinvar,,False,8.3,,,,neutral,neutral,neutral,-,uncertain,uncertain,uncertain,1506139,Uncertain significance,1,91.06,H,-0.1668,0.8759,-8.2142,loss_of_function,-3.31064437844779,0.847826071662164,Pathogenic,0.9964,pathogenic,https://doi.org/10.1101/2022.10.22.513328
M104L,0.44809,-0.46905,0.1904259454705503,Neutral,Neutral,8.3,,,,clinvar,,False,8.3,,,,neutral,neutral,neutral,-,uncertain,uncertain,uncertain,1461093,Uncertain significance,1,91.06,H,-0.106,0.8759,-2.7549,loss_of_function,-0.545278233671767,0.0010821103595998,Benign,0.6631,pathogenic,https://doi.org/10.1101/2022.10.22.513328
M104T,2.92466,0.98333,1.518931155692007,Uncertain,Uncertain,8.3,,,,clinvar,,False,8.3,,,,neutral,neutral,neutral,DOWN,neutral,neutral,neutral,1362900,Uncertain significance,2,91.06,H,-0.2885,0.8759,-21.502,loss_of_function,-5.44935384092675,0.7798167078504502,Pathogenic,0.9951,pathogenic,https://doi.org/10.1101/2022.10.22.513328
A106P,4.12368,7.67415,4.681903163476929,Destabilizing,Destabilizing,79.7,,,,clinvar,,False,79.7,,,,neutral,neutral,neutral,UP,neutral,neutral,neutral,1498848,Uncertain significance,1,93.09,H,-0.1464,3.3902,-21.5117,loss_of_function,-1.3777445450797,9.020436627096144e-06,Benign,0.8033,pathogenic,https://doi.org/10.1101/2022.10.22.513328
A106T,0.06807,-0.2034,0.0199507337853999,Neutral,Neutral,79.7,,,,clinvar,,False,79.7,,,,neutral,neutral,neutral,UP,neutral,neutral,neutral,661024,Conflicting interpretations of pathogenicity,1,93.09,H,0.0939,3.3902,-3.9761,gain_of_function,-0.0001345300147845,1.6446654495120535e-09,Benign,0.0545,benign,https://doi.org/10.1101/2022.10.22.513328
A107G,1.6475,2.14592,1.8776735352540523,Uncertain,Neutral,15.1,,,,clinvar,,False,15.1,,,,neutral,neutral,neutral,DOWN,neutral,neutral,neutral,2108094,Uncertain significance,1,90.99,H,-0.1196,1.4666,-6.6486,loss_of_function,-2.12359191149137,0.5103936607019346,Uncertain,0.4821,ambiguous,https://doi.org/10.1101/2022.10.22.513328
A107T,0.97101,0.88878,1.198374212329724,Neutral,Neutral,15.1,,,,clinvar,,False,15.1,,,,neutral,neutral,neutral,UP,neutral,neutral,neutral,966860,Uncertain significance,1,90.99,H,-0.0821,1.4666,-3.7742,loss_of_function,-0.352703807980588,6.605447126170218e-06,Benign,0.2602,benign,https://doi.org/10.1101/2022.10.22.513328
A108V,0.83009,3.08537,-0.2841272717259174,Uncertain,Neutral,7.3,,,,clinvar,,False,7.3,,,,neutral,neutral,neutral,UP,neutral,neutral,neutral,847012,Uncertain significance,1,87.85,H,-0.1003,1.3959,-6.6486,loss_of_function,-4.12448192001283,0.0637325357122748,Benign,0.863,pathogenic,https://doi.org/10.1101/2022.10.22.513328
G109V,-0.59172,-1.77517,-0.6244218271576668,Neutral,Neutral,65.1,,,,clinvar,,False,65.1,,,,neutral,neutral,neutral,UP,neutral,neutral,neutral,1485644,Uncertain significance,2,88.21,H,-0.1603,2.5934,-8.2335,loss_of_function,-3.20655104573545,6.424062471811265e-08,Benign,0.1247,benign,https://doi.org/10.1101/2022.10.22.513328
E110D,0.1272,0.78367,0.8396479177356166,Neutral,Neutral,60.6,,,0.153,"cBioPortal,COSMIC,clinvar",,False,60.6,,,,neutral,neutral,neutral,DOWN,neutral,neutral,neutral,1730072,Uncertain significance,1,90.64,H,-0.0509,1.5105,-3.3315,loss_of_function,-0.161241277664528,1.2885605358228358e-05,Benign,0.0852,benign,https://doi.org/10.1101/2022.10.22.513328
E110G,1.28392,1.31361,1.337806119071416,Neutral,Neutral,60.6,,,,clinvar,,False,60.6,,,,neutral,neutral,neutral,DOWN,neutral,neutral,neutral,1025406,Uncertain significance,2,90.64,H,-0.2038,1.5105,-21.5261,loss_of_function,-4.12425458565196,0.7924093677371155,Pathogenic,0.3282,benign,https://doi.org/10.1101/2022.10.22.513328
F111L,0.30691,1.95612,2.032150666955986,Neutral,Uncertain,22.1,,3.9766807441e-06,0.409,"cBioPortal,COSMIC,clinvar",,False,22.1,,,,neutral,neutral,neutral,DOWN,neutral,neutral,neutral,"2448347, 662901","Uncertain significance, Uncertain significance","1, 1",85.79,H,-0.3488,0.032,-21.5356,loss_of_function,-6.06661730685283,0.829108499030693,Pathogenic,0.9998,pathogenic,https://doi.org/10.1101/2022.10.22.513328
A112G,1.59616,1.31259,1.949378717522499,Neutral,Neutral,1.2,,,,clinvar,,False,1.2,,,,neutral,neutral,neutral,DOWN,neutral,neutral,neutral,1510976,Uncertain significance,1,84.64,H,-0.1875,1.5545,-21.5356,loss_of_function,-3.93695681058147,0.6534966372339188,Uncertain,0.6728,pathogenic,https://doi.org/10.1101/2022.10.22.513328
A112T,2.86519,1.82415,1.6889300694776932,Uncertain,Uncertain,1.2,,3.18126868995e-05,0.236,"cBioPortal,clinvar",,False,1.2,,,,neutral,neutral,neutral,UP,neutral,neutral,neutral,662911,Conflicting interpretations of pathogenicity,1,84.64,H,-0.0702,1.5545,-3.0385,loss_of_function,-0.915943733994974,5.308588190434685e-05,Benign,0.7153,pathogenic,https://doi.org/10.1101/2022.10.22.513328
D113E,-0.07335,-0.09252,-0.2759188012457964,Neutral,Neutral,75.7,,,,clinvar,,False,75.7,,,,neutral,neutral,neutral,UP,neutral,neutral,neutral,645011,Uncertain significance,2,88.05,H,0.0064,2.1388,-2.0191,gain_of_function,-0.0755818218883465,1.96668329682246e-06,Benign,0.097,benign,https://doi.org/10.1101/2022.10.22.513328
D113G,1.19707,1.29218,0.7108382081669667,Neutral,Neutral,75.7,,,,clinvar,,False,75.7,,,,neutral,neutral,neutral,DOWN,neutral,neutral,neutral,862552,Uncertain significance,2,88.05,H,-0.0836,2.1388,-6.6629,loss_of_function,-1.73105266237293,0.049072337011188,Benign,0.2012,benign,https://doi.org/10.1101/2022.10.22.513328
D114E,-0.52393,0.86633,0.72995128113852,Neutral,Neutral,48.9,,,0.128,cBioPortal,,False,48.9,,,,neutral,neutral,neutral,UP,neutral,neutral,neutral,,,,85.87,-,-0.1502,0.5719,-4.4406,loss_of_function,-1.05105759720756,0.0580247537633242,Benign,0.7279,pathogenic,https://doi.org/10.1101/2022.10.22.513328
D114H,-1.5892,0.98673,0.4009869895123691,Neutral,Neutral,48.9,,,0.617,cBioPortal,,False,48.9,,,,neutral,neutral,neutral,UP,neutral,neutral,neutral,,,,85.87,-,-0.3018,0.5719,-21.5356,loss_of_function,-5.22522713772696,0.8931651484046157,Pathogenic,0.9608,pathogenic,https://doi.org/10.1101/2022.10.22.513328
D114N,-1.69211,1.52143,0.4404339815601477,Neutral,Neutral,48.9,,,,clinvar,,False,48.9,,,,neutral,neutral,neutral,-,uncertain,uncertain,uncertain,2006861,Uncertain significance,1,85.87,-,-0.1795,0.5719,-5.926,loss_of_function,-1.34426326906077,0.0408133605932048,Benign,0.5986,pathogenic,https://doi.org/10.1101/2022.10.22.513328
D114Y,-0.75702,0.92789,0.4344317966760042,Neutral,Neutral,48.9,,,0.714,COSMIC,,False,48.9,,,,neutral,neutral,neutral,UP,neutral,neutral,neutral,,,,85.87,-,-0.3375,0.5719,-21.5356,loss_of_function,-5.22522713772696,0.8818710153779463,Pathogenic,0.9368,pathogenic,https://doi.org/10.1101/2022.10.22.513328
P115S,1.66804,1.44218,0.3328400101753165,Neutral,Neutral,49.6,,,0.402,"cBioPortal,COSMIC",,True,49.6,,,,neutral,neutral,neutral,DOWN,neutral,neutral,neutral,,,,79.23,T,-0.1909,0.509,-4.663,loss_of_function,-2.4344736995559,0.7912284879225497,Pathogenic,0.9859,pathogenic,https://doi.org/10.1101/2022.10.22.513328
C116W,-0.40746,-0.61293,-1.279088208504711,Neutral,Neutral,105.7,,,,clinvar,,True,105.7,,,,neutral,neutral,neutral,UP,neutral,neutral,neutral,823832,Uncertain significance,2,79.08,T,-0.3991,0.9448,-21.5356,loss_of_function,-4.68211117662613,0.8897786531602746,Pathogenic,0.9829,pathogenic,https://doi.org/10.1101/2022.10.22.513328
C116Y,-0.66849,-1.31327,-0.8252477595537017,Neutral,Neutral,105.7,,,,clinvar,,True,105.7,,,,neutral,neutral,neutral,UP,neutral,neutral,neutral,642375,Uncertain significance,2,79.08,T,-0.3324,0.9448,-7.2479,loss_of_function,-2.6695217127077,0.8129366795028276,Pathogenic,0.9648,pathogenic,https://doi.org/10.1101/2022.10.22.513328
S117C,0.03442,0.2983,0.4507343861465346,Neutral,Neutral,31.0,,,,clinvar,,True,31.0,,,,uncertain,,,UP,neutral,neutral,neutral,652236,Uncertain significance,2,84.62,-,-0.1126,1.4683,-5.926,loss_of_function,-1.04472745831531,0.1694326519653397,Benign,0.2274,benign,https://doi.org/10.1101/2022.10.22.513328
S117F,-0.21002,1.03469,0.0546298511998777,Neutral,Neutral,31.0,,,0.372,"cBioPortal,clinvar",,True,31.0,,,,uncertain,,,UP,neutral,neutral,neutral,641880,Uncertain significance,2,84.62,-,-0.1402,1.4683,-5.926,loss_of_function,-1.35621817241261,0.4669044579501153,Uncertain,0.8645,pathogenic,https://doi.org/10.1101/2022.10.22.513328
S117P,3.26991,5.6932,5.578990487839319,Destabilizing,Destabilizing,31.0,,,,clinvar,,True,31.0,,,,uncertain,,,UP,neutral,neutral,neutral,1732035,Uncertain significance,1,84.62,-,-0.2952,1.4683,-21.5356,loss_of_function,-4.01537632052182,0.558320256779643,Uncertain,0.9963,pathogenic,https://doi.org/10.1101/2022.10.22.513328
S118A,-0.31624,0.04898,-0.0677170368542623,Neutral,Neutral,100.1,,,,clinvar,P,True,100.1,-0.936,,,damaging,neutral,potentially_damaging,-,uncertain,uncertain,uncertain,1732358,Uncertain significance,2,85.24,H,-0.0855,1.2556,-6.6629,loss_of_function,-0.196999439450966,0.1016917324360485,Benign,0.3249,benign,https://doi.org/10.1101/2022.10.22.513328
S118F,-0.09028,0.2619,-0.3729182432000499,Neutral,Neutral,100.1,,,,clinvar,P,True,100.1,-0.936,,,damaging,neutral,potentially_damaging,UP,neutral,neutral,neutral,2087461,Uncertain significance,1,85.24,H,-0.1716,1.2556,-8.2478,loss_of_function,-5.08539778321035,0.455468297614477,Uncertain,0.9515,pathogenic,https://doi.org/10.1101/2022.10.22.513328
V119G,0.17301,0.84252,1.0292567834998452,Neutral,Neutral,92.1,,,,clinvar,,True,92.1,,,,neutral,neutral,neutral,DOWN,neutral,neutral,neutral,2496948,Uncertain significance,1,89.79,H,-0.2239,2.7092,-21.5356,loss_of_function,-3.79905788953701,0.0085007040875624,Benign,0.3378,benign,https://doi.org/10.1101/2022.10.22.513328
R121P,4.79119,11.38401,7.044171884867742,Destabilizing,Destabilizing,26.7,,,,clinvar,,False,26.7,,,,neutral,neutral,neutral,DOWN,neutral,neutral,neutral,639081,Uncertain significance,1,83.5,H,-0.5217,0.2894,-21.5356,loss_of_function,-6.06552470304524,0.8651255693657215,Pathogenic,0.9991,pathogenic,https://doi.org/10.1101/2022.10.22.513328
R121Q,1.02141,0.63503,1.5840788965940489,Neutral,Neutral,26.7,,,,clinvar,,False,26.7,,,,neutral,neutral,neutral,DOWN,neutral,neutral,neutral,824008,Uncertain significance,2,83.5,H,-0.2747,0.2894,-5.926,loss_of_function,-3.3254673524696,0.8883820751642891,Pathogenic,0.9908,pathogenic,https://doi.org/10.1101/2022.10.22.513328
G122D,-0.61513,-0.9051,-0.4474494244036581,Neutral,Neutral,67.4,,,0.483,cBioPortal,,False,67.4,,,,neutral,neutral,neutral,UP,neutral,neutral,neutral,,,,86.86,H,-0.2604,1.9549,-21.5261,loss_of_function,-2.46413641085204,0.4060832590990399,Uncertain,0.9904,pathogenic,https://doi.org/10.1101/2022.10.22.513328
N123S,0.08748,0.96939,0.5857422346791227,Neutral,Neutral,47.6,,,,clinvar,,False,47.6,,,,neutral,neutral,neutral,DOWN,neutral,neutral,neutral,656969,Uncertain significance,1,90.44,H,-0.0026,2.3136,-5.9165,loss_of_function,-0.829134343788126,1.3808485581579994e-07,Benign,0.0877,benign,https://doi.org/10.1101/2022.10.22.513328
N123T,0.3067,0.28435,0.1994659958542133,Neutral,Neutral,47.6,,,,clinvar,,False,47.6,,,,neutral,neutral,neutral,-,uncertain,uncertain,uncertain,1733943,Uncertain significance,1,90.44,H,-0.0314,2.3136,-1.8461,loss_of_function,-0.0628574739320965,5.957211323487928e-07,Benign,0.128,benign,https://doi.org/10.1101/2022.10.22.513328
M124I,2.67476,2.81156,1.160722610008606,Uncertain,Uncertain,7.0,,,0.336,"COSMIC,clinvar",,False,7.0,,,,neutral,neutral,neutral,-,uncertain,uncertain,uncertain,2089398,Uncertain significance,1,87.92,H,-0.1377,1.1941,-8.2478,loss_of_function,-1.94640888528907,0.5619254685852527,Uncertain,0.9785,pathogenic,https://doi.org/10.1101/2022.10.22.513328
M124L,0.75964,1.11395,0.3002907861682879,Neutral,Neutral,7.0,,,,clinvar,,False,7.0,,,,neutral,neutral,neutral,-,uncertain,uncertain,uncertain,847094,Uncertain significance,1,87.92,H,-0.0915,1.1941,-5.663,loss_of_function,-1.07159332665287,0.0708066899988231,Benign,0.7726,pathogenic,https://doi.org/10.1101/2022.10.22.513328
M124V,3.06188,1.46259,1.3462206257453702,Uncertain,Uncertain,7.0,,8.74786273808e-05,0.268,"COSMIC,clinvar",,False,7.0,,,,neutral,neutral,neutral,DOWN,neutral,neutral,neutral,640294,Uncertain significance,2,87.92,H,-0.1414,1.1941,-2.6933,loss_of_function,-0.746330046515598,0.0001075296867466,Benign,0.2918,benign,https://doi.org/10.1101/2022.10.22.513328
V125L,-0.84805,2.61088,-0.0709438083828478,Uncertain,Neutral,17.6,,,,clinvar,,False,17.6,,,,neutral,neutral,neutral,UP,neutral,neutral,neutral,1734467,Uncertain significance,1,86.31,H,-0.2735,0.8094,-21.5356,loss_of_function,-3.28524537707875,0.8118599535461702,Pathogenic,0.9748,pathogenic,https://doi.org/10.1101/2022.10.22.513328
R126P,2.47921,8.20612,6.29463309950566,Uncertain,Uncertain,71.9,,,,clinvar,,False,71.9,,,,neutral,neutral,neutral,DOWN,neutral,neutral,neutral,1021180,Uncertain significance,2,89.96,H,-0.3396,1.476,-7.2479,loss_of_function,-2.11780677632155,0.5178906086576497,Uncertain,0.997,pathogenic,https://doi.org/10.1101/2022.10.22.513328
R126Q,0.00821,0.10578,0.7666173273529997,Neutral,Neutral,71.9,,7.9525392458e-06,0.195,"cBioPortal,COSMIC,clinvar",,False,71.9,,,,neutral,neutral,neutral,DOWN,neutral,neutral,neutral,639990,Uncertain significance,2,89.96,H,-0.1497,1.476,-2.8217,loss_of_function,-1.53590179341467,5.521875714368168e-05,Benign,0.801,pathogenic,https://doi.org/10.1101/2022.10.22.513328
R126W,-0.33114,-0.91259,-0.1415668206225628,Neutral,Neutral,71.9,,,0.299,"cBioPortal,clinvar",,False,71.9,,,,neutral,neutral,neutral,UP,neutral,neutral,neutral,644420,Uncertain significance,1,89.96,H,-0.2153,1.476,-7.2479,loss_of_function,-4.5555373248764,0.5829367477157692,Uncertain,0.9437,pathogenic,https://doi.org/10.1101/2022.10.22.513328
A127V,0.99288,0.63027,0.122910010752249,Neutral,Neutral,17.1,,,,clinvar,,False,17.1,,,,neutral,neutral,neutral,UP,neutral,neutral,neutral,1721505,Uncertain significance,2,91.09,H,-0.1547,0.7502,-5.663,loss_of_function,-2.24519373047786,0.6251217912231255,Uncertain,0.8799,pathogenic,https://doi.org/10.1101/2022.10.22.513328
A128V,0.80763,4.80068,-0.0552399576226497,Uncertain,Neutral,5.8,,,,clinvar,,False,5.8,,,,neutral,neutral,neutral,UP,neutral,neutral,neutral,2129171,Uncertain significance,1,87.89,H,-0.2639,0.4431,-21.5356,loss_of_function,-5.60862198083731,0.8927172366803942,Pathogenic,0.997,pathogenic,https://doi.org/10.1101/2022.10.22.513328
R129G,1.5218,1.8068,2.229130075520064,Neutral,Uncertain,63.2,,,,clinvar,,True,63.2,,,,neutral,neutral,neutral,DOWN,neutral,neutral,neutral,1389711,Uncertain significance,2,87.95,H,-0.4016,0.4356,-21.5356,loss_of_function,-5.59901762742269,0.8899573174736934,Pathogenic,0.9954,pathogenic,https://doi.org/10.1101/2022.10.22.513328
R129L,-0.8537,-0.68537,-0.2762214205464208,Neutral,Neutral,63.2,,,0.675,"cBioPortal,COSMIC",,True,63.2,,,,neutral,neutral,neutral,DOWN,neutral,neutral,neutral,,,,87.95,H,-0.3686,0.4356,-21.5356,loss_of_function,-5.59901762742269,0.8834718446762813,Pathogenic,0.9967,pathogenic,https://doi.org/10.1101/2022.10.22.513328
R129P,2.86976,4.07415,7.699644202234515,Uncertain,Uncertain,63.2,,,0.660,"cBioPortal,COSMIC,clinvar",,True,63.2,,,,neutral,neutral,neutral,DOWN,neutral,neutral,neutral,2123078,Uncertain significance,1,87.95,H,-0.5083,0.4356,-21.5356,loss_of_function,-5.59901762742269,0.8976872607881531,Pathogenic,0.9994,pathogenic,https://doi.org/10.1101/2022.10.22.513328
R129Q,0.32826,0.13401,1.1154040044559503,Neutral,Neutral,63.2,,,,clinvar,,True,63.2,,,,neutral,neutral,neutral,DOWN,neutral,neutral,neutral,842561,Uncertain significance,2,87.95,H,-0.268,0.4356,-7.2479,loss_of_function,-3.96685959070486,0.6281628034240976,Uncertain,0.9881,pathogenic,https://doi.org/10.1101/2022.10.22.513328
A130G,0.97681,1.27109,1.3805555197520694,Neutral,Neutral,50.5,,,,clinvar,,True,50.5,,,,neutral,neutral,neutral,DOWN,neutral,neutral,neutral,2153641,Uncertain significance,1,91.97,H,-0.095,1.7349,-6.6724,loss_of_function,-1.76973444403525,0.0461409308935535,Benign,0.2439,benign,https://doi.org/10.1101/2022.10.22.513328
A130T,0.54025,0.41735,0.6854917507396829,Neutral,Neutral,50.5,,,0.169,"cBioPortal,clinvar",,True,50.5,,,,neutral,neutral,neutral,UP,neutral,neutral,neutral,962071,Uncertain significance,1,91.97,H,-0.0626,1.7349,-4.798,loss_of_function,-0.856127143476278,0.0132157079460225,Benign,0.4353,ambiguous,https://doi.org/10.1101/2022.10.22.513328
A130V,1.24449,0.50034,0.3925635782442688,Neutral,Neutral,50.5,,,,clinvar,,True,50.5,,,,neutral,neutral,neutral,UP,neutral,neutral,neutral,834443,Uncertain significance,1,91.97,H,-0.0722,1.7349,-7.2573,loss_of_function,-2.64226103042187,0.3676654470425211,Uncertain,0.7162,pathogenic,https://doi.org/10.1101/2022.10.22.513328
L131S,2.97527,4.2983,4.05429265776549,Uncertain,Uncertain,6.9,,,,clinvar,,True,6.9,,,,neutral,neutral,neutral,DOWN,neutral,neutral,neutral,1504362,Uncertain significance,1,90.84,H,-0.4257,0.2246,-21.5451,loss_of_function,-5.22863810802409,0.8935495095245095,Pathogenic,0.9982,pathogenic,https://doi.org/10.1101/2022.10.22.513328
L132P,5.80555,6.80578,6.4296601384825065,Destabilizing,Destabilizing,23.0,,,,clinvar,,True,23.0,,,,neutral,neutral,neutral,DOWN,neutral,neutral,neutral,1039625,Uncertain significance,1,87.8,H,-0.4131,0.1454,-7.2573,loss_of_function,-5.82398303893833,0.8959963977028258,Pathogenic,0.9999,pathogenic,https://doi.org/10.1101/2022.10.22.513328
S133C,0.47392,0.0932,0.4791396857615682,Neutral,Neutral,64.7,,,0.308,"cBioPortal,COSMIC,clinvar",,True,64.7,,,,uncertain,,,UP,neutral,neutral,neutral,1736753,Uncertain significance,1,89.35,H,-0.0965,1.6624,-6.2574,loss_of_function,-0.831187429009535,0.6888456073241314,Pathogenic,0.5958,pathogenic,https://doi.org/10.1101/2022.10.22.513328
A134P,4.43018,9.52245,7.028184882517757,Destabilizing,Destabilizing,5.2,,,0.674,COSMIC,,True,5.2,,,,neutral,neutral,neutral,UP,neutral,neutral,neutral,,,,91.44,H,-0.3981,0.6557,-21.5404,loss_of_function,-5.11747190839512,0.8783468573572452,Pathogenic,0.9997,pathogenic,https://doi.org/10.1101/2022.10.22.513328
A134T,0.98273,2.06973,1.340818839545802,Uncertain,Neutral,5.2,,,,clinvar,,True,5.2,,,,neutral,neutral,neutral,UP,neutral,neutral,neutral,1737005,Uncertain significance,1,91.44,H,-0.1796,0.6557,-8.2525,loss_of_function,-1.06487275402099,0.3936937986685641,Uncertain,0.8866,pathogenic,https://doi.org/10.1101/2022.10.22.513328
V135I,-0.24297,0.95306,0.2308497706414464,Neutral,Neutral,7.7,3.18552497452e-05,1.98813481145e-05,0.320,"cBioPortal,COSMIC,clinvar",,True,7.7,,,,neutral,neutral,neutral,UP,neutral,neutral,neutral,662222,Uncertain significance,2,91.28,H,-0.1904,0.214,-7.2573,loss_of_function,-2.52566042693086,0.8230131725697533,Pathogenic,0.6521,pathogenic,https://doi.org/10.1101/2022.10.22.513328
T136N,1.89073,1.13639,1.2663210835576917,Neutral,Neutral,14.4,,,,clinvar,,True,14.4,,,,uncertain,,,-,uncertain,uncertain,uncertain,847495,Uncertain significance,2,89.61,H,-0.318,0.6181,-21.5451,loss_of_function,-5.05297139099422,0.844619365537514,Pathogenic,0.9965,pathogenic,https://doi.org/10.1101/2022.10.22.513328
T136S,1.41223,1.69626,1.6564725576541777,Neutral,Neutral,14.4,,,,clinvar,,True,14.4,,,,neutral,,,DOWN,neutral,neutral,neutral,"1008623, 647611","Uncertain significance, Uncertain significance","1, 2",89.61,H,-0.1532,0.6181,-7.2573,loss_of_function,-3.42424718457112,0.8244748658843809,Pathogenic,0.9748,pathogenic,https://doi.org/10.1101/2022.10.22.513328
R137Q,0.63362,0.48571,1.5382586544350283,Neutral,Neutral,47.1,,1.98813481145e-05,0.175,"cBioPortal,clinvar",,True,47.1,,,,neutral,neutral,neutral,DOWN,neutral,neutral,neutral,409007,Uncertain significance,2,91.05,H,-0.2043,0.9921,-4.798,loss_of_function,-1.74355637596169,0.894648405818496,Pathogenic,0.7517,pathogenic,https://doi.org/10.1101/2022.10.22.513328
R137W,-0.39863,-2.02143,-0.4178929271917303,Uncertain,Neutral,47.1,3.18511912346e-05,5.16915050976e-05,0.251,"COSMIC,clinvar",,True,47.1,,,,neutral,neutral,neutral,UP,neutral,neutral,neutral,409008,Uncertain significance,2,91.05,H,-0.3328,0.9921,-21.5451,loss_of_function,-3.70692607967446,0.8963108931792181,Pathogenic,0.9316,pathogenic,https://doi.org/10.1101/2022.10.22.513328
L139M,0.77241,0.96837,1.43752871224332,Neutral,Neutral,13.2,,,0.587,"cBioPortal,COSMIC",,True,13.2,,,,neutral,neutral,neutral,-,uncertain,uncertain,uncertain,,,,91.56,H,-0.3046,0.0952,-21.5451,loss_of_function,-2.68786225991086,0.8890635660418986,Pathogenic,0.9786,pathogenic,https://doi.org/10.1101/2022.10.22.513328
I140M,0.1249,2.43299,0.9598578051816314,Uncertain,Neutral,3.4,,,,clinvar,,True,3.4,,,,neutral,neutral,neutral,-,uncertain,uncertain,uncertain,944052,Uncertain significance,1,88.99,H,-0.17,0.8243,-8.2573,loss_of_function,-2.91719075724016,0.7766634498363325,Pathogenic,0.9478,pathogenic,https://doi.org/10.1101/2022.10.22.513328
L141F,-0.23566,4.35034,1.2815225141727449,Uncertain,Neutral,1.1,,,,clinvar,,True,1.1,,,,neutral,neutral,neutral,UP,neutral,neutral,neutral,1060996,Uncertain significance,2,89.33,H,-0.195,0.853,-6.6724,loss_of_function,-2.58967412822766,0.7281278890258158,Pathogenic,0.9423,pathogenic,https://doi.org/10.1101/2022.10.22.513328
L141V,1.72163,2.51429,1.782516082589759,Uncertain,Neutral,1.1,,,,clinvar,,True,1.1,,,,neutral,neutral,neutral,DOWN,neutral,neutral,neutral,1487493,Uncertain significance,1,89.33,H,-0.1601,0.853,-4.3505,loss_of_function,-1.63014543302427,0.007635178250935,Benign,0.59,pathogenic,https://doi.org/10.1101/2022.10.22.513328
D143G,2.61859,2.14966,1.5893629638207265,Uncertain,Uncertain,14.2,,,0.635,"cBioPortal,COSMIC,clinvar",,True,14.2,,,,neutral,neutral,neutral,DOWN,neutral,neutral,neutral,942445,Uncertain significance,2,90.43,H,-0.2774,0.1203,-8.2573,loss_of_function,-5.90067967746236,0.8945841284465417,Pathogenic,0.9997,pathogenic,https://doi.org/10.1101/2022.10.22.513328
M144I,0.82178,1.25476,1.0358761106990777,Neutral,Neutral,0.6,,,,clinvar,,False,0.6,,,,neutral,neutral,neutral,-,uncertain,uncertain,uncertain,947481,Uncertain significance,1,89.04,H,-0.1634,0.787,-5.9354,loss_of_function,-1.20254035637281,0.0340523854597715,Benign,0.9908,pathogenic,https://doi.org/10.1101/2022.10.22.513328
M144R,4.63295,4.19694,2.5921069024237897,Destabilizing,Uncertain,0.6,,,,clinvar,,False,0.6,,,,neutral,neutral,neutral,UP,neutral,neutral,neutral,1359511,Uncertain significance,2,89.04,H,-0.4156,0.787,-21.5451,loss_of_function,-5.17330795052228,0.8495656980710304,Pathogenic,0.9776,pathogenic,https://doi.org/10.1101/2022.10.22.513328
M144T,4.53147,3.59218,2.6473679239463737,Destabilizing,Uncertain,0.6,,,,clinvar,,False,0.6,,,,neutral,neutral,neutral,DOWN,neutral,neutral,neutral,1035379,Uncertain significance,1,89.04,H,-0.2969,0.787,-21.5451,loss_of_function,-4.2755219882227,0.5914528677969848,Uncertain,0.9776,pathogenic,https://doi.org/10.1101/2022.10.22.513328
M144V,2.05904,2.39354,1.4092166929571917,Uncertain,Uncertain,0.6,,,,clinvar,,False,0.6,,,,neutral,neutral,neutral,DOWN,neutral,neutral,neutral,650023,Uncertain significance,2,89.04,H,-0.1971,0.787,-6.2574,loss_of_function,-2.03965143790795,0.2898214346636878,Benign,0.8385,pathogenic,https://doi.org/10.1101/2022.10.22.513328
A145T,0.26969,0.79864,0.4942457749696805,Neutral,Neutral,15.9,,,0.143,cBioPortal,,False,15.9,,,,neutral,neutral,neutral,UP,neutral,neutral,neutral,,,,89.31,H,-0.0608,1.8584,-6.6724,loss_of_function,-1.08775037924892,0.0010885845221569,Benign,0.538,ambiguous,https://doi.org/10.1101/2022.10.22.513328
A145V,-1.62965,-0.68333,-0.1505663416434627,Neutral,Neutral,15.9,,,,clinvar,,False,15.9,,,,neutral,neutral,neutral,UP,neutral,neutral,neutral,948907,Uncertain significance,2,89.31,H,-0.0319,1.8584,-1.585,loss_of_function,-0.761400270046009,4.0996045461552956e-14,Benign,0.703,pathogenic,https://doi.org/10.1101/2022.10.22.513328
D146G,0.59268,1.23912,1.0458931548195234,Neutral,Neutral,78.6,,,,clinvar,,False,78.6,,,,neutral,neutral,neutral,DOWN,neutral,neutral,neutral,1366116,Uncertain significance,1,90.68,H,-0.3423,0.1521,-21.5451,loss_of_function,-5.85183206995149,0.8786122157193834,Pathogenic,0.9958,pathogenic,https://doi.org/10.1101/2022.10.22.513328
V147I,1.81779,1.34252,0.2903274175387943,Neutral,Neutral,0.3,,,,clinvar,,False,0.3,,,,neutral,neutral,neutral,UP,neutral,neutral,neutral,998797,Uncertain significance,1,91.58,H,-0.1873,0.2469,-7.2479,loss_of_function,-1.34894716691308,0.8356917530269263,Pathogenic,0.6034,pathogenic,https://doi.org/10.1101/2022.10.22.513328
Y148S,4.12281,4.96497,4.263741812493351,Destabilizing,Destabilizing,19.7,,,0.168,"cBioPortal,COSMIC",P,False,19.7,0.456,,,uncertain,damaging,uncertain,DOWN,neutral,neutral,neutral,,,,90.94,H,-0.1174,2.7678,-5.6486,loss_of_function,-1.34221658605986,1.2738722962827556e-05,Benign,0.5568,ambiguous,https://doi.org/10.1101/2022.10.22.513328
K149Q,0.2283,0.41293,0.717016979654137,Neutral,Neutral,67.3,,,,clinvar,,False,67.3,,,,neutral,neutral,neutral,DOWN,neutral,neutral,neutral,1058539,Uncertain significance,1,92.32,H,0.0131,2.7187,-5.6534,gain_of_function,-0.593126245167214,1.3794592325003872e-05,Benign,0.1231,benign,https://doi.org/10.1101/2022.10.22.513328
K149R,0.24345,0.14694,0.1011478869491239,Neutral,Neutral,67.3,,,,clinvar,,False,67.3,,,,neutral,neutral,neutral,-,uncertain,uncertain,uncertain,1063025,Uncertain significance,2,92.32,H,0.0989,2.7187,-1.6838,gain_of_function,-0.0073083596654932,4.4587256889393564e-14,Benign,0.081,benign,https://doi.org/10.1101/2022.10.22.513328
K149T,1.26111,1.08333,0.8744436109126432,Neutral,Neutral,67.3,,,,clinvar,,False,67.3,,,,neutral,neutral,neutral,DOWN,neutral,neutral,neutral,1010213,Uncertain significance,2,92.32,H,-0.0178,2.7187,-7.2383,loss_of_function,-1.67048799555797,1.3454591519263555e-05,Benign,0.2606,benign,https://doi.org/10.1101/2022.10.22.513328
L150S,3.3899,4.26361,3.416616864812319,Destabilizing,Destabilizing,3.6,,,,clinvar,,False,3.6,,,,neutral,neutral,neutral,DOWN,neutral,neutral,neutral,652913,Uncertain significance,1,94.36,H,-0.3971,0.5345,-21.5261,loss_of_function,-5.66002285330456,0.8903101509069833,Pathogenic,0.999,pathogenic,https://doi.org/10.1101/2022.10.22.513328
L151F,1.01449,2.96837,2.0445183544286976,Uncertain,Uncertain,4.4,,,,clinvar,,False,4.4,,,,neutral,neutral,neutral,UP,neutral,neutral,neutral,2413075,Uncertain significance,1,94.46,H,-0.2751,0.8071,-21.5261,loss_of_function,-5.2770038112653,0.8714281489194009,Pathogenic,0.9579,pathogenic,https://doi.org/10.1101/2022.10.22.513328
V152A,0.97956,1.85374,1.6096883667133182,Neutral,Neutral,27.0,,,0.056,COSMIC,,False,27.0,,,,neutral,neutral,neutral,DOWN,neutral,neutral,neutral,,,,94.3,H,0.0335,3.1243,-3.2384,gain_of_function,-0.361323835873356,8.368487390060166e-15,Benign,0.181,benign,https://doi.org/10.1101/2022.10.22.513328
V152F,0.3655,5.55782,0.0310438273450075,Uncertain,Neutral,27.0,,,,clinvar,,False,27.0,,,,neutral,neutral,neutral,UP,neutral,neutral,neutral,1510487,Uncertain significance,1,94.3,H,-0.0692,3.1243,-8.2383,loss_of_function,-1.27269971787961,5.246786479800034e-09,Benign,0.1805,benign,https://doi.org/10.1101/2022.10.22.513328
V152G,2.1933,3.79932,2.523282519795253,Uncertain,Uncertain,27.0,,,,clinvar,,False,27.0,,,,neutral,neutral,neutral,DOWN,neutral,neutral,neutral,1741489,Uncertain significance,1,94.3,H,-0.1179,3.1243,-8.2383,loss_of_function,-1.79291891706733,3.4747663429444946e-08,Benign,0.1872,benign,https://doi.org/10.1101/2022.10.22.513328
Q153E,2.09775,2.90544,1.742606871665768,Uncertain,Uncertain,7.2,,,,clinvar,,False,7.2,,,,neutral,neutral,neutral,DOWN,neutral,neutral,neutral,1741618,Uncertain significance,1,96.31,H,-0.0121,2.3518,-7.2383,loss_of_function,-2.71584594638743,2.7153164993176398e-06,Benign,0.1948,benign,https://doi.org/10.1101/2022.10.22.513328
Q153H,0.78643,2.62721,1.36653507086075,Uncertain,Neutral,7.2,,,,clinvar,,False,7.2,,,,neutral,neutral,neutral,UP,neutral,neutral,neutral,1718285,Uncertain significance,1,96.31,H,0.0212,2.3518,-1.5105,gain_of_function,-0.300272508408783,1.7955847345978263e-15,Benign,0.343,ambiguous,https://doi.org/10.1101/2022.10.22.513328
Q153K,1.09603,2.75578,1.82069424797066,Uncertain,Neutral,7.2,,,0.131,"cBioPortal,COSMIC,clinvar",,False,7.2,,,,neutral,neutral,neutral,UP,neutral,neutral,neutral,665245,Uncertain significance,1,96.31,H,-0.0235,2.3518,-3.9905,loss_of_function,-1.35522235836652,6.50013210191376e-14,Benign,0.3573,ambiguous,https://doi.org/10.1101/2022.10.22.513328
Q153P,3.63466,9.22007,6.982784354172511,Destabilizing,Destabilizing,7.2,,,,clinvar,,False,7.2,,,,neutral,neutral,neutral,DOWN,neutral,neutral,neutral,1489991,Uncertain significance,1,96.31,H,-0.2535,2.3518,-21.5261,loss_of_function,-4.1838084362054,1.2922052957844969e-06,Benign,0.9232,pathogenic,https://doi.org/10.1101/2022.10.22.513328
L154V,2.33912,0.92721,1.930269288290852,Uncertain,Uncertain,5.0,,,,clinvar,,False,5.0,,,,neutral,neutral,neutral,DOWN,neutral,neutral,neutral,1513310,Uncertain significance,2,96.06,H,-0.1316,1.1149,-3.493,loss_of_function,-1.11758982450759,0.1347658860029829,Benign,0.4916,ambiguous,https://doi.org/10.1101/2022.10.22.513328
K155E,3.54981,1.51088,1.038563492560408,Uncertain,Uncertain,41.0,,,,clinvar,,False,41.0,,,,neutral,neutral,neutral,DOWN,neutral,neutral,neutral,639885,Uncertain significance,1,95.63,H,-0.0349,2.5097,-6.2526,loss_of_function,-1.17318192276025,0.0009137342372943,Benign,0.5249,ambiguous,https://doi.org/10.1101/2022.10.22.513328
K155N,2.28541,1.13469,1.0348630834868724,Uncertain,Uncertain,41.0,,,,clinvar,,False,41.0,,,,neutral,neutral,neutral,DOWN,neutral,neutral,neutral,1742224,Uncertain significance,1,95.63,H,-0.0253,2.5097,-5.6677,loss_of_function,-0.404260038935764,0.0001119320738268,Benign,0.7765,pathogenic,https://doi.org/10.1101/2022.10.22.513328
V157A,2.87678,2.68571,2.584075451291784,Uncertain,Uncertain,0.0,,,,clinvar,,False,0.0,,,,neutral,neutral,neutral,DOWN,neutral,neutral,neutral,2563270,Uncertain significance,1,97.25,H,-0.1501,1.191,-4.341,loss_of_function,-2.13560355340872,0.0267214108896825,Benign,0.7242,pathogenic,https://doi.org/10.1101/2022.10.22.513328
V157M,0.69387,1.28231,2.557621744027835,Neutral,Uncertain,0.0,,,,clinvar,,False,0.0,,,,neutral,neutral,neutral,UP,neutral,neutral,neutral,1742515,Uncertain significance,1,97.25,H,-0.2475,1.191,-21.5356,loss_of_function,-3.13146596878986,0.8068782130422125,Pathogenic,0.8181,pathogenic,https://doi.org/10.1101/2022.10.22.513328
E158K,-0.3141,1.60816,0.1418486656358591,Neutral,Neutral,41.8,,,0.293,cBioPortal,,False,41.8,,,,neutral,neutral,neutral,UP,neutral,neutral,neutral,,,,96.94,H,-0.1229,1.4071,-4.5475,loss_of_function,-1.16964089696727,0.0799322578576892,Benign,0.6529,pathogenic,https://doi.org/10.1101/2022.10.22.513328
D159G,0.46807,1.17687,1.2537171431866636,Neutral,Neutral,47.0,,,,clinvar,,False,47.0,,,,neutral,neutral,neutral,DOWN,neutral,neutral,neutral,639413,Conflicting interpretations of pathogenicity,1,96.62,H,-0.0421,2.4714,-4.5427,loss_of_function,-1.08680129416485,1.589943028755993e-06,Benign,0.1798,benign,https://doi.org/10.1101/2022.10.22.513328
D159V,-0.22199,0.00986,-0.4035803518082198,Neutral,Neutral,47.0,,,,clinvar,,False,47.0,,,,neutral,neutral,neutral,UP,neutral,neutral,neutral,848066,Uncertain significance,1,96.62,H,-0.1647,2.4714,-21.5309,loss_of_function,-2.92218871175038,0.0939839483678316,Benign,0.2817,benign,https://doi.org/10.1101/2022.10.22.513328
G160D,1.14775,0.75612,0.5167332813433436,Neutral,Neutral,37.5,,,,clinvar,,False,37.5,,,,neutral,neutral,neutral,UP,neutral,neutral,neutral,644657,Conflicting interpretations of pathogenicity,1,96.52,H,-0.0849,2.7681,-1.7838,loss_of_function,-0.609649119459179,6.323337420363178e-23,Benign,0.4714,ambiguous,https://doi.org/10.1101/2022.10.22.513328
G160V,1.43592,0.67143,0.0320272618083822,Neutral,Neutral,37.5,,,,clinvar,,False,37.5,,,,neutral,neutral,neutral,UP,neutral,neutral,neutral,845538,Uncertain significance,1,96.52,H,-0.1443,2.7681,-8.243,loss_of_function,-1.72745176048247,3.6233033813842125e-08,Benign,0.2981,benign,https://doi.org/10.1101/2022.10.22.513328
I161M,0.39628,0.46803,1.9613122560439504,Neutral,Neutral,1.7,,,0.118,cBioPortal,,False,1.7,,,,neutral,neutral,neutral,-,uncertain,uncertain,uncertain,,,,97.37,H,-0.0958,1.5419,-6.6629,loss_of_function,-0.681362605951459,5.21187340124048e-07,Benign,0.1891,benign,https://doi.org/10.1101/2022.10.22.513328
I161V,1.24313,0.51293,1.376063186771905,Neutral,Neutral,1.7,,,,clinvar,,False,1.7,,,,neutral,neutral,neutral,DOWN,neutral,neutral,neutral,846135,Uncertain significance,2,97.37,H,-0.0401,1.5419,-4.663,loss_of_function,-0.946831879574525,1.814420756492873e-07,Benign,0.1509,benign,https://doi.org/10.1101/2022.10.22.513328
L164F,9.46419,2.58095,1.89594014007098,Uncertain,Uncertain,0.0,,,,clinvar,,False,0.0,,,,neutral,neutral,neutral,UP,neutral,neutral,neutral,1045121,Uncertain significance,1,94.84,H,-0.1305,1.5865,-7.2431,loss_of_function,-2.19149368489422,0.0037616467583831,Benign,0.7286,pathogenic,https://doi.org/10.1101/2022.10.22.513328
R165G,1.93184,1.97041,3.881132765835592,Neutral,Uncertain,31.7,,,,clinvar,,False,31.7,,,,neutral,neutral,neutral,DOWN,neutral,neutral,neutral,2134293,Uncertain significance,1,93.91,H,-0.1846,2.0009,-7.2479,loss_of_function,-2.47942756989096,0.0312670149742731,Benign,0.7913,pathogenic,https://doi.org/10.1101/2022.10.22.513328
R165M,-1.29174,-0.13639,1.751729407681489,Neutral,Neutral,31.7,,,0.275,cBioPortal,,False,31.7,,,,neutral,neutral,neutral,DOWN,neutral,neutral,neutral,,,,93.91,H,-0.1176,2.0009,-7.2479,loss_of_function,-1.23644695480282,0.0023818958510761,Benign,0.7804,pathogenic,https://doi.org/10.1101/2022.10.22.513328
R165S,1.00343,1.77041,3.086054953295836,Neutral,Uncertain,31.7,,,,clinvar,,False,31.7,,,,neutral,neutral,neutral,DOWN,neutral,neutral,neutral,968071,Uncertain significance,2,93.91,H,-0.1468,2.0009,-6.6629,loss_of_function,-2.14398788326062,0.0118829476113137,Benign,0.9346,pathogenic,https://doi.org/10.1101/2022.10.22.513328
N166D,1.02228,0.36565,0.7804478009661081,Neutral,Neutral,67.2,,,0.193,cBioPortal,,False,67.2,,,,neutral,neutral,neutral,-,uncertain,uncertain,uncertain,,,,93.44,T,-0.1075,1.5538,-6.2479,loss_of_function,-0.845256241711642,0.0004206724104801,Benign,0.1977,benign,https://doi.org/10.1101/2022.10.22.513328
N166S,0.71574,0.53946,1.003039933561194,Neutral,Neutral,67.2,,,,clinvar,,False,67.2,,,,neutral,neutral,neutral,DOWN,neutral,neutral,neutral,860744,Uncertain significance,2,93.44,T,-0.065,1.5538,-4.4406,loss_of_function,-1.0714832552009,1.7402230509436477e-05,Benign,0.0797,benign,https://doi.org/10.1101/2022.10.22.513328
G168D,-0.49221,-0.34048,-0.4155843338495174,Neutral,Neutral,103.7,0.0001275184901811,3.98076494379e-05,0.150,"COSMIC,clinvar",,False,103.7,,,,neutral,neutral,neutral,UP,neutral,neutral,neutral,648689,Conflicting interpretations of pathogenicity,1,90.03,-,-0.1207,2.6262,-6.2526,loss_of_function,-1.31704384508243,5.214002842606244e-10,Benign,0.3705,ambiguous,https://doi.org/10.1101/2022.10.22.513328
G168S,0.03437,-0.73299,-0.1185930405731683,Neutral,Neutral,103.7,,,,clinvar,,False,103.7,,,,neutral,neutral,neutral,UP,neutral,neutral,neutral,2496949,Uncertain significance,1,90.03,-,-0.0421,2.6262,-1.4978,loss_of_function,-0.126764436621881,1.7839216253649766e-24,Benign,0.0768,benign,https://doi.org/10.1101/2022.10.22.513328
N169D,-1.0728,-0.15204,0.4742129177707804,Neutral,Neutral,66.0,,,,clinvar,,False,66.0,,,,neutral,neutral,neutral,-,uncertain,uncertain,uncertain,655825,Uncertain significance,2,93.16,S,-0.0921,1.6887,-5.6534,loss_of_function,-0.695138960882434,3.122887173489043e-05,Benign,0.2013,benign,https://doi.org/10.1101/2022.10.22.513328
N169H,3.20593,0.38707,0.180223390350645,Uncertain,Uncertain,66.0,,,,clinvar,,False,66.0,,,,neutral,neutral,neutral,UP,neutral,neutral,neutral,1376794,Uncertain significance,1,93.16,S,-0.1019,1.6887,-7.2383,loss_of_function,-3.84306635894493,0.4800222508954235,Uncertain,0.1738,benign,https://doi.org/10.1101/2022.10.22.513328
N169S,1.74756,-0.10748,0.5668841068812321,Neutral,Neutral,66.0,,,,clinvar,,False,66.0,,,,neutral,neutral,neutral,DOWN,neutral,neutral,neutral,825413,Uncertain significance,2,93.16,S,-0.0366,1.6887,-1.3077,loss_of_function,-0.390473549381806,3.5327178230400977e-11,Benign,0.0648,benign,https://doi.org/10.1101/2022.10.22.513328
Q171K,0.31428,-0.41905,-0.2114444748783517,Neutral,Neutral,96.6,,,,clinvar,,False,96.6,,,,neutral,neutral,neutral,UP,neutral,neutral,neutral,849002,Uncertain significance,1,92.95,H,-0.0283,2.3689,-5.2336,loss_of_function,-1.34846242762444,3.87620455675916e-05,Benign,0.1223,benign,https://doi.org/10.1101/2022.10.22.513328
Q171R,0.55566,-0.13639,-0.3066952301641579,Neutral,Neutral,96.6,,,,clinvar,,False,96.6,,,,neutral,neutral,neutral,UP,neutral,neutral,neutral,1054729,Uncertain significance,2,92.95,H,-0.037,2.3689,-7.2336,loss_of_function,-2.48036360523133,0.0140611756961717,Benign,0.1653,benign,https://doi.org/10.1101/2022.10.22.513328
D172G,2.08695,2.74796,1.002863770252676,Uncertain,Uncertain,56.8,,,,clinvar,,False,56.8,,,,neutral,neutral,neutral,DOWN,neutral,neutral,neutral,2104502,Uncertain significance,1,95.01,H,-0.167,1.3186,-8.2335,loss_of_function,-2.30175480437567,0.150157894496782,Benign,0.4942,ambiguous,https://doi.org/10.1101/2022.10.22.513328
D172N,1.01651,1.38844,0.1193579640739944,Neutral,Neutral,56.8,,,0.424,"cBioPortal,COSMIC,clinvar",,False,56.8,,,,neutral,neutral,neutral,-,uncertain,uncertain,uncertain,1002238,Uncertain significance,1,95.01,H,-0.1904,1.3186,-21.5213,loss_of_function,-2.6294893417327,0.3262374762176907,Uncertain,0.2512,benign,https://doi.org/10.1101/2022.10.22.513328
D172V,1.20343,0.47653,-0.1579558083145782,Neutral,Neutral,56.8,,,,clinvar,,False,56.8,,,,neutral,neutral,neutral,UP,neutral,neutral,neutral,1063456,Uncertain significance,1,95.01,H,-0.2708,1.3186,-21.5213,loss_of_function,-3.91994329684695,0.2776091492613033,Benign,0.3805,ambiguous,https://doi.org/10.1101/2022.10.22.513328
G174E,-1.2418,-1.15612,-0.6655441097060366,Neutral,Neutral,46.5,,,,clinvar,,False,46.5,,,,neutral,neutral,neutral,UP,neutral,neutral,neutral,659412,Uncertain significance,1,94.85,H,-0.0657,3.1844,-5.6677,loss_of_function,-0.218095537964661,9.681902589198916e-11,Benign,0.3842,ambiguous,https://doi.org/10.1101/2022.10.22.513328
G174R,-1.46956,-1.58946,-1.0837475281939968,Neutral,Neutral,46.5,,,,clinvar,,False,46.5,,,,neutral,neutral,neutral,UP,neutral,neutral,neutral,"1493667, 825550","Uncertain significance, Uncertain significance","2, 2",94.85,H,-0.0907,3.1844,-7.2526,loss_of_function,-1.36946021099438,2.5011334616893918e-11,Benign,0.46,ambiguous,https://doi.org/10.1101/2022.10.22.513328
I175M,0.09227,0.60884,0.1793398977307625,Neutral,Neutral,67.4,,,,clinvar,,True,67.4,,,,neutral,neutral,neutral,-,uncertain,uncertain,uncertain,1490983,Uncertain significance,1,96.53,H,0.002,2.6926,-8.2525,gain_of_function,-0.0046512621792319,2.0480549710528484e-08,Benign,0.0906,benign,https://doi.org/10.1101/2022.10.22.513328
I175N,0.91691,0.51633,0.5269102707817682,Neutral,Neutral,67.4,,,,clinvar,,True,67.4,,,,neutral,neutral,neutral,DOWN,neutral,neutral,neutral,659447,Uncertain significance,1,96.53,H,-0.1117,2.6926,-1.8604,loss_of_function,-0.0455324471909624,4.693806627746794e-19,Benign,0.1606,benign,https://doi.org/10.1101/2022.10.22.513328
I175T,1.29373,0.37075,0.5057018257057568,Neutral,Neutral,67.4,,,,clinvar,,True,67.4,,,,neutral,neutral,neutral,DOWN,neutral,neutral,neutral,1746355,Uncertain significance,1,96.53,H,-0.0645,2.6926,-8.2525,loss_of_function,-2.24172099190091,1.2506795402630454e-09,Benign,0.2588,benign,https://doi.org/10.1101/2022.10.22.513328
I175V,0.56376,0.21156,0.03453067878178,Neutral,Neutral,67.4,,,,clinvar,,True,67.4,,,,neutral,neutral,neutral,DOWN,neutral,neutral,neutral,1416894,Uncertain significance,2,96.53,H,0.0475,2.6926,-8.2525,gain_of_function,-0.0035869294619448,8.96701673040935e-10,Benign,0.0827,benign,https://doi.org/10.1101/2022.10.22.513328
Q176H,1.05232,-0.02755,-0.2829258674040752,Neutral,Neutral,36.6,,,0.154,cBioPortal,,True,36.6,,,,neutral,neutral,neutral,UP,neutral,neutral,neutral,,,,96.71,H,0.0566,2.9665,-5.6677,gain_of_function,-0.739527463662697,6.683109016586018e-10,Benign,0.1546,benign,https://doi.org/10.1101/2022.10.22.513328
Q176K,-0.15304,0.35612,0.2452300932008205,Neutral,Neutral,36.6,,,0.174,"cBioPortal,COSMIC",,True,36.6,,,,neutral,neutral,neutral,UP,neutral,neutral,neutral,,,,96.71,H,0.0194,2.9665,-6.6677,gain_of_function,-1.21366772469367,1.0239484606974679e-09,Benign,0.2171,benign,https://doi.org/10.1101/2022.10.22.513328
Y177C,2.72625,3.20034,3.029265022668466,Uncertain,Uncertain,25.8,,,,clinvar,P,True,25.8,-0.603,,,damaging,uncertain,potentially_damaging,DOWN,neutral,neutral,neutral,825632,Uncertain significance,2,96.7,H,-0.1677,1.9398,-7.2526,loss_of_function,-2.84309250372889,0.1033552736027544,Benign,0.5219,ambiguous,https://doi.org/10.1101/2022.10.22.513328
Y177H,0.92111,1.50408,1.3613734325663576,Neutral,Neutral,25.8,,,,clinvar,P,True,25.8,-0.603,,,damaging,neutral,potentially_damaging,DOWN,neutral,neutral,neutral,1047699,Uncertain significance,1,96.7,H,-0.1777,1.9398,-21.5404,loss_of_function,-2.53251133650547,0.2404431486103469,Benign,0.6964,pathogenic,https://doi.org/10.1101/2022.10.22.513328
K178E,0.08795,0.29218,0.0961959337364953,Neutral,Neutral,89.9,,,0.222,cBioPortal,,True,89.9,,,,neutral,neutral,neutral,DOWN,neutral,neutral,neutral,,,,96.74,H,-0.0832,1.8967,-4.6677,loss_of_function,-1.10215310887062,0.0006368313132562,Benign,0.3926,ambiguous,https://doi.org/10.1101/2022.10.22.513328
K178N,0.00858,0.09388,0.1918083816045118,Neutral,Neutral,89.9,,,,clinvar,,True,89.9,,,,neutral,neutral,neutral,DOWN,neutral,neutral,neutral,1911271,Uncertain significance,1,96.74,H,-0.0817,1.8967,-5.6677,loss_of_function,-1.00565980035768,0.0051515998686033,Benign,0.6099,pathogenic,https://doi.org/10.1101/2022.10.22.513328
A179T,0.59008,-0.10306,0.1865151498678424,Neutral,Neutral,75.8,,,,clinvar,,True,75.8,,,,neutral,neutral,neutral,UP,neutral,neutral,neutral,854817,Uncertain significance,2,96.81,H,0.0612,3.1057,-5.2527,gain_of_function,-0.0181869918499642,1.5881633679264458e-06,Benign,0.0828,benign,https://doi.org/10.1101/2022.10.22.513328
A179V,0.27337,-0.18946,-0.3307146189316479,Neutral,Neutral,75.8,0.0017530439217186,0.0011696837079769,0.111,"cBioPortal,clinvar",,True,75.8,,,,neutral,neutral,neutral,UP,neutral,neutral,neutral,415353,Benign/Likely benign,2,96.81,H,0.0632,3.1057,-5.4453,gain_of_function,-1.03386435971594,1.6273577995624454e-05,Benign,0.1009,benign,https://doi.org/10.1101/2022.10.22.513328
L180V,2.22607,1.98129,1.528658186554685,Uncertain,Uncertain,3.4,,,,clinvar,,True,3.4,,,,neutral,neutral,neutral,DOWN,neutral,neutral,neutral,"1997139, 1043614","Uncertain significance, Uncertain significance","2, 2",97.33,H,-0.2173,1.1847,-21.5404,loss_of_function,-2.5745351387706,0.1507325703880717,Benign,0.2622,benign,https://doi.org/10.1101/2022.10.22.513328
P182S,2.47466,-2.17823,-0.5374563676841759,Uncertain,Uncertain,57.3,,,,clinvar,,False,57.3,,,,neutral,neutral,neutral,DOWN,neutral,neutral,neutral,937978,Uncertain significance,1,97.04,H,0.0146,2.71,-4.0875,gain_of_function,-1.16723999646607,9.6195692876926e-15,Benign,0.2325,benign,https://doi.org/10.1101/2022.10.22.513328
E183G,1.92869,3.69524,1.2542766957539924,Uncertain,Neutral,39.7,,,,clinvar,,False,39.7,,,,neutral,neutral,neutral,DOWN,neutral,neutral,neutral,662217,Uncertain significance,2,97.48,H,-0.1513,2.0818,-21.5451,loss_of_function,-3.6726193326768,0.0005159862767229,Benign,0.4831,ambiguous,https://doi.org/10.1101/2022.10.22.513328
V184A,2.71348,2.13673,2.862477085734069,Uncertain,Uncertain,4.4,,,,clinvar,,False,4.4,,,,neutral,neutral,neutral,DOWN,neutral,neutral,neutral,648405,Uncertain significance,2,97.19,H,-0.0219,2.4915,-2.6677,loss_of_function,-1.01819587801742,8.22410872804285e-09,Benign,0.479,ambiguous,https://doi.org/10.1101/2022.10.22.513328
V184M,0.03237,0.8898,1.7592148622474872,Neutral,Neutral,4.4,,,,clinvar,,False,4.4,,,,neutral,neutral,neutral,UP,neutral,neutral,neutral,2041204,Uncertain significance,1,97.19,H,-0.0286,2.4915,-2.0827,loss_of_function,-0.361589413720156,7.17907627232933e-07,Benign,0.3013,benign,https://doi.org/10.1101/2022.10.22.513328
D185G,0.54952,1.9381,1.1370631117734082,Neutral,Neutral,54.1,,,,clinvar,,False,54.1,,,,neutral,neutral,neutral,DOWN,neutral,neutral,neutral,1470797,Uncertain significance,2,96.46,H,0.0035,2.9561,-4.3458,gain_of_function,-1.03309927428604,5.061098081766737e-09,Benign,0.1987,benign,https://doi.org/10.1101/2022.10.22.513328
D185H,0.11025,0.81122,-0.144919070819276,Neutral,Neutral,54.1,,,0.203,cBioPortal,,False,54.1,,,,neutral,neutral,neutral,UP,neutral,neutral,neutral,,,,96.46,H,-0.0095,2.9561,-7.2526,loss_of_function,-1.48022981354797,1.1011000159344634e-08,Benign,0.4249,ambiguous,https://doi.org/10.1101/2022.10.22.513328
D185N,0.01015,1.00782,0.1959453166139629,Neutral,Neutral,54.1,,,,clinvar,,False,54.1,,,,neutral,neutral,neutral,-,uncertain,uncertain,uncertain,642066,Uncertain significance,1,96.46,H,0.0533,2.9561,-3.2985,gain_of_function,-0.146605853539643,1.8139608820224688e-13,Benign,0.1228,benign,https://doi.org/10.1101/2022.10.22.513328
K186R,0.27914,-0.34728,0.0830583535832407,Neutral,Neutral,61.0,,,,clinvar,,False,61.0,,,,neutral,neutral,neutral,-,uncertain,uncertain,uncertain,851301,Uncertain significance,2,97.26,H,0.0349,2.2996,-6.6724,gain_of_function,-1.06505250041571,1.041662857998507e-06,Benign,0.0835,benign,https://doi.org/10.1101/2022.10.22.513328
K186T,1.54579,-0.69762,0.6321235566087907,Neutral,Neutral,61.0,,,0.233,cBioPortal,,False,61.0,,,,neutral,neutral,neutral,DOWN,neutral,neutral,neutral,,,,97.26,H,-0.0615,2.2996,-8.2573,loss_of_function,-1.49852227160968,0.0023751271892677,Benign,0.3098,benign,https://doi.org/10.1101/2022.10.22.513328
L187M,0.53512,2.66224,1.6176773468055317,Uncertain,Neutral,0.0,,,0.383,COSMIC,,False,0.0,,,,neutral,neutral,neutral,-,uncertain,uncertain,uncertain,,,,97.54,H,-0.2709,0.4621,-21.5451,loss_of_function,-3.48936098808084,0.8741884894190249,Pathogenic,0.6847,pathogenic,https://doi.org/10.1101/2022.10.22.513328
L187V,4.51459,2.2932,1.9506577840664925,Uncertain,Uncertain,0.0,,,,clinvar,,False,0.0,,,,neutral,neutral,neutral,DOWN,neutral,neutral,neutral,942813,Uncertain significance,1,97.54,H,-0.1984,0.4621,-4.798,loss_of_function,-1.87629690680503,0.2052640909497949,Benign,0.5707,pathogenic,https://doi.org/10.1101/2022.10.22.513328
N188K,1.38668,1.47449,1.1535171893975005,Neutral,Neutral,21.4,,,0.166,cBioPortal,,False,21.4,,,,neutral,neutral,neutral,UP,neutral,neutral,neutral,,,,96.22,H,-0.0255,2.5565,-8.2573,loss_of_function,-3.79514623767233,0.0036088194842069,Benign,0.8678,pathogenic,https://doi.org/10.1101/2022.10.22.513328
N188S,0.99289,0.36395,1.045148025453693,Neutral,Neutral,21.4,,,,clinvar,,False,21.4,,,,neutral,neutral,neutral,DOWN,neutral,neutral,neutral,825862,Uncertain significance,2,96.22,H,0.021,2.5565,-5.6724,gain_of_function,-0.638736354713114,6.79851859121473e-06,Benign,0.1309,benign,https://doi.org/10.1101/2022.10.22.513328
I189V,0.56775,0.15578,0.1113013322190814,Neutral,Neutral,87.7,,,0.059,"cBioPortal,clinvar",,False,87.7,,,,neutral,neutral,neutral,DOWN,neutral,neutral,neutral,1060759,Uncertain significance,1,96.98,H,0.1246,3.3644,-5.2574,gain_of_function,-0.0649200763758387,3.1950734655318226e-14,Benign,0.0661,benign,https://doi.org/10.1101/2022.10.22.513328
M190I,0.06034,0.2517,0.2303238335174035,Neutral,Neutral,22.6,,,,clinvar,,False,22.6,,,,neutral,neutral,neutral,-,uncertain,uncertain,uncertain,858608,Uncertain significance,1,96.85,H,0.023,2.7852,-5.4547,gain_of_function,-0.733036557504774,1.3818535158164616e-08,Benign,0.6854,pathogenic,https://doi.org/10.1101/2022.10.22.513328
M190V,1.0074,1.01259,0.5788121309041813,Neutral,Neutral,22.6,,,,clinvar,,False,22.6,,,,neutral,neutral,neutral,DOWN,neutral,neutral,neutral,1022969,Uncertain significance,2,96.85,H,0.0075,2.7852,-2.196,gain_of_function,-0.339711734906835,1.9469093575576455e-07,Benign,0.1965,benign,https://doi.org/10.1101/2022.10.22.513328
A191G,1.84366,2.4017,3.0893789351780025,Uncertain,Uncertain,0.2,,,,clinvar,,False,0.2,,,,neutral,neutral,neutral,DOWN,neutral,neutral,neutral,1510821,Uncertain significance,1,96.65,H,-0.2302,1.091,-21.5545,loss_of_function,-5.23564360173166,0.6953249515837379,Pathogenic,0.7975,pathogenic,https://doi.org/10.1101/2022.10.22.513328
A191T,0.78663,1.46224,0.7719199370454904,Neutral,Neutral,0.2,,,,clinvar,,False,0.2,,,,neutral,neutral,neutral,UP,neutral,neutral,neutral,951317,Uncertain significance,1,96.65,H,-0.1168,1.091,-3.8074,loss_of_function,-0.0851964999284762,2.154252435578115e-05,Benign,0.6818,pathogenic,https://doi.org/10.1101/2022.10.22.513328
A191V,3.38702,0.28673,-0.3638926738439985,Uncertain,Uncertain,0.2,,,,clinvar,,False,0.2,,,,neutral,neutral,neutral,UP,neutral,neutral,neutral,1465441,Uncertain significance,1,96.65,H,-0.1213,1.091,-5.2668,loss_of_function,-2.95411294608629,0.1329759121998798,Benign,0.8752,pathogenic,https://doi.org/10.1101/2022.10.22.513328
A192S,0.72071,1.69048,0.8739548289815702,Neutral,Neutral,31.2,,,0.097,cBioPortal,,False,31.2,,,,neutral,neutral,neutral,-,uncertain,uncertain,uncertain,,,,96.58,H,-0.0429,1.9658,-6.2714,loss_of_function,-0.015385295830097,0.0081266270623861,Benign,0.1761,benign,https://doi.org/10.1101/2022.10.22.513328
A192T,3.69289,1.62585,0.3537209578105571,Uncertain,Uncertain,31.2,,,,clinvar,,False,31.2,,,,neutral,neutral,neutral,UP,neutral,neutral,neutral,2092446,Uncertain significance,1,96.58,H,-0.1269,1.9658,-21.5592,loss_of_function,-2.62256234135933,0.1233682992890189,Benign,0.6292,pathogenic,https://doi.org/10.1101/2022.10.22.513328
R194I,0.41684,1.48844,1.0528005234642006,Neutral,Neutral,4.9,,,0.761,cBioPortal,,False,4.9,,,,neutral,neutral,neutral,DOWN,neutral,neutral,neutral,,,,94.69,H,-0.4248,0.1193,-21.5592,loss_of_function,-6.10129243283688,0.8685819271740068,Pathogenic,0.9994,pathogenic,https://doi.org/10.1101/2022.10.22.513328
Q195E,0.0628,0.65238,0.8679225310048155,Neutral,Neutral,26.1,,,,clinvar,,False,26.1,,,,neutral,neutral,neutral,DOWN,neutral,neutral,neutral,942965,Uncertain significance,1,94.64,H,-0.1522,0.831,-7.2714,loss_of_function,-2.87755655713723,0.8335108112378918,Pathogenic,0.8813,pathogenic,https://doi.org/10.1101/2022.10.22.513328
Q195K,0.36755,1.56905,0.7696690805072925,Neutral,Neutral,26.1,,,,clinvar,,False,26.1,,,,neutral,neutral,neutral,UP,neutral,neutral,stabilizing,651027,Uncertain significance,1,94.64,H,-0.2531,0.831,-21.5592,loss_of_function,-3.66471269595618,0.8946709767159994,Pathogenic,0.9888,pathogenic,https://doi.org/10.1101/2022.10.22.513328
Q195R,1.06692,1.00782,0.3745114835297403,Neutral,Neutral,26.1,,,,clinvar,,False,26.1,,,,neutral,neutral,neutral,UP,neutral,neutral,stabilizing,2004142,Uncertain significance,1,94.64,H,-0.1838,0.831,-8.2713,loss_of_function,-5.26133872346568,0.8918771456765384,Pathogenic,0.9829,pathogenic,https://doi.org/10.1101/2022.10.22.513328
Q196E,-0.00574,-0.18776,-0.2909360121159088,Neutral,Neutral,83.4,,,,clinvar,,False,83.4,,,,neutral,neutral,neutral,DOWN,neutral,neutral,neutral,942504,Uncertain significance,1,93.31,H,-0.0307,2.0409,-5.2946,loss_of_function,-0.911926260065107,0.0024278121274705,Benign,0.3119,benign,https://doi.org/10.1101/2022.10.22.513328
Q196H,-0.14583,-0.58095,-0.3959427620944222,Neutral,Neutral,83.4,,,,clinvar,,False,83.4,,,,neutral,neutral,neutral,UP,neutral,neutral,stabilizing,944882,Uncertain significance,1,93.31,H,-0.0318,2.0409,-6.2946,loss_of_function,-1.49368930580971,0.0001068122285848,Benign,0.6624,pathogenic,https://doi.org/10.1101/2022.10.22.513328
Q196R,-0.19255,-0.11769,-0.5682728785004271,Neutral,Neutral,83.4,,,,clinvar,,False,83.4,,,,neutral,neutral,neutral,UP,neutral,neutral,stabilizing,1367869,Uncertain significance,1,93.31,H,-0.0573,2.0409,-5.2946,loss_of_function,-0.767886354821436,2.341040416590974e-05,Benign,0.4664,ambiguous,https://doi.org/10.1101/2022.10.22.513328
E197K,0.30607,0.41395,0.1904201098836005,Neutral,Neutral,34.0,,,,clinvar,,False,34.0,,,,neutral,neutral,neutral,UP,neutral,neutral,stabilizing,2122378,Uncertain significance,1,92.05,H,-0.1783,1.0128,-8.2945,loss_of_function,-5.37957476151008,0.1262379091384899,Benign,0.9982,pathogenic,https://doi.org/10.1101/2022.10.22.513328
L198F,3.42006,2.89184,1.4033919831096335,Uncertain,Uncertain,0.8,,,,clinvar,,False,0.8,,,,neutral,neutral,neutral,UP,neutral,neutral,neutral,1718711,Uncertain significance,1,91.89,B,-0.3223,0.2967,-21.5823,loss_of_function,-5.96958905015834,0.8974173382714958,Pathogenic,0.9967,pathogenic,https://doi.org/10.1101/2022.10.22.513328
K199E,0.11074,1.8432,1.4005881344062026,Neutral,Neutral,50.4,,,,clinvar,,False,50.4,,,,neutral,neutral,neutral,DOWN,neutral,neutral,neutral,1438318,Uncertain significance,1,88.43,S,-0.2088,0.7332,-8.2991,loss_of_function,-4.57483271611108,0.7909479534218125,Pathogenic,0.9968,pathogenic,https://doi.org/10.1101/2022.10.22.513328
D200G,4.52891,3.58503,1.7155734033245995,Destabilizing,Uncertain,58.5,,,,clinvar,,False,58.5,,,,neutral,neutral,neutral,DOWN,neutral,neutral,neutral,654619,Uncertain significance,2,86.61,-,-0.248,1.1789,-21.5869,loss_of_function,-5.0841501825795,0.7184707291967534,Pathogenic,0.8611,pathogenic,https://doi.org/10.1101/2022.10.22.513328
V201I,-0.36059,0.07551,0.1773779372595746,Neutral,Neutral,70.4,,,,clinvar,,False,70.4,,,,neutral,neutral,neutral,UP,neutral,neutral,stabilizing,651695,Uncertain significance,1,83.9,H,-0.0191,1.9492,-4.9818,loss_of_function,-0.0329134244418737,2.360442150887629e-11,Benign,0.0696,benign,https://doi.org/10.1101/2022.10.22.513328
V201L,-0.69301,0.18367,-0.2325066934560998,Neutral,Neutral,70.4,,,,clinvar,,False,70.4,,,,neutral,neutral,neutral,UP,neutral,neutral,stabilizing,837651,Uncertain significance,1,83.9,H,-0.0893,1.9492,-5.9818,loss_of_function,-0.358613698140451,1.5401304612978785e-13,Benign,0.1323,benign,https://doi.org/10.1101/2022.10.22.513328
G202D,0.04961,-0.36973,-0.0987693595561284,Neutral,Neutral,60.2,,,,clinvar,,False,60.2,,,,neutral,neutral,neutral,UP,neutral,neutral,stabilizing,1038500,Uncertain significance,1,83.85,H,-0.0713,3.0786,-4.7188,loss_of_function,-0.46477995914763,3.7522468387596853e-13,Benign,0.3756,ambiguous,https://doi.org/10.1101/2022.10.22.513328
H203L,-1.89332,0.68776,-0.0414448746686568,Neutral,Neutral,11.7,,,,clinvar,,False,11.7,,,,neutral,neutral,neutral,UP,neutral,neutral,neutral,1751492,Uncertain significance,1,86.73,H,0.0135,2.8135,-2.3496,gain_of_function,-0.714934448354648,4.516758766026148e-16,Benign,0.2007,benign,https://doi.org/10.1101/2022.10.22.513328
H203P,-2.04485,4.29116,4.5962835067162695,Uncertain,Uncertain,11.7,,,,clinvar,,False,11.7,,,,neutral,neutral,neutral,DOWN,neutral,neutral,neutral,1016688,Uncertain significance,1,86.73,H,-0.1981,2.8135,-21.5915,loss_of_function,-4.34196889580986,3.788165229862635e-05,Benign,0.6203,pathogenic,https://doi.org/10.1101/2022.10.22.513328
H203R,-0.27722,1.59762,0.6727641182887073,Neutral,Neutral,11.7,,,,clinvar,,False,11.7,,,,neutral,neutral,neutral,UP,neutral,neutral,neutral,854844,Uncertain significance,2,86.73,H,0.0208,2.8135,-3.5489,gain_of_function,-1.28376245379389,7.646447231175169e-18,Benign,0.3489,ambiguous,https://doi.org/10.1101/2022.10.22.513328
H203Y,-1.76281,0.08401,-0.4580936799976515,Neutral,Neutral,11.7,,,,clinvar,,False,11.7,,,,neutral,neutral,neutral,UP,neutral,neutral,neutral,408998,Uncertain significance,2,86.73,H,-0.0067,2.8135,-21.5915,loss_of_function,-2.80866775139064,1.911937637573304e-05,Benign,0.1832,benign,https://doi.org/10.1101/2022.10.22.513328
R204C,1.07553,1.44184,1.6609891939383965,Neutral,Neutral,42.4,3.1843077315e-05,2.38824981093e-05,0.407,"cBioPortal,COSMIC,clinvar",,False,42.4,,,,neutral,neutral,neutral,DOWN,neutral,neutral,neutral,957070,Uncertain significance,2,89.48,H,-0.2363,1.154,-7.3037,loss_of_function,-2.53927849532937,0.7998148996706125,Pathogenic,0.8796,pathogenic,https://doi.org/10.1101/2022.10.22.513328
R204H,2.78516,0.59184,1.1123134427662669,Uncertain,Uncertain,42.4,,1.19410589331e-05,0.388,"cBioPortal,clinvar",,False,42.4,,,,neutral,neutral,neutral,DOWN,neutral,neutral,neutral,650874,Conflicting interpretations of pathogenicity,1,89.48,H,-0.1905,1.154,-5.9818,loss_of_function,-2.09868564686293,0.868613010056642,Pathogenic,0.8293,pathogenic,https://doi.org/10.1101/2022.10.22.513328
D205G,0.57467,1.94864,1.3308449400552775,Neutral,Neutral,55.5,,,,clinvar,,False,55.5,,,,neutral,neutral,neutral,DOWN,neutral,neutral,neutral,664375,Uncertain significance,1,85.6,H,-0.2189,0.6153,-5.7142,loss_of_function,-3.08444119396492,0.7175728769616875,Pathogenic,0.9464,pathogenic,https://doi.org/10.1101/2022.10.22.513328
D205N,-0.08562,1.29932,0.3939898786585749,Neutral,Neutral,55.5,,,,clinvar,,False,55.5,,,,neutral,neutral,neutral,-,uncertain,uncertain,uncertain,656739,Uncertain significance,2,85.6,H,-0.2554,0.6153,-21.5869,loss_of_function,-0.671086694238153,0.8466634543093358,Pathogenic,0.8858,pathogenic,https://doi.org/10.1101/2022.10.22.513328
D205Y,-0.31197,0.1949,-0.0887196697158665,Neutral,Neutral,55.5,,,,clinvar,,False,55.5,,,,neutral,neutral,neutral,UP,neutral,neutral,stabilizing,1998615,Uncertain significance,1,85.6,H,-0.2659,0.6153,-8.2991,loss_of_function,-5.41165904782245,0.7193652423664727,Pathogenic,0.9517,pathogenic,https://doi.org/10.1101/2022.10.22.513328
Q206E,0.65468,0.59626,0.3577730976289578,Neutral,Neutral,33.1,,,,clinvar,,False,33.1,,,,neutral,neutral,neutral,DOWN,neutral,neutral,neutral,1751988,Uncertain significance,1,87.35,H,-0.027,1.8562,-1.2224,loss_of_function,-0.341413332147871,8.972876949146256e-21,Benign,0.123,benign,https://doi.org/10.1101/2022.10.22.513328
Q206H,1.02954,0.84354,0.0729936544609333,Neutral,Neutral,33.1,0.0043943446694689,0.0046158866083579,0.155,"cBioPortal,clinvar",,False,33.1,,,,neutral,neutral,neutral,UP,neutral,neutral,neutral,239067,Benign/Likely benign,2,87.35,H,-0.1268,1.8562,-21.5869,loss_of_function,-4.27854089776283,7.844812992086178e-05,Benign,0.3819,ambiguous,https://doi.org/10.1101/2022.10.22.513328
Q206L,-0.484,-0.37449,-0.8151643052356439,Neutral,Neutral,33.1,,,,clinvar,,False,33.1,,,,neutral,neutral,neutral,UP,neutral,neutral,neutral,1752044,Uncertain significance,1,87.35,H,-0.0769,1.8562,-8.2991,loss_of_function,-4.27854089776283,8.452719160827118e-06,Benign,0.3093,benign,https://doi.org/10.1101/2022.10.22.513328
M207I,3.01216,1.03946,1.0392203671847933,Uncertain,Uncertain,0.0,,,,clinvar,,False,0.0,,,,neutral,neutral,neutral,-,uncertain,uncertain,uncertain,1439485,Uncertain significance,2,93.05,H,-0.0772,1.5379,-2.5988,loss_of_function,-1.04486125105623,2.09518087684022e-09,Benign,0.8852,pathogenic,https://doi.org/10.1101/2022.10.22.513328
M207L,-0.04655,0.70306,0.3699302944935873,Neutral,Neutral,0.0,,,,clinvar,,False,0.0,,,,neutral,neutral,neutral,-,uncertain,uncertain,uncertain,1752143,Uncertain significance,1,93.05,H,-0.0385,1.5379,-1.4663,loss_of_function,-0.905406509143519,2.3012174652772463e-13,Benign,0.4909,ambiguous,https://doi.org/10.1101/2022.10.22.513328
M207T,3.88415,2.62075,3.0559353319819387,Uncertain,Destabilizing,0.0,,,,clinvar,,False,0.0,,,,neutral,neutral,neutral,DOWN,neutral,neutral,neutral,1009000,Uncertain significance,1,93.05,H,-0.228,1.5379,-21.5869,loss_of_function,-5.35915576390768,0.2459189096840046,Benign,0.9936,pathogenic,https://doi.org/10.1101/2022.10.22.513328
A208T,1.82689,0.27449,0.4819319874628203,Neutral,Neutral,42.9,,,0.347,cBioPortal,,False,42.9,,,,neutral,neutral,neutral,UP,neutral,neutral,stabilizing,,,,91.14,H,-0.2372,0.7694,-21.5915,loss_of_function,-3.41639658414797,0.8971812694246152,Pathogenic,0.9775,pathogenic,https://doi.org/10.1101/2022.10.22.513328
A209G,0.90059,1.29456,1.1104462460564604,Neutral,Neutral,36.0,,,,clinvar,,False,36.0,,,,neutral,neutral,neutral,DOWN,neutral,neutral,neutral,953451,Uncertain significance,1,87.82,H,-0.1587,0.8698,-3.5489,loss_of_function,-1.87210961977861,0.0021204336601893,Benign,0.4773,ambiguous,https://doi.org/10.1101/2022.10.22.513328
A209T,-0.30375,-0.34014,0.332991003659549,Neutral,Neutral,36.0,,,,clinvar,,False,36.0,,,,neutral,neutral,neutral,UP,neutral,neutral,neutral,1489877,Uncertain significance,1,87.82,H,-0.2279,0.8698,-21.5915,loss_of_function,-3.24553057493808,0.5299605759633087,Uncertain,0.7281,pathogenic,https://doi.org/10.1101/2022.10.22.513328
R211S,1.60547,2.4068,2.2495700632971145,Uncertain,Uncertain,20.9,,,,clinvar,,False,20.9,,,,neutral,neutral,neutral,DOWN,neutral,neutral,neutral,1752936,Uncertain significance,2,94.6,H,-0.305,0.3724,-8.3036,loss_of_function,-5.74337005927348,0.8799595729381319,Pathogenic,0.9984,pathogenic,https://doi.org/10.1101/2022.10.22.513328
G212R,-0.46427,0.17245,-1.1752625653828757,Neutral,Neutral,93.3,,,,clinvar,,False,93.3,,,,neutral,neutral,neutral,UP,neutral,neutral,neutral,1394069,Uncertain significance,1,91.32,H,-0.2521,1.4885,-8.3036,loss_of_function,-5.05778539445172,4.608811815409555e-05,Benign,0.9752,pathogenic,https://doi.org/10.1101/2022.10.22.513328
I213L,0.34671,0.26088,0.1739209056876428,Neutral,Neutral,39.7,,,,clinvar,,False,39.7,,,,neutral,neutral,neutral,-,uncertain,uncertain,uncertain,639014,Uncertain significance,1,90.69,H,0.0383,2.8436,-4.9773,gain_of_function,-0.425038729878598,1.843161785650373e-10,Benign,0.1182,benign,https://doi.org/10.1101/2022.10.22.513328
I213V,0.46559,0.49864,0.4918378687755981,Neutral,Neutral,39.7,,,,clinvar,,False,39.7,,,,neutral,neutral,neutral,DOWN,neutral,neutral,neutral,653123,Conflicting interpretations of pathogenicity,1,90.69,H,0.0941,2.8436,-1.8398,gain_of_function,-0.0602281653923049,3.82821681581198e-16,Benign,0.066,benign,https://doi.org/10.1101/2022.10.22.513328
L214V,2.12408,1.27109,2.047353488605934,Uncertain,Uncertain,0.7,,,,clinvar,,False,0.7,,,,neutral,neutral,neutral,DOWN,neutral,neutral,neutral,1753368,Uncertain significance,1,94.46,H,-0.2338,0.2153,-7.2991,loss_of_function,-2.84638604319744,0.8559123935636395,Pathogenic,0.7093,pathogenic,https://doi.org/10.1101/2022.10.22.513328
Q215H,0.81604,0.87347,-0.1242976985612959,Neutral,Neutral,52.3,,,0.315,"cBioPortal,COSMIC",,False,52.3,,,,neutral,neutral,neutral,UP,neutral,neutral,neutral,,,,92.19,H,-0.1196,1.1983,-8.2991,loss_of_function,-3.59736710898165,6.36289454721626e-05,Benign,0.4281,ambiguous,https://doi.org/10.1101/2022.10.22.513328
Q215L,-1.25333,-0.19558,-0.8110458367352047,Neutral,Neutral,52.3,,,0.245,"cBioPortal,COSMIC",,False,52.3,,,,neutral,neutral,neutral,UP,neutral,neutral,neutral,,,,92.19,H,-0.1374,1.1983,-8.2991,loss_of_function,-1.87618445706192,7.961635252793628e-06,Benign,0.2092,benign,https://doi.org/10.1101/2022.10.22.513328
K216N,-0.05582,0.61871,0.3567756434913466,Neutral,Neutral,59.2,,,,clinvar,,False,59.2,,,,neutral,neutral,neutral,DOWN,neutral,neutral,neutral,1999528,Uncertain significance,2,88.18,H,-0.0847,2.0096,-8.2991,loss_of_function,-3.20028443167048,0.2334845412872606,Benign,0.741,pathogenic,https://doi.org/10.1101/2022.10.22.513328
N217H,-1.03949,-0.29456,-0.1225370842809264,Neutral,Neutral,8.0,,,,clinvar,,False,8.0,,,,neutral,neutral,neutral,UP,neutral,neutral,neutral,646352,Uncertain significance,2,91.76,H,-0.0913,1.5438,-2.5443,loss_of_function,-1.04341765329869,1.9100795880804973e-07,Benign,0.2265,benign,https://doi.org/10.1101/2022.10.22.513328
N217K,-0.16659,0.84966,0.4699100457437966,Neutral,Neutral,8.0,,,,clinvar,,False,8.0,,,,neutral,neutral,neutral,UP,neutral,neutral,neutral,1368993,Uncertain significance,1,91.76,H,-0.1108,1.5438,-6.7142,loss_of_function,-2.4040055714886,0.5456473816567243,Uncertain,0.9001,pathogenic,https://doi.org/10.1101/2022.10.22.513328
N217S,1.35173,1.03605,1.1303370875174674,Neutral,Neutral,8.0,,,,clinvar,,False,8.0,,,,neutral,neutral,neutral,DOWN,neutral,neutral,neutral,1504606,Uncertain significance,1,91.76,H,-0.0657,1.5438,-4.3923,loss_of_function,-0.731970921796509,2.1919913742420992e-05,Benign,0.1325,benign,https://doi.org/10.1101/2022.10.22.513328
V218F,4.36026,0.87789,1.0646988694386177,Uncertain,Uncertain,1.2,,,,clinvar,,False,1.2,,,,neutral,neutral,neutral,UP,neutral,neutral,neutral,1062561,Uncertain significance,1,94.71,H,-0.208,2.356,-21.5869,loss_of_function,-4.67283508606974,8.284652180379981e-07,Benign,0.4221,ambiguous,https://doi.org/10.1101/2022.10.22.513328
V218I,-1.0427,0.84354,0.4074943409327752,Neutral,Neutral,1.2,,,,clinvar,,False,1.2,,,,neutral,neutral,neutral,UP,neutral,neutral,neutral,826465,Uncertain significance,2,94.71,H,0.0238,2.356,-3.9069,gain_of_function,-0.0096726063561503,5.008294882682458e-09,Benign,0.0647,benign,https://doi.org/10.1101/2022.10.22.513328
V218L,-0.81768,-1.23333,0.2970465581917092,Neutral,Neutral,1.2,,,,clinvar,,False,1.2,,,,neutral,neutral,neutral,UP,neutral,neutral,neutral,651968,Uncertain significance,2,94.71,H,-0.0586,2.356,-7.2991,loss_of_function,-0.0107267450310411,4.688448625163433e-11,Benign,0.2688,benign,https://doi.org/10.1101/2022.10.22.513328
P219A,2.31789,-2.9915,-0.462281848354556,Uncertain,Uncertain,42.0,,,,clinvar,,False,42.0,,,,neutral,neutral,neutral,DOWN,neutral,neutral,neutral,1054827,Uncertain significance,1,90.86,H,-0.024,2.3984,-5.9773,loss_of_function,-0.856002706851862,3.297895708030468e-07,Benign,0.158,benign,https://doi.org/10.1101/2022.10.22.513328
P219L,1.62208,-3.43333,-1.1436659748010347,Uncertain,Neutral,42.0,,7.9557026477e-06,0.177,"cBioPortal,clinvar",,False,42.0,,,,neutral,neutral,neutral,UP,neutral,neutral,neutral,650965,Uncertain significance,2,90.86,H,-0.0676,2.3984,-4.9773,loss_of_function,-1.13089340517129,6.803596747262201e-09,Benign,0.3451,ambiguous,https://doi.org/10.1101/2022.10.22.513328
P219S,2.43276,-2.93503,-0.3101724062243938,Uncertain,Uncertain,42.0,0.0023243966121123,0.0005608458032028,0.158,"COSMIC,clinvar",,False,42.0,,,,neutral,neutral,neutral,DOWN,neutral,neutral,neutral,697168,Benign/Likely benign,2,90.86,H,-0.0151,2.3984,-4.2992,loss_of_function,-0.824962627280806,6.263902977818647e-07,Benign,0.2462,benign,https://doi.org/10.1101/2022.10.22.513328
I220T,1.15455,0.23231,1.5774467181701453,Neutral,Neutral,13.9,,,,clinvar,,False,13.9,,,,neutral,neutral,neutral,DOWN,neutral,neutral,neutral,962110,Uncertain significance,2,87.63,H,-0.2311,1.6226,-21.5915,loss_of_function,-4.37767377798675,0.0003583953107499,Benign,0.722,pathogenic,https://doi.org/10.1101/2022.10.22.513328
I220V,0.53793,0.42619,0.7814714113248117,Neutral,Neutral,13.9,,,,clinvar,,False,13.9,,,,neutral,neutral,neutral,DOWN,neutral,neutral,neutral,1496455,Uncertain significance,1,87.63,H,-0.041,1.6226,-6.3038,loss_of_function,-0.878904602691048,1.9197879692165852e-08,Benign,0.0764,benign,https://doi.org/10.1101/2022.10.22.513328
L221F,6.09886,2.75,1.4098016992664535,Uncertain,Uncertain,0.0,,,,clinvar,,False,0.0,,,,neutral,neutral,neutral,UP,neutral,neutral,neutral,2042139,Uncertain significance,1,91.76,H,-0.2461,0.3326,-7.2991,loss_of_function,-4.05430386636108,0.8966986030434609,Pathogenic,0.8605,pathogenic,https://doi.org/10.1101/2022.10.22.513328
L221I,2.38934,3.2432,1.827001043105536,Uncertain,Uncertain,0.0,,,0.376,"cBioPortal,COSMIC",,False,0.0,,,,neutral,neutral,neutral,-,uncertain,uncertain,uncertain,,,,91.76,H,-0.1868,0.3326,-7.2991,loss_of_function,-2.2733157765469,0.8867108051179307,Pathogenic,0.5002,ambiguous,https://doi.org/10.1101/2022.10.22.513328
L221R,9.26608,8.97041,3.902148129948971,Destabilizing,Destabilizing,0.0,,,,clinvar,,False,0.0,,,,neutral,neutral,neutral,UP,neutral,neutral,neutral,2416240,Uncertain significance,1,91.76,H,-0.4658,0.3326,-21.5869,loss_of_function,-5.83494057821182,0.8963309299457278,Pathogenic,0.9962,pathogenic,https://doi.org/10.1101/2022.10.22.513328
L221V,3.62645,2.26769,2.158432756645446,Uncertain,Uncertain,0.0,,,,clinvar,,False,0.0,,,,neutral,neutral,neutral,DOWN,neutral,neutral,neutral,1754510,Uncertain significance,1,91.76,H,-0.2231,0.3326,-7.2991,loss_of_function,-2.29428775913236,0.8551159837980327,Pathogenic,0.6022,pathogenic,https://doi.org/10.1101/2022.10.22.513328
Y222C,2.23388,2.46497,3.834081412518017,Uncertain,Uncertain,27.8,,7.9549432017e-06,0.552,"cBioPortal,COSMIC,clinvar",P,True,27.8,-0.733,,,damaging,uncertain,potentially_damaging,DOWN,neutral,neutral,neutral,850785,Uncertain significance,2,91.36,H,-0.1722,1.8617,-6.7142,loss_of_function,-3.2022766960959,0.0015839734523618,Benign,0.2979,benign,https://doi.org/10.1101/2022.10.22.513328
Y222S,3.04378,2.74626,4.501522717092034,Uncertain,Destabilizing,27.8,,,,clinvar,P,True,27.8,-0.733,,,uncertain,damaging,potentially_damaging,DOWN,neutral,neutral,neutral,943240,Uncertain significance,1,91.36,H,-0.2143,1.8617,-8.2991,loss_of_function,-4.40596583695149,0.0026486204333907,Benign,0.805,pathogenic,https://doi.org/10.1101/2022.10.22.513328
T223A,-0.13684,0.02653,0.5805073764937901,Neutral,Neutral,55.6,,,,clinvar,P,True,55.6,0.298,,,damaging,neutral,potentially_damaging,DOWN,neutral,neutral,neutral,826548,Uncertain significance,2,86.54,H,-0.1565,0.9049,-5.9773,loss_of_function,-2.05242097642566,0.0382625439015244,Benign,0.2132,benign,https://doi.org/10.1101/2022.10.22.513328
T223I,-0.91016,-1.18707,-0.2650704874047732,Neutral,Neutral,55.6,,,,clinvar,P,True,55.6,0.298,,,damaging,neutral,potentially_damaging,UP,neutral,neutral,neutral,1754902,Uncertain significance,1,86.54,H,-0.2621,0.9049,-21.5869,loss_of_function,-3.88320073482075,0.6918026823595087,Pathogenic,0.7786,pathogenic,https://doi.org/10.1101/2022.10.22.513328
T223S,0.08987,0.99932,1.1079643223090463,Neutral,Neutral,55.6,,,,clinvar,P,True,55.6,0.298,,,neutral,neutral,potentially_damaging,DOWN,neutral,neutral,neutral,1754899,Uncertain significance,2,86.54,H,-0.1019,0.9049,-2.3685,loss_of_function,-0.190017809893862,1.2245978754564433e-07,Benign,0.2499,benign,https://doi.org/10.1101/2022.10.22.513328
A224T,2.92907,0.4585,1.3673876257448263,Uncertain,Uncertain,12.1,,,0.493,"cBioPortal,clinvar",,True,12.1,,,,neutral,neutral,neutral,UP,neutral,neutral,neutral,840471,Uncertain significance,2,86.84,H,-0.0808,1.484,-3.8444,loss_of_function,-0.657462829518446,2.140875878628096e-08,Benign,0.2977,benign,https://doi.org/10.1101/2022.10.22.513328
Q226E,-0.17257,0.88197,0.905987219322996,Neutral,Neutral,28.3,,,,clinvar,,False,28.3,,,,neutral,neutral,neutral,DOWN,neutral,neutral,neutral,848098,Uncertain significance,1,89.56,H,-0.1026,2.1632,-21.5915,loss_of_function,-2.85530955390469,0.0003995102903495,Benign,0.2205,benign,https://doi.org/10.1101/2022.10.22.513328
Q226R,-0.19959,-0.15714,-0.1132145299332476,Neutral,Neutral,28.3,,3.9775981671e-06,0.082,"cBioPortal,COSMIC",,False,28.3,,,,neutral,neutral,neutral,UP,neutral,neutral,neutral,,,,89.56,H,-0.038,2.1632,-3.7188,loss_of_function,-0.122472272705905,8.340920984297438e-08,Benign,0.1169,benign,https://doi.org/10.1101/2022.10.22.513328
A227T,-0.3435,1.89456,0.7124004808204256,Neutral,Neutral,4.0,,,,clinvar,,False,4.0,,,,neutral,neutral,neutral,UP,neutral,neutral,neutral,1059575,Uncertain significance,2,85.7,H,-0.1307,0.9843,-4.6033,loss_of_function,-2.02257471259958,0.0009787151099089,Benign,0.667,pathogenic,https://doi.org/10.1101/2022.10.22.513328
C228S,0.14488,1.25408,1.4439170259205998,Neutral,Neutral,9.0,,,0.132,"cBioPortal,clinvar",,False,9.0,,,,neutral,neutral,neutral,DOWN,neutral,neutral,neutral,1517460,Uncertain significance,1,89.34,H,-0.2453,1.7578,-7.3037,loss_of_function,-1.0116249849659,3.891713618150893e-05,Benign,0.5661,pathogenic,https://doi.org/10.1101/2022.10.22.513328
L229P,4.35116,9.49456,7.601167082532174,Destabilizing,Destabilizing,22.0,,,0.749,cBioPortal,,False,22.0,,,,neutral,neutral,neutral,DOWN,neutral,neutral,neutral,,,,90.44,H,-0.3799,1.3014,-21.5961,loss_of_function,-5.21156276242501,0.4324132922806188,Uncertain,0.9959,pathogenic,https://doi.org/10.1101/2022.10.22.513328
Q230R,0.01047,-0.15034,-0.3708623675029304,Neutral,Neutral,45.2,,,,clinvar,,False,45.2,,,,neutral,neutral,neutral,UP,neutral,neutral,neutral,1387557,Uncertain significance,1,87.72,H,-0.0702,1.6497,-0.7615,loss_of_function,-0.378249929100632,2.47603150734546e-19,Benign,0.1646,benign,https://doi.org/10.1101/2022.10.22.513328
P232A,1.25418,1.86633,-0.5279476314208914,Neutral,Neutral,69.2,,,,clinvar,,False,69.2,,,,neutral,neutral,neutral,DOWN,neutral,neutral,neutral,1500474,Uncertain significance,1,87.55,T,-0.1873,0.7535,-8.3127,loss_of_function,-3.86672328497191,0.8731414118300378,Pathogenic,0.3198,benign,https://doi.org/10.1101/2022.10.22.513328
P232H,1.16359,2.1585,-0.699709834324535,Uncertain,Neutral,69.2,,,0.537,cBioPortal,,False,69.2,,,,neutral,neutral,neutral,UP,neutral,neutral,neutral,,,,87.55,T,-0.2938,0.7535,-21.6006,loss_of_function,-5.51541959695964,0.8645307185615918,Pathogenic,0.6462,pathogenic,https://doi.org/10.1101/2022.10.22.513328
P232L,1.11787,1.73605,-0.900821822947227,Neutral,Neutral,69.2,,,0.634,cBioPortal,,False,69.2,,,,neutral,neutral,neutral,UP,neutral,neutral,neutral,,,,87.55,T,-0.2309,0.7535,-7.3128,loss_of_function,-2.50319540222158,0.8705900364691826,Pathogenic,0.7546,pathogenic,https://doi.org/10.1101/2022.10.22.513328
P232T,1.82636,1.75986,-0.3887827511328262,Neutral,Neutral,69.2,,,,clinvar,,False,69.2,,,,neutral,neutral,neutral,-,uncertain,uncertain,uncertain,1756282,Uncertain significance,1,87.55,T,-0.1991,0.7535,-8.3127,loss_of_function,-1.87086758162228,0.4038903517890976,Uncertain,0.4486,ambiguous,https://doi.org/10.1101/2022.10.22.513328
D233N,0.20863,1.32925,0.5829524157942506,Neutral,Neutral,73.5,,,,clinvar,,False,73.5,,,,neutral,neutral,neutral,-,uncertain,uncertain,uncertain,1719075,Uncertain significance,1,90.13,T,-0.1334,1.1497,-7.3128,loss_of_function,-2.33877570122702,0.0296718913654393,Benign,0.3287,benign,https://doi.org/10.1101/2022.10.22.513328
V234F,3.23512,4.39864,2.655272265911308,Destabilizing,Uncertain,8.2,,,,clinvar,,False,8.2,,,,neutral,neutral,neutral,UP,neutral,neutral,neutral,1389437,Uncertain significance,1,91.16,-,-0.2828,1.5446,-21.6051,loss_of_function,-4.0796536101752,0.3986271418116144,Uncertain,0.8523,pathogenic,https://doi.org/10.1101/2022.10.22.513328
V234I,-0.51138,0.58844,0.0154274831194833,Neutral,Neutral,8.2,3.1841049481e-05,3.9776298099e-06,0.300,"cBioPortal,COSMIC,clinvar",,False,8.2,,,,neutral,neutral,neutral,UP,neutral,neutral,neutral,945291,Uncertain significance,2,91.16,-,-0.0521,1.5446,-4.1475,loss_of_function,-0.944003479904224,5.342437009078202e-08,Benign,0.1155,benign,https://doi.org/10.1101/2022.10.22.513328
A235P,-1.86491,-0.5398,0.5099883426748882,Neutral,Neutral,105.8,,,0.303,cBioPortal,,False,105.8,,,,neutral,neutral,neutral,UP,neutral,neutral,neutral,,,,92.54,H,-0.22,1.6916,-5.3174,loss_of_function,-1.88984448367018,5.626045270826193e-05,Benign,0.4452,ambiguous,https://doi.org/10.1101/2022.10.22.513328
A235S,-0.26946,0.03878,-0.2424412190357244,Neutral,Neutral,105.8,,,,clinvar,,False,105.8,,,,neutral,neutral,neutral,-,uncertain,uncertain,uncertain,651110,Uncertain significance,2,92.54,H,-0.0578,1.6916,-4.23,loss_of_function,-0.745806576278552,5.337438660691693e-05,Benign,0.2235,benign,https://doi.org/10.1101/2022.10.22.513328
A235T,-0.23096,0.31327,-0.1345068493998741,Neutral,Neutral,105.8,3.1849162367e-05,2.38752755605e-05,0.259,"cBioPortal,clinvar",,False,105.8,,,,neutral,neutral,neutral,UP,neutral,neutral,neutral,661269,Uncertain significance,2,92.54,H,-0.0684,1.6916,-5.1475,loss_of_function,-0.42584852227944,0.0073431110562733,Benign,0.304,benign,https://doi.org/10.1101/2022.10.22.513328
A235V,0.23714,0.46361,-0.1786614577763545,Neutral,Neutral,105.8,,,,clinvar,,False,105.8,,,,neutral,neutral,neutral,UP,neutral,neutral,neutral,654475,Uncertain significance,2,92.54,H,-0.0765,1.6916,-7.3173,loss_of_function,-2.39000498243921,0.1301273243955246,Benign,0.4491,ambiguous,https://doi.org/10.1101/2022.10.22.513328
A236S,1.75398,1.40782,0.8560633459689826,Neutral,Neutral,13.0,,,0.235,cBioPortal,,False,13.0,,,,neutral,neutral,neutral,-,uncertain,uncertain,uncertain,,,,92.92,H,-0.0449,1.7326,-2.4594,loss_of_function,-1.00458914646181,1.5378325996921518e-07,Benign,0.3196,benign,https://doi.org/10.1101/2022.10.22.513328
A236T,3.46164,1.28095,0.6540616328704687,Uncertain,Uncertain,13.0,,,0.316,"cBioPortal,COSMIC",,False,13.0,,,,neutral,neutral,neutral,UP,neutral,neutral,neutral,,,,92.92,H,-0.0757,1.7326,-7.3173,loss_of_function,-2.18025743356431,0.2188385199899932,Benign,0.6536,pathogenic,https://doi.org/10.1101/2022.10.22.513328
A236V,2.07988,0.51463,0.2528606778655323,Uncertain,Uncertain,13.0,,,,clinvar,,False,13.0,,,,neutral,neutral,neutral,UP,neutral,neutral,neutral,1721097,Uncertain significance,1,92.92,H,-0.0778,1.7326,-8.3173,loss_of_function,-3.2341630097945,0.3927073391624762,Uncertain,0.7551,pathogenic,https://doi.org/10.1101/2022.10.22.513328
Y237C,2.90704,2.3,2.71205721094305,Uncertain,Uncertain,2.4,,8.75064635456e-05,0.278,"cBioPortal,COSMIC,clinvar",P,False,2.4,11.032,,,uncertain,uncertain,uncertain,DOWN,neutral,neutral,neutral,652567,Conflicting interpretations of pathogenicity,1,90.89,H,-0.1472,2.2221,-8.3173,loss_of_function,-3.01984014846159,4.8148018415526506e-08,Benign,0.3029,benign,https://doi.org/10.1101/2022.10.22.513328
K238E,0.13293,0.58946,0.32499670102766,Neutral,Neutral,71.8,,,,clinvar,,False,71.8,,,,neutral,neutral,neutral,DOWN,neutral,neutral,neutral,935364,Uncertain significance,2,91.82,H,-0.1339,1.493,-7.3173,loss_of_function,-3.42396261964517,0.1493700592170502,Benign,0.7619,pathogenic,https://doi.org/10.1101/2022.10.22.513328
K238M,-0.03387,-0.18197,-0.2340083407646598,Neutral,Neutral,71.8,,,0.330,cBioPortal,,False,71.8,,,,neutral,neutral,neutral,DOWN,neutral,neutral,neutral,,,,91.82,H,-0.192,1.493,-21.6051,loss_of_function,-4.03726184732177,0.3887626294092597,Uncertain,0.7443,pathogenic,https://doi.org/10.1101/2022.10.22.513328
K238N,0.04687,0.23163,0.4359806318388542,Neutral,Neutral,71.8,,,,clinvar,,False,71.8,,,,neutral,neutral,neutral,DOWN,neutral,neutral,neutral,1757385,Uncertain significance,1,91.82,H,-0.2001,1.493,-21.6051,loss_of_function,-3.88198455517895,0.6527363675311192,Uncertain,0.9356,pathogenic,https://doi.org/10.1101/2022.10.22.513328
K238T,0.37201,0.90748,0.22270476860486,Neutral,Neutral,71.8,,,,clinvar,,False,71.8,,,,neutral,neutral,neutral,DOWN,neutral,neutral,neutral,848787,Uncertain significance,2,91.82,H,-0.1184,1.493,-4.858,loss_of_function,-1.77038382522006,0.1516335845990839,Benign,0.6779,pathogenic,https://doi.org/10.1101/2022.10.22.513328
A239S,0.36131,0.5932,0.7283787631545249,Neutral,Neutral,55.6,,,0.282,"cBioPortal,COSMIC",,False,55.6,,,,neutral,neutral,neutral,-,uncertain,uncertain,uncertain,,,,93.57,H,-0.0644,1.6796,-5.3174,loss_of_function,-0.945509119625307,0.000176572622318,Benign,0.2481,benign,https://doi.org/10.1101/2022.10.22.513328
A239T,0.58524,-0.07007,0.4722836044299444,Neutral,Neutral,55.6,,,0.341,cBioPortal,,False,55.6,,,,neutral,neutral,neutral,UP,neutral,neutral,neutral,,,,93.57,H,-0.0857,1.6796,-8.3173,loss_of_function,-2.89918055626939,0.1167459339775121,Benign,0.4543,ambiguous,https://doi.org/10.1101/2022.10.22.513328
N240D,0.46722,1.75578,2.225908452448744,Neutral,Uncertain,3.8,,,,clinvar,,False,3.8,,,,neutral,neutral,neutral,-,uncertain,uncertain,uncertain,970296,Uncertain significance,1,91.58,H,-0.2431,0.9322,-21.6051,loss_of_function,-3.31249157854736,0.8384512796937731,Pathogenic,0.9635,pathogenic,https://doi.org/10.1101/2022.10.22.513328
N240K,1.09749,1.28946,1.7132934493580578,Neutral,Neutral,3.8,,,,clinvar,,False,3.8,,,,neutral,neutral,neutral,UP,neutral,neutral,neutral,1478845,Uncertain significance,1,91.58,H,-0.2431,0.9322,-21.6051,loss_of_function,-5.41685735573559,0.8123904615039728,Pathogenic,0.996,pathogenic,https://doi.org/10.1101/2022.10.22.513328
N240S,0.79796,0.91088,2.03667971387684,Neutral,Uncertain,3.8,,,,clinvar,,False,3.8,,,,neutral,neutral,neutral,DOWN,neutral,neutral,neutral,826899,Uncertain significance,2,91.58,H,-0.114,0.9322,-2.8256,loss_of_function,-1.74027359549205,0.0199965677242765,Benign,0.2651,benign,https://doi.org/10.1101/2022.10.22.513328
N240T,0.7299,-1.02313,0.8764090081944056,Neutral,Neutral,3.8,,,,clinvar,,False,3.8,,,,neutral,neutral,neutral,-,uncertain,uncertain,uncertain,1487974,Conflicting interpretations of pathogenicity,1,91.58,H,-0.1865,0.9322,-7.3173,loss_of_function,-2.64078188975454,0.530721982640795,Uncertain,0.6489,pathogenic,https://doi.org/10.1101/2022.10.22.513328
R241K,-1.4083,0.23673,1.4437045877170502,Neutral,Neutral,18.1,,,,clinvar,,False,18.1,,,,neutral,neutral,neutral,-,uncertain,uncertain,uncertain,1018439,Uncertain significance,2,93.19,H,-0.1282,0.7851,-2.7027,loss_of_function,-1.28323946692529,0.0026135494500852,Benign,0.5231,ambiguous,https://doi.org/10.1101/2022.10.22.513328
D242H,1.23068,0.68265,-0.0716728524980409,Neutral,Neutral,36.3,,,,clinvar,,False,36.3,,,,neutral,neutral,neutral,UP,neutral,neutral,neutral,838728,Uncertain significance,1,94.73,H,-0.24,0.4555,-7.3173,loss_of_function,-5.8985448846221,0.8203656813151874,Pathogenic,0.9726,pathogenic,https://doi.org/10.1101/2022.10.22.513328
L243M,0.18972,0.16803,1.1340719466809803,Neutral,Neutral,38.9,,,0.134,"cBioPortal,COSMIC",,True,38.9,,,,neutral,neutral,neutral,-,uncertain,uncertain,uncertain,,,,93.69,H,-0.0285,2.3623,-8.3082,loss_of_function,-2.01067730837797,1.4348186813572958e-06,Benign,0.1242,benign,https://doi.org/10.1101/2022.10.22.513328
L243V,0.97747,0.52279,1.0664699381717284,Neutral,Neutral,38.9,,,,clinvar,,True,38.9,,,,neutral,neutral,neutral,DOWN,neutral,neutral,neutral,1758053,Uncertain significance,2,93.69,H,-0.1093,2.3623,-21.5961,loss_of_function,-2.01067730837797,1.134989276582224e-05,Benign,0.1489,benign,https://doi.org/10.1101/2022.10.22.513328
I244L,0.93865,1.16497,0.8246997914892215,Neutral,Neutral,0.5,9.55353162219e-05,3.5797529175e-05,0.111,"cBioPortal,clinvar",,True,0.5,,,,neutral,neutral,neutral,-,uncertain,uncertain,uncertain,662371,Conflicting interpretations of pathogenicity,1,92.65,H,-0.0866,1.6162,-7.3128,loss_of_function,-1.23579538677988,0.0720178944585335,Benign,0.3611,ambiguous,https://doi.org/10.1101/2022.10.22.513328
I244M,0.97434,2.10986,1.6949739806085236,Uncertain,Neutral,0.5,,,,clinvar,,True,0.5,,,,neutral,neutral,neutral,-,uncertain,uncertain,uncertain,1027226,Uncertain significance,1,92.65,H,-0.0923,1.6162,-7.3128,loss_of_function,-2.37319032791787,0.0573871174252363,Benign,0.3767,ambiguous,https://doi.org/10.1101/2022.10.22.513328
I244T,2.03871,2.13571,2.2089804290621786,Uncertain,Uncertain,0.5,,,0.250,"cBioPortal,clinvar",,True,0.5,,,,neutral,neutral,neutral,DOWN,neutral,neutral,neutral,854818,Uncertain significance,1,92.65,H,-0.1496,1.6162,-5.5055,loss_of_function,-1.85968437943734,5.8889812403147153e-05,Benign,0.7499,pathogenic,https://doi.org/10.1101/2022.10.22.513328
Y245C,1.99313,2.48571,3.88699744945668,Uncertain,Uncertain,13.1,,,,clinvar,P,True,13.1,-0.368,,,uncertain,neutral,uncertain,DOWN,neutral,neutral,neutral,662415,Uncertain significance,2,95.61,H,-0.0908,2.5272,-2.7628,loss_of_function,-1.11380849945596,1.1153572719967594e-08,Benign,0.1474,benign,https://doi.org/10.1101/2022.10.22.513328
Y245F,-0.58379,-0.83095,-0.0747287449761924,Neutral,Neutral,13.1,,,,clinvar,P,True,13.1,-0.368,,,uncertain,neutral,uncertain,-,uncertain,uncertain,uncertain,2198777,Uncertain significance,1,95.61,H,0.0478,2.5272,-1.6881,gain_of_function,-0.322452677176327,1.1228685377231528e-10,Benign,0.0699,benign,https://doi.org/10.1101/2022.10.22.513328
Y245H,1.82268,1.65136,2.2562658159254334,Neutral,Uncertain,13.1,,,,clinvar,P,True,13.1,-0.368,,,uncertain,neutral,uncertain,DOWN,neutral,neutral,neutral,653981,Conflicting interpretations of pathogenicity,1,95.61,H,-0.0419,2.5272,-5.51,loss_of_function,-1.46908884244813,2.566958269340068e-06,Benign,0.3425,ambiguous,https://doi.org/10.1101/2022.10.22.513328
K246E,0.14648,-0.20918,0.1738665925321142,Neutral,Neutral,72.6,,,,clinvar,,True,72.6,,,,neutral,neutral,neutral,DOWN,neutral,neutral,neutral,1006690,Uncertain significance,1,95.4,H,-0.0673,2.0407,-4.1475,loss_of_function,-1.25244223218899,0.0011016426187094,Benign,0.4148,ambiguous,https://doi.org/10.1101/2022.10.22.513328
K246Q,0.02023,-0.21122,0.2378975437235297,Neutral,Neutral,72.6,,,,clinvar,,True,72.6,,,,neutral,neutral,neutral,DOWN,neutral,neutral,neutral,652111,Uncertain significance,2,95.4,H,-0.0467,2.0407,-5.1475,loss_of_function,-1.10148597143908,2.312593191301844e-05,Benign,0.1404,benign,https://doi.org/10.1101/2022.10.22.513328
K246R,-0.21469,0.23673,-0.2581539583706516,Neutral,Neutral,72.6,,,0.188,"cBioPortal,COSMIC,clinvar",,True,72.6,,,,neutral,neutral,neutral,-,uncertain,uncertain,uncertain,664957,Uncertain significance,2,95.4,H,0.0282,2.0407,-3.3174,gain_of_function,-0.377352953441567,1.3756783807019613e-08,Benign,0.0816,benign,https://doi.org/10.1101/2022.10.22.513328
A251T,3.54944,3.27993,1.918611616131992,Destabilizing,Uncertain,2.5,,,,clinvar,,False,2.5,,,,neutral,neutral,neutral,UP,neutral,neutral,neutral,1423339,Uncertain significance,2,94.41,H,-0.2834,0.2677,-21.6051,loss_of_function,-2.477908424477,0.8875933166783689,Pathogenic,0.8871,pathogenic,https://doi.org/10.1101/2022.10.22.513328
A251V,3.18202,1.00272,1.6494365452460489,Uncertain,Uncertain,2.5,,,,clinvar,,False,2.5,,,,neutral,neutral,neutral,UP,neutral,neutral,neutral,1401059,Uncertain significance,2,94.41,H,-0.2075,0.2677,-7.3173,loss_of_function,-2.67698917197429,0.8867059226764715,Pathogenic,0.8828,pathogenic,https://doi.org/10.1101/2022.10.22.513328
V252A,1.6364,1.43401,2.479900544192241,Neutral,Uncertain,9.4,,,,clinvar,,False,9.4,,,,neutral,neutral,neutral,DOWN,neutral,neutral,neutral,648791,Uncertain significance,2,95.66,H,-0.196,1.649,-21.6051,loss_of_function,-5.36051987782664,0.5032571808802094,Uncertain,0.8815,pathogenic,https://doi.org/10.1101/2022.10.22.513328
V252I,-1.42609,-0.55884,0.3089610173483137,Neutral,Neutral,9.4,,,,clinvar,,False,9.4,,,,neutral,neutral,neutral,UP,neutral,neutral,neutral,944749,Uncertain significance,1,95.66,H,-0.0322,1.649,-2.1276,loss_of_function,-0.427404764150228,8.318075738223955e-05,Benign,0.1007,benign,https://doi.org/10.1101/2022.10.22.513328
G254V,2.6023,-0.28537,-0.1645853911979433,Uncertain,Uncertain,29.7,,,,clinvar,,False,29.7,,,,neutral,neutral,neutral,UP,neutral,neutral,neutral,1036232,Uncertain significance,1,92.23,H,-0.1529,2.3855,-3.0184,loss_of_function,-1.32331918701415,1.4581288786490765e-11,Benign,0.2789,benign,https://doi.org/10.1101/2022.10.22.513328
I255L,-0.12491,0.79762,1.4770220359691546,Neutral,Neutral,0.2,,,,clinvar,,False,0.2,,,,neutral,neutral,neutral,-,uncertain,uncertain,uncertain,1010179,Uncertain significance,2,94.53,H,-0.192,0.3495,-5.1338,loss_of_function,-0.308304751913444,0.4703956841995623,Uncertain,0.6247,pathogenic,https://doi.org/10.1101/2022.10.22.513328
I255V,1.31075,1.16497,1.9269935344781688,Neutral,Neutral,0.2,,,,clinvar,,False,0.2,,,,neutral,neutral,neutral,DOWN,neutral,neutral,neutral,963458,Uncertain significance,1,94.53,H,-0.1632,0.3495,-7.3037,loss_of_function,-0.522053069462495,0.6717512637032873,Uncertain,0.5162,ambiguous,https://doi.org/10.1101/2022.10.22.513328
S256F,-0.80617,1.22857,-1.1325340768213343,Neutral,Neutral,29.0,,,,clinvar,,False,29.0,,,,uncertain,,,UP,neutral,neutral,neutral,2099302,Uncertain significance,1,93.79,H,-0.2571,1.0653,-21.5731,loss_of_function,-4.12621206195481,0.8519795376718359,Pathogenic,0.7936,pathogenic,https://doi.org/10.1101/2022.10.22.513328
N257D,0.18024,-0.52721,0.5094424994416119,Neutral,Neutral,21.8,,,,clinvar,,False,21.8,,,,neutral,neutral,neutral,-,uncertain,uncertain,uncertain,1496534,Uncertain significance,1,90.43,H,-0.038,2.0781,-2.075,loss_of_function,-0.669331099291446,1.64067496444733e-10,Benign,0.142,benign,https://doi.org/10.1101/2022.10.22.513328
N257H,0.37464,-0.49558,-0.1570074528167109,Neutral,Neutral,21.8,,,,clinvar,,False,21.8,,,,neutral,neutral,neutral,UP,neutral,neutral,neutral,1046447,Uncertain significance,1,90.43,H,-0.1394,2.0781,-21.5915,loss_of_function,-3.70028700483673,0.0734766271505178,Benign,0.0951,benign,https://doi.org/10.1101/2022.10.22.513328
N257I,0.59834,-0.42551,-0.8720938705849146,Neutral,Neutral,21.8,,,,clinvar,,False,21.8,,,,neutral,neutral,neutral,UP,neutral,neutral,neutral,653680,Conflicting interpretations of pathogenicity,1,90.43,H,-0.1846,2.0781,-21.5915,loss_of_function,-1.73046653083203,0.0504574551822561,Benign,0.2546,benign,https://doi.org/10.1101/2022.10.22.513328
N257S,0.15724,0.42347,0.899503866490576,Neutral,Neutral,21.8,0.0003184916236703,0.0004534101213866,0.134,"COSMIC,clinvar",,False,21.8,,,,neutral,neutral,neutral,DOWN,neutral,neutral,neutral,696981,Benign,2,90.43,H,-0.0086,2.0781,-2.8444,loss_of_function,-0.749049033335369,1.0257328164652972e-05,Benign,0.061,benign,https://doi.org/10.1101/2022.10.22.513328
N257T,0.40276,-0.41735,0.2159614756657174,Neutral,Neutral,21.8,,,,clinvar,,False,21.8,,,,neutral,neutral,neutral,-,uncertain,uncertain,uncertain,1061409,Uncertain significance,1,90.43,H,-0.0861,2.0781,-8.3036,loss_of_function,-1.3103135094334,0.0007834742797452,Benign,0.1023,benign,https://doi.org/10.1101/2022.10.22.513328
A258E,11.89876,11.47245,6.67019673077689,Destabilizing,Destabilizing,0.0,,,,clinvar,,False,0.0,,,,neutral,neutral,neutral,UP,neutral,neutral,neutral,1760384,Uncertain significance,1,91.22,H,-0.1829,1.6736,-8.3036,loss_of_function,-4.80871827332643,0.2091187817507751,Benign,0.9712,pathogenic,https://doi.org/10.1101/2022.10.22.513328
A258K,9.90629,14.69932,9.15976314625595,Destabilizing,Destabilizing,0.0,,,,clinvar,,False,0.0,,,,neutral,neutral,neutral,UP,neutral,neutral,neutral,1760315,Uncertain significance,1,91.22,H,-0.1875,1.6736,-8.3036,loss_of_function,-4.63019128550141,0.0747884307673611,Benign,0.9913,pathogenic,https://doi.org/10.1101/2022.10.22.513328
A258T,3.8346,4.09354,2.643259333493924,Destabilizing,Uncertain,0.0,,,,clinvar,,False,0.0,,,,neutral,neutral,neutral,UP,neutral,neutral,neutral,648532,Uncertain significance,2,91.22,H,-0.0692,1.6736,-4.9818,loss_of_function,-0.286131385175637,7.133873140087748e-07,Benign,0.2818,benign,https://doi.org/10.1101/2022.10.22.513328
A259P,7.73122,9.06667,8.817042849361048,Destabilizing,Destabilizing,0.0,,,,clinvar,,False,0.0,,,,neutral,neutral,neutral,UP,neutral,neutral,neutral,2448335,Uncertain significance,1,91.14,H,-0.316,1.551,-21.5869,loss_of_function,-5.40048057528685,0.5374919417673186,Uncertain,0.9981,pathogenic,https://doi.org/10.1101/2022.10.22.513328
A259S,0.71469,1.73639,2.188969556732681,Neutral,Uncertain,0.0,,,0.299,cBioPortal,,False,0.0,,,,neutral,neutral,neutral,-,uncertain,uncertain,uncertain,,,,91.14,H,-0.0634,1.551,-2.8074,loss_of_function,-0.657417046798869,1.0524711086969683e-05,Benign,0.4906,ambiguous,https://doi.org/10.1101/2022.10.22.513328
A259V,0.41637,1.22823,0.9568898153831732,Neutral,Neutral,0.0,,,,clinvar,,False,0.0,,,,neutral,neutral,neutral,UP,neutral,neutral,neutral,1524208,Uncertain significance,2,91.14,H,-0.0775,1.551,-4.9773,loss_of_function,-1.53454432396547,1.3588198874150749e-05,Benign,0.7093,pathogenic,https://doi.org/10.1101/2022.10.22.513328
Q260H,5.87501,3.99082,2.048838331960583,Destabilizing,Uncertain,2.7,,,,clinvar,,True,2.7,,,,neutral,neutral,neutral,UP,neutral,neutral,neutral,1408129,Uncertain significance,1,87.66,H,-0.2164,0.883,-21.5869,loss_of_function,-2.96440730899388,0.8472533372666664,Pathogenic,0.9733,pathogenic,https://doi.org/10.1101/2022.10.22.513328
Q260R,0.70678,3.82381,1.9918284073018755,Uncertain,Neutral,2.7,,,,clinvar,,True,2.7,,,,neutral,neutral,neutral,UP,neutral,neutral,neutral,937553,Uncertain significance,2,87.66,H,-0.166,0.883,-5.7142,loss_of_function,-1.55942355169239,0.0167880445658884,Benign,0.7592,pathogenic,https://doi.org/10.1101/2022.10.22.513328
A261T,2.11854,1.52177,-0.0374210746358549,Uncertain,Uncertain,10.0,,,0.206,"cBioPortal,COSMIC",,True,10.0,,,,neutral,neutral,neutral,UP,neutral,neutral,neutral,,,,77.75,T,-0.1728,1.4679,-21.5823,loss_of_function,-2.9642943597791,0.0297889796451205,Benign,0.7964,pathogenic,https://doi.org/10.1101/2022.10.22.513328
T262A,-0.06037,0.70578,0.5932542950025351,Neutral,Neutral,23.5,,,,clinvar,,True,23.5,,,,uncertain,,,DOWN,neutral,neutral,neutral,1420465,Uncertain significance,2,68.65,-,0.0107,2.6849,-5.29,gain_of_function,-0.0131192393355895,0.0021109026922113,Benign,0.0942,benign,https://doi.org/10.1101/2022.10.22.513328
T262S,0.64528,0.88639,0.8399622537336773,Neutral,Neutral,23.5,,,,clinvar,,True,23.5,,,,neutral,,,DOWN,neutral,neutral,neutral,1719247,Uncertain significance,1,68.65,-,0.0506,2.6849,-4.5896,gain_of_function,-0.248097544110159,2.853101065115483e-07,Benign,0.116,benign,https://doi.org/10.1101/2022.10.22.513328
A263T,-0.25955,-0.02211,0.0640397300762934,Neutral,Neutral,93.3,,,0.061,cBioPortal,,True,93.3,,,,neutral,neutral,neutral,UP,neutral,neutral,neutral,,,,55.81,-,0.0283,2.7266,-4.8679,gain_of_function,-0.0022590096070941,1.3198083484761536e-07,Benign,0.0702,benign,https://doi.org/10.1101/2022.10.22.513328
A263V,-0.24435,0.45238,-0.3011170524162365,Neutral,Neutral,93.3,,,,clinvar,,True,93.3,,,,neutral,neutral,neutral,UP,neutral,neutral,neutral,1024691,Uncertain significance,1,55.81,-,0.0261,2.7266,-5.8679,gain_of_function,-0.701676019226705,0.0002401942654197,Benign,0.0895,benign,https://doi.org/10.1101/2022.10.22.513328
S264L,-0.65837,0.56565,-0.1199322744713238,Neutral,Neutral,22.2,,3.9771235851e-06,0.159,"cBioPortal,COSMIC",P,True,22.2,1.724,,,damaging,neutral,potentially_damaging,UP,neutral,neutral,neutral,,,,49.74,-,-0.0116,2.9292,-7.1898,loss_of_function,-0.960188090874974,3.138932123554501e-07,Benign,0.0861,benign,https://doi.org/10.1101/2022.10.22.513328
D265E,-0.76005,-0.10918,-0.2405631689006038,Neutral,Neutral,122.8,,,,clinvar,,True,122.8,,,,neutral,neutral,neutral,UP,neutral,neutral,neutral,"827357, 646025","Uncertain significance, Conflicting interpretations of pathogenicity","2, 1",45.73,H,0.1141,3.373,-3.1699,gain_of_function,-0.0013903556065408,5.760166328146934e-11,Benign,0.0738,benign,https://doi.org/10.1101/2022.10.22.513328
D265G,-0.15377,0.57075,0.4716897419129201,Neutral,Neutral,122.8,,,,clinvar,,True,122.8,,,,neutral,neutral,neutral,DOWN,neutral,neutral,neutral,1462520,Uncertain significance,1,45.73,H,0.0425,3.373,-4.2143,gain_of_function,-0.24108896932115,1.0126906929796496e-10,Benign,0.0982,benign,https://doi.org/10.1101/2022.10.22.513328
D265H,0.05705,0.53435,-0.2751194888139679,Neutral,Neutral,122.8,,,0.196,cBioPortal,,True,122.8,,,,neutral,neutral,neutral,UP,neutral,neutral,neutral,,,,45.73,H,0.0341,3.373,-6.2143,gain_of_function,-0.698646822380671,4.6078276694473374e-09,Benign,0.2286,benign,https://doi.org/10.1101/2022.10.22.513328
D265Y,-0.2982,0.62823,0.092586247332152,Neutral,Neutral,122.8,,,,clinvar,,True,122.8,,,,neutral,neutral,neutral,UP,neutral,neutral,neutral,851888,Uncertain significance,2,45.73,H,-0.0796,3.373,-21.502,loss_of_function,-1.21253449598851,1.2914767986197456e-06,Benign,0.2386,benign,https://doi.org/10.1101/2022.10.22.513328
D266E,-0.12451,-0.1051,0.0609461114906256,Neutral,Neutral,97.1,,,,clinvar,,True,97.1,,,,neutral,neutral,neutral,UP,neutral,neutral,neutral,1719958,Uncertain significance,1,44.85,H,0.053,2.6908,-2.8273,gain_of_function,-0.0115241832021408,2.835249617144137e-10,Benign,0.0784,benign,https://doi.org/10.1101/2022.10.22.513328
D266H,0.45081,0.06837,-0.0668294841371713,Neutral,Neutral,97.1,,,,clinvar,,True,97.1,,,,neutral,neutral,neutral,UP,neutral,neutral,neutral,2134730,Uncertain significance,1,44.85,H,-0.0306,2.6908,-6.5999,loss_of_function,-1.98198213452372,4.440055849249249e-06,Benign,0.2258,benign,https://doi.org/10.1101/2022.10.22.513328
D266N,0.15591,0.14354,0.3636585151184218,Neutral,Neutral,97.1,,,0.116,"cBioPortal,COSMIC,clinvar",,True,97.1,,,,neutral,neutral,neutral,-,uncertain,uncertain,uncertain,856979,Uncertain significance,2,44.85,H,0.026,2.6908,-3.8629,gain_of_function,-0.428843421693854,4.2684924842033015e-08,Benign,0.0921,benign,https://doi.org/10.1101/2022.10.22.513328
A267T,-0.24214,0.27619,0.5647034908566667,Neutral,Neutral,25.2,,,0.064,cBioPortal,,False,25.2,,,,neutral,neutral,neutral,UP,neutral,neutral,neutral,,,,38.67,H,0.0652,3.0936,-4.2479,gain_of_function,-0.0006328770769239,1.7681387415452509e-06,Benign,0.0599,benign,https://doi.org/10.1101/2022.10.22.513328
A267V,0.36005,-0.12211,-0.0671583918965301,Neutral,Neutral,25.2,,,,clinvar,,False,25.2,,,,neutral,neutral,neutral,UP,neutral,neutral,neutral,1483211,Uncertain significance,1,38.67,H,0.073,3.0936,-3.3004,gain_of_function,-0.144922402168089,1.7519502890726782e-08,Benign,0.0664,benign,https://doi.org/10.1101/2022.10.22.513328
S268L,0.38605,-0.35646,-0.5460550405467024,Neutral,Neutral,87.1,,,0.051,"cBioPortal,COSMIC",P,False,87.1,1.324,,,damaging,neutral,uncertain,UP,neutral,neutral,neutral,,,,36.35,H,0.0517,3.4927,-4.949,gain_of_function,-0.379029593545193,,,0.0639,benign,https://doi.org/10.1101/2022.10.22.513328
Q269R,-0.16353,-0.62959,-0.568742180139804,Neutral,Neutral,89.6,,,,clinvar,,False,89.6,,,,neutral,neutral,neutral,UP,neutral,neutral,neutral,1364218,Uncertain significance,1,40.15,H,0.0838,3.56,-5.0248,gain_of_function,-0.29203835520428,,,0.1009,benign,https://doi.org/10.1101/2022.10.22.513328
H270Y,-1.19824,0.02687,0.0436751110710975,Neutral,Neutral,74.7,,,,clinvar,,False,74.7,,,,neutral,neutral,neutral,UP,neutral,neutral,neutral,660007,Uncertain significance,2,39.93,H,0.1123,3.1422,-4.1933,gain_of_function,-1.04228265618031,0.005215562264391,Benign,0.0795,benign,https://doi.org/10.1101/2022.10.22.513328
Q271H,0.15952,0.94966,-0.3064604383842162,Neutral,Neutral,62.7,,,0.060,"cBioPortal,COSMIC",,False,62.7,,,,neutral,neutral,neutral,UP,neutral,neutral,neutral,,,,37.85,H,0.0949,3.327,-4.6487,gain_of_function,-0.258981285438879,2.259521602631892e-09,Benign,0.0817,benign,https://doi.org/10.1101/2022.10.22.513328
Q271R,-0.42692,1.23469,-0.4479905110190685,Neutral,Neutral,62.7,,,,clinvar,,False,62.7,,,,neutral,neutral,neutral,UP,neutral,neutral,neutral,1762109,Uncertain significance,1,37.85,H,0.0622,3.327,-5.0637,gain_of_function,-1.39210597498618,7.1607613284374826e-12,Benign,0.1105,benign,https://doi.org/10.1101/2022.10.22.513328
G272D,0.28413,-0.93741,-0.0695324134977087,Neutral,Neutral,108.1,,,,clinvar,,False,108.1,,,,neutral,neutral,neutral,UP,neutral,neutral,neutral,1413042,Uncertain significance,2,36.45,S,-0.0379,3.4868,-5.534,loss_of_function,-0.454779355018774,6.798659963748212e-10,Benign,0.2141,benign,https://doi.org/10.1101/2022.10.22.513328
G272S,0.17528,-1.05952,-0.0666750246355962,Neutral,Neutral,108.1,,,,clinvar,,False,108.1,,,,neutral,neutral,neutral,UP,neutral,neutral,neutral,951701,Uncertain significance,2,36.45,S,0.0177,3.4868,-5.3116,gain_of_function,-0.0588348766376765,1.5972245319577574e-10,Benign,0.0759,benign,https://doi.org/10.1101/2022.10.22.513328
G273E,-0.30922,-0.12075,1.3739557793489283,Neutral,Neutral,78.8,,,,clinvar,,False,78.8,,,,neutral,neutral,neutral,UP,neutral,neutral,neutral,952717,Uncertain significance,1,41.56,-,-0.0463,3.2491,-3.0337,loss_of_function,-0.297070422686436,1.3401187965684759e-17,Benign,0.2053,benign,https://doi.org/10.1101/2022.10.22.513328
G275E,1.15758,0.69422,0.3485952409908976,Neutral,Neutral,31.0,,,,clinvar,,False,31.0,,,,neutral,neutral,neutral,UP,neutral,neutral,neutral,1435581,Uncertain significance,1,57.79,S,-0.0984,2.8618,-6.2621,loss_of_function,-0.849803252609786,2.4959964555693895e-05,Benign,0.432,ambiguous,https://doi.org/10.1101/2022.10.22.513328
G275K,0.14125,1.36122,-0.1218830526319064,Neutral,Neutral,31.0,,,,"cBioPortal,COSMIC",,False,31.0,,,,neutral,neutral,neutral,UP,neutral,neutral,neutral,,,,57.79,S,-0.1364,2.8618,-7.262,loss_of_function,-0.970672117032509,4.614287530742091e-10,Benign,0.7008,pathogenic,https://doi.org/10.1101/2022.10.22.513328
G275R,0.61522,0.81497,-0.768672582587106,Neutral,Neutral,31.0,,,,clinvar,,False,31.0,,,,neutral,neutral,neutral,UP,neutral,neutral,neutral,853213,Uncertain significance,1,57.79,S,-0.1154,2.8618,-6.2621,loss_of_function,-0.671753844464049,1.6735778658248428e-07,Benign,0.5783,pathogenic,https://doi.org/10.1101/2022.10.22.513328
G276R,47.48602,10.82687,5.025261080636416,Destabilizing,Destabilizing,0.0,,,,clinvar,,False,0.0,,,,neutral,neutral,neutral,UP,neutral,neutral,neutral,1476525,Uncertain significance,1,74.17,-,-0.3116,0.8332,-8.1343,loss_of_function,-5.23114399241192,0.880856630991701,Pathogenic,0.9788,pathogenic,https://doi.org/10.1101/2022.10.22.513328
L278Q,2.21436,2.18469,1.829476731352618,Uncertain,Uncertain,12.5,,,0.657,cBioPortal,,False,12.5,,,,neutral,neutral,neutral,DOWN,neutral,neutral,neutral,,,,89.65,H,-0.4062,0.3348,-21.5961,loss_of_function,-6.17918728409675,0.8190506945076252,Pathogenic,0.9986,pathogenic,https://doi.org/10.1101/2022.10.22.513328
Y280C,1.16793,0.70136,1.7562505495810743,Neutral,Neutral,80.1,,,,clinvar,P,False,80.1,0.167,,,damaging,neutral,uncertain,DOWN,neutral,neutral,neutral,951618,Conflicting interpretations of pathogenicity,1,88.02,H,-0.1035,2.6085,-6.7279,loss_of_function,0.0462553214735949,4.7019756034778254e-06,Benign,0.0931,benign,https://doi.org/10.1101/2022.10.22.513328
Y280F,-0.12905,-0.1034,0.1975422113587449,Neutral,Neutral,80.1,,,,clinvar,P,False,80.1,0.167,,,damaging,neutral,uncertain,-,uncertain,uncertain,uncertain,2563269,Uncertain significance,1,88.02,H,0.0317,2.6085,-6.3129,gain_of_function,-0.126603546486617,1.449090304257732e-09,Benign,0.0599,benign,https://doi.org/10.1101/2022.10.22.513328
Y280H,0.74095,0.11429,0.6836263079645066,Neutral,Neutral,80.1,,,,clinvar,P,False,80.1,0.167,,,damaging,neutral,uncertain,DOWN,neutral,neutral,neutral,"1369870, 654435","Uncertain significance, Uncertain significance","1, 2",88.02,H,-0.0436,2.6085,-7.3128,loss_of_function,-0.665448337650496,3.975071313968877e-06,Benign,0.1909,benign,https://doi.org/10.1101/2022.10.22.513328
A281S,0.71513,0.88707,0.4958926711750622,Neutral,Neutral,41.0,,,0.358,COSMIC,,False,41.0,,,,neutral,neutral,neutral,-,uncertain,uncertain,uncertain,,,,91.11,H,-0.223,0.8603,-21.632,loss_of_function,-3.49721158850399,0.7819221921325797,Pathogenic,0.6066,pathogenic,https://doi.org/10.1101/2022.10.22.513328
A281T,1.74321,0.53197,0.1719274796359027,Neutral,Neutral,41.0,,,,clinvar,,False,41.0,,,,neutral,neutral,neutral,UP,neutral,neutral,neutral,1524533,Uncertain significance,1,91.11,H,-0.229,0.8603,-21.632,loss_of_function,-1.85193481154619,0.8950020283749476,Pathogenic,0.9658,pathogenic,https://doi.org/10.1101/2022.10.22.513328
A281V,0.93109,0.66054,-0.2186054477984722,Neutral,Neutral,41.0,,,,clinvar,,False,41.0,,,,neutral,neutral,neutral,UP,neutral,neutral,neutral,645376,Uncertain significance,1,91.11,H,-0.1464,0.8603,-6.0223,loss_of_function,-2.8624013197256,0.8759251531518879,Pathogenic,0.9712,pathogenic,https://doi.org/10.1101/2022.10.22.513328
L282F,0.71443,-0.67959,1.0518425791936905,Neutral,Neutral,0.5,,,,clinvar,,False,0.5,,,,neutral,neutral,neutral,UP,neutral,neutral,neutral,1519087,Uncertain significance,1,92.18,H,-0.2282,0.4421,-5.7638,loss_of_function,-2.78064064137615,0.0331186676535868,Benign,0.981,pathogenic,https://doi.org/10.1101/2022.10.22.513328
L282V,2.8819,1.82347,2.2654085146866554,Uncertain,Uncertain,0.5,,,,clinvar,,False,0.5,,,,neutral,neutral,neutral,DOWN,neutral,neutral,neutral,1420096,Uncertain significance,1,92.18,H,-0.2861,0.4421,-21.6364,loss_of_function,-3.50875658912628,0.8893308744447372,Pathogenic,0.9173,pathogenic,https://doi.org/10.1101/2022.10.22.513328
N283D,-0.05967,0.3432,0.4439003049151813,Neutral,Neutral,42.9,,,,clinvar,,False,42.9,,,,neutral,neutral,neutral,-,uncertain,uncertain,uncertain,843238,Uncertain significance,2,89.88,H,-0.1021,1.3219,-0.9956,loss_of_function,-0.886474111299408,7.57867701369713e-21,Benign,0.3251,benign,https://doi.org/10.1101/2022.10.22.513328
N283S,0.44405,0.82789,0.5640514605727115,Neutral,Neutral,42.9,,3.9902637564e-06,0.253,"cBioPortal,COSMIC,clinvar",,False,42.9,,,,neutral,neutral,neutral,DOWN,neutral,neutral,neutral,1057938,Uncertain significance,2,89.88,H,-0.0982,1.3219,-6.7681,loss_of_function,-1.82849944693619,0.0010978962432703,Benign,0.173,benign,https://doi.org/10.1101/2022.10.22.513328
N284D,-0.06241,-0.05986,0.120325535124442,Neutral,Neutral,34.7,,,,clinvar,,False,34.7,,,,neutral,neutral,neutral,-,uncertain,uncertain,uncertain,1463278,Uncertain significance,1,91.12,H,-0.0257,2.2079,-2.0044,loss_of_function,-0.177977776044927,7.105060508185495e-20,Benign,0.1919,benign,https://doi.org/10.1101/2022.10.22.513328
N284K,-0.67033,0.21463,-0.0161210557274993,Neutral,Neutral,34.7,,,,clinvar,,False,34.7,,,,neutral,neutral,neutral,UP,neutral,neutral,neutral,1415039,Uncertain significance,1,91.12,H,-0.0479,2.2079,-6.3619,loss_of_function,-2.6423738214014,1.1231213544904923e-11,Benign,0.4574,ambiguous,https://doi.org/10.1101/2022.10.22.513328
N284T,-0.1333,-1.11259,0.0883359386026894,Neutral,Neutral,34.7,,,0.085,cBioPortal,,False,34.7,,,,neutral,neutral,neutral,-,uncertain,uncertain,uncertain,,,,91.12,H,-0.0612,2.2079,-5.777,loss_of_function,-2.5775355548524,1.7059698964382137e-07,Benign,0.12,benign,https://doi.org/10.1101/2022.10.22.513328
F285L,1.72783,1.37143,1.86407751777044,Neutral,Neutral,0.8,,,,clinvar,,False,0.8,,,,neutral,neutral,neutral,DOWN,neutral,neutral,neutral,946033,Uncertain significance,1,94.24,H,-0.1817,0.787,-2.3978,loss_of_function,-0.736418109085546,9.573139092715579e-08,Benign,0.9638,pathogenic,https://doi.org/10.1101/2022.10.22.513328
F285S,5.72837,4.97925,4.81355108281033,Destabilizing,Destabilizing,0.8,,,,clinvar,,False,0.8,,,,neutral,neutral,neutral,DOWN,neutral,neutral,neutral,1763821,Uncertain significance,1,94.24,H,-0.3529,0.787,-21.6628,loss_of_function,-5.5005882467398,0.8397839801773892,Pathogenic,0.9992,pathogenic,https://doi.org/10.1101/2022.10.22.513328
D286A,0.55773,-0.31259,0.1015678503351463,Neutral,Neutral,24.0,,,,clinvar,,False,24.0,,,,neutral,neutral,neutral,DOWN,neutral,neutral,neutral,1763901,Uncertain significance,1,92.4,H,-0.1429,1.4119,-7.375,loss_of_function,-2.71296921928235,0.5631388881695896,Uncertain,0.9905,pathogenic,https://doi.org/10.1101/2022.10.22.513328
D286E,-1.00392,0.44864,0.0148484615533905,Neutral,Neutral,24.0,,,,clinvar,,False,24.0,,,,neutral,neutral,neutral,UP,neutral,neutral,neutral,2153559,Uncertain significance,1,92.4,H,-0.0635,1.4119,-2.5937,loss_of_function,-0.545719328809735,1.041477259170867e-05,Benign,0.8242,pathogenic,https://doi.org/10.1101/2022.10.22.513328
D286H,1.58513,1.15,-0.0423852254197337,Neutral,Neutral,24.0,,,0.559,cBioPortal,,False,24.0,,,,neutral,neutral,neutral,UP,neutral,neutral,neutral,,,,92.4,H,-0.1522,1.4119,-7.375,loss_of_function,-3.94864534407839,0.6662509482030625,Uncertain,0.9938,pathogenic,https://doi.org/10.1101/2022.10.22.513328
Q288H,0.67847,0.25136,0.4328825081171777,Neutral,Neutral,38.1,,,,clinvar,,False,38.1,,,,neutral,neutral,neutral,UP,neutral,neutral,neutral,1764150,Uncertain significance,2,90.68,H,0.0476,2.8514,-5.3575,gain_of_function,-1.19429598933686,4.277193495205831e-06,Benign,0.4249,ambiguous,https://doi.org/10.1101/2022.10.22.513328
I289T,2.59102,1.79728,2.397454055091305,Uncertain,Uncertain,0.0,,,0.566,"cBioPortal,COSMIC",,False,0.0,,,,neutral,neutral,neutral,DOWN,neutral,neutral,neutral,,,,91.85,T,-0.1743,1.4503,-7.3663,loss_of_function,-1.74045620775813,0.0473972709160058,Benign,0.9767,pathogenic,https://doi.org/10.1101/2022.10.22.513328
I289V,1.44999,0.81429,0.760800466723889,Neutral,Neutral,0.0,,,,clinvar,,False,0.0,,,,neutral,neutral,neutral,DOWN,neutral,neutral,neutral,1064253,Uncertain significance,2,91.85,T,-0.039,1.4503,-2.8117,loss_of_function,-0.548496294646817,5.189404595622203e-08,Benign,0.1744,benign,https://doi.org/10.1101/2022.10.22.513328
I290T,0.68902,2.13163,1.2381361999257268,Uncertain,Neutral,39.7,,,,clinvar,,False,39.7,,,,neutral,neutral,neutral,DOWN,neutral,neutral,neutral,2060721,Uncertain significance,1,89.44,-,-0.0833,2.3515,-5.777,loss_of_function,-1.23625880040067,0.0009224208411032,Benign,0.2473,benign,https://doi.org/10.1101/2022.10.22.513328
D292E,0.21566,0.61803,0.1896352608278562,Neutral,Neutral,67.5,,,,clinvar,,False,67.5,,,,neutral,neutral,neutral,UP,neutral,neutral,neutral,2133322,Uncertain significance,1,83.91,-,-0.077,1.2841,-2.9401,loss_of_function,-0.265778476152831,1.8586870157453987e-05,Benign,0.3143,benign,https://doi.org/10.1101/2022.10.22.513328
D292N,0.51195,-0.10646,0.4106999051882787,Neutral,Neutral,67.5,,,,clinvar,,False,67.5,,,,neutral,neutral,neutral,-,uncertain,uncertain,uncertain,1764529,Uncertain significance,1,83.91,-,-0.103,1.2841,-3.7814,loss_of_function,-0.759235455595139,2.604013860539761e-06,Benign,0.2827,benign,https://doi.org/10.1101/2022.10.22.513328
D292V,0.24026,0.45544,0.3201347401345111,Neutral,Neutral,67.5,,,,clinvar,,False,67.5,,,,neutral,neutral,neutral,UP,neutral,neutral,neutral,1006126,Uncertain significance,1,83.91,-,-0.2746,1.2841,-21.654,loss_of_function,-3.89007331894734,0.6755913160957014,Uncertain,0.8523,pathogenic,https://doi.org/10.1101/2022.10.22.513328
P293L,5.72326,-0.27993,0.021353842536736,Uncertain,Uncertain,3.8,,,,clinvar,,False,3.8,,,,neutral,neutral,neutral,UP,neutral,neutral,neutral,966533,Uncertain significance,1,82.73,G,-0.3447,0.3126,-21.6584,loss_of_function,-6.03929046436285,0.8856643620669677,Pathogenic,0.9893,pathogenic,https://doi.org/10.1101/2022.10.22.513328
L294S,0.34567,0.47007,2.3028087666258648,Neutral,Uncertain,47.4,,,,clinvar,,False,47.4,,,,neutral,neutral,neutral,DOWN,neutral,neutral,neutral,1518445,Uncertain significance,1,82.04,G,-0.1462,2.2649,-3.559,loss_of_function,-0.519936383825949,0.0005894170501398,Benign,0.1499,benign,https://doi.org/10.1101/2022.10.22.513328
S295N,0.34213,-0.08231,-0.4315603089272085,Neutral,Neutral,63.0,,,,clinvar,P,False,63.0,0.558,,,damaging,neutral,uncertain,UP,neutral,neutral,neutral,2006341,Uncertain significance,1,84.25,G,0.0253,2.5858,-4.5633,gain_of_function,-0.321238792501508,6.380738455696376e-08,Benign,0.103,benign,https://doi.org/10.1101/2022.10.22.513328
S295R,-0.13261,0.0983,-0.5615600898997042,Neutral,Neutral,63.0,,,,clinvar,P,False,63.0,0.558,,,damaging,neutral,uncertain,UP,neutral,neutral,neutral,2442629,Uncertain significance,1,84.25,G,-0.0605,2.5858,-7.3706,loss_of_function,-1.52145586704934,0.0002059124657417,Benign,0.5699,pathogenic,https://doi.org/10.1101/2022.10.22.513328
F296V,3.06347,1.03946,3.2972254439933795,Uncertain,Destabilizing,4.5,,,0.298,cBioPortal,,False,4.5,,,,neutral,neutral,neutral,DOWN,neutral,neutral,neutral,,,,85.85,-,-0.1289,1.7466,-3.0444,loss_of_function,-1.62872593078786,3.4183878965081038e-09,Benign,0.921,pathogenic,https://doi.org/10.1101/2022.10.22.513328
S297R,-0.06881,-0.68265,-0.1094418168801092,Neutral,Neutral,60.6,,,,clinvar,P,False,60.6,-0.045,,,damaging,neutral,uncertain,UP,neutral,neutral,neutral,1357805,Uncertain significance,2,86.48,-,-0.0769,2.236,-4.2657,loss_of_function,-1.42441736330027,6.291069581181859e-08,Benign,0.832,pathogenic,https://doi.org/10.1101/2022.10.22.513328
E298K,0.4133,0.76054,1.149203157855263,Neutral,Neutral,38.6,,,0.351,"cBioPortal,clinvar",,False,38.6,,,,neutral,neutral,neutral,UP,neutral,neutral,neutral,643522,Uncertain significance,1,86.46,H,-0.1636,1.0002,-5.1832,loss_of_function,-2.50571288762244,0.6383207056454746,Uncertain,0.8958,pathogenic,https://doi.org/10.1101/2022.10.22.513328
E299A,1.11362,0.04592,0.6683596723187429,Neutral,Neutral,107.4,,,0.166,cBioPortal,,False,107.4,,,,neutral,neutral,neutral,DOWN,neutral,neutral,neutral,,,,87.65,H,0.0515,2.9453,-2.4136,gain_of_function,-0.450275663911994,2.2176626896645077e-09,Benign,0.1609,benign,https://doi.org/10.1101/2022.10.22.513328
E299D,0.54753,0.05646,0.3905907055472402,Neutral,Neutral,107.4,,,0.183,"cBioPortal,COSMIC,clinvar",,False,107.4,,,,neutral,neutral,neutral,DOWN,neutral,neutral,neutral,1765316,Uncertain significance,1,87.65,H,0.0717,2.9453,-5.1744,gain_of_function,-0.153948289773595,8.652282087905691e-07,Benign,0.1158,benign,https://doi.org/10.1101/2022.10.22.513328
E299G,1.43589,0.69966,1.2134115683431572,Neutral,Neutral,107.4,,,,clinvar,,False,107.4,,,,neutral,neutral,neutral,DOWN,neutral,neutral,neutral,1051105,Uncertain significance,2,87.65,H,0.0036,2.9453,-6.7593,gain_of_function,-1.71195832051669,1.1895650868442787e-07,Benign,0.2148,benign,https://doi.org/10.1101/2022.10.22.513328
R300C,0.67202,0.45374,1.177268881511851,Neutral,Neutral,82.2,3.1847133758e-05,1.59057109455e-05,0.299,"cBioPortal,clinvar",,False,82.2,,,,neutral,neutral,neutral,DOWN,neutral,neutral,neutral,822868,Uncertain significance,2,87.94,H,-0.1295,2.1978,-5.1876,loss_of_function,-1.1491127231331,0.1279633176549706,Benign,0.3517,ambiguous,https://doi.org/10.1101/2022.10.22.513328
R300H,0.3077,-0.10204,0.2271045229240315,Neutral,Neutral,82.2,,7.9528554728e-06,0.289,"cBioPortal,clinvar",,False,82.2,,,,neutral,neutral,neutral,DOWN,neutral,neutral,neutral,642287,Uncertain significance,2,87.94,H,-0.0883,2.1978,-4.7726,loss_of_function,-1.54536972164246,0.0003185595004696,Benign,0.1813,benign,https://doi.org/10.1101/2022.10.22.513328
R300L,0.53027,-0.47041,-0.1825000755469163,Neutral,Neutral,82.2,,,,clinvar,,False,82.2,,,,neutral,neutral,neutral,DOWN,neutral,neutral,neutral,1499284,Uncertain significance,2,87.94,H,-0.1249,2.1978,-5.5502,loss_of_function,-2.22156301499462,0.0225243815076323,Benign,0.4199,ambiguous,https://doi.org/10.1101/2022.10.22.513328
F301C,3.06461,2.51769,2.774775289948182,Uncertain,Uncertain,24.7,,,,clinvar,,False,24.7,,,,neutral,neutral,neutral,DOWN,neutral,neutral,neutral,971463,Uncertain significance,1,89.48,H,-0.1701,2.6551,-21.6453,loss_of_function,-2.47465226315678,3.973671249758855e-08,Benign,0.4873,ambiguous,https://doi.org/10.1101/2022.10.22.513328
P303S,2.22061,-2.45986,-0.3995429008371415,Uncertain,Uncertain,60.5,,,,clinvar,,False,60.5,,,,neutral,neutral,neutral,DOWN,neutral,neutral,neutral,1765698,Uncertain significance,1,93.88,H,-0.1819,0.7555,-7.3575,loss_of_function,-4.21650395236485,0.2742865752561775,Benign,0.8374,pathogenic,https://doi.org/10.1101/2022.10.22.513328
S304C,0.64643,0.41633,0.5448034420976396,Neutral,Neutral,51.7,,,,clinvar,P,False,51.7,1.174,,,damaging,neutral,uncertain,UP,neutral,neutral,neutral,1384890,Uncertain significance,1,93.43,H,-0.1069,1.6654,-8.3574,loss_of_function,-2.9315065580118,0.0833136194596965,Benign,0.2339,benign,https://doi.org/10.1101/2022.10.22.513328
S304F,0.70065,0.09966,-0.6308613893294013,Neutral,Neutral,51.7,,,,clinvar,P,False,51.7,1.174,,,damaging,neutral,uncertain,UP,neutral,neutral,neutral,1471707,Uncertain significance,2,93.43,H,-0.1294,1.6654,-7.3575,loss_of_function,-2.29400837074311,0.0942393766145645,Benign,0.4709,ambiguous,https://doi.org/10.1101/2022.10.22.513328
L305R,2.20483,3.65306,3.507353192603664,Uncertain,Uncertain,4.6,,,,clinvar,,False,4.6,,,,neutral,neutral,neutral,UP,neutral,neutral,neutral,1449430,Uncertain significance,1,94.95,H,-0.4766,0.218,-21.6497,loss_of_function,-6.15207887178627,0.8972814840284709,Pathogenic,0.995,pathogenic,https://doi.org/10.1101/2022.10.22.513328
E306V,-0.10115,0.67721,-0.1192665840802509,Neutral,Neutral,40.1,,,,clinvar,,False,40.1,,,,neutral,neutral,neutral,-,uncertain,uncertain,uncertain,1766060,Uncertain significance,1,96.81,H,-0.3177,0.1429,-21.6497,loss_of_function,-6.23079525873626,0.8750669797465996,Pathogenic,0.9986,pathogenic,https://doi.org/10.1101/2022.10.22.513328
E307K,-0.06148,-0.35578,-0.0893693571965564,Neutral,Neutral,93.4,,,,clinvar,,False,93.4,,,,neutral,neutral,neutral,UP,neutral,neutral,neutral,225128,Pathogenic,0,95.7,H,-0.1178,1.3622,-2.7472,loss_of_function,-1.52062484686592,3.487891435622072e-05,Benign,0.8971,pathogenic,https://doi.org/10.1101/2022.10.22.513328
R308C,0.78299,0.37109,1.9687682091673049,Neutral,Neutral,48.2,,,,clinvar,,False,48.2,,,,neutral,neutral,neutral,DOWN,neutral,neutral,neutral,695961,Benign/Likely benign,2,94.0,H,-0.2262,1.2672,-7.3619,loss_of_function,-2.66704253794753,0.1129172335661379,Benign,0.7825,pathogenic,https://doi.org/10.1101/2022.10.22.513328
R308H,-0.3226,0.66667,1.2159676670012256,Neutral,Neutral,48.2,,2.38576177373e-05,0.285,"COSMIC,clinvar",,False,48.2,,,,neutral,neutral,neutral,DOWN,neutral,neutral,neutral,646668,Uncertain significance,2,94.0,H,-0.1746,1.2672,-4.9025,loss_of_function,-2.71058469289366,0.4323587263317683,Uncertain,0.5897,pathogenic,https://doi.org/10.1101/2022.10.22.513328
E310K,-0.32941,0.75374,0.1239605075666405,Neutral,Neutral,54.3,,,,clinvar,,False,54.3,,,,neutral,neutral,neutral,UP,neutral,neutral,neutral,2006084,Uncertain significance,1,96.79,H,-0.2487,0.1962,-7.3619,loss_of_function,-6.21969289302549,0.8373809050776311,Pathogenic,0.9998,pathogenic,https://doi.org/10.1101/2022.10.22.513328
S311G,0.93647,0.73673,0.5583803111087793,Neutral,Neutral,81.5,,,0.231,"COSMIC,clinvar",P,False,81.5,0.509,,,damaging,neutral,uncertain,DOWN,neutral,neutral,neutral,656734,Uncertain significance,1,94.37,H,-0.0424,1.7126,-4.6615,loss_of_function,-2.27069760331012,3.137070750349778e-05,Benign,0.3139,benign,https://doi.org/10.1101/2022.10.22.513328
S311T,0.74301,-0.41497,-0.0214843635439837,Neutral,Neutral,81.5,,,,clinvar,P,False,81.5,0.509,,,neutral,neutral,uncertain,UP,neutral,neutral,neutral,1995450,Uncertain significance,1,94.37,H,-0.1106,1.7126,-21.6497,loss_of_function,-2.24336748548478,0.2454403110170126,Benign,0.675,pathogenic,https://doi.org/10.1101/2022.10.22.513328
I313F,2.47839,1.65986,1.0917231070980775,Uncertain,Uncertain,8.2,,,,clinvar,,False,8.2,,,,neutral,neutral,neutral,UP,neutral,neutral,neutral,1365108,Uncertain significance,1,95.59,H,-0.3267,0.6251,-21.6453,loss_of_function,-5.92643944525607,0.8854580090986439,Pathogenic,0.9995,pathogenic,https://doi.org/10.1101/2022.10.22.513328
I313V,1.33319,0.79524,0.9705217936893,Neutral,Neutral,8.2,,,,clinvar,,False,8.2,,,,neutral,neutral,neutral,DOWN,neutral,neutral,neutral,1017979,Uncertain significance,1,95.59,H,-0.1185,0.6251,-3.4996,loss_of_function,-1.13733707628615,0.0055593609915194,Benign,0.7828,pathogenic,https://doi.org/10.1101/2022.10.22.513328
G315E,-0.88862,-0.73197,0.2116694134097368,Neutral,Neutral,54.5,,,0.517,cBioPortal,,False,54.5,,,,neutral,neutral,neutral,UP,neutral,neutral,neutral,,,,91.38,H,-0.2932,0.8613,-8.3574,loss_of_function,-4.42840732650126,0.0275863138280337,Benign,0.9985,pathogenic,https://doi.org/10.1101/2022.10.22.513328
A316V,-0.3847,2.16259,0.8155030353899686,Uncertain,Neutral,0.0,,,,clinvar,,False,0.0,,,,neutral,neutral,neutral,UP,neutral,neutral,neutral,646113,Uncertain significance,1,93.75,H,-0.161,0.6553,-5.1876,loss_of_function,-2.25411051543616,0.4197273666702055,Uncertain,0.9956,pathogenic,https://doi.org/10.1101/2022.10.22.513328
A317S,0.1196,0.36803,0.956208531098493,Neutral,Neutral,60.0,,,,clinvar,,False,60.0,,,,neutral,neutral,neutral,-,uncertain,uncertain,uncertain,2448326,Uncertain significance,1,91.47,H,-0.2006,0.3127,-7.3575,loss_of_function,-2.63381710616516,0.7402250398377208,Pathogenic,0.9626,pathogenic,https://doi.org/10.1101/2022.10.22.513328
L318S,-0.11778,0.18639,0.9472954143066316,Neutral,Neutral,88.3,,,,clinvar,,False,88.3,,,,neutral,neutral,neutral,DOWN,neutral,neutral,neutral,225126,Pathogenic,0,89.62,H,-0.2692,1.0384,-5.5502,loss_of_function,-2.99253403571829,0.8032880137507918,Pathogenic,0.9972,pathogenic,https://doi.org/10.1101/2022.10.22.513328
M319K,2.1404,3.17959,2.8071224002664668,Uncertain,Uncertain,1.9,,,,clinvar,,False,1.9,,,,neutral,neutral,neutral,UP,neutral,neutral,neutral,1482912,Uncertain significance,1,90.36,H,-0.3424,1.2929,-21.6671,loss_of_function,-5.27632284815717,0.7117866951643848,Pathogenic,0.9983,pathogenic,https://doi.org/10.1101/2022.10.22.513328
M319L,0.32275,0.86633,0.0269906017024629,Neutral,Neutral,1.9,,,,clinvar,,False,1.9,,,,neutral,neutral,neutral,-,uncertain,uncertain,uncertain,1767372,Uncertain significance,1,90.36,H,-0.0654,1.2929,-2.335,loss_of_function,-1.09285673209901,1.2106124227343113e-07,Benign,0.6318,pathogenic,https://doi.org/10.1101/2022.10.22.513328
D321E,-0.29483,-0.36361,-0.251490605246526,Neutral,Neutral,80.3,,,,clinvar,,True,80.3,,,,neutral,neutral,neutral,UP,neutral,neutral,neutral,1767626,Uncertain significance,1,90.26,T,-0.2026,0.1332,-6.7944,loss_of_function,-2.72493157392668,0.177350658749157,Benign,0.9994,pathogenic,https://doi.org/10.1101/2022.10.22.513328
D321N,-1.02942,-0.75612,-0.2287761870758087,Neutral,Neutral,80.3,,,,clinvar,,True,80.3,,,,neutral,neutral,neutral,-,uncertain,uncertain,uncertain,943415,Uncertain significance,2,90.26,T,-0.3002,0.1332,-21.6671,loss_of_function,-3.73411500127338,0.8845805491418925,Pathogenic,0.9988,pathogenic,https://doi.org/10.1101/2022.10.22.513328
D321Y,-1.1355,-1.38299,-0.3361585732649763,Neutral,Neutral,80.3,,,0.668,"cBioPortal,COSMIC,clinvar",,True,80.3,,,,neutral,neutral,neutral,UP,neutral,neutral,neutral,2563276,Uncertain significance,1,90.26,T,-0.3785,0.1332,-21.6671,loss_of_function,-6.17305362850225,0.8922578617748813,Pathogenic,0.9997,pathogenic,https://doi.org/10.1101/2022.10.22.513328
S322L,-0.85694,0.27551,-0.7303227237261833,Neutral,Neutral,25.7,,,0.480,"cBioPortal,COSMIC,clinvar",,True,25.7,,,,uncertain,,,UP,neutral,neutral,neutral,437999,Conflicting interpretations of pathogenicity,1,88.78,S,-0.2048,0.8081,-6.7944,loss_of_function,-3.90784167534553,0.30655272218934,Benign,0.9878,pathogenic,https://doi.org/10.1101/2022.10.22.513328
S322P,3.98891,7.44048,4.600925405680658,Destabilizing,Destabilizing,25.7,,,0.492,cBioPortal,,True,25.7,,,,uncertain,,,UP,neutral,neutral,neutral,,,,88.78,S,-0.3567,0.8081,-21.6671,loss_of_function,-5.00984329029297,0.8577423255232505,Pathogenic,0.9998,pathogenic,https://doi.org/10.1101/2022.10.22.513328
S323C,0.15818,0.99592,0.9590254193636883,Neutral,Neutral,97.1,,,,clinvar,P,True,97.1,0.138,,,damaging,neutral,potentially_damaging,UP,neutral,neutral,neutral,1502528,Uncertain significance,1,84.2,T,-0.1765,1.6473,-21.6671,loss_of_function,-2.71492234633764,0.7972403919258134,Pathogenic,0.793,pathogenic,https://doi.org/10.1101/2022.10.22.513328
S323F,0.16874,0.11293,-0.5291534620810956,Neutral,Neutral,97.1,,,,clinvar,P,True,97.1,0.138,,,damaging,neutral,potentially_damaging,UP,neutral,neutral,neutral,2126812,Uncertain significance,1,84.2,T,-0.1244,1.6473,-6.0574,loss_of_function,-1.92907357749236,0.5691232146687487,Uncertain,0.938,pathogenic,https://doi.org/10.1101/2022.10.22.513328
S323P,-1.25161,-0.27925,1.3009977273048308,Neutral,Neutral,97.1,,,0.296,"cBioPortal,COSMIC,clinvar",P,True,97.1,0.138,,,damaging,neutral,potentially_damaging,UP,neutral,neutral,neutral,863761,Uncertain significance,1,84.2,T,-0.1922,1.6473,-4.572,loss_of_function,-1.99274794810191,0.0082731717060275,Benign,0.7993,pathogenic,https://doi.org/10.1101/2022.10.22.513328
C324R,-0.6942,-0.02483,0.3341526440928372,Neutral,Neutral,20.6,,,,clinvar,,True,20.6,,,,neutral,neutral,neutral,UP,neutral,neutral,neutral,1505833,Uncertain significance,1,86.29,T,-0.4507,0.9904,-21.6671,loss_of_function,-5.38230061208422,0.8763431425607516,Pathogenic,0.9982,pathogenic,https://doi.org/10.1101/2022.10.22.513328
C324Y,-0.98149,-1.14558,-0.4667317919114894,Neutral,Neutral,20.6,,,,clinvar,,True,20.6,,,,neutral,neutral,neutral,UP,neutral,neutral,neutral,2006572,Uncertain significance,1,86.29,T,-0.3259,0.9904,-6.7944,loss_of_function,-3.83384750777095,0.5953166006348659,Uncertain,0.9907,pathogenic,https://doi.org/10.1101/2022.10.22.513328
T325K,8.30952,8.00034,5.858333443347421,Destabilizing,Destabilizing,0.0,,,,clinvar,,True,0.0,,,,uncertain,,,UP,neutral,neutral,neutral,660355,Uncertain significance,1,89.74,S,-0.3927,0.112,-21.6671,loss_of_function,-6.22021283995842,0.8973886911045741,Pathogenic,0.9996,pathogenic,https://doi.org/10.1101/2022.10.22.513328
T325M,3.83003,1.72347,1.7653786706544183,Uncertain,Uncertain,0.0,,,0.407,"cBioPortal,clinvar",,True,0.0,,,,uncertain,,,UP,neutral,neutral,neutral,648677,Uncertain significance,1,89.74,S,-0.3543,0.112,-21.6671,loss_of_function,-5.99430231087032,0.8952720589330503,Pathogenic,0.9995,pathogenic,https://doi.org/10.1101/2022.10.22.513328
T325P,8.38964,5.97687,5.904335721238951,Destabilizing,Destabilizing,0.0,,,,clinvar,,True,0.0,,,,uncertain,,,-,uncertain,uncertain,uncertain,1478346,Uncertain significance,1,89.74,S,-0.4739,0.112,-21.6671,loss_of_function,-6.22021283995842,0.8888893651990568,Pathogenic,0.996,pathogenic,https://doi.org/10.1101/2022.10.22.513328
T325R,12.28566,8.91361,4.6576242745201375,Destabilizing,Destabilizing,0.0,,,,clinvar,,True,0.0,,,,uncertain,,,UP,neutral,neutral,neutral,1024048,Uncertain significance,2,89.74,S,-0.3277,0.112,-8.3792,loss_of_function,-6.22021283995842,0.8867838778296384,Pathogenic,0.9988,pathogenic,https://doi.org/10.1101/2022.10.22.513328
R326C,0.52371,1.56837,1.5306259165123732,Neutral,Neutral,31.0,,,0.441,"cBioPortal,clinvar",,True,31.0,,,,neutral,neutral,neutral,DOWN,neutral,neutral,neutral,2138421,Uncertain significance,1,90.87,-,-0.3128,0.3273,-7.3793,loss_of_function,-2.72273743852327,0.8978812923648083,Pathogenic,0.9993,pathogenic,https://doi.org/10.1101/2022.10.22.513328
R326H,0.23333,0.4068,0.6954584477085759,Neutral,Neutral,31.0,,3.9764909853e-06,0.350,"cBioPortal,clinvar",,True,31.0,,,,neutral,neutral,neutral,DOWN,neutral,neutral,neutral,952687,Uncertain significance,1,90.87,-,-0.2669,0.3273,-6.0574,loss_of_function,-3.34388374766591,0.8793767930727732,Pathogenic,0.997,pathogenic,https://doi.org/10.1101/2022.10.22.513328
R326L,0.14422,0.61054,0.229051573829308,Neutral,Neutral,31.0,,,0.506,COSMIC,,True,31.0,,,,neutral,neutral,neutral,DOWN,neutral,neutral,neutral,,,,90.87,-,-0.3793,0.3273,-21.6671,loss_of_function,-6.08084925820203,0.8901417682899274,Pathogenic,0.9994,pathogenic,https://doi.org/10.1101/2022.10.22.513328
R326S,0.27292,0.99728,1.2897918682079994,Neutral,Neutral,31.0,,,0.354,cBioPortal,,True,31.0,,,,neutral,neutral,neutral,DOWN,neutral,neutral,neutral,,,,90.87,-,-0.3774,0.3273,-21.6671,loss_of_function,-5.56795358426753,0.892115992076624,Pathogenic,0.9996,pathogenic,https://doi.org/10.1101/2022.10.22.513328
D327E,0.18872,-0.51156,-0.0912245624460306,Neutral,Neutral,86.5,,,,clinvar,,True,86.5,,,,neutral,neutral,neutral,UP,neutral,neutral,stabilizing,2064037,Uncertain significance,1,90.59,H,-0.1423,0.6909,-5.0531,loss_of_function,-1.3120603841754,0.0070693557103762,Benign,0.9403,pathogenic,https://doi.org/10.1101/2022.10.22.513328
D327G,2.00412,0.27279,0.8018887905654798,Uncertain,Uncertain,86.5,,,,clinvar,,True,86.5,,,,neutral,neutral,neutral,DOWN,neutral,neutral,neutral,1721857,Uncertain significance,1,90.59,H,-0.2255,0.6909,-8.3749,loss_of_function,-5.86927873955089,0.7574111421421225,Pathogenic,0.9763,pathogenic,https://doi.org/10.1101/2022.10.22.513328
D328G,0.51504,1.78537,1.1192440560361534,Neutral,Neutral,67.4,,,0.382,"cBioPortal,COSMIC",,True,67.4,,,,neutral,neutral,neutral,DOWN,neutral,neutral,neutral,,,,90.64,H,-0.1626,2.1119,-21.6628,loss_of_function,-4.3181713824494,0.0410582457569276,Benign,0.9382,pathogenic,https://doi.org/10.1101/2022.10.22.513328
D328H,-0.09111,1.15136,-0.155258454097979,Neutral,Neutral,67.4,,,,clinvar,,True,67.4,,,,neutral,neutral,neutral,UP,neutral,neutral,stabilizing,659693,Uncertain significance,2,90.64,H,-0.0929,2.1119,-8.3749,loss_of_function,-1.63788362567898,0.0996476722443089,Benign,0.9693,pathogenic,https://doi.org/10.1101/2022.10.22.513328
D328Y,-0.35513,1.06122,-0.2260440052043383,Neutral,Neutral,67.4,,,,clinvar,,True,67.4,,,,neutral,neutral,neutral,UP,neutral,neutral,stabilizing,841858,Uncertain significance,1,90.64,H,-0.1964,2.1119,-21.6628,loss_of_function,-3.10718796515118,0.2776091492613033,Benign,0.9533,pathogenic,https://doi.org/10.1101/2022.10.22.513328
R329C,2.47847,1.29796,2.2836258170012123,Uncertain,Uncertain,4.3,,,,clinvar,,True,4.3,,,,neutral,neutral,neutral,DOWN,neutral,neutral,neutral,651224,Uncertain significance,2,92.79,H,-0.2453,1.0605,-7.3663,loss_of_function,-1.98048489320474,0.751218331410203,Pathogenic,0.9833,pathogenic,https://doi.org/10.1101/2022.10.22.513328
R329G,3.06495,2.44592,3.0495652698206968,Uncertain,Destabilizing,4.3,,,0.371,cBioPortal,,True,4.3,,,,neutral,neutral,neutral,DOWN,neutral,neutral,neutral,,,,92.79,H,-0.3447,1.0605,-21.654,loss_of_function,-5.31045953887607,0.7365337236389488,Pathogenic,0.9945,pathogenic,https://doi.org/10.1101/2022.10.22.513328
R329H,1.46267,-0.0881,1.6459529489254077,Neutral,Neutral,4.3,,,,clinvar,,True,4.3,,,,neutral,neutral,neutral,DOWN,neutral,neutral,neutral,658505,Uncertain significance,2,92.79,H,-0.1814,1.0605,-2.5083,loss_of_function,-1.42392070988043,3.137070750349778e-05,Benign,0.93,pathogenic,https://doi.org/10.1101/2022.10.22.513328
R330C,2.76947,1.55408,2.061977837289955,Uncertain,Uncertain,36.2,,,0.497,"cBioPortal,COSMIC,clinvar",,False,36.2,,,,neutral,neutral,neutral,DOWN,neutral,neutral,neutral,1986710,Uncertain significance,1,93.99,H,-0.3465,0.7524,-21.6453,loss_of_function,-5.95629553383174,0.8848218006367705,Pathogenic,0.9992,pathogenic,https://doi.org/10.1101/2022.10.22.513328
R330G,3.08824,2.29864,2.7605730614447745,Uncertain,Uncertain,36.2,,,,clinvar,,False,36.2,,,,neutral,neutral,neutral,DOWN,neutral,neutral,neutral,2563268,Uncertain significance,1,93.99,H,-0.373,0.7524,-21.6453,loss_of_function,-5.95629553383174,0.8902449876648848,Pathogenic,0.998,pathogenic,https://doi.org/10.1101/2022.10.22.513328
R330H,2.3197,1.17347,1.46782527957678,Uncertain,Uncertain,36.2,,3.9765542362e-06,0.505,"cBioPortal,clinvar",,False,36.2,,,,neutral,neutral,neutral,DOWN,neutral,neutral,neutral,642396,Uncertain significance,2,93.99,H,-0.2252,0.7524,-5.5502,loss_of_function,-2.3530448716143,0.7337974162096291,Pathogenic,0.9964,pathogenic,https://doi.org/10.1101/2022.10.22.513328
E331D,0.42627,0.28435,0.2805736123072322,Neutral,Neutral,88.9,,,0.105,cBioPortal,,False,88.9,,,,neutral,neutral,neutral,DOWN,neutral,neutral,neutral,,,,94.29,H,-0.0845,1.188,-4.1096,loss_of_function,-1.0218538133801,9.940690299465585e-05,Benign,0.8275,pathogenic,https://doi.org/10.1101/2022.10.22.513328
R332G,1.16293,1.57279,2.234306050018219,Neutral,Uncertain,48.1,,,,clinvar,,False,48.1,,,,neutral,neutral,neutral,DOWN,neutral,neutral,neutral,2086662,Uncertain significance,2,94.5,H,-0.2899,0.9186,-8.3574,loss_of_function,-3.95690319772177,0.535477063590121,Uncertain,0.9185,pathogenic,https://doi.org/10.1101/2022.10.22.513328
R332L,-0.13911,-0.00442,0.2247724480598401,Neutral,Neutral,48.1,,,,clinvar,,False,48.1,,,,neutral,neutral,neutral,DOWN,neutral,neutral,neutral,1059456,Uncertain significance,2,94.5,H,-0.257,0.9186,-8.3574,loss_of_function,-3.50022909222176,0.3116371526509738,Benign,0.8908,pathogenic,https://doi.org/10.1101/2022.10.22.513328
R332Q,0.47183,0.03946,1.1970285265501257,Neutral,Neutral,48.1,,3.9765226105e-06,0.317,"COSMIC,clinvar",,False,48.1,,,,neutral,neutral,neutral,DOWN,neutral,neutral,neutral,665999,Uncertain significance,2,94.5,H,-0.2149,0.9186,-5.5502,loss_of_function,-2.31919864182543,0.0081539201042345,Benign,0.6266,pathogenic,https://doi.org/10.1101/2022.10.22.513328
I333T,2.91305,2.92381,3.342679907047116,Uncertain,Uncertain,0.7,,,,clinvar,,False,0.7,,,,neutral,neutral,neutral,DOWN,neutral,neutral,neutral,1366650,Uncertain significance,1,94.69,H,-0.3637,0.1845,-21.6453,loss_of_function,-6.21969289302549,0.8922377046852299,Pathogenic,0.9996,pathogenic,https://doi.org/10.1101/2022.10.22.513328
V334L,-1.03879,-1.0034,-0.1564840467166167,Neutral,Neutral,69.5,,,,clinvar,,False,69.5,,,,neutral,neutral,neutral,UP,neutral,neutral,neutral,1354309,Uncertain significance,1,95.55,H,-0.1808,1.0314,-7.3619,loss_of_function,-2.31995715593006,0.003401862109903,Benign,0.9973,pathogenic,https://doi.org/10.1101/2022.10.22.513328
V334M,-1.66668,-0.45,0.4103904585555701,Neutral,Neutral,69.5,,,,clinvar,,False,69.5,,,,neutral,neutral,neutral,UP,neutral,neutral,neutral,1040771,Uncertain significance,1,95.55,H,-0.195,1.0314,-8.3618,loss_of_function,-2.40013404262954,0.623787183170373,Uncertain,0.9985,pathogenic,https://doi.org/10.1101/2022.10.22.513328
A335S,0.1603,0.32143,0.470729670993194,Neutral,Neutral,77.1,,,,clinvar,,False,77.1,,,,neutral,neutral,neutral,-,uncertain,uncertain,uncertain,1436099,Uncertain significance,1,96.09,H,-0.087,1.4923,-6.3619,loss_of_function,-0.968673892937515,0.0416955044900465,Benign,0.1627,benign,https://doi.org/10.1101/2022.10.22.513328
A335T,0.95608,0.04422,0.1605365510638434,Neutral,Neutral,77.1,,,0.244,"cBioPortal,clinvar",,False,77.1,,,,neutral,neutral,neutral,UP,neutral,neutral,neutral,1775748,Uncertain significance,1,96.09,H,-0.0832,1.4923,-4.4551,loss_of_function,-1.16934247281949,5.706804081799751e-05,Benign,0.3277,benign,https://doi.org/10.1101/2022.10.22.513328
A335V,0.54042,0.18537,-0.1477131577514062,Neutral,Neutral,77.1,,,,clinvar,,False,77.1,,,,neutral,neutral,neutral,UP,neutral,neutral,neutral,1017798,Uncertain significance,1,96.09,H,-0.0951,1.4923,-7.3619,loss_of_function,-2.67407648026918,0.3120576022122361,Benign,0.5762,pathogenic,https://doi.org/10.1101/2022.10.22.513328
E336D,0.7778,0.54082,1.5931449935930768,Neutral,Neutral,17.5,,,,clinvar,,False,17.5,,,,neutral,neutral,neutral,DOWN,neutral,neutral,neutral,1021082,Uncertain significance,1,96.67,H,-0.2312,0.5674,-21.6671,loss_of_function,-3.35590078088717,0.8674891750009156,Pathogenic,0.9877,pathogenic,https://doi.org/10.1101/2022.10.22.513328
E336G,0.6572,1.81837,2.807169259556531,Neutral,Uncertain,17.5,,,,clinvar,,False,17.5,,,,neutral,neutral,neutral,DOWN,neutral,neutral,neutral,1355997,Uncertain significance,1,96.67,H,-0.2091,0.5674,-5.572,loss_of_function,-3.68243511527814,0.1368754474352294,Benign,0.8924,pathogenic,https://doi.org/10.1101/2022.10.22.513328
V340I,1.27544,0.27483,0.7251632875327169,Neutral,Neutral,1.1,,,,clinvar,,False,1.1,,,,neutral,neutral,neutral,UP,neutral,neutral,neutral,1499357,Uncertain significance,1,97.2,H,-0.0885,1.0744,-2.7987,loss_of_function,-1.26740937962101,0.0256740073625292,Benign,0.4335,ambiguous,https://doi.org/10.1101/2022.10.22.513328
V340L,-0.01437,1.07041,0.511088562529767,Neutral,Neutral,1.1,,,,clinvar,,False,1.1,,,,neutral,neutral,neutral,UP,neutral,neutral,neutral,1015164,Uncertain significance,1,97.2,H,-0.1568,1.0744,-3.4295,loss_of_function,-1.98213475746065,0.0272410587350827,Benign,0.9522,pathogenic,https://doi.org/10.1101/2022.10.22.513328
R341C,1.42069,2.13027,1.9762535083134103,Uncertain,Neutral,42.2,,,,clinvar,,False,42.2,,,,neutral,neutral,neutral,DOWN,neutral,neutral,neutral,864468,Uncertain significance,2,97.32,H,-0.3826,0.3613,-21.6714,loss_of_function,-6.11612986742484,0.8971871040835414,Pathogenic,0.9996,pathogenic,https://doi.org/10.1101/2022.10.22.513328
R341H,1.06995,1.76259,0.9987919008948598,Neutral,Neutral,42.2,,,0.545,"cBioPortal,clinvar",,False,42.2,,,,neutral,neutral,neutral,DOWN,neutral,neutral,neutral,652539,Uncertain significance,2,97.32,H,-0.2676,0.3613,-6.7987,loss_of_function,-5.89396233311177,0.8869966774262845,Pathogenic,0.9993,pathogenic,https://doi.org/10.1101/2022.10.22.513328
R341S,1.3801,2.37483,1.958432959102536,Uncertain,Neutral,42.2,,,0.429,"cBioPortal,COSMIC",,False,42.2,,,,neutral,neutral,neutral,DOWN,neutral,neutral,neutral,,,,97.32,H,-0.3065,0.3613,-8.3836,loss_of_function,-6.11612986742484,0.8932230418612308,Pathogenic,0.9999,pathogenic,https://doi.org/10.1101/2022.10.22.513328
Q342L,0.26736,0.25544,-0.6149063070164351,Neutral,Neutral,72.4,,,0.433,cBioPortal,,False,72.4,,,,neutral,neutral,neutral,UP,neutral,neutral,neutral,,,,97.7,H,-0.2133,0.3785,-8.3836,loss_of_function,-5.8122441691664,0.7937074118317133,Pathogenic,0.8762,pathogenic,https://doi.org/10.1101/2022.10.22.513328
Q342R,-0.22891,0.53537,-0.2781037448030954,Neutral,Neutral,72.4,,,,clinvar,,False,72.4,,,,neutral,neutral,neutral,UP,neutral,neutral,neutral,647063,Uncertain significance,1,97.7,H,-0.2209,0.3785,-7.3836,loss_of_function,-4.58029500364155,0.813949358894692,Pathogenic,0.9617,pathogenic,https://doi.org/10.1101/2022.10.22.513328
A343P,4.64527,10.18673,8.349616033032145,Destabilizing,Destabilizing,0.7,,,0.701,"cBioPortal,COSMIC",,False,0.7,,,,neutral,neutral,neutral,UP,neutral,neutral,neutral,,,,97.32,H,-0.3571,0.3723,-8.3879,loss_of_function,-6.06880676100024,0.8889368482136859,Pathogenic,0.9998,pathogenic,https://doi.org/10.1101/2022.10.22.513328
A343S,1.96459,1.5449,1.8385093062597115,Neutral,Neutral,0.7,,,,clinvar,,False,0.7,,,,neutral,neutral,neutral,-,uncertain,uncertain,uncertain,1367293,Uncertain significance,1,97.32,H,-0.1953,0.3723,-7.388,loss_of_function,-3.67177199791301,0.8417161504138699,Pathogenic,0.3724,ambiguous,https://doi.org/10.1101/2022.10.22.513328
A343T,2.19906,1.10918,1.2220736958418903,Uncertain,Uncertain,0.7,,,0.343,"cBioPortal,COSMIC,clinvar",,False,0.7,,,,neutral,neutral,neutral,UP,neutral,neutral,neutral,1501588,Uncertain significance,1,97.32,H,-0.1982,0.3723,-6.803,loss_of_function,-1.52012603896059,0.5608070786591024,Uncertain,0.9263,pathogenic,https://doi.org/10.1101/2022.10.22.513328
L344V,3.47459,1.16361,1.5772142955158133,Uncertain,Uncertain,0.6,,,,clinvar,,False,0.6,,,,neutral,neutral,neutral,DOWN,neutral,neutral,neutral,1486851,Uncertain significance,1,97.38,H,-0.2485,0.1171,-8.3922,loss_of_function,-3.45912200755084,0.8976898281502593,Pathogenic,0.9708,pathogenic,https://doi.org/10.1101/2022.10.22.513328
D346E,-0.1668,0.36803,0.2968153109312826,Neutral,Neutral,40.3,,,,clinvar,,False,40.3,,,,neutral,neutral,neutral,UP,neutral,neutral,neutral,1773119,Uncertain significance,1,96.07,H,-0.1498,0.5638,-4.2267,loss_of_function,-0.964525975659713,0.0033964616928657,Benign,0.7952,pathogenic,https://doi.org/10.1101/2022.10.22.513328
D346N,0.85565,1.75714,0.6035409384889451,Neutral,Neutral,40.3,,,0.281,"cBioPortal,COSMIC,clinvar",,False,40.3,,,,neutral,neutral,neutral,-,uncertain,uncertain,uncertain,2563280,Uncertain significance,1,96.07,H,-0.1848,0.5638,-6.8116,loss_of_function,-2.5639999337462,0.5925596927478795,Uncertain,0.8783,pathogenic,https://doi.org/10.1101/2022.10.22.513328
L348P,6.0878,9.43401,8.04664486411036,Destabilizing,Destabilizing,0.2,,,0.773,COSMIC,,False,0.2,,,,neutral,neutral,neutral,DOWN,neutral,neutral,neutral,,,,93.87,H,-0.4742,0.2828,-21.7056,loss_of_function,-6.11885192200187,0.8976775021192207,Pathogenic,0.9998,pathogenic,https://doi.org/10.1101/2022.10.22.513328
S349L,-0.55791,-0.25068,-1.1005239889094691,Neutral,Neutral,69.2,,1.19359279388e-05,0.238,"cBioPortal,COSMIC,clinvar",,False,69.2,,,,uncertain,,,UP,neutral,neutral,neutral,845373,Uncertain significance,2,93.15,H,-0.1368,1.4816,-5.6147,loss_of_function,-2.4147543811058,0.2376570112952871,Benign,0.2654,benign,https://doi.org/10.1101/2022.10.22.513328
E350K,-1.10285,0.04456,0.1730792868065322,Neutral,Neutral,43.2,,,0.465,cBioPortal,,False,43.2,,,,neutral,neutral,neutral,UP,neutral,neutral,neutral,,,,93.08,H,-0.2086,0.6357,-7.422,loss_of_function,-4.51868759557428,0.1767119771475062,Benign,0.966,pathogenic,https://doi.org/10.1101/2022.10.22.513328
Y351N,5.70785,5.52177,4.164503657024598,Destabilizing,Destabilizing,1.4,,,,clinvar,,False,1.4,,,,uncertain,,,DOWN,neutral,neutral,neutral,1435163,Uncertain significance,1,91.88,H,-0.4071,0.3849,-21.7098,loss_of_function,-6.07983210166365,0.8949138055738383,Pathogenic,0.9928,pathogenic,https://doi.org/10.1101/2022.10.22.513328
M352I,0.68626,-0.54116,-0.0474163006903549,Neutral,Neutral,50.7,,,,clinvar,,False,50.7,,,,neutral,neutral,neutral,-,uncertain,uncertain,uncertain,2008546,Uncertain significance,1,88.56,H,-0.1176,1.2169,-4.7174,loss_of_function,-1.15173074106613,0.0033495504558925,Benign,0.7973,pathogenic,https://doi.org/10.1101/2022.10.22.513328
M352K,0.85134,-0.16565,0.4447947690218473,Neutral,Neutral,50.7,,,,clinvar,,False,50.7,,,,neutral,neutral,neutral,UP,neutral,neutral,neutral,1510322,Uncertain significance,1,88.56,H,-0.2818,1.2169,-8.4177,loss_of_function,-3.39179127183972,0.5034661304187809,Uncertain,0.7777,pathogenic,https://doi.org/10.1101/2022.10.22.513328
M352L,0.76604,-0.5932,-0.279722335923393,Neutral,Neutral,50.7,,,,clinvar,,False,50.7,,,,neutral,neutral,neutral,-,uncertain,uncertain,uncertain,"2563277, 2502012","Uncertain significance, Uncertain significance","1, 1",88.56,H,-0.0846,1.2169,-4.7174,loss_of_function,-0.437143864056349,0.0230722180236598,Benign,0.2857,benign,https://doi.org/10.1101/2022.10.22.513328
M352T,1.72331,0.23333,0.6322482487778464,Neutral,Neutral,50.7,,,0.388,"cBioPortal,COSMIC",,False,50.7,,,,neutral,neutral,neutral,DOWN,neutral,neutral,neutral,,,,88.56,H,-0.1903,1.2169,-8.4177,loss_of_function,-3.2930553798483,0.6344311123815404,Uncertain,0.673,pathogenic,https://doi.org/10.1101/2022.10.22.513328
M352V,1.31849,-0.51122,0.1490103193869779,Neutral,Neutral,50.7,,,,clinvar,,False,50.7,,,,neutral,neutral,neutral,DOWN,neutral,neutral,neutral,658509,Uncertain significance,1,88.56,H,-0.1583,1.2169,-6.4178,loss_of_function,-0.937086662278696,0.0025293021440171,Benign,0.2619,benign,https://doi.org/10.1101/2022.10.22.513328
G353C,0.12085,-0.28197,0.8585534505480774,Neutral,Neutral,107.0,,,,clinvar,,False,107.0,,,,neutral,neutral,neutral,UP,neutral,neutral,neutral,1016079,Uncertain significance,1,86.43,H,-0.1126,2.7415,-6.8496,loss_of_function,-0.887636158704849,2.227394535083861e-07,Benign,0.1931,benign,https://doi.org/10.1101/2022.10.22.513328
G353D,0.39369,-0.00986,0.4469192831951907,Neutral,Neutral,107.0,,,,clinvar,,False,107.0,,,,neutral,neutral,neutral,UP,neutral,neutral,neutral,1515916,Uncertain significance,2,86.43,H,-0.1036,2.7415,-4.9752,loss_of_function,-0.564693809895888,8.005124525685194e-11,Benign,0.4445,ambiguous,https://doi.org/10.1101/2022.10.22.513328
G353R,-1.14532,-1.14762,-0.4562067509202466,Neutral,Neutral,107.0,,,,clinvar,,False,107.0,,,,neutral,neutral,neutral,UP,neutral,neutral,neutral,649882,Uncertain significance,1,86.43,H,-0.1181,2.7415,-4.6273,loss_of_function,-1.0793736396651,2.894497459916097e-12,Benign,0.625,pathogenic,https://doi.org/10.1101/2022.10.22.513328
N354D,1.84886,-0.45884,2.6711087546349708,Neutral,Uncertain,1.7,,,,clinvar,,False,1.7,,,,neutral,neutral,neutral,-,uncertain,uncertain,uncertain,1504714,Uncertain significance,1,85.68,T,-0.2045,1.3599,-21.7472,loss_of_function,-3.10976136761995,0.7567449753124132,Pathogenic,0.7202,pathogenic,https://doi.org/10.1101/2022.10.22.513328
N354S,1.66854,1.28333,2.24186296784988,Neutral,Uncertain,1.7,,,,clinvar,,False,1.7,,,,neutral,neutral,neutral,DOWN,neutral,neutral,neutral,848164,Uncertain significance,2,85.68,T,-0.0817,1.3599,-4.2115,loss_of_function,-1.80541771149182,0.051263636354393,Benign,0.1468,benign,https://doi.org/10.1101/2022.10.22.513328
A355G,0.32454,1.49218,1.025379462397427,Neutral,Neutral,72.9,,,0.079,"cBioPortal,clinvar",,False,72.9,,,,neutral,neutral,neutral,DOWN,neutral,neutral,neutral,2129324,Uncertain significance,1,75.42,T,-0.0203,2.5111,-6.0179,loss_of_function,-2.54019860959468,0.7073073886121933,Pathogenic,0.1892,benign,https://doi.org/10.1101/2022.10.22.513328
A355S,-0.35687,0.47721,0.5019597051475261,Neutral,Neutral,72.9,,,,clinvar,,False,72.9,,,,neutral,neutral,neutral,-,uncertain,uncertain,uncertain,1471984,Uncertain significance,1,75.42,T,0.0143,2.5111,-4.8804,gain_of_function,-0.128577443657159,0.001048041962929,Benign,0.108,benign,https://doi.org/10.1101/2022.10.22.513328
R357C,1.58129,0.9017,1.504461884191906,Neutral,Neutral,76.0,,8.0808080808e-06,0.246,"cBioPortal,COSMIC,clinvar",,False,76.0,,,,neutral,neutral,neutral,DOWN,neutral,neutral,neutral,822105,Uncertain significance,2,77.33,-,-0.1003,2.5658,-6.0959,loss_of_function,-1.09550741831825,0.0391714820378831,Benign,0.1328,benign,https://doi.org/10.1101/2022.10.22.513328
R357H,2.08979,0.77823,0.6272210165294129,Uncertain,Uncertain,76.0,6.37226789014e-05,6.8771895758e-05,0.226,"cBioPortal,clinvar",,False,76.0,,,,neutral,neutral,neutral,DOWN,neutral,neutral,neutral,648937,Conflicting interpretations of pathogenicity,1,77.33,-,-0.0561,2.5658,-5.0959,loss_of_function,-0.626214080465004,7.3937840116156e-05,Benign,0.0962,benign,https://doi.org/10.1101/2022.10.22.513328
R357P,5.01165,7.1534,4.368448071130475,Destabilizing,Destabilizing,76.0,,,,clinvar,,False,76.0,,,,neutral,neutral,neutral,DOWN,neutral,neutral,neutral,2016403,Uncertain significance,2,77.33,-,-0.2351,2.5658,-6.4178,loss_of_function,-2.16799645749508,0.0010775082688542,Benign,0.7689,pathogenic,https://doi.org/10.1101/2022.10.22.513328
K358E,0.42274,-0.17041,0.0253273828465455,Neutral,Neutral,87.3,,,,clinvar,,False,87.3,,,,neutral,neutral,neutral,DOWN,neutral,neutral,neutral,1783819,Uncertain significance,1,75.54,S,-0.1382,1.4188,-6.8201,loss_of_function,-2.02932363691008,0.0425140688330707,Benign,0.297,benign,https://doi.org/10.1101/2022.10.22.513328
E359Q,0.46042,0.19898,0.3010395228121176,Neutral,Neutral,102.2,,,0.193,"cBioPortal,COSMIC",,False,102.2,,,,neutral,neutral,neutral,UP,neutral,neutral,neutral,,,,80.31,S,-0.0633,1.564,-5.4051,loss_of_function,-0.329006001446592,0.0762271325431834,Benign,0.2654,benign,https://doi.org/10.1101/2022.10.22.513328
E359V,1.06501,-0.04864,0.1467258653148667,Neutral,Neutral,102.2,,,,clinvar,,False,102.2,,,,neutral,neutral,neutral,-,uncertain,uncertain,uncertain,1784883,Uncertain significance,1,80.31,S,-0.1113,1.564,-6.8201,loss_of_function,-1.76148436344775,0.311742238222836,Benign,0.2956,benign,https://doi.org/10.1101/2022.10.22.513328
R360G,2.62993,2.45408,3.1760494688308776,Uncertain,Uncertain,37.2,,,,clinvar,,False,37.2,,,,neutral,neutral,neutral,DOWN,neutral,neutral,neutral,957416,Uncertain significance,1,84.55,-,-0.1218,2.6578,-6.7769,loss_of_function,-2.87902680875151,0.0603835620071944,Benign,0.4116,ambiguous,https://doi.org/10.1101/2022.10.22.513328
R360I,0.08369,0.19864,0.4602586739693359,Neutral,Neutral,37.2,,,0.142,"cBioPortal,COSMIC",,False,37.2,,,,neutral,neutral,neutral,DOWN,neutral,neutral,neutral,,,,84.55,-,-0.1917,2.6578,-21.6497,loss_of_function,-2.49973065772787,0.2142161644894381,Benign,0.6035,pathogenic,https://doi.org/10.1101/2022.10.22.513328
R360K,0.32476,1.36837,1.83399269513644,Neutral,Neutral,37.2,,,0.108,COSMIC,,False,37.2,,,,neutral,neutral,neutral,-,uncertain,uncertain,uncertain,,,,84.55,-,0.0481,2.6578,-1.9357,gain_of_function,-0.0944580216857484,1.9159148694608234e-06,Benign,0.0795,benign,https://doi.org/10.1101/2022.10.22.513328
S361I,2.3948,1.42245,-0.2007359111220824,Uncertain,Uncertain,45.4,,,,clinvar,P,False,45.4,-0.135,,,damaging,uncertain,uncertain,UP,neutral,neutral,stabilizing,958552,Uncertain significance,1,85.58,-,-0.1996,1.7299,-21.6671,loss_of_function,-3.32505989423918,0.716155218130732,Pathogenic,0.5907,pathogenic,https://doi.org/10.1101/2022.10.22.513328
S361N,0.85846,0.84082,-0.0814728593518815,Neutral,Neutral,45.4,,,,clinvar,P,False,45.4,-0.135,,,damaging,neutral,uncertain,UP,neutral,neutral,stabilizing,841030,Uncertain significance,1,85.58,-,-0.0559,1.7299,-5.0574,loss_of_function,-1.59306334918631,0.0011035201326981,Benign,0.1827,benign,https://doi.org/10.1101/2022.10.22.513328
S361R,2.18674,0.94048,-0.2525276654332431,Uncertain,Uncertain,45.4,,,,clinvar,P,False,45.4,-0.135,,,damaging,uncertain,uncertain,UP,neutral,neutral,stabilizing,961266,Uncertain significance,2,85.58,-,-0.1393,1.7299,-7.3793,loss_of_function,-2.24742578494918,0.3884887390399398,Uncertain,0.9247,pathogenic,https://doi.org/10.1101/2022.10.22.513328
D362E,-0.32739,-0.07755,-0.0937507123213726,Neutral,Neutral,110.0,,,,clinvar,,False,110.0,,,,neutral,neutral,neutral,UP,neutral,neutral,stabilizing,848415,Uncertain significance,2,88.15,H,0.0116,2.2054,-2.2008,gain_of_function,-0.665209760985245,4.98705876272627e-07,Benign,0.0983,benign,https://doi.org/10.1101/2022.10.22.513328
D362G,1.54263,0.87279,0.9087963125968844,Neutral,Neutral,110.0,,,,clinvar,,False,110.0,,,,neutral,neutral,neutral,DOWN,neutral,neutral,neutral,645908,Uncertain significance,1,88.15,H,-0.0718,2.2054,-5.5633,loss_of_function,-2.64660729143423,0.0059922679707539,Benign,0.2318,benign,https://doi.org/10.1101/2022.10.22.513328
D362V,1.30746,0.51122,0.154431336731694,Neutral,Neutral,110.0,,,0.311,"cBioPortal,clinvar",,False,110.0,,,,neutral,neutral,neutral,UP,neutral,neutral,stabilizing,1404354,Uncertain significance,1,88.15,H,-0.114,2.2054,-6.7857,loss_of_function,-2.88100292758651,0.0480141134148134,Benign,0.2105,benign,https://doi.org/10.1101/2022.10.22.513328
A363T,0.49551,0.1585,0.0851404746255124,Neutral,Neutral,67.1,,4.0138719414e-06,0.076,"cBioPortal,clinvar",,True,67.1,,,,neutral,neutral,neutral,UP,neutral,neutral,neutral,1443779,Uncertain significance,1,89.73,H,0.0611,2.9983,-3.3306,gain_of_function,-0.170586985966843,6.113978902247203e-07,Benign,0.0756,benign,https://doi.org/10.1101/2022.10.22.513328
A363V,1.18517,0.27653,0.0257712016067501,Neutral,Neutral,67.1,,,,clinvar,,True,67.1,,,,neutral,neutral,neutral,UP,neutral,neutral,neutral,857205,Uncertain significance,1,89.73,H,0.0502,2.9983,-6.0531,gain_of_function,-1.08534282295526,0.0003353259494735,Benign,0.1003,benign,https://doi.org/10.1101/2022.10.22.513328
N365S,-0.56561,1.2949,0.568031730393645,Neutral,Neutral,53.8,,,,clinvar,,True,53.8,,,,neutral,neutral,neutral,DOWN,neutral,neutral,neutral,851738,Uncertain significance,1,90.3,H,-0.0276,1.9952,-5.0661,loss_of_function,-1.35496324365287,0.0598309217820583,Benign,0.076,benign,https://doi.org/10.1101/2022.10.22.513328
S366F,0.01675,-0.22279,-0.6117811814366647,Neutral,Neutral,79.5,,,,clinvar,P,True,79.5,0.463,,,damaging,neutral,potentially_damaging,UP,neutral,neutral,stabilizing,1484668,Uncertain significance,2,92.75,H,-0.0494,3.3283,-21.6757,loss_of_function,-2.31014374641388,0.0006186429916618,Benign,0.1321,benign,https://doi.org/10.1101/2022.10.22.513328
A367E,2.49124,1.76803,0.9564427635558936,Uncertain,Uncertain,10.9,,,,clinvar,,True,10.9,,,,neutral,neutral,neutral,UP,neutral,neutral,neutral,1051548,Uncertain significance,1,92.36,H,-0.2841,0.5231,-7.388,loss_of_function,-4.33736005225838,0.5929741860269437,Uncertain,0.9894,pathogenic,https://doi.org/10.1101/2022.10.22.513328
A367T,1.32979,0.84524,0.984027103556832,Neutral,Neutral,10.9,,,0.278,"COSMIC,clinvar",,True,10.9,,,,neutral,neutral,neutral,UP,neutral,neutral,neutral,1718905,Uncertain significance,1,92.36,H,-0.1925,0.5231,-8.3879,loss_of_function,-3.55262759149098,0.8729772047973644,Pathogenic,0.8621,pathogenic,https://doi.org/10.1101/2022.10.22.513328
I368L,-0.34999,0.43605,0.8266245383266526,Neutral,Neutral,9.7,,,,clinvar,,False,9.7,,,,neutral,neutral,neutral,-,uncertain,uncertain,uncertain,1806698,Uncertain significance,1,91.49,H,-0.1039,1.2305,-3.7399,loss_of_function,-0.338990744767547,0.0114735954490444,Benign,0.2767,benign,https://doi.org/10.1101/2022.10.22.513328
I368V,1.25057,0.96905,1.5228364585103331,Neutral,Neutral,9.7,,,,clinvar,,False,9.7,,,,neutral,neutral,neutral,DOWN,neutral,neutral,neutral,946056,Uncertain significance,2,91.49,H,-0.0664,1.2305,-4.2138,loss_of_function,-0.876890064406873,0.0004122678227744,Benign,0.0826,benign,https://doi.org/10.1101/2022.10.22.513328
D369E,-0.3337,-0.27755,-0.590945317911647,Neutral,Neutral,86.3,,,,clinvar,,False,86.3,,,,neutral,neutral,neutral,UP,neutral,neutral,stabilizing,"1052609, 658295","Uncertain significance, Uncertain significance","2, 2",91.21,H,-0.0481,1.5823,-2.6558,loss_of_function,-0.284900252070228,1.1109469322217327e-10,Benign,0.1528,benign,https://doi.org/10.1101/2022.10.22.513328
D369H,0.05538,0.00034,-0.5759242665307973,Neutral,Neutral,86.3,,,0.346,"cBioPortal,COSMIC",,False,86.3,,,,neutral,neutral,neutral,UP,neutral,neutral,stabilizing,,,,91.21,H,-0.2095,1.5823,-21.6714,loss_of_function,-4.28647325827339,0.3742120134356519,Uncertain,0.7563,pathogenic,https://doi.org/10.1101/2022.10.22.513328
K370T,1.26523,0.92211,0.6936364807366576,Neutral,Neutral,58.3,,,,clinvar,,True,58.3,,,,neutral,neutral,neutral,DOWN,neutral,neutral,neutral,1038501,Uncertain significance,1,93.56,H,-0.0147,2.7607,-7.388,loss_of_function,-1.21848022459035,3.09854309115408e-07,Benign,0.3626,ambiguous,https://doi.org/10.1101/2022.10.22.513328
M371I,3.52657,0.56735,0.9890927697105024,Uncertain,Uncertain,0.0,,,,clinvar,,True,0.0,,,,neutral,neutral,neutral,-,uncertain,uncertain,uncertain,1964084,Uncertain significance,1,95.43,H,-0.1653,0.7762,-6.1127,loss_of_function,-0.834991401220928,0.1463524413659424,Benign,0.9891,pathogenic,https://doi.org/10.1101/2022.10.22.513328
M371T,3.66608,1.08367,2.5596629322902995,Uncertain,Uncertain,0.0,,,,clinvar,,True,0.0,,,,neutral,neutral,neutral,DOWN,neutral,neutral,neutral,1463103,Uncertain significance,2,95.43,H,-0.2988,0.7762,-21.7223,loss_of_function,-6.11897071955097,0.879578774583502,Pathogenic,0.988,pathogenic,https://doi.org/10.1101/2022.10.22.513328
T372A,0.24996,0.4466,0.4952005201064635,Neutral,Neutral,40.1,,,,clinvar,P,True,40.1,1.684,,,damaging,neutral,potentially_damaging,DOWN,neutral,neutral,neutral,1795844,Uncertain significance,1,91.76,H,-0.0156,2.4618,-6.4388,loss_of_function,-0.902002633200003,0.0002590127939371,Benign,0.1822,benign,https://doi.org/10.1101/2022.10.22.513328
K374N,0.13273,0.33537,0.6619590480748744,Neutral,Neutral,29.0,,,,clinvar,,True,29.0,,,,neutral,neutral,neutral,DOWN,neutral,neutral,neutral,1510108,Uncertain significance,1,95.0,H,-0.2028,0.6785,-7.4511,loss_of_function,-4.71851106543343,0.7534593243983323,Pathogenic,0.992,pathogenic,https://doi.org/10.1101/2022.10.22.513328
K374R,-0.0901,-0.29898,-0.2350834035154242,Neutral,Neutral,29.0,,,,clinvar,,True,29.0,,,,neutral,neutral,neutral,-,uncertain,uncertain,uncertain,1797831,Uncertain significance,2,95.0,H,-0.1002,0.6785,-3.9277,loss_of_function,-1.32791534213268,0.0011816418911526,Benign,0.2145,benign,https://doi.org/10.1101/2022.10.22.513328
T375A,0.20717,0.10476,0.9064830532271884,Neutral,Neutral,0.7,,,0.300,cBioPortal,,True,0.7,,,,uncertain,,,DOWN,neutral,neutral,neutral,,,,93.77,H,-0.1754,0.6387,-4.8662,loss_of_function,-1.45832751141071,0.8381569080998466,Pathogenic,0.9464,pathogenic,https://doi.org/10.1101/2022.10.22.513328
T375I,-2.62159,-1.89456,-1.0835798953681697,Uncertain,Uncertain,0.7,,,0.358,"cBioPortal,COSMIC,clinvar",,True,0.7,,,,uncertain,,,UP,neutral,neutral,neutral,960330,Uncertain significance,1,93.77,H,-0.2077,0.6387,-6.1293,loss_of_function,-1.53659080366019,0.8487379659410791,Pathogenic,0.9964,pathogenic,https://doi.org/10.1101/2022.10.22.513328
R376T,1.46295,0.80612,1.0536567523551317,Neutral,Neutral,74.9,,,,clinvar,,True,74.9,,,,neutral,neutral,neutral,DOWN,neutral,neutral,neutral,1799409,Uncertain significance,1,91.64,H,-0.2422,1.1112,-8.4511,loss_of_function,-4.73331199509489,0.1143604723813394,Benign,0.862,pathogenic,https://doi.org/10.1101/2022.10.22.513328
R376W,0.5759,-0.50646,-0.384861248966904,Neutral,Neutral,74.9,,,,clinvar,,True,74.9,,,,neutral,neutral,neutral,UP,neutral,neutral,stabilizing,1799144,Uncertain significance,1,91.64,H,-0.3228,1.1112,-21.7389,loss_of_function,-5.15145267363203,0.5244068436600157,Uncertain,0.83,pathogenic,https://doi.org/10.1101/2022.10.22.513328
D377E,-0.25553,0.59456,0.20683475045283,Neutral,Neutral,12.4,,,,clinvar,,True,12.4,,,,neutral,neutral,neutral,UP,neutral,neutral,stabilizing,969636,Uncertain significance,2,91.82,H,-0.1492,0.6386,-5.4471,loss_of_function,-1.53717176261042,0.0192674945947262,Benign,0.9055,pathogenic,https://doi.org/10.1101/2022.10.22.513328
D377V,-0.53215,-0.37143,0.0696605582696141,Neutral,Neutral,12.4,,,,clinvar,,True,12.4,,,,neutral,neutral,neutral,UP,neutral,neutral,stabilizing,2448327,Uncertain significance,1,91.82,H,-0.2615,0.6386,-7.447,loss_of_function,-3.08700205846988,0.26998144946219,Benign,0.9699,pathogenic,https://doi.org/10.1101/2022.10.22.513328
R379C,1.18533,0.53469,1.7424028641450535,Neutral,Neutral,14.9,,,,clinvar,,True,14.9,,,,neutral,neutral,neutral,DOWN,neutral,neutral,neutral,651957,Uncertain significance,1,92.91,H,-0.297,0.4474,-6.4512,loss_of_function,-2.54480869477778,0.8975411829913325,Pathogenic,0.9839,pathogenic,https://doi.org/10.1101/2022.10.22.513328
R379G,2.56147,1.55918,2.730087302828471,Uncertain,Uncertain,14.9,,,,clinvar,,True,14.9,,,,neutral,neutral,neutral,DOWN,neutral,neutral,neutral,1046697,Uncertain significance,2,92.91,H,-0.4015,0.4474,-21.7389,loss_of_function,-6.28782786239074,0.8759396573349565,Pathogenic,0.9936,pathogenic,https://doi.org/10.1101/2022.10.22.513328
R379H,0.65383,-0.97959,0.8149840855411383,Neutral,Neutral,14.9,,1.67197518789e-05,0.567,"cBioPortal,COSMIC,clinvar",,True,14.9,,,,neutral,neutral,neutral,DOWN,neutral,neutral,neutral,642747,Conflicting interpretations of pathogenicity,1,92.91,H,-0.3359,0.4474,-21.7389,loss_of_function,-5.75999660462885,0.897060432559019,Pathogenic,0.9722,pathogenic,https://doi.org/10.1101/2022.10.22.513328
Q381H,-0.16728,0.90136,0.2936252275741075,Neutral,Neutral,8.2,,,0.171,cBioPortal,,False,8.2,,,,neutral,neutral,neutral,UP,neutral,neutral,neutral,,,,93.1,H,-0.1342,0.763,-3.3178,loss_of_function,-1.80279967699244,0.0933476644265354,Benign,0.8641,pathogenic,https://doi.org/10.1101/2022.10.22.513328
L382F,7.22156,2.87585,1.667066245808686,Uncertain,Uncertain,0.0,,,,clinvar,,False,0.0,,,,neutral,neutral,neutral,UP,neutral,neutral,neutral,1367711,Uncertain significance,1,94.47,H,-0.3432,0.079,-21.743,loss_of_function,-6.6801266203156,0.8962926515306835,Pathogenic,0.9989,pathogenic,https://doi.org/10.1101/2022.10.22.513328
R383C,1.90437,1.14252,2.246675860913115,Neutral,Uncertain,35.8,,8.6819874806e-06,0.318,"cBioPortal,clinvar",,False,35.8,,,,neutral,neutral,neutral,DOWN,neutral,neutral,neutral,822256,Uncertain significance,2,93.21,H,-0.2864,0.5081,-5.4594,loss_of_function,-2.68641534516636,0.1510204911727358,Benign,0.9184,pathogenic,https://doi.org/10.1101/2022.10.22.513328
R383H,0.96802,0.54048,1.3855231273156494,Neutral,Neutral,35.8,,4.3406545707e-06,0.381,"cBioPortal,COSMIC,clinvar",,False,35.8,,,,neutral,neutral,neutral,DOWN,neutral,neutral,neutral,846097,Uncertain significance,2,93.21,H,-0.2523,0.5081,-6.4594,loss_of_function,-3.43715126674658,0.8710522112604695,Pathogenic,0.8923,pathogenic,https://doi.org/10.1101/2022.10.22.513328
R383L,0.28117,-0.4551,0.2057542317735028,Neutral,Neutral,35.8,,,,clinvar,,False,35.8,,,,neutral,neutral,neutral,DOWN,neutral,neutral,neutral,1357322,Uncertain significance,1,93.21,H,-0.2952,0.5081,-8.4593,loss_of_function,-5.37654688008521,0.8658164679426621,Pathogenic,0.9826,pathogenic,https://doi.org/10.1101/2022.10.22.513328
K384T,0.23514,1.00578,0.3771094845518513,Neutral,Neutral,12.7,,,,clinvar,,False,12.7,,,,neutral,neutral,neutral,DOWN,neutral,neutral,neutral,1501902,Uncertain significance,1,93.45,H,-0.2787,0.6875,-21.7472,loss_of_function,-6.03994149920686,0.897473178408416,Pathogenic,0.9888,pathogenic,https://doi.org/10.1101/2022.10.22.513328
A385P,7.72437,10.80748,7.4645885482078995,Destabilizing,Destabilizing,0.0,,,,clinvar,,False,0.0,,,,neutral,neutral,neutral,UP,neutral,neutral,neutral,1720046,Uncertain significance,1,94.44,H,-0.4378,0.2372,-21.7594,loss_of_function,-6.54918367830338,0.8873705896388873,Pathogenic,0.9998,pathogenic,https://doi.org/10.1101/2022.10.22.513328
A385S,1.35439,2.07381,1.9015649555259355,Uncertain,Neutral,0.0,,,,clinvar,,False,0.0,,,,neutral,neutral,neutral,-,uncertain,uncertain,uncertain,950554,Uncertain significance,2,94.44,H,-0.2051,0.2372,-6.8867,loss_of_function,-2.96744647222211,0.8139673497631885,Pathogenic,0.9174,pathogenic,https://doi.org/10.1101/2022.10.22.513328
V386F,6.201,4.38299,0.5973243107037879,Destabilizing,Uncertain,1.0,,,0.554,"cBioPortal,COSMIC",,False,1.0,,,,neutral,neutral,neutral,UP,neutral,neutral,neutral,,,,94.56,H,-0.3345,0.9903,-21.7512,loss_of_function,-5.72032782935036,0.8113085798619577,Pathogenic,0.9932,pathogenic,https://doi.org/10.1101/2022.10.22.513328
V386I,0.64085,0.47449,0.0989769759583414,Neutral,Neutral,1.0,,,,clinvar,,False,1.0,,,,neutral,neutral,neutral,UP,neutral,neutral,neutral,1364289,Uncertain significance,1,94.56,H,-0.0921,0.9903,-2.0041,loss_of_function,-0.788245542439661,0.000266241884824,Benign,0.4834,ambiguous,https://doi.org/10.1101/2022.10.22.513328
V386L,-0.327,1.05272,0.3354477387413607,Neutral,Neutral,1.0,,,,clinvar,,False,1.0,,,,neutral,neutral,neutral,UP,neutral,neutral,neutral,1370738,Uncertain significance,2,94.56,H,-0.258,0.9903,-21.7512,loss_of_function,-2.0994768384628,0.8158238731854083,Pathogenic,0.9902,pathogenic,https://doi.org/10.1101/2022.10.22.513328
M387I,0.75247,0.21224,0.6821347670247707,Neutral,Neutral,2.2,,,0.361,"cBioPortal,COSMIC,clinvar",,False,2.2,,,,neutral,neutral,neutral,-,uncertain,uncertain,uncertain,1058571,Uncertain significance,1,94.38,H,-0.0606,1.6999,-2.267,loss_of_function,-1.07388027385706,2.129355731510256e-15,Benign,0.841,pathogenic,https://doi.org/10.1101/2022.10.22.513328
M387L,-0.28745,0.3034,-0.0676670981452504,Neutral,Neutral,2.2,,,,clinvar,,False,2.2,,,,neutral,neutral,neutral,-,uncertain,uncertain,uncertain,1480623,Uncertain significance,1,94.38,H,-0.1272,1.6999,-21.7836,loss_of_function,-3.44641358576592,6.369122877044494e-05,Benign,0.6902,pathogenic,https://doi.org/10.1101/2022.10.22.513328
M387T,3.47663,2.5568,2.245855822102677,Uncertain,Uncertain,2.2,,,,clinvar,,False,2.2,,,,neutral,neutral,neutral,DOWN,neutral,neutral,neutral,1736672,Uncertain significance,1,94.38,H,-0.1463,1.6999,-8.4957,loss_of_function,-5.10924493877402,5.734311605453418e-07,Benign,0.7687,pathogenic,https://doi.org/10.1101/2022.10.22.513328
D388N,3.02162,2.88095,0.5038276804414998,Uncertain,Uncertain,0.0,,,,clinvar,,False,0.0,,,,neutral,neutral,neutral,-,uncertain,uncertain,uncertain,1907971,Uncertain significance,1,94.36,H,-0.3131,0.0001,-21.7836,loss_of_function,-4.16174182432299,0.8926448989941256,Pathogenic,0.9992,pathogenic,https://doi.org/10.1101/2022.10.22.513328
H389N,1.39495,1.61565,1.8175380518303343,Neutral,Neutral,0.0,,,,clinvar,,False,0.0,,,,neutral,neutral,neutral,DOWN,neutral,neutral,neutral,1462308,Uncertain significance,1,93.95,H,-0.1944,0.2979,-6.1779,loss_of_function,-4.54795344141977,0.3796768478076507,Uncertain,0.991,pathogenic,https://doi.org/10.1101/2022.10.22.513328
V390F,1.75556,3.90782,2.522652761461205,Uncertain,Uncertain,0.0,,,0.550,cBioPortal,,True,0.0,,,,neutral,neutral,neutral,UP,neutral,neutral,neutral,,,,93.98,H,-0.3313,1.0274,-21.7836,loss_of_function,-4.89561636064749,0.8121529350146444,Pathogenic,0.994,pathogenic,https://doi.org/10.1101/2022.10.22.513328
V390I,0.12191,1.22687,0.299720695930219,Neutral,Neutral,0.0,,1.63036389722e-05,0.081,"cBioPortal,COSMIC,clinvar",,True,0.0,,,,neutral,neutral,neutral,UP,neutral,neutral,neutral,665700,Uncertain significance,2,93.98,H,-0.0865,1.0274,-1.577,loss_of_function,-0.387417228985881,0.0007633285044998,Benign,0.1326,benign,https://doi.org/10.1101/2022.10.22.513328
S393Y,-0.02271,1.61156,0.5982121847563368,Neutral,Neutral,15.4,,,0.521,"cBioPortal,clinvar",P,True,15.4,2.433,,,uncertain,uncertain,uncertain,UP,neutral,neutral,neutral,947465,Uncertain significance,2,91.99,H,-0.1984,1.0308,-8.5037,loss_of_function,-5.77705355666245,0.771249192507657,Pathogenic,0.9804,pathogenic,https://doi.org/10.1101/2022.10.22.513328
E396K,-0.18963,0.17823,-0.0044920938290954,Neutral,Neutral,63.8,,,,clinvar,,False,63.8,,,,neutral,neutral,neutral,UP,neutral,neutral,neutral,1721518,Uncertain significance,1,83.05,S,-0.2339,1.1568,-21.7915,loss_of_function,-5.1673009754193,0.5884434783954128,Uncertain,0.9984,pathogenic,https://doi.org/10.1101/2022.10.22.513328
N398D,0.03351,1.35,0.5292574467042255,Neutral,Neutral,58.9,,,,clinvar,,True,58.9,,,,neutral,neutral,neutral,-,uncertain,uncertain,uncertain,646977,Uncertain significance,2,90.9,S,-0.0663,1.9433,-5.1819,loss_of_function,-1.07655023112622,0.000401129243033,Benign,0.433,ambiguous,https://doi.org/10.1101/2022.10.22.513328
N398H,0.24538,0.35952,-0.1813747515801145,Neutral,Neutral,58.9,,,,clinvar,,True,58.9,,,,neutral,neutral,neutral,UP,neutral,neutral,neutral,647640,Uncertain significance,2,90.9,S,-0.0748,1.9433,-6.5038,loss_of_function,-2.5151509067725,0.0319362009937355,Benign,0.3272,benign,https://doi.org/10.1101/2022.10.22.513328
N398I,-0.42363,0.13095,-0.3961745081869799,Neutral,Neutral,58.9,,,,clinvar,,True,58.9,,,,neutral,neutral,neutral,UP,neutral,neutral,neutral,2563264,Uncertain significance,1,90.9,S,-0.1252,1.9433,-7.5038,loss_of_function,-2.97935107786313,0.5457966387543505,Uncertain,0.7775,pathogenic,https://doi.org/10.1101/2022.10.22.513328
N398S,0.3709,1.11122,0.4707986342033665,Neutral,Neutral,58.9,,,,clinvar,,True,58.9,,,,neutral,neutral,neutral,DOWN,neutral,neutral,neutral,657823,Conflicting interpretations of pathogenicity,1,90.9,S,-0.0254,1.9433,-3.6965,loss_of_function,-0.871638142711545,0.0009841817767315,Benign,0.0695,benign,https://doi.org/10.1101/2022.10.22.513328
V399I,-0.39904,0.32347,-0.2104221136661205,Neutral,Neutral,66.9,,,,clinvar,,True,66.9,,,,neutral,neutral,neutral,UP,neutral,neutral,neutral,851450,Uncertain significance,2,92.19,H,-0.0695,1.3921,-4.8034,loss_of_function,-0.99305100969453,0.0140013270225947,Benign,0.4263,ambiguous,https://doi.org/10.1101/2022.10.22.513328
L401P,2.38124,7.7102,8.65920279433332,Uncertain,Uncertain,0.2,,,0.813,"cBioPortal,COSMIC",,True,0.2,,,,neutral,neutral,neutral,DOWN,neutral,neutral,neutral,,,,97.22,H,-0.4767,0.2602,-21.7915,loss_of_function,-6.8921724492439,0.8970272926675917,Pathogenic,0.9993,pathogenic,https://doi.org/10.1101/2022.10.22.513328
L401R,6.64038,6.21939,3.3280929817793163,Destabilizing,Destabilizing,0.2,,,,clinvar,,True,0.2,,,,neutral,neutral,neutral,UP,neutral,neutral,neutral,1747985,Uncertain significance,1,97.22,H,-0.4735,0.2602,-21.7915,loss_of_function,-6.8921724492439,0.8976469739998716,Pathogenic,0.9983,pathogenic,https://doi.org/10.1101/2022.10.22.513328
L402S,0.84067,1.32891,1.1744919318544225,Neutral,Neutral,56.6,,,,clinvar,,True,56.6,,,,neutral,neutral,neutral,DOWN,neutral,neutral,neutral,1748705,Uncertain significance,2,96.83,H,-0.3618,0.9328,-21.7915,loss_of_function,-5.34973760772219,0.4530860623318772,Uncertain,0.9947,pathogenic,https://doi.org/10.1101/2022.10.22.513328
L402W,0.85264,1.0381,-0.4695073239622138,Neutral,Neutral,56.6,,,,clinvar,,True,56.6,,,,neutral,neutral,neutral,UP,neutral,neutral,neutral,860761,Uncertain significance,2,96.83,H,-0.364,0.9328,-21.7915,loss_of_function,-5.07400740068662,0.7803747807479867,Pathogenic,0.9827,pathogenic,https://doi.org/10.1101/2022.10.22.513328
V403A,0.88994,0.20442,0.5969389630440455,Neutral,Neutral,41.9,,,,clinvar,,True,41.9,,,,neutral,neutral,neutral,DOWN,neutral,neutral,neutral,2041096,Uncertain significance,1,96.51,H,-0.1348,1.4588,-6.1739,loss_of_function,-1.83253055633648,0.0013379248587909,Benign,0.9946,pathogenic,https://doi.org/10.1101/2022.10.22.513328
V403I,-1.2472,0.26463,0.0120318572661448,Neutral,Neutral,41.9,,,,clinvar,,True,41.9,,,,neutral,neutral,neutral,UP,neutral,neutral,neutral,661701,Conflicting interpretations of pathogenicity,1,96.51,H,-0.0633,1.4588,-4.7954,loss_of_function,-0.797847556634643,0.0149184527845447,Benign,0.5859,pathogenic,https://doi.org/10.1101/2022.10.22.513328
L404F,2.53378,3.48027,2.4415113972755123,Uncertain,Uncertain,0.0,,,0.377,"cBioPortal,COSMIC,clinvar",,True,0.0,,,,neutral,neutral,neutral,UP,neutral,neutral,neutral,666100,Uncertain significance,2,97.9,H,-0.241,0.4544,-8.4957,loss_of_function,-6.38756555912916,0.8953046747512833,Pathogenic,0.9945,pathogenic,https://doi.org/10.1101/2022.10.22.513328
L404S,4.06461,4.7432,4.4150102159501685,Destabilizing,Destabilizing,0.0,,,,clinvar,,True,0.0,,,,neutral,neutral,neutral,DOWN,neutral,neutral,neutral,1003065,Uncertain significance,1,97.9,H,-0.3261,0.4544,-6.1739,loss_of_function,-2.50955638488183,0.895807689751202,Pathogenic,0.9989,pathogenic,https://doi.org/10.1101/2022.10.22.513328
I405T,2.02706,2.03741,2.580773977335346,Uncertain,Uncertain,7.3,,,,clinvar,,True,7.3,,,,neutral,neutral,neutral,DOWN,neutral,neutral,neutral,1044111,Uncertain significance,2,97.08,H,-0.2178,0.897,-5.9109,loss_of_function,-2.44029210080821,0.3919401627168384,Uncertain,0.6417,pathogenic,https://doi.org/10.1101/2022.10.22.513328
A407G,1.9304,2.33231,2.407588936621747,Uncertain,Uncertain,2.5,,,,clinvar,,True,2.5,,,,neutral,neutral,neutral,DOWN,neutral,neutral,neutral,2108414,Uncertain significance,1,96.86,H,-0.2816,0.5451,-21.7836,loss_of_function,-6.13615189219735,0.8964882846402258,Pathogenic,0.8682,pathogenic,https://doi.org/10.1101/2022.10.22.513328
A407S,1.08984,1.69218,1.8034181435406271,Neutral,Neutral,2.5,,,0.325,cBioPortal,,True,2.5,,,,neutral,neutral,neutral,-,uncertain,uncertain,uncertain,,,,96.86,H,-0.1651,0.5451,-4.589,loss_of_function,-1.04759750607468,0.2459189096840046,Benign,0.5827,pathogenic,https://doi.org/10.1101/2022.10.22.513328
A407T,2.23478,2.25034,1.7182535739162907,Uncertain,Uncertain,2.5,,,,clinvar,,True,2.5,,,,neutral,neutral,neutral,UP,neutral,neutral,neutral,1497131,Uncertain significance,1,96.86,H,-0.2588,0.5451,-21.7836,loss_of_function,-3.69024399890868,0.8972096693296575,Pathogenic,0.9848,pathogenic,https://doi.org/10.1101/2022.10.22.513328
A407V,2.61582,1.88946,1.0945879886285537,Uncertain,Uncertain,2.5,,,,clinvar,,True,2.5,,,,neutral,neutral,neutral,UP,neutral,neutral,neutral,866646,Uncertain significance,2,96.86,H,-0.188,0.5451,-8.4957,loss_of_function,-5.91459432740317,0.8878937702878854,Pathogenic,0.991,pathogenic,https://doi.org/10.1101/2022.10.22.513328
A408S,1.10234,2.32381,1.4915699373845643,Uncertain,Neutral,0.0,,,,clinvar,,False,0.0,,,,neutral,neutral,neutral,-,uncertain,uncertain,uncertain,2095094,Uncertain significance,1,96.81,H,-0.287,0.1738,-21.7836,loss_of_function,-4.06799641927,0.8372158859268537,Pathogenic,0.8058,pathogenic,https://doi.org/10.1101/2022.10.22.513328
K409N,0.52311,1.73469,0.7032471486748795,Neutral,Neutral,55.6,,,0.238,"cBioPortal,COSMIC,clinvar",,False,55.6,,,,neutral,neutral,neutral,DOWN,neutral,neutral,neutral,1474104,Uncertain significance,1,96.0,H,-0.1574,1.2302,-8.4957,loss_of_function,-3.59611230457726,0.7868495853564536,Pathogenic,0.9692,pathogenic,https://doi.org/10.1101/2022.10.22.513328
N410S,0.55748,0.31939,1.143085958670735,Neutral,Neutral,71.2,,,,clinvar,,False,71.2,,,,neutral,neutral,neutral,DOWN,neutral,neutral,neutral,1700590,Uncertain significance,0,95.9,T,0.026,2.4039,-1.926,gain_of_function,-0.42062122547121,7.112622306539362e-12,Benign,0.0871,benign,https://doi.org/10.1101/2022.10.22.513328
N412K,0.8918,0.55272,1.1564316907401502,Neutral,Neutral,57.7,,,,clinvar,,False,57.7,,,,neutral,neutral,neutral,UP,neutral,neutral,neutral,1386009,Uncertain significance,2,94.07,-,-0.0965,1.5716,-4.4004,loss_of_function,-1.21110358303573,3.035630193270333e-06,Benign,0.7995,pathogenic,https://doi.org/10.1101/2022.10.22.513328
N412S,1.79695,1.3551,1.554474624967947,Neutral,Neutral,57.7,,,,clinvar,,False,57.7,,,,neutral,neutral,neutral,DOWN,neutral,neutral,neutral,1063003,Uncertain significance,1,94.07,-,-0.0738,1.5716,-6.4878,loss_of_function,-3.11370692190552,0.042169151801332,Benign,0.2012,benign,https://doi.org/10.1101/2022.10.22.513328
E413G,1.28314,1.76531,2.0083828717922927,Neutral,Uncertain,59.8,,,,clinvar,,False,59.8,,,,neutral,neutral,neutral,DOWN,neutral,neutral,neutral,2072827,Uncertain significance,1,91.89,H,-0.2529,0.9902,-21.7756,loss_of_function,-5.25741978246788,0.8722099925175374,Pathogenic,0.8617,pathogenic,https://doi.org/10.1101/2022.10.22.513328
K414E,-0.74405,0.32449,0.0941906839813977,Neutral,Neutral,87.5,,,,clinvar,,False,87.5,,,,neutral,neutral,neutral,DOWN,neutral,neutral,neutral,1002050,Uncertain significance,1,93.99,H,-0.1096,1.5866,-4.2399,loss_of_function,-1.83909091539232,0.0003534082702226,Benign,0.4831,ambiguous,https://doi.org/10.1101/2022.10.22.513328
V416I,2.89388,2.01599,0.8330080952600688,Uncertain,Uncertain,0.0,,,,clinvar,,False,0.0,,,,neutral,neutral,neutral,UP,neutral,neutral,neutral,1712906,Uncertain significance,1,97.01,H,-0.0558,1.413,-2.5146,loss_of_function,-1.31431833663478,0.0016650907683587,Benign,0.5219,ambiguous,https://doi.org/10.1101/2022.10.22.513328
Y419C,2.35794,2.09252,2.566021337637354,Uncertain,Uncertain,39.3,,,,clinvar,P,True,39.3,0.363,,,damaging,uncertain,potentially_damaging,DOWN,neutral,neutral,neutral,1997484,Uncertain significance,1,97.8,H,-0.1948,1.5159,-4.9109,loss_of_function,-1.82712509587357,0.007541364705261,Benign,0.9298,pathogenic,https://doi.org/10.1101/2022.10.22.513328
A420G,1.84136,2.07891,2.0173999452244864,Uncertain,Uncertain,7.7,,,,clinvar,,True,7.7,,,,neutral,neutral,neutral,DOWN,neutral,neutral,neutral,942218,Uncertain significance,2,97.53,H,-0.1662,0.8191,-4.1035,loss_of_function,-2.33811570788258,0.0052135534248094,Benign,0.3347,benign,https://doi.org/10.1101/2022.10.22.513328
A420V,1.79726,1.67721,1.0389499379377904,Neutral,Neutral,7.7,,,0.378,COSMIC,,True,7.7,,,,neutral,neutral,neutral,UP,neutral,neutral,neutral,,,,97.53,H,-0.1526,0.8191,-6.4958,loss_of_function,-3.37543446196095,0.1993864990737122,Benign,0.9585,pathogenic,https://doi.org/10.1101/2022.10.22.513328
Q421H,0.5178,0.95,-0.2596495683154304,Neutral,Neutral,72.9,,,,clinvar,,True,72.9,,,,neutral,neutral,neutral,UP,neutral,neutral,neutral,"1503834, 1055493","Uncertain significance, Uncertain significance","1, 1",97.18,H,0.0228,2.5894,-5.4958,gain_of_function,-0.92992565393564,3.901436797265553e-05,Benign,0.3567,ambiguous,https://doi.org/10.1101/2022.10.22.513328
V422A,0.02112,0.37313,0.8242285370436447,Neutral,Neutral,60.9,,,,clinvar,,True,60.9,,,,neutral,neutral,neutral,DOWN,neutral,neutral,neutral,1764073,Uncertain significance,1,96.88,H,-0.1154,1.7427,-7.5038,loss_of_function,-1.8317454967488,0.007572515727693,Benign,0.9793,pathogenic,https://doi.org/10.1101/2022.10.22.513328
F423L,1.25078,1.79082,2.4164885545681547,Neutral,Uncertain,0.3,,,,clinvar,,True,0.3,,,,neutral,neutral,neutral,DOWN,neutral,neutral,neutral,1721196,Uncertain significance,1,97.57,H,-0.2645,0.1149,-6.5038,loss_of_function,-3.6505558930025,0.6299513844886189,Uncertain,0.9994,pathogenic,https://doi.org/10.1101/2022.10.22.513328
R424C,0.87413,1.12415,1.5754638313799545,Neutral,Neutral,55.9,,,,clinvar,,True,55.9,,,,neutral,neutral,neutral,DOWN,neutral,neutral,neutral,641417,Uncertain significance,2,97.63,H,-0.1242,2.3516,-6.9228,loss_of_function,-1.19930548611755,0.2160945729211562,Benign,0.3692,ambiguous,https://doi.org/10.1101/2022.10.22.513328
R424H,0.73651,0.49252,0.5813531254308829,Neutral,Neutral,55.9,,8.073892262e-06,0.258,"cBioPortal,COSMIC,clinvar",,True,55.9,,,,neutral,neutral,neutral,DOWN,neutral,neutral,neutral,643643,Uncertain significance,2,97.63,H,-0.0728,2.3516,-4.5078,loss_of_function,-1.67283448479736,0.0104275958537858,Benign,0.2398,benign,https://doi.org/10.1101/2022.10.22.513328
E425A,0.04479,0.67517,0.1791099739225332,Neutral,Neutral,66.2,,,,clinvar,,True,66.2,,,,neutral,neutral,neutral,DOWN,neutral,neutral,neutral,1460912,Uncertain significance,1,96.08,H,-0.2186,1.0844,-21.7915,loss_of_function,-4.56895974193111,0.6240027108176115,Uncertain,0.9295,pathogenic,https://doi.org/10.1101/2022.10.22.513328
H426D,1.00775,2.43299,2.523679494376163,Uncertain,Uncertain,20.2,,,0.568,"cBioPortal,COSMIC",,True,20.2,,,,neutral,neutral,neutral,DOWN,neutral,neutral,neutral,,,,95.2,H,-0.2412,0.3584,-8.5077,loss_of_function,-5.20860433586325,0.8763646164010412,Pathogenic,0.9987,pathogenic,https://doi.org/10.1101/2022.10.22.513328
H426R,0.05242,1.34796,0.7449055866033951,Neutral,Neutral,20.2,,,,clinvar,,True,20.2,,,,neutral,neutral,neutral,UP,neutral,neutral,neutral,1432432,Uncertain significance,2,95.2,H,-0.2304,0.3584,-8.5077,loss_of_function,-6.36485930964932,0.8842221284890754,Pathogenic,0.9972,pathogenic,https://doi.org/10.1101/2022.10.22.513328
A427T,1.76596,-0.25034,1.6314540508192734,Neutral,Neutral,0.4,,,,clinvar,,True,0.4,,,,neutral,neutral,neutral,UP,neutral,neutral,neutral,1038684,Uncertain significance,1,96.93,H,-0.1042,1.1646,-2.6538,loss_of_function,-1.22946006599711,0.0080572577822739,Benign,0.7576,pathogenic,https://doi.org/10.1101/2022.10.22.513328
A427V,1.4785,-0.23231,0.9097790237495698,Neutral,Neutral,0.4,,,,clinvar,,True,0.4,,,,neutral,neutral,neutral,UP,neutral,neutral,neutral,866104,Uncertain significance,1,96.93,H,-0.1209,1.1646,-6.5117,loss_of_function,-3.03838305476581,0.5475853569235852,Uncertain,0.9615,pathogenic,https://doi.org/10.1101/2022.10.22.513328
N428D,0.54469,0.51395,0.1905647901479717,Neutral,Neutral,70.6,,,,clinvar,,False,70.6,,,,neutral,neutral,neutral,-,uncertain,uncertain,uncertain,862938,Uncertain significance,1,96.03,H,-0.0609,2.0193,-5.5117,loss_of_function,-0.546298122473614,0.0363826926381544,Benign,0.4602,ambiguous,https://doi.org/10.1101/2022.10.22.513328
N428S,-0.02564,0.14932,0.3427191426107323,Neutral,Neutral,70.6,,,,clinvar,,False,70.6,,,,neutral,neutral,neutral,DOWN,neutral,neutral,neutral,848037,Uncertain significance,2,96.03,H,-0.0135,2.0193,-2.7304,loss_of_function,-0.506418924590586,4.297255571075631e-05,Benign,0.0932,benign,https://doi.org/10.1101/2022.10.22.513328
K429R,-0.52792,0.36565,-0.2805860244211894,Neutral,Neutral,27.3,,,,clinvar,,False,27.3,,,,neutral,neutral,neutral,-,uncertain,uncertain,uncertain,942602,Uncertain significance,2,94.7,H,-0.0545,1.1046,-2.6459,loss_of_function,-1.32388424930939,0.016659447920579,Benign,0.4245,ambiguous,https://doi.org/10.1101/2022.10.22.513328
L430F,1.44711,2.29966,2.9554363014372664,Uncertain,Uncertain,0.3,,,0.546,COSMIC,,False,0.3,,,,neutral,neutral,neutral,UP,neutral,neutral,neutral,,,,96.2,H,-0.2212,0.5278,-5.9347,loss_of_function,-4.80443165985933,0.7322957257199144,Pathogenic,0.9957,pathogenic,https://doi.org/10.1101/2022.10.22.513328
L430S,3.17427,4.27959,4.658438371941462,Destabilizing,Destabilizing,0.3,,,,clinvar,,False,0.3,,,,neutral,neutral,neutral,DOWN,neutral,neutral,neutral,1769044,Uncertain significance,1,96.2,H,-0.3313,0.5278,-8.5195,loss_of_function,-5.00648034785883,0.8978194057782753,Pathogenic,0.9996,pathogenic,https://doi.org/10.1101/2022.10.22.513328
I431M,-0.07892,0.7585,0.928539985293678,Neutral,Neutral,17.5,,,,clinvar,,False,17.5,,,,neutral,neutral,neutral,-,uncertain,uncertain,uncertain,225127,Uncertain significance,1,95.71,H,-0.1132,1.3695,-6.9619,loss_of_function,-1.32733800803058,0.0091538419466457,Benign,0.2885,benign,https://doi.org/10.1101/2022.10.22.513328
I431N,2.18803,1.92245,1.8303372840695165,Uncertain,Uncertain,17.5,,,0.376,COSMIC,,False,17.5,,,,neutral,neutral,neutral,DOWN,neutral,neutral,neutral,,,,95.71,H,-0.3353,1.3695,-21.8346,loss_of_function,-4.2430586152625,0.1112263575254113,Benign,0.8782,pathogenic,https://doi.org/10.1101/2022.10.22.513328
I431T,1.9957,2.3381,1.938234689703402,Uncertain,Neutral,17.5,,,,clinvar,,False,17.5,,,,neutral,neutral,neutral,DOWN,neutral,neutral,neutral,1432447,Uncertain significance,2,95.71,H,-0.1759,1.3695,-6.2249,loss_of_function,-2.19949386966999,0.000414307456853,Benign,0.3421,ambiguous,https://doi.org/10.1101/2022.10.22.513328
I431V,1.30282,0.55714,0.7360234682333929,Neutral,Neutral,17.5,,,,clinvar,,False,17.5,,,,neutral,neutral,neutral,DOWN,neutral,neutral,neutral,818819,Uncertain significance,2,95.71,H,-0.035,1.3695,-0.5639,loss_of_function,-0.175611214232956,6.257766888693077e-17,Benign,0.0888,benign,https://doi.org/10.1101/2022.10.22.513328
E432G,0.9505,0.92891,1.5890170427121757,Neutral,Neutral,55.7,,,,clinvar,,False,55.7,,,,neutral,neutral,neutral,DOWN,neutral,neutral,neutral,1017519,Uncertain significance,1,93.48,H,-0.181,0.9512,-6.9734,loss_of_function,-3.35528061922191,0.8920598102201386,Pathogenic,0.9867,pathogenic,https://doi.org/10.1101/2022.10.22.513328
E432Q,-0.69875,-0.09898,0.6142285779870643,Neutral,Neutral,55.7,,,0.293,"cBioPortal,COSMIC",,False,55.7,,,,neutral,neutral,neutral,UP,neutral,neutral,neutral,,,,93.48,H,-0.1145,0.9512,-4.3885,loss_of_function,-2.24931733057833,0.5390999077621631,Uncertain,0.981,pathogenic,https://doi.org/10.1101/2022.10.22.513328
A434P,4.41166,11.06905,8.248209710427016,Destabilizing,Destabilizing,0.0,,,,clinvar,,False,0.0,,,,neutral,neutral,neutral,UP,neutral,neutral,neutral,953983,Uncertain significance,2,95.3,H,-0.4375,0.2441,-21.8308,loss_of_function,-7.27084248403361,0.8979089301230916,Pathogenic,0.9998,pathogenic,https://doi.org/10.1101/2022.10.22.513328
A434V,3.43754,5.01803,2.2351428278513263,Destabilizing,Uncertain,0.0,,,0.460,"COSMIC,clinvar",,False,0.0,,,,neutral,neutral,neutral,UP,neutral,neutral,neutral,647859,Uncertain significance,1,95.3,H,-0.2837,0.2441,-21.8308,loss_of_function,-7.27084248403361,0.8714525631018156,Pathogenic,0.9977,pathogenic,https://doi.org/10.1101/2022.10.22.513328
N435I,0.39066,-0.58333,-0.4669828509144691,Neutral,Neutral,54.9,,,,clinvar,,False,54.9,,,,neutral,neutral,neutral,UP,neutral,neutral,neutral,2563274,Uncertain significance,1,92.99,H,-0.2611,1.2607,-21.8308,loss_of_function,-5.84344366310365,0.8010632925047076,Pathogenic,0.7594,pathogenic,https://doi.org/10.1101/2022.10.22.513328
N435S,1.02725,0.69558,0.3223569844777418,Neutral,Neutral,54.9,,,,clinvar,,False,54.9,,,,neutral,neutral,neutral,DOWN,neutral,neutral,neutral,863033,Conflicting interpretations of pathogenicity,1,92.99,H,-0.0997,1.2607,-5.9581,loss_of_function,-2.48674382198671,0.0377909011498209,Benign,0.1344,benign,https://doi.org/10.1101/2022.10.22.513328
N435T,1.37957,0.4568,0.0977823393458354,Neutral,Neutral,54.9,,,,clinvar,,False,54.9,,,,neutral,neutral,neutral,-,uncertain,uncertain,uncertain,2109439,Uncertain significance,1,92.99,H,-0.1493,1.2607,-5.9581,loss_of_function,-3.72693000868967,0.134499602091427,Benign,0.3009,benign,https://doi.org/10.1101/2022.10.22.513328
L436F,0.04941,-0.06327,0.9068834380848544,Neutral,Neutral,24.8,,,,clinvar,,False,24.8,,,,neutral,neutral,neutral,UP,neutral,neutral,neutral,1720295,Uncertain significance,1,92.45,H,-0.2315,0.4495,-6.5391,loss_of_function,-4.60383533140611,0.815894693006366,Pathogenic,0.9914,pathogenic,https://doi.org/10.1101/2022.10.22.513328
A437V,1.0904,1.69694,1.1016691555485842,Neutral,Neutral,0.2,,,,clinvar,,False,0.2,,,,neutral,neutral,neutral,UP,neutral,neutral,neutral,699791,Benign/Likely benign,2,93.85,H,-0.1089,1.0984,-2.9768,loss_of_function,-1.51757035924324,0.007701199940628,Benign,0.7267,pathogenic,https://doi.org/10.1101/2022.10.22.513328
C438Y,3.01101,2.75204,2.6683567567587776,Uncertain,Uncertain,0.7,,,,clinvar,,False,0.7,,,,neutral,neutral,neutral,UP,neutral,neutral,neutral,1360150,Uncertain significance,1,93.63,H,-0.4659,0.302,-21.823,loss_of_function,-7.03242079666854,0.8949711811786405,Pathogenic,0.9954,pathogenic,https://doi.org/10.1101/2022.10.22.513328
I440V,1.3327,0.75136,1.3948459227507684,Neutral,Neutral,5.8,,,,clinvar,,False,5.8,,,,neutral,neutral,neutral,DOWN,neutral,neutral,neutral,859108,Uncertain significance,1,91.24,H,-0.0474,1.5215,-5.7357,loss_of_function,-1.18914731793825,6.421085637849824e-07,Benign,0.2508,benign,https://doi.org/10.1101/2022.10.22.513328
N442S,0.61088,0.52279,0.4618511453975815,Neutral,Neutral,68.1,,,0.096,"cBioPortal,clinvar",,False,68.1,,,,neutral,neutral,neutral,DOWN,neutral,neutral,neutral,1447184,Uncertain significance,1,85.23,-,-0.0283,1.8778,-3.0797,loss_of_function,-0.972656985865017,3.213678451070205e-07,Benign,0.0696,benign,https://doi.org/10.1101/2022.10.22.513328
N443D,-0.57372,0.69864,1.9157129576253635,Neutral,Neutral,20.4,,,,clinvar,,False,20.4,,,,neutral,neutral,neutral,-,uncertain,uncertain,uncertain,1962938,Uncertain significance,2,85.13,-,-0.1746,0.7118,-4.2172,loss_of_function,-1.90796684847461,0.0178804546746108,Benign,0.4939,ambiguous,https://doi.org/10.1101/2022.10.22.513328
N443I,0.68176,0.3568,0.5353807676628064,Neutral,Neutral,20.4,,,,clinvar,,False,20.4,,,,neutral,neutral,neutral,UP,neutral,neutral,neutral,1055004,Uncertain significance,1,85.13,-,-0.3116,0.7118,-21.8269,loss_of_function,-6.1976303963707,0.8563068020675086,Pathogenic,0.7998,pathogenic,https://doi.org/10.1101/2022.10.22.513328
N443K,-0.05399,2.03231,2.022591955714544,Uncertain,Uncertain,20.4,,,,clinvar,,False,20.4,,,,neutral,neutral,neutral,UP,neutral,neutral,neutral,1364633,Uncertain significance,2,85.13,-,-0.1886,0.7118,-6.9542,loss_of_function,-3.5556852395885,0.3672839435927573,Uncertain,0.8985,pathogenic,https://doi.org/10.1101/2022.10.22.513328
N443S,2.06012,2.96837,2.0854629396447533,Uncertain,Uncertain,20.4,,,,clinvar,,False,20.4,,,,neutral,neutral,neutral,DOWN,neutral,neutral,neutral,650886,Uncertain significance,2,85.13,-,-0.1553,0.7118,-6.9542,loss_of_function,-2.96340513396174,0.3879410793893655,Uncertain,0.1584,benign,https://doi.org/10.1101/2022.10.22.513328
E445D,0.61385,0.58605,0.4261732785208677,Neutral,Neutral,66.2,,,,clinvar,,False,66.2,,,,neutral,neutral,neutral,DOWN,neutral,neutral,neutral,852424,Uncertain significance,1,83.82,H,-0.0743,1.1444,-1.3258,loss_of_function,-0.193567584714454,1.5893062640050473e-08,Benign,0.1233,benign,https://doi.org/10.1101/2022.10.22.513328
E445K,0.82822,0.94354,0.2186632567799223,Neutral,Neutral,66.2,,,,clinvar,,False,66.2,,,,neutral,neutral,neutral,UP,neutral,neutral,neutral,1770198,Uncertain significance,2,83.82,H,-0.2352,1.1444,-21.823,loss_of_function,-2.21200003633272,0.8125910845394302,Pathogenic,0.9087,pathogenic,https://doi.org/10.1101/2022.10.22.513328
E445Q,0.86262,0.73878,0.2582719012777973,Neutral,Neutral,66.2,,,,clinvar,,False,66.2,,,,neutral,neutral,neutral,UP,neutral,neutral,neutral,1770202,Uncertain significance,1,83.82,H,-0.1179,1.1444,-8.5351,loss_of_function,-3.29263417747702,0.4488021527176613,Uncertain,0.7722,pathogenic,https://doi.org/10.1101/2022.10.22.513328
G446A,0.65129,0.16088,-0.6128648542273579,Neutral,Neutral,17.4,,,,clinvar,,False,17.4,,,,neutral,neutral,neutral,UP,neutral,neutral,neutral,1770272,Uncertain significance,1,88.27,H,-0.2674,0.5037,-8.5312,loss_of_function,-4.93367756755756,0.8280454265238191,Pathogenic,0.8416,pathogenic,https://doi.org/10.1101/2022.10.22.513328
G446D,3.64879,5.2449,1.1683302439988124,Destabilizing,Uncertain,17.4,,,,clinvar,,False,17.4,,,,neutral,neutral,neutral,UP,neutral,neutral,neutral,1004118,Uncertain significance,1,88.27,H,-0.3954,0.5037,-21.8191,loss_of_function,-6.79049232595298,0.8934271985671092,Pathogenic,0.9938,pathogenic,https://doi.org/10.1101/2022.10.22.513328
G446S,2.34268,2.39898,0.0907481299709678,Uncertain,Uncertain,17.4,,,,clinvar,,False,17.4,,,,neutral,neutral,neutral,UP,neutral,neutral,neutral,1770245,Uncertain significance,1,88.27,H,-0.263,0.5037,-6.5314,loss_of_function,-4.21905706495225,0.4353058387591651,Uncertain,0.917,pathogenic,https://doi.org/10.1101/2022.10.22.513328
V447I,-0.14174,0.37823,0.4712306818464262,Neutral,Neutral,0.2,,,,clinvar,,False,0.2,,,,neutral,neutral,neutral,UP,neutral,neutral,neutral,663521,Uncertain significance,2,90.75,H,-0.0869,1.0812,-2.6084,loss_of_function,-1.22675462051669,1.1108803138026542e-05,Benign,0.2237,benign,https://doi.org/10.1101/2022.10.22.513328
V447L,0.05592,1.86769,0.9541018100296028,Neutral,Neutral,0.2,,,,clinvar,,False,0.2,,,,neutral,neutral,neutral,UP,neutral,neutral,neutral,1381923,Uncertain significance,2,90.75,H,-0.1771,1.0812,-7.5391,loss_of_function,-2.49535166214741,0.4437491130550108,Uncertain,0.9417,pathogenic,https://doi.org/10.1101/2022.10.22.513328
K448N,0.94016,2.06054,0.7524981302965827,Uncertain,Neutral,48.0,,,,clinvar,,False,48.0,,,,neutral,neutral,neutral,DOWN,neutral,neutral,neutral,1770434,Uncertain significance,1,86.24,H,-0.2055,0.6545,-7.543,loss_of_function,-3.63166427077322,0.8573892939009564,Pathogenic,0.9462,pathogenic,https://doi.org/10.1101/2022.10.22.513328
K448Q,0.49126,1.99762,0.7937803831379305,Neutral,Neutral,48.0,,,,clinvar,,False,48.0,,,,neutral,neutral,neutral,DOWN,neutral,neutral,neutral,1770386,Uncertain significance,1,86.24,H,-0.1916,0.6545,-8.5429,loss_of_function,-4.94226121149673,0.8241972863679624,Pathogenic,0.4848,ambiguous,https://doi.org/10.1101/2022.10.22.513328
K448T,0.43151,1.88571,0.7562634146495658,Neutral,Neutral,48.0,,,0.395,"cBioPortal,COSMIC",,False,48.0,,,,neutral,neutral,neutral,DOWN,neutral,neutral,neutral,,,,86.24,H,-0.2822,0.6545,-21.8308,loss_of_function,-5.55391123452556,0.8949114032537789,Pathogenic,0.8434,pathogenic,https://doi.org/10.1101/2022.10.22.513328
L449F,0.01452,0.89388,0.9274643684771202,Neutral,Neutral,56.5,,,,clinvar,,False,56.5,,,,neutral,neutral,neutral,UP,neutral,neutral,neutral,1770459,Uncertain significance,1,87.11,H,-0.1673,1.9945,-21.8269,loss_of_function,-5.3403782822164,0.0021695825299164,Benign,0.7056,pathogenic,https://doi.org/10.1101/2022.10.22.513328
L449R,0.69667,2.53299,1.0817609082870667,Uncertain,Neutral,56.5,,,,clinvar,,False,56.5,,,,neutral,neutral,neutral,UP,neutral,neutral,neutral,1444436,Uncertain significance,1,87.11,H,-0.2412,1.9945,-7.5391,loss_of_function,-3.85894661702269,0.0049813545816715,Benign,0.8881,pathogenic,https://doi.org/10.1101/2022.10.22.513328
V450I,1.73329,1.1119,0.7544859531760536,Neutral,Neutral,0.0,,,,clinvar,,False,0.0,,,,neutral,neutral,neutral,UP,neutral,neutral,neutral,1770524,Uncertain significance,1,93.39,H,-0.1424,0.5522,-3.9542,loss_of_function,-1.47216865876761,0.0324383778569634,Benign,0.5354,ambiguous,https://doi.org/10.1101/2022.10.22.513328
V450L,2.54374,2.02789,1.634951994493743,Uncertain,Uncertain,0.0,,,,clinvar,,False,0.0,,,,neutral,neutral,neutral,UP,neutral,neutral,neutral,1770530,Uncertain significance,1,93.39,H,-0.2165,0.5522,-5.7318,loss_of_function,-2.1633727008004,0.6183197323418972,Uncertain,0.9738,pathogenic,https://doi.org/10.1101/2022.10.22.513328
R451Q,0.5744,1.32823,1.1102080994730612,Neutral,Neutral,28.6,,,,clinvar,,True,28.6,,,,neutral,neutral,neutral,DOWN,neutral,neutral,neutral,647541,Conflicting interpretations of pathogenicity,1,91.49,H,-0.181,1.1432,-2.9503,loss_of_function,-1.91429118059525,0.0004627091179506,Benign,0.2059,benign,https://doi.org/10.1101/2022.10.22.513328
M452I,0.61512,-0.36259,-0.0497614909310806,Neutral,Neutral,52.1,6.36699350567e-05,5.56850453833e-05,0.222,"cBioPortal,COSMIC,clinvar",,True,52.1,,,,neutral,neutral,neutral,-,uncertain,uncertain,uncertain,658356,Uncertain significance,2,87.78,H,-0.0205,2.2282,-3.9184,loss_of_function,-0.0887360164315435,5.2826404130051584e-06,Benign,0.3652,ambiguous,https://doi.org/10.1101/2022.10.22.513328
M452V,1.27491,0.22143,0.2017084571214411,Neutral,Neutral,52.1,,,,clinvar,,True,52.1,,,,neutral,neutral,neutral,DOWN,neutral,neutral,neutral,1039936,Uncertain significance,2,87.78,H,-0.0609,2.2282,-5.5622,loss_of_function,-0.965962934862411,8.886883756889315e-05,Benign,0.1419,benign,https://doi.org/10.1101/2022.10.22.513328
S453F,-0.86647,2.50544,-2.211474825353972,Uncertain,Uncertain,5.4,,,0.374,"cBioPortal,COSMIC",P,True,5.4,1.751,,,uncertain,neutral,uncertain,UP,neutral,neutral,neutral,,,,91.51,H,-0.2667,0.977,-21.85,loss_of_function,-5.55986780242811,0.0095183745036113,Benign,0.9437,pathogenic,https://doi.org/10.1101/2022.10.22.513328
A454E,3.48336,3.22143,1.4466277580136648,Destabilizing,Uncertain,4.7,,,,clinvar,,True,4.7,,,,neutral,neutral,neutral,UP,neutral,neutral,neutral,1018603,Uncertain significance,1,95.23,H,-0.3606,0.4937,-21.85,loss_of_function,-6.89376281790378,0.7782480054025501,Pathogenic,0.992,pathogenic,https://doi.org/10.1101/2022.10.22.513328
A454V,1.54159,0.6915,0.0365935395688871,Neutral,Neutral,4.7,,7.9551330496e-06,0.283,"cBioPortal,COSMIC,clinvar",,True,4.7,,,,neutral,neutral,neutral,UP,neutral,neutral,neutral,643963,Uncertain significance,2,95.23,H,-0.188,0.4937,-7.5622,loss_of_function,-3.45786399897918,0.2731325677735977,Benign,0.7228,pathogenic,https://doi.org/10.1101/2022.10.22.513328
S455G,1.2186,0.86156,0.770049943135297,Neutral,Neutral,72.3,,,,clinvar,P,True,72.3,0.892,,,damaging,neutral,potentially_damaging,DOWN,neutral,neutral,neutral,1483858,Uncertain significance,1,91.25,H,0.072,2.9734,-4.9773,gain_of_function,-0.859922259234401,0.0001680264730602,Benign,0.0699,benign,https://doi.org/10.1101/2022.10.22.513328
S455R,0.35034,0.04626,-0.6961635710701253,Neutral,Neutral,72.3,,,,clinvar,P,True,72.3,0.892,,,damaging,neutral,potentially_damaging,UP,neutral,neutral,neutral,1487025,Uncertain significance,1,91.25,H,-0.0208,2.9734,-6.5622,loss_of_function,-2.37758746117458,0.0002091864164695,Benign,0.5665,pathogenic,https://doi.org/10.1101/2022.10.22.513328
Q456H,0.78966,1.37653,-0.2550220022260946,Neutral,Neutral,48.2,,,,clinvar,,True,48.2,,,,neutral,neutral,neutral,UP,neutral,neutral,neutral,663068,Uncertain significance,1,90.42,H,-0.0705,1.4143,-2.585,loss_of_function,-0.558024447347398,0.0006033314275238,Benign,0.2864,benign,https://doi.org/10.1101/2022.10.22.513328
Q456P,2.60338,11.45612,6.203344477973065,Uncertain,Uncertain,48.2,,,,clinvar,,True,48.2,,,,neutral,neutral,neutral,DOWN,neutral,neutral,neutral,2448353,Uncertain significance,1,90.42,H,-0.3414,1.4143,-21.85,loss_of_function,-5.22481820458863,0.7249117544491287,Pathogenic,0.9703,pathogenic,https://doi.org/10.1101/2022.10.22.513328
A459G,0.84159,1.24898,0.6997395390437783,Neutral,Neutral,52.7,,,,clinvar,,True,52.7,,,,neutral,neutral,neutral,DOWN,neutral,neutral,neutral,2072080,Uncertain significance,2,91.99,H,-0.0123,2.6101,-6.2365,loss_of_function,-1.02410495998535,0.002859255754625,Benign,0.1333,benign,https://doi.org/10.1101/2022.10.22.513328
A459T,1.00338,1.23776,0.6340335990542519,Neutral,Neutral,52.7,,,0.122,"cBioPortal,clinvar",,True,52.7,,,,neutral,neutral,neutral,UP,neutral,neutral,neutral,2563285,Uncertain significance,1,91.99,H,0.0314,2.6101,-2.149,gain_of_function,-0.0171097771657999,8.033844719175289e-11,Benign,0.0718,benign,https://doi.org/10.1101/2022.10.22.513328
A459V,1.27358,0.81054,0.4002229084894443,Neutral,Neutral,52.7,,,,clinvar,,True,52.7,,,,neutral,neutral,neutral,UP,neutral,neutral,neutral,1771168,Uncertain significance,1,91.99,H,-0.0661,2.6101,-21.8461,loss_of_function,-1.11078808340731,0.0023645269977596,Benign,0.1203,benign,https://doi.org/10.1101/2022.10.22.513328
L460F,1.61146,1.53367,1.4237073372239384,Neutral,Neutral,7.4,,3.978864273e-06,0.510,"COSMIC,clinvar",,True,7.4,,,,neutral,neutral,neutral,UP,neutral,neutral,neutral,1354823,Uncertain significance,1,92.74,H,-0.3178,0.3601,-21.8461,loss_of_function,-6.75793881449004,0.8977200509131069,Pathogenic,0.7204,pathogenic,https://doi.org/10.1101/2022.10.22.513328
L460P,6.82223,8.44116,9.133715084696147,Destabilizing,Destabilizing,7.4,,,,clinvar,,True,7.4,,,,neutral,neutral,neutral,DOWN,neutral,neutral,neutral,660882,Uncertain significance,1,92.74,H,-0.4678,0.3601,-21.8461,loss_of_function,-7.16732569773933,0.874081994963831,Pathogenic,0.998,pathogenic,https://doi.org/10.1101/2022.10.22.513328
L460V,2.20249,1.36361,1.881502267919463,Uncertain,Uncertain,7.4,,,,clinvar,,True,7.4,,,,neutral,neutral,neutral,DOWN,neutral,neutral,neutral,936677,Uncertain significance,2,92.74,H,-0.2269,0.3601,-8.5583,loss_of_function,-4.30212903189003,0.720288169739085,Pathogenic,0.3621,ambiguous,https://doi.org/10.1101/2022.10.22.513328
C461R,0.31162,-0.04082,-0.5213078324137327,Neutral,Neutral,8.1,,,,clinvar,,False,8.1,,,,neutral,neutral,neutral,UP,neutral,neutral,neutral,1771306,Uncertain significance,1,96.78,H,-0.3988,0.8272,-8.5583,loss_of_function,-5.71920678143524,0.3186493354646425,Benign,0.9931,pathogenic,https://doi.org/10.1101/2022.10.22.513328
C461S,1.17528,0.84422,0.8706694747652799,Neutral,Neutral,8.1,,,,clinvar,,False,8.1,,,,neutral,neutral,neutral,DOWN,neutral,neutral,neutral,1015110,Uncertain significance,2,96.78,H,-0.322,0.8272,-5.5584,loss_of_function,-2.19790766886268,0.0820211322934088,Benign,0.8739,pathogenic,https://doi.org/10.1101/2022.10.22.513328
P462L,1.70387,-2.70918,-1.375479180402327,Uncertain,Neutral,40.6,,3.9839050237e-06,0.679,"cBioPortal,clinvar",,False,40.6,,,,neutral,neutral,neutral,UP,neutral,neutral,neutral,651177,Uncertain significance,2,96.03,H,-0.3489,0.2769,-21.8423,loss_of_function,-2.98713408306585,0.8926464236638413,Pathogenic,0.9408,pathogenic,https://doi.org/10.1101/2022.10.22.513328
Q463H,2.03762,1.36156,0.4517221482175676,Uncertain,Uncertain,7.4,,,0.627,cBioPortal,,False,7.4,,,,neutral,neutral,neutral,UP,neutral,neutral,neutral,,,,93.27,H,-0.2029,0.3078,-8.5659,loss_of_function,-7.0474408226279,0.8914144579671857,Pathogenic,0.9819,pathogenic,https://doi.org/10.1101/2022.10.22.513328
Q463L,-2.02504,-1.38605,-1.1315241545596588,Uncertain,Uncertain,7.4,,,,clinvar,,False,7.4,,,,neutral,neutral,neutral,UP,neutral,neutral,neutral,1716480,Uncertain significance,1,93.27,H,-0.2885,0.3078,-21.8538,loss_of_function,-7.0474408226279,0.8489458166732535,Pathogenic,0.801,pathogenic,https://doi.org/10.1101/2022.10.22.513328
V464F,7.58672,3.67823,3.359105338013749,Destabilizing,Destabilizing,0.0,,,,clinvar,,False,0.0,,,,neutral,neutral,neutral,UP,neutral,neutral,neutral,657057,Uncertain significance,2,95.66,H,-0.3889,0.406,-21.8651,loss_of_function,-6.21116331899328,0.8918179247762279,Pathogenic,0.9911,pathogenic,https://doi.org/10.1101/2022.10.22.513328
I465V,0.96362,0.43299,1.0302214274408308,Neutral,Neutral,8.3,,,,clinvar,,False,8.3,,,,neutral,neutral,neutral,DOWN,neutral,neutral,neutral,839609,Conflicting interpretations of pathogenicity,1,97.3,H,-0.0979,0.8285,-3.1255,loss_of_function,-1.05141786330472,0.0005222014026786,Benign,0.1883,benign,https://doi.org/10.1101/2022.10.22.513328
N466D,1.38132,1.27891,1.6145763958211437,Neutral,Neutral,17.4,,,,clinvar,,False,17.4,,,,neutral,neutral,neutral,-,uncertain,uncertain,uncertain,658543,Uncertain significance,2,94.32,H,-0.2959,0.373,-21.8727,loss_of_function,-3.88235280926358,0.8038184847381507,Pathogenic,0.9546,pathogenic,https://doi.org/10.1101/2022.10.22.513328
A467D,5.61351,2.91054,3.914920348672739,Uncertain,Destabilizing,0.2,,,0.718,"cBioPortal,COSMIC",,False,0.2,,,,neutral,neutral,neutral,UP,neutral,neutral,neutral,,,,93.26,H,-0.387,0.3637,-21.8764,loss_of_function,-6.63719370999034,0.8940207200016376,Pathogenic,0.9993,pathogenic,https://doi.org/10.1101/2022.10.22.513328
A467V,4.56609,-0.38401,1.1651788946151005,Uncertain,Uncertain,0.2,,,,clinvar,,False,0.2,,,,neutral,neutral,neutral,UP,neutral,neutral,neutral,1461907,Uncertain significance,2,93.26,H,-0.2001,0.3637,-7.5886,loss_of_function,-2.27932384993411,0.8976866146336031,Pathogenic,0.988,pathogenic,https://doi.org/10.1101/2022.10.22.513328
A468E,5.98317,6.44252,3.15209297713063,Destabilizing,Destabilizing,0.0,,,0.698,COSMIC,,False,0.0,,,,neutral,neutral,neutral,UP,neutral,neutral,neutral,,,,96.4,H,-0.3857,0.2218,-21.8764,loss_of_function,-7.00041077333837,0.8721495569544371,Pathogenic,0.9998,pathogenic,https://doi.org/10.1101/2022.10.22.513328
A468S,0.6545,1.99286,2.124943055880383,Neutral,Uncertain,0.0,,,0.401,cBioPortal,,False,0.0,,,,neutral,neutral,neutral,-,uncertain,uncertain,uncertain,,,,96.4,H,-0.283,0.2218,-21.8764,loss_of_function,-3.30127182717931,0.8973499599896788,Pathogenic,0.7032,pathogenic,https://doi.org/10.1101/2022.10.22.513328
A468T,1.20663,2.3949,1.2772131823011217,Uncertain,Neutral,0.0,,,0.522,"cBioPortal,clinvar",,False,0.0,,,,neutral,neutral,neutral,UP,neutral,neutral,neutral,648417,Uncertain significance,2,96.4,H,-0.289,0.2218,-21.8764,loss_of_function,-4.20284202653834,0.8865120981195225,Pathogenic,0.9937,pathogenic,https://doi.org/10.1101/2022.10.22.513328
A468V,-0.21171,2.95272,0.3716155679722854,Uncertain,Neutral,0.0,,,,clinvar,,False,0.0,,,,neutral,neutral,neutral,UP,neutral,neutral,neutral,1771856,Uncertain significance,2,96.4,H,-0.2182,0.2218,-8.5886,loss_of_function,-6.34813865616059,0.8745321043542955,Pathogenic,0.9961,pathogenic,https://doi.org/10.1101/2022.10.22.513328
L471V,2.14439,1.44388,1.8363768605586208,Uncertain,Uncertain,0.9,,,0.314,cBioPortal,,False,0.9,,,,neutral,neutral,neutral,DOWN,neutral,neutral,neutral,,,,94.63,H,-0.2251,0.2938,-7.0075,loss_of_function,-1.41372787618769,0.706402051676851,Pathogenic,0.7224,pathogenic,https://doi.org/10.1101/2022.10.22.513328
A472V,0.96112,3.00918,1.3103431772679042,Uncertain,Neutral,0.0,,,,clinvar,,False,0.0,,,,neutral,neutral,neutral,UP,neutral,neutral,neutral,1492449,Uncertain significance,1,96.1,H,-0.1363,1.1117,-8.5886,loss_of_function,-2.28081961474772,0.0983465534314685,Benign,0.9664,pathogenic,https://doi.org/10.1101/2022.10.22.513328
A473E,-0.29792,0.67891,0.8311683448378282,Neutral,Neutral,29.0,,,0.361,"cBioPortal,clinvar",,False,29.0,,,,neutral,neutral,neutral,UP,neutral,neutral,neutral,2448346,Uncertain significance,1,94.27,H,-0.221,1.1463,-6.2668,loss_of_function,-3.41006898103533,0.0803826579504276,Benign,0.8631,pathogenic,https://doi.org/10.1101/2022.10.22.513328
A473G,1.301,1.59728,1.3514913515741545,Neutral,Neutral,29.0,,,,clinvar,,False,29.0,,,,neutral,neutral,neutral,DOWN,neutral,neutral,neutral,951657,Uncertain significance,1,94.27,H,-0.159,1.1463,-8.5886,loss_of_function,-5.16484077149984,0.7541643623483874,Pathogenic,0.4067,ambiguous,https://doi.org/10.1101/2022.10.22.513328
A473T,0.64377,0.09388,0.8587607063108854,Neutral,Neutral,29.0,,,0.253,"cBioPortal,COSMIC,clinvar",,False,29.0,,,,neutral,neutral,neutral,UP,neutral,neutral,neutral,2053860,Uncertain significance,1,94.27,H,-0.1361,1.1463,-8.5886,loss_of_function,-1.07588122775704,0.7800959582831039,Pathogenic,0.3449,ambiguous,https://doi.org/10.1101/2022.10.22.513328
P475L,2.29142,2.47279,-0.4602653663568656,Uncertain,Uncertain,26.4,,,,clinvar,,True,26.4,,,,neutral,neutral,neutral,UP,neutral,neutral,neutral,1356493,Uncertain significance,1,91.44,T,-0.2513,0.6007,-8.5621,loss_of_function,-5.78803899680684,0.8920340769214713,Pathogenic,0.9907,pathogenic,https://doi.org/10.1101/2022.10.22.513328
P475Q,2.65326,1.95544,0.3740326298059632,Uncertain,Uncertain,26.4,,,,clinvar,,True,26.4,,,,neutral,neutral,neutral,UP,neutral,neutral,neutral,952919,Uncertain significance,1,91.44,T,-0.231,0.6007,-8.5621,loss_of_function,-4.59795401429384,0.7712983880613163,Pathogenic,0.9506,pathogenic,https://doi.org/10.1101/2022.10.22.513328
P475S,2.28408,1.43299,0.3463254332901955,Uncertain,Uncertain,26.4,,,,clinvar,,True,26.4,,,,neutral,neutral,neutral,DOWN,neutral,neutral,neutral,1500092,Uncertain significance,1,91.44,T,-0.1942,0.6007,-6.9772,loss_of_function,-2.08474685462848,0.1171671198787667,Benign,0.9213,pathogenic,https://doi.org/10.1101/2022.10.22.513328
Q476P,0.2603,4.69116,1.564589570802219,Uncertain,Neutral,99.8,,,,clinvar,,True,99.8,,,,neutral,neutral,neutral,DOWN,neutral,neutral,neutral,1002361,Uncertain significance,2,91.54,T,-0.2338,2.5855,-21.8802,loss_of_function,-3.47410738494761,0.000625748397817,Benign,0.2986,benign,https://doi.org/10.1101/2022.10.22.513328
Q476R,-0.04806,0.37211,-0.1728689493108653,Neutral,Neutral,99.8,,,0.121,COSMIC,,True,99.8,,,,neutral,neutral,neutral,UP,neutral,neutral,neutral,,,,91.54,T,0.0057,2.5855,-2.7596,gain_of_function,-0.72134467256017,4.33830994660458e-15,Benign,0.1313,benign,https://doi.org/10.1101/2022.10.22.513328
S477R,2.47894,1.6932,-0.1922397221409383,Uncertain,Uncertain,27.1,,,,clinvar,P,True,27.1,-1.533,,,damaging,uncertain,potentially_damaging,UP,neutral,neutral,neutral,1356861,Uncertain significance,1,88.87,-,-0.2787,0.2821,-8.5886,loss_of_function,-5.64947227856413,0.8976961747382325,Pathogenic,0.9951,pathogenic,https://doi.org/10.1101/2022.10.22.513328
K478E,-1.17764,0.17007,0.1730146651577452,Neutral,Neutral,85.9,,,,clinvar,,True,85.9,,,,neutral,neutral,neutral,DOWN,neutral,neutral,neutral,2448330,Uncertain significance,1,88.17,H,-0.1623,1.1664,-7.0037,loss_of_function,-1.41318685446806,0.0908609075148345,Benign,0.4118,ambiguous,https://doi.org/10.1101/2022.10.22.513328
A480T,2.01798,1.57109,2.0768974149018096,Uncertain,Uncertain,0.4,,,,clinvar,,False,0.4,,,,neutral,neutral,neutral,UP,neutral,neutral,neutral,1772649,Uncertain significance,1,87.74,H,-0.1284,1.1016,-6.263,loss_of_function,-1.08055940891639,0.6332525780115384,Uncertain,0.7321,pathogenic,https://doi.org/10.1101/2022.10.22.513328
Q481R,0.06974,0.11701,-0.1209108907752742,Neutral,Neutral,51.5,,,0.129,"cBioPortal,clinvar",,False,51.5,,,,neutral,neutral,neutral,UP,neutral,neutral,neutral,2134341,Uncertain significance,1,90.71,H,-0.0986,1.5527,-4.5774,loss_of_function,-1.38844156936337,0.0002555861109568,Benign,0.2042,benign,https://doi.org/10.1101/2022.10.22.513328
E482D,0.60916,-0.16224,0.3281119752320333,Neutral,Neutral,64.6,,,0.088,cBioPortal,,False,64.6,,,,neutral,neutral,neutral,DOWN,neutral,neutral,neutral,,,,88.7,H,-0.0029,1.928,-1.4482,loss_of_function,-0.0595024173593843,2.660983037749609e-07,Benign,0.0943,benign,https://doi.org/10.1101/2022.10.22.513328
E482K,0.37431,0.24388,0.0308561859439304,Neutral,Neutral,64.6,,,0.353,cBioPortal,,False,64.6,,,,neutral,neutral,neutral,UP,neutral,neutral,neutral,,,,88.7,H,-0.0779,1.928,-5.118,loss_of_function,-1.43881834852025,0.0132630181844808,Benign,0.3469,ambiguous,https://doi.org/10.1101/2022.10.22.513328
M484T,3.47512,1.74252,2.422509788104548,Uncertain,Uncertain,1.4,,3.9804480392e-06,0.774,"cBioPortal,clinvar",,False,1.4,,,,neutral,neutral,neutral,DOWN,neutral,neutral,neutral,840104,Uncertain significance,2,93.7,H,-0.2591,0.4786,-8.5773,loss_of_function,-5.49659058416064,0.7918523584886472,Pathogenic,0.973,pathogenic,https://doi.org/10.1101/2022.10.22.513328
M484V,2.90823,0.09354,1.024525510191178,Uncertain,Uncertain,1.4,,,,clinvar,,False,1.4,,,,neutral,neutral,neutral,DOWN,neutral,neutral,neutral,653094,Uncertain significance,1,93.7,H,-0.2322,0.4786,-7.5774,loss_of_function,-1.4818799371947,0.8085307288271343,Pathogenic,0.7486,pathogenic,https://doi.org/10.1101/2022.10.22.513328
D485H,-0.04719,0.9017,-0.4648500298083752,Neutral,Neutral,67.4,,,0.610,cBioPortal,,False,67.4,,,,neutral,neutral,neutral,UP,neutral,neutral,neutral,,,,92.42,H,-0.1441,1.5666,-8.5773,loss_of_function,-3.96705345729119,0.5571956299057464,Uncertain,0.7104,pathogenic,https://doi.org/10.1101/2022.10.22.513328
L486I,0.48045,-0.09388,0.5716082004448932,Neutral,Neutral,50.7,,,0.056,"COSMIC,clinvar",,False,50.7,,,,neutral,neutral,neutral,-,uncertain,uncertain,uncertain,1773057,Uncertain significance,2,87.9,H,0.0143,2.3664,-4.5774,gain_of_function,-0.0599952171633801,2.8282375706652112e-11,Benign,0.0804,benign,https://doi.org/10.1101/2022.10.22.513328
F487C,2.87047,3.43605,3.5750545850385578,Uncertain,Uncertain,3.6,,,0.666,cBioPortal,,False,3.6,,,,neutral,neutral,neutral,DOWN,neutral,neutral,neutral,,,,91.25,H,-0.3312,0.9163,-21.8614,loss_of_function,-5.1702571143326,0.8425053948985355,Pathogenic,0.9803,pathogenic,https://doi.org/10.1101/2022.10.22.513328
E489A,-0.11578,0.46871,-0.0348703201454519,Neutral,Neutral,80.6,,,,clinvar,,False,80.6,,,,neutral,neutral,neutral,DOWN,neutral,neutral,neutral,1045007,Uncertain significance,1,93.63,H,0.0018,2.6171,-6.2479,gain_of_function,-0.842693804691199,8.42792280823933e-07,Benign,0.1446,benign,https://doi.org/10.1101/2022.10.22.513328
Q490L,-1.29864,-1.07755,-1.1871286059504476,Neutral,Neutral,19.7,,,,clinvar,,False,19.7,,,,neutral,neutral,neutral,UP,neutral,neutral,neutral,658331,Uncertain significance,2,90.58,H,-0.013,2.3341,-4.3961,loss_of_function,-0.62152954821831,1.0643675842792366e-06,Benign,0.1602,benign,https://doi.org/10.1101/2022.10.22.513328
W491G,7.80774,7.6534,7.675081550870007,Destabilizing,Destabilizing,0.1,,,,clinvar,,False,0.1,,,,neutral,neutral,neutral,DOWN,neutral,neutral,neutral,1773374,Uncertain significance,1,95.51,H,-0.5457,0.1531,-21.8538,loss_of_function,-7.08784943915209,0.8894587038631789,Pathogenic,0.9964,pathogenic,https://doi.org/10.1101/2022.10.22.513328
E492G,1.5131,2.33741,1.5526831285281502,Uncertain,Neutral,28.8,,,,clinvar,,False,28.8,,,,neutral,neutral,neutral,DOWN,neutral,neutral,neutral,2135322,Uncertain significance,1,96.07,H,-0.1696,1.1076,-7.566,loss_of_function,-5.82927539420516,0.8706232156596674,Pathogenic,0.7045,pathogenic,https://doi.org/10.1101/2022.10.22.513328
E492V,1.00875,0.42483,-0.0548417616466245,Neutral,Neutral,28.8,,,0.386,"cBioPortal,COSMIC",,False,28.8,,,,neutral,neutral,neutral,-,uncertain,uncertain,uncertain,,,,96.07,H,-0.1622,1.1076,-8.5659,loss_of_function,-2.38787301044263,0.6444320339128908,Uncertain,0.7435,pathogenic,https://doi.org/10.1101/2022.10.22.513328
K493E,0.47538,0.31905,0.2384571560042492,Neutral,Neutral,77.9,,,,clinvar,,False,77.9,,,,neutral,neutral,neutral,DOWN,neutral,neutral,neutral,2056298,Uncertain significance,1,94.06,H,-0.0281,2.4719,-4.2441,loss_of_function,-1.3531550380598,1.2719617149027058e-06,Benign,0.2634,benign,https://doi.org/10.1101/2022.10.22.513328
Q494K,0.08237,2.27619,1.480335106635681,Uncertain,Neutral,10.7,,,,clinvar,,False,10.7,,,,neutral,neutral,neutral,UP,neutral,neutral,neutral,659779,Uncertain significance,2,94.59,H,-0.0861,1.6613,-3.8112,loss_of_function,-2.40085668673922,0.0691307393711429,Benign,0.5896,pathogenic,https://doi.org/10.1101/2022.10.22.513328
Q494L,-1.97472,0.13503,0.0514420402351206,Neutral,Neutral,10.7,,,0.452,cBioPortal,,False,10.7,,,,neutral,neutral,neutral,UP,neutral,neutral,neutral,,,,94.59,H,-0.164,1.6613,-21.8538,loss_of_function,-4.71192187152523,0.5851834928155483,Uncertain,0.5267,ambiguous,https://doi.org/10.1101/2022.10.22.513328
V495I,0.0379,1.56633,0.1372418034815681,Neutral,Neutral,4.8,,,0.243,cBioPortal,,False,4.8,,,,neutral,neutral,neutral,UP,neutral,neutral,neutral,,,,96.46,H,-0.0931,1.0247,-2.8074,loss_of_function,-1.23377230990066,0.0087631316773936,Benign,0.3239,benign,https://doi.org/10.1101/2022.10.22.513328
R496C,1.22432,0.57007,2.047420226700164,Neutral,Uncertain,83.5,3.18511912346e-05,3.9801311851e-06,0.352,"cBioPortal,COSMIC,clinvar",,True,83.5,,,,neutral,neutral,neutral,DOWN,neutral,neutral,neutral,661257,Uncertain significance,2,93.81,H,-0.1933,1.5362,-5.7663,loss_of_function,-1.6105011226556,0.525581772671647,Uncertain,0.1553,benign,https://doi.org/10.1101/2022.10.22.513328
R496G,1.57458,0.96293,2.452311717723164,Neutral,Uncertain,83.5,,,,clinvar,,True,83.5,,,,neutral,neutral,neutral,DOWN,neutral,neutral,neutral,1524099,Uncertain significance,1,93.81,H,-0.229,1.5362,-7.5736,loss_of_function,-3.74743176780524,0.1455079571869158,Benign,0.3622,ambiguous,https://doi.org/10.1101/2022.10.22.513328
R496H,0.54005,0.09592,1.1027086290565138,Neutral,Neutral,83.5,,,,clinvar,,True,83.5,,,,neutral,neutral,neutral,DOWN,neutral,neutral,neutral,665004,Conflicting interpretations of pathogenicity,1,93.81,H,-0.1382,1.5362,-2.6195,loss_of_function,-1.4676257428408,0.0001016240216305,Benign,0.1014,benign,https://doi.org/10.1101/2022.10.22.513328
R496S,0.66095,0.14694,1.87436154440204,Neutral,Neutral,83.5,,,0.288,cBioPortal,,True,83.5,,,,neutral,neutral,neutral,DOWN,neutral,neutral,neutral,,,,93.81,H,-0.1942,1.5362,-7.5736,loss_of_function,-3.55967506156085,0.2203305347387695,Benign,0.5648,pathogenic,https://doi.org/10.1101/2022.10.22.513328
V497G,1.252,2.70476,1.9853770613543489,Uncertain,Neutral,40.8,,,0.335,cBioPortal,,True,40.8,,,,neutral,neutral,neutral,DOWN,neutral,neutral,neutral,,,,94.3,H,-0.25,1.7065,-8.5735,loss_of_function,-3.94204205424855,0.0807898517403966,Benign,0.6432,pathogenic,https://doi.org/10.1101/2022.10.22.513328
V497I,-0.60605,-0.24796,0.207775272867805,Neutral,Neutral,40.8,,,,clinvar,,True,40.8,,,,neutral,neutral,neutral,UP,neutral,neutral,stabilizing,1525209,Uncertain significance,2,94.3,H,-0.0268,1.7065,-2.1142,loss_of_function,-0.0844070288000287,5.378186494668855e-12,Benign,0.0696,benign,https://doi.org/10.1101/2022.10.22.513328
D500N,-0.69755,0.27755,-0.1407432944147829,Neutral,Neutral,48.6,,,,clinvar,,True,48.6,,,,neutral,neutral,neutral,-,uncertain,uncertain,uncertain,1773926,Conflicting interpretations of pathogenicity,1,92.7,H,-0.1715,1.5421,-21.8576,loss_of_function,-2.72046394663634,0.2013635595716454,Benign,0.6157,pathogenic,https://doi.org/10.1101/2022.10.22.513328
A501V,2.31155,2.85918,0.2709945350381637,Uncertain,Uncertain,3.7,,,,clinvar,,True,3.7,,,,neutral,neutral,neutral,UP,neutral,neutral,neutral,1434809,Uncertain significance,2,92.78,H,-0.2869,0.2109,-21.8614,loss_of_function,-6.83712907053625,0.8955488496046221,Pathogenic,0.9786,pathogenic,https://doi.org/10.1101/2022.10.22.513328
V502L,0.3793,1.9881,0.9684750271844134,Neutral,Neutral,0.0,,,,clinvar,,True,0.0,,,,neutral,neutral,neutral,UP,neutral,neutral,neutral,409002,Uncertain significance,2,95.35,H,-0.229,0.3897,-5.2479,loss_of_function,-2.59889136815885,0.8114558651792252,Pathogenic,0.9812,pathogenic,https://doi.org/10.1101/2022.10.22.513328
D503G,0.64453,2.41463,2.794221347891785,Uncertain,Uncertain,9.0,,,,clinvar,,True,9.0,,,,neutral,neutral,neutral,DOWN,neutral,neutral,neutral,2563292,Uncertain significance,1,92.76,H,-0.2696,0.2223,-8.5697,loss_of_function,-6.9676379123651,0.8610795673245613,Pathogenic,0.997,pathogenic,https://doi.org/10.1101/2022.10.22.513328
D503N,-0.38407,0.61905,0.782616003378066,Neutral,Neutral,9.0,,,0.394,"cBioPortal,COSMIC",,True,9.0,,,,neutral,neutral,neutral,-,uncertain,uncertain,uncertain,,,,92.76,H,-0.212,0.2223,-5.9849,loss_of_function,-0.7136329684435,0.8094702264359892,Pathogenic,0.9899,pathogenic,https://doi.org/10.1101/2022.10.22.513328
D504G,-1.11221,1.2449,1.5937807645225477,Neutral,Neutral,18.5,,0.0,0.551,"cBioPortal,clinvar",,True,18.5,,,,neutral,neutral,neutral,DOWN,neutral,neutral,neutral,2448343,Uncertain significance,1,88.67,T,-0.2711,0.9431,-21.8576,loss_of_function,-5.97130692504305,0.8642373461481332,Pathogenic,0.9619,pathogenic,https://doi.org/10.1101/2022.10.22.513328
D504Y,0.21733,-0.55272,-0.5600480997988438,Neutral,Neutral,18.5,,,0.604,"cBioPortal,clinvar",,True,18.5,,,,neutral,neutral,neutral,UP,neutral,neutral,neutral,2016787,Uncertain significance,1,88.67,T,-0.2372,0.9431,-8.5697,loss_of_function,-5.97130692504305,0.8789887011804678,Pathogenic,0.9705,pathogenic,https://doi.org/10.1101/2022.10.22.513328
I505M,1.7003,1.96497,1.860227792152632,Neutral,Neutral,0.0,,,,clinvar,,True,0.0,,,,neutral,neutral,neutral,-,uncertain,uncertain,uncertain,841194,Uncertain significance,1,91.11,T,-0.1809,0.6122,-6.5698,loss_of_function,-2.37230613089437,0.6233557675051522,Uncertain,0.8486,pathogenic,https://doi.org/10.1101/2022.10.22.513328
I505T,2.19079,1.91429,2.7334825982770585,Uncertain,Uncertain,0.0,,,,clinvar,,True,0.0,,,,neutral,neutral,neutral,DOWN,neutral,neutral,neutral,648544,Uncertain significance,1,91.11,T,-0.2576,0.6122,-8.5697,loss_of_function,-5.01710925389094,0.8321971893474116,Pathogenic,0.9792,pathogenic,https://doi.org/10.1101/2022.10.22.513328
I505V,1.27505,1.10306,1.1383884309813477,Neutral,Neutral,0.0,,,,clinvar,,True,0.0,,,,neutral,neutral,neutral,DOWN,neutral,neutral,neutral,1774256,Uncertain significance,1,91.11,T,-0.1261,0.6122,-4.7625,loss_of_function,-1.30890104246104,0.1224014964452121,Benign,0.2682,benign,https://doi.org/10.1101/2022.10.22.513328
T506N,1.8155,0.42075,1.1344479182663365,Neutral,Neutral,12.3,,,,clinvar,P,True,12.3,9.256,,,uncertain,damaging,uncertain,-,uncertain,uncertain,uncertain,1774332,Uncertain significance,1,90.92,S,-0.3077,0.7471,-21.8576,loss_of_function,-6.04179592019297,0.8898925968114928,Pathogenic,0.9708,pathogenic,https://doi.org/10.1101/2022.10.22.513328
S507C,1.56851,0.06531,0.965045622201533,Neutral,Neutral,31.6,,,,clinvar,P,True,31.6,1.626,,,damaging,neutral,potentially_damaging,UP,neutral,neutral,neutral,1019915,Uncertain significance,1,88.11,-,-0.1148,1.5038,-6.9849,loss_of_function,-1.31111390288931,0.0003667454256387,Benign,0.3236,benign,https://doi.org/10.1101/2022.10.22.513328
I508T,2.00319,1.80408,2.25833833163407,Uncertain,Uncertain,8.3,,,,clinvar,,True,8.3,,,,neutral,neutral,neutral,DOWN,neutral,neutral,neutral,1019215,Uncertain significance,2,91.27,H,-0.2594,1.3299,-21.8576,loss_of_function,-4.57947980117821,0.8976566746021994,Pathogenic,0.7354,pathogenic,https://doi.org/10.1101/2022.10.22.513328
I508V,1.3625,0.62075,0.571967627993405,Neutral,Neutral,8.3,,,,clinvar,,True,8.3,,,,neutral,neutral,neutral,DOWN,neutral,neutral,neutral,1377691,Uncertain significance,2,91.27,H,-0.0444,1.3299,-1.6872,loss_of_function,-0.390091167507509,0.0025778719840907,Benign,0.1046,benign,https://doi.org/10.1101/2022.10.22.513328
D509V,1.13845,-0.84966,0.1733894588175605,Neutral,Neutral,38.6,,,,clinvar,,True,38.6,,,,neutral,neutral,neutral,UP,neutral,neutral,neutral,1521616,Uncertain significance,1,90.11,H,-0.2782,0.5197,-8.5697,loss_of_function,-5.736884901839,0.7813004922689639,Pathogenic,0.9926,pathogenic,https://doi.org/10.1101/2022.10.22.513328
D510V,0.3554,-0.67075,1.1001151421297302,Neutral,Neutral,11.8,,,,clinvar,,True,11.8,,,,neutral,neutral,neutral,UP,neutral,neutral,neutral,1719943,Uncertain significance,1,91.37,H,-0.3756,0.198,-21.8576,loss_of_function,-6.97027990581404,0.8960483950619282,Pathogenic,0.9982,pathogenic,https://doi.org/10.1101/2022.10.22.513328
D510Y,0.43918,-0.86054,0.8717743801765587,Neutral,Neutral,11.8,,,0.638,cBioPortal,,True,11.8,,,,neutral,neutral,neutral,UP,neutral,neutral,neutral,,,,91.37,H,-0.3057,0.198,-8.5697,loss_of_function,-4.00345887783481,0.8975806792890431,Pathogenic,0.9968,pathogenic,https://doi.org/10.1101/2022.10.22.513328
F511L,1.21754,1.55204,3.178793542729113,Neutral,Uncertain,1.3,,,,clinvar,,True,1.3,,,,neutral,neutral,neutral,DOWN,neutral,neutral,neutral,2055609,Uncertain significance,1,93.82,H,-0.2542,0.2305,-6.5774,loss_of_function,-3.68868231637842,0.3307167219386231,Uncertain,0.9982,pathogenic,https://doi.org/10.1101/2022.10.22.513328
L512F,3.94493,3.79524,3.298445698287745,Destabilizing,Destabilizing,0.2,,,,clinvar,,True,0.2,,,,neutral,neutral,neutral,UP,neutral,neutral,neutral,654422,Uncertain significance,1,94.75,H,-0.3394,0.1262,-21.8614,loss_of_function,-7.09502946591688,0.8887416153343322,Pathogenic,0.9935,pathogenic,https://doi.org/10.1101/2022.10.22.513328
A513V,0.07944,0.9449,-0.3898653335627172,Neutral,Neutral,8.4,,,,clinvar,,True,8.4,,,,neutral,neutral,neutral,UP,neutral,neutral,neutral,1061245,Uncertain significance,1,92.51,H,-0.1835,1.3352,-21.8614,loss_of_function,-4.22480580254155,0.6194970913230591,Uncertain,0.7546,pathogenic,https://doi.org/10.1101/2022.10.22.513328
V514I,0.56139,0.90714,0.4586542710403191,Neutral,Neutral,0.9,,,,clinvar,,True,0.9,,,,neutral,neutral,neutral,UP,neutral,neutral,neutral,940896,Uncertain significance,2,93.69,H,-0.1756,0.3597,-6.9886,loss_of_function,-1.62334669062825,0.1133282135570901,Benign,0.494,ambiguous,https://doi.org/10.1101/2022.10.22.513328
S515L,-1.07137,-1.78503,-0.8869954955151971,Neutral,Neutral,0.1,,,0.560,cBioPortal,,True,0.1,,,,uncertain,,,UP,neutral,neutral,neutral,,,,94.6,H,-0.2438,0.4273,-7.5698,loss_of_function,-6.26721966625033,0.3782552850263839,Uncertain,0.9565,pathogenic,https://doi.org/10.1101/2022.10.22.513328
E516D,2.36419,1.74524,1.6227632074135652,Uncertain,Uncertain,9.8,,,,clinvar,,True,9.8,,,,neutral,neutral,neutral,DOWN,neutral,neutral,neutral,954525,Uncertain significance,1,95.16,H,-0.1889,0.2127,-6.9772,loss_of_function,-1.56923282527286,0.788023115929177,Pathogenic,0.9935,pathogenic,https://doi.org/10.1101/2022.10.22.513328
N517S,0.42757,0.10034,0.2913868313843026,Neutral,Neutral,68.7,,,0.087,"COSMIC,clinvar",,True,68.7,,,,neutral,neutral,neutral,DOWN,neutral,neutral,neutral,1907573,Uncertain significance,1,93.13,H,-0.0408,1.6976,-2.2916,loss_of_function,-1.06638325174463,4.097213679681054e-11,Benign,0.1318,benign,https://doi.org/10.1101/2022.10.22.513328
L520W,-0.37422,-0.12483,0.290995591954214,Neutral,Neutral,50.0,,,,clinvar,,False,50.0,,,,neutral,neutral,neutral,UP,neutral,neutral,neutral,1775217,Uncertain significance,1,94.82,H,-0.3091,0.7954,-8.5545,loss_of_function,-3.72107165678658,0.885607803438581,Pathogenic,0.9957,pathogenic,https://doi.org/10.1101/2022.10.22.513328
D522E,-1.37994,-0.64218,-0.1472870778027024,Neutral,Neutral,10.5,,,,clinvar,,False,10.5,,,,neutral,neutral,neutral,UP,neutral,neutral,neutral,1394426,Uncertain significance,1,94.62,H,-0.1923,0.2315,-6.5546,loss_of_function,-3.31092675567632,0.6240027108176115,Uncertain,0.9972,pathogenic,https://doi.org/10.1101/2022.10.22.513328
D522H,0.59985,-1.04592,-0.5191973378308551,Neutral,Neutral,10.5,,,0.602,"cBioPortal,COSMIC",,False,10.5,,,,neutral,neutral,neutral,UP,neutral,neutral,neutral,,,,94.62,H,-0.2669,0.2315,-8.5545,loss_of_function,-6.3530826706146,0.8846100597130798,Pathogenic,0.9995,pathogenic,https://doi.org/10.1101/2022.10.22.513328
D522Y,1.43089,-1.13707,-0.9901288648512584,Neutral,Neutral,10.5,,,,clinvar,,False,10.5,,,,neutral,neutral,neutral,UP,neutral,neutral,neutral,1517485,Uncertain significance,1,94.62,H,-0.3704,0.2315,-21.8423,loss_of_function,-6.3530826706146,0.8968384593310812,Pathogenic,0.9991,pathogenic,https://doi.org/10.1101/2022.10.22.513328
V523A,1.88464,1.86905,2.511148423667836,Neutral,Uncertain,8.0,,,,clinvar,,False,8.0,,,,neutral,neutral,neutral,DOWN,neutral,neutral,neutral,2563287,Uncertain significance,1,95.52,H,-0.2013,0.7124,-5.7472,loss_of_function,-2.26654641222981,0.6787188573175156,Uncertain,0.9845,pathogenic,https://doi.org/10.1101/2022.10.22.513328
V523M,-0.50666,1.18197,1.4779911485941413,Neutral,Neutral,8.0,,,,clinvar,,False,8.0,,,,neutral,neutral,neutral,UP,neutral,neutral,neutral,1775399,Uncertain significance,1,95.52,H,-0.2172,0.7124,-6.9696,loss_of_function,-2.58696491196916,0.1233682992890189,Benign,0.9728,pathogenic,https://doi.org/10.1101/2022.10.22.513328
N524K,-0.36701,-0.22381,0.0783995961749539,Neutral,Neutral,72.7,,,,clinvar,,False,72.7,,,,neutral,neutral,neutral,UP,neutral,neutral,neutral,1775526,Uncertain significance,1,94.65,H,-0.1505,0.9478,-3.7434,loss_of_function,-1.98672736327183,0.0606165650556622,Benign,0.9958,pathogenic,https://doi.org/10.1101/2022.10.22.513328
K525R,0.00653,-0.24524,-0.4034190824631778,Neutral,Neutral,58.7,,,,clinvar,,False,58.7,,,,neutral,neutral,neutral,-,uncertain,uncertain,uncertain,1040733,Uncertain significance,1,95.11,H,-0.0547,1.219,-4.7472,loss_of_function,-0.68017727530821,0.0003200104909294,Benign,0.1856,benign,https://doi.org/10.1101/2022.10.22.513328
C526Y,13.8481,3.34966,4.0753236217487165,Destabilizing,Destabilizing,0.0,,,,clinvar,,True,0.0,,,,neutral,neutral,neutral,UP,neutral,neutral,neutral,1931797,Uncertain significance,1,93.9,H,-0.4372,0.6148,-21.8346,loss_of_function,-5.92590103779498,0.8690274951026891,Pathogenic,0.9994,pathogenic,https://doi.org/10.1101/2022.10.22.513328
V527A,1.20507,1.72109,2.073802685840933,Neutral,Uncertain,20.5,,,,clinvar,,True,20.5,,,,neutral,neutral,neutral,DOWN,neutral,neutral,neutral,1775695,Uncertain significance,1,93.37,H,-0.1522,1.3134,-6.9657,loss_of_function,-3.84196813215337,0.4160033041582699,Uncertain,0.9836,pathogenic,https://doi.org/10.1101/2022.10.22.513328
I528N,0.43825,0.76905,0.995919319923344,Neutral,Neutral,64.4,,,,clinvar,,True,64.4,,,,neutral,neutral,neutral,DOWN,neutral,neutral,neutral,1775757,Uncertain significance,1,94.12,H,-0.1927,2.1835,-8.5506,loss_of_function,-3.32852780489917,0.0477930441050105,Benign,0.9194,pathogenic,https://doi.org/10.1101/2022.10.22.513328
I528T,0.96781,0.39082,0.91782642681615,Neutral,Neutral,64.4,,,,clinvar,,True,64.4,,,,neutral,neutral,neutral,DOWN,neutral,neutral,neutral,1391908,Uncertain significance,1,94.12,H,-0.1078,2.1835,-7.5507,loss_of_function,-2.99139819397629,0.0002156840501881,Benign,0.8434,pathogenic,https://doi.org/10.1101/2022.10.22.513328
I528V,0.50754,0.17619,0.5286829983009885,Neutral,Neutral,64.4,,,,clinvar,,True,64.4,,,,neutral,neutral,neutral,DOWN,neutral,neutral,neutral,2563271,Uncertain significance,1,94.12,H,0.02,2.1835,-4.4633,gain_of_function,-0.83606577631547,9.95453062044248e-06,Benign,0.2009,benign,https://doi.org/10.1101/2022.10.22.513328
L530F,0.77857,-0.39626,0.6547117830519805,Neutral,Neutral,3.3,,,0.312,"cBioPortal,COSMIC",,True,3.3,,,,neutral,neutral,neutral,UP,neutral,neutral,neutral,,,,92.25,H,-0.2093,0.8024,-8.5468,loss_of_function,-5.16773032118571,0.8914865530225796,Pathogenic,0.9419,pathogenic,https://doi.org/10.1101/2022.10.22.513328
L530V,1.29677,1.05034,1.8713253784191688,Neutral,Neutral,3.3,,,0.260,cBioPortal,,True,3.3,,,,neutral,neutral,neutral,DOWN,neutral,neutral,neutral,,,,92.25,H,-0.1631,0.8024,-4.0233,loss_of_function,-1.39924566539843,0.0826653496487804,Benign,0.5815,pathogenic,https://doi.org/10.1101/2022.10.22.513328
Q531E,0.07566,0.76497,0.8463323089504732,Neutral,Neutral,56.8,,,,clinvar,,True,56.8,,,,neutral,neutral,neutral,DOWN,neutral,neutral,neutral,2120132,Uncertain significance,1,90.97,H,-0.0735,1.6457,-6.5469,loss_of_function,-2.282978418812,0.0750444676127828,Benign,0.6422,pathogenic,https://doi.org/10.1101/2022.10.22.513328
E532K,-0.84759,-0.16599,-0.062103302667188,Neutral,Neutral,76.3,,,,clinvar,,True,76.3,,,,neutral,neutral,neutral,UP,neutral,neutral,neutral,1474772,Uncertain significance,1,93.23,H,-0.1409,1.3783,-7.5468,loss_of_function,-2.00428275745378,0.1623092340329758,Benign,0.8593,pathogenic,https://doi.org/10.1101/2022.10.22.513328
K533E,2.84093,0.39694,0.3515816397310412,Uncertain,Uncertain,71.8,,,,clinvar,,False,71.8,,,,neutral,neutral,neutral,DOWN,neutral,neutral,neutral,1700595,Uncertain significance,1,90.39,T,-0.0552,2.361,-7.543,loss_of_function,-0.784063654508515,0.0001119320738268,Benign,0.224,benign,https://doi.org/10.1101/2022.10.22.513328
K533N,1.63497,-0.19252,0.0843113967889552,Neutral,Neutral,71.8,,,,clinvar,,False,71.8,,,,neutral,neutral,neutral,DOWN,neutral,neutral,neutral,819639,Uncertain significance,2,90.39,T,-0.0347,2.361,-4.8426,loss_of_function,-0.677984888269418,1.8572089610661865e-07,Benign,0.3177,benign,https://doi.org/10.1101/2022.10.22.513328
K533T,3.51525,1.49524,0.8041865436724821,Uncertain,Uncertain,71.8,,,,clinvar,,False,71.8,,,,neutral,neutral,neutral,DOWN,neutral,neutral,neutral,1388811,Uncertain significance,1,90.39,T,-0.0574,2.361,-8.5429,loss_of_function,-2.35854389461696,0.0055316979828371,Benign,0.3708,ambiguous,https://doi.org/10.1101/2022.10.22.513328
D534N,2.51204,0.55408,0.6213726885639825,Uncertain,Uncertain,62.1,,,0.263,cBioPortal,,False,62.1,,,,neutral,neutral,neutral,-,uncertain,uncertain,uncertain,,,,94.02,-,-0.1511,0.7463,-3.5025,loss_of_function,-1.06976827164606,0.0001951966819596,Benign,0.413,ambiguous,https://doi.org/10.1101/2022.10.22.513328
G537D,-0.02968,-0.01633,0.0504471168168385,Neutral,Neutral,27.5,,,0.235,COSMIC,,False,27.5,,,,neutral,neutral,neutral,UP,neutral,neutral,neutral,,,,93.86,H,-0.0939,2.8013,-4.1507,loss_of_function,-0.666049689064909,1.5810625338762595e-06,Benign,0.8577,pathogenic,https://doi.org/10.1101/2022.10.22.513328
L538V,2.84456,2.09218,1.807018685925743,Uncertain,Uncertain,0.0,,,,clinvar,,False,0.0,,,,neutral,neutral,neutral,DOWN,neutral,neutral,neutral,945588,Uncertain significance,1,94.47,H,-0.2024,0.409,-4.6361,loss_of_function,-1.40925093921432,0.0043359839249272,Benign,0.6269,pathogenic,https://doi.org/10.1101/2022.10.22.513328
D539E,-0.87763,-1.11156,-0.0161029838791454,Neutral,Neutral,69.3,,,,clinvar,,False,69.3,,,,neutral,neutral,neutral,UP,neutral,neutral,neutral,646612,Uncertain significance,2,91.58,H,-0.1422,0.7021,-5.2211,loss_of_function,-0.96081130332407,0.0828039602253269,Benign,0.987,pathogenic,https://doi.org/10.1101/2022.10.22.513328
D539N,0.00508,0.31224,0.0107391879469448,Neutral,Neutral,69.3,,,,clinvar,,False,69.3,,,,neutral,neutral,neutral,-,uncertain,uncertain,uncertain,1776476,Uncertain significance,1,91.58,H,-0.2487,0.7021,-21.8308,loss_of_function,-0.722327362433976,0.8464994754400346,Pathogenic,0.9907,pathogenic,https://doi.org/10.1101/2022.10.22.513328
D539Y,-0.71794,-0.54728,-0.2846241248854286,Neutral,Neutral,69.3,,,,clinvar,,False,69.3,,,,neutral,neutral,neutral,UP,neutral,neutral,neutral,642347,Uncertain significance,2,91.58,H,-0.2592,0.7021,-8.5429,loss_of_function,-4.48886587452798,0.8632215231310052,Pathogenic,0.9947,pathogenic,https://doi.org/10.1101/2022.10.22.513328
R540C,1.52965,0.73231,1.4539577115289937,Neutral,Neutral,84.6,,3.9770603161e-06,0.305,"cBioPortal,COSMIC,clinvar",,False,84.6,,,,neutral,neutral,neutral,DOWN,neutral,neutral,neutral,661855,Uncertain significance,2,91.7,H,-0.2246,1.1658,-5.225,loss_of_function,-1.34668309188815,0.2611123247112087,Benign,0.8792,pathogenic,https://doi.org/10.1101/2022.10.22.513328
R540G,1.37,0.92143,1.573097161660808,Neutral,Neutral,84.6,,,,clinvar,,False,84.6,,,,neutral,neutral,neutral,DOWN,neutral,neutral,neutral,1776533,Uncertain significance,1,91.7,H,-0.3359,1.1658,-21.8346,loss_of_function,-2.32949746340801,0.6870495824858205,Pathogenic,0.9606,pathogenic,https://doi.org/10.1101/2022.10.22.513328
R540H,0.64943,0.58707,0.6472272610971191,Neutral,Neutral,84.6,,2.78460669419e-05,0.259,"cBioPortal,COSMIC,clinvar",,False,84.6,,,,neutral,neutral,neutral,DOWN,neutral,neutral,neutral,651191,Conflicting interpretations of pathogenicity,1,91.7,H,-0.1855,1.1658,-5.225,loss_of_function,-2.04801522707424,0.0936018190074135,Benign,0.8431,pathogenic,https://doi.org/10.1101/2022.10.22.513328
R540P,2.87121,8.76122,7.109322834202005,Uncertain,Uncertain,84.6,,,,clinvar,,False,84.6,,,,neutral,neutral,neutral,DOWN,neutral,neutral,neutral,843840,Uncertain significance,2,91.7,H,-0.4426,1.1658,-21.8346,loss_of_function,-4.73884585427036,0.7478074239097984,Pathogenic,0.999,pathogenic,https://doi.org/10.1101/2022.10.22.513328
R540S,0.92545,0.1381,1.0916014777716114,Neutral,Neutral,84.6,,,,clinvar,,False,84.6,,,,neutral,neutral,neutral,DOWN,neutral,neutral,neutral,1776531,Uncertain significance,1,91.7,H,-0.2333,1.1658,-8.5468,loss_of_function,-1.80264262940218,0.5552843737357688,Uncertain,0.9895,pathogenic,https://doi.org/10.1101/2022.10.22.513328
T541A,-0.11727,0.59252,0.2730480514438399,Neutral,Neutral,21.3,,,0.187,"cBioPortal,COSMIC,clinvar",P,False,21.3,4.247,,,damaging,damaging,uncertain,DOWN,neutral,neutral,neutral,2123410,Uncertain significance,1,93.94,H,-0.084,1.4891,-2.299,loss_of_function,-1.10577440775428,5.665100808488737e-07,Benign,0.4289,ambiguous,https://doi.org/10.1101/2022.10.22.513328
T541I,-0.58296,-0.86701,-0.4770577255890645,Neutral,Neutral,21.3,,,,clinvar,P,False,21.3,4.247,,,damaging,damaging,uncertain,UP,neutral,neutral,neutral,942281,Uncertain significance,1,93.94,H,-0.1265,1.4891,-5.5469,loss_of_function,-1.97361733697403,0.0001593509979335,Benign,0.8168,pathogenic,https://doi.org/10.1101/2022.10.22.513328
A542S,0.67939,2.12551,1.814859236593091,Uncertain,Neutral,0.0,,,0.336,COSMIC,,False,0.0,,,,neutral,neutral,neutral,-,uncertain,uncertain,uncertain,,,,95.15,H,-0.1732,0.446,-4.3847,loss_of_function,-1.27215316518006,0.0081357153944147,Benign,0.5613,ambiguous,https://doi.org/10.1101/2022.10.22.513328
A544V,-0.44817,-0.43946,-0.2795469445599158,Neutral,Neutral,26.2,,,,clinvar,,False,26.2,,,,neutral,neutral,neutral,UP,neutral,neutral,neutral,1009409,Uncertain significance,1,93.42,H,-0.1368,1.1052,-8.5545,loss_of_function,-1.89729849084422,0.7470226127064391,Pathogenic,0.8851,pathogenic,https://doi.org/10.1101/2022.10.22.513328
I545L,0.00189,0.45612,1.0794947476105046,Neutral,Neutral,0.0,,,,clinvar,,True,0.0,,,,neutral,neutral,neutral,-,uncertain,uncertain,uncertain,1389881,Uncertain significance,2,95.93,H,-0.2205,0.2298,-8.5506,loss_of_function,-1.59922594754167,0.5466915747746159,Uncertain,0.9305,pathogenic,https://doi.org/10.1101/2022.10.22.513328
I545T,3.72075,2.86837,2.91520545673282,Uncertain,Uncertain,0.0,,,,clinvar,,True,0.0,,,,neutral,neutral,neutral,DOWN,neutral,neutral,neutral,1006791,Uncertain significance,2,95.93,H,-0.2927,0.2298,-8.5506,loss_of_function,-6.45821939752478,0.8897131480537577,Pathogenic,0.9985,pathogenic,https://doi.org/10.1101/2022.10.22.513328
I545V,1.22939,1.12619,1.1130694287380791,Neutral,Neutral,0.0,,,,clinvar,,True,0.0,,,,neutral,neutral,neutral,DOWN,neutral,neutral,neutral,409004,Uncertain significance,2,95.93,H,-0.1688,0.2298,-6.2288,loss_of_function,-1.290947957398,0.0412783768229584,Benign,0.5701,pathogenic,https://doi.org/10.1101/2022.10.22.513328
R546Q,0.76696,1.33061,1.209331096399561,Neutral,Neutral,33.5,,,0.313,"cBioPortal,COSMIC,clinvar",,True,33.5,,,,neutral,neutral,neutral,DOWN,neutral,neutral,neutral,653882,Uncertain significance,2,95.31,H,-0.2236,0.7243,-3.7434,loss_of_function,-1.70856245619615,1.5270658181336356e-06,Benign,0.7192,pathogenic,https://doi.org/10.1101/2022.10.22.513328
G547V,-0.9865,-0.35714,0.752341206690168,Neutral,Neutral,62.4,,,,clinvar,,True,62.4,,,,neutral,neutral,neutral,UP,neutral,neutral,neutral,966070,Uncertain significance,1,93.61,H,-0.4488,0.2129,-21.8385,loss_of_function,-6.63320970986456,0.8870495170531354,Pathogenic,0.9992,pathogenic,https://doi.org/10.1101/2022.10.22.513328
R548Q,3.08099,0.53367,1.2150405516073453,Uncertain,Uncertain,2.8,,3.9837780558e-06,0.485,"cBioPortal,COSMIC,clinvar",,True,2.8,,,,neutral,neutral,neutral,DOWN,neutral,neutral,neutral,850969,Uncertain significance,2,95.22,H,-0.2912,0.168,-6.9696,loss_of_function,-3.28474642973813,0.8887982595407697,Pathogenic,0.998,pathogenic,https://doi.org/10.1101/2022.10.22.513328
R548W,4.5701,0.58163,-0.057793980504136,Uncertain,Uncertain,2.8,,3.9830481471e-06,0.446,"cBioPortal,COSMIC,clinvar",,True,2.8,,,,neutral,neutral,neutral,UP,neutral,neutral,neutral,1018825,Uncertain significance,1,95.22,H,-0.3372,0.168,-7.5545,loss_of_function,-2.86180291531238,0.8751592075810981,Pathogenic,0.9988,pathogenic,https://doi.org/10.1101/2022.10.22.513328
A549E,3.72341,4.68027,3.609977165572344,Destabilizing,Destabilizing,0.3,,,,clinvar,,False,0.3,,,,neutral,neutral,neutral,UP,neutral,neutral,neutral,1424833,Uncertain significance,1,96.96,H,-0.2783,1.3879,-21.8461,loss_of_function,-4.90138574758707,0.2538765570956099,Benign,0.998,pathogenic,https://doi.org/10.1101/2022.10.22.513328
A549V,-1.10198,0.77449,0.183897420055113,Neutral,Neutral,0.3,,,,clinvar,,False,0.3,,,,neutral,neutral,neutral,UP,neutral,neutral,neutral,1777156,Uncertain significance,1,96.96,H,-0.0976,1.3879,-5.9734,loss_of_function,-2.13715857659721,0.0003020409673646,Benign,0.7496,pathogenic,https://doi.org/10.1101/2022.10.22.513328
A550D,0.28694,0.92415,0.3046588266699029,Neutral,Neutral,74.9,,,,clinvar,,False,74.9,,,,neutral,neutral,neutral,UP,neutral,neutral,neutral,1392472,Uncertain significance,1,95.31,H,-0.2598,1.7442,-21.8461,loss_of_function,-3.33390522964932,0.5953623975035036,Uncertain,0.8817,pathogenic,https://doi.org/10.1101/2022.10.22.513328
A550S,-0.06005,0.29422,0.4048091953249982,Neutral,Neutral,74.9,,,0.302,"cBioPortal,COSMIC",,False,74.9,,,,neutral,neutral,neutral,-,uncertain,uncertain,uncertain,,,,95.31,H,-0.0475,1.7442,-3.1661,loss_of_function,-0.697150132858303,5.234537958960606e-06,Benign,0.0932,benign,https://doi.org/10.1101/2022.10.22.513328
R551L,0.80148,-0.57415,-0.1503308695035105,Neutral,Neutral,10.0,,,0.642,"cBioPortal,COSMIC",,False,10.0,,,,neutral,neutral,neutral,DOWN,neutral,neutral,neutral,,,,94.14,H,-0.3881,0.2416,-21.8461,loss_of_function,-6.56834664014201,0.8974572869164624,Pathogenic,0.9979,pathogenic,https://doi.org/10.1101/2022.10.22.513328
R551Q,2.28017,0.74048,1.3376054732685008,Uncertain,Uncertain,10.0,,,0.639,"cBioPortal,clinvar",,False,10.0,,,,neutral,neutral,neutral,DOWN,neutral,neutral,neutral,1021767,Uncertain significance,1,94.14,H,-0.3604,0.2416,-21.8461,loss_of_function,-6.56834664014201,0.8878041363155893,Pathogenic,0.9972,pathogenic,https://doi.org/10.1101/2022.10.22.513328
R551W,1.72848,1.61497,-0.4794037762838865,Neutral,Neutral,10.0,,,,clinvar,,False,10.0,,,,neutral,neutral,neutral,UP,neutral,neutral,neutral,836078,Uncertain significance,1,94.14,H,-0.3275,0.2416,-6.9734,loss_of_function,-2.50633472107729,0.8975141799477967,Pathogenic,0.9966,pathogenic,https://doi.org/10.1101/2022.10.22.513328
V552I,0.28848,0.33367,0.8996616536100094,Neutral,Neutral,0.0,,,,clinvar,,False,0.0,,,,neutral,neutral,neutral,UP,neutral,neutral,neutral,1777319,Uncertain significance,1,96.19,H,-0.1387,0.5973,-4.0425,loss_of_function,-0.662800086152759,2.0322203503881182e-05,Benign,0.1755,benign,https://doi.org/10.1101/2022.10.22.513328
I553T,1.92023,1.2915,1.7330591669810074,Neutral,Neutral,23.4,,,,clinvar,,False,23.4,,,,neutral,neutral,neutral,DOWN,neutral,neutral,neutral,1423130,Uncertain significance,1,96.68,H,-0.0834,2.3762,-6.2441,loss_of_function,-0.902260071968692,2.064046088681619e-07,Benign,0.2946,benign,https://doi.org/10.1101/2022.10.22.513328
I553V,1.27407,0.09558,0.5590851184961654,Neutral,Neutral,23.4,,,,clinvar,,False,23.4,,,,neutral,neutral,neutral,DOWN,neutral,neutral,neutral,1039459,Uncertain significance,1,96.68,H,0.0457,2.3762,-2.8936,gain_of_function,-0.10473418050556,1.4834643143391811e-08,Benign,0.071,benign,https://doi.org/10.1101/2022.10.22.513328
H554Q,-0.28927,1.1466,0.7585356318130859,Neutral,Neutral,63.6,,,,clinvar,,False,63.6,,,,neutral,neutral,neutral,DOWN,neutral,neutral,neutral,1004255,Uncertain significance,2,93.62,H,-0.0027,1.9195,-5.3961,loss_of_function,-1.35560621423146,4.935206295612689e-07,Benign,0.4495,ambiguous,https://doi.org/10.1101/2022.10.22.513328
H554R,-0.75688,0.48946,0.1299589852522886,Neutral,Neutral,63.6,,,,"cBioPortal,COSMIC,clinvar",,False,63.6,,,,neutral,neutral,neutral,UP,neutral,neutral,neutral,999014,Uncertain significance,1,93.62,H,-0.0819,1.9195,-7.566,loss_of_function,-3.22581627341908,0.000460854928173,Benign,0.5525,ambiguous,https://doi.org/10.1101/2022.10.22.513328
H554Y,-1.18687,0.01837,0.0485814065160927,Neutral,Neutral,63.6,,8.0067256495e-06,0.314,"COSMIC,clinvar",,False,63.6,,,,neutral,neutral,neutral,UP,neutral,neutral,neutral,856477,Conflicting interpretations of pathogenicity,1,93.62,H,-0.0903,1.9195,-21.8538,loss_of_function,-2.85300055378023,0.0764003802469807,Benign,0.3047,benign,https://doi.org/10.1101/2022.10.22.513328
V555I,1.30942,0.41429,0.3389094943034909,Neutral,Neutral,11.6,,,,clinvar,,False,11.6,,,,neutral,neutral,neutral,UP,neutral,neutral,neutral,645100,Conflicting interpretations of pathogenicity,1,93.75,H,-0.0658,1.2422,-1.3862,loss_of_function,-0.365478778842524,0.0126780114299142,Benign,0.1411,benign,https://doi.org/10.1101/2022.10.22.513328
T557A,0.1634,-0.01939,0.4928863848156339,Neutral,Neutral,39.5,,,,clinvar,,False,39.5,,,,uncertain,,,DOWN,neutral,neutral,neutral,1354239,Uncertain significance,1,94.72,H,0.0146,2.6648,-4.1737,gain_of_function,-0.450229966316652,4.072274197489317e-07,Benign,0.0836,benign,https://doi.org/10.1101/2022.10.22.513328
T557I,-0.54025,-0.89048,-0.346240630680214,Neutral,Neutral,39.5,,,,clinvar,,False,39.5,,,,uncertain,,,UP,neutral,neutral,neutral,638872,Uncertain significance,2,94.72,H,-0.0219,2.6648,-6.2441,loss_of_function,-0.775770809928286,0.0021039962009296,Benign,0.2048,benign,https://doi.org/10.1101/2022.10.22.513328
S558L,0.2353,-1.12347,-1.314261010267184,Neutral,Neutral,38.2,,,0.268,"cBioPortal,COSMIC",,False,38.2,,,,uncertain,,,UP,neutral,neutral,neutral,,,,91.46,H,-0.1857,1.8505,-21.8538,loss_of_function,-3.52906026475694,0.0276503521123474,Benign,0.187,benign,https://doi.org/10.1101/2022.10.22.513328
E559Q,1.12145,0.63537,-0.2798643033703923,Neutral,Neutral,25.9,,,,clinvar,,False,25.9,,,,neutral,neutral,neutral,UP,neutral,neutral,neutral,642675,Uncertain significance,2,89.23,H,-0.1906,0.3013,-7.566,loss_of_function,-2.8461683213051,0.8332437004036475,Pathogenic,0.9734,pathogenic,https://doi.org/10.1101/2022.10.22.513328
M560L,0.99441,1.07279,0.1444441934683177,Neutral,Neutral,1.7,,,,clinvar,,False,1.7,,,,neutral,neutral,neutral,-,uncertain,uncertain,uncertain,644066,Uncertain significance,2,92.84,H,-0.1738,0.2943,-5.5698,loss_of_function,-2.96087916815294,0.6054329237729486,Uncertain,0.8836,pathogenic,https://doi.org/10.1101/2022.10.22.513328
M560V,3.58006,1.23946,1.1832834976240938,Uncertain,Uncertain,1.7,,,,clinvar,,False,1.7,,,,neutral,neutral,neutral,DOWN,neutral,neutral,neutral,1777830,Uncertain significance,1,92.84,H,-0.2542,0.2943,-8.5697,loss_of_function,-2.80126310028969,0.6294411323553598,Uncertain,0.8218,pathogenic,https://doi.org/10.1101/2022.10.22.513328
D561E,-0.31591,-0.18061,0.079145897069362,Neutral,Neutral,92.8,,,,clinvar,,False,92.8,,,,neutral,neutral,neutral,UP,neutral,neutral,neutral,1419616,Uncertain significance,1,89.03,T,-0.0584,1.4143,-1.6391,loss_of_function,-0.307254453193087,3.661964831637233e-08,Benign,0.164,benign,https://doi.org/10.1101/2022.10.22.513328
D561H,-0.84435,-0.18129,0.0018989997596913,Neutral,Neutral,92.8,,,,clinvar,,False,92.8,,,,neutral,neutral,neutral,UP,neutral,neutral,neutral,969081,Uncertain significance,2,89.03,T,-0.2259,1.4143,-21.8576,loss_of_function,-4.54532346050559,0.6284188462767695,Uncertain,0.7069,pathogenic,https://doi.org/10.1101/2022.10.22.513328
N562D,1.29964,0.87483,0.8158555517361334,Neutral,Neutral,39.0,,,,clinvar,,False,39.0,,,,neutral,neutral,neutral,-,uncertain,uncertain,uncertain,1721365,Uncertain significance,1,82.7,T,-0.1368,1.3645,-8.5697,loss_of_function,-3.01093616229315,0.8448392040060808,Pathogenic,0.7432,pathogenic,https://doi.org/10.1101/2022.10.22.513328
N562K,0.17497,0.36701,0.4866655466828301,Neutral,Neutral,39.0,,,,clinvar,,False,39.0,,,,neutral,neutral,neutral,UP,neutral,neutral,neutral,1778007,Uncertain significance,1,82.7,T,-0.1368,1.3645,-8.5697,loss_of_function,-4.97277814263891,0.4484766528419321,Uncertain,0.952,pathogenic,https://doi.org/10.1101/2022.10.22.513328
N562S,-0.30627,0.50748,0.7583430249485953,Neutral,Neutral,39.0,,,,clinvar,,False,39.0,,,,neutral,neutral,neutral,DOWN,neutral,neutral,neutral,839394,Uncertain significance,2,82.7,T,-0.0778,1.3645,-3.5255,loss_of_function,-1.71289873532243,0.0197169352445916,Benign,0.1342,benign,https://doi.org/10.1101/2022.10.22.513328
Y563C,2.24437,2.95884,2.7697392902998264,Uncertain,Uncertain,32.2,,0.0,0.521,"COSMIC,clinvar",P,True,32.2,1.434,,,damaging,uncertain,potentially_damaging,DOWN,neutral,neutral,neutral,409001,Uncertain significance,2,80.8,S,-0.2639,0.9679,-8.5697,loss_of_function,-4.01092008838015,0.8118782773703286,Pathogenic,0.9204,pathogenic,https://doi.org/10.1101/2022.10.22.513328
E564K,-0.7152,-0.26803,-0.0162374737418369,Neutral,Neutral,90.1,,,,clinvar,,True,90.1,,,,neutral,neutral,neutral,UP,neutral,neutral,stabilizing,1778132,Uncertain significance,1,76.75,-,-0.1724,1.0369,-7.5698,loss_of_function,-4.98465719066703,0.8359803956779654,Pathogenic,0.8199,pathogenic,https://doi.org/10.1101/2022.10.22.513328
P565S,1.12907,1.03027,0.0149538763719248,Neutral,Neutral,83.3,,,,clinvar,,True,83.3,,,,neutral,neutral,neutral,DOWN,neutral,neutral,neutral,819861,Uncertain significance,2,80.34,S,-0.0812,1.751,-5.566,loss_of_function,-1.18359059813594,0.0135985247099527,Benign,0.1379,benign,https://doi.org/10.1101/2022.10.22.513328
G566R,-0.27115,0.29762,-0.0711228685358844,Neutral,Neutral,87.8,,,0.585,"cBioPortal,COSMIC",,True,87.8,,,,neutral,neutral,neutral,UP,neutral,neutral,destabilizing,,,,77.63,S,-0.3346,1.344,-21.8538,loss_of_function,-4.7121701773381,0.7958091113274223,Pathogenic,0.9798,pathogenic,https://doi.org/10.1101/2022.10.22.513328
V567F,-0.43839,-0.41803,-0.0189484867771622,Neutral,Neutral,83.3,,,,clinvar,,True,83.3,,,,neutral,neutral,neutral,UP,neutral,neutral,neutral,1778295,Uncertain significance,1,78.96,H,-0.1173,2.5641,-7.5622,loss_of_function,-3.17055113233149,0.0023310935432232,Benign,0.1578,benign,https://doi.org/10.1101/2022.10.22.513328
T569I,0.76211,0.05986,-1.0325677569019025,Neutral,Neutral,6.4,,,,clinvar,,True,6.4,,,,uncertain,,,UP,neutral,neutral,neutral,1380890,Uncertain significance,1,85.82,H,-0.2148,0.697,-8.5621,loss_of_function,-4.11358038777589,0.4720580477233672,Uncertain,0.8936,pathogenic,https://doi.org/10.1101/2022.10.22.513328
E570K,-0.26118,-0.16973,0.1391390868015479,Neutral,Neutral,79.5,,,,clinvar,,True,79.5,,,,neutral,neutral,neutral,UP,neutral,neutral,neutral,1903678,Uncertain significance,1,87.17,H,-0.118,1.3971,-3.3961,loss_of_function,-1.20193264700173,4.654720928377859e-05,Benign,0.3041,benign,https://doi.org/10.1101/2022.10.22.513328
K571N,0.50604,0.30136,0.7697359319671473,Neutral,Neutral,56.2,,,,clinvar,,True,56.2,,,,neutral,neutral,neutral,DOWN,neutral,neutral,neutral,1356278,Uncertain significance,1,87.58,H,-0.0594,2.0886,-4.7625,loss_of_function,-1.53265421976664,5.325436436184485e-06,Benign,0.6033,pathogenic,https://doi.org/10.1101/2022.10.22.513328
K571R,0.30135,-0.00748,-0.1531517221710632,Neutral,Neutral,56.2,,,,clinvar,,True,56.2,,,,neutral,neutral,neutral,-,uncertain,uncertain,uncertain,1016813,Uncertain significance,2,87.58,H,0.0418,2.0886,-1.5146,gain_of_function,-0.331328304920515,3.8123530360851094e-14,Benign,0.0801,benign,https://doi.org/10.1101/2022.10.22.513328
V572A,2.43547,2.83095,2.981100767249919,Uncertain,Uncertain,0.0,,,,clinvar,,True,0.0,,,,neutral,neutral,neutral,DOWN,neutral,neutral,neutral,1700654,Uncertain significance,0,90.93,H,-0.3221,0.2923,-21.8576,loss_of_function,-6.52060672306044,0.868751581216036,Pathogenic,0.9689,pathogenic,https://doi.org/10.1101/2022.10.22.513328
V572I,2.68533,0.12109,0.7634395750159129,Uncertain,Uncertain,0.0,,,,clinvar,,True,0.0,,,,neutral,neutral,neutral,UP,neutral,neutral,neutral,1010505,Uncertain significance,1,90.93,H,-0.1746,0.2923,-5.5698,loss_of_function,-2.51980200705427,0.1192592117097876,Benign,0.438,ambiguous,https://doi.org/10.1101/2022.10.22.513328
L573V,2.37954,0.78673,0.9385478424920618,Uncertain,Uncertain,39.8,,,0.207,cBioPortal,,True,39.8,,,,neutral,neutral,neutral,DOWN,neutral,neutral,neutral,,,,95.69,H,-0.0758,1.9157,-6.9849,loss_of_function,-1.10837060211329,3.9721404356324026e-05,Benign,0.0947,benign,https://doi.org/10.1101/2022.10.22.513328
E574K,-0.2458,-0.19932,0.0872909618101652,Neutral,Neutral,86.3,,0.0001365866984068,0.260,cBioPortal,,True,86.3,,,,neutral,neutral,neutral,UP,neutral,neutral,neutral,,,,95.11,H,-0.0634,1.9849,-3.3143,loss_of_function,-0.995977256725154,3.53600976199304e-06,Benign,0.4553,ambiguous,https://doi.org/10.1101/2022.10.22.513328
A575T,0.74389,0.66122,0.7183723862798271,Neutral,Neutral,23.0,,,,clinvar,,True,23.0,,,,neutral,neutral,neutral,UP,neutral,neutral,neutral,2448339,Uncertain significance,1,96.35,H,-0.0998,1.4281,-6.5584,loss_of_function,-0.569562071926748,0.0004478722493023,Benign,0.2833,benign,https://doi.org/10.1101/2022.10.22.513328
T576A,1.33584,0.1068,1.0352379630184885,Neutral,Neutral,2.2,,,,clinvar,,True,2.2,,,,uncertain,,,DOWN,neutral,neutral,neutral,662755,Uncertain significance,2,97.92,H,-0.0921,1.6203,-6.2403,loss_of_function,-0.523793026414632,2.9358922890122066e-08,Benign,0.1263,benign,https://doi.org/10.1101/2022.10.22.513328
K577E,0.11361,0.63571,-0.0306347016318725,Neutral,Neutral,75.3,,,,clinvar,,True,75.3,,,,neutral,neutral,neutral,DOWN,neutral,neutral,neutral,1401432,Uncertain significance,1,97.73,H,-0.0517,2.3666,-6.9772,loss_of_function,-1.00237500273874,1.8957536807083485e-06,Benign,0.1282,benign,https://doi.org/10.1101/2022.10.22.513328
K577Q,0.3219,0.53571,0.095687056384926,Neutral,Neutral,75.3,,,,clinvar,,True,75.3,,,,neutral,neutral,neutral,DOWN,neutral,neutral,neutral,2448349,Uncertain significance,1,97.73,H,-0.0087,2.3666,-3.5622,loss_of_function,-1.04516052070834,1.0713340153703287e-10,Benign,0.0736,benign,https://doi.org/10.1101/2022.10.22.513328
L578P,3.77813,7.27177,6.56119669418604,Destabilizing,Destabilizing,68.9,,,,clinvar,,True,68.9,,,,neutral,neutral,neutral,DOWN,neutral,neutral,neutral,840949,Uncertain significance,1,97.52,H,-0.1899,2.5884,-7.5774,loss_of_function,-2.22715493984208,0.0043990682770496,Benign,0.9844,pathogenic,https://doi.org/10.1101/2022.10.22.513328
S580F,-1.43223,-1.17789,-1.1597698444414,Neutral,Neutral,43.5,,,,clinvar,,True,43.5,,,,uncertain,,,UP,neutral,neutral,neutral,1779141,Uncertain significance,1,97.87,I,-0.0821,2.1908,-7.5698,loss_of_function,-3.41611109826782,0.0007540957464409,Benign,0.3232,benign,https://doi.org/10.1101/2022.10.22.513328
S580P,3.03557,4.31871,6.3311507833003695,Destabilizing,Destabilizing,43.5,,,,clinvar,,True,43.5,,,,uncertain,,,UP,neutral,neutral,neutral,2307111,Uncertain significance,1,97.87,I,-0.2304,2.1908,-21.8576,loss_of_function,-3.68715937175398,0.0006238277431436,Benign,0.9498,pathogenic,https://doi.org/10.1101/2022.10.22.513328
N581K,-0.75355,0.11497,-0.167455447755877,Neutral,Neutral,79.8,,,0.091,"COSMIC,clinvar",,False,79.8,,,,neutral,neutral,neutral,UP,neutral,neutral,neutral,1721851,Uncertain significance,1,97.64,I,-0.0331,2.2401,-4.0425,loss_of_function,-0.742772816473683,2.893792308260576e-07,Benign,0.2172,benign,https://doi.org/10.1101/2022.10.22.513328
N581S,0.1045,0.13537,0.1916530756351658,Neutral,Neutral,79.8,,,,clinvar,,False,79.8,,,,neutral,neutral,neutral,DOWN,neutral,neutral,neutral,649902,Uncertain significance,2,97.64,I,0.0005,2.2401,-3.9811,gain_of_function,-0.364287230258932,3.605635003890891e-07,Benign,0.0608,benign,https://doi.org/10.1101/2022.10.22.513328
T582P,2.14188,6.74184,4.285995719016539,Uncertain,Uncertain,75.0,,,,clinvar,,False,75.0,,,,uncertain,,,-,uncertain,uncertain,uncertain,1919038,Uncertain significance,1,97.35,I,-0.2009,2.2963,-7.5545,loss_of_function,-4.29127797749867,0.0002586562985033,Benign,0.7954,pathogenic,https://doi.org/10.1101/2022.10.22.513328
V583G,3.91078,3.56599,3.16826959353526,Destabilizing,Destabilizing,10.7,,,,clinvar,,False,10.7,,,,neutral,neutral,neutral,DOWN,neutral,neutral,neutral,843097,Uncertain significance,1,97.84,I,-0.2815,1.2353,-6.2365,loss_of_function,-3.34149199009792,0.1446667995303951,Benign,0.923,pathogenic,https://doi.org/10.1101/2022.10.22.513328
M584T,4.17336,1.42245,1.5339249202432652,Uncertain,Uncertain,12.5,,,,clinvar,,False,12.5,,,,neutral,neutral,neutral,DOWN,neutral,neutral,neutral,1952191,Uncertain significance,1,98.01,H,-0.1591,1.4357,-6.2403,loss_of_function,-2.8227109318295,0.0247958349082389,Benign,0.9619,pathogenic,https://doi.org/10.1101/2022.10.22.513328
M584V,2.57688,-0.16939,-0.0510480235128008,Uncertain,Uncertain,12.5,,,,clinvar,,False,12.5,,,,neutral,neutral,neutral,DOWN,neutral,neutral,neutral,2448344,Uncertain significance,1,98.01,H,-0.1297,1.4357,-4.7549,loss_of_function,-1.08356774645059,9.094835891069528e-05,Benign,0.5231,ambiguous,https://doi.org/10.1101/2022.10.22.513328
P585L,2.59039,-3.34694,-1.0830830379711305,Uncertain,Uncertain,51.3,,,,clinvar,,False,51.3,,,,neutral,neutral,neutral,UP,neutral,neutral,neutral,1462393,Uncertain significance,2,97.79,H,-0.1832,1.2303,-6.566,loss_of_function,-2.10272775455078,0.4130445633849191,Uncertain,0.7388,pathogenic,https://doi.org/10.1101/2022.10.22.513328
P585S,3.17233,-2.81224,-0.3120630447503275,Uncertain,Uncertain,51.3,,,,clinvar,,False,51.3,,,,neutral,neutral,neutral,DOWN,neutral,neutral,neutral,998606,Uncertain significance,1,97.79,H,-0.1227,1.2303,-4.3181,loss_of_function,-1.55736301887298,0.055994717280795,Benign,0.7068,pathogenic,https://doi.org/10.1101/2022.10.22.513328
R586C,1.33457,1.57993,2.404861468987744,Neutral,Uncertain,44.5,3.1849162367e-05,3.9863825173e-06,0.301,"cBioPortal,clinvar",,True,44.5,,,,neutral,neutral,neutral,DOWN,neutral,neutral,neutral,862048,Uncertain significance,2,96.65,H,-0.195,2.4104,-21.8538,loss_of_function,-3.39181764609738,0.0001226504704585,Benign,0.3468,ambiguous,https://doi.org/10.1101/2022.10.22.513328
R586H,0.62279,0.48571,1.3271052100824487,Neutral,Neutral,44.5,,,,clinvar,,True,44.5,,,,neutral,neutral,neutral,DOWN,neutral,neutral,neutral,945104,Uncertain significance,2,96.65,H,-0.0676,2.4104,-4.5661,loss_of_function,-1.37496037990224,2.0325815113622132e-10,Benign,0.1473,benign,https://doi.org/10.1101/2022.10.22.513328
R586S,0.78065,1.49762,2.168755833981517,Neutral,Uncertain,44.5,,,0.200,COSMIC,,True,44.5,,,,neutral,neutral,neutral,DOWN,neutral,neutral,neutral,,,,96.65,H,-0.1866,2.4104,-21.8538,loss_of_function,-3.39181764609738,4.6968992834528974e-06,Benign,0.6362,pathogenic,https://doi.org/10.1101/2022.10.22.513328
T588I,-0.7914,0.3966,-0.6037920587742873,Neutral,Neutral,33.6,,,,clinvar,,True,33.6,,,,uncertain,,,UP,neutral,neutral,neutral,949274,Uncertain significance,2,96.41,H,-0.0595,2.1152,-3.7043,loss_of_function,-1.00426423963648,3.3572174874707844e-12,Benign,0.6201,pathogenic,https://doi.org/10.1101/2022.10.22.513328
E589D,0.50887,0.36054,0.3674751830736061,Neutral,Neutral,83.5,,,0.106,COSMIC,,True,83.5,,,,neutral,neutral,neutral,DOWN,neutral,neutral,neutral,,,,95.7,H,0.0258,2.4575,-5.377,gain_of_function,-1.29864589343359,3.27570589732995e-06,Benign,0.1471,benign,https://doi.org/10.1101/2022.10.22.513328
V591A,1.96486,2.58946,2.3324901916583665,Uncertain,Uncertain,1.7,,,,clinvar,,True,1.7,,,,neutral,neutral,neutral,DOWN,neutral,neutral,neutral,936372,Uncertain significance,2,95.15,H,-0.1806,0.8126,-3.5064,loss_of_function,-1.92612647315818,0.0366864402949647,Benign,0.8637,pathogenic,https://doi.org/10.1101/2022.10.22.513328
V591E,3.91686,5.18707,3.309784415050596,Destabilizing,Destabilizing,1.7,,,,clinvar,,True,1.7,,,,neutral,neutral,neutral,-,uncertain,uncertain,uncertain,1779824,Uncertain significance,1,95.15,H,-0.3981,0.8126,-21.8385,loss_of_function,-5.21855082755349,0.8514517772540648,Pathogenic,0.9895,pathogenic,https://doi.org/10.1101/2022.10.22.513328
V591G,3.8827,4.37993,4.164952119320089,Destabilizing,Destabilizing,1.7,,,,clinvar,,True,1.7,,,,neutral,neutral,neutral,DOWN,neutral,neutral,neutral,1408672,Uncertain significance,2,95.15,H,-0.3322,0.8126,-8.5506,loss_of_function,-5.21855082755349,0.829046303355504,Pathogenic,0.8959,pathogenic,https://doi.org/10.1101/2022.10.22.513328
V591I,1.15764,0.66599,0.3675800929576611,Neutral,Neutral,1.7,,,,clinvar,,True,1.7,,,,neutral,neutral,neutral,UP,neutral,neutral,neutral,649766,Conflicting interpretations of pathogenicity,1,95.15,H,-0.1276,0.8126,-5.7434,loss_of_function,-0.175920329350814,0.3712643706907494,Uncertain,0.5426,ambiguous,https://doi.org/10.1101/2022.10.22.513328
V591L,0.41439,2.48537,0.8525603285752925,Uncertain,Neutral,1.7,,,0.157,"cBioPortal,clinvar",,True,1.7,,,,neutral,neutral,neutral,UP,neutral,neutral,neutral,2102179,Uncertain significance,1,95.15,H,-0.207,0.8126,-8.5506,loss_of_function,-1.1613311600544,0.2023130823487755,Benign,0.9796,pathogenic,https://doi.org/10.1101/2022.10.22.513328
E592A,-0.15791,0.04456,0.2805131425511331,Neutral,Neutral,75.4,,,,clinvar,,True,75.4,,,,neutral,neutral,neutral,DOWN,neutral,neutral,neutral,1779855,Uncertain significance,1,94.29,H,-0.0764,1.7843,-6.5507,loss_of_function,-1.58235166023562,0.2388828631027568,Benign,0.6599,pathogenic,https://doi.org/10.1101/2022.10.22.513328
A594V,1.29079,0.55306,1.3708386098388894,Neutral,Neutral,0.0,,0.0,0.185,"cBioPortal,COSMIC,clinvar",,False,0.0,,,,neutral,neutral,neutral,UP,neutral,neutral,neutral,1039937,Uncertain significance,2,93.25,H,-0.124,1.0123,-4.377,loss_of_function,-1.60941986296007,0.0680775514157567,Benign,0.5957,pathogenic,https://doi.org/10.1101/2022.10.22.513328
V595L,-1.48657,-0.05204,0.3156975501891246,Neutral,Neutral,34.5,,,,clinvar,,False,34.5,,,,neutral,neutral,neutral,UP,neutral,neutral,neutral,1495652,Uncertain significance,1,92.78,H,-0.0794,1.8641,-2.5064,loss_of_function,-0.989415297166637,1.2330879579849574e-06,Benign,0.6902,pathogenic,https://doi.org/10.1101/2022.10.22.513328
V595M,-0.82917,1.14524,0.8979540877677635,Neutral,Neutral,34.5,,,,clinvar,,False,34.5,,,,neutral,neutral,neutral,UP,neutral,neutral,neutral,936896,Uncertain significance,2,92.78,H,-0.105,1.8641,-5.7434,loss_of_function,-0.605753446015483,0.0106893447526745,Benign,0.5847,pathogenic,https://doi.org/10.1101/2022.10.22.513328
A597S,0.45261,0.94252,0.7265437481278053,Neutral,Neutral,17.2,,,,clinvar,,True,17.2,,,,neutral,neutral,neutral,-,uncertain,uncertain,uncertain,1347069,Uncertain significance,1,91.74,H,-0.0565,1.6751,-3.6889,loss_of_function,-0.893891782938802,1.46279858639424e-05,Benign,0.1028,benign,https://doi.org/10.1101/2022.10.22.513328
A597V,1.30138,0.67177,0.0843648767665983,Neutral,Neutral,17.2,,,,clinvar,,True,17.2,,,,neutral,neutral,neutral,UP,neutral,neutral,neutral,839444,Uncertain significance,2,91.74,H,-0.0724,1.6751,-6.2249,loss_of_function,-1.16371192283695,0.1541753396610038,Benign,0.1806,benign,https://doi.org/10.1101/2022.10.22.513328
L598I,0.9482,1.06735,1.344930683785374,Neutral,Neutral,8.5,,,,clinvar,,True,8.5,,,,neutral,neutral,neutral,-,uncertain,uncertain,uncertain,2012056,Uncertain significance,1,91.03,H,-0.1533,0.5604,-4.8387,loss_of_function,-1.1538787653658,0.001449067021996,Benign,0.2969,benign,https://doi.org/10.1101/2022.10.22.513328
S599G,0.17867,0.95714,0.8111926501509483,Neutral,Neutral,58.4,,,,clinvar,,True,58.4,,,,uncertain,,,DOWN,neutral,neutral,neutral,2202569,Uncertain significance,2,90.09,H,-0.054,1.5693,-4.3654,loss_of_function,-1.16136211194637,0.0003995102903495,Benign,0.0724,benign,https://doi.org/10.1101/2022.10.22.513328
S599N,-0.31734,-0.40272,-0.0328543102537864,Neutral,Neutral,58.4,,,0.204,cBioPortal,,True,58.4,,,,uncertain,,,UP,neutral,neutral,neutral,,,,90.09,H,-0.0668,1.5693,-4.2873,loss_of_function,-1.29701492348739,7.309196061442335e-06,Benign,0.1875,benign,https://doi.org/10.1101/2022.10.22.513328
S599T,0.95696,-0.39864,-0.1048265392638608,Neutral,Neutral,58.4,,,,clinvar,,True,58.4,,,,neutral,,,UP,neutral,neutral,neutral,655771,Uncertain significance,1,90.09,H,-0.0385,1.5693,-4.9503,loss_of_function,-0.340776869317517,1.656176739525305e-05,Benign,0.1102,benign,https://doi.org/10.1101/2022.10.22.513328
S600L,0.49521,0.27517,-0.9002747381679693,Neutral,Neutral,34.7,3.18572793883e-05,1.19332691589e-05,0.105,"cBioPortal,COSMIC,clinvar",,True,34.7,,,,uncertain,,,UP,neutral,neutral,neutral,662924,Conflicting interpretations of pathogenicity,1,89.08,S,-0.0177,2.9378,-8.5351,loss_of_function,-1.26576922156032,0.17663229975493,Benign,0.075,benign,https://doi.org/10.1101/2022.10.22.513328
S600P,4.51724,6.35068,5.164091771991655,Destabilizing,Destabilizing,34.7,,,,clinvar,,True,34.7,,,,uncertain,,,UP,neutral,neutral,neutral,1437104,Uncertain significance,1,89.08,S,-0.0937,2.9378,-8.5351,loss_of_function,-1.94055043790205,0.0586159018101943,Benign,0.5325,ambiguous,https://doi.org/10.1101/2022.10.22.513328
S600T,0.13969,0.71769,-0.0953500725541567,Neutral,Neutral,34.7,,7.9545635331e-06,0.065,"cBioPortal,clinvar",,True,34.7,,,,neutral,,,UP,neutral,neutral,neutral,1041116,Uncertain significance,2,89.08,S,0.0953,2.9378,-3.406,gain_of_function,-0.00195592032839,0.0003916840919808,Benign,0.0592,benign,https://doi.org/10.1101/2022.10.22.513328
D601G,1.70318,4.35408,0.8143216159522684,Uncertain,Neutral,106.4,,,,clinvar,,True,106.4,,,,neutral,neutral,neutral,DOWN,neutral,neutral,neutral,1950990,Uncertain significance,1,85.57,S,-0.0732,2.1327,-4.5236,loss_of_function,-0.614507636880811,3.156052840675717e-06,Benign,0.1201,benign,https://doi.org/10.1101/2022.10.22.513328
D601V,0.01005,0.03265,0.0930024466718143,Neutral,Neutral,106.4,,,,clinvar,,True,106.4,,,,neutral,neutral,neutral,UP,neutral,neutral,neutral,1391539,Uncertain significance,1,85.57,S,-0.1295,2.1327,-8.5234,loss_of_function,-2.57916346148785,0.0024337329104069,Benign,0.1314,benign,https://doi.org/10.1101/2022.10.22.513328
P602S,1.2081,1.19966,-0.0024737543351005,Neutral,Neutral,92.6,,,,clinvar,,False,92.6,,,,neutral,neutral,neutral,DOWN,neutral,neutral,neutral,934705,Uncertain significance,2,82.81,S,0.0163,2.6649,-2.9492,gain_of_function,-0.125789188134561,8.099664239074675e-05,Benign,0.0732,benign,https://doi.org/10.1101/2022.10.22.513328
A603V,-0.49936,-0.54014,-0.0321090504761539,Neutral,Neutral,37.4,,,,clinvar,,False,37.4,,,,neutral,neutral,neutral,UP,neutral,neutral,neutral,1506323,Uncertain significance,2,82.27,-,0.0782,3.2044,-4.2756,gain_of_function,-0.397601926381648,5.224798183101489e-10,Benign,0.0703,benign,https://doi.org/10.1101/2022.10.22.513328
Q604H,0.0992,1.37517,-0.328909090253926,Neutral,Neutral,72.4,,,,clinvar,,False,72.4,,,,neutral,neutral,neutral,UP,neutral,neutral,neutral,649501,Uncertain significance,2,86.79,-,0.0522,2.7851,-3.246,gain_of_function,-0.593133817990173,8.577671243098363e-09,Benign,0.1074,benign,https://doi.org/10.1101/2022.10.22.513328
Q604K,-0.53974,0.78265,-0.268865211777286,Neutral,Neutral,72.4,,,,clinvar,,False,72.4,,,,neutral,neutral,neutral,UP,neutral,neutral,neutral,848214,Conflicting interpretations of pathogenicity,1,86.79,-,0.0231,2.7851,-2.6734,gain_of_function,-0.286835656279927,1.0149812609398789e-13,Benign,0.0779,benign,https://doi.org/10.1101/2022.10.22.513328
Q604P,0.60399,2.37211,3.870464054606384,Uncertain,Uncertain,72.4,,,0.104,cBioPortal,,False,72.4,,,,neutral,neutral,neutral,DOWN,neutral,neutral,neutral,,,,86.79,-,-0.2151,2.7851,-21.8191,loss_of_function,-1.14570004915253,0.000222476490339,Benign,0.136,benign,https://doi.org/10.1101/2022.10.22.513328
Q604R,-0.77876,1.28435,-0.6847274385943786,Neutral,Neutral,72.4,,,,clinvar,,False,72.4,,,,neutral,neutral,neutral,UP,neutral,neutral,neutral,1780588,Uncertain significance,1,86.79,-,0.018,2.7851,-3.9464,gain_of_function,-0.537857268437609,8.809502752124102e-10,Benign,0.0872,benign,https://doi.org/10.1101/2022.10.22.513328
P605S,0.73034,0.52007,-0.1005960880835488,Neutral,Neutral,95.0,,,,clinvar,,False,95.0,,,,neutral,neutral,neutral,DOWN,neutral,neutral,destabilizing,638930,Uncertain significance,2,81.65,-,0.0163,2.8873,-6.9503,gain_of_function,-0.31105070025051,8.529081133626994e-06,Benign,0.0749,benign,https://doi.org/10.1101/2022.10.22.513328
M606I,0.55594,-0.50068,0.1192140061881086,Neutral,Neutral,14.0,,,,clinvar,,False,14.0,,,,neutral,neutral,neutral,-,uncertain,uncertain,uncertain,1443644,Uncertain significance,1,84.35,-,0.0089,2.5773,-4.4671,gain_of_function,-0.461381517745314,7.9044462420264e-16,Benign,0.1503,benign,https://doi.org/10.1101/2022.10.22.513328
M606T,2.61759,1.47109,1.62248182119637,Uncertain,Uncertain,14.0,,,,clinvar,,False,14.0,,,,neutral,neutral,neutral,DOWN,neutral,neutral,destabilizing,1780695,Uncertain significance,1,84.35,-,-0.054,2.5773,-6.2326,loss_of_function,-1.18036953240805,6.427405054280537e-13,Benign,0.1477,benign,https://doi.org/10.1101/2022.10.22.513328
E608A,0.72511,0.51565,0.3905442851331386,Neutral,Neutral,60.8,,,,clinvar,,False,60.8,,,,neutral,neutral,neutral,DOWN,neutral,neutral,neutral,1397584,Uncertain significance,1,88.2,H,-0.2022,1.2656,-21.8385,loss_of_function,-4.11701452473814,0.6585761477183685,Uncertain,0.8951,pathogenic,https://doi.org/10.1101/2022.10.22.513328
E608K,0.04408,0.26531,0.2546358038364149,Neutral,Neutral,60.8,,,0.316,cBioPortal,,False,60.8,,,,neutral,neutral,neutral,UP,neutral,neutral,neutral,,,,88.2,H,-0.1432,1.2656,-5.9658,loss_of_function,-3.05640267447139,0.0354162551917345,Benign,0.9429,pathogenic,https://doi.org/10.1101/2022.10.22.513328
E610G,0.37364,1.59082,1.063010491156607,Neutral,Neutral,48.8,,,,clinvar,,False,48.8,,,,neutral,neutral,neutral,DOWN,neutral,neutral,neutral,2107978,Uncertain significance,1,91.06,H,-0.1178,1.6369,-6.9619,loss_of_function,-3.5264327803166,0.0078026722538919,Benign,0.4039,ambiguous,https://doi.org/10.1101/2022.10.22.513328
E610Q,-0.8115,0.39966,0.2337088164606537,Neutral,Neutral,48.8,,,,clinvar,,False,48.8,,,,neutral,neutral,neutral,UP,neutral,neutral,stabilizing,1062482,Uncertain significance,1,91.06,H,-0.0432,1.6369,-2.7655,loss_of_function,-0.864072705255239,7.3208674396216305e-06,Benign,0.3484,ambiguous,https://doi.org/10.1101/2022.10.22.513328
F611C,4.8384,3.67925,4.620805826560727,Destabilizing,Destabilizing,0.0,,,0.792,COSMIC,,False,0.0,,,,neutral,neutral,neutral,DOWN,neutral,neutral,neutral,,,,91.93,H,-0.2998,0.5194,-8.5468,loss_of_function,-5.37209419907177,0.7302367343709523,Pathogenic,0.9957,pathogenic,https://doi.org/10.1101/2022.10.22.513328
F611L,2.35813,2.08231,1.9147243023517813,Uncertain,Uncertain,0.0,,,,clinvar,,False,0.0,,,,neutral,neutral,neutral,DOWN,neutral,neutral,neutral,1781009,Uncertain significance,1,91.93,H,-0.2224,0.5194,-5.5469,loss_of_function,-1.19594731512882,0.0051894901233942,Benign,0.9963,pathogenic,https://doi.org/10.1101/2022.10.22.513328
I612V,0.7749,0.42653,0.8755563703704095,Neutral,Neutral,25.2,,,,clinvar,,False,25.2,,,,neutral,neutral,neutral,DOWN,neutral,neutral,neutral,1486257,Uncertain significance,1,92.03,H,-0.0833,0.9452,-2.3731,loss_of_function,-1.05835302612338,1.24023866549163e-07,Benign,0.6311,pathogenic,https://doi.org/10.1101/2022.10.22.513328
D613E,-0.39735,-0.40578,-0.4853441839874634,Neutral,Neutral,59.4,,,,clinvar,,False,59.4,,,,neutral,neutral,neutral,UP,neutral,neutral,stabilizing,960952,Uncertain significance,2,92.86,H,-0.122,0.845,-3.8426,loss_of_function,-0.906049067301829,1.0198214054418775e-05,Benign,0.8171,pathogenic,https://doi.org/10.1101/2022.10.22.513328
D613G,0.44549,0.75306,0.6470165419108955,Neutral,Neutral,59.4,,,,clinvar,,False,59.4,,,,neutral,neutral,neutral,DOWN,neutral,neutral,neutral,1716651,Uncertain significance,1,92.86,H,-0.2122,0.845,-8.5429,loss_of_function,-3.40755284513665,0.8392312827420585,Pathogenic,0.9741,pathogenic,https://doi.org/10.1101/2022.10.22.513328
D613N,-0.4718,-0.14252,-0.26965559352779,Neutral,Neutral,59.4,,3.9769654163e-06,0.262,"cBioPortal,clinvar",,False,59.4,,,,neutral,neutral,neutral,-,uncertain,uncertain,uncertain,942098,Uncertain significance,2,92.86,H,-0.1489,0.845,-4.8426,loss_of_function,-2.00386779328008,0.169122307400897,Benign,0.9024,pathogenic,https://doi.org/10.1101/2022.10.22.513328
D613Y,-0.65152,-1.13537,-0.5951424706902614,Neutral,Neutral,59.4,,,0.570,cBioPortal,,False,59.4,,,,neutral,neutral,neutral,UP,neutral,neutral,stabilizing,,,,92.86,H,-0.246,0.845,-8.5429,loss_of_function,-3.78146077818541,0.1682318196287267,Benign,0.9788,pathogenic,https://doi.org/10.1101/2022.10.22.513328
A614V,1.05396,0.13197,0.4033869998509137,Neutral,Neutral,1.1,,,,clinvar,,False,1.1,,,,neutral,neutral,neutral,UP,neutral,neutral,neutral,2082878,Uncertain significance,1,93.65,H,-0.1148,1.0829,-3.8426,loss_of_function,-1.1294522183945,0.000324253946326,Benign,0.855,pathogenic,https://doi.org/10.1101/2022.10.22.513328
S615P,3.72999,6.5966,6.586401715069005,Destabilizing,Destabilizing,0.3,,,,clinvar,,False,0.3,,,,uncertain,,,UP,neutral,neutral,neutral,1721939,Uncertain significance,1,94.08,H,-0.3592,0.7892,-21.8308,loss_of_function,-5.4119715577591,0.8675779527423813,Pathogenic,0.9993,pathogenic,https://doi.org/10.1101/2022.10.22.513328
R616C,1.25164,0.8602,1.9155646334316216,Neutral,Neutral,56.3,3.18451054073e-05,3.9769337841e-06,0.541,"cBioPortal,COSMIC,clinvar",,False,56.3,,,,neutral,neutral,neutral,DOWN,neutral,neutral,neutral,1055600,Uncertain significance,2,93.54,H,-0.1791,1.7898,-7.543,loss_of_function,-1.55144216742459,0.7539747492029151,Pathogenic,0.9465,pathogenic,https://doi.org/10.1101/2022.10.22.513328
R616H,0.93626,0.6966,0.9817477740792432,Neutral,Neutral,56.3,,7.9543104408e-06,0.399,"cBioPortal,COSMIC,clinvar",,False,56.3,,,,neutral,neutral,neutral,DOWN,neutral,neutral,neutral,1006406,Uncertain significance,2,93.54,H,-0.1307,1.7898,-5.7357,loss_of_function,-1.67000788023995,0.0853061761860952,Benign,0.8605,pathogenic,https://doi.org/10.1101/2022.10.22.513328
L617M,-0.33655,0.5466,0.4353750367751025,Neutral,Neutral,48.8,,,,clinvar,,True,48.8,,,,neutral,neutral,neutral,-,uncertain,uncertain,uncertain,1781289,Uncertain significance,1,95.48,H,-0.1201,1.188,-5.0875,loss_of_function,-0.991306449346387,2.829656934924156e-06,Benign,0.322,benign,https://doi.org/10.1101/2022.10.22.513328
V618I,0.28053,-0.00578,0.7747075839411605,Neutral,Neutral,0.0,,,,clinvar,,True,0.0,,,,neutral,neutral,neutral,UP,neutral,neutral,neutral,843296,Uncertain significance,2,97.37,H,-0.1311,0.6584,-3.6477,loss_of_function,-1.23474284022799,0.0011662052323163,Benign,0.4723,ambiguous,https://doi.org/10.1101/2022.10.22.513328
V618L,0.29143,1.35952,0.5633510322503507,Neutral,Neutral,0.0,,,,clinvar,,True,0.0,,,,neutral,neutral,neutral,UP,neutral,neutral,neutral,934530,Uncertain significance,2,97.37,H,-0.2069,0.6584,-5.7472,loss_of_function,-2.51755236777539,0.1529009060679959,Benign,0.9816,pathogenic,https://doi.org/10.1101/2022.10.22.513328
Y619H,4.00066,2.5119,2.438826806737445,Uncertain,Uncertain,26.9,,,,clinvar,P,True,26.9,3.615,,,damaging,neutral,potentially_damaging,DOWN,neutral,neutral,neutral,944253,Uncertain significance,1,95.17,H,-0.1953,0.7465,-3.4671,loss_of_function,-1.01694300431814,0.206748647105409,Benign,0.9947,pathogenic,https://doi.org/10.1101/2022.10.22.513328
D620G,0.62093,1.02721,1.177581814873197,Neutral,Neutral,58.0,,,,clinvar,,True,58.0,,,,neutral,neutral,neutral,DOWN,neutral,neutral,neutral,2448348,Uncertain significance,1,95.0,H,-0.1979,0.8907,-6.5546,loss_of_function,-2.80074835068966,0.7246624678917101,Pathogenic,0.9725,pathogenic,https://doi.org/10.1101/2022.10.22.513328
G621A,-1.94743,-0.71463,-0.2255143693509681,Neutral,Neutral,23.8,,,,clinvar,,True,23.8,,,,neutral,neutral,neutral,UP,neutral,neutral,neutral,1781527,Uncertain significance,1,96.75,H,-0.1535,1.4363,-3.0272,loss_of_function,-1.29746094251643,7.258447702778478e-05,Benign,0.5906,pathogenic,https://doi.org/10.1101/2022.10.22.513328
I622F,5.83048,2.86973,1.6894930672477588,Uncertain,Uncertain,0.0,,,,clinvar,,True,0.0,,,,neutral,neutral,neutral,UP,neutral,neutral,neutral,1781551,Uncertain significance,2,96.93,H,-0.2936,0.9954,-21.8308,loss_of_function,-4.56139153368142,0.109382471312962,Benign,0.9535,pathogenic,https://doi.org/10.1101/2022.10.22.513328
I622M,0.3434,0.91565,1.326666434341159,Neutral,Neutral,0.0,,,0.262,cBioPortal,,True,0.0,,,,neutral,neutral,neutral,-,uncertain,uncertain,uncertain,,,,96.93,H,-0.2235,0.9954,-21.8308,loss_of_function,-2.84514995335707,0.1609533139753117,Benign,0.7737,pathogenic,https://doi.org/10.1101/2022.10.22.513328
R623L,0.19101,0.28503,-0.2283398313248108,Neutral,Neutral,35.1,,,0.600,"cBioPortal,COSMIC",,False,35.1,,,,neutral,neutral,neutral,DOWN,neutral,neutral,neutral,,,,93.78,H,-0.2716,1.5071,-21.8308,loss_of_function,-4.16586137109866,0.4922770586203536,Uncertain,0.9777,pathogenic,https://doi.org/10.1101/2022.10.22.513328
R623P,3.52286,10.7949,6.731495714340936,Destabilizing,Destabilizing,35.1,,,,clinvar,,False,35.1,,,,neutral,neutral,neutral,DOWN,neutral,neutral,neutral,2563294,Uncertain significance,1,93.78,H,-0.4112,1.5071,-21.8308,loss_of_function,-4.55122518485188,0.7246312817553902,Pathogenic,0.9993,pathogenic,https://doi.org/10.1101/2022.10.22.513328
R623Q,0.637,1.69966,0.9126069105635382,Neutral,Neutral,35.1,,7.9551963342e-06,0.322,"cBioPortal,clinvar",,False,35.1,,,,neutral,neutral,neutral,DOWN,neutral,neutral,neutral,1504667,Uncertain significance,2,93.78,H,-0.1598,1.5071,-5.3731,loss_of_function,-2.4657057845306,0.0466861714187097,Benign,0.8736,pathogenic,https://doi.org/10.1101/2022.10.22.513328
R623W,0.03488,0.49796,-0.0907189883025222,Neutral,Neutral,35.1,3.18552497452e-05,,0.387,"cBioPortal,clinvar",,False,35.1,,,,neutral,neutral,neutral,UP,neutral,neutral,stabilizing,965152,Uncertain significance,1,93.78,H,-0.2088,1.5071,-6.543,loss_of_function,-1.02493923489502,0.6321550950511541,Uncertain,0.944,pathogenic,https://doi.org/10.1101/2022.10.22.513328
D624N,-0.39177,0.39762,-0.4006163193352791,Neutral,Neutral,60.3,,,0.262,COSMIC,,False,60.3,,,,neutral,neutral,neutral,-,uncertain,uncertain,uncertain,,,,93.99,H,-0.1036,1.2946,-4.0836,loss_of_function,-1.03442841250532,0.0161029995636473,Benign,0.6448,pathogenic,https://doi.org/10.1101/2022.10.22.513328
D624V,-0.06826,0.31565,-0.7598713710168642,Neutral,Neutral,60.3,,,,clinvar,,False,60.3,,,,neutral,neutral,neutral,UP,neutral,neutral,stabilizing,1717158,Uncertain significance,1,93.99,H,-0.2745,1.2946,-21.8308,loss_of_function,-4.48651735290678,0.7370649588060619,Pathogenic,0.9438,pathogenic,https://doi.org/10.1101/2022.10.22.513328
I625M,0.35495,2.90442,2.6625240350722668,Uncertain,Uncertain,0.0,,,,clinvar,,False,0.0,,,,neutral,neutral,neutral,-,uncertain,uncertain,uncertain,1356584,Uncertain significance,1,95.95,H,-0.2676,0.5154,-21.8308,loss_of_function,-2.36028090066067,0.8539929424996788,Pathogenic,0.6811,pathogenic,https://doi.org/10.1101/2022.10.22.513328
I625T,3.39492,2.83605,3.22327888179869,Uncertain,Destabilizing,0.0,,,,clinvar,,False,0.0,,,,neutral,neutral,neutral,DOWN,neutral,neutral,neutral,2563295,Uncertain significance,1,95.95,H,-0.2664,0.5154,-8.5429,loss_of_function,-5.62871180748061,0.6470853191148409,Uncertain,0.9059,pathogenic,https://doi.org/10.1101/2022.10.22.513328
K627R,0.05772,-0.33401,-0.1053746132219929,Neutral,Neutral,59.5,,,0.211,"cBioPortal,COSMIC,clinvar",,False,59.5,,,,neutral,neutral,neutral,-,uncertain,uncertain,uncertain,1009552,Uncertain significance,1,89.35,H,0.0572,2.2906,-2.1507,gain_of_function,-0.779763925871389,5.013166103332631e-16,Benign,0.1249,benign,https://doi.org/10.1101/2022.10.22.513328
A628S,0.56053,1.02313,1.099297677631443,Neutral,Neutral,16.7,,,,clinvar,,True,16.7,,,,neutral,neutral,neutral,-,uncertain,uncertain,uncertain,1047764,Uncertain significance,2,87.9,H,-0.121,0.9116,-2.5619,loss_of_function,-1.09364739678726,6.091629945729478e-05,Benign,0.1818,benign,https://doi.org/10.1101/2022.10.22.513328
V629E,4.57205,4.10544,3.518444091466016,Destabilizing,Destabilizing,0.2,,,0.645,cBioPortal,,True,0.2,,,,neutral,neutral,neutral,-,uncertain,uncertain,uncertain,,,,86.82,H,-0.422,0.5517,-21.823,loss_of_function,-5.30417755075598,0.897903807200052,Pathogenic,0.9975,pathogenic,https://doi.org/10.1101/2022.10.22.513328
V629M,-0.2118,1.07347,1.646070542012393,Neutral,Neutral,0.2,,,,clinvar,,True,0.2,,,,neutral,neutral,neutral,UP,neutral,neutral,neutral,2116773,Uncertain significance,1,86.82,H,-0.24,0.5517,-8.5351,loss_of_function,-3.1891909719013,0.8969914729382749,Pathogenic,0.959,pathogenic,https://doi.org/10.1101/2022.10.22.513328
L630P,4.67727,8.64082,5.731684175345915,Destabilizing,Destabilizing,11.5,,,,clinvar,,True,11.5,,,,neutral,neutral,neutral,DOWN,neutral,neutral,neutral,1374606,Uncertain significance,1,84.02,H,-0.4304,0.7643,-21.8191,loss_of_function,-5.71535208780189,0.7746542488695323,Pathogenic,0.9989,pathogenic,https://doi.org/10.1101/2022.10.22.513328
M631I,1.00668,0.77585,0.1626922897913874,Neutral,Neutral,51.3,,,,clinvar,,True,51.3,,,,neutral,neutral,neutral,-,uncertain,uncertain,uncertain,640318,Uncertain significance,1,75.7,T,-0.1459,0.9909,-6.1977,loss_of_function,-1.14406798846085,0.1376852167774895,Benign,0.917,pathogenic,https://doi.org/10.1101/2022.10.22.513328
M631V,1.18852,0.97619,0.3630740470397292,Neutral,Neutral,51.3,,,,clinvar,,True,51.3,,,,neutral,neutral,neutral,DOWN,neutral,neutral,neutral,2045035,Uncertain significance,1,75.7,T,-0.1716,0.9909,-4.9347,loss_of_function,-1.10598016183014,0.0365576497500626,Benign,0.396,ambiguous,https://doi.org/10.1101/2022.10.22.513328
I632M,0.25533,1.46531,0.5149294531217746,Neutral,Neutral,39.8,,,,clinvar,,True,39.8,,,,neutral,neutral,neutral,-,uncertain,uncertain,uncertain,1782150,Uncertain significance,1,69.83,T,-0.1184,1.3989,-8.5116,loss_of_function,-3.14670536961128,0.0383965140839903,Benign,0.3653,ambiguous,https://doi.org/10.1101/2022.10.22.513328
R633S,2.46554,0.8568,1.7482134133056697,Uncertain,Uncertain,17.4,,,0.322,"COSMIC,clinvar",,True,17.4,,,,neutral,neutral,neutral,DOWN,neutral,neutral,neutral,1009286,Uncertain significance,1,69.71,S,-0.3722,0.3907,-21.7955,loss_of_function,-6.03252670778431,0.5339626027077751,Uncertain,0.9962,pathogenic,https://doi.org/10.1101/2022.10.22.513328
R633W,2.6827,-0.14524,-0.1333297197043764,Uncertain,Uncertain,17.4,,,0.461,COSMIC,,True,17.4,,,,neutral,neutral,neutral,UP,neutral,neutral,neutral,,,,69.71,S,-0.3894,0.3907,-21.7955,loss_of_function,-6.03252670778431,0.854736346402964,Pathogenic,0.9903,pathogenic,https://doi.org/10.1101/2022.10.22.513328
T634A,0.40286,0.41735,0.6042902486643714,Neutral,Neutral,61.2,,,,clinvar,P,True,61.2,1.963,,,damaging,neutral,potentially_damaging,DOWN,neutral,neutral,neutral,1967980,Uncertain significance,1,56.06,-,-0.0558,1.9185,-4.5038,loss_of_function,-0.542031182745641,4.451523033861622e-05,Benign,0.2325,benign,https://doi.org/10.1101/2022.10.22.513328
T634N,0.6924,0.58605,0.3868417003375968,Neutral,Neutral,61.2,,,,clinvar,P,True,61.2,1.963,,,damaging,neutral,potentially_damaging,-,uncertain,uncertain,uncertain,1943223,Uncertain significance,1,56.06,-,-0.1075,1.9185,-3.7489,loss_of_function,-1.27858440404012,4.237167025656926e-07,Benign,0.2074,benign,https://doi.org/10.1101/2022.10.22.513328
P635F,1.41262,-0.11939,-0.8110706994572214,Neutral,Neutral,70.0,,,,"cBioPortal,COSMIC",,True,70.0,,,,neutral,neutral,neutral,UP,neutral,neutral,stabilizing,,,,53.49,T,-0.165,1.6694,-8.4796,loss_of_function,-3.99990564513045,0.0293615591710992,Benign,0.9493,pathogenic,https://doi.org/10.1101/2022.10.22.513328
P635S,1.88375,0.58946,-0.3997885963226449,Neutral,Neutral,70.0,,,,clinvar,,True,70.0,,,,neutral,neutral,neutral,DOWN,neutral,neutral,neutral,1443405,Uncertain significance,2,53.49,T,-0.0831,1.6694,-4.4798,loss_of_function,-1.33745751663759,0.016700272706527,Benign,0.5109,ambiguous,https://doi.org/10.1101/2022.10.22.513328
E636D,1.18271,0.13027,0.2767084127276226,Neutral,Neutral,91.8,,,0.096,cBioPortal,,True,91.8,,,,neutral,neutral,neutral,DOWN,neutral,neutral,neutral,,,,50.04,T,-0.0982,1.0121,-3.6137,loss_of_function,-0.173833638332005,3.627795052976351e-06,Benign,0.1328,benign,https://doi.org/10.1101/2022.10.22.513328
E636K,0.80881,0.25306,0.3820702798655317,Neutral,Neutral,91.8,,,,clinvar,,True,91.8,,,,neutral,neutral,neutral,UP,neutral,neutral,stabilizing,964179,Uncertain significance,2,50.04,T,-0.1793,1.0121,-8.4715,loss_of_function,-4.57148860700142,0.7716419668178791,Pathogenic,0.8207,pathogenic,https://doi.org/10.1101/2022.10.22.513328
E637K,0.44516,1.54694,0.4128662917052078,Neutral,Neutral,41.0,,,0.356,"COSMIC,clinvar",,True,41.0,,,,neutral,neutral,neutral,UP,neutral,neutral,stabilizing,409005,Uncertain significance,2,51.61,T,-0.2537,0.9406,-21.7594,loss_of_function,-2.28692975127308,0.666674324697653,Uncertain,0.968,pathogenic,https://doi.org/10.1101/2022.10.22.513328
L638F,5.43656,4.48741,0.9428628575904102,Destabilizing,Uncertain,16.1,,,,clinvar,,True,16.1,,,,neutral,neutral,neutral,UP,neutral,neutral,stabilizing,1998843,Uncertain significance,1,53.92,S,-0.1615,1.2062,-6.4676,loss_of_function,-2.04636705451678,0.0217576324695702,Benign,0.785,pathogenic,https://doi.org/10.1101/2022.10.22.513328
D639N,-0.8458,0.75204,0.1457976885994105,Neutral,Neutral,28.3,,,0.259,"cBioPortal,COSMIC",,False,28.3,,,,neutral,neutral,neutral,-,uncertain,uncertain,uncertain,,,,55.78,-,-0.1356,1.1324,-7.4304,loss_of_function,-3.06635216528014,0.2073178515942249,Benign,0.8095,pathogenic,https://doi.org/10.1101/2022.10.22.513328
D642G,1.78486,2.38571,1.939089245829258,Uncertain,Neutral,17.3,,,0.405,COSMIC,,False,17.3,,,,neutral,neutral,neutral,DOWN,neutral,neutral,neutral,,,,48.23,G,-0.1906,0.9878,-6.8867,loss_of_function,-1.60647164608692,0.0493286358082682,Benign,0.7585,pathogenic,https://doi.org/10.1101/2022.10.22.513328
D642N,0.55259,0.91361,0.2313311488957342,Neutral,Neutral,17.3,,,0.226,cBioPortal,,False,17.3,,,,neutral,neutral,neutral,-,uncertain,uncertain,uncertain,,,,48.23,G,-0.1462,0.9878,-6.8867,loss_of_function,-2.36995772774363,0.0683544771641779,Benign,0.6559,pathogenic,https://doi.org/10.1101/2022.10.22.513328
E644G,-0.18318,0.96156,0.8716546234536726,Neutral,Neutral,83.1,,,,clinvar,,False,83.1,,,,neutral,neutral,neutral,DOWN,neutral,neutral,neutral,647984,Uncertain significance,1,33.66,-,-0.2326,0.4716,-8.4511,loss_of_function,-4.81774141944298,0.0077619356014237,Benign,0.5752,pathogenic,https://doi.org/10.1101/2022.10.22.513328
T645A,-0.27094,0.31803,0.1785800995753023,Neutral,Neutral,76.6,,,,clinvar,P,False,76.6,0.358,,,damaging,neutral,uncertain,DOWN,neutral,neutral,destabilizing,2134961,Uncertain significance,1,33.55,-,0.0397,2.9944,-5.2046,gain_of_function,-0.468673936166861,7.753684568850077e-10,Benign,0.0738,benign,https://doi.org/10.1101/2022.10.22.513328
E646D,0.41008,0.64558,0.1051902211344352,Neutral,Neutral,92.4,,,,clinvar,,False,92.4,,,,neutral,neutral,neutral,DOWN,neutral,neutral,neutral,645287,Uncertain significance,1,29.73,-,-0.0837,1.1374,-3.0332,loss_of_function,-0.138657442485606,7.542066231144272e-06,Benign,0.0732,benign,https://doi.org/10.1101/2022.10.22.513328
D647H,-0.35497,1.87619,0.0951413893589064,Neutral,Neutral,108.6,,,0.295,"cBioPortal,COSMIC",,False,108.6,,,,neutral,neutral,neutral,UP,neutral,neutral,stabilizing,,,,28.21,-,-0.2182,1.4922,-21.743,loss_of_function,-3.46916601898593,0.0204122142261997,Benign,0.6513,pathogenic,https://doi.org/10.1101/2022.10.22.513328
D647Y,-1.37528,1.76565,0.4014988884348747,Neutral,Neutral,108.6,,,,clinvar,,False,108.6,,,,neutral,neutral,neutral,UP,neutral,neutral,stabilizing,2448331,Uncertain significance,1,28.21,-,-0.1809,1.4922,-7.4553,loss_of_function,-2.33563315887417,0.0020029130840557,Benign,0.5332,ambiguous,https://doi.org/10.1101/2022.10.22.513328
F648C,0.14136,1.41497,0.9000511515249473,Neutral,Neutral,91.5,,,,clinvar,,False,91.5,,,,neutral,neutral,neutral,DOWN,neutral,neutral,destabilizing,2058141,Uncertain significance,1,27.47,-,-0.0773,2.8405,-6.8073,loss_of_function,-2.48016209895392,0.0002340721464196,Benign,0.3025,benign,https://doi.org/10.1101/2022.10.22.513328
F648V,0.62714,0.75544,0.290910793127121,Neutral,Neutral,91.5,,,,clinvar,,False,91.5,,,,neutral,neutral,neutral,DOWN,neutral,neutral,destabilizing,663564,Uncertain significance,2,27.47,-,-0.0424,2.8405,-5.8073,loss_of_function,-0.478408904635337,5.0480750050782345e-05,Benign,0.1851,benign,https://doi.org/10.1101/2022.10.22.513328
V650I,-0.02006,0.14626,-0.0021054301061301,Neutral,Neutral,102.4,,,0.068,"COSMIC,clinvar",,True,102.4,,,,neutral,neutral,neutral,UP,neutral,neutral,stabilizing,1783160,Uncertain significance,1,32.25,-,0.0296,2.4932,-5.2437,gain_of_function,-0.564658664274745,5.74626708906024e-08,Benign,0.0678,benign,https://doi.org/10.1101/2022.10.22.513328
R651S,0.23472,-0.15544,0.1985299123264544,Neutral,Neutral,84.5,,,,clinvar,,True,84.5,,,,neutral,neutral,neutral,DOWN,neutral,neutral,neutral,1505325,Uncertain significance,1,26.26,-,-0.1746,1.6531,-5.8455,loss_of_function,-2.47207742620276,2.05840013400724e-05,Benign,0.7273,pathogenic,https://doi.org/10.1101/2022.10.22.513328
R653G,0.1345,1.72109,0.5498100736034434,Neutral,Neutral,108.7,,,,clinvar,,True,108.7,,,,neutral,neutral,neutral,DOWN,neutral,neutral,neutral,660735,Uncertain significance,1,27.09,-,-0.2479,2.116,-21.7307,loss_of_function,-2.40458006540586,0.033420182135424,Benign,0.485,ambiguous,https://doi.org/10.1101/2022.10.22.513328
R653T,0.02625,1.13231,0.1941182797804835,Neutral,Neutral,108.7,,,,clinvar,,True,108.7,,,,neutral,neutral,neutral,DOWN,neutral,neutral,neutral,834129,Uncertain significance,1,27.09,-,-0.1327,2.116,-5.121,loss_of_function,-1.98883494355654,1.7064753292463127e-05,Benign,0.5303,ambiguous,https://doi.org/10.1101/2022.10.22.513328
T654M,0.06451,0.35816,0.1217913234010953,Neutral,Neutral,104.1,,,0.168,"cBioPortal,COSMIC,clinvar",P,True,104.1,1.104,,,damaging,neutral,potentially_damaging,UP,neutral,neutral,stabilizing,961635,Uncertain significance,2,27.74,-,-0.1307,1.6813,-6.1334,loss_of_function,-1.43131650800293,0.0047366693292402,Benign,0.2321,benign,https://doi.org/10.1101/2022.10.22.513328
S655N,-0.11486,0.20374,-0.1629521399841216,Neutral,Neutral,99.3,,,,clinvar,P,True,99.3,0.151,,,damaging,neutral,potentially_damaging,UP,neutral,neutral,stabilizing,2095939,Uncertain significance,1,30.1,-,-0.1259,1.0013,-5.6397,loss_of_function,-2.15459987804126,0.0474996325045772,Benign,0.8987,pathogenic,https://doi.org/10.1101/2022.10.22.513328
V656I,-0.08989,0.11701,-0.147599820857105,Neutral,Neutral,94.4,,1.1931086047e-05,0.063,"cBioPortal,clinvar",,True,94.4,,,,neutral,neutral,neutral,UP,neutral,neutral,stabilizing,820437,Uncertain significance,2,26.57,-,0.0232,2.2944,-2.9152,gain_of_function,-0.0035631632888667,2.0222633236724682e-08,Benign,0.0643,benign,https://doi.org/10.1101/2022.10.22.513328
V656L,-0.40102,0.54456,-0.249670642306104,Neutral,Neutral,94.4,,,,clinvar,,True,94.4,,,,neutral,neutral,neutral,UP,neutral,neutral,stabilizing,652432,Uncertain significance,1,26.57,-,-0.062,2.2944,-6.8538,loss_of_function,-0.734796725076721,2.631277992511172e-05,Benign,0.1869,benign,https://doi.org/10.1101/2022.10.22.513328
Q657L,0.08581,2.55748,-0.6172357933010064,Uncertain,Neutral,88.3,,,,clinvar,,True,88.3,,,,neutral,neutral,neutral,UP,neutral,neutral,stabilizing,1783606,Uncertain significance,1,25.72,-,-0.0481,2.0483,-6.121,loss_of_function,-2.86269080392379,0.0026103838396614,Benign,0.2071,benign,https://doi.org/10.1101/2022.10.22.513328
T658I,0.22109,0.41769,-0.1626120630040906,Neutral,Neutral,96.4,,,0.261,cBioPortal,P,True,96.4,0.724,,,damaging,neutral,potentially_damaging,UP,neutral,neutral,neutral,,,,30.11,-,-0.1586,1.2447,-7.4387,loss_of_function,-4.66382103645287,0.6875895766263989,Pathogenic,0.9419,pathogenic,https://doi.org/10.1101/2022.10.22.513328
D661E,-1.58177,2.2398,0.7131400516260141,Uncertain,Neutral,61.3,,,,clinvar,,True,61.3,,,,neutral,neutral,neutral,UP,neutral,neutral,neutral,949773,Uncertain significance,1,35.14,S,-0.0141,2.0519,-4.4645,loss_of_function,-0.517228459138394,1.983246409682936e-07,Benign,0.3602,ambiguous,https://doi.org/10.1101/2022.10.22.513328
D661N,0.63768,1.53231,0.6286155111613118,Neutral,Neutral,61.3,,,0.137,"cBioPortal,COSMIC,clinvar",,True,61.3,,,,neutral,neutral,neutral,-,uncertain,uncertain,uncertain,1509669,Uncertain significance,2,35.14,S,-0.0348,2.0519,-4.258,loss_of_function,-0.408860024215738,9.626016711679426e-05,Benign,0.2979,benign,https://doi.org/10.1101/2022.10.22.513328
Q662E,1.5684,0.33707,-0.3251946774358216,Neutral,Neutral,98.1,,,0.158,COSMIC,,True,98.1,,,,neutral,neutral,neutral,DOWN,neutral,neutral,destabilizing,,,,34.56,-,-0.0116,2.1591,-3.675,loss_of_function,-0.498295559584107,8.056893112799442e-11,Benign,0.1198,benign,https://doi.org/10.1101/2022.10.22.513328
Q662H,1.73798,0.02755,-0.4306138103418216,Neutral,Neutral,98.1,,,,clinvar,,True,98.1,,,,neutral,neutral,neutral,UP,neutral,neutral,neutral,1516458,Uncertain significance,1,34.56,-,-0.0201,2.1591,-6.1344,loss_of_function,-1.16994885794726,1.431272424819045e-05,Benign,0.2846,benign,https://doi.org/10.1101/2022.10.22.513328
Q662R,1.2634,1.04762,-0.4600009934312976,Neutral,Neutral,98.1,,,,clinvar,,True,98.1,,,,neutral,neutral,neutral,UP,neutral,neutral,neutral,2078510,Uncertain significance,1,34.56,-,-0.0421,2.1591,-4.434,loss_of_function,-1.84549552106149,0.0004292394899384,Benign,0.2396,benign,https://doi.org/10.1101/2022.10.22.513328
I664R,0.12727,0.70204,0.5503451420559227,Neutral,Neutral,50.3,,,,clinvar,,False,50.3,,,,neutral,neutral,neutral,UP,neutral,neutral,neutral,239062,Uncertain significance,1,41.34,S,-0.3453,1.3894,-7.066,loss_of_function,-2.22090351011524,0.003047453279432,Benign,0.7814,pathogenic,https://doi.org/10.1101/2022.10.22.513328
I664T,1.04892,0.94048,1.2190540523968525,Neutral,Neutral,50.3,,,,clinvar,,False,50.3,,,,neutral,neutral,neutral,DOWN,neutral,neutral,neutral,836360,Uncertain significance,1,41.34,S,-0.1784,1.3894,-7.066,loss_of_function,-2.14895910223748,0.0001706438191229,Benign,0.6255,pathogenic,https://doi.org/10.1101/2022.10.22.513328
A665V,1.05027,3.01633,1.0610866621065558,Uncertain,Neutral,95.7,,,,clinvar,,True,95.7,,,,neutral,neutral,neutral,UP,neutral,neutral,neutral,820466,Uncertain significance,1,47.21,T,-0.0511,2.0085,-8.0606,loss_of_function,-1.28316330936622,2.3735205717444094e-07,Benign,0.3878,ambiguous,https://doi.org/10.1101/2022.10.22.513328
G666C,2.41041,1.42211,1.564175455719056,Uncertain,Uncertain,78.9,,,0.504,COSMIC,,True,78.9,,,,neutral,neutral,neutral,UP,neutral,neutral,neutral,,,,54.88,T,-0.3697,0.768,-21.6409,loss_of_function,-4.39344729150005,0.4300102763973209,Uncertain,0.8698,pathogenic,https://doi.org/10.1101/2022.10.22.513328
G666S,2.67021,0.59592,0.8637583842534535,Uncertain,Uncertain,78.9,,,0.242,"cBioPortal,COSMIC",,True,78.9,,,,neutral,neutral,neutral,UP,neutral,neutral,neutral,,,,54.88,T,-0.2378,0.768,-6.3531,loss_of_function,-2.36829148668576,0.1126536251509554,Benign,0.5508,ambiguous,https://doi.org/10.1101/2022.10.22.513328
Q667H,0.23492,1.84864,-0.1973269932741589,Neutral,Neutral,52.5,,,0.302,COSMIC,,True,52.5,,,,neutral,neutral,neutral,UP,neutral,neutral,neutral,,,,65.74,-,0.0084,2.4501,-5.7944,gain_of_function,-0.850084509140136,1.0367943393489858e-10,Benign,0.4012,ambiguous,https://doi.org/10.1101/2022.10.22.513328
Q667R,-0.23137,2.22177,-0.3821303138897902,Uncertain,Neutral,52.5,,,,clinvar,,True,52.5,,,,neutral,neutral,neutral,UP,neutral,neutral,neutral,941776,Uncertain significance,1,65.74,-,-0.0354,2.4501,-8.3792,loss_of_function,-1.22672515457716,1.0324388699546852e-08,Benign,0.3368,benign,https://doi.org/10.1101/2022.10.22.513328
R670Q,0.38738,0.13571,1.2336208788426657,Neutral,Neutral,34.6,,,,clinvar,,False,34.6,,,,neutral,neutral,neutral,DOWN,neutral,neutral,neutral,1479417,Uncertain significance,2,83.44,H,-0.2245,0.6939,-3.3777,loss_of_function,-1.68638904766491,0.1019358323053208,Benign,0.9439,pathogenic,https://doi.org/10.1101/2022.10.22.513328
R670W,3.41499,0.48503,0.727717903519946,Uncertain,Uncertain,34.6,,,0.386,"COSMIC,clinvar",,False,34.6,,,,neutral,neutral,neutral,UP,neutral,neutral,neutral,1784354,Uncertain significance,1,83.44,H,-0.2932,0.6939,-8.4219,loss_of_function,-2.40570761362995,0.8774709276409967,Pathogenic,0.9927,pathogenic,https://doi.org/10.1101/2022.10.22.513328
A671V,0.22559,0.30476,-0.1162213940911782,Neutral,Neutral,50.7,,4.0389353366e-06,0.152,"cBioPortal,clinvar",,False,50.7,,,,neutral,neutral,neutral,UP,neutral,neutral,neutral,1511728,Uncertain significance,1,78.1,H,-0.0522,1.8609,-5.602,loss_of_function,-1.45051819894468,0.2441982594497281,Benign,0.7562,pathogenic,https://doi.org/10.1101/2022.10.22.513328
I672M,-0.28477,1.79184,0.9542256300524526,Neutral,Neutral,10.2,,,,clinvar,,False,10.2,,,,neutral,neutral,neutral,-,uncertain,uncertain,uncertain,844266,Uncertain significance,1,78.92,H,-0.0262,2.1966,-4.8329,loss_of_function,-0.807946765397109,1.6869500322829617e-13,Benign,0.2766,benign,https://doi.org/10.1101/2022.10.22.513328
L676P,7.26073,9.66565,4.671145589045091,Destabilizing,Destabilizing,0.3,,,0.501,cBioPortal,,False,0.3,,,,neutral,neutral,neutral,DOWN,neutral,neutral,neutral,,,,81.74,S,-0.4145,0.9321,-21.7182,loss_of_function,-5.25777850949885,0.822598774941941,Pathogenic,0.9989,pathogenic,https://doi.org/10.1101/2022.10.22.513328
Q678E,-0.26657,-0.38197,-0.5089318266162296,Neutral,Neutral,94.4,,,,clinvar,,False,94.4,,,,neutral,neutral,neutral,DOWN,neutral,neutral,neutral,998470,Uncertain significance,1,81.69,H,-0.0518,1.5812,-1.1267,loss_of_function,-0.798738482584366,6.476394404716867e-22,Benign,0.0975,benign,https://doi.org/10.1101/2022.10.22.513328
Q678R,0.70529,0.30306,-0.2783093776028877,Neutral,Neutral,94.4,,,,clinvar,,False,94.4,,,,neutral,neutral,neutral,UP,neutral,neutral,neutral,1486013,Uncertain significance,2,81.69,H,-0.1156,1.5812,-8.4303,loss_of_function,-4.57013399464109,1.1528776308209617e-06,Benign,0.339,benign,https://doi.org/10.1101/2022.10.22.513328
K681R,0.64336,0.05816,0.0233583283844546,Neutral,Neutral,41.1,,,,clinvar,,False,41.1,,,,neutral,neutral,neutral,-,uncertain,uncertain,uncertain,2085987,Uncertain significance,1,87.23,H,-0.1077,0.5963,-3.9069,loss_of_function,-0.18838281225889,4.474910187051284e-08,Benign,0.2775,benign,https://doi.org/10.1101/2022.10.22.513328
A682T,0.87722,-0.40306,0.1619558025008516,Neutral,Neutral,74.5,,,,clinvar,,False,74.5,,,,neutral,neutral,neutral,UP,neutral,neutral,neutral,1784946,Uncertain significance,1,87.84,H,-0.0339,2.248,-8.4261,loss_of_function,-2.37365212794276,0.0140661704714597,Benign,0.23,benign,https://doi.org/10.1101/2022.10.22.513328
A682V,0.32674,-0.16701,-0.2529181492502497,Neutral,Neutral,74.5,,,0.219,"cBioPortal,COSMIC,clinvar",,False,74.5,,,,neutral,neutral,neutral,UP,neutral,neutral,neutral,1472893,Uncertain significance,2,87.84,H,-0.0191,2.248,-6.1043,loss_of_function,-1.21460074456897,0.0021909717902366,Benign,0.2371,benign,https://doi.org/10.1101/2022.10.22.513328
K683E,0.46554,0.34626,0.4502719908403219,Neutral,Neutral,53.1,,,,clinvar,,False,53.1,,,,neutral,neutral,neutral,DOWN,neutral,neutral,neutral,1700597,Uncertain significance,0,89.13,H,-0.2169,0.5412,-6.422,loss_of_function,-3.51150268661379,0.1040429225056648,Benign,0.7443,pathogenic,https://doi.org/10.1101/2022.10.22.513328
I684T,3.21043,2.74864,2.926813084821651,Uncertain,Uncertain,1.6,,,,clinvar,,False,1.6,,,,neutral,neutral,neutral,DOWN,neutral,neutral,neutral,1394028,Uncertain significance,1,89.77,H,-0.2779,0.2727,-6.422,loss_of_function,-5.88854986715256,0.8972618208690848,Pathogenic,0.9986,pathogenic,https://doi.org/10.1101/2022.10.22.513328
A685T,0.64317,0.11599,0.2736381783576591,Neutral,Neutral,66.6,,,,clinvar,,False,66.6,,,,neutral,neutral,neutral,UP,neutral,neutral,neutral,2572969,Uncertain significance,1,88.49,H,-0.1821,1.374,-21.7098,loss_of_function,-2.82021275201293,0.3993946238642383,Uncertain,0.483,ambiguous,https://doi.org/10.1101/2022.10.22.513328
A685V,0.34197,0.02653,-0.1198080277408342,Neutral,Neutral,66.6,,,0.236,"cBioPortal,COSMIC",,False,66.6,,,,neutral,neutral,neutral,UP,neutral,neutral,neutral,,,,88.49,H,-0.0995,1.374,-6.1001,loss_of_function,-1.48868417989875,0.0135888305902682,Benign,0.5367,ambiguous,https://doi.org/10.1101/2022.10.22.513328
E686V,0.48988,-0.20068,-0.1218327298899252,Neutral,Neutral,95.5,,,,clinvar,,False,95.5,,,,neutral,neutral,neutral,-,uncertain,uncertain,uncertain,1721201,Uncertain significance,1,91.55,H,-0.1338,1.3525,-7.422,loss_of_function,-4.04205883529685,0.3872290878745312,Uncertain,0.5213,ambiguous,https://doi.org/10.1101/2022.10.22.513328
Q687E,0.60762,0.70986,1.193864704458676,Neutral,Neutral,25.7,,,0.238,"cBioPortal,COSMIC",,False,25.7,,,,neutral,neutral,neutral,DOWN,neutral,neutral,neutral,,,,90.95,H,-0.1697,0.5121,-4.9584,loss_of_function,-0.188953524667828,0.0003102662964813,Benign,0.4234,ambiguous,https://doi.org/10.1101/2022.10.22.513328
V688G,3.40819,4.07245,3.996838456341569,Destabilizing,Destabilizing,4.2,,,0.405,"cBioPortal,COSMIC",,False,4.2,,,,neutral,neutral,neutral,DOWN,neutral,neutral,neutral,,,,91.39,H,-0.3929,0.8824,-21.7098,loss_of_function,-5.14080371288562,0.8238861737373736,Pathogenic,0.9083,pathogenic,https://doi.org/10.1101/2022.10.22.513328
S690I,1.02545,-0.35238,0.316488366795466,Neutral,Neutral,39.2,,,,clinvar,P,False,39.2,0.834,,,damaging,neutral,uncertain,UP,neutral,neutral,stabilizing,2448337,Uncertain significance,1,90.28,H,0.0145,2.974,-2.1384,gain_of_function,-0.108896247423368,4.954523453206685e-10,Benign,0.1511,benign,https://doi.org/10.1101/2022.10.22.513328
F691L,1.23905,2.35612,2.3079024881366337,Uncertain,Uncertain,2.0,,,0.300,"cBioPortal,COSMIC",,False,2.0,,,,neutral,neutral,neutral,DOWN,neutral,neutral,neutral,,,,93.42,H,-0.2599,0.1828,-6.8244,loss_of_function,-3.9354936151681,0.8836741933280858,Pathogenic,0.9995,pathogenic,https://doi.org/10.1101/2022.10.22.513328
Q692P,4.12436,12.11769,5.121449080400433,Destabilizing,Destabilizing,63.0,,,0.321,cBioPortal,,False,63.0,,,,neutral,neutral,neutral,DOWN,neutral,neutral,neutral,,,,90.76,H,-0.2574,2.3188,-21.7013,loss_of_function,-3.41351266569294,4.629416364946298e-05,Benign,0.983,pathogenic,https://doi.org/10.1101/2022.10.22.513328
Q692R,-0.19135,-0.28776,-0.5337630371170188,Neutral,Neutral,63.0,,,,clinvar,,False,63.0,,,,neutral,neutral,neutral,UP,neutral,neutral,neutral,1389069,Uncertain significance,1,90.76,H,-0.0142,2.3188,-1.859,loss_of_function,-0.192778215306269,1.9316593582048884e-17,Benign,0.2394,benign,https://doi.org/10.1101/2022.10.22.513328
E694A,-0.01019,0.7517,0.8287537274165274,Neutral,Neutral,10.9,,,,clinvar,,False,10.9,,,,neutral,neutral,neutral,DOWN,neutral,neutral,neutral,639406,Uncertain significance,1,90.78,H,-0.1073,1.3756,-5.2352,loss_of_function,-1.67338330483578,0.1364046640109313,Benign,0.8357,pathogenic,https://doi.org/10.1101/2022.10.22.513328
S696N,0.14395,-0.1534,-0.3746588524602973,Neutral,Neutral,74.2,,,,clinvar,P,False,74.2,0.886,,,damaging,neutral,uncertain,UP,neutral,neutral,neutral,664587,Uncertain significance,1,88.55,H,0.0149,2.4687,-4.4982,gain_of_function,-0.864979187512162,0.0001542655902852,Benign,0.1226,benign,https://doi.org/10.1101/2022.10.22.513328
L698M,-0.13408,2.24252,1.168283345987631,Uncertain,Neutral,1.4,,,0.237,"cBioPortal,COSMIC",,False,1.4,,,,neutral,neutral,neutral,-,uncertain,uncertain,uncertain,,,,91.17,H,-0.1552,0.9902,-8.4007,loss_of_function,-3.17764597127902,0.3176975799512626,Benign,0.8183,pathogenic,https://doi.org/10.1101/2022.10.22.513328
L698P,9.10494,12.95782,9.558195986659358,Destabilizing,Destabilizing,1.4,,,0.718,cBioPortal,,False,1.4,,,,neutral,neutral,neutral,DOWN,neutral,neutral,neutral,,,,91.17,H,-0.409,0.9902,-21.6886,loss_of_function,-5.19562719954653,0.8093578687442464,Pathogenic,0.9999,pathogenic,https://doi.org/10.1101/2022.10.22.513328
D699V,-0.53484,1.1534,0.0435742815640127,Neutral,Neutral,56.4,,,,clinvar,,False,56.4,,,,neutral,neutral,neutral,UP,neutral,neutral,neutral,1445713,Uncertain significance,1,85.83,H,-0.2523,0.7355,-7.4008,loss_of_function,-4.04317541526033,0.6898822372610113,Pathogenic,0.9844,pathogenic,https://doi.org/10.1101/2022.10.22.513328
V702L,-1.47203,0.47109,-0.1434617421644635,Neutral,Neutral,8.2,,,,clinvar,,True,8.2,,,,neutral,neutral,neutral,UP,neutral,neutral,neutral,1376837,Uncertain significance,1,86.76,H,-0.2649,0.9115,-21.6929,loss_of_function,-3.07374096567841,0.5877000105131839,Uncertain,0.9642,pathogenic,https://doi.org/10.1101/2022.10.22.513328
D706E,1.14003,1.63844,1.5024833244495774,Neutral,Neutral,35.1,,,,clinvar,,False,35.1,,,,neutral,neutral,neutral,UP,neutral,neutral,stabilizing,1371416,Uncertain significance,1,78.91,-,-0.2775,0.1448,-21.6971,loss_of_function,-3.61866499505048,0.8652614952214777,Pathogenic,0.9912,pathogenic,https://doi.org/10.1101/2022.10.22.513328
D707E,-0.24005,-0.01633,0.5589895248960122,Neutral,Neutral,45.6,,,,clinvar,,False,45.6,,,,neutral,neutral,neutral,UP,neutral,neutral,stabilizing,1375239,Uncertain significance,1,79.02,-,-0.138,0.6247,-3.0171,loss_of_function,-1.09841364455593,8.625002754086299e-05,Benign,0.9257,pathogenic,https://doi.org/10.1101/2022.10.22.513328
D707N,-0.45065,1.2551,0.707097053257876,Neutral,Neutral,45.6,,,,clinvar,,False,45.6,,,,neutral,neutral,neutral,-,uncertain,uncertain,uncertain,2009036,Uncertain significance,1,79.02,-,-0.2551,0.6247,-21.6971,loss_of_function,-2.74260479663293,0.7837266307361773,Pathogenic,0.9541,pathogenic,https://doi.org/10.1101/2022.10.22.513328
S708N,-0.19095,-0.09184,-0.4849802029689171,Neutral,Neutral,62.3,,,,clinvar,,False,62.3,,,,uncertain,,,UP,neutral,neutral,stabilizing,1485044,Uncertain significance,1,75.07,T,-0.0463,1.7381,-3.3219,loss_of_function,-0.366370047150523,7.904982505519429e-07,Benign,0.2025,benign,https://doi.org/10.1101/2022.10.22.513328
I712L,0.01492,1.42075,1.0650810593406013,Neutral,Neutral,0.0,,,,clinvar,,True,0.0,,,,neutral,neutral,neutral,-,uncertain,uncertain,uncertain,1427291,Uncertain significance,1,90.65,H,-0.1924,0.3508,-5.2309,loss_of_function,-0.891388984285167,0.3883792127101385,Uncertain,0.7041,pathogenic,https://doi.org/10.1101/2022.10.22.513328
Q718H,0.38341,0.69456,-0.1345767235342004,Neutral,Neutral,51.9,,,,clinvar,,False,51.9,,,,neutral,neutral,neutral,UP,neutral,neutral,neutral,1720751,Uncertain significance,1,91.35,H,-0.0045,2.1192,-2.3522,loss_of_function,-0.847372457852406,8.14840364419032e-07,Benign,0.6183,pathogenic,https://doi.org/10.1101/2022.10.22.513328
M719I,0.61212,1.24184,0.7878616025037446,Neutral,Neutral,0.0,,,,clinvar,,False,0.0,,,,neutral,neutral,neutral,-,uncertain,uncertain,uncertain,1346464,Uncertain significance,1,94.92,H,-0.3081,0.0874,-21.6886,loss_of_function,-3.64683479656887,0.8975420109579795,Pathogenic,0.9993,pathogenic,https://doi.org/10.1101/2022.10.22.513328
M719L,1.52907,0.62245,0.2461446603246442,Neutral,Neutral,0.0,,,,clinvar,,False,0.0,,,,neutral,neutral,neutral,-,uncertain,uncertain,uncertain,2448352,Uncertain significance,1,94.92,H,-0.2751,0.0874,-21.6886,loss_of_function,-3.64683479656887,0.8977959270684599,Pathogenic,0.9892,pathogenic,https://doi.org/10.1101/2022.10.22.513328
C720Y,2.13891,2.80034,0.0584358002778689,Uncertain,Uncertain,8.9,,,0.476,"cBioPortal,COSMIC",,False,8.9,,,,neutral,neutral,neutral,UP,neutral,neutral,neutral,,,,94.02,H,-0.4095,0.1695,-8.3922,loss_of_function,-5.77371027073526,0.8956205190967683,Pathogenic,0.9995,pathogenic,https://doi.org/10.1101/2022.10.22.513328
M721R,-0.299,0.07993,-0.2503284955088036,Neutral,Neutral,55.7,,,,clinvar,,False,55.7,,,,neutral,neutral,neutral,UP,neutral,neutral,neutral,1477529,Uncertain significance,1,90.6,H,-0.3859,1.1173,-21.68,loss_of_function,-3.5348278293262,0.415291090221685,Uncertain,0.8736,pathogenic,https://doi.org/10.1101/2022.10.22.513328
M721V,0.79649,-0.41122,-0.0728193969671231,Neutral,Neutral,55.7,,,,clinvar,,False,55.7,,,,neutral,neutral,neutral,DOWN,neutral,neutral,neutral,853153,Uncertain significance,2,90.6,H,-0.1508,1.1173,-3.1444,loss_of_function,-0.787531386683595,0.0025529622136339,Benign,0.2108,benign,https://doi.org/10.1101/2022.10.22.513328
I722L,0.10813,0.08061,-0.1175826988169587,Neutral,Neutral,6.8,,,0.162,COSMIC,,False,6.8,,,,neutral,neutral,neutral,-,uncertain,uncertain,uncertain,,,,90.34,H,-0.2157,0.2171,-7.3836,loss_of_function,-2.50482831689261,0.6932521841509638,Pathogenic,0.7907,pathogenic,https://doi.org/10.1101/2022.10.22.513328
I722T,2.37887,1.05442,1.4822088274816885,Uncertain,Uncertain,6.8,,,0.565,cBioPortal,,False,6.8,,,,neutral,neutral,neutral,DOWN,neutral,neutral,neutral,,,,90.34,H,-0.2879,0.2171,-7.3836,loss_of_function,-2.43567478113745,0.8930016349090673,Pathogenic,0.9289,pathogenic,https://doi.org/10.1101/2022.10.22.513328
M723V,3.80034,4.01633,1.3582407040515811,Destabilizing,Uncertain,0.0,,,,clinvar,,False,0.0,,,,neutral,neutral,neutral,DOWN,neutral,neutral,neutral,1787000,Uncertain significance,1,95.4,H,-0.3379,0.1117,-21.6714,loss_of_function,-3.41085498384927,0.895762491057419,Pathogenic,0.996,pathogenic,https://doi.org/10.1101/2022.10.22.513328
E725D,1.1641,0.42755,1.092174903384114,Neutral,Neutral,30.5,,,,clinvar,,False,30.5,,,,neutral,neutral,neutral,DOWN,neutral,neutral,neutral,1007492,Uncertain significance,1,90.93,H,-0.1187,0.8313,-4.3794,loss_of_function,-1.07215538605522,0.0178122817078385,Benign,0.8478,pathogenic,https://doi.org/10.1101/2022.10.22.513328
E725K,-0.73597,0.10714,0.633039628596462,Neutral,Neutral,30.5,,,,clinvar,,False,30.5,,,,neutral,neutral,neutral,UP,neutral,neutral,stabilizing,956813,Uncertain significance,1,90.93,H,-0.2632,0.8313,-21.6671,loss_of_function,-4.81981744522688,0.8603398386517511,Pathogenic,0.9911,pathogenic,https://doi.org/10.1101/2022.10.22.513328
E725Q,-0.20225,-0.2102,0.2166258503819101,Neutral,Neutral,30.5,,,0.184,"cBioPortal,COSMIC",,False,30.5,,,,neutral,neutral,neutral,UP,neutral,neutral,stabilizing,,,,90.93,H,-0.1328,0.8313,-5.7944,loss_of_function,-1.62946005294688,0.0061029378245208,Benign,0.8843,pathogenic,https://doi.org/10.1101/2022.10.22.513328
M726K,3.43155,5.36905,4.414625116129389,Destabilizing,Destabilizing,0.0,,,0.814,COSMIC,,False,0.0,,,,neutral,neutral,neutral,UP,neutral,neutral,neutral,,,,92.94,H,-0.4586,0.0296,-21.6671,loss_of_function,-5.85455091311943,0.8979084699951589,Pathogenic,0.9998,pathogenic,https://doi.org/10.1101/2022.10.22.513328
M726L,0.99896,0.10918,0.4981084752878317,Neutral,Neutral,0.0,,,,clinvar,,False,0.0,,,,neutral,neutral,neutral,-,uncertain,uncertain,uncertain,1787183,Uncertain significance,1,92.94,H,-0.2803,0.0296,-21.6671,loss_of_function,-3.52584319004727,0.8851473724400567,Pathogenic,0.9898,pathogenic,https://doi.org/10.1101/2022.10.22.513328
M726R,9.47512,5.32245,3.2419749726061817,Destabilizing,Destabilizing,0.0,,,0.830,"cBioPortal,COSMIC,clinvar",,False,0.0,,,,neutral,neutral,neutral,UP,neutral,neutral,neutral,960715,Uncertain significance,1,92.94,H,-0.4859,0.0296,-21.6671,loss_of_function,-5.85455091311943,0.8887939119336639,Pathogenic,0.9999,pathogenic,https://doi.org/10.1101/2022.10.22.513328
M726T,3.74542,3.27585,2.610636675159584,Destabilizing,Uncertain,0.0,,,0.774,"cBioPortal,COSMIC",,False,0.0,,,,neutral,neutral,neutral,DOWN,neutral,neutral,neutral,,,,92.94,H,-0.3672,0.0296,-21.6671,loss_of_function,-5.85455091311943,0.8859372134700205,Pathogenic,0.9999,pathogenic,https://doi.org/10.1101/2022.10.22.513328
M726V,2.49229,1.5381,1.1388235507751487,Uncertain,Uncertain,0.0,,,0.654,"cBioPortal,COSMIC",,False,0.0,,,,neutral,neutral,neutral,DOWN,neutral,neutral,neutral,,,,92.94,H,-0.3454,0.0296,-21.6671,loss_of_function,-3.52584319004727,0.8888936875621125,Pathogenic,0.9973,pathogenic,https://doi.org/10.1101/2022.10.22.513328
T727A,0.51679,-0.17789,0.921321701465734,Neutral,Neutral,2.6,,,0.409,"cBioPortal,COSMIC,clinvar",,False,2.6,,,,uncertain,,,DOWN,neutral,neutral,neutral,1040004,Uncertain significance,1,90.67,H,-0.2319,0.1644,-7.3836,loss_of_function,-0.289981120060948,0.883758011814775,Pathogenic,0.9784,pathogenic,https://doi.org/10.1101/2022.10.22.513328
D728H,-0.83763,-0.08333,-0.2034360269038232,Neutral,Neutral,32.7,,,0.590,cBioPortal,,False,32.7,,,,neutral,neutral,neutral,UP,neutral,neutral,neutral,,,,88.41,H,-0.328,0.2941,-21.6671,loss_of_function,-5.64894987998587,0.8973672102122041,Pathogenic,0.9956,pathogenic,https://doi.org/10.1101/2022.10.22.513328
T730A,0.58592,0.67653,0.2574905776193287,Neutral,Neutral,0.0,,,,clinvar,,False,0.0,,,,uncertain,,,DOWN,neutral,neutral,neutral,2047669,Uncertain significance,2,89.0,T,-0.2264,0.1915,-6.7987,loss_of_function,-0.794485511177611,0.8740591309310861,Pathogenic,0.9896,pathogenic,https://doi.org/10.1101/2022.10.22.513328
R731G,1.95658,2.43469,2.14975283636828,Uncertain,Uncertain,35.3,,,,clinvar,,False,35.3,,,,neutral,neutral,neutral,DOWN,neutral,neutral,neutral,1460797,Uncertain significance,1,87.84,T,-0.3464,0.305,-8.3706,loss_of_function,-2.15869950820866,0.8978910713779618,Pathogenic,0.9913,pathogenic,https://doi.org/10.1101/2022.10.22.513328
R731L,-0.66549,-1.36293,-0.4518121025078142,Neutral,Neutral,35.3,,,0.595,cBioPortal,,False,35.3,,,,neutral,neutral,neutral,DOWN,neutral,neutral,neutral,,,,87.84,T,-0.3135,0.305,-8.3706,loss_of_function,-5.52347399973042,0.8972176556398683,Pathogenic,0.9909,pathogenic,https://doi.org/10.1101/2022.10.22.513328
R731Q,0.75824,0.38741,0.686918290895587,Neutral,Neutral,35.3,,,0.534,"cBioPortal,COSMIC,clinvar",,False,35.3,,,,neutral,neutral,neutral,DOWN,neutral,neutral,neutral,1387456,Uncertain significance,1,87.84,T,-0.3536,0.305,-21.6584,loss_of_function,-5.52347399973042,0.893273111021893,Pathogenic,0.9386,pathogenic,https://doi.org/10.1101/2022.10.22.513328
G732D,12.6538,4.78061,5.155177586281008,Destabilizing,Destabilizing,0.0,,,0.830,COSMIC,,False,0.0,,,,neutral,neutral,neutral,UP,neutral,neutral,neutral,,,,84.05,T,-0.3497,0.2002,-7.3793,loss_of_function,-5.09926209919479,0.8905113736919837,Pathogenic,0.9997,pathogenic,https://doi.org/10.1101/2022.10.22.513328
G732S,9.32936,3.38095,2.887310263263444,Destabilizing,Uncertain,0.0,,,0.769,"cBioPortal,COSMIC",,False,0.0,,,,neutral,neutral,neutral,UP,neutral,neutral,neutral,,,,84.05,T,-0.3004,0.2002,-8.3792,loss_of_function,-3.68304866357378,0.8871499913615057,Pathogenic,0.9974,pathogenic,https://doi.org/10.1101/2022.10.22.513328
K733E,0.99467,0.28469,-0.0879449911780622,Neutral,Neutral,75.8,,,,clinvar,,True,75.8,,,,neutral,neutral,neutral,DOWN,neutral,neutral,neutral,1432358,Uncertain significance,2,83.9,-,-0.1403,1.4265,-7.375,loss_of_function,-3.28173479556772,0.080224798239252,Benign,0.8811,pathogenic,https://doi.org/10.1101/2022.10.22.513328
P735R,1.25699,0.86361,-0.8182334636444771,Neutral,Neutral,58.2,,,,clinvar,,True,58.2,,,,neutral,neutral,neutral,UP,neutral,neutral,stabilizing,409006,Uncertain significance,2,81.58,S,-0.2916,0.3269,-7.375,loss_of_function,-3.03601996614839,0.6090560207464378,Uncertain,0.8558,pathogenic,https://doi.org/10.1101/2022.10.22.513328
P735S,1.34199,-0.01054,-0.3690213704081446,Neutral,Neutral,58.2,,,,clinvar,,True,58.2,,,,neutral,neutral,neutral,DOWN,neutral,neutral,neutral,2563266,Uncertain significance,1,81.58,S,-0.2163,0.3269,-6.375,loss_of_function,-3.16096601222724,0.4553058800473049,Uncertain,0.8331,pathogenic,https://doi.org/10.1101/2022.10.22.513328
K737E,0.66623,0.34864,0.1069726401571108,Neutral,Neutral,68.9,,,0.715,COSMIC,,True,68.9,,,,neutral,neutral,neutral,DOWN,neutral,neutral,neutral,,,,83.35,-,-0.2361,0.4409,-8.3749,loss_of_function,-4.94096611117935,0.8594246976522045,Pathogenic,0.9644,pathogenic,https://doi.org/10.1101/2022.10.22.513328
K737R,0.02892,1.34592,-0.2635294980844516,Neutral,Neutral,68.9,,,,clinvar,,True,68.9,,,,neutral,neutral,neutral,-,uncertain,uncertain,uncertain,850510,Uncertain significance,1,83.35,-,-0.1305,0.4409,-5.5677,loss_of_function,-1.92509889211117,0.3294352403988383,Uncertain,0.1594,benign,https://doi.org/10.1101/2022.10.22.513328
N738H,0.31773,0.09932,-0.2887486189352828,Neutral,Neutral,54.8,,,,clinvar,,True,54.8,,,,neutral,neutral,neutral,UP,neutral,neutral,stabilizing,1059574,Uncertain significance,1,85.64,S,-0.0737,1.8044,-3.7857,loss_of_function,-1.27524026566956,4.046960854408279e-06,Benign,0.2006,benign,https://doi.org/10.1101/2022.10.22.513328
N738S,0.65845,1.1102,0.5560493069744143,Neutral,Neutral,54.8,,,,clinvar,,True,54.8,,,,neutral,neutral,neutral,DOWN,neutral,neutral,neutral,942005,Uncertain significance,1,85.64,S,-0.04,1.8044,-4.0488,loss_of_function,-0.835883550751725,1.661803732113411e-08,Benign,0.1633,benign,https://doi.org/10.1101/2022.10.22.513328
T739A,1.23548,0.35476,0.4257029711405818,Neutral,Neutral,24.2,3.18593092902e-05,,0.348,"cBioPortal,clinvar",,True,24.2,,,,uncertain,,,DOWN,neutral,neutral,neutral,1425876,Uncertain significance,2,84.24,H,-0.1859,0.6629,-7.3706,loss_of_function,-0.331184898018566,0.7177976270680225,Pathogenic,0.4591,ambiguous,https://doi.org/10.1101/2022.10.22.513328
S740A,0.02574,0.10714,-0.5968062508168398,Neutral,Neutral,57.5,,,,clinvar,,True,57.5,,,,uncertain,,,-,uncertain,uncertain,uncertain,2448354,Uncertain significance,1,83.33,H,-0.1536,1.3464,-21.654,loss_of_function,-0.18234641100481,0.0007166470826158,Benign,0.1288,benign,https://doi.org/10.1101/2022.10.22.513328
S740L,-0.05938,-0.14932,-0.9587548016282732,Neutral,Neutral,57.5,,,0.288,"cBioPortal,clinvar",,True,57.5,,,,uncertain,,,UP,neutral,neutral,stabilizing,1062985,Uncertain significance,1,83.33,H,-0.1552,1.3464,-6.7813,loss_of_function,-1.15290010997433,0.0005270840940434,Benign,0.3182,benign,https://doi.org/10.1101/2022.10.22.513328
V742A,2.15928,2.38163,3.028951491611007,Uncertain,Uncertain,0.0,,,0.589,"cBioPortal,COSMIC",,True,0.0,,,,neutral,neutral,neutral,DOWN,neutral,neutral,neutral,,,,89.83,H,-0.3328,0.1658,-21.6628,loss_of_function,-5.70231444388805,0.8889130997833892,Pathogenic,0.9973,pathogenic,https://doi.org/10.1101/2022.10.22.513328
S744G,0.9031,0.81973,0.5262443124788657,Neutral,Neutral,61.4,,,,clinvar,P,False,61.4,0.37,,,damaging,neutral,uncertain,DOWN,neutral,neutral,neutral,1496010,Uncertain significance,1,89.39,H,-0.0363,1.8966,-6.79,loss_of_function,-1.02628403266847,3.7945504567527283e-08,Benign,0.0923,benign,https://doi.org/10.1101/2022.10.22.513328
S744N,-0.01517,-0.03912,-0.2946657500597072,Neutral,Neutral,61.4,,,,clinvar,P,False,61.4,0.37,,,damaging,neutral,uncertain,UP,neutral,neutral,neutral,1788121,Uncertain significance,1,89.39,H,-0.0183,1.8966,-0.6956,loss_of_function,-0.154504314442298,3.231324182847936e-22,Benign,0.1057,benign,https://doi.org/10.1101/2022.10.22.513328
S744R,-0.03627,0.03027,-0.8262134333387905,Neutral,Neutral,61.4,,,,clinvar,P,False,61.4,0.37,,,damaging,neutral,uncertain,UP,neutral,neutral,neutral,"1385896, 1025578","Uncertain significance, Uncertain significance","1, 1",89.39,H,-0.1102,1.8966,-4.6746,loss_of_function,-1.81265573264558,4.4784215414339643e-07,Benign,0.7773,pathogenic,https://doi.org/10.1101/2022.10.22.513328
S744T,0.66899,-0.35204,-0.3072032045155876,Neutral,Neutral,61.4,,,,clinvar,P,False,61.4,0.37,,,neutral,neutral,uncertain,UP,neutral,neutral,neutral,1788122,Uncertain significance,1,89.39,H,-0.014,1.8966,-6.0531,loss_of_function,-0.702432299581689,3.989847214886328e-07,Benign,0.0806,benign,https://doi.org/10.1101/2022.10.22.513328
A745S,1.87912,1.50748,1.6184904233494748,Neutral,Neutral,6.2,,,,clinvar,,False,6.2,,,,neutral,neutral,neutral,-,uncertain,uncertain,uncertain,1494409,Uncertain significance,2,90.28,H,-0.2048,0.2122,-6.375,loss_of_function,-3.45934398646288,0.506180370875934,Uncertain,0.5355,ambiguous,https://doi.org/10.1101/2022.10.22.513328
A746S,0.71152,1.85,1.785010646523199,Neutral,Neutral,0.0,,,0.449,cBioPortal,,False,0.0,,,,neutral,neutral,neutral,-,uncertain,uncertain,uncertain,,,,93.68,H,-0.2291,0.0592,-8.3749,loss_of_function,-3.08348657721891,0.893310692925596,Pathogenic,0.8963,pathogenic,https://doi.org/10.1101/2022.10.22.513328
A746T,3.34599,2.88231,1.950923357101188,Uncertain,Uncertain,0.0,,,,clinvar,,False,0.0,,,,neutral,neutral,neutral,UP,neutral,neutral,neutral,1441279,Uncertain significance,1,93.68,H,-0.3029,0.0592,-21.6628,loss_of_function,-3.46857998696072,0.8950994686442488,Pathogenic,0.9969,pathogenic,https://doi.org/10.1101/2022.10.22.513328
K747N,0.9727,0.30442,0.5075159110914653,Neutral,Neutral,71.8,,,0.350,cBioPortal,,False,71.8,,,,neutral,neutral,neutral,DOWN,neutral,neutral,neutral,,,,91.62,H,-0.2673,0.7658,-21.6628,loss_of_function,-3.81874087549888,0.6992176871870601,Pathogenic,0.982,pathogenic,https://doi.org/10.1101/2022.10.22.513328
K747R,0.20141,-0.00952,-0.1440244747010138,Neutral,Neutral,71.8,,,,clinvar,,False,71.8,,,,neutral,neutral,neutral,-,uncertain,uncertain,uncertain,1018203,Uncertain significance,1,91.62,H,-0.1047,0.7658,-6.375,loss_of_function,-1.09159331767263,0.2788212998802492,Benign,0.158,benign,https://doi.org/10.1101/2022.10.22.513328
K748Q,0.28767,0.22279,0.3212291242645926,Neutral,Neutral,67.8,,,,clinvar,,False,67.8,,,,neutral,neutral,neutral,DOWN,neutral,neutral,neutral,1046321,Uncertain significance,2,91.88,H,-0.1734,1.5794,-21.6584,loss_of_function,-3.38008960564154,0.1463877088127123,Benign,0.3527,ambiguous,https://doi.org/10.1101/2022.10.22.513328
I749S,3.6057,4.0381,4.427013291659375,Destabilizing,Destabilizing,0.1,,,0.794,cBioPortal,,False,0.1,,,,neutral,neutral,neutral,DOWN,neutral,neutral,neutral,,,,92.64,H,-0.4536,0.1123,-21.6628,loss_of_function,-5.62248075078165,0.8897439333405939,Pathogenic,0.9997,pathogenic,https://doi.org/10.1101/2022.10.22.513328
E751K,-0.06427,0.06667,0.0743105723087078,Neutral,Neutral,75.0,,,0.263,cBioPortal,,False,75.0,,,,neutral,neutral,neutral,UP,neutral,neutral,neutral,,,,91.49,H,-0.2628,0.8358,-21.6628,loss_of_function,-4.32832540007659,0.8674536157541881,Pathogenic,0.8784,pathogenic,https://doi.org/10.1101/2022.10.22.513328
E751Q,0.07848,0.16769,0.3327703795563214,Neutral,Neutral,75.0,,,0.273,COSMIC,,False,75.0,,,,neutral,neutral,neutral,UP,neutral,neutral,neutral,,,,91.49,H,-0.2133,0.8358,-21.6628,loss_of_function,-2.81467115171423,0.702783010159323,Pathogenic,0.6344,pathogenic,https://doi.org/10.1101/2022.10.22.513328
G753E,4.16915,7.61122,1.5278018926109904,Destabilizing,Uncertain,0.0,,,0.629,cBioPortal,,False,0.0,,,,neutral,neutral,neutral,UP,neutral,neutral,neutral,,,,93.27,H,-0.3697,0.0298,-8.3662,loss_of_function,-5.89954137701512,0.8655250628350257,Pathogenic,0.9999,pathogenic,https://doi.org/10.1101/2022.10.22.513328
G753R,5.17196,3.25544,2.2490951984392296,Destabilizing,Uncertain,0.0,,,0.734,"cBioPortal,COSMIC",,False,0.0,,,,neutral,neutral,neutral,UP,neutral,neutral,neutral,,,,93.27,H,-0.4545,0.0298,-21.654,loss_of_function,-5.89954137701512,0.8862491700694795,Pathogenic,0.9999,pathogenic,https://doi.org/10.1101/2022.10.22.513328
G753V,1.68066,3.46803,0.0237258702597698,Uncertain,Neutral,0.0,,,0.658,"cBioPortal,COSMIC",,False,0.0,,,,neutral,neutral,neutral,UP,neutral,neutral,neutral,,,,93.27,H,-0.4647,0.0298,-21.654,loss_of_function,-5.89954137701512,0.8776124424656144,Pathogenic,0.9996,pathogenic,https://doi.org/10.1101/2022.10.22.513328
S754C,0.73735,0.35306,0.6231455371820473,Neutral,Neutral,68.7,,,0.346,cBioPortal,P,False,68.7,0.439,,,damaging,neutral,uncertain,UP,neutral,neutral,neutral,,,,92.31,H,-0.114,1.4781,-6.3663,loss_of_function,-0.120584452490739,0.0189642614175909,Benign,0.2508,benign,https://doi.org/10.1101/2022.10.22.513328
S754F,-0.24037,-0.53639,-0.5423829008905939,Neutral,Neutral,68.7,,,0.464,cBioPortal,P,False,68.7,0.439,,,damaging,neutral,uncertain,UP,neutral,neutral,neutral,,,,92.31,H,-0.2195,1.4781,-21.654,loss_of_function,-4.31514086699354,0.1833660275453236,Benign,0.7084,pathogenic,https://doi.org/10.1101/2022.10.22.513328
R755M,-0.85045,0.80136,0.278159396351843,Neutral,Neutral,71.7,,,0.245,"cBioPortal,COSMIC",,False,71.7,,,,neutral,neutral,neutral,DOWN,neutral,neutral,neutral,,,,91.23,H,-0.2521,1.3372,-21.654,loss_of_function,-2.32930598456575,0.1230557611399683,Benign,0.8412,pathogenic,https://doi.org/10.1101/2022.10.22.513328
M756I,1.5092,0.91293,0.7425428290662472,Neutral,Neutral,0.0,,,,clinvar,,False,0.0,,,,neutral,neutral,neutral,-,uncertain,uncertain,uncertain,1951279,Uncertain significance,1,93.94,H,-0.1549,1.014,-8.3618,loss_of_function,-3.20212137259827,0.2421033307362073,Benign,0.9888,pathogenic,https://doi.org/10.1101/2022.10.22.513328
D757G,1.20264,0.85034,1.7878811574172648,Neutral,Neutral,24.2,,,0.316,"cBioPortal,COSMIC",,False,24.2,,,,neutral,neutral,neutral,DOWN,neutral,neutral,neutral,,,,91.93,H,-0.2137,0.7303,-6.7769,loss_of_function,-4.7184114136756,0.8859195321543363,Pathogenic,0.969,pathogenic,https://doi.org/10.1101/2022.10.22.513328
K758R,-0.22466,0.28367,-0.2984844319408269,Neutral,Neutral,81.8,,,,clinvar,,False,81.8,,,,neutral,neutral,neutral,-,uncertain,uncertain,uncertain,1788814,Likely benign,1,90.91,H,-0.1116,1.538,-21.6497,loss_of_function,-0.0045407738243424,0.2858817249906654,Benign,0.1132,benign,https://doi.org/10.1101/2022.10.22.513328
L759V,1.09085,0.65102,0.8297455925720356,Neutral,Neutral,24.8,,,0.389,COSMIC,,False,24.8,,,,neutral,neutral,neutral,DOWN,neutral,neutral,neutral,,,,89.28,H,-0.2174,0.3976,-7.3619,loss_of_function,-1.62547236008217,0.8945954506890104,Pathogenic,0.5616,ambiguous,https://doi.org/10.1101/2022.10.22.513328
R761C,1.60367,1.01327,1.60087757821342,Neutral,Neutral,47.9,,3.9771552204e-06,0.357,"cBioPortal,COSMIC,clinvar",,True,47.9,,,,neutral,neutral,neutral,DOWN,neutral,neutral,neutral,641666,Uncertain significance,2,90.79,H,-0.3305,0.9257,-21.6453,loss_of_function,-3.81327100135412,0.7513282826193458,Pathogenic,0.8099,pathogenic,https://doi.org/10.1101/2022.10.22.513328
R761H,0.69135,1.1432,0.7172226075302159,Neutral,Neutral,47.9,,0.0,0.450,"cBioPortal,COSMIC,clinvar",,True,47.9,,,,neutral,neutral,neutral,DOWN,neutral,neutral,neutral,2044455,Uncertain significance,2,90.79,H,-0.2155,0.9257,-6.7726,loss_of_function,-1.89299256641471,0.5877930526238802,Uncertain,0.5426,ambiguous,https://doi.org/10.1101/2022.10.22.513328
T762S,0.00238,0.60578,0.4315799566179684,Neutral,Neutral,53.2,,,,clinvar,,True,53.2,,,,neutral,,,DOWN,neutral,neutral,neutral,1789003,Uncertain significance,1,88.32,H,0.0302,2.5062,-5.3619,gain_of_function,-0.112387682719467,2.5245109186470254e-08,Benign,0.0849,benign,https://doi.org/10.1101/2022.10.22.513328
I763T,2.96063,2.82381,2.203547526673676,Uncertain,Uncertain,7.8,,,0.698,"COSMIC,clinvar",,True,7.8,,,,neutral,neutral,neutral,DOWN,neutral,neutral,neutral,1789047,Uncertain significance,1,88.82,H,-0.2898,0.9879,-21.6497,loss_of_function,-5.12867001381507,0.8696845694434581,Pathogenic,0.9752,pathogenic,https://doi.org/10.1101/2022.10.22.513328
I763V,1.02932,1.17313,0.9788002628301028,Neutral,Neutral,7.8,,,,clinvar,,True,7.8,,,,neutral,neutral,neutral,DOWN,neutral,neutral,neutral,1415775,Uncertain significance,1,88.82,H,-0.0759,0.9879,-1.7037,loss_of_function,-0.361573399864953,0.1750028692025374,Benign,0.1399,benign,https://doi.org/10.1101/2022.10.22.513328
H766Q,0.87185,-0.33673,0.9264664253779488,Neutral,Neutral,57.0,,,0.239,cBioPortal,,True,57.0,,,,neutral,neutral,neutral,DOWN,neutral,neutral,neutral,,,,82.22,H,-0.0104,1.5656,-0.5286,loss_of_function,0.203543807288528,1.6159720184759795e-26,Benign,0.1031,benign,https://doi.org/10.1101/2022.10.22.513328
H766R,0.44513,-0.70476,0.1817605010570783,Neutral,Neutral,57.0,,,0.260,cBioPortal,,True,57.0,,,,neutral,neutral,neutral,UP,neutral,neutral,neutral,,,,82.22,H,-0.1185,1.5656,-8.3486,loss_of_function,-2.46701590034814,0.0001272187582221,Benign,0.1319,benign,https://doi.org/10.1101/2022.10.22.513328
P768H,2.26627,1.31497,-0.8237238487094317,Uncertain,Uncertain,38.0,,,0.457,"cBioPortal,COSMIC",,False,38.0,,,,neutral,neutral,neutral,UP,neutral,neutral,neutral,,,,76.57,-,-0.289,0.8044,-21.5685,loss_of_function,-4.33275323787941,0.7720337901191137,Pathogenic,0.9615,pathogenic,https://doi.org/10.1101/2022.10.22.513328
D769N,4.10437,1.64422,0.7681840623954939,Uncertain,Uncertain,41.2,,,0.345,"cBioPortal,clinvar",,False,41.2,,,,neutral,neutral,neutral,-,uncertain,uncertain,uncertain,1485086,Uncertain significance,2,80.03,-,-0.1409,1.0345,-6.6958,loss_of_function,-0.884379649866481,0.5669581959054487,Uncertain,0.9006,pathogenic,https://doi.org/10.1101/2022.10.22.513328
S770L,-0.49088,-0.05578,-0.389697955326917,Neutral,Neutral,95.6,,,0.274,"cBioPortal,COSMIC,clinvar",P,False,95.6,-0.582,,,damaging,neutral,uncertain,UP,neutral,neutral,neutral,1394867,Uncertain significance,2,81.82,H,-0.1675,1.1519,-5.6958,loss_of_function,-2.09572923574498,0.0137446636927377,Benign,0.6402,pathogenic,https://doi.org/10.1101/2022.10.22.513328
S770W,-0.66261,-0.18061,-0.7992949264596388,Neutral,Neutral,95.6,,,,clinvar,P,False,95.6,-0.582,,,damaging,neutral,uncertain,UP,neutral,neutral,neutral,1996021,Uncertain significance,1,81.82,H,-0.191,1.1519,-8.2806,loss_of_function,-2.64957464387441,0.7694206631869678,Pathogenic,0.9456,pathogenic,https://doi.org/10.1101/2022.10.22.513328
C772R,0.09419,0.32959,0.9737619173331946,Neutral,Neutral,16.5,,,0.561,COSMIC,,False,16.5,,,,neutral,neutral,neutral,UP,neutral,neutral,neutral,,,,85.78,H,-0.4161,1.3607,-21.5685,loss_of_function,-4.79569253804234,0.0557933561702518,Benign,0.9934,pathogenic,https://doi.org/10.1101/2022.10.22.513328
C772W,1.81808,-0.55306,0.762908518632657,Neutral,Neutral,16.5,,,0.315,cBioPortal,,False,16.5,,,,neutral,neutral,neutral,UP,neutral,neutral,neutral,,,,85.78,H,-0.361,1.3607,-21.5685,loss_of_function,-4.52011663155283,0.013018672479308,Benign,0.983,pathogenic,https://doi.org/10.1101/2022.10.22.513328
K773E,1.73852,1.77143,1.316871831412605,Neutral,Neutral,33.0,,,,clinvar,,False,33.0,,,,neutral,neutral,neutral,DOWN,neutral,neutral,neutral,963001,Uncertain significance,1,88.15,H,-0.3268,0.1865,-21.5685,loss_of_function,-5.43661864667587,0.8978946840410194,Pathogenic,0.9951,pathogenic,https://doi.org/10.1101/2022.10.22.513328
Q774K,0.05521,-0.24592,-0.2605177141103287,Neutral,Neutral,74.7,,,,clinvar,,False,74.7,,,,neutral,neutral,neutral,UP,neutral,neutral,neutral,2446928,Uncertain significance,1,90.64,H,-0.0773,1.658,-2.014,loss_of_function,-0.829811614299724,1.448113425872186e-09,Benign,0.2256,benign,https://doi.org/10.1101/2022.10.22.513328
D775E,-0.03681,-0.80748,-0.1753547584734344,Neutral,Neutral,70.3,,,0.301,"COSMIC,clinvar",,False,70.3,,,,neutral,neutral,neutral,UP,neutral,neutral,neutral,1020489,Uncertain significance,1,91.16,H,-0.2108,0.1254,-8.276,loss_of_function,-3.29032517735256,0.3214559605249757,Uncertain,0.9893,pathogenic,https://doi.org/10.1101/2022.10.22.513328
D775N,1.11889,-0.55612,-0.0738113156503583,Neutral,Neutral,70.3,,,0.307,"cBioPortal,COSMIC",,False,70.3,,,,neutral,neutral,neutral,-,uncertain,uncertain,uncertain,,,,91.16,H,-0.2326,0.1254,-8.276,loss_of_function,-3.29032517735256,0.8792588982349925,Pathogenic,0.9845,pathogenic,https://doi.org/10.1101/2022.10.22.513328
L776M,0.97809,2.46224,1.7727732375955456,Uncertain,Neutral,0.0,,,0.469,"cBioPortal,COSMIC",,False,0.0,,,,neutral,neutral,neutral,-,uncertain,uncertain,uncertain,,,,94.08,H,-0.2154,0.2182,-6.2761,loss_of_function,-1.07442609014071,0.8973350887245426,Pathogenic,0.6851,pathogenic,https://doi.org/10.1101/2022.10.22.513328
L776P,6.57647,13.4432,9.517280346160703,Destabilizing,Destabilizing,0.0,,,,clinvar,,False,0.0,,,,neutral,neutral,neutral,DOWN,neutral,neutral,neutral,1789667,Uncertain significance,1,94.08,H,-0.4794,0.2182,-21.5638,loss_of_function,-5.58502219493183,0.8868736206869374,Pathogenic,0.9999,pathogenic,https://doi.org/10.1101/2022.10.22.513328
L777V,1.24941,0.88503,1.014696989507229,Neutral,Neutral,25.6,,,0.224,COSMIC,,False,25.6,,,,neutral,neutral,neutral,DOWN,neutral,neutral,neutral,,,,93.86,H,-0.1394,1.2085,-6.6911,loss_of_function,-1.14315817046248,0.118619622367463,Benign,0.1824,benign,https://doi.org/10.1101/2022.10.22.513328
Y779C,2.75348,1.59116,3.1964321403471687,Uncertain,Uncertain,26.9,,,0.486,cBioPortal,P,True,26.9,1.719,,,damaging,uncertain,potentially_damaging,DOWN,neutral,neutral,neutral,,,,96.06,H,-0.3353,0.1755,-8.2713,loss_of_function,-5.57235387746459,0.7869385028305027,Pathogenic,0.8043,pathogenic,https://doi.org/10.1101/2022.10.22.513328
Y779H,2.35609,1.43741,1.8236502385795528,Uncertain,Uncertain,26.9,,,0.283,"cBioPortal,COSMIC",P,True,26.9,1.719,,,damaging,uncertain,potentially_damaging,DOWN,neutral,neutral,neutral,,,,96.06,H,-0.2672,0.1755,-7.2714,loss_of_function,-2.81289789433975,0.7819910717367171,Pathogenic,0.9465,pathogenic,https://doi.org/10.1101/2022.10.22.513328
Q781E,0.40731,0.09388,-0.1534349880646962,Neutral,Neutral,79.9,,,,clinvar,,True,79.9,,,,neutral,neutral,neutral,DOWN,neutral,neutral,neutral,1019193,Uncertain significance,1,94.19,H,-0.0841,1.3043,-2.4594,loss_of_function,-0.795960212415042,2.843686120437953e-06,Benign,0.3103,benign,https://doi.org/10.1101/2022.10.22.513328
Q781H,0.59255,-0.02755,-0.2662534147871548,Neutral,Neutral,79.9,,,,clinvar,,True,79.9,,,,neutral,neutral,neutral,UP,neutral,neutral,neutral,1016983,Uncertain significance,1,94.19,H,-0.1045,1.3043,-7.2667,loss_of_function,-1.68957593819978,0.0209140241924699,Benign,0.821,pathogenic,https://doi.org/10.1101/2022.10.22.513328
Q781R,0.20435,0.11088,-0.5390583885593198,Neutral,Neutral,79.9,,,0.421,COSMIC,,True,79.9,,,,neutral,neutral,neutral,UP,neutral,neutral,neutral,,,,94.19,H,-0.2081,1.3043,-21.5545,loss_of_function,-3.67417698928104,0.3454267668069822,Uncertain,0.7293,pathogenic,https://doi.org/10.1101/2022.10.22.513328
R782C,1.50063,2.03605,1.1161480133049355,Uncertain,Neutral,57.9,3.18572793883e-05,4.77368743486e-05,0.381,"cBioPortal,COSMIC,clinvar",,True,57.9,,,,neutral,neutral,neutral,DOWN,neutral,neutral,neutral,648276,Conflicting interpretations of pathogenicity,1,94.88,H,-0.2434,1.0753,-7.2667,loss_of_function,-3.51879957441414,0.8161244100804473,Pathogenic,0.8235,pathogenic,https://doi.org/10.1101/2022.10.22.513328
R782H,1.0192,1.74252,0.2625582781013064,Neutral,Neutral,57.9,,,0.513,"cBioPortal,COSMIC,clinvar",,True,57.9,,,,neutral,neutral,neutral,DOWN,neutral,neutral,neutral,844515,Uncertain significance,1,94.88,H,-0.2094,1.0753,-8.2667,loss_of_function,-3.84545109312176,0.588536277694749,Uncertain,0.7291,pathogenic,https://doi.org/10.1101/2022.10.22.513328
R782L,-0.1365,0.4898,-0.5152538517160926,Neutral,Neutral,57.9,,,0.566,COSMIC,,True,57.9,,,,neutral,neutral,neutral,DOWN,neutral,neutral,neutral,,,,94.88,H,-0.3099,1.0753,-21.5545,loss_of_function,-3.62247674301368,0.2166777735010864,Benign,0.9322,pathogenic,https://doi.org/10.1101/2022.10.22.513328
I783N,3.17985,3.24252,2.711466357841047,Destabilizing,Uncertain,0.9,,,0.718,cBioPortal,,False,0.9,,,,neutral,neutral,neutral,DOWN,neutral,neutral,neutral,,,,94.12,H,-0.4443,0.1701,-21.5545,loss_of_function,-5.49861028353639,0.893004745323973,Pathogenic,0.9968,pathogenic,https://doi.org/10.1101/2022.10.22.513328
I783V,1.10072,0.80272,0.8539949171235539,Neutral,Neutral,0.9,,,,clinvar,,False,0.9,,,,neutral,neutral,neutral,DOWN,neutral,neutral,neutral,1789932,Uncertain significance,1,94.12,H,-0.1715,0.1701,-5.6818,loss_of_function,-2.10452897371054,0.2223739842655553,Benign,0.4722,ambiguous,https://doi.org/10.1101/2022.10.22.513328
A784P,2.52392,6.48401,4.717184228672449,Uncertain,Uncertain,74.8,,,,clinvar,,False,74.8,,,,neutral,neutral,neutral,UP,neutral,neutral,neutral,1425024,Uncertain significance,1,91.86,H,-0.2332,1.6242,-6.6818,loss_of_function,-2.7227453227671,0.0871915349296232,Benign,0.9833,pathogenic,https://doi.org/10.1101/2022.10.22.513328
A784S,0.06253,0.52925,0.6568975734566346,Neutral,Neutral,74.8,,,,clinvar,,False,74.8,,,,neutral,neutral,neutral,-,uncertain,uncertain,uncertain,941486,Uncertain significance,1,91.86,H,-0.0795,1.6242,-7.2667,loss_of_function,-0.741773343300278,0.1100137093890173,Benign,0.2195,benign,https://doi.org/10.1101/2022.10.22.513328
A784T,-0.43622,0.25408,0.2430974417282527,Neutral,Neutral,74.8,,,0.146,"cBioPortal,COSMIC,clinvar",,False,74.8,,,,neutral,neutral,neutral,UP,neutral,neutral,neutral,1968082,Uncertain significance,1,91.86,H,-0.0652,1.6242,-3.3126,loss_of_function,-0.743728838520566,1.9158673099781443e-05,Benign,0.5733,pathogenic,https://doi.org/10.1101/2022.10.22.513328
L785I,-0.02041,-0.26735,0.1315350918212776,Neutral,Neutral,75.5,,,0.202,COSMIC,,False,75.5,,,,neutral,neutral,neutral,-,uncertain,uncertain,uncertain,,,,94.6,H,-0.2521,0.4132,-21.5545,loss_of_function,-3.03217896343816,0.8978531627774713,Pathogenic,0.94,pathogenic,https://doi.org/10.1101/2022.10.22.513328
Y786F,-0.48207,0.89864,-0.0086174202807742,Neutral,Neutral,25.6,,,,clinvar,,True,25.6,,,,uncertain,,,-,uncertain,uncertain,uncertain,933568,Uncertain significance,1,96.28,H,-0.1677,0.3832,-5.2668,loss_of_function,-0.17059748237898,0.0274768829738416,Benign,0.1432,benign,https://doi.org/10.1101/2022.10.22.513328
H788N,-0.21418,0.21667,0.2602758678581568,Neutral,Neutral,80.4,,,0.375,cBioPortal,,True,80.4,,,,neutral,neutral,neutral,DOWN,neutral,neutral,neutral,,,,90.53,H,-0.1811,0.558,-8.2667,loss_of_function,-3.43006909406727,0.7446494107764039,Pathogenic,0.9799,pathogenic,https://doi.org/10.1101/2022.10.22.513328
Q789H,0.7804,0.85,-0.5438186183503363,Neutral,Neutral,42.0,,,0.612,"cBioPortal,COSMIC",,True,42.0,,,,neutral,neutral,neutral,UP,neutral,neutral,neutral,,,,92.9,H,-0.2916,0.0631,-21.5545,loss_of_function,-5.7419909602648,0.8761811938977107,Pathogenic,0.9997,pathogenic,https://doi.org/10.1101/2022.10.22.513328
Q789R,0.27917,0.70748,-0.7332880624917004,Neutral,Neutral,42.0,,,0.688,"cBioPortal,COSMIC",,True,42.0,,,,neutral,neutral,neutral,UP,neutral,neutral,neutral,,,,92.9,H,-0.3223,0.0631,-21.5545,loss_of_function,-5.7419909602648,0.8381339246996544,Pathogenic,0.9983,pathogenic,https://doi.org/10.1101/2022.10.22.513328
N791K,-0.43486,-0.27619,0.2446149146720616,Neutral,Neutral,35.7,,,,clinvar,,False,35.7,,,,neutral,neutral,neutral,UP,neutral,neutral,neutral,660944,Uncertain significance,2,90.79,H,-0.1331,1.0716,-2.5664,loss_of_function,-1.06632605472736,1.18163570245285e-05,Benign,0.9756,pathogenic,https://doi.org/10.1101/2022.10.22.513328
I792M,0.00236,0.3449,0.3289732952378027,Neutral,Neutral,73.2,,,0.347,cBioPortal,,False,73.2,,,,neutral,neutral,neutral,-,uncertain,uncertain,uncertain,,,,88.68,H,-0.2202,0.2234,-7.2667,loss_of_function,-1.14410983467406,0.4683555905187053,Uncertain,0.9727,pathogenic,https://doi.org/10.1101/2022.10.22.513328
I792N,0.73322,0.6932,0.6984723311846077,Neutral,Neutral,73.2,,,0.660,"cBioPortal,COSMIC",,False,73.2,,,,neutral,neutral,neutral,DOWN,neutral,neutral,neutral,,,,88.68,H,-0.4394,0.2234,-21.5545,loss_of_function,-5.13265241181994,0.8893414228726455,Pathogenic,0.9994,pathogenic,https://doi.org/10.1101/2022.10.22.513328
C793Y,0.51119,-0.71769,-0.7610183785089492,Neutral,Neutral,21.5,,,0.566,"cBioPortal,COSMIC",,False,21.5,,,,neutral,neutral,neutral,UP,neutral,neutral,neutral,,,,89.32,H,-0.3302,1.0247,-8.2667,loss_of_function,-4.37425959264774,0.2729821012159175,Benign,0.9987,pathogenic,https://doi.org/10.1101/2022.10.22.513328
V796I,-0.74475,0.21633,-0.0755622736808958,Neutral,Neutral,0.9,,,0.326,cBioPortal,,False,0.9,,,,neutral,neutral,neutral,UP,neutral,neutral,neutral,,,,76.45,-,-0.2094,0.0631,-8.2667,loss_of_function,-3.38314698235577,0.8797501730320271,Pathogenic,0.9414,pathogenic,https://doi.org/10.1101/2022.10.22.513328
V796L,-0.8621,-0.1466,-0.0257425531806204,Neutral,Neutral,0.9,,,0.464,cBioPortal,,False,0.9,,,,neutral,neutral,neutral,UP,neutral,neutral,neutral,,,,76.45,-,-0.3423,0.0631,-21.5545,loss_of_function,-3.38314698235577,0.8186611481064369,Pathogenic,0.9992,pathogenic,https://doi.org/10.1101/2022.10.22.513328
K797N,0.51765,0.88129,0.0968296975256366,Neutral,Neutral,85.2,,,0.589,cBioPortal,,False,85.2,,,,neutral,neutral,neutral,DOWN,neutral,neutral,neutral,,,,73.65,-,-0.3194,0.1944,-21.5545,loss_of_function,-5.49234417886707,0.8485587006386088,Pathogenic,0.9995,pathogenic,https://doi.org/10.1101/2022.10.22.513328
A798D,2.32656,5.00918,2.2707745325823883,Uncertain,Uncertain,7.3,,,0.671,"cBioPortal,COSMIC",,False,7.3,,,,neutral,neutral,neutral,UP,neutral,neutral,neutral,,,,62.16,-,-0.3958,0.2508,-21.5545,loss_of_function,-4.95804075414619,0.8535951657759844,Pathogenic,0.9956,pathogenic,https://doi.org/10.1101/2022.10.22.513328
A798V,-1.07229,1.94082,0.1774542033570297,Neutral,Neutral,7.3,,,0.606,"cBioPortal,COSMIC",,False,7.3,,,,neutral,neutral,neutral,UP,neutral,neutral,neutral,,,,62.16,-,-0.2139,0.2508,-8.2667,loss_of_function,-3.40731963324927,0.6337580314423208,Uncertain,0.9597,pathogenic,https://doi.org/10.1101/2022.10.22.513328
E799D,0.38357,0.69252,0.2188163135443038,Neutral,Neutral,74.6,,,0.169,"cBioPortal,COSMIC",,False,74.6,,,,neutral,neutral,neutral,DOWN,neutral,neutral,neutral,,,,66.59,E,-0.079,1.1073,-1.5709,loss_of_function,-0.814615152487061,6.817328609618621e-10,Benign,0.5833,pathogenic,https://doi.org/10.1101/2022.10.22.513328
E799K,-0.07163,0.6466,-0.0137162277654651,Neutral,Neutral,74.6,,,0.212,"cBioPortal,clinvar",,False,74.6,,,,neutral,neutral,neutral,UP,neutral,neutral,neutral,953686,Uncertain significance,2,66.59,E,-0.2372,1.1073,-21.5451,loss_of_function,-4.82705932666548,0.5765218067872381,Uncertain,0.9939,pathogenic,https://doi.org/10.1101/2022.10.22.513328
V800E,1.79072,5.08367,2.5842146928343945,Uncertain,Uncertain,15.2,,,0.762,"cBioPortal,COSMIC",,False,15.2,,,,neutral,neutral,neutral,-,uncertain,uncertain,uncertain,,,,61.55,E,-0.3974,0.803,-21.5451,loss_of_function,-4.20740639575933,0.8076218000757951,Pathogenic,0.9919,pathogenic,https://doi.org/10.1101/2022.10.22.513328
Q801H,0.61724,0.20646,-0.5009932770368836,Neutral,Neutral,64.6,,,,clinvar,,False,64.6,,,,neutral,neutral,neutral,UP,neutral,neutral,neutral,2055126,Uncertain significance,1,62.36,E,-0.1946,0.3799,-8.2573,loss_of_function,-4.51133757665492,0.2191996930819279,Benign,0.8973,pathogenic,https://doi.org/10.1101/2022.10.22.513328
N802Y,0.67936,0.57109,-0.1324775225609953,Neutral,Neutral,68.9,,,,clinvar,,False,68.9,,,,neutral,neutral,neutral,UP,neutral,neutral,neutral,1001703,Uncertain significance,1,59.18,E,-0.2598,1.1546,-21.5451,loss_of_function,-3.52454955569173,0.8355904873332622,Pathogenic,0.6313,pathogenic,https://doi.org/10.1101/2022.10.22.513328
G804D,1.15868,-0.43673,0.6457014929017518,Neutral,Neutral,132.8,,,0.318,"cBioPortal,COSMIC",,False,132.8,,,,neutral,neutral,neutral,UP,neutral,neutral,neutral,,,,51.73,T,-0.2753,1.0575,-8.2573,loss_of_function,-4.24314435899823,0.0200928667059874,Benign,0.8686,pathogenic,https://doi.org/10.1101/2022.10.22.513328
G804R,0.97235,0.25748,0.9437507380475784,Neutral,Neutral,132.8,,,,clinvar,,False,132.8,,,,neutral,neutral,neutral,UP,neutral,neutral,neutral,1366300,Uncertain significance,1,51.73,T,-0.2865,1.0575,-7.2573,loss_of_function,-4.68957914835109,0.0180487810544765,Benign,0.9377,pathogenic,https://doi.org/10.1101/2022.10.22.513328
G804S,1.29846,0.02687,1.6599151865725637,Neutral,Neutral,132.8,,,0.109,"cBioPortal,COSMIC,clinvar",,False,132.8,,,,neutral,neutral,neutral,UP,neutral,neutral,neutral,952425,Uncertain significance,1,51.73,T,-0.1889,1.0575,-1.9906,loss_of_function,-0.756181886964866,1.908878006802309e-13,Benign,0.2707,benign,https://doi.org/10.1101/2022.10.22.513328
G805E,3.86826,2.22075,1.3511468009048822,Uncertain,Uncertain,89.5,,,0.591,"cBioPortal,COSMIC",,False,89.5,,,,neutral,neutral,neutral,UP,neutral,neutral,neutral,,,,51.98,T,-0.2938,0.7929,-7.2526,loss_of_function,-1.53625055451229,0.7440516766334947,Pathogenic,0.8571,pathogenic,https://doi.org/10.1101/2022.10.22.513328
G805R,3.77732,1.92381,1.0758838547436091,Uncertain,Uncertain,89.5,,,0.552,"cBioPortal,COSMIC,clinvar",,False,89.5,,,,neutral,neutral,neutral,UP,neutral,neutral,neutral,"1023500, 663377","Uncertain significance, Uncertain significance","1, 2",51.98,T,-0.3837,0.7929,-21.5404,loss_of_function,-4.23215656135975,0.8978849472585578,Pathogenic,0.9304,pathogenic,https://doi.org/10.1101/2022.10.22.513328
E806G,0.98524,1.29354,0.9909611271023556,Neutral,Neutral,91.2,,,,clinvar,,True,91.2,,,,neutral,neutral,neutral,DOWN,neutral,neutral,neutral,1790947,Uncertain significance,1,47.92,E,-0.2189,0.6098,-8.2573,loss_of_function,-4.40008463025849,0.8883284949549354,Pathogenic,0.8116,pathogenic,https://doi.org/10.1101/2022.10.22.513328
L807V,0.9932,1.98673,0.3101308885371667,Neutral,Neutral,72.3,,,,clinvar,,True,72.3,,,,neutral,neutral,neutral,DOWN,neutral,neutral,neutral,856176,Uncertain significance,1,53.96,E,-0.1867,0.582,-4.6677,loss_of_function,-0.630472787475372,0.2378925635587094,Benign,0.3355,benign,https://doi.org/10.1101/2022.10.22.513328
V809F,-0.33277,8.5381,0.0803602390796914,Uncertain,Neutral,7.7,,,,clinvar,,True,7.7,,,,neutral,neutral,neutral,UP,neutral,neutral,neutral,2118298,Uncertain significance,1,64.44,E,-0.3234,1.0987,-21.5356,loss_of_function,-4.24686191383443,0.6828400329522812,Pathogenic,0.6289,pathogenic,https://doi.org/10.1101/2022.10.22.513328
S810F,-2.26756,-1.52211,-0.7725863076408718,Uncertain,Uncertain,42.9,,,0.585,cBioPortal,,False,42.9,,,,uncertain,,,UP,neutral,neutral,neutral,,,,71.99,E,-0.3246,0.3301,-21.5356,loss_of_function,-4.96515976885297,0.8803925544052296,Pathogenic,0.9556,pathogenic,https://doi.org/10.1101/2022.10.22.513328
G811A,1.49287,0.22313,0.9822803989401108,Neutral,Neutral,14.4,,,,clinvar,,False,14.4,,,,neutral,neutral,neutral,UP,neutral,neutral,neutral,1018746,Uncertain significance,1,78.87,-,-0.1984,0.9077,-2.2937,loss_of_function,-1.29969274554308,2.734561029326829e-05,Benign,0.6705,pathogenic,https://doi.org/10.1101/2022.10.22.513328
G811R,14.4078,12.41497,2.0714811015312824,Destabilizing,Uncertain,14.4,,,,clinvar,,False,14.4,,,,neutral,neutral,neutral,UP,neutral,neutral,neutral,860181,Uncertain significance,2,78.87,-,-0.3731,0.9077,-21.5356,loss_of_function,-4.0831826573733,0.5751445934316517,Uncertain,0.9947,pathogenic,https://doi.org/10.1101/2022.10.22.513328
G811V,4.50992,3.18912,1.574903301069956,Destabilizing,Uncertain,14.4,,,0.545,"cBioPortal,COSMIC",,False,14.4,,,,neutral,neutral,neutral,UP,neutral,neutral,neutral,,,,78.87,-,-0.3155,0.9077,-8.2478,loss_of_function,-4.0831826573733,0.759842160437948,Pathogenic,0.9522,pathogenic,https://doi.org/10.1101/2022.10.22.513328
G811W,22.53904,8.46088,1.889814979449704,Destabilizing,Uncertain,14.4,,,0.602,"cBioPortal,COSMIC",,False,14.4,,,,neutral,neutral,neutral,UP,neutral,neutral,neutral,,,,78.87,-,-0.3942,0.9077,-21.5356,loss_of_function,-4.0831826573733,0.7143063958909955,Pathogenic,0.9948,pathogenic,https://doi.org/10.1101/2022.10.22.513328
V812M,0.34912,1.37075,0.5589426646835904,Neutral,Neutral,18.0,,,,clinvar,,False,18.0,,,,neutral,neutral,neutral,UP,neutral,neutral,neutral,843987,Uncertain significance,1,83.65,H,-0.209,0.873,-8.2525,loss_of_function,-2.77726534969801,6.863167122442215e-05,Benign,0.5988,pathogenic,https://doi.org/10.1101/2022.10.22.513328
D813G,1.54104,0.79966,0.9101597744436446,Neutral,Neutral,93.6,,,0.613,"cBioPortal,COSMIC",,False,93.6,,,,neutral,neutral,neutral,DOWN,neutral,neutral,neutral,,,,84.94,H,-0.218,0.7643,-8.2239,loss_of_function,-1.65551491097315,0.8955858016847767,Pathogenic,0.9839,pathogenic,https://doi.org/10.1101/2022.10.22.513328
M816I,-0.28615,-0.12007,-0.3285919385326624,Neutral,Neutral,35.0,,,0.101,cBioPortal,,False,35.0,,,,neutral,neutral,neutral,-,uncertain,uncertain,uncertain,,,,90.9,H,-0.1384,1.185,-8.2142,loss_of_function,-1.86088658781168,2.522763929943705e-05,Benign,0.979,pathogenic,https://doi.org/10.1101/2022.10.22.513328
M816T,1.9309,1.19558,1.3187841929518929,Neutral,Neutral,35.0,,,,clinvar,,False,35.0,,,,neutral,neutral,neutral,DOWN,neutral,neutral,neutral,945397,Uncertain significance,2,90.9,H,-0.1529,1.185,-0.5001,loss_of_function,-0.144527276608193,3.872471870113752e-26,Benign,0.3637,ambiguous,https://doi.org/10.1101/2022.10.22.513328
Q820R,-0.30716,-0.42313,-0.046604375951022,Neutral,Neutral,45.5,,,,clinvar,,False,45.5,,,,neutral,neutral,neutral,UP,neutral,neutral,neutral,1791585,Uncertain significance,1,94.88,H,-0.2099,0.5435,-8.1946,loss_of_function,-1.79905161672817,0.7076418948366182,Pathogenic,0.9434,pathogenic,https://doi.org/10.1101/2022.10.22.513328
A821V,3.166,0.44592,0.6459070931328426,Uncertain,Uncertain,0.0,,,0.300,"COSMIC,clinvar",,False,0.0,,,,neutral,neutral,neutral,UP,neutral,neutral,neutral,1791650,Uncertain significance,1,94.52,H,-0.2261,0.8509,-21.4726,loss_of_function,-3.38174337373427,0.887434163691496,Pathogenic,0.9871,pathogenic,https://doi.org/10.1101/2022.10.22.513328
K823T,2.39593,-0.37823,0.7931375459911372,Uncertain,Uncertain,27.7,,,0.447,COSMIC,,False,27.7,,,,neutral,neutral,neutral,DOWN,neutral,neutral,neutral,,,,95.84,H,-0.2934,0.5125,-21.4775,loss_of_function,-4.3233935091346,0.8975423837194756,Pathogenic,0.9956,pathogenic,https://doi.org/10.1101/2022.10.22.513328
N824D,-0.33958,1.13061,0.7673497747802507,Neutral,Neutral,36.4,,,,clinvar,,False,36.4,,,,neutral,neutral,neutral,-,uncertain,uncertain,uncertain,1700650,Uncertain significance,0,96.2,H,-0.3227,0.0594,-21.4726,loss_of_function,-3.06034876495655,0.8886979022949391,Pathogenic,0.9993,pathogenic,https://doi.org/10.1101/2022.10.22.513328
N824K,-1.41395,0.16565,0.0386488495115677,Neutral,Neutral,36.4,,,0.609,"cBioPortal,COSMIC",,False,36.4,,,,neutral,neutral,neutral,UP,neutral,neutral,neutral,,,,96.2,H,-0.3227,0.0594,-21.4726,loss_of_function,-5.02739582120285,0.8560594298939637,Pathogenic,0.9997,pathogenic,https://doi.org/10.1101/2022.10.22.513328
N824S,-0.60204,0.82891,0.9259341016426776,Neutral,Neutral,36.4,,,0.583,"cBioPortal,COSMIC",,False,36.4,,,,neutral,neutral,neutral,DOWN,neutral,neutral,neutral,,,,96.2,H,-0.2894,0.0594,-21.4726,loss_of_function,-5.02739582120285,0.8764750658392457,Pathogenic,0.9946,pathogenic,https://doi.org/10.1101/2022.10.22.513328
N827T,1.80414,-0.38878,0.2059281496928244,Neutral,Neutral,48.1,,,,clinvar,,False,48.1,,,,neutral,neutral,neutral,-,uncertain,uncertain,uncertain,1791907,Uncertain significance,1,96.13,H,-0.1987,0.6919,-5.3825,loss_of_function,-1.73701474366434,0.0167997916706384,Benign,0.3528,ambiguous,https://doi.org/10.1101/2022.10.22.513328
A828V,2.97979,0.75442,1.3342186294692162,Uncertain,Uncertain,2.8,,,,clinvar,,False,2.8,,,,neutral,neutral,neutral,UP,neutral,neutral,neutral,1791954,Uncertain significance,1,96.55,H,-0.1976,0.4233,-8.1897,loss_of_function,-3.98216324915234,0.7680735853341186,Pathogenic,0.8658,pathogenic,https://doi.org/10.1101/2022.10.22.513328
V829L,0.77511,0.06633,-0.2928835247743067,Neutral,Neutral,0.0,,,0.515,"cBioPortal,COSMIC",,False,0.0,,,,neutral,neutral,neutral,UP,neutral,neutral,neutral,,,,96.87,H,-0.3477,0.0001,-21.4726,loss_of_function,-2.99384956137216,0.8501367209645267,Pathogenic,0.9985,pathogenic,https://doi.org/10.1101/2022.10.22.513328
Q831H,0.11138,0.86327,-0.0615669888864328,Neutral,Neutral,39.7,9.55535737037e-05,7.95487992109e-05,0.059,"COSMIC,clinvar",,False,39.7,,,,neutral,neutral,neutral,UP,neutral,neutral,neutral,643191,Conflicting interpretations of pathogenicity,1,96.2,H,-0.0775,1.5385,-6.1848,loss_of_function,-0.897469778480772,0.000508485512787,Benign,0.4318,ambiguous,https://doi.org/10.1101/2022.10.22.513328
A835P,5.94627,10.44592,8.194438066357796,Destabilizing,Destabilizing,17.1,,,,clinvar,,False,17.1,,,,neutral,neutral,neutral,UP,neutral,neutral,neutral,1508642,Uncertain significance,2,91.81,H,-0.3083,1.6278,-21.4726,loss_of_function,-2.27295082294614,0.4055351102137795,Uncertain,0.9995,pathogenic,https://doi.org/10.1101/2022.10.22.513328
A835T,3.31429,0.22925,0.8859586890003274,Uncertain,Uncertain,17.1,,,,clinvar,,False,17.1,,,,neutral,neutral,neutral,UP,neutral,neutral,neutral,1020762,Uncertain significance,1,91.81,H,-0.0817,1.6278,-6.5999,loss_of_function,-0.239190301861043,0.066473882151667,Benign,0.7857,pathogenic,https://doi.org/10.1101/2022.10.22.513328
A835V,1.31105,-0.13741,0.0190152332354354,Neutral,Neutral,17.1,,,,clinvar,,False,17.1,,,,neutral,neutral,neutral,UP,neutral,neutral,neutral,664125,Conflicting interpretations of pathogenicity,1,91.81,H,-0.0868,1.6278,-8.1847,loss_of_function,-1.59558452589593,0.6826206475440335,Pathogenic,0.8589,pathogenic,https://doi.org/10.1101/2022.10.22.513328
S836T,0.25715,-0.18299,0.0045964149527466,Neutral,Neutral,0.0,,,,clinvar,,False,0.0,,,,neutral,,,UP,neutral,neutral,neutral,1792320,Uncertain significance,1,92.21,H,-0.1184,0.8248,-7.1798,loss_of_function,-1.65943985736701,0.6524158488477171,Uncertain,0.661,pathogenic,https://doi.org/10.1101/2022.10.22.513328
Y837C,2.38097,2.11395,3.5796868890214806,Uncertain,Uncertain,39.2,,,,clinvar,P,True,39.2,-1.392,,,damaging,uncertain,potentially_damaging,DOWN,neutral,neutral,neutral,1792393,Uncertain significance,1,89.84,H,-0.3296,0.1761,-7.1749,loss_of_function,-4.61899194912117,0.8969631007342284,Pathogenic,0.993,pathogenic,https://doi.org/10.1101/2022.10.22.513328
Y837N,2.61828,2.14456,3.3108428877809364,Uncertain,Uncertain,39.2,,,,clinvar,P,True,39.2,-1.392,,,damaging,uncertain,potentially_damaging,DOWN,neutral,neutral,neutral,1354599,Uncertain significance,1,89.84,H,-0.4251,0.1761,-21.4626,loss_of_function,-4.61899194912117,0.8926237819319065,Pathogenic,0.9981,pathogenic,https://doi.org/10.1101/2022.10.22.513328
Y837S,2.65827,2.72755,3.970708165391817,Uncertain,Uncertain,39.2,,,,clinvar,P,True,39.2,-1.392,,,uncertain,uncertain,potentially_damaging,DOWN,neutral,neutral,neutral,1716661,Uncertain significance,1,89.84,H,-0.4366,0.1761,-21.4626,loss_of_function,-4.61899194912117,0.8946559316641867,Pathogenic,0.9966,pathogenic,https://doi.org/10.1101/2022.10.22.513328
V838I,-0.70922,-0.10816,-0.3943238705543567,Neutral,Neutral,53.9,,,,clinvar,,True,53.9,,,,neutral,neutral,neutral,UP,neutral,neutral,neutral,649148,Uncertain significance,2,87.53,H,-0.0915,0.9861,-1.7949,loss_of_function,-0.890338983382043,3.322175180768402e-05,Benign,0.4293,ambiguous,https://doi.org/10.1101/2022.10.22.513328
S840C,-0.74003,-0.20782,-0.414616123110258,Neutral,Neutral,20.7,,,,clinvar,,True,20.7,,,,uncertain,,,UP,neutral,neutral,neutral,1034882,Uncertain significance,1,83.74,H,-0.3123,0.1599,-21.4576,loss_of_function,-2.71538414636254,0.8977692248603875,Pathogenic,0.7556,pathogenic,https://doi.org/10.1101/2022.10.22.513328
T841N,1.28797,0.67653,0.4048057232612667,Neutral,Neutral,41.8,3.18552497452e-05,1.98843526052e-05,0.369,"cBioPortal,clinvar",,False,41.8,,,,uncertain,,,-,uncertain,uncertain,uncertain,650084,Uncertain significance,2,76.09,H,-0.2897,0.1836,-8.1698,loss_of_function,-4.58760412009125,0.3434861020780738,Uncertain,0.9054,pathogenic,https://doi.org/10.1101/2022.10.22.513328
T841P,3.73031,9.07483,5.988396137910166,Destabilizing,Destabilizing,41.8,,,,clinvar,,False,41.8,,,,uncertain,,,-,uncertain,uncertain,uncertain,1792546,Uncertain significance,1,76.09,H,-0.4662,0.1836,-21.4576,loss_of_function,-4.58760412009125,0.8972078884150965,Pathogenic,0.9799,pathogenic,https://doi.org/10.1101/2022.10.22.513328
T841S,0.6241,0.54728,0.4801560659169507,Neutral,Neutral,41.8,,,,clinvar,,False,41.8,,,,neutral,,,DOWN,neutral,neutral,neutral,1385215,Uncertain significance,1,76.09,H,-0.1978,0.1836,-8.1698,loss_of_function,-1.20850677715087,0.8591337452865072,Pathogenic,0.8454,pathogenic,https://doi.org/10.1101/2022.10.22.513328
K842T,0.55774,1.10476,0.4914636475897554,Neutral,Neutral,43.9,,,,clinvar,,False,43.9,,,,neutral,neutral,neutral,DOWN,neutral,neutral,neutral,849893,Uncertain significance,1,69.46,H,-0.3258,0.1599,-21.4576,loss_of_function,-4.66042844972663,0.8975731502723188,Pathogenic,0.9803,pathogenic,https://doi.org/10.1101/2022.10.22.513328
Y843C,0.85935,1.97857,2.578931763988204,Neutral,Uncertain,41.6,,,0.443,"cBioPortal,COSMIC",,False,41.6,,,,uncertain,,,DOWN,neutral,neutral,neutral,,,,55.71,H,-0.251,1.0299,-7.1598,loss_of_function,-1.99214667366687,0.3703915128260976,Uncertain,0.8354,pathogenic,https://doi.org/10.1101/2022.10.22.513328
Y843H,-0.37618,1.06973,1.7631700665578236,Neutral,Neutral,41.6,,,,clinvar,,False,41.6,,,,uncertain,,,DOWN,neutral,neutral,neutral,1792610,Uncertain significance,1,55.71,H,-0.261,1.0299,-21.4476,loss_of_function,-1.96311190581414,0.6389860408973447,Uncertain,0.9227,pathogenic,https://doi.org/10.1101/2022.10.22.513328
Q844K,0.23956,0.45408,-0.3718805040111322,Neutral,Neutral,82.4,,,0.106,"cBioPortal,COSMIC,clinvar",,False,82.4,,,,neutral,neutral,neutral,UP,neutral,neutral,neutral,2448328,Uncertain significance,1,54.37,H,-0.0173,2.4929,-5.3271,loss_of_function,-0.702582002653246,4.233628793831657e-12,Benign,0.3272,benign,https://doi.org/10.1101/2022.10.22.513328
K845N,1.10524,0.07075,-0.0825698486406961,Neutral,Neutral,95.1,,,0.148,cBioPortal,,False,95.1,,,,neutral,neutral,neutral,DOWN,neutral,neutral,neutral,,,,52.2,H,-0.1325,1.4817,-8.1496,loss_of_function,-2.42287930450159,0.0017435864104778,Benign,0.9047,pathogenic,https://doi.org/10.1101/2022.10.22.513328
S846A,-0.02501,0.07381,-0.0299572451479956,Neutral,Neutral,58.7,,,,clinvar,P,False,58.7,0.458,,,damaging,neutral,uncertain,-,uncertain,uncertain,uncertain,863533,Uncertain significance,1,48.88,H,0.0693,2.8842,-5.7004,gain_of_function,-0.238138531024807,1.3996461867485572e-08,Benign,0.0814,benign,https://doi.org/10.1101/2022.10.22.513328
S846P,2.8479,5.91769,3.810203221160839,Uncertain,Uncertain,58.7,,,0.097,COSMIC,P,False,58.7,0.458,,,damaging,uncertain,uncertain,UP,neutral,neutral,neutral,,,,48.88,H,-0.0909,2.8842,-7.0223,loss_of_function,-0.638734484416454,2.449309067442437e-07,Benign,0.2446,benign,https://doi.org/10.1101/2022.10.22.513328
Q847H,0.20737,0.42823,-0.2487252069723927,Neutral,Neutral,84.3,,,,clinvar,,False,84.3,,,,neutral,neutral,neutral,UP,neutral,neutral,neutral,2125293,Uncertain significance,1,43.64,S,0.0348,2.7073,-5.2695,gain_of_function,-0.429721128849154,3.013942470931665e-07,Benign,0.1326,benign,https://doi.org/10.1101/2022.10.22.513328
G848C,-0.19803,0.19524,0.830539112007039,Neutral,Neutral,126.1,,,,clinvar,,False,126.1,,,,neutral,neutral,neutral,UP,neutral,neutral,neutral,1792851,Uncertain significance,1,46.05,-,-0.2487,2.0667,-21.3484,loss_of_function,-0.936275711196438,0.0156788017502483,Benign,0.2677,benign,https://doi.org/10.1101/2022.10.22.513328
G848D,-1.80953,-1.29694,-0.3614961089557816,Neutral,Neutral,126.1,,,0.319,"cBioPortal,clinvar",,False,126.1,,,,neutral,neutral,neutral,UP,neutral,neutral,neutral,1014301,Uncertain significance,1,46.05,-,-0.1814,2.0667,-8.0606,loss_of_function,-0.237854195877248,0.0020885343538372,Benign,0.3999,ambiguous,https://doi.org/10.1101/2022.10.22.513328
G848S,0.08393,-0.84354,0.0292594743250235,Neutral,Neutral,126.1,,,,clinvar,,False,126.1,,,,neutral,neutral,neutral,UP,neutral,neutral,neutral,2123302,Uncertain significance,1,46.05,-,-0.0985,2.0667,-2.4757,loss_of_function,-0.310095822472464,1.0689797359911343e-08,Benign,0.1163,benign,https://doi.org/10.1101/2022.10.22.513328
G848V,-1.63418,-0.18503,-0.042152972621664,Neutral,Neutral,126.1,,,,clinvar,,False,126.1,,,,neutral,neutral,neutral,UP,neutral,neutral,neutral,2042652,Uncertain significance,2,46.05,-,-0.2028,2.0667,-7.0606,loss_of_function,-0.586207068938327,2.318916258228642e-06,Benign,0.2037,benign,https://doi.org/10.1101/2022.10.22.513328
M849I,0.19519,4.15782,-0.2395890030415515,Uncertain,Neutral,109.9,,,,clinvar,,False,109.9,,,,neutral,neutral,neutral,-,uncertain,uncertain,uncertain,1792896,Uncertain significance,1,39.59,S,0.0472,2.9791,-4.1926,gain_of_function,-0.292631145881072,3.4288460735317496e-11,Benign,0.1906,benign,https://doi.org/10.1101/2022.10.22.513328
M849V,0.44744,4.3119,-0.1727684582423366,Uncertain,Neutral,109.9,,,,clinvar,,False,109.9,,,,neutral,neutral,neutral,DOWN,neutral,neutral,destabilizing,1355214,Uncertain significance,2,39.59,S,0.017,2.9791,-3.8301,gain_of_function,-0.0670909344519333,4.3840752870604984e-10,Benign,0.0763,benign,https://doi.org/10.1101/2022.10.22.513328
A850P,4.04089,2.74524,2.2579648527300447,Uncertain,Uncertain,93.2,,,0.190,cBioPortal,,False,93.2,,,,neutral,neutral,neutral,UP,neutral,neutral,neutral,,,,37.82,-,-0.1671,2.3623,-7.0443,loss_of_function,-0.806735153824825,,,0.1256,benign,https://doi.org/10.1101/2022.10.22.513328
A850V,0.65089,0.24252,-0.4057664686799311,Neutral,Neutral,93.2,,,,clinvar,,False,93.2,,,,neutral,neutral,neutral,UP,neutral,neutral,neutral,948732,Uncertain significance,1,37.82,-,-0.0023,2.3623,-4.8745,loss_of_function,-0.388733972670781,,,0.0978,benign,https://doi.org/10.1101/2022.10.22.513328
S851C,0.53501,0.83095,0.5456753378076623,Neutral,Neutral,93.6,,,,clinvar,P,False,93.6,0.271,,,damaging,neutral,uncertain,UP,neutral,neutral,neutral,1389570,Uncertain significance,2,35.71,S,-0.0894,2.5778,-21.3805,loss_of_function,-0.65437063527138,,,0.111,benign,https://doi.org/10.1101/2022.10.22.513328
S851F,0.46213,-0.85102,-0.112656706510047,Neutral,Neutral,93.6,,0.0017259095141765,0.129,"COSMIC,clinvar",P,False,93.6,0.271,,,damaging,neutral,uncertain,UP,neutral,neutral,neutral,1060703,Uncertain significance,1,35.71,S,-0.117,2.5778,-21.3805,loss_of_function,-1.03402846857864,,,0.2304,benign,https://doi.org/10.1101/2022.10.22.513328
L852F,-0.13215,0.09456,0.2329633365076311,Neutral,Neutral,112.4,,,,clinvar,,False,112.4,,,,neutral,neutral,neutral,UP,neutral,neutral,neutral,664057,Uncertain significance,2,34.42,-,-0.1431,2.2194,-21.1332,loss_of_function,-1.10637810834105,5.502952069567135e-06,Benign,0.1513,benign,https://doi.org/10.1101/2022.10.22.513328
L852R,0.03649,0.48027,0.154195572249936,Neutral,Neutral,112.4,,,,clinvar,,False,112.4,,,,neutral,neutral,neutral,UP,neutral,neutral,neutral,1793010,Uncertain significance,1,34.42,-,-0.2169,2.2194,-6.8454,loss_of_function,-0.999660914353827,7.41897999476262e-05,Benign,0.2963,benign,https://doi.org/10.1101/2022.10.22.513328
L852V,0.14074,0.39422,0.247496105885322,Neutral,Neutral,112.4,,,,clinvar,,False,112.4,,,,neutral,neutral,neutral,DOWN,neutral,neutral,neutral,2563291,Uncertain significance,1,34.42,-,-0.018,2.2194,-1.1313,loss_of_function,-0.0904885104250945,6.397314393485117e-15,Benign,0.0761,benign,https://doi.org/10.1101/2022.10.22.513328
N853H,-0.09598,-0.36803,-0.0084829413128123,Neutral,Neutral,98.9,,,,clinvar,,False,98.9,,,,neutral,neutral,neutral,UP,neutral,neutral,neutral,948300,Uncertain significance,1,41.13,-,-0.075,1.8865,-5.5173,loss_of_function,-0.491717279183938,3.537184727506709e-05,Benign,0.1185,benign,https://doi.org/10.1101/2022.10.22.513328
N853I,1.91199,-0.8085,-0.0522959465738342,Neutral,Neutral,98.9,,,,clinvar,,False,98.9,,,,neutral,neutral,neutral,UP,neutral,neutral,neutral,658422,Uncertain significance,2,41.13,-,-0.1999,1.8865,-21.1269,loss_of_function,-1.25136215006246,0.0177813695223139,Benign,0.2874,benign,https://doi.org/10.1101/2022.10.22.513328
N853S,-0.41483,-0.3432,0.3452129828545913,Neutral,Neutral,98.9,6.37511156445e-05,3.18159763925e-05,0.181,"COSMIC,clinvar",,False,98.9,,,,neutral,neutral,neutral,DOWN,neutral,neutral,destabilizing,408999,Uncertain significance,2,41.13,-,-0.0341,1.8865,-4.3798,loss_of_function,-0.255809915564656,3.824293199701732e-05,Benign,0.0787,benign,https://doi.org/10.1101/2022.10.22.513328
L854V,0.21931,0.24048,0.3151947389409087,Neutral,Neutral,106.5,,,,clinvar,,False,106.5,,,,neutral,neutral,neutral,DOWN,neutral,neutral,stabilizing,1055723,Uncertain significance,1,44.69,-,-0.0246,2.4639,-6.8328,loss_of_function,-0.875111047169559,5.8294192945109975e-09,Benign,0.0827,benign,https://doi.org/10.1101/2022.10.22.513328
P855A,0.71649,0.82619,-0.5422028786079414,Neutral,Neutral,59.4,,,0.240,"cBioPortal,COSMIC",,True,59.4,,,,neutral,neutral,neutral,DOWN,neutral,neutral,neutral,,,,53.54,-,-0.1842,0.7172,-7.0498,loss_of_function,-0.943367810864514,0.5626537888228036,Uncertain,0.3599,ambiguous,https://doi.org/10.1101/2022.10.22.513328
P855H,1.35735,0.61361,-0.8999390480388114,Neutral,Neutral,59.4,,,0.379,"cBioPortal,COSMIC",,True,59.4,,,,neutral,neutral,neutral,UP,neutral,neutral,neutral,,,,53.54,-,-0.2958,0.7172,-21.3376,loss_of_function,-2.43344235511499,0.6503252034348563,Uncertain,0.75,pathogenic,https://doi.org/10.1101/2022.10.22.513328
A856V,-0.66044,-0.61156,-0.5008660083906563,Neutral,Neutral,29.2,,,,clinvar,,True,29.2,,,,neutral,neutral,neutral,UP,neutral,neutral,neutral,1044782,Uncertain significance,1,60.19,S,-0.0061,2.1044,-0.9629,loss_of_function,-0.0726767536802425,1.3290646564114593e-23,Benign,0.1377,benign,https://doi.org/10.1101/2022.10.22.513328
S858L,-1.20724,-1.16122,-0.7676347336404787,Neutral,Neutral,44.1,,,0.339,cBioPortal,P,True,44.1,0.647,,,damaging,neutral,potentially_damaging,UP,neutral,neutral,neutral,,,,76.06,-,-0.0606,2.265,-4.8125,loss_of_function,-0.390472993459815,2.829943641048226e-09,Benign,0.1763,benign,https://doi.org/10.1101/2022.10.22.513328
W859R,5.35364,5.41054,5.168267225031957,Destabilizing,Destabilizing,5.5,,,,clinvar,,True,5.5,,,,neutral,neutral,neutral,DOWN,neutral,neutral,neutral,1793305,Uncertain significance,1,82.7,-,-0.55,0.0683,-21.4221,loss_of_function,-3.88209159890988,0.8642222792810066,Pathogenic,1.0,pathogenic,https://doi.org/10.1101/2022.10.22.513328
M861I,0.93393,-0.27381,-0.1845805936528549,Neutral,Neutral,80.2,,,0.258,"cBioPortal,COSMIC,clinvar",,False,80.2,,,,neutral,neutral,neutral,-,uncertain,uncertain,uncertain,1429761,Uncertain significance,1,77.77,B,-0.2145,0.2973,-7.1344,loss_of_function,-2.21848731957919,0.6650546641421087,Uncertain,0.9896,pathogenic,https://doi.org/10.1101/2022.10.22.513328
M861R,0.3784,0.5466,0.2285280419998692,Neutral,Neutral,80.2,,,,clinvar,,False,80.2,,,,neutral,neutral,neutral,UP,neutral,neutral,stabilizing,1999828,Uncertain significance,1,77.77,B,-0.46,0.2973,-21.4221,loss_of_function,-3.63905846716105,0.8666012357303259,Pathogenic,0.9953,pathogenic,https://doi.org/10.1101/2022.10.22.513328
M861V,1.26576,0.03163,0.1132436152275329,Neutral,Neutral,80.2,,,,clinvar,,False,80.2,,,,neutral,neutral,neutral,DOWN,neutral,neutral,neutral,657577,Uncertain significance,1,77.77,B,-0.2415,0.2973,-6.1344,loss_of_function,-1.36365003426115,0.6142845265857974,Uncertain,0.9223,pathogenic,https://doi.org/10.1101/2022.10.22.513328
K862R,-0.81803,0.14864,-0.0297656614491509,Neutral,Neutral,64.6,,,,clinvar,,True,64.6,,,,neutral,neutral,neutral,-,uncertain,uncertain,uncertain,1481249,Uncertain significance,1,69.8,-,-0.0856,0.8434,-4.0367,loss_of_function,-0.104077178810297,0.0002366775163795,Benign,0.1485,benign,https://doi.org/10.1101/2022.10.22.513328
A863P,-1.42862,-0.83878,0.047784255504068,Neutral,Neutral,94.9,,,,clinvar,,True,94.9,,,,neutral,neutral,neutral,UP,neutral,neutral,stabilizing,1998864,Uncertain significance,1,57.2,-,-0.2947,0.7704,-3.3271,loss_of_function,-0.971882938716456,0.0002091864164695,Benign,0.3595,ambiguous,https://doi.org/10.1101/2022.10.22.513328
A863T,-0.11713,-0.08639,-0.1483672801009627,Neutral,Neutral,94.9,,,,clinvar,,True,94.9,,,,neutral,neutral,neutral,UP,neutral,neutral,stabilizing,1429751,Uncertain significance,1,57.2,-,-0.1633,0.7704,-7.1344,loss_of_function,-0.965289233019584,0.3729562310626358,Uncertain,0.7342,pathogenic,https://doi.org/10.1101/2022.10.22.513328
A863V,-0.07623,-0.18299,-0.1042800311382852,Neutral,Neutral,94.9,,,,clinvar,,True,94.9,,,,neutral,neutral,neutral,UP,neutral,neutral,stabilizing,951055,Uncertain significance,1,57.2,-,-0.1536,0.7704,-5.8125,loss_of_function,-0.90955977864453,0.0017141959826133,Benign,0.4989,ambiguous,https://doi.org/10.1101/2022.10.22.513328
P864A,1.29414,0.6483,-0.5710866325486297,Neutral,Neutral,69.6,,,,clinvar,,True,69.6,,,,neutral,neutral,neutral,DOWN,neutral,neutral,neutral,1793517,Uncertain significance,1,48.98,-,-0.3148,0.0952,-21.4221,loss_of_function,-3.92375306972745,0.8658294842595289,Pathogenic,0.9746,pathogenic,https://doi.org/10.1101/2022.10.22.513328
P864L,1.08998,0.83061,-0.9498799963549924,Neutral,Neutral,69.6,,,,"cBioPortal,COSMIC,clinvar",,True,69.6,,,,neutral,neutral,neutral,UP,neutral,neutral,stabilizing,1059869,Uncertain significance,1,48.98,-,-0.3635,0.0952,-21.4221,loss_of_function,-3.92375306972745,0.8533253885136689,Pathogenic,0.9937,pathogenic,https://doi.org/10.1101/2022.10.22.513328
P864T,1.7139,1.0119,-0.5602150916976245,Neutral,Neutral,69.6,,,,clinvar,,True,69.6,,,,neutral,neutral,neutral,-,uncertain,uncertain,uncertain,2123096,Uncertain significance,1,48.98,-,-0.3266,0.0952,-21.4221,loss_of_function,-3.92375306972745,0.8661502739737574,Pathogenic,0.9955,pathogenic,https://doi.org/10.1101/2022.10.22.513328
K867N,0.01281,-0.12789,-0.087616075538045,Neutral,Neutral,80.2,,,0.238,cBioPortal,,True,80.2,,,,neutral,neutral,neutral,DOWN,neutral,neutral,mixed_effects,,,,34.92,-,-0.2254,0.4714,-8.1343,loss_of_function,-2.43275911436785,0.8801258621074676,Pathogenic,0.9916,pathogenic,https://doi.org/10.1101/2022.10.22.513328
K867T,0.63027,-0.50782,-0.2081890997929253,Neutral,Neutral,80.2,,,0.547,"cBioPortal,COSMIC",,True,80.2,,,,neutral,neutral,neutral,DOWN,neutral,neutral,mixed_effects,,,,34.92,-,-0.2969,0.4714,-21.4221,loss_of_function,-3.03213181435577,0.8954326666397354,Pathogenic,0.9481,pathogenic,https://doi.org/10.1101/2022.10.22.513328
P868L,0.73267,0.42381,-0.4593165383829345,Neutral,Neutral,61.0,,,,clinvar,,True,61.0,,,,neutral,neutral,neutral,UP,neutral,neutral,stabilizing,1793701,Uncertain significance,1,29.92,-,-0.3501,0.241,-21.4221,loss_of_function,-3.70131364550802,0.8902014049171467,Pathogenic,0.9343,pathogenic,https://doi.org/10.1101/2022.10.22.513328
P868Q,0.80544,0.30238,-0.1451959800443308,Neutral,Neutral,61.0,,,0.249,COSMIC,,True,61.0,,,,neutral,neutral,neutral,UP,neutral,neutral,stabilizing,,,,29.92,-,-0.2539,0.241,-6.5494,loss_of_function,-2.35889830662505,0.8467138445680682,Pathogenic,0.9591,pathogenic,https://doi.org/10.1101/2022.10.22.513328
L869F,-0.16454,0.11122,0.2812339896840776,Neutral,Neutral,108.6,,,,clinvar,,True,108.6,,,,neutral,neutral,neutral,UP,neutral,neutral,stabilizing,1793747,Uncertain significance,1,41.61,S,-0.2604,0.224,-8.1343,loss_of_function,-3.18314336556236,0.8969862162698564,Pathogenic,0.9869,pathogenic,https://doi.org/10.1101/2022.10.22.513328
K871R,0.07849,0.73333,-0.3980417640921491,Neutral,Neutral,74.9,,,,clinvar,,True,74.9,,,,neutral,neutral,neutral,-,uncertain,uncertain,uncertain,1414094,Uncertain significance,1,36.12,-,-0.0225,1.4021,-1.7318,loss_of_function,-0.43158139575248,2.3647242016599823e-12,Benign,0.097,benign,https://doi.org/10.1101/2022.10.22.513328
R872G,0.36549,0.56905,0.7491463828795405,Neutral,Neutral,107.0,,,,clinvar,,False,107.0,,,,neutral,neutral,neutral,DOWN,neutral,neutral,neutral,651457,Uncertain significance,2,28.77,-,-0.3231,1.2796,-21.3805,loss_of_function,-2.10809931861494,0.5197425688085304,Uncertain,0.7457,pathogenic,https://doi.org/10.1101/2022.10.22.513328
R872K,0.13409,-0.32789,-0.0474014909825382,Neutral,Neutral,107.0,,,0.182,"cBioPortal,clinvar",,False,107.0,,,,neutral,neutral,neutral,-,uncertain,uncertain,uncertain,1947373,Uncertain significance,1,28.77,-,-0.0925,1.2796,-4.6333,loss_of_function,-0.419442905000447,0.0022179861928373,Benign,0.1688,benign,https://doi.org/10.1101/2022.10.22.513328
R872T,0.48886,-0.49728,0.1649565079926895,Neutral,Neutral,107.0,,,,clinvar,,False,107.0,,,,neutral,neutral,neutral,DOWN,neutral,neutral,neutral,2448338,Uncertain significance,1,28.77,-,-0.2926,1.2796,-21.3805,loss_of_function,-1.84781509970289,0.5041453566162096,Uncertain,0.869,pathogenic,https://doi.org/10.1101/2022.10.22.513328
E873D,-0.14347,0.9415,-0.1744399063741053,Neutral,Neutral,96.3,,1.1930326891e-05,0.172,"cBioPortal,COSMIC,clinvar",,False,96.3,,,,neutral,neutral,neutral,DOWN,neutral,neutral,mixed_effects,1042908,Uncertain significance,2,31.93,-,-0.1334,0.7349,-5.5078,loss_of_function,-0.899012110270766,0.0343834543272852,Benign,0.2786,benign,https://doi.org/10.1101/2022.10.22.513328
E873G,0.06298,1.20612,0.5958289390127999,Neutral,Neutral,96.3,,,,clinvar,,False,96.3,,,,neutral,neutral,neutral,DOWN,neutral,neutral,mixed_effects,2563286,Uncertain significance,1,31.93,-,-0.2744,0.7349,-21.3805,loss_of_function,-2.72645615750277,0.869147678342624,Pathogenic,0.4923,ambiguous,https://doi.org/10.1101/2022.10.22.513328
E873K,0.0343,1.25068,0.0676430626052559,Neutral,Neutral,96.3,,,,clinvar,,False,96.3,,,,neutral,neutral,neutral,UP,neutral,neutral,stabilizing,2446935,Uncertain significance,1,31.93,-,-0.2028,0.7349,-8.0926,loss_of_function,-2.0730746238205,0.5604176018700157,Uncertain,0.7782,pathogenic,https://doi.org/10.1101/2022.10.22.513328
K874R,0.03792,0.45918,-0.2232343174398243,Neutral,Neutral,106.5,,,,clinvar,,False,106.5,,,,neutral,neutral,neutral,-,uncertain,uncertain,uncertain,2010967,Uncertain significance,1,32.13,-,-0.0385,1.4268,-5.3219,loss_of_function,-0.391030408581905,0.0007663186947,Benign,0.0866,benign,https://doi.org/10.1101/2022.10.22.513328
K874T,0.34243,-0.03878,0.0834819688662291,Neutral,Neutral,106.5,,,,clinvar,,False,106.5,,,,neutral,neutral,neutral,DOWN,neutral,neutral,mixed_effects,2014552,Uncertain significance,1,32.13,-,-0.131,1.4268,-6.1293,loss_of_function,-1.57314233370416,0.0245887520810618,Benign,0.3107,benign,https://doi.org/10.1101/2022.10.22.513328
Q875E,0.23273,0.57075,-0.2597922136863373,Neutral,Neutral,104.9,,,,clinvar,,False,104.9,,,,neutral,neutral,neutral,DOWN,neutral,neutral,neutral,1460951,Uncertain significance,1,31.72,S,-0.0716,1.6661,-6.5443,loss_of_function,-1.0738409788798,6.0263018704041295e-05,Benign,0.1124,benign,https://doi.org/10.1101/2022.10.22.513328
Q875R,0.19189,0.18333,-0.2420534365919913,Neutral,Neutral,104.9,,,0.097,"COSMIC,clinvar",,False,104.9,,,,neutral,neutral,neutral,UP,neutral,neutral,stabilizing,1437841,Uncertain significance,1,31.72,S,-0.1741,1.6661,-21.417,loss_of_function,-1.75987216542478,0.0001048878381867,Benign,0.1446,benign,https://doi.org/10.1101/2022.10.22.513328
D876N,1.97661,0.23163,0.0085286210552543,Neutral,Neutral,108.1,,,,clinvar,,False,108.1,,,,neutral,neutral,neutral,-,uncertain,uncertain,uncertain,2561608,Uncertain significance,1,32.99,-,-0.0796,1.5718,-4.3817,loss_of_function,-0.392631773632236,6.145811303095431e-07,Benign,0.1307,benign,https://doi.org/10.1101/2022.10.22.513328
E877D,-0.38475,0.32823,0.2776390044053567,Neutral,Neutral,73.2,,,,clinvar,,False,73.2,,,,neutral,neutral,neutral,DOWN,neutral,neutral,neutral,1794063,Uncertain significance,1,29.06,-,-0.0702,1.2945,-3.2242,loss_of_function,-0.0652250811630606,0.000546084772475,Benign,0.0505,benign,https://doi.org/10.1101/2022.10.22.513328
E877G,1.55294,1.64898,1.2354824242489664,Neutral,Neutral,73.2,,,,clinvar,,False,73.2,,,,neutral,neutral,neutral,DOWN,neutral,neutral,neutral,1003268,Uncertain significance,2,29.06,-,-0.1499,1.2945,-7.0821,loss_of_function,-2.32102469166493,0.820569137262131,Pathogenic,0.1612,benign,https://doi.org/10.1101/2022.10.22.513328
E877K,1.27906,2.13435,0.6778046579866112,Uncertain,Neutral,73.2,,,0.207,"cBioPortal,clinvar",,False,73.2,,,,neutral,neutral,neutral,UP,neutral,neutral,neutral,1513258,Uncertain significance,1,29.06,-,-0.137,1.2945,-5.2748,loss_of_function,-1.38750165949939,0.6989414246687276,Pathogenic,0.3522,ambiguous,https://doi.org/10.1101/2022.10.22.513328
T880I,0.03886,-0.19694,-0.1935638220815905,Neutral,Neutral,119.7,,,0.193,"cBioPortal,clinvar",,False,119.7,,,,uncertain,,,UP,neutral,neutral,neutral,1465660,Uncertain significance,1,27.92,-,-0.1228,1.6688,-8.0713,loss_of_function,-2.06600421464251,0.0001083035143739,Benign,0.2389,benign,https://doi.org/10.1101/2022.10.22.513328
T880S,0.01509,0.91837,-0.0347582847596683,Neutral,Neutral,119.7,,,,clinvar,,False,119.7,,,,neutral,,,DOWN,neutral,neutral,destabilizing,967505,Uncertain significance,1,27.92,-,-0.0488,1.6688,-5.7495,loss_of_function,-0.264435589713098,1.1487220430632462e-10,Benign,0.0948,benign,https://doi.org/10.1101/2022.10.22.513328
K881N,0.18155,1.08095,-0.034069885987189,Neutral,Neutral,82.0,,,,clinvar,,False,82.0,,,,neutral,neutral,neutral,DOWN,neutral,neutral,stabilizing,2186160,Uncertain significance,1,28.46,-,-0.1335,2.2048,-21.3752,loss_of_function,-0.978414167816803,0.047076876489393,Benign,0.6246,pathogenic,https://doi.org/10.1101/2022.10.22.513328
K881R,0.05412,-0.00952,-0.2457921611237279,Neutral,Neutral,82.0,,,,clinvar,,False,82.0,,,,neutral,neutral,neutral,-,uncertain,uncertain,uncertain,1043539,Uncertain significance,1,28.46,-,0.0519,2.2048,-1.628,gain_of_function,-0.0621709594220852,1.239145541447538e-05,Benign,0.0647,benign,https://doi.org/10.1101/2022.10.22.513328
I882V,1.33081,0.41259,1.2825514495526475,Neutral,Neutral,20.1,,,,clinvar,,False,20.1,,,,neutral,neutral,neutral,DOWN,neutral,neutral,neutral,2054811,Uncertain significance,1,34.69,-,-0.0727,0.9491,-0.3723,loss_of_function,-0.0618778830870508,3.3822832494695983e-16,Benign,0.0713,benign,https://doi.org/10.1101/2022.10.22.513328
R884G,2.47377,1.84592,1.3745251715946567,Uncertain,Uncertain,26.9,,,,clinvar,,True,26.9,,,,neutral,neutral,neutral,DOWN,neutral,neutral,neutral,940508,Uncertain significance,2,32.86,-,-0.2701,1.1198,-8.1136,loss_of_function,-1.94009719636034,0.42858949929652,Uncertain,0.8743,pathogenic,https://doi.org/10.1101/2022.10.22.513328
R884L,2.0926,0.38299,0.1677271297586147,Uncertain,Uncertain,26.9,,,0.423,"cBioPortal,COSMIC",,True,26.9,,,,neutral,neutral,neutral,DOWN,neutral,neutral,neutral,,,,32.86,-,-0.2372,1.1198,-8.1136,loss_of_function,-1.94009719636034,0.5719024375543219,Uncertain,0.872,pathogenic,https://doi.org/10.1101/2022.10.22.513328
R884Q,2.87389,0.99184,0.7835545213772301,Uncertain,Uncertain,26.9,,3.9784210443e-06,0.277,"cBioPortal,COSMIC",,True,26.9,,,,neutral,neutral,neutral,DOWN,neutral,neutral,neutral,,,,32.86,-,-0.2773,1.1198,-21.4015,loss_of_function,-1.94009719636034,0.415291090221685,Uncertain,0.6534,pathogenic,https://doi.org/10.1101/2022.10.22.513328
R884W,2.52542,0.40442,0.1874364112138943,Uncertain,Uncertain,26.9,,,,clinvar,,True,26.9,,,,neutral,neutral,neutral,UP,neutral,neutral,neutral,1488118,Uncertain significance,2,32.86,-,-0.2444,1.1198,-6.5287,loss_of_function,-0.887711708558875,0.46711948567325,Uncertain,0.8598,pathogenic,https://doi.org/10.1101/2022.10.22.513328
A885V,-0.22209,-0.67857,-0.6467029968345234,Neutral,Neutral,66.2,,,0.121,"cBioPortal,clinvar",,True,66.2,,,,neutral,neutral,neutral,UP,neutral,neutral,neutral,1058020,Uncertain significance,1,30.41,-,-0.1827,1.3178,-21.3962,loss_of_function,-1.98938201399581,0.0020996902352753,Benign,0.4038,ambiguous,https://doi.org/10.1101/2022.10.22.513328
Q887E,0.18996,0.84354,-0.4963221252637534,Neutral,Neutral,59.6,,,0.148,"COSMIC,clinvar",,True,59.6,,,,neutral,neutral,neutral,DOWN,neutral,neutral,neutral,657144,Uncertain significance,1,35.4,-,-0.0507,1.7359,-3.711,loss_of_function,-0.767875802868253,0.0109810066085795,Benign,0.2333,benign,https://doi.org/10.1101/2022.10.22.513328
Q887P,-0.06754,-0.12177,0.297540927069147,Neutral,Neutral,59.6,,,,clinvar,,True,59.6,,,,neutral,neutral,neutral,DOWN,neutral,neutral,neutral,1794441,Uncertain significance,1,35.4,-,-0.2335,1.7359,-6.5183,loss_of_function,-1.05181896913017,0.075967807411116,Benign,0.1406,benign,https://doi.org/10.1101/2022.10.22.513328
K888N,-0.43195,1.00544,-0.1674265533870778,Neutral,Neutral,75.9,,,,clinvar,,True,75.9,,,,neutral,neutral,neutral,DOWN,neutral,neutral,destabilizing,1058152,Uncertain significance,1,31.81,-,-0.1813,0.8605,-6.5183,loss_of_function,-1.45405192295845,0.742908323073686,Pathogenic,0.9149,pathogenic,https://doi.org/10.1101/2022.10.22.513328
K888R,0.00059,0.61497,-0.4752093278286889,Neutral,Neutral,75.9,,,0.163,cBioPortal,,True,75.9,,,,neutral,neutral,neutral,-,uncertain,uncertain,uncertain,,,,31.81,-,-0.0793,0.8605,-3.1033,loss_of_function,-0.0901325021335253,0.0027080512300713,Benign,0.0968,benign,https://doi.org/10.1101/2022.10.22.513328
K889E,0.082,1.67585,-0.0772080671284802,Neutral,Neutral,83.8,,,,clinvar,,True,83.8,,,,neutral,neutral,neutral,DOWN,neutral,neutral,destabilizing,1700655,Uncertain significance,0,33.16,-,-0.1905,0.8662,-7.1032,loss_of_function,-2.69697575788823,0.5694113462245703,Uncertain,0.8509,pathogenic,https://doi.org/10.1101/2022.10.22.513328
K889N,0.40275,1.89184,0.051801801627761,Neutral,Neutral,83.8,,,,clinvar,,True,83.8,,,,neutral,neutral,neutral,DOWN,neutral,neutral,destabilizing,1504169,Uncertain significance,1,33.16,-,-0.2567,0.8662,-21.391,loss_of_function,-2.69697575788823,0.5760947133029667,Uncertain,0.8937,pathogenic,https://doi.org/10.1101/2022.10.22.513328
K889Q,-0.18045,0.72415,0.2774891247158978,Neutral,Neutral,83.8,,,,clinvar,,True,83.8,,,,neutral,neutral,neutral,DOWN,neutral,neutral,destabilizing,845396,Uncertain significance,2,33.16,-,-0.1699,0.8662,-8.1032,loss_of_function,-2.29491246233748,0.1173781049272253,Benign,0.4169,ambiguous,https://doi.org/10.1101/2022.10.22.513328
H890Y,-0.37486,-0.01735,-0.1780490496888009,Neutral,Neutral,78.1,,,,clinvar,,True,78.1,,,,neutral,neutral,neutral,UP,neutral,neutral,stabilizing,1377924,Uncertain significance,1,36.54,-,-0.0212,2.6441,-21.3752,loss_of_function,-0.558316230093929,0.0023818958510761,Benign,0.1722,benign,https://doi.org/10.1101/2022.10.22.513328
V891L,-0.88711,0.31054,-0.1875670179926636,Neutral,Neutral,69.4,,,,clinvar,,True,69.4,,,,neutral,neutral,neutral,UP,neutral,neutral,stabilizing,1794560,Uncertain significance,1,36.0,-,-0.0734,2.0032,-3.8395,loss_of_function,-0.0052549779587505,8.706297523092744e-09,Benign,0.2295,benign,https://doi.org/10.1101/2022.10.22.513328
V891M,-0.94925,0.96633,0.261002797204275,Neutral,Neutral,69.4,,3.9832068001e-06,0.069,"cBioPortal,COSMIC,clinvar",,True,69.4,,,,neutral,neutral,neutral,UP,neutral,neutral,stabilizing,644891,Uncertain significance,2,36.0,-,-0.0872,2.0032,-4.7655,loss_of_function,-0.161262954978102,3.4558894913830456e-06,Benign,0.2408,benign,https://doi.org/10.1101/2022.10.22.513328
N892I,0.72646,1.96224,-0.1397106984382307,Neutral,Neutral,60.7,,,,clinvar,,False,60.7,,,,neutral,neutral,neutral,UP,neutral,neutral,stabilizing,2446901,Uncertain significance,1,43.23,-,-0.1594,2.341,-21.3858,loss_of_function,-1.46366757340802,0.0541059113220926,Benign,0.395,ambiguous,https://doi.org/10.1101/2022.10.22.513328
P893L,1.27533,0.70816,-0.6148444955055399,Neutral,Neutral,66.8,,1.99303235887e-05,0.351,"cBioPortal,COSMIC,clinvar",,False,66.8,,,,neutral,neutral,neutral,UP,neutral,neutral,neutral,661849,Uncertain significance,1,38.23,H,-0.2702,0.37,-8.0979,loss_of_function,-2.70773833570483,0.8978044995263907,Pathogenic,0.8964,pathogenic,https://doi.org/10.1101/2022.10.22.513328
P893Q,1.55075,1.15204,-0.0106843966385672,Neutral,Neutral,66.8,,,,clinvar,,False,66.8,,,,neutral,neutral,neutral,UP,neutral,neutral,neutral,1482638,Uncertain significance,1,38.23,H,-0.2499,0.37,-8.0979,loss_of_function,-3.13259654727476,0.8813867309681093,Pathogenic,0.9599,pathogenic,https://doi.org/10.1101/2022.10.22.513328
V894A,-0.38957,0.6415,0.2981010222120128,Neutral,Neutral,95.5,,,0.276,COSMIC,,False,95.5,,,,neutral,neutral,neutral,DOWN,neutral,neutral,neutral,,,,48.33,H,-0.126,1.4683,-4.6333,loss_of_function,-0.770522729799084,0.0038775283968682,Benign,0.8512,pathogenic,https://doi.org/10.1101/2022.10.22.513328
V894L,-0.51538,0.23844,-0.3260208762672467,Neutral,Neutral,95.5,,,0.181,"cBioPortal,clinvar",,False,95.5,,,,neutral,neutral,neutral,UP,neutral,neutral,neutral,1363149,Uncertain significance,1,48.33,H,-0.126,1.4683,-4.5078,loss_of_function,-0.325499924274761,1.3419192088458075e-06,Benign,0.5953,pathogenic,https://doi.org/10.1101/2022.10.22.513328
V894M,-0.78349,0.62517,-0.0381916859463515,Neutral,Neutral,95.5,,,,clinvar,,False,95.5,,,,neutral,neutral,neutral,UP,neutral,neutral,neutral,1470490,Uncertain significance,1,48.33,H,-0.1372,1.4683,-4.9228,loss_of_function,-0.63486337361956,0.002454563114649,Benign,0.6028,pathogenic,https://doi.org/10.1101/2022.10.22.513328
Q895R,-0.38625,3.01667,-0.4323462565872693,Uncertain,Neutral,79.5,,,,clinvar,,False,79.5,,,,neutral,neutral,neutral,UP,neutral,neutral,neutral,651329,Uncertain significance,1,48.43,H,-0.0979,1.5629,-4.6333,loss_of_function,-0.512151777421698,1.1773204275086086e-05,Benign,0.3836,ambiguous,https://doi.org/10.1101/2022.10.22.513328
L897I,1.3209,0.06361,0.4682109528538425,Neutral,Neutral,82.1,,,0.181,"cBioPortal,COSMIC,clinvar",,False,82.1,,,,neutral,neutral,neutral,-,uncertain,uncertain,uncertain,1470405,Uncertain significance,1,47.67,H,-0.2267,0.6799,-21.3805,loss_of_function,-1.67864309048092,0.8433263369358779,Pathogenic,0.8095,pathogenic,https://doi.org/10.1101/2022.10.22.513328
S898G,0.81947,0.58435,0.3688621532190922,Neutral,Neutral,69.2,,,,clinvar,P,False,69.2,0.743,,,damaging,neutral,uncertain,DOWN,neutral,neutral,neutral,642709,Conflicting interpretations of pathogenicity,1,51.68,H,-0.1456,0.7814,-8.0926,loss_of_function,-2.33458482298933,0.776377935222735,Pathogenic,0.496,ambiguous,https://doi.org/10.1101/2022.10.22.513328
S898R,0.0418,-0.6619,-0.7179751353723485,Neutral,Neutral,69.2,,,0.289,"cBioPortal,clinvar",P,False,69.2,0.743,,,damaging,neutral,uncertain,UP,neutral,neutral,stabilizing,2448342,Uncertain significance,1,51.68,H,-0.2981,0.7814,-21.3805,loss_of_function,-1.03592016209189,0.8660825021991311,Pathogenic,0.9832,pathogenic,https://doi.org/10.1101/2022.10.22.513328
E899D,0.53716,0.77483,0.2130879628141863,Neutral,Neutral,85.1,,,,clinvar,,False,85.1,,,,neutral,neutral,neutral,DOWN,neutral,neutral,neutral,"1385989, 1002748","Uncertain significance, Uncertain significance","1, 1",48.61,H,-0.1723,0.3663,-6.5025,loss_of_function,-0.574764965993507,0.0444823161053655,Benign,0.683,pathogenic,https://doi.org/10.1101/2022.10.22.513328
E899K,-0.4869,0.95374,-0.1861866733705541,Neutral,Neutral,85.1,,,0.402,"cBioPortal,COSMIC,clinvar",,False,85.1,,,,neutral,neutral,neutral,UP,neutral,neutral,stabilizing,842402,Uncertain significance,1,48.61,H,-0.3045,0.3663,-21.3752,loss_of_function,-2.93359071638541,0.8779186340629416,Pathogenic,0.9331,pathogenic,https://doi.org/10.1101/2022.10.22.513328
E899Q,-0.7163,-0.00476,0.1357601517828555,Neutral,Neutral,85.1,,,,clinvar,,False,85.1,,,,neutral,neutral,neutral,UP,neutral,neutral,stabilizing,1018952,Uncertain significance,1,48.61,H,-0.1711,0.3663,-4.9175,loss_of_function,-1.00441907843863,0.18883885877173,Benign,0.7088,pathogenic,https://doi.org/10.1101/2022.10.22.513328
F900L,0.21062,-0.10238,-0.2526917839897352,Neutral,Neutral,87.9,,,"0.274, 0.547","cBioPortal,COSMIC",,False,87.9,,,,neutral,neutral,neutral,DOWN,neutral,neutral,neutral,,,,45.3,H,-0.2734,0.1055,-8.082,loss_of_function,-2.9533667270261,0.8957987627129601,Pathogenic,0.9982,pathogenic,https://doi.org/10.1101/2022.10.22.513328
K901R,-0.53017,-0.02687,-0.2006772502850612,Neutral,Neutral,95.1,,,,clinvar,,False,95.1,,,,neutral,neutral,neutral,-,uncertain,uncertain,uncertain,950319,Uncertain significance,1,46.58,H,0.0164,1.8707,-2.5677,gain_of_function,-0.0024535065734035,1.1055210299809379e-07,Benign,0.1009,benign,https://doi.org/10.1101/2022.10.22.513328
A902S,-0.40906,0.41871,-0.0715154644016968,Neutral,Neutral,85.0,,,0.239,"cBioPortal,COSMIC",,True,85.0,,,,neutral,neutral,neutral,-,uncertain,uncertain,uncertain,,,,48.61,G,-0.0386,1.7962,-2.3583,loss_of_function,-0.372337157600841,5.411252554832235e-13,Benign,0.1694,benign,https://doi.org/10.1101/2022.10.22.513328
A902V,0.55224,0.59388,-0.1232344497108006,Neutral,Neutral,85.0,6.37429882713e-05,8.0374868386e-06,0.248,"cBioPortal,COSMIC,clinvar",,True,85.0,,,,neutral,neutral,neutral,UP,neutral,neutral,stabilizing,653545,Uncertain significance,2,48.61,G,-0.1377,1.7962,-21.2006,loss_of_function,-1.37133866247613,2.4077572618142205e-06,Benign,0.4385,ambiguous,https://doi.org/10.1101/2022.10.22.513328
M903I,0.6978,0.79252,0.0176685848280228,Neutral,Neutral,90.2,,,0.232,"cBioPortal,COSMIC",,True,90.2,,,,neutral,neutral,neutral,-,uncertain,uncertain,uncertain,,,,45.97,G,-0.1054,1.3811,-5.2854,loss_of_function,-0.256528699432002,,,0.6081,pathogenic,https://doi.org/10.1101/2022.10.22.513328
M903T,0.13025,0.44252,0.3508036274159648,Neutral,Neutral,90.2,,,,clinvar,,True,90.2,,,,neutral,neutral,neutral,DOWN,neutral,neutral,neutral,952552,Uncertain significance,2,45.97,G,-0.1643,1.3811,-6.2853,loss_of_function,-0.838465159757817,,,0.4112,ambiguous,https://doi.org/10.1101/2022.10.22.513328
M903V,0.81134,0.67789,0.161764730710584,Neutral,Neutral,90.2,,,0.281,"cBioPortal,COSMIC",,True,90.2,,,,neutral,neutral,neutral,DOWN,neutral,neutral,neutral,,,,45.97,G,-0.1375,1.3811,-5.2854,loss_of_function,-0.285466375903659,,,0.1254,benign,https://doi.org/10.1101/2022.10.22.513328
D904A,0.07239,-0.32653,0.4903879017510615,Neutral,Neutral,105.2,,,0.214,cBioPortal,,True,105.2,,,,neutral,neutral,neutral,DOWN,neutral,neutral,neutral,,,,45.55,G,-0.2708,0.7541,-20.5639,loss_of_function,-0.30370497196107,,,0.6588,pathogenic,https://doi.org/10.1101/2022.10.22.513328
D904E,0.0814,-0.41837,0.2480059114411548,Neutral,Neutral,105.2,,,,clinvar,,True,105.2,,,,neutral,neutral,neutral,UP,neutral,neutral,stabilizing,1713430,Uncertain significance,1,45.55,G,-0.127,0.7541,-3.1887,loss_of_function,-5.63763605072879e-05,,,0.2189,benign,https://doi.org/10.1101/2022.10.22.513328
D904G,-0.09465,0.26463,0.6981127814803917,Neutral,Neutral,105.2,,,0.197,"cBioPortal,COSMIC",,True,105.2,,,,neutral,neutral,neutral,DOWN,neutral,neutral,neutral,,,,45.55,G,-0.2819,0.7541,-20.5639,loss_of_function,-0.30370497196107,,,0.4845,ambiguous,https://doi.org/10.1101/2022.10.22.513328
D904N,-0.11561,-0.29116,-0.0373043329817995,Neutral,Neutral,105.2,,,0.090,"cBioPortal,clinvar",,True,105.2,,,,neutral,neutral,neutral,-,uncertain,uncertain,uncertain,1523608,Uncertain significance,1,45.55,G,-0.1578,0.7541,-4.9542,loss_of_function,-0.0629536558883652,,,0.4074,ambiguous,https://doi.org/10.1101/2022.10.22.513328
S905G,-0.06498,0.78878,0.3660384809400635,Neutral,Neutral,87.6,,,,clinvar,P,True,87.6,0.478,,,damaging,neutral,potentially_damaging,DOWN,neutral,neutral,neutral,658398,Uncertain significance,2,39.48,-,-0.22,0.6573,-20.4375,loss_of_function,-0.458822345928916,,,0.1409,benign,https://doi.org/10.1101/2022.10.22.513328
S905N,-0.2881,-0.26871,-0.3066602460519163,Neutral,Neutral,87.6,6.37551801084e-05,0.0003065777053466,0.130,"cBioPortal,clinvar",P,True,87.6,0.478,,,damaging,neutral,potentially_damaging,UP,neutral,neutral,stabilizing,415351,Likely benign,2,39.48,-,-0.2331,0.6573,-20.4375,loss_of_function,-0.113238518934303,,,0.3077,benign,https://doi.org/10.1101/2022.10.22.513328
I906M,-0.19695,0.24524,0.1450434013790602,Neutral,Neutral,102.8,,,,clinvar,,True,102.8,,,,neutral,neutral,neutral,-,uncertain,uncertain,uncertain,1717581,Uncertain significance,1,39.4,-,-0.1288,1.1522,-6.098,loss_of_function,-0.22397301207242,,,0.1185,benign,https://doi.org/10.1101/2022.10.22.513328
I906S,-0.16921,0.63707,0.2728244104782656,Neutral,Neutral,102.8,,,,clinvar,,True,102.8,,,,neutral,neutral,neutral,DOWN,neutral,neutral,destabilizing,2574371,Uncertain significance,1,39.4,-,-0.3514,1.1522,-20.3858,loss_of_function,-0.343377259096339,,,0.5696,pathogenic,https://doi.org/10.1101/2022.10.22.513328
