Mutation,"Stability (FoldX5, alphafold, kcal/mol)","Stability (Rosetta Cartddg2020, alphafold, kcal/mol)","Stability (RaSP, alphafold, kcal/mol)","Stability classification, alphafold, (Rosetta, FoldX)","Stability classification, alphafold, (RaSP, FoldX)",Relative Side Chain Solvent Accessibility in wild-type,gnomAD genome allele frequency,gnomAD exome allele frequency,REVEL score,Mutation sources,PTMs,is site part of phospho-SLiM,PTM residue SASA (%),"Change in stability with PTM (FoldX5, kcal/mol)","Change in binding with PTM (FoldX5, kcal/mol)","Change in binding with mutation (FoldX5, kcal/mol)",PTM effect in regulation,PTM effect in stability,PTM effect in function,AlloSigma2 mutation type,AlloSigma2 predicted consequence - active sites,AlloSigma2 predicted consequence - cofactor sites,AlloSigma2 predicted consequence - pockets and interfaces,ClinVar Variation ID,ClinVar Interpretation,ClinVar Review Status,AlphaFold2 model pLDDT score,AlphaFold2 model secondary structure,DeMaSk delta fitness,DeMaSk Shannon entropy,DeMaSk log2 variant frequency,DeMaSk predicted consequence,GEMME Score,AlphaMissense pathogenicity score,AlphaMissense classification,References
E160K,-0.14993,0.06361,0.2952707655070014,Neutral,Neutral,96.0,,,0.147,"cBioPortal,COSMIC",,False,96.0,,,,neutral,neutral,neutral,UP,neutral,neutral,neutral,,,,60.24,H,-0.204,0.5923,-5.7549,loss_of_function,-2.62871031065073,0.267,benign,https://doi.org/10.1101/2022.10.22.513328
E160V,-0.17121,-0.55136,0.2988906433378746,Neutral,Neutral,96.0,,,,clinvar,,False,96.0,,,,neutral,neutral,neutral,-,uncertain,uncertain,uncertain,882372,Uncertain significance,1,60.24,H,-0.2733,0.5923,-21.0426,loss_of_function,-2.63510318653458,0.3599,ambiguous,https://doi.org/10.1101/2022.10.22.513328
E162K,-0.05894,-0.21497,0.3252924868890394,Neutral,Neutral,76.5,,,0.258,cBioPortal,,False,76.5,,,,neutral,neutral,neutral,UP,neutral,neutral,neutral,,,,66.06,H,-0.1963,0.7877,-7.7548,loss_of_function,-3.23980541805847,0.2806,benign,https://doi.org/10.1101/2022.10.22.513328
E167K,-0.28025,0.09966,0.0135143933442122,Neutral,Neutral,82.7,,,0.075,cBioPortal,,False,82.7,,,,neutral,neutral,neutral,UP,neutral,neutral,neutral,,,,70.55,H,-0.1547,1.9753,-21.0156,loss_of_function,-2.73513100909845,0.1264,benign,https://doi.org/10.1101/2022.10.22.513328
R168I,-0.60332,0.91259,0.2315997584375667,Neutral,Neutral,39.7,,,0.231,"cBioPortal,COSMIC",,False,39.7,,,,neutral,neutral,neutral,DOWN,neutral,neutral,neutral,,,,62.99,H,-0.3252,1.1722,-21.0156,loss_of_function,-3.03155590180936,0.4173,ambiguous,https://doi.org/10.1101/2022.10.22.513328
M169I,0.23624,0.04524,-0.1532381293624335,Neutral,Neutral,52.4,,,0.131,"cBioPortal,COSMIC",,False,52.4,,,,neutral,neutral,neutral,-,uncertain,uncertain,uncertain,,,,64.66,H,-0.1184,1.3201,-6.7414,loss_of_function,-1.73679341712788,0.6938,pathogenic,https://doi.org/10.1101/2022.10.22.513328
Q171K,0.02002,0.70884,-0.2255808454966379,Neutral,Neutral,67.0,,3.9862236112e-06,0.124,"COSMIC,clinvar",,False,67.0,,,,neutral,neutral,neutral,UP,neutral,neutral,neutral,997504,Uncertain significance,1,67.58,H,-0.1226,1.483,-7.7481,loss_of_function,-2.62192007568288,0.1227,benign,https://doi.org/10.1101/2022.10.22.513328
E178G,0.95869,0.97755,0.980802912863819,Neutral,Neutral,78.1,,7.9604524721e-06,0.164,cBioPortal,,False,78.1,,,,neutral,neutral,neutral,DOWN,neutral,neutral,neutral,,,,57.95,H,-0.2683,0.7834,-21.0691,loss_of_function,-3.16309751344108,0.2172,benign,https://doi.org/10.1101/2022.10.22.513328
E178K,-0.70038,-0.23605,0.0661380494746122,Neutral,Neutral,78.1,,,0.204,cBioPortal,,False,78.1,,,,neutral,neutral,neutral,UP,neutral,neutral,neutral,,,,57.95,H,-0.2646,0.7834,-21.0691,loss_of_function,-2.64992934440124,0.2098,benign,https://doi.org/10.1101/2022.10.22.513328
F179L,1.54021,2.63197,1.575165488943257,Uncertain,Neutral,12.7,,,0.068,"cBioPortal,COSMIC",,False,12.7,,,,neutral,neutral,neutral,DOWN,neutral,neutral,neutral,,,,51.42,H,-0.1214,1.4034,-1.6939,loss_of_function,-0.834630958706964,0.8203,pathogenic,https://doi.org/10.1101/2022.10.22.513328
H181R,-0.10958,-0.38163,-0.1308936364776841,Neutral,Neutral,95.4,0.0002866242038217,0.0002706359945873,0.028,"cBioPortal,clinvar",,False,95.4,,,,neutral,neutral,neutral,UP,neutral,neutral,neutral,310914,Uncertain significance,2,55.61,H,-0.0306,2.2978,-4.3285,loss_of_function,-0.616866136871374,0.071,benign,https://doi.org/10.1101/2022.10.22.513328
P183S,0.44762,1.04354,0.4939730138316772,Neutral,Neutral,18.0,,,0.393,cBioPortal,,False,18.0,,,,neutral,neutral,neutral,DOWN,neutral,neutral,neutral,,,,55.18,T,-0.236,0.1913,-7.7812,loss_of_function,-4.66101577713336,0.5802,pathogenic,https://doi.org/10.1101/2022.10.22.513328
Q184E,-0.09171,-0.09456,-0.3009927516509714,Neutral,Neutral,71.0,,,,clinvar,,False,71.0,,,,neutral,neutral,neutral,DOWN,neutral,neutral,neutral,2312976,Uncertain significance,1,55.55,T,-0.1097,2.0578,-21.0691,loss_of_function,-1.84728823642509,0.0851,benign,https://doi.org/10.1101/2022.10.22.513328
A185T,-0.01551,1.04524,-0.0647879378401528,Neutral,Neutral,69.0,,,0.144,COSMIC,,False,69.0,,,,neutral,neutral,neutral,UP,neutral,neutral,neutral,,,,59.74,S,-0.1368,1.0944,-7.7878,loss_of_function,-2.06182361424862,0.1421,benign,https://doi.org/10.1101/2022.10.22.513328
A185V,0.23341,0.71361,-0.1169472146866862,Neutral,Neutral,69.0,6.372673974e-05,7.56206866358e-05,0.214,"cBioPortal,COSMIC,clinvar",,False,69.0,,,,neutral,neutral,neutral,UP,neutral,neutral,neutral,1319276,Uncertain significance,2,59.74,S,-0.1338,1.0944,-7.7878,loss_of_function,-3.88295436221434,0.2556,benign,https://doi.org/10.1101/2022.10.22.513328
I186T,2.75527,2.6085,2.491263805793148,Uncertain,Uncertain,13.2,,3.979972777e-06,0.182,"cBioPortal,COSMIC",,False,13.2,,,,neutral,neutral,neutral,DOWN,neutral,neutral,neutral,,,,61.78,-,-0.2741,1.1261,-21.0756,loss_of_function,-3.37767443268898,0.4072,ambiguous,https://doi.org/10.1101/2022.10.22.513328
D187A,0.27657,0.95136,1.2932340773673368,Neutral,Neutral,81.5,,,,clinvar,,False,81.5,,,,neutral,neutral,neutral,DOWN,neutral,neutral,neutral,1696086,Uncertain significance,1,68.85,-,-0.3427,0.0002,-21.0756,loss_of_function,-5.51735944529149,0.6662,pathogenic,https://doi.org/10.1101/2022.10.22.513328
D187Y,0.09918,1.10918,0.8040913303807892,Neutral,Neutral,81.5,,,0.68,cBioPortal,,False,81.5,,,,neutral,neutral,neutral,UP,neutral,neutral,neutral,,,,68.85,-,-0.3877,0.0002,-21.0756,loss_of_function,-5.51735944529149,0.6303,pathogenic,https://doi.org/10.1101/2022.10.22.513328
F193L,1.53241,3.06463,2.603417353273678,Uncertain,Uncertain,8.9,,,0.327,"cBioPortal,COSMIC",,True,8.9,,,,neutral,neutral,neutral,DOWN,neutral,neutral,neutral,,,,82.01,H,-0.3494,0.0002,-21.0756,loss_of_function,-5.31120433855426,0.9904,pathogenic,https://doi.org/10.1101/2022.10.22.513328
S195I,0.24848,0.93844,0.1193544927997897,Neutral,Neutral,78.5,,,0.215,cBioPortal,,True,78.5,,,,uncertain,,,UP,neutral,neutral,neutral,,,,80.73,H,-0.217,1.5076,-21.0756,loss_of_function,-3.64938222115423,0.2174,benign,https://doi.org/10.1101/2022.10.22.513328
S195N,-0.19491,0.23844,0.1360196058946178,Neutral,Neutral,78.5,,,0.077,cBioPortal,,True,78.5,,,,uncertain,,,UP,neutral,neutral,neutral,,,,80.73,H,-0.0801,1.5076,-5.7879,loss_of_function,-1.66583362874273,0.1674,benign,https://doi.org/10.1101/2022.10.22.513328
P198A,2.2263,0.13639,-0.1002480626905999,Uncertain,Uncertain,13.1,,,,clinvar,,True,13.1,,,,neutral,neutral,neutral,DOWN,neutral,neutral,neutral,1692197,Uncertain significance,1,81.52,H,-0.1691,0.834,-6.2029,loss_of_function,-1.204114137618,0.1023,benign,https://doi.org/10.1101/2022.10.22.513328
P198T,2.88993,1.45782,0.070729631642506,Uncertain,Uncertain,13.1,6.36983247341e-05,0.0002905241373821,0.116,"COSMIC,clinvar",,True,13.1,,,,neutral,neutral,neutral,-,uncertain,uncertain,uncertain,134179,Conflicting interpretations of pathogenicity,1,81.52,H,-0.2569,0.834,-21.0756,loss_of_function,-1.77429534915551,0.178,benign,https://doi.org/10.1101/2022.10.22.513328
E199K,1.52489,1.45408,0.4803028773979539,Neutral,Neutral,40.7,,,0.297,"cBioPortal,COSMIC",,True,40.7,,,,neutral,neutral,neutral,UP,neutral,neutral,neutral,,,,80.04,H,-0.3299,0.0746,-21.0756,loss_of_function,-3.46709585075566,0.6214,pathogenic,https://doi.org/10.1101/2022.10.22.513328
H202N,1.88067,1.34524,1.495980620225829,Neutral,Neutral,31.6,,,0.274,"cBioPortal,COSMIC",,False,31.6,,,,neutral,neutral,neutral,DOWN,neutral,neutral,neutral,,,,86.19,H,-0.291,0.0746,-21.0756,loss_of_function,-4.75895530672758,0.6135,pathogenic,https://doi.org/10.1101/2022.10.22.513328
E203D,0.53537,-0.07381,1.010840016332434,Neutral,Neutral,59.2,,,0.235,cBioPortal,,False,59.2,,,,neutral,neutral,neutral,DOWN,neutral,neutral,neutral,,,,84.04,H,-0.2804,0.0002,-21.0756,loss_of_function,-2.41882292773033,0.6195,pathogenic,https://doi.org/10.1101/2022.10.22.513328
T206I,-0.81562,-0.82007,-0.6427529068959498,Neutral,Neutral,51.1,,,,clinvar,,False,51.1,,,,uncertain,,,UP,neutral,neutral,neutral,2014078,Uncertain significance,1,84.64,H,-0.2538,0.9669,-21.0756,loss_of_function,-2.78001853387991,0.3878,ambiguous,https://doi.org/10.1101/2022.10.22.513328
M208T,2.25102,1.62891,2.350229454034963,Uncertain,Uncertain,5.8,,1.98947963171e-05,0.473,"cBioPortal,clinvar",,False,5.8,,,,neutral,neutral,neutral,DOWN,neutral,neutral,neutral,2082529,Uncertain significance,1,81.31,H,-0.319,0.5198,-21.0691,loss_of_function,-4.58978270900414,0.7985,pathogenic,https://doi.org/10.1101/2022.10.22.513328
T212I,-1.15062,-0.66735,-0.272528411391108,Neutral,Neutral,35.4,,,0.207,"cBioPortal,COSMIC",,True,35.4,,,,uncertain,,,UP,neutral,neutral,neutral,,,,76.95,H,-0.2632,0.865,-21.0756,loss_of_function,-4.94731895754696,0.781,pathogenic,https://doi.org/10.1101/2022.10.22.513328
R214C,1.29551,0.89388,1.4879370880713612,Neutral,Neutral,69.5,0.0014011846379212,0.0028213739971985,0.348,"cBioPortal,COSMIC,clinvar",,True,69.5,,,,neutral,neutral,neutral,DOWN,neutral,neutral,neutral,134180,Benign/Likely benign,2,75.4,H,-0.4089,0.0419,-21.0756,loss_of_function,-4.64790185591746,0.4885,ambiguous,https://doi.org/10.1101/2022.10.22.513328
R214H,0.7593,0.28878,0.4490517474009969,Neutral,Neutral,69.5,0.003407426278581,0.0010027855153203,0.356,"cBioPortal,COSMIC,clinvar",,True,69.5,,,,neutral,neutral,neutral,DOWN,neutral,neutral,neutral,134181,Benign/Likely benign,2,75.4,H,-0.3698,0.0419,-21.0756,loss_of_function,-4.44544742741951,0.3131,benign,https://doi.org/10.1101/2022.10.22.513328
R216I,0.90665,-0.03265,0.77846644899631,Neutral,Neutral,30.4,,,0.525,"cBioPortal,COSMIC",,True,30.4,,,,neutral,neutral,neutral,DOWN,neutral,neutral,neutral,,,,69.02,H,-0.4333,0.0002,-21.0756,loss_of_function,-4.51168177822932,0.9573,pathogenic,https://doi.org/10.1101/2022.10.22.513328
E220K,1.41291,0.34626,0.6718841603616366,Neutral,Neutral,35.2,,,0.119,cBioPortal,,True,35.2,,,,neutral,neutral,neutral,UP,neutral,neutral,neutral,,,,63.09,S,-0.2589,0.8458,-21.0756,loss_of_function,-3.71760727189135,0.4403,ambiguous,https://doi.org/10.1101/2022.10.22.513328
M222I,0.65696,0.46565,-0.3832979553372057,Neutral,Neutral,78.2,,2.38817376352e-05,0.149,"cBioPortal,COSMIC",,True,78.2,,,,neutral,neutral,neutral,-,uncertain,uncertain,uncertain,,,,74.11,-,-0.1778,0.733,-7.7878,loss_of_function,-2.48770531858509,0.8331,pathogenic,https://doi.org/10.1101/2022.10.22.513328
M222V,1.21629,0.67959,-0.1410635726531395,Neutral,Neutral,78.2,,,,clinvar,,True,78.2,,,,neutral,neutral,neutral,DOWN,neutral,neutral,neutral,882639,Uncertain significance,2,74.11,-,-0.2777,0.733,-21.0756,loss_of_function,-2.18192277952973,0.2881,benign,https://doi.org/10.1101/2022.10.22.513328
P223S,2.24927,1.91667,0.5974605722220901,Uncertain,Uncertain,23.1,,,0.259,cBioPortal,,True,23.1,,,,neutral,neutral,neutral,DOWN,neutral,neutral,neutral,,,,74.82,-,-0.3214,0.0002,-21.0756,loss_of_function,-5.21350288255498,0.9586,pathogenic,https://doi.org/10.1101/2022.10.22.513328
E224Q,-0.21835,-0.1881,0.3147751028094286,Neutral,Neutral,107.1,,,,clinvar,,True,107.1,,,,neutral,neutral,neutral,UP,neutral,neutral,neutral,310916,Uncertain significance,1,75.26,S,-0.1979,0.1455,-6.2029,loss_of_function,-1.44117196668322,0.1647,benign,https://doi.org/10.1101/2022.10.22.513328
S226F,0.19485,0.40816,0.0792511193692419,Neutral,Neutral,97.1,,,0.368,cBioPortal,,True,97.1,,,,uncertain,,,UP,neutral,neutral,neutral,,,,77.84,H,-0.3335,0.205,-21.0292,loss_of_function,-5.40732165657665,0.8789,pathogenic,https://doi.org/10.1101/2022.10.22.513328
D227N,0.77431,-0.03469,0.2286456517853685,Neutral,Neutral,101.1,,,0.077,cBioPortal,,True,101.1,,,,neutral,neutral,neutral,-,uncertain,uncertain,uncertain,,,,78.21,H,-0.0551,1.6253,-0.5449,loss_of_function,-0.0282755245576384,0.054,benign,https://doi.org/10.1101/2022.10.22.513328
D227V,0.64429,0.01259,0.199358736947745,Neutral,Neutral,101.1,,,0.044,"cBioPortal,COSMIC",,True,101.1,,,,neutral,neutral,neutral,UP,neutral,neutral,neutral,,,,78.21,H,-0.24,1.6253,-21.0224,loss_of_function,-2.25900430681235,0.2279,benign,https://doi.org/10.1101/2022.10.22.513328
D228V,0.49863,0.60714,-0.2963077639374323,Neutral,Neutral,73.1,,,0.348,cBioPortal,,True,73.1,,,,neutral,neutral,neutral,UP,neutral,neutral,neutral,,,,82.78,H,-0.3495,0.4352,-21.0156,loss_of_function,-4.64097513554936,0.4863,ambiguous,https://doi.org/10.1101/2022.10.22.513328
F229V,0.53859,1.25238,1.3437384516455588,Neutral,Neutral,45.8,,,0.601,cBioPortal,,True,45.8,,,,neutral,neutral,neutral,DOWN,neutral,neutral,neutral,,,,82.87,H,-0.3773,0.0436,-21.0088,loss_of_function,-5.58765420421565,0.9421,pathogenic,https://doi.org/10.1101/2022.10.22.513328
S230P,0.57561,7.81633,3.869812302405954,Uncertain,Uncertain,79.5,,,0.607,"cBioPortal,COSMIC",,False,79.5,,,,uncertain,,,UP,neutral,neutral,neutral,,,,84.21,H,-0.4197,0.087,-21.0088,loss_of_function,-5.11312019735717,0.9308,pathogenic,https://doi.org/10.1101/2022.10.22.513328
L234H,1.20759,0.44184,0.4898040091189876,Neutral,Neutral,74.6,,,0.65,COSMIC,,False,74.6,,,,neutral,neutral,neutral,DOWN,neutral,neutral,neutral,,,,84.09,H,-0.4397,0.1729,-21.0156,loss_of_function,-5.01340181664117,0.9742,pathogenic,https://doi.org/10.1101/2022.10.22.513328
G236A,-0.37974,-1.16327,0.127192780428107,Neutral,Neutral,36.8,3.18714941356e-05,2.78598094389e-05,0.343,"COSMIC,clinvar",,True,36.8,,,,neutral,neutral,neutral,UP,neutral,neutral,neutral,1692198,Uncertain significance,1,84.31,H,-0.3734,0.0434,-21.0156,loss_of_function,-4.97876321511766,0.6856,pathogenic,https://doi.org/10.1101/2022.10.22.513328
G236C,-0.3979,-0.30782,0.5992454407485134,Neutral,Neutral,36.8,,,0.529,cBioPortal,,True,36.8,,,,neutral,neutral,neutral,UP,neutral,neutral,neutral,,,,84.31,H,-0.4332,0.0434,-21.0156,loss_of_function,-4.97876321511766,0.8376,pathogenic,https://doi.org/10.1101/2022.10.22.513328
L238F,0.58987,0.52789,0.4589956575176324,Neutral,Neutral,74.4,,,0.32,cBioPortal,,True,74.4,,,,neutral,neutral,neutral,UP,neutral,neutral,neutral,,,,85.72,H,-0.3388,0.0866,-21.0156,loss_of_function,-5.52321131439536,0.7861,pathogenic,https://doi.org/10.1101/2022.10.22.513328
K239E,0.66516,0.06429,0.1340419086447619,Neutral,Neutral,48.3,,,0.199,"cBioPortal,COSMIC",,True,48.3,,,,neutral,neutral,neutral,DOWN,neutral,neutral,neutral,,,,83.12,H,-0.1943,0.8591,-7.7278,loss_of_function,-4.55660113070867,0.6745,pathogenic,https://doi.org/10.1101/2022.10.22.513328
Q245E,-0.09146,0.19932,-0.1731939294541284,Neutral,Neutral,79.8,,3.9787692871e-06,0.058,"cBioPortal,COSMIC",,True,79.8,,,,neutral,neutral,neutral,DOWN,neutral,neutral,neutral,,,,88.69,H,-0.1809,1.2799,-21.002,loss_of_function,-2.15682496445253,0.1528,benign,https://doi.org/10.1101/2022.10.22.513328
H246Y,-0.69706,-0.53061,-0.5065177400100512,Neutral,Neutral,33.1,,,0.062,cBioPortal,,False,33.1,,,,neutral,neutral,neutral,UP,neutral,neutral,neutral,,,,87.45,H,-0.0189,1.7556,-4.9,loss_of_function,-0.932288477124439,0.1484,benign,https://doi.org/10.1101/2022.10.22.513328
I247V,0.77777,0.73333,1.0238307473728954,Neutral,Neutral,13.5,,,,clinvar,,False,13.5,,,,neutral,neutral,neutral,DOWN,neutral,neutral,neutral,310917,Uncertain significance,2,87.01,H,-0.1989,0.7216,-20.9951,loss_of_function,-2.99511012946967,0.1841,benign,https://doi.org/10.1101/2022.10.22.513328
H249L,-0.72914,0.27993,-0.490736995767379,Neutral,Neutral,83.7,,,0.033,"cBioPortal,COSMIC",,False,83.7,,,,neutral,neutral,neutral,UP,neutral,neutral,neutral,,,,88.0,H,-0.1166,1.6969,-7.7072,loss_of_function,-0.340509198796875,0.1132,benign,https://doi.org/10.1101/2022.10.22.513328
H249Q,-0.59663,0.17347,0.2099494191615314,Neutral,Neutral,83.7,,,0.019,cBioPortal,,False,83.7,,,,neutral,neutral,neutral,DOWN,neutral,neutral,neutral,,,,88.0,H,-0.0231,1.6969,-5.3854,loss_of_function,0.136620896508458,0.1048,benign,https://doi.org/10.1101/2022.10.22.513328
V250A,2.22287,1.07857,1.8273588837096435,Uncertain,Uncertain,7.2,,,0.175,"cBioPortal,COSMIC",,False,7.2,,,,neutral,neutral,neutral,DOWN,neutral,neutral,neutral,,,,85.66,H,-0.2435,0.3621,-7.7072,loss_of_function,-2.37766602178829,0.5577,ambiguous,https://doi.org/10.1101/2022.10.22.513328
K252N,-0.25726,0.5568,0.0816946695003822,Neutral,Neutral,68.1,,,0.103,cBioPortal,,False,68.1,,,,neutral,neutral,neutral,DOWN,neutral,neutral,neutral,,,,84.44,H,-0.2202,0.5047,-7.7072,loss_of_function,-3.3631596153848,0.5379,ambiguous,https://doi.org/10.1101/2022.10.22.513328
E253K,0.01777,0.67891,0.4500482367481001,Neutral,Neutral,41.0,,,0.376,cBioPortal,,False,41.0,,,,neutral,neutral,neutral,UP,neutral,neutral,neutral,,,,84.48,H,-0.3171,0.2091,-20.9951,loss_of_function,-4.84505143297713,0.4197,ambiguous,https://doi.org/10.1101/2022.10.22.513328
M254I,0.64511,0.82211,0.5454073949286886,Neutral,Neutral,7.6,,,0.247,"cBioPortal,COSMIC",,False,7.6,,,,neutral,neutral,neutral,-,uncertain,uncertain,uncertain,,,,77.68,H,-0.2463,0.7216,-21.0088,loss_of_function,-2.7644702261572,0.8657,pathogenic,https://doi.org/10.1101/2022.10.22.513328
M254R,2.79029,3.1415,1.3088028433042724,Uncertain,Uncertain,7.6,,,0.501,"cBioPortal,COSMIC",,False,7.6,,,,neutral,neutral,neutral,UP,neutral,neutral,neutral,,,,77.68,H,-0.4189,0.7216,-21.0088,loss_of_function,-5.32309308519937,0.8502,pathogenic,https://doi.org/10.1101/2022.10.22.513328
M254V,1.6857,2.11293,0.9623949568275164,Uncertain,Neutral,7.6,0.0210522963246067,0.0299008609029137,0.1,"cBioPortal,COSMIC,clinvar",,False,7.6,,,,neutral,neutral,neutral,DOWN,neutral,neutral,neutral,129012,Benign,2,77.68,H,-0.2784,0.7216,-21.0088,loss_of_function,-3.23790337323651,0.4848,ambiguous,https://doi.org/10.1101/2022.10.22.513328
Q256R,-0.57768,0.03469,-0.5905044089451755,Neutral,Neutral,87.7,0.0237928398522105,0.0099807465868949,0.125,"cBioPortal,COSMIC,clinvar",,False,87.7,,,,neutral,neutral,neutral,UP,neutral,neutral,neutral,134182,Benign/Likely benign,2,79.05,H,-0.1772,0.817,-6.7142,loss_of_function,-3.94538902251179,0.1112,benign,https://doi.org/10.1101/2022.10.22.513328
Q257H,0.58479,0.2085,-0.0080189033844901,Neutral,Neutral,72.7,,,0.103,"cBioPortal,COSMIC",,False,72.7,,,,neutral,neutral,neutral,UP,neutral,neutral,neutral,,,,72.36,H,-0.1388,0.8683,-6.1292,loss_of_function,-2.6554925056986,0.3531,ambiguous,https://doi.org/10.1101/2022.10.22.513328
G260R,-0.64074,-1.42585,-0.7657381568127869,Neutral,Neutral,94.6,,,0.404,COSMIC,,False,94.6,,,,neutral,neutral,neutral,UP,neutral,neutral,neutral,,,,58.96,H,-0.4465,0.0787,-20.9812,loss_of_function,-2.78004525350191,0.5948,pathogenic,https://doi.org/10.1101/2022.10.22.513328
I262V,0.60961,0.31463,1.2074659317485927,Neutral,Neutral,20.3,,,0.094,"cBioPortal,COSMIC",,True,20.3,,,,neutral,neutral,neutral,DOWN,neutral,neutral,neutral,,,,58.78,H,-0.0967,0.9183,-4.5166,loss_of_function,-1.18848180994191,0.1667,benign,https://doi.org/10.1101/2022.10.22.513328
R263Q,0.38103,-0.50646,0.8711450097310727,Neutral,Neutral,77.3,0.0007005477009298,0.0005927234249071,0.026,"cBioPortal,COSMIC,clinvar",,True,77.3,,,,neutral,neutral,neutral,DOWN,neutral,neutral,neutral,134185,Conflicting interpretations of pathogenicity,1,60.61,H,-0.1664,1.1574,-0.3596,loss_of_function,0.0995063250284926,0.0556,benign,https://doi.org/10.1101/2022.10.22.513328
Q265R,-0.12844,-0.48333,-0.3170895484205294,Neutral,Neutral,75.5,,,0.264,"cBioPortal,COSMIC",,False,75.5,,,,neutral,neutral,neutral,UP,neutral,neutral,neutral,,,,61.34,H,-0.2459,0.861,-20.9742,loss_of_function,-4.33378769586789,0.174,benign,https://doi.org/10.1101/2022.10.22.513328
D268G,0.18961,0.35,0.5494255431671887,Neutral,Neutral,92.5,,,0.068,"cBioPortal,COSMIC",,False,92.5,,,,neutral,neutral,neutral,DOWN,neutral,neutral,neutral,,,,64.82,H,-0.0796,2.2398,-7.7003,loss_of_function,-3.63467736690691,0.1172,benign,https://doi.org/10.1101/2022.10.22.513328
G271V,-1.28182,-2.63776,0.3216909615951563,Uncertain,Neutral,67.3,,,0.241,cBioPortal,,False,67.3,,,,neutral,neutral,neutral,UP,neutral,neutral,neutral,,,,49.03,-,-0.4106,0.5794,-20.9672,loss_of_function,-2.55124642653485,0.3207,benign,https://doi.org/10.1101/2022.10.22.513328
E275D,0.24936,-0.82143,-0.0491226984513132,Neutral,Neutral,81.9,,,0.076,cBioPortal,,False,81.9,,,,neutral,neutral,neutral,DOWN,neutral,neutral,neutral,,,,54.18,-,-0.0882,1.1808,-4.7004,loss_of_function,-1.12240779555918,0.1843,benign,https://doi.org/10.1101/2022.10.22.513328
E275K,-0.16954,-0.58367,0.3490565694420311,Neutral,Neutral,81.9,,,0.158,"cBioPortal,COSMIC",,False,81.9,,,,neutral,neutral,neutral,UP,neutral,neutral,neutral,,,,54.18,-,-0.2276,1.1808,-20.9882,loss_of_function,-3.41346734236356,0.2727,benign,https://doi.org/10.1101/2022.10.22.513328
V276A,1.74046,1.93231,2.742621486403044,Neutral,Uncertain,15.3,,3.9780095631e-06,0.189,COSMIC,,False,15.3,,,,neutral,neutral,neutral,DOWN,neutral,neutral,neutral,,,,53.22,E,-0.227,0.5412,-7.7072,loss_of_function,-1.77181315723286,0.4671,ambiguous,https://doi.org/10.1101/2022.10.22.513328
E277D,-0.02014,0.89932,0.2363846014917214,Neutral,Neutral,51.1,,,0.144,"cBioPortal,COSMIC",,False,51.1,,,,neutral,neutral,neutral,DOWN,neutral,neutral,neutral,,,,55.79,E,-0.2719,0.0877,-20.9951,loss_of_function,-2.3832372445841,0.52,ambiguous,https://doi.org/10.1101/2022.10.22.513328
S278L,-2.36949,1.54456,-1.4644240509273754,Uncertain,Uncertain,2.9,,,,clinvar,,False,2.9,,,,uncertain,,,UP,neutral,neutral,neutral,2441289,Uncertain significance,1,54.97,E,-0.2605,0.9894,-20.9951,loss_of_function,-3.8176100761571,0.2722,benign,https://doi.org/10.1101/2022.10.22.513328
R279K,-0.05077,0.57823,0.7238371280033353,Neutral,Neutral,57.4,,,0.185,"cBioPortal,COSMIC",,True,57.4,,,,neutral,neutral,neutral,-,uncertain,uncertain,uncertain,,,,56.32,E,-0.1183,0.978,-4.241,loss_of_function,-1.02785810991458,0.134,benign,https://doi.org/10.1101/2022.10.22.513328
R279M,-0.51592,0.21871,0.4474512357373433,Neutral,Neutral,57.4,,,0.204,cBioPortal,,True,57.4,,,,neutral,neutral,neutral,DOWN,neutral,neutral,neutral,,,,56.32,E,-0.2818,0.978,-20.9882,loss_of_function,-3.52559739750575,0.3802,ambiguous,https://doi.org/10.1101/2022.10.22.513328
V282F,-0.30051,0.37449,-0.0120027058174776,Neutral,Neutral,105.6,,,0.163,COSMIC,,True,105.6,,,,neutral,neutral,neutral,UP,neutral,neutral,neutral,,,,53.4,-,-0.2903,0.6925,-7.7072,loss_of_function,-4.27120676979447,0.4285,ambiguous,https://doi.org/10.1101/2022.10.22.513328
V282I,0.02622,0.01565,-0.0767568520144024,Neutral,Neutral,105.6,3.1849162367e-05,5.57014402801e-05,0.053,"cBioPortal,COSMIC,clinvar",,True,105.6,,,,neutral,neutral,neutral,UP,neutral,neutral,neutral,998180,Uncertain significance,1,53.4,-,-0.1274,0.6925,-3.5374,loss_of_function,-0.406105844840606,0.0856,benign,https://doi.org/10.1101/2022.10.22.513328
S283F,2.07895,-0.02925,-1.828860107197966,Uncertain,Uncertain,8.2,,,0.441,"cBioPortal,COSMIC,clinvar",,True,8.2,,,,uncertain,,,UP,neutral,neutral,neutral,134184,not provided,0,47.2,-,-0.341,0.1218,-20.9951,loss_of_function,-5.1369909962557,0.8772,pathogenic,https://doi.org/10.1101/2022.10.22.513328
T286P,0.85426,4.21735,2.4873754476850087,Uncertain,Uncertain,91.2,,,0.225,COSMIC,,True,91.2,,,,uncertain,,,-,uncertain,uncertain,uncertain,,,,48.12,T,-0.364,1.2686,-20.9951,loss_of_function,-4.36410002802392,0.3967,ambiguous,https://doi.org/10.1101/2022.10.22.513328
H288Q,-0.09512,0.21701,0.4509711139312111,Neutral,Neutral,79.5,,,0.271,"cBioPortal,COSMIC",,True,79.5,,,,neutral,neutral,neutral,DOWN,neutral,neutral,neutral,,,,49.55,-,-0.2548,0.0441,-20.9882,loss_of_function,-4.44024601345002,0.8024,pathogenic,https://doi.org/10.1101/2022.10.22.513328
H288Y,-0.43728,-0.48605,0.0017394915535873,Neutral,Neutral,79.5,,,0.429,COSMIC,,True,79.5,,,,neutral,neutral,neutral,UP,neutral,neutral,neutral,,,,49.55,-,-0.2584,0.0441,-20.9882,loss_of_function,-3.02006277931846,0.4642,ambiguous,https://doi.org/10.1101/2022.10.22.513328
Y289C,0.82915,1.16361,1.8732919117846307,Neutral,Neutral,72.4,,,0.614,cBioPortal,P,True,72.4,-0.202,,,damaging,neutral,potentially_damaging,DOWN,neutral,neutral,neutral,,,,53.64,E,-0.4051,0.1218,-20.9951,loss_of_function,-4.00116759090783,0.5261,ambiguous,https://doi.org/10.1101/2022.10.22.513328
L291F,0.56367,0.41633,0.2866923270459232,Neutral,Neutral,62.6,,,0.258,cBioPortal,,True,62.6,,,,neutral,neutral,neutral,UP,neutral,neutral,neutral,,,,58.36,E,-0.2747,0.0441,-7.7003,loss_of_function,-3.44654587812516,0.4781,ambiguous,https://doi.org/10.1101/2022.10.22.513328
I292L,-0.51963,0.75986,0.2687060554277504,Neutral,Neutral,41.5,,,0.156,COSMIC,,True,41.5,,,,neutral,neutral,neutral,-,uncertain,uncertain,uncertain,,,,61.57,E,-0.1995,0.2553,-4.9,loss_of_function,-2.74458813034787,0.3022,benign,https://doi.org/10.1101/2022.10.22.513328
I292M,-0.1615,1.32211,0.813692077408584,Neutral,Neutral,41.5,9.55414012739e-05,0.000115444940725,0.341,"COSMIC,clinvar",,True,41.5,,,,neutral,neutral,neutral,-,uncertain,uncertain,uncertain,134183,Uncertain significance,2,61.57,E,-0.2195,0.2553,-7.7072,loss_of_function,-2.98243576764171,0.2962,benign,https://doi.org/10.1101/2022.10.22.513328
I292T,1.37168,1.35816,1.7554533306365312,Neutral,Neutral,41.5,,,0.452,cBioPortal,,True,41.5,,,,neutral,neutral,neutral,DOWN,neutral,neutral,neutral,,,,61.57,E,-0.3538,0.2553,-20.9951,loss_of_function,-4.41421713320294,0.949,pathogenic,https://doi.org/10.1101/2022.10.22.513328
K293I,-0.42289,-0.41088,-0.5244264834521917,Neutral,Neutral,67.7,,3.18440913289e-05,0.306,"COSMIC,clinvar",,True,67.7,,,,neutral,neutral,neutral,-,uncertain,uncertain,uncertain,2445406,Likely pathogenic,1,56.77,E,-0.2979,0.6145,-20.9951,loss_of_function,-3.39542334665086,0.8777,pathogenic,https://doi.org/10.1101/2022.10.22.513328
G294A,-0.26008,-0.73844,0.3878241012625144,Neutral,Neutral,61.3,,,0.14,"cBioPortal,COSMIC",,True,61.3,,,,neutral,neutral,neutral,UP,neutral,neutral,neutral,,,,43.72,E,-0.2864,0.2517,-7.7141,loss_of_function,-4.68649515666587,0.5553,ambiguous,https://doi.org/10.1101/2022.10.22.513328
Q296E,-0.28318,-0.20238,-0.6422924496769106,Neutral,Neutral,111.8,,,0.191,cBioPortal,,True,111.8,,,,neutral,neutral,neutral,DOWN,neutral,neutral,neutral,,,,41.37,-,-0.1659,0.7031,-7.6581,loss_of_function,-2.15672796854137,0.0867,benign,https://doi.org/10.1101/2022.10.22.513328
Q296P,-0.57177,-0.15374,0.6523172136689978,Neutral,Neutral,111.8,,,0.178,"cBioPortal,COSMIC",,True,111.8,,,,neutral,neutral,neutral,DOWN,neutral,neutral,neutral,,,,41.37,-,-0.4022,0.7031,-20.9459,loss_of_function,-3.7206693074136,0.1268,benign,https://doi.org/10.1101/2022.10.22.513328
T299A,-0.30352,-0.86327,0.151011529337719,Neutral,Neutral,104.0,,,0.025,cBioPortal,,True,104.0,,,,uncertain,,,DOWN,neutral,neutral,neutral,,,,34.25,-,-0.0485,2.0589,-5.6147,loss_of_function,-0.20675600757143,0.0699,benign,https://doi.org/10.1101/2022.10.22.513328
E302A,0.40722,0.38367,0.0628284362066972,Neutral,Neutral,81.1,,,,clinvar,,True,81.1,,,,neutral,neutral,neutral,DOWN,neutral,neutral,neutral,1692201,Uncertain significance,1,36.69,-,-0.0322,2.1962,-5.3147,loss_of_function,-0.504311020600988,0.0863,benign,https://doi.org/10.1101/2022.10.22.513328
D304V,-0.38673,-0.11293,0.1556774751244022,Neutral,Neutral,94.0,,,0.087,"cBioPortal,COSMIC",,False,94.0,,,,neutral,neutral,neutral,UP,neutral,neutral,neutral,,,,34.83,-,-0.1396,1.8853,-6.0371,loss_of_function,-1.22444187085076,0.1134,benign,https://doi.org/10.1101/2022.10.22.513328
S305L,-0.4464,-0.09796,-0.2637821838763415,Neutral,Neutral,59.4,,,0.035,cBioPortal,,False,59.4,,,,uncertain,,,UP,neutral,neutral,neutral,,,,35.26,-,-0.0766,1.9575,-2.4031,loss_of_function,-0.619253112229505,0.0758,benign,https://doi.org/10.1101/2022.10.22.513328
E306Q,0.23367,2.51122,0.1112690155358953,Uncertain,Neutral,100.4,,,0.017,COSMIC,,False,100.4,,,,neutral,neutral,neutral,UP,neutral,neutral,neutral,,,,35.43,-,-0.0482,1.6972,-4.8437,loss_of_function,-0.655572739190325,0.0983,benign,https://doi.org/10.1101/2022.10.22.513328
S307F,-0.45324,-1.0034,-0.2615065413834688,Neutral,Neutral,81.2,,,0.145,"cBioPortal,COSMIC",P,False,81.2,0.611,,,damaging,neutral,uncertain,UP,neutral,neutral,neutral,,,,37.08,-,-0.1771,1.8997,-20.9459,loss_of_function,-2.57887265068979,0.1167,benign,https://doi.org/10.1101/2022.10.22.513328
L308F,-0.4498,0.64694,0.7879704018388225,Neutral,Neutral,93.2,,3.9802262361e-06,0.067,cBioPortal,,False,93.2,,,,neutral,neutral,neutral,UP,neutral,neutral,neutral,,,,38.45,-,-0.0263,2.5367,-3.9578,loss_of_function,-0.54497844045008,0.0737,benign,https://doi.org/10.1101/2022.10.22.513328
P309L,-0.59301,0.84728,-0.4113280760791088,Neutral,Neutral,76.2,,,0.087,"cBioPortal,COSMIC",,True,76.2,,,,neutral,neutral,neutral,UP,neutral,neutral,neutral,,,,37.67,-,-0.2063,1.039,-7.6365,loss_of_function,-2.46310943479047,0.1017,benign,https://doi.org/10.1101/2022.10.22.513328
S311C,-0.00611,1.21122,0.4584350695490252,Neutral,Neutral,73.4,,,,clinvar,,True,73.4,,,,uncertain,,,UP,neutral,neutral,neutral,883414,Uncertain significance,2,39.34,-,-0.0881,1.5833,-3.1988,loss_of_function,-0.256235598925002,0.0839,benign,https://doi.org/10.1101/2022.10.22.513328
S311F,-0.1612,0.95442,-0.1905117765746278,Neutral,Neutral,73.4,,,0.119,cBioPortal,,True,73.4,,,,uncertain,,,UP,neutral,neutral,neutral,,,,39.34,-,-0.1334,1.5833,-6.6582,loss_of_function,-0.859122972787701,0.1105,benign,https://doi.org/10.1101/2022.10.22.513328
M314I,2.06528,0.08537,0.2299671226356059,Uncertain,Uncertain,64.8,,,0.053,"cBioPortal,COSMIC",,False,64.8,,,,neutral,neutral,neutral,-,uncertain,uncertain,uncertain,,,,38.21,-,0.0309,2.7822,-3.8437,gain_of_function,-0.502130966581601,0.1645,benign,https://doi.org/10.1101/2022.10.22.513328
M314R,0.02732,0.04694,0.4015787957414479,Neutral,Neutral,64.8,,,0.065,cBioPortal,,False,64.8,,,,neutral,neutral,neutral,UP,neutral,neutral,neutral,,,,38.21,-,-0.1458,2.7822,-4.651,loss_of_function,-1.20994091856524,0.0848,benign,https://doi.org/10.1101/2022.10.22.513328
G316C,3.4132,3.66803,1.6442728421586252,Destabilizing,Uncertain,109.0,,,0.042,cBioPortal,,False,109.0,,,,neutral,neutral,neutral,UP,neutral,neutral,neutral,,,,31.59,-,-0.1465,2.4178,-7.6509,loss_of_function,-0.852204922867098,0.0719,benign,https://doi.org/10.1101/2022.10.22.513328
G316D,3.38854,4.0483,0.8349981516429136,Destabilizing,Uncertain,109.0,,,0.046,"cBioPortal,COSMIC",,False,109.0,,,,neutral,neutral,neutral,UP,neutral,neutral,neutral,,,,31.59,-,-0.2148,2.4178,-20.9388,loss_of_function,-0.211943117256389,0.0829,benign,https://doi.org/10.1101/2022.10.22.513328
G316S,3.55748,3.71939,0.8084372799717368,Destabilizing,Uncertain,109.0,9.5529231945e-05,3.9796559985e-06,0.057,"cBioPortal,COSMIC",,False,109.0,,,,neutral,neutral,neutral,UP,neutral,neutral,neutral,,,,31.59,-,-0.0582,2.4178,-0.9096,loss_of_function,0.316868655188412,0.063,benign,https://doi.org/10.1101/2022.10.22.513328
M317I,-0.03784,-0.18231,-0.1116433996071092,Neutral,Neutral,98.9,,,0.071,cBioPortal,,False,98.9,,,,neutral,neutral,neutral,-,uncertain,uncertain,uncertain,,,,34.76,-,0.0848,3.4131,-4.651,gain_of_function,-0.175526957730666,0.1375,benign,https://doi.org/10.1101/2022.10.22.513328
S318F,-0.89609,0.07721,-0.4401710323380087,Neutral,Neutral,94.2,,,0.099,cBioPortal,P,False,94.2,-0.205,,,damaging,neutral,uncertain,UP,neutral,neutral,neutral,,,,31.96,-,-0.0905,2.0491,-6.6582,loss_of_function,-2.37064711663679,0.1331,benign,https://doi.org/10.1101/2022.10.22.513328
S318P,2.30151,6.4119,3.51227550242677,Uncertain,Uncertain,94.2,,,0.024,cBioPortal,P,False,94.2,-0.205,,,damaging,uncertain,uncertain,UP,neutral,neutral,neutral,,,,31.96,-,-0.1506,2.0491,-3.6582,loss_of_function,-0.840673294225845,0.0733,benign,https://doi.org/10.1101/2022.10.22.513328
V321M,-0.61935,-3.35068,0.04798303770015,Uncertain,Neutral,57.3,,1.19383028509e-05,0.01,cBioPortal,,True,57.3,,,,neutral,neutral,neutral,UP,neutral,neutral,neutral,,,,38.73,-,0.0197,3.0344,-2.4031,gain_of_function,-0.0028501813690111,0.0659,benign,https://doi.org/10.1101/2022.10.22.513328
S324P,3.69515,-0.49116,1.35216018110022,Uncertain,Uncertain,70.4,,,0.023,cBioPortal,,True,70.4,,,,uncertain,,,UP,neutral,neutral,neutral,,,,33.63,-,-0.1424,2.1077,-3.1203,loss_of_function,-0.717948317978239,0.0687,benign,https://doi.org/10.1101/2022.10.22.513328
P325A,-1.38055,-1.2585,0.2003022941132565,Neutral,Neutral,81.3,,,0.092,cBioPortal,,True,81.3,,,,neutral,neutral,neutral,DOWN,neutral,neutral,neutral,,,,37.73,-,-0.1267,1.1642,-3.8365,loss_of_function,-1.15687028887698,0.0744,benign,https://doi.org/10.1101/2022.10.22.513328
C326R,-0.84299,-0.39048,-0.8932785807173915,Neutral,Neutral,81.3,,,0.01,cBioPortal,,True,81.3,,,,neutral,neutral,neutral,UP,neutral,neutral,neutral,,,,28.34,-,-0.225,2.5767,-6.0444,loss_of_function,-0.764403195529737,0.0831,benign,https://doi.org/10.1101/2022.10.22.513328
E332D,0.54243,0.23163,-0.0742716033556017,Neutral,Neutral,111.0,,,0.059,cBioPortal,,True,111.0,,,,neutral,neutral,neutral,DOWN,neutral,neutral,neutral,,,,30.01,-,-0.0285,1.85,-5.0589,loss_of_function,-0.29966124074525,0.1069,benign,https://doi.org/10.1101/2022.10.22.513328
E334K,0.57537,0.08231,0.1975819964763492,Neutral,Neutral,104.3,,1.98911555966e-05,0.118,"cBioPortal,COSMIC",,True,104.3,,,,neutral,neutral,neutral,UP,neutral,neutral,neutral,,,,29.21,-,-0.161,1.9013,-20.9244,loss_of_function,-2.90941866011917,0.082,benign,https://doi.org/10.1101/2022.10.22.513328
A337V,0.26969,0.20544,-0.4499270804243982,Neutral,Neutral,108.3,,,0.043,"cBioPortal,COSMIC",,True,108.3,,,,neutral,neutral,neutral,UP,neutral,neutral,neutral,,,,34.86,-,-0.0257,1.9983,-2.8962,loss_of_function,-2.32788177977892,0.0882,benign,https://doi.org/10.1101/2022.10.22.513328
T338A,-0.14262,0.08878,0.1359148084600653,Neutral,Neutral,105.8,,,0.018,cBioPortal,P,True,105.8,0.345,,,damaging,neutral,potentially_damaging,DOWN,neutral,neutral,neutral,,,,44.79,-,-0.0113,2.2543,-1.8365,loss_of_function,-0.145110880426816,0.0586,benign,https://doi.org/10.1101/2022.10.22.513328
P339L,0.19378,0.31327,-0.6904674789945381,Neutral,Neutral,97.7,,,0.232,cBioPortal,,True,97.7,,,,neutral,neutral,neutral,UP,neutral,neutral,neutral,,,,61.27,-,-0.3541,0.1709,-20.9388,loss_of_function,-3.28726150102902,0.1014,benign,https://doi.org/10.1101/2022.10.22.513328
D730G,-0.08725,-0.03129,0.4414374524782632,Neutral,Neutral,128.3,,,0.224,"cBioPortal,COSMIC,clinvar",,True,128.3,,,,neutral,neutral,neutral,DOWN,neutral,neutral,stabilizing,1065477,Uncertain significance,1,47.13,S,-0.1103,1.7299,-4.5332,loss_of_function,-3.0273450658353,0.1558,benign,https://doi.org/10.1101/2022.10.22.513328
I731F,0.01525,-0.05102,0.5475231491514523,Neutral,Neutral,84.0,,,0.13,"cBioPortal,COSMIC,clinvar",,True,84.0,,,,neutral,neutral,neutral,UP,neutral,neutral,neutral,882682,Uncertain significance,1,54.72,-,-0.136,1.7508,-4.5757,loss_of_function,-2.00315804033036,0.2679,benign,https://doi.org/10.1101/2022.10.22.513328
L733M,-0.23302,0.41497,0.5539240698801223,Neutral,Neutral,92.1,,,0.147,COSMIC,,True,92.1,,,,neutral,neutral,neutral,-,uncertain,uncertain,uncertain,,,,69.78,H,-0.0188,2.1963,-3.4252,loss_of_function,-2.12215876629248,0.1,benign,https://doi.org/10.1101/2022.10.22.513328
E735Q,-0.19556,-0.31871,0.2934155062267729,Neutral,Neutral,74.4,,,0.194,"cBioPortal,COSMIC",,True,74.4,,,,neutral,neutral,neutral,UP,neutral,neutral,neutral,,,,73.84,H,-0.1194,0.9437,-5.2133,loss_of_function,-2.59237679483535,0.3221,benign,https://doi.org/10.1101/2022.10.22.513328
L736F,0.57965,0.71259,0.7649941260008691,Neutral,Neutral,62.3,,,,clinvar,,True,62.3,,,,neutral,neutral,neutral,UP,neutral,neutral,neutral,310929,Uncertain significance,1,70.66,H,-0.2299,0.5795,-8.5621,loss_of_function,-5.62446269318795,0.5179,ambiguous,https://doi.org/10.1101/2022.10.22.513328
L736V,0.78843,0.41973,0.9094950352100436,Neutral,Neutral,62.3,,,0.185,COSMIC,,True,62.3,,,,neutral,neutral,neutral,DOWN,neutral,neutral,neutral,,,,70.66,H,-0.1966,0.5795,-6.5622,loss_of_function,-3.69259610381456,0.2243,benign,https://doi.org/10.1101/2022.10.22.513328
E737K,-0.11666,-0.61735,0.0611765856187157,Neutral,Neutral,88.1,,,0.14,cBioPortal,,False,88.1,,,,neutral,neutral,neutral,UP,neutral,neutral,neutral,,,,76.26,H,-0.0511,2.141,-3.7081,loss_of_function,-2.63613509259805,0.1498,benign,https://doi.org/10.1101/2022.10.22.513328
T738A,-0.08574,0.18741,0.0135956174623524,Neutral,Neutral,76.9,,3.9796243235e-06,0.065,"cBioPortal,COSMIC",,False,76.9,,,,uncertain,,,DOWN,neutral,neutral,neutral,,,,83.36,H,0.0668,3.1312,-2.3604,gain_of_function,-0.298247477635482,0.0849,benign,https://doi.org/10.1101/2022.10.22.513328
E740K,-0.34666,-0.5619,0.0720915157353646,Neutral,Neutral,87.7,,,0.297,cBioPortal,,False,87.7,,,,neutral,neutral,neutral,UP,neutral,neutral,neutral,,,,81.72,H,-0.1117,1.5467,-4.8694,loss_of_function,-3.54784521782598,0.4565,ambiguous,https://doi.org/10.1101/2022.10.22.513328
E740Q,0.08854,-0.01565,0.3436658436203393,Neutral,Neutral,87.7,,,0.209,"cBioPortal,clinvar",,False,87.7,,,,neutral,neutral,neutral,UP,neutral,neutral,neutral,2429494,Uncertain significance,1,81.72,H,-0.0558,1.5467,-3.6157,loss_of_function,-2.36072973467871,0.316,benign,https://doi.org/10.1101/2022.10.22.513328
A745T,0.643,0.19048,-0.0226822211923882,Neutral,Neutral,79.8,,,0.082,cBioPortal,,False,79.8,,,,neutral,neutral,neutral,UP,neutral,neutral,neutral,,,,89.25,H,0.0542,2.9128,-3.1368,gain_of_function,-0.219851396368545,0.0707,benign,https://doi.org/10.1101/2022.10.22.513328
A745V,0.4237,0.10952,-0.2618920583512174,Neutral,Neutral,79.8,,,0.012,"cBioPortal,COSMIC",,False,79.8,,,,neutral,neutral,neutral,UP,neutral,neutral,neutral,,,,89.25,H,0.0601,2.9128,-2.5738,gain_of_function,-0.446369330536996,0.0864,benign,https://doi.org/10.1101/2022.10.22.513328
Q746L,-0.27146,-0.21224,-0.7929309281926467,Neutral,Neutral,70.6,,,0.275,cBioPortal,,False,70.6,,,,neutral,neutral,neutral,UP,neutral,neutral,neutral,,,,87.29,H,-0.1696,1.601,-21.8651,loss_of_function,-4.19542383309825,0.2008,benign,https://doi.org/10.1101/2022.10.22.513328
Q747H,0.62466,0.23435,-0.494557265569186,Neutral,Neutral,88.4,,,0.178,cBioPortal,,False,88.4,,,,neutral,neutral,neutral,UP,neutral,neutral,neutral,,,,88.28,H,-0.0726,1.5961,-6.263,loss_of_function,-4.08449303267377,0.752,pathogenic,https://doi.org/10.1101/2022.10.22.513328
Q747K,-0.1137,0.09048,-0.2435512841291565,Neutral,Neutral,88.4,,,0.177,"cBioPortal,COSMIC",,False,88.4,,,,neutral,neutral,neutral,UP,neutral,neutral,neutral,,,,88.28,H,-0.1084,1.5961,-7.0,loss_of_function,-3.4886735371283,0.2426,benign,https://doi.org/10.1101/2022.10.22.513328
N748I,0.03425,-0.25646,-0.6826106338502408,Neutral,Neutral,75.5,,,0.07,cBioPortal,,False,75.5,,,,neutral,neutral,neutral,UP,neutral,neutral,neutral,,,,88.14,H,-0.0472,2.7625,-7.0037,loss_of_function,-1.62294403977204,0.161,benign,https://doi.org/10.1101/2022.10.22.513328
K751Q,0.14518,0.20884,0.3199853273183994,Neutral,Neutral,75.2,,,0.022,"cBioPortal,COSMIC",,False,75.2,,,,neutral,neutral,neutral,DOWN,neutral,neutral,neutral,,,,86.62,H,0.0433,2.8513,-2.1271,gain_of_function,-0.865380337590012,0.0921,benign,https://doi.org/10.1101/2022.10.22.513328
Q753E,0.22853,0.22279,-0.0087449795928945,Neutral,Neutral,70.2,,,0.245,"cBioPortal,COSMIC",,False,70.2,,,,neutral,neutral,neutral,DOWN,neutral,neutral,neutral,,,,87.24,H,-0.0717,1.4129,-1.9965,loss_of_function,-0.0740577579912923,0.0902,benign,https://doi.org/10.1101/2022.10.22.513328
Q753K,0.05135,0.02857,-0.0419792661766482,Neutral,Neutral,70.2,,,0.306,COSMIC,,False,70.2,,,,neutral,neutral,neutral,UP,neutral,neutral,neutral,,,,87.24,H,-0.1237,1.4129,-6.6969,loss_of_function,-1.60185466984985,0.1124,benign,https://doi.org/10.1101/2022.10.22.513328
K754I,-0.06258,-0.10272,-0.2669142167642191,Neutral,Neutral,70.1,,,0.333,"cBioPortal,COSMIC",,False,70.1,,,,neutral,neutral,neutral,-,uncertain,uncertain,uncertain,,,,85.42,H,-0.1177,1.7252,-5.697,loss_of_function,-3.13750552074197,0.4619,ambiguous,https://doi.org/10.1101/2022.10.22.513328
Q755E,0.18853,-0.51361,-0.205515004275878,Neutral,Neutral,60.8,,,0.157,"cBioPortal,COSMIC",,False,60.8,,,,neutral,neutral,neutral,DOWN,neutral,neutral,neutral,,,,83.05,H,-0.0445,2.0246,-7.7038,loss_of_function,-0.407887859307948,0.1018,benign,https://doi.org/10.1101/2022.10.22.513328
Q756H,0.97663,0.1585,-0.4696993546432776,Neutral,Neutral,60.0,,,,clinvar,,False,60.0,,,,neutral,neutral,neutral,UP,neutral,neutral,destabilizing,310930,Uncertain significance,1,83.7,H,-0.087,1.575,-8.7072,loss_of_function,-4.62917093683581,0.4074,ambiguous,https://doi.org/10.1101/2022.10.22.513328
Q757P,3.20742,8.5398,6.153088487880428,Destabilizing,Destabilizing,70.6,,,0.474,cBioPortal,,False,70.6,,,,neutral,neutral,neutral,DOWN,neutral,neutral,neutral,,,,84.28,H,-0.3543,1.2816,-21.9951,loss_of_function,-5.60299431336809,0.9421,pathogenic,https://doi.org/10.1101/2022.10.22.513328
R759L,0.65065,-0.12653,-0.0672000382350246,Neutral,Neutral,73.0,,,0.559,"cBioPortal,COSMIC",,True,73.0,,,,neutral,neutral,neutral,DOWN,neutral,neutral,neutral,,,,78.57,H,-0.3906,0.2228,-21.9951,loss_of_function,-6.00478682475193,0.6805,pathogenic,https://doi.org/10.1101/2022.10.22.513328
R759W,1.16479,-0.29218,0.0277769215682088,Neutral,Neutral,73.0,9.55596610817e-05,2.38635007756e-05,0.461,"cBioPortal,COSMIC",,True,73.0,,,,neutral,neutral,neutral,UP,neutral,neutral,mixed_effects,,,,78.57,H,-0.4059,0.2228,-21.9951,loss_of_function,-6.00478682475193,0.5069,ambiguous,https://doi.org/10.1101/2022.10.22.513328
A761T,0.49681,0.09354,-0.0978269645155988,Neutral,Neutral,89.5,0.0009236257086439,0.0004454661883208,0.226,"cBioPortal,COSMIC,clinvar",,True,89.5,,,,neutral,neutral,neutral,UP,neutral,neutral,mixed_effects,134160,Uncertain significance,2,78.97,H,-0.1509,0.8485,-6.1189,loss_of_function,-3.00774784218202,0.3383,benign,https://doi.org/10.1101/2022.10.22.513328
A761V,0.39386,0.42721,-0.3155414082515412,Neutral,Neutral,89.5,6.36983247341e-05,1.19320351279e-05,0.19,"cBioPortal,COSMIC,clinvar",,True,89.5,,,,neutral,neutral,neutral,UP,neutral,neutral,mixed_effects,1319544,Uncertain significance,1,78.97,H,-0.2289,0.8485,-21.9916,loss_of_function,-5.38427158142443,0.512,ambiguous,https://doi.org/10.1101/2022.10.22.513328
T765I,0.34114,0.77993,0.5175333638703613,Neutral,Neutral,71.0,,,0.53,cBioPortal,,True,71.0,,,,uncertain,,,UP,neutral,neutral,destabilizing,,,,85.69,-,-0.2717,0.8232,-21.9916,loss_of_function,-5.61204108488177,0.9498,pathogenic,https://doi.org/10.1101/2022.10.22.513328
G766R,0.08932,-0.50646,-0.7699311169574147,Neutral,Neutral,106.7,,,,clinvar,,False,106.7,,,,neutral,neutral,neutral,UP,neutral,neutral,destabilizing,1049793,Uncertain significance,2,84.66,H,-0.2125,1.8856,-7.7038,loss_of_function,-4.60190180597681,0.5407,ambiguous,https://doi.org/10.1101/2022.10.22.513328
F769L,-0.24782,-0.56701,-0.0356789123232215,Neutral,Neutral,74.3,,,0.186,"cBioPortal,COSMIC",,False,74.3,,,,neutral,neutral,neutral,DOWN,neutral,neutral,neutral,,,,90.07,H,-0.0381,2.5878,-6.7347,loss_of_function,-4.12396214131515,0.9101,pathogenic,https://doi.org/10.1101/2022.10.22.513328
S772I,0.00774,-1.9119,-0.8352252356534612,Neutral,Neutral,74.3,,,,clinvar,,False,74.3,,,,uncertain,,,UP,neutral,neutral,destabilizing,1319543,Uncertain significance,1,92.92,H,-0.1564,1.4267,-7.738,loss_of_function,-4.7064294406605,0.7314,pathogenic,https://doi.org/10.1101/2022.10.22.513328
L775I,1.19148,1.72993,1.1519198331077551,Neutral,Neutral,35.1,,,0.249,cBioPortal,,False,35.1,,,,neutral,neutral,neutral,-,uncertain,uncertain,uncertain,,,,93.56,H,-0.2793,0.1437,-22.0224,loss_of_function,-3.65219657548794,0.5153,ambiguous,https://doi.org/10.1101/2022.10.22.513328
L775V,2.58736,2.21667,1.3495833656793017,Uncertain,Uncertain,35.1,,,,clinvar,,False,35.1,,,,neutral,neutral,neutral,DOWN,neutral,neutral,neutral,1809823,Uncertain significance,1,93.56,H,-0.3156,0.1437,-22.0224,loss_of_function,-3.65219657548794,0.6173,pathogenic,https://doi.org/10.1101/2022.10.22.513328
L776M,-0.12547,-0.12211,0.7544203794109211,Neutral,Neutral,43.3,,,0.374,"cBioPortal,COSMIC",,False,43.3,,,,neutral,neutral,neutral,-,uncertain,uncertain,uncertain,,,,94.23,H,-0.3023,0.1466,-22.0224,loss_of_function,-3.66249449447316,0.7828,pathogenic,https://doi.org/10.1101/2022.10.22.513328
R777C,1.36421,0.35646,1.5505995534155133,Neutral,Neutral,57.8,6.3682098962e-05,2.39754491401e-05,0.464,"cBioPortal,clinvar",,False,57.8,,,,neutral,neutral,neutral,DOWN,neutral,neutral,neutral,1692183,Uncertain significance,1,94.52,H,-0.2456,1.133,-8.7346,loss_of_function,-2.87904721227314,0.1583,benign,https://doi.org/10.1101/2022.10.22.513328
R777G,1.77594,1.05034,1.7323080835367946,Neutral,Neutral,57.8,,,0.494,cBioPortal,,False,57.8,,,,neutral,neutral,neutral,DOWN,neutral,neutral,neutral,,,,94.52,H,-0.2619,1.133,-6.7347,loss_of_function,-4.18479283540375,0.4218,ambiguous,https://doi.org/10.1101/2022.10.22.513328
R777H,1.2162,-0.13707,0.5007435841294968,Neutral,Neutral,57.8,,,0.553,"cBioPortal,COSMIC",,False,57.8,,,,neutral,neutral,neutral,DOWN,neutral,neutral,neutral,,,,94.52,H,-0.1963,1.133,-6.7347,loss_of_function,-4.15616991550913,0.1132,benign,https://doi.org/10.1101/2022.10.22.513328
F779L,0.12771,0.87755,0.8538612738796897,Neutral,Neutral,31.8,,,0.457,cBioPortal,,False,31.8,,,,neutral,neutral,neutral,DOWN,neutral,neutral,neutral,,,,92.21,T,-0.2773,0.0433,-7.7279,loss_of_function,-5.45572664778577,0.9906,pathogenic,https://doi.org/10.1101/2022.10.22.513328
G780D,10.22944,3.30408,2.554400776343687,Destabilizing,Uncertain,35.7,,,0.842,cBioPortal,,False,35.7,,,,neutral,neutral,neutral,UP,neutral,neutral,neutral,,,,91.54,T,-0.4428,0.0001,-22.0156,loss_of_function,-6.12524066212067,0.9913,pathogenic,https://doi.org/10.1101/2022.10.22.513328
I781V,0.80953,0.64864,0.5951894860433434,Neutral,Neutral,52.5,,1.19607686787e-05,0.085,cBioPortal,,False,52.5,,,,neutral,neutral,neutral,DOWN,neutral,neutral,neutral,,,,93.91,-,-0.0607,1.1615,-1.8487,loss_of_function,-0.0669945178277677,0.0949,benign,https://doi.org/10.1101/2022.10.22.513328
P782L,1.87403,0.65306,-0.6001885465261186,Neutral,Neutral,21.6,,,0.828,"cBioPortal,COSMIC",,False,21.6,,,,neutral,neutral,neutral,UP,neutral,neutral,neutral,,,,94.64,-,-0.2984,0.0433,-7.7313,loss_of_function,-6.12576497510387,0.9701,pathogenic,https://doi.org/10.1101/2022.10.22.513328
P782S,1.60258,2.09932,0.3445577302071589,Uncertain,Neutral,21.6,3.18451054073e-05,,0.666,"cBioPortal,COSMIC",,False,21.6,,,,neutral,neutral,neutral,DOWN,neutral,neutral,neutral,,,,94.64,-,-0.3223,0.0433,-22.019,loss_of_function,-6.12576497510387,0.9757,pathogenic,https://doi.org/10.1101/2022.10.22.513328
Y783C,1.83912,2.28265,3.250385279613996,Uncertain,Uncertain,37.2,,,0.655,cBioPortal,,True,37.2,,,,uncertain,,,DOWN,neutral,neutral,destabilizing,,,,94.71,E,-0.3579,0.6918,-22.019,loss_of_function,-5.43499848858277,0.4618,ambiguous,https://doi.org/10.1101/2022.10.22.513328
Q785R,0.20875,1.07823,-0.205221390753168,Neutral,Neutral,93.5,,,0.131,cBioPortal,,True,93.5,,,,neutral,neutral,neutral,UP,neutral,neutral,neutral,,,,93.46,E,-0.0601,2.2018,-8.7346,loss_of_function,-3.50779174704541,0.147,benign,https://doi.org/10.1101/2022.10.22.513328
A786G,1.23018,1.82449,1.2161043947425298,Neutral,Neutral,8.0,,3.9851433855e-06,0.826,"cBioPortal,COSMIC",,True,8.0,,,,neutral,neutral,neutral,DOWN,neutral,neutral,neutral,,,,93.05,-,-0.2116,0.5265,-7.7346,loss_of_function,-5.96393793478764,0.7032,pathogenic,https://doi.org/10.1101/2022.10.22.513328
A786S,1.49273,2.12653,0.4567911531697566,Uncertain,Neutral,8.0,,,0.795,cBioPortal,,True,8.0,,,,neutral,neutral,neutral,-,uncertain,uncertain,uncertain,,,,93.05,-,-0.161,0.5265,-3.4493,loss_of_function,-2.70414750186005,0.2312,benign,https://doi.org/10.1101/2022.10.22.513328
M788I,0.81191,-0.83912,-0.1386269655511429,Neutral,Neutral,68.7,,,0.627,"cBioPortal,COSMIC",,False,68.7,,,,neutral,neutral,neutral,-,uncertain,uncertain,uncertain,,,,90.03,S,-0.2556,0.6767,-22.0258,loss_of_function,-3.22958582328692,0.9443,pathogenic,https://doi.org/10.1101/2022.10.22.513328
E789K,0.69172,-0.22823,0.2630179669712401,Neutral,Neutral,48.9,,,0.898,cBioPortal,,False,48.9,,,,neutral,neutral,neutral,UP,neutral,neutral,destabilizing,,,,91.25,-,-0.3416,0.0001,-22.0258,loss_of_function,-6.18663027039946,0.9833,pathogenic,https://doi.org/10.1101/2022.10.22.513328
A790V,0.32978,-0.26633,0.0442024598682128,Neutral,Neutral,90.1,,,0.84,COSMIC,,False,90.1,,,,neutral,neutral,neutral,UP,neutral,neutral,neutral,,,,93.08,H,-0.3072,0.0001,-22.0258,loss_of_function,-6.18663027039946,0.9776,pathogenic,https://doi.org/10.1101/2022.10.22.513328
E791G,0.76745,2.38265,1.7498742295692975,Uncertain,Neutral,22.7,,,0.809,COSMIC,,False,22.7,,,,neutral,neutral,neutral,DOWN,neutral,neutral,neutral,,,,92.94,H,-0.3453,0.0001,-22.0258,loss_of_function,-6.18663027039946,0.9698,pathogenic,https://doi.org/10.1101/2022.10.22.513328
A792P,2.43644,7.31429,7.781156853880155,Uncertain,Uncertain,0.8,,,0.845,cBioPortal,,False,0.8,,,,neutral,neutral,neutral,UP,neutral,neutral,neutral,,,,93.73,H,-0.4554,0.0605,-22.0258,loss_of_function,-6.18663027039946,0.9921,pathogenic,https://doi.org/10.1101/2022.10.22.513328
A792V,3.46765,4.37449,0.9084522216190328,Destabilizing,Uncertain,0.8,3.1847133758e-05,2.38764156725e-05,0.801,"cBioPortal,clinvar",,False,0.8,,,,neutral,neutral,neutral,UP,neutral,neutral,neutral,16567,Uncertain significance,1,93.73,H,-0.3016,0.0605,-22.0258,loss_of_function,-6.18663027039946,0.922,pathogenic,https://doi.org/10.1101/2022.10.22.513328
A795T,2.22264,2.40986,2.156173341678127,Uncertain,Uncertain,1.3,3.1843077315e-05,2.78513850096e-05,0.802,"cBioPortal,clinvar",,True,1.3,,,,neutral,neutral,neutral,UP,neutral,neutral,neutral,883461,Uncertain significance,2,94.91,H,-0.308,0.0239,-22.0258,loss_of_function,-3.71913304889185,0.835,pathogenic,https://doi.org/10.1101/2022.10.22.513328
A795V,3.12304,1.61429,1.7094278484368304,Uncertain,Uncertain,1.3,,,0.751,cBioPortal,,True,1.3,,,,neutral,neutral,neutral,UP,neutral,neutral,neutral,,,,94.91,H,-0.305,0.0239,-22.0258,loss_of_function,-6.18663027039946,0.8972,pathogenic,https://doi.org/10.1101/2022.10.22.513328
D798N,0.71521,1.47517,0.4489182304224065,Neutral,Neutral,0.5,,7.9559558285e-06,0.303,cBioPortal,,True,0.5,,,,neutral,neutral,neutral,-,uncertain,uncertain,uncertain,,,,93.91,H,-0.106,1.2302,-3.3839,loss_of_function,-2.68561216396122,0.7948,pathogenic,https://doi.org/10.1101/2022.10.22.513328
D798Y,17.1148,4.46565,0.3899148609183184,Destabilizing,Uncertain,0.5,,,,clinvar,,True,0.5,,,,neutral,neutral,neutral,UP,neutral,neutral,neutral,1252023,Uncertain significance,1,93.91,H,-0.2794,1.2302,-22.0292,loss_of_function,-5.30615637326427,0.9738,pathogenic,https://doi.org/10.1101/2022.10.22.513328
L799M,-0.07218,0.46122,0.9770497110891796,Neutral,Neutral,36.1,,,0.2,cBioPortal,,True,36.1,,,,neutral,neutral,neutral,-,uncertain,uncertain,uncertain,,,,93.02,H,-0.0059,2.4887,-6.1565,loss_of_function,-2.38571220950438,0.1214,benign,https://doi.org/10.1101/2022.10.22.513328
D801Y,-0.22014,0.22823,0.0380035199469225,Neutral,Neutral,81.7,,,0.54,"cBioPortal,COSMIC",,True,81.7,,,,neutral,neutral,neutral,UP,neutral,neutral,neutral,,,,91.14,T,-0.2225,1.8486,-22.0258,loss_of_function,-4.92946792927082,0.6942,pathogenic,https://doi.org/10.1101/2022.10.22.513328
Q802L,-1.43507,0.37823,-0.3002082835382003,Neutral,Neutral,15.9,,,0.288,cBioPortal,,False,15.9,,,,neutral,neutral,neutral,UP,neutral,neutral,neutral,,,,90.87,S,-0.0812,1.4514,-1.8379,loss_of_function,-2.69444668412048,0.3407,ambiguous,https://doi.org/10.1101/2022.10.22.513328
T803A,0.39448,0.69286,0.8655354332434811,Neutral,Neutral,43.2,,,0.506,"COSMIC,clinvar",,False,43.2,,,,uncertain,,,DOWN,neutral,neutral,neutral,1692184,Uncertain significance,1,93.01,S,-0.2019,0.566,-8.7447,loss_of_function,-3.67714922533673,0.6702,pathogenic,https://doi.org/10.1101/2022.10.22.513328
S804Y,-0.45535,-0.18197,0.2414735545421736,Neutral,Neutral,110.1,,,0.399,cBioPortal,,True,110.1,,,,uncertain,,,UP,neutral,neutral,neutral,,,,91.68,S,-0.0915,2.2057,-8.7447,loss_of_function,-3.10571342236003,0.3099,benign,https://doi.org/10.1101/2022.10.22.513328
G805R,14.61762,7.65918,4.205296702221862,Destabilizing,Destabilizing,0.0,,1.19323198816e-05,0.863,"cBioPortal,clinvar",,True,0.0,,,,neutral,neutral,neutral,UP,neutral,neutral,neutral,932539,Conflicting interpretations of pathogenicity,1,92.9,-,-0.4591,0.0001,-22.0326,loss_of_function,-6.18663027039946,0.9938,pathogenic,https://doi.org/10.1101/2022.10.22.513328
T806N,-0.14282,1.62551,0.6522785000991937,Neutral,Neutral,12.3,,,0.509,COSMIC,,True,12.3,,,,uncertain,,,-,uncertain,uncertain,uncertain,,,,95.13,E,-0.3044,0.7932,-22.0326,loss_of_function,-6.04728209826988,0.9376,pathogenic,https://doi.org/10.1101/2022.10.22.513328
D809Y,1.03076,2.2085,0.5001998403774255,Uncertain,Neutral,74.6,,,0.792,cBioPortal,,True,74.6,,,,neutral,neutral,neutral,UP,neutral,neutral,destabilizing,,,,90.17,S,-0.3807,0.13,-22.0326,loss_of_function,-6.07989607404113,0.9732,pathogenic,https://doi.org/10.1101/2022.10.22.513328
S811G,-0.09297,0.86939,0.5436036076538919,Neutral,Neutral,86.7,,,0.753,"cBioPortal,clinvar",,False,86.7,,,,uncertain,,,DOWN,neutral,neutral,neutral,2130019,Uncertain significance,1,91.78,S,-0.2025,0.1434,-7.738,loss_of_function,-6.18663027039946,0.7043,pathogenic,https://doi.org/10.1101/2022.10.22.513328
S811N,-0.1571,-0.65442,-0.238152994574301,Neutral,Neutral,86.7,,,0.624,cBioPortal,,False,86.7,,,,uncertain,,,UP,neutral,neutral,destabilizing,,,,91.78,S,-0.2207,0.1434,-8.738,loss_of_function,-6.18663027039946,0.9648,pathogenic,https://doi.org/10.1101/2022.10.22.513328
D812N,-1.88487,0.39966,0.1104593911353918,Neutral,Neutral,19.8,,,0.846,cBioPortal,,False,19.8,,,,neutral,neutral,neutral,-,uncertain,uncertain,uncertain,,,,91.9,T,-0.3143,0.0001,-22.0258,loss_of_function,-3.71913304889185,0.9641,pathogenic,https://doi.org/10.1101/2022.10.22.513328
I813T,2.45411,2.03435,1.601836045996119,Uncertain,Uncertain,0.0,,,0.614,cBioPortal,,False,0.0,,,,neutral,neutral,neutral,DOWN,neutral,neutral,neutral,,,,94.18,H,-0.1781,1.2744,-4.9307,loss_of_function,-5.18868457011775,0.7924,pathogenic,https://doi.org/10.1101/2022.10.22.513328
I813V,0.8259,0.20884,0.3195998142018968,Neutral,Neutral,0.0,,,,clinvar,,False,0.0,,,,neutral,neutral,neutral,DOWN,neutral,neutral,neutral,1327108,Uncertain significance,1,94.18,H,-0.0493,1.2744,-1.6506,loss_of_function,-1.1417047151933,0.1039,benign,https://doi.org/10.1101/2022.10.22.513328
F816L,1.46497,1.87041,1.977410784191438,Neutral,Neutral,1.1,,,0.811,cBioPortal,,False,1.1,,,,neutral,neutral,neutral,DOWN,neutral,neutral,neutral,,,,94.51,H,-0.3543,0.0001,-22.0292,loss_of_function,-6.18663027039946,0.9985,pathogenic,https://doi.org/10.1101/2022.10.22.513328
A818T,0.24229,1.51497,1.1601728203707833,Neutral,Neutral,0.0,,,0.557,cBioPortal,,False,0.0,,,,neutral,neutral,neutral,UP,neutral,neutral,neutral,,,,94.12,-,-0.2109,1.0797,-22.0359,loss_of_function,-3.05452120053823,0.8018,pathogenic,https://doi.org/10.1101/2022.10.22.513328
A818V,-1.01301,-0.26565,0.4352910380693015,Neutral,Neutral,0.0,,4.37577570569e-05,0.599,"cBioPortal,COSMIC,clinvar",,False,0.0,,,,neutral,neutral,neutral,UP,neutral,neutral,neutral,996657,Pathogenic/Likely pathogenic,2,94.12,-,-0.2079,1.0797,-22.0359,loss_of_function,-4.96157075256217,0.9193,pathogenic,https://doi.org/10.1101/2022.10.22.513328
R819L,1.12524,-0.38776,-0.1379036869464267,Neutral,Neutral,47.8,,,0.668,"cBioPortal,COSMIC",,False,47.8,,,,neutral,neutral,neutral,DOWN,neutral,neutral,neutral,,,,93.47,S,-0.2064,1.4344,-7.7481,loss_of_function,-5.61160782158513,0.8636,pathogenic,https://doi.org/10.1101/2022.10.22.513328
R819W,2.75776,0.42653,0.0040346693949283,Uncertain,Uncertain,47.8,3.18451054073e-05,2.38678674856e-05,0.582,"cBioPortal,COSMIC,clinvar",,False,47.8,,,,neutral,neutral,neutral,UP,neutral,neutral,neutral,883462,Uncertain significance,2,93.47,S,-0.2946,1.4344,-22.0359,loss_of_function,-4.94571736857841,0.7387,pathogenic,https://doi.org/10.1101/2022.10.22.513328
H820R,0.6337,-0.10918,0.6570607741128894,Neutral,Neutral,21.3,,,0.457,"cBioPortal,COSMIC",,False,21.3,,,,neutral,neutral,neutral,UP,neutral,neutral,neutral,,,,94.49,E,-0.0538,1.9564,-2.7258,loss_of_function,-3.3705507587846,0.459,ambiguous,https://doi.org/10.1101/2022.10.22.513328
H820Y,-0.43302,-0.09014,0.2617212902197635,Neutral,Neutral,21.3,,,,clinvar,,False,21.3,,,,neutral,neutral,neutral,UP,neutral,neutral,neutral,134161,not provided,0,94.49,E,-0.0149,1.9564,-7.7481,loss_of_function,-2.78431646399577,0.3489,ambiguous,https://doi.org/10.1101/2022.10.22.513328
R823I,0.3867,0.94524,0.6565449999347039,Neutral,Neutral,47.9,,,0.451,cBioPortal,,False,47.9,,,,neutral,neutral,neutral,DOWN,neutral,neutral,neutral,,,,90.81,E,-0.4057,0.3537,-22.0326,loss_of_function,-5.41511333252536,0.8362,pathogenic,https://doi.org/10.1101/2022.10.22.513328
R823T,1.38162,1.09728,1.7329159414358812,Neutral,Neutral,47.9,,,0.263,cBioPortal,,False,47.9,,,,neutral,neutral,neutral,DOWN,neutral,neutral,neutral,,,,90.81,E,-0.3812,0.3537,-22.0326,loss_of_function,-5.41511333252536,0.8098,pathogenic,https://doi.org/10.1101/2022.10.22.513328
F826L,0.54282,0.99354,0.0503242645434787,Neutral,Neutral,84.7,0.0001591951095262,5.18031480375e-05,0.516,"cBioPortal,COSMIC",,False,84.7,,,,neutral,neutral,neutral,DOWN,neutral,neutral,neutral,,,,81.43,T,-0.3503,0.0429,-22.0326,loss_of_function,-6.18663027039946,0.9908,pathogenic,https://doi.org/10.1101/2022.10.22.513328
N827Y,0.10406,1.11769,-0.0499414186922109,Neutral,Neutral,57.6,,,0.655,cBioPortal,,False,57.6,,,,neutral,neutral,neutral,UP,neutral,neutral,destabilizing,,,,80.43,S,-0.2092,1.7315,-22.0326,loss_of_function,-4.68165204764436,0.2908,benign,https://doi.org/10.1101/2022.10.22.513328
K828N,0.20223,0.49966,0.0033812019333812,Neutral,Neutral,108.8,,,0.304,"cBioPortal,COSMIC",,False,108.8,,,,neutral,neutral,neutral,DOWN,neutral,neutral,stabilizing,,,,75.83,S,-0.0888,1.7904,-5.1565,loss_of_function,-2.59014686170251,0.5172,ambiguous,https://doi.org/10.1101/2022.10.22.513328
N829S,-0.33469,0.49388,0.3574394663875668,Neutral,Neutral,71.0,,2.39475070645e-05,0.253,"cBioPortal,clinvar",,False,71.0,,,,neutral,neutral,neutral,DOWN,neutral,neutral,neutral,807039,Uncertain significance,1,77.25,S,-0.0606,1.609,-4.5749,loss_of_function,-3.35216353850422,0.1259,benign,https://doi.org/10.1101/2022.10.22.513328
K830N,0.08966,0.08707,0.010328625794948,Neutral,Neutral,96.8,,,0.529,"cBioPortal,COSMIC",,False,96.8,,,,neutral,neutral,neutral,DOWN,neutral,neutral,stabilizing,,,,79.2,S,-0.3111,0.3105,-22.0326,loss_of_function,-5.65220527673178,0.7455,pathogenic,https://doi.org/10.1101/2022.10.22.513328
F831L,0.03494,0.40272,-0.0786444164913796,Neutral,Neutral,98.5,,,0.29,cBioPortal,,False,98.5,,,,neutral,neutral,neutral,DOWN,neutral,neutral,mixed_effects,,,,85.22,S,-0.0698,2.1003,-4.1632,loss_of_function,-3.23096899320536,0.7336,pathogenic,https://doi.org/10.1101/2022.10.22.513328
V832E,0.78376,2.67585,2.3196066394326134,Uncertain,Uncertain,32.6,,0.0,0.893,"cBioPortal,COSMIC",,False,32.6,,,,neutral,neutral,neutral,-,uncertain,uncertain,uncertain,,,,89.15,E,-0.4246,0.5353,-22.0359,loss_of_function,-5.73533286943513,0.9779,pathogenic,https://doi.org/10.1101/2022.10.22.513328
E833G,2.69423,2.1102,1.568653412365376,Uncertain,Uncertain,42.1,,,0.863,COSMIC,,True,42.1,,,,neutral,neutral,neutral,DOWN,neutral,neutral,neutral,,,,91.14,E,-0.2521,1.0129,-22.0292,loss_of_function,-5.36539788937952,0.5639,ambiguous,https://doi.org/10.1101/2022.10.22.513328
E833K,0.935,0.97755,0.6691416490676813,Neutral,Neutral,42.1,,,0.634,cBioPortal,,True,42.1,,,,neutral,neutral,neutral,UP,neutral,neutral,stabilizing,,,,91.14,E,-0.1725,1.0129,-7.1565,loss_of_function,-2.826922176653,0.4285,ambiguous,https://doi.org/10.1101/2022.10.22.513328
E833Q,1.41188,0.48912,0.58792355980217,Neutral,Neutral,42.1,,,0.42,cBioPortal,,True,42.1,,,,neutral,neutral,neutral,UP,neutral,neutral,stabilizing,,,,91.14,E,-0.123,1.0129,-7.1565,loss_of_function,-2.88826926876024,0.2298,benign,https://doi.org/10.1101/2022.10.22.513328
Y834H,1.0637,1.06327,1.2068554840494254,Neutral,Neutral,45.6,,,0.397,cBioPortal,,True,45.6,,,,uncertain,,,DOWN,neutral,neutral,neutral,,,,93.17,E,-0.0322,2.497,-3.069,loss_of_function,-1.4254675881763,0.4771,ambiguous,https://doi.org/10.1101/2022.10.22.513328
Y835C,2.12684,2.36361,1.7347142112358382,Uncertain,Uncertain,50.0,,,0.864,COSMIC,,True,50.0,,,,uncertain,,,DOWN,neutral,neutral,neutral,,,,93.59,E,-0.3516,0.7606,-22.0292,loss_of_function,-5.59498021898106,0.7407,pathogenic,https://doi.org/10.1101/2022.10.22.513328
Y837C,1.8848,3.39524,2.9518823671067778,Uncertain,Uncertain,27.2,,,0.616,cBioPortal,,True,27.2,,,,uncertain,,,DOWN,neutral,neutral,neutral,,,,93.04,H,-0.1245,2.3359,-5.9307,loss_of_function,-2.59375827367683,0.2496,benign,https://doi.org/10.1101/2022.10.22.513328
V838M,-1.36246,0.07857,0.0364591050381524,Neutral,Neutral,72.4,3.1841049481e-05,,0.236,"cBioPortal,COSMIC",,True,72.4,,,,neutral,neutral,neutral,UP,neutral,neutral,neutral,,,,91.55,H,-0.1076,2.7385,-22.0258,loss_of_function,-2.46239085888825,0.1605,benign,https://doi.org/10.1101/2022.10.22.513328
F840C,3.49136,2.88469,2.8402123305741487,Uncertain,Uncertain,18.5,,,0.734,cBioPortal,,True,18.5,,,,neutral,neutral,neutral,DOWN,neutral,neutral,neutral,,,,90.43,H,-0.2513,1.7938,-22.0258,loss_of_function,-4.7651691860546,0.5646,pathogenic,https://doi.org/10.1101/2022.10.22.513328
H841D,0.5073,2.71463,1.524158945595817,Uncertain,Neutral,46.5,,,0.348,cBioPortal,,False,46.5,,,,neutral,neutral,neutral,DOWN,neutral,neutral,neutral,,,,90.38,H,-0.05,2.3201,-6.4128,loss_of_function,-2.7026765647107,0.3832,ambiguous,https://doi.org/10.1101/2022.10.22.513328
N842S,0.09466,0.73435,0.4066887873431551,Neutral,Neutral,77.4,,,0.105,cBioPortal,,False,77.4,,,,neutral,neutral,neutral,DOWN,neutral,neutral,neutral,,,,89.04,H,-0.0071,2.144,-3.7381,loss_of_function,-1.27448821311033,0.0788,benign,https://doi.org/10.1101/2022.10.22.513328
Q843E,0.58458,0.94932,0.2893427445948227,Neutral,Neutral,55.3,,,0.169,"cBioPortal,COSMIC",,False,55.3,,,,neutral,neutral,neutral,DOWN,neutral,neutral,neutral,,,,85.94,H,0.0008,2.265,-3.1531,gain_of_function,-0.971138497427029,0.1221,benign,https://doi.org/10.1101/2022.10.22.513328
Q843H,0.39549,1.39082,0.0556168577620419,Neutral,Neutral,55.3,,,0.404,cBioPortal,,False,55.3,,,,neutral,neutral,neutral,UP,neutral,neutral,neutral,,,,85.94,H,0.0011,2.265,-3.8801,gain_of_function,-2.68752822653119,0.331,benign,https://doi.org/10.1101/2022.10.22.513328
Q843R,-0.19322,0.22959,-0.3214787465309388,Neutral,Neutral,55.3,,,0.385,"cBioPortal,COSMIC",,False,55.3,,,,neutral,neutral,neutral,UP,neutral,neutral,neutral,,,,85.94,H,-0.1221,2.265,-22.0258,loss_of_function,-3.69032390108586,0.1533,benign,https://doi.org/10.1101/2022.10.22.513328
G845R,7.51128,5.60034,5.489030185421512,Destabilizing,Destabilizing,2.8,,,0.494,cBioPortal,,False,2.8,,,,neutral,neutral,neutral,UP,neutral,neutral,neutral,,,,85.17,-,-0.2097,1.8631,-6.7448,loss_of_function,-3.46212173497059,0.7363,pathogenic,https://doi.org/10.1101/2022.10.22.513328
R848Q,1.01012,0.88197,0.9260334533275556,Neutral,Neutral,27.8,6.373486297e-05,1.19388729704e-05,0.625,"cBioPortal,COSMIC",,False,27.8,,,,neutral,neutral,neutral,DOWN,neutral,neutral,neutral,,,,93.29,H,-0.3113,0.0477,-8.7413,loss_of_function,-3.97150471062991,0.1891,benign,https://doi.org/10.1101/2022.10.22.513328
R848W,2.23876,2.77687,0.0353117878048175,Uncertain,Uncertain,27.8,3.18918229366e-05,2.78620272411e-05,0.771,"cBioPortal,clinvar",,False,27.8,,,,neutral,neutral,neutral,UP,neutral,neutral,neutral,134163,not provided,0,93.29,H,-0.4221,0.0477,-22.0292,loss_of_function,-6.12260795474151,0.7022,pathogenic,https://doi.org/10.1101/2022.10.22.513328
I852M,1.25876,2.0602,2.227816599321517,Uncertain,Uncertain,2.6,,,,clinvar,,False,2.6,,,,neutral,neutral,neutral,-,uncertain,uncertain,uncertain,1696088,Uncertain significance,1,94.26,H,-0.2953,0.226,-22.0326,loss_of_function,-3.45019893385483,0.5373,ambiguous,https://doi.org/10.1101/2022.10.22.513328
A855S,0.6505,1.72755,1.4630123295802993,Neutral,Neutral,10.1,,,0.563,"cBioPortal,COSMIC",,False,10.1,,,,neutral,neutral,neutral,-,uncertain,uncertain,uncertain,,,,92.71,H,-0.2281,0.0904,-8.7447,loss_of_function,-3.68348640625071,0.3624,ambiguous,https://doi.org/10.1101/2022.10.22.513328
A855V,2.24823,1.01122,0.5371612908550896,Uncertain,Uncertain,10.1,,,0.745,COSMIC,,False,10.1,,,,neutral,neutral,neutral,UP,neutral,neutral,neutral,,,,92.71,H,-0.2989,0.0904,-22.0326,loss_of_function,-5.60637766766768,0.9589,pathogenic,https://doi.org/10.1101/2022.10.22.513328
L858I,1.10907,1.22755,1.5442927484488274,Neutral,Neutral,28.0,,,0.464,"cBioPortal,COSMIC",,True,28.0,,,,neutral,neutral,neutral,-,uncertain,uncertain,uncertain,,,,91.21,H,-0.1001,1.3543,-8.7447,loss_of_function,-3.20463317343812,0.397,ambiguous,https://doi.org/10.1101/2022.10.22.513328
L858P,5.14464,10.40408,8.492754494472628,Destabilizing,Destabilizing,28.0,,,0.946,"cBioPortal,COSMIC,clinvar",,True,28.0,,,,neutral,neutral,neutral,DOWN,neutral,neutral,neutral,16573,Pathogenic,0,91.21,H,-0.3772,1.3543,-22.0326,loss_of_function,-5.31686796978961,0.9934,pathogenic,https://doi.org/10.1101/2022.10.22.513328
D861Y,-0.71249,-1.13265,0.1033110524814484,Neutral,Neutral,96.9,,3.9769337841e-06,0.946,cBioPortal,,True,96.9,,,,neutral,neutral,neutral,UP,neutral,neutral,destabilizing,,,,85.63,S,-0.3865,0.0666,-22.0326,loss_of_function,-6.12207917000428,0.9576,pathogenic,https://doi.org/10.1101/2022.10.22.513328
E864K,-0.03028,0.04626,-0.1672186498005601,Neutral,Neutral,111.0,,1.59073555612e-05,0.298,COSMIC,,True,111.0,,,,neutral,neutral,neutral,UP,neutral,neutral,destabilizing,,,,82.02,-,-0.2162,1.3632,-22.0326,loss_of_function,-5.32778238380911,0.463,ambiguous,https://doi.org/10.1101/2022.10.22.513328
G865R,9.82648,7.69966,3.7851642684530606,Destabilizing,Destabilizing,4.1,,,0.852,"cBioPortal,COSMIC",,True,4.1,,,,neutral,neutral,neutral,UP,neutral,neutral,destabilizing,,,,88.3,-,-0.457,0.0238,-22.0326,loss_of_function,-6.13551552609742,0.9949,pathogenic,https://doi.org/10.1101/2022.10.22.513328
P867L,1.11313,1.22313,-0.3881392772501801,Neutral,Neutral,75.1,,0.0002783787223212,0.415,"cBioPortal,COSMIC,clinvar",,True,75.1,,,,neutral,neutral,neutral,UP,neutral,neutral,destabilizing,310934,Uncertain significance,2,84.82,T,-0.135,1.8752,-8.7447,loss_of_function,-3.78533444320459,0.193,benign,https://doi.org/10.1101/2022.10.22.513328
T868N,0.18356,-2.00884,-0.3532733316929742,Uncertain,Neutral,94.4,,,,clinvar,,False,94.4,,,,uncertain,,,-,uncertain,uncertain,uncertain,1319542,Uncertain significance,1,86.17,T,-0.1273,1.6483,-2.7448,loss_of_function,-1.38501378028837,0.1491,benign,https://doi.org/10.1101/2022.10.22.513328
G870D,-3.39839,-3.10884,-0.1943901647286616,Stabilizing,Uncertain,105.3,,,0.956,cBioPortal,,False,105.3,,,,neutral,neutral,neutral,UP,neutral,neutral,neutral,,,,88.54,-,-0.4407,0.0238,-22.0326,loss_of_function,-6.13551552609742,0.9847,pathogenic,https://doi.org/10.1101/2022.10.22.513328
G870S,-0.56042,-1.57687,0.1257598358071976,Neutral,Neutral,105.3,,,0.94,cBioPortal,,False,105.3,,,,neutral,neutral,neutral,UP,neutral,neutral,neutral,,,,88.54,-,-0.3863,0.0238,-22.0326,loss_of_function,-6.13551552609742,0.709,pathogenic,https://doi.org/10.1101/2022.10.22.513328
C871F,-2.4119,-3.23027,-1.5097262907334763,Uncertain,Uncertain,82.4,,3.9766807441e-06,0.341,"cBioPortal,COSMIC",,True,82.4,,,,neutral,neutral,neutral,UP,neutral,neutral,neutral,,,,87.41,H,-0.1406,2.6929,-3.0169,loss_of_function,-1.12872749614009,0.1649,benign,https://doi.org/10.1101/2022.10.22.513328
T873N,1.86264,1.55578,0.5096131049910476,Neutral,Neutral,31.6,,,0.25,"cBioPortal,COSMIC",,True,31.6,,,,uncertain,,,-,uncertain,uncertain,uncertain,,,,89.11,H,-0.2151,0.8418,-5.4195,loss_of_function,-5.01390273091209,0.5847,pathogenic,https://doi.org/10.1101/2022.10.22.513328
A874S,0.78404,3.04014,1.4417901033578902,Uncertain,Neutral,0.0,,,0.721,COSMIC,,True,0.0,,,,neutral,neutral,neutral,-,uncertain,uncertain,uncertain,,,,91.13,H,-0.2476,0.6155,-22.0258,loss_of_function,-3.17968052358933,0.4243,ambiguous,https://doi.org/10.1101/2022.10.22.513328
A874T,1.44116,4.53435,1.3895507702517034,Uncertain,Neutral,0.0,,2.38610333418e-05,0.857,"cBioPortal,COSMIC,clinvar",,True,0.0,,,,neutral,neutral,neutral,UP,neutral,neutral,neutral,16577,Uncertain significance,2,91.13,H,-0.2535,0.6155,-22.0258,loss_of_function,-3.17968052358933,0.8908,pathogenic,https://doi.org/10.1101/2022.10.22.513328
E876D,0.80129,0.4017,1.0327572001657703,Neutral,Neutral,23.6,,,0.539,cBioPortal,,True,23.6,,,,neutral,neutral,neutral,DOWN,neutral,neutral,neutral,,,,89.72,H,-0.2853,0.0001,-22.0258,loss_of_function,-3.69061573477894,0.9821,pathogenic,https://doi.org/10.1101/2022.10.22.513328
L878V,1.29381,1.64116,1.718476835905,Neutral,Neutral,2.4,,,0.296,"cBioPortal,COSMIC",,False,2.4,,,,neutral,neutral,neutral,DOWN,neutral,neutral,neutral,,,,89.73,H,-0.2096,0.4031,-5.9307,loss_of_function,-3.20546090925735,0.3563,ambiguous,https://doi.org/10.1101/2022.10.22.513328
N879S,1.17576,0.41769,1.7590013665507764,Neutral,Neutral,15.5,0.0085663333545634,0.0098702001081666,0.231,"COSMIC,clinvar",,False,15.5,,,,neutral,neutral,neutral,DOWN,neutral,neutral,neutral,134162,Benign,2,87.6,H,-0.066,1.4559,-2.8767,loss_of_function,-2.92668799057401,0.2095,benign,https://doi.org/10.1101/2022.10.22.513328
F881L,2.48537,2.76429,2.1779906067504053,Uncertain,Uncertain,9.0,,,0.613,cBioPortal,,False,9.0,,,,neutral,neutral,neutral,DOWN,neutral,neutral,neutral,,,,88.37,S,-0.282,0.0478,-8.738,loss_of_function,-6.12207917000428,0.9955,pathogenic,https://doi.org/10.1101/2022.10.22.513328
P882H,1.22179,1.29728,-0.8410020470709617,Neutral,Neutral,61.8,,,0.323,"cBioPortal,COSMIC",,False,61.8,,,,neutral,neutral,neutral,UP,neutral,neutral,neutral,,,,88.13,-,-0.2074,0.979,-8.7346,loss_of_function,-4.97275128575285,0.3919,ambiguous,https://doi.org/10.1101/2022.10.22.513328
P882L,0.95268,1.77347,-1.0841054427916246,Neutral,Neutral,61.8,,,0.336,cBioPortal,,False,61.8,,,,neutral,neutral,neutral,UP,neutral,neutral,neutral,,,,88.13,-,-0.2056,0.979,-6.4128,loss_of_function,-3.0030410030299,0.2822,benign,https://doi.org/10.1101/2022.10.22.513328
P882S,1.18444,1.98741,-0.2168702433946084,Neutral,Neutral,61.8,,,0.174,"cBioPortal,COSMIC",,False,61.8,,,,neutral,neutral,neutral,DOWN,neutral,neutral,neutral,,,,88.13,-,-0.1447,0.979,-4.0909,loss_of_function,-2.99830390950602,0.2967,benign,https://doi.org/10.1101/2022.10.22.513328
G883R,8.36669,5.70816,1.900112966856266,Destabilizing,Uncertain,19.4,,,0.398,COSMIC,,False,19.4,,,,neutral,neutral,neutral,UP,neutral,neutral,neutral,,,,85.5,-,-0.3338,1.362,-22.0224,loss_of_function,-4.47112804642017,0.812,pathogenic,https://doi.org/10.1101/2022.10.22.513328
G883V,8.38409,6.08878,3.5204088513178866,Destabilizing,Destabilizing,19.4,,,0.445,"cBioPortal,COSMIC",,False,19.4,,,,neutral,neutral,neutral,UP,neutral,neutral,neutral,,,,85.5,-,-0.344,1.362,-22.0224,loss_of_function,-4.40180452961144,0.7609,pathogenic,https://doi.org/10.1101/2022.10.22.513328
G883W,7.97747,5.64456,1.318720255402665,Destabilizing,Uncertain,19.4,,,0.616,"cBioPortal,COSMIC",,False,19.4,,,,neutral,neutral,neutral,UP,neutral,neutral,neutral,,,,85.5,-,-0.3549,1.362,-22.0224,loss_of_function,-4.14973498120276,0.8929,pathogenic,https://doi.org/10.1101/2022.10.22.513328
G885D,1.3495,0.5034,0.4901232976452041,Neutral,Neutral,68.3,,,0.513,cBioPortal,,True,68.3,,,,neutral,neutral,neutral,UP,neutral,neutral,neutral,,,,88.56,T,-0.2271,1.382,-4.6689,loss_of_function,-3.27418472261106,0.5221,ambiguous,https://doi.org/10.1101/2022.10.22.513328
E887G,1.74474,1.43605,1.082039953686115,Neutral,Neutral,50.3,,3.9773134043e-06,0.429,"cBioPortal,COSMIC",,True,50.3,,,,neutral,neutral,neutral,DOWN,neutral,neutral,neutral,,,,91.88,H,-0.1188,1.7246,-8.7413,loss_of_function,-4.20913662456656,0.226,benign,https://doi.org/10.1101/2022.10.22.513328
E887K,0.46687,1.48231,0.1850413758316327,Neutral,Neutral,50.3,,,0.356,cBioPortal,,True,50.3,,,,neutral,neutral,neutral,UP,neutral,neutral,neutral,,,,91.88,H,-0.1049,1.7246,-6.7414,loss_of_function,-3.06429851491297,0.26,benign,https://doi.org/10.1101/2022.10.22.513328
L889F,8.34745,5.13912,2.0098882754483807,Destabilizing,Uncertain,0.0,,,0.418,COSMIC,,True,0.0,,,,neutral,neutral,neutral,UP,neutral,neutral,neutral,,,,91.69,H,-0.2553,0.2212,-7.0874,loss_of_function,-6.04691184047544,0.8403,pathogenic,https://doi.org/10.1101/2022.10.22.513328
L889V,2.40718,2.56156,2.016091782661801,Uncertain,Uncertain,0.0,,,0.345,cBioPortal,,True,0.0,,,,neutral,neutral,neutral,DOWN,neutral,neutral,neutral,,,,91.69,H,-0.2352,0.2212,-7.6724,loss_of_function,-3.28876762172127,0.4829,ambiguous,https://doi.org/10.1101/2022.10.22.513328
F892L,1.914,2.07075,2.852291903335564,Uncertain,Uncertain,0.0,,,0.201,"cBioPortal,COSMIC",,False,0.0,,,,neutral,neutral,neutral,DOWN,neutral,neutral,neutral,,,,91.23,H,-0.2017,0.6384,-3.6439,loss_of_function,-3.09270563816724,0.8857,pathogenic,https://doi.org/10.1101/2022.10.22.513328
S893L,1.26503,0.2602,-1.3164676201266146,Neutral,Neutral,9.4,3.18511912346e-05,1.19369727837e-05,0.114,"cBioPortal,COSMIC",,False,9.4,,,,uncertain,,,UP,neutral,neutral,neutral,,,,90.3,H,-0.0623,2.4081,-7.7279,loss_of_function,-2.74239283008114,0.1786,benign,https://doi.org/10.1101/2022.10.22.513328
E894K,-0.11231,-0.31327,0.0779376299472422,Neutral,Neutral,79.3,,,0.101,"cBioPortal,COSMIC",,False,79.3,,,,neutral,neutral,neutral,UP,neutral,neutral,neutral,,,,89.76,H,-0.0483,2.1556,-3.4185,loss_of_function,-2.00100080554158,0.1356,benign,https://doi.org/10.1101/2022.10.22.513328
Q900H,0.90861,0.77721,0.2110368346006846,Neutral,Neutral,42.7,,,0.227,"cBioPortal,COSMIC",,False,42.7,,,,neutral,neutral,neutral,UP,neutral,neutral,neutral,,,,80.84,H,-0.0802,1.4011,-4.2515,loss_of_function,-3.0146394629312,0.7264,pathogenic,https://doi.org/10.1101/2022.10.22.513328
K901N,0.07995,0.45612,0.2362071644221713,Neutral,Neutral,84.3,,,0.077,cBioPortal,,False,84.3,,,,neutral,neutral,neutral,DOWN,neutral,neutral,neutral,,,,79.77,H,-0.0139,2.5338,-3.8781,loss_of_function,-0.672989257657039,0.1746,benign,https://doi.org/10.1101/2022.10.22.513328
K901Q,0.56023,0.61905,0.2528884966752459,Neutral,Neutral,84.3,,,0.138,"cBioPortal,COSMIC",,False,84.3,,,,neutral,neutral,neutral,DOWN,neutral,neutral,neutral,,,,79.77,H,0.0008,2.5338,-4.7261,gain_of_function,-0.585584613504874,0.0896,benign,https://doi.org/10.1101/2022.10.22.513328
N902I,1.407,2.65136,0.2200543987628694,Uncertain,Neutral,58.6,,,,clinvar,,False,58.6,,,,neutral,neutral,neutral,UP,neutral,neutral,neutral,1319541,Uncertain significance,1,68.37,-,-0.0867,2.3672,-7.6036,loss_of_function,-1.57645130640662,0.1444,benign,https://doi.org/10.1101/2022.10.22.513328
P903L,1.64183,0.71667,-1.1165742443749576,Neutral,Neutral,68.7,,,0.041,cBioPortal,,False,68.7,,,,neutral,neutral,neutral,UP,neutral,neutral,neutral,,,,62.17,T,-0.0803,2.4032,-7.5391,loss_of_function,-2.60909234027004,0.0954,benign,https://doi.org/10.1101/2022.10.22.513328
P903S,2.08232,1.0881,-0.5098165296743445,Uncertain,Uncertain,68.7,,,0.05,cBioPortal,,False,68.7,,,,neutral,neutral,neutral,DOWN,neutral,neutral,neutral,,,,62.17,T,-0.0129,2.4032,-3.9542,loss_of_function,-1.79277919706611,0.1034,benign,https://doi.org/10.1101/2022.10.22.513328
K904N,0.35235,-0.13129,0.2329902690924051,Neutral,Neutral,103.0,,,0.127,"cBioPortal,COSMIC",,False,103.0,,,,neutral,neutral,neutral,DOWN,neutral,neutral,neutral,,,,51.38,T,-0.0586,2.0803,-4.4671,loss_of_function,-2.44943814459424,0.5366,ambiguous,https://doi.org/10.1101/2022.10.22.513328
I905K,-0.60186,0.14048,0.2459715501703163,Neutral,Neutral,78.5,,3.977534883e-06,0.156,COSMIC,,False,78.5,,,,neutral,neutral,neutral,-,uncertain,uncertain,uncertain,,,,52.0,S,-0.2062,2.5364,-5.7357,loss_of_function,-2.54529635458274,0.2276,benign,https://doi.org/10.1101/2022.10.22.513328
R906I,0.35232,-0.14932,0.1225578216540262,Neutral,Neutral,103.5,,,,cBioPortal,,False,103.5,,,,neutral,neutral,neutral,DOWN,neutral,neutral,destabilizing,,,,46.51,-,-0.199,2.5888,-21.8385,loss_of_function,-1.95678530149513,0.1908,benign,https://doi.org/10.1101/2022.10.22.513328
N908T,0.91924,1.03946,0.1381417227847586,Neutral,Neutral,80.6,,,0.188,cBioPortal,,False,80.6,,,,neutral,neutral,neutral,-,uncertain,uncertain,uncertain,,,,54.45,-,-0.0433,2.3681,-5.1589,loss_of_function,-2.57412599210092,0.3315,benign,https://doi.org/10.1101/2022.10.22.513328
P909H,1.43186,1.23333,-0.3932788228385608,Neutral,Neutral,84.3,,,0.355,"cBioPortal,COSMIC",,False,84.3,,,,neutral,neutral,neutral,UP,neutral,neutral,neutral,,,,53.91,T,-0.1384,1.6655,-7.5886,loss_of_function,-3.64308640141035,0.2867,benign,https://doi.org/10.1101/2022.10.22.513328
P909L,0.96748,0.85374,-0.2228409678938248,Neutral,Neutral,84.3,,3.9771552204e-06,0.346,"cBioPortal,COSMIC",,False,84.3,,,,neutral,neutral,neutral,UP,neutral,neutral,neutral,,,,53.91,T,-0.1535,1.6655,-8.5886,loss_of_function,-4.22712887347978,0.2066,benign,https://doi.org/10.1101/2022.10.22.513328
P909S,0.95033,0.73163,-0.1833267588074205,Neutral,Neutral,84.3,,,0.266,"cBioPortal,COSMIC",,False,84.3,,,,neutral,neutral,neutral,DOWN,neutral,neutral,neutral,,,,53.91,T,-0.0785,1.6655,-3.5013,loss_of_function,-2.58725269302814,0.2955,benign,https://doi.org/10.1101/2022.10.22.513328
H910N,0.05867,-0.0466,0.2692333140445241,Neutral,Neutral,99.9,,,0.023,"cBioPortal,COSMIC",,False,99.9,,,,neutral,neutral,neutral,DOWN,neutral,neutral,neutral,,,,51.83,T,0.0754,3.1591,-4.8883,gain_of_function,-1.13369098368316,0.1,benign,https://doi.org/10.1101/2022.10.22.513328
H910Y,-0.25535,0.03912,-0.2572126722828372,Neutral,Neutral,99.9,,3.9769337841e-06,0.042,"cBioPortal,COSMIC",,False,99.9,,,,neutral,neutral,neutral,UP,neutral,neutral,neutral,,,,51.83,T,0.1234,3.1591,-2.3219,gain_of_function,-0.224837331427487,0.067,benign,https://doi.org/10.1101/2022.10.22.513328
D911G,2.43508,2.49864,1.4603952597472036,Uncertain,Uncertain,20.6,,,0.35,"cBioPortal,COSMIC",,False,20.6,,,,neutral,neutral,neutral,DOWN,neutral,neutral,neutral,,,,64.55,-,-0.0908,1.9376,-4.4448,loss_of_function,-4.00255842440203,0.812,pathogenic,https://doi.org/10.1101/2022.10.22.513328
T912N,-0.14062,0.7568,0.567650712820566,Neutral,Neutral,54.2,,,0.209,cBioPortal,,False,54.2,,,,uncertain,,,-,uncertain,uncertain,uncertain,,,,70.9,-,-0.1259,1.8008,-5.234,loss_of_function,-3.71827939673259,0.6628,pathogenic,https://doi.org/10.1101/2022.10.22.513328
K913N,-0.52614,0.01939,0.3899109920650856,Neutral,Neutral,108.9,,,0.136,cBioPortal,,True,108.9,,,,neutral,neutral,neutral,DOWN,neutral,neutral,neutral,,,,74.69,H,-0.0983,1.7738,-6.7039,loss_of_function,-3.28351463344917,0.9081,pathogenic,https://doi.org/10.1101/2022.10.22.513328
K913T,-0.4564,-0.04966,0.3004954990683489,Neutral,Neutral,108.9,,,0.229,"cBioPortal,COSMIC",,True,108.9,,,,neutral,neutral,neutral,DOWN,neutral,neutral,neutral,,,,74.69,H,-0.0969,1.7738,-5.7039,loss_of_function,-2.74922120417979,0.6239,pathogenic,https://doi.org/10.1101/2022.10.22.513328
K915E,2.45075,0.75102,2.0973836511655954,Uncertain,Uncertain,21.9,,,0.422,COSMIC,,True,21.9,,,,neutral,neutral,neutral,DOWN,neutral,neutral,neutral,,,,79.17,H,-0.2346,1.212,-21.9985,loss_of_function,-3.99237169253885,0.9352,pathogenic,https://doi.org/10.1101/2022.10.22.513328
K916Q,-0.13643,0.28027,0.3042060630555221,Neutral,Neutral,93.3,,,0.268,cBioPortal,,True,93.3,,,,neutral,neutral,neutral,DOWN,neutral,neutral,neutral,,,,78.02,H,-0.087,1.6454,-5.9034,loss_of_function,-3.04839473814795,0.2033,benign,https://doi.org/10.1101/2022.10.22.513328
K916T,-0.21597,0.48231,0.2883046063919581,Neutral,Neutral,93.3,,,0.187,cBioPortal,,True,93.3,,,,neutral,neutral,neutral,DOWN,neutral,neutral,neutral,,,,78.02,H,-0.1138,1.6454,-6.7108,loss_of_function,-3.22346935596097,0.5525,ambiguous,https://doi.org/10.1101/2022.10.22.513328
L918I,2.27543,2.62449,1.6094168766006862,Uncertain,Uncertain,0.3,,,0.243,"cBioPortal,COSMIC",,True,0.3,,,,neutral,neutral,neutral,-,uncertain,uncertain,uncertain,,,,83.9,G,-0.1277,0.8969,-5.8965,loss_of_function,-2.83694514152038,0.3752,ambiguous,https://doi.org/10.1101/2022.10.22.513328
R919L,1.34095,-0.35,-0.1228754285629629,Neutral,Neutral,30.5,,,0.307,cBioPortal,,True,30.5,,,,neutral,neutral,neutral,DOWN,neutral,neutral,neutral,,,,79.44,G,-0.213,1.3281,-7.1189,loss_of_function,-4.6786991609935,0.5614,ambiguous,https://doi.org/10.1101/2022.10.22.513328
R919P,3.69824,4.91633,6.423243318491451,Destabilizing,Destabilizing,30.5,,,0.381,cBioPortal,,True,30.5,,,,neutral,neutral,neutral,DOWN,neutral,neutral,neutral,,,,79.44,G,-0.4285,1.3281,-21.9916,loss_of_function,-5.01491846581749,0.9683,pathogenic,https://doi.org/10.1101/2022.10.22.513328
R919Q,1.72098,0.64354,0.9013507187334292,Neutral,Neutral,30.5,,,,clinvar,,True,30.5,,,,neutral,neutral,neutral,DOWN,neutral,neutral,neutral,881101,Uncertain significance,1,79.44,G,-0.1801,1.3281,-6.1189,loss_of_function,-3.44140611674923,0.152,benign,https://doi.org/10.1101/2022.10.22.513328
R919W,2.29025,0.16497,-0.0131813141802661,Uncertain,Uncertain,30.5,,1.19300422323e-05,0.282,"cBioPortal,COSMIC",,True,30.5,,,,neutral,neutral,neutral,UP,neutral,neutral,neutral,,,,79.44,G,-0.2363,1.3281,-8.7038,loss_of_function,-2.8794271235444,0.3679,ambiguous,https://doi.org/10.1101/2022.10.22.513328
L921F,0.56081,2.30204,0.9642874493721256,Uncertain,Neutral,8.0,,,0.441,cBioPortal,,True,8.0,,,,neutral,neutral,neutral,UP,neutral,neutral,neutral,,,,82.61,-,-0.137,1.5092,-7.1224,loss_of_function,-4.79121490040343,0.4201,ambiguous,https://doi.org/10.1101/2022.10.22.513328
Q922E,0.16558,0.82041,-0.2339834193715101,Neutral,Neutral,96.2,,,0.054,cBioPortal,,True,96.2,,,,neutral,neutral,neutral,DOWN,neutral,neutral,neutral,,,,81.64,-,0.0077,2.3181,-2.7532,gain_of_function,-0.391238839270537,0.1011,benign,https://doi.org/10.1101/2022.10.22.513328
Q922K,-0.50161,0.73469,-0.2780304500908587,Neutral,Neutral,96.2,6.37511156445e-05,,0.053,"cBioPortal,clinvar",,True,96.2,,,,neutral,neutral,neutral,UP,neutral,neutral,neutral,1389387,Uncertain significance,2,81.64,-,-0.0209,2.3181,-2.8745,loss_of_function,-1.65099389568992,0.0953,benign,https://doi.org/10.1101/2022.10.22.513328
L923P,4.14869,2.81599,8.101796686979133,Uncertain,Destabilizing,0.8,6.37308010962e-05,4.77178918235e-05,0.743,cBioPortal,,True,0.8,,,,neutral,neutral,neutral,DOWN,neutral,neutral,neutral,,,,82.45,-,-0.3984,1.1221,-21.9916,loss_of_function,-4.59508128240477,0.8868,pathogenic,https://doi.org/10.1101/2022.10.22.513328
T924I,-0.50523,-0.06497,-0.2575011343880834,Neutral,Neutral,89.1,,3.9764593606e-06,0.093,cBioPortal,,True,89.1,,,,uncertain,,,UP,neutral,neutral,neutral,,,,80.77,-,0.0273,3.2069,-6.382,gain_of_function,-0.514287007289957,0.0854,benign,https://doi.org/10.1101/2022.10.22.513328
P925S,0.4923,0.28095,-0.7403711705459565,Neutral,Neutral,90.7,,,0.177,cBioPortal,,True,90.7,,,,neutral,neutral,neutral,DOWN,neutral,neutral,neutral,,,,76.59,T,-0.016,2.3062,-2.797,loss_of_function,-0.985910234338842,0.1023,benign,https://doi.org/10.1101/2022.10.22.513328
G926C,-0.06435,0.19286,0.7387164970727397,Neutral,Neutral,119.2,,,0.619,COSMIC,,True,119.2,,,,neutral,neutral,neutral,UP,neutral,neutral,neutral,,,,78.76,T,-0.3633,0.8565,-21.9916,loss_of_function,-4.28743717997995,0.4163,ambiguous,https://doi.org/10.1101/2022.10.22.513328
G926V,-0.0958,-0.2085,0.2022759890566638,Neutral,Neutral,119.2,,,0.599,COSMIC,,True,119.2,,,,neutral,neutral,neutral,UP,neutral,neutral,neutral,,,,78.76,T,-0.3904,0.8565,-21.9916,loss_of_function,-4.91285001805558,0.5666,pathogenic,https://doi.org/10.1101/2022.10.22.513328
P928S,6.27736,2.69388,2.181134149940472,Uncertain,Uncertain,3.3,,,0.573,COSMIC,,False,3.3,,,,neutral,neutral,neutral,DOWN,neutral,neutral,neutral,,,,87.75,S,-0.3261,0.0001,-21.9882,loss_of_function,-5.63042989675364,0.9866,pathogenic,https://doi.org/10.1101/2022.10.22.513328
N929D,-2.64525,-0.01429,0.8293974562055206,Uncertain,Uncertain,70.2,,,0.309,"cBioPortal,COSMIC",,False,70.2,,,,neutral,neutral,neutral,-,uncertain,uncertain,uncertain,,,,88.05,-,-0.1549,0.9996,-5.5305,loss_of_function,-2.79430070925793,0.2923,benign,https://doi.org/10.1101/2022.10.22.513328
P930A,1.62157,1.38946,0.2477395778512026,Neutral,Neutral,66.1,,9.94106934095e-05,0.292,COSMIC,,False,66.1,,,,neutral,neutral,neutral,DOWN,neutral,neutral,neutral,,,,90.49,H,-0.0569,2.0073,-5.375,loss_of_function,-2.73265224267128,0.1112,benign,https://doi.org/10.1101/2022.10.22.513328
A931S,-0.00961,0.03946,0.1105201483903306,Neutral,Neutral,72.6,,,0.231,"cBioPortal,COSMIC",,False,72.6,,,,neutral,neutral,neutral,-,uncertain,uncertain,uncertain,,,,90.09,H,-0.0688,1.5931,-4.6095,loss_of_function,-2.23349464297447,0.133,benign,https://doi.org/10.1101/2022.10.22.513328
E934K,0.38433,0.59524,0.3313497865321008,Neutral,Neutral,77.6,,,,clinvar,,False,77.6,,,,neutral,neutral,neutral,UP,neutral,neutral,neutral,727862,Conflicting interpretations of pathogenicity,1,92.02,H,-0.0716,2.0031,-5.2375,loss_of_function,-2.3179787227166,0.1145,benign,https://doi.org/10.1101/2022.10.22.513328
L937I,0.8693,1.77211,0.7129952096607967,Neutral,Neutral,42.6,,,,clinvar,,True,42.6,,,,neutral,neutral,neutral,-,uncertain,uncertain,uncertain,1948744,Uncertain significance,1,92.88,H,-0.1343,0.814,-5.7004,loss_of_function,-2.71802780969982,0.1564,benign,https://doi.org/10.1101/2022.10.22.513328
K938N,0.18247,0.20068,0.029494416861644,Neutral,Neutral,90.6,,,0.051,cBioPortal,,True,90.6,,,,neutral,neutral,neutral,DOWN,neutral,neutral,neutral,,,,91.85,S,0.0217,2.9375,-4.1769,gain_of_function,-1.97241900547236,0.2721,benign,https://doi.org/10.1101/2022.10.22.513328
V940L,-0.34655,-0.30952,-0.205090366534873,Neutral,Neutral,75.6,,,0.174,"cBioPortal,COSMIC",,False,75.6,,,,neutral,neutral,neutral,UP,neutral,neutral,neutral,,,,92.58,-,-0.0407,2.5401,-7.1189,loss_of_function,-1.94406673313236,0.2101,benign,https://doi.org/10.1101/2022.10.22.513328
V940M,-0.63574,0.6483,0.2569422283923567,Neutral,Neutral,75.6,0.0013055661699147,0.0008827950404416,0.189,"cBioPortal,COSMIC,clinvar",,False,75.6,,,,neutral,neutral,neutral,UP,neutral,neutral,neutral,310936,Conflicting interpretations of pathogenicity,1,92.58,-,-0.0528,2.5401,-7.7038,loss_of_function,-2.02302649383629,0.1293,benign,https://doi.org/10.1101/2022.10.22.513328
D942Y,-0.13853,2.49558,0.3530165226828641,Uncertain,Neutral,64.0,,,0.642,COSMIC,,False,64.0,,,,neutral,neutral,neutral,UP,neutral,neutral,neutral,,,,92.89,-,-0.3718,0.2239,-21.9847,loss_of_function,-4.84923117960613,0.5621,ambiguous,https://doi.org/10.1101/2022.10.22.513328
D943Y,0.05587,-1.64966,0.2678689038243198,Neutral,Neutral,90.6,,,0.266,"cBioPortal,COSMIC",,False,90.6,,,,neutral,neutral,neutral,UP,neutral,neutral,neutral,,,,89.53,-,-0.0852,2.5463,-7.6969,loss_of_function,-2.7632091835339,0.1742,benign,https://doi.org/10.1101/2022.10.22.513328
S944L,0.99776,0.29966,0.0758585352285212,Neutral,Neutral,71.9,3.1847133758e-05,4.77201689294e-05,0.347,COSMIC,,False,71.9,,,,uncertain,,,UP,neutral,neutral,neutral,,,,90.36,-,-0.2526,1.1303,-21.9847,loss_of_function,-3.84846671364103,0.1665,benign,https://doi.org/10.1101/2022.10.22.513328
S947F,-0.25322,-0.32721,-0.4825522184554576,Neutral,Neutral,101.2,,,0.092,"cBioPortal,COSMIC",,False,101.2,,,,uncertain,,,UP,neutral,neutral,neutral,,,,85.48,-,-0.0471,2.5462,-7.112,loss_of_function,-2.12451798290947,0.1441,benign,https://doi.org/10.1101/2022.10.22.513328
F948L,0.61392,-0.42823,0.8489383359261016,Neutral,Neutral,27.6,,,,clinvar,,False,27.6,,,,neutral,neutral,neutral,DOWN,neutral,neutral,destabilizing,210954,Uncertain significance,1,91.31,-,-0.2541,0.1643,-5.3716,loss_of_function,-3.08412096451615,0.9671,pathogenic,https://doi.org/10.1101/2022.10.22.513328
P953H,2.31458,3.67925,1.0418375306180656,Uncertain,Uncertain,10.7,,,0.821,"cBioPortal,COSMIC",,False,10.7,,,,neutral,neutral,neutral,UP,neutral,neutral,neutral,,,,89.53,-,-0.357,0.0872,-21.9672,loss_of_function,-5.29724786633286,0.9751,pathogenic,https://doi.org/10.1101/2022.10.22.513328
L955I,1.00117,-0.03197,0.3824236388279306,Neutral,Neutral,32.6,,1.98848270815e-05,0.186,cBioPortal,,True,32.6,,,,neutral,neutral,neutral,-,uncertain,uncertain,uncertain,,,,89.65,H,-0.061,1.5365,-4.3646,loss_of_function,-1.11706279099018,0.0857,benign,https://doi.org/10.1101/2022.10.22.513328
D956N,0.65356,0.31054,0.1991375833952546,Neutral,Neutral,73.7,,,0.379,"cBioPortal,COSMIC",,True,73.7,,,,neutral,neutral,neutral,-,uncertain,uncertain,uncertain,,,,91.74,H,-0.0673,1.9442,-8.6829,loss_of_function,-1.92848336688545,0.0951,benign,https://doi.org/10.1101/2022.10.22.513328
R959K,0.83624,1.14898,1.1791564563638424,Neutral,Neutral,17.1,,,0.412,cBioPortal,,True,17.1,,,,neutral,neutral,neutral,-,uncertain,uncertain,uncertain,,,,92.71,H,-0.0931,1.1696,-2.7523,loss_of_function,-1.33918983787093,0.3295,benign,https://doi.org/10.1101/2022.10.22.513328
R959S,2.98146,1.41565,2.0138566971601803,Uncertain,Uncertain,17.1,0.0032482007515445,0.0010263999618084,0.599,"COSMIC,clinvar",,True,17.1,,,,neutral,neutral,neutral,DOWN,neutral,neutral,neutral,134164,Benign/Likely benign,2,92.71,H,-0.2218,1.1696,-6.361,loss_of_function,-1.37413038659046,0.8388,pathogenic,https://doi.org/10.1101/2022.10.22.513328
R964Q,0.30309,0.58027,0.7401805789363414,Neutral,Neutral,78.4,3.1867431485e-05,1.5909000517e-05,0.374,cBioPortal,,False,78.4,,,,neutral,neutral,neutral,DOWN,neutral,neutral,neutral,,,,91.47,H,-0.012,3.0228,-3.7297,loss_of_function,-1.18501810111459,0.1212,benign,https://doi.org/10.1101/2022.10.22.513328
R964W,0.80247,0.93129,-0.2628550008922081,Neutral,Neutral,78.4,3.18613394507e-05,0.0004971325395121,0.597,"cBioPortal,COSMIC,clinvar",,False,78.4,,,,neutral,neutral,neutral,UP,neutral,neutral,neutral,134165,Conflicting interpretations of pathogenicity,1,91.47,H,-0.1478,3.0228,-21.9243,loss_of_function,-2.30567210256173,0.277,benign,https://doi.org/10.1101/2022.10.22.513328
Y965H,1.26421,0.75408,1.5818648389714998,Neutral,Neutral,28.2,,,0.294,cBioPortal,,True,28.2,,,,uncertain,,,DOWN,neutral,neutral,neutral,,,,89.55,H,-0.0078,2.7442,-2.7576,loss_of_function,-0.673628975559075,0.2513,benign,https://doi.org/10.1101/2022.10.22.513328
W968C,2.29619,2.96327,3.372546962838508,Uncertain,Uncertain,34.7,,,0.939,"cBioPortal,COSMIC,clinvar",,True,34.7,,,,neutral,neutral,neutral,DOWN,neutral,neutral,neutral,41496,Pathogenic,0,89.25,-,-0.4918,0.2085,-21.9424,loss_of_function,-3.992349387852,0.9755,pathogenic,https://doi.org/10.1101/2022.10.22.513328
W968R,1.18118,2.53503,2.239754868741616,Uncertain,Uncertain,34.7,,,0.925,cBioPortal,,True,34.7,,,,neutral,neutral,neutral,DOWN,neutral,neutral,neutral,,,,89.25,-,-0.5397,0.2085,-21.9424,loss_of_function,-5.31870581653923,0.9927,pathogenic,https://doi.org/10.1101/2022.10.22.513328
N969H,1.66159,0.99524,0.1882377174824112,Neutral,Neutral,83.3,,,0.521,"cBioPortal,COSMIC",,True,83.3,,,,neutral,neutral,neutral,UP,neutral,neutral,neutral,,,,90.17,-,-0.1379,2.1128,-21.9424,loss_of_function,-2.62005032411354,0.1583,benign,https://doi.org/10.1101/2022.10.22.513328
N969S,0.23831,1.04864,0.3809050326317204,Neutral,Neutral,83.3,,,0.096,cBioPortal,,True,83.3,,,,neutral,neutral,neutral,DOWN,neutral,neutral,neutral,,,,90.17,-,-0.0013,2.1128,-2.0253,loss_of_function,-0.418666954890839,0.0812,benign,https://doi.org/10.1101/2022.10.22.513328
T971A,0.20358,0.02891,0.0392957518190389,Neutral,Neutral,83.7,0.000127364197924,6.36319527851e-05,0.426,COSMIC,,True,83.7,,,,uncertain,,,DOWN,neutral,neutral,neutral,,,,91.25,H,0.039,2.9575,-4.6689,gain_of_function,-0.108715604814336,0.0708,benign,https://doi.org/10.1101/2022.10.22.513328
T971M,-0.43721,0.27959,-0.1252439039737818,Neutral,Neutral,83.7,6.36983247341e-05,5.17017841093e-05,0.212,cBioPortal,,True,83.7,,,,uncertain,,,UP,neutral,neutral,neutral,,,,91.25,H,-0.0073,2.9575,-4.9684,loss_of_function,-0.697008192436916,0.0823,benign,https://doi.org/10.1101/2022.10.22.513328
T973A,-0.04803,-0.22279,1.0864632461366457,Neutral,Neutral,1.7,,,0.536,cBioPortal,,True,1.7,,,,uncertain,,,DOWN,neutral,neutral,neutral,,,,90.2,H,-0.1015,1.4601,-5.2094,loss_of_function,-1.83209902506345,0.2024,benign,https://doi.org/10.1101/2022.10.22.513328
T973R,0.39729,2.95408,1.8995654534563104,Uncertain,Neutral,1.7,,,0.738,cBioPortal,,True,1.7,,,,uncertain,,,UP,neutral,neutral,neutral,,,,90.2,H,-0.2729,1.4601,-21.9566,loss_of_function,-3.23029114636396,0.8758,pathogenic,https://doi.org/10.1101/2022.10.22.513328
E975K,0.06596,0.51429,0.000481446010479,Neutral,Neutral,78.1,,,0.65,cBioPortal,,True,78.1,,,,neutral,neutral,neutral,UP,neutral,neutral,neutral,,,,91.26,H,-0.1493,1.2382,-6.6689,loss_of_function,-3.46564171672195,0.2803,benign,https://doi.org/10.1101/2022.10.22.513328
S976Y,-0.82285,-1.43673,-0.8513258039536348,Neutral,Neutral,59.2,,,0.419,"cBioPortal,COSMIC",,True,59.2,,,,uncertain,,,UP,neutral,neutral,neutral,,,,87.76,H,-0.0696,2.4401,-8.6687,loss_of_function,-2.45065649432296,0.1325,benign,https://doi.org/10.1101/2022.10.22.513328
L977M,0.08402,1.2051,1.747442839659541,Neutral,Neutral,8.8,,,0.595,cBioPortal,,True,8.8,,,,neutral,neutral,neutral,-,uncertain,uncertain,uncertain,,,,88.66,H,-0.1972,0.393,-5.8615,loss_of_function,-2.3436361100229,0.3694,ambiguous,https://doi.org/10.1101/2022.10.22.513328
L977Q,2.5474,1.98061,2.969133640631493,Uncertain,Uncertain,8.8,,,0.923,"cBioPortal,COSMIC",,True,8.8,,,,neutral,neutral,neutral,DOWN,neutral,neutral,neutral,,,,88.66,H,-0.3349,0.393,-8.6687,loss_of_function,-4.49635297837437,0.9794,pathogenic,https://doi.org/10.1101/2022.10.22.513328
D985N,-0.45003,1.08571,-0.3237532641981944,Neutral,Neutral,84.9,,5.17017841093e-05,0.148,"cBioPortal,COSMIC",,False,84.9,,,,neutral,neutral,neutral,-,uncertain,uncertain,uncertain,,,,79.32,H,-0.0447,1.7403,-0.5832,loss_of_function,-0.109699610197201,0.0604,benign,https://doi.org/10.1101/2022.10.22.513328
A986G,0.04324,1.32211,1.0907170234479382,Neutral,Neutral,70.0,,,0.248,cBioPortal,,False,70.0,,,,neutral,neutral,neutral,DOWN,neutral,neutral,neutral,,,,75.02,S,0.038,3.291,-8.6687,gain_of_function,-2.8315710947243,0.1434,benign,https://doi.org/10.1101/2022.10.22.513328
A986V,1.08212,1.11803,0.2902489189988794,Neutral,Neutral,70.0,,,0.184,"cBioPortal,COSMIC",,False,70.0,,,,neutral,neutral,neutral,UP,neutral,neutral,neutral,,,,75.02,S,0.0909,3.291,-3.347,gain_of_function,-0.336966711808577,0.0766,benign,https://doi.org/10.1101/2022.10.22.513328
T989A,-0.03695,0.13707,0.0871310297282623,Neutral,Neutral,108.2,,8.010830643e-06,0.447,cBioPortal,,False,108.2,,,,uncertain,,,DOWN,neutral,neutral,neutral,,,,47.08,-,-0.1143,1.4581,-7.6653,loss_of_function,-2.2723860893343,0.2096,benign,https://doi.org/10.1101/2022.10.22.513328
Q990H,0.46561,-0.5449,-0.3163239496183234,Neutral,Neutral,103.8,,,0.834,"cBioPortal,COSMIC",,False,103.8,,,,neutral,neutral,neutral,UP,neutral,neutral,neutral,,,,50.28,-,-0.2884,0.12,-21.9459,loss_of_function,-5.4030674359089,0.9264,pathogenic,https://doi.org/10.1101/2022.10.22.513328
Q990P,1.78857,0.39592,1.4255300868120115,Neutral,Neutral,103.8,,3.9965150389e-06,0.898,COSMIC,,False,103.8,,,,neutral,neutral,neutral,DOWN,neutral,neutral,stabilizing,,,,50.28,-,-0.461,0.12,-21.9459,loss_of_function,-5.4030674359089,0.6011,pathogenic,https://doi.org/10.1101/2022.10.22.513328
L991F,0.66318,1.33231,0.1930717700522127,Neutral,Neutral,96.2,,,,clinvar,,False,96.2,,,,neutral,neutral,neutral,UP,neutral,neutral,neutral,1319540,Uncertain significance,1,55.79,-,-0.079,2.2244,-8.6545,loss_of_function,-3.41107782206311,0.3324,benign,https://doi.org/10.1101/2022.10.22.513328
R992L,-0.15019,-0.01293,-0.1602810516979452,Neutral,Neutral,98.6,,,0.623,cBioPortal,,False,98.6,,,,neutral,neutral,neutral,DOWN,neutral,neutral,neutral,,,,56.09,-,-0.1744,1.7219,-6.6546,loss_of_function,-3.03348688302627,0.6051,pathogenic,https://doi.org/10.1101/2022.10.22.513328
R992Q,-0.17565,0.42993,0.4478132391819966,Neutral,Neutral,98.6,,4.78881333206e-05,0.5,"cBioPortal,COSMIC",,False,98.6,,,,neutral,neutral,neutral,DOWN,neutral,neutral,neutral,,,,56.09,-,-0.2246,1.7219,-21.9424,loss_of_function,-3.48904071661689,0.236,benign,https://doi.org/10.1101/2022.10.22.513328
I993L,-0.07183,-0.08469,-0.3577281298365825,Neutral,Neutral,89.4,,,0.187,"cBioPortal,COSMIC",,False,89.4,,,,neutral,neutral,neutral,-,uncertain,uncertain,uncertain,,,,60.34,T,-0.1701,0.5256,-4.0108,loss_of_function,-2.26732595382431,0.2838,benign,https://doi.org/10.1101/2022.10.22.513328
D994H,0.8111,1.43435,0.1593404632539746,Neutral,Neutral,71.1,3.1849162367e-05,1.19588615164e-05,0.655,COSMIC,,False,71.1,,,,neutral,neutral,neutral,UP,neutral,neutral,stabilizing,,,,50.99,H,-0.1187,1.6811,-5.6582,loss_of_function,-3.22515054075648,0.8026,pathogenic,https://doi.org/10.1101/2022.10.22.513328
D994N,-0.18173,1.62721,0.5350629982185725,Neutral,Neutral,71.1,,,0.395,"cBioPortal,COSMIC",,False,71.1,,,,neutral,neutral,neutral,-,uncertain,uncertain,uncertain,,,,50.99,H,-0.0771,1.6811,-5.8508,loss_of_function,-1.91352469713525,0.4148,ambiguous,https://doi.org/10.1101/2022.10.22.513328
S995F,-1.03876,-1.03027,-0.2405068464557214,Neutral,Neutral,70.9,,3.9845717382e-06,0.659,"cBioPortal,COSMIC",,False,70.9,,,,uncertain,,,UP,neutral,neutral,neutral,,,,55.43,H,-0.1959,1.7511,-21.9459,loss_of_function,-4.30169809739201,0.6054,pathogenic,https://doi.org/10.1101/2022.10.22.513328
F996L,-0.23538,0.44456,-0.1664307896589673,Neutral,Neutral,94.0,,,0.857,cBioPortal,,False,94.0,,,,neutral,neutral,neutral,DOWN,neutral,neutral,neutral,,,,53.72,H,-0.2074,0.8543,-8.6581,loss_of_function,-4.68330318790802,0.9849,pathogenic,https://doi.org/10.1101/2022.10.22.513328
F997Y,0.09877,-0.25986,0.1491775412036994,Neutral,Neutral,80.6,,,0.433,COSMIC,,False,80.6,,,,neutral,neutral,neutral,-,uncertain,uncertain,uncertain,,,,50.43,H,-0.2315,0.2827,-5.8473,loss_of_function,-3.11670478825665,0.5722,pathogenic,https://doi.org/10.1101/2022.10.22.513328
R998G,0.55948,0.83095,1.2564372624537443,Neutral,Neutral,83.2,,,0.58,cBioPortal,,False,83.2,,,,neutral,neutral,neutral,DOWN,neutral,neutral,neutral,,,,53.68,S,-0.1917,1.9391,-7.5117,loss_of_function,-4.27793723526827,0.4882,ambiguous,https://doi.org/10.1101/2022.10.22.513328
R998T,0.60347,0.23367,0.7504900645121667,Neutral,Neutral,83.2,,,0.386,"cBioPortal,COSMIC",,False,83.2,,,,neutral,neutral,neutral,DOWN,neutral,neutral,neutral,,,,53.68,S,-0.1412,1.9391,-3.6049,loss_of_function,-2.52307126368576,0.5603,ambiguous,https://doi.org/10.1101/2022.10.22.513328
L999V,0.19082,0.65442,0.4358295272063056,Neutral,Neutral,91.9,6.36942675159e-05,0.0002309045886315,0.119,"COSMIC,clinvar",,False,91.9,,,,neutral,neutral,neutral,DOWN,neutral,neutral,neutral,134175,Conflicting interpretations of pathogenicity,1,52.33,H,-0.0359,2.1051,-2.589,loss_of_function,-0.225698100432594,0.0694,benign,https://doi.org/10.1101/2022.10.22.513328
Q1002H,0.17616,0.32177,-0.2455685967349496,Neutral,Neutral,83.7,,,0.07,cBioPortal,,False,83.7,,,,neutral,neutral,neutral,UP,neutral,neutral,neutral,,,,48.8,H,0.0194,2.3634,-2.0864,gain_of_function,-0.656723684629117,0.1749,benign,https://doi.org/10.1101/2022.10.22.513328
Q1002R,-0.08948,0.42109,-0.2899161187939825,Neutral,Neutral,83.7,,4.37887630073e-05,0.093,"cBioPortal,COSMIC",,False,83.7,,,,neutral,neutral,neutral,UP,neutral,neutral,neutral,,,,48.8,H,-0.0283,2.3634,-5.4263,loss_of_function,-1.61550663860911,0.0884,benign,https://doi.org/10.1101/2022.10.22.513328
E1005K,-0.55112,-0.04966,-0.0625413989860906,Neutral,Neutral,90.8,,,0.063,cBioPortal,,True,90.8,,,,neutral,neutral,neutral,UP,neutral,neutral,neutral,,,,49.67,T,-0.0536,2.1843,-4.9773,loss_of_function,-1.90080714148242,0.0812,benign,https://doi.org/10.1101/2022.10.22.513328
D1006A,-0.56777,-0.13163,0.3461479099816145,Neutral,Neutral,62.0,,,0.088,"cBioPortal,COSMIC",,True,62.0,,,,neutral,neutral,neutral,DOWN,neutral,neutral,neutral,,,,49.28,G,0.0281,3.0566,-3.5266,gain_of_function,-1.47330186309435,0.1105,benign,https://doi.org/10.1101/2022.10.22.513328
D1006G,-0.12364,1.12143,1.009257293985442,Neutral,Neutral,62.0,,,,clinvar,,True,62.0,,,,neutral,neutral,neutral,DOWN,neutral,neutral,neutral,1049634,Uncertain significance,0,49.28,G,0.0144,3.0566,-4.012,gain_of_function,-1.47330186309435,0.0945,benign,https://doi.org/10.1101/2022.10.22.513328
D1006H,0.22429,-0.15272,-0.0381914748023187,Neutral,Neutral,62.0,,,0.045,"cBioPortal,COSMIC",,True,62.0,,,,neutral,neutral,neutral,UP,neutral,neutral,neutral,,,,49.28,G,0.0095,3.0566,-5.3339,gain_of_function,-0.618004016930076,0.1879,benign,https://doi.org/10.1101/2022.10.22.513328
A1007G,1.42651,1.35816,0.7577133886660103,Neutral,Neutral,65.3,,,,clinvar,,True,65.3,,,,neutral,neutral,neutral,DOWN,neutral,neutral,neutral,1692187,Uncertain significance,1,52.97,G,0.0154,2.8566,-5.2668,gain_of_function,-0.573049051399753,0.0973,benign,https://doi.org/10.1101/2022.10.22.513328
A1007T,1.90769,0.96293,0.1974296860513336,Neutral,Neutral,65.3,,,0.047,cBioPortal,,True,65.3,,,,neutral,neutral,neutral,UP,neutral,neutral,neutral,,,,52.97,G,0.0368,2.8566,-5.5298,gain_of_function,-0.0261201973416206,0.0747,benign,https://doi.org/10.1101/2022.10.22.513328
R1009C,0.39512,1.18673,0.9046437131112668,Neutral,Neutral,92.4,,2.38779359912e-05,0.057,"cBioPortal,COSMIC,clinvar",,False,92.4,,,,neutral,neutral,neutral,DOWN,neutral,neutral,neutral,1050599,Uncertain significance,0,59.07,-,-0.1557,2.824,-21.6231,loss_of_function,-0.628411865090881,0.0997,benign,https://doi.org/10.1101/2022.10.22.513328
R1009H,0.13202,1.30986,0.0206558849914545,Neutral,Neutral,92.4,,,,clinvar,,False,92.4,,,,neutral,neutral,neutral,DOWN,neutral,neutral,neutral,134170,Uncertain significance,1,59.07,-,-0.0312,2.824,-4.876,loss_of_function,-0.624967486771941,0.0795,benign,https://doi.org/10.1101/2022.10.22.513328
K1011N,-0.04315,-0.00544,0.0564062732115877,Neutral,Neutral,106.9,,,0.081,cBioPortal,,False,106.9,,,,neutral,neutral,neutral,DOWN,neutral,neutral,neutral,,,,66.86,-,-0.1077,1.7643,-8.3836,loss_of_function,-2.68553845047151,0.6415,pathogenic,https://doi.org/10.1101/2022.10.22.513328
S1012I,-1.15343,-0.66395,-0.3113791583825537,Neutral,Neutral,54.9,,,0.56,cBioPortal,P,False,54.9,-1.582,,,damaging,neutral,uncertain,UP,neutral,neutral,neutral,,,,71.94,-,-0.336,0.2502,-21.7265,loss_of_function,-5.15390637404963,0.9215,pathogenic,https://doi.org/10.1101/2022.10.22.513328
S1012N,-1.30954,-0.87245,-0.2144976106946317,Neutral,Neutral,54.9,3.1849162367e-05,3.979275931e-06,0.274,"cBioPortal,COSMIC",P,False,54.9,-1.582,,,damaging,neutral,uncertain,UP,neutral,neutral,neutral,,,,71.94,-,-0.2771,0.2502,-21.7265,loss_of_function,-5.15390637404963,0.7703,pathogenic,https://doi.org/10.1101/2022.10.22.513328
Q1013R,1.07537,0.23741,-0.2304605609734872,Neutral,Neutral,82.4,,,,clinvar,,False,82.4,,,,neutral,neutral,neutral,UP,neutral,neutral,neutral,134167,Conflicting interpretations of pathogenicity,1,74.06,H,-0.1005,1.528,-4.511,loss_of_function,-0.655930705759576,0.0976,benign,https://doi.org/10.1101/2022.10.22.513328
R1014T,-0.12089,0.41088,0.6430283834570089,Neutral,Neutral,65.9,,,0.597,"cBioPortal,COSMIC",,False,65.9,,,,neutral,neutral,neutral,DOWN,neutral,neutral,neutral,,,,74.78,H,-0.3998,0.1327,-21.7013,loss_of_function,-5.15390637404963,0.9822,pathogenic,https://doi.org/10.1101/2022.10.22.513328
M1022V,1.0684,1.78946,0.9381016231019428,Neutral,Neutral,7.9,,,0.081,"cBioPortal,COSMIC",,True,7.9,,,,neutral,neutral,neutral,DOWN,neutral,neutral,neutral,,,,76.73,H,-0.1301,1.4832,-5.6911,loss_of_function,-1.74371479324542,0.2022,benign,https://doi.org/10.1101/2022.10.22.513328
L1023I,0.40185,0.5466,0.7180275492785138,Neutral,Neutral,28.1,,,0.068,cBioPortal,,True,28.1,,,,neutral,neutral,neutral,-,uncertain,uncertain,uncertain,,,,76.26,H,-0.1085,1.9663,-21.4118,loss_of_function,-2.21840939370003,0.1283,benign,https://doi.org/10.1101/2022.10.22.513328
K1027N,0.00284,0.19762,0.189584140663197,Neutral,Neutral,82.9,,,0.19,"cBioPortal,clinvar",,False,82.9,,,,neutral,neutral,neutral,DOWN,neutral,neutral,neutral,1692188,Uncertain significance,1,74.91,H,-0.0896,1.8023,-5.5298,loss_of_function,-1.41010344154646,0.2645,benign,https://doi.org/10.1101/2022.10.22.513328
E1028A,-0.18426,0.65272,0.3529557372651182,Neutral,Neutral,59.0,,,0.116,cBioPortal,,False,59.0,,,,neutral,neutral,neutral,DOWN,neutral,neutral,neutral,,,,74.0,H,-0.162,0.8696,-6.8265,loss_of_function,-2.44141777474133,0.128,benign,https://doi.org/10.1101/2022.10.22.513328
A1029E,0.42669,-0.14456,-0.0041946632685618,Neutral,Neutral,80.8,,,0.075,"cBioPortal,COSMIC",,True,80.8,,,,neutral,neutral,neutral,UP,neutral,neutral,neutral,,,,73.37,H,-0.106,2.1142,-1.1796,loss_of_function,-0.09649555085212,0.0716,benign,https://doi.org/10.1101/2022.10.22.513328
A1030S,0.62601,0.43537,0.1894702253096103,Neutral,Neutral,66.2,,,0.052,cBioPortal,,True,66.2,,,,neutral,neutral,neutral,-,uncertain,uncertain,uncertain,,,,73.78,H,-0.0095,2.3239,-6.1832,loss_of_function,-0.465395922914861,0.1031,benign,https://doi.org/10.1101/2022.10.22.513328
A1031S,0.23244,0.41769,0.3573931378243272,Neutral,Neutral,76.6,,,0.036,cBioPortal,,True,76.6,,,,neutral,neutral,neutral,-,uncertain,uncertain,uncertain,,,,71.6,H,-0.0293,2.011,-4.4195,loss_of_function,-1.27518005826939,0.0926,benign,https://doi.org/10.1101/2022.10.22.513328
A1031V,0.94681,-0.1551,-0.2021599883253638,Neutral,Neutral,76.6,,,0.065,"cBioPortal,COSMIC",,True,76.6,,,,neutral,neutral,neutral,UP,neutral,neutral,neutral,,,,71.6,H,-0.0442,2.011,-6.7414,loss_of_function,-1.63442195781409,0.1055,benign,https://doi.org/10.1101/2022.10.22.513328
E1033K,-0.33828,-0.22245,-0.0763557147412469,Neutral,Neutral,85.5,3.18451054073e-05,1.19328894298e-05,0.18,cBioPortal,,True,85.5,,,,neutral,neutral,neutral,UP,neutral,neutral,neutral,,,,73.34,H,-0.151,1.1654,-5.7004,loss_of_function,-1.99121751323631,0.0942,benign,https://doi.org/10.1101/2022.10.22.513328
I1034V,0.49301,0.22313,0.0987774462638507,Neutral,Neutral,87.6,,,0.008,"cBioPortal,COSMIC",,False,87.6,,,,neutral,neutral,neutral,DOWN,neutral,neutral,neutral,,,,74.14,H,0.0537,2.4461,-2.585,gain_of_function,-0.165044427932942,0.0752,benign,https://doi.org/10.1101/2022.10.22.513328
A1036S,0.17177,0.26837,0.7287611980763398,Neutral,Neutral,77.9,,,0.065,cBioPortal,,False,77.9,,,,neutral,neutral,neutral,-,uncertain,uncertain,uncertain,,,,77.12,H,-0.016,2.1692,-4.6582,loss_of_function,-0.791550437697458,0.0979,benign,https://doi.org/10.1101/2022.10.22.513328
A1036T,0.66439,-0.04082,0.3485332334238317,Neutral,Neutral,77.9,0.0006369832473406,0.0006840815807057,0.075,"cBioPortal,clinvar",,False,77.9,,,,neutral,neutral,neutral,UP,neutral,neutral,neutral,134171,Uncertain significance,2,77.12,H,-0.0241,2.1692,-5.0732,loss_of_function,-0.539396044341579,0.0818,benign,https://doi.org/10.1101/2022.10.22.513328
M1041T,0.47306,0.00442,0.4303715282597381,Neutral,Neutral,74.6,,7.9559558285e-06,0.096,COSMIC,,False,74.6,,,,neutral,neutral,neutral,DOWN,neutral,neutral,neutral,,,,72.71,H,-0.1028,1.9363,-4.2327,loss_of_function,-0.722667561919128,0.1198,benign,https://doi.org/10.1101/2022.10.22.513328
E1044K,-0.53424,-0.22925,0.080836379133834,Neutral,Neutral,83.1,,,0.071,cBioPortal,,True,83.1,,,,neutral,neutral,neutral,UP,neutral,neutral,neutral,,,,67.21,H,-0.1091,1.5696,-4.7625,loss_of_function,-0.83541443172444,0.1244,benign,https://doi.org/10.1101/2022.10.22.513328
D1049N,-0.41592,-0.2551,-0.1561093559115084,Neutral,Neutral,,,,0.104,"cBioPortal,COSMIC",,True,,,,,neutral,neutral,neutral,-,uncertain,uncertain,uncertain,,,,54.04,H,-0.0362,2.0755,-4.9464,loss_of_function,-0.22107248670418,0.0878,benign,https://doi.org/10.1101/2022.10.22.513328
