Mutation,"Stability (FoldX5, alphafold, kcal/mol)","Stability (Rosetta Cartddg2020, alphafold, kcal/mol)","Stability (RaSP, alphafold, kcal/mol)","Stability classification, alphafold, (Rosetta, FoldX)","Stability classification, alphafold, (RaSP, FoldX)",gnomAD genome allele frequency,gnomAD exome allele frequency,REVEL score,Mutation sources,PTMs,is site part of phospho-SLiM,PTM residue SASA (%),"Change in stability with PTM (FoldX5, kcal/mol)","Change in binding with PTM (FoldX5, kcal/mol)","Change in binding with mutation (FoldX5, kcal/mol)",PTM effect in regulation,PTM effect in stability,PTM effect in function,AlloSigma2 mutation type,AlloSigma2 predicted consequence - active sites,AlloSigma2 predicted consequence - cofactor sites,AlloSigma2 predicted consequence - pockets and interfaces,ClinVar Variation ID,ClinVar Interpretation,ClinVar Review Status,AlphaFold2 model pLDDT score,AlphaFold2 model secondary structure,DeMaSk delta fitness,DeMaSk Shannon entropy,DeMaSk log2 variant frequency,DeMaSk predicted consequence,GEMME Score,EVE score,EVE classification (25% Uncertain),AlphaMissense pathogenicity score,AlphaMissense classification,References
M12T,1.62673,2.97041,1.164480520958992,Uncertain,Neutral,,,0.274,"cBioPortal,COSMIC",,True,11.8,,,,neutral,neutral,neutral,DOWN,neutral,neutral,neutral,,,,69.21,S,-0.2,1.7909,-20.6541,loss_of_function,-0.733815625727149,,,0.2057,benign,https://doi.org/10.1101/2022.10.22.513328
M12V,1.72516,1.91565,0.381702172093854,Neutral,Neutral,,,,mutations_clinvar,,True,11.8,,,,neutral,neutral,neutral,DOWN,neutral,neutral,neutral,2144285,Uncertain significance,1,69.21,S,-0.1023,1.7909,-5.7813,loss_of_function,-0.690729983613372,,,0.083,benign,https://doi.org/10.1101/2022.10.22.513328
A13S,0.0417,0.50782,0.2538952347132611,Neutral,Neutral,,,,mutations_clinvar,,True,23.1,,,,neutral,neutral,neutral,-,uncertain,uncertain,uncertain,852000,Uncertain significance,1,69.87,-,0.0075,2.2727,-1.9274,gain_of_function,-0.358237154572932,,,0.1022,benign,https://doi.org/10.1101/2022.10.22.513328
A13T,1.03019,1.01054,0.1494427707795637,Neutral,Neutral,3.18613394507e-05,3.27723794386e-05,0.197,"cBioPortal,mutations_clinvar",,True,23.1,,,,neutral,neutral,neutral,UP,neutral,neutral,neutral,1319877,Uncertain significance,2,69.87,-,-0.0149,2.2727,-5.1497,loss_of_function,-0.286760688143455,,,0.1193,benign,https://doi.org/10.1101/2022.10.22.513328
P14L,1.03228,1.56871,-0.3199859393106014,Neutral,Neutral,,,,mutations_clinvar,,True,88.5,,,,neutral,neutral,neutral,UP,neutral,neutral,neutral,408565,Uncertain significance,1,76.97,-,-0.0676,2.2698,-2.6521,loss_of_function,-0.38533255838631,,,0.1677,benign,https://doi.org/10.1101/2022.10.22.513328
P14R,1.25482,1.41156,-0.3258348100002617,Neutral,Neutral,,,,mutations_clinvar,,True,88.5,,,,neutral,neutral,neutral,UP,neutral,neutral,neutral,317796,Uncertain significance,1,76.97,-,-0.1005,2.2698,-4.974,loss_of_function,-1.33497017172475,,,0.126,benign,https://doi.org/10.1101/2022.10.22.513328
P14S,1.2534,1.36395,0.1221198959072733,Neutral,Neutral,,,0.124,"cBioPortal,COSMIC",,True,88.5,,,,neutral,neutral,neutral,DOWN,neutral,neutral,neutral,,,,76.97,-,-0.0316,2.2698,-5.1964,loss_of_function,-0.833876718828915,,,0.0946,benign,https://doi.org/10.1101/2022.10.22.513328
E17G,1.39889,1.25204,1.097337358130282,Neutral,Neutral,,,0.429,cBioPortal,,False,76.1,,,,neutral,neutral,neutral,DOWN,neutral,neutral,neutral,,,,85.51,H,-0.0742,2.1202,-7.1224,loss_of_function,-2.13278797702836,0.2055242010856017,Benign,0.1702,benign,https://doi.org/10.1101/2022.10.22.513328
E17Q,0.36533,0.43163,0.4328667750248571,Neutral,Neutral,,4.0856682928e-06,0.180,cBioPortal,,False,76.1,,,,neutral,neutral,neutral,UP,neutral,neutral,neutral,,,,85.51,H,-0.007,2.1202,-4.3854,loss_of_function,-0.608095238548242,0.0748558204267101,Benign,0.1734,benign,https://doi.org/10.1101/2022.10.22.513328
Y18S,5.98608,5.32687,4.098859303945589,Destabilizing,Destabilizing,,,0.383,cBioPortal,,True,4.2,,,,uncertain,,,DOWN,neutral,neutral,neutral,,,,87.32,H,-0.3419,1.2354,-22.0054,loss_of_function,-3.69088763492854,0.821711486171477,Pathogenic,0.6696,pathogenic,https://doi.org/10.1101/2022.10.22.513328
E19K,3.7291,3.51803,2.5287605427181563,Destabilizing,Uncertain,,,0.462,cBioPortal,,True,0.1,,,,neutral,neutral,neutral,UP,neutral,neutral,neutral,,,,90.44,H,-0.2218,1.3006,-22.0054,loss_of_function,-4.93233740733929,0.9676190415592494,Pathogenic,0.9601,pathogenic,https://doi.org/10.1101/2022.10.22.513328
R20Q,0.88423,-0.1551,0.8412744328061023,Neutral,Neutral,,,0.139,cBioPortal,,True,64.7,,,,neutral,neutral,neutral,DOWN,neutral,neutral,neutral,,,,89.94,H,-0.0372,2.6633,-2.1854,loss_of_function,-1.2781097875267,0.0018767649458823,Benign,0.0754,benign,https://doi.org/10.1101/2022.10.22.513328
Q21E,-0.09183,0.31088,-0.1702797436305281,Neutral,Neutral,3.18552497452e-05,4.0785695641e-06,0.070,"COSMIC,mutations_clinvar",,True,56.6,,,,neutral,neutral,neutral,DOWN,neutral,neutral,neutral,317797,Uncertain significance,2,90.13,H,0.0143,2.3501,-2.0521,gain_of_function,-0.523250167097453,0.000762390678478,Benign,0.1013,benign,https://doi.org/10.1101/2022.10.22.513328
Q21H,0.61919,0.04456,-0.2291431911759528,Neutral,Neutral,,2.0394012318e-05,0.219,cBioPortal,,True,56.6,,,,neutral,neutral,neutral,UP,neutral,neutral,neutral,,,,90.13,H,0.0059,2.3501,-4.4766,gain_of_function,-1.82422394391779,0.0406198767275883,Benign,0.2991,benign,https://doi.org/10.1101/2022.10.22.513328
Q21L,-0.45901,-0.39388,-0.7861789654106205,Neutral,Neutral,,,0.323,cBioPortal,,True,56.6,,,,neutral,neutral,neutral,UP,neutral,neutral,neutral,,,,90.13,H,-0.1014,2.3501,-22.0122,loss_of_function,-2.32333768605805,0.2520467797930291,Benign,0.204,benign,https://doi.org/10.1101/2022.10.22.513328
V23M,-0.11793,1.66973,1.337176592154369,Neutral,Neutral,,,0.167,cBioPortal,,True,5.8,,,,neutral,neutral,neutral,UP,neutral,neutral,neutral,,,,91.24,H,-0.1352,1.5905,-6.7279,loss_of_function,-1.59432001733027,0.0013745766460651,Benign,0.166,benign,https://doi.org/10.1101/2022.10.22.513328
L27F,0.51622,0.15884,0.7286069171446493,Neutral,Neutral,3.18451054073e-05,2.03931805204e-05,0.048,"cBioPortal,mutations_clinvar",,True,44.5,,,,neutral,neutral,neutral,UP,neutral,neutral,neutral,134132,Uncertain significance,2,88.93,H,0.0067,2.7948,-2.1531,gain_of_function,-0.343514008068497,1.2185965885488528e-06,Benign,0.1154,benign,https://doi.org/10.1101/2022.10.22.513328
L27P,3.91061,7.8449,5.506448484227009,Destabilizing,Destabilizing,,,0.438,cBioPortal,,True,44.5,,,,neutral,neutral,neutral,DOWN,neutral,neutral,neutral,,,,88.93,H,-0.2447,2.7948,-22.0258,loss_of_function,-3.41960091548153,0.425509800731207,Uncertain,0.5894,pathogenic,https://doi.org/10.1101/2022.10.22.513328
L27R,0.83181,-0.42075,1.1872936071952356,Neutral,Neutral,,,0.296,COSMIC,,True,44.5,,,,neutral,neutral,neutral,UP,neutral,neutral,neutral,,,,88.93,H,-0.1416,2.7948,-2.4527,loss_of_function,-1.40892181929599,0.0120093990245983,Benign,0.1368,benign,https://doi.org/10.1101/2022.10.22.513328
L27V,1.59859,0.40986,1.033311371383119,Neutral,Neutral,,,0.066,COSMIC,,True,44.5,,,,neutral,neutral,neutral,DOWN,neutral,neutral,neutral,,,,88.93,H,0.0245,2.7948,-3.1835,gain_of_function,-1.18319811786536,0.0007048644908939,Benign,0.1051,benign,https://doi.org/10.1101/2022.10.22.513328
D28H,-0.39751,-0.43129,-0.1126440441376724,Neutral,Neutral,,,0.034,COSMIC,,True,100.2,,,,neutral,neutral,neutral,UP,neutral,neutral,neutral,,,,85.72,H,0.0399,3.221,-2.3492,gain_of_function,-0.319149687159478,1.61971789718458e-06,Benign,0.1218,benign,https://doi.org/10.1101/2022.10.22.513328
T29I,1.00054,-0.52347,-0.0716103219836417,Neutral,Neutral,,,,mutations_clinvar,,True,36.5,,,,uncertain,,,UP,neutral,neutral,neutral,1337224,Uncertain significance,1,89.04,S,-0.0112,2.9194,-8.7413,loss_of_function,-1.88349270677123,0.0656673360450922,Benign,0.1117,benign,https://doi.org/10.1101/2022.10.22.513328
D30A,1.59054,1.28537,1.0529017700795391,Neutral,Neutral,,,,mutations_clinvar,,True,2.5,,,,neutral,neutral,neutral,DOWN,neutral,neutral,neutral,235449,Uncertain significance,1,92.08,-,-0.221,0.6399,-8.7514,loss_of_function,-3.81117746795505,0.9612418437370664,Pathogenic,0.7321,pathogenic,https://doi.org/10.1101/2022.10.22.513328
D30G,2.13333,3.0619,2.173147756536016,Uncertain,Uncertain,,,0.611,cBioPortal,,True,2.5,,,,neutral,neutral,neutral,DOWN,neutral,neutral,neutral,,,,92.08,-,-0.2203,0.6399,-6.4296,loss_of_function,-2.56543185168196,0.6971154265148094,Pathogenic,0.6406,pathogenic,https://doi.org/10.1101/2022.10.22.513328
G31R,17.70528,8.15068,9.502460429392896,Destabilizing,Destabilizing,,,,mutations_clinvar,,True,0.0,,,,neutral,neutral,neutral,UP,neutral,neutral,neutral,2337192,Uncertain significance,1,93.64,E,-0.2805,1.9419,-22.0359,loss_of_function,-3.50206948747986,0.8595924171725053,Pathogenic,0.9746,pathogenic,https://doi.org/10.1101/2022.10.22.513328
V33A,3.92365,2.11769,2.128632903833979,Uncertain,Uncertain,,,,mutations_clinvar,,True,0.3,,,,neutral,neutral,neutral,DOWN,neutral,neutral,neutral,1692887,Uncertain significance,1,96.01,E,-0.1334,1.4729,-6.1666,loss_of_function,-0.94159161225592,0.057455857764848,Benign,0.1733,benign,https://doi.org/10.1101/2022.10.22.513328
V34M,0.74523,3.74796,0.962251324770118,Uncertain,Neutral,,,,mutations_clinvar,,True,0.0,,,,neutral,neutral,neutral,UP,neutral,neutral,neutral,2445325,Likely pathogenic,1,95.93,E,-0.2498,1.1939,-22.0459,loss_of_function,-1.87446603147688,0.9007263851067608,Pathogenic,0.7188,pathogenic,https://doi.org/10.1101/2022.10.22.513328
A36D,4.98429,2.32789,0.9957583011428492,Uncertain,Uncertain,,,0.600,cBioPortal,,False,0.1,,,,neutral,neutral,neutral,UP,neutral,neutral,neutral,,,,94.01,-,-0.2881,0.712,-8.7647,loss_of_function,-3.99292075832697,0.8799933713447539,Pathogenic,0.9934,pathogenic,https://doi.org/10.1101/2022.10.22.513328
A36P,3.45291,5.0949,5.325913809625232,Destabilizing,Destabilizing,,,,mutations_clinvar,,False,0.1,,,,neutral,neutral,neutral,UP,neutral,neutral,neutral,1921062,Uncertain significance,1,94.01,-,-0.3278,0.712,-8.7647,loss_of_function,-4.96383634135423,0.9665079022383618,Pathogenic,0.9769,pathogenic,https://doi.org/10.1101/2022.10.22.513328
A36S,2.95644,1.29252,0.9721684666950448,Uncertain,Uncertain,,,0.317,cBioPortal,,False,0.1,,,,neutral,neutral,neutral,-,uncertain,uncertain,uncertain,,,,94.01,-,-0.147,0.712,-4.0644,loss_of_function,-0.121163701682515,0.0212888508839259,Benign,0.1664,benign,https://doi.org/10.1101/2022.10.22.513328
A36T,1.89815,3.51497,0.735934067066214,Uncertain,Neutral,,,0.545,cBioPortal,,False,0.1,,,,neutral,neutral,neutral,UP,neutral,neutral,neutral,,,,94.01,-,-0.2448,0.712,-22.0526,loss_of_function,-3.02088402173529,0.9559041623415327,Pathogenic,0.8632,pathogenic,https://doi.org/10.1101/2022.10.22.513328
R37C,0.53863,1.16939,1.5172321698837614,Neutral,Neutral,,,,mutations_clinvar,,False,43.7,,,,neutral,neutral,neutral,DOWN,neutral,neutral,neutral,860287,Uncertain significance,2,90.88,T,-0.2563,1.7549,-22.0559,loss_of_function,-2.35672815620828,0.3179139792836794,Benign,0.2364,benign,https://doi.org/10.1101/2022.10.22.513328
R37H,0.99472,1.55476,0.8914656399648793,Neutral,Neutral,,,0.229,COSMIC,,False,43.7,,,,neutral,neutral,neutral,DOWN,neutral,neutral,neutral,,,,90.88,T,-0.2172,1.7549,-22.0559,loss_of_function,-3.39693896198754,0.2732181521800686,Benign,0.1601,benign,https://doi.org/10.1101/2022.10.22.513328
A41G,1.2349,1.83435,2.4240110603505385,Neutral,Uncertain,,,,mutations_clinvar,,True,3.3,,,,neutral,neutral,neutral,DOWN,neutral,neutral,neutral,933259,Uncertain significance,1,89.7,H,-0.1261,2.251,-22.0592,loss_of_function,-2.55688639385739,0.0345285589853032,Benign,0.149,benign,https://doi.org/10.1101/2022.10.22.513328
D42G,2.44085,0.93265,1.758716276361684,Uncertain,Uncertain,,,,mutations_clinvar,,True,32.3,,,,neutral,neutral,neutral,DOWN,neutral,neutral,neutral,1414944,Uncertain significance,1,91.2,H,-0.0938,2.8819,-22.0592,loss_of_function,-2.62056316778311,0.4577731333139866,Uncertain,0.5023,ambiguous,https://doi.org/10.1101/2022.10.22.513328
D42N,1.18794,0.81395,0.667444105866451,Neutral,Neutral,,,,mutations_clinvar,,True,32.3,,,,neutral,neutral,neutral,-,uncertain,uncertain,uncertain,1045245,Uncertain significance,1,91.2,H,0.0402,2.8819,-4.5236,gain_of_function,-1.32757610232285,0.0321139215640822,Benign,0.3484,ambiguous,https://doi.org/10.1101/2022.10.22.513328
R43W,2.67533,-0.19456,-0.3317074421526689,Uncertain,Uncertain,,,,mutations_clinvar,,True,11.3,,,,neutral,neutral,neutral,UP,neutral,neutral,neutral,1327065,Uncertain significance,1,90.39,H,-0.2625,1.7848,-22.0625,loss_of_function,-3.30917124994392,0.8956832505811898,Pathogenic,0.6192,pathogenic,https://doi.org/10.1101/2022.10.22.513328
L44F,1.7216,1.26497,1.7910025724329108,Neutral,Neutral,,,,mutations_clinvar,,True,1.6,,,,neutral,neutral,neutral,UP,neutral,neutral,neutral,1002097,Uncertain significance,1,91.83,H,-0.1967,1.6885,-22.0658,loss_of_function,-2.99190464921049,0.3378734430582393,Uncertain,0.3467,ambiguous,https://doi.org/10.1101/2022.10.22.513328
Y46C,3.95804,3.63299,3.647870601450472,Destabilizing,Destabilizing,,,,mutations_clinvar,,True,5.2,,,,uncertain,,,DOWN,neutral,neutral,neutral,1428675,Uncertain significance,1,92.21,H,-0.0396,3.1224,-3.4562,loss_of_function,-0.893013266577681,0.0002928782856632,Benign,0.0835,benign,https://doi.org/10.1101/2022.10.22.513328
H47P,3.995,9.47551,6.668988588925801,Destabilizing,Destabilizing,,,0.170,cBioPortal,,True,26.2,,,,neutral,neutral,neutral,DOWN,neutral,neutral,neutral,,,,91.39,H,-0.2355,2.4339,-22.0658,loss_of_function,-1.03876912403671,0.0151720226750546,Benign,0.4679,ambiguous,https://doi.org/10.1101/2022.10.22.513328
F48L,1.43023,2.32551,2.001218147742734,Uncertain,Uncertain,,,0.099,cBioPortal,,True,0.2,,,,neutral,neutral,neutral,DOWN,neutral,neutral,neutral,,,,92.69,H,-0.0899,1.722,-1.2815,loss_of_function,0.0586699701850731,0.0026916193764396,Benign,0.8492,pathogenic,https://doi.org/10.1101/2022.10.22.513328
F48Y,1.48389,1.25408,0.7018955346293473,Neutral,Neutral,,,,mutations_clinvar,,True,0.2,,,,neutral,neutral,neutral,-,uncertain,uncertain,uncertain,1381433,Uncertain significance,1,92.69,H,-0.114,1.722,-8.7812,loss_of_function,-2.58190009984231,0.2965435858442449,Benign,0.45,ambiguous,https://doi.org/10.1101/2022.10.22.513328
L49F,2.84446,1.58129,2.001730069823672,Uncertain,Uncertain,3.18613394507e-05,2.9537859096e-05,0.419,"cBioPortal,mutations_clinvar",,True,0.0,,,,neutral,neutral,neutral,UP,neutral,neutral,neutral,884829,Uncertain significance,2,92.71,H,-0.1541,1.286,-6.4594,loss_of_function,-2.90748378049269,0.2489078138927334,Benign,0.4137,ambiguous,https://doi.org/10.1101/2022.10.22.513328
L49I,0.52327,-0.10748,1.467863526240978,Neutral,Neutral,,,0.102,"cBioPortal,COSMIC",,True,0.0,,,,neutral,neutral,neutral,-,uncertain,uncertain,uncertain,,,,92.71,H,-0.0791,1.286,-3.389,loss_of_function,-0.242584612035735,0.0025018139172482,Benign,0.1142,benign,https://doi.org/10.1101/2022.10.22.513328
Q50R,-0.62468,0.01633,-0.4124999001651586,Neutral,Neutral,,,,cBioPortal,,False,32.4,,,,neutral,neutral,neutral,UP,neutral,neutral,neutral,,,,90.43,H,-0.0173,2.2623,-1.4411,loss_of_function,0.337651929363562,4.379169788139988e-07,Benign,0.0554,benign,https://doi.org/10.1101/2022.10.22.513328
C53F,7.04714,3.72279,1.121826289301922,Destabilizing,Uncertain,,,0.241,cBioPortal,,False,0.4,,,,neutral,neutral,neutral,UP,neutral,neutral,neutral,,,,88.73,-,-0.1844,2.4813,-7.7747,loss_of_function,-2.59515749432043,0.7074893123806293,Pathogenic,0.649,pathogenic,https://doi.org/10.1101/2022.10.22.513328
H54R,-1.74157,0.71156,0.0411873527967004,Neutral,Neutral,,,0.144,cBioPortal,,False,70.6,,,,neutral,neutral,neutral,UP,neutral,neutral,neutral,,,,89.35,S,0.0107,2.8376,-5.974,gain_of_function,-2.09099099825297,0.0023529292692842,Benign,0.1712,benign,https://doi.org/10.1101/2022.10.22.513328
P55A,1.94607,0.82789,0.0387269393912392,Neutral,Neutral,,,0.097,cBioPortal,,False,49.2,,,,neutral,neutral,neutral,DOWN,neutral,neutral,neutral,,,,87.07,T,-0.0254,2.2618,-3.7846,loss_of_function,-0.905605104372089,0.0063387809191028,Benign,0.1061,benign,https://doi.org/10.1101/2022.10.22.513328
A56V,0.57141,0.29252,0.0423676869584999,Neutral,Neutral,,,,mutations_clinvar,,False,84.9,,,,neutral,neutral,neutral,UP,neutral,neutral,neutral,2087833,Uncertain significance,1,88.17,T,-0.0083,2.5142,-8.7845,loss_of_function,-2.44729311785921,0.0483968377479458,Benign,0.136,benign,https://doi.org/10.1101/2022.10.22.513328
C57S,0.60907,0.03741,0.468831500607651,Neutral,Neutral,,,0.094,cBioPortal,,False,29.3,,,,neutral,neutral,neutral,DOWN,neutral,neutral,neutral,,,,91.43,-,-0.1489,2.5274,-2.2928,loss_of_function,-0.33499424431627,1.31708967208961e-06,Benign,0.1195,benign,https://doi.org/10.1101/2022.10.22.513328
V59E,4.06677,4.2915,4.6460150029266405,Destabilizing,Destabilizing,,,,mutations_clinvar,,True,0.0,,,,neutral,neutral,neutral,-,uncertain,uncertain,uncertain,134133,not provided,0,95.05,E,-0.3706,1.1245,-22.0756,loss_of_function,-4.19876756054419,0.9576559762310924,Pathogenic,0.9852,pathogenic,https://doi.org/10.1101/2022.10.22.513328
N63H,3.14292,2.41224,0.812343461687017,Uncertain,Uncertain,,,,mutations_clinvar,,True,18.1,,,,neutral,neutral,neutral,UP,neutral,neutral,neutral,1696267,Uncertain significance,2,91.89,S,-0.2101,1.3358,-22.0724,loss_of_function,-2.46394484335994,0.8533206393894512,Pathogenic,0.5993,pathogenic,https://doi.org/10.1101/2022.10.22.513328
T64M,-2.04297,-0.50408,-0.280207317658413,Uncertain,Uncertain,,,0.305,cBioPortal,,True,3.9,,,,uncertain,,,UP,neutral,neutral,neutral,,,,91.16,-,-0.1018,2.0537,-7.1996,loss_of_function,-2.60165124290221,0.5725996964512541,Uncertain,0.2996,benign,https://doi.org/10.1101/2022.10.22.513328
Q65K,0.52144,0.68707,0.2156447703102809,Neutral,Neutral,,,0.050,"cBioPortal,COSMIC",,False,53.1,,,,neutral,neutral,neutral,UP,neutral,neutral,neutral,,,,89.33,-,0.0089,2.9145,-7.778,gain_of_function,-1.55193865326238,0.0017614557792478,Benign,0.1387,benign,https://doi.org/10.1101/2022.10.22.513328
Q65L,0.29014,-0.41701,-0.7747365392340366,Neutral,Neutral,,,,mutations_clinvar,,False,53.1,,,,neutral,neutral,neutral,UP,neutral,neutral,neutral,1710944,Uncertain significance,1,89.33,-,0.0261,2.9145,-7.1931,gain_of_function,-1.52779357653862,0.0004193023426855,Benign,0.0847,benign,https://doi.org/10.1101/2022.10.22.513328
P66Q,1.2555,1.62959,-0.333614794339071,Neutral,Neutral,,,0.050,cBioPortal,,False,57.5,,,,neutral,neutral,neutral,UP,neutral,neutral,neutral,,,,88.72,H,0.003,2.938,-4.8513,gain_of_function,-0.0651310843680855,0.0008967356016701,Benign,0.1572,benign,https://doi.org/10.1101/2022.10.22.513328
P66T,1.81012,1.47347,-0.261859431242889,Neutral,Neutral,,,0.069,COSMIC,,False,57.5,,,,neutral,neutral,neutral,-,uncertain,uncertain,uncertain,,,,88.72,H,0.0281,2.938,-3.1733,gain_of_function,-0.373728186853556,2.526361529713596e-05,Benign,0.0893,benign,https://doi.org/10.1101/2022.10.22.513328
A67T,0.60511,0.91088,-0.0571856599412567,Neutral,Neutral,,,0.081,"cBioPortal,COSMIC,mutations_clinvar",,False,40.1,,,,neutral,neutral,neutral,UP,neutral,neutral,neutral,2174536,Uncertain significance,1,87.17,H,0.0961,3.4954,-5.4462,gain_of_function,-0.15851630655536,0.0027367088676712,Benign,0.0909,benign,https://doi.org/10.1101/2022.10.22.513328
E68K,1.59771,3.63027,1.9013617381172403,Uncertain,Neutral,,,0.660,cBioPortal,,False,2.5,,,,neutral,neutral,neutral,UP,neutral,neutral,neutral,,,,89.62,H,-0.2213,1.309,-22.0625,loss_of_function,-1.54471024189654,0.959990809841094,Pathogenic,0.8589,pathogenic,https://doi.org/10.1101/2022.10.22.513328
E70G,0.87272,0.76497,0.8573550057927795,Neutral,Neutral,,,0.408,"cBioPortal,COSMIC",,False,76.6,,,,neutral,neutral,neutral,DOWN,neutral,neutral,neutral,,,,89.92,H,0.0119,2.8777,-3.9165,gain_of_function,-1.76363835995447,0.1057773476580696,Benign,0.3624,ambiguous,https://doi.org/10.1101/2022.10.22.513328
E70K,0.0698,-0.22007,-0.0346323273211057,Neutral,Neutral,,,0.312,"cBioPortal,COSMIC,mutations_clinvar",,False,76.6,,,,neutral,neutral,neutral,UP,neutral,neutral,neutral,2167287,Uncertain significance,1,89.92,H,0.0172,2.8777,-3.6139,gain_of_function,-1.6296161463593,0.0316164296349717,Benign,0.5463,ambiguous,https://doi.org/10.1101/2022.10.22.513328
Y71C,3.26956,3.86156,3.727021088995464,Destabilizing,Destabilizing,,,0.687,"cBioPortal,COSMIC",,True,1.9,,,,uncertain,,,DOWN,neutral,neutral,neutral,,,,89.07,H,-0.1149,2.6008,-8.8232,loss_of_function,-2.27233445765456,0.7833324865913969,Pathogenic,0.5448,ambiguous,https://doi.org/10.1101/2022.10.22.513328
Y71H,2.53805,2.17075,2.259957660669418,Uncertain,Uncertain,,,,mutations_clinvar,,True,1.9,,,,uncertain,,,DOWN,neutral,neutral,neutral,134145,Uncertain significance,2,89.07,H,-0.035,2.6008,-5.5014,loss_of_function,-1.19713247282361,0.0351789423601827,Benign,0.5057,ambiguous,https://doi.org/10.1101/2022.10.22.513328
F72L,1.55771,1.44796,2.62939341448384,Neutral,Uncertain,,,,mutations_clinvar,,True,0.0,,,,neutral,neutral,neutral,DOWN,neutral,neutral,neutral,1508872,Uncertain significance,1,91.3,H,-0.055,2.2108,-3.256,loss_of_function,-0.431099486586503,0.0050072768153017,Benign,0.7443,pathogenic,https://doi.org/10.1101/2022.10.22.513328
I73V,0.76066,0.75578,0.9390024690396594,Neutral,Neutral,0.0001911193221635,0.0002229370362113,0.118,"COSMIC,mutations_clinvar",,True,29.2,,,,neutral,neutral,neutral,DOWN,neutral,neutral,neutral,134143,Uncertain significance,2,91.44,H,0.0699,2.7313,-4.5691,gain_of_function,-0.417855557956311,0.0130135983695536,Benign,0.105,benign,https://doi.org/10.1101/2022.10.22.513328
I78L,-0.07241,0.14456,-0.0593179986927039,Neutral,Neutral,,,,mutations_clinvar,,False,81.6,,,,neutral,neutral,neutral,-,uncertain,uncertain,uncertain,1424755,Uncertain significance,1,86.56,H,0.1145,3.5817,-3.3353,gain_of_function,-0.0657726099481313,1.971761376696601e-05,Benign,0.0604,benign,https://doi.org/10.1101/2022.10.22.513328
I78T,0.8602,0.70714,0.6713958082974231,Neutral,Neutral,,1.59150771483e-05,0.081,"cBioPortal,COSMIC",,False,81.6,,,,neutral,neutral,neutral,DOWN,neutral,neutral,neutral,,,,86.56,H,0.0402,3.5817,-3.7616,gain_of_function,-0.235066676923838,8.579327418910693e-06,Benign,0.0626,benign,https://doi.org/10.1101/2022.10.22.513328
E79G,1.07288,0.95884,0.7345470849699359,Neutral,Neutral,,,0.189,cBioPortal,,False,49.3,,,,neutral,neutral,neutral,DOWN,neutral,neutral,neutral,,,,84.13,T,0.0525,3.4765,-6.7615,gain_of_function,-1.98188189499974,0.0585495277274397,Benign,0.1196,benign,https://doi.org/10.1101/2022.10.22.513328
E79K,0.67766,1.65306,-0.0924335120222208,Neutral,Neutral,,3.9792442619e-06,0.187,"cBioPortal,COSMIC",,False,49.3,,,,neutral,neutral,neutral,UP,neutral,neutral,neutral,,,,84.13,T,0.0697,3.4765,-4.1177,gain_of_function,-1.57032169267776,0.0642522520979255,Benign,0.1069,benign,https://doi.org/10.1101/2022.10.22.513328
G80E,3.04622,1.20068,0.8150210267664045,Uncertain,Uncertain,,3.9789592634e-06,0.129,"cBioPortal,COSMIC",,False,100.6,,,,neutral,neutral,neutral,UP,neutral,neutral,neutral,,,,83.95,T,-0.1428,2.3902,-6.4528,loss_of_function,-0.427225144821813,0.0591611778198314,Benign,0.142,benign,https://doi.org/10.1101/2022.10.22.513328
G80R,2.35778,1.25476,0.5404659592275424,Uncertain,Uncertain,3.18552497452e-05,,0.283,COSMIC,,False,100.6,,,,neutral,neutral,neutral,UP,neutral,neutral,neutral,,,,83.95,T,-0.1597,2.3902,-6.4528,loss_of_function,-2.44559916883932,0.1838125720603274,Benign,0.2016,benign,https://doi.org/10.1101/2022.10.22.513328
V81F,2.12512,0.77245,0.519590071211331,Uncertain,Uncertain,,,,mutations_clinvar,,False,20.8,,,,neutral,neutral,neutral,UP,neutral,neutral,neutral,134144,Benign/Likely benign,2,84.04,-,-0.1932,2.5429,-22.0592,loss_of_function,-1.86171200091514,0.2982735258142268,Benign,0.1258,benign,https://doi.org/10.1101/2022.10.22.513328
V81I,-0.30186,0.33163,0.0539920885200079,Neutral,Neutral,0.0002548744743214,5.96820142282e-05,0.107,"COSMIC,mutations_clinvar",,False,20.8,,,,neutral,neutral,neutral,UP,neutral,neutral,neutral,408562,Conflicting interpretations of pathogenicity,1,84.04,-,0.0475,2.5429,-2.6422,gain_of_function,-0.124885483838072,0.0008578659763223,Benign,0.0712,benign,https://doi.org/10.1101/2022.10.22.513328
L84F,2.25738,3.42143,1.5164820144417357,Uncertain,Uncertain,,,,mutations_clinvar,,False,33.8,,,,neutral,neutral,neutral,UP,neutral,neutral,neutral,1399507,Uncertain significance,1,89.9,-,-0.0692,2.2464,-7.1327,loss_of_function,-2.45752148551094,0.7792515135049581,Pathogenic,0.2367,benign,https://doi.org/10.1101/2022.10.22.513328
R86C,1.28636,1.07381,1.220319417786327,Neutral,Neutral,,,,mutations_clinvar,,True,45.0,,,,neutral,neutral,neutral,DOWN,neutral,neutral,neutral,1049608,Uncertain significance,1,89.67,E,-0.1013,2.6113,-7.1258,loss_of_function,-0.29076916657171,0.1126776001981536,Benign,0.079,benign,https://doi.org/10.1101/2022.10.22.513328
R86H,1.48046,0.20442,0.4688917219287297,Neutral,Neutral,9.56632653061e-05,0.0001472449280092,0.159,"cBioPortal,COSMIC,mutations_clinvar",,True,45.0,,,,neutral,neutral,neutral,DOWN,neutral,neutral,neutral,647625,Uncertain significance,2,89.67,E,-0.0527,2.6113,-5.2514,loss_of_function,-0.517277175502226,0.1204070087913337,Benign,0.0762,benign,https://doi.org/10.1101/2022.10.22.513328
R86L,-0.48523,-0.34388,-0.1607680249409648,Neutral,Neutral,,,0.131,"cBioPortal,COSMIC",,True,45.0,,,,neutral,neutral,neutral,DOWN,neutral,neutral,neutral,,,,89.67,E,-0.0758,2.6113,-3.3889,loss_of_function,-1.23089315904438,0.0506720134641604,Benign,0.1414,benign,https://doi.org/10.1101/2022.10.22.513328
R86S,2.0867,1.14354,1.2466455551691715,Uncertain,Uncertain,,,0.183,"cBioPortal,COSMIC",,True,45.0,,,,neutral,neutral,neutral,DOWN,neutral,neutral,neutral,,,,89.67,E,-0.0858,2.6113,-5.7108,loss_of_function,-1.35712256145998,0.1041650885457632,Benign,0.2863,benign,https://doi.org/10.1101/2022.10.22.513328
R87C,0.28453,1.32517,1.7123935411651885,Neutral,Neutral,,1.98973297783e-05,0.207,"COSMIC,mutations_clinvar",,True,46.1,,,,neutral,neutral,neutral,DOWN,neutral,neutral,neutral,1060885,Uncertain significance,1,88.99,E,-0.0597,3.0953,-7.6899,loss_of_function,-1.06096056841091,0.0032191564709362,Benign,0.1605,benign,https://doi.org/10.1101/2022.10.22.513328
R87H,0.32749,1.67925,1.389351762857984,Neutral,Neutral,0.0001274697259401,8.35761020106e-05,0.159,"cBioPortal,mutations_clinvar",,True,46.1,,,,neutral,neutral,neutral,DOWN,neutral,neutral,neutral,541246,Uncertain significance,2,88.99,E,-0.0206,3.0953,-7.6899,loss_of_function,-2.07416982976306,0.0288123384402721,Benign,0.1766,benign,https://doi.org/10.1101/2022.10.22.513328
R87L,-1.12141,0.11837,0.2882959247476629,Neutral,Neutral,,,0.099,cBioPortal,,True,46.1,,,,neutral,neutral,neutral,DOWN,neutral,neutral,neutral,,,,88.99,E,-0.0482,3.0953,-6.69,loss_of_function,-1.44763841775733,0.0015147619703345,Benign,0.2987,benign,https://doi.org/10.1101/2022.10.22.513328
V88L,-1.14008,0.6551,-0.1458278986042543,Neutral,Neutral,,,0.256,cBioPortal,,True,0.1,,,,neutral,neutral,neutral,UP,neutral,neutral,neutral,,,,85.79,E,-0.0798,1.9679,-4.4697,loss_of_function,-1.71247888548507,0.0166135799560833,Benign,0.4454,ambiguous,https://doi.org/10.1101/2022.10.22.513328
T89K,0.1428,1.79558,0.4725418512411317,Neutral,Neutral,,,0.421,cBioPortal,,True,23.7,,,,uncertain,,,UP,neutral,neutral,neutral,,,,83.54,-,-0.1328,2.1327,-7.1832,loss_of_function,-1.37599143143363,0.3031472615657821,Benign,0.77,pathogenic,https://doi.org/10.1101/2022.10.22.513328
I92S,2.85113,2.82925,3.3819948400574966,Uncertain,Uncertain,,,,mutations_clinvar,,True,28.9,,,,neutral,neutral,neutral,DOWN,neutral,neutral,neutral,317799,Uncertain significance,1,82.02,S,-0.0729,3.3567,-5.5682,loss_of_function,-1.2977739764777,0.0038683059611785,Benign,0.4206,ambiguous,https://doi.org/10.1101/2022.10.22.513328
N95K,-0.3559,0.37721,-0.0931484796024717,Neutral,Neutral,,3.978167815e-06,0.030,cBioPortal,,False,112.3,,,,neutral,neutral,neutral,UP,neutral,neutral,neutral,,,,83.14,H,0.0587,3.1883,-3.1451,gain_of_function,-0.93888519377103,0.0024808646010712,Benign,0.1867,benign,https://doi.org/10.1101/2022.10.22.513328
S96R,1.0193,-0.85238,-0.4217940861769015,Neutral,Neutral,,,,mutations_clinvar,,False,48.8,,,,uncertain,,,UP,neutral,neutral,neutral,1049071,Uncertain significance,1,86.96,H,-0.0537,2.7422,-8.8422,loss_of_function,-0.875805074123158,0.01703676845479,Benign,0.2047,benign,https://doi.org/10.1101/2022.10.22.513328
R97C,2.77239,2.26837,1.8964699973948065,Uncertain,Uncertain,3.18572793883e-05,1.19353581005e-05,0.858,cBioPortal,,False,15.0,,,,neutral,neutral,neutral,DOWN,neutral,neutral,neutral,,,,89.1,H,-0.4087,0.1029,-22.1363,loss_of_function,-6.45497779270614,0.980352047124913,Pathogenic,0.9106,pathogenic,https://doi.org/10.1101/2022.10.22.513328
R97H,4.38613,3.36054,1.2818788930101657,Destabilizing,Uncertain,,1.59144439493e-05,0.884,"cBioPortal,COSMIC",,False,15.0,,,,neutral,neutral,neutral,DOWN,neutral,neutral,neutral,,,,89.1,H,-0.3696,0.1029,-22.1363,loss_of_function,-6.69411356999932,0.9792872388334632,Pathogenic,0.9207,pathogenic,https://doi.org/10.1101/2022.10.22.513328
R97L,0.38054,0.55306,-0.0452810216500548,Neutral,Neutral,,,0.926,"cBioPortal,COSMIC",,False,15.0,,,,neutral,neutral,neutral,DOWN,neutral,neutral,neutral,,,,89.1,H,-0.3345,0.1029,-8.8485,loss_of_function,-6.45497779270614,0.9355378794015432,Pathogenic,0.9741,pathogenic,https://doi.org/10.1101/2022.10.22.513328
Y98C,1.15094,2.49728,2.189753032612772,Uncertain,Uncertain,,,0.364,cBioPortal,,False,63.5,,,,uncertain,,,DOWN,neutral,neutral,neutral,,,,90.26,H,-0.1239,2.5048,-8.8454,loss_of_function,-1.03010388277602,0.1466291365214939,Benign,0.1774,benign,https://doi.org/10.1101/2022.10.22.513328
E99A,0.70436,0.00782,0.3171868521150217,Neutral,Neutral,,,0.133,COSMIC,,False,78.2,,,,neutral,neutral,neutral,DOWN,neutral,neutral,neutral,,,,89.9,H,0.0582,3.1635,-5.0381,gain_of_function,-0.968842535441771,0.0006345011472392,Benign,0.1067,benign,https://doi.org/10.1101/2022.10.22.513328
Q103E,0.14577,1.19864,-0.0136750622205134,Neutral,Neutral,,,0.061,"cBioPortal,COSMIC",,True,56.2,,,,neutral,neutral,neutral,DOWN,neutral,neutral,neutral,,,,89.57,T,0.0583,2.8258,-1.9969,gain_of_function,-0.480833119612643,0.0001115655720697,Benign,0.0678,benign,https://doi.org/10.1101/2022.10.22.513328
G104C,6.76158,4.61122,1.4518556288275646,Destabilizing,Uncertain,,,0.860,"cBioPortal,COSMIC",,True,9.1,,,,neutral,neutral,neutral,UP,neutral,neutral,neutral,,,,90.71,-,-0.4277,0.1657,-22.1457,loss_of_function,-5.14502523766069,0.9518689400724754,Pathogenic,0.9181,pathogenic,https://doi.org/10.1101/2022.10.22.513328
G104R,6.89781,6.41667,0.6332127628890627,Destabilizing,Uncertain,,,0.795,cBioPortal,,True,9.1,,,,neutral,neutral,neutral,UP,neutral,neutral,neutral,,,,90.71,-,-0.4445,0.1657,-22.1457,loss_of_function,-4.26367049032461,0.8596340325842475,Pathogenic,0.9498,pathogenic,https://doi.org/10.1101/2022.10.22.513328
G105R,5.31182,4.68776,7.081692844621941,Destabilizing,Destabilizing,,,,mutations_clinvar,,False,0.0,,,,neutral,neutral,neutral,UP,neutral,neutral,neutral,2130865,Uncertain significance,1,91.8,E,-0.377,0.1065,-7.861,loss_of_function,-3.82681863228999,0.923777626562016,Pathogenic,0.9287,pathogenic,https://doi.org/10.1101/2022.10.22.513328
V106G,5.2904,5.02075,5.578792039352711,Destabilizing,Destabilizing,,,,mutations_clinvar,,False,0.0,,,,neutral,neutral,neutral,DOWN,neutral,neutral,neutral,1908155,Uncertain significance,1,94.22,E,-0.3248,1.6465,-22.1519,loss_of_function,-4.15859516505594,0.8986317109067655,Pathogenic,0.6835,pathogenic,https://doi.org/10.1101/2022.10.22.513328
I107L,0.37682,0.77551,0.8312252194325775,Neutral,Neutral,,3.9788009485e-06,0.087,"cBioPortal,COSMIC",,False,0.1,,,,neutral,neutral,neutral,-,uncertain,uncertain,uncertain,,,,94.25,E,0.0255,2.5135,-1.5155,gain_of_function,-0.202665625245044,9.89446852034611e-07,Benign,0.0775,benign,https://doi.org/10.1101/2022.10.22.513328
I107M,0.91512,1.95952,1.379607558230151,Neutral,Neutral,,,,mutations_clinvar,,False,0.1,,,,neutral,neutral,neutral,-,uncertain,uncertain,uncertain,1937948,Uncertain significance,1,94.25,E,0.0,2.5135,-5.4047,neutral,-1.34742111234347,0.0020679872698074,Benign,0.1493,benign,https://doi.org/10.1101/2022.10.22.513328
A109T,0.7433,1.13163,0.7166290378825648,Neutral,Neutral,,,,mutations_clinvar,,True,0.5,,,,neutral,neutral,neutral,UP,neutral,neutral,neutral,474205,Conflicting interpretations of pathogenicity,1,89.66,E,-0.1528,1.717,-22.1519,loss_of_function,-2.97871907726318,0.4705427566681381,Uncertain,0.1825,benign,https://doi.org/10.1101/2022.10.22.513328
A109V,-1.99564,0.06293,-0.4072384384913774,Neutral,Neutral,,1.19393481116e-05,0.068,"cBioPortal,COSMIC,mutations_clinvar",,True,0.5,,,,neutral,neutral,neutral,UP,neutral,neutral,neutral,1009936,Uncertain significance,1,89.66,E,-0.0426,1.717,-1.1363,loss_of_function,0.184277830400259,1.5895924474460785e-06,Benign,0.1451,benign,https://doi.org/10.1101/2022.10.22.513328
T110I,-0.12138,-0.72925,-0.3710294599534502,Neutral,Neutral,,,0.692,"cBioPortal,COSMIC",,True,64.5,,,,uncertain,,,UP,neutral,neutral,neutral,,,,88.75,-,-0.2749,0.7966,-22.1519,loss_of_function,-5.58310878646676,0.9761598997831272,Pathogenic,0.9808,pathogenic,https://doi.org/10.1101/2022.10.22.513328
R112K,0.07401,0.67381,0.1610465251600784,Neutral,Neutral,,,0.812,cBioPortal,,True,32.4,,,,neutral,neutral,neutral,-,uncertain,uncertain,uncertain,,,,86.69,H,-0.2643,0.3844,-22.1519,loss_of_function,-2.51652811886408,0.765316270009657,Pathogenic,0.8513,pathogenic,https://doi.org/10.1101/2022.10.22.513328
R112S,1.20096,0.63912,0.3630048242236627,Neutral,Neutral,,,,mutations_clinvar,,True,32.4,,,,neutral,neutral,neutral,DOWN,neutral,neutral,neutral,2106386,Uncertain significance,1,86.69,H,-0.2987,0.3844,-7.2792,loss_of_function,-3.76363073894563,0.4524548172440333,Uncertain,0.968,pathogenic,https://doi.org/10.1101/2022.10.22.513328
V116F,-0.1412,1.3119,0.2021966951048437,Neutral,Neutral,,,0.849,cBioPortal,,True,9.7,,,,neutral,neutral,neutral,UP,neutral,neutral,neutral,,,,89.17,H,-0.3947,0.3586,-22.155,loss_of_function,-6.03908704267968,0.8994615746330363,Pathogenic,0.8382,pathogenic,https://doi.org/10.1101/2022.10.22.513328
V116I,-0.84376,-0.34524,-0.1747201741053183,Neutral,Neutral,6.37145587767e-05,7.56411583448e-05,0.425,"cBioPortal,mutations_clinvar",,True,9.7,,,,neutral,neutral,neutral,UP,neutral,neutral,neutral,1354384,Uncertain significance,2,89.17,H,-0.1751,0.3586,-6.8672,loss_of_function,-2.2742033215084,0.4216778914054441,Uncertain,0.2898,benign,https://doi.org/10.1101/2022.10.22.513328
F118L,1.22139,1.7398,2.375587591903928,Neutral,Uncertain,,,0.217,"cBioPortal,COSMIC",,True,0.4,,,,neutral,neutral,neutral,DOWN,neutral,neutral,neutral,,,,92.17,H,-0.0949,1.664,-1.205,loss_of_function,-0.628894538131459,0.0013184703895308,Benign,0.7974,pathogenic,https://doi.org/10.1101/2022.10.22.513328
L119F,5.52802,2.53776,1.5704662597890533,Uncertain,Uncertain,,,0.737,"cBioPortal,COSMIC",,True,6.0,,,,neutral,neutral,neutral,UP,neutral,neutral,neutral,,,,90.2,H,-0.3489,0.0399,-22.1581,loss_of_function,-6.26474616394846,0.9854324369421092,Pathogenic,0.9493,pathogenic,https://doi.org/10.1101/2022.10.22.513328
T120I,-0.06646,0.6381,-0.2212006304773461,Neutral,Neutral,,,0.289,"cBioPortal,COSMIC",,True,26.9,,,,uncertain,,,UP,neutral,neutral,neutral,,,,88.65,T,-0.145,2.2093,-22.1581,loss_of_function,-2.7642749350904,0.8056371262281198,Pathogenic,0.5739,pathogenic,https://doi.org/10.1101/2022.10.22.513328
D121G,-1.02807,1.18503,0.8810919992794077,Neutral,Neutral,,,0.188,"cBioPortal,COSMIC",,True,73.0,,,,neutral,neutral,neutral,DOWN,neutral,neutral,neutral,,,,88.79,T,-0.004,2.8069,-3.1155,loss_of_function,-0.325431260100024,0.0094141387237971,Benign,0.082,benign,https://doi.org/10.1101/2022.10.22.513328
I123V,1.875,0.63435,1.1507670601475994,Neutral,Neutral,,,,mutations_clinvar,,True,0.3,,,,neutral,neutral,neutral,DOWN,neutral,neutral,neutral,885757,Uncertain significance,1,91.22,S,-0.0223,1.6003,-2.241,loss_of_function,-0.763488378055932,0.0012503695697524,Benign,0.1718,benign,https://doi.org/10.1101/2022.10.22.513328
P124H,4.0742,2.0051,-0.5222780413226852,Uncertain,Uncertain,,,0.783,cBioPortal,,True,16.8,,,,neutral,neutral,neutral,UP,neutral,neutral,neutral,,,,90.67,-,-0.1905,1.1702,-8.8702,loss_of_function,-2.77219251339562,0.604056654788401,Uncertain,0.7907,pathogenic,https://doi.org/10.1101/2022.10.22.513328
D126H,0.31475,-0.33946,-0.2544881887659656,Neutral,Neutral,,,,mutations_clinvar,,False,91.8,,,,neutral,neutral,neutral,UP,neutral,neutral,neutral,1393292,Uncertain significance,1,89.48,G,0.0156,2.9662,-2.5128,gain_of_function,-0.660568122637465,7.227728310889218e-05,Benign,0.1184,benign,https://doi.org/10.1101/2022.10.22.513328
D126V,-0.36754,0.20714,0.055307263304537,Neutral,Neutral,,,,mutations_clinvar,,False,91.8,,,,neutral,neutral,neutral,UP,neutral,neutral,neutral,1414046,Uncertain significance,1,89.48,G,-0.0427,2.9662,-6.5484,loss_of_function,-1.83534609111682,0.0624187865273396,Benign,0.1787,benign,https://doi.org/10.1101/2022.10.22.513328
G130C,6.01361,1.05986,5.693329597190366,Uncertain,Destabilizing,,,0.875,"cBioPortal,COSMIC",,True,0.0,,,,neutral,neutral,neutral,UP,neutral,neutral,neutral,,,,93.99,E,-0.443,0.0001,-22.1704,loss_of_function,-5.27384836759557,0.9653342141591754,Pathogenic,0.9663,pathogenic,https://doi.org/10.1101/2022.10.22.513328
G130D,7.51313,3.2415,7.556784883729819,Destabilizing,Destabilizing,,,0.884,"cBioPortal,COSMIC",,True,0.0,,,,neutral,neutral,neutral,UP,neutral,neutral,neutral,,,,93.99,E,-0.4436,0.0001,-22.1704,loss_of_function,-6.66271733912209,0.9770152646063996,Pathogenic,0.9965,pathogenic,https://doi.org/10.1101/2022.10.22.513328
L132F,1.59536,1.23095,0.4242156940181002,Neutral,Neutral,9.55535737037e-05,3.9767440011e-06,0.266,"COSMIC,mutations_clinvar",,True,0.0,,,,neutral,neutral,neutral,UP,neutral,neutral,neutral,435075,Uncertain significance,2,96.22,E,-0.1122,1.6922,-5.5607,loss_of_function,-2.26382987932287,0.1634517991996158,Benign,0.3858,ambiguous,https://doi.org/10.1101/2022.10.22.513328
Y134C,2.45112,2.77313,2.264231876736975,Uncertain,Uncertain,,3.9766174892e-06,0.615,COSMIC,,False,7.0,,,,uncertain,,,DOWN,neutral,neutral,neutral,,,,94.67,S,-0.1571,1.9697,-5.7127,loss_of_function,-2.37620571322402,0.0179549575776056,Benign,0.1441,benign,https://doi.org/10.1101/2022.10.22.513328
R135K,2.19865,-0.66463,0.7676693337332177,Uncertain,Uncertain,,,,mutations_clinvar,,False,23.3,,,,neutral,neutral,neutral,-,uncertain,uncertain,uncertain,1043957,Uncertain significance,1,93.01,S,-0.0297,1.8636,-2.8603,loss_of_function,-0.278724286467543,4.767290630936161e-05,Benign,0.1048,benign,https://doi.org/10.1101/2022.10.22.513328
R135T,4.38344,2.26633,1.52253081590694,Uncertain,Uncertain,,3.9768388903e-06,0.570,"cBioPortal,COSMIC",,False,23.3,,,,neutral,neutral,neutral,DOWN,neutral,neutral,neutral,,,,93.01,S,-0.2429,1.8636,-22.1704,loss_of_function,-2.85200142989628,0.474472122450689,Uncertain,0.8077,pathogenic,https://doi.org/10.1101/2022.10.22.513328
A136T,2.33803,2.17143,1.5864904199756953,Uncertain,Uncertain,,,0.878,"cBioPortal,COSMIC",,False,0.0,,,,neutral,neutral,neutral,UP,neutral,neutral,neutral,,,,92.69,G,-0.2931,0.1942,-22.1734,loss_of_function,-2.56188050936109,0.7616247241771208,Pathogenic,0.7514,pathogenic,https://doi.org/10.1101/2022.10.22.513328
H137D,0.66752,0.86122,1.6975883549198534,Neutral,Neutral,,,,mutations_clinvar,,False,11.3,,,,neutral,neutral,neutral,DOWN,neutral,neutral,neutral,1938950,Uncertain significance,1,91.66,G,-0.1227,1.3394,-2.9788,loss_of_function,-2.04957458514976,0.0756804406451616,Benign,0.5934,pathogenic,https://doi.org/10.1101/2022.10.22.513328
H137Y,-1.4527,-0.78095,0.0224412231530624,Neutral,Neutral,,,0.848,cBioPortal,,False,11.3,,,,neutral,neutral,neutral,UP,neutral,neutral,neutral,,,,91.66,G,-0.0724,1.3394,-7.8856,loss_of_function,-3.23686223730911,0.9496702112334264,Pathogenic,0.7115,pathogenic,https://doi.org/10.1101/2022.10.22.513328
R138K,-0.04824,0.09864,0.4999395060800027,Neutral,Neutral,,,0.078,"cBioPortal,COSMIC,mutations_clinvar",,False,50.7,,,,neutral,neutral,neutral,-,uncertain,uncertain,uncertain,566287,Uncertain significance,1,89.32,G,0.0127,2.2538,-1.5728,gain_of_function,-0.365610458214353,2.491907736541104e-05,Benign,0.1139,benign,https://doi.org/10.1101/2022.10.22.513328
E141K,0.19907,0.04932,0.2028609181568019,Neutral,Neutral,,1.98840363003e-05,0.523,cBioPortal,,False,83.8,,,,neutral,neutral,neutral,UP,neutral,neutral,neutral,,,,76.94,T,-0.0792,2.1222,-8.8825,loss_of_function,-3.19778225563784,0.3254354726024113,Uncertain,0.6045,pathogenic,https://doi.org/10.1101/2022.10.22.513328
S142Y,0.19922,-0.69898,-0.6247374373932979,Neutral,Neutral,6.36942675159e-05,1.19302320032e-05,0.632,"cBioPortal,mutations_clinvar",,False,44.4,,,,uncertain,,,UP,neutral,neutral,neutral,1044188,Uncertain significance,1,78.0,-,-0.143,1.6537,-8.8825,loss_of_function,-3.08363462816587,0.5895181443766582,Uncertain,0.774,pathogenic,https://doi.org/10.1101/2022.10.22.513328
Q144R,-0.52387,0.99388,0.073671537564191,Neutral,Neutral,,,,mutations_clinvar,,False,19.1,,,,neutral,neutral,neutral,UP,neutral,neutral,neutral,1924942,Uncertain significance,1,89.07,H,-0.1529,1.9377,-22.1734,loss_of_function,-3.67982842230159,0.7630603556296809,Pathogenic,0.7559,pathogenic,https://doi.org/10.1101/2022.10.22.513328
A146S,0.4749,1.39354,1.4212648674922006,Neutral,Neutral,,,0.311,cBioPortal,,False,25.0,,,,neutral,neutral,neutral,-,uncertain,uncertain,uncertain,,,,89.43,H,-0.1749,0.4783,-5.3038,loss_of_function,-0.493080634142295,0.0058499403069758,Benign,0.1084,benign,https://doi.org/10.1101/2022.10.22.513328
I148T,3.08091,2.38946,3.275532817765199,Uncertain,Destabilizing,,,0.616,"cBioPortal,COSMIC",,False,0.0,,,,neutral,neutral,neutral,DOWN,neutral,neutral,neutral,,,,92.78,H,-0.2902,1.0122,-22.1765,loss_of_function,-4.2058664532856,0.969076375389563,Pathogenic,0.8828,pathogenic,https://doi.org/10.1101/2022.10.22.513328
R150C,2.16708,0.62891,1.155882249189916,Uncertain,Uncertain,3.18552497452e-05,1.1930137117e-05,0.893,"cBioPortal,COSMIC,mutations_clinvar",,False,9.8,,,,neutral,neutral,neutral,DOWN,neutral,neutral,neutral,929553,Uncertain significance,1,89.8,H,-0.4057,0.1385,-22.1734,loss_of_function,-5.54820974130337,0.9694085828749932,Pathogenic,0.7474,pathogenic,https://doi.org/10.1101/2022.10.22.513328
R150H,1.48481,1.00782,0.1945397165037155,Neutral,Neutral,3.18593092902e-05,7.9533614882e-06,0.877,"cBioPortal,COSMIC",,False,9.8,,,,neutral,neutral,neutral,DOWN,neutral,neutral,neutral,,,,89.8,H,-0.3665,0.1385,-22.1734,loss_of_function,-4.62958038538335,0.8770096964511591,Pathogenic,0.5354,ambiguous,https://doi.org/10.1101/2022.10.22.513328
L151F,4.50111,2.72823,2.4885060019186547,Uncertain,Uncertain,,,,mutations_clinvar,,False,0.6,,,,neutral,neutral,neutral,UP,neutral,neutral,neutral,1338625,Uncertain significance,1,90.58,H,-0.2438,1.1827,-22.1734,loss_of_function,-3.97411899402443,0.8761030503086136,Pathogenic,0.8411,pathogenic,https://doi.org/10.1101/2022.10.22.513328
R153C,1.0045,0.66769,1.5951578477599582,Neutral,Neutral,3.186336987e-05,3.9768388903e-06,0.845,"cBioPortal,COSMIC,mutations_clinvar",,False,0.0,,,,neutral,neutral,neutral,DOWN,neutral,neutral,neutral,1411215,Uncertain significance,1,90.31,H,-0.405,0.1456,-22.1734,loss_of_function,-5.87692372561446,0.9729053716427676,Pathogenic,0.6907,pathogenic,https://doi.org/10.1101/2022.10.22.513328
R153H,3.54618,2.01565,0.6344434178028496,Uncertain,Uncertain,,2.38606537819e-05,0.901,"cBioPortal,mutations_clinvar",,False,0.0,,,,neutral,neutral,neutral,DOWN,neutral,neutral,neutral,2416015,Uncertain significance,1,90.31,H,-0.3659,0.1456,-22.1734,loss_of_function,-6.80133272703209,0.8215813225965826,Pathogenic,0.7569,pathogenic,https://doi.org/10.1101/2022.10.22.513328
R153L,-1.1447,-0.84898,-0.3625001937532557,Neutral,Neutral,,3.9767756303e-06,0.895,"cBioPortal,COSMIC",,False,0.0,,,,neutral,neutral,neutral,DOWN,neutral,neutral,neutral,,,,90.31,H,-0.3986,0.1456,-22.1734,loss_of_function,-6.80133272703209,0.9672139775137468,Pathogenic,0.9502,pathogenic,https://doi.org/10.1101/2022.10.22.513328
R153P,5.86,11.11769,8.097712676752765,Destabilizing,Destabilizing,,3.9767756303e-06,0.919,"cBioPortal,COSMIC,mutations_clinvar",,False,0.0,,,,neutral,neutral,neutral,DOWN,neutral,neutral,neutral,16581,Pathogenic,0,90.31,H,-0.5382,0.1456,-22.1734,loss_of_function,-6.80133272703209,0.9777845019172352,Pathogenic,0.9982,pathogenic,https://doi.org/10.1101/2022.10.22.513328
N156S,3.45841,3.05952,2.269074941850784,Destabilizing,Uncertain,,,0.636,"cBioPortal,COSMIC",,False,6.5,,,,neutral,neutral,neutral,DOWN,neutral,neutral,neutral,,,,90.12,-,-0.2287,0.0219,-8.8856,loss_of_function,-4.13277497882469,0.2511714161595545,Benign,0.7274,pathogenic,https://doi.org/10.1101/2022.10.22.513328
R158C,0.64851,0.74218,1.0847513653159029,Neutral,Neutral,3.1849162367e-05,7.9535512606e-06,0.088,"cBioPortal,COSMIC,mutations_clinvar",,False,103.5,,,,neutral,neutral,neutral,DOWN,neutral,neutral,neutral,1077178,Uncertain significance,1,89.13,S,-0.0598,3.1053,-7.8856,loss_of_function,-2.25493833561324,0.0294364489629116,Benign,0.083,benign,https://doi.org/10.1101/2022.10.22.513328
R158H,0.31067,-0.03776,-0.0645951096673108,Neutral,Neutral,,1.59071025213e-05,0.059,"cBioPortal,COSMIC,mutations_clinvar",,False,103.5,,,,neutral,neutral,neutral,DOWN,neutral,neutral,neutral,807995,Uncertain significance,2,89.13,S,-0.0114,3.1053,-6.0783,loss_of_function,-0.229873566562542,0.0031133398615397,Benign,0.0702,benign,https://doi.org/10.1101/2022.10.22.513328
G159D,13.6127,5.75442,2.0723767223420424,Destabilizing,Uncertain,,,,mutations_clinvar,,False,10.3,,,,neutral,neutral,neutral,UP,neutral,neutral,neutral,2444877,Uncertain significance,1,91.32,S,-0.4233,0.2202,-22.1734,loss_of_function,-6.12283920653431,0.9640061613635924,Pathogenic,0.988,pathogenic,https://doi.org/10.1101/2022.10.22.513328
G159S,4.06849,1.92313,1.095848295639907,Uncertain,Uncertain,,,,mutations_clinvar,,False,10.3,,,,neutral,neutral,neutral,UP,neutral,neutral,neutral,1397907,Uncertain significance,1,91.32,S,-0.369,0.2202,-22.1734,loss_of_function,-3.17895093602859,0.7994210874971912,Pathogenic,0.5968,pathogenic,https://doi.org/10.1101/2022.10.22.513328
K162E,2.59062,2.38946,1.6080959824112435,Uncertain,Uncertain,,,,mutations_clinvar,,False,2.6,,,,neutral,neutral,neutral,DOWN,neutral,neutral,neutral,949722,Uncertain significance,1,96.01,E,-0.3264,0.2247,-22.1734,loss_of_function,-6.14839988606031,0.9727517880294384,Pathogenic,0.9861,pathogenic,https://doi.org/10.1101/2022.10.22.513328
A163T,2.87447,2.9949,1.4331830569651405,Uncertain,Uncertain,,,0.833,"cBioPortal,COSMIC",,False,0.0,,,,neutral,neutral,neutral,UP,neutral,neutral,neutral,,,,96.16,E,-0.2876,0.2532,-22.1704,loss_of_function,-4.01269721559596,0.8630316229471606,Pathogenic,0.9241,pathogenic,https://doi.org/10.1101/2022.10.22.513328
N167D,0.76178,0.2483,0.8884244619500317,Neutral,Neutral,,,0.154,"COSMIC,mutations_clinvar",,False,26.9,,,,neutral,neutral,neutral,-,uncertain,uncertain,uncertain,837122,Uncertain significance,1,92.29,-,-0.0106,2.5265,-4.7982,loss_of_function,-0.618098496104999,0.0101250658487278,Benign,0.1631,benign,https://doi.org/10.1101/2022.10.22.513328
A168D,4.71362,3.05476,1.1246281286151718,Destabilizing,Uncertain,,,0.496,cBioPortal,,False,0.2,,,,neutral,neutral,neutral,UP,neutral,neutral,neutral,,,,92.48,G,-0.2927,1.4049,-22.1734,loss_of_function,-5.35960934380813,0.8732022153392816,Pathogenic,0.9828,pathogenic,https://doi.org/10.1101/2022.10.22.513328
A168G,1.83103,2.63095,1.3250371912210015,Uncertain,Neutral,,,,mutations_clinvar,,False,0.2,,,,neutral,neutral,neutral,DOWN,neutral,neutral,neutral,240126,Conflicting interpretations of pathogenicity,1,92.48,G,-0.2045,1.4049,-22.1734,loss_of_function,-5.35960934380813,0.9433251023634156,Pathogenic,0.4364,ambiguous,https://doi.org/10.1101/2022.10.22.513328
A168V,-1.33851,-0.05782,-0.3906556676920819,Neutral,Neutral,0.0007960262370248,0.0002107707847831,0.262,"cBioPortal,mutations_clinvar",,False,0.2,,,,neutral,neutral,neutral,UP,neutral,neutral,neutral,695963,Conflicting interpretations of pathogenicity,1,92.48,G,-0.092,1.4049,-5.1853,loss_of_function,-1.82147742618221,0.0260975772084426,Benign,0.2752,benign,https://doi.org/10.1101/2022.10.22.513328
A170S,0.94151,0.89592,0.2800945770966323,Neutral,Neutral,,,0.025,COSMIC,,False,29.5,,,,neutral,neutral,neutral,-,uncertain,uncertain,uncertain,,,,88.06,G,-0.0092,2.1242,-2.5107,loss_of_function,-0.602812109679503,0.0014983151805737,Benign,0.0889,benign,https://doi.org/10.1101/2022.10.22.513328
D172H,0.05864,2.63231,-0.3032067364263729,Uncertain,Neutral,,,,mutations_clinvar,,True,54.2,,,,neutral,neutral,neutral,UP,neutral,neutral,neutral,1039227,Uncertain significance,1,81.32,G,-0.0573,2.3838,-6.2946,loss_of_function,-1.16423180534964,0.0002347441801667,Benign,0.19,benign,https://doi.org/10.1101/2022.10.22.513328
D172N,-0.25523,1.20442,-0.1485658718483484,Neutral,Neutral,,,0.098,cBioPortal,,True,54.2,,,,neutral,neutral,neutral,-,uncertain,uncertain,uncertain,,,,81.32,G,-0.0045,2.3838,-4.2946,loss_of_function,-0.119005685248002,5.977742161065067e-06,Benign,0.0797,benign,https://doi.org/10.1101/2022.10.22.513328
G174R,2.37149,2.89762,1.0449674384849477,Uncertain,Uncertain,,,,mutations_clinvar,,True,104.6,,,,neutral,neutral,neutral,UP,neutral,neutral,neutral,2476412,Uncertain significance,1,70.14,S,-0.368,0.2619,-8.8886,loss_of_function,-4.4551592466912,0.755845356027734,Pathogenic,0.9366,pathogenic,https://doi.org/10.1101/2022.10.22.513328
F175V,0.56928,-0.23401,0.5457324571808916,Neutral,Neutral,,,0.608,COSMIC,,True,101.8,,,,neutral,neutral,neutral,DOWN,neutral,neutral,neutral,,,,75.36,T,-0.1872,1.3823,-7.8887,loss_of_function,-2.48855147914364,0.45325134136965,Uncertain,0.8069,pathogenic,https://doi.org/10.1101/2022.10.22.513328
H177L,-0.71106,0.3483,0.0229847145973194,Neutral,Neutral,,,0.252,COSMIC,,True,9.5,,,,neutral,neutral,neutral,UP,neutral,neutral,neutral,,,,87.5,H,-0.0612,2.3643,-8.8825,loss_of_function,-3.15865957103939,0.1116801659341854,Benign,0.1816,benign,https://doi.org/10.1101/2022.10.22.513328
H177R,-0.09588,0.28503,0.9394679619347376,Neutral,Neutral,,,0.153,cBioPortal,,True,9.5,,,,neutral,neutral,neutral,UP,neutral,neutral,neutral,,,,87.5,H,-0.0243,2.3643,-4.2977,loss_of_function,-0.674959205339392,0.0002947426529048,Benign,0.1056,benign,https://doi.org/10.1101/2022.10.22.513328
H177Y,-2.67819,-0.66769,-0.7669335380564102,Uncertain,Uncertain,,,,mutations_clinvar,,True,9.5,,,,neutral,neutral,neutral,UP,neutral,neutral,neutral,2005321,Uncertain significance,1,87.5,H,-0.051,2.3643,-22.1704,loss_of_function,-3.15159534959884,0.4054139216973454,Uncertain,0.1992,benign,https://doi.org/10.1101/2022.10.22.513328
V178L,0.33956,0.31905,0.0558802868045643,Neutral,Neutral,,,,mutations_clinvar,,True,0.5,,,,neutral,neutral,neutral,UP,neutral,neutral,neutral,474207,Uncertain significance,2,91.29,H,-0.1091,1.4823,-1.4397,loss_of_function,-1.38660746430765,0.0137958399292071,Benign,0.6078,pathogenic,https://doi.org/10.1101/2022.10.22.513328
V178M,-0.31059,1.34558,0.6405993434487633,Neutral,Neutral,,,,mutations_clinvar,,True,0.5,,,,neutral,neutral,neutral,UP,neutral,neutral,neutral,2164294,Uncertain significance,1,91.29,H,-0.1429,1.4823,-6.2977,loss_of_function,-2.15911193520387,0.2286037431625429,Benign,0.6007,pathogenic,https://doi.org/10.1101/2022.10.22.513328
E179K,0.15221,0.54218,0.2843308001436434,Neutral,Neutral,,,0.737,cBioPortal,,True,45.1,,,,neutral,neutral,neutral,UP,neutral,neutral,neutral,,,,89.5,H,-0.0768,1.9321,-4.9727,loss_of_function,-2.37378108686219,0.2327407110423557,Benign,0.9194,pathogenic,https://doi.org/10.1101/2022.10.22.513328
R180K,0.18576,0.31701,0.3751827356963055,Neutral,Neutral,,,0.259,"cBioPortal,COSMIC",,True,40.3,,,,neutral,neutral,neutral,-,uncertain,uncertain,uncertain,,,,88.87,H,-0.0134,2.0889,-3.7127,loss_of_function,-0.483754133117057,0.0095943552085518,Benign,0.3504,ambiguous,https://doi.org/10.1101/2022.10.22.513328
R180T,1.18641,0.97245,0.518487038524362,Neutral,Neutral,,,0.590,cBioPortal,,True,40.3,,,,neutral,neutral,neutral,DOWN,neutral,neutral,neutral,,,,88.87,H,-0.1216,2.0889,-2.4564,loss_of_function,-1.65975992022798,0.1953062371808626,Benign,0.908,pathogenic,https://doi.org/10.1101/2022.10.22.513328
V181M,2.79157,2.34184,1.8592606815704715,Uncertain,Uncertain,,,,mutations_clinvar,,True,0.0,,,,neutral,neutral,neutral,UP,neutral,neutral,neutral,1397332,Uncertain significance,1,91.93,H,-0.0777,1.9775,-2.4488,loss_of_function,-1.4275408817868,0.0252906804351345,Benign,0.3646,ambiguous,https://doi.org/10.1101/2022.10.22.513328
N184D,0.6155,1.23571,0.637957101404111,Neutral,Neutral,,,,mutations_clinvar,,False,36.3,,,,neutral,neutral,neutral,-,uncertain,uncertain,uncertain,2111027,Uncertain significance,1,90.27,H,-0.1304,2.1893,-22.1886,loss_of_function,-1.83594990179833,0.3668696415810424,Uncertain,0.6329,pathogenic,https://doi.org/10.1101/2022.10.22.513328
L185F,8.84658,2.95748,2.600243029981496,Uncertain,Uncertain,,,0.781,"cBioPortal,COSMIC",,False,0.0,,,,neutral,neutral,neutral,UP,neutral,neutral,neutral,,,,92.69,T,-0.2376,0.4261,-7.3159,loss_of_function,-4.34493898504082,0.5284265739167832,Uncertain,0.839,pathogenic,https://doi.org/10.1101/2022.10.22.513328
L185I,3.54974,2.92925,1.6320666542638755,Uncertain,Uncertain,,3.9770286823e-06,0.496,cBioPortal,,False,0.0,,,,neutral,neutral,neutral,-,uncertain,uncertain,uncertain,,,,92.69,T,-0.1761,0.4261,-6.9008,loss_of_function,-1.8313627593952,0.3144265658700946,Benign,0.3243,benign,https://doi.org/10.1101/2022.10.22.513328
L185P,8.34175,11.20374,8.821975994690519,Destabilizing,Destabilizing,,,0.887,COSMIC,,False,0.0,,,,neutral,neutral,neutral,DOWN,neutral,neutral,neutral,,,,92.69,T,-0.4634,0.4261,-22.1886,loss_of_function,-6.53879850668154,0.9600100714745904,Pathogenic,0.9967,pathogenic,https://doi.org/10.1101/2022.10.22.513328
L185R,8.96016,7.27551,5.2329246113199375,Destabilizing,Destabilizing,,,0.888,cBioPortal,,False,0.0,,,,neutral,neutral,neutral,UP,neutral,neutral,neutral,,,,92.69,T,-0.4602,0.4261,-22.1886,loss_of_function,-6.53879850668154,0.9672599920439974,Pathogenic,0.9834,pathogenic,https://doi.org/10.1101/2022.10.22.513328
K189R,0.01812,0.46395,0.1655107179230591,Neutral,Neutral,,,0.282,COSMIC,,False,57.6,,,,neutral,neutral,neutral,-,uncertain,uncertain,uncertain,,,,92.59,E,0.0177,2.005,-4.734,gain_of_function,-0.437685040645577,0.0227346618098474,Benign,0.0825,benign,https://doi.org/10.1101/2022.10.22.513328
Y191C,2.8164,2.16565,3.454855672925857,Uncertain,Uncertain,,,0.544,COSMIC,P,True,14.2,3.276,,,uncertain,uncertain,uncertain,DOWN,neutral,neutral,neutral,,,,94.77,E,-0.197,2.4503,-22.1856,loss_of_function,-2.09588492613036,0.6735025124137716,Uncertain,0.1355,benign,https://doi.org/10.1101/2022.10.22.513328
W193C,4.20839,3.06973,3.449767534913593,Destabilizing,Destabilizing,,,0.894,COSMIC,,True,4.8,,,,neutral,neutral,neutral,DOWN,neutral,neutral,neutral,,,,94.4,E,-0.3766,0.7374,-8.9037,loss_of_function,-3.94598901264732,0.6083856132991947,Uncertain,0.9271,pathogenic,https://doi.org/10.1101/2022.10.22.513328
W193R,3.42329,3.28231,2.770796222621149,Destabilizing,Uncertain,,,0.849,cBioPortal,,True,4.8,,,,neutral,neutral,neutral,DOWN,neutral,neutral,neutral,,,,94.4,E,-0.4923,0.7374,-22.1916,loss_of_function,-5.88691410663118,0.960089710151842,Pathogenic,0.9878,pathogenic,https://doi.org/10.1101/2022.10.22.513328
F196L,1.56758,1.06701,0.4401396860408407,Neutral,Neutral,,,0.820,"cBioPortal,COSMIC",,False,31.4,,,,neutral,neutral,neutral,DOWN,neutral,neutral,neutral,,,,92.24,T,-0.3415,0.1485,-22.1976,loss_of_function,-6.24885069858363,0.9770123527251422,Pathogenic,0.9992,pathogenic,https://doi.org/10.1101/2022.10.22.513328
V198L,-0.12355,-0.05,-0.1591136166106299,Neutral,Neutral,,,0.046,"cBioPortal,COSMIC",,False,108.1,,,,neutral,neutral,neutral,UP,neutral,neutral,neutral,,,,91.1,H,-0.0257,2.5761,-4.8194,loss_of_function,-1.54749485585579,0.0018318078084458,Benign,0.2344,benign,https://doi.org/10.1101/2022.10.22.513328
N201H,-0.21279,-0.69626,-0.198437994620354,Neutral,Neutral,,,0.153,cBioPortal,,True,55.4,,,,neutral,neutral,neutral,UP,neutral,neutral,neutral,,,,90.72,H,0.0307,2.9752,-4.4475,gain_of_function,-0.630173326882413,0.0029165403659675,Benign,0.0583,benign,https://doi.org/10.1101/2022.10.22.513328
L204V,2.49867,2.71599,2.5485159914060174,Uncertain,Uncertain,,,0.659,cBioPortal,,False,0.5,,,,neutral,neutral,neutral,DOWN,neutral,neutral,neutral,,,,87.87,H,-0.2927,0.4022,-22.1946,loss_of_function,-3.18583804487414,0.7110779079900187,Pathogenic,0.5026,ambiguous,https://doi.org/10.1101/2022.10.22.513328
E205K,0.06699,0.1119,0.1609260716297789,Neutral,Neutral,,,0.209,"cBioPortal,COSMIC",,False,56.4,,,,neutral,neutral,neutral,UP,neutral,neutral,stabilizing,,,,88.32,H,-0.0535,2.0896,-3.26,loss_of_function,-2.30734919542902,0.0057568854548678,Benign,0.4937,ambiguous,https://doi.org/10.1101/2022.10.22.513328
P209T,2.40272,1.01633,0.993656678806781,Uncertain,Uncertain,,,0.552,cBioPortal,,False,8.7,,,,neutral,neutral,neutral,-,uncertain,uncertain,uncertain,,,,87.64,-,-0.1273,1.4564,-6.9069,loss_of_function,-1.93212587165659,0.5982563291397582,Uncertain,0.7348,pathogenic,https://doi.org/10.1101/2022.10.22.513328
E210K,0.24306,1.57857,0.4156366396660754,Neutral,Neutral,,,0.267,"cBioPortal,COSMIC",,False,68.8,,,,neutral,neutral,neutral,UP,neutral,neutral,stabilizing,,,,89.74,E,-0.0986,1.8251,-7.3249,loss_of_function,-2.44324565309443,0.0472322503102811,Benign,0.5029,ambiguous,https://doi.org/10.1101/2022.10.22.513328
E210V,0.46234,0.67653,0.1180423758651233,Neutral,Neutral,,,0.413,"cBioPortal,COSMIC",,False,68.8,,,,neutral,neutral,neutral,-,uncertain,uncertain,uncertain,,,,89.74,E,-0.0928,1.8251,-7.9098,loss_of_function,-2.48979529219594,0.0705126569315233,Benign,0.4537,ambiguous,https://doi.org/10.1101/2022.10.22.513328
E213K,-0.32796,2.31667,0.4580447616701821,Uncertain,Neutral,,,0.917,cBioPortal,,False,28.0,,,,neutral,neutral,neutral,UP,neutral,neutral,stabilizing,,,,90.72,E,-0.3261,0.1771,-22.1976,loss_of_function,-5.59453037356491,0.8826004083370247,Pathogenic,0.9718,pathogenic,https://doi.org/10.1101/2022.10.22.513328
S217C,0.20974,0.74762,0.7212957589240465,Neutral,Neutral,,,0.236,"cBioPortal,COSMIC",,True,103.3,,,,uncertain,,,UP,neutral,neutral,neutral,,,,90.12,-,-0.0213,2.6263,-8.9098,loss_of_function,-0.605741423195862,0.0590452231922953,Benign,0.0972,benign,https://doi.org/10.1101/2022.10.22.513328
S217F,-0.18569,-0.39694,-0.1774844109507134,Neutral,Neutral,,,0.232,"cBioPortal,COSMIC",,True,103.3,,,,uncertain,,,UP,neutral,neutral,neutral,,,,90.12,-,-0.1167,2.6263,-22.1976,loss_of_function,-2.25528868580591,0.0685945124773816,Benign,0.1563,benign,https://doi.org/10.1101/2022.10.22.513328
M218I,2.15746,2.81156,0.7272640653314277,Uncertain,Uncertain,,,0.133,COSMIC,,True,1.4,,,,neutral,neutral,neutral,-,uncertain,uncertain,uncertain,,,,88.74,-,-0.0786,1.584,-3.7004,loss_of_function,-1.66813167594761,0.0068234419514666,Benign,0.6977,pathogenic,https://doi.org/10.1101/2022.10.22.513328
P220H,2.18072,1.0483,-1.053872878363512,Uncertain,Uncertain,,,0.307,cBioPortal,,True,88.3,,,,neutral,neutral,neutral,UP,neutral,neutral,stabilizing,,,,90.6,H,-0.0546,2.539,-6.9129,loss_of_function,-2.08597920907581,0.0397158478369988,Benign,0.1739,benign,https://doi.org/10.1101/2022.10.22.513328
T221A,0.55497,1.03912,0.2879731148391562,Neutral,Neutral,,,0.101,"cBioPortal,COSMIC",,True,33.0,,,,uncertain,,,DOWN,neutral,neutral,neutral,,,,90.43,H,0.0243,2.6064,-1.2224,gain_of_function,-0.0184117096320567,9.637940043404427e-09,Benign,0.0438,benign,https://doi.org/10.1101/2022.10.22.513328
T221I,0.27343,-1.05476,-0.0484687583727161,Neutral,Neutral,,,0.069,cBioPortal,,True,33.0,,,,uncertain,,,UP,neutral,neutral,neutral,,,,90.43,H,-0.1087,2.6064,-22.2036,loss_of_function,-2.83468041890139,0.0142757079490067,Benign,0.177,benign,https://doi.org/10.1101/2022.10.22.513328
A224S,0.89381,0.46599,0.5613324034423134,Neutral,Neutral,,,0.113,COSMIC,,True,43.8,,,,neutral,neutral,neutral,-,uncertain,uncertain,uncertain,,,,92.54,H,0.0786,3.1384,-3.594,gain_of_function,-0.150498088322371,0.0106352966462956,Benign,0.096,benign,https://doi.org/10.1101/2022.10.22.513328
A224V,0.50118,0.24694,-0.1313140695094472,Neutral,Neutral,,,,mutations_clinvar,,True,43.8,,,,neutral,neutral,neutral,UP,neutral,neutral,neutral,1420671,Uncertain significance,1,92.54,H,0.0566,3.1384,-7.3309,gain_of_function,-0.954835443007183,0.0512464528432412,Benign,0.1804,benign,https://doi.org/10.1101/2022.10.22.513328
Q226H,4.41313,2.76327,0.5147302925547805,Uncertain,Uncertain,,,0.661,"cBioPortal,COSMIC",,True,8.3,,,,neutral,neutral,neutral,UP,neutral,neutral,neutral,,,,92.53,H,-0.1725,0.3873,-4.0579,loss_of_function,-3.44098852100234,0.1509590792144217,Benign,0.9367,pathogenic,https://doi.org/10.1101/2022.10.22.513328
T227I,-0.34283,-0.20748,-0.3953018624777593,Neutral,Neutral,,,0.233,"cBioPortal,COSMIC",,True,72.3,,,,uncertain,,,UP,neutral,neutral,stabilizing,,,,93.22,H,-0.0159,2.7115,-5.9159,loss_of_function,-2.20819705914855,0.0181217088337684,Benign,0.3489,ambiguous,https://doi.org/10.1101/2022.10.22.513328
A228T,2.16202,1.52619,1.2286963586066786,Uncertain,Uncertain,,,0.197,"cBioPortal,COSMIC",,True,7.3,,,,neutral,neutral,neutral,UP,neutral,neutral,neutral,,,,92.89,H,-0.0613,1.8219,-6.1085,loss_of_function,-1.8384073771852,0.0240824726823418,Benign,0.2428,benign,https://doi.org/10.1101/2022.10.22.513328
A228V,3.72334,1.10136,0.8254968305701612,Uncertain,Uncertain,,7.9574752523e-06,0.322,COSMIC,,True,7.3,,,,neutral,neutral,neutral,UP,neutral,neutral,neutral,,,,92.89,H,-0.1405,1.8219,-22.2036,loss_of_function,-4.69990593138475,0.7826671327005977,Pathogenic,0.5525,ambiguous,https://doi.org/10.1101/2022.10.22.513328
I229V,1.48769,1.35646,1.9613915787530711,Neutral,Neutral,,,0.112,"cBioPortal,COSMIC,mutations_clinvar",,True,0.0,,,,neutral,neutral,neutral,DOWN,neutral,neutral,neutral,2029594,Uncertain significance,1,92.78,H,-0.0349,1.485,-2.6305,loss_of_function,-0.122515610945044,0.0006034509343134,Benign,0.0699,benign,https://doi.org/10.1101/2022.10.22.513328
L230P,5.91595,13.67891,8.358548834765706,Destabilizing,Destabilizing,,,,mutations_clinvar,,True,21.6,,,,neutral,neutral,neutral,DOWN,neutral,neutral,neutral,55826,Pathogenic,0,91.36,H,-0.3698,1.4442,-22.2036,loss_of_function,-5.38926097879313,0.8795473635496223,Pathogenic,0.9882,pathogenic,https://doi.org/10.1101/2022.10.22.513328
D231G,1.32792,1.0119,0.6645302356202348,Neutral,Neutral,,,0.664,"cBioPortal,COSMIC",,True,73.4,,,,neutral,neutral,neutral,DOWN,neutral,neutral,neutral,,,,92.24,H,-0.2141,1.5819,-22.2036,loss_of_function,-3.60296462725723,0.5341424484680529,Uncertain,0.7557,pathogenic,https://doi.org/10.1101/2022.10.22.513328
D231V,1.07309,-0.31327,-0.4748221997005347,Neutral,Neutral,,,0.744,cBioPortal,,True,73.4,,,,neutral,neutral,neutral,UP,neutral,neutral,neutral,,,,92.24,H,-0.1618,1.5819,-4.9159,loss_of_function,-3.26650401266025,0.200055413243626,Benign,0.8662,pathogenic,https://doi.org/10.1101/2022.10.22.513328
I232F,14.68888,1.91224,1.9366812480600064,Uncertain,Uncertain,,3.9787376261e-06,0.682,"cBioPortal,COSMIC",,False,0.0,,,,neutral,neutral,neutral,UP,neutral,neutral,neutral,,,,91.56,H,-0.2078,1.9485,-22.2036,loss_of_function,-4.21822505080439,0.671576827639319,Uncertain,0.9077,pathogenic,https://doi.org/10.1101/2022.10.22.513328
N234H,-0.06669,-0.41973,-0.2974945354065084,Neutral,Neutral,3.18369945877e-05,1.98954296219e-05,0.182,"cBioPortal,mutations_clinvar",,False,49.9,,,,neutral,neutral,neutral,UP,neutral,neutral,neutral,1319876,Uncertain significance,2,90.18,H,-0.0508,2.2266,-6.9158,loss_of_function,-3.16031036242676,0.1638599039510284,Benign,0.1122,benign,https://doi.org/10.1101/2022.10.22.513328
N234K,-0.80041,-0.44796,-0.1454080508935112,Neutral,Neutral,,,0.160,"cBioPortal,COSMIC",,False,49.9,,,,neutral,neutral,neutral,UP,neutral,neutral,neutral,,,,90.18,H,-0.0449,2.2266,-6.1085,loss_of_function,-2.37381426647512,0.0156174014227626,Benign,0.4673,ambiguous,https://doi.org/10.1101/2022.10.22.513328
A235T,0.70966,-0.03639,0.5200465503587917,Neutral,Neutral,,,,mutations_clinvar,,False,46.2,,,,neutral,neutral,neutral,UP,neutral,neutral,neutral,646508,Uncertain significance,2,89.26,H,0.0189,2.583,-4.1085,gain_of_function,-1.19131875749016,0.0102333898263493,Benign,0.1278,benign,https://doi.org/10.1101/2022.10.22.513328
A235V,-0.21887,-0.24116,-0.0426965343999069,Neutral,Neutral,,,0.210,cBioPortal,,False,46.2,,,,neutral,neutral,neutral,UP,neutral,neutral,neutral,,,,89.26,H,0.029,2.583,-2.7261,gain_of_function,-0.557484435747905,0.0257378624606889,Benign,0.1288,benign,https://doi.org/10.1101/2022.10.22.513328
C236R,1.1957,0.25,1.3565752833814189,Neutral,Neutral,,,,mutations_clinvar,,False,4.7,,,,neutral,neutral,neutral,UP,neutral,neutral,neutral,55827,Likely pathogenic,1,88.19,H,-0.3536,2.0757,-22.2036,loss_of_function,-4.91482861695152,0.7792985817376148,Pathogenic,0.9804,pathogenic,https://doi.org/10.1101/2022.10.22.513328
L237P,7.27633,14.92517,9.510099060024448,Destabilizing,Destabilizing,,,0.811,"cBioPortal,COSMIC",,False,3.2,,,,neutral,neutral,neutral,DOWN,neutral,neutral,neutral,,,,86.97,H,-0.3549,1.6068,-22.2036,loss_of_function,-5.1494932136398,0.938099817678486,Pathogenic,0.9944,pathogenic,https://doi.org/10.1101/2022.10.22.513328
K238E,0.55056,0.28299,0.3262467203396224,Neutral,Neutral,,,,mutations_clinvar,,False,73.1,,,,neutral,neutral,neutral,DOWN,neutral,neutral,neutral,1041656,Uncertain significance,1,86.35,H,-0.121,2.4588,-22.2036,loss_of_function,-2.08113497028214,0.1527415253783279,Benign,0.2845,benign,https://doi.org/10.1101/2022.10.22.513328
E239K,-0.42415,-0.36088,0.0497257023972697,Neutral,Neutral,,,0.724,"cBioPortal,mutations_clinvar",,False,48.6,,,,neutral,neutral,neutral,UP,neutral,neutral,neutral,1180613,Likely pathogenic,1,85.34,H,-0.2953,0.5123,-22.2036,loss_of_function,-4.71960788980886,0.7429374925337023,Pathogenic,0.8586,pathogenic,https://doi.org/10.1101/2022.10.22.513328
E239Q,0.02509,-0.35646,0.0874243714851952,Neutral,Neutral,,,0.375,cBioPortal,,False,48.6,,,,neutral,neutral,neutral,UP,neutral,neutral,neutral,,,,85.34,H,-0.1564,0.5123,-4.668,loss_of_function,-2.30529685532768,0.0985478402564893,Benign,0.591,pathogenic,https://doi.org/10.1101/2022.10.22.513328
C242Y,-1.02861,-0.19252,-0.8533232836512072,Neutral,Neutral,,3.9791175909e-06,0.079,"cBioPortal,COSMIC",,False,86.6,,,,neutral,neutral,neutral,UP,neutral,neutral,neutral,,,,80.56,H,-0.2243,2.1564,-7.9128,loss_of_function,-0.999524578545552,0.0134784986037957,Benign,0.0859,benign,https://doi.org/10.1101/2022.10.22.513328
H243R,0.2551,0.12177,0.636729056845042,Neutral,Neutral,,,,mutations_clinvar,,False,49.0,,,,neutral,neutral,neutral,UP,neutral,neutral,neutral,888037,Uncertain significance,2,74.56,H,0.0454,3.3773,-8.9128,gain_of_function,-2.66303781181934,0.0606800498202119,Benign,0.1152,benign,https://doi.org/10.1101/2022.10.22.513328
N244D,2.55277,1.93435,2.3523454755108344,Uncertain,Uncertain,,,0.504,cBioPortal,,False,15.3,,,,neutral,neutral,neutral,-,uncertain,uncertain,uncertain,,,,73.8,-,-0.261,0.7706,-22.2006,loss_of_function,-2.68155649262435,0.6869807941886414,Pathogenic,0.8258,pathogenic,https://doi.org/10.1101/2022.10.22.513328
N244K,-0.87181,2.13061,1.910719799161518,Uncertain,Neutral,,,,mutations_clinvar,,False,15.3,,,,neutral,neutral,neutral,UP,neutral,neutral,neutral,2476324,Uncertain significance,1,73.8,-,-0.183,0.7706,-6.9129,loss_of_function,-3.78841897555015,0.3670428046117236,Uncertain,0.9086,pathogenic,https://doi.org/10.1101/2022.10.22.513328
S246L,-1.56575,0.13129,-0.52245011147806,Neutral,Neutral,,3.9799410969e-06,0.090,"cBioPortal,COSMIC,mutations_clinvar",,False,86.5,,,,uncertain,,,UP,neutral,neutral,neutral,1440039,Uncertain significance,1,67.26,T,-0.0008,3.0135,-6.5909,loss_of_function,-1.60829380408925,0.0176484255773393,Benign,0.082,benign,https://doi.org/10.1101/2022.10.22.513328
S246P,-0.8334,3.88231,1.858465152967822,Uncertain,Neutral,,,0.197,cBioPortal,,False,86.5,,,,uncertain,,,UP,neutral,neutral,neutral,,,,67.26,T,-0.0886,3.0135,-8.9128,loss_of_function,-3.35206974244883,0.1970893636207112,Benign,0.3381,benign,https://doi.org/10.1101/2022.10.22.513328
S246T,0.51345,0.1119,0.1377652172570798,Neutral,Neutral,,,,mutations_clinvar,,False,86.5,,,,neutral,,,UP,neutral,neutral,neutral,2173629,Uncertain significance,1,67.26,T,0.1082,3.0135,-2.2405,gain_of_function,-0.0889022109377813,0.0001032305229104,Benign,0.0669,benign,https://doi.org/10.1101/2022.10.22.513328
E248Q,0.01678,-0.05578,0.4392712657668557,Neutral,Neutral,,,0.284,cBioPortal,,False,82.6,,,,neutral,neutral,neutral,UP,neutral,neutral,neutral,,,,61.19,-,-0.1076,1.2224,-7.9128,loss_of_function,-2.020313931364,0.5793144769391385,Uncertain,0.3713,ambiguous,https://doi.org/10.1101/2022.10.22.513328
E250K,-0.4553,-0.2102,0.0948253295543843,Neutral,Neutral,,,0.499,cBioPortal,,False,108.2,,,,neutral,neutral,neutral,UP,neutral,neutral,stabilizing,,,,63.87,T,-0.1007,1.8349,-7.9098,loss_of_function,-3.24405493622688,0.5922730539552075,Uncertain,0.3547,ambiguous,https://doi.org/10.1101/2022.10.22.513328
D251N,0.80555,0.00102,0.408847963102848,Neutral,Neutral,,,0.375,"COSMIC,mutations_clinvar",,False,45.9,,,,neutral,neutral,neutral,-,uncertain,uncertain,uncertain,858142,Uncertain significance,1,67.48,T,-0.1291,1.2851,-8.9128,loss_of_function,-2.0711956687705,0.4703371726677846,Uncertain,0.3865,ambiguous,https://doi.org/10.1101/2022.10.22.513328
D251V,-0.23401,-0.06973,0.0422570756281098,Neutral,Neutral,,,0.723,cBioPortal,,False,45.9,,,,neutral,neutral,neutral,UP,neutral,neutral,neutral,,,,67.48,T,-0.2095,1.2851,-8.9128,loss_of_function,-3.25821625887325,0.3778268680569451,Uncertain,0.5772,pathogenic,https://doi.org/10.1101/2022.10.22.513328
L252V,3.09162,2.35306,2.570664102949588,Uncertain,Uncertain,,,0.117,cBioPortal,,False,3.3,,,,neutral,neutral,neutral,DOWN,neutral,neutral,neutral,,,,73.81,S,-0.0583,1.938,-3.9557,loss_of_function,-1.78350005312955,0.0140356830660539,Benign,0.2031,benign,https://doi.org/10.1101/2022.10.22.513328
S253A,1.18018,0.13333,0.3015523948067744,Neutral,Neutral,,,,ERCC4_icope_sentieon_input,,False,48.7,,,,uncertain,,,-,uncertain,uncertain,uncertain,,,,78.94,S,-0.0555,1.65,-7.9098,loss_of_function,-2.16607540922268,0.1606001095358701,Benign,0.186,benign,https://doi.org/10.1101/2022.10.22.513328
S253F,0.53372,0.89082,-0.1641787591136839,Neutral,Neutral,,,0.414,"cBioPortal,COSMIC",,False,48.7,,,,uncertain,,,UP,neutral,neutral,stabilizing,,,,78.94,S,-0.2065,1.65,-22.1976,loss_of_function,-4.75986153223101,0.8403644930666092,Pathogenic,0.6303,pathogenic,https://doi.org/10.1101/2022.10.22.513328
A257S,1.01264,1.18367,1.99746352362777,Neutral,Neutral,,,,mutations_clinvar,,False,0.0,,,,neutral,neutral,neutral,-,uncertain,uncertain,uncertain,1433271,Uncertain significance,1,79.27,H,-0.0695,1.5594,-4.152,loss_of_function,-0.885990193433618,0.0041109716632696,Benign,0.2052,benign,https://doi.org/10.1101/2022.10.22.513328
A257V,0.90261,2.13571,0.6971108261696926,Uncertain,Neutral,,,0.172,"cBioPortal,COSMIC",,False,0.0,,,,neutral,neutral,neutral,UP,neutral,neutral,neutral,,,,79.27,H,-0.0798,1.5594,-5.585,loss_of_function,-2.76812917089962,0.0086792063884438,Benign,0.2248,benign,https://doi.org/10.1101/2022.10.22.513328
G259E,-1.48723,-1.02177,-0.0265187991605064,Neutral,Neutral,,9.95762036772e-05,0.277,"COSMIC,mutations_clinvar",,False,27.2,,,,neutral,neutral,neutral,UP,neutral,neutral,neutral,2049718,Uncertain significance,1,73.81,S,-0.1063,2.8667,-7.9068,loss_of_function,-2.10666286500307,0.4319313959960543,Uncertain,0.6276,pathogenic,https://doi.org/10.1101/2022.10.22.513328
P261L,0.20149,-3.68401,-1.0549838503213127,Uncertain,Neutral,,,,mutations_clinvar,,True,53.7,,,,neutral,neutral,neutral,UP,neutral,neutral,neutral,1062238,Uncertain significance,1,68.15,T,-0.0574,2.7284,-8.9128,loss_of_function,-2.91601207432938,0.0014998429455344,Benign,0.1256,benign,https://doi.org/10.1101/2022.10.22.513328
D263H,2.36065,0.67381,0.0402836896702585,Uncertain,Uncertain,,,0.187,cBioPortal,,True,38.4,,,,neutral,neutral,neutral,UP,neutral,neutral,neutral,,,,74.54,H,-0.1023,1.68,-2.418,loss_of_function,-2.39040086073779,0.0073829868187808,Benign,0.6248,pathogenic,https://doi.org/10.1101/2022.10.22.513328
D263N,2.4389,0.52143,0.4443337712356709,Uncertain,Uncertain,,,0.285,cBioPortal,,True,38.4,,,,neutral,neutral,neutral,-,uncertain,uncertain,uncertain,,,,74.54,H,-0.1606,1.68,-22.1976,loss_of_function,-3.3244716219345,0.2757762944309383,Benign,0.3615,ambiguous,https://doi.org/10.1101/2022.10.22.513328
K264E,-0.61024,-0.04966,-0.2169326347502248,Neutral,Neutral,,,,mutations_clinvar,,True,83.2,,,,neutral,neutral,neutral,DOWN,neutral,neutral,neutral,656025,Uncertain significance,1,74.75,H,-0.0319,2.5141,-5.7459,loss_of_function,-2.29606484620788,0.1611892327310481,Benign,0.5918,pathogenic,https://doi.org/10.1101/2022.10.22.513328
K264N,0.42273,-0.07313,0.0129693826559318,Neutral,Neutral,,,0.311,cBioPortal,,True,83.2,,,,neutral,neutral,neutral,DOWN,neutral,neutral,neutral,,,,74.75,H,-0.0252,2.5141,-5.7459,loss_of_function,-1.79043791706723,0.199983154919651,Benign,0.8237,pathogenic,https://doi.org/10.1101/2022.10.22.513328
T265I,-0.9097,-1.08299,-0.7103206773176907,Neutral,Neutral,,,,mutations_clinvar,,False,37.2,,,,uncertain,,,UP,neutral,neutral,neutral,1462492,Uncertain significance,1,75.8,H,-0.0116,2.5093,-1.4359,loss_of_function,-0.542324733154895,0.0007135824822362,Benign,0.1659,benign,https://doi.org/10.1101/2022.10.22.513328
I266M,-0.88525,1.32959,1.7939942582966772,Neutral,Neutral,,,,mutations_clinvar,,False,5.7,,,,neutral,neutral,neutral,-,uncertain,uncertain,uncertain,652281,Uncertain significance,2,78.39,H,-0.0979,1.589,-7.9277,loss_of_function,-1.69526152265239,0.2971348462465559,Benign,0.3039,benign,https://doi.org/10.1101/2022.10.22.513328
I266V,1.16051,0.70884,1.2993373287717465,Neutral,Neutral,,,0.119,"cBioPortal,COSMIC",,False,5.7,,,,neutral,neutral,neutral,DOWN,neutral,neutral,neutral,,,,78.39,H,-0.0221,1.589,-1.997,loss_of_function,-0.517021635907015,0.0020505294313773,Benign,0.1001,benign,https://doi.org/10.1101/2022.10.22.513328
R267C,1.07926,1.46939,1.889768035512149,Neutral,Neutral,,3.184459836e-05,0.470,"cBioPortal,COSMIC,ERCC4_icope_sentieon_input,mutations_clinvar",,False,58.7,,,,neutral,neutral,neutral,DOWN,neutral,neutral,neutral,1060514,Uncertain significance,1,75.62,H,-0.2108,1.4107,-6.9218,loss_of_function,-1.39602202398456,0.0729425118128922,Benign,0.1603,benign,https://doi.org/10.1101/2022.10.22.513328
R267G,1.64427,1.56122,2.349461119164288,Neutral,Uncertain,,,0.553,cBioPortal,,False,58.7,,,,neutral,neutral,neutral,DOWN,neutral,neutral,neutral,,,,75.62,H,-0.3153,1.4107,-22.2096,loss_of_function,-3.86932172849473,0.3409086359138915,Uncertain,0.5686,pathogenic,https://doi.org/10.1101/2022.10.22.513328
R267H,0.26258,0.44864,0.8527873900036994,Neutral,Neutral,,,,mutations_clinvar,,False,58.7,,,,neutral,neutral,neutral,DOWN,neutral,neutral,neutral,929557,Uncertain significance,1,75.62,H,-0.163,1.4107,-5.2214,loss_of_function,-2.87173518802246,0.0774650781518901,Benign,0.1561,benign,https://doi.org/10.1101/2022.10.22.513328
R267L,-0.16641,0.22891,0.0586287575469396,Neutral,Neutral,,2.38826882354e-05,0.603,"cBioPortal,mutations_clinvar",,False,58.7,,,,neutral,neutral,neutral,DOWN,neutral,neutral,neutral,1007763,Uncertain significance,1,75.62,H,-0.2146,1.4107,-8.9217,loss_of_function,-4.71062248909528,0.8001138591781785,Pathogenic,0.4979,ambiguous,https://doi.org/10.1101/2022.10.22.513328
H268R,-0.03597,-0.73095,0.1909038363680321,Neutral,Neutral,,,0.302,COSMIC,,False,88.8,,,,neutral,neutral,neutral,UP,neutral,neutral,neutral,,,,73.54,H,0.0257,2.7543,-1.5295,gain_of_function,-1.11699588637557,0.0014755772717615,Benign,0.2534,benign,https://doi.org/10.1101/2022.10.22.513328
L270P,6.76505,10.74558,9.307355309086969,Destabilizing,Destabilizing,,,,mutations_clinvar,,True,1.4,,,,neutral,neutral,neutral,DOWN,neutral,neutral,neutral,966101,Uncertain significance,1,75.63,H,-0.4765,0.285,-22.2066,loss_of_function,-6.59691252426691,0.9703279947949416,Pathogenic,0.9971,pathogenic,https://doi.org/10.1101/2022.10.22.513328
P272H,2.29933,-2.4398,-0.4207583373926415,Uncertain,Uncertain,,,0.638,cBioPortal,,True,25.5,,,,neutral,neutral,neutral,UP,neutral,neutral,neutral,,,,69.32,T,-0.2738,1.0051,-22.2066,loss_of_function,-3.64995570883141,0.457927213228562,Uncertain,0.7594,pathogenic,https://doi.org/10.1101/2022.10.22.513328
P272S,3.0258,-2.16565,0.0576312097571934,Uncertain,Uncertain,,,0.447,COSMIC,,True,25.5,,,,neutral,neutral,neutral,DOWN,neutral,neutral,neutral,,,,69.32,T,-0.1516,1.0051,-5.9189,loss_of_function,-2.86325879888304,0.0639373614456088,Benign,0.7142,pathogenic,https://doi.org/10.1101/2022.10.22.513328
H275Y,-0.75483,-0.30748,-0.1481260830049685,Neutral,Neutral,,,,mutations_clinvar,,True,34.0,,,,neutral,neutral,neutral,UP,neutral,neutral,neutral,1420110,Uncertain significance,1,70.33,T,-0.1576,0.3598,-6.9158,loss_of_function,-2.3821914273501,0.1863999769516411,Benign,0.3927,ambiguous,https://doi.org/10.1101/2022.10.22.513328
Q276H,0.72694,0.97925,-0.3688582248900335,Neutral,Neutral,,,"0.394, 0.395","cBioPortal,COSMIC",,True,26.0,,,,neutral,neutral,neutral,UP,neutral,neutral,neutral,,,,68.72,T,-0.0847,1.5563,-7.9158,loss_of_function,-3.2627717899669,0.4362097021015478,Uncertain,0.4973,ambiguous,https://doi.org/10.1101/2022.10.22.513328
L277P,4.6891,8.14354,6.774881572185931,Destabilizing,Destabilizing,,,,mutations_clinvar,,True,10.0,,,,neutral,neutral,neutral,DOWN,neutral,neutral,neutral,1410080,Uncertain significance,1,75.84,S,-0.3833,1.2976,-22.2006,loss_of_function,-5.70144443886551,0.9705460524132395,Pathogenic,0.983,pathogenic,https://doi.org/10.1101/2022.10.22.513328
G278A,0.16368,-0.58878,0.2591158161878193,Neutral,Neutral,,,0.308,"cBioPortal,COSMIC",,True,117.8,,,,neutral,neutral,neutral,UP,neutral,neutral,neutral,,,,76.59,-,-0.1506,1.6831,-6.9158,loss_of_function,-2.06417238082168,0.2036538343800258,Benign,0.3791,ambiguous,https://doi.org/10.1101/2022.10.22.513328
K280M,-0.92179,-0.34626,0.0638389366209801,Neutral,Neutral,,,,ERCC4_icope_sentieon_input,,True,43.0,,,,neutral,neutral,neutral,DOWN,neutral,neutral,neutral,,,,81.41,H,-0.1888,1.5608,-22.2036,loss_of_function,-4.51742568745869,0.9163607854035356,Pathogenic,0.6696,pathogenic,https://doi.org/10.1101/2022.10.22.513328
T281I,-2.06222,-0.07517,-1.2992959043366483,Uncertain,Uncertain,,,0.664,COSMIC,,True,6.7,,,,uncertain,,,UP,neutral,neutral,neutral,,,,82.67,H,-0.2306,0.4892,-7.9188,loss_of_function,-3.75148952595543,0.456848036828322,Uncertain,0.9242,pathogenic,https://doi.org/10.1101/2022.10.22.513328
S283F,3.26348,-1.11259,-0.6659798567190317,Uncertain,Uncertain,,,0.284,"cBioPortal,COSMIC",,True,18.4,,,,uncertain,,,UP,neutral,neutral,neutral,,,,85.3,H,-0.165,2.1012,-22.2066,loss_of_function,-4.33379644989731,0.6122010032469793,Uncertain,0.3359,benign,https://doi.org/10.1101/2022.10.22.513328
S283T,0.07656,0.97517,-0.0405923855242856,Neutral,Neutral,,,0.073,"cBioPortal,COSMIC",,True,18.4,,,,neutral,,,UP,neutral,neutral,neutral,,,,85.3,H,0.002,2.1012,-6.5969,gain_of_function,-0.875534633490698,0.0614098853881388,Benign,0.1185,benign,https://doi.org/10.1101/2022.10.22.513328
Q286K,0.16292,-0.62959,-0.3333871038794478,Neutral,Neutral,,,0.174,cBioPortal,,False,70.1,,,,neutral,neutral,neutral,UP,neutral,neutral,neutral,,,,85.66,H,-0.0215,2.5588,-7.3339,loss_of_function,-2.16453729817105,0.0680217929678788,Benign,0.2273,benign,https://doi.org/10.1101/2022.10.22.513328
D287N,-0.39575,1.88741,1.130447447123745,Neutral,Neutral,,,0.548,cBioPortal,,False,2.9,,,,neutral,neutral,neutral,-,uncertain,uncertain,uncertain,,,,87.65,H,-0.3049,0.1119,-22.2066,loss_of_function,-3.17658495235414,0.7170896521441493,Pathogenic,0.9595,pathogenic,https://doi.org/10.1101/2022.10.22.513328
I290M,-0.79695,0.80578,0.7993596781802242,Neutral,Neutral,,,,mutations_clinvar,,False,26.7,,,,neutral,neutral,neutral,-,uncertain,uncertain,uncertain,1439112,Uncertain significance,1,89.62,H,-0.0256,2.2452,-5.5969,loss_of_function,-0.171892502191699,0.0298138884299407,Benign,0.1621,benign,https://doi.org/10.1101/2022.10.22.513328
L291V,2.96334,1.68946,2.060937076810057,Uncertain,Uncertain,,,0.608,cBioPortal,,False,0.0,,,,neutral,neutral,neutral,DOWN,neutral,neutral,neutral,,,,90.65,H,-0.3101,0.2136,-22.2066,loss_of_function,-3.15543580302547,0.7486814035502974,Pathogenic,0.5589,ambiguous,https://doi.org/10.1101/2022.10.22.513328
R292Q,2.70959,1.07449,1.442725924748639,Uncertain,Uncertain,6.37145587767e-05,2.38857306645e-05,0.728,"cBioPortal,COSMIC,mutations_clinvar",,False,9.8,,,,neutral,neutral,neutral,DOWN,neutral,neutral,neutral,541248,Uncertain significance,1,89.18,H,-0.269,0.3617,-6.1115,loss_of_function,-2.05797618265096,0.0530108178877102,Benign,0.2202,benign,https://doi.org/10.1101/2022.10.22.513328
Q296L,-0.02196,-0.31429,-0.9803825767607156,Neutral,Neutral,,,0.086,cBioPortal,,False,31.3,,,,neutral,neutral,neutral,UP,neutral,neutral,neutral,,,,88.0,H,0.105,3.5137,-2.5438,gain_of_function,-0.43113676771106,3.3961933262849815e-05,Benign,0.0803,benign,https://doi.org/10.1101/2022.10.22.513328
Y297C,1.21906,1.21293,2.6648660342213297,Neutral,Uncertain,,,,mutations_clinvar,,True,27.7,,,,uncertain,,,DOWN,neutral,neutral,neutral,575691,Uncertain significance,1,89.78,H,-0.1339,2.1683,-4.7489,loss_of_function,-1.70133264712379,0.0179757236978706,Benign,0.4197,ambiguous,https://doi.org/10.1101/2022.10.22.513328
Y297H,1.94183,1.4034,1.4408328591645008,Neutral,Neutral,,,,mutations_clinvar,,True,27.7,,,,uncertain,,,DOWN,neutral,neutral,neutral,2271033,Uncertain significance,1,89.78,H,-0.0761,2.1683,-5.7489,loss_of_function,-1.20779579395362,0.0113423724499798,Benign,0.6355,pathogenic,https://doi.org/10.1101/2022.10.22.513328
Y297N,2.5578,1.33503,2.3085905139384915,Uncertain,Uncertain,,,,mutations_clinvar,,True,27.7,,,,uncertain,,,DOWN,neutral,neutral,neutral,408563,Uncertain significance,1,89.78,H,-0.1538,2.1683,-4.2184,loss_of_function,-2.42012062646798,0.0657197157825342,Benign,0.483,ambiguous,https://doi.org/10.1101/2022.10.22.513328
L298F,8.00991,2.74252,1.820925705901261,Uncertain,Uncertain,,,0.440,cBioPortal,,True,1.4,,,,neutral,neutral,neutral,UP,neutral,neutral,neutral,,,,90.44,H,-0.2596,1.0127,-22.2066,loss_of_function,-5.16253908600711,0.8329383410597754,Pathogenic,0.8468,pathogenic,https://doi.org/10.1101/2022.10.22.513328
L298I,1.6044,1.57279,1.48822863392436,Neutral,Neutral,,,0.400,"cBioPortal,COSMIC",,True,1.4,,,,neutral,neutral,neutral,-,uncertain,uncertain,uncertain,,,,90.44,H,-0.1181,1.0127,-6.1115,loss_of_function,-2.19780303141849,0.2725860203188031,Benign,0.1587,benign,https://doi.org/10.1101/2022.10.22.513328
S299F,-0.81412,-1.5949,-0.9572744444814756,Neutral,Neutral,,,0.091,cBioPortal,,True,13.9,,,,uncertain,,,UP,neutral,neutral,neutral,,,,87.77,H,-0.042,2.535,-5.9189,loss_of_function,-2.84950598145164,0.0017198979262355,Benign,0.4363,ambiguous,https://doi.org/10.1101/2022.10.22.513328
Q300H,-2.21419,0.9415,-0.0785208692604572,Uncertain,Uncertain,,,0.478,"cBioPortal,COSMIC",,True,6.7,,,,neutral,neutral,neutral,UP,neutral,neutral,neutral,,,,86.42,H,0.0351,2.6362,-3.9189,gain_of_function,-1.9809766547788,0.060966860225162,Benign,0.652,pathogenic,https://doi.org/10.1101/2022.10.22.513328
D302E,3.63058,2.40918,1.9100978081536173,Uncertain,Uncertain,,,0.536,cBioPortal,,True,7.0,,,,neutral,neutral,neutral,UP,neutral,neutral,neutral,,,,88.21,-,-0.2789,0.1585,-22.2096,loss_of_function,-3.69788225697421,0.7054665896479688,Pathogenic,0.9714,pathogenic,https://doi.org/10.1101/2022.10.22.513328
D302G,4.74123,1.53776,2.1595856321341573,Uncertain,Uncertain,,,0.767,COSMIC,,True,7.0,,,,neutral,neutral,neutral,DOWN,neutral,neutral,neutral,,,,88.21,-,-0.3451,0.1585,-22.2096,loss_of_function,-6.91603456890113,0.9733048368769256,Pathogenic,0.9675,pathogenic,https://doi.org/10.1101/2022.10.22.513328
D302H,11.20581,3.04422,1.4816631706220509,Destabilizing,Uncertain,,,0.755,cBioPortal,,True,7.0,,,,neutral,neutral,neutral,UP,neutral,neutral,neutral,,,,88.21,-,-0.2704,0.1585,-7.9218,loss_of_function,-6.91603456890113,0.8925278282635618,Pathogenic,0.9792,pathogenic,https://doi.org/10.1101/2022.10.22.513328
T305A,0.30069,1.01667,-0.641467453969326,Neutral,Neutral,,7.9584251868e-06,0.586,cBioPortal,,True,23.8,,,,uncertain,,,DOWN,neutral,neutral,neutral,,,,88.5,H,-0.068,1.7603,-4.0579,loss_of_function,-1.6585594058613,0.0634348906775526,Benign,0.3487,ambiguous,https://doi.org/10.1101/2022.10.22.513328
T305I,-0.4153,-0.04184,-1.10742702250394,Neutral,Neutral,,,0.660,COSMIC,,True,23.8,,,,uncertain,,,UP,neutral,neutral,neutral,,,,88.5,H,-0.1865,1.7603,-22.2036,loss_of_function,-4.29862418183435,0.8808981904051812,Pathogenic,0.9066,pathogenic,https://doi.org/10.1101/2022.10.22.513328
T305S,0.66753,1.22381,0.5165024519119132,Neutral,Neutral,,,,mutations_clinvar,,True,23.8,,,,neutral,,,DOWN,neutral,neutral,neutral,1008933,Uncertain significance,1,88.5,H,-0.0182,1.7603,-1.3923,loss_of_function,-1.56812381298109,0.0083531685422572,Benign,0.1966,benign,https://doi.org/10.1101/2022.10.22.513328
L307I,2.88923,2.18163,1.5005313372777858,Uncertain,Uncertain,,,0.232,cBioPortal,,True,0.1,,,,neutral,neutral,neutral,-,uncertain,uncertain,uncertain,,,,89.82,H,-0.0362,2.0584,-8.9187,loss_of_function,-1.98508931346893,0.6863642292391151,Pathogenic,0.3004,benign,https://doi.org/10.1101/2022.10.22.513328
N308K,-0.68433,-0.52007,0.5539548382031769,Neutral,Neutral,,,,mutations_clinvar,,True,61.5,,,,neutral,neutral,neutral,UP,neutral,neutral,neutral,2191038,Uncertain significance,1,89.29,H,0.0288,2.8605,-3.086,gain_of_function,-0.144339994697904,0.0200919762262221,Benign,0.4627,ambiguous,https://doi.org/10.1101/2022.10.22.513328
L309I,1.05433,0.10034,0.948354012360474,Neutral,Neutral,3.18552497452e-05,,0.236,"cBioPortal,COSMIC",,True,36.4,,,,neutral,neutral,neutral,-,uncertain,uncertain,uncertain,,,,89.45,H,0.0212,2.5266,-6.1115,gain_of_function,-1.97007356175298,0.1333266877664827,Benign,0.2982,benign,https://doi.org/10.1101/2022.10.22.513328
E311Q,-0.02102,0.69932,0.8317023728901853,Neutral,Neutral,,,0.131,cBioPortal,,True,25.7,,,,neutral,neutral,neutral,UP,neutral,neutral,stabilizing,,,,87.71,H,0.0238,2.5139,-5.4564,gain_of_function,-2.13431252851316,0.0090015630043363,Benign,0.3535,ambiguous,https://doi.org/10.1101/2022.10.22.513328
S312A,-0.32151,-0.32211,-0.1515737307942299,Neutral,Neutral,6.368615463e-05,2.78564833975e-05,0.143,"cBioPortal,ERCC4_icope_sentieon_input,mutations_clinvar",,True,72.7,,,,uncertain,,,-,uncertain,uncertain,uncertain,864133,Uncertain significance,2,87.3,H,0.0144,2.2609,-5.2184,gain_of_function,-1.97860481270838,0.0346975316337999,Benign,0.212,benign,https://doi.org/10.1101/2022.10.22.513328
S312C,0.35716,0.19116,0.5999045257309118,Neutral,Neutral,,,,mutations_clinvar,,True,72.7,,,,uncertain,,,UP,neutral,neutral,neutral,317807,Uncertain significance,1,87.3,H,-0.0448,2.2609,-6.9188,loss_of_function,-1.73475725444114,0.3489540040235824,Uncertain,0.2788,benign,https://doi.org/10.1101/2022.10.22.513328
S312F,-1.27648,0.01327,-0.8093913005138992,Neutral,Neutral,,,0.641,"cBioPortal,COSMIC",,True,72.7,,,,uncertain,,,UP,neutral,neutral,neutral,,,,87.3,H,-0.1503,2.2609,-22.2066,loss_of_function,-4.60001420852956,0.8153803099087178,Pathogenic,0.7634,pathogenic,https://doi.org/10.1101/2022.10.22.513328
S312Y,-1.30535,-0.1,-0.6734805803544985,Neutral,Neutral,,,0.606,"cBioPortal,COSMIC",,True,72.7,,,,uncertain,,,UP,neutral,neutral,neutral,,,,87.3,H,-0.0873,2.2609,-8.9187,loss_of_function,-3.46796244785884,0.4744206931837865,Uncertain,0.6068,pathogenic,https://doi.org/10.1101/2022.10.22.513328
L313P,5.45904,11.04626,7.673504297191067,Destabilizing,Destabilizing,,,,mutations_clinvar,,True,26.8,,,,neutral,neutral,neutral,DOWN,neutral,neutral,neutral,134146,Uncertain significance,1,84.71,H,-0.322,1.9633,-22.1976,loss_of_function,-5.20308457058918,0.9040411345532556,Pathogenic,0.9924,pathogenic,https://doi.org/10.1101/2022.10.22.513328
L313V,1.27428,1.1102,1.2526704722002235,Neutral,Neutral,,,,mutations_clinvar,,True,26.8,,,,neutral,neutral,neutral,DOWN,neutral,neutral,neutral,1713741,Uncertain significance,1,84.71,H,-0.0546,1.9633,-3.7004,loss_of_function,-1.94749399479208,0.0186234851423612,Benign,0.1926,benign,https://doi.org/10.1101/2022.10.22.513328
A315S,0.14889,0.35272,0.4622972728674762,Neutral,Neutral,,3.9800361387e-06,0.038,"cBioPortal,COSMIC",,True,79.1,,,,neutral,neutral,neutral,-,uncertain,uncertain,uncertain,,,,81.38,H,-0.0043,2.1762,-2.4836,loss_of_function,-0.715285257199868,5.785444029577731e-05,Benign,0.1178,benign,https://doi.org/10.1101/2022.10.22.513328
A315V,0.47175,0.44422,-0.2689450215926631,Neutral,Neutral,,,0.081,"cBioPortal,COSMIC",,True,79.1,,,,neutral,neutral,neutral,UP,neutral,neutral,stabilizing,,,,81.38,H,-0.0224,2.1762,-5.4505,loss_of_function,-0.913180650109943,0.0077595998609858,Benign,0.1622,benign,https://doi.org/10.1101/2022.10.22.513328
T316M,-0.73731,0.6483,-0.3246625074996551,Neutral,Neutral,,1.19411539931e-05,0.091,"cBioPortal,COSMIC,mutations_clinvar",,True,88.8,,,,uncertain,,,UP,neutral,neutral,neutral,998622,Uncertain significance,2,77.31,H,-0.0296,2.6312,-3.4535,loss_of_function,-2.14470579912281,0.0026483698532189,Benign,0.185,benign,https://doi.org/10.1101/2022.10.22.513328
E317G,-0.31359,1.92687,1.506266866159816,Neutral,Neutral,,3.9806381759e-06,0.264,"cBioPortal,mutations_clinvar",,True,11.9,,,,neutral,neutral,neutral,DOWN,neutral,neutral,neutral,1441201,Uncertain significance,1,67.67,H,-0.0303,2.5043,-5.4505,loss_of_function,-3.41286441751811,0.130366066868617,Benign,0.5018,ambiguous,https://doi.org/10.1101/2022.10.22.513328
E317K,-1.72911,0.74966,1.1831481835088251,Neutral,Neutral,,,0.194,"cBioPortal,COSMIC",,True,11.9,,,,neutral,neutral,neutral,UP,neutral,neutral,neutral,,,,67.67,H,-0.034,2.5043,-6.9099,loss_of_function,-2.74360489162292,0.0223444250993922,Benign,0.5752,pathogenic,https://doi.org/10.1101/2022.10.22.513328
A319D,0.52371,-0.84388,0.1624324372524177,Neutral,Neutral,,,0.152,cBioPortal,,True,70.9,,,,neutral,neutral,neutral,UP,neutral,neutral,neutral,,,,53.71,T,-0.0901,2.702,-5.8517,loss_of_function,-1.44378908646012,0.0085313143484908,Benign,0.4918,ambiguous,https://doi.org/10.1101/2022.10.22.513328
A319V,0.55982,0.20238,0.1526063467425986,Neutral,Neutral,,,,cBioPortal,,True,70.9,,,,neutral,neutral,neutral,UP,neutral,neutral,neutral,,,,53.71,T,0.0317,2.702,-4.3282,gain_of_function,-0.526946393746122,0.010552342183316,Benign,0.101,benign,https://doi.org/10.1101/2022.10.22.513328
F320V,0.29681,0.74048,0.6297290827654078,Neutral,Neutral,,,0.113,cBioPortal,,True,85.3,,,,neutral,neutral,neutral,DOWN,neutral,neutral,neutral,,,,45.21,-,0.0121,3.3302,-3.9622,gain_of_function,-1.39193955982446,0.0195259989348588,Benign,0.5924,pathogenic,https://doi.org/10.1101/2022.10.22.513328
G321R,1.57203,-0.15986,0.2309270098470983,Neutral,Neutral,,,,mutations_clinvar,,False,131.8,,,,neutral,neutral,neutral,UP,neutral,neutral,neutral,2444871,Uncertain significance,1,55.55,T,-0.1104,2.7408,-3.1024,loss_of_function,-1.97108415670844,0.0450154283344793,Benign,0.6744,pathogenic,https://doi.org/10.1101/2022.10.22.513328
Q322H,0.26775,-0.28129,-0.4444723817645185,Neutral,Neutral,,,0.036,"cBioPortal,COSMIC",,False,93.5,,,,neutral,neutral,neutral,UP,neutral,neutral,neutral,,,,53.97,T,0.0649,3.0001,-4.6374,gain_of_function,-1.85456042159747,0.0089151488260167,Benign,0.2503,benign,https://doi.org/10.1101/2022.10.22.513328
L329F,-0.62961,0.41769,0.5250539830268083,Neutral,Neutral,,,,mutations_clinvar,,True,48.2,,,,neutral,neutral,neutral,UP,neutral,neutral,neutral,2037103,Uncertain significance,1,86.24,S,-0.1658,1.2408,-7.9247,loss_of_function,-3.4823342579894,0.3878666371672449,Uncertain,0.5308,ambiguous,https://doi.org/10.1101/2022.10.22.513328
L329V,0.44774,0.65272,1.3337101267871714,Neutral,Neutral,,,0.406,cBioPortal,,True,48.2,,,,neutral,neutral,neutral,DOWN,neutral,neutral,neutral,,,,86.24,S,-0.2156,1.2408,-22.2125,loss_of_function,-2.59784205148997,0.7747546190991382,Pathogenic,0.4348,ambiguous,https://doi.org/10.1101/2022.10.22.513328
D330A,0.89647,0.18197,0.3281354677012776,Neutral,Neutral,,,,mutations_clinvar,,True,116.4,,,,neutral,neutral,neutral,DOWN,neutral,neutral,neutral,1398105,Uncertain significance,1,86.16,H,-0.1858,0.9209,-6.9248,loss_of_function,-3.3316993816945,0.163891362983367,Benign,0.6327,pathogenic,https://doi.org/10.1101/2022.10.22.513328
D330H,1.24716,0.58639,-0.0885674559970511,Neutral,Neutral,,,,mutations_clinvar,,True,116.4,,,,neutral,neutral,neutral,UP,neutral,neutral,neutral,134147,not provided,0,86.16,H,-0.2731,0.9209,-22.2125,loss_of_function,-5.6307241234347,0.771735771690724,Pathogenic,0.7967,pathogenic,https://doi.org/10.1101/2022.10.22.513328
S331C,0.04284,0.80544,0.4934339001708232,Neutral,Neutral,,,0.372,cBioPortal,,False,33.1,,,,uncertain,,,UP,neutral,neutral,neutral,,,,88.28,H,-0.104,1.5999,-6.6029,loss_of_function,-0.777370973365542,0.2079058119874092,Benign,0.1519,benign,https://doi.org/10.1101/2022.10.22.513328
S331T,1.00118,-0.81803,0.0929695955516313,Neutral,Neutral,3.1843077315e-05,5.57213930348e-05,0.130,"cBioPortal,mutations_clinvar",,False,33.1,,,,neutral,,,UP,neutral,neutral,neutral,963460,Uncertain significance,2,88.28,H,-0.0458,1.5999,-6.9248,loss_of_function,-1.57073441498429,0.0119920059546433,Benign,0.1951,benign,https://doi.org/10.1101/2022.10.22.513328
S334L,-1.38568,-0.84388,-0.924485346392412,Neutral,Neutral,0.0001274859765426,0.0001552795031056,0.243,"cBioPortal,COSMIC,mutations_clinvar",,False,55.2,,,,uncertain,,,UP,neutral,neutral,neutral,810700,Uncertain significance,2,90.57,H,-0.004,2.9094,-5.3398,loss_of_function,-1.85303038794191,0.0307674843090703,Benign,0.1399,benign,https://doi.org/10.1101/2022.10.22.513328
M335T,4.96451,2.75102,2.7110268009706626,Uncertain,Uncertain,,,,mutations_clinvar,,False,0.0,,,,neutral,neutral,neutral,DOWN,neutral,neutral,neutral,1511957,Uncertain significance,1,90.7,H,-0.2072,1.7989,-22.2185,loss_of_function,-3.56926039844695,0.7521373431574966,Pathogenic,0.8007,pathogenic,https://doi.org/10.1101/2022.10.22.513328
M335V,3.33681,1.30136,1.424696476452972,Uncertain,Uncertain,3.1841049481e-05,3.9814940158e-06,0.362,"cBioPortal,mutations_clinvar",,False,0.0,,,,neutral,neutral,neutral,DOWN,neutral,neutral,neutral,2143132,Uncertain significance,1,90.7,H,-0.0982,1.7989,-5.1234,loss_of_function,-1.78086866638149,0.0334811746274061,Benign,0.1556,benign,https://doi.org/10.1101/2022.10.22.513328
I337V,0.4992,0.11905,0.1368680761817142,Neutral,Neutral,,,,mutations_clinvar,,False,78.2,,,,neutral,neutral,neutral,DOWN,neutral,neutral,neutral,1319889,Uncertain significance,1,90.56,H,0.1382,3.3153,-1.7056,gain_of_function,-0.032572193455435,1.0328625218016487e-08,Benign,0.0541,benign,https://doi.org/10.1101/2022.10.22.513328
N338S,1.17642,0.75442,0.8933219367076456,Neutral,Neutral,,,,mutations_clinvar,,False,27.6,,,,neutral,neutral,neutral,DOWN,neutral,neutral,neutral,2279756,Uncertain significance,1,90.96,H,0.0776,3.1055,-4.4654,gain_of_function,-1.64391908667422,0.0118552778518785,Benign,0.0864,benign,https://doi.org/10.1101/2022.10.22.513328
A339G,2.17707,2.29796,2.7084799742586845,Uncertain,Uncertain,,,0.498,cBioPortal,,False,0.2,,,,neutral,neutral,neutral,DOWN,neutral,neutral,neutral,,,,89.85,H,-0.1965,0.646,-6.9248,loss_of_function,-3.92708001185128,0.166165530962878,Benign,0.3987,ambiguous,https://doi.org/10.1101/2022.10.22.513328
R340Q,-0.36894,0.58878,2.225605667711993,Neutral,Uncertain,,1.99309591575e-05,0.497,"cBioPortal,COSMIC,mutations_clinvar",,True,33.5,,,,neutral,neutral,neutral,DOWN,neutral,neutral,neutral,861612,Uncertain significance,1,89.96,H,-0.1832,1.3066,-6.3398,loss_of_function,-3.21376966821701,0.1382795974371656,Benign,0.1956,benign,https://doi.org/10.1101/2022.10.22.513328
A341S,0.03423,0.61939,0.5552191926962388,Neutral,Neutral,,,0.095,"cBioPortal,COSMIC",,True,32.3,,,,neutral,neutral,neutral,-,uncertain,uncertain,uncertain,,,,87.79,H,0.0715,3.0099,-2.6769,gain_of_function,-0.193373217852878,0.0001029495800684,Benign,0.0852,benign,https://doi.org/10.1101/2022.10.22.513328
R342M,-0.53839,-0.47415,0.3398166609885944,Neutral,Neutral,,,0.793,cBioPortal,,True,2.3,,,,neutral,neutral,neutral,DOWN,neutral,neutral,neutral,,,,88.2,T,-0.3595,0.2017,-22.2125,loss_of_function,-4.91864470301762,0.8405405475247821,Pathogenic,0.9859,pathogenic,https://doi.org/10.1101/2022.10.22.513328
V343I,2.31837,0.93265,0.516358509125473,Uncertain,Uncertain,,,,mutations_clinvar,,True,0.0,,,,neutral,neutral,neutral,UP,neutral,neutral,neutral,1052787,Uncertain significance,1,84.09,T,-0.106,0.9839,-4.6029,loss_of_function,-1.57740845855774,0.0093053072862577,Benign,0.1339,benign,https://doi.org/10.1101/2022.10.22.513328
Y344C,2.51175,3.25544,4.155722402989988,Uncertain,Uncertain,,,,mutations_clinvar,,False,9.7,,,,uncertain,,,DOWN,neutral,neutral,neutral,1058221,Uncertain significance,1,83.12,E,-0.2708,0.8572,-7.9218,loss_of_function,-3.52185023610484,0.6888051100846821,Pathogenic,0.2257,benign,https://doi.org/10.1101/2022.10.22.513328
Y344F,-0.79688,-0.09626,0.5639125056435231,Neutral,Neutral,,,,mutations_clinvar,,False,9.7,,,,uncertain,,,-,uncertain,uncertain,uncertain,474200,Conflicting interpretations of pathogenicity,1,83.12,E,-0.112,0.8572,-2.8995,loss_of_function,-0.655485549418784,0.0006753545259964,Benign,0.0986,benign,https://doi.org/10.1101/2022.10.22.513328
H345Y,-1.21926,-0.57585,0.1438306902624597,Neutral,Neutral,,,0.097,cBioPortal,,False,63.9,,,,neutral,neutral,neutral,UP,neutral,neutral,stabilizing,,,,74.73,E,0.0995,3.2438,-8.5506,gain_of_function,-0.92961259473373,0.0088769953615937,Benign,0.0776,benign,https://doi.org/10.1101/2022.10.22.513328
P347S,2.76517,1.87109,-0.1927891974600815,Uncertain,Uncertain,,,0.095,cBioPortal,,False,54.2,,,,neutral,neutral,neutral,DOWN,neutral,neutral,neutral,,,,46.16,-,0.0319,2.8536,-3.2928,gain_of_function,-0.220763922251862,0.0008456929624673,Benign,0.0971,benign,https://doi.org/10.1101/2022.10.22.513328
A349S,0.09782,0.39116,0.0037465523857993,Neutral,Neutral,,,0.040,COSMIC,,True,118.2,,,,neutral,neutral,neutral,-,uncertain,uncertain,uncertain,,,,38.71,-,0.1085,3.396,-2.3912,gain_of_function,-0.0636050605150777,1.2260711943688754e-05,Benign,0.0753,benign,https://doi.org/10.1101/2022.10.22.513328
A349T,0.14956,0.83095,0.079978139789702,Neutral,Neutral,,3.9995520502e-06,0.064,"cBioPortal,mutations_clinvar",,True,118.2,,,,neutral,neutral,neutral,UP,neutral,neutral,stabilizing,573650,Uncertain significance,1,38.71,-,0.095,3.396,-3.8625,gain_of_function,-0.0546420095211484,1.898945269888392e-05,Benign,0.064,benign,https://doi.org/10.1101/2022.10.22.513328
M351I,1.48525,3.14422,0.1000265742285022,Uncertain,Neutral,,,0.064,cBioPortal,,True,96.6,,,,neutral,neutral,neutral,-,uncertain,uncertain,uncertain,,,,30.12,-,0.1114,3.68,-4.258,gain_of_function,-0.0231500627403845,,,0.1163,benign,https://doi.org/10.1101/2022.10.22.513328
S352R,-2.03755,-0.28605,-0.3708625951448552,Uncertain,Uncertain,,,0.024,COSMIC,,True,115.8,,,,uncertain,,,UP,neutral,neutral,stabilizing,,,,27.2,-,0.0273,3.4243,-5.2761,gain_of_function,-0.11007346462622,,,0.1237,benign,https://doi.org/10.1101/2022.10.22.513328
E355K,-0.04526,0.96701,0.5261134492869809,Neutral,Neutral,,,0.076,cBioPortal,,False,99.9,,,,neutral,neutral,neutral,UP,neutral,neutral,stabilizing,,,,25.93,-,0.0939,3.743,-4.1739,gain_of_function,-0.207996055253843,,,0.077,benign,https://doi.org/10.1101/2022.10.22.513328
S358P,2.07127,2.01122,1.5969699068830756,Uncertain,Uncertain,,,0.028,cBioPortal,,True,96.0,,,,uncertain,,,UP,neutral,neutral,stabilizing,,,,24.01,-,-0.039,3.2648,-3.7123,loss_of_function,-0.253086228457182,,,0.0612,benign,https://doi.org/10.1101/2022.10.22.513328
E359K,0.54871,0.21088,0.3201116030030826,Neutral,Neutral,,,0.120,COSMIC,,True,93.8,,,,neutral,neutral,neutral,UP,neutral,neutral,stabilizing,,,,22.44,-,0.0131,2.8872,-4.589,gain_of_function,-0.504805488819678,,,0.0696,benign,https://doi.org/10.1101/2022.10.22.513328
E359Q,0.42628,0.4517,0.438235950499648,Neutral,Neutral,,,0.124,"cBioPortal,COSMIC",,True,93.8,,,,neutral,neutral,neutral,UP,neutral,neutral,stabilizing,,,,22.44,-,0.0596,2.8872,-5.1739,gain_of_function,-0.467411793721039,,,0.0909,benign,https://doi.org/10.1101/2022.10.22.513328
K360R,-0.01018,0.42007,0.1101549795648293,Neutral,Neutral,,,0.139,"cBioPortal,COSMIC",,True,95.3,,,,neutral,neutral,neutral,-,uncertain,uncertain,uncertain,,,,21.85,-,0.128,3.1943,-4.5729,gain_of_function,-0.341269020355749,,,0.0812,benign,https://doi.org/10.1101/2022.10.22.513328
E362G,0.7056,1.97245,0.6913917243477696,Neutral,Neutral,,,0.046,"cBioPortal,COSMIC",,True,109.1,,,,neutral,neutral,neutral,DOWN,neutral,neutral,neutral,,,,22.67,-,0.0493,3.326,-4.6643,gain_of_function,-0.400614150453171,0.0014760073692126,Benign,0.0792,benign,https://doi.org/10.1101/2022.10.22.513328
K364E,0.26734,1.24354,0.0706861059569941,Neutral,Neutral,,,,mutations_clinvar,,True,102.0,,,,neutral,neutral,neutral,DOWN,neutral,neutral,neutral,1010118,Uncertain significance,1,23.38,-,0.0399,3.19,-3.867,gain_of_function,-0.116606670287068,0.0001201852536687,Benign,0.0831,benign,https://doi.org/10.1101/2022.10.22.513328
E365Q,-0.08614,0.39456,0.1491071220395029,Neutral,Neutral,,,0.083,COSMIC,,False,101.8,,,,neutral,neutral,neutral,UP,neutral,neutral,stabilizing,,,,26.96,T,0.0885,3.145,-4.152,gain_of_function,-0.0534983788015703,0.0079471544814454,Benign,0.0982,benign,https://doi.org/10.1101/2022.10.22.513328
G366E,1.51976,1.67551,1.5065372879619838,Neutral,Neutral,,,0.027,COSMIC,,False,103.0,,,,neutral,neutral,neutral,UP,neutral,neutral,stabilizing,,,,32.07,T,-0.0583,3.1117,-2.9139,loss_of_function,0.0694414484237059,1.2126300532393352e-06,Benign,0.064,benign,https://doi.org/10.1101/2022.10.22.513328
G366R,1.06765,1.64524,1.358857277738719,Neutral,Neutral,,,0.103,cBioPortal,,False,103.0,,,,neutral,neutral,neutral,UP,neutral,neutral,stabilizing,,,,32.07,T,-0.0975,3.1117,-7.2714,loss_of_function,-0.450514562843549,8.173596237819798e-05,Benign,0.088,benign,https://doi.org/10.1101/2022.10.22.513328
G366V,2.07463,5.43912,2.160894426283797,Uncertain,Uncertain,,,0.049,"cBioPortal,COSMIC",,False,103.0,,,,neutral,neutral,neutral,UP,neutral,neutral,stabilizing,,,,32.07,T,-0.0908,3.1117,-3.9495,loss_of_function,-0.0804549076980756,0.0001229179358205,Benign,0.0717,benign,https://doi.org/10.1101/2022.10.22.513328
E367K,-0.00993,0.05204,0.0895115719977152,Neutral,Neutral,,,0.097,cBioPortal,,True,109.3,,,,neutral,neutral,neutral,UP,neutral,neutral,stabilizing,,,,27.42,-,0.087,3.6148,-3.2177,gain_of_function,-0.224737405104596,8.226622631590631e-07,Benign,0.0612,benign,https://doi.org/10.1101/2022.10.22.513328
E368K,-1.24104,0.28537,-0.0125276146622915,Neutral,Neutral,0.0001910949742022,6.43376439555e-05,0.146,"cBioPortal,mutations_clinvar",,True,86.2,,,,neutral,neutral,neutral,UP,neutral,neutral,stabilizing,1016989,Uncertain significance,2,36.07,-,0.0114,2.855,-4.3443,gain_of_function,-1.02699581945731,0.0014794515988048,Benign,0.0825,benign,https://doi.org/10.1101/2022.10.22.513328
T369A,0.18072,1.65578,0.3159228374939887,Neutral,Neutral,,,0.049,"cBioPortal,COSMIC",,True,79.7,,,,uncertain,,,DOWN,neutral,neutral,neutral,,,,41.83,-,0.1146,3.7293,-3.7641,gain_of_function,-0.0178459350477987,9.84747677094069e-05,Benign,0.0655,benign,https://doi.org/10.1101/2022.10.22.513328
K370N,0.34297,0.69694,-0.4208221428360797,Neutral,Neutral,,,,mutations_clinvar,,True,99.9,,,,neutral,neutral,neutral,DOWN,neutral,neutral,neutral,435078,Uncertain significance,2,44.85,-,0.0306,3.045,-4.3668,gain_of_function,-0.288397480532759,0.0030061730917679,Benign,0.2645,benign,https://doi.org/10.1101/2022.10.22.513328
K371R,-0.04174,-0.06803,0.3798751971609204,Neutral,Neutral,,,,mutations_clinvar,,True,30.9,,,,neutral,neutral,neutral,-,uncertain,uncertain,uncertain,317809,Uncertain significance,1,60.47,-,0.1501,3.2902,-1.9717,gain_of_function,-0.148177217490444,6.277785033199282e-06,Benign,0.0656,benign,https://doi.org/10.1101/2022.10.22.513328
E372K,-0.36874,0.48776,0.1504879222840316,Neutral,Neutral,,,,mutations_clinvar,,True,59.5,,,,neutral,neutral,neutral,UP,neutral,neutral,stabilizing,944393,Uncertain significance,1,69.81,E,-0.0453,2.2385,-4.3363,loss_of_function,-0.817023692465124,0.0171601478986284,Benign,0.0931,benign,https://doi.org/10.1101/2022.10.22.513328
V374L,-0.24676,1.16088,0.1952892054928118,Neutral,Neutral,,,0.190,cBioPortal,,False,40.0,,,,neutral,neutral,neutral,UP,neutral,neutral,stabilizing,,,,78.2,-,-0.0808,2.0342,-5.8486,loss_of_function,-0.169795277540499,0.0121318138096859,Benign,0.1939,benign,https://doi.org/10.1101/2022.10.22.513328
E376Q,1.88188,-0.2034,0.8759633499077124,Neutral,Neutral,,,0.486,"cBioPortal,COSMIC",,False,20.4,,,,neutral,neutral,neutral,UP,neutral,neutral,neutral,,,,84.06,-,-0.2829,0.1085,-22.1946,loss_of_function,-2.90228272758769,0.2650616188706967,Benign,0.6473,pathogenic,https://doi.org/10.1101/2022.10.22.513328
S377G,0.57822,1.21054,1.3564609509065744,Neutral,Neutral,3.18511912346e-05,,0.072,COSMIC,,False,39.8,,,,uncertain,,,DOWN,neutral,neutral,neutral,,,,85.45,-,0.0592,2.9636,-7.3219,gain_of_function,-1.48385527250467,0.0110315792471888,Benign,0.0684,benign,https://doi.org/10.1101/2022.10.22.513328
P379S,3.62037,2.05102,0.3014087328985498,Uncertain,Uncertain,0.0048537488823605,0.0039996171851946,0.526,"cBioPortal,COSMIC,ERCC4_icope_sentieon_input,mutations_clinvar",,False,13.8,,,,neutral,neutral,neutral,DOWN,neutral,neutral,neutral,134148,Conflicting interpretations of pathogenicity,1,88.7,H,-0.2313,0.2503,-7.9188,loss_of_function,-5.21522932512464,0.2843705706145314,Benign,0.7525,pathogenic,https://doi.org/10.1101/2022.10.22.513328
W381G,4.22042,5.37415,5.879311293139665,Destabilizing,Destabilizing,,,0.514,"cBioPortal,COSMIC",,False,0.7,,,,neutral,neutral,neutral,DOWN,neutral,neutral,neutral,,,,90.39,H,-0.481,0.1391,-8.9187,loss_of_function,-7.33692795156333,0.9648464233009856,Pathogenic,0.9368,pathogenic,https://doi.org/10.1101/2022.10.22.513328
W381L,1.93962,1.57687,2.4523156386967613,Neutral,Uncertain,,,0.611,cBioPortal,,False,0.7,,,,neutral,neutral,neutral,DOWN,neutral,neutral,neutral,,,,90.39,H,-0.43,0.1391,-6.3339,loss_of_function,-4.65930018565903,0.0531286774778713,Benign,0.8208,pathogenic,https://doi.org/10.1101/2022.10.22.513328
E382K,0.52775,0.39592,-0.0883068044998097,Neutral,Neutral,,,0.197,"cBioPortal,COSMIC",,False,74.4,,,,neutral,neutral,neutral,UP,neutral,neutral,neutral,,,,89.42,H,0.0407,3.081,-2.6709,gain_of_function,-1.18946741134831,0.0027538517938295,Benign,0.0906,benign,https://doi.org/10.1101/2022.10.22.513328
A383V,-0.36176,-0.0949,0.1965131117074003,Neutral,Neutral,,,0.167,"cBioPortal,COSMIC,mutations_clinvar",,True,10.8,,,,neutral,neutral,neutral,UP,neutral,neutral,stabilizing,1993875,Uncertain significance,1,90.75,H,0.0279,2.5686,-2.6709,gain_of_function,-0.693385436859943,0.0030775080663893,Benign,0.1836,benign,https://doi.org/10.1101/2022.10.22.513328
L388V,2.64762,2.78333,1.6234454373000518,Uncertain,Uncertain,,,0.503,"cBioPortal,mutations_clinvar",,True,23.2,,,,neutral,neutral,neutral,DOWN,neutral,neutral,neutral,1319888,Uncertain significance,1,89.22,H,-0.1947,0.5747,-6.1115,loss_of_function,-2.10762628732086,0.0345032755470146,Benign,0.1515,benign,https://doi.org/10.1101/2022.10.22.513328
E392Q,0.07583,0.39218,0.264608506394825,Neutral,Neutral,,,0.169,COSMIC,,False,53.4,,,,neutral,neutral,neutral,UP,neutral,neutral,neutral,,,,85.17,H,0.0283,2.455,-3.5055,gain_of_function,-1.43298408690649,0.0064083314299055,Benign,0.0952,benign,https://doi.org/10.1101/2022.10.22.513328
A393V,0.30516,-0.29456,-0.1491404962353165,Neutral,Neutral,,,0.045,"cBioPortal,COSMIC",,False,70.1,,,,neutral,neutral,neutral,UP,neutral,neutral,neutral,,,,85.24,H,0.1013,3.5342,-5.6943,gain_of_function,-1.54351982254253,0.0004530351112901,Benign,0.0801,benign,https://doi.org/10.1101/2022.10.22.513328
E397G,0.36183,0.65476,0.5315746047971398,Neutral,Neutral,,,0.040,"cBioPortal,COSMIC",,False,90.4,,,,neutral,neutral,neutral,DOWN,neutral,neutral,neutral,,,,77.03,H,0.0725,3.6363,-5.7188,gain_of_function,-1.6847593717574,0.0009549707870515,Benign,0.0705,benign,https://doi.org/10.1101/2022.10.22.513328
E397K,-0.67144,-0.55,-0.1976614236949347,Neutral,Neutral,,,0.062,"cBioPortal,COSMIC",,False,90.4,,,,neutral,neutral,neutral,UP,neutral,neutral,stabilizing,,,,77.03,H,0.0908,3.6363,-2.8664,gain_of_function,-0.692295543882518,8.779105889608775e-05,Benign,0.0949,benign,https://doi.org/10.1101/2022.10.22.513328
S398G,0.55827,0.85068,0.917970352601726,Neutral,Neutral,,,,mutations_clinvar,,False,12.3,,,,uncertain,,,DOWN,neutral,neutral,neutral,1337402,Uncertain significance,1,66.2,-,0.1007,3.3264,-5.7279,gain_of_function,-1.39237196400905,0.0021309805231058,Benign,0.0914,benign,https://doi.org/10.1101/2022.10.22.513328
S398N,-1.19752,-1.35748,0.0465677497527983,Neutral,Neutral,,,,mutations_clinvar,,False,12.3,,,,uncertain,,,UP,neutral,neutral,stabilizing,1476110,Uncertain significance,1,66.2,-,0.1016,3.3264,-2.9671,gain_of_function,-0.67923106315734,0.0033241899733908,Benign,0.1537,benign,https://doi.org/10.1101/2022.10.22.513328
S398T,1.51105,0.6966,0.7494241359078043,Neutral,Neutral,,,0.062,cBioPortal,,False,12.3,,,,neutral,,,UP,neutral,neutral,stabilizing,,,,66.2,-,0.128,3.3264,-3.991,gain_of_function,-0.614125424637231,0.0049345129437123,Benign,0.0913,benign,https://doi.org/10.1101/2022.10.22.513328
E399G,0.40454,0.86939,0.6632861853770952,Neutral,Neutral,,,0.165,"cBioPortal,COSMIC",,False,104.1,,,,neutral,neutral,neutral,DOWN,neutral,neutral,neutral,,,,63.11,T,0.0358,3.2076,-5.1883,gain_of_function,-0.886482726270068,0.0039293046631739,Benign,0.0951,benign,https://doi.org/10.1101/2022.10.22.513328
A400S,0.25965,-0.15544,0.0385855043748556,Neutral,Neutral,,,0.160,"cBioPortal,COSMIC",,False,104.0,,,,neutral,neutral,neutral,-,uncertain,uncertain,uncertain,,,,57.3,T,0.133,3.7086,-3.2276,gain_of_function,-0.182490081355073,0.0004177670966643,Benign,0.0739,benign,https://doi.org/10.1101/2022.10.22.513328
A400V,0.11148,0.27415,0.0802031621061138,Neutral,Neutral,,,,ERCC4_icope_sentieon_input,,False,104.0,,,,neutral,neutral,neutral,UP,neutral,neutral,neutral,,,,57.3,T,0.1226,3.7086,-4.6724,gain_of_function,-0.143311457021885,0.0051972601127884,Benign,0.0662,benign,https://doi.org/10.1101/2022.10.22.513328
L401F,0.30924,0.47925,0.0830260511140945,Neutral,Neutral,,,,mutations_clinvar,,False,54.7,,,,neutral,neutral,neutral,UP,neutral,neutral,neutral,967171,Uncertain significance,2,58.67,T,0.0503,3.4522,-5.4558,gain_of_function,-0.699344140640837,0.283347240023293,Benign,0.0956,benign,https://doi.org/10.1101/2022.10.22.513328
G403C,3.02452,7.24354,2.4781049705251657,Destabilizing,Uncertain,,,0.313,"cBioPortal,COSMIC",,False,62.5,,,,neutral,neutral,neutral,UP,neutral,neutral,neutral,,,,67.53,S,-0.1108,2.8692,-8.8008,loss_of_function,-1.94950929313106,0.3432763383767846,Uncertain,0.2087,benign,https://doi.org/10.1101/2022.10.22.513328
G403R,2.15112,6.74388,1.533625180096509,Uncertain,Uncertain,,,,mutations_clinvar,,False,62.5,,,,neutral,neutral,neutral,UP,neutral,neutral,neutral,1692875,Uncertain significance,1,67.53,S,-0.1195,2.8692,-7.2159,loss_of_function,-2.50344916874436,0.1013245009659359,Benign,0.2731,benign,https://doi.org/10.1101/2022.10.22.513328
P404S,1.17673,1.8585,0.2875255667402354,Neutral,Neutral,,,,mutations_clinvar,,False,69.3,,,,neutral,neutral,neutral,DOWN,neutral,neutral,neutral,1376507,Uncertain significance,1,71.48,S,0.0341,2.8834,-3.3923,gain_of_function,-0.712384475596073,0.0017271332186172,Benign,0.1178,benign,https://doi.org/10.1101/2022.10.22.513328
Q406R,-1.07912,-0.32891,-0.3505696039486039,Neutral,Neutral,,1.59264833528e-05,0.064,"cBioPortal,mutations_clinvar",,False,41.5,,,,neutral,neutral,neutral,UP,neutral,neutral,neutral,317810,Uncertain significance,2,86.36,-,0.0609,3.181,-2.6884,gain_of_function,-0.166021718806839,1.3305373042781635e-06,Benign,0.0662,benign,https://doi.org/10.1101/2022.10.22.513328
S412N,-0.53078,0.01429,-0.4100405485016045,Neutral,Neutral,,,0.216,cBioPortal,,False,10.6,,,,uncertain,,,UP,neutral,neutral,neutral,,,,87.3,S,0.03,2.6178,-4.2333,gain_of_function,-0.914680718232756,0.008390319210109,Benign,0.2032,benign,https://doi.org/10.1101/2022.10.22.513328
D413H,3.62803,1.78027,0.4190930997154818,Uncertain,Uncertain,,,0.790,cBioPortal,,False,36.2,,,,neutral,neutral,neutral,UP,neutral,neutral,neutral,,,,86.47,S,-0.261,1.0538,-22.2214,loss_of_function,-4.40613912079575,0.2572509116391155,Benign,0.9101,pathogenic,https://doi.org/10.1101/2022.10.22.513328
R415G,1.17549,0.51769,1.797099663501328,Neutral,Neutral,,,,mutations_clinvar,,True,54.9,,,,neutral,neutral,neutral,DOWN,neutral,neutral,neutral,1006484,Uncertain significance,1,86.69,H,-0.1581,2.1607,-4.9337,loss_of_function,-2.93907212781593,0.4575674839356275,Uncertain,0.6473,pathogenic,https://doi.org/10.1101/2022.10.22.513328
R415Q,0.25377,-0.14694,0.912323755047096,Neutral,Neutral,0.0462538226299694,0.0561318800395194,0.312,"COSMIC,mutations_clinvar",,True,54.9,,,,neutral,neutral,neutral,DOWN,neutral,neutral,neutral,134155,Benign/Likely benign,2,86.69,H,-0.1036,2.1607,-6.1263,loss_of_function,-1.27312626880346,0.0117960183961277,Benign,0.2055,benign,https://doi.org/10.1101/2022.10.22.513328
S418F,-0.97423,-0.75782,-0.8224595534733509,Neutral,Neutral,,,0.107,"cBioPortal,COSMIC",,True,40.6,,,,uncertain,,,UP,neutral,neutral,neutral,,,,87.69,H,0.0232,3.2549,-6.1293,gain_of_function,-1.81236199803418,0.0010097897865943,Benign,0.1008,benign,https://doi.org/10.1101/2022.10.22.513328
S418Y,-0.82235,-0.90442,-0.6887339735432052,Neutral,Neutral,,,0.127,COSMIC,,True,40.6,,,,uncertain,,,UP,neutral,neutral,neutral,,,,87.69,H,0.0322,3.2549,-3.4131,gain_of_function,-1.59551048019196,0.0002560968200416,Benign,0.0998,benign,https://doi.org/10.1101/2022.10.22.513328
R421K,-0.30065,1.13912,1.0509301246784086,Neutral,Neutral,,,0.063,"cBioPortal,COSMIC",,True,41.4,,,,neutral,neutral,neutral,-,uncertain,uncertain,uncertain,,,,85.98,H,0.004,2.1775,-1.9143,gain_of_function,-0.0959601421556042,2.8285676010784458e-05,Benign,0.0796,benign,https://doi.org/10.1101/2022.10.22.513328
R421T,1.12261,1.2585,1.4954612594258423,Neutral,Neutral,,3.9837780558e-06,0.264,"cBioPortal,COSMIC",,True,41.4,,,,neutral,neutral,neutral,DOWN,neutral,neutral,neutral,,,,85.98,H,-0.1312,2.1775,-5.9366,loss_of_function,-2.32562989066663,0.0069771726945272,Benign,0.1802,benign,https://doi.org/10.1101/2022.10.22.513328
D422V,1.02028,1.01429,-0.3028975213462409,Neutral,Neutral,,,,mutations_clinvar,,True,37.7,,,,neutral,neutral,neutral,UP,neutral,neutral,neutral,541250,Uncertain significance,1,86.17,H,-0.1032,2.386,-7.9366,loss_of_function,-2.62158584166723,0.0153204702378495,Benign,0.1887,benign,https://doi.org/10.1101/2022.10.22.513328
Y423C,3.0865,3.0551,3.833917186370187,Destabilizing,Destabilizing,,,,mutations_clinvar,,True,8.7,,,,uncertain,,,DOWN,neutral,neutral,neutral,1431747,Uncertain significance,2,86.21,H,-0.1924,1.5437,-4.9337,loss_of_function,-0.570215210727464,0.0441709415299646,Benign,0.0653,benign,https://doi.org/10.1101/2022.10.22.513328
L426I,1.15918,0.69116,0.3721381244800442,Neutral,Neutral,,,0.041,cBioPortal,,True,39.9,,,,neutral,neutral,neutral,-,uncertain,uncertain,uncertain,,,,82.76,H,0.1496,3.8379,-4.585,gain_of_function,-0.0646205198183333,0.0001031147508322,Benign,0.0641,benign,https://doi.org/10.1101/2022.10.22.513328
G427E,0.6442,4.11769,0.7035252542101295,Uncertain,Neutral,,,0.658,cBioPortal,,True,89.0,,,,neutral,neutral,neutral,UP,neutral,neutral,neutral,,,,83.64,-,-0.2083,1.758,-7.8978,loss_of_function,-2.94855121025045,0.3172339172138563,Benign,0.35,ambiguous,https://doi.org/10.1101/2022.10.22.513328
A428V,-0.74377,-1.34898,-0.3769509103488389,Neutral,Neutral,,1.59460386054e-05,0.326,"cBioPortal,COSMIC",,True,23.6,,,,neutral,neutral,neutral,UP,neutral,neutral,neutral,,,,82.96,H,0.0366,2.7817,-4.8074,gain_of_function,-0.716985883296458,0.0986006524946936,Benign,0.1572,benign,https://doi.org/10.1101/2022.10.22.513328
E429K,1.36807,0.76973,0.1734201518516259,Neutral,Neutral,,,,mutations_clinvar,,True,63.9,,,,neutral,neutral,neutral,UP,neutral,neutral,neutral,1692876,Uncertain significance,1,81.12,H,0.0406,3.1388,-3.7309,gain_of_function,-0.44883887005601,0.0045957192507698,Benign,0.071,benign,https://doi.org/10.1101/2022.10.22.513328
A430V,1.1777,-0.80306,-0.3126563131246557,Neutral,Neutral,,,0.082,"cBioPortal,COSMIC",,True,62.0,,,,neutral,neutral,neutral,UP,neutral,neutral,neutral,,,,81.88,H,0.0953,3.4286,-4.9788,gain_of_function,-0.322804431860877,0.0082094344553177,Benign,0.0923,benign,https://doi.org/10.1101/2022.10.22.513328
L433F,1.47599,2.46088,1.055054542189651,Uncertain,Neutral,,,0.049,"cBioPortal,COSMIC",,False,18.3,,,,neutral,neutral,neutral,UP,neutral,neutral,neutral,,,,82.9,H,0.0428,3.3174,-4.5046,gain_of_function,-1.82580023541299,0.0006708051062699,Benign,0.0914,benign,https://doi.org/10.1101/2022.10.22.513328
L433W,0.75203,3.53231,1.2961079638993138,Uncertain,Neutral,,,,mutations_clinvar,,False,18.3,,,,neutral,neutral,neutral,UP,neutral,neutral,neutral,2441286,Uncertain significance,1,82.9,H,-0.0784,3.3174,-8.8264,loss_of_function,-2.35907458683017,0.0005170256964477,Benign,0.1175,benign,https://doi.org/10.1101/2022.10.22.513328
R434K,0.41132,0.25612,0.7170672935256669,Neutral,Neutral,,,,mutations_clinvar,,False,72.0,,,,neutral,neutral,neutral,-,uncertain,uncertain,uncertain,1449687,Uncertain significance,1,83.66,H,0.0034,2.2692,-3.6741,gain_of_function,-0.123740335728572,0.0021882695749512,Benign,0.0825,benign,https://doi.org/10.1101/2022.10.22.513328
L435F,0.34545,1.01973,0.8858579956399367,Neutral,Neutral,,,0.152,cBioPortal,,False,24.2,,,,neutral,neutral,neutral,UP,neutral,neutral,neutral,,,,82.31,H,-0.0309,2.6088,-6.1699,loss_of_function,-3.30804729939718,0.3463051387579078,Uncertain,0.2245,benign,https://doi.org/10.1101/2022.10.22.513328
L435H,2.37599,1.34286,1.7249603863281284,Uncertain,Uncertain,,,0.356,cBioPortal,,False,24.2,,,,neutral,neutral,neutral,DOWN,neutral,neutral,neutral,,,,82.31,H,-0.2208,2.6088,-22.0426,loss_of_function,-2.94941694816842,0.1429888693656514,Benign,0.2613,benign,https://doi.org/10.1101/2022.10.22.513328
L435R,0.58532,1.34728,1.48019997123839,Neutral,Neutral,,,,mutations_clinvar,,False,24.2,,,,neutral,neutral,neutral,UP,neutral,neutral,neutral,851569,Uncertain significance,1,82.31,H,-0.1607,2.6088,-2.848,loss_of_function,-2.12985166155472,0.0179134961768941,Benign,0.1899,benign,https://doi.org/10.1101/2022.10.22.513328
R437K,-0.04619,1.06122,1.24058512238446,Neutral,Neutral,,,0.062,COSMIC,,True,67.9,,,,neutral,neutral,neutral,-,uncertain,uncertain,uncertain,,,,79.02,H,0.1176,3.4605,-2.7726,gain_of_function,-0.36054965286516,6.640427174099103e-05,Benign,0.0767,benign,https://doi.org/10.1101/2022.10.22.513328
R437M,-0.34487,1.5898,0.9631438938055412,Neutral,Neutral,,,0.125,COSMIC,,True,67.9,,,,neutral,neutral,neutral,DOWN,neutral,neutral,neutral,,,,79.02,H,0.024,3.4605,-5.817,gain_of_function,-1.53902941879653,0.0003703779857621,Benign,0.1636,benign,https://doi.org/10.1101/2022.10.22.513328
R437S,0.07577,2.23605,2.0080429073855486,Uncertain,Uncertain,,,0.047,COSMIC,,True,67.9,,,,neutral,neutral,neutral,DOWN,neutral,neutral,neutral,,,,79.02,H,-0.0001,3.4605,-4.232,loss_of_function,-0.778543398463465,2.037994169270228e-05,Benign,0.2053,benign,https://doi.org/10.1101/2022.10.22.513328
T439P,2.13422,8.00952,6.622021190311932,Uncertain,Uncertain,,3.988608534e-06,0.203,"cBioPortal,COSMIC",,True,21.6,,,,uncertain,,,-,uncertain,uncertain,uncertain,,,,76.08,H,-0.1013,3.3609,-7.2384,loss_of_function,-3.95489092108519,0.190319352369922,Benign,0.3819,ambiguous,https://doi.org/10.1101/2022.10.22.513328
E441K,-0.37675,-0.57925,0.1981142421721371,Neutral,Neutral,,3.989499637e-06,0.154,"cBioPortal,COSMIC",,True,90.1,,,,neutral,neutral,neutral,UP,neutral,neutral,stabilizing,,,,59.12,T,0.0576,3.3284,-3.8272,gain_of_function,-1.07291641971672,0.0001603457136583,Benign,0.1034,benign,https://doi.org/10.1101/2022.10.22.513328
E441Q,-0.25914,-0.09116,0.2628565452236331,Neutral,Neutral,,,0.120,cBioPortal,,True,90.1,,,,neutral,neutral,neutral,UP,neutral,neutral,stabilizing,,,,59.12,T,0.1055,3.3284,-4.1375,gain_of_function,-1.29567050812844,0.0003406095089636,Benign,0.0927,benign,https://doi.org/10.1101/2022.10.22.513328
K442N,0.0441,0.10986,-0.1201831429141836,Neutral,Neutral,,,0.144,COSMIC,,True,105.4,,,,neutral,neutral,neutral,DOWN,neutral,neutral,neutral,,,,53.25,T,0.0006,2.7397,-4.7549,gain_of_function,-1.51776915385128,0.0050593771629432,Benign,0.179,benign,https://doi.org/10.1101/2022.10.22.513328
D443N,1.74096,0.49252,0.3828885482785471,Neutral,Neutral,,,0.123,"cBioPortal,COSMIC",,False,30.5,,,,neutral,neutral,neutral,-,uncertain,uncertain,uncertain,,,,50.73,-,0.0775,3.2992,-4.7347,gain_of_function,-0.581910379650365,6.0233763488946365e-05,Benign,0.0931,benign,https://doi.org/10.1101/2022.10.22.513328
K445T,0.64038,0.39354,0.226108335900535,Neutral,Neutral,,,,mutations_clinvar,,False,94.2,,,,neutral,neutral,neutral,DOWN,neutral,neutral,neutral,972163,Uncertain significance,2,49.42,H,0.0521,3.3077,-4.1666,gain_of_function,-0.639841492986343,0.0014967889086604,Benign,0.0989,benign,https://doi.org/10.1101/2022.10.22.513328
A446S,0.86419,1.45442,0.5769220641412867,Neutral,Neutral,,,,mutations_clinvar,,False,7.2,,,,neutral,neutral,neutral,-,uncertain,uncertain,uncertain,1037862,Uncertain significance,2,50.13,H,0.0832,3.1797,-3.4493,gain_of_function,-0.676965108491992,0.0018065835559317,Benign,0.0906,benign,https://doi.org/10.1101/2022.10.22.513328
A446V,-0.10577,3.69932,-0.2926751880357603,Uncertain,Neutral,,7.9794449498e-06,0.169,"cBioPortal,COSMIC",,False,7.2,,,,neutral,neutral,neutral,UP,neutral,neutral,stabilizing,,,,50.13,H,0.0749,3.1797,-4.4868,gain_of_function,-0.636849784339284,0.0006744422228737,Benign,0.1006,benign,https://doi.org/10.1101/2022.10.22.513328
E447K,-0.11748,2.34456,1.5655693405520603,Uncertain,Neutral,,7.9786173056e-06,0.101,cBioPortal,,True,36.2,,,,neutral,neutral,neutral,UP,neutral,neutral,neutral,,,,45.87,H,0.0837,3.587,-3.3611,gain_of_function,-0.818802678643018,0.0007835252572197,Benign,0.0852,benign,https://doi.org/10.1101/2022.10.22.513328
E447Q,0.21711,0.99422,1.2554598128854255,Neutral,Neutral,,,,mutations_clinvar,,True,36.2,,,,neutral,neutral,neutral,UP,neutral,neutral,neutral,2165971,Uncertain significance,1,45.87,H,0.126,3.587,-4.7761,gain_of_function,-1.00386011687233,0.0003907422209617,Benign,0.112,benign,https://doi.org/10.1101/2022.10.22.513328
E448Q,0.0625,0.33673,0.1119654123221325,Neutral,Neutral,,,,mutations_clinvar,,True,78.8,,,,neutral,neutral,neutral,UP,neutral,neutral,neutral,885830,Likely benign,2,51.82,H,0.1019,3.3221,-4.7313,gain_of_function,-0.161774943570221,0.0011754150723982,Benign,0.1155,benign,https://doi.org/10.1101/2022.10.22.513328
V449A,0.11714,0.85068,1.2542860996396448,Neutral,Neutral,,,,mutations_clinvar,,True,47.4,,,,neutral,neutral,neutral,DOWN,neutral,neutral,neutral,2081423,Uncertain significance,1,48.74,H,0.0568,3.3294,-2.3529,gain_of_function,-0.41657166491457,5.38774924897896e-06,Benign,0.0814,benign,https://doi.org/10.1101/2022.10.22.513328
V449I,-0.56299,-0.17653,0.4895549433473051,Neutral,Neutral,3.18593092902e-05,,0.099,cBioPortal,,True,47.4,,,,neutral,neutral,neutral,UP,neutral,neutral,stabilizing,,,,48.74,H,0.1128,3.3294,-4.0275,gain_of_function,-0.0277950340541314,0.0002968020998659,Benign,0.076,benign,https://doi.org/10.1101/2022.10.22.513328
M451V,1.66939,-0.46735,0.1589757265379804,Neutral,Neutral,,,0.044,"cBioPortal,mutations_clinvar",,True,65.5,,,,neutral,neutral,neutral,DOWN,neutral,neutral,neutral,2161163,Uncertain significance,1,49.75,H,0.1008,3.8851,-3.75,gain_of_function,-0.0345578812286386,1.1909357862038668e-05,Benign,0.0681,benign,https://doi.org/10.1101/2022.10.22.513328
R454K,-0.94359,-0.0466,0.4243878860601452,Neutral,Neutral,,,0.120,cBioPortal,,True,50.8,,,,neutral,neutral,neutral,-,uncertain,uncertain,uncertain,,,,48.17,H,0.1082,3.365,-2.9085,gain_of_function,-0.196091196454072,9.520835011199376e-05,Benign,0.0851,benign,https://doi.org/10.1101/2022.10.22.513328
K455N,0.20707,0.20204,0.1767439544957877,Neutral,Neutral,,,0.077,cBioPortal,,True,82.5,,,,neutral,neutral,neutral,DOWN,neutral,neutral,neutral,,,,45.34,H,0.062,3.3479,-3.6909,gain_of_function,-0.141377392027345,0.0015804595837304,Benign,0.1703,benign,https://doi.org/10.1101/2022.10.22.513328
K455R,-0.40983,0.2085,-0.3689622095253625,Neutral,Neutral,,,,mutations_clinvar,,True,82.5,,,,neutral,neutral,neutral,-,uncertain,uncertain,uncertain,955014,Uncertain significance,1,45.34,H,0.1468,3.3479,-3.6503,gain_of_function,-0.0536849476667866,0.0027801530655245,Benign,0.0741,benign,https://doi.org/10.1101/2022.10.22.513328
E456K,-0.33886,0.1915,0.0159039636494334,Neutral,Neutral,,,,mutations_clinvar,,True,66.6,,,,neutral,neutral,neutral,UP,neutral,neutral,neutral,2073298,Uncertain significance,2,37.18,H,0.0862,3.646,-3.9494,gain_of_function,-0.289565740081124,0.0001329742291801,Benign,0.0844,benign,https://doi.org/10.1101/2022.10.22.513328
D457G,0.50748,1.37313,1.1251461676952208,Neutral,Neutral,,1.19726066759e-05,0.046,COSMIC,,True,64.6,,,,neutral,neutral,neutral,DOWN,neutral,neutral,neutral,,,,35.24,H,0.0618,3.5653,-3.9069,gain_of_function,-0.695159203143274,6.873319828052656e-06,Benign,0.0726,benign,https://doi.org/10.1101/2022.10.22.513328
D457N,-0.73291,0.42891,0.0788079756616644,Neutral,Neutral,,,0.087,cBioPortal,,True,64.6,,,,neutral,neutral,neutral,-,uncertain,uncertain,uncertain,,,,35.24,H,0.106,3.5653,-3.9558,gain_of_function,-0.460816884233869,0.0001601431628155,Benign,0.077,benign,https://doi.org/10.1101/2022.10.22.513328
S459L,-0.53136,-0.72755,-0.7288556707127519,Neutral,Neutral,,,0.115,"cBioPortal,COSMIC",,True,64.0,,,,uncertain,,,UP,neutral,neutral,neutral,,,,29.64,H,0.0612,3.5948,-4.9197,gain_of_function,-0.499742701719896,0.0002370248850946,Benign,0.0736,benign,https://doi.org/10.1101/2022.10.22.513328
K460M,-0.2167,0.26769,-0.1160686837430957,Neutral,Neutral,,,,mutations_clinvar,,True,61.7,,,,neutral,neutral,neutral,DOWN,neutral,neutral,neutral,1523150,Uncertain significance,1,28.5,H,0.0422,3.2011,-6.5141,gain_of_function,-1.88742521217735,0.0430979827917204,Benign,0.141,benign,https://doi.org/10.1101/2022.10.22.513328
R463K,0.54436,-0.26531,0.3003955057225582,Neutral,Neutral,,,0.020,cBioPortal,,True,93.1,,,,neutral,neutral,neutral,-,uncertain,uncertain,uncertain,,,,25.54,H,0.1438,3.7432,-2.7359,gain_of_function,-0.220747098117083,4.664173101815652e-06,Benign,0.0661,benign,https://doi.org/10.1101/2022.10.22.513328
K464I,-0.21514,-0.03571,-0.0958206678674677,Neutral,Neutral,,,,mutations_clinvar,,True,93.3,,,,neutral,neutral,neutral,-,uncertain,uncertain,uncertain,1003761,Conflicting interpretations of pathogenicity,1,26.15,S,0.0278,3.3514,-6.5078,gain_of_function,-1.47428397247789,0.0110038583627262,Benign,0.1482,benign,https://doi.org/10.1101/2022.10.22.513328
S465F,-0.2476,0.07007,0.0093408303650371,Neutral,Neutral,,,0.133,cBioPortal,P,True,76.6,0.502,,,damaging,neutral,potentially_damaging,UP,neutral,neutral,stabilizing,,,,22.89,S,0.03,3.4249,-7.8548,gain_of_function,-1.66348586444178,,,0.1129,benign,https://doi.org/10.1101/2022.10.22.513328
R468K,0.00067,-0.41531,0.1740513355573114,Neutral,Neutral,,,0.093,cBioPortal,,True,105.2,,,,neutral,neutral,neutral,-,uncertain,uncertain,uncertain,,,,21.05,-,0.1141,3.4344,-3.0,gain_of_function,-0.11391871518462,,,0.0715,benign,https://doi.org/10.1101/2022.10.22.513328
R468T,0.18876,-0.31122,0.2214257533004299,Neutral,Neutral,,4.0256352452e-06,0.056,cBioPortal,,True,105.2,,,,neutral,neutral,neutral,DOWN,neutral,neutral,neutral,,,,21.05,-,-0.0087,3.4344,-4.585,loss_of_function,-0.406788469226553,,,0.0973,benign,https://doi.org/10.1101/2022.10.22.513328
P469H,0.85649,1.13061,-0.6741411538965636,Neutral,Neutral,,,0.075,"cBioPortal,COSMIC",,True,90.8,,,,neutral,neutral,neutral,UP,neutral,neutral,destabilizing,,,,23.5,-,-0.0693,3.2207,-22.0983,loss_of_function,-1.78203833176729,,,0.1076,benign,https://doi.org/10.1101/2022.10.22.513328
P469L,0.44549,0.60782,-0.8097055144471427,Neutral,Neutral,,,0.035,cBioPortal,,True,90.8,,,,neutral,neutral,neutral,UP,neutral,neutral,destabilizing,,,,23.5,-,0.0073,3.2207,-5.1101,gain_of_function,-0.181753770527074,,,0.0804,benign,https://doi.org/10.1101/2022.10.22.513328
P472L,-1.77957,0.58265,-0.6409096933696112,Neutral,Neutral,,,,mutations_clinvar,,False,89.4,,,,neutral,neutral,neutral,UP,neutral,neutral,destabilizing,134152,Conflicting interpretations of pathogenicity,1,23.75,-,0.0104,3.2187,-4.4692,gain_of_function,-0.17111535367786,0.0002134394447379,Benign,0.0657,benign,https://doi.org/10.1101/2022.10.22.513328
E476Q,0.61186,0.16054,0.2673882610707995,Neutral,Neutral,,,0.072,cBioPortal,,False,106.4,,,,neutral,neutral,neutral,UP,neutral,neutral,mixed_effects,,,,18.18,-,0.1244,3.5142,-3.7736,gain_of_function,-0.0511790403992057,0.0001166701982865,Benign,0.0838,benign,https://doi.org/10.1101/2022.10.22.513328
R477L,0.78868,-0.06259,-0.1928263413902631,Neutral,Neutral,,,0.047,"cBioPortal,COSMIC",,True,102.6,,,,neutral,neutral,neutral,DOWN,neutral,neutral,stabilizing,,,,20.49,-,-0.0171,3.3689,-5.5329,loss_of_function,-0.450506064639019,0.0017419437437279,Benign,0.1044,benign,https://doi.org/10.1101/2022.10.22.513328
R477Q,0.69,-0.01395,0.3252768165443687,Neutral,Neutral,3.18714941356e-05,1.23053700635e-05,0.116,"cBioPortal,COSMIC",,True,102.6,,,,neutral,neutral,neutral,DOWN,neutral,neutral,stabilizing,,,,20.49,-,0.0185,3.3689,-3.9969,gain_of_function,-0.0864059235287204,0.0001911355336196,Benign,0.0812,benign,https://doi.org/10.1101/2022.10.22.513328
R477W,0.95235,0.00136,-0.1431778094478109,Neutral,Neutral,,4.1046859094e-06,0.109,"cBioPortal,COSMIC",,True,102.6,,,,neutral,neutral,neutral,UP,neutral,neutral,neutral,,,,20.49,-,-0.0493,3.3689,-8.8547,loss_of_function,-1.51501633948226,0.1038560884457463,Benign,0.1115,benign,https://doi.org/10.1101/2022.10.22.513328
A478D,0.09123,-0.17279,-0.4312467100052997,Neutral,Neutral,,,0.064,cBioPortal,,True,111.3,,,,neutral,neutral,neutral,UP,neutral,neutral,mixed_effects,,,,18.88,-,-0.0299,3.33,-5.3861,loss_of_function,-0.356870613323469,0.0005357742613418,Benign,0.0976,benign,https://doi.org/10.1101/2022.10.22.513328
A478T,0.11997,-0.15068,-0.2574927086297579,Neutral,Neutral,,,0.033,"cBioPortal,mutations_clinvar",,True,111.3,,,,neutral,neutral,neutral,UP,neutral,neutral,mixed_effects,317812,Uncertain significance,1,18.88,-,0.0905,3.33,-3.5601,gain_of_function,-0.0439939843766798,8.781935732640755e-05,Benign,0.065,benign,https://doi.org/10.1101/2022.10.22.513328
S479Y,1.96664,2.77483,0.3214000638346798,Uncertain,Neutral,,,0.110,cBioPortal,,True,83.5,,,,uncertain,,,UP,neutral,neutral,stabilizing,,,,20.45,-,0.0327,3.5059,-7.8517,gain_of_function,-1.21296187955534,0.0053926032892926,Benign,0.0867,benign,https://doi.org/10.1101/2022.10.22.513328
T480A,0.04526,0.87279,0.172223182520374,Neutral,Neutral,,,0.029,"cBioPortal,COSMIC",,True,88.1,,,,uncertain,,,DOWN,neutral,neutral,neutral,,,,21.33,-,0.0947,3.4752,-3.0812,gain_of_function,-0.0128011060074743,1.1595562836994937e-05,Benign,0.0566,benign,https://doi.org/10.1101/2022.10.22.513328
K481E,-0.40787,-0.18435,-0.1991871318188093,Neutral,Neutral,,,0.123,"cBioPortal,COSMIC",,True,107.5,,,,neutral,neutral,neutral,DOWN,neutral,neutral,stabilizing,,,,20.96,-,0.0418,3.2182,-4.0064,gain_of_function,-1.31976864752938,0.0003522289768972,Benign,0.0848,benign,https://doi.org/10.1101/2022.10.22.513328
R483G,0.03587,0.69388,0.7660446108314403,Neutral,Neutral,,,,mutations_clinvar,,True,104.3,,,,neutral,neutral,neutral,DOWN,neutral,neutral,stabilizing,134149,not provided,0,21.67,-,-0.0435,3.3243,-3.4493,loss_of_function,-0.224538683465613,0.000131502333328,Benign,0.0658,benign,https://doi.org/10.1101/2022.10.22.513328
R483I,-0.05453,-0.19694,0.0285221070344066,Neutral,Neutral,,,0.026,"cBioPortal,COSMIC",,True,104.3,,,,neutral,neutral,neutral,DOWN,neutral,neutral,stabilizing,,,,21.67,-,-0.1323,3.3243,-22.0224,loss_of_function,-0.845723614600235,0.0025258088253959,Benign,0.095,benign,https://doi.org/10.1101/2022.10.22.513328
R483T,0.21034,-0.0119,0.2102672915021503,Neutral,Neutral,,,0.012,"cBioPortal,COSMIC",,True,104.3,,,,neutral,neutral,neutral,DOWN,neutral,neutral,stabilizing,,,,21.67,-,-0.0217,3.3243,-5.1497,loss_of_function,-0.35162266789658,7.524084814877478e-05,Benign,0.0792,benign,https://doi.org/10.1101/2022.10.22.513328
T484I,0.08328,-0.24048,-0.4819002741864847,Neutral,Neutral,,,0.118,"cBioPortal,COSMIC",,True,105.3,,,,uncertain,,,UP,neutral,neutral,mixed_effects,,,,23.56,-,0.0676,3.5897,-5.3923,gain_of_function,-0.268566893132312,0.0113258899707575,Benign,0.0726,benign,https://doi.org/10.1101/2022.10.22.513328
K486E,-0.61129,0.08673,-0.1721229333067447,Neutral,Neutral,,,0.084,"cBioPortal,COSMIC",,True,104.1,,,,neutral,neutral,neutral,DOWN,neutral,neutral,neutral,,,,23.08,-,0.0691,3.5227,-4.1497,gain_of_function,-0.697567122470818,0.0003965305486227,Benign,0.0933,benign,https://doi.org/10.1101/2022.10.22.513328
K487E,-0.21448,0.14388,-0.258114484582132,Neutral,Neutral,,,,mutations_clinvar,,True,108.1,,,,neutral,neutral,neutral,DOWN,neutral,neutral,neutral,2441285,Uncertain significance,1,23.56,-,0.0433,3.2458,-4.2029,gain_of_function,-1.06972142720506,0.0041884223753139,Benign,0.0888,benign,https://doi.org/10.1101/2022.10.22.513328
K487N,0.22011,0.09796,-0.1875231528272664,Neutral,Neutral,,,0.081,"cBioPortal,COSMIC",,True,108.1,,,,neutral,neutral,neutral,DOWN,neutral,neutral,neutral,,,,23.56,-,0.0539,3.2458,-3.4304,gain_of_function,-0.300412729968347,0.0008039024608382,Benign,0.1696,benign,https://doi.org/10.1101/2022.10.22.513328
K488R,0.0273,0.43639,-0.3276331872751004,Neutral,Neutral,,,,mutations_clinvar,,True,105.3,,,,neutral,neutral,neutral,-,uncertain,uncertain,uncertain,317813,Uncertain significance,1,22.85,-,0.1413,3.2622,-3.183,gain_of_function,-0.259183737465199,0.0016448251228817,Benign,0.0702,benign,https://doi.org/10.1101/2022.10.22.513328
R490Q,-0.06931,-0.3517,0.3139129541752689,Neutral,Neutral,,,0.290,"cBioPortal,COSMIC,mutations_clinvar",,True,101.1,,,,neutral,neutral,neutral,DOWN,neutral,neutral,neutral,1723249,Uncertain significance,1,26.5,-,0.0314,3.5108,-4.0297,gain_of_function,-0.371054447204949,0.0001312098508836,Benign,0.0617,benign,https://doi.org/10.1101/2022.10.22.513328
R490W,-0.58878,-0.09558,-0.2964965873898512,Neutral,Neutral,,4.0490092074e-06,0.150,cBioPortal,,True,101.1,,,,neutral,neutral,neutral,UP,neutral,neutral,stabilizing,,,,26.5,-,-0.1037,3.5108,-22.0724,loss_of_function,-3.04710889385799,0.0039314996940742,Benign,0.0809,benign,https://doi.org/10.1101/2022.10.22.513328
L492M,-0.53744,1.77041,0.5048829607535338,Neutral,Neutral,,,0.162,cBioPortal,,True,62.1,,,,neutral,neutral,neutral,-,uncertain,uncertain,uncertain,,,,33.3,-,0.0417,3.0076,-6.1997,gain_of_function,-0.125268167421696,0.0306123033103047,Benign,0.1013,benign,https://doi.org/10.1101/2022.10.22.513328
T493P,0.40881,1.44762,2.5013709203204497,Neutral,Uncertain,,,,mutations_clinvar,P,True,49.7,0.719,,,damaging,neutral,potentially_damaging,-,uncertain,uncertain,uncertain,2441284,Uncertain significance,1,35.77,-,-0.1832,2.5598,-8.8359,loss_of_function,-3.26484444714105,0.1736976548345186,Benign,0.1398,benign,https://doi.org/10.1101/2022.10.22.513328
L494S,1.95432,2.7619,3.1217689394297103,Uncertain,Uncertain,,,0.257,COSMIC,,True,21.6,,,,neutral,neutral,neutral,DOWN,neutral,neutral,neutral,,,,35.64,T,-0.0902,2.9108,-4.2384,loss_of_function,-2.24958759609213,0.0356881325872703,Benign,0.4764,ambiguous,https://doi.org/10.1101/2022.10.22.513328
T495I,-0.39776,-0.10612,0.1486222776172374,Neutral,Neutral,,,,mutations_clinvar,,True,55.8,,,,uncertain,,,UP,neutral,neutral,stabilizing,1064260,Uncertain significance,1,39.06,T,-0.0024,2.8026,-4.9228,loss_of_function,-0.807690569955325,0.2544734403850034,Benign,0.2215,benign,https://doi.org/10.1101/2022.10.22.513328
Q496E,0.46802,0.2949,-0.0518478157152924,Neutral,Neutral,,,0.136,cBioPortal,,True,82.7,,,,neutral,neutral,neutral,DOWN,neutral,neutral,neutral,,,,36.04,-,0.0151,2.4848,-4.3093,gain_of_function,-0.442017482430052,0.0347144670997737,Benign,0.0808,benign,https://doi.org/10.1101/2022.10.22.513328
Q496H,0.59023,0.59252,-0.5347944294796714,Neutral,Neutral,0.0020058583800306,0.0006948881789137,0.330,"cBioPortal,mutations_clinvar",,True,82.7,,,,neutral,neutral,neutral,UP,neutral,neutral,stabilizing,"885831, 134150","Uncertain significance, Conflicting interpretations of pathogenicity","2, 1",36.04,-,0.0079,2.4848,-6.5109,gain_of_function,-3.10105604877066,0.5789749314783548,Uncertain,0.3372,benign,https://doi.org/10.1101/2022.10.22.513328
M497V,1.06362,0.75748,-0.0667882660984031,Neutral,Neutral,,,,mutations_clinvar,,True,42.9,,,,neutral,neutral,neutral,DOWN,neutral,neutral,neutral,374688,Uncertain significance,1,27.4,S,0.052,3.3671,-3.9641,gain_of_function,-0.18166905164154,0.0500031985124207,Benign,0.0958,benign,https://doi.org/10.1101/2022.10.22.513328
V498A,0.28002,-2.19354,0.3479341784651141,Uncertain,Neutral,,3.5937612305e-05,0.056,"cBioPortal,mutations_clinvar",,True,100.7,,,,neutral,neutral,neutral,DOWN,neutral,neutral,neutral,1315619,Uncertain significance,2,29.52,S,0.0769,3.6119,-3.5169,gain_of_function,-0.326094185571346,0.003212811351657,Benign,0.0903,benign,https://doi.org/10.1101/2022.10.22.513328
P501L,0.86187,0.84524,-0.3018557638780328,Neutral,Neutral,,,0.091,"cBioPortal,COSMIC",,False,84.1,,,,neutral,neutral,neutral,UP,neutral,neutral,mixed_effects,,,,26.41,-,0.0531,3.7013,-4.8176,gain_of_function,-0.173867661077752,3.1410741350799725e-05,Benign,0.0707,benign,https://doi.org/10.1101/2022.10.22.513328
E506K,-0.2922,0.0881,0.0230097203546747,Neutral,Neutral,,,0.191,cBioPortal,,False,98.8,,,,neutral,neutral,neutral,UP,neutral,neutral,stabilizing,,,,20.01,-,0.0506,3.2821,-4.3592,gain_of_function,-0.375775425030628,0.0001306267722163,Benign,0.0645,benign,https://doi.org/10.1101/2022.10.22.513328
G508E,-1.43134,0.54422,0.1101738012706055,Neutral,Neutral,,,,mutations_clinvar,,False,104.1,,,,neutral,neutral,neutral,UP,neutral,neutral,stabilizing,134156,not provided,0,19.54,-,-0.0463,3.2612,-3.2462,loss_of_function,-0.07677702463725,3.54642878580149e-05,Benign,0.0681,benign,https://doi.org/10.1101/2022.10.22.513328
G508R,-2.19062,-0.65374,-0.5392048550376155,Uncertain,Uncertain,,,,mutations_clinvar,,False,104.1,,,,neutral,neutral,neutral,UP,neutral,neutral,stabilizing,1426076,Uncertain significance,1,19.54,-,-0.0807,3.2612,-6.6724,loss_of_function,-0.247493429595859,0.0005739532173407,Benign,0.0809,benign,https://doi.org/10.1101/2022.10.22.513328
E511G,0.15503,0.72721,0.4429666238433016,Neutral,Neutral,,3.9818427968e-06,0.089,cBioPortal,,False,84.9,,,,neutral,neutral,neutral,DOWN,neutral,neutral,neutral,,,,18.12,-,0.0477,3.3568,-5.5374,gain_of_function,-0.600597304599694,0.0006029960184835,Benign,0.076,benign,https://doi.org/10.1101/2022.10.22.513328
G513E,2.93661,5.10578,2.0086723147558807,Uncertain,Uncertain,,3.9813037974e-06,0.096,cBioPortal,,False,54.4,,,,neutral,neutral,neutral,UP,neutral,neutral,stabilizing,,,,18.94,-,-0.0293,3.4726,-3.7334,loss_of_function,-0.0146258424131646,4.192277697792344e-05,Benign,0.0687,benign,https://doi.org/10.1101/2022.10.22.513328
Y514C,-0.16191,0.92823,1.1647399540349803,Neutral,Neutral,,3.98076494379e-05,0.088,"cBioPortal,mutations_clinvar",,True,103.6,,,,uncertain,,,DOWN,neutral,neutral,stabilizing,1710949,Uncertain significance,1,20.68,-,0.0255,3.9542,-5.7123,gain_of_function,-0.026586682122324,0.0002098615802319,Benign,0.0592,benign,https://doi.org/10.1101/2022.10.22.513328
Y514N,-0.26169,0.07823,0.2388070809997028,Neutral,Neutral,,,0.056,cBioPortal,,True,103.6,,,,uncertain,,,DOWN,neutral,neutral,stabilizing,,,,20.68,-,0.0039,3.9542,-5.5196,gain_of_function,-0.530288276873305,7.935866592585509e-06,Benign,0.0593,benign,https://doi.org/10.1101/2022.10.22.513328
R515C,0.27019,1.03469,1.074232356226512,Neutral,Neutral,,,0.086,"cBioPortal,COSMIC",,True,103.5,,,,neutral,neutral,neutral,DOWN,neutral,neutral,stabilizing,,,,18.64,-,0.0287,3.9603,-5.9696,gain_of_function,0.0062646061716725,0.0004595703395036,Benign,0.0697,benign,https://doi.org/10.1101/2022.10.22.513328
R515H,0.18117,0.03333,0.0075860218368556,Neutral,Neutral,,,,mutations_clinvar,,True,103.5,,,,neutral,neutral,neutral,DOWN,neutral,neutral,stabilizing,1048866,Uncertain significance,2,18.64,-,0.0729,3.9603,-4.9696,gain_of_function,-0.092111948967855,1.7423876186903118e-05,Benign,0.0605,benign,https://doi.org/10.1101/2022.10.22.513328
R516L,0.69739,0.20782,-0.2502173706930632,Neutral,Neutral,,,0.026,"cBioPortal,COSMIC",,True,99.5,,,,neutral,neutral,neutral,DOWN,neutral,neutral,mixed_effects,,,,20.55,-,0.0199,3.6616,-3.5666,gain_of_function,-1.20700891787597,6.22498226010477e-05,Benign,0.0983,benign,https://doi.org/10.1101/2022.10.22.513328
R516Q,0.24282,0.25578,0.3118520002588359,Neutral,Neutral,,,0.031,"cBioPortal,COSMIC",,True,99.5,,,,neutral,neutral,neutral,DOWN,neutral,neutral,mixed_effects,,,,20.55,-,0.045,3.6616,-4.0875,gain_of_function,-0.0737786467026259,9.329909758893044e-05,Benign,0.0694,benign,https://doi.org/10.1101/2022.10.22.513328
E517K,0.11242,0.84014,0.1706077073337847,Neutral,Neutral,9.55170657157e-05,1.1942770245e-05,0.053,"cBioPortal,COSMIC,mutations_clinvar",,False,107.5,,,,neutral,neutral,neutral,UP,neutral,neutral,neutral,1037640,Uncertain significance,2,18.48,-,0.0512,3.3022,-4.592,gain_of_function,-0.52773887656858,0.0038823852080417,Benign,0.0825,benign,https://doi.org/10.1101/2022.10.22.513328
I518M,-2.23869,0.39966,0.3237785096629803,Uncertain,Uncertain,,,,mutations_clinvar,,True,96.7,,,,neutral,neutral,neutral,-,uncertain,uncertain,uncertain,1806583,Uncertain significance,1,20.71,-,0.1082,3.6061,-3.9175,gain_of_function,-0.11282550282924,5.16971526472957e-05,Benign,0.0598,benign,https://doi.org/10.1101/2022.10.22.513328
S520N,-0.11086,1.13401,-0.0772834514457926,Neutral,Neutral,,,0.097,"COSMIC,mutations_clinvar",P,True,113.7,0.093,,,damaging,neutral,potentially_damaging,UP,neutral,neutral,neutral,2145703,Uncertain significance,1,19.73,-,0.0982,3.3997,-4.9641,gain_of_function,-0.0887347225753083,0.0007457004806414,Benign,0.0858,benign,https://doi.org/10.1101/2022.10.22.513328
S521R,-0.56344,0.6034,-0.2029927550202392,Neutral,Neutral,0.000605249745158,0.0008797280406347,0.110,"COSMIC,mutations_clinvar",P,True,92.9,0.451,,,damaging,neutral,potentially_damaging,UP,neutral,neutral,neutral,134153,Conflicting interpretations of pathogenicity,1,22.7,-,0.0393,3.5579,-5.3219,gain_of_function,-1.57468518341641,0.0470201771384005,Benign,0.2971,benign,https://doi.org/10.1101/2022.10.22.513328
P522L,-0.20849,0.63163,-0.6583191447350817,Neutral,Neutral,,,0.056,"cBioPortal,COSMIC",,True,92.5,,,,neutral,neutral,neutral,UP,neutral,neutral,neutral,,,,25.87,-,0.0182,3.3347,-5.0343,gain_of_function,-0.419133617576276,0.0009746967161622,Benign,0.076,benign,https://doi.org/10.1101/2022.10.22.513328
S524N,-0.1005,0.28129,-0.1808685249870517,Neutral,Neutral,,,0.095,COSMIC,P,False,103.5,0.588,,,damaging,neutral,uncertain,UP,neutral,neutral,neutral,,,,20.26,-,0.1146,3.539,-4.2643,gain_of_function,-0.136538991961896,0.0003384137783177,Benign,0.0624,benign,https://doi.org/10.1101/2022.10.22.513328
C525W,1.53048,-0.03707,-1.2723161198181323,Neutral,Neutral,,2.78615836524e-05,0.136,"COSMIC,mutations_clinvar",,False,108.2,,,,neutral,neutral,neutral,UP,neutral,neutral,neutral,1320478,Uncertain significance,2,17.88,-,-0.1421,3.7648,-22.0258,loss_of_function,-1.26052064476724,0.0121910530401661,Benign,0.1229,benign,https://doi.org/10.1101/2022.10.22.513328
P526L,-0.5533,0.59218,-0.832163280171177,Neutral,Neutral,,,,mutations_clinvar,,False,83.7,,,,neutral,neutral,neutral,UP,neutral,neutral,neutral,1356203,Uncertain significance,2,25.01,-,0.0615,3.7005,-3.1402,gain_of_function,0.125747958581125,1.349246846607803e-06,Benign,0.0588,benign,https://doi.org/10.1101/2022.10.22.513328
E527D,0.65339,-0.55238,0.0820033691890964,Neutral,Neutral,,,,mutations_clinvar,,False,110.2,,,,neutral,neutral,neutral,DOWN,neutral,neutral,neutral,855799,Uncertain significance,2,20.47,-,0.0823,2.9315,-2.8499,gain_of_function,-0.254702129765433,0.0012478048445274,Benign,0.0833,benign,https://doi.org/10.1101/2022.10.22.513328
E527K,0.65208,-0.00578,0.1119572320360534,Neutral,Neutral,,,0.143,cBioPortal,,False,110.2,,,,neutral,neutral,neutral,UP,neutral,neutral,neutral,,,,20.47,-,0.0169,2.9315,-4.6342,gain_of_function,-0.45506830880252,0.002712340976357,Benign,0.0682,benign,https://doi.org/10.1101/2022.10.22.513328
I529M,0.47507,0.84252,0.3371075779732185,Neutral,Neutral,,,0.089,"cBioPortal,COSMIC",,False,74.4,,,,neutral,neutral,neutral,-,uncertain,uncertain,uncertain,,,,24.62,-,0.0986,3.5837,-5.382,gain_of_function,-0.0743493779819969,0.0006209832715109,Benign,0.0573,benign,https://doi.org/10.1101/2022.10.22.513328
I529N,0.2192,0.88095,0.5482184537342535,Neutral,Neutral,,,0.066,cBioPortal,,False,74.4,,,,neutral,neutral,neutral,DOWN,neutral,neutral,neutral,,,,24.62,-,-0.0514,3.5837,-6.1189,loss_of_function,-1.01485224246764,2.059044592217965e-05,Benign,0.0633,benign,https://doi.org/10.1101/2022.10.22.513328
E533G,0.07711,1.04116,0.6600712306796358,Neutral,Neutral,,,0.041,cBioPortal,,False,111.0,,,,neutral,neutral,neutral,DOWN,neutral,neutral,neutral,,,,25.14,-,0.0503,3.3649,-5.1733,gain_of_function,-0.815285955989798,0.000119783320492,Benign,0.0642,benign,https://doi.org/10.1101/2022.10.22.513328
E533K,-0.14998,0.85986,-0.0874295369346966,Neutral,Neutral,,,0.076,"cBioPortal,COSMIC,mutations_clinvar",,False,111.0,,,,neutral,neutral,neutral,UP,neutral,neutral,neutral,1319887,Uncertain significance,1,25.14,-,0.0511,3.3649,-5.7582,gain_of_function,-0.843304727859713,0.0005710983026083,Benign,0.0741,benign,https://doi.org/10.1101/2022.10.22.513328
D535H,0.21005,0.39252,-0.0541840404582988,Neutral,Neutral,,7.9558925318e-06,0.119,cBioPortal,,False,110.1,,,,neutral,neutral,neutral,UP,neutral,neutral,neutral,,,,28.31,-,0.0095,3.0298,-4.8547,gain_of_function,-0.545217212823646,0.0054387790982138,Benign,0.0863,benign,https://doi.org/10.1101/2022.10.22.513328
D535N,0.12557,-0.14796,-0.0667984643414598,Neutral,Neutral,,,0.130,cBioPortal,,False,110.1,,,,neutral,neutral,neutral,-,uncertain,uncertain,uncertain,,,,28.31,-,0.0556,3.0298,-4.1766,gain_of_function,-0.496094474834918,0.0018139061311456,Benign,0.0714,benign,https://doi.org/10.1101/2022.10.22.513328
V536A,0.44557,1.57177,1.3323456464527788,Neutral,Neutral,,,0.095,"cBioPortal,COSMIC",,False,59.2,,,,neutral,neutral,neutral,DOWN,neutral,neutral,neutral,,,,36.25,-,0.0326,3.148,-3.8312,gain_of_function,-0.287973489284881,5.8796953483912767e-05,Benign,0.084,benign,https://doi.org/10.1101/2022.10.22.513328
V536L,-0.99772,-0.78707,-0.1458683288571077,Neutral,Neutral,,,0.038,"cBioPortal,mutations_clinvar",,False,59.2,,,,neutral,neutral,neutral,UP,neutral,neutral,neutral,134157,Conflicting interpretations of pathogenicity,1,36.25,-,0.0433,3.148,-1.6088,gain_of_function,-0.0516876700707939,9.954825071121695e-08,Benign,0.0603,benign,https://doi.org/10.1101/2022.10.22.513328
N537H,0.00191,-0.2585,0.1335634924196849,Neutral,Neutral,,,0.125,cBioPortal,,False,110.8,,,,neutral,neutral,neutral,UP,neutral,neutral,neutral,,,,33.92,-,0.0404,3.1749,-6.1497,gain_of_function,-1.0564508312358,0.0439974622202106,Benign,0.067,benign,https://doi.org/10.1101/2022.10.22.513328
S540L,0.53769,0.57109,-0.2168952877059005,Neutral,Neutral,9.5523148443e-05,1.98895730902e-05,0.298,"cBioPortal,COSMIC,mutations_clinvar",,False,111.0,,,,uncertain,,,UP,neutral,neutral,neutral,840996,Uncertain significance,2,42.47,T,0.0131,3.0567,-4.6472,gain_of_function,-1.72137618391934,0.0063682520271982,Benign,0.0937,benign,https://doi.org/10.1101/2022.10.22.513328
D541G,0.44151,0.79184,1.0318615567193492,Neutral,Neutral,,,,mutations_clinvar,,False,92.6,,,,neutral,neutral,neutral,DOWN,neutral,neutral,neutral,2158923,Uncertain significance,1,46.66,T,-0.0695,2.2938,-6.7004,loss_of_function,-2.69197789480511,0.0694064937064969,Benign,0.1151,benign,https://doi.org/10.1101/2022.10.22.513328
D541H,0.68314,0.32313,0.0313298516341248,Neutral,Neutral,,,0.364,COSMIC,,False,92.6,,,,neutral,neutral,neutral,UP,neutral,neutral,neutral,,,,46.66,T,-0.0728,2.2938,-7.7004,loss_of_function,-3.41681383868469,0.4976115792147794,Uncertain,0.1756,benign,https://doi.org/10.1101/2022.10.22.513328
D541N,0.44926,0.0381,0.2805151186984184,Neutral,Neutral,,,0.194,"cBioPortal,COSMIC",,False,92.6,,,,neutral,neutral,neutral,-,uncertain,uncertain,uncertain,,,,46.66,T,-0.0136,2.2938,-4.4525,loss_of_function,-0.733116898486561,0.0055413878357557,Benign,0.0885,benign,https://doi.org/10.1101/2022.10.22.513328
D541Y,0.48155,0.41361,0.1743109735065973,Neutral,Neutral,,,0.389,cBioPortal,,False,92.6,,,,neutral,neutral,neutral,UP,neutral,neutral,neutral,,,,46.66,T,-0.0966,2.2938,-5.3785,loss_of_function,-4.39079106552757,0.3419225999648429,Uncertain,0.1637,benign,https://doi.org/10.1101/2022.10.22.513328
G545R,2.98975,3.64762,0.1145903595842989,Uncertain,Uncertain,0.00012745347948,1.98905225638e-05,0.491,"cBioPortal,COSMIC,mutations_clinvar",,False,54.4,,,,neutral,neutral,neutral,UP,neutral,neutral,neutral,"2084935, 541249","Uncertain significance, Uncertain significance","1, 2",57.29,-,-0.1653,2.3934,-7.611,loss_of_function,-2.57795371748474,0.0320744817110499,Benign,0.3388,benign,https://doi.org/10.1101/2022.10.22.513328
K548Q,0.27877,0.58163,-0.7400118920540355,Neutral,Neutral,,,0.123,"cBioPortal,COSMIC",,False,68.3,,,,neutral,neutral,neutral,DOWN,neutral,neutral,neutral,,,,56.29,T,0.0571,3.1621,-5.0207,gain_of_function,-0.0792580253401164,0.0164832268052115,Benign,0.0982,benign,https://doi.org/10.1101/2022.10.22.513328
E549D,-0.00324,0.08741,0.2706757629563161,Neutral,Neutral,,,,mutations_clinvar,,True,97.3,,,,neutral,neutral,neutral,DOWN,neutral,neutral,neutral,317814,Uncertain significance,1,58.27,T,0.085,2.96,-2.8304,gain_of_function,-0.0714031193104086,0.0015086016390706,Benign,0.0649,benign,https://doi.org/10.1101/2022.10.22.513328
E549K,-0.43835,0.88605,0.2596103493399787,Neutral,Neutral,,,0.094,"cBioPortal,COSMIC",,True,97.3,,,,neutral,neutral,neutral,UP,neutral,neutral,neutral,,,,58.27,T,0.0229,2.96,-3.9773,gain_of_function,-0.495517120792948,0.0265413207442482,Benign,0.0988,benign,https://doi.org/10.1101/2022.10.22.513328
P550S,3.75063,2.4483,1.4501638186492307,Uncertain,Uncertain,,1.19371627752e-05,0.308,"cBioPortal,COSMIC,mutations_clinvar",,True,27.9,,,,neutral,neutral,neutral,DOWN,neutral,neutral,neutral,946529,Uncertain significance,1,57.44,T,-0.0625,1.8958,-4.5173,loss_of_function,-2.7668487679742,0.0088674816242569,Benign,0.3691,ambiguous,https://doi.org/10.1101/2022.10.22.513328
T552A,2.6095,1.54626,1.517368672996633,Uncertain,Uncertain,,,,mutations_clinvar,,True,6.2,,,,uncertain,,,DOWN,neutral,neutral,neutral,1448770,Uncertain significance,1,81.14,E,-0.0318,2.2786,-6.3068,loss_of_function,-1.90684361050886,0.0039817621073261,Benign,0.116,benign,https://doi.org/10.1101/2022.10.22.513328
T552I,-1.95587,-1.65748,-0.5506451546037677,Neutral,Neutral,,,,mutations_clinvar,,True,6.2,,,,uncertain,,,UP,neutral,neutral,neutral,1319885,Uncertain significance,2,81.14,E,-0.036,2.2786,-2.0589,loss_of_function,0.0801546790956487,0.000409858157765,Benign,0.1008,benign,https://doi.org/10.1101/2022.10.22.513328
I553M,0.30955,0.51327,1.2882915126109322,Neutral,Neutral,,,0.069,COSMIC,,True,1.9,,,,neutral,neutral,neutral,-,uncertain,uncertain,uncertain,,,,86.52,E,-0.0349,2.2166,-6.9008,loss_of_function,-1.76970825697943,0.0022444594469992,Benign,0.1316,benign,https://doi.org/10.1101/2022.10.22.513328
I553T,3.55131,2.01497,2.693283742981992,Uncertain,Uncertain,,,0.157,cBioPortal,,True,1.9,,,,neutral,neutral,neutral,DOWN,neutral,neutral,neutral,,,,86.52,E,-0.0998,2.2166,-6.5789,loss_of_function,-2.1326566127031,0.0116352576279055,Benign,0.5571,ambiguous,https://doi.org/10.1101/2022.10.22.513328
I553V,1.32115,-0.3381,0.9543280516170968,Neutral,Neutral,,3.9793076005e-06,0.098,"cBioPortal,COSMIC,mutations_clinvar",,True,1.9,,,,neutral,neutral,neutral,DOWN,neutral,neutral,neutral,134151,Uncertain significance,1,86.52,E,0.0401,2.2166,-1.113,gain_of_function,-0.20509007686295,6.717971562063757e-07,Benign,0.0605,benign,https://doi.org/10.1101/2022.10.22.513328
I554M,0.43352,1.77279,1.3353166160170586,Neutral,Neutral,,,,mutations_clinvar,,True,0.8,,,,neutral,neutral,neutral,-,uncertain,uncertain,uncertain,2503514,Uncertain significance,1,87.75,E,-0.0915,1.6566,-7.9008,loss_of_function,-2.06887000980904,0.2236958317326149,Benign,0.2213,benign,https://doi.org/10.1101/2022.10.22.513328
H555Y,3.26222,-0.85816,1.7372715019845366,Uncertain,Uncertain,,,0.462,cBioPortal,,True,0.2,,,,neutral,neutral,neutral,UP,neutral,neutral,neutral,,,,89.92,E,-0.0079,1.9093,-5.5173,loss_of_function,-2.44958211295919,0.156946171042299,Benign,0.3098,benign,https://doi.org/10.1101/2022.10.22.513328
P556L,2.64975,0.95408,-0.1348158997000859,Uncertain,Uncertain,,,0.495,cBioPortal,,True,0.1,,,,neutral,neutral,neutral,UP,neutral,neutral,neutral,,,,90.13,E,-0.1288,1.9472,-8.8264,loss_of_function,-3.32151818883242,0.5009320110907434,Uncertain,0.7559,pathogenic,https://doi.org/10.1101/2022.10.22.513328
L558M,-0.30613,0.42789,0.5497477394394659,Neutral,Neutral,,,0.097,cBioPortal,,True,53.9,,,,neutral,neutral,neutral,-,uncertain,uncertain,uncertain,,,,78.71,S,-0.0167,3.2581,-22.1488,loss_of_function,-3.05086798224879,0.1319599693044266,Benign,0.0901,benign,https://doi.org/10.1101/2022.10.22.513328
G559D,4.543,-1.10136,1.3260456522881254,Uncertain,Uncertain,6.36658814541e-05,4.38082949015e-05,0.460,"cBioPortal,mutations_clinvar",,False,103.7,,,,neutral,neutral,neutral,UP,neutral,neutral,neutral,317815,Uncertain significance,2,67.15,-,-0.1564,2.1394,-4.4626,loss_of_function,-2.67353759603886,0.0519543648145064,Benign,0.7896,pathogenic,https://doi.org/10.1101/2022.10.22.513328
G559N,2.43639,-0.36293,0.741841078731896,Uncertain,Uncertain,,,,"cBioPortal,COSMIC",,False,103.7,,,,neutral,neutral,neutral,UP,neutral,neutral,neutral,,,,67.15,-,-0.1648,2.1394,-6.0475,loss_of_function,-2.75220727022726,0.0587052999137779,Benign,0.7541,pathogenic,https://doi.org/10.1101/2022.10.22.513328
C560R,0.86559,0.64966,1.0708568178580242,Neutral,Neutral,,,0.237,COSMIC,,False,22.7,,,,neutral,neutral,neutral,UP,neutral,neutral,neutral,,,,69.83,-,-0.2902,2.7624,-22.155,loss_of_function,-2.90111117549678,0.0271302532396446,Benign,0.5388,ambiguous,https://doi.org/10.1101/2022.10.22.513328
S561C,-0.11869,1.36633,0.839178169753805,Neutral,Neutral,,,,mutations_clinvar,,False,96.6,,,,uncertain,,,UP,neutral,neutral,neutral,653625,Uncertain significance,1,68.93,S,-0.0374,3.1866,-22.1704,loss_of_function,-2.49897570904715,0.5678300576151895,Uncertain,0.1027,benign,https://doi.org/10.1101/2022.10.22.513328
S561I,-0.39925,0.89014,-0.0034414253009129,Neutral,Neutral,,,0.190,"cBioPortal,COSMIC",,False,96.6,,,,uncertain,,,UP,neutral,neutral,neutral,,,,68.93,S,-0.0003,3.1866,-8.8825,loss_of_function,-1.67096056439741,0.056734592648065,Benign,0.2121,benign,https://doi.org/10.1101/2022.10.22.513328
D562N,1.80168,0.29558,0.2768662259750126,Neutral,Neutral,,7.17160046217e-05,0.354,"cBioPortal,mutations_clinvar",,False,27.4,,,,neutral,neutral,neutral,-,uncertain,uncertain,uncertain,853493,Uncertain significance,1,76.14,S,-0.107,1.2488,-3.9192,loss_of_function,-2.23076841008909,0.0170741312656292,Benign,0.5395,ambiguous,https://doi.org/10.1101/2022.10.22.513328
P563H,2.34675,1.48776,0.0922408585123951,Uncertain,Uncertain,,,0.428,"cBioPortal,COSMIC",,False,47.2,,,,neutral,neutral,neutral,UP,neutral,neutral,neutral,,,,74.25,T,-0.0373,2.6505,-5.5477,loss_of_function,-2.79780195723224,0.1305909668974469,Benign,0.3088,benign,https://doi.org/10.1101/2022.10.22.513328
P563L,1.31176,0.98571,-0.2285574531093059,Neutral,Neutral,,3.9841907312e-06,0.404,COSMIC,,False,47.2,,,,neutral,neutral,neutral,UP,neutral,neutral,neutral,,,,74.25,T,-0.0584,2.6505,-7.7176,loss_of_function,-3.08854813595613,0.1817911893173459,Benign,0.2757,benign,https://doi.org/10.1101/2022.10.22.513328
Y564C,3.91458,2.83673,3.2944447120532985,Uncertain,Destabilizing,,,,mutations_clinvar,,False,8.8,,,,uncertain,,,DOWN,neutral,neutral,neutral,841845,Uncertain significance,1,82.12,T,-0.1068,2.6834,-8.7175,loss_of_function,-2.7256189464723,0.4390042483087282,Uncertain,0.2378,benign,https://doi.org/10.1101/2022.10.22.513328
A565D,1.62959,3.20136,0.9076357254595048,Uncertain,Neutral,,,0.210,cBioPortal,,True,10.7,,,,neutral,neutral,neutral,UP,neutral,neutral,neutral,,,,82.42,H,-0.1255,2.2678,-4.971,loss_of_function,-2.25991643214765,,,0.7047,pathogenic,https://doi.org/10.1101/2022.10.22.513328
A565V,1.95254,1.42823,0.159708210063581,Neutral,Neutral,,3.9858105146e-06,0.202,"cBioPortal,COSMIC,mutations_clinvar",,True,10.7,,,,neutral,neutral,neutral,UP,neutral,neutral,neutral,1970152,Uncertain significance,1,82.42,H,-0.0189,2.2678,-6.4304,loss_of_function,-2.92478052506197,,,0.3217,benign,https://doi.org/10.1101/2022.10.22.513328
R568S,1.53108,1.48265,1.6059028668242117,Neutral,Neutral,,,0.407,cBioPortal,,True,37.8,,,,neutral,neutral,neutral,DOWN,neutral,neutral,neutral,,,,84.04,H,-0.1209,2.1805,-4.822,loss_of_function,-1.07430275359753,,,0.5662,pathogenic,https://doi.org/10.1101/2022.10.22.513328
V569L,-0.68757,0.54014,0.8590039202896038,Neutral,Neutral,,,0.210,cBioPortal,,True,2.7,,,,neutral,neutral,neutral,UP,neutral,neutral,neutral,,,,85.54,H,-0.0371,2.3497,-2.9851,loss_of_function,-0.411675861322544,0.001335164970191,Benign,0.2401,benign,https://doi.org/10.1101/2022.10.22.513328
H571R,-0.17095,1.53469,0.2800890434206288,Neutral,Neutral,,,0.239,COSMIC,,True,37.4,,,,neutral,neutral,neutral,UP,neutral,neutral,neutral,,,,84.8,H,0.0056,2.7345,-5.1115,gain_of_function,-1.14663803080186,0.0115770336926172,Benign,0.1253,benign,https://doi.org/10.1101/2022.10.22.513328
H571Y,-0.3627,-1.13741,-0.6064967988186171,Neutral,Neutral,,,,mutations_clinvar,,True,37.4,,,,neutral,neutral,neutral,UP,neutral,neutral,neutral,134154,not provided,0,84.8,H,0.0626,2.7345,-6.5969,gain_of_function,-1.19733551889163,0.0512885696960403,Benign,0.1176,benign,https://doi.org/10.1101/2022.10.22.513328
R576S,1.09776,1.68163,0.9970330993348387,Neutral,Neutral,3.1841049481e-05,7.99776062702e-05,0.093,"cBioPortal,mutations_clinvar",,True,15.0,,,,neutral,neutral,neutral,DOWN,neutral,neutral,neutral,317816,Uncertain significance,2,88.08,S,-0.0841,2.4899,-3.1939,loss_of_function,-0.877435874907029,0.0053423883179874,Benign,0.549,ambiguous,https://doi.org/10.1101/2022.10.22.513328
R576T,1.36573,1.01429,0.4447469098177353,Neutral,Neutral,0.0004139072847682,0.0006877029123419,0.274,"COSMIC,ERCC4_icope_sentieon_input,mutations_clinvar",,True,15.0,,,,neutral,neutral,neutral,DOWN,neutral,neutral,neutral,134158,Conflicting interpretations of pathogenicity,1,88.08,S,-0.0978,2.4899,-5.0149,loss_of_function,-0.9353668439787,0.0160127065287792,Benign,0.3699,ambiguous,https://doi.org/10.1101/2022.10.22.513328
V578L,0.26353,1.87177,1.4061382133312172,Neutral,Neutral,,,0.445,"cBioPortal,COSMIC",,True,0.0,,,,neutral,neutral,neutral,UP,neutral,neutral,neutral,,,,93.47,E,-0.1707,1.1393,-7.3368,loss_of_function,-2.40363531905395,0.4808885561001825,Uncertain,0.8482,pathogenic,https://doi.org/10.1101/2022.10.22.513328
V578M,1.17882,3.1483,2.5597479285630818,Uncertain,Uncertain,,8.0035856064e-06,0.604,"cBioPortal,COSMIC",,True,0.0,,,,neutral,neutral,neutral,UP,neutral,neutral,neutral,,,,93.47,E,-0.1798,1.1393,-7.3368,loss_of_function,-2.51710781860524,0.8345120883533208,Pathogenic,0.8355,pathogenic,https://doi.org/10.1101/2022.10.22.513328
L580I,2.30756,1.29932,1.2911913310502672,Uncertain,Uncertain,,,0.373,"cBioPortal,COSMIC",,True,0.7,,,,neutral,neutral,neutral,-,uncertain,uncertain,uncertain,,,,94.34,E,-0.0912,1.2852,-5.7549,loss_of_function,-2.34526969793544,0.0767692003540445,Benign,0.3929,ambiguous,https://doi.org/10.1101/2022.10.22.513328
L580P,4.61391,5.41735,7.658043367116836,Destabilizing,Destabilizing,,,,mutations_clinvar,,True,0.7,,,,neutral,neutral,neutral,DOWN,neutral,neutral,neutral,1003655,Uncertain significance,2,94.34,E,-0.3845,1.2852,-22.2125,loss_of_function,-6.38854337752349,0.9524536126242392,Pathogenic,0.9955,pathogenic,https://doi.org/10.1101/2022.10.22.513328
L580V,3.42424,2.2415,1.948651320318048,Uncertain,Uncertain,,,0.353,"cBioPortal,COSMIC",,True,0.7,,,,neutral,neutral,neutral,DOWN,neutral,neutral,neutral,,,,94.34,E,-0.1284,1.2852,-5.9248,loss_of_function,-2.39118068578815,0.1543590623105765,Benign,0.4264,ambiguous,https://doi.org/10.1101/2022.10.22.513328
Y581H,1.99582,2.30612,3.016110595187268,Uncertain,Uncertain,,,0.784,"cBioPortal,COSMIC",,True,1.5,,,,uncertain,,,DOWN,neutral,neutral,neutral,,,,92.49,S,-0.3202,0.4282,-22.2125,loss_of_function,-3.80323858704341,0.6904999680433649,Pathogenic,0.8244,pathogenic,https://doi.org/10.1101/2022.10.22.513328
D582E,0.33854,2.27415,2.300705964979084,Uncertain,Uncertain,,,,mutations_clinvar,,True,12.1,,,,neutral,neutral,neutral,UP,neutral,neutral,neutral,1388082,Uncertain significance,1,91.2,S,-0.0035,2.0333,-2.0515,loss_of_function,-2.22780282940682,0.0551938179505787,Benign,0.8294,pathogenic,https://doi.org/10.1101/2022.10.22.513328
A583T,-0.15279,1.64048,1.2636542049124333,Neutral,Neutral,,,0.277,"cBioPortal,COSMIC",,True,5.0,,,,neutral,neutral,neutral,UP,neutral,neutral,neutral,,,,89.17,-,-0.0303,2.084,-4.7519,loss_of_function,-0.163986559835019,0.0116367939157603,Benign,0.2095,benign,https://doi.org/10.1101/2022.10.22.513328
V588A,1.56389,1.27959,2.608396536167743,Neutral,Uncertain,0.0001592356687898,2.809710359e-05,0.696,"cBioPortal,mutations_clinvar",,False,6.7,,,,neutral,neutral,neutral,DOWN,neutral,neutral,neutral,2077533,Uncertain significance,2,92.07,H,-0.1789,1.0753,-7.9128,loss_of_function,-3.82591555714829,0.7426529660844228,Pathogenic,0.961,pathogenic,https://doi.org/10.1101/2022.10.22.513328
V588I,-0.54508,-0.40136,0.2506102194301957,Neutral,Neutral,,,,mutations_clinvar,,False,6.7,,,,neutral,neutral,neutral,UP,neutral,neutral,neutral,2074753,Uncertain significance,2,92.07,H,-0.0812,1.0753,-1.3893,loss_of_function,-1.41632372141386,0.0048762175536655,Benign,0.1403,benign,https://doi.org/10.1101/2022.10.22.513328
R589G,4.19169,3.72313,3.654935496660344,Destabilizing,Destabilizing,,,,mutations_clinvar,,False,5.3,,,,neutral,neutral,neutral,DOWN,neutral,neutral,neutral,998305,Uncertain significance,1,91.24,H,-0.4431,0.0216,-22.2006,loss_of_function,-7.49902823586093,0.9869075232169195,Pathogenic,0.9932,pathogenic,https://doi.org/10.1101/2022.10.22.513328
R589Q,2.67653,2.31735,2.1131163254491345,Uncertain,Uncertain,,4.0141619634e-06,0.809,"cBioPortal,COSMIC",,False,5.3,,,,neutral,neutral,neutral,DOWN,neutral,neutral,neutral,,,,91.24,H,-0.3824,0.0216,-22.2006,loss_of_function,-7.49902823586093,0.9227839389362696,Pathogenic,0.971,pathogenic,https://doi.org/10.1101/2022.10.22.513328
R589W,4.48624,-0.26905,-0.1073527733097118,Uncertain,Uncertain,6.37023824691e-05,6.42296853548e-05,0.750,"cBioPortal,COSMIC,mutations_clinvar",,False,5.3,,,,neutral,neutral,neutral,UP,neutral,neutral,neutral,55829,Pathogenic/Likely pathogenic,2,91.24,H,-0.4254,0.0216,-22.2006,loss_of_function,-7.49902823586093,0.9801875140960464,Pathogenic,0.9688,pathogenic,https://doi.org/10.1101/2022.10.22.513328
L591V,2.45354,3.11327,2.237560489652227,Uncertain,Uncertain,,,,mutations_clinvar,,False,2.1,,,,neutral,neutral,neutral,DOWN,neutral,neutral,neutral,2445395,Likely pathogenic,1,91.27,H,-0.0843,1.5569,-2.185,loss_of_function,-2.12338994139915,0.0499443914249079,Benign,0.2628,benign,https://doi.org/10.1101/2022.10.22.513328
E592K,1.24927,2.1949,1.085951239873762,Uncertain,Neutral,,,0.777,"cBioPortal,COSMIC",,False,15.6,,,,neutral,neutral,neutral,UP,neutral,neutral,neutral,,,,91.14,H,-0.2586,0.1199,-7.9218,loss_of_function,-7.49902823586093,0.9852859668262663,Pathogenic,0.9925,pathogenic,https://doi.org/10.1101/2022.10.22.513328
R595M,-1.72996,0.63061,0.5798788625590203,Neutral,Neutral,,,0.387,"cBioPortal,COSMIC",,False,20.8,,,,neutral,neutral,neutral,DOWN,neutral,neutral,neutral,,,,88.96,H,-0.1895,2.0488,-22.2006,loss_of_function,-4.80152086311225,0.631622677172162,Uncertain,0.6677,pathogenic,https://doi.org/10.1101/2022.10.22.513328
A596E,8.07666,5.53673,3.5996101167940178,Destabilizing,Destabilizing,,,,mutations_clinvar,,False,0.0,,,,neutral,neutral,neutral,UP,neutral,neutral,neutral,662825,Conflicting interpretations of pathogenicity,1,88.06,H,-0.2406,1.8173,-22.2036,loss_of_function,-4.28855063852473,0.8710878321043096,Pathogenic,0.9839,pathogenic,https://doi.org/10.1101/2022.10.22.513328
A596T,1.97994,3.33197,1.502123241412543,Uncertain,Neutral,,,0.412,"cBioPortal,COSMIC",,False,0.0,,,,neutral,neutral,neutral,UP,neutral,neutral,neutral,,,,88.06,H,-0.0629,1.8173,-6.3309,loss_of_function,-2.12128884874297,0.3220074540943959,Uncertain,0.7037,pathogenic,https://doi.org/10.1101/2022.10.22.513328
A596V,2.74935,2.7034,1.188178866062138,Uncertain,Uncertain,,,0.474,"cBioPortal,COSMIC,mutations_clinvar",,False,0.0,,,,neutral,neutral,neutral,UP,neutral,neutral,neutral,2165332,Uncertain significance,1,88.06,H,-0.0612,1.8173,-6.5939,loss_of_function,-3.41315537176618,0.324464659566114,Uncertain,0.652,pathogenic,https://doi.org/10.1101/2022.10.22.513328
R598K,0.48817,1.25612,1.092996993300396,Neutral,Neutral,,,,mutations_clinvar,,False,24.3,,,,neutral,neutral,neutral,-,uncertain,uncertain,uncertain,1710962,Uncertain significance,1,84.28,S,0.0077,2.3699,-4.662,gain_of_function,-0.62910399941535,0.0119321050289355,Benign,0.2401,benign,https://doi.org/10.1101/2022.10.22.513328
P599S,1.35474,1.41735,-0.1704419189546591,Neutral,Neutral,,,0.432,COSMIC,,False,60.0,,,,neutral,neutral,neutral,DOWN,neutral,neutral,neutral,,,,79.67,T,-0.0204,2.3536,-4.5146,loss_of_function,-2.15826393076775,0.0297476086727818,Benign,0.1869,benign,https://doi.org/10.1101/2022.10.22.513328
G600E,3.56986,1.23299,1.31917013804884,Uncertain,Uncertain,,,,mutations_clinvar,,False,113.1,,,,neutral,neutral,neutral,UP,neutral,neutral,neutral,1051747,Uncertain significance,2,80.9,T,-0.1013,2.7126,-4.1399,loss_of_function,-1.76863904999892,0.0140064047305141,Benign,0.2925,benign,https://doi.org/10.1101/2022.10.22.513328
G600W,3.3826,1.85204,1.0239584614660826,Uncertain,Uncertain,,,0.498,cBioPortal,,False,113.1,,,,neutral,neutral,neutral,UP,neutral,neutral,neutral,,,,80.9,T,-0.2314,2.7126,-22.1825,loss_of_function,-4.01079121891951,0.869394656768887,Pathogenic,0.5857,pathogenic,https://doi.org/10.1101/2022.10.22.513328
K601T,1.14561,0.39966,0.2223389123773006,Neutral,Neutral,,,,mutations_clinvar,,False,61.2,,,,neutral,neutral,neutral,DOWN,neutral,neutral,neutral,998517,Conflicting interpretations of pathogenicity,1,84.42,S,0.0152,3.025,-6.3068,gain_of_function,-1.76388441010226,0.0115008415949618,Benign,0.1812,benign,https://doi.org/10.1101/2022.10.22.513328
P602L,-0.0614,0.28571,-0.5048756786268277,Neutral,Neutral,3.18451054073e-05,,0.371,"cBioPortal,COSMIC,mutations_clinvar",,False,49.7,,,,neutral,neutral,neutral,UP,neutral,neutral,neutral,2055119,Uncertain significance,2,85.46,-,-0.0206,3.0389,-7.3128,loss_of_function,-2.11677329759912,0.0907013452360623,Benign,0.1739,benign,https://doi.org/10.1101/2022.10.22.513328
R604G,1.56014,2.95442,3.1680344855269924,Uncertain,Uncertain,,,0.636,COSMIC,,False,19.7,,,,neutral,neutral,neutral,DOWN,neutral,neutral,neutral,,,,91.97,E,-0.3136,1.4282,-22.1976,loss_of_function,-5.30741096328676,0.6907037871529682,Pathogenic,0.9188,pathogenic,https://doi.org/10.1101/2022.10.22.513328
R604T,0.3582,-0.34082,1.6300740218790992,Neutral,Neutral,,,,mutations_clinvar,,False,19.7,,,,neutral,neutral,neutral,DOWN,neutral,neutral,neutral,2229191,Uncertain significance,1,91.97,E,-0.2,1.4282,-5.9099,loss_of_function,-1.62153768284091,0.1430882639022572,Benign,0.8906,pathogenic,https://doi.org/10.1101/2022.10.22.513328
Y606F,0.04172,0.64014,0.3498192500908964,Neutral,Neutral,,,,mutations_clinvar,,True,0.0,,,,uncertain,,,-,uncertain,uncertain,uncertain,1957359,Uncertain significance,2,94.63,E,-0.1523,0.4655,-3.737,loss_of_function,-2.18559923994876,0.0503573419509931,Benign,0.2614,benign,https://doi.org/10.1101/2022.10.22.513328
Y610C,3.66585,2.96327,5.149100289705385,Uncertain,Destabilizing,,,0.707,"cBioPortal,COSMIC",,False,0.0,,,,uncertain,,,DOWN,neutral,neutral,neutral,,,,89.86,E,-0.285,0.7571,-8.9098,loss_of_function,-5.43223318664695,0.4974583332970077,Uncertain,0.3993,ambiguous,https://doi.org/10.1101/2022.10.22.513328
G611E,-0.59056,0.22347,-0.773856402325937,Neutral,Neutral,,,0.376,cBioPortal,,False,34.4,,,,neutral,neutral,neutral,UP,neutral,neutral,neutral,,,,85.57,T,-0.1272,2.4022,-3.6245,loss_of_function,-2.04218861595269,0.0039945623788173,Benign,0.3189,benign,https://doi.org/10.1101/2022.10.22.513328
G611R,-0.9399,0.08605,-1.2169277239247434,Neutral,Neutral,3.1843077315e-05,7.9570953419e-06,0.540,"cBioPortal,COSMIC,mutations_clinvar",,False,34.4,,,,neutral,neutral,neutral,UP,neutral,neutral,neutral,1692878,Uncertain significance,2,85.57,T,-0.1568,2.4022,-6.1025,loss_of_function,-3.00061158730412,0.1025729803909073,Benign,0.2964,benign,https://doi.org/10.1101/2022.10.22.513328
S613L,5.58057,3.65578,0.2020258574675537,Destabilizing,Uncertain,,,0.539,"cBioPortal,COSMIC",,False,0.1,,,,uncertain,,,UP,neutral,neutral,neutral,,,,88.81,S,-0.2997,0.6299,-22.1946,loss_of_function,-6.68032202073055,0.9596869468125556,Pathogenic,0.8163,pathogenic,https://doi.org/10.1101/2022.10.22.513328
T614S,1.41513,1.04762,1.0365665026735438,Neutral,Neutral,,,0.293,COSMIC,,False,11.3,,,,neutral,,,DOWN,neutral,neutral,neutral,,,,86.67,H,-0.0413,1.7037,-4.9099,loss_of_function,-0.798381130915103,0.0112007678990486,Benign,0.1867,benign,https://doi.org/10.1101/2022.10.22.513328
E615D,0.56917,0.77109,1.674095692877134,Neutral,Neutral,,,,mutations_clinvar,,False,19.8,,,,neutral,neutral,neutral,DOWN,neutral,neutral,neutral,1049927,Uncertain significance,0,87.91,H,-0.1898,0.1439,-5.9069,loss_of_function,-3.30824211287302,0.6887846637108003,Pathogenic,0.9572,pathogenic,https://doi.org/10.1101/2022.10.22.513328
E615G,2.30867,2.08571,2.568019291983988,Uncertain,Uncertain,,,0.742,COSMIC,,False,19.8,,,,neutral,neutral,neutral,DOWN,neutral,neutral,neutral,,,,87.91,H,-0.3329,0.1439,-22.1946,loss_of_function,-7.37530920086728,0.9803050315016416,Pathogenic,0.9501,pathogenic,https://doi.org/10.1101/2022.10.22.513328
E616K,0.30425,3.00816,0.4493401938425517,Uncertain,Neutral,,,0.613,"cBioPortal,COSMIC",,False,31.1,,,,neutral,neutral,neutral,UP,neutral,neutral,neutral,,,,89.37,H,-0.2346,0.4346,-8.9068,loss_of_function,-4.80115390276896,0.7872730051118899,Pathogenic,0.9297,pathogenic,https://doi.org/10.1101/2022.10.22.513328
R618C,1.68944,1.27993,1.6591914352121957,Neutral,Neutral,3.1847133758e-05,1.1933648912e-05,0.389,"cBioPortal,mutations_clinvar",,False,26.0,,,,neutral,neutral,neutral,DOWN,neutral,neutral,neutral,2047760,Uncertain significance,1,87.08,H,-0.1176,2.4043,-6.5849,loss_of_function,-2.52145474930102,0.1805925737875982,Benign,0.1176,benign,https://doi.org/10.1101/2022.10.22.513328
R618H,1.72776,1.03095,0.7336044340714656,Neutral,Neutral,,7.16064509456e-05,0.320,"cBioPortal,COSMIC,mutations_clinvar",,False,26.0,,,,neutral,neutral,neutral,DOWN,neutral,neutral,neutral,1337090,Uncertain significance,2,87.08,H,-0.0823,2.4043,-7.3219,loss_of_function,-3.12553994596073,0.5066448544654607,Uncertain,0.1098,benign,https://doi.org/10.1101/2022.10.22.513328
R618L,0.5794,0.45646,0.2082657172495938,Neutral,Neutral,,,,mutations_clinvar,,False,26.0,,,,neutral,neutral,neutral,DOWN,neutral,neutral,neutral,2170384,Uncertain significance,1,87.08,H,-0.1112,2.4043,-6.5849,loss_of_function,-2.72509928808244,0.2022675982517035,Benign,0.2867,benign,https://doi.org/10.1101/2022.10.22.513328
Y619C,3.09706,3.33707,3.815637261295167,Destabilizing,Destabilizing,,,,mutations_clinvar,,True,13.1,,,,uncertain,,,DOWN,neutral,neutral,neutral,2201213,Uncertain significance,1,88.83,H,-0.3962,0.286,-22.1976,loss_of_function,-6.53078309524331,0.9757745886793838,Pathogenic,0.9441,pathogenic,https://doi.org/10.1101/2022.10.22.513328
T621A,-0.16657,0.18639,0.0935797682143185,Neutral,Neutral,,,,mutations_clinvar,,True,9.9,,,,uncertain,,,DOWN,neutral,neutral,neutral,929558,Uncertain significance,0,88.01,H,-0.0865,1.5263,-3.4505,loss_of_function,-2.37552418378255,0.0872209281432941,Benign,0.4061,ambiguous,https://doi.org/10.1101/2022.10.22.513328
T621S,0.42575,0.46599,0.8447974300571245,Neutral,Neutral,,,0.240,COSMIC,,True,9.9,,,,neutral,,,DOWN,neutral,neutral,neutral,,,,88.01,H,-0.0425,1.5263,-1.9441,loss_of_function,-2.30539479351908,0.026300519010637,Benign,0.3835,ambiguous,https://doi.org/10.1101/2022.10.22.513328
A622S,0.03593,0.4983,0.7509116697480347,Neutral,Neutral,,,0.054,cBioPortal,,True,62.2,,,,neutral,neutral,neutral,-,uncertain,uncertain,uncertain,,,,88.58,H,0.0283,2.4824,-1.6245,gain_of_function,-0.51207321099268,0.0001955368979423,Benign,0.0798,benign,https://doi.org/10.1101/2022.10.22.513328
R624L,-0.80655,-0.29014,-0.0955442059199951,Neutral,Neutral,,,0.421,COSMIC,,False,50.6,,,,neutral,neutral,neutral,DOWN,neutral,neutral,neutral,,,,90.37,H,-0.3185,1.0172,-22.1916,loss_of_function,-5.74216644212106,0.9129695549923572,Pathogenic,0.6123,pathogenic,https://doi.org/10.1101/2022.10.22.513328
R624Q,0.20535,0.59592,0.7146181829522943,Neutral,Neutral,,7.56044375826e-05,0.226,"cBioPortal,COSMIC,mutations_clinvar",,False,50.6,,,,neutral,neutral,neutral,DOWN,neutral,neutral,neutral,1052608,Uncertain significance,1,90.37,H,-0.2047,1.0172,-5.3189,loss_of_function,-3.22574919116005,0.1017464799915413,Benign,0.1628,benign,https://doi.org/10.1101/2022.10.22.513328
R624W,-1.15285,-1.75782,0.0101781817678348,Neutral,Neutral,3.18572793883e-05,1.98951129645e-05,0.430,"cBioPortal,COSMIC,mutations_clinvar",,False,50.6,,,,neutral,neutral,neutral,UP,neutral,neutral,stabilizing,1005637,Uncertain significance,1,90.37,H,-0.3338,1.0172,-22.1916,loss_of_function,-5.47536929184234,0.8425695123398445,Pathogenic,0.3916,ambiguous,https://doi.org/10.1101/2022.10.22.513328
E626K,3.3866,3.90646,1.472635150733262,Destabilizing,Uncertain,,,0.693,cBioPortal,,False,8.4,,,,neutral,neutral,neutral,UP,neutral,neutral,neutral,,,,92.05,H,-0.3404,0.0217,-22.1916,loss_of_function,-7.41366958031675,0.9913143616380584,Pathogenic,0.9957,pathogenic,https://doi.org/10.1101/2022.10.22.513328
E626Q,2.50087,1.35136,1.193435983745303,Uncertain,Uncertain,,,0.626,COSMIC,,False,8.4,,,,neutral,neutral,neutral,UP,neutral,neutral,neutral,,,,92.05,H,-0.2909,0.0217,-22.1916,loss_of_function,-4.45402363440407,0.992908169995909,Pathogenic,0.9795,pathogenic,https://doi.org/10.1101/2022.10.22.513328
K627M,-1.36137,-0.42177,,Neutral,,,,0.701,COSMIC,,False,42.2,,,,neutral,neutral,neutral,DOWN,neutral,neutral,neutral,,,,92.78,H,-0.3139,0.1996,-22.1886,loss_of_function,-6.23265916309769,0.952440241659964,Pathogenic,0.8695,pathogenic,https://doi.org/10.1101/2022.10.22.513328
E628A,-0.02862,-0.43605,,Neutral,,,,,mutations_clinvar,,True,61.7,,,,neutral,neutral,neutral,DOWN,neutral,neutral,neutral,1959956,Uncertain significance,1,92.12,H,-0.0213,2.3381,-5.7309,loss_of_function,-2.25919404146829,0.0105832031809353,Benign,0.1236,benign,https://doi.org/10.1101/2022.10.22.513328
E628K,-0.31048,-0.22619,,Neutral,,,,0.079,COSMIC,,True,61.7,,,,neutral,neutral,neutral,UP,neutral,neutral,neutral,,,,92.12,H,-0.0344,2.3381,-3.994,loss_of_function,-1.33610401477356,0.0304503174695571,Benign,0.2181,benign,https://doi.org/10.1101/2022.10.22.513328
A629T,0.76347,1.57585,,Neutral,,,,0.601,"cBioPortal,COSMIC",,True,1.8,,,,neutral,neutral,neutral,UP,neutral,neutral,neutral,,,,91.59,H,-0.2407,0.7643,-22.1916,loss_of_function,-2.72590657427953,0.5782227161424087,Uncertain,0.5134,ambiguous,https://doi.org/10.1101/2022.10.22.513328
E631Q,-0.28686,0.50816,,Neutral,,,,0.347,"cBioPortal,COSMIC",,True,51.6,,,,neutral,neutral,neutral,UP,neutral,neutral,neutral,,,,93.61,H,-0.0818,1.5018,-7.9038,loss_of_function,-2.38291667688954,0.2082024562358573,Benign,0.36,ambiguous,https://doi.org/10.1101/2022.10.22.513328
I634M,-0.44021,0.02721,,Neutral,,,3.984794026e-06,0.622,COSMIC,,True,52.5,,,,neutral,neutral,neutral,-,uncertain,uncertain,uncertain,,,,93.1,H,-0.2222,0.2368,-7.9098,loss_of_function,-2.95837178379832,0.6028761423923978,Uncertain,0.7244,pathogenic,https://doi.org/10.1101/2022.10.22.513328
R635K,0.15295,-0.22789,,Neutral,,,,0.103,cBioPortal,,True,79.5,,,,neutral,neutral,neutral,-,uncertain,uncertain,uncertain,,,,91.64,H,0.0094,2.2353,-1.8875,gain_of_function,-0.889262480006255,0.0034727459899191,Benign,0.1316,benign,https://doi.org/10.1101/2022.10.22.513328
R635S,0.39743,0.08707,,Neutral,,,,0.373,cBioPortal,,True,79.5,,,,neutral,neutral,neutral,DOWN,neutral,neutral,neutral,,,,91.64,H,-0.1249,2.2353,-6.5879,loss_of_function,-2.95594409227086,0.4509393394775408,Uncertain,0.7128,pathogenic,https://doi.org/10.1101/2022.10.22.513328
E636Q,-0.43429,0.24388,,Neutral,,,,0.204,cBioPortal,,True,22.2,,,,neutral,neutral,neutral,UP,neutral,neutral,neutral,,,,89.49,H,-0.0659,1.4483,-3.8134,loss_of_function,-2.25992431729341,0.0263038021477777,Benign,0.3185,benign,https://doi.org/10.1101/2022.10.22.513328
S639R,-0.3403,-0.1398,,Neutral,,,,,mutations_clinvar,,False,83.0,,,,uncertain,,,UP,neutral,neutral,neutral,888104,Uncertain significance,1,88.48,H,-0.0596,2.6254,-7.8948,loss_of_function,-2.14380631782805,0.0421746429709111,Benign,0.5297,ambiguous,https://doi.org/10.1101/2022.10.22.513328
M640I,1.94993,1.75986,,Neutral,,,7.9561457248e-06,0.328,"cBioPortal,COSMIC",,False,10.6,,,,neutral,neutral,neutral,-,uncertain,uncertain,uncertain,,,,87.15,-,-0.2002,0.4396,-6.8918,loss_of_function,-2.29094602594903,0.2248435060681335,Benign,0.9019,pathogenic,https://doi.org/10.1101/2022.10.22.513328
V641L,-0.17582,0.16735,,Neutral,,,,,mutations_clinvar,,False,101.1,,,,neutral,neutral,neutral,UP,neutral,neutral,neutral,1438856,Uncertain significance,1,84.82,-,-0.1196,1.5043,-3.8918,loss_of_function,-2.20390608768335,0.076453112726485,Benign,0.6414,pathogenic,https://doi.org/10.1101/2022.10.22.513328
V642F,1.35214,0.36088,,Neutral,,,,,mutations_clinvar,,False,16.0,,,,neutral,neutral,neutral,UP,neutral,neutral,neutral,2417822,Uncertain significance,1,81.98,-,-0.1787,1.9153,-7.8887,loss_of_function,-1.28830416153483,0.048614460093084,Benign,0.2169,benign,https://doi.org/10.1101/2022.10.22.513328
E644K,0.04194,0.10884,,Neutral,,,,0.307,cBioPortal,,False,100.4,,,,neutral,neutral,neutral,UP,neutral,neutral,neutral,,,,74.46,G,-0.0176,2.6133,-5.663,loss_of_function,-2.5587327070351,0.0214161877102018,Benign,0.131,benign,https://doi.org/10.1101/2022.10.22.513328
E645K,0.00594,-0.06939,,Neutral,,,,0.311,cBioPortal,,False,53.9,,,,neutral,neutral,neutral,UP,neutral,neutral,neutral,,,,75.85,G,-0.016,2.7184,-7.2415,loss_of_function,-3.40390467390692,0.7504575272440461,Pathogenic,0.3253,benign,https://doi.org/10.1101/2022.10.22.513328
R646I,-1.12731,-0.24762,,Neutral,,,,0.341,cBioPortal,,False,10.9,,,,neutral,neutral,neutral,DOWN,neutral,neutral,neutral,,,,79.49,G,-0.0978,2.791,-5.647,loss_of_function,-1.62458400754763,0.0293091977934034,Benign,0.3483,ambiguous,https://doi.org/10.1101/2022.10.22.513328
R646K,0.7305,1.98878,,Neutral,,,,0.200,cBioPortal,,False,10.9,,,,neutral,neutral,neutral,-,uncertain,uncertain,uncertain,,,,79.49,G,0.0395,2.791,-6.0096,gain_of_function,-2.02453682842396,0.1318665974511094,Benign,0.209,benign,https://doi.org/10.1101/2022.10.22.513328
R646S,1.56258,1.25,,Neutral,,,,0.261,cBioPortal,,False,10.9,,,,neutral,neutral,neutral,DOWN,neutral,neutral,neutral,,,,79.49,G,-0.0675,2.791,-5.3575,loss_of_function,-2.31407813820669,0.1803400632085875,Benign,0.6638,pathogenic,https://doi.org/10.1101/2022.10.22.513328
R646T,1.29374,0.63095,,Neutral,,,,0.280,COSMIC,,False,10.9,,,,neutral,neutral,neutral,DOWN,neutral,neutral,neutral,,,,79.49,G,-0.0706,2.791,-5.1165,loss_of_function,-2.22560621029936,0.057896506454619,Benign,0.3953,ambiguous,https://doi.org/10.1101/2022.10.22.513328
E647D,-0.30153,0.80034,,Neutral,,,,0.061,cBioPortal,,False,20.2,,,,neutral,neutral,neutral,DOWN,neutral,neutral,neutral,,,,76.5,G,0.0468,2.4706,-1.4965,gain_of_function,-0.610812646087349,0.002650252588928,Benign,0.2269,benign,https://doi.org/10.1101/2022.10.22.513328
G648D,11.47495,8.87007,,Destabilizing,,,7.957665221e-06,0.383,"cBioPortal,COSMIC",,False,0.0,,,,neutral,neutral,neutral,UP,neutral,neutral,neutral,,,,73.09,-,-0.2486,1.2649,-6.7648,loss_of_function,-2.56541269488612,0.10073183472472,Benign,0.8547,pathogenic,https://doi.org/10.1101/2022.10.22.513328
G648S,4.91035,4.34252,,Destabilizing,,3.1847133758e-05,3.58100634236e-05,0.423,"cBioPortal,mutations_clinvar",,False,0.0,,,,neutral,neutral,neutral,UP,neutral,neutral,neutral,317818,Uncertain significance,2,73.09,-,-0.1901,1.2649,-5.9575,loss_of_function,-2.35549358184009,0.1668490396573395,Benign,0.5557,ambiguous,https://doi.org/10.1101/2022.10.22.513328
R649I,0.85164,1.43265,,Neutral,,,,0.281,cBioPortal,,False,43.1,,,,neutral,neutral,neutral,DOWN,neutral,neutral,neutral,,,,76.23,-,-0.1121,2.5615,-4.3186,loss_of_function,-2.61323805882633,0.1107711714763228,Benign,0.3826,ambiguous,https://doi.org/10.1101/2022.10.22.513328
R649K,0.94759,0.58299,,Neutral,,,,0.136,cBioPortal,,False,43.1,,,,neutral,neutral,neutral,-,uncertain,uncertain,uncertain,,,,76.23,-,0.0408,2.5615,-1.6182,gain_of_function,-1.38201054203549,0.0010065094437522,Benign,0.1356,benign,https://doi.org/10.1101/2022.10.22.513328
R649T,1.66687,1.30952,,Neutral,,,,0.203,"cBioPortal,COSMIC",,False,43.1,,,,neutral,neutral,neutral,DOWN,neutral,neutral,neutral,,,,76.23,-,-0.0927,2.5615,-5.3186,loss_of_function,-2.38426066636829,0.0787504727944654,Benign,0.4337,ambiguous,https://doi.org/10.1101/2022.10.22.513328
D650H,1.84444,0.81224,,Neutral,,,,0.143,"cBioPortal,COSMIC",,True,71.6,,,,neutral,neutral,neutral,UP,neutral,neutral,neutral,,,,68.04,S,-0.0202,2.9233,-8.7614,loss_of_function,-2.0587989926045,0.0641275983926796,Benign,0.1751,benign,https://doi.org/10.1101/2022.10.22.513328
D655H,1.93098,0.86259,,Neutral,,,,0.232,"cBioPortal,COSMIC",,True,34.5,,,,neutral,neutral,neutral,UP,neutral,neutral,neutral,,,,63.5,T,-0.0015,2.9541,-5.6342,loss_of_function,-2.46842103223031,0.1431450860301339,Benign,0.4118,ambiguous,https://doi.org/10.1101/2022.10.22.513328
D655Y,1.96246,1.3415,,Neutral,,,,0.330,cBioPortal,,True,34.5,,,,neutral,neutral,neutral,UP,neutral,neutral,neutral,,,,63.5,T,-0.1211,2.9541,-22.0918,loss_of_function,-2.4790252608995,0.332694392079965,Uncertain,0.2964,benign,https://doi.org/10.1101/2022.10.22.513328
R658G,1.01928,2.16463,,Uncertain,,,,0.423,cBioPortal,,True,38.7,,,,neutral,neutral,neutral,DOWN,neutral,neutral,neutral,,,,63.14,-,-0.1937,1.9844,-8.7346,loss_of_function,-3.69610891596112,,,0.3327,benign,https://doi.org/10.1101/2022.10.22.513328
R658K,0.47452,0.19864,,Neutral,,,,0.148,cBioPortal,,True,38.7,,,,neutral,neutral,neutral,-,uncertain,uncertain,uncertain,,,,63.14,-,-0.0207,1.9844,-3.2753,loss_of_function,-1.82107135478605,,,0.1828,benign,https://doi.org/10.1101/2022.10.22.513328
G659D,3.28613,0.57347,,Uncertain,,,,,mutations_clinvar,,False,34.4,,,,neutral,neutral,neutral,UP,neutral,neutral,neutral,1319884,Uncertain significance,1,57.32,S,-0.0317,3.3688,-2.1903,loss_of_function,-0.169265565966929,,,0.097,benign,https://doi.org/10.1101/2022.10.22.513328
G659S,2.12015,0.73163,,Uncertain,,,,,mutations_clinvar,,False,34.4,,,,neutral,neutral,neutral,UP,neutral,neutral,neutral,1034994,Uncertain significance,1,57.32,S,0.0157,3.3688,-3.5688,gain_of_function,-0.524462534507165,,,0.0868,benign,https://doi.org/10.1101/2022.10.22.513328
T660I,-0.17651,0.42109,,Neutral,,,,,mutations_clinvar,P,False,69.2,0.429,,,damaging,neutral,uncertain,UP,neutral,neutral,neutral,930972,Uncertain significance,2,51.73,S,0.0875,3.714,-3.724,gain_of_function,-0.111838123648241,,,0.0734,benign,https://doi.org/10.1101/2022.10.22.513328
A661S,-0.09648,0.36395,,Neutral,,,,0.061,"cBioPortal,COSMIC",,False,107.9,,,,neutral,neutral,neutral,-,uncertain,uncertain,uncertain,,,,47.4,T,0.1205,3.5567,-2.9228,gain_of_function,-0.370107936296205,,,0.0718,benign,https://doi.org/10.1101/2022.10.22.513328
S662P,-0.32663,3.66633,,Uncertain,,0.0585780722431038,0.0157430780624149,0.015,"cBioPortal,COSMIC,ERCC4_icope_sentieon_input,mutations_clinvar",P,False,47.3,0.068,,,damaging,neutral,uncertain,UP,neutral,neutral,neutral,134134,Benign,2,42.38,T,-0.0368,3.2005,-2.1155,loss_of_function,-0.360014909502693,,,0.063,benign,https://doi.org/10.1101/2022.10.22.513328
D664N,0.30475,0.59728,,Neutral,,,,0.023,"cBioPortal,mutations_clinvar",,True,95.8,,,,neutral,neutral,neutral,-,uncertain,uncertain,uncertain,1337393,Uncertain significance,1,32.61,-,0.0911,3.302,-2.1228,gain_of_function,-0.024255013348482,3.236609064442792e-06,Benign,0.0635,benign,https://doi.org/10.1101/2022.10.22.513328
S666F,-0.46563,0.70748,,Neutral,,,,0.091,"cBioPortal,COSMIC,mutations_clinvar",,True,95.9,,,,uncertain,,,UP,neutral,neutral,neutral,1930457,Uncertain significance,1,33.02,-,-0.0997,2.7996,-22.002,loss_of_function,-3.37420781483896,0.2066481434818249,Benign,0.0972,benign,https://doi.org/10.1101/2022.10.22.513328
T667A,-1.59016,0.76565,,Neutral,,,,,mutations_clinvar,,True,88.8,,,,uncertain,,,DOWN,neutral,neutral,neutral,1976552,Uncertain significance,1,34.78,-,0.047,2.9805,-3.5253,gain_of_function,-0.0731344774415343,0.0003584565384178,Benign,0.0551,benign,https://doi.org/10.1101/2022.10.22.513328
T667N,-0.25649,0.4619,,Neutral,,,,,mutations_clinvar,,True,88.8,,,,uncertain,,,-,uncertain,uncertain,uncertain,2053067,Uncertain significance,2,34.78,-,-0.025,2.9805,-6.7347,loss_of_function,-0.993323741800536,0.0615299012403549,Benign,0.098,benign,https://doi.org/10.1101/2022.10.22.513328
R670Q,0.30215,1.48946,,Neutral,,9.55474871011e-05,4.78140987839e-05,0.419,"cBioPortal,mutations_clinvar",,False,97.1,,,,neutral,neutral,neutral,DOWN,neutral,neutral,neutral,1448926,Uncertain significance,2,43.5,T,-0.3345,0.5384,-22.1395,loss_of_function,-4.82123431492956,0.6647040604631143,Uncertain,0.4979,ambiguous,https://doi.org/10.1101/2022.10.22.513328
R670W,0.71302,2.10408,,Uncertain,,,3.984000255e-06,0.469,"cBioPortal,COSMIC",,False,97.1,,,,neutral,neutral,neutral,UP,neutral,neutral,neutral,,,,43.5,T,-0.3775,0.5384,-22.1395,loss_of_function,-5.94492071910979,0.5180324157640566,Uncertain,0.5647,pathogenic,https://doi.org/10.1101/2022.10.22.513328
A672S,0.10648,0.18469,,Neutral,,,,0.315,cBioPortal,,False,99.4,,,,neutral,neutral,neutral,-,uncertain,uncertain,uncertain,,,,36.26,-,-0.128,1.0971,-7.2792,loss_of_function,-1.60975949619498,0.0428462316686232,Benign,0.2691,benign,https://doi.org/10.1101/2022.10.22.513328
A672V,0.02131,0.51088,,Neutral,,,,0.342,cBioPortal,,False,99.4,,,,neutral,neutral,neutral,UP,neutral,neutral,neutral,,,,36.26,-,-0.134,1.0971,-7.8641,loss_of_function,-4.26995595276559,0.7589855662235117,Pathogenic,0.5512,ambiguous,https://doi.org/10.1101/2022.10.22.513328
G673C,3.15995,1.70952,,Uncertain,,,,0.527,cBioPortal,,False,104.2,,,,neutral,neutral,neutral,UP,neutral,neutral,neutral,,,,35.6,S,-0.4216,0.2333,-22.1704,loss_of_function,-5.51313193221524,0.937521673120439,Pathogenic,0.519,ambiguous,https://doi.org/10.1101/2022.10.22.513328
G673S,3.25378,0.93639,,Uncertain,,,3.9869864761e-06,0.501,"COSMIC,mutations_clinvar",,False,104.2,,,,neutral,neutral,neutral,UP,neutral,neutral,neutral,2441287,Uncertain significance,1,35.6,S,-0.2999,0.2333,-8.8825,loss_of_function,-4.12843842477959,0.2426982576395608,Benign,0.2589,benign,https://doi.org/10.1101/2022.10.22.513328
G674V,0.63633,0.39286,,Neutral,,,,0.625,cBioPortal,,False,121.3,,,,neutral,neutral,neutral,UP,neutral,neutral,neutral,,,,38.69,-,-0.2786,1.201,-6.2977,loss_of_function,-2.47781521740338,0.0903963037147498,Benign,0.2284,benign,https://doi.org/10.1101/2022.10.22.513328
Q675H,0.1733,-0.2949,,Neutral,,,,0.233,cBioPortal,,False,99.0,,,,neutral,neutral,neutral,UP,neutral,neutral,neutral,,,,33.46,-,-0.0817,2.379,-22.1704,loss_of_function,-3.59214385104715,0.5304935581146153,Uncertain,0.2538,benign,https://doi.org/10.1101/2022.10.22.513328
E676Q,-1.49979,0.09252,,Neutral,,,,,mutations_clinvar,,False,100.0,,,,neutral,neutral,neutral,UP,neutral,neutral,neutral,1484498,Uncertain significance,1,36.24,-,0.0824,3.156,-5.5422,gain_of_function,-0.454354263585309,0.0015316045205443,Benign,0.0728,benign,https://doi.org/10.1101/2022.10.22.513328
N678S,-0.08282,0.3517,,Neutral,,,,0.046,"cBioPortal,COSMIC",,False,111.3,,,,neutral,neutral,neutral,DOWN,neutral,neutral,neutral,,,,40.39,-,0.126,3.5906,-3.7411,gain_of_function,0.0755581980390919,4.196427682943085e-05,Benign,0.0596,benign,https://doi.org/10.1101/2022.10.22.513328
G679C,-0.17184,-0.3449,,Neutral,,,,0.113,"cBioPortal,COSMIC",,False,110.0,,,,neutral,neutral,neutral,UP,neutral,neutral,neutral,,,,54.24,-,-0.0576,3.4504,-8.8547,loss_of_function,-0.0595742151030439,0.0085416343143626,Benign,0.0849,benign,https://doi.org/10.1101/2022.10.22.513328
S683N,-0.80351,0.04456,,Neutral,,,,0.082,cBioPortal,,False,36.2,,,,uncertain,,,UP,neutral,neutral,neutral,,,,88.75,E,0.0499,3.0349,-7.8579,gain_of_function,-2.00305881056125,0.0080745674821731,Benign,0.0737,benign,https://doi.org/10.1101/2022.10.22.513328
I684T,3.80689,2.53061,,Uncertain,,,,0.551,"cBioPortal,COSMIC",,False,0.0,,,,neutral,neutral,neutral,DOWN,neutral,neutral,neutral,,,,91.97,E,-0.2982,0.9246,-22.1673,loss_of_function,-4.26666699895418,0.7893031889732836,Pathogenic,0.6754,pathogenic,https://doi.org/10.1101/2022.10.22.513328
V686L,2.12856,1.62925,,Uncertain,,,,0.549,cBioPortal,,False,0.0,,,,neutral,neutral,neutral,UP,neutral,neutral,neutral,,,,92.47,E,-0.3325,0.2032,-22.1673,loss_of_function,-3.96959527235781,0.9646916289511638,Pathogenic,0.9532,pathogenic,https://doi.org/10.1101/2022.10.22.513328
D687H,4.79536,0.65952,,Uncertain,,,,0.910,"cBioPortal,COSMIC",,False,5.6,,,,neutral,neutral,neutral,UP,neutral,neutral,neutral,,,,91.77,E,-0.3556,0.022,-22.1673,loss_of_function,-7.04064780437682,0.9919467379822936,Pathogenic,0.9966,pathogenic,https://doi.org/10.1101/2022.10.22.513328
D687N,3.11719,1.33197,,Uncertain,,,,0.849,cBioPortal,,False,5.6,,,,neutral,neutral,neutral,-,uncertain,uncertain,uncertain,,,,91.77,E,-0.313,0.022,-22.1673,loss_of_function,-4.23523442253211,0.9911745514732124,Pathogenic,0.987,pathogenic,https://doi.org/10.1101/2022.10.22.513328
M688L,-0.13001,0.08503,,Neutral,,,,,mutations_clinvar,,False,41.3,,,,neutral,neutral,neutral,-,uncertain,uncertain,uncertain,2038515,Uncertain significance,1,85.83,T,-0.0618,1.4596,-4.6317,loss_of_function,-0.733777346591317,0.005049612819198,Benign,0.3051,benign,https://doi.org/10.1101/2022.10.22.513328
R689C,1.07607,1.58265,,Neutral,,,3.9771868562e-06,0.629,"cBioPortal,COSMIC,mutations_clinvar",,False,76.1,,,,neutral,neutral,neutral,DOWN,neutral,neutral,neutral,888105,Uncertain significance,1,85.18,T,-0.4123,0.0658,-22.1673,loss_of_function,-7.02009711386897,0.9853602692656582,Pathogenic,0.9822,pathogenic,https://doi.org/10.1101/2022.10.22.513328
R689S,0.39583,0.78673,,Neutral,,,,,mutations_clinvar,,False,76.1,,,,neutral,neutral,neutral,DOWN,neutral,neutral,neutral,55824,Likely pathogenic,2,85.18,T,-0.404,0.0658,-22.1673,loss_of_function,-7.02009711386897,0.9883370354300404,Pathogenic,0.9983,pathogenic,https://doi.org/10.1101/2022.10.22.513328
E690K,1.03074,1.03197,,Neutral,,,,0.716,"cBioPortal,COSMIC",,False,16.3,,,,neutral,neutral,neutral,UP,neutral,neutral,neutral,,,,88.44,G,-0.3403,0.022,-22.1673,loss_of_function,-7.04033874452895,0.9900626943472526,Pathogenic,0.9958,pathogenic,https://doi.org/10.1101/2022.10.22.513328
R692Q,0.62835,-0.07687,,Neutral,,,,,mutations_clinvar,,False,77.8,,,,neutral,neutral,neutral,DOWN,neutral,neutral,neutral,2201743,Uncertain significance,1,82.66,G,-0.2755,0.3567,-7.2915,loss_of_function,-3.18602256188926,0.6241292210669144,Uncertain,0.6168,pathogenic,https://doi.org/10.1101/2022.10.22.513328
S693I,2.90089,-0.3881,,Uncertain,,,,,mutations_clinvar,,False,16.9,,,,uncertain,,,UP,neutral,neutral,neutral,1692882,Uncertain significance,1,84.4,S,-0.3437,0.1908,-22.1673,loss_of_function,-6.59920675463385,0.9750601883124004,Pathogenic,0.9426,pathogenic,https://doi.org/10.1101/2022.10.22.513328
E694Q,-0.04506,-0.05442,,Neutral,,,,0.239,"cBioPortal,COSMIC",,False,58.7,,,,neutral,neutral,neutral,UP,neutral,neutral,neutral,,,,85.64,S,-0.1117,1.9686,-22.1673,loss_of_function,-2.24694480698032,0.241089101508395,Benign,0.6234,pathogenic,https://doi.org/10.1101/2022.10.22.513328
L695F,7.24736,5.74184,,Destabilizing,,,,0.524,"cBioPortal,COSMIC",,False,0.0,,,,neutral,neutral,neutral,UP,neutral,neutral,neutral,,,,90.42,H,-0.3506,0.022,-22.1673,loss_of_function,-7.03878947052229,0.9913268865111908,Pathogenic,0.9423,pathogenic,https://doi.org/10.1101/2022.10.22.513328
L695P,3.40227,10.73571,,Destabilizing,,,,0.797,"cBioPortal,COSMIC",,False,0.0,,,,neutral,neutral,neutral,DOWN,neutral,neutral,neutral,,,,90.42,H,-0.5005,0.022,-22.1673,loss_of_function,-7.03878947052229,0.9904668760903204,Pathogenic,0.9947,pathogenic,https://doi.org/10.1101/2022.10.22.513328
P696L,5.89263,1.62891,,Uncertain,,,,,"cBioPortal,COSMIC,mutations_clinvar",,False,1.1,,,,neutral,neutral,neutral,UP,neutral,neutral,neutral,1077179,Uncertain significance,2,90.57,H,-0.374,0.022,-22.1673,loss_of_function,-6.73962698909891,0.9873324091803072,Pathogenic,0.9031,pathogenic,https://doi.org/10.1101/2022.10.22.513328
P696S,5.05243,2.23197,,Uncertain,,,,0.543,"cBioPortal,COSMIC",,False,1.1,,,,neutral,neutral,neutral,DOWN,neutral,neutral,neutral,,,,90.57,H,-0.325,0.022,-22.1673,loss_of_function,-6.19960304056035,0.9797726697912248,Pathogenic,0.9742,pathogenic,https://doi.org/10.1101/2022.10.22.513328
H700Y,-0.81175,-0.92687,,Neutral,,,,0.285,COSMIC,,False,2.6,,,,neutral,neutral,neutral,UP,neutral,neutral,neutral,,,,87.99,H,-0.1412,0.3719,-3.9254,loss_of_function,-1.93974605239643,0.0260812838622226,Benign,0.3338,benign,https://doi.org/10.1101/2022.10.22.513328
R701C,1.20023,0.80816,,Neutral,,3.18511912346e-05,,0.442,"cBioPortal,COSMIC,mutations_clinvar",,False,51.3,,,,neutral,neutral,neutral,DOWN,neutral,neutral,neutral,953866,Uncertain significance,1,83.83,H,-0.1923,2.4564,-22.1673,loss_of_function,-3.33800548332016,0.6487042188275152,Uncertain,0.1796,benign,https://doi.org/10.1101/2022.10.22.513328
R701G,1.5124,1.41293,,Neutral,,,3.9769654163e-06,0.284,"cBioPortal,COSMIC",,False,51.3,,,,neutral,neutral,neutral,DOWN,neutral,neutral,neutral,,,,83.83,H,-0.1176,2.4564,-2.325,loss_of_function,-1.97523245917646,0.1533840315683236,Benign,0.3904,ambiguous,https://doi.org/10.1101/2022.10.22.513328
R701H,0.573,0.4,,Neutral,,3.18532203606e-05,7.9541206322e-06,0.357,"cBioPortal,COSMIC,mutations_clinvar",,False,51.3,,,,neutral,neutral,neutral,DOWN,neutral,neutral,neutral,858128,Uncertain significance,2,83.83,H,-0.0854,2.4564,-8.8794,loss_of_function,-3.71086500218278,0.8830698845358478,Pathogenic,0.1467,benign,https://doi.org/10.1101/2022.10.22.513328
R702Q,0.73827,0.50238,,Neutral,,,,,mutations_clinvar,,False,35.3,,,,neutral,neutral,neutral,DOWN,neutral,neutral,neutral,1362944,Uncertain significance,1,84.22,T,-0.1597,1.5743,-6.5576,loss_of_function,-2.73402369591788,0.2183758577574005,Benign,0.1394,benign,https://doi.org/10.1101/2022.10.22.513328
R702W,-0.49627,0.64048,,Neutral,,,3.9770919504e-06,0.500,"cBioPortal,COSMIC,mutations_clinvar",,False,35.3,,,,neutral,neutral,neutral,UP,neutral,neutral,neutral,1916239,Uncertain significance,1,84.22,T,-0.2824,1.5743,-22.1673,loss_of_function,-4.28627180244742,0.8861687462406533,Pathogenic,0.2462,benign,https://doi.org/10.1101/2022.10.22.513328
G703D,4.10951,1.35918,,Uncertain,,,,0.616,cBioPortal,,False,19.1,,,,neutral,neutral,neutral,UP,neutral,neutral,neutral,,,,83.72,T,-0.2211,1.5379,-6.2946,loss_of_function,-2.49299988201633,0.3917398420950869,Uncertain,0.5106,ambiguous,https://doi.org/10.1101/2022.10.22.513328
G703V,6.27579,6.17993,,Destabilizing,,,3.9769654163e-06,0.786,"cBioPortal,mutations_clinvar",,False,19.1,,,,neutral,neutral,neutral,UP,neutral,neutral,neutral,1469400,Uncertain significance,1,83.72,T,-0.3286,1.5379,-22.1673,loss_of_function,-5.66353181840761,0.9613716249017408,Pathogenic,0.8564,pathogenic,https://doi.org/10.1101/2022.10.22.513328
D705V,0.50364,0.68503,,Neutral,,,,,mutations_clinvar,,False,39.5,,,,neutral,neutral,neutral,UP,neutral,neutral,neutral,835496,Uncertain significance,1,88.18,E,-0.0244,2.9645,-2.9254,loss_of_function,-2.00230972400011,0.2082395657177546,Benign,0.2093,benign,https://doi.org/10.1101/2022.10.22.513328
I706T,3.60726,3.24116,,Destabilizing,,0.000955353162219,0.0014675235837801,0.609,"cBioPortal,COSMIC,ERCC4_icope_sentieon_input,mutations_clinvar",,False,0.0,,,,neutral,neutral,neutral,DOWN,neutral,neutral,neutral,134142,Conflicting interpretations of pathogenicity,1,91.08,E,-0.2857,1.0607,-22.1673,loss_of_function,-5.03393556038704,0.8569504559410913,Pathogenic,0.6099,pathogenic,https://doi.org/10.1101/2022.10.22.513328
E707K,-0.39054,0.91259,,Neutral,,,,0.295,cBioPortal,,True,51.4,,,,neutral,neutral,neutral,UP,neutral,neutral,neutral,,,,89.95,E,-0.0774,2.0539,-7.2946,loss_of_function,-2.78415968347092,0.257335328034372,Benign,0.1365,benign,https://doi.org/10.1101/2022.10.22.513328
E707Q,0.06326,-1.03027,,Neutral,,,,0.191,"cBioPortal,COSMIC",,True,51.4,,,,neutral,neutral,neutral,UP,neutral,neutral,neutral,,,,89.95,E,-0.0279,2.0539,-7.2946,loss_of_function,-2.06982198213007,0.2698919593564394,Benign,0.1007,benign,https://doi.org/10.1101/2022.10.22.513328
P708L,7.19544,3.58401,,Destabilizing,,,,,mutations_clinvar,,True,1.2,,,,neutral,neutral,neutral,UP,neutral,neutral,neutral,2102462,Uncertain significance,1,90.76,E,-0.2975,0.0616,-7.8795,loss_of_function,-4.42889803330992,0.9879898678460756,Pathogenic,0.7713,pathogenic,https://doi.org/10.1101/2022.10.22.513328
P708S,5.33536,2.03673,,Uncertain,,,7.9541839007e-06,0.603,cBioPortal,,True,1.2,,,,neutral,neutral,neutral,DOWN,neutral,neutral,neutral,,,,90.76,E,-0.3213,0.0616,-22.1673,loss_of_function,-6.03310278363279,0.9894842658723731,Pathogenic,0.9293,pathogenic,https://doi.org/10.1101/2022.10.22.513328
V709L,0.53024,0.93776,,Neutral,,,,0.141,COSMIC,,True,13.7,,,,neutral,neutral,neutral,UP,neutral,neutral,neutral,,,,88.06,E,-0.096,1.7798,-4.2357,loss_of_function,-2.04421472589689,0.01897972184641,Benign,0.2533,benign,https://doi.org/10.1101/2022.10.22.513328
V709M,0.71797,2.53673,,Uncertain,,3.18511912346e-05,3.18162294586e-05,0.283,"cBioPortal,COSMIC,mutations_clinvar",,True,13.7,,,,neutral,neutral,neutral,UP,neutral,neutral,neutral,474203,Uncertain significance,2,88.06,E,-0.1207,1.7798,-7.2946,loss_of_function,-2.31820947046072,0.1410260588282253,Benign,0.1731,benign,https://doi.org/10.1101/2022.10.22.513328
T710N,-0.0619,-0.10578,,Neutral,,,,,mutations_clinvar,P,True,66.9,-0.214,,,damaging,neutral,potentially_damaging,-,uncertain,uncertain,uncertain,1418437,Uncertain significance,1,86.52,-,-0.282,1.0434,-22.1673,loss_of_function,-4.14877996737624,0.9617763519546072,Pathogenic,0.7369,pathogenic,https://doi.org/10.1101/2022.10.22.513328
E712D,0.26449,0.0585,,Neutral,,,,0.240,cBioPortal,,True,80.2,,,,neutral,neutral,neutral,DOWN,neutral,neutral,neutral,,,,83.89,S,-0.0137,2.0938,-6.5576,loss_of_function,-0.876908656960562,0.0299727683464153,Benign,0.4105,ambiguous,https://doi.org/10.1101/2022.10.22.513328
E712K,-0.7914,-0.10748,,Neutral,,,,0.201,cBioPortal,,True,80.2,,,,neutral,neutral,neutral,UP,neutral,neutral,neutral,,,,83.89,S,-0.0737,2.0938,-7.2946,loss_of_function,-1.90924681622616,0.2871384093140841,Benign,0.529,ambiguous,https://doi.org/10.1101/2022.10.22.513328
V713A,1.89686,2.28741,,Uncertain,,,3.9768072601e-06,0.607,cBioPortal,,True,13.6,,,,neutral,neutral,neutral,DOWN,neutral,neutral,neutral,,,,85.38,S,-0.2171,0.7144,-8.8794,loss_of_function,-5.87129700351756,0.9680375390019856,Pathogenic,0.703,pathogenic,https://doi.org/10.1101/2022.10.22.513328
D715Y,-2.5321,-0.00782,,Uncertain,,,,,mutations_clinvar,,True,17.2,,,,neutral,neutral,neutral,UP,neutral,neutral,neutral,1385175,Uncertain significance,1,91.43,S,-0.3913,0.022,-22.1642,loss_of_function,-6.99581062876699,0.989612545924874,Pathogenic,0.9807,pathogenic,https://doi.org/10.1101/2022.10.22.513328
Y716C,5.80037,4.89354,,Destabilizing,,,,0.778,"cBioPortal,COSMIC",,True,0.0,,,,uncertain,,,DOWN,neutral,neutral,neutral,,,,93.56,E,-0.4166,0.0617,-22.1642,loss_of_function,-6.86889720278045,0.989139807133385,Pathogenic,0.8424,pathogenic,https://doi.org/10.1101/2022.10.22.513328
I717T,2.91947,3.13571,,Uncertain,,,,0.527,cBioPortal,,True,2.1,,,,neutral,neutral,neutral,DOWN,neutral,neutral,neutral,,,,92.43,E,-0.3217,0.6687,-22.1612,loss_of_function,-5.54747362558333,0.9470826217294908,Pathogenic,0.9237,pathogenic,https://doi.org/10.1101/2022.10.22.513328
L718H,4.70089,3.61871,,Destabilizing,,,,0.714,cBioPortal,,True,0.0,,,,neutral,neutral,neutral,DOWN,neutral,neutral,neutral,,,,91.45,E,-0.4362,0.2748,-22.1642,loss_of_function,-6.42855667366086,0.9837264248551004,Pathogenic,0.994,pathogenic,https://doi.org/10.1101/2022.10.22.513328
T719I,1.81278,0.73605,,Neutral,,,3.9770286823e-06,0.318,cBioPortal,,True,5.3,,,,uncertain,,,UP,neutral,neutral,neutral,,,,88.9,E,-0.2506,1.0616,-22.1642,loss_of_function,-5.21192359690772,0.922216458730258,Pathogenic,0.7791,pathogenic,https://doi.org/10.1101/2022.10.22.513328
T719N,2.30434,2.06701,,Uncertain,,,,,mutations_clinvar,,True,5.3,,,,uncertain,,,-,uncertain,uncertain,uncertain,1470602,Uncertain significance,1,88.9,E,-0.2803,1.0616,-22.1642,loss_of_function,-3.60004087332015,0.5949001574429267,Uncertain,0.2697,benign,https://doi.org/10.1101/2022.10.22.513328
P720L,2.09398,0.63605,,Uncertain,,,,0.455,"cBioPortal,COSMIC",,True,39.7,,,,neutral,neutral,neutral,UP,neutral,neutral,neutral,,,,86.2,T,-0.3405,0.386,-22.1642,loss_of_function,-6.0648353245305,0.9038280132132466,Pathogenic,0.2633,benign,https://doi.org/10.1101/2022.10.22.513328
P720Q,1.9808,0.61395,,Neutral,,,,0.418,"cBioPortal,COSMIC",,True,39.7,,,,neutral,neutral,neutral,UP,neutral,neutral,neutral,,,,86.2,T,-0.3202,0.386,-22.1642,loss_of_function,-4.11728247543856,0.3439297503142695,Uncertain,0.1952,benign,https://doi.org/10.1101/2022.10.22.513328
E721K,1.03662,0.5915,,Neutral,,,,0.156,"cBioPortal,COSMIC",,True,47.3,,,,neutral,neutral,neutral,UP,neutral,neutral,neutral,,,,87.2,T,-0.0575,2.2698,-7.2915,loss_of_function,-2.09153033685339,0.0137688289408111,Benign,0.1906,benign,https://doi.org/10.1101/2022.10.22.513328
E721Q,0.82433,0.62585,,Neutral,,,,0.176,COSMIC,,True,47.3,,,,neutral,neutral,neutral,UP,neutral,neutral,neutral,,,,87.2,T,0.0038,2.2698,-4.9696,gain_of_function,-1.03270083229967,0.0018821868484787,Benign,0.1393,benign,https://doi.org/10.1101/2022.10.22.513328
M722V,1.07322,0.65884,,Neutral,,,,,mutations_clinvar,,True,8.6,,,,neutral,neutral,neutral,DOWN,neutral,neutral,neutral,1683628,Uncertain significance,1,89.94,E,-0.1205,1.5243,-4.5515,loss_of_function,-0.409065077350896,0.0001711455853839,Benign,0.0726,benign,https://doi.org/10.1101/2022.10.22.513328
C723Y,12.97094,11.01905,,Destabilizing,,,,0.618,cBioPortal,,False,0.0,,,,neutral,neutral,neutral,UP,neutral,neutral,neutral,,,,91.52,E,-0.4696,0.2801,-22.1612,loss_of_function,-6.70780034567191,0.977200074209386,Pathogenic,0.9893,pathogenic,https://doi.org/10.1101/2022.10.22.513328
V724L,0.10443,2.29252,,Uncertain,,,,0.347,cBioPortal,,False,0.0,,,,neutral,neutral,neutral,UP,neutral,neutral,neutral,,,,94.23,E,-0.3118,0.4279,-22.1612,loss_of_function,-2.56422101543101,0.5886059246770405,Uncertain,0.6742,pathogenic,https://doi.org/10.1101/2022.10.22.513328
V724M,1.19166,3.40272,,Uncertain,,,,0.428,cBioPortal,,False,0.0,,,,neutral,neutral,neutral,UP,neutral,neutral,neutral,,,,94.23,E,-0.3209,0.4279,-22.1612,loss_of_function,-3.53435934552901,0.938309004720221,Pathogenic,0.6347,pathogenic,https://doi.org/10.1101/2022.10.22.513328
E725A,-1.16487,0.08776,,Neutral,,,,0.814,cBioPortal,,False,2.8,,,,neutral,neutral,neutral,DOWN,neutral,neutral,neutral,,,,94.42,E,-0.3203,0.0001,-22.1612,loss_of_function,-6.99410840814681,0.992320335107338,Pathogenic,0.991,pathogenic,https://doi.org/10.1101/2022.10.22.513328
E725K,-1.44256,-0.11565,,Neutral,,,,0.734,"cBioPortal,COSMIC",,False,2.8,,,,neutral,neutral,neutral,UP,neutral,neutral,neutral,,,,94.42,E,-0.3422,0.0001,-22.1612,loss_of_function,-6.99410840814681,0.991595640558458,Pathogenic,0.9907,pathogenic,https://doi.org/10.1101/2022.10.22.513328
E725Q,-1.08643,-0.46531,,Neutral,,,,0.632,cBioPortal,,False,2.8,,,,neutral,neutral,neutral,UP,neutral,neutral,neutral,,,,94.42,E,-0.2928,0.0001,-22.1612,loss_of_function,-4.20946695646582,0.9927115632025708,Pathogenic,0.9813,pathogenic,https://doi.org/10.1101/2022.10.22.513328
R726C,3.49538,1.33878,,Uncertain,,,1.98895730902e-05,0.774,"cBioPortal,COSMIC,mutations_clinvar",,True,17.5,,,,neutral,neutral,neutral,DOWN,neutral,neutral,neutral,843239,Uncertain significance,1,93.03,E,-0.4183,0.0001,-22.1612,loss_of_function,-7.03443022963374,0.9922383790315707,Pathogenic,0.9684,pathogenic,https://doi.org/10.1101/2022.10.22.513328
R726H,1.34216,0.35442,,Neutral,,,2.38655890027e-05,0.842,"cBioPortal,mutations_clinvar",,True,17.5,,,,neutral,neutral,neutral,DOWN,neutral,neutral,neutral,658680,Uncertain significance,1,93.03,E,-0.3792,0.0001,-22.1612,loss_of_function,-7.03443022963374,0.990633530525172,Pathogenic,0.9703,pathogenic,https://doi.org/10.1101/2022.10.22.513328
R726P,5.30043,4.56973,,Destabilizing,,,3.9775981671e-06,0.838,"cBioPortal,COSMIC",,True,17.5,,,,neutral,neutral,neutral,DOWN,neutral,neutral,neutral,,,,93.03,E,-0.5515,0.0001,-22.1612,loss_of_function,-7.03443022963374,0.9912631508159572,Pathogenic,0.9985,pathogenic,https://doi.org/10.1101/2022.10.22.513328
I729T,2.19654,2.00408,,Uncertain,,,,,mutations_clinvar,,True,12.0,,,,neutral,neutral,neutral,DOWN,neutral,neutral,neutral,647874,Uncertain significance,2,84.83,H,-0.1772,1.3743,-6.5515,loss_of_function,-1.69511222816899,0.0993848154887407,Benign,0.3858,ambiguous,https://doi.org/10.1101/2022.10.22.513328
S730G,0.23192,0.37925,,Neutral,,,,0.155,cBioPortal,,True,88.0,,,,uncertain,,,DOWN,neutral,neutral,neutral,,,,82.78,H,-0.0417,1.7614,-5.414,loss_of_function,-2.79066083848258,0.0263728730482067,Benign,0.091,benign,https://doi.org/10.1101/2022.10.22.513328
D731Y,1.20299,1.70578,,Neutral,,,,0.852,COSMIC,,True,79.6,,,,neutral,neutral,neutral,UP,neutral,neutral,neutral,,,,86.23,H,-0.3933,0.0001,-22.1612,loss_of_function,-6.99379804543323,0.9936261836767516,Pathogenic,0.9814,pathogenic,https://doi.org/10.1101/2022.10.22.513328
G734S,-0.55926,-0.63265,,Neutral,,,1.98914721281e-05,0.317,"cBioPortal,COSMIC,mutations_clinvar",,True,100.3,,,,neutral,neutral,neutral,UP,neutral,neutral,neutral,1692883,Uncertain significance,2,84.85,H,-0.1503,1.4824,-2.079,loss_of_function,-1.55015415687013,0.0035100013582068,Benign,0.2007,benign,https://doi.org/10.1101/2022.10.22.513328
S735Y,-0.86563,1.22449,,Neutral,,,,0.623,cBioPortal,,True,6.8,,,,uncertain,,,UP,neutral,neutral,neutral,,,,86.38,H,-0.3629,0.0001,-22.1612,loss_of_function,-6.86676866552109,0.992356504359708,Pathogenic,0.9866,pathogenic,https://doi.org/10.1101/2022.10.22.513328
N738D,0.8818,0.36054,,Neutral,,,,,mutations_clinvar,,False,71.4,,,,neutral,neutral,neutral,-,uncertain,uncertain,uncertain,861566,Uncertain significance,1,84.97,S,-0.1023,1.4316,-3.0155,loss_of_function,-1.81187527732885,0.1664513703884954,Benign,0.3592,ambiguous,https://doi.org/10.1101/2022.10.22.513328
N738K,0.29171,0.28878,,Neutral,,,,0.107,cBioPortal,,False,71.4,,,,neutral,neutral,neutral,UP,neutral,neutral,neutral,,,,84.97,S,-0.1322,1.4316,-8.8733,loss_of_function,-2.57612692751532,0.4380810365222825,Uncertain,0.9053,pathogenic,https://doi.org/10.1101/2022.10.22.513328
G739D,2.56222,0.72041,,Uncertain,,,,0.694,cBioPortal,,False,88.7,,,,neutral,neutral,neutral,UP,neutral,neutral,stabilizing,,,,83.11,S,-0.4435,0.0001,-22.1612,loss_of_function,-5.6086076131104,0.9722541777810224,Pathogenic,0.9816,pathogenic,https://doi.org/10.1101/2022.10.22.513328
G739S,2.4843,0.87245,,Uncertain,,,7.9573486114e-06,0.597,cBioPortal,,False,88.7,,,,neutral,neutral,neutral,UP,neutral,neutral,stabilizing,,,,83.11,S,-0.3891,0.0001,-22.1612,loss_of_function,-5.96002850444862,0.964981522081457,Pathogenic,0.684,pathogenic,https://doi.org/10.1101/2022.10.22.513328
R740C,1.00112,0.56769,,Neutral,,6.36902108146e-05,2.78460669419e-05,0.595,"cBioPortal,mutations_clinvar",,True,65.9,,,,neutral,neutral,neutral,DOWN,neutral,neutral,neutral,425096,Uncertain significance,2,86.35,H,-0.4183,0.0001,-22.1612,loss_of_function,-6.86631087518662,0.97473674093741,Pathogenic,0.9645,pathogenic,https://doi.org/10.1101/2022.10.22.513328
R740H,1.09191,-0.14728,,Neutral,,,3.18255957354e-05,0.757,"COSMIC,mutations_clinvar",,True,65.9,,,,neutral,neutral,neutral,DOWN,neutral,neutral,neutral,813583,Uncertain significance,1,86.35,H,-0.3792,0.0001,-22.1612,loss_of_function,-6.86631087518662,0.9281442189391867,Pathogenic,0.8815,pathogenic,https://doi.org/10.1101/2022.10.22.513328
S743R,-0.16293,-0.25272,,Neutral,,,3.9779779143e-06,0.092,cBioPortal,,True,71.1,,,,uncertain,,,UP,neutral,neutral,stabilizing,,,,87.22,H,-0.1649,2.2717,-22.1612,loss_of_function,-3.2430802289398,0.1759362886838877,Benign,0.7276,pathogenic,https://doi.org/10.1101/2022.10.22.513328
I746M,-0.06733,0.41735,,Neutral,,,,,mutations_clinvar,,True,37.0,,,,neutral,neutral,neutral,-,uncertain,uncertain,uncertain,1319882,Uncertain significance,1,88.35,H,-0.0163,2.4407,-7.2884,loss_of_function,-1.96314945034537,0.004092108618118,Benign,0.1032,benign,https://doi.org/10.1101/2022.10.22.513328
I746V,0.65136,0.09252,,Neutral,,,,,mutations_clinvar,,True,37.0,,,,neutral,neutral,neutral,DOWN,neutral,neutral,neutral,1348588,Uncertain significance,1,88.35,H,0.0545,2.4407,-2.3343,gain_of_function,-0.0395020746986528,3.999678782757359e-05,Benign,0.0619,benign,https://doi.org/10.1101/2022.10.22.513328
M748V,2.34741,2.05612,,Uncertain,,,,0.616,"cBioPortal,COSMIC",,True,0.3,,,,neutral,neutral,neutral,DOWN,neutral,neutral,neutral,,,,87.77,H,-0.3449,0.0619,-22.1581,loss_of_function,-4.04830316870575,0.9862704863923542,Pathogenic,0.686,pathogenic,https://doi.org/10.1101/2022.10.22.513328
R750C,0.94264,1.41599,,Neutral,,3.1849162367e-05,5.56890324428e-05,0.589,"cBioPortal,COSMIC,mutations_clinvar",,False,50.2,,,,neutral,neutral,neutral,DOWN,neutral,neutral,neutral,941684,Conflicting interpretations of pathogenicity,1,82.91,H,-0.2411,1.9261,-22.1612,loss_of_function,-3.06152242116051,0.9372824351320276,Pathogenic,0.3134,benign,https://doi.org/10.1101/2022.10.22.513328
R750H,0.44663,1.29558,,Neutral,,,3.9778196775e-06,0.484,"cBioPortal,COSMIC,mutations_clinvar",,False,50.2,,,,neutral,neutral,neutral,DOWN,neutral,neutral,neutral,998307,Uncertain significance,1,82.91,H,-0.1342,1.9261,-8.8733,loss_of_function,-3.75414455477401,0.8631938078239125,Pathogenic,0.2713,benign,https://doi.org/10.1101/2022.10.22.513328
R750S,0.59729,1.72925,,Neutral,,,,0.548,COSMIC,,False,50.2,,,,neutral,neutral,neutral,DOWN,neutral,neutral,neutral,,,,82.91,H,-0.1548,1.9261,-6.8734,loss_of_function,-2.86397798837771,0.5138955465782354,Uncertain,0.9015,pathogenic,https://doi.org/10.1101/2022.10.22.513328
Y751C,1.98413,2.46224,,Uncertain,,,,,mutations_clinvar,,False,30.3,,,,uncertain,,,DOWN,neutral,neutral,neutral,2171834,Uncertain significance,1,81.51,H,-0.1708,1.8408,-6.0661,loss_of_function,-1.5659297682445,0.1486214301233853,Benign,0.1216,benign,https://doi.org/10.1101/2022.10.22.513328
Y751H,0.50656,1.67449,,Neutral,,,,0.114,"cBioPortal,COSMIC",,False,30.3,,,,uncertain,,,DOWN,neutral,neutral,neutral,,,,81.51,H,-0.0835,1.8408,-1.296,loss_of_function,-1.48164643770564,0.0011609851216042,Benign,0.1501,benign,https://doi.org/10.1101/2022.10.22.513328
R754C,0.34247,0.41293,,Neutral,,,7.9554494829e-06,0.183,"cBioPortal,COSMIC,mutations_clinvar",,True,60.8,,,,neutral,neutral,neutral,DOWN,neutral,neutral,neutral,1402571,Uncertain significance,1,90.06,E,-0.0831,2.906,-8.8733,loss_of_function,-0.763199207903099,0.1430456847376265,Benign,0.0977,benign,https://doi.org/10.1101/2022.10.22.513328
R754L,-0.77412,-0.26054,,Neutral,,,,0.256,"cBioPortal,COSMIC",,True,60.8,,,,neutral,neutral,neutral,DOWN,neutral,neutral,neutral,,,,90.06,E,-0.0635,2.906,-6.2885,loss_of_function,-1.89335859355306,0.1778951463319329,Benign,0.1774,benign,https://doi.org/10.1101/2022.10.22.513328
P755L,1.27562,1.41156,,Neutral,,,,0.641,"cBioPortal,COSMIC",,True,0.4,,,,neutral,neutral,neutral,UP,neutral,neutral,neutral,,,,92.81,E,-0.3475,0.3096,-22.1612,loss_of_function,-5.09826743046866,0.9577847887979398,Pathogenic,0.7,pathogenic,https://doi.org/10.1101/2022.10.22.513328
V756M,-0.19622,1.15782,,Neutral,,,0.0001312638722047,0.078,"cBioPortal,COSMIC,mutations_clinvar",,True,4.2,,,,neutral,neutral,neutral,UP,neutral,neutral,neutral,317820,Uncertain significance,2,94.03,E,-0.0827,1.8851,-1.7649,loss_of_function,-0.0566203644380057,0.0004113024721484,Benign,0.1027,benign,https://doi.org/10.1101/2022.10.22.513328
L757F,1.33934,1.51088,,Neutral,,,,0.449,"cBioPortal,COSMIC",,True,0.0,,,,neutral,neutral,neutral,UP,neutral,neutral,neutral,,,,94.56,E,-0.3398,0.1385,-22.1612,loss_of_function,-6.86692113041869,0.987532860871874,Pathogenic,0.8939,pathogenic,https://doi.org/10.1101/2022.10.22.513328
I759V,1.46966,1.03673,,Neutral,,,,0.287,COSMIC,,True,0.2,,,,neutral,neutral,neutral,DOWN,neutral,neutral,neutral,,,,92.01,E,-0.1837,0.0852,-6.5515,loss_of_function,-2.69497269805527,0.0059876992137544,Benign,0.1513,benign,https://doi.org/10.1101/2022.10.22.513328
F761L,1.49087,2.12551,,Uncertain,,,,,mutations_clinvar,,False,1.7,,,,neutral,neutral,neutral,DOWN,neutral,neutral,neutral,1343600,Uncertain significance,1,87.0,-,-0.2811,0.066,-8.8733,loss_of_function,-5.67588016455807,0.1860558216000583,Benign,0.9935,pathogenic,https://doi.org/10.1101/2022.10.22.513328
D762E,0.91668,0.8,,Neutral,,,,,mutations_clinvar,,False,52.2,,,,neutral,neutral,neutral,UP,neutral,neutral,neutral,1336160,Uncertain significance,1,80.38,-,-0.0992,1.0656,-3.3499,loss_of_function,-2.1337071532713,0.039367898971393,Benign,0.3768,ambiguous,https://doi.org/10.1101/2022.10.22.513328
D762G,1.8698,2.30748,,Uncertain,,,,0.808,"cBioPortal,COSMIC",,False,52.2,,,,neutral,neutral,neutral,DOWN,neutral,neutral,neutral,,,,80.38,-,-0.1885,1.0656,-7.8734,loss_of_function,-4.06866046850598,0.5263574239280784,Uncertain,0.6373,pathogenic,https://doi.org/10.1101/2022.10.22.513328
D762H,1.37677,0.05204,,Neutral,,,,0.674,"cBioPortal,COSMIC",,False,52.2,,,,neutral,neutral,neutral,UP,neutral,neutral,neutral,,,,80.38,-,-0.1918,1.0656,-8.8733,loss_of_function,-4.06747294786908,0.6270404358324244,Uncertain,0.5727,pathogenic,https://doi.org/10.1101/2022.10.22.513328
P763L,1.28568,1.05306,,Neutral,,6.36902108146e-05,,0.229,"COSMIC,mutations_clinvar",,True,56.0,,,,neutral,neutral,neutral,UP,neutral,neutral,neutral,569796,Uncertain significance,2,76.47,T,-0.129,1.9474,-8.8702,loss_of_function,-2.58542708346353,0.1106434666749444,Benign,0.1062,benign,https://doi.org/10.1101/2022.10.22.513328
S764G,1.07838,1.20306,,Neutral,,,,,mutations_clinvar,,True,71.2,,,,uncertain,,,DOWN,neutral,neutral,neutral,864299,Uncertain significance,2,69.83,T,0.0213,2.387,-4.3499,gain_of_function,-0.395206216943809,0.0003211345931093,Benign,0.0567,benign,https://doi.org/10.1101/2022.10.22.513328
K765N,0.68335,0.87993,,Neutral,,,,,mutations_clinvar,,True,22.8,,,,neutral,neutral,neutral,DOWN,neutral,neutral,neutral,653697,Uncertain significance,1,71.34,S,-0.2904,0.543,-22.1612,loss_of_function,-3.39103855047313,0.5076383421680599,Uncertain,0.8537,pathogenic,https://doi.org/10.1101/2022.10.22.513328
P766H,1.57363,0.5483,,Neutral,,,,0.474,"cBioPortal,COSMIC",,True,60.1,,,,neutral,neutral,neutral,UP,neutral,neutral,neutral,,,,71.02,-,-0.1489,1.5671,-7.8703,loss_of_function,-3.29770039429691,0.1337982024579279,Benign,0.2865,benign,https://doi.org/10.1101/2022.10.22.513328
P766S,1.46558,1.2602,,Neutral,,,,0.177,cBioPortal,,True,60.1,,,,neutral,neutral,neutral,DOWN,neutral,neutral,neutral,,,,71.02,-,-0.0759,1.5671,-1.2122,loss_of_function,0.0309849469828831,0.0003762213896424,Benign,0.098,benign,https://doi.org/10.1101/2022.10.22.513328
S768C,0.10489,1.27823,,Neutral,,,,,mutations_clinvar,,False,50.0,,,,uncertain,,,UP,neutral,neutral,neutral,1319881,Uncertain significance,1,73.2,-,-0.0271,2.3008,-4.1699,loss_of_function,-0.715043869043447,0.0173758351057864,Benign,0.068,benign,https://doi.org/10.1101/2022.10.22.513328
S768F,0.13958,0.93878,,Neutral,,,,0.332,"cBioPortal,COSMIC",,False,50.0,,,,uncertain,,,UP,neutral,neutral,neutral,,,,73.2,-,-0.0786,2.3008,-8.8702,loss_of_function,-3.18247820552189,0.414818416738559,Uncertain,0.1723,benign,https://doi.org/10.1101/2022.10.22.513328
L769V,2.56678,1.39796,,Uncertain,,,,0.242,"cBioPortal,COSMIC",,False,27.6,,,,neutral,neutral,neutral,DOWN,neutral,neutral,neutral,,,,70.22,S,-0.184,0.8438,-8.8671,loss_of_function,-3.24107873175632,0.9458383012742232,Pathogenic,0.2318,benign,https://doi.org/10.1101/2022.10.22.513328
T770I,-0.91509,-1.11054,,Neutral,,,,0.037,COSMIC,,False,49.4,,,,uncertain,,,UP,neutral,neutral,neutral,,,,65.84,S,0.0022,2.849,-4.8486,gain_of_function,-0.110004991995409,0.0019026530831508,Benign,0.0738,benign,https://doi.org/10.1101/2022.10.22.513328
T770S,0.59315,0.99116,,Neutral,,,,,mutations_clinvar,,False,49.4,,,,neutral,,,DOWN,neutral,neutral,neutral,1025296,Uncertain significance,1,65.84,S,0.0623,2.849,-5.2637,gain_of_function,-0.254090447937922,0.0019863844669636,Benign,0.0772,benign,https://doi.org/10.1101/2022.10.22.513328
S771A,-0.36178,0.11122,,Neutral,,,,0.059,cBioPortal,,False,56.9,,,,uncertain,,,-,uncertain,uncertain,uncertain,,,,58.28,-,0.0754,2.7767,-2.5756,gain_of_function,-0.0356859628016392,3.0448268165942798e-05,Benign,0.0567,benign,https://doi.org/10.1101/2022.10.22.513328
S771F,-1.61096,-0.19966,,Neutral,,,,0.195,"cBioPortal,COSMIC",,False,56.9,,,,uncertain,,,UP,neutral,neutral,neutral,,,,58.28,-,-0.0266,2.7767,-7.2573,loss_of_function,-1.70535802481945,0.0075496562584178,Benign,0.1428,benign,https://doi.org/10.1101/2022.10.22.513328
R772Q,0.10879,-0.20544,,Neutral,,,3.9778196775e-06,0.115,cBioPortal,,False,105.5,,,,neutral,neutral,neutral,DOWN,neutral,neutral,neutral,,,,53.55,T,0.0085,3.3104,-4.8908,gain_of_function,-0.751613221273676,0.0574026616373097,Benign,0.0835,benign,https://doi.org/10.1101/2022.10.22.513328
G773R,0.04918,-0.43776,,Neutral,,,,,mutations_clinvar,,False,116.9,,,,neutral,neutral,neutral,UP,neutral,neutral,neutral,2194813,Uncertain significance,1,54.56,T,-0.1304,2.8387,-8.7975,loss_of_function,-2.73477214551486,0.0720138818110659,Benign,0.2361,benign,https://doi.org/10.1101/2022.10.22.513328
G773S,-0.21428,-1.09048,,Neutral,,,,0.059,"cBioPortal,COSMIC",,False,116.9,,,,neutral,neutral,neutral,UP,neutral,neutral,neutral,,,,54.56,T,-0.026,2.8387,-2.183,loss_of_function,-0.361159096375101,0.000158481525086,Benign,0.0781,benign,https://doi.org/10.1101/2022.10.22.513328
L775F,0.043,0.91463,,Neutral,,,,0.017,COSMIC,,False,89.1,,,,neutral,neutral,neutral,UP,neutral,neutral,neutral,,,,53.83,-,-0.0028,2.7361,-2.9583,loss_of_function,-0.370779065973304,0.0004275827016397,Benign,0.0569,benign,https://doi.org/10.1101/2022.10.22.513328
L775S,0.34791,1.42619,,Neutral,,,,0.112,COSMIC,,False,89.1,,,,neutral,neutral,neutral,DOWN,neutral,neutral,neutral,,,,53.83,-,-0.1152,2.7361,-5.9838,loss_of_function,-1.90677162546205,0.0051765306881382,Benign,0.1321,benign,https://doi.org/10.1101/2022.10.22.513328
L775V,0.63964,1.08946,,Neutral,,,,,mutations_clinvar,,False,89.1,,,,neutral,neutral,neutral,DOWN,neutral,neutral,neutral,1318493,Uncertain significance,1,53.83,-,0.0196,2.7361,-3.0907,gain_of_function,-1.00723753876116,0.002036138582595,Benign,0.0629,benign,https://doi.org/10.1101/2022.10.22.513328
E778D,0.63122,0.23537,,Neutral,,,,,mutations_clinvar,,False,102.2,,,,neutral,neutral,neutral,DOWN,neutral,neutral,neutral,317822,Uncertain significance,1,60.21,S,0.0631,2.6619,-1.758,gain_of_function,-0.221072668034437,0.0066629444684478,Benign,0.113,benign,https://doi.org/10.1101/2022.10.22.513328
S780C,0.3219,1.19218,,Neutral,,,,,mutations_clinvar,,False,52.7,,,,uncertain,,,UP,neutral,neutral,neutral,1319879,Uncertain significance,1,68.01,-,-0.0355,2.3806,-7.2699,loss_of_function,-0.485292915056654,0.8718693368764097,Pathogenic,0.1055,benign,https://doi.org/10.1101/2022.10.22.513328
S780Y,0.22817,0.21803,,Neutral,,,,0.407,cBioPortal,,False,52.7,,,,uncertain,,,UP,neutral,neutral,neutral,,,,68.01,-,-0.1438,2.3806,-22.1426,loss_of_function,-2.77877968495063,0.8070106468372675,Pathogenic,0.2917,benign,https://doi.org/10.1101/2022.10.22.513328
N782S,-0.2314,0.05,,Neutral,,,7.9562723273e-06,0.097,cBioPortal,,False,99.9,,,,neutral,neutral,neutral,DOWN,neutral,neutral,neutral,,,,69.64,T,0.0855,3.066,-2.2161,gain_of_function,-0.0603235230478459,0.000683207996253,Benign,0.0518,benign,https://doi.org/10.1101/2022.10.22.513328
D783G,4.46345,3.90782,,Destabilizing,,,7.9558925318e-06,0.491,cBioPortal,,False,36.5,,,,neutral,neutral,neutral,DOWN,neutral,neutral,neutral,,,,76.29,-,-0.133,1.6124,-6.8517,loss_of_function,-2.26895761452971,0.291202521733186,Benign,0.4052,ambiguous,https://doi.org/10.1101/2022.10.22.513328
D783Y,4.32719,2.08912,,Uncertain,,,,0.639,cBioPortal,,False,36.5,,,,neutral,neutral,neutral,UP,neutral,neutral,neutral,,,,76.29,-,-0.2448,1.6124,-22.1395,loss_of_function,-2.62165507969599,0.3831011889870165,Uncertain,0.4204,ambiguous,https://doi.org/10.1101/2022.10.22.513328
I784S,3.50191,3.00918,,Destabilizing,,,,0.346,COSMIC,,False,22.4,,,,neutral,neutral,neutral,DOWN,neutral,neutral,neutral,,,,80.32,H,-0.3018,1.7885,-22.1488,loss_of_function,-2.68353070790492,0.5803566331511915,Uncertain,0.3594,ambiguous,https://doi.org/10.1101/2022.10.22.513328
S785G,-0.64335,1.33844,,Neutral,,,,0.125,cBioPortal,,True,77.1,,,,uncertain,,,DOWN,neutral,neutral,neutral,,,,82.43,H,-0.0008,2.3968,-8.8609,loss_of_function,-2.81809551242518,0.0016991039301696,Benign,0.0867,benign,https://doi.org/10.1101/2022.10.22.513328
S785N,-1.00982,0.0034,,Neutral,,,,0.054,"cBioPortal,COSMIC",,True,77.1,,,,uncertain,,,UP,neutral,neutral,neutral,,,,82.43,H,-0.0089,2.3968,-7.861,loss_of_function,-1.71621977651665,0.0040784417666229,Benign,0.2139,benign,https://doi.org/10.1101/2022.10.22.513328
S786F,-1.0444,-1.48707,,Neutral,,,,,mutations_clinvar,,True,23.1,,,,uncertain,,,UP,neutral,neutral,neutral,929560,Uncertain significance,0,83.63,H,-0.2222,1.4766,-22.1488,loss_of_function,-3.62872566556249,0.8866743636932641,Pathogenic,0.7634,pathogenic,https://doi.org/10.1101/2022.10.22.513328
S786T,0.01209,-0.55476,,Neutral,,,,0.193,cBioPortal,,True,23.1,,,,neutral,,,UP,neutral,neutral,neutral,,,,83.63,H,-0.0538,1.4766,-6.2761,loss_of_function,-1.54011228017806,0.0543011168318494,Benign,0.2136,benign,https://doi.org/10.1101/2022.10.22.513328
K787E,0.91009,0.27109,,Neutral,,,,0.411,cBioPortal,,True,27.0,,,,neutral,neutral,neutral,DOWN,neutral,neutral,neutral,,,,85.0,H,-0.2385,0.4415,-8.8609,loss_of_function,-3.94779047271991,0.6038206500535334,Uncertain,0.8568,pathogenic,https://doi.org/10.1101/2022.10.22.513328
L788V,2.27666,1.99592,,Uncertain,,,,0.212,cBioPortal,,True,7.6,,,,neutral,neutral,neutral,DOWN,neutral,neutral,neutral,,,,86.2,H,-0.218,0.4739,-8.8609,loss_of_function,-2.54617791502444,0.7679802571239065,Pathogenic,0.1958,benign,https://doi.org/10.1101/2022.10.22.513328
L790F,-0.14977,0.57993,,Neutral,,,,0.285,cBioPortal,,True,68.4,,,,neutral,neutral,neutral,UP,neutral,neutral,mixed_effects,,,,86.9,H,-0.3104,0.4575,-22.1488,loss_of_function,-5.40082946156823,0.9181365421207894,Pathogenic,0.5557,ambiguous,https://doi.org/10.1101/2022.10.22.513328
L790P,3.57351,8.43878,,Destabilizing,,,,,mutations_clinvar,,True,68.4,,,,neutral,neutral,neutral,DOWN,neutral,neutral,neutral,2177279,Uncertain significance,1,86.9,H,-0.4603,0.4575,-22.1488,loss_of_function,-5.88958356681621,0.9535603629136746,Pathogenic,0.9937,pathogenic,https://doi.org/10.1101/2022.10.22.513328
L790V,0.57883,0.41803,,Neutral,,,,0.257,cBioPortal,,True,68.4,,,,neutral,neutral,neutral,DOWN,neutral,neutral,neutral,,,,86.9,H,-0.2114,0.4575,-7.2761,loss_of_function,-2.25456519353918,0.2016131320309452,Benign,0.1936,benign,https://doi.org/10.1101/2022.10.22.513328
L791F,5.97557,0.87313,,Uncertain,,,,0.547,cBioPortal,,True,3.6,,,,neutral,neutral,neutral,UP,neutral,neutral,mixed_effects,,,,87.66,H,-0.2806,0.0445,-8.8578,loss_of_function,-6.7508923379766,0.919424527522762,Pathogenic,0.8886,pathogenic,https://doi.org/10.1101/2022.10.22.513328
L793I,0.17714,-0.02585,,Neutral,,,,0.174,cBioPortal,,False,81.8,,,,neutral,neutral,neutral,-,uncertain,uncertain,uncertain,,,,88.03,H,-0.105,0.99,-3.1332,loss_of_function,-1.42797803928113,0.0146144077741307,Benign,0.1039,benign,https://doi.org/10.1101/2022.10.22.513328
L793V,0.74498,0.31463,,Neutral,,,,,mutations_clinvar,,False,81.8,,,,neutral,neutral,neutral,DOWN,neutral,neutral,neutral,2067544,Uncertain significance,1,88.03,H,-0.1624,0.99,-7.2761,loss_of_function,-2.27149866285388,0.3047339812214949,Benign,0.132,benign,https://doi.org/10.1101/2022.10.22.513328
H794L,-0.90513,-0.72347,,Neutral,,,,,cBioPortal,,False,56.3,,,,neutral,neutral,neutral,UP,neutral,neutral,stabilizing,,,,87.42,H,-0.2112,1.4689,-22.1488,loss_of_function,-5.57764148814135,0.9461456795927664,Pathogenic,0.5171,ambiguous,https://doi.org/10.1101/2022.10.22.513328
F795C,3.62988,3.41156,,Destabilizing,,,,0.597,COSMIC,,False,13.1,,,,neutral,neutral,neutral,DOWN,neutral,neutral,neutral,,,,89.73,-,-0.4092,0.0844,-22.1488,loss_of_function,-6.12558625367743,0.9769309412316856,Pathogenic,0.8658,pathogenic,https://doi.org/10.1101/2022.10.22.513328
F795V,2.98099,1.96973,,Uncertain,,,,0.566,"cBioPortal,COSMIC",,False,13.1,,,,neutral,neutral,neutral,DOWN,neutral,neutral,neutral,,,,89.73,-,-0.3793,0.0844,-22.1488,loss_of_function,-6.49234698012639,0.7458399251042738,Pathogenic,0.9173,pathogenic,https://doi.org/10.1101/2022.10.22.513328
P796L,1.52342,1.5983,,Neutral,,,,0.601,"cBioPortal,COSMIC,mutations_clinvar",,True,76.0,,,,neutral,neutral,neutral,UP,neutral,neutral,mixed_effects,1429636,Uncertain significance,1,87.97,T,-0.3588,0.1861,-22.1488,loss_of_function,-6.68008452210893,0.951224834820771,Pathogenic,0.6602,pathogenic,https://doi.org/10.1101/2022.10.22.513328
R797I,0.12625,0.13197,,Neutral,,,,0.173,"cBioPortal,COSMIC",,True,71.1,,,,neutral,neutral,neutral,DOWN,neutral,neutral,neutral,,,,87.84,T,-0.2794,1.7322,-22.1457,loss_of_function,-3.90031818875023,0.7607028488546601,Pathogenic,0.3243,benign,https://doi.org/10.1101/2022.10.22.513328
R797K,-0.79415,0.36565,,Neutral,,3.1849162367e-05,,0.111,"cBioPortal,COSMIC",,True,71.1,,,,neutral,neutral,neutral,-,uncertain,uncertain,uncertain,,,,87.84,T,-0.035,1.7322,-1.5181,loss_of_function,-0.0864086031188052,0.0004094821734529,Benign,0.077,benign,https://doi.org/10.1101/2022.10.22.513328
L798V,2.32077,1.65374,,Uncertain,,6.36983247341e-05,1.59164703635e-05,0.286,"cBioPortal,COSMIC,mutations_clinvar",,True,0.4,,,,neutral,neutral,neutral,DOWN,neutral,neutral,neutral,1692884,Uncertain significance,1,91.83,-,-0.2001,0.4177,-4.3375,loss_of_function,-2.41683259683609,0.1370111078003069,Benign,0.21,benign,https://doi.org/10.1101/2022.10.22.513328
R799Q,0.54729,0.31122,,Neutral,,6.37226789014e-05,3.9797510268e-06,0.472,"cBioPortal,COSMIC",,True,76.3,,,,neutral,neutral,neutral,DOWN,neutral,neutral,neutral,,,,92.63,E,-0.2309,0.8729,-7.8548,loss_of_function,-3.39744346280038,0.2915180500050569,Benign,0.2217,benign,https://doi.org/10.1101/2022.10.22.513328
R799W,-0.51376,-0.57211,,Neutral,,0.0001274291175534,0.0004814732284968,0.510,"cBioPortal,COSMIC,ERCC4_icope_sentieon_input,mutations_clinvar",,True,76.3,,,,neutral,neutral,neutral,UP,neutral,neutral,neutral,16580,Conflicting interpretations of pathogenicity,1,92.63,E,-0.3468,0.8729,-22.1426,loss_of_function,-5.00070115521847,0.9711115808546248,Pathogenic,0.5423,ambiguous,https://doi.org/10.1101/2022.10.22.513328
L801I,0.27169,1.36871,,Neutral,,,,0.164,"cBioPortal,COSMIC",,False,26.3,,,,neutral,neutral,neutral,-,uncertain,uncertain,uncertain,,,,92.77,E,-0.0419,1.5693,-1.2141,loss_of_function,-0.748693265160518,0.0178079362874723,Benign,0.1168,benign,https://doi.org/10.1101/2022.10.22.513328
C803F,2.50337,4.25306,,Uncertain,,,,0.586,cBioPortal,,True,3.1,,,,neutral,neutral,neutral,UP,neutral,neutral,neutral,,,,90.93,E,-0.3923,1.0181,-22.1457,loss_of_function,-6.25267819278185,0.9643724931900968,Pathogenic,0.8995,pathogenic,https://doi.org/10.1101/2022.10.22.513328
P804H,2.23781,0.91939,,Uncertain,,,,0.336,"cBioPortal,COSMIC",,True,47.9,,,,neutral,neutral,neutral,UP,neutral,neutral,neutral,,,,89.45,S,-0.1354,1.6129,-6.0506,loss_of_function,-2.76422168315329,0.0555093131331048,Benign,0.2004,benign,https://doi.org/10.1101/2022.10.22.513328
P804S,1.54848,0.83503,,Neutral,,,,0.239,"cBioPortal,COSMIC",,True,47.9,,,,neutral,neutral,neutral,DOWN,neutral,neutral,neutral,,,,89.45,S,-0.073,1.6129,-1.4657,loss_of_function,-1.93552853830637,0.0098576536932646,Benign,0.1182,benign,https://doi.org/10.1101/2022.10.22.513328
S805F,3.94036,3.33571,,Destabilizing,,,,0.509,COSMIC,,True,22.3,,,,uncertain,,,UP,neutral,neutral,neutral,,,,88.24,S,-0.3155,0.4627,-22.1457,loss_of_function,-6.24916788016544,0.9674085154632076,Pathogenic,0.7588,pathogenic,https://doi.org/10.1101/2022.10.22.513328
P806S,2.97923,1.26701,,Uncertain,,,,0.435,"cBioPortal,COSMIC",,True,10.2,,,,neutral,neutral,neutral,DOWN,neutral,neutral,neutral,,,,88.38,H,-0.208,0.444,-6.858,loss_of_function,-3.63530148837515,0.2223002396391069,Benign,0.5462,ambiguous,https://doi.org/10.1101/2022.10.22.513328
H807D,-1.01514,0.62619,,Neutral,,,,0.263,COSMIC,,True,70.0,,,,neutral,neutral,neutral,DOWN,neutral,neutral,neutral,,,,89.24,H,-0.1965,1.6002,-22.1457,loss_of_function,-3.39574833982034,0.4349795820189688,Uncertain,0.4312,ambiguous,https://doi.org/10.1101/2022.10.22.513328
H807R,0.43337,0.53231,,Neutral,,,,0.289,cBioPortal,,True,70.0,,,,neutral,neutral,neutral,UP,neutral,neutral,neutral,,,,89.24,H,-0.1128,1.6002,-7.8579,loss_of_function,-3.00652325223766,0.1728960692056772,Benign,0.1742,benign,https://doi.org/10.1101/2022.10.22.513328
A808G,1.18949,1.49762,,Neutral,,,,,mutations_clinvar,,True,36.4,,,,neutral,neutral,neutral,DOWN,neutral,neutral,neutral,655804,Conflicting interpretations of pathogenicity,1,90.59,H,-0.128,1.4418,-7.8579,loss_of_function,-3.67692613386683,0.2853957837969781,Benign,0.1916,benign,https://doi.org/10.1101/2022.10.22.513328
T809M,3.65112,1.8119,,Uncertain,,,7.9606425831e-06,0.478,"cBioPortal,COSMIC",,True,0.0,,,,uncertain,,,UP,neutral,neutral,neutral,,,,92.11,H,-0.3298,0.4053,-22.1457,loss_of_function,-6.57057977851404,0.927913439368662,Pathogenic,0.5184,ambiguous,https://doi.org/10.1101/2022.10.22.513328
A810V,1.41997,1.31429,,Neutral,,,,0.344,"cBioPortal,COSMIC",,True,0.7,,,,neutral,neutral,neutral,UP,neutral,neutral,neutral,,,,89.93,H,-0.1449,0.7665,-4.0506,loss_of_function,-2.91498106499311,0.0597027128240232,Benign,0.4234,ambiguous,https://doi.org/10.1101/2022.10.22.513328
E811D,0.66793,0.64286,,Neutral,,,,0.099,cBioPortal,,True,61.1,,,,neutral,neutral,neutral,DOWN,neutral,neutral,neutral,,,,90.47,H,-0.0588,1.4357,-3.5361,loss_of_function,-0.824750457821487,0.0384426353528879,Benign,0.2055,benign,https://doi.org/10.1101/2022.10.22.513328
L812F,0.77097,0.35136,,Neutral,,,,0.282,cBioPortal,,True,30.4,,,,neutral,neutral,neutral,UP,neutral,neutral,neutral,,,,91.36,H,-0.2386,1.2373,-22.1457,loss_of_function,-4.68240578324615,0.7085262213970503,Pathogenic,0.2595,benign,https://doi.org/10.1101/2022.10.22.513328
E815V,0.06251,-0.14932,,Neutral,,,,0.261,"cBioPortal,COSMIC",,True,64.1,,,,neutral,neutral,neutral,-,uncertain,uncertain,uncertain,,,,89.24,H,-0.0719,2.0163,-7.2667,loss_of_function,-2.90766141117572,0.5704009110977712,Uncertain,0.2024,benign,https://doi.org/10.1101/2022.10.22.513328
L816P,5.53914,10.37483,,Destabilizing,,,,0.656,cBioPortal,,True,28.4,,,,neutral,neutral,neutral,DOWN,neutral,neutral,neutral,,,,88.72,H,-0.4661,0.3947,-22.1395,loss_of_function,-6.6682051101404,0.969195054023192,Pathogenic,0.9892,pathogenic,https://doi.org/10.1101/2022.10.22.513328
K817Q,1.24358,-1.10918,,Neutral,,,,,mutations_clinvar,,True,0.5,,,,neutral,neutral,neutral,DOWN,neutral,neutral,neutral,2048778,Uncertain significance,1,86.32,H,-0.3175,0.0403,-22.1395,loss_of_function,-6.74315326643266,0.9859607108227184,Pathogenic,0.7206,pathogenic,https://doi.org/10.1101/2022.10.22.513328
Q818E,0.90088,0.72721,,Neutral,,,,,mutations_clinvar,,True,72.4,,,,neutral,neutral,neutral,DOWN,neutral,neutral,neutral,1487174,Uncertain significance,1,83.89,T,0.0687,3.0711,-4.3892,gain_of_function,-1.10714851549423,0.0055064773798041,Benign,0.0852,benign,https://doi.org/10.1101/2022.10.22.513328
S819G,-0.32545,0.07041,,Neutral,,,,0.219,"cBioPortal,COSMIC",,True,109.8,,,,uncertain,,,DOWN,neutral,neutral,neutral,,,,78.74,T,0.0381,2.4112,-1.4879,gain_of_function,-0.292718209190267,3.3166799975814064e-08,Benign,0.0578,benign,https://doi.org/10.1101/2022.10.22.513328
K820E,2.18465,1.23912,,Uncertain,,,,0.040,"cBioPortal,COSMIC",,True,29.9,,,,neutral,neutral,neutral,DOWN,neutral,neutral,neutral,,,,84.77,S,0.0051,2.7597,-2.9179,gain_of_function,-1.28564843508286,0.0001398194541178,Benign,0.169,benign,https://doi.org/10.1101/2022.10.22.513328
K820R,0.11218,0.40306,,Neutral,,,3.9800995025e-06,0.139,COSMIC,,True,29.9,,,,neutral,neutral,neutral,-,uncertain,uncertain,uncertain,,,,84.77,S,0.1026,2.7597,-1.7091,gain_of_function,-0.102418058906295,7.135342280074565e-07,Benign,0.0648,benign,https://doi.org/10.1101/2022.10.22.513328
P821S,1.27797,1.05238,,Neutral,,,,0.119,"cBioPortal,COSMIC",,True,73.5,,,,neutral,neutral,neutral,DOWN,neutral,neutral,neutral,,,,85.99,-,0.0012,2.6441,-5.5267,gain_of_function,-0.877906471440139,0.0163813276628106,Benign,0.0845,benign,https://doi.org/10.1101/2022.10.22.513328
D824N,2.87524,0.34388,,Uncertain,,,,0.256,"cBioPortal,COSMIC",,False,83.9,,,,neutral,neutral,neutral,-,uncertain,uncertain,uncertain,,,,82.04,-,-0.1182,1.0939,-3.3251,loss_of_function,-0.526576106415461,0.0057893329278788,Benign,0.0712,benign,https://doi.org/10.1101/2022.10.22.513328
A825G,1.46883,1.43435,,Neutral,,,3.18458660085e-05,0.182,cBioPortal,,False,15.9,,,,neutral,neutral,neutral,DOWN,neutral,neutral,neutral,,,,75.7,H,-0.0345,2.3465,-5.8486,loss_of_function,-1.76882888204309,0.0382942084724728,Benign,0.1324,benign,https://doi.org/10.1101/2022.10.22.513328
A825V,0.26252,1.02619,,Neutral,,3.18532203606e-05,3.9807332511e-06,0.055,"cBioPortal,COSMIC,mutations_clinvar",,False,15.9,,,,neutral,neutral,neutral,UP,neutral,neutral,neutral,852153,Uncertain significance,1,75.7,H,0.0019,2.3465,-3.7612,gain_of_function,-0.432199965475145,0.0092507199722258,Benign,0.082,benign,https://doi.org/10.1101/2022.10.22.513328
A826V,0.44273,-0.00544,,Neutral,,,1.59212851661e-05,0.066,"cBioPortal,COSMIC,mutations_clinvar",,False,97.2,,,,neutral,neutral,neutral,UP,neutral,neutral,neutral,134136,Uncertain significance,1,74.15,H,0.0697,3.1256,-4.5267,gain_of_function,-0.836824347223767,0.0018011102267382,Benign,0.0839,benign,https://doi.org/10.1101/2022.10.22.513328
T827A,-0.20436,0.22245,,Neutral,,,,0.090,"cBioPortal,COSMIC",,False,65.6,,,,uncertain,,,DOWN,neutral,neutral,neutral,,,,72.19,H,0.0549,2.9836,-2.0284,gain_of_function,-0.126724288508081,3.061091361921322e-05,Benign,0.0504,benign,https://doi.org/10.1101/2022.10.22.513328
T827K,-1.0758,0.38027,,Neutral,,,,,mutations_clinvar,,False,65.6,,,,uncertain,,,UP,neutral,neutral,neutral,1710946,Uncertain significance,2,72.19,H,-0.0308,2.9836,-2.5267,loss_of_function,-0.348791258883676,0.0004818461732611,Benign,0.1077,benign,https://doi.org/10.1101/2022.10.22.513328
T827S,-0.19381,0.64286,,Neutral,,,,0.161,COSMIC,,False,65.6,,,,neutral,,,DOWN,neutral,neutral,neutral,,,,72.19,H,0.0563,2.9836,-8.8485,gain_of_function,-1.63070788502627,0.1174557901026472,Benign,0.0915,benign,https://doi.org/10.1101/2022.10.22.513328
L829M,-0.32592,0.88095,,Neutral,,,,0.071,cBioPortal,,False,59.8,,,,neutral,neutral,neutral,-,uncertain,uncertain,uncertain,,,,68.59,H,0.0322,2.6877,-2.2969,gain_of_function,-0.0864959088690547,7.314935787081975e-07,Benign,0.0447,benign,https://doi.org/10.1101/2022.10.22.513328
A830T,0.09946,0.16395,,Neutral,,,,0.218,cBioPortal,,False,63.5,,,,neutral,neutral,neutral,UP,neutral,neutral,neutral,,,,61.48,H,0.018,2.6081,-4.7517,gain_of_function,-1.14746346361816,0.0070065984134858,Benign,0.1028,benign,https://doi.org/10.1101/2022.10.22.513328
I831V,0.47212,0.58333,,Neutral,,,,,mutations_clinvar,,False,37.2,,,,neutral,neutral,neutral,DOWN,neutral,neutral,neutral,2104470,Uncertain significance,1,63.24,H,0.0259,2.0944,-1.6997,gain_of_function,-0.0622977117731021,1.8087588123348583e-05,Benign,0.0521,benign,https://doi.org/10.1101/2022.10.22.513328
T832I,-0.65769,1.62313,,Neutral,,,,0.271,"cBioPortal,COSMIC",,False,26.2,,,,uncertain,,,UP,neutral,neutral,stabilizing,,,,56.56,H,-0.1868,1.7528,-22.1269,loss_of_function,-5.86755912543047,0.4664837932369885,Uncertain,0.3901,ambiguous,https://doi.org/10.1101/2022.10.22.513328
A833T,0.1145,-0.60306,,Neutral,,,,0.180,COSMIC,,False,82.8,,,,neutral,neutral,neutral,UP,neutral,neutral,stabilizing,,,,50.02,H,0.0241,2.6851,-4.9323,gain_of_function,-1.25425587596161,0.0055497665489272,Benign,0.0922,benign,https://doi.org/10.1101/2022.10.22.513328
D834A,0.53733,1.16224,,Neutral,,,,0.316,COSMIC,,False,69.1,,,,neutral,neutral,neutral,DOWN,neutral,neutral,neutral,,,,45.85,-,-0.0891,1.9216,-6.0255,loss_of_function,-2.46528897979716,0.0168337007892386,Benign,0.1564,benign,https://doi.org/10.1101/2022.10.22.513328
D834Y,-0.12479,0.88197,,Neutral,,,,,mutations_clinvar,,False,69.1,,,,neutral,neutral,neutral,UP,neutral,neutral,stabilizing,317823,Uncertain significance,2,45.85,-,-0.2163,1.9216,-22.1206,loss_of_function,-3.76389164420427,0.7815180567999709,Pathogenic,0.26,benign,https://doi.org/10.1101/2022.10.22.513328
S835Y,0.59759,-0.26122,,Neutral,,,,,mutations_clinvar,,True,90.3,,,,uncertain,,,UP,neutral,neutral,stabilizing,2388828,Uncertain significance,1,47.7,T,-0.0838,3.0307,-22.1079,loss_of_function,-3.62655855164142,0.7902367916490749,Pathogenic,0.1718,benign,https://doi.org/10.1101/2022.10.22.513328
E836K,0.06172,0.35816,,Neutral,,3.18390219052e-05,3.9789275994e-06,0.257,"cBioPortal,COSMIC,mutations_clinvar",,True,104.0,,,,neutral,neutral,neutral,UP,neutral,neutral,mixed_effects,1984750,Uncertain significance,1,44.72,T,-0.0148,2.8199,-8.8359,loss_of_function,-2.074298921069,0.1235181510376912,Benign,0.1295,benign,https://doi.org/10.1101/2022.10.22.513328
T837I,-0.37211,-0.04592,,Neutral,,,,0.102,cBioPortal,,True,90.3,,,,uncertain,,,UP,neutral,neutral,stabilizing,,,,44.47,S,0.0635,3.4859,-4.3219,gain_of_function,-0.0807065333861836,0.0025413243105768,Benign,0.0755,benign,https://doi.org/10.1101/2022.10.22.513328
L838R,-0.02426,4.95612,,Uncertain,,,,0.159,cBioPortal,,True,24.6,,,,neutral,neutral,neutral,UP,neutral,neutral,neutral,,,,46.12,S,-0.0892,3.4956,-4.821,loss_of_function,-1.79854022364667,0.0392115075204001,Benign,0.1434,benign,https://doi.org/10.1101/2022.10.22.513328
P839L,1.13916,1.53163,,Neutral,,,,0.159,"cBioPortal,COSMIC",,True,71.9,,,,neutral,neutral,neutral,UP,neutral,neutral,stabilizing,,,,48.02,-,0.0152,3.2829,-4.7004,gain_of_function,-1.23478218013808,0.012068076075695,Benign,0.0823,benign,https://doi.org/10.1101/2022.10.22.513328
E840A,0.38989,0.58707,,Neutral,,,,,mutations_clinvar,,True,84.6,,,,neutral,neutral,neutral,DOWN,neutral,neutral,neutral,317824,Uncertain significance,1,48.33,G,0.0198,2.707,-4.3415,gain_of_function,-1.68952556031859,0.0192756783172734,Benign,0.1032,benign,https://doi.org/10.1101/2022.10.22.513328
E840K,-0.24908,1.55884,,Neutral,,,1.98921052213e-05,0.203,"cBioPortal,COSMIC",,True,84.6,,,,neutral,neutral,neutral,UP,neutral,neutral,stabilizing,,,,48.33,G,-0.0033,2.707,-4.553,loss_of_function,-1.88143931196026,0.0083049947081077,Benign,0.1336,benign,https://doi.org/10.1101/2022.10.22.513328
S841A,-0.35894,-0.01497,,Neutral,,,,0.093,cBioPortal,,True,65.3,,,,uncertain,,,-,uncertain,uncertain,uncertain,,,,50.45,G,0.1123,3.2136,-3.2224,gain_of_function,-0.0896513679787966,0.0047156764269828,Benign,0.0661,benign,https://doi.org/10.1101/2022.10.22.513328
S841L,-0.81028,-0.29728,,Neutral,,3.1847133758e-05,3.978167815e-06,0.168,cBioPortal,,True,65.3,,,,uncertain,,,UP,neutral,neutral,stabilizing,,,,50.45,G,0.0195,3.2136,-6.2224,gain_of_function,-1.06003301590375,0.1518929247798874,Benign,0.0885,benign,https://doi.org/10.1101/2022.10.22.513328
E842K,-0.39955,0.78776,,Neutral,,,,0.098,cBioPortal,,False,44.8,,,,neutral,neutral,neutral,UP,neutral,neutral,neutral,,,,53.26,G,0.0228,3.0406,-5.4529,gain_of_function,-1.72972234241099,0.0163813276628106,Benign,0.1604,benign,https://doi.org/10.1101/2022.10.22.513328
Y844C,1.90963,2.55544,,Uncertain,,,,0.479,"cBioPortal,COSMIC",,False,36.7,,,,uncertain,,,DOWN,neutral,neutral,neutral,,,,59.15,S,-0.1885,1.7472,-7.8391,loss_of_function,-3.87915828781496,0.1646310898409991,Benign,0.2695,benign,https://doi.org/10.1101/2022.10.22.513328
N845S,0.86207,0.89558,,Neutral,,,,,mutations_clinvar,,False,94.8,,,,neutral,neutral,neutral,DOWN,neutral,neutral,neutral,855385,Uncertain significance,2,62.9,-,-0.156,0.5517,-4.1953,loss_of_function,-1.04572714351032,0.0028980199975552,Benign,0.0568,benign,https://doi.org/10.1101/2022.10.22.513328
P846L,0.76241,0.62483,,Neutral,,,7.9553861942e-06,0.163,cBioPortal,,False,62.7,,,,neutral,neutral,neutral,UP,neutral,neutral,stabilizing,,,,63.29,H,0.0077,3.1741,-4.1953,gain_of_function,-1.5160765986763,0.0782097964496229,Benign,0.1093,benign,https://doi.org/10.1101/2022.10.22.513328
P846S,1.21272,1.13163,,Neutral,,,,0.206,"cBioPortal,COSMIC",,False,62.7,,,,neutral,neutral,neutral,DOWN,neutral,neutral,neutral,,,,63.29,H,0.0596,3.1741,-3.6298,gain_of_function,-0.536824115498271,0.0228497886335509,Benign,0.1415,benign,https://doi.org/10.1101/2022.10.22.513328
G847C,0.1423,1.22585,,Neutral,,,,,mutations_clinvar,,False,111.3,,,,neutral,neutral,neutral,UP,neutral,neutral,stabilizing,2415203,Uncertain significance,1,72.41,H,-0.0845,3.1573,-8.8328,loss_of_function,-2.69932974722096,0.5070269771611058,Uncertain,0.2347,benign,https://doi.org/10.1101/2022.10.22.513328
P848L,0.86247,-3.40612,,Uncertain,,,,0.345,"cBioPortal,COSMIC",,False,46.7,,,,neutral,neutral,neutral,UP,neutral,neutral,stabilizing,,,,72.6,H,-0.1241,1.9439,-7.836,loss_of_function,-2.52940479929308,0.0546184689246984,Benign,0.2656,benign,https://doi.org/10.1101/2022.10.22.513328
P848S,1.95974,-1.93537,,Neutral,,,,0.168,"cBioPortal,COSMIC",,False,46.7,,,,neutral,neutral,neutral,DOWN,neutral,neutral,neutral,,,,72.6,H,-0.0581,1.9439,-4.5141,loss_of_function,-0.945482661193796,0.0343897171084388,Benign,0.2995,benign,https://doi.org/10.1101/2022.10.22.513328
Q849E,-0.04308,1.14524,,Neutral,,9.55474871011e-05,8.75050713166e-05,0.132,"cBioPortal,mutations_clinvar",,False,41.2,,,,neutral,neutral,neutral,DOWN,neutral,neutral,neutral,134137,Conflicting interpretations of pathogenicity,1,74.28,H,0.0038,2.3263,-3.6661,gain_of_function,-0.49387462263799,0.0128238098806801,Benign,0.1122,benign,https://doi.org/10.1101/2022.10.22.513328
Q849L,-1.30584,-0.70816,,Neutral,,,,,"ERCC4_icope_sentieon_input,mutations_clinvar",,False,41.2,,,,neutral,neutral,neutral,UP,neutral,neutral,stabilizing,943396,Uncertain significance,1,74.28,H,-0.0313,2.3263,-7.836,loss_of_function,-2.08003894673601,0.0272386167421163,Benign,0.1791,benign,https://doi.org/10.1101/2022.10.22.513328
D850H,-0.24255,0.62585,,Neutral,,,,0.495,"cBioPortal,COSMIC",,False,66.9,,,,neutral,neutral,neutral,UP,neutral,neutral,mixed_effects,,,,73.76,H,-0.2707,0.943,-22.1332,loss_of_function,-4.42892773484682,0.7379223185911548,Pathogenic,0.9091,pathogenic,https://doi.org/10.1101/2022.10.22.513328
D850V,-0.26776,0.30306,,Neutral,,,,0.626,cBioPortal,,False,66.9,,,,neutral,neutral,neutral,UP,neutral,neutral,mixed_effects,,,,73.76,H,-0.3084,0.943,-22.1332,loss_of_function,-5.55190799581447,0.9201425656794504,Pathogenic,0.7792,pathogenic,https://doi.org/10.1101/2022.10.22.513328
F851L,-0.34735,-0.37279,,Neutral,,,,0.132,"cBioPortal,COSMIC",,False,62.8,,,,neutral,neutral,neutral,DOWN,neutral,neutral,neutral,,,,78.6,H,-0.0965,1.7422,-2.9386,loss_of_function,-0.682410988871593,0.0030502465846207,Benign,0.7481,pathogenic,https://doi.org/10.1101/2022.10.22.513328
F851V,1.03967,-0.14694,,Neutral,,0.0003504524021919,1.19318452996e-05,0.217,COSMIC,,False,62.8,,,,neutral,neutral,neutral,DOWN,neutral,neutral,neutral,,,,78.6,H,-0.1362,1.7422,-4.3861,loss_of_function,-0.568015045222911,0.0542568292389303,Benign,0.2422,benign,https://doi.org/10.1101/2022.10.22.513328
L852F,-0.45497,-0.26599,,Neutral,,,3.9773766814e-06,0.342,cBioPortal,,False,7.5,,,,neutral,neutral,neutral,UP,neutral,neutral,stabilizing,,,,80.59,H,-0.2572,1.0353,-22.1332,loss_of_function,-5.62596959569426,0.943361557447479,Pathogenic,0.3959,ambiguous,https://doi.org/10.1101/2022.10.22.513328
K854R,0.06738,0.37721,,Neutral,,,,,mutations_clinvar,,False,75.0,,,,neutral,neutral,neutral,-,uncertain,uncertain,uncertain,2247676,Uncertain significance,1,82.4,T,0.0674,2.454,-3.0906,gain_of_function,-0.11804335731737,0.000132720777605,Benign,0.0763,benign,https://doi.org/10.1101/2022.10.22.513328
M855I,0.72615,0.8602,,Neutral,,,,0.229,cBioPortal,,False,7.6,,,,neutral,neutral,neutral,-,uncertain,uncertain,uncertain,,,,83.41,S,-0.0638,1.7605,-3.9875,loss_of_function,-0.402358177432426,0.0307333653071248,Benign,0.6233,pathogenic,https://doi.org/10.1101/2022.10.22.513328
P856S,2.89476,1.89694,,Uncertain,,,,0.594,"cBioPortal,COSMIC",,False,45.5,,,,neutral,neutral,neutral,DOWN,neutral,neutral,neutral,,,,82.11,T,-0.3268,0.0001,-22.1332,loss_of_function,-6.10847552369526,0.987194392693999,Pathogenic,0.8155,pathogenic,https://doi.org/10.1101/2022.10.22.513328
N859Y,0.06376,1.22789,,Neutral,,,,,mutations_clinvar,,False,57.7,,,,neutral,neutral,neutral,UP,neutral,neutral,stabilizing,945531,Uncertain significance,1,79.98,-,-0.1348,1.7537,-7.8423,loss_of_function,-2.5200333317329,0.6916602215144005,Pathogenic,0.3258,benign,https://doi.org/10.1101/2022.10.22.513328
A860D,-0.02186,-0.17143,,Neutral,,0.0019754030459441,0.0006920360176907,0.218,"cBioPortal,mutations_clinvar",,False,91.2,,,,neutral,neutral,neutral,UP,neutral,neutral,stabilizing,134138,Conflicting interpretations of pathogenicity,1,76.55,T,-0.0548,3.0351,-4.9355,loss_of_function,-1.59017185610818,0.0187119569399048,Benign,0.3792,ambiguous,https://doi.org/10.1101/2022.10.22.513328
C863S,1.54639,0.97279,,Neutral,,,,,mutations_clinvar,,False,3.7,,,,neutral,neutral,neutral,DOWN,neutral,neutral,neutral,856803,Uncertain significance,1,78.82,H,-0.1442,2.8134,-6.5173,loss_of_function,-1.66228165220722,0.1387783902414547,Benign,0.2154,benign,https://doi.org/10.1101/2022.10.22.513328
R864C,0.23866,0.95306,,Neutral,,,1.19320351279e-05,0.116,"cBioPortal,COSMIC,mutations_clinvar",,False,78.0,,,,neutral,neutral,neutral,DOWN,neutral,neutral,neutral,134139,Uncertain significance,1,76.95,H,-0.0589,3.057,-6.8423,loss_of_function,-0.550688078890002,0.2521719521070568,Benign,0.0866,benign,https://doi.org/10.1101/2022.10.22.513328
R864H,0.92996,0.59558,,Neutral,,,,,mutations_clinvar,,False,78.0,,,,neutral,neutral,neutral,DOWN,neutral,neutral,neutral,541245,Uncertain significance,1,76.95,H,-0.0016,3.057,-3.2878,loss_of_function,-0.404931789962491,0.0008186640929914,Benign,0.0687,benign,https://doi.org/10.1101/2022.10.22.513328
R864L,0.20366,-1.22143,,Neutral,,,,0.182,cBioPortal,,False,78.0,,,,neutral,neutral,neutral,DOWN,neutral,neutral,neutral,,,,76.95,H,-0.0483,3.057,-6.035,loss_of_function,-1.06666806321024,0.0594759796368459,Benign,0.125,benign,https://doi.org/10.1101/2022.10.22.513328
R864S,0.59201,0.61429,,Neutral,,,,0.150,"cBioPortal,COSMIC",,False,78.0,,,,neutral,neutral,neutral,DOWN,neutral,neutral,neutral,,,,76.95,H,-0.0413,3.057,-5.035,loss_of_function,-0.67464009468283,0.0198931845960753,Benign,0.1997,benign,https://doi.org/10.1101/2022.10.22.513328
S865F,-0.33863,-0.00646,,Neutral,,,,,mutations_clinvar,,False,49.9,,,,uncertain,,,UP,neutral,neutral,neutral,1710936,Uncertain significance,1,80.86,H,0.0516,3.5478,-5.8423,gain_of_function,-1.01929263992943,0.0031785744154223,Benign,0.0867,benign,https://doi.org/10.1101/2022.10.22.513328
L866F,3.31564,0.42959,,Uncertain,,,,0.243,cBioPortal,,False,1.3,,,,neutral,neutral,neutral,UP,neutral,neutral,neutral,,,,81.28,H,-0.1143,1.6396,-5.035,loss_of_function,-2.82122817958044,0.0916117537376743,Benign,0.2787,benign,https://doi.org/10.1101/2022.10.22.513328
L866M,0.11038,0.7915,,Neutral,,,,0.231,cBioPortal,,False,1.3,,,,neutral,neutral,neutral,-,uncertain,uncertain,uncertain,,,,81.28,H,-0.0977,1.6396,-8.8422,loss_of_function,-1.79934924777478,0.2607040334556527,Benign,0.1654,benign,https://doi.org/10.1101/2022.10.22.513328
M867I,1.16194,1.37381,,Neutral,,,,0.105,cBioPortal,,False,8.9,,,,neutral,neutral,neutral,-,uncertain,uncertain,uncertain,,,,79.39,H,-0.0167,2.2171,-2.9844,loss_of_function,-0.684651806191308,0.0036536458891083,Benign,0.4939,ambiguous,https://doi.org/10.1101/2022.10.22.513328
H868P,1.93574,8.06735,,Uncertain,,,,,mutations_clinvar,,False,63.4,,,,neutral,neutral,neutral,DOWN,neutral,neutral,neutral,645946,Uncertain significance,2,81.3,H,-0.1621,3.2345,-22.1301,loss_of_function,-2.52694008237471,0.0168576017190316,Benign,0.1833,benign,https://doi.org/10.1101/2022.10.22.513328
H868R,-0.14376,0.43878,,Neutral,,,,,mutations_clinvar,,False,63.4,,,,neutral,neutral,neutral,UP,neutral,neutral,stabilizing,646565,Uncertain significance,1,81.3,H,0.0634,3.2345,-2.798,gain_of_function,-0.261476663420089,1.0347213814255512e-06,Benign,0.0682,benign,https://doi.org/10.1101/2022.10.22.513328
H868Y,-0.42455,-0.20408,,Neutral,,,3.9773450426e-06,0.069,cBioPortal,,False,63.4,,,,neutral,neutral,neutral,UP,neutral,neutral,stabilizing,,,,81.3,H,0.1141,3.2345,-5.5204,gain_of_function,-1.20394642629291,0.000863758364702,Benign,0.0634,benign,https://doi.org/10.1101/2022.10.22.513328
V870G,3.98688,4.24218,,Destabilizing,,,,0.238,"cBioPortal,COSMIC",,False,3.6,,,,neutral,neutral,neutral,DOWN,neutral,neutral,neutral,,,,80.45,-,-0.1497,2.4558,-2.4161,loss_of_function,-2.00806272876431,0.0126150623381801,Benign,0.2937,benign,https://doi.org/10.1101/2022.10.22.513328
V870I,-0.1856,-0.32245,,Neutral,,,2.386501945e-05,0.201,"cBioPortal,COSMIC,mutations_clinvar",,False,3.6,,,,neutral,neutral,neutral,UP,neutral,neutral,neutral,134140,not provided,0,80.45,-,0.0278,2.4558,-4.9355,gain_of_function,-0.121356684725095,0.0052722526875906,Benign,0.0935,benign,https://doi.org/10.1101/2022.10.22.513328
K871N,0.54514,-0.16735,,Neutral,,,,0.016,"cBioPortal,COSMIC",,False,94.6,,,,neutral,neutral,neutral,DOWN,neutral,neutral,neutral,,,,79.09,S,0.0359,3.1516,-5.2574,gain_of_function,-0.215210494261515,0.000400803225304,Benign,0.1484,benign,https://doi.org/10.1101/2022.10.22.513328
K871R,0.15447,-0.06939,,Neutral,,,,,mutations_clinvar,,False,94.6,,,,neutral,neutral,neutral,-,uncertain,uncertain,uncertain,2013440,Uncertain significance,1,79.09,S,0.1256,3.1516,-4.2574,gain_of_function,-0.0804108739564968,0.0003127690833936,Benign,0.0734,benign,https://doi.org/10.1101/2022.10.22.513328
I873M,-0.78276,-0.33878,,Neutral,,,,,mutations_clinvar,,False,47.8,,,,neutral,neutral,neutral,-,uncertain,uncertain,uncertain,1490671,Uncertain significance,1,80.83,H,-0.0685,1.7199,-4.5204,loss_of_function,-0.117076389471855,0.0087458416115065,Benign,0.067,benign,https://doi.org/10.1101/2022.10.22.513328
I873V,1.31432,0.51224,,Neutral,,0.0052869609529269,0.0015471503002824,0.097,"cBioPortal,COSMIC,mutations_clinvar",,False,47.8,,,,neutral,neutral,neutral,DOWN,neutral,neutral,neutral,134135,Benign/Likely benign,2,80.83,H,-0.0142,1.7199,-2.798,loss_of_function,-0.11959758190351,0.0033660711333092,Benign,0.0661,benign,https://doi.org/10.1101/2022.10.22.513328
A874T,0.1335,0.12381,,Neutral,,,,0.229,"cBioPortal,COSMIC,mutations_clinvar",,False,95.3,,,,neutral,neutral,neutral,UP,neutral,neutral,neutral,950941,Uncertain significance,2,82.25,H,0.0581,3.0795,-5.3798,gain_of_function,-0.372600786404745,0.0059151987380971,Benign,0.0916,benign,https://doi.org/10.1101/2022.10.22.513328
A874V,0.35225,0.06837,,Neutral,,,,,mutations_clinvar,,False,95.3,,,,neutral,neutral,neutral,UP,neutral,neutral,neutral,938272,Uncertain significance,1,82.25,H,0.0578,3.0795,-6.0318,gain_of_function,-0.689836380304851,0.0286697786779922,Benign,0.1265,benign,https://doi.org/10.1101/2022.10.22.513328
E875G,1.24031,2.04898,,Uncertain,,0.0119752850500032,0.0133044308328693,0.292,"cBioPortal,COSMIC,mutations_clinvar",,False,48.7,,,,neutral,neutral,neutral,DOWN,neutral,neutral,neutral,129008,Benign/Likely benign,2,83.69,H,-0.0846,2.0464,-7.8391,loss_of_function,-3.11090792424905,0.0222401062540389,Benign,0.1213,benign,https://doi.org/10.1101/2022.10.22.513328
A877E,-0.06069,0.0381,,Neutral,,,,0.190,"cBioPortal,COSMIC",,False,50.8,,,,neutral,neutral,neutral,UP,neutral,neutral,neutral,,,,83.52,H,-0.1469,2.8311,-22.1238,loss_of_function,-2.81283603211439,0.1344062797411499,Benign,0.5385,ambiguous,https://doi.org/10.1101/2022.10.22.513328
A877V,0.56287,0.01293,,Neutral,,,,0.090,"cBioPortal,COSMIC",,False,50.8,,,,neutral,neutral,neutral,UP,neutral,neutral,neutral,,,,83.52,H,0.05,2.8311,-3.0812,gain_of_function,-0.377980635558228,7.586471533550821e-05,Benign,0.0874,benign,https://doi.org/10.1101/2022.10.22.513328
A878P,2.1445,5.14354,,Uncertain,,,,0.036,cBioPortal,,False,83.6,,,,neutral,neutral,neutral,UP,neutral,neutral,neutral,,,,84.73,H,-0.1764,3.0984,-22.1269,loss_of_function,-2.64052743731388,0.1118439588293421,Benign,0.2677,benign,https://doi.org/10.1101/2022.10.22.513328
A878V,0.83115,-0.10136,,Neutral,,,3.9776930971e-06,0.030,"cBioPortal,COSMIC,mutations_clinvar",,False,83.6,,,,neutral,neutral,neutral,UP,neutral,neutral,neutral,2149313,Uncertain significance,1,84.73,H,0.0452,3.0984,-8.8391,gain_of_function,-1.22628841683749,0.0009572381182618,Benign,0.0773,benign,https://doi.org/10.1101/2022.10.22.513328
Q881E,-0.61126,0.1449,,Neutral,,,,,mutations_clinvar,,False,47.2,,,,neutral,neutral,neutral,DOWN,neutral,neutral,neutral,2177034,Uncertain significance,1,86.67,H,0.0551,2.8151,-2.4298,gain_of_function,-0.289364973884746,0.0012256680555876,Benign,0.0687,benign,https://doi.org/10.1101/2022.10.22.513328
Q881R,0.65965,0.19864,,Neutral,,,,0.037,cBioPortal,,False,47.2,,,,neutral,neutral,neutral,UP,neutral,neutral,neutral,,,,86.67,H,0.0128,2.8151,-5.5173,gain_of_function,-0.232281507521997,0.0106042924765127,Benign,0.0709,benign,https://doi.org/10.1101/2022.10.22.513328
E883K,-0.13298,1.52687,,Neutral,,0.0001274209989806,0.0005370099287169,0.056,"cBioPortal,COSMIC,mutations_clinvar",,True,61.9,,,,neutral,neutral,neutral,UP,neutral,neutral,neutral,697490,Benign/Likely benign,2,86.14,H,-0.0199,2.408,-2.4098,loss_of_function,-0.114215316098402,6.350353855231528e-06,Benign,0.0535,benign,https://doi.org/10.1101/2022.10.22.513328
L884F,2.9029,0.93231,,Uncertain,,,,,mutations_clinvar,,True,0.0,,,,neutral,neutral,neutral,UP,neutral,neutral,neutral,2042354,Uncertain significance,1,84.17,H,-0.1823,1.0235,-7.251,loss_of_function,-3.71554886013971,0.4842226209819918,Uncertain,0.296,benign,https://doi.org/10.1101/2022.10.22.513328
T885A,-0.47413,-0.29626,,Neutral,,,,0.016,"cBioPortal,COSMIC",,True,38.7,,,,uncertain,,,DOWN,neutral,neutral,neutral,,,,86.74,H,0.0847,3.3144,-2.1432,gain_of_function,-0.0117481693727804,5.809804780249741e-07,Benign,0.0555,benign,https://doi.org/10.1101/2022.10.22.513328
T885M,-1.51074,0.60816,,Neutral,,,3.9782311193e-06,0.060,"cBioPortal,COSMIC,mutations_clinvar",,True,38.7,,,,uncertain,,,UP,neutral,neutral,neutral,2198314,Uncertain significance,1,86.74,H,0.0058,3.3144,-8.8296,gain_of_function,-1.27949372835663,0.0747302822568509,Benign,0.0883,benign,https://doi.org/10.1101/2022.10.22.513328
S886G,0.63631,0.80918,,Neutral,,,,0.078,"cBioPortal,COSMIC",,True,89.8,,,,uncertain,,,DOWN,neutral,neutral,neutral,,,,84.63,H,0.082,3.038,-4.189,gain_of_function,-0.16695765281282,7.880469306313119e-05,Benign,0.0502,benign,https://doi.org/10.1101/2022.10.22.513328
S886N,0.03667,-0.14456,,Neutral,,3.18532203606e-05,,0.079,"cBioPortal,COSMIC",,True,89.8,,,,uncertain,,,UP,neutral,neutral,neutral,,,,84.63,H,0.0646,3.038,-5.0255,gain_of_function,-0.126441449172816,8.640132010713438e-05,Benign,0.0602,benign,https://doi.org/10.1101/2022.10.22.513328
G889E,3.26374,0.76667,,Uncertain,,,,0.518,"cBioPortal,COSMIC",,True,98.3,,,,neutral,neutral,neutral,UP,neutral,neutral,neutral,,,,81.13,S,-0.2475,1.1067,-3.8297,loss_of_function,-1.58898627600652,0.0193052609633857,Benign,0.2018,benign,https://doi.org/10.1101/2022.10.22.513328
A892T,0.0827,0.00816,,Neutral,,,,,mutations_clinvar,,False,80.9,,,,neutral,neutral,neutral,UP,neutral,neutral,neutral,1392130,Uncertain significance,1,84.25,H,0.0819,3.3131,-4.9228,gain_of_function,-0.301281830015976,0.0001817297139279,Benign,0.0697,benign,https://doi.org/10.1101/2022.10.22.513328
A892V,0.45033,-0.07347,,Neutral,,,,0.013,cBioPortal,,False,80.9,,,,neutral,neutral,neutral,UP,neutral,neutral,neutral,,,,84.25,H,0.0893,3.3131,-4.0748,gain_of_function,-0.452432626293575,0.0002546273802639,Benign,0.0733,benign,https://doi.org/10.1101/2022.10.22.513328
N893D,0.68489,0.66973,,Neutral,,0.0002229157378511,0.0002666666666667,0.170,"cBioPortal,mutations_clinvar",,False,27.2,,,,neutral,neutral,neutral,-,uncertain,uncertain,uncertain,579347,Uncertain significance,2,85.16,H,0.0303,2.8668,-2.9069,gain_of_function,-1.14052082033617,,,0.1531,benign,https://doi.org/10.1101/2022.10.22.513328
A894S,0.79367,2.07313,,Uncertain,,,,0.346,cBioPortal,,False,0.0,,,,neutral,neutral,neutral,-,uncertain,uncertain,uncertain,,,,85.22,H,-0.1096,1.2393,-6.232,loss_of_function,-1.93260025507112,0.2477701166552803,Benign,0.1533,benign,https://doi.org/10.1101/2022.10.22.513328
Y898C,1.76368,2.30272,,Uncertain,,,,,mutations_clinvar,,False,33.5,,,,uncertain,,,DOWN,neutral,neutral,neutral,1437504,Uncertain significance,1,86.87,H,-0.1444,2.2242,-7.8008,loss_of_function,-2.00856572742301,0.3009460912311636,Benign,0.116,benign,https://doi.org/10.1101/2022.10.22.513328
Y898N,2.20275,2.1381,,Uncertain,,,,0.181,cBioPortal,,False,33.5,,,,uncertain,,,DOWN,neutral,neutral,neutral,,,,86.87,H,-0.172,2.2242,-8.8008,loss_of_function,-2.37891266119645,0.1070591423025985,Benign,0.1457,benign,https://doi.org/10.1101/2022.10.22.513328
F900L,2.03078,1.71088,,Uncertain,,,,0.323,"cBioPortal,COSMIC",,False,61.6,,,,neutral,neutral,neutral,DOWN,neutral,neutral,neutral,,,,84.73,H,-0.2351,1.298,-22.0821,loss_of_function,-3.09361225848504,0.8274278185752555,Pathogenic,0.9567,pathogenic,https://doi.org/10.1101/2022.10.22.513328
T903A,-0.33055,0.99218,,Neutral,,,,,mutations_clinvar,,True,36.0,,,,uncertain,,,DOWN,neutral,neutral,neutral,2000609,Uncertain significance,1,81.05,S,0.061,3.1981,-4.7051,gain_of_function,-0.115769714661974,0.0004847856502485,Benign,0.0611,benign,https://doi.org/10.1101/2022.10.22.513328
T903S,0.32453,0.91905,,Neutral,,,,,mutations_clinvar,,True,36.0,,,,neutral,,,DOWN,neutral,neutral,neutral,2324802,Uncertain significance,1,81.05,S,0.1049,3.1981,-3.2026,gain_of_function,-0.468658834243728,0.0001958747632165,Benign,0.0747,benign,https://doi.org/10.1101/2022.10.22.513328
A906P,-0.93441,3.0551,,Uncertain,,,,0.060,"cBioPortal,COSMIC",,True,87.9,,,,neutral,neutral,neutral,UP,neutral,neutral,neutral,,,,71.89,H,-0.0699,3.3937,-6.5774,loss_of_function,-1.20568135251247,,,0.1014,benign,https://doi.org/10.1101/2022.10.22.513328
A906T,0.02529,-0.34728,,Neutral,,,,0.014,cBioPortal,,True,87.9,,,,neutral,neutral,neutral,UP,neutral,neutral,neutral,,,,71.89,H,0.0971,3.3937,-3.4075,gain_of_function,-0.0679850004390238,,,0.0663,benign,https://doi.org/10.1101/2022.10.22.513328
V909A,-0.31221,0.41973,,Neutral,,,,,mutations_clinvar,,True,60.5,,,,neutral,neutral,neutral,DOWN,neutral,neutral,neutral,1319878,Uncertain significance,1,70.01,H,0.0128,2.9257,-3.7004,gain_of_function,-0.0443899986984255,,,0.0748,benign,https://doi.org/10.1101/2022.10.22.513328
V909I,-0.60478,0.28027,,Neutral,,6.36902108146e-05,4.02045608054e-05,0.029,"cBioPortal,COSMIC,mutations_clinvar",,True,60.5,,,,neutral,neutral,neutral,UP,neutral,neutral,neutral,642503,Uncertain significance,2,70.01,H,0.0821,2.9257,-2.7676,gain_of_function,-0.0026264212037423,,,0.0648,benign,https://doi.org/10.1101/2022.10.22.513328
S910L,-0.24741,-0.32143,,Neutral,,,2.41470069785e-05,0.112,"cBioPortal,COSMIC",,False,75.5,,,,uncertain,,,UP,neutral,neutral,neutral,,,,64.7,H,-0.1254,2.4247,-20.3858,loss_of_function,-0.863985437512407,,,0.0718,benign,https://doi.org/10.1101/2022.10.22.513328
K911I,0.31381,0.52993,,Neutral,,,,0.087,COSMIC,,True,89.7,,,,neutral,neutral,neutral,-,uncertain,uncertain,uncertain,,,,58.36,H,-0.0562,2.4707,-7.0979,loss_of_function,-1.04500820076669,,,0.1641,benign,https://doi.org/10.1101/2022.10.22.513328
G912E,0.02778,-0.48299,,Neutral,,,,,mutations_clinvar,,True,102.3,,,,neutral,neutral,neutral,UP,neutral,neutral,neutral,864275,Uncertain significance,1,57.22,H,-0.1872,1.8301,-5.0661,loss_of_function,-0.327415488959798,,,0.0672,benign,https://doi.org/10.1101/2022.10.22.513328
G912R,-0.76066,-0.98401,,Neutral,,0.0001594998086002,0.0002140964322647,0.174,"cBioPortal,COSMIC,mutations_clinvar",,True,102.3,,,,neutral,neutral,neutral,UP,neutral,neutral,neutral,134141,Conflicting interpretations of pathogenicity,1,57.22,H,-0.2063,1.8301,-5.4811,loss_of_function,-0.50992188988511,,,0.1065,benign,https://doi.org/10.1101/2022.10.22.513328
K913R,-0.41568,0.00272,,Neutral,,,,,mutations_clinvar,,True,89.2,,,,neutral,neutral,neutral,-,uncertain,uncertain,uncertain,958705,Uncertain significance,1,51.74,T,-0.0138,1.5388,-2.5099,loss_of_function,-0.0124643818596366,,,0.0645,benign,https://doi.org/10.1101/2022.10.22.513328
G914E,0.48333,-0.09966,,Neutral,,,,0.019,"cBioPortal,COSMIC",,True,113.0,,,,neutral,neutral,neutral,UP,neutral,neutral,neutral,,,,49.32,T,-0.1725,2.8332,-20.2764,loss_of_function,-0.245465737264457,,,0.0654,benign,https://doi.org/10.1101/2022.10.22.513328
