Mutation,"Stability (FoldX5, alphafold, kcal/mol)","Stability (Rosetta Cartddg2020, alphafold, kcal/mol)","Stability (RaSP, alphafold, kcal/mol)","Stability classification, alphafold, (Rosetta, FoldX)","Stability classification, alphafold, (RaSP, FoldX)",Relative Side Chain Solvent Accessibility in wild-type,gnomAD genome allele frequency,gnomAD exome allele frequency,REVEL score,Mutation sources,PTMs,is site part of phospho-SLiM,PTM residue SASA (%),"Change in stability with PTM (FoldX5, kcal/mol)","Change in binding with PTM (FoldX5, kcal/mol)","Change in binding with mutation (FoldX5, kcal/mol)",PTM effect in regulation,PTM effect in stability,PTM effect in function,AlloSigma2 mutation type,AlloSigma2 predicted consequence - active sites,AlloSigma2 predicted consequence - cofactor sites,AlloSigma2 predicted consequence - pockets and interfaces,ClinVar Variation ID,ClinVar Interpretation,ClinVar Review Status,AlphaFold2 model pLDDT score,AlphaFold2 model secondary structure,DeMaSk delta fitness,DeMaSk Shannon entropy,DeMaSk log2 variant frequency,DeMaSk predicted consequence,GEMME Score,AlphaMissense pathogenicity score,AlphaMissense classification,References
V53A,0.74104,1.65068,1.605512195437632,Neutral,Neutral,59.4,,3.9776930971e-06,0.100,COSMIC,,True,59.4,,,,neutral,neutral,neutral,,,,,,,,87.87,E,0.0055,2.9384,-5.3692,gain_of_function,-0.365138267936001,0.0792,benign,https://doi.org/10.1101/2022.10.22.513328
D54N,0.53281,0.53367,0.1889211403581314,Neutral,Neutral,46.4,,,0.150,"cBioPortal,COSMIC",,True,46.4,,,,neutral,neutral,neutral,,,,,,,,89.46,-,-0.1945,0.4762,-7.1446,loss_of_function,-0.725227385719323,0.7871,pathogenic,https://doi.org/10.1101/2022.10.22.513328
G57E,3.51243,1.04626,0.9529883752696112,Uncertain,Uncertain,72.6,,,0.446,"cBioPortal,COSMIC",,False,72.6,,,,neutral,neutral,neutral,,,,,,,,88.28,S,-0.3257,0.5138,-8.4675,loss_of_function,-1.2882701812617,0.9575,pathogenic,https://doi.org/10.1101/2022.10.22.513328
A58S,0.23305,0.4449,0.8313103514861844,Neutral,Neutral,54.1,,,,clinvar,,False,54.1,,,,neutral,neutral,neutral,-,uncertain,uncertain,uncertain,1677004,Uncertain significance,1,91.11,-,-0.065,1.7038,-5.8785,loss_of_function,-0.380654406450413,0.2937,benign,https://doi.org/10.1101/2022.10.22.513328
A58T,0.80659,0.72857,0.5999756025393149,Neutral,Neutral,54.1,,,,clinvar,,False,54.1,,,,neutral,neutral,neutral,UP,neutral,neutral,mixed_effects,134124,not provided,0,91.11,-,-0.0761,1.7038,-6.8785,loss_of_function,-0.74102421820658,0.7617,pathogenic,https://doi.org/10.1101/2022.10.22.513328
D60N,0.64851,1.88639,0.4462793387901331,Neutral,Neutral,32.3,,,0.394,"cBioPortal,COSMIC",,False,32.3,,,,neutral,neutral,neutral,,,,,,,,90.02,E,-0.2231,0.1526,-6.9028,loss_of_function,-0.972986824053875,0.7326,pathogenic,https://doi.org/10.1101/2022.10.22.513328
D60Y,1.38457,1.44524,0.4451217315659622,Neutral,Neutral,32.3,,,0.709,cBioPortal,,False,32.3,,,,neutral,neutral,neutral,,,,,,,,90.02,E,-0.3773,0.1526,-21.7756,loss_of_function,-3.62086390009846,0.9636,pathogenic,https://doi.org/10.1101/2022.10.22.513328
Q64R,0.72065,1.35884,-0.1281823448887287,Neutral,Neutral,45.8,,,0.184,COSMIC,,True,45.8,,,,neutral,neutral,neutral,,,,,,,,85.1,T,-0.0395,2.234,-5.2808,loss_of_function,-0.402054513865509,0.115,benign,https://doi.org/10.1101/2022.10.22.513328
P66S,1.72664,1.86156,-0.4266101198254629,Neutral,Neutral,62.3,,,0.046,cBioPortal,,False,62.3,,,,neutral,neutral,neutral,,,,,,,,88.51,-,0.0669,3.3347,-5.1037,gain_of_function,-0.247219809316221,0.0737,benign,https://doi.org/10.1101/2022.10.22.513328
L67P,-0.58613,1.15816,1.5769886461268692,Neutral,Neutral,81.8,,,0.862,"cBioPortal,COSMIC",,False,81.8,,,,neutral,neutral,neutral,,,,,,,,91.77,-,-0.4874,0.1644,-22.1642,loss_of_function,-2.55698822298333,0.7529,pathogenic,https://doi.org/10.1101/2022.10.22.513328
K68T,0.48096,0.31973,0.3509548734778767,Neutral,Neutral,30.0,,,0.796,"cBioPortal,COSMIC",,False,30.0,,,,neutral,neutral,neutral,,,,,,,,89.81,-,-0.2976,0.5059,-22.1673,loss_of_function,-4.28295734986909,0.7451,pathogenic,https://doi.org/10.1101/2022.10.22.513328
D69N,-0.02522,0.09354,0.1299282198739482,Neutral,Neutral,114.1,,,0.118,"cBioPortal,COSMIC",,False,114.1,,,,neutral,neutral,neutral,,,,,,,,87.46,S,0.0496,2.9196,-3.356,gain_of_function,-0.0448719887705745,0.068,benign,https://doi.org/10.1101/2022.10.22.513328
D70E,0.44492,0.5551,0.3872311217532653,Neutral,Neutral,49.3,,,,clinvar,,False,49.3,,,,neutral,neutral,neutral,UP,neutral,neutral,stabilizing,1961385,Uncertain significance,1,85.94,-,-0.2872,0.0658,-22.1673,loss_of_function,-1.34231551122904,0.789,pathogenic,https://doi.org/10.1101/2022.10.22.513328
H71N,-0.28155,0.25918,0.5795968858156172,Neutral,Neutral,52.8,,,0.134,cBioPortal,,False,52.8,,,,neutral,neutral,neutral,,,,,,,,86.27,T,-0.1278,0.8802,-3.6317,loss_of_function,-0.661679998663883,0.1144,benign,https://doi.org/10.1101/2022.10.22.513328
S73A,-0.4191,0.3534,0.1065246918748313,Neutral,Neutral,42.0,,,,clinvar,,False,42.0,,,,uncertain,,,-,uncertain,uncertain,uncertain,1518027,Uncertain significance,1,83.53,T,-0.0799,1.2039,-4.6317,loss_of_function,-0.0548257148580524,0.0752,benign,https://doi.org/10.1101/2022.10.22.513328
S73F,-0.89668,-0.35408,-0.8750434763011677,Neutral,Neutral,42.0,,,0.459,"cBioPortal,COSMIC",,False,42.0,,,,uncertain,,,,,,,,,,83.53,T,-0.1643,1.2039,-5.8796,loss_of_function,-1.00385552572493,0.2232,benign,https://doi.org/10.1101/2022.10.22.513328
P75L,5.22613,3.44456,0.7019021143657713,Destabilizing,Uncertain,0.0,,,,clinvar,,False,0.0,,,,neutral,neutral,neutral,UP,neutral,neutral,neutral,1354082,Uncertain significance,2,93.06,-,-0.374,0.022,-22.1673,loss_of_function,-5.41462077998535,0.9844,pathogenic,https://doi.org/10.1101/2022.10.22.513328
P75T,5.22161,1.58503,1.0564544601075914,Uncertain,Uncertain,0.0,,3.9805114161e-06,0.827,cBioPortal,,False,0.0,,,,neutral,neutral,neutral,,,,,,,,93.06,-,-0.3371,0.022,-22.1673,loss_of_function,-5.13276081120466,0.9932,pathogenic,https://doi.org/10.1101/2022.10.22.513328
L76I,1.35461,0.41667,2.1597542185748244,Neutral,Uncertain,0.0,,,0.409,"cBioPortal,COSMIC",,False,0.0,,,,neutral,neutral,neutral,,,,,,,,94.8,E,-0.137,0.6502,-3.2679,loss_of_function,-0.0773192133509314,0.1218,benign,https://doi.org/10.1101/2022.10.22.513328
L76V,2.1606,1.46293,2.6711970523292514,Uncertain,Uncertain,0.0,,,,clinvar,,False,0.0,,,,neutral,neutral,neutral,DOWN,neutral,neutral,neutral,1492971,Uncertain significance,1,94.8,E,-0.2019,0.6502,-8.8825,loss_of_function,-1.09212285963317,0.1346,benign,https://doi.org/10.1101/2022.10.22.513328
W77C,0.72577,2.67925,4.075341094964579,Uncertain,Uncertain,41.3,,3.9819696415e-06,0.719,"COSMIC,clinvar",,False,41.3,,,,neutral,neutral,neutral,DOWN,neutral,neutral,neutral,2227273,Uncertain significance,1,94.79,E,-0.4889,0.2522,-22.1704,loss_of_function,-3.28469750245206,0.9695,pathogenic,https://doi.org/10.1101/2022.10.22.513328
D81N,2.44177,0.80272,0.4010977893756262,Uncertain,Uncertain,41.4,,0.0,0.355,"cBioPortal,COSMIC",,False,41.4,,,,neutral,neutral,neutral,,,,,,,,87.22,T,-0.1113,1.1127,-2.3129,loss_of_function,-0.373734796807133,0.1693,benign,https://doi.org/10.1101/2022.10.22.513328
D81V,2.7145,0.97857,0.8335383872484936,Uncertain,Uncertain,41.4,,,0.917,cBioPortal,,False,41.4,,,,neutral,neutral,neutral,,,,,,,,87.22,T,-0.2931,1.1127,-22.1856,loss_of_function,-1.87612595741753,0.9355,pathogenic,https://doi.org/10.1101/2022.10.22.513328
G82D,5.01871,2.27585,0.94424996313148,Uncertain,Uncertain,14.3,,0.0,0.733,"cBioPortal,COSMIC",,False,14.3,,,,neutral,neutral,neutral,,,,,,,,88.3,S,-0.3254,0.4605,-7.3128,loss_of_function,-4.38117987377888,0.9971,pathogenic,https://doi.org/10.1101/2022.10.22.513328
H83R,0.05912,-0.41803,0.3893875097615157,Neutral,Neutral,28.0,,,0.542,COSMIC,,False,28.0,,,,neutral,neutral,neutral,,,,,,,,92.04,E,-0.1165,1.2878,-2.9437,loss_of_function,-1.02906962061432,0.3312,benign,https://doi.org/10.1101/2022.10.22.513328
F85C,1.79805,1.42245,2.340589554987628,Neutral,Uncertain,44.1,,,,clinvar,,False,44.1,,,,neutral,neutral,neutral,DOWN,neutral,neutral,neutral,331094,Uncertain significance,2,95.17,E,-0.3123,1.1394,-22.1856,loss_of_function,-3.15062398205492,0.96,pathogenic,https://doi.org/10.1101/2022.10.22.513328
F89V,1.38724,0.86803,0.6292000895221042,Neutral,Neutral,65.1,,,,clinvar,,True,65.1,,,,neutral,neutral,neutral,DOWN,neutral,neutral,destabilizing,2253809,Uncertain significance,1,89.64,T,-0.3644,0.2497,-22.1916,loss_of_function,-5.2061581751,0.7161,pathogenic,https://doi.org/10.1101/2022.10.22.513328
S90C,0.08408,0.18741,0.4691467021678291,Neutral,Neutral,10.3,,3.9843494753e-06,0.769,"cBioPortal,COSMIC",,True,10.3,,,,uncertain,,,,,,,,,,88.73,S,-0.3056,0.2726,-22.1916,loss_of_function,-2.91524184332693,0.2302,benign,https://doi.org/10.1101/2022.10.22.513328
P91S,1.3561,1.64592,-0.389496287057281,Neutral,Neutral,54.4,,,0.668,"cBioPortal,COSMIC",,True,54.4,,,,neutral,neutral,neutral,,,,,,,,88.6,T,-0.2428,0.1798,-8.8977,loss_of_function,-1.98513073552661,0.2566,benign,https://doi.org/10.1101/2022.10.22.513328
V92I,0.19941,0.50816,0.1882783833046591,Neutral,Neutral,2.5,,,0.099,COSMIC,,True,2.5,,,,neutral,neutral,neutral,,,,,,,,88.42,T,-0.0444,1.5213,-2.2254,loss_of_function,-0.0616912430981835,0.0997,benign,https://doi.org/10.1101/2022.10.22.513328
K94N,0.4397,0.49796,0.0185271805540448,Neutral,Neutral,91.7,,,0.240,"cBioPortal,COSMIC",,False,91.7,,,,neutral,neutral,neutral,,,,,,,,84.17,H,-0.2023,1.5022,-22.1886,loss_of_function,-1.23056543415371,0.8043,pathogenic,https://doi.org/10.1101/2022.10.22.513328
K94R,0.14469,-0.14762,-0.4178632332974757,Neutral,Neutral,91.7,,3.982191639e-06,0.203,cBioPortal,,False,91.7,,,,neutral,neutral,neutral,,,,,,,,84.17,H,-0.0285,1.5022,-4.7309,loss_of_function,-0.0161400261308741,0.0778,benign,https://doi.org/10.1101/2022.10.22.513328
K94T,0.36977,0.4017,-0.0718096143948654,Neutral,Neutral,91.7,,,0.423,cBioPortal,,False,91.7,,,,neutral,neutral,neutral,,,,,,,,84.17,H,-0.206,1.5022,-22.1886,loss_of_function,-1.29340939546757,0.4821,ambiguous,https://doi.org/10.1101/2022.10.22.513328
Y95C,1.17677,3.33299,2.474184067451698,Uncertain,Uncertain,49.6,,,,clinvar,,False,49.6,,,,uncertain,,,DOWN,neutral,neutral,neutral,1963501,Uncertain significance,1,84.42,H,-0.263,1.7327,-22.1886,loss_of_function,-3.14986325569002,0.421,ambiguous,https://doi.org/10.1101/2022.10.22.513328
Y95H,1.23281,2.07619,1.2833935666170642,Uncertain,Neutral,49.6,,,0.401,"cBioPortal,COSMIC",,False,49.6,,,,uncertain,,,,,,,,,,84.42,H,-0.0958,1.7327,-1.7511,loss_of_function,-0.441141510280855,0.3613,ambiguous,https://doi.org/10.1101/2022.10.22.513328
D98Y,-0.52245,-0.30442,-0.5757181298781655,Neutral,Neutral,65.8,,,0.853,"cBioPortal,COSMIC",,True,65.8,,,,neutral,neutral,neutral,,,,,,,,81.4,H,-0.3934,0.0001,-22.1886,loss_of_function,-5.46445494125234,0.9851,pathogenic,https://doi.org/10.1101/2022.10.22.513328
F99L,2.18433,2.09694,2.248559663979273,Uncertain,Uncertain,8.9,,,0.688,cBioPortal,,True,8.9,,,,neutral,neutral,neutral,,,,,,,,88.24,H,-0.2786,0.0392,-7.9008,loss_of_function,-1.75061521507337,0.9911,pathogenic,https://doi.org/10.1101/2022.10.22.513328
F99S,5.80524,5.66633,5.740408700783872,Destabilizing,Destabilizing,8.9,,,,clinvar,,True,8.9,,,,neutral,neutral,neutral,DOWN,neutral,neutral,neutral,16583,Pathogenic,0,88.24,H,-0.4244,0.0392,-22.1886,loss_of_function,-5.1263940521481,0.9972,pathogenic,https://doi.org/10.1101/2022.10.22.513328
L100F,3.39954,3.66361,2.8265145748442486,Destabilizing,Uncertain,0.0,,,0.820,cBioPortal,,True,0.0,,,,neutral,neutral,neutral,,,,,,,,89.82,H,-0.345,0.0839,-22.1886,loss_of_function,-5.59260609860618,0.9414,pathogenic,https://doi.org/10.1101/2022.10.22.513328
V101A,-0.14208,1.22823,0.6591329807421281,Neutral,Neutral,26.9,,,0.409,"cBioPortal,COSMIC",,True,26.9,,,,neutral,neutral,neutral,,,,,,,,81.6,H,-0.2283,1.3309,-22.1886,loss_of_function,-1.2487287284429,0.7931,pathogenic,https://doi.org/10.1101/2022.10.22.513328
A102D,2.39929,0.48844,0.5928198559093473,Uncertain,Uncertain,46.2,,,0.899,"cBioPortal,COSMIC",,True,46.2,,,,neutral,neutral,neutral,,,,,,,,81.41,H,-0.3559,0.719,-22.1886,loss_of_function,-3.59908864796432,0.9981,pathogenic,https://doi.org/10.1101/2022.10.22.513328
I103V,1.28715,0.44422,0.8161556945156236,Neutral,Neutral,0.0,,,,clinvar,,True,0.0,,,,neutral,neutral,neutral,DOWN,neutral,neutral,neutral,134125,not provided,0,88.04,H,-0.1869,0.0699,-6.9008,loss_of_function,-0.158037210928088,0.0795,benign,https://doi.org/10.1101/2022.10.22.513328
A104T,0.40025,2.74762,1.6373284531009296,Uncertain,Neutral,0.0,,0.0,0.747,cBioPortal,,True,0.0,,,,neutral,neutral,neutral,,,,,,,,86.99,S,-0.2137,1.0582,-22.1946,loss_of_function,-2.64273939829453,0.9165,pathogenic,https://doi.org/10.1101/2022.10.22.513328
E105D,0.44377,0.26939,0.5153364435881264,Neutral,Neutral,40.6,,,,clinvar,,True,40.6,,,,neutral,neutral,neutral,DOWN,neutral,neutral,neutral,1979272,Uncertain significance,1,81.05,E,-0.2825,0.039,-22.1946,loss_of_function,-1.99797955681711,0.9933,pathogenic,https://doi.org/10.1101/2022.10.22.513328
E105G,2.16117,2.52177,1.5114050573644229,Uncertain,Uncertain,40.6,0.0001911193221635,0.0002388154752428,0.890,"cBioPortal,clinvar",,True,40.6,,,,neutral,neutral,neutral,DOWN,neutral,neutral,neutral,893613,Uncertain significance,2,81.05,E,-0.3426,0.039,-22.1946,loss_of_function,-5.94088963301382,0.9898,pathogenic,https://doi.org/10.1101/2022.10.22.513328
V107L,-0.43321,0.20068,0.3497096899309032,Neutral,Neutral,39.2,,,0.364,"cBioPortal,COSMIC",,False,39.2,,,,neutral,neutral,neutral,,,,,,,,82.6,E,-0.1964,0.748,-5.3219,loss_of_function,-0.748444418678893,0.4718,ambiguous,https://doi.org/10.1101/2022.10.22.513328
C108Y,-0.25516,-0.15374,-0.9271605102127162,Neutral,Neutral,26.5,,,0.806,cBioPortal,,False,26.5,,,,neutral,neutral,neutral,,,,,,,,81.93,E,-0.3946,1.0976,-22.1946,loss_of_function,-5.04177681633357,0.9634,pathogenic,https://doi.org/10.1101/2022.10.22.513328
R109Q,0.84906,-0.03401,0.9895079287766628,Neutral,Neutral,9.0,,2.78655764592e-05,0.804,"cBioPortal,clinvar",,False,9.0,,,,neutral,neutral,neutral,DOWN,neutral,neutral,neutral,1425214,Uncertain significance,1,80.09,-,-0.3808,0.039,-22.1946,loss_of_function,-5.9304046297233,0.9867,pathogenic,https://doi.org/10.1101/2022.10.22.513328
P110T,2.4895,1.69048,0.2444735979832818,Uncertain,Uncertain,42.7,,,0.724,COSMIC,,False,42.7,,,,neutral,neutral,neutral,,,,,,,,78.23,-,-0.2549,0.0696,-6.9069,loss_of_function,-1.98973986295999,0.8341,pathogenic,https://doi.org/10.1101/2022.10.22.513328
T111A,-0.36051,0.18878,0.0146735303305811,Neutral,Neutral,84.1,,1.19366878079e-05,0.068,COSMIC,,False,84.1,,,,uncertain,,,,,,,,,,78.94,S,0.0249,2.6958,-2.711,gain_of_function,-0.0107052255045245,0.0564,benign,https://doi.org/10.1101/2022.10.22.513328
H112N,-0.26078,0.86395,0.464710829040269,Neutral,Neutral,84.1,,,0.366,COSMIC,,False,84.1,,,,neutral,neutral,neutral,,,,,,,,86.77,S,-0.0716,1.5622,-4.9009,loss_of_function,-0.859448438371319,0.1261,benign,https://doi.org/10.1101/2022.10.22.513328
V113A,2.05562,1.83129,1.5675253268686675,Uncertain,Uncertain,37.5,,,0.212,"cBioPortal,COSMIC",,False,37.5,,,,neutral,neutral,neutral,,,,,,,,90.64,E,-0.1495,1.3215,-6.5789,loss_of_function,-0.906094667381584,0.3732,ambiguous,https://doi.org/10.1101/2022.10.22.513328
V113M,0.02235,0.5432,0.976182473771657,Neutral,Neutral,37.5,,,0.128,cBioPortal,,False,37.5,,,,neutral,neutral,neutral,,,,,,,,90.64,E,-0.1486,1.3215,-4.5085,loss_of_function,-0.402473305540913,0.1445,benign,https://doi.org/10.1101/2022.10.22.513328
E115D,1.64886,1.77177,0.639560700847668,Neutral,Neutral,24.8,,3.978547671e-06,0.569,"cBioPortal,COSMIC",,False,24.8,,,,neutral,neutral,neutral,,,,,,,,91.84,E,-0.2099,0.0913,-8.9037,loss_of_function,-2.32407309146474,0.9911,pathogenic,https://doi.org/10.1101/2022.10.22.513328
Y116C,4.9689,4.07143,4.148964724909974,Destabilizing,Destabilizing,0.0,,1.19338387977e-05,0.926,"COSMIC,clinvar",,False,0.0,,,,uncertain,,,DOWN,neutral,neutral,neutral,1924035,Uncertain significance,1,91.1,E,-0.4124,0.1099,-22.1946,loss_of_function,-5.57535012002059,0.9821,pathogenic,https://doi.org/10.1101/2022.10.22.513328
K117N,2.44573,2.66395,0.6639139475076233,Uncertain,Uncertain,48.9,3.1841049481e-05,1.98887819314e-05,0.250,"COSMIC,clinvar",,False,48.9,,,,neutral,neutral,neutral,DOWN,neutral,neutral,neutral,1696085,Uncertain significance,1,89.11,E,-0.1541,1.1598,-6.5849,loss_of_function,-1.22402319840956,0.9339,pathogenic,https://doi.org/10.1101/2022.10.22.513328
K117R,0.26567,0.36361,-0.2755812463690016,Neutral,Neutral,48.9,,,,clinvar,,False,48.9,,,,neutral,neutral,neutral,-,uncertain,uncertain,uncertain,134126,Uncertain significance,1,89.11,E,-0.0503,1.1598,-2.8194,loss_of_function,-0.0255223569830441,0.0748,benign,https://doi.org/10.1101/2022.10.22.513328
K117T,1.87191,1.82109,0.578104225058027,Neutral,Neutral,48.9,,,0.500,cBioPortal,,False,48.9,,,,neutral,neutral,neutral,,,,,,,,89.11,E,-0.1616,1.1598,-7.3219,loss_of_function,-1.24634414949627,0.5846,pathogenic,https://doi.org/10.1101/2022.10.22.513328
T119I,1.7562,0.95646,0.3538156284258353,Neutral,Neutral,25.0,,,0.873,"cBioPortal,COSMIC",,False,25.0,,,,uncertain,,,,,,,,,,80.38,-,-0.3434,0.0548,-22.1946,loss_of_function,-5.63023905749482,0.9967,pathogenic,https://doi.org/10.1101/2022.10.22.513328
T119P,6.3147,3.96735,4.777424050766307,Destabilizing,Destabilizing,25.0,,,,clinvar,,False,25.0,,,,uncertain,,,-,uncertain,uncertain,uncertain,16584,Pathogenic,0,80.38,-,-0.4818,0.0548,-22.1946,loss_of_function,-5.63023905749482,0.9671,pathogenic,https://doi.org/10.1101/2022.10.22.513328
A120T,0.01836,-0.12211,0.2189119466097888,Neutral,Neutral,46.3,,,0.309,"cBioPortal,COSMIC",,False,46.3,,,,neutral,neutral,neutral,,,,,,,,77.14,H,-0.0694,1.6531,-4.659,loss_of_function,-0.844734527527974,0.6395,pathogenic,https://doi.org/10.1101/2022.10.22.513328
A120V,-0.67611,-0.41054,-0.2045231509664508,Neutral,Neutral,46.3,,,,clinvar,,False,46.3,,,,neutral,neutral,neutral,UP,neutral,neutral,neutral,331092,Uncertain significance,2,77.14,H,-0.083,1.6531,-7.9068,loss_of_function,-1.37132642095398,0.8395,pathogenic,https://doi.org/10.1101/2022.10.22.513328
S122F,8.17362,-0.34014,-0.2376530189779341,Uncertain,Uncertain,8.2,,,0.868,"cBioPortal,COSMIC",,True,8.2,,,,uncertain,,,,,,,,,,78.72,H,-0.3583,0.0001,-22.1946,loss_of_function,-5.87987855922066,0.9995,pathogenic,https://doi.org/10.1101/2022.10.22.513328
Y124H,1.37777,2.33537,1.4786810186464097,Uncertain,Neutral,13.1,,,0.841,cBioPortal,,True,13.1,,,,uncertain,,,,,,,,,,75.0,H,-0.3525,0.0764,-22.1946,loss_of_function,-1.33906507145334,0.997,pathogenic,https://doi.org/10.1101/2022.10.22.513328
A125V,1.29626,-0.19898,0.3490951740907727,Neutral,Neutral,10.1,,3.9769970491e-06,0.758,"cBioPortal,COSMIC",,True,10.1,,,,neutral,neutral,neutral,,,,,,,,74.09,H,-0.308,0.0001,-22.1916,loss_of_function,-5.43662948554194,0.9924,pathogenic,https://doi.org/10.1101/2022.10.22.513328
S128I,-0.17524,1.20714,-1.2948594651189305,Neutral,Neutral,3.5,,,,clinvar,,True,3.5,,,,uncertain,,,UP,neutral,neutral,neutral,1423950,Uncertain significance,1,71.19,H,-0.3614,0.0001,-22.1916,loss_of_function,-5.48272595725468,0.9956,pathogenic,https://doi.org/10.1101/2022.10.22.513328
V129A,-0.3492,0.86803,1.2325218479289464,Neutral,Neutral,32.2,,,,clinvar,,True,32.2,,,,neutral,neutral,neutral,DOWN,neutral,neutral,neutral,1692166,Uncertain significance,1,70.46,H,-0.3372,0.1467,-22.1886,loss_of_function,-2.32496983376021,0.934,pathogenic,https://doi.org/10.1101/2022.10.22.513328
V129I,-0.40597,0.17449,0.4613794080683953,Neutral,Neutral,32.2,6.36699350567e-05,5.9655430235e-05,0.249,"cBioPortal,COSMIC,clinvar",,True,32.2,,,,neutral,neutral,neutral,UP,neutral,neutral,neutral,331091,Uncertain significance,2,70.46,H,-0.188,0.1467,-5.5789,loss_of_function,-0.951691147847122,0.1986,benign,https://doi.org/10.1101/2022.10.22.513328
G130E,3.76513,0.60442,0.8255354982835502,Uncertain,Uncertain,97.5,,,0.922,"cBioPortal,COSMIC",,True,97.5,,,,neutral,neutral,neutral,,,,,,,,75.0,T,-0.443,0.0001,-22.1886,loss_of_function,-4.56522981356553,0.9971,pathogenic,https://doi.org/10.1101/2022.10.22.513328
G130V,3.4973,5.63401,1.879857602947992,Destabilizing,Uncertain,97.5,,3.9766174892e-06,0.912,cBioPortal,,True,97.5,,,,neutral,neutral,neutral,,,,,,,,75.0,T,-0.4702,0.0001,-22.1886,loss_of_function,-5.65391579355323,0.995,pathogenic,https://doi.org/10.1101/2022.10.22.513328
G130W,2.69047,1.82211,0.5825630883920291,Uncertain,Uncertain,97.5,,,0.915,cBioPortal,,True,97.5,,,,neutral,neutral,neutral,,,,,,,,75.0,T,-0.481,0.0001,-22.1886,loss_of_function,-5.65391579355323,0.9977,pathogenic,https://doi.org/10.1101/2022.10.22.513328
L131P,4.0573,6.55986,6.302303352749343,Destabilizing,Destabilizing,25.7,,,0.907,COSMIC,,True,25.7,,,,neutral,neutral,neutral,,,,,,,,81.45,-,-0.4971,0.0608,-22.1886,loss_of_function,-5.35912375215467,0.9991,pathogenic,https://doi.org/10.1101/2022.10.22.513328
T133N,-0.67289,1.41871,0.5508737761572585,Neutral,Neutral,27.7,,,0.598,COSMIC,,True,27.7,,,,uncertain,,,,,,,,,,86.32,H,-0.3533,0.2698,-22.1856,loss_of_function,-3.66978490349315,0.7072,pathogenic,https://doi.org/10.1101/2022.10.22.513328
D135N,1.26985,0.80816,-0.0986439808478578,Neutral,Neutral,42.2,,,0.487,cBioPortal,,True,42.2,,,,neutral,neutral,neutral,,,,,,,,88.03,H,-0.1768,0.5681,-5.3159,loss_of_function,-1.17182142545668,0.4654,ambiguous,https://doi.org/10.1101/2022.10.22.513328
T137I,-2.69412,-2.0966,-0.879443466547496,Uncertain,Uncertain,12.4,,,0.130,COSMIC,,True,12.4,,,,uncertain,,,,,,,,,,91.73,H,-0.1198,1.2801,-0.4746,loss_of_function,0.248880604406246,0.084,benign,https://doi.org/10.1101/2022.10.22.513328
T137N,-0.14972,0.12449,0.8437201811533082,Neutral,Neutral,12.4,,,0.234,cBioPortal,,True,12.4,,,,uncertain,,,,,,,,,,91.73,H,-0.2604,1.2801,-22.1886,loss_of_function,-2.93927253727029,0.1781,benign,https://doi.org/10.1101/2022.10.22.513328
E138K,-0.03453,0.12857,0.4529089028703292,Neutral,Neutral,52.5,,4.77182713261e-05,0.404,"cBioPortal,COSMIC,clinvar",,True,52.5,,,,neutral,neutral,neutral,UP,neutral,neutral,neutral,1429304,Uncertain significance,1,91.51,H,-0.1228,1.5204,-6.5789,loss_of_function,-0.839774843133654,0.3455,ambiguous,https://doi.org/10.1101/2022.10.22.513328
E138V,0.18024,-0.53333,-0.0254330177461292,Neutral,Neutral,52.5,,,0.612,"cBioPortal,COSMIC",,True,52.5,,,,neutral,neutral,neutral,,,,,,,,91.51,H,-0.1937,1.5204,-22.1886,loss_of_function,-1.845282017773,0.4088,ambiguous,https://doi.org/10.1101/2022.10.22.513328
L140F,0.65491,1.13844,2.751037747404572,Neutral,Uncertain,0.0,,,0.858,cBioPortal,,True,0.0,,,,neutral,neutral,neutral,,,,,,,,91.87,H,-0.3413,0.122,-22.1581,loss_of_function,-5.59491721723424,0.7987,pathogenic,https://doi.org/10.1101/2022.10.22.513328
K142M,-2.16579,0.54014,-0.8429000665335334,Uncertain,Uncertain,29.7,,,0.675,"cBioPortal,COSMIC",,True,29.7,,,,neutral,neutral,neutral,,,,,,,,88.53,H,-0.2423,0.9771,-22.1581,loss_of_function,-1.77436357954464,0.6425,pathogenic,https://doi.org/10.1101/2022.10.22.513328
S144G,-1.53599,0.96565,0.6030422105835065,Neutral,Neutral,0.4,,,,clinvar,,False,0.4,,,,uncertain,,,DOWN,neutral,neutral,neutral,1451018,Uncertain significance,1,93.07,B,-0.1876,0.3682,-8.8764,loss_of_function,-2.38431903177776,0.3411,ambiguous,https://doi.org/10.1101/2022.10.22.513328
S144I,4.10679,2.42517,0.0905624304709223,Uncertain,Uncertain,0.4,,,0.882,COSMIC,,False,0.4,,,,uncertain,,,,,,,,,,93.07,B,-0.3274,0.3682,-22.1642,loss_of_function,-3.68626181098073,0.9228,pathogenic,https://doi.org/10.1101/2022.10.22.513328
S144N,4.43202,1.28129,-0.0355117803967297,Uncertain,Uncertain,0.4,,,0.736,"cBioPortal,COSMIC",,False,0.4,,,,uncertain,,,,,,,,,,93.07,B,-0.2685,0.3682,-22.1642,loss_of_function,-3.19088488136646,0.9479,pathogenic,https://doi.org/10.1101/2022.10.22.513328
T146I,-1.31704,2.22007,-0.4319524560094878,Uncertain,Neutral,14.9,,,,clinvar,,False,14.9,,,,uncertain,,,UP,neutral,neutral,neutral,1903438,Uncertain significance,1,91.16,S,-0.1181,1.6241,-6.3309,loss_of_function,-1.14836974813057,0.568,pathogenic,https://doi.org/10.1101/2022.10.22.513328
G147A,-0.68835,0.53707,0.781688157705386,Neutral,Neutral,59.9,,,0.133,"cBioPortal,COSMIC",,False,59.9,,,,neutral,neutral,neutral,,,,,,,,88.52,-,-0.0761,2.3867,-5.009,loss_of_function,-0.351015825540716,0.0666,benign,https://doi.org/10.1101/2022.10.22.513328
P149A,3.02371,1.56395,-0.6880399957448552,Uncertain,Uncertain,4.8,,,0.769,cBioPortal,,False,4.8,,,,neutral,neutral,neutral,,,,,,,,90.44,-,-0.1713,0.6563,-3.418,loss_of_function,-1.80686889075899,0.6639,pathogenic,https://doi.org/10.1101/2022.10.22.513328
P149L,4.89476,4.54184,-0.7002975683406154,Destabilizing,Uncertain,4.8,,,0.846,"cBioPortal,COSMIC",,False,4.8,,,,neutral,neutral,neutral,,,,,,,,90.44,-,-0.3158,0.6563,-22.1976,loss_of_function,-4.46941621638749,0.9335,pathogenic,https://doi.org/10.1101/2022.10.22.513328
P149S,3.33303,2.27789,0.1609617018921338,Uncertain,Uncertain,4.8,,,0.798,"cBioPortal,COSMIC",,False,4.8,,,,neutral,neutral,neutral,,,,,,,,90.44,-,-0.1858,0.6563,-6.3249,loss_of_function,-1.7886847999642,0.7396,pathogenic,https://doi.org/10.1101/2022.10.22.513328
G151E,-0.97606,-1.34218,-0.7926549289465568,Neutral,Neutral,97.7,,,0.469,cBioPortal,,False,97.7,,,,neutral,neutral,neutral,,,,,,,,86.62,H,-0.1917,1.7633,-4.74,loss_of_function,-1.14019680392423,0.7922,pathogenic,https://doi.org/10.1101/2022.10.22.513328
M153I,0.66008,-0.25884,-0.0344386507337757,Neutral,Neutral,13.9,,,0.073,cBioPortal,,False,13.9,,,,neutral,neutral,neutral,,,,,,,,89.61,H,0.019,2.5222,-1.492,gain_of_function,-0.0025672916347165,0.0767,benign,https://doi.org/10.1101/2022.10.22.513328
Q154R,0.39473,0.05782,-0.5800930008767646,Neutral,Neutral,89.2,,3.9772184925e-06,0.421,"cBioPortal,clinvar",,False,89.2,,,,neutral,neutral,neutral,UP,neutral,neutral,neutral,1939496,Uncertain significance,1,86.89,H,-0.0103,2.6414,-6.9099,loss_of_function,-1.08596128797696,0.1117,benign,https://doi.org/10.1101/2022.10.22.513328
I156V,1.54254,0.66531,1.037995557449243,Neutral,Neutral,0.0,,,,clinvar,,False,0.0,,,,neutral,neutral,neutral,DOWN,neutral,neutral,neutral,2445379,Likely pathogenic,1,87.91,H,-0.1693,0.2053,-5.8978,loss_of_function,-0.725190862583806,0.1806,benign,https://doi.org/10.1101/2022.10.22.513328
C159R,0.21797,1.15034,0.0779928293433679,Neutral,Neutral,3.8,,,0.761,cBioPortal,,False,3.8,,,,neutral,neutral,neutral,,,,,,,,80.35,H,-0.3216,1.389,-3.5553,loss_of_function,-1.64693938425157,0.9917,pathogenic,https://doi.org/10.1101/2022.10.22.513328
T160A,0.79421,2.67857,0.8241114339803612,Uncertain,Neutral,0.0,,,,clinvar,,False,0.0,,,,uncertain,,,DOWN,neutral,neutral,neutral,1992461,Uncertain significance,1,80.16,H,-0.2427,0.131,-8.9128,loss_of_function,-1.57351452156346,0.828,pathogenic,https://doi.org/10.1101/2022.10.22.513328
T160S,0.94077,2.19898,1.6760941300581482,Uncertain,Neutral,0.0,,,0.690,COSMIC,,False,0.0,,,,neutral,,,,,,,,,,80.16,H,-0.1921,0.131,-6.1055,loss_of_function,-1.12303884617333,0.8323,pathogenic,https://doi.org/10.1101/2022.10.22.513328
V161F,-0.42996,0.0517,0.2746508505397016,Neutral,Neutral,78.7,,,0.410,"cBioPortal,COSMIC",,True,78.7,,,,neutral,neutral,neutral,,,,,,,,76.28,H,-0.1365,2.3019,-6.5909,loss_of_function,-0.630876414082908,0.2062,benign,https://doi.org/10.1101/2022.10.22.513328
Y163C,1.91244,1.87755,2.237269205489386,Neutral,Uncertain,31.0,,7.9548166415e-06,0.835,COSMIC,,True,31.0,,,,uncertain,,,,,,,,,,72.66,T,-0.3929,0.321,-22.1946,loss_of_function,-2.51897198511168,0.8674,pathogenic,https://doi.org/10.1101/2022.10.22.513328
K167R,0.19107,0.53571,0.2465963102639318,Neutral,Neutral,24.7,,,,clinvar,,True,24.7,,,,neutral,neutral,neutral,-,uncertain,uncertain,uncertain,1319240,Uncertain significance,1,84.87,E,-0.1793,0.0392,-7.8978,loss_of_function,-1.28594291319893,0.2872,benign,https://doi.org/10.1101/2022.10.22.513328
L170F,1.49663,1.58367,0.3685028198445816,Neutral,Neutral,4.5,,,0.752,cBioPortal,,True,4.5,,,,neutral,neutral,neutral,,,,,,,,84.45,E,-0.2592,0.2803,-8.9098,loss_of_function,-5.85544973644473,0.9909,pathogenic,https://doi.org/10.1101/2022.10.22.513328
H172Y,-0.52035,0.17653,0.0459693326516191,Neutral,Neutral,57.1,,,0.413,cBioPortal,,False,57.1,,,,neutral,neutral,neutral,,,,,,,,75.42,T,-0.0728,1.2813,-6.9099,loss_of_function,-0.525328883976458,0.2297,benign,https://doi.org/10.1101/2022.10.22.513328
N173S,0.51232,1.24252,1.0722669126375668,Neutral,Neutral,31.8,3.18369945877e-05,7.15927802658e-05,0.402,"cBioPortal,COSMIC,clinvar",,False,31.8,,,,neutral,neutral,neutral,DOWN,neutral,neutral,neutral,1972912,Uncertain significance,1,76.16,T,-0.2109,0.2159,-8.9098,loss_of_function,-1.48465338642481,0.2489,benign,https://doi.org/10.1101/2022.10.22.513328
R174I,0.71529,-0.7983,0.7007187387223265,Neutral,Neutral,66.7,,,0.717,"cBioPortal,COSMIC",,False,66.7,,,,neutral,neutral,neutral,,,,,,,,81.82,E,-0.3372,1.1072,-22.2066,loss_of_function,-1.75491057760375,0.8686,pathogenic,https://doi.org/10.1101/2022.10.22.513328
V177F,6.84419,2.40306,2.974503892213372,Uncertain,Uncertain,0.0,,,0.834,cBioPortal,,True,0.0,,,,neutral,neutral,neutral,,,,,,,,89.11,E,-0.3659,0.6747,-22.2066,loss_of_function,-3.98768010726728,0.976,pathogenic,https://doi.org/10.1101/2022.10.22.513328
V177I,0.06941,0.58095,0.3917541757024945,Neutral,Neutral,0.0,,3.18197728068e-05,0.195,"cBioPortal,COSMIC,clinvar",,True,0.0,,,,neutral,neutral,neutral,UP,neutral,neutral,neutral,893612,Uncertain significance,2,89.11,E,-0.1264,0.6747,-3.0362,loss_of_function,-0.43815829781676,0.131,benign,https://doi.org/10.1101/2022.10.22.513328
S179N,4.53003,2.58707,-0.5229285940049477,Uncertain,Uncertain,2.4,,,0.626,cBioPortal,,False,2.4,,,,uncertain,,,,,,,,,,85.56,E,-0.274,0.3106,-22.2066,loss_of_function,-5.47916590175489,0.9864,pathogenic,https://doi.org/10.1101/2022.10.22.513328
C180Y,-0.70376,-1.21088,-1.033862829627501,Neutral,Neutral,46.3,,,0.236,cBioPortal,,False,46.3,,,,neutral,neutral,neutral,,,,,,,,81.91,S,-0.238,2.8,-22.2066,loss_of_function,-2.00238346318317,0.1485,benign,https://doi.org/10.1101/2022.10.22.513328
P182L,0.88221,2.14456,-0.96091099931635,Uncertain,Neutral,59.4,,,0.577,COSMIC,,False,59.4,,,,neutral,neutral,neutral,,,,,,,,83.55,H,-0.183,1.2753,-7.3368,loss_of_function,-1.44502491126705,0.3362,benign,https://doi.org/10.1101/2022.10.22.513328
D183N,1.3362,0.1068,0.530004063987804,Neutral,Neutral,96.5,,,0.211,COSMIC,,False,96.5,,,,neutral,neutral,neutral,,,,,,,,86.18,H,-0.1026,1.4446,-6.5969,loss_of_function,-0.505299602808007,0.0986,benign,https://doi.org/10.1101/2022.10.22.513328
I185L,-0.64519,-0.64422,0.2744933635219898,Neutral,Neutral,1.6,,,0.308,cBioPortal,,False,1.6,,,,neutral,neutral,neutral,,,,,,,,85.94,H,-0.0935,1.1747,-0.6997,loss_of_function,-0.543597734334489,0.1445,benign,https://doi.org/10.1101/2022.10.22.513328
Q186K,-0.15166,-0.84728,-0.2748772749538009,Neutral,Neutral,81.1,,,0.279,cBioPortal,,False,81.1,,,,neutral,neutral,neutral,,,,,,,,86.21,H,-0.1962,0.5567,-5.4594,loss_of_function,-0.456484914933853,0.3557,ambiguous,https://doi.org/10.1101/2022.10.22.513328
L188F,2.24968,0.70442,1.5728177960936256,Uncertain,Uncertain,0.3,,,0.725,cBioPortal,,False,0.3,,,,neutral,neutral,neutral,,,,,,,,86.2,H,-0.3379,0.162,-22.2066,loss_of_function,-3.08602206277385,0.8061,pathogenic,https://doi.org/10.1101/2022.10.22.513328
L188V,3.27948,3.14218,1.836758291345002,Destabilizing,Uncertain,0.3,,,0.680,cBioPortal,,False,0.3,,,,neutral,neutral,neutral,,,,,,,,86.2,H,-0.2389,0.162,-7.3339,loss_of_function,-1.29296732794553,0.431,ambiguous,https://doi.org/10.1101/2022.10.22.513328
L189I,1.87035,1.52857,1.4672342320922964,Neutral,Neutral,14.9,,,,clinvar,,False,14.9,,,,neutral,neutral,neutral,-,uncertain,uncertain,uncertain,1359115,Uncertain significance,1,86.94,T,-0.1787,0.3439,-5.9218,loss_of_function,-0.787955352324728,0.4369,ambiguous,https://doi.org/10.1101/2022.10.22.513328
Q190H,0.70478,0.11735,-0.4338222404417163,Neutral,Neutral,66.5,,,0.403,"cBioPortal,COSMIC",,False,66.5,,,,neutral,neutral,neutral,,,,,,,,88.3,T,-0.0845,1.6133,-8.9217,loss_of_function,-1.59510737298106,0.2122,benign,https://doi.org/10.1101/2022.10.22.513328
Q190L,-0.27209,0.02007,-0.7967095088800896,Neutral,Neutral,66.5,,,0.578,"cBioPortal,COSMIC",,False,66.5,,,,neutral,neutral,neutral,,,,,,,,88.3,T,-0.0973,1.6133,-7.9218,loss_of_function,-1.57678424056813,0.1613,benign,https://doi.org/10.1101/2022.10.22.513328
P192L,1.36408,1.05442,-0.6171137910102859,Neutral,Neutral,71.9,,,0.204,"cBioPortal,COSMIC",,False,71.9,,,,neutral,neutral,neutral,,,,,,,,87.58,H,-0.0611,2.6886,-8.9217,loss_of_function,-1.52099900435917,0.1177,benign,https://doi.org/10.1101/2022.10.22.513328
V193A,0.27622,1.24796,0.93835374615327,Neutral,Neutral,44.6,,,0.532,"cBioPortal,COSMIC",,False,44.6,,,,neutral,neutral,neutral,,,,,,,,88.6,H,-0.1267,1.5557,-6.3369,loss_of_function,-0.85931327862112,0.1225,benign,https://doi.org/10.1101/2022.10.22.513328
V193L,-1.18484,0.44048,0.0653576906026071,Neutral,Neutral,44.6,,,0.365,cBioPortal,,False,44.6,,,,neutral,neutral,neutral,,,,,,,,88.6,H,-0.1286,1.5557,-6.5999,loss_of_function,-0.0834578325468847,0.1226,benign,https://doi.org/10.1101/2022.10.22.513328
V193M,-0.94951,1.18197,0.5525077906377814,Neutral,Neutral,44.6,3.18714941356e-05,1.19297575873e-05,0.489,"cBioPortal,COSMIC,clinvar",,False,44.6,,,,neutral,neutral,neutral,UP,neutral,neutral,stabilizing,2177607,Uncertain significance,1,88.6,H,-0.1343,1.5557,-5.9218,loss_of_function,-0.0208271107633223,0.1087,benign,https://doi.org/10.1101/2022.10.22.513328
I194M,-0.0039,2.5585,1.925202122733649,Uncertain,Neutral,0.0,,,0.622,cBioPortal,,False,0.0,,,,neutral,neutral,neutral,,,,,,,,86.16,H,-0.2101,0.4248,-8.9187,loss_of_function,-3.63336593376523,0.636,pathogenic,https://doi.org/10.1101/2022.10.22.513328
R195G,1.89609,1.57347,1.8822958565234489,Neutral,Neutral,60.2,,,,clinvar,,False,60.2,,,,neutral,neutral,neutral,DOWN,neutral,neutral,neutral,1967749,Uncertain significance,1,85.42,H,-0.1335,2.2998,-2.6091,loss_of_function,-0.575731828299297,0.2444,benign,https://doi.org/10.1101/2022.10.22.513328
R195L,0.44151,-0.75986,-0.2429711333953643,Neutral,Neutral,60.2,,,,clinvar,,False,60.2,,,,neutral,neutral,neutral,DOWN,neutral,neutral,neutral,1352361,Uncertain significance,1,85.42,H,-0.1327,2.2998,-8.9128,loss_of_function,-1.50968724978305,0.3688,ambiguous,https://doi.org/10.1101/2022.10.22.513328
E196K,-0.33026,-0.38878,-0.0674301623396012,Neutral,Neutral,83.6,,,0.224,"cBioPortal,COSMIC",,False,83.6,,,,neutral,neutral,neutral,,,,,,,,85.74,H,0.0112,2.8401,-4.1055,gain_of_function,-0.21185919340436,0.1734,benign,https://doi.org/10.1101/2022.10.22.513328
C197R,4.29622,6.62721,1.684058540925906,Destabilizing,Uncertain,2.3,,,0.581,"cBioPortal,COSMIC",,False,2.3,,,,neutral,neutral,neutral,,,,,,,,81.87,H,-0.3866,1.717,-22.2066,loss_of_function,-3.94206356063719,0.9784,pathogenic,https://doi.org/10.1101/2022.10.22.513328
C197Y,0.67298,13.43435,0.565735871022305,Uncertain,Neutral,2.3,,,0.508,cBioPortal,,False,2.3,,,,neutral,neutral,neutral,,,,,,,,81.87,H,-0.3376,1.717,-22.2066,loss_of_function,-1.97919385555812,0.9305,pathogenic,https://doi.org/10.1101/2022.10.22.513328
R198C,0.07152,1.26565,1.7143593595468765,Neutral,Neutral,15.2,,,0.803,cBioPortal,,False,15.2,,,,neutral,neutral,neutral,,,,,,,,83.63,B,-0.3636,0.5966,-22.1976,loss_of_function,-2.85324998179914,0.4589,ambiguous,https://doi.org/10.1101/2022.10.22.513328
R198H,1.93724,1.91667,1.3501667882996162,Neutral,Neutral,15.2,,7.9535512606e-06,0.787,"cBioPortal,COSMIC,clinvar",,False,15.2,,,,neutral,neutral,neutral,DOWN,neutral,neutral,neutral,1311031,Uncertain significance,1,83.63,B,-0.3245,0.5966,-22.1976,loss_of_function,-3.02050355474202,0.6333,pathogenic,https://doi.org/10.1101/2022.10.22.513328
E203K,-0.21022,0.03061,0.3924286220855311,Neutral,Neutral,92.2,,,0.150,cBioPortal,,False,92.2,,,,neutral,neutral,neutral,,,,,,,,46.04,T,-0.0278,2.5222,-6.0192,loss_of_function,-0.640743449345567,0.1426,benign,https://doi.org/10.1101/2022.10.22.513328
G204E,2.84853,1.49558,0.8836107649437747,Uncertain,Uncertain,99.5,,3.9766174892e-06,0.226,cBioPortal,,False,99.5,,,,neutral,neutral,neutral,,,,,,,,47.18,S,-0.0889,2.8299,-3.8239,loss_of_function,-0.249654961040229,0.141,benign,https://doi.org/10.1101/2022.10.22.513328
G204R,2.96697,1.54082,0.7146703411724844,Uncertain,Uncertain,99.5,,,0.304,COSMIC,,False,99.5,,,,neutral,neutral,neutral,,,,,,,,47.18,S,-0.126,2.8299,-7.778,loss_of_function,-0.943520537012787,0.37,ambiguous,https://doi.org/10.1101/2022.10.22.513328
T207F,-0.72058,-0.37959,-0.6750476602005145,Neutral,Neutral,21.6,,,,"cBioPortal,COSMIC",P,True,21.6,2.542,,,damaging,uncertain,potentially_damaging,,,,,,,,56.55,-,-0.069,3.1754,-8.7447,loss_of_function,-0.494451615014595,0.2745,benign,https://doi.org/10.1101/2022.10.22.513328
T207S,0.26418,0.8983,1.0519870398265758,Neutral,Neutral,21.6,,,,clinvar,P,True,21.6,2.542,,,neutral,uncertain,potentially_damaging,DOWN,neutral,neutral,neutral,1948386,Uncertain significance,1,56.55,-,0.1022,3.1754,-3.3186,gain_of_function,-0.0539397820126126,0.0773,benign,https://doi.org/10.1101/2022.10.22.513328
I210T,0.8788,0.88912,0.7963132719010887,Neutral,Neutral,55.1,,,,clinvar,,True,55.1,,,,neutral,neutral,neutral,DOWN,neutral,neutral,neutral,1991223,Uncertain significance,1,65.57,E,-0.0305,2.8663,-4.7037,loss_of_function,-0.329480476976056,0.5871,pathogenic,https://doi.org/10.1101/2022.10.22.513328
E212D,0.64568,0.37143,0.7416591836390768,Neutral,Neutral,42.1,,,0.293,cBioPortal,,False,42.1,,,,neutral,neutral,neutral,,,,,,,,59.7,E,0.0868,3.0742,-4.553,gain_of_function,-0.29341453047184,0.2053,benign,https://doi.org/10.1101/2022.10.22.513328
T213A,0.82859,1.03503,0.3328896898699113,Neutral,Neutral,51.4,,,,clinvar,,False,51.4,,,,uncertain,,,DOWN,neutral,neutral,neutral,1692169,Uncertain significance,1,50.31,E,0.0406,2.9729,-4.631,gain_of_function,-0.257894928475586,0.0858,benign,https://doi.org/10.1101/2022.10.22.513328
K217R,-0.00353,-0.13912,-0.4366483651378416,Neutral,Neutral,80.8,,,0.036,cBioPortal,,False,80.8,,,,neutral,neutral,neutral,,,,,,,,34.86,-,0.0722,2.6346,-5.4016,gain_of_function,-0.0085357279770294,0.0749,benign,https://doi.org/10.1101/2022.10.22.513328
A219T,0.39039,0.2085,0.2329992465882269,Neutral,Neutral,8.3,,,,clinvar,,False,8.3,,,,neutral,neutral,neutral,UP,neutral,neutral,neutral,1471746,Uncertain significance,1,37.61,T,0.0397,2.8881,-5.5422,gain_of_function,-0.300205301124451,0.1149,benign,https://doi.org/10.1101/2022.10.22.513328
A219V,-0.42139,-0.02823,-0.0791914727249881,Neutral,Neutral,8.3,,,0.122,"cBioPortal,COSMIC",,False,8.3,,,,neutral,neutral,neutral,,,,,,,,37.61,T,0.05,2.8881,-4.1093,gain_of_function,-0.0711639229308731,0.1207,benign,https://doi.org/10.1101/2022.10.22.513328
I220S,0.43114,2.23061,2.8445886765860315,Uncertain,Uncertain,43.2,,1.98848270815e-05,0.322,"cBioPortal,COSMIC,clinvar",,False,43.2,,,,neutral,neutral,neutral,DOWN,neutral,neutral,destabilizing,1801982,Uncertain significance,2,41.25,T,-0.1121,3.002,-6.8423,loss_of_function,-0.917115867764775,0.4098,ambiguous,https://doi.org/10.1101/2022.10.22.513328
S221F,-0.27669,-0.1051,-0.0685828694972934,Neutral,Neutral,89.0,,,,clinvar,,False,89.0,,,,uncertain,,,UP,neutral,neutral,destabilizing,1692170,Uncertain significance,1,32.7,G,0.0204,3.3197,-7.8297,gain_of_function,-0.967487780627514,0.1614,benign,https://doi.org/10.1101/2022.10.22.513328
K222Q,0.17969,-0.37415,0.0999671188674811,Neutral,Neutral,100.6,,3.9769021523e-06,0.204,"cBioPortal,COSMIC",,False,100.6,,,,neutral,neutral,neutral,,,,,,,,32.96,G,0.0556,3.1003,-4.2016,gain_of_function,-0.553180923244289,0.1038,benign,https://doi.org/10.1101/2022.10.22.513328
T223A,-0.12237,0.13163,0.3914602383163473,Neutral,Neutral,104.7,,,,clinvar,,False,104.7,,,,uncertain,,,DOWN,neutral,neutral,neutral,1467110,Uncertain significance,1,32.8,G,0.0843,3.4381,-4.4563,gain_of_function,-0.0110114306058571,0.0629,benign,https://doi.org/10.1101/2022.10.22.513328
A224D,-0.29939,0.5415,-0.1933483557765897,Neutral,Neutral,94.5,,,0.194,COSMIC,,True,94.5,,,,neutral,neutral,neutral,,,,,,,,32.21,S,-0.0251,3.382,-5.3798,loss_of_function,-0.194192077488258,0.119,benign,https://doi.org/10.1101/2022.10.22.513328
A224V,-0.03611,0.60204,-0.2107818876045508,Neutral,Neutral,94.5,,,0.084,"cBioPortal,COSMIC",,True,94.5,,,,neutral,neutral,neutral,,,,,,,,32.21,S,0.0986,3.382,-3.4817,gain_of_function,-0.0634717130284957,0.0687,benign,https://doi.org/10.1101/2022.10.22.513328
E225K,0.10337,0.77041,-0.0398581248398149,Neutral,Neutral,88.3,,3.9767756303e-06,0.194,"cBioPortal,COSMIC",,True,88.3,,,,neutral,neutral,neutral,,,,,,,,30.02,T,0.055,3.3015,-3.8518,gain_of_function,-0.210312408872989,0.1033,benign,https://doi.org/10.1101/2022.10.22.513328
E225Q,-0.33284,0.72551,-0.0827101356518517,Neutral,Neutral,88.3,,,0.066,cBioPortal,,True,88.3,,,,neutral,neutral,neutral,,,,,,,,30.02,T,0.1102,3.3015,-2.7225,gain_of_function,-0.0348904080022206,0.0854,benign,https://doi.org/10.1101/2022.10.22.513328
S226I,-0.08811,1.29796,0.1283045073871236,Neutral,Neutral,110.7,,,0.036,cBioPortal,,True,110.7,,,,uncertain,,,,,,,,,,31.07,T,0.0651,3.6235,-3.9449,gain_of_function,-0.570596094379999,0.073,benign,https://doi.org/10.1101/2022.10.22.513328
G228R,-0.1729,0.7568,-0.4344916751943295,Neutral,Neutral,130.9,,,,clinvar,,True,130.9,,,,neutral,neutral,neutral,UP,neutral,neutral,mixed_effects,134127,not provided,0,24.45,-,-0.1116,2.9889,-7.8233,loss_of_function,-0.381317889839136,0.1217,benign,https://doi.org/10.1101/2022.10.22.513328
G229A,-0.07166,0.44252,0.1351689513501852,Neutral,Neutral,83.4,,,,clinvar,,False,83.4,,,,neutral,neutral,neutral,UP,neutral,neutral,mixed_effects,2046909,Uncertain significance,1,26.61,-,-0.0176,2.9417,-3.5465,loss_of_function,-0.0845098479314559,0.0794,benign,https://doi.org/10.1101/2022.10.22.513328
G229E,-0.1401,0.78673,0.0289731156964995,Neutral,Neutral,83.4,,,,clinvar,,False,83.4,,,,neutral,neutral,neutral,UP,neutral,neutral,mixed_effects,2411775,Uncertain significance,1,26.61,-,-0.0809,2.9417,-4.2709,loss_of_function,-0.327613025126467,0.1041,benign,https://doi.org/10.1101/2022.10.22.513328
T232A,0.18323,0.22551,0.1431880537255198,Neutral,Neutral,105.1,,,,clinvar,P,True,105.1,0.136,,,damaging,neutral,potentially_damaging,DOWN,neutral,neutral,stabilizing,1352226,Uncertain significance,2,28.49,-,0.0343,2.8273,-3.2384,gain_of_function,-0.0600074677836783,0.0679,benign,https://doi.org/10.1101/2022.10.22.513328
S233F,-0.25955,0.03367,-0.3295734491369667,Neutral,Neutral,112.1,,,0.340,cBioPortal,,True,112.1,,,,uncertain,,,,,,,,,,27.24,-,-0.0249,2.8806,-8.804,loss_of_function,-0.89237348969652,0.2595,benign,https://doi.org/10.1101/2022.10.22.513328
S233Y,-0.1907,-0.06803,-0.3277997250842057,Neutral,Neutral,112.1,,,0.330,"cBioPortal,COSMIC",,True,112.1,,,,uncertain,,,,,,,,,,27.24,-,-0.0976,2.8806,-22.0918,loss_of_function,-1.49338839296425,0.2635,benign,https://doi.org/10.1101/2022.10.22.513328
R234G,0.27645,1.30612,0.8266639148356283,Neutral,Neutral,102.2,,,0.115,"cBioPortal,COSMIC",,True,102.2,,,,neutral,neutral,neutral,,,,,,,,30.98,-,-0.0483,3.3123,-4.1733,loss_of_function,-0.0136968152301199,0.0701,benign,https://doi.org/10.1101/2022.10.22.513328
R234Q,0.21314,0.98469,0.1994754361329132,Neutral,Neutral,102.2,,3.9764909853e-06,0.081,"cBioPortal,clinvar",,True,102.2,,,,neutral,neutral,neutral,DOWN,neutral,neutral,stabilizing,1366666,Uncertain significance,1,30.98,-,0.0232,3.3123,-2.044,gain_of_function,0.0272174644178306,0.0562,benign,https://doi.org/10.1101/2022.10.22.513328
V235M,-0.41525,0.56122,0.1561237208746357,Neutral,Neutral,100.0,,,0.110,cBioPortal,,True,100.0,,,,neutral,neutral,neutral,,,,,,,,27.16,-,0.0517,3.6464,-7.1732,gain_of_function,-0.0020268630969031,0.0776,benign,https://doi.org/10.1101/2022.10.22.513328
D237N,1.00098,0.30442,0.5059387926657727,Neutral,Neutral,101.4,,,0.106,cBioPortal,,True,101.4,,,,neutral,neutral,neutral,,,,,,,,27.81,-,0.0502,2.9162,-3.1731,gain_of_function,-0.0262804759077708,0.0758,benign,https://doi.org/10.1101/2022.10.22.513328
P238R,0.37194,1.34524,-0.5138299564162485,Neutral,Neutral,74.2,,,0.084,cBioPortal,,True,74.2,,,,neutral,neutral,neutral,,,,,,,,32.14,S,-0.0433,2.9936,-6.8138,loss_of_function,-0.0547143636340319,0.0834,benign,https://doi.org/10.1101/2022.10.22.513328
P238S,0.7821,0.91633,-0.484735773481979,Neutral,Neutral,74.2,,,0.107,"cBioPortal,COSMIC",,True,74.2,,,,neutral,neutral,neutral,,,,,,,,32.14,S,0.036,2.9936,-5.0064,gain_of_function,0.0126177935519772,0.06,benign,https://doi.org/10.1101/2022.10.22.513328
G240V,0.30421,-0.89048,0.6121985757265521,Neutral,Neutral,111.4,,,0.093,cBioPortal,,False,111.4,,,,neutral,neutral,neutral,,,,,,,,31.97,S,-0.0993,3.1306,-5.9674,loss_of_function,-0.135541812494018,0.0734,benign,https://doi.org/10.1101/2022.10.22.513328
K241E,0.3323,0.63435,0.0523195447972452,Neutral,Neutral,76.6,,,,clinvar,,False,76.6,,,,neutral,neutral,neutral,DOWN,neutral,neutral,mixed_effects,1483435,Uncertain significance,1,37.06,-,0.0513,3.277,-3.2029,gain_of_function,-0.110187156994484,0.0852,benign,https://doi.org/10.1101/2022.10.22.513328
D243V,0.58486,-0.06837,0.6697680360365932,Neutral,Neutral,92.9,,,0.253,"cBioPortal,COSMIC",,False,92.9,,,,neutral,neutral,neutral,,,,,,,,50.91,S,-0.0503,2.8808,-6.4982,loss_of_function,-0.265103139099961,0.0949,benign,https://doi.org/10.1101/2022.10.22.513328
D243Y,0.21433,-0.01054,0.4626731511796522,Neutral,Neutral,92.9,,,,clinvar,,False,92.9,,,,neutral,neutral,neutral,UP,neutral,neutral,neutral,2053009,Uncertain significance,1,50.91,S,-0.1279,2.8808,-22.1079,loss_of_function,-0.788449958598335,0.1584,benign,https://doi.org/10.1101/2022.10.22.513328
P245F,1.88311,2.56429,0.1174720804944856,Uncertain,Neutral,30.9,,,,"cBioPortal,COSMIC",,False,30.9,,,,neutral,neutral,neutral,,,,,,,,58.01,-,-0.1321,1.9323,-6.7748,loss_of_function,-1.54446822160909,0.9186,pathogenic,https://doi.org/10.1101/2022.10.22.513328
P245L,2.07363,2.41327,-0.3753586228834976,Uncertain,Uncertain,30.9,,,0.320,"cBioPortal,COSMIC",,False,30.9,,,,neutral,neutral,neutral,,,,,,,,58.01,-,-0.1197,1.9323,-6.7748,loss_of_function,-1.05290003971585,0.488,ambiguous,https://doi.org/10.1101/2022.10.22.513328
P245S,2.33505,1.8085,0.186131088820235,Uncertain,Uncertain,30.9,3.18532203606e-05,7.9528554728e-06,0.217,"cBioPortal,clinvar",,False,30.9,,,,neutral,neutral,neutral,DOWN,neutral,neutral,neutral,1941881,Uncertain significance,1,58.01,-,-0.0707,1.9323,-6.7748,loss_of_function,-1.22041373760073,0.3296,benign,https://doi.org/10.1101/2022.10.22.513328
M246I,0.38454,0.9449,0.3453230290117731,Neutral,Neutral,96.2,,,0.065,"cBioPortal,COSMIC",,False,96.2,,,,neutral,neutral,neutral,,,,,,,,54.34,H,0.0318,2.9566,-6.8073,gain_of_function,-0.319864431886288,0.1062,benign,https://doi.org/10.1101/2022.10.22.513328
D247G,0.38457,1.14932,1.8300072300338368,Neutral,Neutral,59.3,,,0.394,cBioPortal,,False,59.3,,,,neutral,neutral,neutral,,,,,,,,62.35,H,-0.174,1.2209,-7.836,loss_of_function,-1.49870519635304,0.4927,ambiguous,https://doi.org/10.1101/2022.10.22.513328
F251L,-0.82868,2.43707,1.9638397531131528,Uncertain,Neutral,18.5,,,,clinvar,,True,18.5,,,,neutral,neutral,neutral,DOWN,neutral,neutral,neutral,1908218,Uncertain significance,1,55.19,H,-0.0185,2.6384,-3.8042,loss_of_function,-0.393678743509321,0.8384,pathogenic,https://doi.org/10.1101/2022.10.22.513328
M255I,0.09152,0.02925,0.3648696276458563,Neutral,Neutral,35.2,,,,clinvar,,True,35.2,,,,neutral,neutral,neutral,-,uncertain,uncertain,uncertain,1969260,Uncertain significance,1,50.49,H,0.0152,2.5351,-2.4716,gain_of_function,-0.307509063488611,0.3737,ambiguous,https://doi.org/10.1101/2022.10.22.513328
M255V,0.6923,1.43673,0.576289781314038,Neutral,Neutral,35.2,,3.9767123723e-06,0.261,"cBioPortal,COSMIC",,True,35.2,,,,neutral,neutral,neutral,,,,,,,,50.49,H,-0.0157,2.5351,-2.2396,loss_of_function,-0.520200065667825,0.1568,benign,https://doi.org/10.1101/2022.10.22.513328
D256E,-0.3447,-0.13912,-0.2710503948748893,Neutral,Neutral,80.0,,,,clinvar,,True,80.0,,,,neutral,neutral,neutral,UP,neutral,neutral,destabilizing,2192134,Uncertain significance,1,49.68,H,-0.0353,1.7203,-2.6431,loss_of_function,-0.394605606075305,0.2922,benign,https://doi.org/10.1101/2022.10.22.513328
D258E,-0.16211,0.01463,0.0134845342517142,Neutral,Neutral,77.4,,,0.080,"cBioPortal,COSMIC",,True,77.4,,,,neutral,neutral,neutral,,,,,,,,46.57,H,-0.0172,1.8559,-1.5376,loss_of_function,-0.0590436435571643,0.0891,benign,https://doi.org/10.1101/2022.10.22.513328
E259D,0.66641,0.87483,0.4584702034952004,Neutral,Neutral,84.3,,3.9783893888e-06,0.354,"cBioPortal,COSMIC",,True,84.3,,,,neutral,neutral,neutral,,,,,,,,43.69,H,-0.0411,1.524,-1.662,loss_of_function,-0.363473232928579,0.099,benign,https://doi.org/10.1101/2022.10.22.513328
E264D,-0.00071,-0.10612,0.1330064340557868,Neutral,Neutral,71.0,,,0.140,cBioPortal,,True,71.0,,,,neutral,neutral,neutral,,,,,,,,51.03,-,0.0309,2.3105,-1.7231,gain_of_function,-0.408709978326517,0.0944,benign,https://doi.org/10.1101/2022.10.22.513328
T265I,-0.85025,-0.97007,-0.6834650313613871,Neutral,Neutral,54.8,,,0.143,cBioPortal,,True,54.8,,,,uncertain,,,,,,,,,,60.8,E,0.0195,3.0319,-4.7489,gain_of_function,-0.775833129466241,0.1583,benign,https://doi.org/10.1101/2022.10.22.513328
Q266H,0.52046,-0.12075,-0.1973525831988204,Neutral,Neutral,81.3,,,0.138,cBioPortal,,True,81.3,,,,neutral,neutral,neutral,,,,,,,,67.55,E,0.0225,2.6652,-6.9188,gain_of_function,-0.913362716891461,0.2505,benign,https://doi.org/10.1101/2022.10.22.513328
T267S,0.69449,1.24014,1.267022524264395,Neutral,Neutral,12.2,,,0.039,cBioPortal,,True,12.2,,,,neutral,,,,,,,,,,78.12,E,-0.0287,1.9525,-6.9277,loss_of_function,-1.18835400687955,0.3435,ambiguous,https://doi.org/10.1101/2022.10.22.513328
S269F,6.47908,-2.2983,-0.6282553559646714,Uncertain,Uncertain,4.5,,,0.449,"cBioPortal,COSMIC",,True,4.5,,,,uncertain,,,,,,,,,,87.2,E,-0.2556,1.1183,-22.2214,loss_of_function,-2.98435181486822,0.9307,pathogenic,https://doi.org/10.1101/2022.10.22.513328
K273M,-0.56787,0.30918,-0.1818899720526196,Neutral,Neutral,45.7,,,0.088,cBioPortal,,False,45.7,,,,neutral,neutral,neutral,,,,,,,,84.93,-,0.0365,3.144,-6.6088,gain_of_function,-0.934955451237671,0.2746,benign,https://doi.org/10.1101/2022.10.22.513328
Q274H,0.16961,0.87721,-0.2758947529335365,Neutral,Neutral,61.4,,,0.086,"cBioPortal,COSMIC",,False,61.4,,,,neutral,neutral,neutral,,,,,,,,77.98,G,-0.0074,2.2687,-5.6147,loss_of_function,-2.09331875386471,0.8915,pathogenic,https://doi.org/10.1101/2022.10.22.513328
E275K,-0.44479,0.92415,0.3817773456918311,Neutral,Neutral,102.1,,,0.222,cBioPortal,,False,102.1,,,,neutral,neutral,neutral,,,,,,,,80.84,G,-0.0907,1.945,-7.9395,loss_of_function,-1.34312343690943,0.5596,ambiguous,https://doi.org/10.1101/2022.10.22.513328
E275Q,0.06193,0.48776,0.461833207927923,Neutral,Neutral,102.1,,,0.089,"cBioPortal,clinvar",,False,102.1,,,,neutral,neutral,neutral,UP,neutral,neutral,neutral,1350320,Uncertain significance,1,80.84,G,-0.0331,1.945,-6.3546,loss_of_function,-0.744309908178161,0.2965,benign,https://doi.org/10.1101/2022.10.22.513328
M276I,1.65955,2.01463,0.2848224646753905,Uncertain,Neutral,42.3,,,0.057,"cBioPortal,clinvar",,False,42.3,,,,neutral,neutral,neutral,-,uncertain,uncertain,uncertain,1954123,Uncertain significance,1,81.76,G,-0.0631,2.7803,-22.2302,loss_of_function,-2.66943022050484,0.6697,pathogenic,https://doi.org/10.1101/2022.10.22.513328
E278K,0.5601,0.77381,-0.2121657549617805,Neutral,Neutral,84.4,,,0.340,"cBioPortal,COSMIC",,False,84.4,,,,neutral,neutral,neutral,,,,,,,,77.24,H,-0.2847,0.6293,-22.2302,loss_of_function,-3.20028408468036,0.9911,pathogenic,https://doi.org/10.1101/2022.10.22.513328
E279A,0.60861,-0.2517,0.5066871011465992,Neutral,Neutral,63.4,,,0.138,"cBioPortal,COSMIC",,False,63.4,,,,neutral,neutral,neutral,,,,,,,,83.48,H,0.0344,2.8858,-4.6946,gain_of_function,-0.95398608965037,0.1172,benign,https://doi.org/10.1101/2022.10.22.513328
R283C,2.18645,1.38844,2.234133076052851,Uncertain,Uncertain,34.0,0.0013691651276826,0.0008470464722304,0.525,"COSMIC,clinvar",,False,34.0,,,,neutral,neutral,neutral,DOWN,neutral,neutral,neutral,134128,Uncertain significance,2,85.72,H,-0.3038,0.3829,-6.6293,loss_of_function,-0.380392187459579,0.2477,benign,https://doi.org/10.1101/2022.10.22.513328
R283H,2.1758,1.48741,1.833690116412671,Uncertain,Uncertain,34.0,,7.9531084724e-06,0.271,"cBioPortal,clinvar",,False,34.0,,,,neutral,neutral,neutral,DOWN,neutral,neutral,neutral,1937211,Uncertain significance,1,85.72,H,-0.3444,0.3829,-22.239,loss_of_function,-2.62986810220205,0.2106,benign,https://doi.org/10.1101/2022.10.22.513328
A293T,-0.31186,-0.47619,-0.0873153551780214,Neutral,Neutral,48.1,,,,clinvar,,False,48.1,,,,neutral,neutral,neutral,UP,neutral,neutral,neutral,1358289,Uncertain significance,1,81.06,E,-0.2119,1.0802,-22.2448,loss_of_function,-1.75203413616743,0.7751,pathogenic,https://doi.org/10.1101/2022.10.22.513328
F297C,2.93255,1.66803,3.161902841481574,Uncertain,Uncertain,5.5,,,,clinvar,,False,5.5,,,,neutral,neutral,neutral,DOWN,neutral,neutral,neutral,2012698,Uncertain significance,1,83.3,T,-0.3439,0.0628,-8.957,loss_of_function,-5.39710304760441,0.9978,pathogenic,https://doi.org/10.1101/2022.10.22.513328
F297S,2.93145,2.87517,3.434982495885761,Uncertain,Uncertain,5.5,,,,clinvar,,False,5.5,,,,neutral,neutral,neutral,DOWN,neutral,neutral,neutral,1520987,Uncertain significance,1,83.3,T,-0.4225,0.0628,-22.2448,loss_of_function,-6.53024682754065,0.9992,pathogenic,https://doi.org/10.1101/2022.10.22.513328
R298L,-0.16579,-1.2619,-0.1839525417072079,Neutral,Neutral,52.3,,,0.388,COSMIC,,False,52.3,,,,neutral,neutral,neutral,,,,,,,,83.19,T,-0.3664,0.4997,-22.2448,loss_of_function,-2.05802425167521,0.9546,pathogenic,https://doi.org/10.1101/2022.10.22.513328
R298Q,-0.11072,-0.44116,0.7030373730267638,Neutral,Neutral,52.3,,7.952412762e-06,0.272,"cBioPortal,COSMIC",,False,52.3,,,,neutral,neutral,neutral,,,,,,,,83.19,T,-0.2708,0.4997,-8.957,loss_of_function,-2.08073259200269,0.6237,pathogenic,https://doi.org/10.1101/2022.10.22.513328
R298W,0.56153,-0.60408,-0.2831593857937792,Neutral,Neutral,52.3,,1.1928619143e-05,0.300,"cBioPortal,COSMIC,clinvar",,False,52.3,,,,neutral,neutral,neutral,UP,neutral,neutral,stabilizing,1463602,Uncertain significance,1,83.19,T,-0.3816,0.4997,-22.2448,loss_of_function,-0.739353940350175,0.9048,pathogenic,https://doi.org/10.1101/2022.10.22.513328
D300G,4.0517,5.5949,3.664245564294077,Destabilizing,Destabilizing,1.6,,,0.732,"cBioPortal,COSMIC",,False,1.6,,,,neutral,neutral,neutral,,,,,,,,83.68,-,-0.3579,0.021,-22.2448,loss_of_function,-4.22612901560111,0.9983,pathogenic,https://doi.org/10.1101/2022.10.22.513328
S301A,0.07971,0.80102,0.3714959859746897,Neutral,Neutral,85.1,,7.952412762e-06,0.029,"cBioPortal,COSMIC",,False,85.1,,,,uncertain,,,,,,,,,,78.61,-,0.0023,2.12,-5.0502,gain_of_function,-0.335494819287802,0.0679,benign,https://doi.org/10.1101/2022.10.22.513328
S301P,-0.46484,1.25986,2.91259996129516,Neutral,Uncertain,85.1,,,0.145,cBioPortal,,False,85.1,,,,uncertain,,,,,,,,,,78.61,-,-0.1711,2.12,-8.957,loss_of_function,-1.51484735176365,0.3844,ambiguous,https://doi.org/10.1101/2022.10.22.513328
N303H,0.39717,0.27415,0.4609412198838086,Neutral,Neutral,14.0,,,0.465,cBioPortal,,False,14.0,,,,neutral,neutral,neutral,,,,,,,,81.97,S,-0.3255,0.0912,-22.2419,loss_of_function,-4.04524142795702,0.9459,pathogenic,https://doi.org/10.1101/2022.10.22.513328
P304L,1.1442,1.0898,-0.5287435203567947,Neutral,Neutral,69.8,,,0.436,"cBioPortal,COSMIC",,False,69.8,,,,neutral,neutral,neutral,,,,,,,,85.79,-,-0.2015,1.1647,-8.9541,loss_of_function,-2.07953756382336,0.2222,benign,https://doi.org/10.1101/2022.10.22.513328
P304S,1.1568,0.88435,-0.2869159190070769,Neutral,Neutral,69.8,,,0.326,cBioPortal,,False,69.8,,,,neutral,neutral,neutral,,,,,,,,85.79,-,-0.2202,1.1647,-22.2419,loss_of_function,-1.74330501269429,0.2252,benign,https://doi.org/10.1101/2022.10.22.513328
I306M,-0.25252,0.41531,1.0616029576208004,Neutral,Neutral,12.4,,,0.128,"cBioPortal,COSMIC",,False,12.4,,,,neutral,neutral,neutral,,,,,,,,87.75,-,-0.1362,1.2299,-8.9541,loss_of_function,-1.29301796527095,0.201,benign,https://doi.org/10.1101/2022.10.22.513328
I306V,0.85651,-0.07143,0.7137230315843137,Neutral,Neutral,12.4,,3.976206381e-06,0.074,"cBioPortal,COSMIC,clinvar",,False,12.4,,,,neutral,neutral,neutral,DOWN,neutral,neutral,neutral,2091859,Uncertain significance,1,87.75,-,-0.0702,1.2299,-4.9542,loss_of_function,-0.358362727472146,0.0851,benign,https://doi.org/10.1101/2022.10.22.513328
I308T,2.90112,2.14218,2.49588585422534,Uncertain,Uncertain,2.0,,,0.542,COSMIC,,False,2.0,,,,neutral,neutral,neutral,,,,,,,,89.37,-,-0.3148,0.7486,-22.2419,loss_of_function,-3.73297134812282,0.6986,pathogenic,https://doi.org/10.1101/2022.10.22.513328
D309A,0.19451,1.20884,0.3524062980867409,Neutral,Neutral,62.6,,,0.249,"cBioPortal,COSMIC",,False,62.6,,,,neutral,neutral,neutral,,,,,,,,92.03,-,-0.2696,0.1233,-8.9541,loss_of_function,-2.20172676016504,0.9498,pathogenic,https://doi.org/10.1101/2022.10.22.513328
P312L,1.20853,1.13129,-1.4294291504637435,Neutral,Neutral,92.1,,,0.511,cBioPortal,,True,92.1,,,,neutral,neutral,neutral,,,,,,,,88.62,T,-0.358,0.2009,-22.2448,loss_of_function,-4.81995959174722,0.8401,pathogenic,https://doi.org/10.1101/2022.10.22.513328
T313I,-1.28412,-0.17483,-0.117569378083347,Neutral,Neutral,86.7,,,0.277,"cBioPortal,COSMIC",,True,86.7,,,,uncertain,,,,,,,,,,90.67,T,-0.0527,2.2162,-4.2022,loss_of_function,-1.08814356897299,0.4632,ambiguous,https://doi.org/10.1101/2022.10.22.513328
A314G,2.08921,2.23537,2.1522180833008355,Uncertain,Uncertain,0.2,,,0.337,COSMIC,,True,0.2,,,,neutral,neutral,neutral,,,,,,,,88.61,-,-0.2423,0.9983,-22.2448,loss_of_function,-5.47115036824516,0.8409,pathogenic,https://doi.org/10.1101/2022.10.22.513328
V315L,-0.23864,-0.06769,-0.2559867546715344,Neutral,Neutral,92.7,,,,clinvar,,True,92.7,,,,neutral,neutral,neutral,UP,neutral,neutral,stabilizing,1493583,Uncertain significance,1,90.93,-,-0.0981,1.8895,-6.6352,loss_of_function,-0.568633168632822,0.3134,benign,https://doi.org/10.1101/2022.10.22.513328
R317T,0.50972,1.71871,1.347326216002696,Neutral,Neutral,41.5,,,0.768,"cBioPortal,COSMIC",,True,41.5,,,,neutral,neutral,neutral,,,,,,,,91.16,-,-0.4129,0.021,-22.2448,loss_of_function,-8.4838465495394,0.9999,pathogenic,https://doi.org/10.1101/2022.10.22.513328
P318L,1.91657,1.30374,-1.2686421001046293,Neutral,Neutral,71.9,,7.9526657336e-06,0.667,cBioPortal,,False,71.9,,,,neutral,neutral,neutral,,,,,,,,90.12,H,-0.3565,0.2165,-22.2448,loss_of_function,-4.05789907030847,0.7689,pathogenic,https://doi.org/10.1101/2022.10.22.513328
Q320E,0.56898,2.0017,2.4181962615005004,Uncertain,Uncertain,1.6,,,0.878,"cBioPortal,COSMIC",,False,1.6,,,,neutral,neutral,neutral,,,,,,,,92.28,H,-0.3012,0.0419,-22.2477,loss_of_function,-5.14335007035648,0.9382,pathogenic,https://doi.org/10.1101/2022.10.22.513328
E321D,0.6164,0.73197,0.6885152172629813,Neutral,Neutral,41.9,,,0.388,"cBioPortal,COSMIC",,False,41.9,,,,neutral,neutral,neutral,,,,,,,,91.24,H,-0.2826,0.0419,-22.2477,loss_of_function,-3.87384396450693,0.9942,pathogenic,https://doi.org/10.1101/2022.10.22.513328
S323N,6.64224,3.9432,1.0349057002412376,Destabilizing,Uncertain,0.0,,,0.383,"COSMIC,clinvar",P,True,0.0,12.296,,,uncertain,neutral,uncertain,UP,neutral,neutral,neutral,1487865,Uncertain significance,1,89.39,H,-0.2876,0.1652,-22.2477,loss_of_function,-6.684623490985,0.994,pathogenic,https://doi.org/10.1101/2022.10.22.513328
L324M,-0.20894,1.5568,1.8172195777452225,Neutral,Neutral,3.6,,,0.508,cBioPortal,,True,3.6,,,,neutral,neutral,neutral,,,,,,,,90.63,H,-0.315,0.021,-22.2477,loss_of_function,-4.58383554217647,0.9354,pathogenic,https://doi.org/10.1101/2022.10.22.513328
R325Q,0.44981,0.55238,0.9610173589870676,Neutral,Neutral,62.1,,7.9526657336e-06,0.162,"cBioPortal,COSMIC",,True,62.1,,,,neutral,neutral,neutral,,,,,,,,88.12,H,-0.182,1.337,-6.6381,loss_of_function,-0.0291788207785626,0.5816,pathogenic,https://doi.org/10.1101/2022.10.22.513328
K326T,0.79003,0.45,0.6061692198214869,Neutral,Neutral,45.8,,,0.554,cBioPortal,,True,45.8,,,,neutral,neutral,neutral,,,,,,,,83.88,H,-0.3426,0.021,-22.2477,loss_of_function,-2.21444025217185,0.9842,pathogenic,https://doi.org/10.1101/2022.10.22.513328
G331R,2.71004,0.75068,0.5028108273304366,Uncertain,Uncertain,32.2,,,,clinvar,,False,32.2,,,,neutral,neutral,neutral,UP,neutral,neutral,neutral,1429961,Uncertain significance,1,74.83,T,-0.4286,0.3442,-22.2477,loss_of_function,-4.39731893032276,0.995,pathogenic,https://doi.org/10.1101/2022.10.22.513328
G331V,4.59754,4.97449,1.8608763556882528,Destabilizing,Uncertain,32.2,,,,clinvar,,False,32.2,,,,neutral,neutral,neutral,UP,neutral,neutral,neutral,1509686,Uncertain significance,1,74.83,T,-0.4388,0.3442,-22.2477,loss_of_function,-6.46652234344753,0.9928,pathogenic,https://doi.org/10.1101/2022.10.22.513328
G331W,3.18095,-0.58061,0.3101198866352611,Uncertain,Uncertain,32.2,,,0.678,cBioPortal,,False,32.2,,,,neutral,neutral,neutral,,,,,,,,74.83,T,-0.4497,0.3442,-22.2477,loss_of_function,-5.61785788628302,0.9978,pathogenic,https://doi.org/10.1101/2022.10.22.513328
R332C,2.77654,1.95,1.5418085646967532,Uncertain,Uncertain,8.6,,,0.590,"cBioPortal,COSMIC",,False,8.6,,,,neutral,neutral,neutral,,,,,,,,85.08,E,-0.4168,0.021,-22.2477,loss_of_function,-5.42552159255573,0.9949,pathogenic,https://doi.org/10.1101/2022.10.22.513328
A333E,2.62183,2.82959,3.626407874532673,Uncertain,Uncertain,0.0,,,0.733,COSMIC,,False,0.0,,,,neutral,neutral,neutral,,,,,,,,88.63,E,-0.4012,0.074,-22.2477,loss_of_function,-5.48014359968947,0.9997,pathogenic,https://doi.org/10.1101/2022.10.22.513328
R334C,2.43516,0.4119,2.4334026232774724,Uncertain,Uncertain,14.0,,3.9766174892e-06,0.351,"cBioPortal,COSMIC",,False,14.0,,,,neutral,neutral,neutral,,,,,,,,87.43,E,-0.4059,0.1399,-22.2448,loss_of_function,-5.26855502585398,0.9877,pathogenic,https://doi.org/10.1101/2022.10.22.513328
R334G,4.29028,2.61939,3.3273261616270378,Uncertain,Destabilizing,14.0,,,,clinvar,,False,14.0,,,,neutral,neutral,neutral,DOWN,neutral,neutral,neutral,1427569,Uncertain significance,1,87.43,E,-0.4324,0.1399,-22.2448,loss_of_function,-4.16313005777373,0.9969,pathogenic,https://doi.org/10.1101/2022.10.22.513328
R334L,0.60741,-0.84422,0.6102231869842186,Neutral,Neutral,14.0,,,0.523,cBioPortal,,False,14.0,,,,neutral,neutral,neutral,,,,,,,,87.43,E,-0.3995,0.1399,-22.2448,loss_of_function,-6.27586952336547,0.9951,pathogenic,https://doi.org/10.1101/2022.10.22.513328
S335L,1.61918,6.5102,-0.4970929338251317,Uncertain,Neutral,5.6,0.0001592965464509,3.97664911639e-05,0.425,"cBioPortal,COSMIC,clinvar",,True,5.6,,,,uncertain,,,UP,neutral,neutral,neutral,1507046,Uncertain significance,2,87.91,-,-0.2863,0.0419,-8.957,loss_of_function,-5.05486963051043,0.9941,pathogenic,https://doi.org/10.1101/2022.10.22.513328
V339F,4.66883,6.81633,1.233247031379693,Destabilizing,Uncertain,6.6,,,,clinvar,,True,6.6,,,,neutral,neutral,neutral,UP,neutral,neutral,neutral,1319558,Uncertain significance,1,87.56,E,-0.4262,0.021,-22.2419,loss_of_function,-7.98127913517088,0.9962,pathogenic,https://doi.org/10.1101/2022.10.22.513328
V339I,-0.01129,1.03231,0.1139560794177696,Neutral,Neutral,6.6,,,,clinvar,,True,6.6,,,,neutral,neutral,neutral,UP,neutral,neutral,neutral,1955806,Uncertain significance,1,87.56,E,-0.2846,0.021,-22.2419,loss_of_function,-3.70902699271425,0.564,ambiguous,https://doi.org/10.1101/2022.10.22.513328
L340F,3.41203,1.42823,1.4607489390755413,Uncertain,Uncertain,0.0,,,0.681,"cBioPortal,COSMIC",,True,0.0,,,,neutral,neutral,neutral,,,,,,,,88.21,-,-0.353,0.0001,-22.2419,loss_of_function,-8.57906043725104,0.9959,pathogenic,https://doi.org/10.1101/2022.10.22.513328
P341L,4.68919,3.01803,0.0785429345736171,Destabilizing,Uncertain,1.6,,3.9774399605e-06,0.772,"cBioPortal,COSMIC",,True,1.6,,,,neutral,neutral,neutral,,,,,,,,81.75,-,-0.3764,0.0001,-22.2419,loss_of_function,-8.57827288844488,0.9976,pathogenic,https://doi.org/10.1101/2022.10.22.513328
P341S,4.66717,2.26633,0.6232077973093153,Uncertain,Uncertain,1.6,,,0.841,"cBioPortal,COSMIC",,True,1.6,,,,neutral,neutral,neutral,,,,,,,,81.75,-,-0.3274,0.0001,-22.2419,loss_of_function,-7.56118019361116,0.9987,pathogenic,https://doi.org/10.1101/2022.10.22.513328
G343S,4.67964,0.95102,1.3805793082068645,Uncertain,Uncertain,43.6,,1.19337438541e-05,0.972,"cBioPortal,COSMIC",,False,43.6,,,,neutral,neutral,neutral,,,,,,,,77.09,T,-0.3896,0.0001,-22.2448,loss_of_function,-8.57906043725104,0.9991,pathogenic,https://doi.org/10.1101/2022.10.22.513328
S347F,-2.95002,-1.42721,-1.254714948182624,Uncertain,Uncertain,39.5,,,0.636,cBioPortal,,True,39.5,,,,uncertain,,,,,,,,,,91.51,H,-0.2666,0.9999,-22.2506,loss_of_function,-7.1226176106603,0.9998,pathogenic,https://doi.org/10.1101/2022.10.22.513328
G350S,4.00236,2.66497,2.915618337044356,Uncertain,Uncertain,0.0,6.3682098962e-05,8.0169317599e-06,0.528,cBioPortal,,False,0.0,,,,neutral,neutral,neutral,,,,,,,,94.43,H,-0.3896,0.0001,-22.2506,loss_of_function,-5.93827191348423,0.9799,pathogenic,https://doi.org/10.1101/2022.10.22.513328
A353P,5.38207,12.35136,7.913039068812027,Destabilizing,Destabilizing,0.0,,,,clinvar,,False,0.0,,,,neutral,neutral,neutral,UP,neutral,neutral,neutral,1351586,Uncertain significance,1,94.43,H,-0.4583,0.0418,-22.2506,loss_of_function,-8.14156011669341,0.9999,pathogenic,https://doi.org/10.1101/2022.10.22.513328
A353V,-1.53993,2.24694,0.3931861102055323,Uncertain,Neutral,0.0,,,0.477,cBioPortal,,False,0.0,,,,neutral,neutral,neutral,,,,,,,,94.43,H,-0.3045,0.0418,-22.2506,loss_of_function,-5.00619602121402,0.948,pathogenic,https://doi.org/10.1101/2022.10.22.513328
A354E,4.8371,3.20782,3.964073266281877,Destabilizing,Destabilizing,1.7,,,0.684,COSMIC,,False,1.7,,,,neutral,neutral,neutral,,,,,,,,94.4,H,-0.3174,0.9853,-22.2506,loss_of_function,-6.17406744484723,0.9983,pathogenic,https://doi.org/10.1101/2022.10.22.513328
A354T,0.00653,0.47211,1.826237799220729,Neutral,Neutral,1.7,,,0.447,cBioPortal,,False,1.7,,,,neutral,neutral,neutral,,,,,,,,94.4,H,-0.1477,0.9853,-7.9628,loss_of_function,-1.43612838413654,0.3589,ambiguous,https://doi.org/10.1101/2022.10.22.513328
A354V,-0.35161,-0.75408,1.05138947802499,Neutral,Neutral,1.7,,,,clinvar,,False,1.7,,,,neutral,neutral,neutral,UP,neutral,neutral,neutral,2075544,Uncertain significance,1,94.4,H,-0.1295,0.9853,-4.9629,loss_of_function,-0.619151667817224,0.325,benign,https://doi.org/10.1101/2022.10.22.513328
C355Y,3.40958,7.5051,3.074483897015124,Destabilizing,Destabilizing,4.9,,,0.405,cBioPortal,,False,4.9,,,,neutral,neutral,neutral,,,,,,,,93.28,H,-0.4565,0.4279,-22.2506,loss_of_function,-4.90780117803107,0.9982,pathogenic,https://doi.org/10.1101/2022.10.22.513328
T356A,0.28943,0.45714,0.2444799672723385,Neutral,Neutral,43.0,,,0.394,"cBioPortal,COSMIC",,False,43.0,,,,uncertain,,,,,,,,,,92.19,H,-0.3154,0.081,-22.2506,loss_of_function,-2.45896160979897,0.9523,pathogenic,https://doi.org/10.1101/2022.10.22.513328
R358I,4.80189,4.61224,1.764958894953118,Destabilizing,Uncertain,55.0,,,0.356,"cBioPortal,COSMIC",,True,55.0,,,,neutral,neutral,neutral,,,,,,,,92.12,-,-0.3255,1.2374,-22.2506,loss_of_function,-5.99721888093036,0.9966,pathogenic,https://doi.org/10.1101/2022.10.22.513328
K359R,3.66728,0.82245,0.1114226201076501,Uncertain,Uncertain,2.2,0.0001274047649382,5.57782257743e-05,0.222,"cBioPortal,clinvar",,True,2.2,,,,neutral,neutral,neutral,-,uncertain,uncertain,uncertain,892812,Uncertain significance,2,91.1,S,-0.2562,0.0001,-22.2506,loss_of_function,-2.04093027198273,0.63,pathogenic,https://doi.org/10.1101/2022.10.22.513328
R360C,1.03443,0.48741,1.5911229924010335,Neutral,Neutral,35.0,0.0001274047649382,1.59394301654e-05,0.364,"cBioPortal,COSMIC,clinvar",,True,35.0,,,,neutral,neutral,neutral,DOWN,neutral,neutral,neutral,331084,Uncertain significance,2,92.66,-,-0.296,1.3344,-22.2506,loss_of_function,-1.90271777576366,0.8212,pathogenic,https://doi.org/10.1101/2022.10.22.513328
R360H,0.92277,0.00374,0.4614706291351911,Neutral,Neutral,35.0,,7.9681909816e-06,0.365,"cBioPortal,COSMIC,clinvar",,True,35.0,,,,neutral,neutral,neutral,DOWN,neutral,neutral,neutral,1395194,Conflicting interpretations of pathogenicity,1,92.66,-,-0.2569,1.3344,-22.2506,loss_of_function,-4.24553836944373,0.6645,pathogenic,https://doi.org/10.1101/2022.10.22.513328
C361F,5.78008,2.79184,2.306468941418035,Uncertain,Uncertain,0.6,,,0.603,"cBioPortal,COSMIC",,False,0.6,,,,neutral,neutral,neutral,,,,,,,,94.59,E,-0.3391,1.6023,-22.2506,loss_of_function,-5.52435315294976,0.9759,pathogenic,https://doi.org/10.1101/2022.10.22.513328
C361S,1.15067,1.78197,2.423204414968539,Neutral,Uncertain,0.6,,,,clinvar,,False,0.6,,,,neutral,neutral,neutral,DOWN,neutral,neutral,neutral,1407013,Uncertain significance,1,94.59,E,-0.3359,1.6023,-22.2506,loss_of_function,-1.91535896166958,0.5527,ambiguous,https://doi.org/10.1101/2022.10.22.513328
L364P,6.92576,6.30408,8.142028157399107,Destabilizing,Destabilizing,0.0,,,0.773,cBioPortal,,False,0.0,,,,neutral,neutral,neutral,,,,,,,,92.54,E,-0.503,0.0001,-22.2506,loss_of_function,-7.97052317116358,0.9994,pathogenic,https://doi.org/10.1101/2022.10.22.513328
G365C,2.02352,0.91361,0.9013705249785758,Uncertain,Uncertain,0.9,,,0.226,"cBioPortal,COSMIC",,False,0.9,,,,neutral,neutral,neutral,,,,,,,,89.44,E,-0.2244,1.1794,-0.5835,loss_of_function,0.348846851404858,0.2333,benign,https://doi.org/10.1101/2022.10.22.513328
G365D,5.64056,4.22313,2.3099850153712245,Destabilizing,Uncertain,0.9,,3.9797193502e-06,0.353,"cBioPortal,COSMIC",,False,0.9,,,,neutral,neutral,neutral,,,,,,,,89.44,E,-0.3355,1.1794,-22.2506,loss_of_function,-5.72009718621254,0.9967,pathogenic,https://doi.org/10.1101/2022.10.22.513328
N366I,-1.27837,-1.27415,-0.246580808790427,Neutral,Neutral,40.9,,,0.267,cBioPortal,,False,40.9,,,,neutral,neutral,neutral,,,,,,,,83.64,S,-0.2872,1.0,-22.2506,loss_of_function,-2.96120275519756,0.846,pathogenic,https://doi.org/10.1101/2022.10.22.513328
S367P,2.8117,6.25374,3.7348098149688846,Uncertain,Uncertain,36.9,,,0.790,"cBioPortal,COSMIC",,False,36.9,,,,uncertain,,,,,,,,,,83.49,S,-0.4265,0.081,-22.2506,loss_of_function,-6.80128816335685,0.9996,pathogenic,https://doi.org/10.1101/2022.10.22.513328
S370F,-0.17066,0.50476,-1.175841874344535,Neutral,Neutral,25.4,,,0.617,"cBioPortal,COSMIC",,False,25.4,,,,uncertain,,,,,,,,,,86.48,H,-0.3256,0.359,-22.2506,loss_of_function,-7.44326639333562,0.9983,pathogenic,https://doi.org/10.1101/2022.10.22.513328
S370T,-0.13693,-0.01429,0.0731043737338837,Neutral,Neutral,25.4,,,0.371,COSMIC,,False,25.4,,,,neutral,,,,,,,,,,86.48,H,-0.2382,0.359,-22.2506,loss_of_function,-4.46636850593288,0.815,pathogenic,https://doi.org/10.1101/2022.10.22.513328
E372V,0.79367,-0.30272,-0.3976889563076297,Neutral,Neutral,53.5,,,0.302,cBioPortal,,False,53.5,,,,neutral,neutral,neutral,,,,,,,,89.24,H,-0.1184,1.4387,-5.9629,loss_of_function,-1.68098384277447,0.9697,pathogenic,https://doi.org/10.1101/2022.10.22.513328
A376D,0.52744,0.57619,0.0187685018544297,Neutral,Neutral,74.4,,7.9534247447e-06,0.244,COSMIC,,True,74.4,,,,neutral,neutral,neutral,,,,,,,,92.24,H,-0.2367,2.0175,-22.2506,loss_of_function,-1.14687053586579,0.9507,pathogenic,https://doi.org/10.1101/2022.10.22.513328
A376S,0.01777,0.53129,0.227586264490856,Neutral,Neutral,74.4,,,0.116,"cBioPortal,COSMIC",,True,74.4,,,,neutral,neutral,neutral,,,,,,,,92.24,H,-0.0211,2.0175,-2.9185,loss_of_function,-0.101852561272408,0.0662,benign,https://doi.org/10.1101/2022.10.22.513328
Q377L,-0.64353,-0.01429,-0.3355112552077643,Neutral,Neutral,41.2,,,,clinvar,,True,41.2,,,,neutral,neutral,neutral,UP,neutral,neutral,stabilizing,1319557,Uncertain significance,1,92.26,H,-0.3028,0.1743,-22.2506,loss_of_function,-6.79731675662975,0.9898,pathogenic,https://doi.org/10.1101/2022.10.22.513328
F378L,1.1869,2.27925,2.205705263620092,Uncertain,Uncertain,0.0,,,0.372,cBioPortal,,True,0.0,,,,neutral,neutral,neutral,,,,,,,,93.48,H,-0.3519,0.0378,-22.2506,loss_of_function,-2.27641575831504,0.9937,pathogenic,https://doi.org/10.1101/2022.10.22.513328
K379R,0.32503,0.43299,-0.0389495442104825,Neutral,Neutral,59.3,,,0.061,cBioPortal,,True,59.3,,,,neutral,neutral,neutral,,,,,,,,92.84,H,-0.0353,1.4789,-5.641,loss_of_function,-0.346035739450304,0.1017,benign,https://doi.org/10.1101/2022.10.22.513328
K379T,0.32607,0.86361,0.8477776217039185,Neutral,Neutral,59.3,3.18369945877e-05,3.9765226105e-06,0.228,cBioPortal,,True,59.3,,,,neutral,neutral,neutral,,,,,,,,92.84,H,-0.2085,1.4789,-22.2506,loss_of_function,-2.55156918207396,0.9102,pathogenic,https://doi.org/10.1101/2022.10.22.513328
I384F,5.00818,4.60816,1.8456510174145515,Destabilizing,Uncertain,0.5,,,0.369,"cBioPortal,COSMIC,clinvar",,True,0.5,,,,neutral,neutral,neutral,UP,neutral,neutral,neutral,1495592,Uncertain significance,1,91.93,-,-0.2421,1.5785,-22.2535,loss_of_function,-4.51986709440986,0.9092,pathogenic,https://doi.org/10.1101/2022.10.22.513328
I384M,-0.36597,0.53537,1.420230599875844,Neutral,Neutral,0.5,,,0.352,cBioPortal,,True,0.5,,,,neutral,neutral,neutral,,,,,,,,91.93,-,-0.172,1.5785,-22.2535,loss_of_function,-1.55692677702914,0.2351,benign,https://doi.org/10.1101/2022.10.22.513328
I384T,3.03799,1.11871,2.951228740820837,Uncertain,Uncertain,0.5,,,0.317,cBioPortal,,True,0.5,,,,neutral,neutral,neutral,,,,,,,,91.93,-,-0.1707,1.5785,-8.9656,loss_of_function,-2.19015159129919,0.4417,ambiguous,https://doi.org/10.1101/2022.10.22.513328
D385N,0.28451,0.64388,0.3615345927849306,Neutral,Neutral,81.7,,,0.080,COSMIC,,True,81.7,,,,neutral,neutral,neutral,,,,,,,,90.88,-,-0.0463,2.0218,-5.9658,loss_of_function,-0.599919215700337,0.5244,ambiguous,https://doi.org/10.1101/2022.10.22.513328
D386N,0.50793,1.09116,0.2962412836095746,Neutral,Neutral,48.5,,2.38587561635e-05,0.186,"cBioPortal,COSMIC,clinvar",,True,48.5,,,,neutral,neutral,neutral,-,uncertain,uncertain,uncertain,331081,Uncertain significance,1,89.27,G,-0.1212,1.3184,-7.9657,loss_of_function,-1.32128048464278,0.4255,ambiguous,https://doi.org/10.1101/2022.10.22.513328
D386Y,-0.17798,1.64286,0.2131927201870515,Neutral,Neutral,48.5,,,0.386,cBioPortal,,True,48.5,,,,neutral,neutral,neutral,,,,,,,,89.27,G,-0.2724,1.3184,-22.2535,loss_of_function,-5.07077924453234,0.908,pathogenic,https://doi.org/10.1101/2022.10.22.513328
S387R,-0.82228,-0.13299,-0.3003157671824108,Neutral,Neutral,98.3,,,0.227,COSMIC,,True,98.3,,,,uncertain,,,,,,,,,,89.5,G,-0.082,2.1141,-3.0589,loss_of_function,-0.812391018178123,0.901,pathogenic,https://doi.org/10.1101/2022.10.22.513328
Q388H,0.24356,1.79184,-0.1208442383785607,Neutral,Neutral,34.7,,,0.071,cBioPortal,,False,34.7,,,,neutral,neutral,neutral,,,,,,,,91.51,G,-0.0165,2.2263,-6.6438,loss_of_function,-1.38057174918021,0.4144,ambiguous,https://doi.org/10.1101/2022.10.22.513328
Q388R,-0.01775,2.16088,-0.1274846442186755,Uncertain,Neutral,34.7,,,,clinvar,,False,34.7,,,,neutral,neutral,neutral,UP,neutral,neutral,neutral,2098116,Uncertain significance,1,91.51,G,-0.0539,2.2263,-7.9657,loss_of_function,-1.75146039146577,0.4656,ambiguous,https://doi.org/10.1101/2022.10.22.513328
I389F,9.59882,2.6017,1.923359886172209,Uncertain,Uncertain,0.0,,,,clinvar,,False,0.0,,,,neutral,neutral,neutral,UP,neutral,neutral,neutral,1523369,Uncertain significance,1,92.48,E,-0.3132,0.8056,-22.2535,loss_of_function,-7.04626711980915,0.9696,pathogenic,https://doi.org/10.1101/2022.10.22.513328
C390F,7.37248,0.85986,-0.4322407005494932,Uncertain,Uncertain,3.8,,,0.430,cBioPortal,,False,3.8,,,,neutral,neutral,neutral,,,,,,,,92.17,E,-0.3319,1.6809,-22.2535,loss_of_function,-2.66573024082656,0.9362,pathogenic,https://doi.org/10.1101/2022.10.22.513328
C390S,0.35229,1.12619,1.594544404429088,Neutral,Neutral,3.8,,,0.348,"cBioPortal,COSMIC",,False,3.8,,,,neutral,neutral,neutral,,,,,,,,92.17,E,-0.2343,1.6809,-3.7563,loss_of_function,-0.734840849315643,0.8497,pathogenic,https://doi.org/10.1101/2022.10.22.513328
R391Q,0.86542,-0.17721,1.0899967308944571,Neutral,Neutral,27.5,,,0.423,cBioPortal,,True,27.5,,,,neutral,neutral,neutral,,,,,,,,91.81,E,-0.2626,1.3264,-22.2535,loss_of_function,-1.84446068581779,0.7671,pathogenic,https://doi.org/10.1101/2022.10.22.513328
R391W,9.49479,0.96293,0.8332662741674346,Uncertain,Uncertain,27.5,3.18918229366e-05,,0.602,"cBioPortal,COSMIC",,True,27.5,,,,neutral,neutral,neutral,,,,,,,,91.81,E,-0.3056,1.3264,-22.2535,loss_of_function,-5.67318849490604,0.9664,pathogenic,https://doi.org/10.1101/2022.10.22.513328
D395N,0.80803,0.48265,0.4827079608573553,Neutral,Neutral,98.1,,,0.228,"cBioPortal,COSMIC,clinvar",,True,98.1,,,,neutral,neutral,neutral,-,uncertain,uncertain,uncertain,2082488,Uncertain significance,1,77.33,S,-0.2342,0.8834,-22.2535,loss_of_function,-1.37771773168587,0.832,pathogenic,https://doi.org/10.1101/2022.10.22.513328
A396V,-0.29733,-0.9585,-1.0849110813103846,Neutral,Neutral,37.2,,,0.284,cBioPortal,,True,37.2,,,,neutral,neutral,neutral,,,,,,,,76.94,-,-0.0421,2.0012,-6.1584,loss_of_function,-0.878528976290067,0.5512,ambiguous,https://doi.org/10.1101/2022.10.22.513328
P400L,0.35008,0.63844,-0.8895037151073587,Neutral,Neutral,26.6,,,0.296,cBioPortal,,True,26.6,,,,neutral,neutral,neutral,,,,,,,,77.0,-,-0.1657,1.4986,-7.9657,loss_of_function,-1.21003183554764,0.9528,pathogenic,https://doi.org/10.1101/2022.10.22.513328
I401V,0.50656,0.0398,0.1652740739496289,Neutral,Neutral,96.4,,,,clinvar,,False,96.4,,,,neutral,neutral,neutral,DOWN,neutral,neutral,destabilizing,1446551,Uncertain significance,1,76.85,T,0.0937,2.9944,-4.641,gain_of_function,-0.494735694627586,0.0773,benign,https://doi.org/10.1101/2022.10.22.513328
G402D,1.98394,0.47823,1.0092468594888857,Neutral,Neutral,118.6,,,0.168,cBioPortal,,False,118.6,,,,neutral,neutral,neutral,,,,,,,,76.35,T,-0.2303,1.3863,-5.3779,loss_of_function,-0.610524533349504,0.851,pathogenic,https://doi.org/10.1101/2022.10.22.513328
G402S,2.30704,1.07517,1.5606994947449906,Uncertain,Uncertain,118.6,,,,clinvar,,False,118.6,,,,neutral,neutral,neutral,UP,neutral,neutral,neutral,1961670,Uncertain significance,1,76.35,T,-0.169,1.3863,-4.0087,loss_of_function,-1.49660111770854,0.238,benign,https://doi.org/10.1101/2022.10.22.513328
V405I,-1.07466,-0.10068,0.055205233413984,Neutral,Neutral,2.1,3.18918229366e-05,3.18104099567e-05,0.133,"cBioPortal,COSMIC,clinvar",,False,2.1,,,,neutral,neutral,neutral,UP,neutral,neutral,neutral,2206581,Likely benign,1,93.49,E,-0.0538,1.3375,-0.745,loss_of_function,-0.0184668279658586,0.0627,benign,https://doi.org/10.1101/2022.10.22.513328
S408N,1.91819,1.89762,-0.2717695415805687,Neutral,Neutral,0.2,,,,clinvar,,False,0.2,,,,uncertain,,,UP,neutral,neutral,neutral,1420109,Uncertain significance,1,91.53,E,-0.2325,0.7647,-22.2506,loss_of_function,-6.40705705285013,0.9951,pathogenic,https://doi.org/10.1101/2022.10.22.513328
Y410H,4.27954,1.98878,2.154423516772756,Uncertain,Uncertain,0.8,,,0.702,cBioPortal,,False,0.8,,,,uncertain,,,,,,,,,,86.84,H,-0.3478,0.1304,-22.2506,loss_of_function,-5.21281147791376,0.9995,pathogenic,https://doi.org/10.1101/2022.10.22.513328
S411Y,-0.89674,-0.73367,-0.5418075214394819,Neutral,Neutral,66.4,,,0.657,cBioPortal,,False,66.4,,,,uncertain,,,,,,,,,,82.23,H,-0.3199,0.4729,-22.2506,loss_of_function,-3.72727638242398,0.9577,pathogenic,https://doi.org/10.1101/2022.10.22.513328
L413M,0.80498,1.46327,1.93560456693523,Neutral,Neutral,0.1,,,0.246,"cBioPortal,COSMIC",,False,0.1,,,,neutral,neutral,neutral,,,,,,,,81.15,H,-0.0911,1.6068,-6.9629,loss_of_function,-0.693159147336518,0.4985,ambiguous,https://doi.org/10.1101/2022.10.22.513328
H415N,-0.15926,-1.19558,0.3672669112289645,Neutral,Neutral,54.7,,,0.238,cBioPortal,,False,54.7,,,,neutral,neutral,neutral,,,,,,,,75.25,-,-0.0501,1.6098,-1.5535,loss_of_function,-1.49855942477138,0.9067,pathogenic,https://doi.org/10.1101/2022.10.22.513328
H415R,-0.37747,-0.40272,0.3027247600878463,Neutral,Neutral,54.7,,,0.384,"cBioPortal,COSMIC",,False,54.7,,,,neutral,neutral,neutral,,,,,,,,75.25,-,-0.1853,1.6098,-22.2506,loss_of_function,-2.53706846596154,0.9815,pathogenic,https://doi.org/10.1101/2022.10.22.513328
T417I,-0.11241,-0.22007,-0.1660719868702104,Neutral,Neutral,82.4,,,,clinvar,,False,82.4,,,,uncertain,,,UP,neutral,neutral,neutral,1358478,Uncertain significance,1,73.33,S,-0.1318,2.3575,-22.2506,loss_of_function,-4.91846566116206,0.8308,pathogenic,https://doi.org/10.1101/2022.10.22.513328
K418Q,0.08479,-0.28231,0.1787967357654579,Neutral,Neutral,108.1,,,0.153,"cBioPortal,COSMIC",,False,108.1,,,,neutral,neutral,neutral,,,,,,,,63.67,-,-0.1185,1.4166,-7.9657,loss_of_function,-1.63095546742927,0.5624,ambiguous,https://doi.org/10.1101/2022.10.22.513328
R419M,-1.31982,-0.52483,0.7494672843610223,Neutral,Neutral,21.3,,,0.866,cBioPortal,,False,21.3,,,,neutral,neutral,neutral,,,,,,,,68.94,-,-0.3763,0.0209,-22.2535,loss_of_function,-5.76622619064771,0.9994,pathogenic,https://doi.org/10.1101/2022.10.22.513328
S420F,0.68603,-0.38537,-0.1459855137883614,Neutral,Neutral,64.1,,,0.840,"cBioPortal,COSMIC",,False,64.1,,,,uncertain,,,,,,,,,,75.48,-,-0.3248,0.3672,-22.2535,loss_of_function,-5.90773042622338,0.9976,pathogenic,https://doi.org/10.1101/2022.10.22.513328
W421R,0.30457,0.42585,0.6814227843808279,Neutral,Neutral,77.2,,,0.409,cBioPortal,,False,77.2,,,,neutral,neutral,neutral,,,,,,,,80.41,H,-0.3974,1.7726,-22.2535,loss_of_function,-1.62226575672032,0.987,pathogenic,https://doi.org/10.1101/2022.10.22.513328
E422K,0.35347,0.70442,0.7454447872451344,Neutral,Neutral,75.1,,,0.749,"cBioPortal,COSMIC",,False,75.1,,,,neutral,neutral,neutral,,,,,,,,78.61,H,-0.2301,1.2235,-22.2535,loss_of_function,-2.66524716150432,0.9911,pathogenic,https://doi.org/10.1101/2022.10.22.513328
A423D,1.73156,-0.3483,0.7774423253488122,Neutral,Neutral,9.6,,,0.772,cBioPortal,,False,9.6,,,,neutral,neutral,neutral,,,,,,,,76.52,H,-0.3302,1.0025,-22.2535,loss_of_function,-3.9016686595223,0.999,pathogenic,https://doi.org/10.1101/2022.10.22.513328
A423T,0.30174,0.28537,0.2442638049777917,Neutral,Neutral,9.6,,,,clinvar,,False,9.6,,,,neutral,neutral,neutral,UP,neutral,neutral,neutral,2445243,Benign,1,76.52,H,-0.1411,1.0025,-6.9658,loss_of_function,-1.33336677533868,0.9116,pathogenic,https://doi.org/10.1101/2022.10.22.513328
A423V,0.15162,-0.69184,-0.3573847817056508,Neutral,Neutral,9.6,,,,clinvar,,False,9.6,,,,neutral,neutral,neutral,UP,neutral,neutral,neutral,1974722,Uncertain significance,1,76.52,H,-0.2161,1.0025,-22.2535,loss_of_function,-2.42277024737285,0.983,pathogenic,https://doi.org/10.1101/2022.10.22.513328
E424G,0.58974,1.77517,1.151949467522288,Neutral,Neutral,67.9,,,0.374,cBioPortal,,False,67.9,,,,neutral,neutral,neutral,,,,,,,,81.93,H,-0.1123,1.7198,-7.3808,loss_of_function,-1.69105465340253,0.4589,ambiguous,https://doi.org/10.1101/2022.10.22.513328
E424K,0.13007,0.93571,0.1476595482826986,Neutral,Neutral,67.9,,,,clinvar,,False,67.9,,,,neutral,neutral,neutral,UP,neutral,neutral,neutral,2180659,Conflicting interpretations of pathogenicity,1,81.93,H,-0.0865,1.7198,-3.0589,loss_of_function,-1.83436161345525,0.8217,pathogenic,https://doi.org/10.1101/2022.10.22.513328
R425Q,-0.04869,-0.32959,1.065017937403642,Neutral,Neutral,69.8,,,,clinvar,,False,69.8,,,,neutral,neutral,neutral,DOWN,neutral,neutral,neutral,2160618,Uncertain significance,1,83.75,H,-0.1183,1.7771,-2.0954,loss_of_function,-1.00692671494303,0.114,benign,https://doi.org/10.1101/2022.10.22.513328
V426A,1.7653,1.32891,2.1642863399511945,Neutral,Uncertain,8.6,,,0.509,COSMIC,,False,8.6,,,,neutral,neutral,neutral,,,,,,,,83.05,H,-0.0923,1.8488,-4.8783,loss_of_function,-1.1794863411135,0.8761,pathogenic,https://doi.org/10.1101/2022.10.22.513328
M427I,1.73479,0.58673,0.2547148602637078,Neutral,Neutral,4.0,,,0.461,cBioPortal,,False,4.0,,,,neutral,neutral,neutral,,,,,,,,81.33,H,-0.23,0.1017,-6.6438,loss_of_function,-1.36689861509116,0.975,pathogenic,https://doi.org/10.1101/2022.10.22.513328
M427T,2.92706,1.41054,1.5642572457755333,Uncertain,Uncertain,4.0,,,0.877,"cBioPortal,COSMIC",,False,4.0,,,,neutral,neutral,neutral,,,,,,,,81.33,H,-0.3635,0.1017,-22.2535,loss_of_function,-5.05720182342875,0.9753,pathogenic,https://doi.org/10.1101/2022.10.22.513328
K431E,1.2606,1.38061,0.586215648768032,Neutral,Neutral,51.6,,,0.197,cBioPortal,,False,51.6,,,,neutral,neutral,neutral,,,,,,,,83.55,H,-0.0381,2.3364,-3.7563,loss_of_function,-0.550160537179565,0.5747,pathogenic,https://doi.org/10.1101/2022.10.22.513328
K431Q,0.59464,0.36259,0.2887481396448133,Neutral,Neutral,51.6,,,,clinvar,,False,51.6,,,,neutral,neutral,neutral,DOWN,neutral,neutral,neutral,804794,Uncertain significance,2,83.55,H,-0.0038,2.3364,-2.0589,loss_of_function,-0.278781559951968,0.1556,benign,https://doi.org/10.1101/2022.10.22.513328
Q433E,0.54164,1.07687,0.5823663613165464,Neutral,Neutral,24.4,,,,clinvar,,False,24.4,,,,neutral,neutral,neutral,DOWN,neutral,neutral,neutral,1692157,Uncertain significance,1,84.86,S,-0.1998,1.1443,-22.2535,loss_of_function,-3.29949837266253,0.3923,ambiguous,https://doi.org/10.1101/2022.10.22.513328
Q433K,0.07111,0.98367,0.6937294595620358,Neutral,Neutral,24.4,,1.98952712919e-05,0.280,cBioPortal,,False,24.4,,,,neutral,neutral,neutral,,,,,,,,84.86,S,-0.16,1.1443,-8.9656,loss_of_function,-1.04150178828885,0.6062,pathogenic,https://doi.org/10.1101/2022.10.22.513328
M438V,2.57134,0.23537,0.8279807339311276,Uncertain,Uncertain,0.0,,,0.141,cBioPortal,,True,0.0,,,,neutral,neutral,neutral,,,,,,,,94.07,E,-0.1158,1.5701,-4.4393,loss_of_function,-0.771752780983895,0.1768,benign,https://doi.org/10.1101/2022.10.22.513328
I439F,4.28162,3.49218,2.672022251735281,Destabilizing,Uncertain,0.0,,,0.535,COSMIC,,True,0.0,,,,neutral,neutral,neutral,,,,,,,,95.41,E,-0.2486,1.5074,-22.2477,loss_of_function,-5.98418502226647,0.9702,pathogenic,https://doi.org/10.1101/2022.10.22.513328
I439M,2.02373,3.06156,2.206335108526204,Uncertain,Uncertain,0.0,,5.97247881761e-05,0.396,"cBioPortal,COSMIC,clinvar",,True,0.0,,,,neutral,neutral,neutral,-,uncertain,uncertain,uncertain,1440450,Uncertain significance,1,95.41,E,-0.1785,1.5074,-22.2477,loss_of_function,-3.41206013756205,0.5627,ambiguous,https://doi.org/10.1101/2022.10.22.513328
L440P,7.22175,5.27313,6.578593985313745,Destabilizing,Destabilizing,0.3,,,,clinvar,,True,0.3,,,,neutral,neutral,neutral,DOWN,neutral,neutral,neutral,1990995,Uncertain significance,1,92.9,E,-0.4955,0.0811,-22.2477,loss_of_function,-6.66736206146752,0.9998,pathogenic,https://doi.org/10.1101/2022.10.22.513328
D441V,1.46339,2.81633,0.8197157575315003,Uncertain,Neutral,19.1,,,0.960,cBioPortal,,True,19.1,,,,neutral,neutral,neutral,,,,,,,,91.21,E,-0.3958,0.0001,-22.2477,loss_of_function,-8.90487429166106,0.9999,pathogenic,https://doi.org/10.1101/2022.10.22.513328
H444R,1.59237,1.49932,0.9095844011379912,Neutral,Neutral,10.6,,,0.973,"cBioPortal,COSMIC",,False,10.6,,,,neutral,neutral,neutral,,,,,,,,77.92,G,-0.3164,0.1849,-22.2477,loss_of_function,-7.87461348550409,0.9988,pathogenic,https://doi.org/10.1101/2022.10.22.513328
T445I,-0.28625,0.41361,-0.3406179472598625,Neutral,Neutral,32.4,,,0.475,cBioPortal,,False,32.4,,,,uncertain,,,,,,,,,,74.91,G,-0.2516,1.0556,-22.2506,loss_of_function,-1.45751379397816,0.9278,pathogenic,https://doi.org/10.1101/2022.10.22.513328
T445S,-0.20489,0.70306,0.6530741034058909,Neutral,Neutral,32.4,,,,clinvar,,False,32.4,,,,neutral,,,DOWN,neutral,neutral,neutral,134129,Uncertain significance,1,74.91,G,-0.1165,1.0556,-7.9628,loss_of_function,-0.848357012159872,0.6639,pathogenic,https://doi.org/10.1101/2022.10.22.513328
I446V,1.17672,0.30408,1.4829851531859275,Neutral,Neutral,0.8,,,,clinvar,,False,0.8,,,,neutral,neutral,neutral,DOWN,neutral,neutral,neutral,1367803,Uncertain significance,1,72.56,T,-0.0725,1.0055,-1.3482,loss_of_function,-1.42766887303053,0.4762,ambiguous,https://doi.org/10.1101/2022.10.22.513328
P447L,2.3987,-2.64694,-1.173451174858996,Uncertain,Uncertain,1.3,,,0.614,"cBioPortal,COSMIC",,False,1.3,,,,neutral,neutral,neutral,,,,,,,,64.18,T,-0.3746,0.0209,-22.2506,loss_of_function,-6.11904420482622,0.9966,pathogenic,https://doi.org/10.1101/2022.10.22.513328
A448T,-0.46748,0.04796,0.1349381498586727,Neutral,Neutral,61.8,,,0.867,cBioPortal,,False,61.8,,,,neutral,neutral,neutral,,,,,,,,70.82,S,-0.3113,0.0001,-22.2448,loss_of_function,-0.222676861253315,0.9955,pathogenic,https://doi.org/10.1101/2022.10.22.513328
K449N,0.19925,0.07279,0.1490823634737004,Neutral,Neutral,107.7,,,0.163,cBioPortal,,False,107.7,,,,neutral,neutral,neutral,,,,,,,,72.76,H,-0.0711,1.9249,-4.102,loss_of_function,-1.158995859728,0.9178,pathogenic,https://doi.org/10.1101/2022.10.22.513328
K449R,0.15596,0.46463,-0.1465003421733834,Neutral,Neutral,107.7,,,,clinvar,,False,107.7,,,,neutral,neutral,neutral,-,uncertain,uncertain,uncertain,1403729,Uncertain significance,1,72.76,H,0.0122,1.9249,-4.375,gain_of_function,-0.0063421345581245,0.067,benign,https://doi.org/10.1101/2022.10.22.513328
M450K,0.60624,1.06429,0.9171878931581314,Neutral,Neutral,52.8,,,0.371,cBioPortal,,False,52.8,,,,neutral,neutral,neutral,,,,,,,,69.88,H,-0.3617,0.3226,-7.9628,loss_of_function,-3.3337378572769,0.983,pathogenic,https://doi.org/10.1101/2022.10.22.513328
M450V,0.83359,0.67857,0.395963013574595,Neutral,Neutral,52.8,,,,clinvar,,False,52.8,,,,neutral,neutral,neutral,DOWN,neutral,neutral,neutral,1394743,Uncertain significance,2,69.88,H,-0.2418,0.3226,-6.6409,loss_of_function,-1.46026112438262,0.7021,pathogenic,https://doi.org/10.1101/2022.10.22.513328
R452Q,0.05595,0.58299,1.245590490159307,Neutral,Neutral,60.4,,,0.696,"cBioPortal,COSMIC",,True,60.4,,,,neutral,neutral,neutral,,,,,,,,74.51,H,-0.3827,0.0209,-22.2506,loss_of_function,-3.56844400719758,0.9725,pathogenic,https://doi.org/10.1101/2022.10.22.513328
R453K,0.11272,0.95408,0.4631783510259563,Neutral,Neutral,63.9,,,,clinvar,,True,63.9,,,,neutral,neutral,neutral,-,uncertain,uncertain,uncertain,1367464,Uncertain significance,1,78.4,H,-0.1586,0.5322,-4.1049,loss_of_function,-1.17639076893986,0.5029,ambiguous,https://doi.org/10.1101/2022.10.22.513328
V454G,3.30992,4.45544,4.1824175326455455,Destabilizing,Destabilizing,1.0,,,0.725,"cBioPortal,COSMIC",,True,1.0,,,,neutral,neutral,neutral,,,,,,,,80.82,H,-0.473,0.0418,-22.2506,loss_of_function,-7.36349398243914,0.9714,pathogenic,https://doi.org/10.1101/2022.10.22.513328
V458M,-1.23427,1.93469,1.5825152725378622,Neutral,Neutral,0.3,,1.59178638227e-05,0.254,cBioPortal,,False,0.3,,,,neutral,neutral,neutral,,,,,,,,82.16,S,-0.259,1.106,-22.2506,loss_of_function,-3.63657810693054,0.9314,pathogenic,https://doi.org/10.1101/2022.10.22.513328
Q459H,-0.01519,0.30646,-0.5454226522487549,Neutral,Neutral,86.0,,,0.429,cBioPortal,,False,86.0,,,,neutral,neutral,neutral,,,,,,,,79.12,-,-0.0382,1.8925,-4.8754,loss_of_function,-1.85480326849017,0.4793,ambiguous,https://doi.org/10.1101/2022.10.22.513328
A460S,0.50108,0.97449,1.2378012903570583,Neutral,Neutral,0.0,,,,clinvar,,False,0.0,,,,neutral,neutral,neutral,-,uncertain,uncertain,uncertain,1381851,Uncertain significance,1,85.53,E,-0.1218,0.8908,-2.3482,loss_of_function,-0.624269282995083,0.1826,benign,https://doi.org/10.1101/2022.10.22.513328
A460T,-1.08579,1.02687,0.6442535913432714,Neutral,Neutral,0.0,,,0.457,COSMIC,,False,0.0,,,,neutral,neutral,neutral,,,,,,,,85.53,E,-0.1433,0.8908,-5.3779,loss_of_function,-1.26055639293458,0.7774,pathogenic,https://doi.org/10.1101/2022.10.22.513328
H461Q,1.91602,2.26973,1.3782077131149666,Uncertain,Neutral,8.4,,,0.626,cBioPortal,,False,8.4,,,,neutral,neutral,neutral,,,,,,,,86.59,E,-0.1694,0.1304,-5.793,loss_of_function,-2.61537898005738,0.9849,pathogenic,https://doi.org/10.1101/2022.10.22.513328
C462Y,4.14548,3.80034,4.254346511329124,Destabilizing,Destabilizing,0.3,,,0.793,cBioPortal,,False,0.3,,,,neutral,neutral,neutral,,,,,,,,90.01,E,-0.3565,1.5151,-22.2506,loss_of_function,-5.6320221996226,0.9991,pathogenic,https://doi.org/10.1101/2022.10.22.513328
K463M,0.48357,-0.29932,0.1099524369703996,Neutral,Neutral,26.0,,,0.649,cBioPortal,,False,26.0,,,,neutral,neutral,neutral,,,,,,,,91.66,E,-0.3326,0.0001,-22.2506,loss_of_function,-6.36894994500913,0.992,pathogenic,https://doi.org/10.1101/2022.10.22.513328
L466F,1.549,1.68469,1.4588370605968466,Neutral,Neutral,0.0,,,0.535,cBioPortal,,True,0.0,,,,neutral,neutral,neutral,,,,,,,,92.49,E,-0.353,0.0001,-22.2506,loss_of_function,-8.87974607668504,0.9882,pathogenic,https://doi.org/10.1101/2022.10.22.513328
A468V,-0.39635,2.12007,-0.7749062057128964,Uncertain,Neutral,2.5,,1.19393481116e-05,0.844,"cBioPortal,clinvar",,True,2.5,,,,neutral,neutral,neutral,UP,neutral,neutral,neutral,1410445,Uncertain significance,1,81.34,S,-0.3064,0.0209,-22.2506,loss_of_function,-5.68404012350976,0.9983,pathogenic,https://doi.org/10.1101/2022.10.22.513328
T469N,0.65486,1.54728,0.5692161608777654,Neutral,Neutral,14.5,,,,clinvar,,True,14.5,,,,uncertain,,,-,uncertain,uncertain,uncertain,1715537,Uncertain significance,1,71.1,-,-0.3785,0.0001,-22.2506,loss_of_function,-8.86789978332495,0.998,pathogenic,https://doi.org/10.1101/2022.10.22.513328
V471I,-0.3485,-0.0898,0.0025235829935144,Neutral,Neutral,70.6,0.00012737230926,0.0002148757699715,0.238,"cBioPortal,COSMIC,clinvar",,True,70.6,,,,neutral,neutral,neutral,UP,neutral,neutral,stabilizing,894782,Uncertain significance,2,63.81,-,-0.2264,0.654,-22.2506,loss_of_function,-3.18076069788718,0.6334,pathogenic,https://doi.org/10.1101/2022.10.22.513328
R472C,2.20039,2.25646,1.7124275915108085,Uncertain,Uncertain,17.6,,3.9791175909e-06,0.692,"cBioPortal,COSMIC",,False,17.6,,,,neutral,neutral,neutral,,,,,,,,65.44,-,-0.4188,0.0001,-22.2506,loss_of_function,-8.87969174641598,0.9993,pathogenic,https://doi.org/10.1101/2022.10.22.513328
R472H,3.71513,2.30136,0.8847417508841138,Uncertain,Uncertain,17.6,,3.979275931e-06,0.725,"cBioPortal,clinvar",,False,17.6,,,,neutral,neutral,neutral,DOWN,neutral,neutral,neutral,2041471,Uncertain significance,1,65.44,-,-0.3797,0.0001,-22.2506,loss_of_function,-8.87969174641598,0.9995,pathogenic,https://doi.org/10.1101/2022.10.22.513328
E473K,0.91335,0.77245,0.2590634229773486,Neutral,Neutral,59.7,,,0.626,"cBioPortal,COSMIC,clinvar",,False,59.7,,,,neutral,neutral,neutral,UP,neutral,neutral,stabilizing,1507561,Uncertain significance,1,61.18,T,-0.3427,0.0001,-22.2506,loss_of_function,-8.86806262820765,0.9997,pathogenic,https://doi.org/10.1101/2022.10.22.513328
D474H,3.19789,3.09796,1.2165506832819375,Destabilizing,Uncertain,50.1,,,0.692,cBioPortal,,False,50.1,,,,neutral,neutral,neutral,,,,,,,,64.88,T,-0.3581,0.0001,-22.2506,loss_of_function,-8.86811689504694,0.9999,pathogenic,https://doi.org/10.1101/2022.10.22.513328
D474Y,3.51747,3.02789,1.5127500988007685,Destabilizing,Uncertain,50.1,,,0.702,"cBioPortal,COSMIC",,False,50.1,,,,neutral,neutral,neutral,,,,,,,,64.88,T,-0.3937,0.0001,-22.2506,loss_of_function,-8.86811689504694,0.9996,pathogenic,https://doi.org/10.1101/2022.10.22.513328
D475H,1.69713,1.12721,-0.1028475543359414,Neutral,Neutral,103.4,,,0.494,"cBioPortal,COSMIC",,False,103.4,,,,neutral,neutral,neutral,,,,,,,,64.02,S,-0.2431,0.512,-8.9628,loss_of_function,-2.98528464990253,0.9763,pathogenic,https://doi.org/10.1101/2022.10.22.513328
D475Y,0.02413,0.87245,0.1494113173797928,Neutral,Neutral,103.4,,,0.527,"cBioPortal,COSMIC",,False,103.4,,,,neutral,neutral,neutral,,,,,,,,64.02,S,-0.3466,0.512,-22.2506,loss_of_function,-5.34902390927237,0.974,pathogenic,https://doi.org/10.1101/2022.10.22.513328
K476N,-0.34741,-0.06905,0.6245162130575349,Neutral,Neutral,57.8,,,0.322,cBioPortal,,False,57.8,,,,neutral,neutral,neutral,,,,,,,,65.18,T,-0.3322,0.094,-22.2506,loss_of_function,-5.16984791193358,0.9958,pathogenic,https://doi.org/10.1101/2022.10.22.513328
K476Q,0.25848,-0.32585,0.5658759034067342,Neutral,Neutral,57.8,,,0.536,"cBioPortal,COSMIC",,False,57.8,,,,neutral,neutral,neutral,,,,,,,,65.18,T,-0.3131,0.094,-22.2506,loss_of_function,-5.36347206931908,0.8799,pathogenic,https://doi.org/10.1101/2022.10.22.513328
D479G,0.95542,1.50646,1.402553138160126,Neutral,Neutral,48.4,,,,clinvar,,False,48.4,,,,neutral,neutral,neutral,DOWN,neutral,neutral,neutral,1354050,Uncertain significance,1,67.96,H,-0.3458,0.1529,-22.2506,loss_of_function,-7.88103761600507,0.9969,pathogenic,https://doi.org/10.1101/2022.10.22.513328
D479N,0.47695,0.12381,0.4849546488465711,Neutral,Neutral,48.4,,,0.386,"cBioPortal,COSMIC",,False,48.4,,,,neutral,neutral,neutral,,,,,,,,67.96,H,-0.3014,0.1529,-22.2506,loss_of_function,-2.00323990065354,0.9761,pathogenic,https://doi.org/10.1101/2022.10.22.513328
F482L,0.44064,0.82381,0.854062628597016,Neutral,Neutral,54.3,,,"0.793, 0.890",cBioPortal,,False,54.3,,,,neutral,neutral,neutral,,,,,,,,68.69,H,-0.3027,0.5732,-22.2506,loss_of_function,-6.65847833075967,0.9999,pathogenic,https://doi.org/10.1101/2022.10.22.513328
L483M,-0.6176,1.87789,0.6703851662874124,Neutral,Neutral,21.1,,,0.325,cBioPortal,,False,21.1,,,,neutral,neutral,neutral,,,,,,,,74.45,H,-0.1677,0.5527,-2.9629,loss_of_function,-1.70543284507981,0.915,pathogenic,https://doi.org/10.1101/2022.10.22.513328
I484T,2.64081,2.84898,3.00074088573748,Uncertain,Uncertain,0.0,,,,clinvar,,False,0.0,,,,neutral,neutral,neutral,DOWN,neutral,neutral,neutral,1346717,Uncertain significance,1,81.15,H,-0.3697,0.1529,-22.2506,loss_of_function,-8.05515688728862,0.9609,pathogenic,https://doi.org/10.1101/2022.10.22.513328
P486L,1.10587,7.92653,-0.5507618510368917,Uncertain,Neutral,7.0,,,,clinvar,,False,7.0,,,,neutral,neutral,neutral,UP,neutral,neutral,neutral,1327109,Uncertain significance,1,79.03,-,-0.3765,0.0001,-22.2477,loss_of_function,-8.85456645432904,0.9973,pathogenic,https://doi.org/10.1101/2022.10.22.513328
K487Q,0.62297,-0.33537,0.0759578547313877,Neutral,Neutral,12.2,,,0.863,COSMIC,,False,12.2,,,,neutral,neutral,neutral,,,,,,,,80.41,E,-0.3218,0.0001,-22.2477,loss_of_function,-7.59159758516229,0.9918,pathogenic,https://doi.org/10.1101/2022.10.22.513328
L488I,0.93858,0.73946,0.7286498542257815,Neutral,Neutral,2.8,,,,clinvar,,False,2.8,,,,neutral,neutral,neutral,-,uncertain,uncertain,uncertain,1987443,Uncertain significance,1,83.66,E,-0.1729,0.3397,-4.7121,loss_of_function,-1.12964345360488,0.361,ambiguous,https://doi.org/10.1101/2022.10.22.513328
Y489C,2.45149,2.04286,3.6968165836130575,Uncertain,Uncertain,14.6,,,,clinvar,,False,14.6,,,,uncertain,,,DOWN,neutral,neutral,neutral,2088217,Uncertain significance,1,84.64,E,-0.3985,0.2639,-22.2477,loss_of_function,-6.78314317903105,0.824,pathogenic,https://doi.org/10.1101/2022.10.22.513328
E490G,2.85184,2.99966,2.7212589607520057,Uncertain,Uncertain,18.7,,,0.796,"cBioPortal,COSMIC",,True,18.7,,,,neutral,neutral,neutral,,,,,,,,83.29,E,-0.3464,0.0001,-22.2477,loss_of_function,-7.91561956186165,0.9953,pathogenic,https://doi.org/10.1101/2022.10.22.513328
E490K,0.39039,2.10782,1.3641404099956818,Uncertain,Neutral,18.7,,7.9657155602e-06,0.702,"cBioPortal,COSMIC",,True,18.7,,,,neutral,neutral,neutral,,,,,,,,83.29,E,-0.3427,0.0001,-22.2477,loss_of_function,-8.47563164954998,0.9989,pathogenic,https://doi.org/10.1101/2022.10.22.513328
N492S,0.76828,1.65646,1.6779912406490116,Neutral,Neutral,7.0,,,,clinvar,,True,7.0,,,,neutral,neutral,neutral,DOWN,neutral,neutral,neutral,2174445,Uncertain significance,1,77.94,-,-0.2988,0.0001,-22.2477,loss_of_function,-3.48086701368734,0.2956,benign,https://doi.org/10.1101/2022.10.22.513328
M494I,0.08977,0.06701,0.4301446292349759,Neutral,Neutral,24.1,,,0.451,COSMIC,,True,24.1,,,,neutral,neutral,neutral,,,,,,,,73.85,H,-0.1572,0.9107,-6.96,loss_of_function,-1.26248570509269,0.8782,pathogenic,https://doi.org/10.1101/2022.10.22.513328
A503T,0.93701,0.25918,0.7695064657237555,Neutral,Neutral,0.5,,,,clinvar,,True,0.5,,,,neutral,neutral,neutral,UP,neutral,neutral,neutral,2171490,Uncertain significance,1,77.18,-,-0.3059,0.0587,-22.2477,loss_of_function,-5.15363443725664,0.9954,pathogenic,https://doi.org/10.1101/2022.10.22.513328
K504Q,0.97119,0.64864,0.5663955648159682,Neutral,Neutral,45.4,,,,clinvar,,True,45.4,,,,neutral,neutral,neutral,DOWN,neutral,neutral,neutral,1692160,Uncertain significance,1,83.1,-,-0.155,1.8125,-22.2477,loss_of_function,-2.95554003051197,0.3599,ambiguous,https://doi.org/10.1101/2022.10.22.513328
E509K,4.20211,3.21565,1.6300480240314,Destabilizing,Uncertain,0.3,,,0.791,cBioPortal,,False,0.3,,,,neutral,neutral,neutral,,,,,,,,94.66,E,-0.3427,0.0001,-22.2477,loss_of_function,-8.61131293113252,0.9981,pathogenic,https://doi.org/10.1101/2022.10.22.513328
P513T,1.77527,2.32449,0.1470115317111864,Uncertain,Neutral,57.6,,,0.667,"cBioPortal,COSMIC",,True,57.6,,,,neutral,neutral,neutral,,,,,,,,96.25,-,-0.2949,0.4845,-22.2361,loss_of_function,-2.11591278035486,0.5468,ambiguous,https://doi.org/10.1101/2022.10.22.513328
M514I,1.47339,0.83231,0.3105689806502154,Neutral,Neutral,2.7,,,0.757,COSMIC,,True,2.7,,,,neutral,neutral,neutral,,,,,,,,94.38,-,-0.3039,0.1639,-22.2361,loss_of_function,-4.37789682829594,0.9888,pathogenic,https://doi.org/10.1101/2022.10.22.513328
M514V,1.41274,0.41463,0.4374504171900589,Neutral,Neutral,2.7,9.55414012739e-05,1.19317503878e-05,0.580,"cBioPortal,clinvar",,True,2.7,,,,neutral,neutral,neutral,DOWN,neutral,neutral,neutral,1025231,Uncertain significance,1,94.38,-,-0.2512,0.1639,-5.6264,loss_of_function,-1.43040408422344,0.6782,pathogenic,https://doi.org/10.1101/2022.10.22.513328
S515C,1.18048,-0.42109,0.0746863258200464,Neutral,Neutral,6.5,,,0.341,"cBioPortal,COSMIC",,True,6.5,,,,uncertain,,,,,,,,,,95.2,-,-0.2098,1.3168,-22.2361,loss_of_function,-3.06842724741721,0.1481,benign,https://doi.org/10.1101/2022.10.22.513328
E517A,2.03102,0.86599,0.48084026449077,Uncertain,Uncertain,50.6,,,0.515,COSMIC,,True,50.6,,,,neutral,neutral,neutral,,,,,,,,94.65,H,-0.2229,0.2376,-7.3634,loss_of_function,-1.24453166050125,0.5182,ambiguous,https://doi.org/10.1101/2022.10.22.513328
E517K,2.54279,0.60272,0.5190489673817819,Uncertain,Uncertain,50.6,,,,clinvar,,True,50.6,,,,neutral,neutral,neutral,UP,neutral,neutral,neutral,1319554,Uncertain significance,2,94.65,H,-0.3208,0.2376,-22.2361,loss_of_function,-3.68788117384833,0.934,pathogenic,https://doi.org/10.1101/2022.10.22.513328
R520G,0.99709,0.77347,1.38401434453182,Neutral,Neutral,76.3,,,,clinvar,,False,76.3,,,,neutral,neutral,neutral,DOWN,neutral,neutral,neutral,2088148,Uncertain significance,1,95.93,H,-0.1914,1.8784,-6.3634,loss_of_function,-1.59872996236214,0.6931,pathogenic,https://doi.org/10.1101/2022.10.22.513328
R520Q,0.20744,-0.03299,0.6300307607733069,Neutral,Neutral,76.3,,3.9772501293e-06,0.221,"cBioPortal,COSMIC,clinvar",,False,76.3,,,,neutral,neutral,neutral,DOWN,neutral,neutral,neutral,1319553,Uncertain significance,1,95.93,H,-0.1137,1.8784,-3.0176,loss_of_function,-1.28341399207604,0.2055,benign,https://doi.org/10.1101/2022.10.22.513328
E521K,-0.99196,-0.17313,0.5123405525883784,Neutral,Neutral,22.0,,,0.613,cBioPortal,,False,22.0,,,,neutral,neutral,neutral,,,,,,,,93.85,H,-0.2998,0.466,-22.2361,loss_of_function,-2.29137767610221,0.9664,pathogenic,https://doi.org/10.1101/2022.10.22.513328
V523M,-1.57305,0.44456,0.1577531223486361,Neutral,Neutral,68.8,,,0.183,"cBioPortal,COSMIC",,True,68.8,,,,neutral,neutral,neutral,,,,,,,,95.6,H,-0.1806,1.0534,-5.9484,loss_of_function,-1.41126129247974,0.5309,ambiguous,https://doi.org/10.1101/2022.10.22.513328
A524T,0.93113,0.01939,0.4018544086884856,Neutral,Neutral,69.1,,,0.217,"cBioPortal,COSMIC",,True,69.1,,,,neutral,neutral,neutral,,,,,,,,94.95,H,0.046,2.8814,-4.1935,gain_of_function,-0.53666458497828,0.1358,benign,https://doi.org/10.1101/2022.10.22.513328
K528N,0.72376,0.86633,0.3594907432176025,Neutral,Neutral,67.8,,,0.145,"cBioPortal,COSMIC",,True,67.8,,,,neutral,neutral,neutral,,,,,,,,86.04,T,-0.0494,2.2372,-5.4889,loss_of_function,-0.620348210416036,0.9633,pathogenic,https://doi.org/10.1101/2022.10.22.513328
R530Q,0.05642,-0.08639,1.5751674262636743,Neutral,Neutral,34.0,,,0.364,"cBioPortal,COSMIC,clinvar",,True,34.0,,,,neutral,neutral,neutral,DOWN,neutral,neutral,neutral,2445294,Conflicting interpretations of pathogenicity,1,90.42,H,-0.1899,1.2227,-6.1381,loss_of_function,-1.30251717325404,0.3968,ambiguous,https://doi.org/10.1101/2022.10.22.513328
I531M,0.25959,0.96463,0.8709452752561444,Neutral,Neutral,24.4,,,0.276,"cBioPortal,COSMIC",,True,24.4,,,,neutral,neutral,neutral,,,,,,,,90.54,H,0.0033,2.3207,-1.2944,gain_of_function,-0.176486973841703,0.1105,benign,https://doi.org/10.1101/2022.10.22.513328
L533P,3.55422,5.53231,9.784106194148414,Destabilizing,Destabilizing,0.0,,,0.892,cBioPortal,,False,0.0,,,,neutral,neutral,neutral,,,,,,,,93.09,H,-0.4765,0.2872,-22.2332,loss_of_function,-7.22563919249472,0.9988,pathogenic,https://doi.org/10.1101/2022.10.22.513328
M536I,3.22866,1.57347,0.637444401064339,Uncertain,Uncertain,0.7,,,0.748,"cBioPortal,COSMIC",,True,0.7,,,,neutral,neutral,neutral,,,,,,,,93.57,T,-0.3061,0.1393,-22.2332,loss_of_function,-1.84461970013359,0.9893,pathogenic,https://doi.org/10.1101/2022.10.22.513328
F541C,3.02699,3.03061,4.293247702470729,Destabilizing,Destabilizing,1.1,,,,clinvar,,False,1.1,,,,neutral,neutral,neutral,DOWN,neutral,neutral,neutral,2178451,Uncertain significance,1,95.93,H,-0.3876,0.3244,-22.2332,loss_of_function,-2.72211150130014,0.9375,pathogenic,https://doi.org/10.1101/2022.10.22.513328
F541V,2.26011,1.67041,2.7212209940352707,Uncertain,Uncertain,1.1,,,0.773,"cBioPortal,COSMIC",,False,1.1,,,,neutral,neutral,neutral,,,,,,,,95.93,H,-0.2797,0.3244,-6.9454,loss_of_function,-0.786450320698662,0.8454,pathogenic,https://doi.org/10.1101/2022.10.22.513328
A543V,-1.11323,-0.54388,-0.0129026459105202,Neutral,Neutral,3.5,,,,clinvar,,False,3.5,,,,neutral,neutral,neutral,UP,neutral,neutral,neutral,1437512,Uncertain significance,1,95.83,H,-0.1108,1.2036,-5.245,loss_of_function,-0.123795906427901,0.3184,benign,https://doi.org/10.1101/2022.10.22.513328
C544Y,5.57948,8.09796,2.1020266693104093,Destabilizing,Uncertain,0.0,,,,clinvar,,False,0.0,,,,neutral,neutral,neutral,UP,neutral,neutral,neutral,2125772,Uncertain significance,1,96.3,H,-0.4513,0.4837,-22.2332,loss_of_function,-6.66348648676705,0.9995,pathogenic,https://doi.org/10.1101/2022.10.22.513328
Q545H,0.3452,1.72517,0.1575351440503886,Neutral,Neutral,17.1,,,0.777,COSMIC,,False,17.1,,,,neutral,neutral,neutral,,,,,,,,96.19,H,-0.1835,0.4509,-7.3604,loss_of_function,-2.50581915897359,0.6572,pathogenic,https://doi.org/10.1101/2022.10.22.513328
Q545R,-0.48252,2.57041,0.0789731297701867,Uncertain,Neutral,17.1,,,0.673,cBioPortal,,False,17.1,,,,neutral,neutral,neutral,,,,,,,,96.19,H,-0.2901,0.4509,-22.2332,loss_of_function,-3.53576279803017,0.8145,pathogenic,https://doi.org/10.1101/2022.10.22.513328
F546L,0.26472,0.77483,2.3436068262774903,Neutral,Uncertain,5.1,,,,clinvar,,False,5.1,,,,neutral,neutral,neutral,DOWN,neutral,neutral,neutral,1431492,Uncertain significance,1,96.38,H,-0.2937,0.6699,-22.2332,loss_of_function,-3.92676037616392,0.9975,pathogenic,https://doi.org/10.1101/2022.10.22.513328
E552G,1.27848,1.8881,1.5990089700479415,Neutral,Neutral,33.2,3.18390219052e-05,,0.825,cBioPortal,,False,33.2,,,,neutral,neutral,neutral,,,,,,,,92.66,H,-0.3335,0.1404,-22.239,loss_of_function,-5.71491202630237,0.9061,pathogenic,https://doi.org/10.1101/2022.10.22.513328
R554K,0.28062,0.45034,1.3717743851984636,Neutral,Neutral,48.3,,,0.621,cBioPortal,,False,48.3,,,,neutral,neutral,neutral,,,,,,,,89.84,T,-0.2962,0.0421,-22.2361,loss_of_function,-2.49790351644702,0.7938,pathogenic,https://doi.org/10.1101/2022.10.22.513328
D556N,0.36346,0.69898,1.452778200248858,Neutral,Neutral,2.3,,3.9771552204e-06,0.626,COSMIC,,False,2.3,,,,neutral,neutral,neutral,,,,,,,,90.51,-,-0.3154,0.0001,-22.2361,loss_of_function,-3.43799424793132,0.9885,pathogenic,https://doi.org/10.1101/2022.10.22.513328
K557N,1.86622,1.70102,0.8554199089431987,Neutral,Neutral,23.6,,,0.778,"cBioPortal,COSMIC",,False,23.6,,,,neutral,neutral,neutral,,,,,,,,92.32,-,-0.3388,0.0211,-22.2361,loss_of_function,-4.63597569447047,0.9986,pathogenic,https://doi.org/10.1101/2022.10.22.513328
K557R,0.4987,1.12483,-0.0787713754083824,Neutral,Neutral,23.6,,,,clinvar,,False,23.6,,,,neutral,neutral,neutral,-,uncertain,uncertain,uncertain,1441924,Uncertain significance,1,92.32,-,-0.2542,0.0211,-22.2361,loss_of_function,-2.77661988532005,0.5404,ambiguous,https://doi.org/10.1101/2022.10.22.513328
I558L,0.61162,1.06054,1.164304386689244,Neutral,Neutral,0.0,,,0.659,"cBioPortal,COSMIC",,False,0.0,,,,neutral,neutral,neutral,,,,,,,,95.16,E,-0.2223,0.9694,-22.239,loss_of_function,-2.15605055865107,0.7947,pathogenic,https://doi.org/10.1101/2022.10.22.513328
V560G,5.80852,5.43912,5.202965450544821,Destabilizing,Destabilizing,0.0,,,0.916,cBioPortal,,False,0.0,,,,neutral,neutral,neutral,,,,,,,,94.87,E,-0.4719,0.0534,-22.239,loss_of_function,-7.60787086170721,0.996,pathogenic,https://doi.org/10.1101/2022.10.22.513328
V565A,0.51835,0.64048,1.4944410179161718,Neutral,Neutral,31.8,,,,clinvar,,False,31.8,,,,neutral,neutral,neutral,DOWN,neutral,neutral,neutral,2543574,Uncertain significance,1,90.57,H,-0.3349,0.1748,-22.239,loss_of_function,-6.39578407478224,0.9932,pathogenic,https://doi.org/10.1101/2022.10.22.513328
A567V,1.97998,0.31395,-0.3065402706413106,Neutral,Neutral,0.0,,,,clinvar,,False,0.0,,,,neutral,neutral,neutral,UP,neutral,neutral,neutral,808797,Uncertain significance,2,92.26,H,-0.2886,0.2145,-22.239,loss_of_function,-3.33759139641831,0.9423,pathogenic,https://doi.org/10.1101/2022.10.22.513328
Y571H,1.63323,2.25374,2.9173172454995178,Uncertain,Uncertain,0.2,,,0.894,cBioPortal,,False,0.2,,,,uncertain,,,,,,,,,,95.82,H,-0.3484,0.1235,-22.239,loss_of_function,-4.32798000933799,0.995,pathogenic,https://doi.org/10.1101/2022.10.22.513328
A572D,8.32771,7.78707,4.686323824195912,Destabilizing,Destabilizing,0.0,,,0.915,cBioPortal,,False,0.0,,,,neutral,neutral,neutral,,,,,,,,95.55,H,-0.4185,0.0421,-22.239,loss_of_function,-6.34985859552173,0.9999,pathogenic,https://doi.org/10.1101/2022.10.22.513328
A572S,0.9091,2.39966,1.8609999769719727,Uncertain,Neutral,0.0,,,0.677,cBioPortal,,False,0.0,,,,neutral,neutral,neutral,,,,,,,,95.55,H,-0.2336,0.0421,-8.9511,loss_of_function,-1.69513428795137,0.5026,ambiguous,https://doi.org/10.1101/2022.10.22.513328
I573F,0.05517,1.01667,0.3816014222694952,Neutral,Neutral,76.3,,,0.359,cBioPortal,,False,76.3,,,,neutral,neutral,neutral,,,,,,,,95.53,H,-0.0978,2.3215,-7.3692,loss_of_function,-1.59137964195774,0.3165,benign,https://doi.org/10.1101/2022.10.22.513328
R574L,-0.01726,0.05442,-0.0598173489160741,Neutral,Neutral,32.1,,,0.488,cBioPortal,,False,32.1,,,,neutral,neutral,neutral,,,,,,,,94.25,H,-0.182,1.6781,-7.3692,loss_of_function,-1.86104698149309,0.2987,benign,https://doi.org/10.1101/2022.10.22.513328
R574Q,0.65039,0.90544,1.1950328900055995,Neutral,Neutral,32.1,,,,clinvar,,False,32.1,,,,neutral,neutral,neutral,DOWN,neutral,neutral,neutral,1394219,Uncertain significance,1,94.25,H,-0.1505,1.6781,-6.6322,loss_of_function,-1.47068899953942,0.1091,benign,https://doi.org/10.1101/2022.10.22.513328
L575M,-0.17145,-0.20476,1.367494850534215,Neutral,Neutral,8.4,,,0.605,"cBioPortal,COSMIC",,False,8.4,,,,neutral,neutral,neutral,,,,,,,,94.81,T,-0.1321,0.8854,-1.9884,loss_of_function,-0.678245987594083,0.1479,benign,https://doi.org/10.1101/2022.10.22.513328
L575P,5.83777,9.41667,8.913613713851847,Destabilizing,Destabilizing,8.4,,,0.943,cBioPortal,,False,8.4,,,,neutral,neutral,neutral,,,,,,,,94.81,T,-0.4215,0.8854,-22.2419,loss_of_function,-6.62807336846688,0.9989,pathogenic,https://doi.org/10.1101/2022.10.22.513328
N576S,1.38702,0.75272,0.9277383968023114,Neutral,Neutral,111.8,,,,clinvar,,False,111.8,,,,neutral,neutral,neutral,DOWN,neutral,neutral,neutral,1498443,Uncertain significance,1,94.86,T,-0.0275,2.0686,-6.3692,loss_of_function,-0.732406746760507,0.0632,benign,https://doi.org/10.1101/2022.10.22.513328
P578L,0.88542,0.01224,-0.9784243555159576,Neutral,Neutral,30.2,,,,clinvar,,False,30.2,,,,neutral,neutral,neutral,UP,neutral,neutral,neutral,1716308,Uncertain significance,1,95.29,-,-0.2023,0.8561,-3.5502,loss_of_function,-1.45397769352921,0.95,pathogenic,https://doi.org/10.1101/2022.10.22.513328
I580V,1.53689,1.37823,1.5636277986765312,Neutral,Neutral,0.0,,,0.531,"cBioPortal,COSMIC",,True,0.0,,,,neutral,neutral,neutral,,,,,,,,92.43,E,-0.2238,0.5196,-22.2302,loss_of_function,-2.35986085889412,0.7784,pathogenic,https://doi.org/10.1101/2022.10.22.513328
G582R,-0.1,1.17381,0.0018971158363811,Neutral,Neutral,41.1,,1.19346933579e-05,0.933,"cBioPortal,COSMIC",,True,41.1,,,,neutral,neutral,neutral,,,,,,,,85.89,T,-0.4563,0.0423,-22.2302,loss_of_function,-6.98195885850649,0.9998,pathogenic,https://doi.org/10.1101/2022.10.22.513328
T584M,-0.87239,1.46667,0.1750032066277801,Neutral,Neutral,7.8,,,0.725,"cBioPortal,COSMIC",,False,7.8,,,,uncertain,,,,,,,,,,88.61,S,-0.3518,0.1702,-22.2244,loss_of_function,-3.32610784356175,0.9558,pathogenic,https://doi.org/10.1101/2022.10.22.513328
Q586P,-1.00075,0.25646,0.8359203805030535,Neutral,Neutral,81.8,,,0.841,cBioPortal,,False,81.8,,,,neutral,neutral,neutral,,,,,,,,82.98,H,-0.3611,0.3955,-7.3487,loss_of_function,-1.74721397978142,0.5493,ambiguous,https://doi.org/10.1101/2022.10.22.513328
G587E,-1.84556,-1.02279,-0.8504853250472078,Neutral,Neutral,120.3,,,0.293,"cBioPortal,COSMIC,clinvar",,False,120.3,,,,neutral,neutral,neutral,UP,neutral,neutral,neutral,1474385,Uncertain significance,2,88.07,H,-0.1078,2.82,-7.3516,loss_of_function,-0.475240456284493,0.802,pathogenic,https://doi.org/10.1101/2022.10.22.513328
G587V,-0.47009,-0.85374,-0.6870012223677369,Neutral,Neutral,120.3,,,0.388,"cBioPortal,COSMIC",,False,120.3,,,,neutral,neutral,neutral,,,,,,,,88.07,H,-0.1126,2.82,-2.9594,loss_of_function,-0.719225937069114,0.2758,benign,https://doi.org/10.1101/2022.10.22.513328
G587W,-0.4979,-0.77347,-1.6263638881884084,Neutral,Neutral,120.3,,,0.499,"cBioPortal,COSMIC",,False,120.3,,,,neutral,neutral,neutral,,,,,,,,88.07,H,-0.2217,2.82,-22.2244,loss_of_function,-2.07447695677971,0.73,pathogenic,https://doi.org/10.1101/2022.10.22.513328
E588G,1.98321,2.29184,1.3039641153446748,Uncertain,Neutral,67.6,,,0.927,cBioPortal,,False,67.6,,,,neutral,neutral,neutral,,,,,,,,91.42,H,-0.3405,0.0636,-22.2244,loss_of_function,-4.87449710241625,0.9873,pathogenic,https://doi.org/10.1101/2022.10.22.513328
R589M,-1.12862,-0.63299,1.0810696111039182,Neutral,Neutral,6.4,,,0.935,cBioPortal,,False,6.4,,,,neutral,neutral,neutral,,,,,,,,89.24,H,-0.3722,0.0636,-22.2244,loss_of_function,-7.3906865566691,0.9997,pathogenic,https://doi.org/10.1101/2022.10.22.513328
M590R,1.1897,0.67517,0.0256862315821737,Neutral,Neutral,70.4,,,,clinvar,,False,70.4,,,,neutral,neutral,neutral,UP,neutral,neutral,stabilizing,2445410,Benign,1,86.5,H,-0.3855,1.1511,-22.2214,loss_of_function,-2.4866257086789,0.9764,pathogenic,https://doi.org/10.1101/2022.10.22.513328
Q591H,0.18786,0.22245,-0.3267539566487337,Neutral,Neutral,72.5,,,,clinvar,,False,72.5,,,,neutral,neutral,neutral,UP,neutral,neutral,neutral,1413833,Uncertain significance,1,91.82,H,-0.023,2.139,-6.3487,loss_of_function,-0.85936029966653,0.5037,ambiguous,https://doi.org/10.1101/2022.10.22.513328
Q591K,0.1143,-0.09184,-0.4146607447054617,Neutral,Neutral,72.5,,,0.247,cBioPortal,,False,72.5,,,,neutral,neutral,neutral,,,,,,,,91.82,H,-0.0419,2.139,-3.7638,loss_of_function,-0.665139662605258,0.6937,pathogenic,https://doi.org/10.1101/2022.10.22.513328
Q594K,-0.15184,-0.04864,-0.0893595354002224,Neutral,Neutral,55.4,,,0.422,COSMIC,,False,55.4,,,,neutral,neutral,neutral,,,,,,,,90.86,H,-0.1423,1.1298,-5.2332,loss_of_function,-1.64221088748228,0.9199,pathogenic,https://doi.org/10.1101/2022.10.22.513328
F596L,1.6664,2.0102,2.506326950794902,Uncertain,Uncertain,0.2,,,0.934,"cBioPortal,COSMIC",,False,0.2,,,,neutral,neutral,neutral,,,,,,,,92.67,H,-0.3533,0.0213,-22.2214,loss_of_function,-7.04387887691701,0.9997,pathogenic,https://doi.org/10.1101/2022.10.22.513328
N603T,0.53826,0.70408,0.6226166690261622,Neutral,Neutral,12.0,,,,clinvar,,True,12.0,,,,neutral,neutral,neutral,-,uncertain,uncertain,uncertain,2341753,Uncertain significance,1,93.3,-,-0.3121,0.3927,-22.2155,loss_of_function,-3.3119370348131,0.6182,pathogenic,https://doi.org/10.1101/2022.10.22.513328
N603Y,0.18502,-0.14082,-0.9567031221496148,Neutral,Neutral,12.0,,,,clinvar,,True,12.0,,,,neutral,neutral,neutral,UP,neutral,neutral,neutral,1803644,Uncertain significance,1,93.3,-,-0.3334,0.3927,-22.2155,loss_of_function,-5.27402007530437,0.8433,pathogenic,https://doi.org/10.1101/2022.10.22.513328
T604I,-1.57494,0.14014,0.2211735901586509,Neutral,Neutral,0.0,,,,"cBioPortal,COSMIC",,True,0.0,,,,uncertain,,,,,,,,,,95.96,E,-0.3317,0.1838,-22.2155,loss_of_function,-3.73125212549805,0.9777,pathogenic,https://doi.org/10.1101/2022.10.22.513328
I605F,9.46875,6.24048,2.48078080846603,Destabilizing,Uncertain,0.0,,,0.918,COSMIC,,True,0.0,,,,neutral,neutral,neutral,,,,,,,,95.15,E,-0.3022,0.1865,-8.9276,loss_of_function,-2.46130339321431,0.9881,pathogenic,https://doi.org/10.1101/2022.10.22.513328
I605L,0.55486,2.1051,0.9864040645771992,Uncertain,Neutral,0.0,,,0.251,cBioPortal,,True,0.0,,,,neutral,neutral,neutral,,,,,,,,95.15,E,-0.2264,0.1865,-8.9276,loss_of_function,-1.33609988439501,0.4116,ambiguous,https://doi.org/10.1101/2022.10.22.513328
I605N,4.93998,3.99932,3.438187310500349,Destabilizing,Destabilizing,0.0,,,,clinvar,,True,0.0,,,,neutral,neutral,neutral,DOWN,neutral,neutral,neutral,1504615,Uncertain significance,1,95.15,E,-0.4461,0.1865,-22.2155,loss_of_function,-6.09060162516107,0.9995,pathogenic,https://doi.org/10.1101/2022.10.22.513328
I605V,1.00168,0.85714,0.9935022288591646,Neutral,Neutral,0.0,,,0.394,"cBioPortal,clinvar",,True,0.0,,,,neutral,neutral,neutral,DOWN,neutral,neutral,neutral,2097555,Uncertain significance,1,95.15,E,-0.1763,0.1865,-6.9277,loss_of_function,-0.748891447339374,0.1524,benign,https://doi.org/10.1101/2022.10.22.513328
I607M,1.05872,1.79796,1.9729507156446,Neutral,Neutral,0.2,,,0.535,"cBioPortal,COSMIC",,True,0.2,,,,neutral,neutral,neutral,,,,,,,,92.25,E,-0.1636,1.6672,-22.2185,loss_of_function,-2.17020726635385,0.8814,pathogenic,https://doi.org/10.1101/2022.10.22.513328
K609M,0.04847,1.13878,-0.0509038343354667,Neutral,Neutral,39.4,,,0.916,COSMIC,,False,39.4,,,,neutral,neutral,neutral,,,,,,,,82.97,G,-0.3144,0.1966,-22.2273,loss_of_function,-7.00518761151696,0.9958,pathogenic,https://doi.org/10.1101/2022.10.22.513328
G611R,10.84949,5.52925,5.191701670343167,Destabilizing,Destabilizing,1.6,,,,clinvar,,True,1.6,,,,neutral,neutral,neutral,UP,neutral,neutral,neutral,1503920,Uncertain significance,1,75.63,G,-0.303,0.9693,-8.9068,loss_of_function,-3.41737683280356,0.9998,pathogenic,https://doi.org/10.1101/2022.10.22.513328
D612Y,3.29512,0.6898,0.7210808011591282,Uncertain,Uncertain,11.5,,,0.839,COSMIC,,True,11.5,,,,neutral,neutral,neutral,,,,,,,,72.76,T,-0.38,0.1464,-22.1976,loss_of_function,-7.70908380395225,0.9996,pathogenic,https://doi.org/10.1101/2022.10.22.513328
S614L,-1.23823,-1.00646,-0.9908336845313904,Neutral,Neutral,46.3,3.19162517554e-05,7.9536145201e-06,0.850,"cBioPortal,COSMIC,clinvar",,True,46.3,,,,uncertain,,,UP,neutral,neutral,stabilizing,1933682,Uncertain significance,1,59.31,S,-0.2784,0.1249,-8.9098,loss_of_function,-6.888828093464,0.9984,pathogenic,https://doi.org/10.1101/2022.10.22.513328
F615L,2.39915,1.28469,2.419842818568722,Uncertain,Uncertain,7.8,,,0.474,"cBioPortal,COSMIC",,True,7.8,,,,neutral,neutral,neutral,,,,,,,,70.52,S,-0.1578,1.2018,-5.2064,loss_of_function,-0.865840746711709,0.9919,pathogenic,https://doi.org/10.1101/2022.10.22.513328
L617M,-0.25087,1.04286,0.8890088596044643,Neutral,Neutral,7.6,,,0.716,cBioPortal,,True,7.6,,,,neutral,neutral,neutral,,,,,,,,74.93,-,-0.206,0.3373,-6.5819,loss_of_function,-0.777282374937869,0.7529,pathogenic,https://doi.org/10.1101/2022.10.22.513328
P618L,4.09114,1.21463,1.1759796690097704,Uncertain,Uncertain,0.2,,7.9533614882e-06,0.923,"cBioPortal,COSMIC",,False,0.2,,,,neutral,neutral,neutral,,,,,,,,78.49,-,-0.3702,0.065,-22.1886,loss_of_function,-7.99911973241023,0.9972,pathogenic,https://doi.org/10.1101/2022.10.22.513328
P618S,4.11934,1.92755,1.282658183125695,Uncertain,Uncertain,0.2,,,,clinvar,,False,0.2,,,,neutral,neutral,neutral,DOWN,neutral,neutral,destabilizing,1714094,Uncertain significance,1,78.49,-,-0.3211,0.065,-22.1886,loss_of_function,-7.99911973241023,0.9986,pathogenic,https://doi.org/10.1101/2022.10.22.513328
E619K,-0.14967,0.92313,0.3175152640996909,Neutral,Neutral,74.0,,,,clinvar,,False,74.0,,,,neutral,neutral,neutral,UP,neutral,neutral,neutral,1974990,Uncertain significance,1,81.68,-,-0.3219,0.2233,-22.1886,loss_of_function,-6.65970675425018,0.9909,pathogenic,https://doi.org/10.1101/2022.10.22.513328
N621I,-0.20453,-0.69422,-0.4929440830347198,Neutral,Neutral,14.8,,,0.837,cBioPortal,,False,14.8,,,,neutral,neutral,neutral,,,,,,,,89.63,S,-0.2752,1.1279,-22.2125,loss_of_function,-5.53027306635367,0.9895,pathogenic,https://doi.org/10.1101/2022.10.22.513328
Q625E,0.22122,1.8517,1.0741765530362215,Neutral,Neutral,3.8,,,0.846,"cBioPortal,COSMIC",,False,3.8,,,,neutral,neutral,neutral,,,,,,,,92.89,E,-0.2072,0.1815,-6.3369,loss_of_function,-1.2737231476204,0.8877,pathogenic,https://doi.org/10.1101/2022.10.22.513328
S627L,-1.3973,-1.2551,-1.6059487917692294,Neutral,Neutral,11.9,,,0.898,cBioPortal,,False,11.9,,,,uncertain,,,,,,,,,,81.3,-,-0.3469,0.1184,-22.2096,loss_of_function,-7.50082778267621,0.9933,pathogenic,https://doi.org/10.1101/2022.10.22.513328
H629L,0.15632,-0.17347,-0.0006397550428288,Neutral,Neutral,42.3,,,,clinvar,,False,42.3,,,,neutral,neutral,neutral,UP,neutral,neutral,neutral,1390317,Uncertain significance,1,69.78,-,-0.3254,0.2317,-22.2066,loss_of_function,-4.39446575582221,0.9688,pathogenic,https://doi.org/10.1101/2022.10.22.513328
G631C,-0.07673,0.0102,0.7261720895892428,Neutral,Neutral,114.3,,,0.853,COSMIC,,False,114.3,,,,neutral,neutral,neutral,,,,,,,,59.14,T,-0.3715,0.043,-8.9157,loss_of_function,-5.93695270254621,0.9964,pathogenic,https://doi.org/10.1101/2022.10.22.513328
S632F,-0.62457,-0.28469,-0.1457656324037326,Neutral,Neutral,41.6,,,,clinvar,,False,41.6,,,,uncertain,,,UP,neutral,neutral,neutral,1319552,Uncertain significance,1,68.03,-,-0.3544,0.0429,-22.2066,loss_of_function,-7.57827275128968,0.9991,pathogenic,https://doi.org/10.1101/2022.10.22.513328
R634C,0.14035,0.37551,1.6716430804598574,Neutral,Neutral,17.6,,,0.779,"cBioPortal,COSMIC,clinvar",,False,17.6,,,,neutral,neutral,neutral,DOWN,neutral,neutral,neutral,1319551,Uncertain significance,1,69.7,H,-0.4166,0.0215,-22.2036,loss_of_function,-7.33205044717052,0.9986,pathogenic,https://doi.org/10.1101/2022.10.22.513328
R634H,0.71522,0.18673,0.4464221081863384,Neutral,Neutral,17.6,,7.9534880022e-06,0.846,"cBioPortal,COSMIC",,False,17.6,,,,neutral,neutral,neutral,,,,,,,,69.7,H,-0.3775,0.0215,-22.2036,loss_of_function,-7.33205044717052,0.9986,pathogenic,https://doi.org/10.1101/2022.10.22.513328
Q635R,0.48458,0.29048,0.0021292513150389,Neutral,Neutral,46.4,,,,clinvar,,False,46.4,,,,neutral,neutral,neutral,UP,neutral,neutral,stabilizing,1692162,Uncertain significance,1,74.56,H,-0.3274,0.043,-22.2036,loss_of_function,-6.99360906809713,0.9981,pathogenic,https://doi.org/10.1101/2022.10.22.513328
R642L,0.1461,0.1568,-0.329126849774437,Neutral,Neutral,40.3,,,0.983,COSMIC,,False,40.3,,,,neutral,neutral,neutral,,,,,,,,76.73,H,-0.4066,0.0603,-22.2036,loss_of_function,-8.07539604423607,0.9986,pathogenic,https://doi.org/10.1101/2022.10.22.513328
R642Q,0.7377,0.84014,0.9608750979384378,Neutral,Neutral,40.3,3.18654005481e-05,,0.965,"cBioPortal,COSMIC,clinvar",,False,40.3,,,,neutral,neutral,neutral,DOWN,neutral,neutral,neutral,1940118,Uncertain significance,1,76.73,H,-0.3111,0.0603,-8.9157,loss_of_function,-7.82375589180558,0.9994,pathogenic,https://doi.org/10.1101/2022.10.22.513328
R642W,0.47618,0.23265,-0.3323300473060581,Neutral,Neutral,40.3,,,0.963,"cBioPortal,COSMIC,clinvar",,False,40.3,,,,neutral,neutral,neutral,UP,neutral,neutral,neutral,1442765,Uncertain significance,1,76.73,H,-0.4219,0.0603,-22.2036,loss_of_function,-8.07539604423607,0.9992,pathogenic,https://doi.org/10.1101/2022.10.22.513328
L644F,6.71324,2.97619,2.079973567561601,Uncertain,Uncertain,0.8,,,0.753,COSMIC,,False,0.8,,,,neutral,neutral,neutral,,,,,,,,80.26,B,-0.3453,0.0817,-22.2036,loss_of_function,-7.79958816966316,0.9991,pathogenic,https://doi.org/10.1101/2022.10.22.513328
R645G,2.53726,3.02517,1.6297122922452774,Uncertain,Uncertain,37.3,,,,clinvar,,False,37.3,,,,neutral,neutral,neutral,DOWN,neutral,neutral,neutral,2096753,Uncertain significance,1,76.13,-,-0.4391,0.0644,-22.2036,loss_of_function,-8.10485867644462,0.999,pathogenic,https://doi.org/10.1101/2022.10.22.513328
R645P,6.98292,5.47993,2.6187356818228094,Destabilizing,Uncertain,37.3,,,0.957,cBioPortal,,False,37.3,,,,neutral,neutral,neutral,,,,,,,,76.13,-,-0.5458,0.0644,-22.2036,loss_of_function,-8.10485867644462,0.9989,pathogenic,https://doi.org/10.1101/2022.10.22.513328
R645Q,1.55253,1.4619,0.6803199732980808,Neutral,Neutral,37.3,,3.9774083207e-06,0.964,"cBioPortal,COSMIC",,False,37.3,,,,neutral,neutral,neutral,,,,,,,,76.13,-,-0.3785,0.0644,-22.2036,loss_of_function,-8.10485867644462,0.9992,pathogenic,https://doi.org/10.1101/2022.10.22.513328
A646D,0.68411,1.57415,0.5781131911838244,Neutral,Neutral,40.9,,,0.860,COSMIC,,False,40.9,,,,neutral,neutral,neutral,,,,,,,,68.46,-,-0.4099,0.1336,-22.2066,loss_of_function,-6.39271986481447,0.9987,pathogenic,https://doi.org/10.1101/2022.10.22.513328
A646P,-1.4507,-0.37347,0.393428142967831,Neutral,Neutral,40.9,,,0.633,"cBioPortal,COSMIC",,False,40.9,,,,neutral,neutral,neutral,,,,,,,,68.46,-,-0.3656,0.1336,-5.7489,loss_of_function,-0.777817933807488,0.8789,pathogenic,https://doi.org/10.1101/2022.10.22.513328
K647I,2.77259,-0.01327,-0.0126575912647108,Uncertain,Uncertain,30.2,,,0.875,cBioPortal,,False,30.2,,,,neutral,neutral,neutral,,,,,,,,69.44,-,-0.3532,0.0815,-22.2066,loss_of_function,-7.69687905664884,0.9993,pathogenic,https://doi.org/10.1101/2022.10.22.513328
K648N,0.06553,0.28503,0.0216189890958662,Neutral,Neutral,108.4,,,,clinvar,,False,108.4,,,,neutral,neutral,neutral,DOWN,neutral,neutral,neutral,"1713761, 1472316","Uncertain significance, Uncertain significance","1, 1",66.16,T,-0.2311,1.1898,-22.2066,loss_of_function,-2.05623508867768,0.9798,pathogenic,https://doi.org/10.1101/2022.10.22.513328
V651I,0.02132,0.04218,-0.0799561406486809,Neutral,Neutral,109.8,,,0.070,cBioPortal,,False,109.8,,,,neutral,neutral,neutral,,,,,,,,63.64,T,0.0428,2.4684,-2.2212,gain_of_function,-0.0521817632983686,0.0883,benign,https://doi.org/10.1101/2022.10.22.513328
A652T,0.35062,-0.46463,-0.161230535976683,Neutral,Neutral,108.0,,,,clinvar,,False,108.0,,,,neutral,neutral,neutral,UP,neutral,neutral,neutral,2067280,Uncertain significance,1,68.05,T,-0.0787,1.5754,-5.0661,loss_of_function,-0.648686499662308,0.445,ambiguous,https://doi.org/10.1101/2022.10.22.513328
E653G,0.77731,0.30374,1.4340515835163274,Neutral,Neutral,63.5,,,0.588,COSMIC,,True,63.5,,,,neutral,neutral,neutral,,,,,,,,70.47,S,-0.2992,0.5082,-22.1581,loss_of_function,-1.837732488146,0.7591,pathogenic,https://doi.org/10.1101/2022.10.22.513328
E654D,0.75396,0.45204,0.1593453235252667,Neutral,Neutral,92.9,,,,clinvar,,True,92.9,,,,neutral,neutral,neutral,DOWN,neutral,neutral,mixed_effects,2419465,Uncertain significance,1,72.8,S,-0.0685,1.4988,-6.5637,loss_of_function,-0.725623755962833,0.2454,benign,https://doi.org/10.1101/2022.10.22.513328
E654K,0.48539,0.48163,0.1447718373513085,Neutral,Neutral,92.9,,,,clinvar,,True,92.9,,,,neutral,neutral,neutral,UP,neutral,neutral,neutral,134118,Conflicting interpretations of pathogenicity,1,72.8,S,-0.1366,1.4988,-8.8856,loss_of_function,-2.32118246328754,0.7849,pathogenic,https://doi.org/10.1101/2022.10.22.513328
E654Q,0.48348,0.62517,0.3568897258759901,Neutral,Neutral,92.9,,,0.392,"cBioPortal,COSMIC",,True,92.9,,,,neutral,neutral,neutral,,,,,,,,72.8,S,-0.0667,1.4988,-4.8857,loss_of_function,-0.964277668686804,0.5328,ambiguous,https://doi.org/10.1101/2022.10.22.513328
Y655H,2.43273,1.17313,1.847505853076804,Uncertain,Uncertain,30.2,,,0.624,cBioPortal,,True,30.2,,,,uncertain,,,,,,,,,,72.24,-,-0.2642,1.0362,-22.1856,loss_of_function,-1.51095737063591,0.9687,pathogenic,https://doi.org/10.1101/2022.10.22.513328
F659L,1.13525,1.72075,2.1504993850146223,Neutral,Uncertain,3.1,,,0.594,cBioPortal,,True,3.1,,,,neutral,neutral,neutral,,,,,,,,93.28,E,-0.3515,0.039,-22.1976,loss_of_function,-7.15930808720284,0.9998,pathogenic,https://doi.org/10.1101/2022.10.22.513328
F659S,4.93653,4.0017,4.527605637028078,Destabilizing,Destabilizing,3.1,,,0.897,"cBioPortal,COSMIC",,True,3.1,,,,neutral,neutral,neutral,,,,,,,,93.28,E,-0.4245,0.039,-22.1976,loss_of_function,-7.76927316141988,0.9992,pathogenic,https://doi.org/10.1101/2022.10.22.513328
S664C,2.11099,-1.06156,-0.5759852486310857,Uncertain,Uncertain,0.0,,,0.904,cBioPortal,,False,0.0,,,,uncertain,,,,,,,,,,95.3,E,-0.3232,0.082,-22.1976,loss_of_function,-4.53369263941147,0.9843,pathogenic,https://doi.org/10.1101/2022.10.22.513328
S664F,27.00462,4.63946,2.0912793625366213,Destabilizing,Uncertain,0.0,,,0.915,"cBioPortal,COSMIC",,False,0.0,,,,uncertain,,,,,,,,,,95.3,E,-0.3508,0.082,-22.1976,loss_of_function,-7.54501478907663,0.9999,pathogenic,https://doi.org/10.1101/2022.10.22.513328
S664Y,31.6529,6.40034,3.444679124208747,Destabilizing,Destabilizing,0.0,,,0.907,cBioPortal,,False,0.0,,,,uncertain,,,,,,,,,,95.3,E,-0.3556,0.082,-22.1976,loss_of_function,-7.54501478907663,0.9998,pathogenic,https://doi.org/10.1101/2022.10.22.513328
Q665E,0.09418,0.3949,0.220456624792491,Neutral,Neutral,28.7,,,,clinvar,,False,28.7,,,,neutral,neutral,neutral,DOWN,neutral,neutral,neutral,1965574,Uncertain significance,1,94.96,T,-0.0846,1.4894,-5.9099,loss_of_function,-0.575804850853467,0.2851,benign,https://doi.org/10.1101/2022.10.22.513328
Q665L,-1.46422,-0.63095,-1.0262655134890235,Neutral,Neutral,28.7,,,0.676,"cBioPortal,COSMIC",,False,28.7,,,,neutral,neutral,neutral,,,,,,,,94.96,T,-0.1816,1.4894,-22.1976,loss_of_function,-1.34497686675729,0.5768,pathogenic,https://doi.org/10.1101/2022.10.22.513328
D666N,-0.57564,-0.52653,-0.2198137047638243,Neutral,Neutral,87.2,3.1849162367e-05,8.35056465723e-05,0.655,"cBioPortal,COSMIC,clinvar",,False,87.2,,,,neutral,neutral,neutral,-,uncertain,uncertain,uncertain,134119,Uncertain significance,2,94.4,T,-0.3092,0.0646,-22.1976,loss_of_function,-2.02291617468601,0.9776,pathogenic,https://doi.org/10.1101/2022.10.22.513328
E669D,4.41766,0.90272,2.592763319466336,Uncertain,Uncertain,0.0,,,0.714,cBioPortal,,False,0.0,,,,neutral,neutral,neutral,,,,,,,,90.4,H,-0.2164,0.0216,-8.9098,loss_of_function,-2.29314767199417,0.9978,pathogenic,https://doi.org/10.1101/2022.10.22.513328
A671S,0.22022,0.32279,0.3327590351523324,Neutral,Neutral,82.4,,,0.369,"cBioPortal,COSMIC",,False,82.4,,,,neutral,neutral,neutral,,,,,,,,89.23,H,0.0296,2.6135,-3.74,gain_of_function,-0.108541223414383,0.1254,benign,https://doi.org/10.1101/2022.10.22.513328
T674A,-0.19642,0.19966,-0.0840846651786392,Neutral,Neutral,61.6,,,,clinvar,,False,61.6,,,,uncertain,,,DOWN,neutral,neutral,neutral,2150386,Uncertain significance,1,88.87,H,-0.0889,1.6109,-5.4475,loss_of_function,-0.29806661711994,0.0984,benign,https://doi.org/10.1101/2022.10.22.513328
K675E,0.07615,0.13537,0.146608507786452,Neutral,Neutral,65.2,,,0.843,"cBioPortal,COSMIC",,False,65.2,,,,neutral,neutral,neutral,,,,,,,,86.13,H,-0.2504,0.2597,-7.9068,loss_of_function,-2.56281308817242,0.993,pathogenic,https://doi.org/10.1101/2022.10.22.513328
R676L,2.48691,-0.77789,-0.3654524828688249,Uncertain,Uncertain,3.5,,,0.892,"cBioPortal,COSMIC",,True,3.5,,,,neutral,neutral,neutral,,,,,,,,86.16,H,-0.4101,0.0216,-22.1946,loss_of_function,-7.6287687050967,0.9982,pathogenic,https://doi.org/10.1101/2022.10.22.513328
R676Q,3.95632,1.10918,1.3775159614708377,Uncertain,Uncertain,3.5,,,0.861,COSMIC,,True,3.5,,,,neutral,neutral,neutral,,,,,,,,86.16,H,-0.3824,0.0216,-22.1946,loss_of_function,-7.39093604450297,0.9976,pathogenic,https://doi.org/10.1101/2022.10.22.513328
R676W,4.39714,-0.8051,-0.2396163853862287,Uncertain,Uncertain,3.5,,,,clinvar,,True,3.5,,,,neutral,neutral,neutral,UP,neutral,neutral,neutral,1008184,Uncertain significance,1,86.16,H,-0.4254,0.0216,-22.1946,loss_of_function,-7.6287687050967,0.9985,pathogenic,https://doi.org/10.1101/2022.10.22.513328
R678G,1.07681,1.05272,1.443268219947204,Neutral,Neutral,80.9,,,0.556,COSMIC,,True,80.9,,,,neutral,neutral,neutral,,,,,,,,85.33,H,-0.2054,1.6687,-5.3189,loss_of_function,-2.57075261147689,0.6696,pathogenic,https://doi.org/10.1101/2022.10.22.513328
R678I,0.54994,-0.41667,0.3729319524629265,Neutral,Neutral,80.9,,,0.706,cBioPortal,,True,80.9,,,,neutral,neutral,neutral,,,,,,,,85.33,H,-0.2855,1.6687,-22.1916,loss_of_function,-3.79605480901949,0.898,pathogenic,https://doi.org/10.1101/2022.10.22.513328
R678K,0.38988,-0.6602,0.4690022529704718,Neutral,Neutral,80.9,,,0.455,"cBioPortal,COSMIC",,True,80.9,,,,neutral,neutral,neutral,,,,,,,,85.33,H,-0.0704,1.6687,-7.3189,loss_of_function,-1.24167074513889,0.2643,benign,https://doi.org/10.1101/2022.10.22.513328
R678S,1.38244,0.42313,1.064450848397079,Neutral,Neutral,80.9,,,0.436,"cBioPortal,COSMIC",,True,80.9,,,,neutral,neutral,neutral,,,,,,,,85.33,H,-0.1726,1.6687,-5.7339,loss_of_function,-1.13698993818784,0.8116,pathogenic,https://doi.org/10.1101/2022.10.22.513328
V681I,-0.64378,-0.22347,-0.1387994386097207,Neutral,Neutral,57.8,,,0.202,COSMIC,,False,57.8,,,,neutral,neutral,neutral,,,,,,,,83.36,H,-0.0965,0.9334,-1.8378,loss_of_function,-0.621468990812965,0.158,benign,https://doi.org/10.1101/2022.10.22.513328
K688E,0.84788,-0.00272,0.8388484316450778,Neutral,Neutral,53.3,,,0.747,cBioPortal,,True,53.3,,,,neutral,neutral,neutral,,,,,,,,93.05,E,-0.3217,0.2761,-22.1765,loss_of_function,-2.73707903552513,0.9886,pathogenic,https://doi.org/10.1101/2022.10.22.513328
V689M,-0.89975,0.45,1.1923366355855265,Neutral,Neutral,24.5,,7.9572219747e-06,0.787,COSMIC,,True,24.5,,,,neutral,neutral,neutral,,,,,,,,94.51,E,-0.3385,0.2367,-22.1673,loss_of_function,-3.1046210337819,0.9205,pathogenic,https://doi.org/10.1101/2022.10.22.513328
T691M,-1.15732,0.0466,0.2348420828998682,Neutral,Neutral,64.1,,,,clinvar,,True,64.1,,,,uncertain,,,UP,neutral,neutral,neutral,1406739,Uncertain significance,1,93.7,S,-0.2498,0.4506,-7.2946,loss_of_function,-2.46193965729284,0.5982,pathogenic,https://doi.org/10.1101/2022.10.22.513328
L693F,0.95012,0.35612,1.3520971802519406,Neutral,Neutral,9.3,,,,clinvar,,False,9.3,,,,neutral,neutral,neutral,UP,neutral,neutral,neutral,1349286,Uncertain significance,1,90.88,-,-0.2194,0.5345,-5.7066,loss_of_function,-1.06122633689913,0.3025,benign,https://doi.org/10.1101/2022.10.22.513328
A694S,0.07582,-0.05918,-0.083599928786654,Neutral,Neutral,114.4,,,,clinvar,,False,114.4,,,,neutral,neutral,neutral,-,uncertain,uncertain,uncertain,893871,Uncertain significance,1,89.57,T,0.0459,2.8406,-4.6286,gain_of_function,-0.378515559377108,0.1041,benign,https://doi.org/10.1101/2022.10.22.513328
A694T,-0.03372,-0.01973,-0.1810123458800377,Neutral,Neutral,114.4,0.0010193679918451,0.0007598542352922,0.319,"cBioPortal,COSMIC,clinvar",,False,114.4,,,,neutral,neutral,neutral,UP,neutral,neutral,neutral,331076,Conflicting interpretations of pathogenicity,1,89.57,T,0.0264,2.8406,-7.2915,gain_of_function,-0.191240364025817,0.0932,benign,https://doi.org/10.1101/2022.10.22.513328
M696R,2.82872,1.54694,1.7078583900364364,Uncertain,Uncertain,22.8,,,,clinvar,,False,22.8,,,,neutral,neutral,neutral,UP,neutral,neutral,neutral,893870,Uncertain significance,2,88.26,T,-0.3016,1.3234,-8.8764,loss_of_function,-1.61439024435324,0.814,pathogenic,https://doi.org/10.1101/2022.10.22.513328
M696V,1.97748,0.94218,0.3727188536022652,Neutral,Neutral,22.8,,,,clinvar,,False,22.8,,,,neutral,neutral,neutral,DOWN,neutral,neutral,neutral,1436646,Uncertain significance,1,88.26,T,-0.1611,1.3234,-8.8764,loss_of_function,-1.15665670202134,0.1594,benign,https://doi.org/10.1101/2022.10.22.513328
E697D,0.52837,-0.85408,0.2336318199630788,Neutral,Neutral,94.4,,7.9563989338e-06,0.166,cBioPortal,,False,94.4,,,,neutral,neutral,neutral,,,,,,,,86.86,T,-0.0528,1.4072,-1.8431,loss_of_function,-0.0387562696034449,0.0629,benign,https://doi.org/10.1101/2022.10.22.513328
E697K,0.30808,1.32789,0.4918963147711891,Neutral,Neutral,94.4,3.18532203606e-05,7.9565888512e-06,0.411,"cBioPortal,COSMIC,clinvar",,False,94.4,,,,neutral,neutral,neutral,UP,neutral,neutral,neutral,1361081,Uncertain significance,2,86.86,T,-0.1369,1.4072,-7.2915,loss_of_function,-1.61159183451462,0.3117,benign,https://doi.org/10.1101/2022.10.22.513328
D700V,0.63865,0.93265,0.4116527938058217,Neutral,Neutral,110.3,,,0.172,cBioPortal,,False,110.3,,,,neutral,neutral,neutral,,,,,,,,89.25,-,-0.202,2.1017,-22.1673,loss_of_function,-0.838153620112443,0.094,benign,https://doi.org/10.1101/2022.10.22.513328
D700Y,0.77148,0.85136,0.2339808877951193,Neutral,Neutral,110.3,,,,clinvar,,False,110.3,,,,neutral,neutral,neutral,UP,neutral,neutral,neutral,2182394,Uncertain significance,1,89.25,-,-0.1999,2.1017,-22.1673,loss_of_function,-1.95215484847836,0.1989,benign,https://doi.org/10.1101/2022.10.22.513328
A702G,0.78283,0.63776,1.589034129525072,Neutral,Neutral,32.8,,,0.116,cBioPortal,,False,32.8,,,,neutral,neutral,neutral,,,,,,,,90.6,S,0.0208,2.973,-6.2946,gain_of_function,-1.09492853353236,0.1044,benign,https://doi.org/10.1101/2022.10.22.513328
A702V,1.03834,0.90544,0.1874505056714731,Neutral,Neutral,32.8,,2.78536014707e-05,0.036,"cBioPortal,COSMIC,clinvar",,False,32.8,,,,neutral,neutral,neutral,UP,neutral,neutral,neutral,331075,Uncertain significance,2,90.6,S,0.0673,2.973,-2.2357,gain_of_function,-0.934117500902544,0.0813,benign,https://doi.org/10.1101/2022.10.22.513328
F703C,4.67299,4.09184,4.189785458661627,Destabilizing,Destabilizing,0.3,,,0.561,COSMIC,,True,0.3,,,,neutral,neutral,neutral,,,,,,,,91.29,-,-0.2313,1.2815,-8.8794,loss_of_function,-2.98874943080666,0.6281,pathogenic,https://doi.org/10.1101/2022.10.22.513328
S704L,-0.11633,-0.37313,-0.5010454066536013,Neutral,Neutral,71.3,0.0026132959398305,0.0021962631696215,0.228,"cBioPortal,COSMIC,clinvar",,True,71.3,,,,uncertain,,,UP,neutral,neutral,neutral,134120,Benign/Likely benign,2,90.22,-,-0.1325,2.4459,-22.1673,loss_of_function,-1.1784815294497,0.1038,benign,https://doi.org/10.1101/2022.10.22.513328
E707G,1.29796,1.06701,1.2958614728672535,Neutral,Neutral,85.9,,7.16047418251e-05,0.223,"cBioPortal,COSMIC,clinvar",,True,85.9,,,,neutral,neutral,neutral,DOWN,neutral,neutral,neutral,1306453,Uncertain significance,2,94.59,H,-0.0556,2.3639,-7.8856,loss_of_function,-1.13766715381692,0.1662,benign,https://doi.org/10.1101/2022.10.22.513328
Q710H,0.82639,0.68367,-0.4891538652765576,Neutral,Neutral,78.0,,,0.363,"cBioPortal,COSMIC",,False,78.0,,,,neutral,neutral,neutral,,,,,,,,93.8,H,0.0701,3.0864,-5.1822,gain_of_function,-0.554457565524314,0.145,benign,https://doi.org/10.1101/2022.10.22.513328
Q711R,0.1889,0.0568,-0.5399773270635205,Neutral,Neutral,71.8,,,0.249,"cBioPortal,COSMIC",,False,71.8,,,,neutral,neutral,neutral,,,,,,,,94.54,H,-0.0556,2.1707,-7.2976,loss_of_function,-1.10548078636499,0.1724,benign,https://doi.org/10.1101/2022.10.22.513328
Q714E,0.51486,-0.00578,-0.2464609322642075,Neutral,Neutral,67.3,,,0.251,COSMIC,,False,67.3,,,,neutral,neutral,neutral,,,,,,,,93.89,H,-0.0854,1.4543,-5.4263,loss_of_function,-0.616656124791396,0.2217,benign,https://doi.org/10.1101/2022.10.22.513328
V716I,0.22597,0.55714,-0.0734851204171349,Neutral,Neutral,0.0,,,,clinvar,,False,0.0,,,,neutral,neutral,neutral,UP,neutral,neutral,neutral,1980975,Uncertain significance,2,92.14,H,-0.1738,0.3007,-5.5638,loss_of_function,-0.678493132843442,0.3371,benign,https://doi.org/10.1101/2022.10.22.513328
A718T,1.32782,0.22517,0.171877386116267,Neutral,Neutral,84.2,,,0.088,cBioPortal,,True,84.2,,,,neutral,neutral,neutral,,,,,,,,91.82,H,-0.0075,2.3385,-4.8826,loss_of_function,-0.342971512009479,0.1734,benign,https://doi.org/10.1101/2022.10.22.513328
A718V,1.24446,0.57891,-0.0110651564049207,Neutral,Neutral,84.2,,,0.082,cBioPortal,,True,84.2,,,,neutral,neutral,neutral,,,,,,,,91.82,H,-0.0169,2.3385,-7.2976,loss_of_function,-0.727092751626777,0.3063,benign,https://doi.org/10.1101/2022.10.22.513328
A719V,2.46942,1.86293,0.9132201354049124,Uncertain,Uncertain,9.6,,,0.369,"cBioPortal,COSMIC",,True,9.6,,,,neutral,neutral,neutral,,,,,,,,87.9,S,-0.1364,1.1279,-8.8856,loss_of_function,-1.80308899431944,0.8357,pathogenic,https://doi.org/10.1101/2022.10.22.513328
T720S,-0.94723,0.11905,0.4443142430372332,Neutral,Neutral,75.5,3.18369945877e-05,1.19331742243e-05,0.134,"cBioPortal,clinvar",P,True,75.5,0.564,,,neutral,neutral,potentially_damaging,DOWN,neutral,neutral,neutral,1405590,Uncertain significance,1,86.32,-,0.0239,2.1998,-1.0783,gain_of_function,-0.0146246919992976,0.0619,benign,https://doi.org/10.1101/2022.10.22.513328
D723N,0.58697,0.72415,0.1912637832527886,Neutral,Neutral,50.3,,,0.147,"cBioPortal,COSMIC",,True,50.3,,,,neutral,neutral,neutral,,,,,,,,82.67,G,-0.1014,1.5839,-8.8733,loss_of_function,-0.771552021744619,0.8546,pathogenic,https://doi.org/10.1101/2022.10.22.513328
A724V,4.29899,3.14898,0.2265188603038104,Destabilizing,Uncertain,0.0,,,0.254,"cBioPortal,COSMIC",,True,0.0,,,,neutral,neutral,neutral,,,,,,,,79.41,G,-0.0863,1.5833,-7.2854,loss_of_function,-0.753989712315049,0.8509,pathogenic,https://doi.org/10.1101/2022.10.22.513328
E725K,-0.41337,1.0517,0.1502541979890964,Neutral,Neutral,50.0,3.1847133758e-05,,0.203,cBioPortal,,False,50.0,,,,neutral,neutral,neutral,,,,,,,,79.53,S,-0.0597,2.1417,-5.4109,loss_of_function,-1.06025471917224,0.8952,pathogenic,https://doi.org/10.1101/2022.10.22.513328
E727V,0.87381,2.22347,0.6289672279849234,Uncertain,Neutral,28.9,,,0.601,"cBioPortal,COSMIC",,False,28.9,,,,neutral,neutral,neutral,,,,,,,,70.79,-,-0.1752,1.7199,-22.1488,loss_of_function,-1.97160225585615,0.9629,pathogenic,https://doi.org/10.1101/2022.10.22.513328
