Mutation,"Stability (FoldX5, alphafold, kcal/mol)","Stability (Rosetta Cartddg2020, alphafold, kcal/mol)","Stability (RaSP, alphafold, kcal/mol)","Stability classification, alphafold, (Rosetta, FoldX)","Stability classification, alphafold, (RaSP, FoldX)",Relative Side Chain Solvent Accessibility in wild-type,gnomAD genome allele frequency,gnomAD exome allele frequency,REVEL score,Mutation sources,PTMs,is site part of phospho-SLiM,PTM residue SASA (%),"Change in stability with PTM (FoldX5, kcal/mol)","Change in binding with PTM (FoldX5, kcal/mol)","Change in binding with mutation (FoldX5, kcal/mol)",PTM effect in regulation,PTM effect in stability,PTM effect in function,AlloSigma2 mutation type,AlloSigma2 predicted consequence - active sites,AlloSigma2 predicted consequence - cofactor sites,AlloSigma2 predicted consequence - pockets and interfaces,ClinVar Variation ID,ClinVar Interpretation,ClinVar Review Status,AlphaFold2 model pLDDT score,AlphaFold2 model secondary structure,DeMaSk delta fitness,DeMaSk Shannon entropy,DeMaSk log2 variant frequency,DeMaSk predicted consequence,GEMME Score,EVE score,EVE classification (25% Uncertain),AlphaMissense pathogenicity score,AlphaMissense classification,References
E181A,0.0578,0.57245,0.1652051011925237,Neutral,Neutral,80.3,6.37023824691e-05,0.0000199344555103,0.450,"cBioPortal,COSMIC",,True,80.3,,,,neutral,neutral,neutral,DOWN,neutral,neutral,neutral,,,,72.22,-,-0.1395,1.1636,-7.7244,loss_of_function,-3.34738099199414,0.0229272721525402,Benign,0.848,pathogenic,https://doi.org/10.1101/2022.10.22.513328
T182A,0.26915,0.12041,0.260544510693082,Neutral,Neutral,87.8,,,0.491,"cBioPortal,COSMIC",,True,87.8,,,,uncertain,,,DOWN,neutral,neutral,neutral,,,,81.9,-,-0.0502,1.8871,-2.8453,loss_of_function,-2.07154480132395,0.0072794742761072,Benign,0.2589,benign,https://doi.org/10.1101/2022.10.22.513328
R183C,0.5029,0.94694,1.8811652735156137,Neutral,Neutral,52.2,,,0.813,"cBioPortal,COSMIC",,True,52.2,,,,neutral,neutral,neutral,DOWN,neutral,neutral,stabilizing,,,,91.91,-,-0.3161,1.1065,-22.0789,loss_of_function,-6.76911556371273,0.831168331025407,Pathogenic,0.8442,pathogenic,https://doi.org/10.1101/2022.10.22.513328
R183G,1.12842,2.81667,2.6076861715941133,Uncertain,Uncertain,52.2,,,0.829,"cBioPortal,COSMIC",,True,52.2,,,,neutral,neutral,neutral,DOWN,neutral,neutral,stabilizing,,,,91.91,-,-0.3426,1.1065,-22.0789,loss_of_function,-7.70870781233804,0.3606194339012336,Uncertain,0.9568,pathogenic,https://doi.org/10.1101/2022.10.22.513328
R183H,0.40025,-0.05612,0.5267285167228553,Neutral,Neutral,52.2,,0.0000119607686787,0.705,cBioPortal,,True,52.2,,,,neutral,neutral,neutral,DOWN,neutral,neutral,stabilizing,,,,91.91,-,-0.1697,1.1065,-1.0565,loss_of_function,-2.72905345927944,0.0018829216142037,Benign,0.4861,ambiguous,https://doi.org/10.1101/2022.10.22.513328
C185S,1.37783,1.57755,0.4983715511755276,Neutral,Neutral,0.0,,,"0.972, 0.995",cBioPortal,,True,0.0,,,,neutral,neutral,neutral,DOWN,neutral,neutral,neutral,,,,98.15,-,-0.4807,0.0225,-22.1301,loss_of_function,-5.0052605015786,0.9904355950830808,Pathogenic,0.9999,pathogenic,https://doi.org/10.1101/2022.10.22.513328
A186E,-0.02652,-0.33163,0.0333404745642096,Neutral,Neutral,53.6,,,0.861,"cBioPortal,COSMIC",,True,53.6,,,,neutral,neutral,neutral,UP,neutral,neutral,neutral,,,,96.82,T,-0.3883,0.208,-22.1301,loss_of_function,-6.41311628368255,0.9312990112616208,Pathogenic,0.9636,pathogenic,https://doi.org/10.1101/2022.10.22.513328
A186P,1.61061,2.26905,2.947146294905674,Uncertain,Uncertain,53.6,,,0.791,cBioPortal,,True,53.6,,,,neutral,neutral,neutral,UP,neutral,neutral,neutral,,,,96.82,T,-0.3745,0.208,-8.8422,loss_of_function,-5.29902350620545,0.7926314888129516,Pathogenic,0.9955,pathogenic,https://doi.org/10.1101/2022.10.22.513328
A186T,1.21553,0.32007,0.343008441710107,Neutral,Neutral,53.6,,,0.737,cBioPortal,,True,53.6,,,,neutral,neutral,neutral,UP,neutral,neutral,neutral,,,,96.82,T,-0.2916,0.208,-22.1301,loss_of_function,-4.89191255907948,0.8692471458078475,Pathogenic,0.7479,pathogenic,https://doi.org/10.1101/2022.10.22.513328
V187L,2.16377,3.36361,1.1760350033320317,Uncertain,Uncertain,0.0,,,0.851,"cBioPortal,COSMIC",,True,0.0,,,,neutral,neutral,neutral,UP,neutral,neutral,neutral,,,,97.9,T,-0.2812,0.0224,-8.8516,loss_of_function,-4.98320637701995,0.9758304949463418,Pathogenic,0.9985,pathogenic,https://doi.org/10.1101/2022.10.22.513328
C188R,16.08433,13.10612,4.038031713979163,Destabilizing,Destabilizing,0.7,,,0.981,cBioPortal,,True,0.7,,,,neutral,neutral,neutral,UP,neutral,neutral,neutral,,,,97.85,T,-0.5422,0.0224,-22.1395,loss_of_function,-8.33259994696382,0.992921467250971,Pathogenic,1.0,pathogenic,https://doi.org/10.1101/2022.10.22.513328
N189D,0.30568,0.57347,0.3723147568617346,Neutral,Neutral,96.5,,,0.636,cBioPortal,,True,96.5,,,,neutral,neutral,neutral,-,uncertain,uncertain,uncertain,,,,96.38,S,-0.1033,1.7438,-8.8516,loss_of_function,-2.76524795675149,0.0113614254960283,Benign,0.297,benign,https://doi.org/10.1101/2022.10.22.513328
N189S,0.34614,0.83776,1.010385861434392,Neutral,Neutral,96.5,,0.0000039860011639,0.414,cBioPortal,,True,96.5,,,,neutral,neutral,neutral,DOWN,neutral,neutral,neutral,,,,96.38,S,-0.0311,1.7438,-1.2297,loss_of_function,-0.310144438690861,1.7171882804138052e-05,Benign,0.0684,benign,https://doi.org/10.1101/2022.10.22.513328
D190H,1.37748,1.36122,1.0060305098437257,Neutral,Neutral,16.4,,,0.944,COSMIC,,True,16.4,,,,neutral,neutral,neutral,UP,neutral,neutral,neutral,,,,96.81,S,-0.3554,0.0224,-22.1395,loss_of_function,-8.31172080840029,0.9788186892503672,Pathogenic,0.9998,pathogenic,https://doi.org/10.1101/2022.10.22.513328
D190N,1.45579,1.67755,1.070462890151363,Neutral,Neutral,16.4,,,0.728,"cBioPortal,COSMIC",,True,16.4,,,,neutral,neutral,neutral,-,uncertain,uncertain,uncertain,,,,96.81,S,-0.3128,0.0224,-22.1395,loss_of_function,-4.99295122275517,0.983527528789614,Pathogenic,0.9975,pathogenic,https://doi.org/10.1101/2022.10.22.513328
D190V,1.66257,1.57585,1.1295597375523758,Neutral,Neutral,16.4,,,0.975,cBioPortal,,True,16.4,,,,neutral,neutral,neutral,UP,neutral,neutral,neutral,,,,96.81,S,-0.3932,0.0224,-22.1395,loss_of_function,-8.31172080840029,0.9827787850134329,Pathogenic,0.9999,pathogenic,https://doi.org/10.1101/2022.10.22.513328
D190Y,0.48607,1.97211,1.043354740664212,Neutral,Neutral,16.4,,,0.951,"cBioPortal,COSMIC",,True,16.4,,,,neutral,neutral,neutral,UP,neutral,neutral,neutral,,,,96.81,S,-0.3911,0.0224,-22.1395,loss_of_function,-8.31172080840029,0.9844711885593652,Pathogenic,0.9989,pathogenic,https://doi.org/10.1101/2022.10.22.513328
Y191C,0.86051,0.75306,1.7894266625257549,Neutral,Neutral,72.5,,,,clinvar,,True,72.5,,,,uncertain,,,DOWN,neutral,neutral,stabilizing,2238852,Uncertain significance,1,97.09,B,-0.3108,0.4178,-7.8517,loss_of_function,-3.68618937183858,0.7392523323062348,Pathogenic,0.8386,pathogenic,https://doi.org/10.1101/2022.10.22.513328
Y191H,0.6281,-0.35136,0.4859874077178722,Neutral,Neutral,72.5,,,0.802,"cBioPortal,COSMIC",,True,72.5,,,,uncertain,,,DOWN,neutral,neutral,stabilizing,,,,97.09,B,-0.2449,0.4178,-7.2667,loss_of_function,-2.3726836001249,0.1616029084856929,Benign,0.9362,pathogenic,https://doi.org/10.1101/2022.10.22.513328
A192T,3.34818,1.32823,1.988763462267264,Uncertain,Uncertain,0.1,,,0.860,cBioPortal,,True,0.1,,,,neutral,neutral,neutral,UP,neutral,neutral,neutral,,,,97.13,-,-0.3066,0.0446,-22.1395,loss_of_function,-4.2801656614368,0.9788461732452768,Pathogenic,0.9986,pathogenic,https://doi.org/10.1101/2022.10.22.513328
A192V,6.25572,1.27279,1.7481208207046657,Uncertain,Uncertain,0.1,,,0.889,cBioPortal,,True,0.1,,,,neutral,neutral,neutral,UP,neutral,neutral,neutral,,,,97.13,-,-0.2359,0.0446,-8.8516,loss_of_function,-6.03220700241106,0.9694894287664833,Pathogenic,0.9989,pathogenic,https://doi.org/10.1101/2022.10.22.513328
S193L,-0.11322,-0.06361,0.2101275985496492,Neutral,Neutral,41.9,,,0.923,cBioPortal,,False,41.9,,,,uncertain,,,UP,neutral,neutral,neutral,,,,95.11,-,-0.2876,0.0224,-8.8516,loss_of_function,-5.18220012310435,0.7040235991923637,Pathogenic,0.9977,pathogenic,https://doi.org/10.1101/2022.10.22.513328
H196R,-0.19655,1.06667,1.0763694121410377,Neutral,Neutral,23.4,,,0.988,"cBioPortal,COSMIC",,False,23.4,,,,neutral,neutral,neutral,UP,neutral,neutral,neutral,,,,95.13,E,-0.3268,0.0665,-22.1488,loss_of_function,-8.30550899592452,0.9608069309192564,Pathogenic,0.9998,pathogenic,https://doi.org/10.1101/2022.10.22.513328
Y197C,2.29909,1.75,3.7249515055692455,Uncertain,Uncertain,29.7,,,0.982,"cBioPortal,COSMIC",,False,29.7,,,,uncertain,,,DOWN,neutral,neutral,stabilizing,,,,94.61,T,-0.4202,0.0222,-22.1488,loss_of_function,-8.33283255795491,0.9879800929426096,Pathogenic,0.9996,pathogenic,https://doi.org/10.1101/2022.10.22.513328
V199A,2.05646,2.30714,2.3553875720829445,Uncertain,Uncertain,8.3,,,0.912,cBioPortal,,False,8.3,,,,neutral,neutral,neutral,DOWN,neutral,neutral,stabilizing,,,,94.56,E,-0.3505,0.0001,-22.1519,loss_of_function,-7.06353910785089,0.6023472324298308,Uncertain,0.9928,pathogenic,https://doi.org/10.1101/2022.10.22.513328
W200L,0.05217,1.99252,0.6239430078760339,Neutral,Neutral,51.6,,,0.830,cBioPortal,,False,51.6,,,,neutral,neutral,neutral,DOWN,neutral,neutral,neutral,,,,97.01,E,-0.5215,0.0222,-22.155,loss_of_function,-7.92414600512071,0.878300832286429,Pathogenic,0.9829,pathogenic,https://doi.org/10.1101/2022.10.22.513328
E203V,0.87009,0.99796,0.4203698879665141,Neutral,Neutral,61.6,,,0.962,"cBioPortal,COSMIC",,False,61.6,,,,neutral,neutral,neutral,-,uncertain,uncertain,uncertain,,,,97.52,H,-0.3314,0.0222,-22.155,loss_of_function,-8.29634796962238,0.9892270861425844,Pathogenic,0.9999,pathogenic,https://doi.org/10.1101/2022.10.22.513328
G204C,0.58991,0.07143,-0.2432604256228121,Neutral,Neutral,79.5,,,0.975,cBioPortal,,False,79.5,,,,neutral,neutral,neutral,UP,neutral,neutral,neutral,,,,97.46,H,-0.4409,0.0222,-22.155,loss_of_function,-4.94573562831337,0.9855855462840706,Pathogenic,0.9999,pathogenic,https://doi.org/10.1101/2022.10.22.513328
G204S,0.28553,0.15544,-0.6106353282557969,Neutral,Neutral,79.5,,,0.909,"cBioPortal,COSMIC",,False,79.5,,,,neutral,neutral,neutral,UP,neutral,neutral,neutral,,,,97.46,H,-0.3871,0.0222,-22.155,loss_of_function,-4.94573562831337,0.9869909228153264,Pathogenic,0.9985,pathogenic,https://doi.org/10.1101/2022.10.22.513328
C205Y,13.29718,3.22755,3.114598070888664,Destabilizing,Destabilizing,0.0,,,0.966,COSMIC,,False,0.0,,,,neutral,neutral,neutral,UP,neutral,neutral,stabilizing,,,,98.23,H,-0.4954,0.0001,-22.155,loss_of_function,-8.29650219184662,0.9921227166243444,Pathogenic,1.0,pathogenic,https://doi.org/10.1101/2022.10.22.513328
K206R,0.62376,-0.21701,-0.0974735900824458,Neutral,Neutral,35.9,,,0.932,"cBioPortal,COSMIC",,True,35.9,,,,neutral,neutral,neutral,-,uncertain,uncertain,uncertain,,,,96.92,H,-0.2536,0.0222,-22.155,loss_of_function,-4.98320637701995,0.9920766151836368,Pathogenic,0.9836,pathogenic,https://doi.org/10.1101/2022.10.22.513328
K206T,2.52241,-0.80748,0.8540505118615446,Uncertain,Uncertain,35.9,,,0.967,"cBioPortal,COSMIC",,True,35.9,,,,neutral,neutral,neutral,DOWN,neutral,neutral,neutral,,,,96.92,H,-0.342,0.0222,-22.155,loss_of_function,-8.29650219184662,0.9924307928325424,Pathogenic,0.9996,pathogenic,https://doi.org/10.1101/2022.10.22.513328
A207S,0.93623,0.57279,0.5325179182274253,Neutral,Neutral,57.9,,,0.701,COSMIC,,True,57.9,,,,neutral,neutral,neutral,-,uncertain,uncertain,uncertain,,,,95.66,H,-0.3008,0.0441,-22.1581,loss_of_function,-4.61143268442077,0.85051949468875,Pathogenic,0.9456,pathogenic,https://doi.org/10.1101/2022.10.22.513328
A207T,-0.02923,0.05442,0.21111498461227,Neutral,Neutral,57.9,,,0.734,"cBioPortal,COSMIC",,True,57.9,,,,neutral,neutral,neutral,UP,neutral,neutral,stabilizing,,,,95.66,H,-0.3068,0.0441,-22.1581,loss_of_function,-4.99295122275517,0.9448048791796536,Pathogenic,0.9982,pathogenic,https://doi.org/10.1101/2022.10.22.513328
K210N,1.31656,0.31088,0.8057675840472567,Neutral,Neutral,61.3,,,0.856,cBioPortal,,True,61.3,,,,neutral,neutral,neutral,DOWN,neutral,neutral,destabilizing,,,,94.06,H,-0.3311,0.1011,-22.1673,loss_of_function,-8.26467737930542,0.9875346846118914,Pathogenic,1.0,pathogenic,https://doi.org/10.1101/2022.10.22.513328
R211I,0.62762,-0.36361,-0.1906436804238692,Neutral,Neutral,73.1,,,0.983,"cBioPortal,COSMIC",,False,73.1,,,,neutral,neutral,neutral,DOWN,neutral,neutral,neutral,,,,94.41,H,-0.4333,0.0614,-22.1704,loss_of_function,-8.33368428099438,0.993420133707156,Pathogenic,0.9999,pathogenic,https://doi.org/10.1101/2022.10.22.513328
R211S,0.77148,0.26769,0.7631074894456613,Neutral,Neutral,73.1,,,0.936,"cBioPortal,COSMIC",,False,73.1,,,,neutral,neutral,neutral,DOWN,neutral,neutral,neutral,,,,94.41,H,-0.3315,0.0614,-7.8826,loss_of_function,-8.33368428099438,0.9937518868585702,Pathogenic,1.0,pathogenic,https://doi.org/10.1101/2022.10.22.513328
S212C,-0.81077,0.2398,0.2767974057685191,Neutral,Neutral,0.0,,,0.963,cBioPortal,P,False,0.0,9.903,,,uncertain,damaging,uncertain,UP,neutral,neutral,neutral,,,,93.82,H,-0.2547,0.0877,-8.8794,loss_of_function,-4.62108120298476,0.9828419876659656,Pathogenic,0.9917,pathogenic,https://doi.org/10.1101/2022.10.22.513328
Q214E,0.529,0.9085,-0.2135636667762386,Neutral,Neutral,64.1,,,0.926,"cBioPortal,COSMIC",,False,64.1,,,,neutral,neutral,neutral,DOWN,neutral,neutral,neutral,,,,82.48,T,-0.2953,0.1011,-22.1673,loss_of_function,-4.96679400525537,0.9798859009922064,Pathogenic,0.9076,pathogenic,https://doi.org/10.1101/2022.10.22.513328
G215E,-0.06871,0.63469,0.2539647670586231,Neutral,Neutral,90.8,,,0.892,cBioPortal,,False,90.8,,,,neutral,neutral,neutral,UP,neutral,neutral,neutral,,,,74.73,S,-0.4305,0.1356,-22.1795,loss_of_function,-8.28563238802314,0.9822219244977612,Pathogenic,0.9979,pathogenic,https://doi.org/10.1101/2022.10.22.513328
N217K,1.14304,-0.25102,1.0821744832169946,Neutral,Neutral,28.4,,,0.690,COSMIC,,False,28.4,,,,neutral,neutral,neutral,UP,neutral,neutral,neutral,,,,76.29,-,-0.3084,0.2546,-22.1856,loss_of_function,-5.3716989943638,0.3739284193365011,Uncertain,0.9828,pathogenic,https://doi.org/10.1101/2022.10.22.513328
N217S,1.86556,0.71293,1.5875135998323522,Neutral,Neutral,28.4,,,0.694,"cBioPortal,COSMIC",,False,28.4,,,,neutral,neutral,neutral,DOWN,neutral,neutral,stabilizing,,,,76.29,-,-0.192,0.2546,-5.8978,loss_of_function,-3.56135189726977,0.2375469443027996,Benign,0.2047,benign,https://doi.org/10.1101/2022.10.22.513328
D218N,0.22509,0.37653,0.3183097217403463,Neutral,Neutral,86.1,,0.0000119348832768,0.648,"cBioPortal,COSMIC",,False,86.1,,,,neutral,neutral,neutral,-,uncertain,uncertain,uncertain,,,,83.43,-,-0.1981,0.3681,-5.8948,loss_of_function,-2.64058417827367,0.0152598119527706,Benign,0.6326,pathogenic,https://doi.org/10.1101/2022.10.22.513328
M220I,0.47223,-0.43129,-0.0663928892428272,Neutral,Neutral,99.7,,,0.393,cBioPortal,,False,99.7,,,,neutral,neutral,neutral,-,uncertain,uncertain,uncertain,,,,91.62,-,-0.0886,1.3249,-0.979,loss_of_function,-0.335757843374977,0.0005798019335661,Benign,0.5658,pathogenic,https://doi.org/10.1101/2022.10.22.513328
M220T,0.43196,-0.07347,0.1770214077383031,Neutral,Neutral,99.7,,,0.746,"cBioPortal,COSMIC",,False,99.7,,,,neutral,neutral,neutral,DOWN,neutral,neutral,stabilizing,,,,91.62,-,-0.2506,1.3249,-22.1856,loss_of_function,-3.58627166278042,0.0846059842871679,Benign,0.8433,pathogenic,https://doi.org/10.1101/2022.10.22.513328
C221F,5.04924,8.00442,0.1591586046124765,Destabilizing,Uncertain,0.3,,,0.993,cBioPortal,,False,0.3,,,,neutral,neutral,neutral,UP,neutral,neutral,neutral,,,,95.31,-,-0.4842,0.0218,-22.1856,loss_of_function,-8.41752723046511,0.9924105039600102,Pathogenic,0.9997,pathogenic,https://doi.org/10.1101/2022.10.22.513328
P222L,1.04354,1.26973,-0.6115066295564647,Neutral,Neutral,67.2,,,0.919,cBioPortal,,False,67.2,,,,neutral,neutral,neutral,UP,neutral,neutral,neutral,,,,91.85,S,-0.3762,0.0001,-22.1886,loss_of_function,-6.97554307084234,0.93895258923673,Pathogenic,0.9901,pathogenic,https://doi.org/10.1101/2022.10.22.513328
P222S,1.71134,1.92075,-0.3018031225875767,Neutral,Neutral,67.2,,,0.851,"cBioPortal,COSMIC",,False,67.2,,,,neutral,neutral,neutral,DOWN,neutral,neutral,neutral,,,,91.85,S,-0.3271,0.0001,-22.1886,loss_of_function,-6.33179005225806,0.8073850975035308,Pathogenic,0.9975,pathogenic,https://doi.org/10.1101/2022.10.22.513328
T224I,-0.19632,0.51156,0.4253982479877122,Neutral,Neutral,105.4,,,,"cBioPortal,COSMIC",,False,105.4,,,,uncertain,,,UP,neutral,neutral,neutral,,,,91.93,S,-0.3444,0.0434,-22.1886,loss_of_function,-5.27942247281529,0.952619697758148,Pathogenic,0.997,pathogenic,https://doi.org/10.1101/2022.10.22.513328
T224N,-1.36264,-0.88571,0.0478659251160562,Neutral,Neutral,105.4,,,0.746,"cBioPortal,COSMIC",,False,105.4,,,,uncertain,,,-,uncertain,uncertain,uncertain,,,,91.93,S,-0.3742,0.0434,-22.1886,loss_of_function,-4.92953451860918,0.6215523484101784,Uncertain,0.9281,pathogenic,https://doi.org/10.1101/2022.10.22.513328
T224S,-1.35024,-0.43333,0.2529717534736592,Neutral,Neutral,105.4,,,"0.743, 0.793","cBioPortal,COSMIC",,False,105.4,,,,neutral,,,DOWN,neutral,neutral,neutral,,,,91.93,S,-0.2145,0.0434,-8.9007,loss_of_function,-3.8281385981188,0.681133895046231,Pathogenic,0.8583,pathogenic,https://doi.org/10.1101/2022.10.22.513328
N225K,-0.00494,0.57415,0.3773317109940682,Neutral,Neutral,71.1,,,0.787,cBioPortal,,False,71.1,,,,neutral,neutral,neutral,UP,neutral,neutral,neutral,,,,90.73,S,-0.3318,0.0001,-22.1825,loss_of_function,-5.96619551567053,0.6446545998012309,Uncertain,0.9977,pathogenic,https://doi.org/10.1101/2022.10.22.513328
Q226H,0.09195,0.27789,-0.4596503821845255,Neutral,Neutral,89.7,,,0.797,COSMIC,,False,89.7,,,,neutral,neutral,neutral,UP,neutral,neutral,neutral,,,,93.06,-,-0.2971,0.0392,-22.1856,loss_of_function,-6.57668566950883,0.3024632561260046,Benign,0.7463,pathogenic,https://doi.org/10.1101/2022.10.22.513328
Q226K,0.07024,0.30034,-0.2690090483517587,Neutral,Neutral,89.7,,,0.838,cBioPortal,,False,89.7,,,,neutral,neutral,neutral,UP,neutral,neutral,neutral,,,,93.06,-,-0.3291,0.0392,-22.1856,loss_of_function,-6.27298081024322,0.6293916022296581,Uncertain,0.5648,pathogenic,https://doi.org/10.1101/2022.10.22.513328
C227R,0.13257,0.17381,-0.0904520199913305,Neutral,Neutral,32.4,,,0.997,cBioPortal,,False,32.4,,,,neutral,neutral,neutral,UP,neutral,neutral,neutral,,,,95.25,-,-0.5445,0.0001,-22.1856,loss_of_function,-8.41760443293376,0.9914558330444376,Pathogenic,1.0,pathogenic,https://doi.org/10.1101/2022.10.22.513328
C227W,-0.95872,-0.49694,-0.8701368792248315,Neutral,Neutral,32.4,,,0.928,cBioPortal,,False,32.4,,,,neutral,neutral,neutral,UP,neutral,neutral,neutral,,,,95.25,-,-0.4893,0.0001,-22.1856,loss_of_function,-8.41760443293376,0.9919166766687456,Pathogenic,1.0,pathogenic,https://doi.org/10.1101/2022.10.22.513328
C227Y,-0.75754,-0.43571,-0.559331374717611,Neutral,Neutral,32.4,,,0.991,cBioPortal,,False,32.4,,,,neutral,neutral,neutral,UP,neutral,neutral,neutral,,,,95.25,-,-0.4955,0.0001,-22.1856,loss_of_function,-8.41760443293376,0.9813821720452812,Pathogenic,0.9999,pathogenic,https://doi.org/10.1101/2022.10.22.513328
T228A,-0.19843,0.20544,-0.0566524651636302,Neutral,Neutral,92.5,,,0.866,"cBioPortal,COSMIC",,False,92.5,,,,uncertain,,,DOWN,neutral,neutral,neutral,,,,95.06,-,-0.2527,0.0217,-8.9007,loss_of_function,-2.81319865260868,0.972818747036325,Pathogenic,0.8569,pathogenic,https://doi.org/10.1101/2022.10.22.513328
I229T,2.80886,2.42517,2.513642908005299,Uncertain,Uncertain,5.4,,0.0000039784527002,0.986,cBioPortal,,False,5.4,,,,neutral,neutral,neutral,DOWN,neutral,neutral,stabilizing,,,,96.49,-,-0.3033,0.0782,-7.9008,loss_of_function,-5.58317863730961,0.9711208022172676,Pathogenic,0.9956,pathogenic,https://doi.org/10.1101/2022.10.22.513328
D230N,1.88941,1.14388,0.6708941845591393,Neutral,Neutral,49.5,,,0.754,cBioPortal,,False,49.5,,,,neutral,neutral,neutral,-,uncertain,uncertain,uncertain,,,,96.39,-,-0.3151,0.0001,-22.1886,loss_of_function,-4.12937648189401,0.5938143691060179,Uncertain,0.9533,pathogenic,https://doi.org/10.1101/2022.10.22.513328
K231T,0.88028,0.38469,0.3338824004134905,Neutral,Neutral,58.6,,,0.872,cBioPortal,,True,58.6,,,,neutral,neutral,neutral,DOWN,neutral,neutral,mixed_effects,,,,95.97,T,-0.2736,0.768,-22.1916,loss_of_function,-7.80221764395418,0.9343911190962684,Pathogenic,0.9969,pathogenic,https://doi.org/10.1101/2022.10.22.513328
R233G,1.48914,1.3466,1.158355762023625,Neutral,Neutral,75.6,,,0.864,COSMIC,,True,75.6,,,,neutral,neutral,neutral,DOWN,neutral,neutral,neutral,,,,94.12,T,-0.441,0.0433,-22.1916,loss_of_function,-7.58346554729895,0.9799808131077634,Pathogenic,0.999,pathogenic,https://doi.org/10.1101/2022.10.22.513328
R233K,0.26801,0.00986,0.237548352043761,Neutral,Neutral,75.6,,,0.804,cBioPortal,,True,75.6,,,,neutral,neutral,neutral,-,uncertain,uncertain,uncertain,,,,94.12,T,-0.2959,0.0433,-22.1916,loss_of_function,-5.00013163540217,0.8602209907909344,Pathogenic,0.9848,pathogenic,https://doi.org/10.1101/2022.10.22.513328
R233M,0.72196,0.68333,0.275158494988878,Neutral,Neutral,75.6,,,0.924,"cBioPortal,COSMIC",,True,75.6,,,,neutral,neutral,neutral,DOWN,neutral,neutral,neutral,,,,94.12,T,-0.3061,0.0433,-8.9037,loss_of_function,-6.86845214861896,0.9806424612332068,Pathogenic,0.9998,pathogenic,https://doi.org/10.1101/2022.10.22.513328
R234K,-0.31818,1.32789,0.5599247715614669,Neutral,Neutral,18.3,,,0.924,"cBioPortal,COSMIC",,True,18.3,,,,neutral,neutral,neutral,-,uncertain,uncertain,uncertain,,,,95.77,T,-0.2979,0.0216,-22.1946,loss_of_function,-4.65690752137038,0.8818308139880411,Pathogenic,0.9967,pathogenic,https://doi.org/10.1101/2022.10.22.513328
R234M,-1.31289,-1.00714,0.1701189394124352,Neutral,Neutral,18.3,,,0.971,cBioPortal,,True,18.3,,,,neutral,neutral,neutral,DOWN,neutral,neutral,stabilizing,,,,95.77,T,-0.376,0.0216,-22.1946,loss_of_function,-8.39881366615321,0.987088562175544,Pathogenic,1.0,pathogenic,https://doi.org/10.1101/2022.10.22.513328
K235N,1.22868,-0.48367,-0.1779874215377613,Neutral,Neutral,95.3,,,0.701,"cBioPortal,COSMIC",,True,95.3,,,,neutral,neutral,neutral,DOWN,neutral,neutral,mixed_effects,,,,95.58,T,-0.3405,0.0001,-22.1946,loss_of_function,-8.1191095106414,0.5953420582205834,Uncertain,0.9995,pathogenic,https://doi.org/10.1101/2022.10.22.513328
K235T,1.17136,-0.27925,-0.0163072418953258,Neutral,Neutral,95.3,,,0.915,cBioPortal,,True,95.3,,,,neutral,neutral,neutral,DOWN,neutral,neutral,mixed_effects,,,,95.58,T,-0.3443,0.0001,-22.1946,loss_of_function,-8.39143317493979,0.9594377547629288,Pathogenic,0.9991,pathogenic,https://doi.org/10.1101/2022.10.22.513328
C237Y,1.30907,1.73367,1.6768431180238232,Neutral,Neutral,3.7,,,0.970,"cBioPortal,COSMIC",,True,3.7,,,,neutral,neutral,neutral,UP,neutral,neutral,neutral,,,,96.56,-,-0.4238,0.0432,-8.9068,loss_of_function,-8.39919946035663,0.9904037809892664,Pathogenic,1.0,pathogenic,https://doi.org/10.1101/2022.10.22.513328
Q238H,1.05292,0.56531,-0.1541768051811021,Neutral,Neutral,66.5,,,0.889,"cBioPortal,COSMIC",,True,66.5,,,,neutral,neutral,neutral,UP,neutral,neutral,neutral,,,,96.34,H,-0.2987,0.0216,-22.1946,loss_of_function,-8.34710846042875,0.9843404040539164,Pathogenic,0.9999,pathogenic,https://doi.org/10.1101/2022.10.22.513328
Q238L,-0.25125,-0.6415,-0.4513640282421022,Neutral,Neutral,66.5,,,0.958,COSMIC,,True,66.5,,,,neutral,neutral,neutral,UP,neutral,neutral,neutral,,,,96.34,H,-0.3166,0.0216,-22.1946,loss_of_function,-8.34710846042875,0.9818180707253,Pathogenic,0.9956,pathogenic,https://doi.org/10.1101/2022.10.22.513328
A239D,1.89195,2.30476,1.2812286981367829,Uncertain,Neutral,13.7,,,0.942,cBioPortal,,True,13.7,,,,neutral,neutral,neutral,UP,neutral,neutral,neutral,,,,96.06,H,-0.4112,0.1186,-22.1946,loss_of_function,-8.28293062828765,0.9837848472690104,Pathogenic,0.999,pathogenic,https://doi.org/10.1101/2022.10.22.513328
A239S,0.77289,1.17143,0.9528782140517668,Neutral,Neutral,13.7,,,0.801,"cBioPortal,COSMIC",,True,13.7,,,,neutral,neutral,neutral,-,uncertain,uncertain,uncertain,,,,96.06,H,-0.2132,0.1186,-6.3219,loss_of_function,-2.72759013663327,0.2192867296044534,Benign,0.5912,pathogenic,https://doi.org/10.1101/2022.10.22.513328
C240Y,5.0421,1.47891,3.236629919686925,Uncertain,Destabilizing,2.3,,,0.963,"cBioPortal,COSMIC",,True,2.3,,,,neutral,neutral,neutral,UP,neutral,neutral,neutral,,,,97.28,H,-0.4936,0.0216,-22.1946,loss_of_function,-8.12678047483992,0.992289732661812,Pathogenic,0.9999,pathogenic,https://doi.org/10.1101/2022.10.22.513328
R241G,1.72112,3.4602,3.1835401266179435,Uncertain,Uncertain,9.4,,,0.930,COSMIC,,True,9.4,,,,neutral,neutral,neutral,DOWN,neutral,neutral,neutral,,,,97.87,H,-0.441,0.0433,-22.1916,loss_of_function,-8.39842749308869,0.9915514326076832,Pathogenic,0.9999,pathogenic,https://doi.org/10.1101/2022.10.22.513328
R241L,-1.97734,-1.31837,0.1915891010222342,Neutral,Neutral,9.4,,,0.948,cBioPortal,,True,9.4,,,,neutral,neutral,neutral,DOWN,neutral,neutral,neutral,,,,97.87,H,-0.4081,0.0433,-22.1916,loss_of_function,-8.39842749308869,0.9910856586998568,Pathogenic,0.9993,pathogenic,https://doi.org/10.1101/2022.10.22.513328
R241Q,0.25249,1.00646,1.691791611235986,Neutral,Neutral,9.4,,,0.939,"cBioPortal,COSMIC",,True,9.4,,,,neutral,neutral,neutral,DOWN,neutral,neutral,neutral,,,,97.87,H,-0.3804,0.0433,-22.1916,loss_of_function,-8.39842749308869,0.9701482371194524,Pathogenic,0.9997,pathogenic,https://doi.org/10.1101/2022.10.22.513328
R241W,0.11293,1.6898,0.6547291046359185,Neutral,Neutral,9.4,,,0.910,"cBioPortal,COSMIC",,True,9.4,,,,neutral,neutral,neutral,UP,neutral,neutral,neutral,,,,97.87,H,-0.4234,0.0433,-22.1916,loss_of_function,-7.58070790123851,0.991235782284138,Pathogenic,0.9997,pathogenic,https://doi.org/10.1101/2022.10.22.513328
L242F,2.28449,0.18912,2.0859552831636075,Uncertain,Uncertain,17.4,,,0.794,cBioPortal,,True,17.4,,,,neutral,neutral,neutral,UP,neutral,neutral,neutral,,,,96.33,H,-0.2829,0.0217,-8.9037,loss_of_function,-3.92524106678696,0.3179377759629689,Benign,0.9795,pathogenic,https://doi.org/10.1101/2022.10.22.513328
L242I,1.43572,1.55306,1.841727626747383,Neutral,Neutral,17.4,,,0.778,cBioPortal,,True,17.4,,,,neutral,neutral,neutral,-,uncertain,uncertain,uncertain,,,,96.33,H,-0.2914,0.0217,-22.1916,loss_of_function,-5.01038936775503,0.9839166608790464,Pathogenic,0.9777,pathogenic,https://doi.org/10.1101/2022.10.22.513328
R243C,0.92109,1.63503,1.373655195233249,Neutral,Neutral,44.4,,0.0000079572852925,0.829,"cBioPortal,COSMIC",,True,44.4,,,,neutral,neutral,neutral,DOWN,neutral,neutral,neutral,,,,95.31,H,-0.4095,0.0979,-22.1946,loss_of_function,-3.75182384736157,0.9606453583937304,Pathogenic,0.9695,pathogenic,https://doi.org/10.1101/2022.10.22.513328
R243H,0.78792,1.15306,0.6431273551880253,Neutral,Neutral,44.4,,0.0000119382078362,0.898,"cBioPortal,COSMIC",,True,44.4,,,,neutral,neutral,neutral,DOWN,neutral,neutral,neutral,,,,95.31,H,-0.2945,0.0979,-7.3219,loss_of_function,-4.17369097368481,0.8296536878191272,Pathogenic,0.8117,pathogenic,https://doi.org/10.1101/2022.10.22.513328
R243L,-0.14396,0.68776,0.2008203903317995,Neutral,Neutral,44.4,,,0.939,"cBioPortal,COSMIC",,True,44.4,,,,neutral,neutral,neutral,DOWN,neutral,neutral,neutral,,,,95.31,H,-0.4031,0.0979,-22.1946,loss_of_function,-3.9406136987892,0.9638642236730806,Pathogenic,0.9732,pathogenic,https://doi.org/10.1101/2022.10.22.513328
R243P,3.03045,6.51429,5.489553615019617,Destabilizing,Destabilizing,44.4,,,0.959,cBioPortal,,True,44.4,,,,neutral,neutral,neutral,DOWN,neutral,neutral,neutral,,,,95.31,H,-0.5427,0.0979,-22.1946,loss_of_function,-7.39464709362423,0.9771845666538024,Pathogenic,0.9997,pathogenic,https://doi.org/10.1101/2022.10.22.513328
R243S,0.52105,1.3051,1.0938371891475809,Neutral,Neutral,44.4,,,0.772,cBioPortal,,True,44.4,,,,neutral,neutral,neutral,DOWN,neutral,neutral,neutral,,,,95.31,H,-0.4012,0.0979,-22.1946,loss_of_function,-4.44767578951663,0.8374761009288296,Pathogenic,0.9964,pathogenic,https://doi.org/10.1101/2022.10.22.513328
K244Q,1.10212,0.67483,0.6319685200861913,Neutral,Neutral,42.6,,,0.968,COSMIC,,True,42.6,,,,neutral,neutral,neutral,DOWN,neutral,neutral,neutral,,,,97.07,H,-0.3099,0.1265,-22.1976,loss_of_function,-8.14729208105481,0.9321862660474404,Pathogenic,0.9815,pathogenic,https://doi.org/10.1101/2022.10.22.513328
C245A,-0.55058,0.47789,0.0639998612712816,Neutral,Neutral,0.0,,,,benchmarking,,True,0.0,,,,neutral,neutral,neutral,DOWN,neutral,neutral,neutral,,,,96.79,H,-0.4883,0.0431,-22.1976,loss_of_function,-5.05501050348998,0.9928275053903264,Pathogenic,0.9995,pathogenic,https://doi.org/10.1101/2022.10.22.513328
C245S,0.21515,1.9881,1.3958867279462328,Neutral,Neutral,0.0,,,,benchmarking,,True,0.0,,,,neutral,neutral,neutral,DOWN,neutral,neutral,neutral,,,,96.79,H,-0.4791,0.0431,-22.1976,loss_of_function,-5.05501050348998,0.9901371269017104,Pathogenic,0.9998,pathogenic,https://doi.org/10.1101/2022.10.22.513328
C245W,23.91246,6.03027,5.824343208597531,Destabilizing,Destabilizing,0.0,,,0.931,cBioPortal,,True,0.0,,,,neutral,neutral,neutral,UP,neutral,neutral,neutral,,,,96.79,H,-0.4854,0.0431,-22.1976,loss_of_function,-8.42063573505916,0.9946533989024328,Pathogenic,0.9999,pathogenic,https://doi.org/10.1101/2022.10.22.513328
Y246H,0.68561,0.92279,0.5697388763619151,Neutral,Neutral,58.4,,,0.913,cBioPortal,,True,58.4,,,,uncertain,,,DOWN,neutral,neutral,stabilizing,,,,95.11,H,-0.2316,0.51,-6.3279,loss_of_function,-2.52472961962441,0.0331758404221847,Benign,0.8347,pathogenic,https://doi.org/10.1101/2022.10.22.513328
E247D,0.75142,0.65272,0.8931243261797325,Neutral,Neutral,50.3,,,0.716,"cBioPortal,COSMIC",,True,50.3,,,,neutral,neutral,neutral,DOWN,neutral,neutral,stabilizing,,,,95.05,H,-0.1784,0.2913,-6.3309,loss_of_function,-0.332190122246168,0.3091224349362115,Benign,0.6878,pathogenic,https://doi.org/10.1101/2022.10.22.513328
E247K,-0.43278,0.55884,1.0655784258480103,Neutral,Neutral,50.3,,0.0000079595654077,0.847,"cBioPortal,COSMIC",,True,50.3,,,,neutral,neutral,neutral,UP,neutral,neutral,neutral,,,,95.05,H,-0.2428,0.2913,-7.9158,loss_of_function,-1.95881717586569,0.281836038130585,Benign,0.8402,pathogenic,https://doi.org/10.1101/2022.10.22.513328
V248A,1.35882,1.09796,1.389012151782611,Neutral,Neutral,20.2,,,0.942,cBioPortal,,True,20.2,,,,neutral,neutral,neutral,DOWN,neutral,neutral,stabilizing,,,,95.34,T,-0.2624,0.1361,-7.3309,loss_of_function,-3.76841922619367,0.1028840147188953,Benign,0.7022,pathogenic,https://doi.org/10.1101/2022.10.22.513328
M251I,0.69044,-0.08469,0.0455823738667265,Neutral,Neutral,72.7,,0.0000318377548015,0.461,"cBioPortal,COSMIC",,False,72.7,,,,neutral,neutral,neutral,-,uncertain,uncertain,uncertain,,,,88.04,-,-0.126,1.2152,-6.3309,loss_of_function,-0.317174328923817,0.1868021249967674,Benign,0.8505,pathogenic,https://doi.org/10.1101/2022.10.22.513328
K252N,1.56499,0.22653,0.3408299040224399,Neutral,Neutral,71.1,,,0.875,"cBioPortal,COSMIC",,False,71.1,,,,neutral,neutral,neutral,DOWN,neutral,neutral,stabilizing,,,,76.61,S,-0.3331,0.0815,-22.2066,loss_of_function,-5.84288115353766,0.9106890131343184,Pathogenic,0.9973,pathogenic,https://doi.org/10.1101/2022.10.22.513328
G253S,1.58433,-0.07585,1.8686837780020908,Neutral,Neutral,123.5,,,0.700,cBioPortal,,False,123.5,,,,neutral,neutral,neutral,UP,neutral,neutral,neutral,,,,70.52,S,-0.1944,1.2386,-6.3369,loss_of_function,-2.22935565678333,0.0612788327881033,Benign,0.6392,pathogenic,https://doi.org/10.1101/2022.10.22.513328
L306P,-0.11574,3.82381,1.3800536329170543,Uncertain,Neutral,95.7,,,,cBioPortal,,False,95.7,,,,neutral,neutral,neutral,DOWN,neutral,neutral,destabilizing,,,,84.25,H,-0.1103,3.1297,-1.7416,loss_of_function,0.0219324483475314,6.918395687905859e-06,Benign,0.0444,benign,https://doi.org/10.1101/2022.10.22.513328
A307P,-1.29149,4.9398,3.776738357766305,Uncertain,Uncertain,0.1,,,0.424,"cBioPortal,COSMIC",,False,0.1,,,,neutral,neutral,neutral,UP,neutral,neutral,neutral,,,,85.39,H,-0.0799,3.145,-4.06,loss_of_function,-1.2612242077904,0.0010719814986982,Benign,0.1084,benign,https://doi.org/10.1101/2022.10.22.513328
A307S,1.01906,2.10272,1.0473160739190257,Uncertain,Neutral,0.1,,,0.276,"cBioPortal,COSMIC",,False,0.1,,,,neutral,neutral,neutral,-,uncertain,uncertain,uncertain,,,,85.39,H,0.0805,3.145,-3.3464,gain_of_function,-0.936994818680356,0.0005462895568664,Benign,0.1084,benign,https://doi.org/10.1101/2022.10.22.513328
S309Y,1.01808,0.58163,-0.2844835634372883,Neutral,Neutral,72.6,,,0.612,cBioPortal,,False,72.6,,,,uncertain,,,UP,neutral,neutral,neutral,,,,93.61,H,-0.0605,2.4591,-7.232,loss_of_function,-2.06993017195745,0.0396704105387698,Benign,0.1685,benign,https://doi.org/10.1101/2022.10.22.513328
T311A,0.22611,0.62381,0.5251173531146797,Neutral,Neutral,72.8,,,0.330,cBioPortal,P,False,72.8,0.619,,,damaging,neutral,uncertain,DOWN,neutral,neutral,destabilizing,,,,96.92,-,-0.0526,2.0031,-5.4016,loss_of_function,-1.63755121649213,0.0006664071761341,Benign,0.1735,benign,https://doi.org/10.1101/2022.10.22.513328
T311M,1.03807,0.90816,0.572511026253002,Neutral,Neutral,72.8,3.18755578223e-05,0.0000039782627722,0.491,"cBioPortal,COSMIC",P,False,72.8,0.619,,,damaging,neutral,uncertain,UP,neutral,neutral,neutral,,,,96.92,-,-0.115,2.0031,-8.8609,loss_of_function,-3.79984167549086,0.090978653118317,Benign,0.2363,benign,https://doi.org/10.1101/2022.10.22.513328
D313E,-0.66109,1.10136,0.8006853022926863,Neutral,Neutral,64.2,0.0001274778507234,0.0000477387734318,0.275,cBioPortal,,False,64.2,,,,neutral,neutral,neutral,UP,neutral,neutral,neutral,,,,97.0,H,-0.0731,1.1981,-0.6308,loss_of_function,-0.152976145538217,0.0001366453348286,Benign,0.0768,benign,https://doi.org/10.1101/2022.10.22.513328
D313N,1.23508,1.84456,1.1031051658082784,Neutral,Neutral,64.2,,,0.415,"cBioPortal,COSMIC",,False,64.2,,,,neutral,neutral,neutral,-,uncertain,uncertain,uncertain,,,,97.0,H,-0.2049,1.1981,-22.1946,loss_of_function,-2.88006102656648,0.0028436145583411,Benign,0.1179,benign,https://doi.org/10.1101/2022.10.22.513328
Q314E,-0.12504,0.16429,0.3233529166521326,Neutral,Neutral,64.7,,,0.458,cBioPortal,,False,64.7,,,,neutral,neutral,neutral,DOWN,neutral,neutral,destabilizing,,,,97.59,H,-0.1175,0.9552,-2.7171,loss_of_function,-1.30697901368877,0.0048646412311598,Benign,0.0724,benign,https://doi.org/10.1101/2022.10.22.513328
Q314H,0.70252,0.9034,0.3071563650872044,Neutral,Neutral,64.7,,,0.562,COSMIC,,False,64.7,,,,neutral,neutral,neutral,UP,neutral,neutral,neutral,,,,97.59,H,-0.1399,0.9552,-7.9068,loss_of_function,-4.31830927062243,0.5840310754255281,Uncertain,0.4596,ambiguous,https://doi.org/10.1101/2022.10.22.513328
Q314K,-0.00361,1.08605,0.54212751183773,Neutral,Neutral,64.7,,,0.547,"cBioPortal,COSMIC",,False,64.7,,,,neutral,neutral,neutral,UP,neutral,neutral,neutral,,,,97.59,H,-0.1669,0.9552,-6.9069,loss_of_function,-2.32203034469258,0.060515840776042,Benign,0.166,benign,https://doi.org/10.1101/2022.10.22.513328
V316I,-0.96634,1.0051,0.0468808205970011,Neutral,Neutral,10.2,,,0.163,"cBioPortal,COSMIC",,False,10.2,,,,neutral,neutral,neutral,UP,neutral,neutral,neutral,,,,98.12,H,-0.0306,1.631,-1.489,loss_of_function,-0.143280274358464,7.495452297287537e-05,Benign,0.0859,benign,https://doi.org/10.1101/2022.10.22.513328
S317I,-0.77951,-0.46905,-0.0810067295084798,Neutral,Neutral,67.3,,,0.405,"cBioPortal,COSMIC",,False,67.3,,,,uncertain,,,UP,neutral,neutral,neutral,,,,98.0,H,-0.0464,2.632,-7.9068,loss_of_function,-1.85706387094618,0.0165594655999456,Benign,0.1609,benign,https://doi.org/10.1101/2022.10.22.513328
A318V,0.63841,-0.89014,0.2121829108323158,Neutral,Neutral,41.5,,,0.410,COSMIC,,False,41.5,,,,neutral,neutral,neutral,UP,neutral,neutral,neutral,,,,97.64,H,0.0083,2.6459,-7.9098,gain_of_function,-3.04754590117766,0.009157547537021,Benign,0.1242,benign,https://doi.org/10.1101/2022.10.22.513328
D321G,0.66306,0.44388,0.8284055345779018,Neutral,Neutral,79.8,,,0.296,cBioPortal,,False,79.8,,,,neutral,neutral,neutral,DOWN,neutral,neutral,destabilizing,,,,97.28,H,-0.1161,1.552,-2.4505,loss_of_function,-2.11541152890345,0.0001973599862205,Benign,0.1238,benign,https://doi.org/10.1101/2022.10.22.513328
D321H,0.69561,-0.16667,-0.1906443355852277,Neutral,Neutral,79.8,,,0.364,cBioPortal,,False,79.8,,,,neutral,neutral,neutral,UP,neutral,neutral,neutral,,,,97.28,H,-0.137,1.552,-6.9099,loss_of_function,-3.26101175869394,0.0018949979975395,Benign,0.2194,benign,https://doi.org/10.1101/2022.10.22.513328
D321N,0.36726,-0.45476,-0.0654482447408777,Neutral,Neutral,79.8,,,0.309,cBioPortal,,False,79.8,,,,neutral,neutral,neutral,-,uncertain,uncertain,uncertain,,,,97.28,H,-0.0927,1.552,-6.5879,loss_of_function,-1.77546128078871,0.000308256330362,Benign,0.1013,benign,https://doi.org/10.1101/2022.10.22.513328
A322V,1.46657,4.70442,1.3206444770471486,Uncertain,Neutral,0.6,,,0.857,cBioPortal,,False,0.6,,,,neutral,neutral,neutral,UP,neutral,neutral,neutral,,,,97.41,T,-0.2296,0.0605,-7.9098,loss_of_function,-3.48604488944333,0.0783794423444771,Benign,0.4869,ambiguous,https://doi.org/10.1101/2022.10.22.513328
E323A,0.99553,1.11293,0.4888479287193853,Neutral,Neutral,27.5,,,0.930,COSMIC,,False,27.5,,,,neutral,neutral,neutral,DOWN,neutral,neutral,mixed_effects,,,,97.81,-,-0.3185,0.0216,-22.1976,loss_of_function,-5.99808762791133,0.4748847106714912,Uncertain,0.9363,pathogenic,https://doi.org/10.1101/2022.10.22.513328
E323D,1.42604,0.92653,0.6828939717232171,Neutral,Neutral,27.5,,,0.792,cBioPortal,,False,27.5,,,,neutral,neutral,neutral,DOWN,neutral,neutral,mixed_effects,,,,97.81,-,-0.2164,0.0216,-8.9098,loss_of_function,-3.92051030523048,0.0491927942565291,Benign,0.9582,pathogenic,https://doi.org/10.1101/2022.10.22.513328
P324S,1.73566,1.38639,0.4865515797176428,Neutral,Neutral,25.7,,,0.827,"cBioPortal,COSMIC",,False,25.7,,,,neutral,neutral,neutral,DOWN,neutral,neutral,stabilizing,,,,96.9,-,-0.3212,0.0646,-22.1976,loss_of_function,-5.50461187150975,0.4618373210167026,Uncertain,0.9673,pathogenic,https://doi.org/10.1101/2022.10.22.513328
P325L,1.23012,1.48741,-0.6760615049689284,Neutral,Neutral,57.8,,,0.770,"cBioPortal,COSMIC",,False,57.8,,,,neutral,neutral,neutral,UP,neutral,neutral,stabilizing,,,,96.25,-,-0.3044,0.0431,-8.9098,loss_of_function,-4.41914975972702,0.2914099770757087,Benign,0.6335,pathogenic,https://doi.org/10.1101/2022.10.22.513328
P325S,1.52666,1.11701,-0.2550683178848806,Neutral,Neutral,57.8,,,0.767,"cBioPortal,COSMIC",,False,57.8,,,,neutral,neutral,neutral,DOWN,neutral,neutral,mixed_effects,,,,96.25,-,-0.3232,0.0431,-22.1976,loss_of_function,-5.14902944584418,0.5816012124068062,Uncertain,0.5838,pathogenic,https://doi.org/10.1101/2022.10.22.513328
S329F,17.78324,4.36463,3.620194487528386,Destabilizing,Destabilizing,0.0,,,0.709,"cBioPortal,COSMIC",,False,0.0,,,,uncertain,,,UP,neutral,neutral,stabilizing,,,,96.15,-,-0.2518,1.1582,-22.1976,loss_of_function,-5.63477534465813,0.1125503076882585,Benign,0.9651,pathogenic,https://doi.org/10.1101/2022.10.22.513328
S329Y,20.16922,4.69524,4.465928781733415,Destabilizing,Destabilizing,0.0,,,0.722,"cBioPortal,COSMIC",,False,0.0,,,,uncertain,,,UP,neutral,neutral,stabilizing,,,,96.15,-,-0.2566,1.1582,-22.1976,loss_of_function,-6.68487971424655,0.3647591783120584,Uncertain,0.9469,pathogenic,https://doi.org/10.1101/2022.10.22.513328
E330D,0.3779,-0.33095,0.0455583175019752,Neutral,Neutral,70.7,,,0.286,"cBioPortal,COSMIC",,False,70.7,,,,neutral,neutral,neutral,DOWN,neutral,neutral,stabilizing,,,,94.5,-,0.0123,2.2709,-4.659,gain_of_function,-0.130413789853375,0.0209155590512319,Benign,0.0685,benign,https://doi.org/10.1101/2022.10.22.513328
E330K,0.14984,0.95952,0.1558562215302372,Neutral,Neutral,70.7,,0.0000119337438541,0.502,"cBioPortal,COSMIC",,False,70.7,,,,neutral,neutral,neutral,UP,neutral,neutral,stabilizing,,,,94.5,-,-0.0474,2.2709,-5.3219,loss_of_function,-1.53295234599053,9.81467733785786e-05,Benign,0.3256,benign,https://doi.org/10.1101/2022.10.22.513328
E330V,2.06301,1.1,0.0789957813826608,Uncertain,Uncertain,70.7,,,0.546,cBioPortal,,False,70.7,,,,neutral,neutral,neutral,-,uncertain,uncertain,uncertain,,,,94.5,-,-0.0488,2.2709,-7.3219,loss_of_function,-1.74779255637158,0.0131590828678107,Benign,0.3783,ambiguous,https://doi.org/10.1101/2022.10.22.513328
D332V,1.91683,1.17857,0.7861414468116423,Neutral,Neutral,42.8,,,0.781,"cBioPortal,COSMIC",,False,42.8,,,,neutral,neutral,neutral,UP,neutral,neutral,neutral,,,,92.16,-,-0.2318,1.7703,-22.0393,loss_of_function,-3.24446556474717,0.1571885551385274,Benign,0.3584,ambiguous,https://doi.org/10.1101/2022.10.22.513328
P333H,1.4499,1.82619,-0.2678622671658559,Neutral,Neutral,63.5,,,0.238,cBioPortal,,False,63.5,,,,neutral,neutral,neutral,UP,neutral,neutral,stabilizing,,,,88.86,T,-0.0535,2.3951,-4.0995,loss_of_function,-2.30466015727463,0.0002585517137666,Benign,0.1335,benign,https://doi.org/10.1101/2022.10.22.513328
P333S,1.34168,1.55918,0.120770156443053,Neutral,Neutral,63.5,,,0.169,cBioPortal,,False,63.5,,,,neutral,neutral,neutral,DOWN,neutral,neutral,stabilizing,,,,88.86,T,-0.0237,2.3951,-5.9069,loss_of_function,-0.926440778767013,0.0076818196050341,Benign,0.0932,benign,https://doi.org/10.1101/2022.10.22.513328
P333T,1.5804,1.85986,0.1583545378077383,Neutral,Neutral,63.5,,,0.213,"cBioPortal,COSMIC",,False,63.5,,,,neutral,neutral,neutral,-,uncertain,uncertain,uncertain,,,,88.86,T,-0.0379,2.3951,-6.3219,loss_of_function,-2.74434645822757,0.0050791481869731,Benign,0.09,benign,https://doi.org/10.1101/2022.10.22.513328
T334S,-0.66241,0.19082,0.1137786376778715,Neutral,Neutral,89.9,,,0.209,cBioPortal,,False,89.9,,,,neutral,,,DOWN,neutral,neutral,stabilizing,,,,91.81,T,0.0436,2.4358,-1.464,gain_of_function,-0.102487100699502,5.651841772583593e-06,Benign,0.0527,benign,https://doi.org/10.1101/2022.10.22.513328
R335I,-0.05305,0.33537,-0.3039133087434931,Neutral,Neutral,78.9,,,0.647,cBioPortal,,True,78.9,,,,neutral,neutral,neutral,DOWN,neutral,neutral,stabilizing,,,,89.29,S,-0.2803,1.7253,-22.1976,loss_of_function,-2.65141207848172,0.0266685124628542,Benign,0.2633,benign,https://doi.org/10.1101/2022.10.22.513328
P336A,0.8843,1.17721,0.265779576053618,Neutral,Neutral,92.2,,,0.755,"cBioPortal,COSMIC",,True,92.2,,,,neutral,neutral,neutral,DOWN,neutral,neutral,stabilizing,,,,89.1,-,-0.2471,0.1365,-8.9098,loss_of_function,-3.36537402797464,0.5713515409851919,Uncertain,0.154,benign,https://doi.org/10.1101/2022.10.22.513328
P336H,1.37086,1.31667,-0.1135678465469031,Neutral,Neutral,92.2,,,0.885,cBioPortal,,True,92.2,,,,neutral,neutral,neutral,UP,neutral,neutral,stabilizing,,,,89.1,-,-0.3536,0.1365,-22.1976,loss_of_function,-6.83092811876877,0.8326421986720951,Pathogenic,0.3845,ambiguous,https://doi.org/10.1101/2022.10.22.513328
P336L,1.07165,1.06735,-0.1710371921013986,Neutral,Neutral,92.2,,,0.819,cBioPortal,,True,92.2,,,,neutral,neutral,neutral,UP,neutral,neutral,stabilizing,,,,89.1,-,-0.2958,0.1365,-8.9098,loss_of_function,-2.2343694510368,0.634297632839628,Uncertain,0.2718,benign,https://doi.org/10.1101/2022.10.22.513328
P336T,1.30583,0.79184,0.2548423808121103,Neutral,Neutral,92.2,,,0.845,"cBioPortal,COSMIC",,True,92.2,,,,neutral,neutral,neutral,-,uncertain,uncertain,uncertain,,,,89.1,-,-0.3267,0.1365,-22.1976,loss_of_function,-5.19180415008297,0.4336442608859325,Uncertain,0.2105,benign,https://doi.org/10.1101/2022.10.22.513328
F337V,3.67609,2.2432,1.4923359574298785,Uncertain,Uncertain,20.1,,,0.522,cBioPortal,,True,20.1,,,,neutral,neutral,neutral,DOWN,neutral,neutral,mixed_effects,,,,91.84,-,-0.174,1.4709,-6.9069,loss_of_function,-2.7199840136825,0.0323876779676306,Benign,0.4563,ambiguous,https://doi.org/10.1101/2022.10.22.513328
S338G,1.08995,1.47891,0.7865706310181553,Neutral,Neutral,69.5,3.1849162367e-05,0.0000119361178970,0.565,"cBioPortal,COSMIC",,True,69.5,,,,uncertain,,,DOWN,neutral,neutral,mixed_effects,,,,91.97,-,-0.1889,1.0926,-22.1976,loss_of_function,-4.03095818491496,0.0191491645049463,Benign,0.1308,benign,https://doi.org/10.1101/2022.10.22.513328
S338R,1.08689,1.48605,0.07240681982149,Neutral,Neutral,69.5,,,0.575,"cBioPortal,COSMIC",,True,69.5,,,,uncertain,,,UP,neutral,neutral,stabilizing,,,,91.97,-,-0.2736,1.0926,-22.1976,loss_of_function,-6.6735532985061,0.285117899807618,Benign,0.9112,pathogenic,https://doi.org/10.1101/2022.10.22.513328
S341L,-0.81508,-1.29762,-1.1731808282408729,Neutral,Neutral,50.3,,,0.604,"cBioPortal,COSMIC",P,True,50.3,0.631,,,damaging,neutral,potentially_damaging,UP,neutral,neutral,stabilizing,,,,93.2,H,-0.2091,1.6154,-22.1946,loss_of_function,-5.40794591428138,0.2125036482012508,Benign,0.3066,benign,https://doi.org/10.1101/2022.10.22.513328
M342K,3.66906,4.62993,4.035458326167968,Destabilizing,Destabilizing,0.2,,,0.943,cBioPortal,,True,0.2,,,,neutral,neutral,neutral,UP,neutral,neutral,stabilizing,,,,93.82,H,-0.3627,1.1018,-22.1976,loss_of_function,-6.79622217962457,0.8554088576722759,Pathogenic,0.9785,pathogenic,https://doi.org/10.1101/2022.10.22.513328
M343L,-0.30096,1.58707,0.2214607471707563,Neutral,Neutral,5.5,,,0.907,"cBioPortal,COSMIC",,True,5.5,,,,neutral,neutral,neutral,-,uncertain,uncertain,uncertain,,,,94.58,H,-0.2838,0.0216,-22.1976,loss_of_function,-3.75439706649132,0.0272035419501631,Benign,0.7543,pathogenic,https://doi.org/10.1101/2022.10.22.513328
G344D,-0.26562,0.66088,-0.5100727995627913,Neutral,Neutral,52.9,,,0.531,"cBioPortal,COSMIC",,False,52.9,,,,neutral,neutral,neutral,UP,neutral,neutral,stabilizing,,,,94.21,H,-0.2686,1.9034,-22.1976,loss_of_function,-4.70419064953,0.0013501567171504,Benign,0.6729,pathogenic,https://doi.org/10.1101/2022.10.22.513328
L346M,0.37695,1.26837,1.5416656364113448,Neutral,Neutral,11.9,,,0.712,cBioPortal,,False,11.9,,,,neutral,neutral,neutral,-,uncertain,uncertain,uncertain,,,,96.07,H,-0.2469,0.0216,-8.9098,loss_of_function,-4.50785011257014,0.3683538452307025,Uncertain,0.6936,pathogenic,https://doi.org/10.1101/2022.10.22.513328
T347I,-1.93297,-0.02857,-0.1884448489068252,Neutral,Neutral,4.2,,,0.935,"cBioPortal,COSMIC",,False,4.2,,,,uncertain,,,UP,neutral,neutral,neutral,,,,96.13,H,-0.3485,0.0001,-22.1976,loss_of_function,-5.11909211081154,0.101319414910398,Benign,0.9854,pathogenic,https://doi.org/10.1101/2022.10.22.513328
N348S,3.46644,-0.39626,1.297674231425331,Uncertain,Uncertain,9.5,,0.0000039832068001,0.279,cBioPortal,,False,9.5,,,,neutral,neutral,neutral,DOWN,neutral,neutral,destabilizing,,,,95.91,H,-0.0539,1.5665,-2.4836,loss_of_function,-0.897504966124709,0.0014022576871558,Benign,0.0632,benign,https://doi.org/10.1101/2022.10.22.513328
L349M,-0.16266,1.21224,1.8080396223728867,Neutral,Neutral,4.7,,,0.622,"cBioPortal,COSMIC",,False,4.7,,,,neutral,neutral,neutral,-,uncertain,uncertain,uncertain,,,,97.3,H,-0.1469,0.7429,-2.3219,loss_of_function,-2.01584596657336,0.0178532662339244,Benign,0.2951,benign,https://doi.org/10.1101/2022.10.22.513328
A350E,0.62672,0.44626,0.9359836786919906,Neutral,Neutral,26.5,,,0.964,"cBioPortal,COSMIC",,False,26.5,,,,neutral,neutral,neutral,UP,neutral,neutral,neutral,,,,97.51,H,-0.4038,0.0432,-22.1946,loss_of_function,-8.00585026200499,0.9665888067880984,Pathogenic,0.9984,pathogenic,https://doi.org/10.1101/2022.10.22.513328
D351N,0.27342,0.05476,0.3893979567070721,Neutral,Neutral,17.6,,,0.764,cBioPortal,,False,17.6,,,,neutral,neutral,neutral,-,uncertain,uncertain,uncertain,,,,96.45,H,-0.2434,0.0432,-8.9068,loss_of_function,-3.12163854254989,0.1932711110774491,Benign,0.9004,pathogenic,https://doi.org/10.1101/2022.10.22.513328
R352K,2.40259,0.41667,0.8926200015935354,Uncertain,Uncertain,37.6,,,0.486,cBioPortal,,False,37.6,,,,neutral,neutral,neutral,-,uncertain,uncertain,uncertain,,,,96.71,H,-0.099,0.9814,-0.5189,loss_of_function,-0.846218655870887,5.296067644345021e-05,Benign,0.0969,benign,https://doi.org/10.1101/2022.10.22.513328
E353G,1.51763,2.10238,1.938676934800191,Uncertain,Neutral,23.2,,,0.970,cBioPortal,,False,23.2,,,,neutral,neutral,neutral,DOWN,neutral,neutral,destabilizing,,,,97.8,H,-0.3462,0.0001,-22.1946,loss_of_function,-8.52176936910523,0.9002933240405411,Pathogenic,0.9844,pathogenic,https://doi.org/10.1101/2022.10.22.513328
L354M,0.31027,2.6983,1.6941485961664062,Uncertain,Neutral,0.7,,,0.816,"cBioPortal,COSMIC",,False,0.7,,,,neutral,neutral,neutral,-,uncertain,uncertain,uncertain,,,,97.56,H,-0.3147,0.0216,-22.1946,loss_of_function,-3.90517032240252,0.4654422300068563,Uncertain,0.899,pathogenic,https://doi.org/10.1101/2022.10.22.513328
H356P,0.52194,5.95136,4.367477047992027,Uncertain,Uncertain,41.6,,,0.963,cBioPortal,,False,41.6,,,,neutral,neutral,neutral,DOWN,neutral,neutral,mixed_effects,,,,97.84,H,-0.3855,0.8108,-22.1946,loss_of_function,-7.27789820021981,0.8804235874893973,Pathogenic,0.969,pathogenic,https://doi.org/10.1101/2022.10.22.513328
H356Q,0.6025,0.26088,0.4676280755862816,Neutral,Neutral,41.6,,,0.823,cBioPortal,,False,41.6,,,,neutral,neutral,neutral,DOWN,neutral,neutral,mixed_effects,,,,97.84,H,-0.1904,0.8108,-22.1946,loss_of_function,-4.83417781915078,0.1320297692838972,Benign,0.7417,pathogenic,https://doi.org/10.1101/2022.10.22.513328
M357I,1.07138,-1.10068,0.4853224826699609,Neutral,Neutral,3.7,,,0.869,COSMIC,,False,3.7,,,,neutral,neutral,neutral,-,uncertain,uncertain,uncertain,,,,98.22,H,-0.3168,0.0216,-22.1946,loss_of_function,-3.6417436887554,0.0570749638723627,Benign,0.9809,pathogenic,https://doi.org/10.1101/2022.10.22.513328
M357V,2.1155,-0.17449,0.8916516131492264,Uncertain,Uncertain,3.7,,,0.918,cBioPortal,,False,3.7,,,,neutral,neutral,neutral,DOWN,neutral,neutral,destabilizing,,,,98.22,H,-0.3488,0.0216,-22.1946,loss_of_function,-2.52979925614956,0.060152923301228,Benign,0.6999,pathogenic,https://doi.org/10.1101/2022.10.22.513328
I358M,-1.21686,0.79524,0.775718818565865,Neutral,Neutral,39.2,,,0.892,COSMIC,,False,39.2,,,,neutral,neutral,neutral,-,uncertain,uncertain,uncertain,,,,96.68,H,-0.3105,0.0695,-22.1976,loss_of_function,-5.09963163922492,0.9413420879172396,Pathogenic,0.9662,pathogenic,https://doi.org/10.1101/2022.10.22.513328
N359K,-0.37811,-0.21327,0.082692931975577,Neutral,Neutral,63.9,,,0.614,COSMIC,,False,63.9,,,,neutral,neutral,neutral,UP,neutral,neutral,stabilizing,,,,95.85,H,-0.1294,2.2004,-22.1976,loss_of_function,-5.46831429618868,0.215589973712536,Benign,0.7201,pathogenic,https://doi.org/10.1101/2022.10.22.513328
W360C,5.26038,5.00136,5.620930363924918,Destabilizing,Destabilizing,2.0,,,0.926,cBioPortal,,False,2.0,,,,neutral,neutral,neutral,DOWN,neutral,neutral,mixed_effects,,,,98.37,H,-0.5122,0.0001,-22.1976,loss_of_function,-8.5478775329155,0.9901806727359111,Pathogenic,0.9995,pathogenic,https://doi.org/10.1101/2022.10.22.513328
A361E,6.89011,5.80986,7.148900690215598,Destabilizing,Destabilizing,0.0,,,0.965,"cBioPortal,COSMIC",,False,0.0,,,,neutral,neutral,neutral,UP,neutral,neutral,stabilizing,,,,97.65,H,-0.4038,0.0431,-22.1976,loss_of_function,-8.54702291474054,0.9715898671455232,Pathogenic,0.9978,pathogenic,https://doi.org/10.1101/2022.10.22.513328
A361T,0.08721,1.47007,2.9864256048461293,Neutral,Uncertain,0.0,,,0.851,"cBioPortal,COSMIC",,False,0.0,,,,neutral,neutral,neutral,UP,neutral,neutral,stabilizing,,,,97.65,H,-0.3071,0.0431,-22.1976,loss_of_function,-5.12886617643058,0.9239289994040036,Pathogenic,0.9726,pathogenic,https://doi.org/10.1101/2022.10.22.513328
A361V,0.17426,1.21395,2.7891136108366767,Neutral,Uncertain,0.0,,,0.953,"cBioPortal,COSMIC",,False,0.0,,,,neutral,neutral,neutral,UP,neutral,neutral,stabilizing,,,,97.65,H,-0.3041,0.0431,-22.1976,loss_of_function,-7.06282685190536,0.530632468957998,Uncertain,0.9824,pathogenic,https://doi.org/10.1101/2022.10.22.513328
R363K,-0.25768,0.00102,0.7547319389113596,Neutral,Neutral,57.6,,0.0000119763347625,0.493,"cBioPortal,COSMIC",,False,57.6,,,,neutral,neutral,neutral,-,uncertain,uncertain,uncertain,,,,97.03,T,-0.1138,0.8146,-0.4191,loss_of_function,-1.2527104950454,2.393279768019763e-06,Benign,0.1217,benign,https://doi.org/10.1101/2022.10.22.513328
R363S,0.97126,0.70272,1.4486639943954709,Neutral,Neutral,57.6,,,0.752,cBioPortal,,False,57.6,,,,neutral,neutral,neutral,DOWN,neutral,neutral,destabilizing,,,,97.03,T,-0.3352,0.8146,-22.1946,loss_of_function,-4.67338892528889,0.013105948920206,Benign,0.7281,pathogenic,https://doi.org/10.1101/2022.10.22.513328
V364E,4.13557,4.74558,5.103845266571792,Destabilizing,Destabilizing,0.0,,,,clinvar,,False,0.0,,,,neutral,neutral,neutral,-,uncertain,uncertain,uncertain,16593,Uncertain significance,0,97.06,S,-0.3422,1.4401,-22.1976,loss_of_function,-7.54657829983485,0.8441601975562012,Pathogenic,0.9945,pathogenic,https://doi.org/10.1101/2022.10.22.513328
P365Q,3.19297,4.10136,0.51290651922553,Destabilizing,Uncertain,14.7,,,0.957,COSMIC,,False,14.7,,,,neutral,neutral,neutral,UP,neutral,neutral,neutral,,,,95.75,T,-0.3539,0.0216,-22.1976,loss_of_function,-8.52705281315635,0.9876298775118936,Pathogenic,0.99,pathogenic,https://doi.org/10.1101/2022.10.22.513328
G366V,8.04113,8.77041,3.5940371043477923,Destabilizing,Destabilizing,0.1,,,0.967,cBioPortal,,False,0.1,,,,neutral,neutral,neutral,UP,neutral,neutral,neutral,,,,91.63,T,-0.4613,0.0974,-22.2036,loss_of_function,-5.69177675214399,0.968049616685134,Pathogenic,0.9752,pathogenic,https://doi.org/10.1101/2022.10.22.513328
D369N,0.55758,1.78912,0.3684461011643714,Neutral,Neutral,50.8,,,0.446,COSMIC,,True,50.8,,,,neutral,neutral,neutral,-,uncertain,uncertain,uncertain,,,,88.79,T,-0.0913,1.6083,-7.3189,loss_of_function,-2.12495334570908,0.0813065689146591,Benign,0.2122,benign,https://doi.org/10.1101/2022.10.22.513328
D369V,0.46492,3.30272,0.0806844641373738,Uncertain,Neutral,50.8,,,0.892,cBioPortal,,True,50.8,,,,neutral,neutral,neutral,UP,neutral,neutral,stabilizing,,,,88.79,T,-0.1797,1.6083,-8.9037,loss_of_function,-4.24100884608845,0.2411664383174955,Benign,0.5608,ambiguous,https://doi.org/10.1101/2022.10.22.513328
D369Y,-0.6851,3.56633,0.1669586478447066,Uncertain,Neutral,50.8,,,0.766,"cBioPortal,COSMIC",,True,50.8,,,,neutral,neutral,neutral,UP,neutral,neutral,stabilizing,,,,88.79,T,-0.2455,1.6083,-22.1916,loss_of_function,-5.55586782417767,0.5943056976521018,Uncertain,0.5334,ambiguous,https://doi.org/10.1101/2022.10.22.513328
L370F,1.87476,3.49422,1.4175401019364264,Uncertain,Neutral,1.3,,,"0.877, 0.879","cBioPortal,COSMIC",,True,1.3,,,,neutral,neutral,neutral,UP,neutral,neutral,stabilizing,,,,87.95,S,-0.2554,0.2328,-7.3159,loss_of_function,-4.96854387300035,0.3678075971899648,Uncertain,0.7543,pathogenic,https://doi.org/10.1101/2022.10.22.513328
T371I,2.41339,0.04422,0.1287553217522763,Uncertain,Uncertain,55.9,,,0.489,"cBioPortal,COSMIC",,True,55.9,,,,uncertain,,,UP,neutral,neutral,stabilizing,,,,87.23,-,-0.1161,1.7321,-7.9008,loss_of_function,-2.03984061302422,0.0418152379834437,Benign,0.3248,benign,https://doi.org/10.1101/2022.10.22.513328
H373L,-0.62727,-0.23946,-0.2900852279811605,Neutral,Neutral,70.7,,,0.793,COSMIC,,True,70.7,,,,neutral,neutral,neutral,UP,neutral,neutral,mixed_effects,,,,86.13,H,-0.023,2.4499,-2.9437,loss_of_function,-2.26653044131072,0.0470438693551642,Benign,0.201,benign,https://doi.org/10.1101/2022.10.22.513328
H373N,0.01799,0.20816,0.545435956082036,Neutral,Neutral,70.7,,,0.482,"cBioPortal,COSMIC",,True,70.7,,,,neutral,neutral,neutral,DOWN,neutral,neutral,mixed_effects,,,,86.13,H,-0.0103,2.4499,-8.8977,loss_of_function,-2.89635857795601,0.0075718302889454,Benign,0.1264,benign,https://doi.org/10.1101/2022.10.22.513328
D374Y,-0.50275,1.94048,0.4648752286399404,Neutral,Neutral,11.5,,,0.963,"cBioPortal,COSMIC",,True,11.5,,,,neutral,neutral,neutral,UP,neutral,neutral,stabilizing,,,,85.36,H,-0.2949,0.2784,-7.8978,loss_of_function,-5.02013941940249,0.6758463804197481,Uncertain,0.9599,pathogenic,https://doi.org/10.1101/2022.10.22.513328
Q375H,3.69264,2.9381,1.0744204302774367,Uncertain,Uncertain,20.0,,,,clinvar,,True,20.0,,,,neutral,neutral,neutral,UP,neutral,neutral,stabilizing,60557,Pathogenic,0,91.59,H,-0.2233,0.1042,-8.8977,loss_of_function,-8.1007651549167,0.9611311399128656,Pathogenic,0.9975,pathogenic,https://doi.org/10.1101/2022.10.22.513328
V376A,0.08422,0.54728,0.7220516918347499,Neutral,Neutral,60.3,,,0.959,"cBioPortal,COSMIC",,False,60.3,,,,neutral,neutral,neutral,DOWN,neutral,neutral,destabilizing,,,,91.03,H,-0.217,0.6607,-7.8978,loss_of_function,-4.48687708405437,0.6924406809900566,Pathogenic,0.9825,pathogenic,https://doi.org/10.1101/2022.10.22.513328
V376G,0.92455,1.38027,1.6942965264987842,Neutral,Neutral,60.3,,,0.985,cBioPortal,,False,60.3,,,,neutral,neutral,neutral,DOWN,neutral,neutral,destabilizing,,,,91.03,H,-0.4157,0.6607,-22.1856,loss_of_function,-7.78369842049456,0.9570115774205732,Pathogenic,0.932,pathogenic,https://doi.org/10.1101/2022.10.22.513328
H377L,-1.04412,-0.57109,-0.4008132454695756,Neutral,Neutral,13.4,,,0.658,cBioPortal,,False,13.4,,,,neutral,neutral,neutral,UP,neutral,neutral,stabilizing,,,,88.35,H,-0.0987,1.7066,-4.3743,loss_of_function,-2.40029534747586,0.006191199490457,Benign,0.1811,benign,https://doi.org/10.1101/2022.10.22.513328
H377Q,-0.29664,1.38571,0.7603907826281653,Neutral,Neutral,13.4,,,0.416,COSMIC,,False,13.4,,,,neutral,neutral,neutral,DOWN,neutral,neutral,neutral,,,,88.35,H,-0.006,1.7066,-2.1974,loss_of_function,-1.43071236021366,1.89007960645778e-05,Benign,0.2936,benign,https://doi.org/10.1101/2022.10.22.513328
H377R,0.0766,4.38537,0.1701747087105565,Uncertain,Neutral,13.4,,,0.620,COSMIC,,False,13.4,,,,neutral,neutral,neutral,UP,neutral,neutral,stabilizing,,,,88.35,H,-0.0775,1.7066,-2.8535,loss_of_function,-1.99035045615119,0.0008900063376401,Benign,0.2348,benign,https://doi.org/10.1101/2022.10.22.513328
H377Y,-0.14727,1.80238,-0.0548156968031554,Neutral,Neutral,13.4,,,0.740,cBioPortal,,False,13.4,,,,neutral,neutral,neutral,UP,neutral,neutral,stabilizing,,,,88.35,H,-0.1116,1.7066,-22.1856,loss_of_function,-3.8712681899698,0.216112580801849,Benign,0.1623,benign,https://doi.org/10.1101/2022.10.22.513328
L379R,3.53555,2.50238,3.834476052791501,Uncertain,Destabilizing,12.6,,,0.981,cBioPortal,,False,12.6,,,,neutral,neutral,neutral,UP,neutral,neutral,stabilizing,,,,94.2,H,-0.4954,0.0434,-22.1856,loss_of_function,-8.00838971686708,0.9696092566441792,Pathogenic,0.9982,pathogenic,https://doi.org/10.1101/2022.10.22.513328
L379V,2.13726,1.37823,2.029251612820864,Uncertain,Uncertain,12.6,,,0.937,cBioPortal,,False,12.6,,,,neutral,neutral,neutral,DOWN,neutral,neutral,destabilizing,,,,94.2,H,-0.3256,0.0434,-22.1856,loss_of_function,-4.80779915378602,0.7250759758534067,Pathogenic,0.9703,pathogenic,https://doi.org/10.1101/2022.10.22.513328
E380Q,-0.12919,-1.62177,0.5724612886391958,Neutral,Neutral,27.9,,,0.850,"cBioPortal,COSMIC,clinvar",,True,27.9,,,,neutral,neutral,neutral,UP,neutral,neutral,stabilizing,376206,Likely pathogenic,0,92.27,H,-0.235,0.6292,-22.1825,loss_of_function,-3.69047665515708,0.36489889189464,Uncertain,0.7246,pathogenic,https://doi.org/10.1101/2022.10.22.513328
E385D,0.77514,0.07143,0.9277059930387782,Neutral,Neutral,3.6,,,0.815,"cBioPortal,COSMIC",,True,3.6,,,,neutral,neutral,neutral,DOWN,neutral,neutral,mixed_effects,,,,97.54,H,-0.1837,0.1908,-5.5698,loss_of_function,-2.55122856347044,0.0290256335618502,Benign,0.829,pathogenic,https://doi.org/10.1101/2022.10.22.513328
E385K,-0.13412,1.61837,1.6386048017423585,Neutral,Neutral,3.6,,,0.940,cBioPortal,,True,3.6,,,,neutral,neutral,neutral,UP,neutral,neutral,neutral,,,,97.54,H,-0.257,0.1908,-8.8916,loss_of_function,-7.97006631818758,0.9736988508109043,Pathogenic,0.9944,pathogenic,https://doi.org/10.1101/2022.10.22.513328
E385Q,0.33388,-0.70102,0.2574981214693195,Neutral,Neutral,3.6,,,0.903,COSMIC,,True,3.6,,,,neutral,neutral,neutral,UP,neutral,neutral,neutral,,,,97.54,H,-0.2753,0.1908,-22.1795,loss_of_function,-4.78523214260973,0.9251144966200912,Pathogenic,0.9723,pathogenic,https://doi.org/10.1101/2022.10.22.513328
E385V,-0.46388,-0.58095,-0.0605439858299305,Neutral,Neutral,3.6,,,0.947,cBioPortal,,True,3.6,,,,neutral,neutral,neutral,-,uncertain,uncertain,uncertain,,,,97.54,H,-0.316,0.1908,-22.1795,loss_of_function,-7.97006631818758,0.9741395097756244,Pathogenic,0.9983,pathogenic,https://doi.org/10.1101/2022.10.22.513328
I386N,3.37856,2.99082,2.52803649948584,Uncertain,Uncertain,2.7,,,0.934,"cBioPortal,COSMIC",,True,2.7,,,,neutral,neutral,neutral,DOWN,neutral,neutral,destabilizing,,,,98.16,H,-0.3675,1.0394,-22.1825,loss_of_function,-6.8484880623584,0.7536363121115498,Pathogenic,0.9414,pathogenic,https://doi.org/10.1101/2022.10.22.513328
I386V,1.14253,0.9932,0.9830815245921816,Neutral,Neutral,2.7,,,0.400,cBioPortal,,True,2.7,,,,neutral,neutral,neutral,DOWN,neutral,neutral,destabilizing,,,,98.16,H,-0.0666,1.0394,-0.8127,loss_of_function,-1.49754812476365,7.701084646153983e-05,Benign,0.1595,benign,https://doi.org/10.1101/2022.10.22.513328
L387P,7.64987,9.55136,8.773783901812852,Destabilizing,Destabilizing,13.8,,,0.971,COSMIC,,True,13.8,,,,neutral,neutral,neutral,DOWN,neutral,neutral,destabilizing,,,,98.3,H,-0.5026,0.0001,-22.1825,loss_of_function,-7.08043986242934,0.9707735354734068,Pathogenic,0.9981,pathogenic,https://doi.org/10.1101/2022.10.22.513328
M388I,1.34345,-0.61156,1.1740949911977596,Neutral,Neutral,7.8,,,0.886,"cBioPortal,COSMIC",,True,7.8,,,,neutral,neutral,neutral,-,uncertain,uncertain,uncertain,,,,98.25,H,-0.2163,0.1999,-5.7279,loss_of_function,-1.71241113034438,0.0013770693280775,Benign,0.9168,pathogenic,https://doi.org/10.1101/2022.10.22.513328
M388L,-0.02274,0.6551,0.0597697951210551,Neutral,Neutral,7.8,,,0.874,COSMIC,,True,7.8,,,,neutral,neutral,neutral,-,uncertain,uncertain,uncertain,,,,98.25,H,-0.1995,0.1999,-8.8977,loss_of_function,-3.0506709669953,0.0136445440228899,Benign,0.5083,ambiguous,https://doi.org/10.1101/2022.10.22.513328
I389L,1.56918,0.04354,0.7015902997863821,Neutral,Neutral,0.0,,,0.485,COSMIC,,True,0.0,,,,neutral,neutral,neutral,-,uncertain,uncertain,uncertain,,,,98.35,H,-0.0517,1.705,-2.065,loss_of_function,-2.18096257524325,0.0011098576612692,Benign,0.1397,benign,https://doi.org/10.1101/2022.10.22.513328
L391I,0.84601,0.5932,1.2349453587204553,Neutral,Neutral,9.3,,,0.651,cBioPortal,,True,9.3,,,,neutral,neutral,neutral,-,uncertain,uncertain,uncertain,,,,98.55,H,-0.2028,0.1591,-7.3128,loss_of_function,-2.16631923544451,0.0333179333840101,Benign,0.3116,benign,https://doi.org/10.1101/2022.10.22.513328
V392D,5.38531,3.50204,4.444350660166454,Destabilizing,Destabilizing,0.0,,,0.938,cBioPortal,,False,0.0,,,,neutral,neutral,neutral,DOWN,neutral,neutral,destabilizing,,,,98.54,H,-0.3693,1.6082,-22.1856,loss_of_function,-6.73593840165664,0.5106305325769085,Uncertain,0.9918,pathogenic,https://doi.org/10.1101/2022.10.22.513328
V392F,11.75351,5.49932,4.309649898797067,Destabilizing,Destabilizing,0.0,,,0.800,"cBioPortal,COSMIC",,False,0.0,,,,neutral,neutral,neutral,UP,neutral,neutral,stabilizing,,,,98.54,H,-0.2121,1.6082,-8.8977,loss_of_function,-6.73593840165664,0.4947197050291771,Uncertain,0.7693,pathogenic,https://doi.org/10.1101/2022.10.22.513328
V392I,-0.44989,-0.15442,0.6184080484666767,Neutral,Neutral,0.0,,0.0000796838146236,0.323,"cBioPortal,COSMIC",,False,0.0,,,,neutral,neutral,neutral,UP,neutral,neutral,stabilizing,,,,98.54,H,-0.0341,1.6082,-1.7789,loss_of_function,-0.177230350987917,2.2657504329295824e-05,Benign,0.0764,benign,https://doi.org/10.1101/2022.10.22.513328
V392L,1.03247,-0.01837,1.4795017373593269,Neutral,Neutral,0.0,,,0.489,COSMIC,,False,0.0,,,,neutral,neutral,neutral,UP,neutral,neutral,stabilizing,,,,98.54,H,-0.2033,1.6082,-22.1856,loss_of_function,-3.63023152346009,0.0266814019788466,Benign,0.4112,ambiguous,https://doi.org/10.1101/2022.10.22.513328
W393G,4.3998,4.8415,6.716803670097429,Destabilizing,Destabilizing,29.1,,,0.970,cBioPortal,,False,29.1,,,,neutral,neutral,neutral,DOWN,neutral,neutral,destabilizing,,,,98.28,H,-0.5565,0.0551,-22.1856,loss_of_function,-7.2995242044361,0.9394521763639136,Pathogenic,0.9612,pathogenic,https://doi.org/10.1101/2022.10.22.513328
R394C,1.43846,1.52381,1.510492092074831,Neutral,Neutral,28.9,,,0.952,"cBioPortal,COSMIC",,False,28.9,,,,neutral,neutral,neutral,DOWN,neutral,neutral,stabilizing,,,,97.98,H,-0.4109,0.0826,-22.1856,loss_of_function,-5.12342058519003,0.6130559371105004,Uncertain,0.9537,pathogenic,https://doi.org/10.1101/2022.10.22.513328
R394G,1.07271,2.32109,1.8065472817709527,Uncertain,Neutral,28.9,,,0.969,cBioPortal,,False,28.9,,,,neutral,neutral,neutral,DOWN,neutral,neutral,stabilizing,,,,97.98,H,-0.4374,0.0826,-22.1856,loss_of_function,-8.09821987597635,0.9671380648919274,Pathogenic,0.9891,pathogenic,https://doi.org/10.1101/2022.10.22.513328
R394H,-0.0417,1.21497,0.8153154725870007,Neutral,Neutral,28.9,,,0.971,"cBioPortal,COSMIC,clinvar",,False,28.9,,,,neutral,neutral,neutral,DOWN,neutral,neutral,stabilizing,430713,Pathogenic/Likely pathogenic,0,97.98,H,-0.3718,0.0826,-22.1856,loss_of_function,-6.75236155937098,0.8034085032188749,Pathogenic,0.8453,pathogenic,https://doi.org/10.1101/2022.10.22.513328
R394L,-0.08461,0.03946,0.1247821386957365,Neutral,Neutral,28.9,,,0.963,cBioPortal,,False,28.9,,,,neutral,neutral,neutral,DOWN,neutral,neutral,stabilizing,,,,97.98,H,-0.3315,0.0826,-7.8978,loss_of_function,-5.87370233301076,0.8094998230305566,Pathogenic,0.983,pathogenic,https://doi.org/10.1101/2022.10.22.513328
R394S,1.02705,1.48129,1.5291771805954153,Neutral,Neutral,28.9,,0.0000039843177254,0.966,"cBioPortal,COSMIC",,False,28.9,,,,neutral,neutral,neutral,DOWN,neutral,neutral,stabilizing,,,,97.98,H,-0.3347,0.0826,-8.8977,loss_of_function,-7.00184406077117,0.9475439669767718,Pathogenic,0.9962,pathogenic,https://doi.org/10.1101/2022.10.22.513328
S395C,1.39571,0.23946,0.9639543855808248,Neutral,Neutral,0.1,,,0.970,"cBioPortal,COSMIC",,False,0.1,,,,uncertain,,,UP,neutral,neutral,stabilizing,,,,98.25,T,-0.3267,0.0434,-22.1856,loss_of_function,-4.13834816348158,0.8724810174851717,Pathogenic,0.7938,pathogenic,https://doi.org/10.1101/2022.10.22.513328
S395F,17.6248,4.56361,3.956211616994177,Destabilizing,Destabilizing,0.1,,,0.987,cBioPortal,,False,0.1,,,,uncertain,,,UP,neutral,neutral,stabilizing,,,,98.25,T,-0.2865,0.0434,-8.8977,loss_of_function,-8.18515858419339,0.9081949525631444,Pathogenic,0.9975,pathogenic,https://doi.org/10.1101/2022.10.22.513328
M396I,0.81972,0.30782,0.1081596644037591,Neutral,Neutral,15.4,,,0.404,"cBioPortal,COSMIC",,False,15.4,,,,neutral,neutral,neutral,-,uncertain,uncertain,uncertain,,,,97.15,T,-0.0596,1.6677,-1.4885,loss_of_function,-0.748171065825046,0.0001375091082886,Benign,0.3262,benign,https://doi.org/10.1101/2022.10.22.513328
M396T,1.19189,0.84388,1.46148013436791,Neutral,Neutral,15.4,,,0.737,cBioPortal,,False,15.4,,,,neutral,neutral,neutral,DOWN,neutral,neutral,destabilizing,,,,97.15,T,-0.1513,1.6677,-8.8977,loss_of_function,-2.93129297570081,0.0444216341562839,Benign,0.266,benign,https://doi.org/10.1101/2022.10.22.513328
M396V,0.98542,1.14286,0.4736847677565503,Neutral,Neutral,15.4,,0.0000119514293910,0.358,COSMIC,,False,15.4,,,,neutral,neutral,neutral,DOWN,neutral,neutral,destabilizing,,,,97.15,T,-0.0907,1.6677,-1.2831,loss_of_function,-0.301093439465606,9.286357961105468e-05,Benign,0.0632,benign,https://doi.org/10.1101/2022.10.22.513328
E397G,0.26713,0.72551,1.1603143544463617,Neutral,Neutral,75.4,,,0.741,cBioPortal,,False,75.4,,,,neutral,neutral,neutral,DOWN,neutral,neutral,stabilizing,,,,95.93,T,-0.08,2.0114,-6.3129,loss_of_function,-1.98162273080112,0.0042474495954205,Benign,0.1525,benign,https://doi.org/10.1101/2022.10.22.513328
H398P,5.40314,7.88707,5.357123031843313,Destabilizing,Destabilizing,38.8,,,0.817,"cBioPortal,COSMIC",,False,38.8,,,,neutral,neutral,neutral,DOWN,neutral,neutral,neutral,,,,96.71,S,-0.3318,1.3937,-22.1856,loss_of_function,-5.15242057443706,0.2047353202690117,Benign,0.8535,pathogenic,https://doi.org/10.1101/2022.10.22.513328
P399Q,0.90736,0.97347,0.1228447169208074,Neutral,Neutral,86.6,,,0.851,"cBioPortal,COSMIC",,False,86.6,,,,neutral,neutral,neutral,UP,neutral,neutral,neutral,,,,95.13,T,-0.3459,0.1084,-22.1856,loss_of_function,-3.43839827834631,0.1108203806117881,Benign,0.389,ambiguous,https://doi.org/10.1101/2022.10.22.513328
P399R,0.74225,1.9898,-0.1939941304602399,Neutral,Neutral,86.6,,,0.880,"cBioPortal,COSMIC",,False,86.6,,,,neutral,neutral,neutral,UP,neutral,neutral,neutral,,,,95.13,T,-0.3194,0.1084,-8.8977,loss_of_function,-5.01569652132766,0.1968686588021915,Benign,0.4089,ambiguous,https://doi.org/10.1101/2022.10.22.513328
G400R,2.08927,1.40986,0.8957168504055113,Uncertain,Uncertain,89.6,,,0.893,cBioPortal,,False,89.6,,,,neutral,neutral,neutral,UP,neutral,neutral,neutral,,,,94.37,T,-0.3794,0.0826,-7.8978,loss_of_function,-6.0374438378052,0.3059273883652153,Benign,0.9231,pathogenic,https://doi.org/10.1101/2022.10.22.513328
G400V,4.41252,4.94796,2.5635088353534767,Destabilizing,Uncertain,89.6,,,0.928,COSMIC,,False,89.6,,,,neutral,neutral,neutral,UP,neutral,neutral,neutral,,,,94.37,T,-0.4626,0.0826,-22.1856,loss_of_function,-5.63618094510285,0.6857857815217929,Pathogenic,0.9704,pathogenic,https://doi.org/10.1101/2022.10.22.513328
G400W,2.93967,1.22653,0.7426088974893219,Uncertain,Uncertain,89.6,,,0.927,cBioPortal,,False,89.6,,,,neutral,neutral,neutral,UP,neutral,neutral,neutral,,,,94.37,T,-0.4734,0.0826,-22.1856,loss_of_function,-6.30364219840388,0.932708797356625,Pathogenic,0.9683,pathogenic,https://doi.org/10.1101/2022.10.22.513328
K401T,1.06591,0.16259,0.4527460456304044,Neutral,Neutral,50.8,,,0.945,cBioPortal,,False,50.8,,,,neutral,neutral,neutral,DOWN,neutral,neutral,destabilizing,,,,97.42,E,-0.3167,0.2988,-22.1856,loss_of_function,-4.74537714308659,0.1302848736631471,Benign,0.5519,ambiguous,https://doi.org/10.1101/2022.10.22.513328
L402Q,3.16646,3.17823,3.5360133691661977,Destabilizing,Destabilizing,0.0,,,0.990,cBioPortal,,False,0.0,,,,neutral,neutral,neutral,DOWN,neutral,neutral,mixed_effects,,,,98.24,E,-0.434,0.0651,-22.1856,loss_of_function,-7.58668358184813,0.9389129880693968,Pathogenic,0.9951,pathogenic,https://doi.org/10.1101/2022.10.22.513328
L403R,0.99238,1.77925,1.1157919398611638,Neutral,Neutral,23.8,,,0.815,"cBioPortal,COSMIC",,False,23.8,,,,neutral,neutral,neutral,UP,neutral,neutral,stabilizing,,,,98.21,E,-0.3774,1.3259,-22.1856,loss_of_function,-4.36322487731892,0.0178684695546088,Benign,0.214,benign,https://doi.org/10.1101/2022.10.22.513328
F404C,3.70996,3.60374,3.6284925498233487,Destabilizing,Destabilizing,13.3,,,0.989,"cBioPortal,COSMIC",,False,13.3,,,,neutral,neutral,neutral,DOWN,neutral,neutral,stabilizing,,,,97.89,E,-0.4152,0.0218,-22.1856,loss_of_function,-7.52994458754009,0.9730772399044096,Pathogenic,0.9945,pathogenic,https://doi.org/10.1101/2022.10.22.513328
A405D,5.18568,3.59932,4.073990117241351,Destabilizing,Destabilizing,0.3,,,0.950,cBioPortal,,False,0.3,,,,neutral,neutral,neutral,UP,neutral,neutral,stabilizing,,,,97.82,E,-0.3224,1.0833,-22.1856,loss_of_function,-7.15329548381951,0.9607130516052484,Pathogenic,0.9969,pathogenic,https://doi.org/10.1101/2022.10.22.513328
P406H,2.98631,1.2568,-0.7663699128172258,Uncertain,Uncertain,29.5,,,0.713,"cBioPortal,COSMIC",,False,29.5,,,,neutral,neutral,neutral,UP,neutral,neutral,stabilizing,,,,97.01,T,-0.2741,1.0007,-22.1856,loss_of_function,-5.06584049237778,0.4657194782945342,Uncertain,0.7922,pathogenic,https://doi.org/10.1101/2022.10.22.513328
P406L,1.79203,0.46633,-1.0510987860803571,Neutral,Neutral,29.5,,,0.664,cBioPortal,,False,29.5,,,,neutral,neutral,neutral,UP,neutral,neutral,stabilizing,,,,97.01,T,-0.2163,1.0007,-8.8977,loss_of_function,-3.81168159143596,0.524954605575896,Uncertain,0.8569,pathogenic,https://doi.org/10.1101/2022.10.22.513328
N407I,1.5098,0.54592,1.4860287489609203,Neutral,Neutral,39.5,,,0.903,"cBioPortal,COSMIC",,False,39.5,,,,neutral,neutral,neutral,UP,neutral,neutral,stabilizing,,,,96.34,T,-0.2942,0.9208,-22.1856,loss_of_function,-7.20982878536593,0.765469839934138,Pathogenic,0.9852,pathogenic,https://doi.org/10.1101/2022.10.22.513328
N407K,0.96399,1.36973,2.0774051709850383,Neutral,Uncertain,39.5,,,0.722,cBioPortal,,False,39.5,,,,neutral,neutral,neutral,UP,neutral,neutral,stabilizing,,,,96.34,T,-0.2471,0.9208,-22.1856,loss_of_function,-7.45173715138135,0.5812141120877844,Uncertain,0.9874,pathogenic,https://doi.org/10.1101/2022.10.22.513328
L408F,2.27622,0.21973,1.9509523113700689,Uncertain,Uncertain,2.6,,,0.741,cBioPortal,,False,2.6,,,,neutral,neutral,neutral,UP,neutral,neutral,stabilizing,,,,96.66,E,-0.1924,0.6728,-2.8948,loss_of_function,-1.96109239962205,0.0073678440026193,Benign,0.5334,ambiguous,https://doi.org/10.1101/2022.10.22.513328
L409F,3.85391,1.3119,0.8749131748823347,Uncertain,Uncertain,35.5,,,0.508,cBioPortal,,False,35.5,,,,neutral,neutral,neutral,UP,neutral,neutral,stabilizing,,,,96.7,E,-0.1225,2.5014,-22.1825,loss_of_function,-4.81045430792952,0.0215590288270186,Benign,0.2441,benign,https://doi.org/10.1101/2022.10.22.513328
L409R,2.20613,1.56531,2.23273304871212,Uncertain,Uncertain,35.5,,,0.743,"cBioPortal,COSMIC",,False,35.5,,,,neutral,neutral,neutral,UP,neutral,neutral,stabilizing,,,,96.7,E,-0.1896,2.5014,-6.5729,loss_of_function,-2.56264258000487,0.0033159509352769,Benign,0.2267,benign,https://doi.org/10.1101/2022.10.22.513328
L409V,1.68355,0.8,1.0916736310218838,Neutral,Neutral,35.5,,,0.263,cBioPortal,,False,35.5,,,,neutral,neutral,neutral,DOWN,neutral,neutral,destabilizing,,,,96.7,E,-0.0021,2.5014,-3.1135,loss_of_function,-0.358164667418295,2.7729634790672343e-05,Benign,0.0926,benign,https://doi.org/10.1101/2022.10.22.513328
L410F,5.38618,2.25034,1.0039238123463023,Uncertain,Uncertain,1.1,,,0.846,COSMIC,,False,1.1,,,,neutral,neutral,neutral,UP,neutral,neutral,stabilizing,,,,96.12,E,-0.2663,0.2018,-8.8947,loss_of_function,-3.62875433912394,0.0448789336935258,Benign,0.5858,pathogenic,https://doi.org/10.1101/2022.10.22.513328
L410S,5.00904,4.47959,4.512750399600058,Destabilizing,Destabilizing,1.1,,,0.967,"cBioPortal,COSMIC",,False,1.1,,,,neutral,neutral,neutral,DOWN,neutral,neutral,neutral,,,,96.12,E,-0.431,0.2018,-22.1825,loss_of_function,-6.61406838246565,0.9116264031195872,Pathogenic,0.9921,pathogenic,https://doi.org/10.1101/2022.10.22.513328
D411H,3.50595,-0.20272,0.952226680695572,Uncertain,Uncertain,32.3,,,0.837,COSMIC,,False,32.3,,,,neutral,neutral,neutral,UP,neutral,neutral,stabilizing,,,,94.58,E,-0.2294,1.3945,-22.1825,loss_of_function,-6.43813606794518,0.2373317348082246,Benign,0.8849,pathogenic,https://doi.org/10.1101/2022.10.22.513328
D411Y,3.2332,0.50272,1.213975202591499,Uncertain,Uncertain,32.3,,,0.846,COSMIC,,False,32.3,,,,neutral,neutral,neutral,UP,neutral,neutral,stabilizing,,,,94.58,E,-0.2651,1.3945,-22.1825,loss_of_function,-6.43813606794518,0.3694049538823247,Uncertain,0.918,pathogenic,https://doi.org/10.1101/2022.10.22.513328
R412K,-0.05815,0.41088,1.0231254993050287,Neutral,Neutral,50.9,,,0.762,"cBioPortal,COSMIC",,False,50.9,,,,neutral,neutral,neutral,-,uncertain,uncertain,uncertain,,,,93.05,T,-0.2101,0.1497,-7.3068,loss_of_function,-1.52989506895698,0.4834319835595043,Uncertain,0.4826,ambiguous,https://doi.org/10.1101/2022.10.22.513328
N413S,-0.0612,0.28912,0.4767010346150097,Neutral,Neutral,77.9,,,0.336,cBioPortal,,False,77.9,,,,neutral,neutral,neutral,DOWN,neutral,neutral,destabilizing,,,,91.56,T,-0.0195,1.9901,-3.3847,loss_of_function,-0.893931141568706,0.0004505357691599,Benign,0.0878,benign,https://doi.org/10.1101/2022.10.22.513328
G415E,13.04404,1.31327,4.249088452274308,Uncertain,Destabilizing,0.2,,,0.924,"cBioPortal,COSMIC",,False,0.2,,,,neutral,neutral,neutral,UP,neutral,neutral,stabilizing,,,,84.07,G,-0.3471,0.3032,-8.8578,loss_of_function,-4.34618680664259,0.4749139005336144,Uncertain,0.986,pathogenic,https://doi.org/10.1101/2022.10.22.513328
G415R,15.45666,1.3085,5.614116880315952,Uncertain,Destabilizing,0.2,,,0.941,"cBioPortal,COSMIC",,False,0.2,,,,neutral,neutral,neutral,UP,neutral,neutral,stabilizing,,,,84.07,G,-0.4318,0.3032,-22.1457,loss_of_function,-5.86897743188502,0.838754670255163,Pathogenic,0.9946,pathogenic,https://doi.org/10.1101/2022.10.22.513328
K416N,0.38449,0.55238,0.3858804093837797,Neutral,Neutral,50.3,,,0.296,"cBioPortal,COSMIC",,False,50.3,,,,neutral,neutral,neutral,DOWN,neutral,neutral,neutral,,,,89.74,G,0.0071,2.7587,-3.8136,gain_of_function,-1.76102020393291,0.0008465010074201,Benign,0.5606,ambiguous,https://doi.org/10.1101/2022.10.22.513328
V418E,5.38859,6.24626,2.596483152110094,Destabilizing,Uncertain,0.0,,,0.953,"cBioPortal,COSMIC",,False,0.0,,,,neutral,neutral,neutral,-,uncertain,uncertain,uncertain,,,,92.04,S,-0.4666,0.0848,-22.1395,loss_of_function,-5.17788552023488,0.2980922293981212,Benign,0.9843,pathogenic,https://doi.org/10.1101/2022.10.22.513328
V418L,1.40784,2.7983,0.0349139746878096,Uncertain,Neutral,0.0,,,0.795,cBioPortal,,False,0.0,,,,neutral,neutral,neutral,UP,neutral,neutral,stabilizing,,,,92.04,S,-0.3433,0.0848,-22.1395,loss_of_function,-3.40303367358107,0.2001058596415285,Benign,0.9366,pathogenic,https://doi.org/10.1101/2022.10.22.513328
E419D,0.5129,0.03163,0.5080952459372314,Neutral,Neutral,81.7,,,0.639,COSMIC,,True,81.7,,,,neutral,neutral,neutral,DOWN,neutral,neutral,stabilizing,,,,90.78,T,-0.1408,0.7522,-7.2699,loss_of_function,-1.39493263309566,0.2677056602385847,Benign,0.3115,benign,https://doi.org/10.1101/2022.10.22.513328
E419K,0.40302,1.1466,0.6339522235770952,Neutral,Neutral,81.7,,,0.806,"cBioPortal,COSMIC",,True,81.7,,,,neutral,neutral,neutral,UP,neutral,neutral,stabilizing,,,,90.78,T,-0.2051,0.7522,-8.8547,loss_of_function,-4.29399278539224,0.5163298728883093,Uncertain,0.4873,ambiguous,https://doi.org/10.1101/2022.10.22.513328
E419Q,0.32333,0.59796,0.5952852038077605,Neutral,Neutral,81.7,,,0.767,cBioPortal,,True,81.7,,,,neutral,neutral,neutral,UP,neutral,neutral,stabilizing,,,,90.78,T,-0.1236,0.7522,-2.5695,loss_of_function,-2.19213964460062,0.036682320874114,Benign,0.2758,benign,https://doi.org/10.1101/2022.10.22.513328
G420C,2.73634,1.17313,1.024374209383843,Uncertain,Uncertain,103.5,,,,cBioPortal,,True,103.5,,,,neutral,neutral,neutral,UP,neutral,neutral,stabilizing,,,,89.74,T,-0.4347,0.089,-22.1426,loss_of_function,-5.92636468922043,0.8009269798666835,Pathogenic,0.9403,pathogenic,https://doi.org/10.1101/2022.10.22.513328
G420D,3.46919,0.18605,0.5477729580519919,Uncertain,Uncertain,103.5,,,0.964,COSMIC,,True,103.5,,,,neutral,neutral,neutral,UP,neutral,neutral,stabilizing,,,,89.74,T,-0.4353,0.089,-22.1426,loss_of_function,-6.11490892206798,0.8737474788798245,Pathogenic,0.9068,pathogenic,https://doi.org/10.1101/2022.10.22.513328
M421V,2.46659,1.82755,1.017656245072895,Uncertain,Uncertain,10.4,,,0.439,"cBioPortal,COSMIC",,True,10.4,,,,neutral,neutral,neutral,DOWN,neutral,neutral,destabilizing,,,,92.56,H,-0.1149,1.7688,-7.8517,loss_of_function,-2.72144389481168,0.0172954855188918,Benign,0.3298,benign,https://doi.org/10.1101/2022.10.22.513328
V422A,0.13471,1.21327,1.147018907051086,Neutral,Neutral,34.1,,,0.397,COSMIC,,True,34.1,,,,neutral,neutral,neutral,DOWN,neutral,neutral,neutral,,,,93.57,H,-0.028,2.4036,-2.2819,loss_of_function,-0.822510657514191,0.0006212924288414,Benign,0.1409,benign,https://doi.org/10.1101/2022.10.22.513328
E423D,0.74497,0.4,0.4529815371223733,Neutral,Neutral,73.1,,,0.494,"cBioPortal,COSMIC",,True,73.1,,,,neutral,neutral,neutral,DOWN,neutral,neutral,destabilizing,,,,94.22,H,-0.183,0.2146,-5.8549,loss_of_function,-2.27151768068759,0.0049668331672483,Benign,0.4079,ambiguous,https://doi.org/10.1101/2022.10.22.513328
E423K,0.69024,0.80952,0.7462807050696215,Neutral,Neutral,73.1,,,0.858,COSMIC,,True,73.1,,,,neutral,neutral,neutral,UP,neutral,neutral,neutral,,,,94.22,H,-0.3224,0.2146,-22.1426,loss_of_function,-5.94303695937543,0.7961647456934187,Pathogenic,0.8916,pathogenic,https://doi.org/10.1101/2022.10.22.513328
D426A,0.32533,1.62007,0.8948452414550317,Neutral,Neutral,41.9,,,0.959,cBioPortal,,True,41.9,,,,neutral,neutral,neutral,DOWN,neutral,neutral,destabilizing,,,,96.87,H,-0.3441,0.0446,-22.1426,loss_of_function,-4.07280163102605,0.3863443579749299,Uncertain,0.9871,pathogenic,https://doi.org/10.1101/2022.10.22.513328
D426G,0.56581,2.76156,2.071972096539993,Uncertain,Uncertain,41.9,,,0.967,cBioPortal,,True,41.9,,,,neutral,neutral,neutral,DOWN,neutral,neutral,destabilizing,,,,96.87,H,-0.3553,0.0446,-22.1426,loss_of_function,-4.99359322998097,0.275739366789842,Benign,0.9762,pathogenic,https://doi.org/10.1101/2022.10.22.513328
D426N,0.05842,0.9398,0.4904190307922162,Neutral,Neutral,41.9,,0.0000039881949430,0.790,cBioPortal,,True,41.9,,,,neutral,neutral,neutral,-,uncertain,uncertain,uncertain,,,,96.87,H,-0.3108,0.0446,-22.1426,loss_of_function,-3.38375053104019,0.4600131094902815,Uncertain,0.8727,pathogenic,https://doi.org/10.1101/2022.10.22.513328
M427I,2.38124,0.92075,0.2593444346926798,Uncertain,Uncertain,29.3,,,0.881,cBioPortal,,True,29.3,,,,neutral,neutral,neutral,-,uncertain,uncertain,uncertain,,,,97.48,H,-0.2258,0.2149,-7.8548,loss_of_function,-2.8179424067998,0.1772788646086676,Benign,0.9691,pathogenic,https://doi.org/10.1101/2022.10.22.513328
M427V,2.25853,0.85442,0.6485559779623373,Uncertain,Uncertain,29.3,,,0.937,"cBioPortal,COSMIC",,True,29.3,,,,neutral,neutral,neutral,DOWN,neutral,neutral,stabilizing,,,,97.48,H,-0.263,0.2149,-8.8547,loss_of_function,-3.16162645255346,0.336434357477017,Uncertain,0.637,pathogenic,https://doi.org/10.1101/2022.10.22.513328
A430T,0.7599,-0.1034,0.4620541780880643,Neutral,Neutral,80.8,,,0.496,COSMIC,,True,80.8,,,,neutral,neutral,neutral,UP,neutral,neutral,neutral,,,,97.59,H,-0.1885,0.4081,-5.536,loss_of_function,-0.874108586944405,0.1183912539629167,Benign,0.1684,benign,https://doi.org/10.1101/2022.10.22.513328
T431I,0.99298,-0.51531,-0.4058112262575702,Neutral,Neutral,4.6,,0.0000039840319997,0.862,COSMIC,,True,4.6,,,,uncertain,,,UP,neutral,neutral,neutral,,,,98.03,H,-0.1465,1.3669,-7.273,loss_of_function,-2.20179310578156,0.0035543543586824,Benign,0.4177,ambiguous,https://doi.org/10.1101/2022.10.22.513328
S432L,1.18408,1.29252,0.4902656615827516,Neutral,Neutral,4.3,,,0.585,"cBioPortal,COSMIC",,True,4.3,,,,uncertain,,,UP,neutral,neutral,neutral,,,,97.95,H,-0.1226,1.7601,-7.8579,loss_of_function,-3.34629050742053,0.0055791813173125,Benign,0.3956,ambiguous,https://doi.org/10.1101/2022.10.22.513328
S432P,4.48657,11.71633,6.012424307899177,Destabilizing,Destabilizing,4.3,,,0.679,cBioPortal,,True,4.3,,,,uncertain,,,UP,neutral,neutral,neutral,,,,97.95,H,-0.2715,1.7601,-22.1457,loss_of_function,-6.54577544043747,0.3177391803510605,Benign,0.9546,pathogenic,https://doi.org/10.1101/2022.10.22.513328
S433P,2.57548,9.71497,4.118307629047154,Uncertain,Uncertain,68.6,,,0.701,cBioPortal,,True,68.6,,,,uncertain,,,UP,neutral,neutral,neutral,,,,97.45,H,-0.3472,0.9371,-22.1457,loss_of_function,-5.90399691419027,0.7391278322217189,Pathogenic,0.9202,pathogenic,https://doi.org/10.1101/2022.10.22.513328
S433Y,-0.86855,-1.26327,-0.4458168519852112,Neutral,Neutral,68.6,,,0.645,"cBioPortal,COSMIC",,True,68.6,,,,uncertain,,,UP,neutral,neutral,neutral,,,,97.45,H,-0.2767,0.9371,-22.1457,loss_of_function,-5.21723970806081,0.604669938210405,Uncertain,0.2796,benign,https://doi.org/10.1101/2022.10.22.513328
R434Q,-0.29429,-0.48946,0.8615768453450192,Neutral,Neutral,38.6,,0.0000039828260541,0.778,"cBioPortal,COSMIC",,True,38.6,,,,neutral,neutral,neutral,DOWN,neutral,neutral,destabilizing,,,,97.2,H,-0.2883,0.2485,-7.8579,loss_of_function,-2.05073439980834,0.0217775893408572,Benign,0.3158,benign,https://doi.org/10.1101/2022.10.22.513328
R434W,-0.20137,-1.77483,-0.3787305749849412,Neutral,Neutral,38.6,,,0.908,"cBioPortal,COSMIC",,True,38.6,,,,neutral,neutral,neutral,UP,neutral,neutral,neutral,,,,97.2,H,-0.4043,0.2485,-22.1457,loss_of_function,-6.19524889771473,0.887275481427494,Pathogenic,0.7123,pathogenic,https://doi.org/10.1101/2022.10.22.513328
R436H,0.64827,-0.17041,0.8592065319603156,Neutral,Neutral,56.1,,0.0000079650176425,0.929,"cBioPortal,COSMIC",,False,56.1,,,,neutral,neutral,neutral,DOWN,neutral,neutral,mixed_effects,,,,97.08,H,-0.2907,0.1691,-7.8548,loss_of_function,-4.50568339544915,0.30483554294347,Benign,0.201,benign,https://doi.org/10.1101/2022.10.22.513328
M437I,0.61502,-0.08878,0.006745486639984,Neutral,Neutral,86.4,,0.0000039819379296,0.403,"cBioPortal,COSMIC",,False,86.4,,,,neutral,neutral,neutral,-,uncertain,uncertain,uncertain,,,,95.98,H,-0.0634,1.9069,-6.5329,loss_of_function,-0.267754438487543,0.0065121744613102,Benign,0.3378,benign,https://doi.org/10.1101/2022.10.22.513328
M437L,0.01895,-0.27211,-0.3090938879244492,Neutral,Neutral,86.4,,,0.272,cBioPortal,,False,86.4,,,,neutral,neutral,neutral,-,uncertain,uncertain,uncertain,,,,95.98,H,-0.0246,1.9069,-5.3954,loss_of_function,-1.0821522935948,0.0001427054988434,Benign,0.1013,benign,https://doi.org/10.1101/2022.10.22.513328
M438I,0.77443,0.22789,0.2546215020377046,Neutral,Neutral,15.7,,,0.402,cBioPortal,,False,15.7,,,,neutral,neutral,neutral,-,uncertain,uncertain,uncertain,,,,95.05,T,-0.1655,0.8697,-7.8517,loss_of_function,-0.255802473030789,0.0024759172576214,Benign,0.6674,pathogenic,https://doi.org/10.1101/2022.10.22.513328
M438L,1.15283,0.5932,0.0687101143635043,Neutral,Neutral,15.7,,,0.321,cBioPortal,,False,15.7,,,,neutral,neutral,neutral,-,uncertain,uncertain,uncertain,,,,95.05,T,-0.0944,0.8697,-0.376,loss_of_function,-1.20560951660021,4.903393981377837e-07,Benign,0.1026,benign,https://doi.org/10.1101/2022.10.22.513328
Q441R,-0.51352,0.16327,-0.3156868036609855,Neutral,Neutral,66.6,,,0.415,cBioPortal,,False,66.6,,,,neutral,neutral,neutral,UP,neutral,neutral,stabilizing,,,,97.36,-,-0.1143,1.3619,-4.2079,loss_of_function,-1.34065556818793,0.0007463114148007,Benign,0.0694,benign,https://doi.org/10.1101/2022.10.22.513328
G442E,-1.2068,-1.44966,-0.5448734271928268,Neutral,Neutral,46.4,,,0.486,cBioPortal,,False,46.4,,,,neutral,neutral,neutral,UP,neutral,neutral,stabilizing,,,,97.47,H,-0.2017,2.6193,-22.1395,loss_of_function,-3.67228139007318,0.0004946880336537,Benign,0.2874,benign,https://doi.org/10.1101/2022.10.22.513328
G442K,-2.13715,-1.40884,-0.669080851074289,Uncertain,Uncertain,46.4,,,,cBioPortal,,False,46.4,,,,neutral,neutral,neutral,UP,neutral,neutral,stabilizing,,,,97.47,H,-0.146,2.6193,-4.7643,loss_of_function,-1.3796924784965,1.6232979367779793e-05,Benign,0.3954,ambiguous,https://doi.org/10.1101/2022.10.22.513328
G442R,-2.09295,-1.15306,-0.9189543507115356,Uncertain,Uncertain,46.4,,,0.405,"cBioPortal,COSMIC",,False,46.4,,,,neutral,neutral,neutral,UP,neutral,neutral,stabilizing,,,,97.47,H,-0.1136,2.6193,-1.548,loss_of_function,-1.21888424898905,3.6872119545638766e-06,Benign,0.2953,benign,https://doi.org/10.1101/2022.10.22.513328
E443D,1.56289,0.34252,0.9008930356577344,Neutral,Neutral,46.1,,,0.665,cBioPortal,,True,46.1,,,,neutral,neutral,neutral,DOWN,neutral,neutral,destabilizing,,,,98.24,H,-0.1381,0.7255,-6.2668,loss_of_function,-2.24845226055685,0.037775403438441,Benign,0.318,benign,https://doi.org/10.1101/2022.10.22.513328
C447A,-0.04468,0.63878,0.1387913343722102,Neutral,Neutral,0.0,,,,clinvar,,True,0.0,,,,neutral,neutral,neutral,DOWN,neutral,neutral,destabilizing,16590,Pathogenic,0,98.37,H,-0.4859,0.0668,-22.1426,loss_of_function,-3.43640608659515,0.2527631722912128,Benign,0.8063,pathogenic,https://doi.org/10.1101/2022.10.22.513328
C447R,8.73056,7.04048,4.136796718833056,Destabilizing,Destabilizing,0.0,,,0.974,cBioPortal,,True,0.0,,,,neutral,neutral,neutral,UP,neutral,neutral,neutral,,,,98.37,H,-0.5381,0.0668,-22.1426,loss_of_function,-7.10136944281442,0.967014297927698,Pathogenic,0.9982,pathogenic,https://doi.org/10.1101/2022.10.22.513328
L448I,0.84742,1.26327,1.802139984715858,Neutral,Neutral,0.1,,,0.899,cBioPortal,,True,0.1,,,,neutral,neutral,neutral,-,uncertain,uncertain,uncertain,,,,98.13,H,-0.2393,0.5852,-22.1426,loss_of_function,-3.70278174962337,0.559953641173406,Uncertain,0.3193,benign,https://doi.org/10.1101/2022.10.22.513328
L448P,7.21803,13.42517,8.706486167746737,Destabilizing,Destabilizing,0.1,,,0.987,"cBioPortal,COSMIC",,True,0.1,,,,neutral,neutral,neutral,DOWN,neutral,neutral,destabilizing,,,,98.13,H,-0.4486,0.5852,-22.1426,loss_of_function,-7.28043985750006,0.9770135241090304,Pathogenic,0.9996,pathogenic,https://doi.org/10.1101/2022.10.22.513328
K449Q,0.64732,0.67585,0.8228879844189096,Neutral,Neutral,5.3,,,,COSMIC,,True,5.3,,,,neutral,neutral,neutral,DOWN,neutral,neutral,destabilizing,,,,97.84,H,-0.3114,0.1069,-22.1426,loss_of_function,-5.5486938804144,0.3143322970763937,Benign,0.9688,pathogenic,https://doi.org/10.1101/2022.10.22.513328
K449R,0.38243,0.45204,0.1053167834935736,Neutral,Neutral,5.3,,,0.955,"cBioPortal,COSMIC",,True,5.3,,,,neutral,neutral,neutral,-,uncertain,uncertain,uncertain,,,,97.84,H,-0.2458,0.1069,-22.1426,loss_of_function,-4.0552269394629,0.131121629915819,Benign,0.6325,pathogenic,https://doi.org/10.1101/2022.10.22.513328
S450Y,7.30487,2.2017,6.344975849931824,Uncertain,Destabilizing,0.5,,,0.901,"cBioPortal,COSMIC",,True,0.5,,,,uncertain,,,UP,neutral,neutral,neutral,,,,97.44,H,-0.2774,0.9287,-22.1426,loss_of_function,-7.67893192275592,0.1864735211110126,Benign,0.9678,pathogenic,https://doi.org/10.1101/2022.10.22.513328
I451S,3.4839,3.5051,3.6216302249754486,Destabilizing,Destabilizing,6.6,,,0.978,cBioPortal,,True,6.6,,,,neutral,neutral,neutral,DOWN,neutral,neutral,destabilizing,,,,96.85,H,-0.3492,1.2733,-22.1395,loss_of_function,-5.81796466170908,0.7653550284376456,Pathogenic,0.9196,pathogenic,https://doi.org/10.1101/2022.10.22.513328
I452V,1.46904,1.05442,1.1235057495908678,Neutral,Neutral,5.2,,,0.600,cBioPortal,,True,5.2,,,,neutral,neutral,neutral,DOWN,neutral,neutral,neutral,,,,96.39,H,-0.1373,0.4426,-3.9007,loss_of_function,-0.527701967451446,0.0023381993399283,Benign,0.1081,benign,https://doi.org/10.1101/2022.10.22.513328
L453F,8.44259,6.91667,2.29915301586429,Destabilizing,Uncertain,0.0,,,0.855,COSMIC,,True,0.0,,,,neutral,neutral,neutral,UP,neutral,neutral,neutral,,,,95.62,H,-0.3463,0.0668,-22.1426,loss_of_function,-7.82666811076079,0.982654929809708,Pathogenic,0.9416,pathogenic,https://doi.org/10.1101/2022.10.22.513328
L453V,3.77498,3.53095,2.4645708556772927,Destabilizing,Uncertain,0.0,,,0.892,"cBioPortal,COSMIC",,True,0.0,,,,neutral,neutral,neutral,DOWN,neutral,neutral,destabilizing,,,,95.62,H,-0.2555,0.0668,-8.8547,loss_of_function,-4.70214451055155,0.95969295728189,Pathogenic,0.8209,pathogenic,https://doi.org/10.1101/2022.10.22.513328
L454P,7.53508,9.36259,8.774696126900855,Destabilizing,Destabilizing,1.3,,,0.972,cBioPortal,,True,1.3,,,,neutral,neutral,neutral,DOWN,neutral,neutral,neutral,,,,92.65,H,-0.4077,0.2924,-8.8578,loss_of_function,-5.41034603241474,0.9112891787321696,Pathogenic,0.9961,pathogenic,https://doi.org/10.1101/2022.10.22.513328
N455T,0.4626,0.23844,0.5716381224616018,Neutral,Neutral,59.2,,,0.891,cBioPortal,,True,59.2,,,,neutral,neutral,neutral,-,uncertain,uncertain,uncertain,,,,87.28,H,-0.2699,0.1112,-8.8547,loss_of_function,-6.74692199635823,0.8570650289224528,Pathogenic,0.8584,pathogenic,https://doi.org/10.1101/2022.10.22.513328
S456Y,21.62198,0.07653,0.3026295327329004,Uncertain,Uncertain,0.1,,,0.952,cBioPortal,,True,0.1,,,,uncertain,,,UP,neutral,neutral,neutral,,,,73.85,S,-0.2757,0.2097,-8.8485,loss_of_function,-5.50148627347709,0.9424823349463738,Pathogenic,0.8884,pathogenic,https://doi.org/10.1101/2022.10.22.513328
G457E,2.96592,10.5,2.303303740201231,Uncertain,Uncertain,1.4,,,0.843,cBioPortal,,True,1.4,,,,neutral,neutral,neutral,UP,neutral,neutral,stabilizing,,,,62.32,S,-0.2886,1.6737,-22.1111,loss_of_function,-0.89137926444501,0.0092831517835551,Benign,0.7651,pathogenic,https://doi.org/10.1101/2022.10.22.513328
G457V,1.37102,9.37925,1.3220839167578262,Uncertain,Neutral,1.4,,,0.907,cBioPortal,,True,1.4,,,,neutral,neutral,neutral,UP,neutral,neutral,stabilizing,,,,62.32,S,-0.248,1.6737,-8.8232,loss_of_function,-2.15682327482827,0.1746833406666058,Benign,0.6554,pathogenic,https://doi.org/10.1101/2022.10.22.513328
V458A,0.35428,0.88537,1.6667893731201056,Neutral,Neutral,16.4,,,0.355,cBioPortal,,True,16.4,,,,neutral,neutral,neutral,DOWN,neutral,neutral,mixed_effects,,,,57.64,T,-0.022,2.466,-2.2431,loss_of_function,-1.1483788070816,0.0001032524763055,Benign,0.3019,benign,https://doi.org/10.1101/2022.10.22.513328
T460I,-0.88161,-0.47109,-0.1130428185850745,Neutral,Neutral,56.4,,,0.684,cBioPortal,,True,56.4,,,,uncertain,,,UP,neutral,neutral,stabilizing,,,,49.78,T,-0.0681,2.3035,-8.791,loss_of_function,-2.31551865363484,0.0174783288893878,Benign,0.3584,ambiguous,https://doi.org/10.1101/2022.10.22.513328
F461V,0.19529,0.97687,0.9333484579585838,Neutral,Neutral,40.6,,,0.670,"cBioPortal,COSMIC",,True,40.6,,,,neutral,neutral,neutral,DOWN,neutral,neutral,mixed_effects,,,,42.08,T,-0.0946,2.346,-7.1224,loss_of_function,-2.00603677689627,,,0.2524,benign,https://doi.org/10.1101/2022.10.22.513328
S463C,0.20178,0.46871,0.8767644466737762,Neutral,Neutral,102.5,,,0.721,COSMIC,,True,102.5,,,,uncertain,,,UP,neutral,neutral,stabilizing,,,,41.26,T,-0.1458,2.0029,-22.0691,loss_of_function,-1.17164893129651,,,0.1371,benign,https://doi.org/10.1101/2022.10.22.513328
S463F,-0.31716,-0.69354,-0.0845112246937751,Neutral,Neutral,102.5,,,0.751,"cBioPortal,COSMIC",,True,102.5,,,,uncertain,,,UP,neutral,neutral,stabilizing,,,,41.26,T,-0.1056,2.0029,-8.7812,loss_of_function,-3.61208924102805,,,0.5101,ambiguous,https://doi.org/10.1101/2022.10.22.513328
S463P,2.7363,2.20238,2.11374637600661,Uncertain,Uncertain,102.5,,,0.529,"cBioPortal,COSMIC,clinvar",,True,102.5,,,,uncertain,,,UP,neutral,neutral,stabilizing,375934,Pathogenic,0,41.26,T,-0.1488,2.0029,-2.4776,loss_of_function,-1.55807897182803,,,0.2302,benign,https://doi.org/10.1101/2022.10.22.513328
S464G,1.38403,1.06531,0.4885972997656679,Neutral,Neutral,72.5,,,0.340,COSMIC,,True,72.5,,,,uncertain,,,DOWN,neutral,neutral,stabilizing,,,,42.64,T,0.0591,2.7038,-2.6586,gain_of_function,-1.28265939817775,,,0.0794,benign,https://doi.org/10.1101/2022.10.22.513328
T465N,0.22931,0.52483,0.1957443114830115,Neutral,Neutral,46.4,,,0.662,COSMIC,,True,46.4,,,,uncertain,,,-,uncertain,uncertain,uncertain,,,,48.28,T,-0.1147,2.0327,-7.2159,loss_of_function,-1.82985182465307,,,0.1021,benign,https://doi.org/10.1101/2022.10.22.513328
T465S,0.33711,1.00034,0.5531660642650013,Neutral,Neutral,46.4,,,0.423,cBioPortal,,True,46.4,,,,neutral,,,DOWN,neutral,neutral,stabilizing,,,,48.28,T,-0.0029,2.0327,-3.3091,loss_of_function,-0.273689262560889,,,0.0653,benign,https://doi.org/10.1101/2022.10.22.513328
L466Q,0.14629,2.41224,1.3793372578841163,Uncertain,Neutral,19.3,,,0.657,"cBioPortal,COSMIC",,True,19.3,,,,neutral,neutral,neutral,DOWN,neutral,neutral,stabilizing,,,,46.78,-,-0.0565,3.1726,-4.2479,loss_of_function,-1.88638762949469,,,0.1136,benign,https://doi.org/10.1101/2022.10.22.513328
S468F,0.04861,1.7949,0.3951866033611556,Neutral,Neutral,35.7,,,0.724,COSMIC,,True,35.7,,,,uncertain,,,UP,neutral,neutral,stabilizing,,,,52.33,-,-0.139,2.3774,-22.0886,loss_of_function,-4.22059888671575,,,0.2467,benign,https://doi.org/10.1101/2022.10.22.513328
S468Y,0.08764,1.10952,0.4118053632310453,Neutral,Neutral,35.7,,,0.759,cBioPortal,,True,35.7,,,,uncertain,,,UP,neutral,neutral,stabilizing,,,,52.33,-,-0.1438,2.3774,-22.0886,loss_of_function,-3.60557885365577,,,0.199,benign,https://doi.org/10.1101/2022.10.22.513328
L469Q,-0.13525,0.07857,0.6138002148938543,Neutral,Neutral,108.2,,,0.878,cBioPortal,,True,108.2,,,,neutral,neutral,neutral,DOWN,neutral,neutral,mixed_effects,,,,60.28,H,-0.199,1.7649,-6.7813,loss_of_function,-3.49144866038687,0.0163739766819905,Benign,0.1169,benign,https://doi.org/10.1101/2022.10.22.513328
L469V,0.33172,0.60816,0.599117782913195,Neutral,Neutral,108.2,,,0.506,cBioPortal,,True,108.2,,,,neutral,neutral,neutral,DOWN,neutral,neutral,mixed_effects,,,,60.28,H,-0.0761,1.7649,-4.3219,loss_of_function,-0.643542439683626,0.023382555762569,Benign,0.0753,benign,https://doi.org/10.1101/2022.10.22.513328
E470K,0.56312,0.22075,0.2556304730701597,Neutral,Neutral,101.6,,0.0000039779462659,0.615,"cBioPortal,COSMIC",,True,101.6,,,,neutral,neutral,neutral,UP,neutral,neutral,stabilizing,,,,62.69,H,-0.0654,2.2679,-8.7975,loss_of_function,-3.30784667311615,0.0289341996104032,Benign,0.1686,benign,https://doi.org/10.1101/2022.10.22.513328
E471D,0.30096,0.63878,0.8059320948755594,Neutral,Neutral,37.9,,,0.286,"cBioPortal,COSMIC",,True,37.9,,,,neutral,neutral,neutral,DOWN,neutral,neutral,neutral,,,,64.97,H,-0.0127,1.8643,-2.2278,loss_of_function,-0.803858124244613,7.359617660030744e-06,Benign,0.1264,benign,https://doi.org/10.1101/2022.10.22.513328
E471V,-0.62442,-0.77449,-0.437098104243806,Neutral,Neutral,37.9,,,0.888,COSMIC,,True,37.9,,,,neutral,neutral,neutral,-,uncertain,uncertain,uncertain,,,,64.97,H,-0.1615,1.8643,-22.0854,loss_of_function,-5.07294617443123,0.0171156557295709,Benign,0.4658,ambiguous,https://doi.org/10.1101/2022.10.22.513328
K472N,1.09184,0.50918,0.7262656434643757,Neutral,Neutral,28.4,3.18451054073e-05,,0.292,cBioPortal,,True,28.4,,,,neutral,neutral,neutral,DOWN,neutral,neutral,mixed_effects,,,,70.18,H,-0.0488,2.2101,-4.8875,loss_of_function,-1.45644680205601,0.0012976351404605,Benign,0.3127,benign,https://doi.org/10.1101/2022.10.22.513328
I475M,0.04388,1.39286,1.2759477649545226,Neutral,Neutral,8.0,,,0.768,COSMIC,,False,8.0,,,,neutral,neutral,neutral,-,uncertain,uncertain,uncertain,,,,86.65,H,-0.0778,1.767,-7.2062,loss_of_function,-2.36745521460821,0.1489920788655886,Benign,0.2842,benign,https://doi.org/10.1101/2022.10.22.513328
I475T,2.50558,2.0534,2.41669549247656,Uncertain,Uncertain,8.0,,0.0000079551963342,0.935,cBioPortal,,False,8.0,,,,neutral,neutral,neutral,DOWN,neutral,neutral,mixed_effects,,,,86.65,H,-0.133,1.767,-4.9838,loss_of_function,-4.59676427265495,0.3716927194469514,Uncertain,0.7024,pathogenic,https://doi.org/10.1101/2022.10.22.513328
H476N,0.01042,0.50374,0.7899842752853836,Neutral,Neutral,57.4,,,0.665,"cBioPortal,COSMIC",,False,57.4,,,,neutral,neutral,neutral,DOWN,neutral,neutral,destabilizing,,,,87.71,H,-0.033,2.1417,-7.7911,loss_of_function,-1.49433875256926,0.0403838669341517,Benign,0.1166,benign,https://doi.org/10.1101/2022.10.22.513328
R477L,0.0682,0.3449,0.278688037377901,Neutral,Neutral,63.4,,0.0000039780095631,0.485,cBioPortal,,False,63.4,,,,neutral,neutral,neutral,DOWN,neutral,neutral,neutral,,,,92.04,H,-0.081,2.641,-4.9307,loss_of_function,-1.43283849374567,0.0004142225236991,Benign,0.1147,benign,https://doi.org/10.1101/2022.10.22.513328
R477Q,0.75584,0.45204,1.0279448240858384,Neutral,Neutral,63.4,,0.0000318240765051,0.406,"cBioPortal,COSMIC",,False,63.4,,,,neutral,neutral,neutral,DOWN,neutral,neutral,neutral,,,,92.04,H,-0.0523,2.641,-4.7381,loss_of_function,-1.96174797459212,0.0001314470473128,Benign,0.0723,benign,https://doi.org/10.1101/2022.10.22.513328
V478I,-0.52663,1.10068,0.1877619828436971,Neutral,Neutral,0.9,,,0.329,"cBioPortal,COSMIC",,False,0.9,,,,neutral,neutral,neutral,UP,neutral,neutral,neutral,,,,92.67,H,-0.0293,1.7503,-3.3988,loss_of_function,-0.241521720466848,2.319409773823129e-06,Benign,0.0771,benign,https://doi.org/10.1101/2022.10.22.513328
V478L,-0.28779,1.08129,0.8625929756828545,Neutral,Neutral,0.9,,,0.415,"cBioPortal,COSMIC",,False,0.9,,,,neutral,neutral,neutral,UP,neutral,neutral,neutral,,,,92.67,H,-0.0819,1.7503,-0.952,loss_of_function,-1.65881642971235,6.630154027002001e-06,Benign,0.2789,benign,https://doi.org/10.1101/2022.10.22.513328
L479V,1.70112,1.34354,1.1509452344488569,Neutral,Neutral,17.2,,,0.825,cBioPortal,,False,17.2,,,,neutral,neutral,neutral,DOWN,neutral,neutral,neutral,,,,94.37,H,-0.2368,0.1556,-6.7944,loss_of_function,-1.43872132700248,0.0221991748338748,Benign,0.2554,benign,https://doi.org/10.1101/2022.10.22.513328
D480G,0.56453,0.40714,0.9822322025444818,Neutral,Neutral,89.0,,,0.915,cBioPortal,,False,89.0,,,,neutral,neutral,neutral,DOWN,neutral,neutral,destabilizing,,,,94.59,H,-0.2181,0.7951,-8.7943,loss_of_function,-6.7823933223545,0.2691655594220106,Benign,0.3323,benign,https://doi.org/10.1101/2022.10.22.513328
K481N,0.62158,1.43673,1.2172760971601138,Neutral,Neutral,25.9,,,0.456,"cBioPortal,COSMIC",,True,25.9,,,,neutral,neutral,neutral,DOWN,neutral,neutral,neutral,,,,96.1,H,-0.0187,2.494,-4.094,loss_of_function,-1.24761399083347,0.0088241423967466,Benign,0.685,pathogenic,https://doi.org/10.1101/2022.10.22.513328
I482F,2.0013,0.95578,0.1044076310511016,Uncertain,Uncertain,0.1,,,0.889,cBioPortal,,True,0.1,,,,neutral,neutral,neutral,UP,neutral,neutral,neutral,,,,96.79,H,-0.2765,1.1949,-22.0821,loss_of_function,-5.68710831445652,0.2265597796460616,Benign,0.4655,ambiguous,https://doi.org/10.1101/2022.10.22.513328
I482V,1.20261,0.88299,1.6298143611190683,Neutral,Neutral,0.1,,,0.464,cBioPortal,,True,0.1,,,,neutral,neutral,neutral,DOWN,neutral,neutral,destabilizing,,,,96.79,H,-0.0534,1.1949,-1.0262,loss_of_function,-2.21864770584669,0.0007564946029001,Benign,0.1627,benign,https://doi.org/10.1101/2022.10.22.513328
D484G,0.60696,0.94898,0.7553180611914617,Neutral,Neutral,85.9,,,0.966,"cBioPortal,COSMIC",,True,85.9,,,,neutral,neutral,neutral,DOWN,neutral,neutral,neutral,,,,97.17,H,-0.3531,0.0648,-22.0789,loss_of_function,-4.50262068102251,0.4548627242625422,Uncertain,0.3287,benign,https://doi.org/10.1101/2022.10.22.513328
D484N,0.12637,0.03878,0.0281368317895602,Neutral,Neutral,85.9,,,0.793,cBioPortal,,True,85.9,,,,neutral,neutral,neutral,-,uncertain,uncertain,uncertain,,,,97.17,H,-0.3086,0.0648,-22.0789,loss_of_function,-3.24839711173619,0.1223371616058524,Benign,0.139,benign,https://doi.org/10.1101/2022.10.22.513328
D484Y,-0.52255,0.02993,-0.3889080284610219,Neutral,Neutral,85.9,,,0.956,COSMIC,,True,85.9,,,,neutral,neutral,neutral,UP,neutral,neutral,neutral,,,,97.17,H,-0.3869,0.0648,-22.0789,loss_of_function,-5.68326501054711,0.8080895638873988,Pathogenic,0.5722,pathogenic,https://doi.org/10.1101/2022.10.22.513328
L486F,4.40093,2.68912,2.153122436362192,Uncertain,Uncertain,0.0,,,0.933,COSMIC,,True,0.0,,,,neutral,neutral,neutral,UP,neutral,neutral,neutral,,,,97.89,H,-0.2708,0.0587,-7.2029,loss_of_function,-4.14501725096537,0.4295201284120585,Uncertain,0.6281,pathogenic,https://doi.org/10.1101/2022.10.22.513328
H488R,0.09826,0.21497,0.6978095427109127,Neutral,Neutral,50.6,,,,cBioPortal,,False,50.6,,,,neutral,neutral,neutral,UP,neutral,neutral,neutral,,,,97.87,H,-0.1979,1.464,-22.0724,loss_of_function,-6.18257923505984,0.0662800005382406,Benign,0.233,benign,https://doi.org/10.1101/2022.10.22.513328
H488Y,0.04329,0.24864,-0.258976114429692,Neutral,Neutral,50.6,,,,"cBioPortal,COSMIC",,False,50.6,,,,neutral,neutral,neutral,UP,neutral,neutral,neutral,,,,97.87,H,-0.0427,1.464,-4.3252,loss_of_function,-1.55736592443826,0.0003346564469174,Benign,0.0786,benign,https://doi.org/10.1101/2022.10.22.513328
L489V,1.45358,1.52687,1.1977768751703022,Neutral,Neutral,13.0,,,0.404,COSMIC,,False,13.0,,,,neutral,neutral,neutral,DOWN,neutral,neutral,destabilizing,,,,97.81,H,0.0158,2.674,-2.7186,gain_of_function,-1.3333274082193,5.853744335655147e-05,Benign,0.1067,benign,https://doi.org/10.1101/2022.10.22.513328
M490I,1.90662,1.67721,0.4960007525143767,Neutral,Neutral,1.4,,,,COSMIC,,False,1.4,,,,neutral,neutral,neutral,-,uncertain,uncertain,uncertain,,,,97.54,H,-0.1342,0.7957,-0.3762,loss_of_function,-1.20970525385631,1.150942164777369e-06,Benign,0.6631,pathogenic,https://doi.org/10.1101/2022.10.22.513328
A491T,0.66419,0.67789,0.3447516999349359,Neutral,Neutral,47.4,,0.0000039794659557,0.629,"cBioPortal,COSMIC",,False,47.4,,,,neutral,neutral,neutral,UP,neutral,neutral,neutral,,,,97.59,H,-0.1088,1.3982,-7.7846,loss_of_function,-0.954599333333289,0.0034190449558025,Benign,0.1399,benign,https://doi.org/10.1101/2022.10.22.513328
K492N,0.47871,1.78265,0.3809639406513476,Neutral,Neutral,66.4,,,,COSMIC,,False,66.4,,,,neutral,neutral,neutral,DOWN,neutral,neutral,mixed_effects,,,,96.82,H,-0.2318,1.1745,-22.0724,loss_of_function,-2.90696425999679,0.1186104157269839,Benign,0.6405,pathogenic,https://doi.org/10.1101/2022.10.22.513328
L497R,0.32688,0.72619,0.5891951084780641,Neutral,Neutral,78.2,,,0.605,COSMIC,,False,78.2,,,,neutral,neutral,neutral,UP,neutral,neutral,stabilizing,,,,95.67,H,-0.223,2.9975,-22.0724,loss_of_function,-2.19476120086277,0.0212097138247421,Benign,0.0975,benign,https://doi.org/10.1101/2022.10.22.513328
Q498K,0.42333,-0.13401,-0.1309604376667822,Neutral,Neutral,87.4,,,,COSMIC,,False,87.4,,,,neutral,neutral,neutral,UP,neutral,neutral,neutral,,,,95.61,H,-0.1608,1.1257,-8.7812,loss_of_function,-3.81492925896978,0.3469113430600922,Uncertain,0.1404,benign,https://doi.org/10.1101/2022.10.22.513328
Q498P,-1.42114,1.19286,1.5659911483460225,Neutral,Neutral,87.4,,,0.747,cBioPortal,,False,87.4,,,,neutral,neutral,neutral,DOWN,neutral,neutral,neutral,,,,95.61,H,-0.2843,1.1257,-5.4594,loss_of_function,-1.60148343156849,0.0030254120071571,Benign,0.1004,benign,https://doi.org/10.1101/2022.10.22.513328
R503Q,4.25175,2.28912,2.02979335886617,Uncertain,Uncertain,20.1,,,0.931,"cBioPortal,COSMIC",,False,20.1,,,,neutral,neutral,neutral,DOWN,neutral,neutral,destabilizing,,,,97.17,H,-0.3837,0.0001,-22.0756,loss_of_function,-4.64572317162858,0.5398528594658054,Uncertain,0.7187,pathogenic,https://doi.org/10.1101/2022.10.22.513328
R503W,4.16037,1.66565,0.6572482833397627,Uncertain,Uncertain,20.1,,0.0000039869228929,,COSMIC,,False,20.1,,,,neutral,neutral,neutral,UP,neutral,neutral,destabilizing,,,,97.17,H,-0.4268,0.0001,-22.0756,loss_of_function,-5.65609354759878,0.9697397397839732,Pathogenic,0.8972,pathogenic,https://doi.org/10.1101/2022.10.22.513328
Q506H,1.2811,0.54354,-0.1013590120844543,Neutral,Neutral,66.1,,,,"cBioPortal,COSMIC",,True,66.1,,,,neutral,neutral,neutral,UP,neutral,neutral,stabilizing,,,,96.04,H,-0.0552,1.5106,-1.317,loss_of_function,-1.94246713135052,0.0030463391224186,Benign,0.3389,benign,https://doi.org/10.1101/2022.10.22.513328
L508F,-0.86307,0.33129,0.7441790756941336,Neutral,Neutral,39.4,,,0.933,cBioPortal,,True,39.4,,,,neutral,neutral,neutral,UP,neutral,neutral,neutral,,,,95.63,H,-0.2898,0.6775,-22.0724,loss_of_function,-4.54882595505321,0.5942238089954464,Uncertain,0.7322,pathogenic,https://doi.org/10.1101/2022.10.22.513328
L509F,0.18475,0.30816,0.613539246358706,Neutral,Neutral,75.5,,,0.838,cBioPortal,,True,75.5,,,,neutral,neutral,neutral,UP,neutral,neutral,neutral,,,,95.56,H,-0.2499,1.1104,-22.0691,loss_of_function,-5.48533038576412,0.2331984246108633,Benign,0.8129,pathogenic,https://doi.org/10.1101/2022.10.22.513328
L511I,0.8535,0.73878,0.8854509510437766,Neutral,Neutral,13.1,,,0.913,cBioPortal,,True,13.1,,,,neutral,neutral,neutral,-,uncertain,uncertain,uncertain,,,,94.59,H,-0.2928,0.0001,-22.0724,loss_of_function,-4.46621666643574,0.5171100120067323,Uncertain,0.5486,ambiguous,https://doi.org/10.1101/2022.10.22.513328
I514M,0.19332,1.93639,1.4657505460065097,Neutral,Neutral,0.1,,,0.835,cBioPortal,,False,0.1,,,,neutral,neutral,neutral,-,uncertain,uncertain,uncertain,,,,96.76,H,-0.1765,0.7823,-8.7845,loss_of_function,-3.7166013677833,0.6522024739668372,Uncertain,0.3295,benign,https://doi.org/10.1101/2022.10.22.513328
R515G,2.45474,1.42177,2.180190144308868,Uncertain,Uncertain,44.8,,,,COSMIC,,False,44.8,,,,neutral,neutral,neutral,DOWN,neutral,neutral,destabilizing,,,,94.67,H,-0.4401,0.0466,-22.0691,loss_of_function,-6.5170772975767,0.6789174965691294,Uncertain,0.9655,pathogenic,https://doi.org/10.1101/2022.10.22.513328
M517I,0.12187,-0.07177,-0.1495959643741745,Neutral,Neutral,1.3,,0.0000040067634166,,cBioPortal,,False,1.3,,,,neutral,neutral,neutral,-,uncertain,uncertain,uncertain,,,,96.16,H,-0.0437,2.0083,-4.5136,loss_of_function,-1.50649464896869,0.0014825183631906,Benign,0.7893,pathogenic,https://doi.org/10.1101/2022.10.22.513328
M517L,-0.07996,0.9551,-0.0047530686599045,Neutral,Neutral,1.3,,,,cBioPortal,,False,1.3,,,,neutral,neutral,neutral,-,uncertain,uncertain,uncertain,,,,96.16,H,-0.0071,2.0083,-3.8074,loss_of_function,-2.02484003824926,0.0016042320667441,Benign,0.33,benign,https://doi.org/10.1101/2022.10.22.513328
S518G,0.42444,0.71293,1.0138684252070524,Neutral,Neutral,5.0,,,,cBioPortal,,False,5.0,,,,uncertain,,,DOWN,neutral,neutral,destabilizing,,,,95.86,H,-0.2034,0.1336,-7.738,loss_of_function,-3.54978444432326,0.1152766846866827,Benign,0.3404,ambiguous,https://doi.org/10.1101/2022.10.22.513328
S518I,4.39036,1.03129,-0.1564337682786337,Uncertain,Uncertain,5.0,,,,cBioPortal,,False,5.0,,,,uncertain,,,UP,neutral,neutral,stabilizing,,,,95.86,H,-0.3483,0.1336,-22.0258,loss_of_function,-4.78235645384918,0.7214860974929372,Pathogenic,0.9949,pathogenic,https://doi.org/10.1101/2022.10.22.513328
S518T,-0.19557,-0.14286,-0.3037241610240154,Neutral,Neutral,5.0,,,,cBioPortal,,False,5.0,,,,neutral,,,UP,neutral,neutral,stabilizing,,,,95.86,H,-0.2578,0.1336,-22.0258,loss_of_function,-3.79843829026448,0.9132209966102138,Pathogenic,0.8535,pathogenic,https://doi.org/10.1101/2022.10.22.513328
N519S,1.35587,0.44694,0.5371518815770515,Neutral,Neutral,72.5,,,0.803,"cBioPortal,COSMIC",,False,72.5,,,,neutral,neutral,neutral,DOWN,neutral,neutral,destabilizing,,,,93.41,H,-0.1889,0.3348,-6.7381,loss_of_function,-0.81274308661005,0.0846526172749528,Benign,0.1711,benign,https://doi.org/10.1101/2022.10.22.513328
M522I,0.41338,-0.96361,0.0528229438088456,Neutral,Neutral,9.1,,0.0000039917610053,0.634,"cBioPortal,COSMIC",,False,9.1,,,,neutral,neutral,neutral,-,uncertain,uncertain,uncertain,,,,94.02,H,-0.1916,0.3989,-4.4732,loss_of_function,-1.46982459064151,0.0007414512089887,Benign,0.8954,pathogenic,https://doi.org/10.1101/2022.10.22.513328
E523K,-0.38875,0.70034,0.1578068050950859,Neutral,Neutral,87.8,,,0.924,COSMIC,,False,87.8,,,,neutral,neutral,neutral,UP,neutral,neutral,stabilizing,,,,93.13,H,-0.1702,1.0682,-7.7107,loss_of_function,-2.77420602140732,0.1315155236196504,Benign,0.8688,pathogenic,https://doi.org/10.1101/2022.10.22.513328
E523Q,-0.26361,0.38605,0.3040376923523019,Neutral,Neutral,87.8,,,0.863,"cBioPortal,COSMIC",,False,87.8,,,,neutral,neutral,neutral,UP,neutral,neutral,stabilizing,,,,93.13,H,-0.1156,1.0682,-6.7108,loss_of_function,-1.62354411416849,0.0310655594863489,Benign,0.498,ambiguous,https://doi.org/10.1101/2022.10.22.513328
H524L,-0.83024,-0.60918,0.2627914991193297,Neutral,Neutral,17.7,,,0.959,"cBioPortal,COSMIC",,False,17.7,,,,neutral,neutral,neutral,UP,neutral,neutral,neutral,,,,93.91,H,-0.3389,0.0729,-21.9951,loss_of_function,-3.74147550043886,0.1041044031683872,Benign,0.8489,pathogenic,https://doi.org/10.1101/2022.10.22.513328
H524N,1.40845,1.7432,1.8782067472417847,Neutral,Neutral,17.7,,,0.914,cBioPortal,,False,17.7,,,,neutral,neutral,neutral,DOWN,neutral,neutral,destabilizing,,,,93.91,H,-0.2958,0.0729,-21.9951,loss_of_function,-4.87621691353792,0.5616144565108854,Uncertain,0.9395,pathogenic,https://doi.org/10.1101/2022.10.22.513328
Y526C,2.43547,1.60612,2.763551385567472,Uncertain,Uncertain,30.2,,,0.957,cBioPortal,,False,30.2,,,,uncertain,,,DOWN,neutral,neutral,destabilizing,,,,92.51,H,-0.1637,1.953,-6.7004,loss_of_function,-2.45243267591426,0.099971126313027,Benign,0.36,ambiguous,https://doi.org/10.1101/2022.10.22.513328
Y526H,1.36837,1.20068,1.453087666189572,Neutral,Neutral,30.2,,0.0000039861918315,0.840,"cBioPortal,COSMIC",,False,30.2,,,,uncertain,,,DOWN,neutral,neutral,destabilizing,,,,92.51,H,-0.0787,1.953,-2.3785,loss_of_function,-1.65124856500107,0.00524920187496,Benign,0.3574,ambiguous,https://doi.org/10.1101/2022.10.22.513328
S527N,-0.78638,-0.21463,-0.3276487365401348,Neutral,Neutral,55.8,,,0.260,cBioPortal,,False,55.8,,,,uncertain,,,UP,neutral,neutral,neutral,,,,92.0,H,-0.0098,2.0902,-2.5106,loss_of_function,-0.386910381391981,0.0004716632151553,Benign,0.0778,benign,https://doi.org/10.1101/2022.10.22.513328
M528I,0.16981,1.16259,0.0292961003306813,Neutral,Neutral,2.4,,,0.803,"cBioPortal,COSMIC",,False,2.4,,,,neutral,neutral,neutral,-,uncertain,uncertain,uncertain,,,,91.13,H,-0.2063,0.3184,-5.8965,loss_of_function,-1.36646338227974,0.0086813291158507,Benign,0.9018,pathogenic,https://doi.org/10.1101/2022.10.22.513328
C530L,-1.23878,-0.72993,-0.9201865380729508,Neutral,Neutral,58.1,,,,COSMIC,,False,58.1,,,,neutral,neutral,neutral,UP,neutral,neutral,neutral,,,,91.02,H,-0.4064,1.54,-21.9847,loss_of_function,-2.60949637052983,0.0535616595566027,Benign,0.6558,pathogenic,https://doi.org/10.1101/2022.10.22.513328
C530S,-0.30443,0.26939,0.1827014004427429,Neutral,Neutral,58.1,,,0.823,cBioPortal,,False,58.1,,,,neutral,neutral,neutral,DOWN,neutral,neutral,destabilizing,,,,91.02,H,-0.2725,1.54,-8.6968,loss_of_function,-1.87646236471173,0.0368083915588123,Benign,0.6029,pathogenic,https://doi.org/10.1101/2022.10.22.513328
K531E,1.26713,1.25612,0.8388648653828809,Neutral,Neutral,45.9,,,0.784,COSMIC,,False,45.9,,,,neutral,neutral,neutral,DOWN,neutral,neutral,destabilizing,,,,91.36,H,-0.3352,0.1186,-21.9847,loss_of_function,-2.90045272274983,0.0405674222577246,Benign,0.7793,pathogenic,https://doi.org/10.1101/2022.10.22.513328
K531M,0.039,0.26395,0.17463661186156,Neutral,Neutral,45.9,,,0.943,"cBioPortal,COSMIC",,False,45.9,,,,neutral,neutral,neutral,DOWN,neutral,neutral,destabilizing,,,,91.36,H,-0.3204,0.1186,-21.9847,loss_of_function,-4.91340008282786,0.6847664148105601,Pathogenic,0.8836,pathogenic,https://doi.org/10.1101/2022.10.22.513328
K531N,0.93143,0.62245,0.4649438859089388,Neutral,Neutral,45.9,,,0.731,cBioPortal,,False,45.9,,,,neutral,neutral,neutral,DOWN,neutral,neutral,destabilizing,,,,91.36,H,-0.2607,0.1186,-8.6968,loss_of_function,-2.44869787641108,0.1675262879690209,Benign,0.9172,pathogenic,https://doi.org/10.1101/2022.10.22.513328
K531Q,1.10357,0.92517,0.6257065304301476,Neutral,Neutral,45.9,,,0.754,cBioPortal,,False,45.9,,,,neutral,neutral,neutral,DOWN,neutral,neutral,destabilizing,,,,91.36,H,-0.3095,0.1186,-21.9847,loss_of_function,-3.02801022157745,0.1919472848515898,Benign,0.3919,ambiguous,https://doi.org/10.1101/2022.10.22.513328
N532K,-1.91532,0.35884,0.6454670922028471,Neutral,Neutral,95.6,,0.0000039799094173,0.692,"cBioPortal,COSMIC",,False,95.6,,,,neutral,neutral,neutral,UP,neutral,neutral,neutral,,,,90.7,T,-0.2093,0.3333,-4.1734,loss_of_function,-2.7780833205813,0.0124767024736482,Benign,0.6469,pathogenic,https://doi.org/10.1101/2022.10.22.513328
V533M,0.28975,1.31395,1.0083222976714947,Neutral,Neutral,18.3,,0.0000477600534913,0.563,"cBioPortal,COSMIC",,False,18.3,,,,neutral,neutral,neutral,UP,neutral,neutral,stabilizing,,,,87.88,S,-0.0911,1.8537,-2.839,loss_of_function,-1.35977789073431,0.0036468336176603,Benign,0.175,benign,https://doi.org/10.1101/2022.10.22.513328
V534E,2.09792,4.02483,4.482757104788009,Uncertain,Uncertain,8.2,,,0.957,"cBioPortal,COSMIC,clinvar",,False,8.2,,,,neutral,neutral,neutral,-,uncertain,uncertain,uncertain,375935,Pathogenic,0,87.06,S,-0.4604,0.1432,-21.9812,loss_of_function,-6.69899102145308,0.8781413635607955,Pathogenic,0.9942,pathogenic,https://doi.org/10.1101/2022.10.22.513328
V534M,-0.85807,0.78435,2.185950617749813,Neutral,Uncertain,8.2,,,0.800,"cBioPortal,COSMIC",,False,8.2,,,,neutral,neutral,neutral,UP,neutral,neutral,stabilizing,,,,87.06,S,-0.2784,0.1432,-8.6933,loss_of_function,-2.68388807047185,0.3758580044048578,Uncertain,0.9499,pathogenic,https://doi.org/10.1101/2022.10.22.513328
P535H,1.00928,1.26871,-0.2909927667925222,Neutral,Neutral,97.1,,,0.931,"cBioPortal,COSMIC,clinvar",,False,97.1,,,,neutral,neutral,neutral,UP,neutral,neutral,neutral,375936,Pathogenic,0,87.73,-,-0.2982,0.7254,-21.9531,loss_of_function,-4.7281877566128,0.7600975071169005,Pathogenic,0.892,pathogenic,https://doi.org/10.1101/2022.10.22.513328
P535L,0.65059,0.93333,-0.5123792385035891,Neutral,Neutral,97.1,,,0.944,"cBioPortal,COSMIC",,False,97.1,,,,neutral,neutral,neutral,UP,neutral,neutral,neutral,,,,87.73,-,-0.2092,0.7254,-2.5568,loss_of_function,-2.80031554134018,0.1070719987132022,Benign,0.7225,pathogenic,https://doi.org/10.1101/2022.10.22.513328
P535S,0.9986,1.32177,0.0498510565890975,Neutral,Neutral,97.1,,,0.895,cBioPortal,,False,97.1,,,,neutral,neutral,neutral,DOWN,neutral,neutral,stabilizing,,,,87.73,-,-0.2592,0.7254,-21.9531,loss_of_function,-4.48244020690501,0.5338879384992353,Uncertain,0.8828,pathogenic,https://doi.org/10.1101/2022.10.22.513328
P535T,1.02875,0.83673,0.1042878042171641,Neutral,Neutral,97.1,,,0.944,"cBioPortal,COSMIC",,False,97.1,,,,neutral,neutral,neutral,-,uncertain,uncertain,uncertain,,,,87.73,-,-0.2713,0.7254,-21.9531,loss_of_function,-4.26508884145557,0.1974609447149134,Benign,0.8389,pathogenic,https://doi.org/10.1101/2022.10.22.513328
L536H,2.55429,2.06395,2.4561409835661605,Uncertain,Uncertain,2.0,,,0.934,"cBioPortal,COSMIC",,False,2.0,,,,neutral,neutral,neutral,DOWN,neutral,neutral,stabilizing,,,,89.42,-,-0.3565,1.1295,-21.9566,loss_of_function,-5.26542339113722,0.7082454929374291,Pathogenic,0.9714,pathogenic,https://doi.org/10.1101/2022.10.22.513328
L536P,3.43007,1.98912,5.853030697930683,Uncertain,Destabilizing,2.0,,,0.881,"cBioPortal,COSMIC",,False,2.0,,,,neutral,neutral,neutral,DOWN,neutral,neutral,stabilizing,,,,89.42,-,-0.3297,1.1295,-8.6687,loss_of_function,-3.66746744916844,0.6367310022288978,Uncertain,0.976,pathogenic,https://doi.org/10.1101/2022.10.22.513328
L536Q,3.38239,1.90544,2.7322350950075083,Uncertain,Uncertain,2.0,,,,"cBioPortal,COSMIC",,False,2.0,,,,neutral,neutral,neutral,DOWN,neutral,neutral,stabilizing,,,,89.42,-,-0.3349,1.1295,-21.9566,loss_of_function,-6.2429316016332,0.1720605910681475,Benign,0.9637,pathogenic,https://doi.org/10.1101/2022.10.22.513328
L536R,4.08499,2.31463,3.3301097744837103,Uncertain,Destabilizing,2.0,,,0.921,"cBioPortal,COSMIC,clinvar",,False,2.0,,,,neutral,neutral,neutral,UP,neutral,neutral,neutral,375937,Pathogenic,0,89.42,-,-0.3943,1.1295,-21.9566,loss_of_function,-6.45342653742564,0.8427653953806211,Pathogenic,0.9465,pathogenic,https://doi.org/10.1101/2022.10.22.513328
Y537C,1.63013,2.47007,1.5786516691103658,Uncertain,Neutral,57.5,,,0.922,"cBioPortal,COSMIC",P,False,57.5,0.348,,,damaging,neutral,uncertain,DOWN,neutral,neutral,stabilizing,,,,91.69,-,-0.4061,0.1643,-21.9531,loss_of_function,-4.67354788471568,0.0534090083188575,Benign,0.7633,pathogenic,https://doi.org/10.1101/2022.10.22.513328
Y537D,1.39358,3.50034,0.9969459832215772,Uncertain,Neutral,57.5,,,0.920,"cBioPortal,COSMIC",P,False,57.5,0.348,,,damaging,neutral,uncertain,DOWN,neutral,neutral,stabilizing,,,,91.69,-,-0.4497,0.1643,-21.9531,loss_of_function,-4.89043049781651,0.3202851962295697,Benign,0.9243,pathogenic,https://doi.org/10.1101/2022.10.22.513328
Y537H,0.96295,0.81973,0.4615206283056555,Neutral,Neutral,57.5,,,0.885,"cBioPortal,COSMIC",P,False,57.5,0.348,,,damaging,neutral,uncertain,DOWN,neutral,neutral,stabilizing,,,,91.69,-,-0.2754,0.1643,-8.6652,loss_of_function,-3.31093358645541,0.4035843243878078,Uncertain,0.7905,pathogenic,https://doi.org/10.1101/2022.10.22.513328
Y537N,-0.1144,2.50884,0.8839186233260373,Uncertain,Neutral,57.5,,,0.913,"cBioPortal,COSMIC",P,False,57.5,0.348,,,damaging,neutral,uncertain,DOWN,neutral,neutral,stabilizing,,,,91.69,-,-0.3558,0.1643,-7.6653,loss_of_function,-3.13898119871575,0.1638706634928278,Benign,0.7209,pathogenic,https://doi.org/10.1101/2022.10.22.513328
Y537S,-0.40369,2.55782,1.42312332752432,Uncertain,Neutral,57.5,,,0.911,"cBioPortal,COSMIC",P,False,57.5,0.348,,,uncertain,neutral,uncertain,DOWN,neutral,neutral,stabilizing,,,,91.69,-,-0.3724,0.1643,-8.6652,loss_of_function,-4.04070402528071,0.1680815066586527,Benign,0.7638,pathogenic,https://doi.org/10.1101/2022.10.22.513328
D538G,1.22019,0.89422,0.7393764866524241,Neutral,Neutral,104.8,,,0.914,"cBioPortal,COSMIC",,False,104.8,,,,neutral,neutral,neutral,DOWN,neutral,neutral,destabilizing,,,,92.89,H,-0.2646,0.2818,-8.6509,loss_of_function,-4.37311656424641,0.6808469264583765,Pathogenic,0.9634,pathogenic,https://doi.org/10.1101/2022.10.22.513328
D538N,0.73785,0.25646,0.1930989209887157,Neutral,Neutral,104.8,,,0.570,cBioPortal,,False,104.8,,,,neutral,neutral,neutral,-,uncertain,uncertain,uncertain,,,,92.89,H,-0.2018,0.2818,-5.0661,loss_of_function,-2.30288641299777,0.5624721510696579,Uncertain,0.804,pathogenic,https://doi.org/10.1101/2022.10.22.513328
L540Q,3.09229,1.72891,3.2074704355828336,Uncertain,Destabilizing,0.3,,,0.973,"cBioPortal,COSMIC",,False,0.3,,,,neutral,neutral,neutral,DOWN,neutral,neutral,destabilizing,,,,94.62,H,-0.4364,0.0252,-21.9388,loss_of_function,-6.68531171378651,0.9683416276495144,Pathogenic,0.998,pathogenic,https://doi.org/10.1101/2022.10.22.513328
L541Q,0.75794,1.71565,1.0100061000030698,Neutral,Neutral,41.2,,,0.951,"cBioPortal,COSMIC",,False,41.2,,,,neutral,neutral,neutral,DOWN,neutral,neutral,destabilizing,,,,93.31,H,-0.4341,0.0503,-21.9388,loss_of_function,-3.83182031300287,0.4031106654785679,Uncertain,0.8966,pathogenic,https://doi.org/10.1101/2022.10.22.513328
E542D,0.29643,0.32585,0.5955328705757362,Neutral,Neutral,87.6,,,0.847,cBioPortal,,False,87.6,,,,neutral,neutral,neutral,DOWN,neutral,neutral,destabilizing,,,,92.88,H,-0.2848,0.0001,-21.9388,loss_of_function,-3.42175654537688,0.2136775036166413,Benign,0.9949,pathogenic,https://doi.org/10.1101/2022.10.22.513328
E542G,0.46007,0.73912,1.09247722954431,Neutral,Neutral,87.6,,,0.976,"cBioPortal,COSMIC",,False,87.6,,,,neutral,neutral,neutral,DOWN,neutral,neutral,destabilizing,,,,92.88,H,-0.3449,0.0001,-21.9388,loss_of_function,-3.72450497173097,0.9593557097986496,Pathogenic,0.9962,pathogenic,https://doi.org/10.1101/2022.10.22.513328
E542Q,-0.56598,-1.20102,0.3622246423510727,Neutral,Neutral,87.6,,,0.899,cBioPortal,,False,87.6,,,,neutral,neutral,neutral,UP,neutral,neutral,stabilizing,,,,92.88,H,-0.2916,0.0001,-21.9388,loss_of_function,-4.40364449908329,0.7219977957315828,Pathogenic,0.9865,pathogenic,https://doi.org/10.1101/2022.10.22.513328
L544P,7.48491,13.52959,9.021390335303558,Destabilizing,Destabilizing,0.6,,,0.954,cBioPortal,,False,0.6,,,,neutral,neutral,neutral,DOWN,neutral,neutral,destabilizing,,,,92.77,H,-0.4991,0.0252,-21.9388,loss_of_function,-7.22884205434063,0.9757850273585852,Pathogenic,0.9994,pathogenic,https://doi.org/10.1101/2022.10.22.513328
D545Y,1.07834,-0.07041,0.4444605113269473,Neutral,Neutral,55.2,,,0.785,cBioPortal,,False,55.2,,,,neutral,neutral,neutral,UP,neutral,neutral,neutral,,,,89.25,H,-0.332,0.6528,-21.9316,loss_of_function,-6.17130361057798,0.936032314107014,Pathogenic,0.9116,pathogenic,https://doi.org/10.1101/2022.10.22.513328
A546D,3.93907,4.5085,1.867066094777136,Destabilizing,Uncertain,12.0,,,0.949,"cBioPortal,COSMIC",,False,12.0,,,,neutral,neutral,neutral,UP,neutral,neutral,stabilizing,,,,85.69,H,-0.41,0.1166,-21.9243,loss_of_function,-3.45463147619975,0.610756627820978,Uncertain,0.9855,pathogenic,https://doi.org/10.1101/2022.10.22.513328
A546T,1.32747,3.03605,1.228218790826181,Uncertain,Neutral,12.0,,,0.870,"cBioPortal,COSMIC",,False,12.0,,,,neutral,neutral,neutral,UP,neutral,neutral,stabilizing,,,,85.69,H,-0.226,0.1166,-7.6366,loss_of_function,-2.29342990650411,0.5097905063577686,Uncertain,0.8578,pathogenic,https://doi.org/10.1101/2022.10.22.513328
H547Q,-0.8662,-0.36327,1.4696145142712604,Neutral,Neutral,26.7,,,0.481,cBioPortal,,False,26.7,,,,neutral,neutral,neutral,DOWN,neutral,neutral,destabilizing,,,,76.57,H,-0.0999,0.8478,-5.1142,loss_of_function,-1.64903240152814,0.0054736562785225,Benign,0.7053,pathogenic,https://doi.org/10.1101/2022.10.22.513328
R548C,1.04233,0.72619,1.5677751271547895,Neutral,Neutral,62.8,,0.0000278520499109,0.821,"cBioPortal,COSMIC",,False,62.8,,,,neutral,neutral,neutral,DOWN,neutral,neutral,destabilizing,,,,69.91,H,-0.1399,2.1074,-5.5935,loss_of_function,-1.20334115148995,,,0.1483,benign,https://doi.org/10.1101/2022.10.22.513328
R548H,1.4153,-0.15102,0.567970350158914,Neutral,Neutral,62.8,,0.0000437685518976,0.563,"cBioPortal,COSMIC",,False,62.8,,,,neutral,neutral,neutral,DOWN,neutral,neutral,destabilizing,,,,69.91,H,-0.0998,2.1074,-5.4009,loss_of_function,-0.802078812538832,,,0.1057,benign,https://doi.org/10.1101/2022.10.22.513328
L549P,0.15248,7.54524,5.20104342384716,Uncertain,Uncertain,88.6,,0.0000039784210443,0.786,COSMIC,,False,88.6,,,,neutral,neutral,neutral,DOWN,neutral,neutral,destabilizing,,,,52.79,H,-0.327,1.8802,-21.6714,loss_of_function,-1.03800835102786,,,0.3496,ambiguous,https://doi.org/10.1101/2022.10.22.513328
L549V,0.80196,0.31531,0.3302278224836791,Neutral,Neutral,88.6,,,0.339,cBioPortal,,False,88.6,,,,neutral,neutral,neutral,DOWN,neutral,neutral,destabilizing,,,,52.79,H,-0.0653,1.8802,-4.2962,loss_of_function,-0.786434477710423,,,0.0938,benign,https://doi.org/10.1101/2022.10.22.513328
H550Y,-2.16116,-1.15204,0.0668966027934908,Uncertain,Uncertain,24.5,,,0.401,COSMIC,,False,24.5,,,,neutral,neutral,neutral,UP,neutral,neutral,stabilizing,,,,52.19,H,-0.0712,1.2088,-5.29,loss_of_function,-1.18610973609339,,,0.1335,benign,https://doi.org/10.1101/2022.10.22.513328
A551E,0.10455,-0.12551,-0.0580965805990751,Neutral,Neutral,86.7,,,0.346,"cBioPortal,COSMIC",,False,86.7,,,,neutral,neutral,neutral,UP,neutral,neutral,stabilizing,,,,46.42,S,-0.105,2.457,-7.1749,loss_of_function,-1.49341856196955,,,0.1518,benign,https://doi.org/10.1101/2022.10.22.513328
A551V,0.63832,-0.23027,0.0684164410896759,Neutral,Neutral,86.7,,0.0000159139374264,0.288,"cBioPortal,COSMIC",,False,86.7,,,,neutral,neutral,neutral,UP,neutral,neutral,stabilizing,,,,46.42,S,-0.0782,2.457,-21.4626,loss_of_function,-0.773448631865818,,,0.0783,benign,https://doi.org/10.1101/2022.10.22.513328
