Mutation,"Stability (FoldX5, alphafold, kcal/mol)","Stability (Rosetta Cartddg2020, alphafold, kcal/mol)","Stability (RaSP, alphafold, kcal/mol)","Stability classification, alphafold, (Rosetta, FoldX)","Stability classification, alphafold, (RaSP, FoldX)",Relative Side Chain Solvent Accessibility in wild-type,gnomAD genome allele frequency,gnomAD exome allele frequency,REVEL score,Mutation sources,PTMs,is site part of phospho-SLiM,PTM residue SASA (%),"Change in stability with PTM (FoldX5, kcal/mol)","Change in binding with PTM (FoldX5, kcal/mol)","Change in binding with mutation (FoldX5, kcal/mol)",PTM effect in regulation,PTM effect in stability,PTM effect in function,AlloSigma2 mutation type,AlloSigma2 predicted consequence - active sites,AlloSigma2 predicted consequence - cofactor sites,AlloSigma2 predicted consequence - pockets and interfaces,ClinVar Variation ID,ClinVar Interpretation,ClinVar Review Status,AlphaFold2 model pLDDT score,AlphaFold2 model secondary structure,DeMaSk delta fitness,DeMaSk Shannon entropy,DeMaSk log2 variant frequency,DeMaSk predicted consequence,GEMME Score,EVE score,EVE classification (25% Uncertain),AlphaMissense pathogenicity score,AlphaMissense classification,References
P37H,-0.23095,0.66429,0.0891069862571153,Neutral,Neutral,107.8,,,0.097,cBioPortal,,False,107.8,,,,neutral,neutral,neutral,UP,neutral,neutral,neutral,,,,55.92,H,-0.1303,2.5104,-21.2302,loss_of_function,-1.5056864320946,0.7627457268069824,Pathogenic,0.1695,benign,https://doi.org/10.1101/2022.10.22.513328
P37L,-0.30421,0.31837,-0.2707774927930373,Neutral,Neutral,107.8,,0.0000039765226105,0.103,"cBioPortal,COSMIC",,False,107.8,,,,neutral,neutral,neutral,UP,neutral,neutral,neutral,,,,55.92,H,-0.0555,2.5104,-4.6206,loss_of_function,-0.711921361093791,0.6951051825143031,Pathogenic,0.1099,benign,https://doi.org/10.1101/2022.10.22.513328
P37S,-0.36566,0.53946,-0.0206334480395087,Neutral,Neutral,107.8,,,,mutations_clinvar,,False,107.8,,,,neutral,neutral,neutral,DOWN,neutral,neutral,neutral,1363629,Uncertain significance,2,55.92,H,-0.0065,2.5104,-4.6206,loss_of_function,-0.980259504320809,0.6324922866443351,Uncertain,0.128,benign,https://doi.org/10.1101/2022.10.22.513328
E38A,0.99188,0.3432,0.5610022642608156,Neutral,Neutral,103.4,,,,mutations_clinvar,,False,103.4,,,,neutral,neutral,neutral,DOWN,neutral,neutral,neutral,2062074,Uncertain significance,1,52.27,H,-0.0767,1.8629,-8.0222,loss_of_function,-1.743186983513,0.7348273486301511,Pathogenic,0.1292,benign,https://doi.org/10.1101/2022.10.22.513328
E38K,1.29819,0.4585,0.3134209615254163,Neutral,Neutral,103.4,,,0.060,"cBioPortal,COSMIC",,False,103.4,,,,neutral,neutral,neutral,UP,neutral,neutral,neutral,,,,52.27,H,-0.0817,1.8629,-4.7004,loss_of_function,-1.39667476807332,0.4688545483860714,Uncertain,0.1075,benign,https://doi.org/10.1101/2022.10.22.513328
R39K,-0.34156,-0.4602,0.3034003508043553,Neutral,Neutral,96.7,0.0001593371574251,0.0000636228437821,0.052,"cBioPortal,mutations_clinvar",,False,96.7,,,,neutral,neutral,neutral,-,uncertain,uncertain,uncertain,649037,Conflicting interpretations of pathogenicity,1,51.27,H,0.0101,2.4702,-5.9943,gain_of_function,-0.405486873583352,0.0745144806475733,Benign,0.0972,benign,https://doi.org/10.1101/2022.10.22.513328
R39T,0.60919,-0.31463,0.3672288307695737,Neutral,Neutral,96.7,,,,mutations_clinvar,,False,96.7,,,,neutral,neutral,neutral,DOWN,neutral,neutral,neutral,1330115,Uncertain significance,2,51.27,H,-0.0927,2.4702,-3.6724,loss_of_function,-0.252414810933664,0.0116500699077182,Benign,0.0851,benign,https://doi.org/10.1101/2022.10.22.513328
A40E,-0.32853,0.01701,-0.5127103152274209,Neutral,Neutral,78.4,,,0.031,"cBioPortal,COSMIC",,False,78.4,,,,neutral,neutral,neutral,UP,neutral,neutral,stabilizing,,,,52.76,H,-0.0735,2.4794,-1.4113,loss_of_function,-0.282801196645452,6.799475952024231e-19,Benign,0.0954,benign,https://doi.org/10.1101/2022.10.22.513328
A40V,0.24753,-0.12993,-0.2890226527319406,Neutral,Neutral,78.4,,,,mutations_clinvar,,False,78.4,,,,neutral,neutral,neutral,UP,neutral,neutral,stabilizing,1019206,Uncertain significance,2,52.76,H,0.0078,2.4794,-5.0112,gain_of_function,-1.26275503409751,9.33033719875577e-05,Benign,0.1061,benign,https://doi.org/10.1101/2022.10.22.513328
Q41E,0.2014,-0.36633,-0.4238776443935121,Neutral,Neutral,88.1,,,,mutations_clinvar,,False,88.1,,,,neutral,neutral,neutral,DOWN,neutral,neutral,neutral,1005195,Uncertain significance,1,57.19,H,-0.0226,2.047,-3.8019,loss_of_function,-0.501396283179829,0.0170911929469211,Benign,0.0769,benign,https://doi.org/10.1101/2022.10.22.513328
K44M,-0.40931,0.17925,-0.2733713102840945,Neutral,Neutral,88.7,,,0.104,cBioPortal,,False,88.7,,,,neutral,neutral,neutral,DOWN,neutral,neutral,neutral,,,,58.46,H,-0.1653,1.7702,-21.3805,loss_of_function,-2.89722004627692,0.4393392429652175,Uncertain,0.3284,benign,https://doi.org/10.1101/2022.10.22.513328
E45K,0.12071,0.65986,0.2837529837352665,Neutral,Neutral,66.5,,,,mutations_clinvar,,False,66.5,,,,neutral,neutral,neutral,UP,neutral,neutral,stabilizing,408182,Uncertain significance,1,58.16,H,-0.0916,1.7777,-5.0927,loss_of_function,-1.40298622214829,0.2854554685884987,Benign,0.144,benign,https://doi.org/10.1101/2022.10.22.513328
E45Q,-0.06668,0.73946,0.3862342841916821,Neutral,Neutral,66.5,,,0.038,"cBioPortal,COSMIC",,False,66.5,,,,neutral,neutral,neutral,UP,neutral,neutral,stabilizing,,,,58.16,H,-0.0421,1.7777,-5.0927,loss_of_function,-0.877485169296811,0.0002362292588743,Benign,0.1218,benign,https://doi.org/10.1101/2022.10.22.513328
E45V,0.3347,0.31633,-0.007105228206814,Neutral,Neutral,66.5,,,0.103,cBioPortal,,False,66.5,,,,neutral,neutral,neutral,-,uncertain,uncertain,uncertain,,,,58.16,H,-0.093,1.7777,-7.0927,loss_of_function,-2.07131427305303,0.3480688339600973,Uncertain,0.1756,benign,https://doi.org/10.1101/2022.10.22.513328
S46L,-0.80216,-0.56735,-1.09438601743285,Neutral,Neutral,64.7,,,0.122,"COSMIC,mutations_clinvar",,True,64.7,,,,uncertain,,,UP,neutral,neutral,stabilizing,862113,Uncertain significance,1,54.6,H,-0.2169,1.4849,-21.3805,loss_of_function,-4.06714174567655,0.9121073993817458,Pathogenic,0.2031,benign,https://doi.org/10.1101/2022.10.22.513328
S46P,4.04647,8.23061,6.448493872500297,Destabilizing,Destabilizing,64.7,,,0.157,"cBioPortal,mutations_clinvar",,True,64.7,,,,uncertain,,,UP,neutral,neutral,stabilizing,1377941,Uncertain significance,1,54.6,H,-0.2251,1.4849,-8.0926,loss_of_function,-4.06714174567655,0.9022154901083668,Pathogenic,0.5459,ambiguous,https://doi.org/10.1101/2022.10.22.513328
A47P,4.31839,9.15578,7.270052689833914,Destabilizing,Destabilizing,65.3,,,0.278,cBioPortal,,True,65.3,,,,neutral,neutral,neutral,UP,neutral,neutral,stabilizing,,,,52.31,H,-0.3843,0.7971,-21.3805,loss_of_function,-4.58952692402032,0.9168595697617828,Pathogenic,0.836,pathogenic,https://doi.org/10.1101/2022.10.22.513328
A47T,0.0901,-0.31395,0.31066405933733,Neutral,Neutral,65.3,,,,mutations_clinvar,,True,65.3,,,,neutral,neutral,neutral,UP,neutral,neutral,stabilizing,645049,Uncertain significance,1,52.31,H,-0.1525,0.7971,-5.5078,loss_of_function,-1.49256019415502,0.8343202416410098,Pathogenic,0.1979,benign,https://doi.org/10.1101/2022.10.22.513328
A47V,0.56615,-0.43571,-0.0893290025601084,Neutral,Neutral,65.3,,,0.153,"cBioPortal,COSMIC",,True,65.3,,,,neutral,neutral,neutral,UP,neutral,neutral,stabilizing,,,,52.31,H,-0.1423,0.7971,-4.0928,loss_of_function,-2.32515210905744,0.4948511947185767,Uncertain,0.2301,benign,https://doi.org/10.1101/2022.10.22.513328
V48A,0.10519,0.71497,0.6064375929397559,Neutral,Neutral,53.5,,,0.074,cBioPortal,,True,53.5,,,,neutral,neutral,neutral,DOWN,neutral,neutral,neutral,,,,54.61,H,-0.1051,1.7443,-5.5078,loss_of_function,-1.32964238261252,0.8249241459677901,Pathogenic,0.2764,benign,https://doi.org/10.1101/2022.10.22.513328
V48E,0.13869,0.22381,0.3656933332376644,Neutral,Neutral,53.5,,,0.195,cBioPortal,,True,53.5,,,,neutral,neutral,neutral,-,uncertain,uncertain,uncertain,,,,54.61,H,-0.31,1.7443,-21.3805,loss_of_function,-3.52468078016623,0.9034623004239436,Pathogenic,0.3931,ambiguous,https://doi.org/10.1101/2022.10.22.513328
V48M,-0.73465,0.11837,0.0833684049893418,Neutral,Neutral,53.5,,,0.030,cBioPortal,,True,53.5,,,,neutral,neutral,neutral,UP,neutral,neutral,stabilizing,,,,54.61,H,-0.1148,1.7443,-5.5078,loss_of_function,-0.65501582764052,0.7332778166790854,Pathogenic,0.1738,benign,https://doi.org/10.1101/2022.10.22.513328
R49C,1.09756,1.2017,1.18532951617863,Neutral,Neutral,82.3,,,0.043,cBioPortal,,True,82.3,,,,neutral,neutral,neutral,DOWN,neutral,neutral,neutral,,,,50.87,H,-0.1371,2.1883,-6.5078,loss_of_function,-1.38517611253281,0.0530942108190662,Benign,0.0933,benign,https://doi.org/10.1101/2022.10.22.513328
R49G,1.25666,1.69286,1.114477733859585,Neutral,Neutral,82.3,,,,mutations_clinvar,,True,82.3,,,,neutral,neutral,neutral,DOWN,neutral,neutral,neutral,568962,Uncertain significance,1,50.87,H,-0.2395,2.1883,-21.3805,loss_of_function,-2.70954531377456,0.3060702479147253,Benign,0.1355,benign,https://doi.org/10.1101/2022.10.22.513328
R49H,0.63099,0.23605,0.1789607193501652,Neutral,Neutral,82.3,,,,mutations_clinvar,,True,82.3,,,,neutral,neutral,neutral,DOWN,neutral,neutral,neutral,2047287,Uncertain significance,1,50.87,H,-0.081,2.1883,-3.1859,loss_of_function,-0.341137780825324,8.692541929038128e-08,Benign,0.0754,benign,https://doi.org/10.1101/2022.10.22.513328
R49S,0.39308,1.03571,0.6444725353221283,Neutral,Neutral,82.3,,,,mutations_clinvar,,True,82.3,,,,neutral,neutral,neutral,DOWN,neutral,neutral,neutral,2057084,Uncertain significance,1,50.87,H,-0.1237,2.1883,-5.5078,loss_of_function,-1.38107968252069,0.0423047950370705,Benign,0.2262,benign,https://doi.org/10.1101/2022.10.22.513328
L50P,4.48887,9.06395,6.257174758993789,Destabilizing,Destabilizing,79.0,,,,mutations_clinvar,,True,79.0,,,,neutral,neutral,neutral,DOWN,neutral,neutral,neutral,1519881,Uncertain significance,1,48.39,H,-0.4602,0.4165,-21.3805,loss_of_function,-4.63502384282465,0.9186796330910548,Pathogenic,0.8406,pathogenic,https://doi.org/10.1101/2022.10.22.513328
L51M,-0.11328,1.23435,0.4630959349765717,Neutral,Neutral,47.2,,,0.187,"cBioPortal,COSMIC",,True,47.2,,,,neutral,neutral,neutral,-,uncertain,uncertain,uncertain,,,,49.02,H,-0.1945,0.49,-7.0927,loss_of_function,-1.66623781170103,0.9061280074655284,Pathogenic,0.3125,benign,https://doi.org/10.1101/2022.10.22.513328
L51P,4.40653,8.84626,6.801999754283661,Destabilizing,Destabilizing,47.2,,,0.494,cBioPortal,,True,47.2,,,,neutral,neutral,neutral,DOWN,neutral,neutral,neutral,,,,49.02,H,-0.4534,0.49,-21.3805,loss_of_function,-4.71573777435121,0.9090276112416198,Pathogenic,0.8154,pathogenic,https://doi.org/10.1101/2022.10.22.513328
L51V,1.2947,1.03707,0.376148720889915,Neutral,Neutral,47.2,,,,mutations_clinvar,,True,47.2,,,,neutral,neutral,neutral,DOWN,neutral,neutral,neutral,1692202,Uncertain significance,1,49.02,H,-0.1994,0.49,-5.5078,loss_of_function,-1.39231262234928,0.908101546573808,Pathogenic,0.2622,benign,https://doi.org/10.1101/2022.10.22.513328
R52L,-0.16955,-0.67653,-0.3969238769230354,Neutral,Neutral,85.0,,,0.183,"cBioPortal,COSMIC",,True,85.0,,,,neutral,neutral,neutral,DOWN,neutral,neutral,neutral,,,,48.59,H,-0.1892,2.377,-21.3805,loss_of_function,-2.73517250987886,0.8485522229385418,Pathogenic,0.2115,benign,https://doi.org/10.1101/2022.10.22.513328
R52P,4.17318,5.50306,5.554458683222118,Destabilizing,Destabilizing,85.0,,,0.206,"cBioPortal,COSMIC",,True,85.0,,,,neutral,neutral,neutral,DOWN,neutral,neutral,neutral,,,,48.59,H,-0.3288,2.377,-21.3805,loss_of_function,-3.22718402653688,0.8892974640022293,Pathogenic,0.6905,pathogenic,https://doi.org/10.1101/2022.10.22.513328
R52Q,0.22284,0.3398,0.391536818335233,Neutral,Neutral,85.0,,,0.122,"cBioPortal,COSMIC,mutations_clinvar",,True,85.0,,,,neutral,neutral,neutral,DOWN,neutral,neutral,neutral,2144422,Uncertain significance,1,48.59,H,-0.1615,2.377,-21.3805,loss_of_function,-1.37975070368662,0.8505682091045003,Pathogenic,0.1016,benign,https://doi.org/10.1101/2022.10.22.513328
S53R,0.16429,-0.3568,-0.7459469232770011,Neutral,Neutral,64.8,0.0002547932989362,0.0000636198080272,0.022,"COSMIC,FANCA_icope_sentieon_input,mutations_clinvar",,True,64.8,,,,uncertain,,,UP,neutral,neutral,neutral,237036,Conflicting interpretations of pathogenicity,1,46.96,H,-0.0396,2.4805,-1.3732,loss_of_function,-0.109260103380314,4.727964023567018e-10,Benign,0.1434,benign,https://doi.org/10.1101/2022.10.22.513328
S53T,0.64373,-0.38197,-0.0797349724648099,Neutral,Neutral,64.8,,,,mutations_clinvar,,True,64.8,,,,neutral,,,UP,neutral,neutral,neutral,1392311,Uncertain significance,1,46.96,H,-0.0385,2.4805,-21.3752,loss_of_function,-1.23837642754082,0.6720806483868991,Uncertain,0.1181,benign,https://doi.org/10.1101/2022.10.22.513328
H54Y,0.2579,-0.18367,0.0810323381983951,Neutral,Neutral,87.0,,,,mutations_clinvar,,True,87.0,,,,neutral,neutral,neutral,UP,neutral,neutral,neutral,965975,Uncertain significance,1,38.21,H,-0.1615,1.1195,-21.3805,loss_of_function,-0.933030715760114,0.8785605905308602,Pathogenic,0.1837,benign,https://doi.org/10.1101/2022.10.22.513328
D56N,2.12029,0.51327,0.4047821903242454,Uncertain,Uncertain,83.3,,0.0000039762380017,0.028,"COSMIC,mutations_clinvar",,True,83.3,,,,neutral,neutral,neutral,-,uncertain,uncertain,uncertain,1023187,Uncertain significance,1,44.51,-,-0.0906,1.2366,-0.4929,loss_of_function,-0.455537072408155,3.076518270554815e-14,Benign,0.1179,benign,https://doi.org/10.1101/2022.10.22.513328
N58D,0.76394,0.41599,-0.2025094553332884,Neutral,Neutral,92.9,,,0.032,cBioPortal,,False,92.9,,,,neutral,neutral,neutral,-,uncertain,uncertain,uncertain,,,,44.68,H,0.0295,2.8975,-3.628,gain_of_function,-0.168586897098856,3.523369183180072e-06,Benign,0.0854,benign,https://doi.org/10.1101/2022.10.22.513328
N58S,0.21144,0.28027,-0.0673819266882702,Neutral,Neutral,92.9,,,0.036,cBioPortal,,False,92.9,,,,neutral,neutral,neutral,DOWN,neutral,neutral,neutral,,,,44.68,H,0.0713,2.8975,-1.9582,gain_of_function,-0.0526120085635022,1.808588126031023e-08,Benign,0.0626,benign,https://doi.org/10.1101/2022.10.22.513328
L60F,-1.27573,1.15986,0.2071768887433184,Neutral,Neutral,45.1,,,,mutations_clinvar,,True,45.1,,,,neutral,neutral,neutral,UP,neutral,neutral,stabilizing,408202,Uncertain significance,1,40.38,H,-0.2342,0.3623,-5.4918,loss_of_function,-2.71018950897143,0.8689283797385854,Pathogenic,0.2448,benign,https://doi.org/10.1101/2022.10.22.513328
L60I,0.75843,1.69694,0.6503871146864278,Neutral,Neutral,45.1,,,0.169,cBioPortal,,True,45.1,,,,neutral,neutral,neutral,-,uncertain,uncertain,uncertain,,,,40.38,H,-0.1778,0.3623,-6.0768,loss_of_function,-3.00949461816533,0.909952069358252,Pathogenic,0.1917,benign,https://doi.org/10.1101/2022.10.22.513328
L61W,0.17677,5.72211,0.8759622845509357,Uncertain,Neutral,34.4,,0.0000119290934684,0.261,cBioPortal,,True,34.4,,,,neutral,neutral,neutral,UP,neutral,neutral,neutral,,,,39.25,H,-0.3562,0.9942,-21.3645,loss_of_function,-2.4271060073957,0.8930514563729605,Pathogenic,0.2609,benign,https://doi.org/10.1101/2022.10.22.513328
L62V,0.56285,0.56905,0.3908332454947405,Neutral,Neutral,77.0,,,,mutations_clinvar,,True,77.0,,,,neutral,neutral,neutral,DOWN,neutral,neutral,neutral,1473316,Uncertain significance,1,47.49,H,-0.1325,1.2306,-5.7549,loss_of_function,-0.653899833489088,0.8923993621654723,Pathogenic,0.1082,benign,https://doi.org/10.1101/2022.10.22.513328
E63A,-0.00492,0.04864,0.1758339991289081,Neutral,Neutral,94.0,,,,mutations_clinvar,,True,94.0,,,,neutral,neutral,neutral,DOWN,neutral,neutral,neutral,1506493,Uncertain significance,1,42.36,H,-0.3129,0.0354,-21.3645,loss_of_function,-4.94499183246621,0.8946291628873229,Pathogenic,0.6389,pathogenic,https://doi.org/10.1101/2022.10.22.513328
E63K,-0.96147,0.02211,-0.0326079858418759,Neutral,Neutral,94.0,,,0.211,cBioPortal,,True,94.0,,,,neutral,neutral,neutral,UP,neutral,neutral,stabilizing,,,,42.36,H,-0.3349,0.0354,-21.3645,loss_of_function,-4.94499183246621,0.918837624973576,Pathogenic,0.7339,pathogenic,https://doi.org/10.1101/2022.10.22.513328
E63Q,-0.36356,-0.07109,0.1065472131263534,Neutral,Neutral,94.0,,,0.148,"cBioPortal,COSMIC",,True,94.0,,,,neutral,neutral,neutral,UP,neutral,neutral,stabilizing,,,,42.36,H,-0.2176,0.0354,-8.0767,loss_of_function,-1.06264195655504,0.9180845180886004,Pathogenic,0.5119,ambiguous,https://doi.org/10.1101/2022.10.22.513328
E65D,0.43532,0.57449,0.7259016122186887,Neutral,Neutral,40.2,,,,mutations_clinvar,,True,40.2,,,,neutral,neutral,neutral,DOWN,neutral,neutral,neutral,1037351,Uncertain significance,1,34.53,-,-0.0215,1.8582,-3.8413,loss_of_function,-0.479437116299866,0.3669224508140542,Uncertain,0.147,benign,https://doi.org/10.1101/2022.10.22.513328
G66C,0.19518,1.7102,0.5206838203725047,Neutral,Neutral,100.1,,0.0000238652092979,0.096,"cBioPortal,COSMIC,mutations_clinvar",,False,100.1,,,,neutral,neutral,neutral,UP,neutral,neutral,neutral,2084803,Uncertain significance,2,35.68,-,-0.2204,2.3704,-21.2707,loss_of_function,-2.37629206932617,0.772745221799015,Pathogenic,0.2007,benign,https://doi.org/10.1101/2022.10.22.513328
G66R,-0.66639,0.44762,-0.588955246824564,Neutral,Neutral,100.1,,,,mutations_clinvar,,False,100.1,,,,neutral,neutral,neutral,UP,neutral,neutral,neutral,2445411,Benign,1,35.68,-,-0.2372,2.3704,-21.2707,loss_of_function,-2.15316594154185,0.3708764008083001,Uncertain,0.3142,benign,https://doi.org/10.1101/2022.10.22.513328
P67Q,-0.14667,1.28095,-0.1978372886731877,Neutral,Neutral,100.2,0.0001592965464509,0.0000596615994082,0.061,"COSMIC,mutations_clinvar",,False,100.2,,,,neutral,neutral,neutral,UP,neutral,neutral,neutral,638958,Conflicting interpretations of pathogenicity,1,39.69,T,-0.0846,2.1022,-6.9483,loss_of_function,-1.47421513120825,0.8533160366227489,Pathogenic,0.1154,benign,https://doi.org/10.1101/2022.10.22.513328
P67T,0.18252,1.91429,-0.2239931766074859,Neutral,Neutral,100.2,,,,mutations_clinvar,,False,100.2,,,,neutral,neutral,neutral,-,uncertain,uncertain,uncertain,1343432,Uncertain significance,1,39.69,T,-0.0588,2.1022,-5.141,loss_of_function,-0.501486434746044,0.0851784917699546,Benign,0.087,benign,https://doi.org/10.1101/2022.10.22.513328
K70N,-0.23158,0.22381,0.0185388610419551,Neutral,Neutral,102.9,,,0.032,"cBioPortal,COSMIC",,False,102.9,,,,neutral,neutral,neutral,DOWN,neutral,neutral,neutral,,,,36.01,-,-0.0518,2.1681,-4.7142,loss_of_function,-0.312216344624022,,,0.2747,benign,https://doi.org/10.1101/2022.10.22.513328
K70R,0.03751,0.38912,-0.1964941984899504,Neutral,Neutral,102.9,,,,mutations_clinvar,,False,102.9,,,,neutral,neutral,neutral,-,uncertain,uncertain,uncertain,456092,Uncertain significance,1,36.01,-,0.0358,2.1681,-4.1293,gain_of_function,-0.828949742485436,,,0.0777,benign,https://doi.org/10.1101/2022.10.22.513328
K71N,0.30756,0.79184,0.213687833964255,Neutral,Neutral,79.4,,,0.089,"COSMIC,mutations_clinvar",,False,79.4,,,,neutral,neutral,neutral,DOWN,neutral,neutral,neutral,966519,Uncertain significance,1,40.78,-,-0.0155,2.5622,-4.7074,loss_of_function,-0.266138102094713,,,0.1642,benign,https://doi.org/10.1101/2022.10.22.513328
K71Q,0.14119,0.3119,0.1331442794088544,Neutral,Neutral,79.4,,,0.026,COSMIC,,False,79.4,,,,neutral,neutral,neutral,DOWN,neutral,neutral,neutral,,,,40.78,-,0.0099,2.5622,-3.4594,gain_of_function,-0.0811822961512602,,,0.0883,benign,https://doi.org/10.1101/2022.10.22.513328
L72F,0.59991,3.89558,0.1190675935349799,Uncertain,Neutral,56.8,,0.0000039769337841,0.138,cBioPortal,,False,56.8,,,,neutral,neutral,neutral,UP,neutral,neutral,neutral,,,,41.36,-,-0.0722,2.1899,-6.7004,loss_of_function,-1.36377925606547,,,0.1014,benign,https://doi.org/10.1101/2022.10.22.513328
L72M,-0.66733,1.70136,0.6987323781912241,Neutral,Neutral,56.8,,,0.105,"cBioPortal,COSMIC",,False,56.8,,,,neutral,neutral,neutral,-,uncertain,uncertain,uncertain,,,,41.36,-,-0.0294,2.1899,-5.3785,loss_of_function,-0.75546828068249,,,0.1093,benign,https://doi.org/10.1101/2022.10.22.513328
S73F,0.02208,-0.10476,-0.5920051834127887,Neutral,Neutral,48.2,,,,mutations_clinvar,,False,48.2,,,,uncertain,,,UP,neutral,neutral,neutral,1902253,Uncertain significance,1,47.41,-,-0.0191,2.7991,-6.1898,loss_of_function,-0.597146965205823,,,0.1123,benign,https://doi.org/10.1101/2022.10.22.513328
L74F,-0.19031,1.20442,0.983282314439598,Neutral,Neutral,13.8,,,0.084,cBioPortal,,False,13.8,,,,neutral,neutral,neutral,UP,neutral,neutral,neutral,,,,47.93,T,-0.0573,2.244,-4.7682,loss_of_function,-0.906554865313546,,,0.0956,benign,https://doi.org/10.1101/2022.10.22.513328
L74V,2.30541,1.21054,2.0233964704308915,Uncertain,Uncertain,13.8,,,,mutations_clinvar,,False,13.8,,,,neutral,neutral,neutral,DOWN,neutral,neutral,neutral,1336856,Uncertain significance,2,47.93,T,-0.0364,2.244,-5.1832,loss_of_function,-0.983197127935151,,,0.091,benign,https://doi.org/10.1101/2022.10.22.513328
S75G,0.02004,1.19422,0.669383904237762,Neutral,Neutral,69.0,,,0.014,cBioPortal,,False,69.0,,,,uncertain,,,DOWN,neutral,neutral,neutral,,,,50.69,H,0.0539,2.6972,-3.5484,gain_of_function,-0.347068471550183,,,0.0658,benign,https://doi.org/10.1101/2022.10.22.513328
S75I,-0.72179,0.57007,-0.6998018238812931,Neutral,Neutral,69.0,,,0.069,"cBioPortal,COSMIC",,False,69.0,,,,uncertain,,,UP,neutral,neutral,neutral,,,,50.69,H,-0.108,2.6972,-21.1581,loss_of_function,-0.809423124658231,,,0.1528,benign,https://doi.org/10.1101/2022.10.22.513328
K76E,-0.15425,0.52755,-0.2187799508873722,Neutral,Neutral,89.7,,,,mutations_clinvar,,False,89.7,,,,neutral,neutral,neutral,DOWN,neutral,neutral,neutral,1388546,Uncertain significance,1,50.12,H,0.0187,2.9536,-3.7577,gain_of_function,-0.347682344152195,8.068764962257209e-06,Benign,0.0733,benign,https://doi.org/10.1101/2022.10.22.513328
K76R,0.1983,-0.49048,-0.1040885225232451,Neutral,Neutral,89.7,,0.0000039767440011,0.013,"cBioPortal,mutations_clinvar",,False,89.7,,,,neutral,neutral,neutral,-,uncertain,uncertain,uncertain,2285715,Uncertain significance,1,50.12,H,0.1126,2.9536,-3.2507,gain_of_function,-0.242573376759943,4.10499915160433e-07,Benign,0.0748,benign,https://doi.org/10.1101/2022.10.22.513328
D79A,-0.10578,1.17415,0.2017518223222619,Neutral,Neutral,66.7,,,0.085,cBioPortal,,False,66.7,,,,neutral,neutral,neutral,DOWN,neutral,neutral,neutral,,,,51.52,T,-0.0419,2.4005,-5.4094,loss_of_function,-1.87389942317907,0.1130828468707308,Benign,0.1177,benign,https://doi.org/10.1101/2022.10.22.513328
D79N,-0.81579,0.43503,-0.1350138928411148,Neutral,Neutral,66.7,,,0.145,cBioPortal,,False,66.7,,,,neutral,neutral,neutral,-,uncertain,uncertain,uncertain,,,,51.52,T,-0.0049,2.4005,-4.6724,loss_of_function,-1.01917525517967,0.6755766698627798,Uncertain,0.1,benign,https://doi.org/10.1101/2022.10.22.513328
D79V,0.19735,0.62823,0.2510592790486676,Neutral,Neutral,66.7,,,0.133,"cBioPortal,COSMIC",,False,66.7,,,,neutral,neutral,neutral,UP,neutral,neutral,neutral,,,,51.52,T,-0.0869,2.4005,-4.9943,loss_of_function,-1.30364848534465,0.4278764361869282,Uncertain,0.1533,benign,https://doi.org/10.1101/2022.10.22.513328
D79Y,0.17323,0.41122,0.215319235319184,Neutral,Neutral,66.7,,0.0000039768705210,0.281,cBioPortal,,False,66.7,,,,neutral,neutral,neutral,UP,neutral,neutral,neutral,,,,51.52,T,-0.1679,2.4005,-21.2821,loss_of_function,-3.0022640025637,0.886556042472294,Pathogenic,0.1332,benign,https://doi.org/10.1101/2022.10.22.513328
C80Y,-0.38606,-0.87721,-0.4000980279349964,Neutral,Neutral,73.5,,,0.113,"cBioPortal,mutations_clinvar",,False,73.5,,,,neutral,neutral,neutral,UP,neutral,neutral,neutral,1419959,Uncertain significance,1,44.72,-,-0.1022,3.2818,-4.273,loss_of_function,-0.411218130223777,0.00635189001973,Benign,0.0848,benign,https://doi.org/10.1101/2022.10.22.513328
D81N,0.19337,0.34184,-0.0365978240701808,Neutral,Neutral,110.7,,,0.016,"cBioPortal,COSMIC",,False,110.7,,,,neutral,neutral,neutral,-,uncertain,uncertain,uncertain,,,,41.4,-,-0.0002,2.454,-4.7188,loss_of_function,-0.253124871367429,,,0.0851,benign,https://doi.org/10.1101/2022.10.22.513328
S82N,-0.30089,-0.58741,-0.0081963735371887,Neutral,Neutral,73.7,,,0.045,"cBioPortal,mutations_clinvar",,False,73.7,,,,uncertain,,,UP,neutral,neutral,neutral,2199773,Uncertain significance,2,38.27,-,0.0107,2.4368,-4.7549,gain_of_function,-0.254953675917873,,,0.0996,benign,https://doi.org/10.1101/2022.10.22.513328
S82R,-0.73588,-0.25544,-0.1870376096768966,Neutral,Neutral,73.7,,,0.128,COSMIC,,False,73.7,,,,uncertain,,,UP,neutral,neutral,neutral,,,,38.27,-,-0.0628,2.4368,-5.1174,loss_of_function,-0.647908434496545,,,0.184,benign,https://doi.org/10.1101/2022.10.22.513328
S82T,-0.05235,-0.57551,0.1760917260173911,Neutral,Neutral,73.7,,,,mutations_clinvar,,False,73.7,,,,neutral,,,UP,neutral,neutral,neutral,575913,Uncertain significance,1,38.27,-,0.0312,2.4368,-6.9248,gain_of_function,-0.912671674967369,,,0.0892,benign,https://doi.org/10.1101/2022.10.22.513328
E84G,1.35959,0.37789,0.3714249343260195,Neutral,Neutral,112.3,,,0.018,cBioPortal,,False,112.3,,,,neutral,neutral,neutral,DOWN,neutral,neutral,neutral,,,,48.03,T,-0.0528,2.1565,-3.5907,loss_of_function,-0.690981387763881,0.0213194032179081,Benign,0.0921,benign,https://doi.org/10.1101/2022.10.22.513328
E84K,0.41808,0.01973,-0.0455990826022179,Neutral,Neutral,112.3,,,0.027,"cBioPortal,COSMIC",,False,112.3,,,,neutral,neutral,neutral,UP,neutral,neutral,neutral,,,,48.03,T,-0.0538,2.1565,-4.5236,loss_of_function,-0.923403288355661,0.0096190507840643,Benign,0.0808,benign,https://doi.org/10.1101/2022.10.22.513328
A85G,0.46074,0.93673,0.4623300917231787,Neutral,Neutral,96.9,,,,mutations_clinvar,,False,96.9,,,,neutral,neutral,neutral,DOWN,neutral,neutral,neutral,1926640,Uncertain significance,1,44.53,T,0.0064,2.7348,-4.8188,gain_of_function,-0.878961918849012,0.0843399190454134,Benign,0.091,benign,https://doi.org/10.1101/2022.10.22.513328
A85T,0.56209,-0.10068,-0.1135019463959557,Neutral,Neutral,96.9,,,,mutations_clinvar,,False,96.9,,,,neutral,neutral,neutral,UP,neutral,neutral,neutral,1414440,Uncertain significance,1,44.53,T,0.0293,2.7348,-4.8188,gain_of_function,-0.381301240603166,0.0171906578239894,Benign,0.0732,benign,https://doi.org/10.1101/2022.10.22.513328
Y86C,0.12694,1.38095,1.1058888576065302,Neutral,Neutral,93.3,,,,mutations_clinvar,,True,93.3,,,,uncertain,,,DOWN,neutral,neutral,neutral,2085415,Uncertain significance,1,42.28,T,0.0148,3.6727,-2.7294,gain_of_function,0.0195036228808663,3.461456498601512e-11,Benign,0.0639,benign,https://doi.org/10.1101/2022.10.22.513328
A87G,0.49675,1.14252,1.54199880804789,Neutral,Neutral,64.8,,,,mutations_clinvar,,True,64.8,,,,neutral,neutral,neutral,DOWN,neutral,neutral,neutral,945755,Uncertain significance,2,48.36,H,0.0629,3.2832,-3.6356,gain_of_function,-0.488573658601514,2.4933549231208843e-05,Benign,0.0897,benign,https://doi.org/10.1101/2022.10.22.513328
N88Y,-0.41165,-0.37653,-0.3679167903704666,Neutral,Neutral,101.0,,,,mutations_clinvar,,True,101.0,,,,neutral,neutral,neutral,UP,neutral,neutral,neutral,971771,Uncertain significance,1,47.06,H,0.0026,3.2551,-7.9942,gain_of_function,-1.9392588377819,0.0103010053481913,Benign,0.1136,benign,https://doi.org/10.1101/2022.10.22.513328
H89Y,-0.60594,-0.30442,-0.2591839512629967,Neutral,Neutral,91.8,,,,mutations_clinvar,,True,91.8,,,,neutral,neutral,neutral,UP,neutral,neutral,neutral,456102,Likely benign,1,48.47,H,0.1189,3.4235,-7.9886,gain_of_function,-1.54238667277879,0.00456957491691,Benign,0.0801,benign,https://doi.org/10.1101/2022.10.22.513328
S90C,-1.01543,-0.17517,0.6870667158955975,Neutral,Neutral,47.1,,,,mutations_clinvar,,True,47.1,,,,uncertain,,,UP,neutral,neutral,neutral,2175306,Uncertain significance,1,55.92,H,-0.0564,2.0691,-5.7387,loss_of_function,-1.08880988198034,0.640385736766606,Uncertain,0.0979,benign,https://doi.org/10.1101/2022.10.22.513328
S90F,-1.38536,-1.28333,-0.903394974439798,Neutral,Neutral,47.1,,0.0000039776298099,0.123,cBioPortal,,True,47.1,,,,uncertain,,,UP,neutral,neutral,neutral,,,,55.92,H,-0.1636,2.0691,-21.3484,loss_of_function,-2.47651945966689,0.8706536482796745,Pathogenic,0.2134,benign,https://doi.org/10.1101/2022.10.22.513328
F93C,1.3064,2.19966,1.43063964455073,Uncertain,Neutral,81.8,,,0.244,COSMIC,,True,81.8,,,,neutral,neutral,neutral,DOWN,neutral,neutral,neutral,,,,61.79,H,-0.2723,1.529,-21.3699,loss_of_function,-2.69381109099555,0.7511512778711895,Pathogenic,0.352,ambiguous,https://doi.org/10.1101/2022.10.22.513328
F93L,0.2579,1.4,-0.0403219882278566,Neutral,Neutral,81.8,,,0.020,"cBioPortal,COSMIC",,True,81.8,,,,neutral,neutral,neutral,DOWN,neutral,neutral,neutral,,,,61.79,H,-0.11,1.529,-1.7246,loss_of_function,-0.590790036679473,7.803544884178254e-08,Benign,0.6337,pathogenic,https://doi.org/10.1101/2022.10.22.513328
I94T,3.20244,2.30952,2.7188481598147933,Uncertain,Uncertain,10.8,,,0.158,"cBioPortal,COSMIC",,False,10.8,,,,neutral,neutral,neutral,DOWN,neutral,neutral,neutral,,,,63.66,H,-0.1503,1.6074,-5.4918,loss_of_function,-1.39555238393711,0.5007392658760415,Uncertain,0.1345,benign,https://doi.org/10.1101/2022.10.22.513328
I94V,0.9998,0.28299,1.4577446429742893,Neutral,Neutral,10.8,,,,mutations_clinvar,,False,10.8,,,,neutral,neutral,neutral,DOWN,neutral,neutral,neutral,1941294,Uncertain significance,1,63.66,H,-0.0259,1.6074,-3.0768,loss_of_function,-0.477674413510839,0.0009547277697038,Benign,0.0996,benign,https://doi.org/10.1101/2022.10.22.513328
G95S,0.17345,-0.40918,1.3463808995492104,Neutral,Neutral,1.3,,0.0000039793709410,0.069,cBioPortal,,False,1.3,,,,neutral,neutral,neutral,UP,neutral,neutral,neutral,,,,64.28,H,-0.1332,2.0008,-8.0873,loss_of_function,-2.62656542039177,0.8252774926802118,Pathogenic,0.1725,benign,https://doi.org/10.1101/2022.10.22.513328
S96F,0.22836,0.00204,-0.6295135731697826,Neutral,Neutral,71.0,,,0.371,"cBioPortal,COSMIC",,False,71.0,,,,uncertain,,,UP,neutral,neutral,neutral,,,,66.41,H,-0.1726,1.238,-8.1188,loss_of_function,-2.48928981519025,0.905157840674296,Pathogenic,0.1929,benign,https://doi.org/10.1101/2022.10.22.513328
A97D,1.02901,3.09592,0.940129227143561,Uncertain,Neutral,22.4,,,0.242,"cBioPortal,COSMIC",,False,22.4,,,,neutral,neutral,neutral,UP,neutral,neutral,neutral,,,,66.1,H,-0.2425,1.9086,-21.4067,loss_of_function,-2.95960058106833,0.9191451878623031,Pathogenic,0.6022,pathogenic,https://doi.org/10.1101/2022.10.22.513328
L98F,-0.24918,1.37687,0.6310774403601321,Neutral,Neutral,2.1,,,,mutations_clinvar,,False,2.1,,,,neutral,neutral,neutral,UP,neutral,neutral,neutral,1358891,Uncertain significance,2,66.92,H,-0.1973,0.6747,-3.8967,loss_of_function,-1.59088533920949,0.0674218378751026,Benign,0.1719,benign,https://doi.org/10.1101/2022.10.22.513328
D100H,0.02225,-0.90238,-0.3552463425550878,Neutral,Neutral,78.6,,,0.137,"cBioPortal,COSMIC",,False,78.6,,,,neutral,neutral,neutral,UP,neutral,neutral,neutral,,,,66.64,H,-0.0909,1.9457,-4.9747,loss_of_function,-2.71016589080409,0.8952808071297554,Pathogenic,0.4894,ambiguous,https://doi.org/10.1101/2022.10.22.513328
D100N,0.02057,-0.85612,-0.0025301159620089,Neutral,Neutral,78.6,,,0.144,cBioPortal,,False,78.6,,,,neutral,neutral,neutral,-,uncertain,uncertain,uncertain,,,,66.64,H,-0.1322,1.9457,-21.4324,loss_of_function,-2.69100769458268,0.9043947311859232,Pathogenic,0.2561,benign,https://doi.org/10.1101/2022.10.22.513328
Q101E,0.55993,2.18061,0.4863855635227465,Uncertain,Neutral,40.9,,,,mutations_clinvar,,False,40.9,,,,neutral,neutral,neutral,DOWN,neutral,neutral,neutral,435125,Uncertain significance,2,68.52,H,-0.106,1.1454,-3.8967,loss_of_function,-0.466741970711664,0.0534310681338529,Benign,0.0828,benign,https://doi.org/10.1101/2022.10.22.513328
A102P,4.48343,13.10782,7.196941089940545,Destabilizing,Destabilizing,0.7,,,0.350,cBioPortal,,False,0.7,,,,neutral,neutral,neutral,UP,neutral,neutral,neutral,,,,71.08,H,-0.4143,0.474,-21.4324,loss_of_function,-4.90405266770534,0.9135865792128888,Pathogenic,0.9433,pathogenic,https://doi.org/10.1101/2022.10.22.513328
S103L,0.07981,-0.52551,-0.6518532638659286,Neutral,Neutral,77.9,0.0003183699458771,0.0000438236536178,0.069,"cBioPortal,mutations_clinvar",,False,77.9,,,,uncertain,,,UP,neutral,neutral,neutral,134277,Conflicting interpretations of pathogenicity,1,68.3,H,-0.0568,2.2085,-3.0521,loss_of_function,-0.826910970695498,0.0002836296340443,Benign,0.0794,benign,https://doi.org/10.1101/2022.10.22.513328
R104K,0.60243,-0.1898,0.2233822310176847,Neutral,Neutral,76.1,,,,mutations_clinvar,,False,76.1,,,,neutral,neutral,neutral,-,uncertain,uncertain,uncertain,1398482,Uncertain significance,1,65.85,H,-0.0187,2.0327,-3.7472,loss_of_function,-0.410299684379019,0.0526923786170071,Benign,0.1116,benign,https://doi.org/10.1101/2022.10.22.513328
R104M,-0.14558,-0.87891,0.092522797871169,Neutral,Neutral,76.1,,,0.129,cBioPortal,,False,76.1,,,,neutral,neutral,neutral,DOWN,neutral,neutral,neutral,,,,65.85,H,-0.1141,2.0327,-7.1395,loss_of_function,-1.24052796173248,0.4095914465068644,Uncertain,0.1844,benign,https://doi.org/10.1101/2022.10.22.513328
G106A,2.38545,0.62143,1.1440268611028082,Uncertain,Uncertain,102.7,,,,mutations_clinvar,,False,102.7,,,,neutral,neutral,neutral,UP,neutral,neutral,neutral,456110,Uncertain significance,2,69.89,T,-0.2274,0.8049,-6.1344,loss_of_function,-2.73497621145885,0.916769150119552,Pathogenic,0.3109,benign,https://doi.org/10.1101/2022.10.22.513328
G106W,2.17758,1.0602,0.6204402648646165,Uncertain,Uncertain,102.7,,,0.351,cBioPortal,,False,102.7,,,,neutral,neutral,neutral,UP,neutral,neutral,neutral,,,,69.89,T,-0.4031,0.8049,-21.4221,loss_of_function,-4.69227796224673,0.90455098801261,Pathogenic,0.6373,pathogenic,https://doi.org/10.1101/2022.10.22.513328
V107I,-0.75959,0.25578,-0.507857261505239,Neutral,Neutral,17.1,,,0.084,cBioPortal,,False,17.1,,,,neutral,neutral,neutral,UP,neutral,neutral,neutral,,,,73.86,-,-0.0971,1.0322,-3.7421,loss_of_function,-0.0236600518547864,0.0700878993260637,Benign,0.0739,benign,https://doi.org/10.1101/2022.10.22.513328
P108L,0.93166,1.47619,-0.5290692953938819,Neutral,Neutral,67.3,,,0.390,"cBioPortal,mutations_clinvar",,False,67.3,,,,neutral,neutral,neutral,UP,neutral,neutral,neutral,2180074,Uncertain significance,1,75.9,-,-0.3248,0.5157,-21.4273,loss_of_function,-4.43036022594206,0.9145584412051811,Pathogenic,0.3916,ambiguous,https://doi.org/10.1101/2022.10.22.513328
P108S,1.23084,1.78673,0.1720389762696944,Neutral,Neutral,67.3,,0.0000039836828351,0.339,"cBioPortal,COSMIC",,False,67.3,,,,neutral,neutral,neutral,DOWN,neutral,neutral,neutral,,,,75.9,-,-0.1867,0.5157,-3.9696,loss_of_function,-1.33798967349244,0.5215551166374727,Uncertain,0.2853,benign,https://doi.org/10.1101/2022.10.22.513328
V109M,-0.33701,1.7398,0.8520074329391571,Neutral,Neutral,25.7,,0.0000159340965766,0.169,"COSMIC,mutations_clinvar",,False,25.7,,,,neutral,neutral,neutral,UP,neutral,neutral,neutral,1389317,Uncertain significance,1,77.34,H,-0.1235,1.6849,-6.1446,loss_of_function,-1.49822912174472,0.9172695205023024,Pathogenic,0.1855,benign,https://doi.org/10.1101/2022.10.22.513328
G110C,-0.56027,-0.42143,-0.0512085213416541,Neutral,Neutral,26.2,,,0.142,COSMIC,,False,26.2,,,,neutral,neutral,neutral,UP,neutral,neutral,stabilizing,,,,78.09,H,-0.1968,1.8989,-8.1445,loss_of_function,-2.09979289394858,0.7378961424443997,Pathogenic,0.245,benign,https://doi.org/10.1101/2022.10.22.513328
G110S,0.03066,-0.66156,-0.4277458303117337,Neutral,Neutral,26.2,,,0.103,cBioPortal,,False,26.2,,,,neutral,neutral,neutral,UP,neutral,neutral,stabilizing,,,,78.09,H,-0.1286,1.8989,-5.3373,loss_of_function,-0.972561975245846,0.4906451253548131,Uncertain,0.1352,benign,https://doi.org/10.1101/2022.10.22.513328
L112F,-0.41169,2.31327,0.4339499467086849,Uncertain,Neutral,7.7,,0.0000079645735767,0.242,cBioPortal,,False,7.7,,,,neutral,neutral,neutral,UP,neutral,neutral,neutral,,,,74.76,H,-0.223,0.5017,-5.8227,loss_of_function,-2.81874301817202,0.9191876251984008,Pathogenic,0.1683,benign,https://doi.org/10.1101/2022.10.22.513328
S113L,-1.15833,1.6619,0.6282645130081823,Neutral,Neutral,0.0,6.36942675159e-05,0.0000119456235217,0.224,"cBioPortal,COSMIC,mutations_clinvar",,False,0.0,,,,uncertain,,,UP,neutral,neutral,neutral,961992,Uncertain significance,2,79.45,H,-0.1535,1.3526,-6.5647,loss_of_function,-2.55734526562452,0.8408105801041184,Pathogenic,0.1662,benign,https://doi.org/10.1101/2022.10.22.513328
G115E,0.0721,1.87925,0.7084569542564308,Neutral,Neutral,45.0,,,,mutations_clinvar,,False,45.0,,,,neutral,neutral,neutral,UP,neutral,neutral,neutral,862067,Uncertain significance,2,77.62,H,-0.1547,2.1994,-5.3424,loss_of_function,-1.64694203382327,4.10499915160433e-07,Benign,0.1023,benign,https://doi.org/10.1101/2022.10.22.513328
G115R,-1.06403,0.25306,-0.5523728870172029,Neutral,Neutral,45.0,,"0.0000039817793776, 0.0000238906762654","0.038, 0.039","cBioPortal,COSMIC,mutations_clinvar",,False,45.0,,,,neutral,neutral,neutral,UP,neutral,neutral,neutral,552870,Uncertain significance,2,77.62,H,-0.152,2.1994,-1.5059,loss_of_function,-0.0545905635054962,1.4970279958503372e-23,Benign,0.0922,benign,https://doi.org/10.1101/2022.10.22.513328
G115W,-2.93226,-0.36871,-1.2778732713570429,Uncertain,Uncertain,45.0,,,0.161,"cBioPortal,COSMIC",,False,45.0,,,,neutral,neutral,neutral,UP,neutral,neutral,neutral,,,,77.62,H,-0.2748,2.1994,-21.4375,loss_of_function,-2.05423155427167,5.410081024275101e-06,Benign,0.1827,benign,https://doi.org/10.1101/2022.10.22.513328
M116I,1.72437,2.04184,-0.2256997126323395,Uncertain,Neutral,27.3,,,0.063,cBioPortal,,False,27.3,,,,neutral,neutral,neutral,-,uncertain,uncertain,uncertain,,,,76.44,H,0.0212,2.7315,-4.8278,gain_of_function,-0.246689087108115,0.0030484728929819,Benign,0.2901,benign,https://doi.org/10.1101/2022.10.22.513328
A118G,1.73533,2.42959,2.1816125587134,Uncertain,Uncertain,0.5,,,,mutations_clinvar,,False,0.5,,,,neutral,neutral,neutral,DOWN,neutral,neutral,neutral,2084282,Uncertain significance,1,79.57,H,-0.0899,1.8726,-8.1547,loss_of_function,-3.67680274385746,0.9179572724627604,Pathogenic,0.2473,benign,https://doi.org/10.1101/2022.10.22.513328
A118V,2.09985,1.56905,0.5571871820131319,Uncertain,Uncertain,0.5,,,,mutations_clinvar,,False,0.5,,,,neutral,neutral,neutral,UP,neutral,neutral,neutral,649143,Uncertain significance,2,79.57,H,-0.0355,1.8726,-2.5401,loss_of_function,-0.685155318460943,0.4845976722100261,Uncertain,0.276,benign,https://doi.org/10.1101/2022.10.22.513328
S119C,0.39905,0.57687,0.6296754083070083,Neutral,Neutral,61.1,,0.0000437964341740,0.064,"cBioPortal,COSMIC,mutations_clinvar",,False,61.1,,,,uncertain,,,UP,neutral,neutral,neutral,321371,Conflicting interpretations of pathogenicity,1,77.39,H,0.0291,2.8749,-3.511,gain_of_function,-0.457873772214358,7.217778325235246e-06,Benign,0.0749,benign,https://doi.org/10.1101/2022.10.22.513328
S119F,-0.29771,-0.87381,-0.7285697283817955,Neutral,Neutral,61.1,,0.0000039814940158,0.112,"cBioPortal,COSMIC",,False,61.1,,,,uncertain,,,UP,neutral,neutral,neutral,,,,77.39,H,-0.0899,2.8749,-21.4425,loss_of_function,-2.66228204048524,0.7601926451304972,Pathogenic,0.1421,benign,https://doi.org/10.1101/2022.10.22.513328
S120G,1.18087,1.1466,0.2738479318107462,Neutral,Neutral,14.4,,,0.014,cBioPortal,,False,14.4,,,,uncertain,,,DOWN,neutral,neutral,neutral,,,,77.68,H,0.0446,2.5902,-3.4544,gain_of_function,-0.576796361788716,3.170114051276418e-06,Benign,0.073,benign,https://doi.org/10.1101/2022.10.22.513328
S120N,-0.91727,-0.46871,-0.7329998095570833,Neutral,Neutral,14.4,,,0.122,cBioPortal,,False,14.4,,,,uncertain,,,UP,neutral,neutral,neutral,,,,77.68,H,0.0376,2.5902,-2.2479,gain_of_function,-1.16917955342323,0.0020779124088203,Benign,0.1453,benign,https://doi.org/10.1101/2022.10.22.513328
S120R,-0.582,-0.00272,-1.2952727657401812,Neutral,Neutral,14.4,,,,mutations_clinvar,,False,14.4,,,,uncertain,,,UP,neutral,neutral,neutral,1053297,Uncertain significance,1,77.68,H,-0.0351,2.5902,-2.4544,loss_of_function,-1.07760723572746,0.0025655270429619,Benign,0.3395,benign,https://doi.org/10.1101/2022.10.22.513328
V121M,-1.60894,1.75544,0.4813844425251001,Neutral,Neutral,0.3,3.1849162367e-05,0.0000437960854263,0.042,"cBioPortal,COSMIC,mutations_clinvar",,False,0.3,,,,neutral,neutral,neutral,UP,neutral,neutral,neutral,659219,Likely benign,1,79.8,H,-0.0709,2.102,-3.3475,loss_of_function,-0.449586001141874,1.4548547453682898e-07,Benign,0.0984,benign,https://doi.org/10.1101/2022.10.22.513328
G122R,-1.51504,2.23265,-0.0088882781960875,Uncertain,Neutral,11.2,,,,"cBioPortal,COSMIC",,False,11.2,,,,neutral,neutral,neutral,UP,neutral,neutral,neutral,,,,78.02,H,-0.096,3.0479,-5.8227,loss_of_function,-1.2779459697253,1.5145764065741332e-05,Benign,0.1504,benign,https://doi.org/10.1101/2022.10.22.513328
Q123E,0.16919,0.33231,-0.2419568829956919,Neutral,Neutral,81.1,,,,mutations_clinvar,,False,81.1,,,,neutral,neutral,neutral,DOWN,neutral,neutral,neutral,1358367,Uncertain significance,1,78.01,H,-0.0004,2.2262,-2.6852,loss_of_function,-0.543028993787834,0.0086936529020893,Benign,0.0781,benign,https://doi.org/10.1101/2022.10.22.513328
Q123K,-0.18364,0.18571,-0.319885837388687,Neutral,Neutral,81.1,,,,mutations_clinvar,,False,81.1,,,,neutral,neutral,neutral,UP,neutral,neutral,neutral,1464705,Uncertain significance,1,78.01,H,-0.0393,2.2262,-4.8227,loss_of_function,-1.03995498780785,0.1337518067667006,Benign,0.0804,benign,https://doi.org/10.1101/2022.10.22.513328
Q123R,-0.65241,0.45374,-0.5384671247843204,Neutral,Neutral,81.1,,,,mutations_clinvar,,False,81.1,,,,neutral,neutral,neutral,UP,neutral,neutral,neutral,2039545,Uncertain significance,1,78.01,H,-0.0253,2.2262,-2.3633,loss_of_function,-0.571531210291861,1.45440422998245e-05,Benign,0.0775,benign,https://doi.org/10.1101/2022.10.22.513328
I124F,1.40562,4.35748,2.409431531579468,Uncertain,Uncertain,8.7,,,,mutations_clinvar,,False,8.7,,,,neutral,neutral,neutral,UP,neutral,neutral,neutral,134276,not provided,0,76.12,H,-0.1645,1.6398,-8.1445,loss_of_function,-3.3363102047227,0.7885249904418505,Pathogenic,0.1765,benign,https://doi.org/10.1101/2022.10.22.513328
I124M,-0.33849,2.83503,1.9511129596022725,Uncertain,Neutral,8.7,,,,mutations_clinvar,,False,8.7,,,,neutral,neutral,neutral,-,uncertain,uncertain,uncertain,853331,Uncertain significance,1,76.12,H,-0.08,1.6398,-5.3373,loss_of_function,-0.446793026150679,0.044859420351103,Benign,0.1298,benign,https://doi.org/10.1101/2022.10.22.513328
I124T,2.54973,2.43639,3.1117003976972444,Uncertain,Uncertain,8.7,,,,mutations_clinvar,,False,8.7,,,,neutral,neutral,neutral,DOWN,neutral,neutral,neutral,1950820,Uncertain significance,1,76.12,H,-0.149,1.6398,-5.8227,loss_of_function,-2.34056452537844,0.5657101958057593,Uncertain,0.4105,ambiguous,https://doi.org/10.1101/2022.10.22.513328
C125F,3.98815,3.22381,0.5211783328203368,Destabilizing,Uncertain,0.1,,,0.389,cBioPortal,,False,0.1,,,,neutral,neutral,neutral,UP,neutral,neutral,neutral,,,,75.34,H,-0.2608,1.6131,-7.1032,loss_of_function,-2.40168279442674,0.8930360554246508,Pathogenic,0.2691,benign,https://doi.org/10.1101/2022.10.22.513328
C125S,0.70273,1.48571,1.4064132133031138,Neutral,Neutral,0.1,,,,mutations_clinvar,,False,0.1,,,,neutral,neutral,neutral,DOWN,neutral,neutral,neutral,1369364,Uncertain significance,1,75.34,H,-0.2484,1.6131,-5.2959,loss_of_function,-1.08712596772878,0.7779849869461555,Pathogenic,0.3879,ambiguous,https://doi.org/10.1101/2022.10.22.513328
T126M,-0.27728,-0.44116,-0.377645814279029,Neutral,Neutral,70.4,0.0004458314757022,0.0000955490086790,0.035,"cBioPortal,COSMIC,mutations_clinvar",,False,70.4,,,,uncertain,,,UP,neutral,neutral,neutral,408207,Conflicting interpretations of pathogenicity,1,70.24,-,0.0213,3.2489,-4.612,gain_of_function,-0.353722592409049,6.662165581547336e-10,Benign,0.0675,benign,https://doi.org/10.1101/2022.10.22.513328
T126R,-0.12956,-0.24898,-0.5319790107796568,Neutral,Neutral,70.4,6.36902108146e-05,0.0004379329564456,0.043,"cBioPortal,COSMIC,mutations_clinvar",,False,70.4,,,,uncertain,,,UP,neutral,neutral,neutral,408185,Conflicting interpretations of pathogenicity,1,70.24,-,-0.0192,3.2489,-4.4865,loss_of_function,-0.613885418953078,3.743206166000116e-06,Benign,0.0759,benign,https://doi.org/10.1101/2022.10.22.513328
T126S,0.11728,0.04388,0.2227871325105657,Neutral,Neutral,70.4,,,,mutations_clinvar,,False,70.4,,,,neutral,,,DOWN,neutral,neutral,neutral,1692223,Uncertain significance,1,70.24,-,0.1047,3.2489,-4.1646,gain_of_function,-0.327861993844147,2.6710759415010337e-07,Benign,0.0884,benign,https://doi.org/10.1101/2022.10.22.513328
A127T,-0.08975,-0.45272,0.857114932786149,Neutral,Neutral,23.7,,,0.130,"cBioPortal,COSMIC",,False,23.7,,,,neutral,neutral,neutral,UP,neutral,neutral,neutral,,,,56.87,-,0.048,2.9069,-4.2587,gain_of_function,-0.0701404208940208,0.3263716208549354,Uncertain,0.0691,benign,https://doi.org/10.1101/2022.10.22.513328
A127V,0.25715,-0.3881,0.3713880492065013,Neutral,Neutral,23.7,,,,mutations_clinvar,,False,23.7,,,,neutral,neutral,neutral,UP,neutral,neutral,neutral,1373120,Uncertain significance,1,56.87,-,0.0509,2.9069,-4.2587,gain_of_function,-0.549679074035642,0.0030611284392425,Benign,0.0754,benign,https://doi.org/10.1101/2022.10.22.513328
P128L,0.3381,0.9534,-0.6321044169122375,Neutral,Neutral,92.5,,,0.079,"cBioPortal,COSMIC",,False,92.5,,,,neutral,neutral,neutral,UP,neutral,neutral,neutral,,,,52.24,-,0.0086,3.3431,-7.0714,gain_of_function,-0.544432868321009,4.33250688512659e-07,Benign,0.0743,benign,https://doi.org/10.1101/2022.10.22.513328
P128S,0.5513,1.12211,-0.289945606314495,Neutral,Neutral,92.5,,0.0000039807649438,0.006,"cBioPortal,COSMIC",,False,92.5,,,,neutral,neutral,neutral,DOWN,neutral,neutral,neutral,,,,52.24,-,0.0834,3.3431,-2.0271,gain_of_function,-0.0686584324851904,8.942621422594516e-10,Benign,0.0721,benign,https://doi.org/10.1101/2022.10.22.513328
A129E,-0.07638,-0.07891,-0.3715216695946483,Neutral,Neutral,110.3,,,,mutations_clinvar,,True,110.3,,,,neutral,neutral,neutral,UP,neutral,neutral,neutral,1005170,Uncertain significance,1,49.02,S,-0.0499,2.8511,-3.4821,loss_of_function,-0.542298126779592,0.0049365115588146,Benign,0.0971,benign,https://doi.org/10.1101/2022.10.22.513328
A129S,0.08635,0.1017,-0.206336349278588,Neutral,Neutral,110.3,,,,mutations_clinvar,,True,110.3,,,,neutral,neutral,neutral,-,uncertain,uncertain,uncertain,1394231,Uncertain significance,1,49.02,S,0.044,2.8511,-5.1983,gain_of_function,-0.710629121454462,0.5332273425956167,Uncertain,0.0813,benign,https://doi.org/10.1101/2022.10.22.513328
A129T,1.67496,0.56497,-0.2042149264448789,Neutral,Neutral,110.3,,,,mutations_clinvar,,True,110.3,,,,neutral,neutral,neutral,UP,neutral,neutral,neutral,1020283,Uncertain significance,2,49.02,S,0.045,2.8511,-3.8357,gain_of_function,-0.288876191513011,0.0005483115731127,Benign,0.0712,benign,https://doi.org/10.1101/2022.10.22.513328
A129V,1.67419,0.20612,0.0202286786282773,Neutral,Neutral,110.3,3.1847133758e-05,0.0000318478944561,0.032,"cBioPortal,mutations_clinvar",,True,110.3,,,,neutral,neutral,neutral,UP,neutral,neutral,neutral,321370,Conflicting interpretations of pathogenicity,1,49.02,S,0.0466,2.8511,-4.0987,gain_of_function,-0.331845146587631,0.2993245108075337,Benign,0.0696,benign,https://doi.org/10.1101/2022.10.22.513328
E130D,-0.13694,0.6568,-0.0614958954139477,Neutral,Neutral,105.2,,0.0000039802896059,0.077,"cBioPortal,COSMIC,mutations_clinvar",,True,105.2,,,,neutral,neutral,neutral,DOWN,neutral,neutral,neutral,1957417,Uncertain significance,1,45.92,-,0.0376,2.5156,-4.1099,gain_of_function,-0.102429560275302,0.1584577683039875,Benign,0.0862,benign,https://doi.org/10.1101/2022.10.22.513328
E130K,-0.13902,0.83639,0.1623160657699901,Neutral,Neutral,105.2,3.1849162367e-05,,0.115,cBioPortal,,True,105.2,,,,neutral,neutral,neutral,UP,neutral,neutral,neutral,,,,45.92,-,-0.0386,2.5156,-8.0167,loss_of_function,-0.834698216890526,0.1547295596464747,Benign,0.0807,benign,https://doi.org/10.1101/2022.10.22.513328
S132C,-0.28473,0.51395,0.8285858959338177,Neutral,Neutral,110.3,,,,mutations_clinvar,,True,110.3,,,,uncertain,,,UP,neutral,neutral,neutral,2047340,Uncertain significance,1,51.36,S,-0.0855,2.622,-21.4067,loss_of_function,-0.772840034875701,0.3210618239276471,Uncertain,0.0751,benign,https://doi.org/10.1101/2022.10.22.513328
S132R,-0.34961,0.18741,-0.1831662934880767,Neutral,Neutral,110.3,,,,mutations_clinvar,,True,110.3,,,,uncertain,,,UP,neutral,neutral,neutral,950134,Uncertain significance,2,51.36,S,-0.0427,2.622,-4.534,loss_of_function,-0.60782511773509,0.011035377529615,Benign,0.1634,benign,https://doi.org/10.1101/2022.10.22.513328
H133Y,-0.50616,-1.05102,-0.0351608652655904,Neutral,Neutral,83.8,3.1843077315e-05,0.0000039798777382,0.128,"cBioPortal,mutations_clinvar",,True,83.8,,,,neutral,neutral,neutral,UP,neutral,neutral,neutral,1905381,Uncertain significance,1,57.96,S,0.0726,2.9268,-8.0979,gain_of_function,-0.924439317152213,0.690394023441248,Pathogenic,0.0787,benign,https://doi.org/10.1101/2022.10.22.513328
P134L,0.26604,-2.11531,-0.6850915696168614,Uncertain,Neutral,31.5,,,,mutations_clinvar,,True,31.5,,,,neutral,neutral,neutral,UP,neutral,neutral,neutral,1042177,Uncertain significance,2,65.43,-,0.0059,3.2816,-6.4811,gain_of_function,-0.14134283445537,0.0982308380649092,Benign,0.0852,benign,https://doi.org/10.1101/2022.10.22.513328
P134T,0.79386,-1.38095,0.4186914186764989,Neutral,Neutral,31.5,,,0.056,cBioPortal,,True,31.5,,,,neutral,neutral,neutral,-,uncertain,uncertain,uncertain,,,,65.43,-,0.0556,3.2816,-3.9786,gain_of_function,-0.414660182132234,2.013854209794868e-06,Benign,0.069,benign,https://doi.org/10.1101/2022.10.22.513328
L137P,6.27758,6.56531,7.852708726150128,Destabilizing,Destabilizing,0.0,,,0.514,"cBioPortal,COSMIC",,True,0.0,,,,neutral,neutral,neutral,DOWN,neutral,neutral,neutral,,,,75.72,-,-0.4601,0.4212,-21.4375,loss_of_function,-4.46738588560237,0.9158816011912622,Pathogenic,0.8267,pathogenic,https://doi.org/10.1101/2022.10.22.513328
V139M,-0.88515,-0.09694,0.1360759717300436,Neutral,Neutral,66.7,,,,mutations_clinvar,,True,66.7,,,,neutral,neutral,neutral,UP,neutral,neutral,neutral,2142868,Uncertain significance,1,74.6,H,-0.0038,3.0416,-7.1497,loss_of_function,-1.5440411503039,5.101820078257575e-06,Benign,0.0892,benign,https://doi.org/10.1101/2022.10.22.513328
R142K,0.68979,0.74252,0.8578116174638695,Neutral,Neutral,18.5,,,0.184,cBioPortal,,True,18.5,,,,neutral,neutral,neutral,-,uncertain,uncertain,uncertain,,,,77.46,H,-0.1496,0.6797,-5.0,loss_of_function,-1.08545380084807,0.464462749473411,Uncertain,0.1291,benign,https://doi.org/10.1101/2022.10.22.513328
K143N,0.29705,0.89388,0.4179252925785587,Neutral,Neutral,78.0,,,0.090,"cBioPortal,COSMIC",,True,78.0,,,,neutral,neutral,neutral,DOWN,neutral,neutral,neutral,,,,77.49,H,-0.0744,2.0262,-6.5849,loss_of_function,-1.03112011337344,0.3006473682412345,Benign,0.3232,benign,https://doi.org/10.1101/2022.10.22.513328
K143Q,0.39566,0.69014,0.3904955432538293,Neutral,Neutral,78.0,3.18390219052e-05,0.0000039765542362,0.085,"cBioPortal,COSMIC",,True,78.0,,,,neutral,neutral,neutral,DOWN,neutral,neutral,neutral,,,,77.49,H,-0.0635,2.0262,-8.1698,loss_of_function,-2.56762923183963,0.6876123495895252,Pathogenic,0.1056,benign,https://doi.org/10.1101/2022.10.22.513328
K143R,-0.1147,0.40374,-0.1435233281156145,Neutral,Neutral,78.0,,,0.050,"cBioPortal,COSMIC",,True,78.0,,,,neutral,neutral,neutral,-,uncertain,uncertain,uncertain,,,,77.49,H,0.0164,2.0262,-5.3626,gain_of_function,-0.879590923076817,0.102909724904693,Benign,0.0855,benign,https://doi.org/10.1101/2022.10.22.513328
K143W,-0.18403,0.18844,-0.3607014140475029,Neutral,Neutral,78.0,,,,mutations_clinvar,,True,78.0,,,,neutral,neutral,neutral,UP,neutral,neutral,neutral,958038,Uncertain significance,1,77.49,H,-0.2122,2.0262,-21.4576,loss_of_function,-3.36641266198806,0.8804841200617597,Pathogenic,0.6876,pathogenic,https://doi.org/10.1101/2022.10.22.513328
S146C,0.35146,0.06837,0.6761665808651343,Neutral,Neutral,66.0,,,,mutations_clinvar,,True,66.0,,,,uncertain,,,UP,neutral,neutral,neutral,847150,Conflicting interpretations of pathogenicity,1,80.18,H,-0.0436,2.0634,-3.1305,loss_of_function,-1.42566381334806,0.7883205463608979,Pathogenic,0.0857,benign,https://doi.org/10.1101/2022.10.22.513328
S147F,-1.01361,-1.55986,-0.3007981329493409,Neutral,Neutral,43.8,3.1841049481e-05,0.0000119289037337,0.152,"cBioPortal,COSMIC",,True,43.8,,,,uncertain,,,UP,neutral,neutral,neutral,,,,75.84,H,-0.0583,2.3542,-5.853,loss_of_function,-2.42444534246886,0.3856938419592702,Uncertain,0.1497,benign,https://doi.org/10.1101/2022.10.22.513328
L148V,1.69322,2.07109,1.6946118274419075,Uncertain,Neutral,0.8,,,0.086,cBioPortal,,True,0.8,,,,neutral,neutral,neutral,DOWN,neutral,neutral,neutral,,,,79.41,H,-0.1914,0.5199,-4.4795,loss_of_function,-0.725129383346846,0.6644691015854721,Uncertain,0.102,benign,https://doi.org/10.1101/2022.10.22.513328
L149V,3.36219,2.70748,1.5443381092468813,Uncertain,Uncertain,4.1,,,,mutations_clinvar,,True,4.1,,,,neutral,neutral,neutral,DOWN,neutral,neutral,neutral,526423,Uncertain significance,2,79.97,H,-0.148,1.0216,-5.01,loss_of_function,-0.751419657821622,0.7829677439859926,Pathogenic,0.1149,benign,https://doi.org/10.1101/2022.10.22.513328
F151L,1.75004,1.96156,2.101413023300108,Neutral,Uncertain,8.5,,,0.010,"cBioPortal,mutations_clinvar",,True,8.5,,,,neutral,neutral,neutral,DOWN,neutral,neutral,neutral,1354414,Uncertain significance,1,76.63,H,-0.0266,2.6368,-5.3725,loss_of_function,-0.318024687305619,2.0853903882087174e-12,Benign,0.5003,ambiguous,https://doi.org/10.1101/2022.10.22.513328
A152G,2.39214,2.83707,2.776339781815667,Uncertain,Uncertain,0.0,,0.0000039763328668,0.149,cBioPortal,,False,0.0,,,,neutral,neutral,neutral,DOWN,neutral,neutral,neutral,,,,79.96,H,-0.0322,2.3729,-5.858,loss_of_function,-1.68435658237906,0.7331426791233291,Pathogenic,0.1695,benign,https://doi.org/10.1101/2022.10.22.513328
A152P,3.99894,6.86395,7.356720676211275,Destabilizing,Destabilizing,0.0,,,,mutations_clinvar,,False,0.0,,,,neutral,neutral,neutral,UP,neutral,neutral,neutral,1335236,Uncertain significance,1,79.96,H,-0.2398,2.3729,-21.4676,loss_of_function,-2.95184212515339,0.6065850745189546,Uncertain,0.7011,pathogenic,https://doi.org/10.1101/2022.10.22.513328
A152T,0.04355,1.08571,1.1257250265870444,Neutral,Neutral,0.0,,,0.079,cBioPortal,,False,0.0,,,,neutral,neutral,neutral,UP,neutral,neutral,neutral,,,,79.96,H,0.0022,2.3729,-3.595,gain_of_function,-0.403225693123339,0.0009205910799731,Benign,0.0817,benign,https://doi.org/10.1101/2022.10.22.513328
Q153E,0.90906,1.29728,0.7324845446237057,Neutral,Neutral,42.1,3.18451054073e-05,0.0000278343300674,0.639,"cBioPortal,mutations_clinvar",,False,42.1,,,,neutral,neutral,neutral,DOWN,neutral,neutral,neutral,556546,Conflicting interpretations of pathogenicity,1,81.74,H,-0.0636,1.8435,-8.1798,loss_of_function,-1.05615456754177,0.8362922069339686,Pathogenic,0.1007,benign,https://doi.org/10.1101/2022.10.22.513328
Q153H,1.21505,1.01395,0.3043268301915491,Neutral,Neutral,42.1,,,0.159,cBioPortal,,False,42.1,,,,neutral,neutral,neutral,UP,neutral,neutral,neutral,,,,81.74,H,-0.0596,1.8435,-8.1798,loss_of_function,-2.33252496456339,0.5472244327376004,Uncertain,0.1466,benign,https://doi.org/10.1101/2022.10.22.513328
Y154H,1.30513,2.0102,1.9922032499979847,Uncertain,Neutral,26.9,,,0.016,cBioPortal,,True,26.9,,,,uncertain,,,DOWN,neutral,neutral,neutral,,,,79.15,H,0.0034,2.8724,-2.858,gain_of_function,-0.447339200545364,1.2915343538779723e-05,Benign,0.1601,benign,https://doi.org/10.1101/2022.10.22.513328
A157V,0.64552,0.34388,0.0187315848820457,Neutral,Neutral,78.7,,,,mutations_clinvar,,True,78.7,,,,neutral,neutral,neutral,UP,neutral,neutral,neutral,974190,Pathogenic,0,80.67,H,-0.0276,2.0483,-4.1749,loss_of_function,-1.07965974705042,0.3174614587970061,Benign,0.1222,benign,https://doi.org/10.1101/2022.10.22.513328
H158Y,-0.39878,-0.36361,0.2947375515524225,Neutral,Neutral,54.1,,,0.077,COSMIC,,False,54.1,,,,neutral,neutral,neutral,UP,neutral,neutral,neutral,,,,79.79,T,0.0621,2.7053,-6.1649,gain_of_function,-0.518851022089573,0.2708915961552881,Benign,0.1153,benign,https://doi.org/10.1101/2022.10.22.513328
S159G,-0.33088,-0.3619,-0.0503245824625753,Neutral,Neutral,102.6,,,,mutations_clinvar,,True,102.6,,,,uncertain,,,DOWN,neutral,neutral,neutral,646207,Uncertain significance,2,77.83,T,-0.0022,2.0043,-2.0564,loss_of_function,-0.739609989042531,2.494612054283997e-06,Benign,0.0664,benign,https://doi.org/10.1101/2022.10.22.513328
M160I,2.46593,1.15374,0.3726326799927637,Uncertain,Uncertain,16.6,,,0.053,"COSMIC,mutations_clinvar",,True,16.6,,,,neutral,neutral,neutral,-,uncertain,uncertain,uncertain,134286,Conflicting interpretations of pathogenicity,1,78.29,-,-0.0192,2.2934,-4.853,loss_of_function,-1.09310639199054,0.5729073808760113,Uncertain,0.6306,pathogenic,https://doi.org/10.1101/2022.10.22.513328
F161I,4.86387,2.02449,2.781511940687663,Uncertain,Uncertain,0.0,,,0.250,cBioPortal,,True,0.0,,,,neutral,neutral,neutral,DOWN,neutral,neutral,neutral,,,,79.87,-,-0.2453,0.7406,-6.5999,loss_of_function,-1.88731916469327,0.9173819446768328,Pathogenic,0.5808,pathogenic,https://doi.org/10.1101/2022.10.22.513328
F161L,1.34035,1.24558,2.218836404472858,Neutral,Uncertain,0.0,,,"0.127, 0.150",cBioPortal,,True,0.0,,,,neutral,neutral,neutral,DOWN,neutral,neutral,neutral,,,,79.87,-,-0.188,0.7406,-2.7926,loss_of_function,-0.975282186667434,0.0013603332264516,Benign,0.8762,pathogenic,https://doi.org/10.1101/2022.10.22.513328
R163C,1.656,1.3915,2.304964491683132,Neutral,Uncertain,47.3,,0.0000198821386819,0.410,"cBioPortal,COSMIC,mutations_clinvar",,True,47.3,,,,neutral,neutral,neutral,DOWN,neutral,neutral,neutral,847400,Uncertain significance,2,81.48,H,-0.1994,1.4381,-5.1898,loss_of_function,-1.77910701164312,0.8747557339410306,Pathogenic,0.2011,benign,https://doi.org/10.1101/2022.10.22.513328
R163H,2.44966,1.63095,1.5240579474006757,Uncertain,Uncertain,47.3,,0.0000079527922254,0.275,"cBioPortal,COSMIC,mutations_clinvar",,True,47.3,,,,neutral,neutral,neutral,DOWN,neutral,neutral,neutral,966659,Uncertain significance,2,81.48,H,-0.1624,1.4381,-5.6048,loss_of_function,-2.13889584526485,0.899836861683194,Pathogenic,0.1454,benign,https://doi.org/10.1101/2022.10.22.513328
R163S,2.7009,1.39932,2.352936720104704,Uncertain,Uncertain,47.3,,,0.338,cBioPortal,,True,47.3,,,,neutral,neutral,neutral,DOWN,neutral,neutral,neutral,,,,81.48,H,-0.1962,1.4381,-6.1898,loss_of_function,-2.19295566349255,0.890164482610923,Pathogenic,0.6727,pathogenic,https://doi.org/10.1101/2022.10.22.513328
S165C,0.0619,0.42313,0.5931626408521623,Neutral,Neutral,24.2,,,,mutations_clinvar,P,True,24.2,0.307,,,damaging,neutral,potentially_damaging,UP,neutral,neutral,stabilizing,1391269,Uncertain significance,1,77.56,H,-0.0197,2.6039,-8.1897,loss_of_function,-0.714188234434277,0.1024514524541268,Benign,0.0788,benign,https://doi.org/10.1101/2022.10.22.513328
S165F,-0.70721,0.11565,-0.7537528114121395,Neutral,Neutral,24.2,,0.0000039764277364,0.036,"cBioPortal,COSMIC,mutations_clinvar",P,True,24.2,0.307,,,damaging,neutral,potentially_damaging,UP,neutral,neutral,stabilizing,1184714,Uncertain significance,1,77.56,H,-0.029,2.6039,-4.6049,loss_of_function,-0.86049535536386,0.0006648274599035,Benign,0.1124,benign,https://doi.org/10.1101/2022.10.22.513328
S165T,-0.98161,-1.12721,-0.1109892269562112,Neutral,Neutral,24.2,,,,mutations_clinvar,P,True,24.2,0.307,,,neutral,neutral,potentially_damaging,UP,neutral,neutral,stabilizing,956512,Uncertain significance,1,77.56,H,0.0622,2.6039,-3.8679,gain_of_function,-0.551633086122963,0.0012642826584762,Benign,0.0899,benign,https://doi.org/10.1101/2022.10.22.513328
C167R,0.74009,3.12245,0.4712421112051868,Uncertain,Neutral,0.5,,,,mutations_clinvar,,True,0.5,,,,neutral,neutral,neutral,UP,neutral,neutral,neutral,968391,Uncertain significance,1,81.39,H,-0.4081,1.4431,-21.4775,loss_of_function,-3.10035849534804,0.9177314587468078,Pathogenic,0.6892,pathogenic,https://doi.org/10.1101/2022.10.22.513328
C167Y,5.83811,3.29252,0.6941785921863388,Destabilizing,Uncertain,0.5,,,,mutations_clinvar,,True,0.5,,,,neutral,neutral,neutral,UP,neutral,neutral,neutral,1477280,Uncertain significance,1,81.39,H,-0.2913,1.4431,-8.1897,loss_of_function,-3.16654264215903,0.9165994087731032,Pathogenic,0.6984,pathogenic,https://doi.org/10.1101/2022.10.22.513328
Q168E,0.26177,0.89014,-0.1369921461818279,Neutral,Neutral,76.6,,,0.029,"cBioPortal,COSMIC",,True,76.6,,,,neutral,neutral,neutral,DOWN,neutral,neutral,neutral,,,,80.82,H,-0.106,1.157,-4.1024,loss_of_function,-0.634788726060037,0.3924802879916279,Uncertain,0.0861,benign,https://doi.org/10.1101/2022.10.22.513328
Q168R,-0.40542,0.49388,-0.6878307440996156,Neutral,Neutral,76.6,,,0.133,cBioPortal,,True,76.6,,,,neutral,neutral,neutral,UP,neutral,neutral,stabilizing,,,,80.82,H,-0.1402,1.157,-5.6048,loss_of_function,-1.50165823343782,0.36645768044129,Uncertain,0.0779,benign,https://doi.org/10.1101/2022.10.22.513328
E169A,-0.06658,0.32993,0.4274810045971761,Neutral,Neutral,33.2,,,0.333,COSMIC,,True,33.2,,,,neutral,neutral,neutral,DOWN,neutral,neutral,neutral,,,,78.94,H,-0.1747,0.8065,-8.1847,loss_of_function,-4.67961020127882,0.7734156093957312,Pathogenic,0.2157,benign,https://doi.org/10.1101/2022.10.22.513328
E169K,-0.15413,1.90204,0.8426227495865171,Neutral,Neutral,33.2,,,,mutations_clinvar,,True,33.2,,,,neutral,neutral,neutral,UP,neutral,neutral,neutral,856187,Uncertain significance,2,78.94,H,-0.1967,0.8065,-8.1847,loss_of_function,-4.87812755379119,0.8881548474204801,Pathogenic,0.3266,benign,https://doi.org/10.1101/2022.10.22.513328
E169Q,-0.3991,0.47959,0.446074938392324,Neutral,Neutral,33.2,,0.0000159059639412,0.283,"cBioPortal,mutations_clinvar",,True,33.2,,,,neutral,neutral,neutral,UP,neutral,neutral,neutral,2061199,Uncertain significance,2,78.94,H,-0.137,0.8065,-6.1848,loss_of_function,-0.7777801420079,0.6530105000868164,Uncertain,0.1968,benign,https://doi.org/10.1101/2022.10.22.513328
E169V,0.38337,-0.07653,0.1607078305799397,Neutral,Neutral,33.2,,,,mutations_clinvar,,True,33.2,,,,neutral,neutral,neutral,-,uncertain,uncertain,uncertain,1518604,Uncertain significance,1,78.94,H,-0.1879,0.8065,-8.1847,loss_of_function,-4.87812755379119,0.9173648302514984,Pathogenic,0.3625,ambiguous,https://doi.org/10.1101/2022.10.22.513328
L170F,5.21524,2.50918,3.230487987172444,Uncertain,Destabilizing,0.6,,,0.179,cBioPortal,,True,0.6,,,,neutral,neutral,neutral,UP,neutral,neutral,neutral,,,,80.8,H,-0.1023,1.8564,-6.5999,loss_of_function,-1.85390951748676,0.9012872050705464,Pathogenic,0.306,benign,https://doi.org/10.1101/2022.10.22.513328
L170I,0.9965,2.48639,1.7514567949677495,Uncertain,Neutral,0.6,,,0.082,cBioPortal,,True,0.6,,,,neutral,neutral,neutral,-,uncertain,uncertain,uncertain,,,,80.8,H,-0.0298,1.8564,-4.015,loss_of_function,-0.978678346878781,0.4219017579621118,Uncertain,0.1152,benign,https://doi.org/10.1101/2022.10.22.513328
L170V,2.29325,3.38401,2.176866072824554,Uncertain,Uncertain,0.6,,,0.134,COSMIC,,True,0.6,,,,neutral,neutral,neutral,DOWN,neutral,neutral,neutral,,,,80.8,H,-0.0712,1.8564,-5.0149,loss_of_function,-0.645740887960689,0.2703620944894582,Benign,0.127,benign,https://doi.org/10.1101/2022.10.22.513328
W171L,3.8128,2.37925,4.328525967018073,Uncertain,Destabilizing,5.8,,,,mutations_clinvar,,False,5.8,,,,neutral,neutral,neutral,DOWN,neutral,neutral,neutral,1057151,Uncertain significance,1,82.01,H,-0.3433,1.1843,-8.1798,loss_of_function,-3.69075571352967,0.8959859187326551,Pathogenic,0.6111,pathogenic,https://doi.org/10.1101/2022.10.22.513328
W171R,4.15611,2.53095,5.394929682585536,Uncertain,Destabilizing,5.8,,,,mutations_clinvar,,False,5.8,,,,neutral,neutral,neutral,DOWN,neutral,neutral,neutral,1982216,Uncertain significance,1,82.01,H,-0.3533,1.1843,-3.01,loss_of_function,-1.08588710739675,0.8264089755904063,Pathogenic,0.8251,pathogenic,https://doi.org/10.1101/2022.10.22.513328
K172E,1.38991,2.07551,0.5589250451408364,Uncertain,Neutral,71.3,,,0.038,"cBioPortal,COSMIC",,False,71.3,,,,neutral,neutral,neutral,DOWN,neutral,neutral,neutral,,,,77.39,H,-0.0926,1.7316,-3.541,loss_of_function,-0.967597443492571,0.0556298255582961,Benign,0.1543,benign,https://doi.org/10.1101/2022.10.22.513328
K172R,-0.18126,1.16156,-0.0291724135998161,Neutral,Neutral,71.3,,,,mutations_clinvar,,False,71.3,,,,neutral,neutral,neutral,-,uncertain,uncertain,uncertain,1023442,Uncertain significance,2,77.39,H,0.0043,1.7316,-2.43,gain_of_function,-0.693264353580441,0.0105539777197873,Benign,0.0811,benign,https://doi.org/10.1101/2022.10.22.513328
Q174K,-0.28793,0.53435,0.2144149924577842,Neutral,Neutral,36.2,,,,mutations_clinvar,,False,36.2,,,,neutral,neutral,neutral,UP,neutral,neutral,neutral,1003306,Uncertain significance,1,69.69,T,-0.0989,1.4459,-2.4349,loss_of_function,-1.6804699335605,0.8449715121844884,Pathogenic,0.1662,benign,https://doi.org/10.1101/2022.10.22.513328
Q174R,-0.31744,0.11293,-0.186969746976659,Neutral,Neutral,36.2,,,,mutations_clinvar,,False,36.2,,,,neutral,neutral,neutral,UP,neutral,neutral,neutral,1337667,Uncertain significance,1,69.69,T,-0.1137,1.4459,-5.6048,loss_of_function,-1.01264550476924,0.8678274960923937,Pathogenic,0.1421,benign,https://doi.org/10.1101/2022.10.22.513328
S175G,-0.06839,0.7398,0.6141476592060399,Neutral,Neutral,107.3,,,0.025,cBioPortal,,False,107.3,,,,uncertain,,,DOWN,neutral,neutral,neutral,,,,66.74,T,0.0647,2.961,-6.1898,gain_of_function,-0.322094419704519,0.0003018237411712,Benign,0.069,benign,https://doi.org/10.1101/2022.10.22.513328
S176C,-0.84775,0.0,0.1232768640014092,Neutral,Neutral,34.6,,,0.034,"cBioPortal,mutations_clinvar",,False,34.6,,,,uncertain,,,UP,neutral,neutral,neutral,1356355,Uncertain significance,2,69.15,T,-0.0364,2.3084,-6.1446,loss_of_function,-0.790174251170852,0.8170882597202606,Pathogenic,0.0779,benign,https://doi.org/10.1101/2022.10.22.513328
S176F,-1.0492,-0.64014,-1.0194701135842714,Neutral,Neutral,34.6,,0.0000477714613290,0.067,"cBioPortal,mutations_clinvar",,False,34.6,,,,uncertain,,,UP,neutral,neutral,neutral,456131,Conflicting interpretations of pathogenicity,1,69.15,T,-0.0599,2.3084,-5.3373,loss_of_function,-1.16435610410268,0.8316089106756219,Pathogenic,0.1281,benign,https://doi.org/10.1101/2022.10.22.513328
L177V,1.9199,1.22415,1.2740581169999177,Neutral,Neutral,1.4,,,,mutations_clinvar,,False,1.4,,,,neutral,neutral,neutral,DOWN,neutral,neutral,neutral,1034921,Uncertain significance,1,76.4,-,-0.1172,1.4432,-6.5749,loss_of_function,-2.93214779386668,0.9092799277710876,Pathogenic,0.1135,benign,https://doi.org/10.1101/2022.10.22.513328
L179H,4.1484,3.88333,2.5638797037414265,Destabilizing,Uncertain,0.0,,,0.410,cBioPortal,,False,0.0,,,,neutral,neutral,neutral,DOWN,neutral,neutral,neutral,,,,82.12,H,-0.4232,0.3809,-21.5213,loss_of_function,-4.72783546386876,0.9178276565482044,Pathogenic,0.8668,pathogenic,https://doi.org/10.1101/2022.10.22.513328
E180Q,3.0987,-0.2551,0.616982835159533,Uncertain,Uncertain,0.0,,,0.194,"cBioPortal,COSMIC",,False,0.0,,,,neutral,neutral,neutral,UP,neutral,neutral,neutral,,,,83.87,H,-0.2013,0.2229,-8.2478,loss_of_function,-3.2493938593055,0.9168789955750762,Pathogenic,0.7594,pathogenic,https://doi.org/10.1101/2022.10.22.513328
A181E,2.49131,3.14966,2.038545125282741,Uncertain,Uncertain,0.0,,,,mutations_clinvar,,False,0.0,,,,neutral,neutral,neutral,UP,neutral,neutral,neutral,803292,Uncertain significance,1,82.19,H,-0.2487,1.692,-21.5356,loss_of_function,-2.60745674034782,0.9132876576875376,Pathogenic,0.6619,pathogenic,https://doi.org/10.1101/2022.10.22.513328
A181T,0.24987,0.96667,0.6710239126954645,Neutral,Neutral,0.0,,,,mutations_clinvar,,False,0.0,,,,neutral,neutral,neutral,UP,neutral,neutral,neutral,1445515,Uncertain significance,1,82.19,H,-0.0842,1.692,-8.2478,loss_of_function,-1.63710551109103,0.91493239598663,Pathogenic,0.1105,benign,https://doi.org/10.1101/2022.10.22.513328
A181V,-0.33971,0.03061,-0.7230519384850465,Neutral,Neutral,0.0,0.0456459330143541,0.0122112316274480,0.173,"cBioPortal,COSMIC,FANCA_icope_sentieon_input,mutations_clinvar",,False,0.0,,,,neutral,neutral,neutral,UP,neutral,neutral,neutral,"653737, 134287","Uncertain significance, Benign/Likely benign","1, 2",82.19,H,-0.0477,1.692,-1.6781,loss_of_function,-0.100860563969739,0.0159725029392672,Benign,0.0752,benign,https://doi.org/10.1101/2022.10.22.513328
V182A,2.08244,1.40748,2.6596297867568177,Uncertain,Uncertain,0.6,,,,mutations_clinvar,,False,0.6,,,,neutral,neutral,neutral,DOWN,neutral,neutral,neutral,863167,Uncertain significance,1,83.57,H,-0.1394,1.3123,-4.4358,loss_of_function,-1.93677198574736,0.1237911723526757,Benign,0.2488,benign,https://doi.org/10.1101/2022.10.22.513328
V182L,-0.4581,-0.9932,0.6337890992181822,Neutral,Neutral,0.6,,0.0000039775665248,0.049,COSMIC,,False,0.6,,,,neutral,neutral,neutral,UP,neutral,neutral,neutral,,,,83.57,H,-0.1341,1.3123,-3.289,loss_of_function,-0.532901062145008,0.00447466026251,Benign,0.1547,benign,https://doi.org/10.1101/2022.10.22.513328
V182M,0.13821,0.10374,1.523862767507116,Neutral,Neutral,0.6,,,,mutations_clinvar,,False,0.6,,,,neutral,neutral,neutral,UP,neutral,neutral,neutral,2078503,Likely benign,1,83.57,H,-0.1523,1.3123,-5.0732,loss_of_function,-0.68610275984163,0.7317862620949123,Pathogenic,0.1305,benign,https://doi.org/10.1101/2022.10.22.513328
W183C,4.92111,5.02007,5.859894658765438,Destabilizing,Destabilizing,12.5,,,,mutations_clinvar,,False,12.5,,,,neutral,neutral,neutral,DOWN,neutral,neutral,neutral,1319245,Uncertain significance,2,85.09,H,-0.3438,1.0575,-8.2525,loss_of_function,-4.93561717488881,0.9183269223720828,Pathogenic,0.9024,pathogenic,https://doi.org/10.1101/2022.10.22.513328
L185F,0.37347,1.49626,0.4061947509617147,Neutral,Neutral,1.6,,,0.309,"cBioPortal,COSMIC",,False,1.6,,,,neutral,neutral,neutral,UP,neutral,neutral,neutral,,,,84.28,H,-0.2454,0.2829,-6.2621,loss_of_function,-3.45294250196908,0.9017194438761078,Pathogenic,0.2753,benign,https://doi.org/10.1101/2022.10.22.513328
L185I,0.06902,0.62959,0.8308725168808664,Neutral,Neutral,1.6,,0.0000039770286823,0.203,"cBioPortal,COSMIC,mutations_clinvar",,False,1.6,,,,neutral,neutral,neutral,-,uncertain,uncertain,uncertain,134288,Conflicting interpretations of pathogenicity,1,84.28,H,-0.1912,0.2829,-7.262,loss_of_function,-3.20141401107746,0.918619687621636,Pathogenic,0.2398,benign,https://doi.org/10.1101/2022.10.22.513328
L185P,6.05321,11.37347,8.678039868222518,Destabilizing,Destabilizing,1.6,,,0.495,"cBioPortal,COSMIC",,False,1.6,,,,neutral,neutral,neutral,DOWN,neutral,neutral,neutral,,,,84.28,H,-0.4734,0.2829,-21.5498,loss_of_function,-5.27823684343837,0.919104354084008,Pathogenic,0.9498,pathogenic,https://doi.org/10.1101/2022.10.22.513328
L185V,1.48285,1.9068,1.267124449002828,Neutral,Neutral,1.6,,,,mutations_clinvar,,False,1.6,,,,neutral,neutral,neutral,DOWN,neutral,neutral,neutral,1460990,Uncertain significance,1,84.28,H,-0.2325,0.2829,-8.262,loss_of_function,-3.20141401107746,0.9107603800190772,Pathogenic,0.2582,benign,https://doi.org/10.1101/2022.10.22.513328
H186Q,0.57389,2.31497,0.8646261600396873,Uncertain,Neutral,39.0,,,,mutations_clinvar,,False,39.0,,,,neutral,neutral,neutral,DOWN,neutral,neutral,neutral,1004288,Uncertain significance,2,84.84,H,-0.1238,0.6195,-5.6771,loss_of_function,-1.7550018381204,0.1762187034329768,Benign,0.4035,ambiguous,https://doi.org/10.1101/2022.10.22.513328
H186R,0.52137,0.7881,0.5816394934011965,Neutral,Neutral,39.0,,,0.288,cBioPortal,,False,39.0,,,,neutral,neutral,neutral,UP,neutral,neutral,neutral,,,,84.84,H,-0.2729,0.6195,-21.5498,loss_of_function,-4.92950838488887,0.9137733059990548,Pathogenic,0.3908,ambiguous,https://doi.org/10.1101/2022.10.22.513328
V187I,-0.52052,0.21327,0.0501228876250459,Neutral,Neutral,51.1,3.18755578223e-05,0.0000198841944515,0.063,"cBioPortal,COSMIC,mutations_clinvar",,False,51.1,,,,neutral,neutral,neutral,UP,neutral,neutral,neutral,445523,Uncertain significance,2,82.13,H,0.0929,3.1173,-4.0922,gain_of_function,-0.359537760458406,0.000394309723529,Benign,0.0828,benign,https://doi.org/10.1101/2022.10.22.513328
V187L,0.26271,-0.05068,-0.3217465391708779,Neutral,Neutral,51.1,,,,mutations_clinvar,,False,51.1,,,,neutral,neutral,neutral,UP,neutral,neutral,neutral,1013666,Uncertain significance,1,82.13,H,0.0255,3.1173,-4.5617,gain_of_function,-0.424703084098554,0.0002074727657571,Benign,0.1325,benign,https://doi.org/10.1101/2022.10.22.513328
Q188R,-0.35626,0.0898,-0.4217809534239625,Neutral,Neutral,53.0,,0.0000079531084724,0.099,"COSMIC,mutations_clinvar",,False,53.0,,,,neutral,neutral,neutral,UP,neutral,neutral,neutral,1470344,Uncertain significance,1,81.17,T,0.0253,3.0158,-6.6771,gain_of_function,-1.45010345040885,0.8297008704457629,Pathogenic,0.0738,benign,https://doi.org/10.1101/2022.10.22.513328
G189R,1.48246,-0.22517,0.3163443413468592,Neutral,Neutral,99.5,,,,mutations_clinvar,,True,99.5,,,,neutral,neutral,neutral,UP,neutral,neutral,neutral,1509547,Uncertain significance,1,77.83,T,-0.164,2.3883,-7.2667,loss_of_function,-1.09220304964121,1.0246169203946462e-05,Benign,0.1857,benign,https://doi.org/10.1101/2022.10.22.513328
V191L,1.37655,1.04286,-0.0030070171357138,Neutral,Neutral,1.6,,,,mutations_clinvar,,True,1.6,,,,neutral,neutral,neutral,UP,neutral,neutral,neutral,657866,Uncertain significance,1,79.63,S,-0.0996,1.6337,-2.3126,loss_of_function,-1.27514368542961,0.4604091387900025,Uncertain,0.3836,ambiguous,https://doi.org/10.1101/2022.10.22.513328
S192I,0.64296,1.09762,0.2129034802811663,Neutral,Neutral,46.6,,,,mutations_clinvar,,True,46.6,,,,uncertain,,,UP,neutral,neutral,stabilizing,1061926,Uncertain significance,1,80.56,-,-0.1639,2.111,-21.5545,loss_of_function,-3.88696262296413,0.8937989507416794,Pathogenic,0.3599,ambiguous,https://doi.org/10.1101/2022.10.22.513328
S192N,-0.05932,0.42891,0.3976398824952593,Neutral,Neutral,46.6,,0.0000039764909853,0.080,cBioPortal,,True,46.6,,,,uncertain,,,UP,neutral,neutral,stabilizing,,,,80.56,-,-0.0196,2.111,-4.8074,loss_of_function,-1.53926977375143,0.0351674092893213,Benign,0.1606,benign,https://doi.org/10.1101/2022.10.22.513328
S192R,0.71035,0.65952,0.1982251445565591,Neutral,Neutral,46.6,,,,mutations_clinvar,,True,46.6,,,,uncertain,,,UP,neutral,neutral,stabilizing,2060960,Uncertain significance,2,80.56,-,-0.0945,2.111,-5.4594,loss_of_function,-2.29259716857344,0.5547175918234379,Uncertain,0.5844,pathogenic,https://doi.org/10.1101/2022.10.22.513328
L193M,-0.48187,0.90612,1.1872509005301242,Neutral,Neutral,1.4,,,0.140,cBioPortal,,True,1.4,,,,neutral,neutral,neutral,-,uncertain,uncertain,uncertain,,,,79.1,H,-0.1602,0.7847,-5.6818,loss_of_function,-1.30756946300203,0.8398197645203496,Pathogenic,0.1795,benign,https://doi.org/10.1101/2022.10.22.513328
L193V,1.76476,2.60986,0.9446609778661036,Uncertain,Neutral,1.4,0.0002230151650312,0.0001908746033387,0.044,"cBioPortal,COSMIC,mutations_clinvar",,True,1.4,,,,neutral,neutral,neutral,DOWN,neutral,neutral,neutral,321369,Conflicting interpretations of pathogenicity,1,79.1,H,-0.1745,0.7847,-5.9448,loss_of_function,-1.70413998114431,0.8197420828893534,Pathogenic,0.1408,benign,https://doi.org/10.1101/2022.10.22.513328
Q194R,0.5929,0.15782,-0.1890883817596161,Neutral,Neutral,41.0,,,,mutations_clinvar,,True,41.0,,,,neutral,neutral,neutral,UP,neutral,neutral,stabilizing,2077305,Uncertain significance,1,76.22,H,0.0171,2.8586,-5.4547,gain_of_function,-0.558264386763502,0.1349394697776111,Benign,0.0901,benign,https://doi.org/10.1101/2022.10.22.513328
E195K,0.04962,1.74116,0.9027957038937288,Neutral,Neutral,45.6,,,,mutations_clinvar,,True,45.6,,,,neutral,neutral,neutral,UP,neutral,neutral,stabilizing,1505794,Uncertain significance,1,77.14,H,-0.0799,2.0248,-7.2667,loss_of_function,-4.37538105873797,0.917972902435173,Pathogenic,0.4148,ambiguous,https://doi.org/10.1101/2022.10.22.513328
E195Q,0.58048,0.1881,0.6015122784909849,Neutral,Neutral,45.6,,,0.147,cBioPortal,,True,45.6,,,,neutral,neutral,neutral,UP,neutral,neutral,stabilizing,,,,77.14,H,-0.0237,2.0248,-5.9448,loss_of_function,-1.43381876091665,0.915920826588912,Pathogenic,0.2653,benign,https://doi.org/10.1101/2022.10.22.513328
L197M,-0.09998,1.68673,1.2122237074902975,Neutral,Neutral,1.9,,,0.189,cBioPortal,,True,1.9,,,,neutral,neutral,neutral,-,uncertain,uncertain,uncertain,,,,77.44,H,-0.1464,0.9678,-6.2668,loss_of_function,-1.88965407487891,0.9131271785199712,Pathogenic,0.1596,benign,https://doi.org/10.1101/2022.10.22.513328
L197P,8.49695,9.90986,7.629311364132758,Destabilizing,Destabilizing,1.9,,,,mutations_clinvar,,True,1.9,,,,neutral,neutral,neutral,DOWN,neutral,neutral,neutral,321368,Uncertain significance,1,77.44,H,-0.4104,0.9678,-21.5545,loss_of_function,-4.67367380798123,0.8955846684965292,Pathogenic,0.7159,pathogenic,https://doi.org/10.1101/2022.10.22.513328
E198A,-0.28044,1.77585,0.2520602246560083,Neutral,Neutral,40.2,,0.0000039764277364,0.098,cBioPortal,,True,40.2,,,,neutral,neutral,neutral,DOWN,neutral,neutral,neutral,,,,78.64,H,-0.0849,1.6035,-4.9449,loss_of_function,-2.0013238568659,0.3969309526323664,Uncertain,0.1483,benign,https://doi.org/10.1101/2022.10.22.513328
S199N,-0.17546,0.64286,-0.4542224571555131,Neutral,Neutral,20.1,,,0.138,"cBioPortal,COSMIC",,True,20.1,,,,uncertain,,,UP,neutral,neutral,stabilizing,,,,77.45,T,-0.0956,1.347,-5.9354,loss_of_function,-2.29641446356753,0.6528342979887508,Uncertain,0.1819,benign,https://doi.org/10.1101/2022.10.22.513328
S199T,2.04882,0.09082,-0.4120054325036365,Uncertain,Uncertain,20.1,,,,mutations_clinvar,,True,20.1,,,,neutral,,,UP,neutral,neutral,stabilizing,974286,Pathogenic,0,77.45,T,-0.0759,1.347,-8.2573,loss_of_function,-2.74932802734262,0.9139241757389398,Pathogenic,0.1472,benign,https://doi.org/10.1101/2022.10.22.513328
H200R,1.73556,0.59048,0.620848844823837,Neutral,Neutral,13.5,,,0.050,"cBioPortal,COSMIC,mutations_clinvar",,False,13.5,,,,neutral,neutral,neutral,UP,neutral,neutral,neutral,2142314,Uncertain significance,1,77.92,S,-0.0026,2.6741,-5.639,loss_of_function,-0.89795572261658,0.581663873588953,Uncertain,0.1652,benign,https://doi.org/10.1101/2022.10.22.513328
H200Y,0.82214,-0.42687,-0.3366524250347691,Neutral,Neutral,13.5,,0.0000040230763660,0.055,cBioPortal,,False,13.5,,,,neutral,neutral,neutral,UP,neutral,neutral,neutral,,,,77.92,S,0.0568,2.6741,-6.639,gain_of_function,-1.12788921014443,0.6146399791416135,Uncertain,0.1154,benign,https://doi.org/10.1101/2022.10.22.513328
P201H,1.20232,1.09388,-1.035620068924196,Neutral,Neutral,82.2,,,0.142,cBioPortal,,False,82.2,,,,neutral,neutral,neutral,UP,neutral,neutral,stabilizing,,,,74.55,S,-0.0801,2.3264,-8.0767,loss_of_function,-3.08226758048187,0.3993917126053518,Uncertain,0.1377,benign,https://doi.org/10.1101/2022.10.22.513328
P201L,0.48922,0.60272,-1.015611817423887,Neutral,Neutral,82.2,,,0.103,cBioPortal,,False,82.2,,,,neutral,neutral,neutral,UP,neutral,neutral,stabilizing,,,,74.55,S,-0.0692,2.3264,-3.9894,loss_of_function,-0.950241234512699,0.0015069399471622,Benign,0.1098,benign,https://doi.org/10.1101/2022.10.22.513328
P201S,1.0309,0.44456,-0.5450751650947933,Neutral,Neutral,82.2,0.0089518955081236,0.0059947696640515,0.047,"cBioPortal,COSMIC,mutations_clinvar",,False,82.2,,,,neutral,neutral,neutral,DOWN,neutral,neutral,neutral,321367,Benign/Likely benign,2,74.55,S,-0.019,2.3264,-3.7549,loss_of_function,-0.492673646480766,9.052400840533532e-07,Benign,0.0966,benign,https://doi.org/10.1101/2022.10.22.513328
D202G,4.98339,4.44762,2.039420692137069,Destabilizing,Uncertain,64.7,,,,mutations_clinvar,,False,64.7,,,,neutral,neutral,neutral,DOWN,neutral,neutral,neutral,1979951,Uncertain significance,1,80.08,-,-0.0859,2.0131,-4.8635,loss_of_function,-1.61424216313787,,,0.135,benign,https://doi.org/10.1101/2022.10.22.513328
D202H,4.608,2.09048,0.6594065914834835,Uncertain,Uncertain,64.7,,,0.114,cBioPortal,,False,64.7,,,,neutral,neutral,neutral,UP,neutral,neutral,neutral,,,,80.08,-,-0.1681,2.0131,-21.3211,loss_of_function,-2.71488081298356,,,0.1828,benign,https://doi.org/10.1101/2022.10.22.513328
D202N,2.83553,0.37789,0.4419109604556837,Uncertain,Uncertain,64.7,3.18694626809e-05,0.0000160796263095,0.100,"cBioPortal,COSMIC,mutations_clinvar",,False,64.7,,,,neutral,neutral,neutral,-,uncertain,uncertain,uncertain,970879,Likely benign,1,80.08,-,-0.0377,2.0131,-4.1265,loss_of_function,-0.0741405481508919,,,0.079,benign,https://doi.org/10.1101/2022.10.22.513328
M203V,1.71576,1.47041,0.8900276154909039,Neutral,Neutral,26.6,,,,mutations_clinvar,,False,26.6,,,,neutral,neutral,neutral,DOWN,neutral,neutral,neutral,1368431,Uncertain significance,1,77.16,H,0.0627,3.4158,-2.7464,gain_of_function,-0.310329398684169,5.528964656662735e-13,Benign,0.0598,benign,https://doi.org/10.1101/2022.10.22.513328
H204D,-0.53782,0.26735,0.0294719427966044,Neutral,Neutral,85.9,,,,mutations_clinvar,,False,85.9,,,,neutral,neutral,neutral,DOWN,neutral,neutral,neutral,885471,Uncertain significance,1,78.17,H,0.0196,3.0063,-5.1497,gain_of_function,-0.885845689223443,4.694596364052237e-10,Benign,0.0909,benign,https://doi.org/10.1101/2022.10.22.513328
A205G,0.85516,1.14354,0.9587436105632804,Neutral,Neutral,45.3,,,,mutations_clinvar,,True,45.3,,,,neutral,neutral,neutral,DOWN,neutral,neutral,neutral,853959,Uncertain significance,1,78.33,H,-0.0756,1.7392,-2.9338,loss_of_function,-0.647161755437378,0.2758891188009041,Benign,0.0916,benign,https://doi.org/10.1101/2022.10.22.513328
A205T,0.65686,-0.01939,0.4243383045528454,Neutral,Neutral,45.3,,,0.146,cBioPortal,,True,45.3,,,,neutral,neutral,neutral,UP,neutral,neutral,neutral,,,,78.33,H,-0.0608,1.7392,-4.5187,loss_of_function,-0.681294568272745,0.090609150317446,Benign,0.0824,benign,https://doi.org/10.1101/2022.10.22.513328
V206A,2.06754,2.06531,2.206557886114569,Uncertain,Uncertain,0.0,,,,mutations_clinvar,,True,0.0,,,,neutral,neutral,neutral,DOWN,neutral,neutral,neutral,2179427,Likely benign,1,80.24,H,-0.0586,2.1162,-3.1043,loss_of_function,-0.808561859054316,0.0005973566714322,Benign,0.1071,benign,https://doi.org/10.1101/2022.10.22.513328
V206L,1.52677,1.00782,1.0597829786563069,Neutral,Neutral,0.0,,,,mutations_clinvar,,True,0.0,,,,neutral,neutral,neutral,UP,neutral,neutral,neutral,1512493,Uncertain significance,1,80.24,H,-0.0617,2.1162,-3.5898,loss_of_function,-0.49254888912106,6.6116092609887226e-06,Benign,0.1439,benign,https://doi.org/10.1101/2022.10.22.513328
G207A,-1.41529,-1.86293,-0.5754888091345672,Neutral,Neutral,0.9,,,,mutations_clinvar,,True,0.9,,,,neutral,neutral,neutral,UP,neutral,neutral,neutral,1517871,Uncertain significance,1,79.32,H,-0.0553,2.5753,-4.3219,loss_of_function,-0.608083802938866,7.840363222920271e-10,Benign,0.0923,benign,https://doi.org/10.1101/2022.10.22.513328
S208L,-0.30931,-1.42381,-1.3250813763276503,Neutral,Neutral,61.4,0.0032513068978707,0.0007262426372639,0.043,"cBioPortal,COSMIC,mutations_clinvar",,True,61.4,,,,uncertain,,,UP,neutral,neutral,neutral,134289,Conflicting interpretations of pathogenicity,1,81.66,H,0.0033,2.9659,-4.9212,gain_of_function,-1.18399957535466,3.0304100181673114e-06,Benign,0.0841,benign,https://doi.org/10.1101/2022.10.22.513328
S208W,-0.16194,-1.12449,-1.826148713679168,Neutral,Neutral,61.4,,,,mutations_clinvar,,True,61.4,,,,uncertain,,,UP,neutral,neutral,neutral,1512399,Uncertain significance,2,81.66,H,-0.0917,2.9659,-21.5309,loss_of_function,-2.47982577639552,1.602519255731899e-05,Benign,0.1702,benign,https://doi.org/10.1101/2022.10.22.513328
S208Y,0.48152,-1.76735,-1.1101886068686844,Neutral,Neutral,61.4,,,,COSMIC,,True,61.4,,,,uncertain,,,UP,neutral,neutral,neutral,,,,81.66,H,-0.0868,2.9659,-21.5309,loss_of_function,-2.47982577639552,2.1732283806533472e-05,Benign,0.1173,benign,https://doi.org/10.1101/2022.10.22.513328
W209C,4.66029,3.35306,3.643471347559435,Destabilizing,Destabilizing,5.0,,,,mutations_clinvar,,True,5.0,,,,neutral,neutral,neutral,DOWN,neutral,neutral,neutral,661287,Uncertain significance,1,83.76,H,-0.4451,0.6942,-21.5498,loss_of_function,-4.50812482534644,0.8883616122919256,Pathogenic,0.8381,pathogenic,https://doi.org/10.1101/2022.10.22.513328
L210F,3.41696,1.28878,1.2296059096448486,Uncertain,Uncertain,0.3,,,0.266,"cBioPortal,mutations_clinvar",,True,0.3,,,,neutral,neutral,neutral,UP,neutral,neutral,neutral,2445384,Likely pathogenic,1,85.22,H,-0.2081,0.7119,-6.6771,loss_of_function,-5.06374884647264,0.743719975342186,Pathogenic,0.2955,benign,https://doi.org/10.1101/2022.10.22.513328
L210R,6.71262,5.12551,3.687726483773997,Destabilizing,Destabilizing,0.3,,,,mutations_clinvar,,True,0.3,,,,neutral,neutral,neutral,UP,neutral,neutral,neutral,974297,Pathogenic,0,85.22,H,-0.4307,0.7119,-21.5498,loss_of_function,-5.27820858413788,0.8961990579482428,Pathogenic,0.8146,pathogenic,https://doi.org/10.1101/2022.10.22.513328
L210V,2.17485,0.9517,1.7222804269487564,Uncertain,Uncertain,0.3,,,,mutations_clinvar,,True,0.3,,,,neutral,neutral,neutral,DOWN,neutral,neutral,neutral,1400760,Uncertain significance,1,85.22,H,-0.1799,0.7119,-5.6771,loss_of_function,-1.3468790991065,0.8281814540732172,Pathogenic,0.1651,benign,https://doi.org/10.1101/2022.10.22.513328
F211L,0.91078,1.78367,2.0208929931789914,Neutral,Uncertain,28.4,,,0.063,"cBioPortal,mutations_clinvar",,True,28.4,,,,neutral,neutral,neutral,DOWN,neutral,neutral,neutral,2036713,Uncertain significance,1,84.93,H,-0.022,2.6368,-4.4594,loss_of_function,-1.77070756315972,0.1593205061125589,Benign,0.7785,pathogenic,https://doi.org/10.1101/2022.10.22.513328
R212G,1.29754,0.9983,1.27873649121802,Neutral,Neutral,66.6,,0.0000040091408411,0.099,"cBioPortal,COSMIC",,False,66.6,,,,neutral,neutral,neutral,DOWN,neutral,neutral,neutral,,,,83.91,H,-0.1183,2.5381,-3.9402,loss_of_function,-1.00643100173943,0.0105220463629092,Benign,0.0822,benign,https://doi.org/10.1101/2022.10.22.513328
R212S,0.9613,0.24354,0.8760052537965437,Neutral,Neutral,66.6,,,0.161,"cBioPortal,COSMIC",,False,66.6,,,,neutral,neutral,neutral,DOWN,neutral,neutral,neutral,,,,83.91,H,-0.0731,2.5381,-1.9046,loss_of_function,-0.959916599890819,0.0164213358095532,Benign,0.221,benign,https://doi.org/10.1101/2022.10.22.513328
R212T,0.64381,-0.29728,0.5062442603482761,Neutral,Neutral,66.6,,,0.128,cBioPortal,,False,66.6,,,,neutral,neutral,neutral,DOWN,neutral,neutral,neutral,,,,83.91,H,-0.0997,2.5381,-6.2621,loss_of_function,-1.22431821946681,0.3447354899153911,Uncertain,0.1378,benign,https://doi.org/10.1101/2022.10.22.513328
L214R,5.08769,4.09014,3.5111509872703475,Destabilizing,Destabilizing,0.1,,,,mutations_clinvar,,True,0.1,,,,neutral,neutral,neutral,UP,neutral,neutral,neutral,1716149,Uncertain significance,1,85.74,H,-0.4489,0.5146,-21.5545,loss_of_function,-5.13827456996621,0.9072909991969942,Pathogenic,0.823,pathogenic,https://doi.org/10.1101/2022.10.22.513328
L214V,2.14326,1.39184,2.279963984896701,Uncertain,Uncertain,0.1,,,0.185,cBioPortal,,True,0.1,,,,neutral,neutral,neutral,DOWN,neutral,neutral,neutral,,,,85.74,H,-0.2032,0.5146,-6.6818,loss_of_function,-3.11496756039075,0.8719884935890727,Pathogenic,0.1626,benign,https://doi.org/10.1101/2022.10.22.513328
C215G,1.73984,2.32075,3.273494764390659,Uncertain,Uncertain,13.2,,,0.088,"cBioPortal,COSMIC",,True,13.2,,,,neutral,neutral,neutral,DOWN,neutral,neutral,neutral,,,,83.59,H,-0.1578,2.5882,-4.798,loss_of_function,-1.16463688649002,0.0004103559533603,Benign,0.1013,benign,https://doi.org/10.1101/2022.10.22.513328
C215S,0.66075,1.24082,2.292066698023312,Neutral,Uncertain,13.2,,,,mutations_clinvar,,True,13.2,,,,neutral,neutral,neutral,DOWN,neutral,neutral,neutral,2075270,Uncertain significance,1,83.59,H,-0.1687,2.5882,-7.2573,loss_of_function,-1.07748693329105,0.0818155446628268,Benign,0.1788,benign,https://doi.org/10.1101/2022.10.22.513328
C215Y,2.40652,0.68605,0.3366354033029256,Uncertain,Uncertain,13.2,,,,mutations_clinvar,,True,13.2,,,,neutral,neutral,neutral,UP,neutral,neutral,neutral,2038376,Likely benign,1,83.59,H,-0.1863,2.5882,-8.2573,loss_of_function,-1.24016975365214,0.0109772279208272,Benign,0.1471,benign,https://doi.org/10.1101/2022.10.22.513328
C216S,-0.15087,0.64422,0.1825544724132111,Neutral,Neutral,26.6,,,,mutations_clinvar,,True,26.6,,,,neutral,neutral,neutral,DOWN,neutral,neutral,neutral,1449788,Uncertain significance,1,82.69,H,-0.1329,2.7847,-3.7837,loss_of_function,-0.510545939952294,8.329881730771559e-08,Benign,0.0901,benign,https://doi.org/10.1101/2022.10.22.513328
L217F,6.86552,5.09218,1.5672483732650495,Destabilizing,Uncertain,0.0,,,,mutations_clinvar,,True,0.0,,,,neutral,neutral,neutral,UP,neutral,neutral,neutral,2086200,Uncertain significance,1,83.66,H,-0.216,0.6251,-6.6629,loss_of_function,-5.19041966035065,0.915363565356023,Pathogenic,0.3236,benign,https://doi.org/10.1101/2022.10.22.513328
E219K,-0.31199,0.65476,0.5165485430227956,Neutral,Neutral,45.1,,,0.280,cBioPortal,,True,45.1,,,,neutral,neutral,neutral,UP,neutral,neutral,neutral,,,,80.75,H,-0.0544,2.1803,-5.0685,loss_of_function,-2.06379035682937,0.6724987168282252,Uncertain,0.0902,benign,https://doi.org/10.1101/2022.10.22.513328
E219V,1.35587,-0.1602,0.1759044364097145,Neutral,Neutral,45.1,,,0.310,cBioPortal,,True,45.1,,,,neutral,neutral,neutral,-,uncertain,uncertain,uncertain,,,,80.75,H,-0.05,2.1803,-5.9165,loss_of_function,-2.80390219864088,0.6976654809097376,Pathogenic,0.2593,benign,https://doi.org/10.1101/2022.10.22.513328
Q220H,0.45346,1.80544,0.5517045452294919,Neutral,Neutral,28.4,,,0.094,"cBioPortal,COSMIC,mutations_clinvar",,True,28.4,,,,neutral,neutral,neutral,UP,neutral,neutral,neutral,456135,Uncertain significance,1,78.32,H,-0.0249,2.1126,-6.2336,loss_of_function,-0.997465729010817,0.2959166252488499,Benign,0.27,benign,https://doi.org/10.1101/2022.10.22.513328
M221I,0.61973,-0.3881,0.7109341972607199,Neutral,Neutral,11.7,,,,mutations_clinvar,,False,11.7,,,,neutral,neutral,neutral,-,uncertain,uncertain,uncertain,1442760,Uncertain significance,1,74.21,H,0.0622,3.0367,-2.2933,gain_of_function,-0.0396546094873281,9.805389175186444e-11,Benign,0.113,benign,https://doi.org/10.1101/2022.10.22.513328
M221V,1.81461,0.20646,1.2857431029916355,Neutral,Neutral,11.7,6.37104994903e-05,0.0000320808437262,0.036,"COSMIC,mutations_clinvar",,False,11.7,,,,neutral,neutral,neutral,DOWN,neutral,neutral,neutral,408195,Uncertain significance,2,74.21,H,0.0212,3.0367,-4.0541,gain_of_function,-0.260401402634127,8.659935112700925e-08,Benign,0.0762,benign,https://doi.org/10.1101/2022.10.22.513328
E222K,-0.31484,-0.49082,0.8862958581463078,Neutral,Neutral,38.0,,,0.100,"cBioPortal,mutations_clinvar",,False,38.0,,,,neutral,neutral,neutral,UP,neutral,neutral,neutral,1378968,Uncertain significance,1,69.26,H,-0.0811,1.9549,-6.2288,loss_of_function,-2.24895426177419,0.8549938358295224,Pathogenic,0.2033,benign,https://doi.org/10.1101/2022.10.22.513328
E222Q,-0.10147,-0.43061,0.5428013164695663,Neutral,Neutral,38.0,,,0.119,COSMIC,,False,38.0,,,,neutral,neutral,neutral,UP,neutral,neutral,neutral,,,,69.26,H,-0.0265,1.9549,-5.2288,loss_of_function,-1.00258005181754,0.219226155752806,Benign,0.1691,benign,https://doi.org/10.1101/2022.10.22.513328
A223P,2.21415,7.00136,6.709059759956335,Uncertain,Uncertain,63.3,,,,mutations_clinvar,,False,63.3,,,,neutral,neutral,neutral,UP,neutral,neutral,neutral,1496344,Uncertain significance,1,63.99,S,-0.0892,3.0768,-4.663,loss_of_function,-2.01040237138738,0.6082453453772856,Uncertain,0.1204,benign,https://doi.org/10.1101/2022.10.22.513328
A223T,1.82323,0.12041,0.207410114781828,Neutral,Neutral,63.3,,,,mutations_clinvar,,False,63.3,,,,neutral,neutral,neutral,UP,neutral,neutral,neutral,945903,Likely benign,1,63.99,S,0.0663,3.0768,-3.7244,gain_of_function,-0.0558414118785855,9.210775718596638e-05,Benign,0.0685,benign,https://doi.org/10.1101/2022.10.22.513328
A223V,1.85358,0.4,-0.3209855116224303,Neutral,Neutral,63.3,,,,mutations_clinvar,,False,63.3,,,,neutral,neutral,neutral,UP,neutral,neutral,neutral,1063104,Uncertain significance,2,63.99,S,0.0693,3.0768,-3.7244,gain_of_function,-0.461759200280461,9.669238259119572e-05,Benign,0.0789,benign,https://doi.org/10.1101/2022.10.22.513328
C225Y,-0.88028,2.08639,-0.5748951220896453,Uncertain,Neutral,41.0,,,,mutations_clinvar,,False,41.0,,,,neutral,neutral,neutral,UP,neutral,neutral,neutral,2169440,Uncertain significance,1,56.73,-,-0.1596,2.8723,-8.1445,loss_of_function,-1.18293646097667,0.0414815756582046,Benign,0.1017,benign,https://doi.org/10.1101/2022.10.22.513328
Q226E,0.15322,0.81156,-0.3764503216630271,Neutral,Neutral,103.3,,,0.039,"cBioPortal,mutations_clinvar",,False,103.3,,,,neutral,neutral,neutral,DOWN,neutral,neutral,neutral,659226,Uncertain significance,2,63.93,T,0.0645,2.9481,-2.9905,gain_of_function,-0.499591308150319,2.802586229587112e-05,Benign,0.0747,benign,https://doi.org/10.1101/2022.10.22.513328
Q226H,0.95788,1.06599,-0.4071622103566841,Neutral,Neutral,103.3,,,0.042,"cBioPortal,COSMIC",,False,103.3,,,,neutral,neutral,neutral,UP,neutral,neutral,neutral,,,,63.93,T,0.0418,2.9481,-8.2383,gain_of_function,-2.935905555053,0.2019598192071957,Benign,0.1504,benign,https://doi.org/10.1101/2022.10.22.513328
H227D,-1.49578,0.88946,0.6050796121386942,Neutral,Neutral,31.8,9.55779278705e-05,0.0000361248474729,0.053,"cBioPortal,mutations_clinvar",,False,31.8,,,,neutral,neutral,neutral,DOWN,neutral,neutral,neutral,134290,Uncertain significance,2,66.2,T,0.0364,3.011,-1.9386,gain_of_function,-0.549617575290381,1.384456710812364e-06,Benign,0.0782,benign,https://doi.org/10.1101/2022.10.22.513328
A228G,0.56576,1.87891,0.9366927862986107,Neutral,Neutral,33.9,,,,mutations_clinvar,,False,33.9,,,,neutral,neutral,neutral,DOWN,neutral,neutral,neutral,974298,Pathogenic,0,67.9,H,0.0726,3.4359,-4.5041,gain_of_function,-0.635306545892225,0.0023928385247033,Benign,0.0902,benign,https://doi.org/10.1101/2022.10.22.513328
A228V,0.1831,1.57653,-0.4457350547091232,Neutral,Neutral,33.9,,0.0000040154837052,0.018,cBioPortal,,False,33.9,,,,neutral,neutral,neutral,UP,neutral,neutral,neutral,,,,67.9,H,0.1032,3.4359,-3.5607,gain_of_function,-0.418825771324603,2.7163204681879285e-05,Benign,0.0858,benign,https://doi.org/10.1101/2022.10.22.513328
D229N,1.64151,0.30918,0.1179012381463551,Neutral,Neutral,94.4,,,,mutations_clinvar,,False,94.4,,,,neutral,neutral,neutral,-,uncertain,uncertain,uncertain,408208,Conflicting interpretations of pathogenicity,1,74.0,H,-0.0431,2.0526,-5.8924,loss_of_function,-1.25529525927633,0.4582054689175613,Uncertain,0.0904,benign,https://doi.org/10.1101/2022.10.22.513328
V230I,-0.38037,0.14932,0.3575274505816544,Neutral,Neutral,34.5,3.18714941356e-05,0.0002691757597185,0.015,"cBioPortal,COSMIC,mutations_clinvar",,False,34.5,,,,neutral,neutral,neutral,UP,neutral,neutral,neutral,321366,Conflicting interpretations of pathogenicity,1,76.24,H,0.0498,2.5336,-2.0191,gain_of_function,-0.0812889476800489,1.2619742086482348e-10,Benign,0.0694,benign,https://doi.org/10.1101/2022.10.22.513328
A231S,1.35886,2.48129,1.2589795089096962,Uncertain,Neutral,0.8,,,,mutations_clinvar,,False,0.8,,,,neutral,neutral,neutral,-,uncertain,uncertain,uncertain,852417,Uncertain significance,2,79.06,H,0.0304,2.6457,-4.1652,gain_of_function,-0.525982457085274,0.024238141999828,Benign,0.0872,benign,https://doi.org/10.1101/2022.10.22.513328
A231T,1.90419,3.84286,1.0425356144440396,Uncertain,Neutral,0.8,,,,mutations_clinvar,,False,0.8,,,,neutral,neutral,neutral,UP,neutral,neutral,neutral,456136,Uncertain significance,2,79.06,H,0.0311,2.6457,-2.8604,gain_of_function,-0.0870989202547293,0.0006558663482131,Benign,0.0736,benign,https://doi.org/10.1101/2022.10.22.513328
A231V,2.61042,3.71259,0.3176145290308085,Uncertain,Uncertain,0.8,,,,COSMIC,,False,0.8,,,,neutral,neutral,neutral,UP,neutral,neutral,neutral,,,,79.06,H,0.0197,2.6457,-5.6677,gain_of_function,-1.14732736400252,0.267405968917315,Benign,0.1171,benign,https://doi.org/10.1101/2022.10.22.513328
R232K,-0.00725,0.3466,0.9993746962812596,Neutral,Neutral,56.0,,,,mutations_clinvar,,True,56.0,,,,neutral,neutral,neutral,-,uncertain,uncertain,uncertain,321365,Conflicting interpretations of pathogenicity,1,77.43,H,0.0311,2.5658,-3.5898,gain_of_function,-0.592189048796815,0.0049444384052919,Benign,0.0853,benign,https://doi.org/10.1101/2022.10.22.513328
R232S,0.57103,2.13844,1.6275949141236634,Uncertain,Neutral,56.0,,,0.062,cBioPortal,,True,56.0,,,,neutral,neutral,neutral,DOWN,neutral,neutral,neutral,,,,77.43,H,-0.0897,2.5658,-5.6486,loss_of_function,-1.04960976395412,0.0394837923973885,Benign,0.1873,benign,https://doi.org/10.1101/2022.10.22.513328
A233T,0.71379,-0.05714,0.2207628227023061,Neutral,Neutral,57.0,,,0.019,"cBioPortal,COSMIC",,True,57.0,,,,neutral,neutral,neutral,UP,neutral,neutral,neutral,,,,79.53,H,0.0462,2.8767,-4.0637,gain_of_function,-0.126333465752661,0.0424433585187375,Benign,0.0759,benign,https://doi.org/10.1101/2022.10.22.513328
M234T,3.686,3.1051,2.576433878989112,Destabilizing,Uncertain,0.0,,,,mutations_clinvar,,True,0.0,,,,neutral,neutral,neutral,DOWN,neutral,neutral,neutral,641617,Uncertain significance,2,82.22,H,-0.1125,2.0533,-8.2478,loss_of_function,-2.49873895189457,0.1933204687938435,Benign,0.3661,ambiguous,https://doi.org/10.1101/2022.10.22.513328
M234V,1.50433,1.68673,1.2065444943004848,Neutral,Neutral,0.0,,0.0000080394899748,0.048,"cBioPortal,COSMIC,mutations_clinvar",,True,0.0,,,,neutral,neutral,neutral,DOWN,neutral,neutral,neutral,655183,Uncertain significance,2,82.22,H,-0.0574,2.0533,-1.7088,loss_of_function,-0.518116516262615,7.155967249987933e-09,Benign,0.0647,benign,https://doi.org/10.1101/2022.10.22.513328
L235F,1.762,1.49252,1.325874313002593,Neutral,Neutral,4.2,,,,mutations_clinvar,,True,4.2,,,,neutral,neutral,neutral,UP,neutral,neutral,neutral,854319,Uncertain significance,1,83.14,H,-0.2078,0.6471,-5.4547,loss_of_function,-2.54759226763021,0.7811627605636544,Pathogenic,0.2474,benign,https://doi.org/10.1101/2022.10.22.513328
S236P,3.91073,2.3949,4.996908541295418,Uncertain,Destabilizing,19.7,,,0.229,"cBioPortal,COSMIC",,True,19.7,,,,uncertain,,,UP,neutral,neutral,neutral,,,,80.8,H,-0.2203,1.5476,-8.2713,loss_of_function,-3.31334650549875,0.8799180487498169,Pathogenic,0.3432,ambiguous,https://doi.org/10.1101/2022.10.22.513328
F238C,4.40478,4.3381,5.4593316790220365,Destabilizing,Destabilizing,2.3,,,0.319,cBioPortal,,True,2.3,,,,neutral,neutral,neutral,DOWN,neutral,neutral,neutral,,,,84.17,H,-0.1886,1.7113,-8.262,loss_of_function,-2.57942126161175,0.8895325831864624,Pathogenic,0.3793,ambiguous,https://doi.org/10.1101/2022.10.22.513328
V239L,0.50778,0.81327,0.3628990437487495,Neutral,Neutral,1.8,,,,mutations_clinvar,,True,1.8,,,,neutral,neutral,neutral,UP,neutral,neutral,neutral,2078283,Uncertain significance,1,82.68,H,-0.0958,1.7832,-4.2621,loss_of_function,-1.01279434840807,0.3697128635020298,Uncertain,0.189,benign,https://doi.org/10.1101/2022.10.22.513328
Q240E,2.06367,1.65442,0.9268599147250972,Uncertain,Uncertain,15.5,,,,mutations_clinvar,,True,15.5,,,,neutral,neutral,neutral,DOWN,neutral,neutral,neutral,965537,Uncertain significance,1,80.01,H,0.0573,2.9407,-4.2668,gain_of_function,-0.666688119991677,0.0756783406628578,Benign,0.082,benign,https://doi.org/10.1101/2022.10.22.513328
L244F,2.0556,-0.18571,0.9600936575437604,Uncertain,Uncertain,35.4,,,0.190,"cBioPortal,mutations_clinvar",,True,35.4,,,,neutral,neutral,neutral,UP,neutral,neutral,stabilizing,973994,Uncertain significance,0,79.48,H,-0.0205,2.7266,-6.2526,loss_of_function,-3.47724658074943,0.8501069728294868,Pathogenic,0.1098,benign,https://doi.org/10.1101/2022.10.22.513328
G246E,11.11021,3.44592,3.96475670661678,Destabilizing,Destabilizing,0.0,,,,mutations_clinvar,,False,0.0,,,,neutral,neutral,neutral,UP,neutral,neutral,stabilizing,968560,Conflicting interpretations of pathogenicity,1,78.05,H,-0.3354,1.1339,-21.5451,loss_of_function,-4.36101627603109,0.9188838065923184,Pathogenic,0.7253,pathogenic,https://doi.org/10.1101/2022.10.22.513328
G246R,6.6465,4.58333,3.5045795934938195,Destabilizing,Destabilizing,0.0,,0.0000039777247414,0.259,"cBioPortal,COSMIC",,False,0.0,,,,neutral,neutral,neutral,UP,neutral,neutral,stabilizing,,,,78.05,H,-0.2845,1.1339,-8.2573,loss_of_function,-2.73586535191206,0.8536127515451789,Pathogenic,0.7848,pathogenic,https://doi.org/10.1101/2022.10.22.513328
G246V,3.69896,3.71122,1.201518811108512,Destabilizing,Uncertain,0.0,,,0.265,cBioPortal,,False,0.0,,,,neutral,neutral,neutral,UP,neutral,neutral,stabilizing,,,,78.05,H,-0.2897,1.1339,-7.2573,loss_of_function,-2.53844871268639,0.897437800818941,Pathogenic,0.3646,ambiguous,https://doi.org/10.1101/2022.10.22.513328
Q248K,-0.39021,0.75442,0.0977659302411326,Neutral,Neutral,57.6,,,,mutations_clinvar,,False,57.6,,,,neutral,neutral,neutral,UP,neutral,neutral,stabilizing,565673,Uncertain significance,2,76.68,-,-0.0779,1.8664,-5.8972,loss_of_function,-1.60893541091734,0.7588135090957482,Pathogenic,0.1127,benign,https://doi.org/10.1101/2022.10.22.513328
K249E,0.19556,0.21259,-0.00071515367283,Neutral,Neutral,82.8,,,,mutations_clinvar,,False,82.8,,,,neutral,neutral,neutral,DOWN,neutral,neutral,neutral,2161416,Uncertain significance,1,63.68,-,0.0122,2.8162,-2.5468,gain_of_function,-0.495615043783186,7.676503287896006e-11,Benign,0.0741,benign,https://doi.org/10.1101/2022.10.22.513328
N250K,-0.18969,1.09762,0.5829751848189065,Neutral,Neutral,86.5,,,,FANCA_icope_sentieon_input,,False,86.5,,,,neutral,neutral,neutral,UP,neutral,neutral,neutral,,,,60.3,-,0.0037,2.7596,-6.1947,gain_of_function,-1.03272017727171,0.0240184154383775,Benign,0.1568,benign,https://doi.org/10.1101/2022.10.22.513328
S251L,1.00126,-0.29932,-0.3816345914742308,Neutral,Neutral,97.0,,,,mutations_clinvar,,False,97.0,,,,uncertain,,,UP,neutral,neutral,stabilizing,237057,Uncertain significance,2,48.49,-,-0.0181,2.6657,-3.7148,loss_of_function,-0.777048659352526,0.0011736286949847,Benign,0.0729,benign,https://doi.org/10.1101/2022.10.22.513328
D252G,0.31691,4.82925,0.867367804649597,Uncertain,Neutral,108.3,0.0159872611464968,0.0045222413134784,0.019,"COSMIC,mutations_clinvar",,False,108.3,,,,neutral,neutral,neutral,DOWN,neutral,neutral,neutral,134293,Benign/Likely benign,2,45.98,-,-0.0539,2.2816,-3.43,loss_of_function,-0.784034891444553,0.0004250514868537,Benign,0.1021,benign,https://doi.org/10.1101/2022.10.22.513328
D252N,0.40695,2.48129,0.1618337522120361,Uncertain,Neutral,108.3,0.0011145077060247,0.0003619470364095,0.034,"cBioPortal,COSMIC,mutations_clinvar",,False,108.3,,,,neutral,neutral,neutral,-,uncertain,uncertain,uncertain,435123,Likely benign,2,45.98,-,-0.0124,2.2816,-4.015,loss_of_function,-0.520735121574086,0.0347919816984811,Benign,0.0969,benign,https://doi.org/10.1101/2022.10.22.513328
D252S,0.49431,3.96156,0.6380325054809135,Uncertain,Neutral,108.3,,,,"COSMIC,mutations_clinvar",,False,108.3,,,,neutral,neutral,neutral,DOWN,neutral,neutral,neutral,134291,Uncertain significance,2,45.98,-,-0.0558,2.2816,-4.7254,loss_of_function,-1.78783829202169,0.3184727272020421,Benign,0.1062,benign,https://doi.org/10.1101/2022.10.22.513328
R255K,0.00853,1.17279,0.2263260878693124,Neutral,Neutral,92.7,,,0.037,"cBioPortal,COSMIC",,True,92.7,,,,neutral,neutral,neutral,-,uncertain,uncertain,uncertain,,,,43.06,-,-0.0006,2.2108,-3.4081,loss_of_function,-0.592225216995579,,,0.1056,benign,https://doi.org/10.1101/2022.10.22.513328
R255S,0.77817,1.12823,0.4508475884689511,Neutral,Neutral,92.7,,,,mutations_clinvar,,True,92.7,,,,neutral,neutral,neutral,DOWN,neutral,neutral,neutral,965923,Uncertain significance,1,43.06,-,-0.1172,2.2108,-4.6491,loss_of_function,-1.38992684377323,,,0.2694,benign,https://doi.org/10.1101/2022.10.22.513328
T256A,-0.11488,-0.72143,-0.0293521712434524,Neutral,Neutral,119.6,,,0.045,"cBioPortal,COSMIC,mutations_clinvar",,True,119.6,,,,uncertain,,,DOWN,neutral,neutral,neutral,1362101,Uncertain significance,1,37.22,-,0.0638,3.1698,-3.6363,gain_of_function,-1.23068056089027,0.0032542740450541,Benign,0.0739,benign,https://doi.org/10.1101/2022.10.22.513328
T256I,0.0739,-0.07245,0.2356159941303504,Neutral,Neutral,119.6,,,0.037,"cBioPortal,COSMIC",,True,119.6,,,,uncertain,,,UP,neutral,neutral,stabilizing,,,,37.22,-,0.0229,3.1698,-6.5749,gain_of_function,-1.63531512648494,0.185599121698479,Benign,0.126,benign,https://doi.org/10.1101/2022.10.22.513328
T256N,0.00031,-1.03367,-0.3316961639068294,Neutral,Neutral,119.6,,,,mutations_clinvar,,True,119.6,,,,uncertain,,,-,uncertain,uncertain,uncertain,1349676,Uncertain significance,2,37.22,-,0.0131,3.1698,-2.668,gain_of_function,-0.496670449903142,7.870598297517928e-11,Benign,0.0874,benign,https://doi.org/10.1101/2022.10.22.513328
V257L,-0.21844,-0.32279,-0.3073397958991591,Neutral,Neutral,84.0,,,,mutations_clinvar,,True,84.0,,,,neutral,neutral,neutral,UP,neutral,neutral,stabilizing,1038619,Uncertain significance,1,44.04,-,0.0083,2.8114,-2.4081,gain_of_function,-0.860206064163071,0.0386314989638707,Benign,0.1375,benign,https://doi.org/10.1101/2022.10.22.513328
V257M,-0.09495,0.72381,0.0319170308873317,Neutral,Neutral,84.0,,0.0000079548166415,0.024,"cBioPortal,mutations_clinvar",,True,84.0,,,,neutral,neutral,neutral,UP,neutral,neutral,stabilizing,456137,Uncertain significance,1,44.04,-,-0.0062,2.8114,-3.4647,loss_of_function,-0.502375752661799,0.1547295596464747,Benign,0.0925,benign,https://doi.org/10.1101/2022.10.22.513328
E258Q,0.34629,-0.10646,0.552022854618518,Neutral,Neutral,93.7,,,0.144,cBioPortal,,True,93.7,,,,neutral,neutral,neutral,UP,neutral,neutral,neutral,,,,47.07,-,-0.0356,1.8407,-4.949,loss_of_function,-0.526560458754352,0.1464105270629022,Benign,0.1063,benign,https://doi.org/10.1101/2022.10.22.513328
P259A,0.70114,0.98571,-0.1842148734405641,Neutral,Neutral,79.0,,,,mutations_clinvar,,False,79.0,,,,neutral,neutral,neutral,DOWN,neutral,neutral,neutral,854140,Uncertain significance,2,52.55,-,0.0067,2.6672,-4.8022,gain_of_function,-0.815730917689258,0.0378957408035249,Benign,0.0704,benign,https://doi.org/10.1101/2022.10.22.513328
P259L,0.429,0.97653,-0.564191086037556,Neutral,Neutral,79.0,,,0.132,cBioPortal,,False,79.0,,,,neutral,neutral,neutral,UP,neutral,neutral,stabilizing,,,,52.55,-,-0.0401,2.6672,-4.4237,loss_of_function,-0.916736196807268,0.1283974928397884,Benign,0.0869,benign,https://doi.org/10.1101/2022.10.22.513328
P259R,0.47719,1.36156,-0.2887001567336977,Neutral,Neutral,79.0,,,,mutations_clinvar,,False,79.0,,,,neutral,neutral,neutral,UP,neutral,neutral,stabilizing,915869,Uncertain significance,2,52.55,-,-0.0698,2.6672,-6.1241,loss_of_function,-2.13232979722872,0.8337760723867916,Pathogenic,0.1163,benign,https://doi.org/10.1101/2022.10.22.513328
P259S,0.81937,0.86463,-0.199177504251593,Neutral,Neutral,79.0,,,,mutations_clinvar,,False,79.0,,,,neutral,neutral,neutral,DOWN,neutral,neutral,neutral,2176623,Uncertain significance,1,52.55,-,0.0125,2.6672,-3.7318,gain_of_function,-0.949482283444898,0.0313541268415841,Benign,0.101,benign,https://doi.org/10.1101/2022.10.22.513328
E260K,-0.57663,0.76122,0.298175066726245,Neutral,Neutral,72.4,,0.0000318182541324,0.163,"cBioPortal,COSMIC,mutations_clinvar",,False,72.4,,,,neutral,neutral,neutral,UP,neutral,neutral,stabilizing,498553,Conflicting interpretations of pathogenicity,1,59.97,-,0.0036,2.6539,-2.2356,gain_of_function,-0.744436570458408,0.2742899732683684,Benign,0.1098,benign,https://doi.org/10.1101/2022.10.22.513328
E260Q,-0.12539,0.22143,0.4063582779145941,Neutral,Neutral,72.4,,,0.142,cBioPortal,,False,72.4,,,,neutral,neutral,neutral,UP,neutral,neutral,stabilizing,,,,59.97,-,0.0458,2.6539,-3.6663,gain_of_function,-0.878499641282444,0.3287520436344088,Uncertain,0.1122,benign,https://doi.org/10.1101/2022.10.22.513328
P263L,2.01926,-1.87109,-0.5285156350208242,Uncertain,Uncertain,24.9,,0.0000079548799211,0.125,cBioPortal,,False,24.9,,,,neutral,neutral,neutral,UP,neutral,neutral,stabilizing,,,,76.56,H,-0.1056,2.1649,-8.2093,loss_of_function,-1.77514911479204,0.8099845158133486,Pathogenic,0.1011,benign,https://doi.org/10.1101/2022.10.22.513328
Q264K,0.04038,0.36837,-0.2022957429059185,Neutral,Neutral,76.4,,,0.176,cBioPortal,,True,76.4,,,,neutral,neutral,neutral,UP,neutral,neutral,stabilizing,,,,76.74,H,-0.0223,2.383,-4.3171,loss_of_function,-1.7258879895958,0.7818551405057382,Pathogenic,0.1015,benign,https://doi.org/10.1101/2022.10.22.513328
T266A,1.22787,-0.33776,0.3528968994153225,Neutral,Neutral,0.1,0.5318260093118183,0.5208126109064288,0.084,"cBioPortal,mutations_clinvar",,True,0.1,,,,uncertain,,,DOWN,neutral,neutral,neutral,"1149717, 134294","Likely benign, Benign","1, 2",82.98,H,-0.0441,1.8632,-1.2177,loss_of_function,-0.0272435078619122,3.5107989236081645e-33,Benign,0.0465,benign,https://doi.org/10.1101/2022.10.22.513328
T266E,5.01504,3.77211,1.4903620937965147,Destabilizing,Uncertain,0.1,,,,mutations_clinvar,,True,0.1,,,,uncertain,,,UP,neutral,neutral,neutral,1489484,Uncertain significance,1,82.98,H,-0.2387,1.8632,-21.5498,loss_of_function,-4.4239775230344,1.1654503396458813e-07,Benign,0.4833,ambiguous,https://doi.org/10.1101/2022.10.22.513328
T266M,-0.40558,1.74932,-0.0328119195853693,Neutral,Neutral,0.1,,0.0000198864088327,0.100,"cBioPortal,COSMIC,mutations_clinvar",,True,0.1,,,,uncertain,,,UP,neutral,neutral,neutral,1449132,Conflicting interpretations of pathogenicity,1,82.98,H,-0.1926,1.8632,-21.5498,loss_of_function,-4.13899749535389,4.0505701206482103e-10,Benign,0.1027,benign,https://doi.org/10.1101/2022.10.22.513328
V269I,-0.01137,0.71156,0.393640782304156,Neutral,Neutral,0.0,,,,mutations_clinvar,,True,0.0,,,,neutral,neutral,neutral,UP,neutral,neutral,neutral,1061596,Uncertain significance,1,85.68,H,-0.0839,1.1521,-3.3173,loss_of_function,-0.68849890798445,0.1138860110655459,Benign,0.088,benign,https://doi.org/10.1101/2022.10.22.513328
V269L,0.96473,0.63469,1.0681840027284253,Neutral,Neutral,0.0,,,,mutations_clinvar,,True,0.0,,,,neutral,neutral,neutral,UP,neutral,neutral,neutral,435122,Uncertain significance,1,85.68,H,-0.1581,1.1521,-5.1015,loss_of_function,-0.769558108234423,0.7737498125386668,Pathogenic,0.3417,ambiguous,https://doi.org/10.1101/2022.10.22.513328
Q271H,0.19594,0.14354,-0.075029061706926,Neutral,Neutral,39.9,,0.0000039769970491,0.082,"cBioPortal,mutations_clinvar",,True,39.9,,,,neutral,neutral,neutral,UP,neutral,neutral,neutral,526322,Uncertain significance,1,86.35,H,-0.0319,2.039,-6.2761,loss_of_function,-4.07853427926873,0.43513169176183,Uncertain,0.258,benign,https://doi.org/10.1101/2022.10.22.513328
Q271P,3.99812,5.92483,6.647693621833116,Destabilizing,Destabilizing,39.9,9.5504902585e-05,0.0000238617924979,0.221,"cBioPortal,mutations_clinvar",,True,39.9,,,,neutral,neutral,neutral,DOWN,neutral,neutral,neutral,408184,Uncertain significance,1,86.35,H,-0.2824,2.039,-21.5638,loss_of_function,-4.50329713311834,0.8484266575025246,Pathogenic,0.4383,ambiguous,https://doi.org/10.1101/2022.10.22.513328
R272I,0.49996,1.15136,0.356671292890599,Neutral,Neutral,39.5,,,0.198,"cBioPortal,COSMIC",,False,39.5,,,,neutral,neutral,neutral,DOWN,neutral,neutral,neutral,,,,86.91,H,-0.2272,2.2687,-21.5777,loss_of_function,-3.47976689688759,0.8689040899430573,Pathogenic,0.3019,benign,https://doi.org/10.1101/2022.10.22.513328
R272T,1.27268,0.37959,1.381674161257215,Neutral,Neutral,39.5,,,0.182,cBioPortal,,False,39.5,,,,neutral,neutral,neutral,DOWN,neutral,neutral,neutral,,,,86.91,H,-0.1348,2.2687,-8.2899,loss_of_function,-3.19933923524352,0.7243289106628779,Pathogenic,0.1758,benign,https://doi.org/10.1101/2022.10.22.513328
F276I,2.91708,1.90816,1.8775435179483124,Uncertain,Uncertain,37.2,,,,FANCA_icope_sentieon_input,,False,37.2,,,,neutral,neutral,neutral,DOWN,neutral,neutral,neutral,,,,86.64,H,-0.1696,2.3926,-21.5592,loss_of_function,-4.05185758365891,0.7817487939194782,Pathogenic,0.1507,benign,https://doi.org/10.1101/2022.10.22.513328
A277G,2.29679,2.41531,2.40058035008888,Uncertain,Uncertain,1.1,,,,mutations_clinvar,,False,1.1,,,,neutral,neutral,neutral,DOWN,neutral,neutral,neutral,2315703,Uncertain significance,1,86.88,H,-0.0145,2.644,-7.2853,loss_of_function,-1.75484043626486,0.5386806114819808,Uncertain,0.1487,benign,https://doi.org/10.1101/2022.10.22.513328
A277V,1.88013,1.34082,0.7144339841149017,Neutral,Neutral,1.1,,,,mutations_clinvar,,False,1.1,,,,neutral,neutral,neutral,UP,neutral,neutral,neutral,1390733,Uncertain significance,1,86.88,H,0.0377,2.644,-2.1155,gain_of_function,-0.50803761973296,0.0061497052509679,Benign,0.1347,benign,https://doi.org/10.1101/2022.10.22.513328
D279E,-1.03009,-0.28537,-0.1832550283492789,Neutral,Neutral,62.1,,,,mutations_clinvar,,False,62.1,,,,neutral,neutral,neutral,UP,neutral,neutral,neutral,1021351,Uncertain significance,1,85.7,H,-0.0211,1.8425,-2.0612,loss_of_function,-0.30320048061806,2.598437447593635e-10,Benign,0.189,benign,https://doi.org/10.1101/2022.10.22.513328
D279H,0.07371,-0.02279,-0.3074979243291759,Neutral,Neutral,62.1,,,0.100,cBioPortal,,False,62.1,,,,neutral,neutral,neutral,UP,neutral,neutral,neutral,,,,85.7,H,-0.1173,1.8425,-8.2899,loss_of_function,-4.49462814008395,0.5044610593719614,Uncertain,0.2739,benign,https://doi.org/10.1101/2022.10.22.513328
D279Y,-0.76623,-0.3381,-0.3281251572483223,Neutral,Neutral,62.1,,,,mutations_clinvar,,False,62.1,,,,neutral,neutral,neutral,UP,neutral,neutral,neutral,456138,Uncertain significance,1,85.7,H,-0.2208,1.8425,-21.5777,loss_of_function,-4.49462814008395,0.7243289106628779,Pathogenic,0.2984,benign,https://doi.org/10.1101/2022.10.22.513328
A280S,1.24737,1.29116,1.4915507045075105,Neutral,Neutral,12.7,,,0.041,cBioPortal,,False,12.7,,,,neutral,neutral,neutral,-,uncertain,uncertain,uncertain,,,,84.01,H,0.0091,2.3527,-3.0573,gain_of_function,-0.749964324766745,0.3461139188972706,Uncertain,0.0984,benign,https://doi.org/10.1101/2022.10.22.513328
A280T,1.59941,2.72347,1.4109719146859094,Uncertain,Neutral,12.7,,0.0000079932856401,0.059,"cBioPortal,COSMIC,mutations_clinvar",,False,12.7,,,,neutral,neutral,neutral,UP,neutral,neutral,neutral,526316,Uncertain significance,1,84.01,H,0.0044,2.3527,-2.8074,gain_of_function,-0.620858403687911,0.0078144222589638,Benign,0.086,benign,https://doi.org/10.1101/2022.10.22.513328
A280V,0.16115,1.92143,0.9422535325541012,Neutral,Neutral,12.7,,,,mutations_clinvar,,False,12.7,,,,neutral,neutral,neutral,UP,neutral,neutral,neutral,557556,Uncertain significance,2,84.01,H,-0.0073,2.3527,-5.6818,loss_of_function,-1.68856457335185,0.2651980833341502,Benign,0.1252,benign,https://doi.org/10.1101/2022.10.22.513328
L281F,1.98586,2.47857,1.8678415707695373,Uncertain,Neutral,8.8,,,,mutations_clinvar,,False,8.8,,,,neutral,neutral,neutral,UP,neutral,neutral,neutral,1199274,Uncertain significance,1,81.6,H,-0.0909,1.9597,-6.224,loss_of_function,-2.20484240418403,0.9069132208164656,Pathogenic,0.2022,benign,https://doi.org/10.1101/2022.10.22.513328
A282S,0.07282,0.84592,0.653136773655979,Neutral,Neutral,66.4,,,0.084,cBioPortal,,False,66.4,,,,neutral,neutral,neutral,-,uncertain,uncertain,uncertain,,,,78.19,H,0.0425,2.7715,-4.0492,gain_of_function,-1.19336218892225,0.4299837947435195,Uncertain,0.0985,benign,https://doi.org/10.1101/2022.10.22.513328
A282Y,0.45863,0.02347,0.1675528621865046,Neutral,Neutral,66.4,,,,mutations_clinvar,,False,66.4,,,,neutral,neutral,neutral,UP,neutral,neutral,neutral,1437955,Uncertain significance,1,78.19,H,-0.0752,2.7715,-6.6342,loss_of_function,-3.20469854467784,0.8550229598239856,Pathogenic,0.475,ambiguous,https://doi.org/10.1101/2022.10.22.513328
A283G,-0.11235,0.75884,0.7335760758638146,Neutral,Neutral,86.0,,,,mutations_clinvar,,False,86.0,,,,neutral,neutral,neutral,DOWN,neutral,neutral,neutral,1514515,Uncertain significance,1,77.9,T,0.0037,2.804,-6.6098,gain_of_function,-1.50458975703145,0.3839404618204448,Uncertain,0.1047,benign,https://doi.org/10.1101/2022.10.22.513328
A283S,-0.69282,0.12381,0.4008101681485004,Neutral,Neutral,86.0,,,0.040,cBioPortal,,False,86.0,,,,neutral,neutral,neutral,-,uncertain,uncertain,uncertain,,,,77.9,T,0.0427,2.804,-4.6098,gain_of_function,-1.12427939039014,0.8297008704457629,Pathogenic,0.0911,benign,https://doi.org/10.1101/2022.10.22.513328
A283T,0.44794,0.24524,0.2741969738324451,Neutral,Neutral,86.0,,0.0000079835220106,0.021,COSMIC,,False,86.0,,,,neutral,neutral,neutral,UP,neutral,neutral,neutral,,,,77.9,T,0.0424,2.804,-3.4943,gain_of_function,-0.529045069037206,0.1257789229994859,Benign,0.0836,benign,https://doi.org/10.1101/2022.10.22.513328
G284A,3.03169,0.2483,1.0579942763739825,Uncertain,Uncertain,107.6,,,,mutations_clinvar,,False,107.6,,,,neutral,neutral,neutral,UP,neutral,neutral,neutral,855397,Likely benign,1,70.51,-,-0.0638,2.5538,-5.5949,loss_of_function,-0.969791829367676,0.6267119600361383,Uncertain,0.123,benign,https://doi.org/10.1101/2022.10.22.513328
G284E,3.18113,-0.04728,0.6272021296178976,Uncertain,Uncertain,107.6,,,0.067,cBioPortal,,False,107.6,,,,neutral,neutral,neutral,UP,neutral,neutral,neutral,,,,70.51,-,-0.1063,2.5538,-2.2492,loss_of_function,-0.689981980316992,0.0199959117175323,Benign,0.1565,benign,https://doi.org/10.1101/2022.10.22.513328
G284R,2.11138,-0.48401,0.4502379502263975,Uncertain,Uncertain,107.6,,,0.068,cBioPortal,,False,107.6,,,,neutral,neutral,neutral,UP,neutral,neutral,neutral,,,,70.51,-,-0.1433,2.5538,-6.1799,loss_of_function,-2.08718169401874,0.7363667705691632,Pathogenic,0.1956,benign,https://doi.org/10.1101/2022.10.22.513328
V285I,-1.00802,0.57449,0.0670985053466743,Neutral,Neutral,9.3,,,0.022,"cBioPortal,COSMIC",,False,9.3,,,,neutral,neutral,neutral,UP,neutral,neutral,neutral,,,,69.98,-,0.1067,3.2409,-3.6313,gain_of_function,-0.484869246252163,0.0005124161670094,Benign,0.0906,benign,https://doi.org/10.1101/2022.10.22.513328
Q286E,-0.43038,-0.15136,-0.4692178963944826,Neutral,Neutral,102.1,,,,mutations_clinvar,,False,102.1,,,,neutral,neutral,neutral,DOWN,neutral,neutral,neutral,965977,Uncertain significance,1,69.2,-,-0.0189,2.1096,-4.2192,loss_of_function,-1.22865993058253,0.7354979447974334,Pathogenic,0.0735,benign,https://doi.org/10.1101/2022.10.22.513328
Q286H,0.09108,-0.4602,-0.3287839849651147,Neutral,Neutral,102.1,,,0.116,cBioPortal,,False,102.1,,,,neutral,neutral,neutral,UP,neutral,neutral,neutral,,,,69.2,-,-0.0302,2.1096,-7.2191,loss_of_function,-4.12968686862822,0.8985406525015365,Pathogenic,0.2551,benign,https://doi.org/10.1101/2022.10.22.513328
Q286R,-0.16925,0.2915,-0.4251221416086093,Neutral,Neutral,102.1,,,,mutations_clinvar,,False,102.1,,,,neutral,neutral,neutral,UP,neutral,neutral,neutral,134238,Conflicting interpretations of pathogenicity,1,69.2,-,-0.0541,2.1096,-5.8972,loss_of_function,-2.2021845309823,0.872104275863677,Pathogenic,0.0863,benign,https://doi.org/10.1101/2022.10.22.513328
E287G,0.38696,0.91701,1.004425053669791,Neutral,Neutral,91.3,,,0.078,cBioPortal,,False,91.3,,,,neutral,neutral,neutral,DOWN,neutral,neutral,neutral,,,,64.11,T,-0.0475,2.3159,-5.4166,loss_of_function,-1.74496229792519,0.8706536482796745,Pathogenic,0.0925,benign,https://doi.org/10.1101/2022.10.22.513328
E288D,0.09775,-0.70782,-0.3652085403395444,Neutral,Neutral,96.5,,,0.040,cBioPortal,,False,96.5,,,,neutral,neutral,neutral,DOWN,neutral,neutral,neutral,,,,66.83,T,0.1084,3.195,-2.4961,gain_of_function,-0.786449517611198,0.0035045388204841,Benign,0.0952,benign,https://doi.org/10.1101/2022.10.22.513328
E288K,-0.20622,0.28095,-0.014241750652168,Neutral,Neutral,96.5,,,0.072,COSMIC,,False,96.5,,,,neutral,neutral,neutral,UP,neutral,neutral,neutral,,,,66.83,T,0.0411,3.195,-4.639,gain_of_function,-1.50485801848703,0.2547972476022479,Benign,0.1181,benign,https://doi.org/10.1101/2022.10.22.513328
S290C,-0.02851,0.80136,0.7325499985705832,Neutral,Neutral,65.3,,0.0000119468603651,0.070,"cBioPortal,mutations_clinvar",,True,65.3,,,,uncertain,,,UP,neutral,neutral,neutral,1027052,Uncertain significance,1,77.02,H,-0.0027,2.6492,-5.6771,loss_of_function,-1.06754563035878,,,0.0929,benign,https://doi.org/10.1101/2022.10.22.513328
S290F,-1.29353,0.51122,-0.3695613652486829,Neutral,Neutral,65.3,,,,mutations_clinvar,,True,65.3,,,,uncertain,,,UP,neutral,neutral,neutral,1365434,Uncertain significance,1,77.02,H,-0.1113,2.6492,-21.5498,loss_of_function,-1.96343703958241,,,0.1477,benign,https://doi.org/10.1101/2022.10.22.513328
S290Y,-1.1159,0.34082,-0.3419320876333942,Neutral,Neutral,65.3,,,,mutations_clinvar,,True,65.3,,,,uncertain,,,UP,neutral,neutral,neutral,237058,Conflicting interpretations of pathogenicity,1,77.02,H,-0.0432,2.6492,-7.262,loss_of_function,-3.03787595593801,,,0.1249,benign,https://doi.org/10.1101/2022.10.22.513328
T291A,0.00269,0.5534,0.0602221636879174,Neutral,Neutral,43.5,,0.0000079622271942,0.054,"cBioPortal,mutations_clinvar",,True,43.5,,,,uncertain,,,DOWN,neutral,neutral,neutral,2041216,Uncertain significance,1,79.85,H,0.0752,3.1918,-1.7957,gain_of_function,-0.35154645080848,3.741960822788284e-15,Benign,0.0654,benign,https://doi.org/10.1101/2022.10.22.513328
H292D,1.08956,0.96939,2.8441949047861703,Neutral,Uncertain,11.9,0.0001274047649382,0.0002348464343146,0.092,"cBioPortal,COSMIC,FANCA_icope_sentieon_input,mutations_clinvar",,True,11.9,,,,neutral,neutral,neutral,DOWN,neutral,neutral,neutral,456139,Conflicting interpretations of pathogenicity,1,79.5,H,0.0303,3.182,-6.224,gain_of_function,-1.58509889397857,0.685288874107324,Pathogenic,0.1832,benign,https://doi.org/10.1101/2022.10.22.513328
H292Q,0.57429,1.61293,1.8520753241864465,Neutral,Neutral,11.9,3.18369945877e-05,0.0000159216654062,0.040,"cBioPortal,mutations_clinvar",,True,11.9,,,,neutral,neutral,neutral,DOWN,neutral,neutral,neutral,1192512,Uncertain significance,2,79.5,H,0.1134,3.182,-5.4166,gain_of_function,-1.50389008020084,0.6166573812451662,Uncertain,0.1663,benign,https://doi.org/10.1101/2022.10.22.513328
H292Y,-1.61523,-1.37789,-1.0612052392530125,Neutral,Neutral,11.9,,0.0000039804480392,0.056,"cBioPortal,COSMIC",,True,11.9,,,,neutral,neutral,neutral,UP,neutral,neutral,neutral,,,,79.5,H,0.1226,3.182,-2.9021,gain_of_function,-0.46577603120274,0.0001405814637775,Benign,0.0683,benign,https://doi.org/10.1101/2022.10.22.513328
K293E,1.83284,1.33197,0.7288401563259763,Neutral,Neutral,39.8,,,,mutations_clinvar,,True,39.8,,,,neutral,neutral,neutral,DOWN,neutral,neutral,neutral,1716676,Uncertain significance,1,80.37,H,-0.0045,2.751,-4.6582,loss_of_function,-1.18577752521908,0.425533933789977,Uncertain,0.1192,benign,https://doi.org/10.1101/2022.10.22.513328
K293R,-0.19965,-0.27313,-0.17356135524,Neutral,Neutral,39.8,,,0.017,cBioPortal,,True,39.8,,,,neutral,neutral,neutral,-,uncertain,uncertain,uncertain,,,,80.37,H,0.0935,2.751,-3.3363,gain_of_function,-0.495043998323112,1.246276542027072e-07,Benign,0.0714,benign,https://doi.org/10.1101/2022.10.22.513328
I294M,0.39613,1.78197,1.3768615018939223,Neutral,Neutral,11.2,,,,mutations_clinvar,,True,11.2,,,,neutral,neutral,neutral,-,uncertain,uncertain,uncertain,1319513,Uncertain significance,2,82.84,H,-0.036,2.2767,-8.1995,loss_of_function,-2.01143105114596,5.686763684892678e-07,Benign,0.0663,benign,https://doi.org/10.1101/2022.10.22.513328
I294T,1.77394,2.1102,2.3640152303786026,Uncertain,Uncertain,11.2,,,,mutations_clinvar,,True,11.2,,,,neutral,neutral,neutral,DOWN,neutral,neutral,neutral,456140,Uncertain significance,1,82.84,H,-0.076,2.2767,-2.9902,loss_of_function,0.312252082591432,4.284948726237529e-17,Benign,0.0507,benign,https://doi.org/10.1101/2022.10.22.513328
V295M,-0.9406,1.80714,2.3768301177632067,Neutral,Uncertain,0.3,,0.0000079581718488,0.170,"cBioPortal,COSMIC",,True,0.3,,,,neutral,neutral,neutral,UP,neutral,neutral,neutral,,,,83.84,H,-0.0444,2.4096,-3.7101,loss_of_function,-1.03869406438875,0.7438491457649055,Pathogenic,0.1524,benign,https://doi.org/10.1101/2022.10.22.513328
R296G,1.55492,1.76769,1.6797848497012997,Neutral,Neutral,65.1,,,0.092,COSMIC,,False,65.1,,,,neutral,neutral,neutral,DOWN,neutral,neutral,neutral,,,,81.45,H,-0.1085,2.7267,-5.4118,loss_of_function,-1.70200884751272,0.1368413334575136,Benign,0.0812,benign,https://doi.org/10.1101/2022.10.22.513328
R296T,0.3435,0.74728,0.5804457606201054,Neutral,Neutral,65.1,,,,mutations_clinvar,,False,65.1,,,,neutral,neutral,neutral,DOWN,neutral,neutral,neutral,237059,Uncertain significance,1,81.45,H,-0.0805,2.7267,-5.8972,loss_of_function,-0.959811524975645,0.0805761917978163,Benign,0.115,benign,https://doi.org/10.1101/2022.10.22.513328
W298C,5.63616,5.03333,6.118406082359724,Destabilizing,Destabilizing,1.5,,,,mutations_clinvar,,False,1.5,,,,neutral,neutral,neutral,DOWN,neutral,neutral,neutral,1721956,Uncertain significance,1,85.91,H,-0.3468,1.024,-8.2478,loss_of_function,-5.32601728993709,0.918990334127127,Pathogenic,0.8043,pathogenic,https://doi.org/10.1101/2022.10.22.513328
W298R,4.63687,4.64796,6.2098232866934,Destabilizing,Destabilizing,1.5,,,,mutations_clinvar,,False,1.5,,,,neutral,neutral,neutral,DOWN,neutral,neutral,neutral,1024559,Uncertain significance,1,85.91,H,-0.3779,1.024,-4.926,loss_of_function,-2.11823041817811,0.9094745544814712,Pathogenic,0.9426,pathogenic,https://doi.org/10.1101/2022.10.22.513328
W298S,5.82047,5.84966,6.845585018901372,Destabilizing,Destabilizing,1.5,,,0.525,cBioPortal,,False,1.5,,,,neutral,neutral,neutral,DOWN,neutral,neutral,neutral,,,,85.91,H,-0.4769,1.024,-21.5356,loss_of_function,-5.32601728993709,0.9191789326026948,Pathogenic,0.6808,pathogenic,https://doi.org/10.1101/2022.10.22.513328
F299L,1.50441,2.23061,1.832259201662052,Uncertain,Neutral,0.1,,,,mutations_clinvar,,False,0.1,,,,neutral,neutral,neutral,DOWN,neutral,neutral,neutral,643439,Uncertain significance,1,83.39,H,-0.0435,2.2446,-1.5992,loss_of_function,-0.542510190627821,2.703637699207642e-06,Benign,0.6132,pathogenic,https://doi.org/10.1101/2022.10.22.513328
F299S,5.38787,4.54864,4.892403141091037,Destabilizing,Destabilizing,0.1,,,,mutations_clinvar,,False,0.1,,,,neutral,neutral,neutral,DOWN,neutral,neutral,neutral,1419231,Uncertain significance,1,83.39,H,-0.2182,2.2446,-21.5451,loss_of_function,-2.13994285802907,0.7818019645800336,Pathogenic,0.3063,benign,https://doi.org/10.1101/2022.10.22.513328
G300R,1.28041,-0.89082,-1.1690448921520409,Neutral,Neutral,50.1,,,,mutations_clinvar,,False,50.1,,,,neutral,neutral,neutral,UP,neutral,neutral,neutral,1327088,Uncertain significance,1,78.32,H,-0.0875,3.1658,-6.2807,loss_of_function,-1.05293457870248,0.0002609906754912,Benign,0.16,benign,https://doi.org/10.1101/2022.10.22.513328
V301M,-1.37318,-0.23299,0.8590224369214511,Neutral,Neutral,6.5,,,,mutations_clinvar,,False,6.5,,,,neutral,neutral,neutral,UP,neutral,neutral,neutral,1357288,Uncertain significance,1,76.37,T,-0.0604,2.2156,-3.3496,loss_of_function,-0.534407756933093,1.1419930399896454e-06,Benign,0.0991,benign,https://doi.org/10.1101/2022.10.22.513328
S303G,1.82427,1.24592,0.6650750895403934,Neutral,Neutral,43.3,,0.0000119370677787,0.122,cBioPortal,P,False,43.3,1.879,,,damaging,neutral,uncertain,DOWN,neutral,neutral,neutral,,,,68.32,S,0.0402,2.6354,-5.1247,gain_of_function,-0.825752652889386,0.0171533030671738,Benign,0.0577,benign,https://doi.org/10.1101/2022.10.22.513328
S303N,1.38713,-0.04524,-0.1205722638033707,Neutral,Neutral,43.3,,,,mutations_clinvar,P,False,43.3,1.879,,,damaging,neutral,uncertain,UP,neutral,neutral,neutral,408179,Uncertain significance,2,68.32,S,0.0346,2.6354,-3.6508,gain_of_function,-1.2334768375023,0.4984779400369487,Uncertain,0.1255,benign,https://doi.org/10.1101/2022.10.22.513328
S303R,1.15436,0.94456,-0.4110198884985366,Neutral,Neutral,43.3,,,0.187,cBioPortal,P,False,43.3,1.879,,,damaging,neutral,uncertain,UP,neutral,neutral,neutral,,,,68.32,S,-0.0505,2.6354,-6.2946,loss_of_function,-1.94440403517293,0.7443006407596252,Pathogenic,0.2567,benign,https://doi.org/10.1101/2022.10.22.513328
G304A,-0.97162,-1.14592,-0.5154489570727477,Neutral,Neutral,43.7,,,,mutations_clinvar,,False,43.7,,,,neutral,neutral,neutral,UP,neutral,neutral,neutral,971634,Uncertain significance,1,59.96,H,-0.0462,2.5634,-2.3265,loss_of_function,-0.891346620807986,0.04348093237827,Benign,0.1119,benign,https://doi.org/10.1101/2022.10.22.513328
G304E,-1.01558,-1.22789,-0.1815412545421346,Neutral,Neutral,43.7,,,,mutations_clinvar,,False,43.7,,,,neutral,neutral,neutral,UP,neutral,neutral,neutral,1319244,Uncertain significance,2,59.96,H,-0.1244,2.5634,-5.9818,loss_of_function,-1.82158366311896,0.231531816695107,Benign,0.1827,benign,https://doi.org/10.1101/2022.10.22.513328
G304R,-1.447,-0.84388,-0.9058845714833424,Neutral,Neutral,43.7,,,,mutations_clinvar,,False,43.7,,,,neutral,neutral,neutral,UP,neutral,neutral,neutral,967276,Uncertain significance,1,59.96,H,-0.1451,2.5634,-6.7188,loss_of_function,-1.8366216844123,0.5892867798673511,Uncertain,0.1677,benign,https://doi.org/10.1101/2022.10.22.513328
G304V,-0.81127,-0.98095,-0.8623170418880521,Neutral,Neutral,43.7,,0.0000119358329620,0.115,cBioPortal,,False,43.7,,,,neutral,neutral,neutral,UP,neutral,neutral,neutral,,,,59.96,H,-0.1325,2.5634,-2.2377,loss_of_function,-0.992694459655132,0.0452978127818398,Benign,0.135,benign,https://doi.org/10.1101/2022.10.22.513328
H305P,0.17032,2.12347,1.829249231996386,Uncertain,Neutral,88.0,3.1849162367e-05,0.0000159124180510,0.050,cBioPortal,,False,88.0,,,,neutral,neutral,neutral,DOWN,neutral,neutral,neutral,,,,60.79,H,-0.1341,2.5974,-5.1475,loss_of_function,-1.27292206924356,0.0326342809889178,Benign,0.0725,benign,https://doi.org/10.1101/2022.10.22.513328
H305Y,-0.20755,0.18095,-0.1248190876207344,Neutral,Neutral,88.0,,,,mutations_clinvar,,False,88.0,,,,neutral,neutral,neutral,UP,neutral,neutral,neutral,843882,Likely benign,1,60.79,H,0.0463,2.5974,-7.3173,gain_of_function,-2.498261062908,0.128127065988945,Benign,0.096,benign,https://doi.org/10.1101/2022.10.22.513328
T306A,0.19008,0.40272,0.705204933830143,Neutral,Neutral,27.9,,0.0000079562090255,0.069,cBioPortal,,False,27.9,,,,uncertain,,,DOWN,neutral,neutral,neutral,,,,58.45,H,0.0256,2.8271,-4.9449,gain_of_function,-0.559742432515801,0.0078569682982915,Benign,0.074,benign,https://doi.org/10.1101/2022.10.22.513328
T306K,0.52555,0.19116,0.6916942002079596,Neutral,Neutral,27.9,,,,mutations_clinvar,,False,27.9,,,,uncertain,,,UP,neutral,neutral,neutral,1506541,Uncertain significance,1,58.45,H,-0.0694,2.8271,-7.2667,loss_of_function,-2.95892753744025,0.2590386846592565,Benign,0.1194,benign,https://doi.org/10.1101/2022.10.22.513328
T306M,-2.04763,-0.55714,-0.4273353888412162,Uncertain,Uncertain,27.9,,0.0000039781678150,0.172,"cBioPortal,COSMIC,mutations_clinvar",,False,27.9,,,,uncertain,,,UP,neutral,neutral,neutral,1319243,Uncertain significance,2,58.45,H,-0.0086,2.8271,-2.8745,loss_of_function,0.0286835656846603,6.12261774150633e-05,Benign,0.0651,benign,https://doi.org/10.1101/2022.10.22.513328
T306R,0.71281,0.90782,-0.0143421570838142,Neutral,Neutral,27.9,,,0.226,"cBioPortal,COSMIC,mutations_clinvar",,False,27.9,,,,uncertain,,,UP,neutral,neutral,neutral,1389764,Uncertain significance,1,58.45,H,-0.0603,2.8271,-4.9449,loss_of_function,-1.36333859300206,0.0064223277517348,Benign,0.0813,benign,https://doi.org/10.1101/2022.10.22.513328
L307I,1.13517,3.57313,1.153407191138588,Uncertain,Neutral,2.8,,,,mutations_clinvar,,False,2.8,,,,neutral,neutral,neutral,-,uncertain,uncertain,uncertain,1714805,Uncertain significance,1,58.98,H,0.0011,2.4292,-8.2806,gain_of_function,-2.7861401522762,0.0012059551281421,Benign,0.0932,benign,https://doi.org/10.1101/2022.10.22.513328
G308D,0.75329,-0.36735,0.3345425364181503,Neutral,Neutral,50.9,,,,mutations_clinvar,,False,50.9,,,,neutral,neutral,neutral,UP,neutral,neutral,neutral,1501164,Uncertain significance,1,56.19,T,-0.1109,2.6772,-5.2432,loss_of_function,-0.951793403476959,0.0018239686921901,Benign,0.117,benign,https://doi.org/10.1101/2022.10.22.513328
S309G,0.09491,0.67517,0.9076692918551038,Neutral,Neutral,80.3,,,0.039,cBioPortal,P,False,80.3,0.03,,,damaging,neutral,uncertain,DOWN,neutral,neutral,neutral,,,,59.98,T,0.0656,2.7477,-2.161,gain_of_function,-0.217684041596411,3.188477270337462e-10,Benign,0.0525,benign,https://doi.org/10.1101/2022.10.22.513328
I311T,3.73421,2.28503,3.560527968918883,Uncertain,Destabilizing,0.0,0.0031528662420382,0.0010180788533887,0.050,"COSMIC,mutations_clinvar",,True,0.0,,,,neutral,neutral,neutral,DOWN,neutral,neutral,neutral,134240,Benign/Likely benign,2,58.03,S,-0.1047,2.1349,-6.0747,loss_of_function,-0.823440569847457,0.1015395693342294,Benign,0.2325,benign,https://doi.org/10.1101/2022.10.22.513328
S312F,-0.23847,0.52619,-0.0430788836042583,Neutral,Neutral,83.8,,,0.259,"cBioPortal,COSMIC",,True,83.8,,,,uncertain,,,UP,neutral,neutral,stabilizing,,,,67.44,-,-0.0512,2.5737,-8.4093,loss_of_function,-1.68218565190606,0.5284002185889309,Uncertain,0.1735,benign,https://doi.org/10.1101/2022.10.22.513328
P315L,3.62021,1.38537,-0.3245341479751962,Uncertain,Uncertain,6.8,,0.0000039767440011,0.126,"cBioPortal,COSMIC",,True,6.8,,,,neutral,neutral,neutral,UP,neutral,neutral,stabilizing,,,,76.1,H,-0.0804,2.338,-6.3966,loss_of_function,-1.17494621867308,6.07949743905432e-05,Benign,0.0931,benign,https://doi.org/10.1101/2022.10.22.513328
P315R,3.91875,4.93503,0.8583632819391479,Destabilizing,Uncertain,6.8,,,,mutations_clinvar,,True,6.8,,,,neutral,neutral,neutral,UP,neutral,neutral,stabilizing,834446,Conflicting interpretations of pathogenicity,1,76.1,H,-0.1036,2.338,-6.8116,loss_of_function,-2.55415078042018,0.000458485080143,Benign,0.146,benign,https://doi.org/10.1101/2022.10.22.513328
P315S,2.74628,-1.12551,0.5502813120606417,Uncertain,Uncertain,6.8,,0.0000119301371170,0.101,cBioPortal,,True,6.8,,,,neutral,neutral,neutral,DOWN,neutral,neutral,neutral,,,,76.1,H,-0.0042,2.338,-1.0568,loss_of_function,0.385892685411157,5.531851534900901e-19,Benign,0.0605,benign,https://doi.org/10.1101/2022.10.22.513328
P315T,4.14378,-0.76633,0.0538115701061986,Uncertain,Uncertain,6.8,,,,mutations_clinvar,,True,6.8,,,,neutral,neutral,neutral,-,uncertain,uncertain,uncertain,1984681,Uncertain significance,1,76.1,H,-0.0287,2.338,-3.4897,loss_of_function,-0.057163750114428,5.363446260618191e-08,Benign,0.0645,benign,https://doi.org/10.1101/2022.10.22.513328
K317R,-0.57106,-0.05646,0.5227140552513029,Neutral,Neutral,43.7,,,0.019,cBioPortal,,True,43.7,,,,neutral,neutral,neutral,-,uncertain,uncertain,uncertain,,,,81.68,H,0.0203,1.9315,-2.9027,gain_of_function,-0.687326343930606,0.3305687443640733,Uncertain,0.0848,benign,https://doi.org/10.1101/2022.10.22.513328
R318M,0.41054,0.57483,0.8425281342478397,Neutral,Neutral,42.5,,,,mutations_clinvar,,True,42.5,,,,neutral,neutral,neutral,DOWN,neutral,neutral,neutral,456144,Conflicting interpretations of pathogenicity,1,80.99,H,-0.1706,2.2267,-21.7098,loss_of_function,-4.20402203717353,0.9132685202139864,Pathogenic,0.123,benign,https://doi.org/10.1101/2022.10.22.513328
F319L,2.52613,2.0534,2.3057935950427084,Uncertain,Uncertain,5.0,,,,mutations_clinvar,,True,5.0,,,,neutral,neutral,neutral,DOWN,neutral,neutral,neutral,1351724,Likely benign,1,83.9,H,-0.2215,0.5778,-6.4262,loss_of_function,-3.39438714095303,0.917192713466796,Pathogenic,0.9047,pathogenic,https://doi.org/10.1101/2022.10.22.513328
F320L,1.73877,2.84864,2.043454906785387,Uncertain,Uncertain,0.5,,,0.063,"cBioPortal,COSMIC",,True,0.5,,,,neutral,neutral,neutral,DOWN,neutral,neutral,neutral,,,,84.6,H,-0.167,1.089,-4.971,loss_of_function,-2.39207872271104,0.1072824681172629,Benign,0.6328,pathogenic,https://doi.org/10.1101/2022.10.22.513328
S321N,0.35653,-0.3602,-0.1128020044055277,Neutral,Neutral,33.2,,,,mutations_clinvar,,True,33.2,,,,uncertain,,,UP,neutral,neutral,stabilizing,2146156,Uncertain significance,1,83.62,H,0.0302,2.7974,-7.4304,gain_of_function,-3.08764101120066,0.0826340992840284,Benign,0.1613,benign,https://doi.org/10.1101/2022.10.22.513328
S321T,0.05441,-0.51735,-0.0097229807900428,Neutral,Neutral,33.2,,,0.053,cBioPortal,,True,33.2,,,,neutral,,,UP,neutral,neutral,stabilizing,,,,83.62,H,0.0878,2.7974,-2.343,gain_of_function,-0.68270495618087,0.0050445462112945,Benign,0.095,benign,https://doi.org/10.1101/2022.10.22.513328
H322N,0.17096,1.69456,1.4505483958204275,Neutral,Neutral,40.8,,,0.274,cBioPortal,,True,40.8,,,,neutral,neutral,neutral,DOWN,neutral,neutral,neutral,,,,86.8,H,-0.1258,1.081,-6.8455,loss_of_function,-4.91245885373388,0.91092252102576,Pathogenic,0.1592,benign,https://doi.org/10.1101/2022.10.22.513328
H322Y,-1.60277,-0.57721,-0.4540998631855775,Neutral,Neutral,40.8,,0.0000596497367458,0.157,"cBioPortal,FANCA_icope_sentieon_input,mutations_clinvar",,True,40.8,,,,neutral,neutral,neutral,UP,neutral,neutral,stabilizing,456146,Conflicting interpretations of pathogenicity,1,86.8,H,-0.0887,1.081,-6.4304,loss_of_function,-1.4496947036605,0.8677040896620589,Pathogenic,0.1097,benign,https://doi.org/10.1101/2022.10.22.513328
T323I,-2.36828,-0.64082,-0.8493534409391584,Uncertain,Uncertain,2.0,,,0.409,"cBioPortal,COSMIC",P,True,2.0,5.398,,,uncertain,uncertain,uncertain,UP,neutral,neutral,neutral,,,,87.4,H,-0.0842,1.9654,-5.8455,loss_of_function,-2.75052904465948,0.8908848328682658,Pathogenic,0.2647,benign,https://doi.org/10.1101/2022.10.22.513328
L324P,7.64444,12.02143,9.852366959301284,Destabilizing,Destabilizing,0.0,,,,mutations_clinvar,,True,0.0,,,,neutral,neutral,neutral,DOWN,neutral,neutral,neutral,1707718,Likely pathogenic,1,88.79,H,-0.4647,0.3871,-21.7223,loss_of_function,-5.95409451026895,0.8887814649521819,Pathogenic,0.9445,pathogenic,https://doi.org/10.1101/2022.10.22.513328
L324R,5.42612,5.94184,4.305295401407226,Destabilizing,Destabilizing,0.0,,,,mutations_clinvar,,True,0.0,,,,neutral,neutral,neutral,UP,neutral,neutral,neutral,456147,Conflicting interpretations of pathogenicity,1,88.79,H,-0.3936,0.3871,-8.4345,loss_of_function,-5.95409451026895,0.9163834456837529,Pathogenic,0.8096,pathogenic,https://doi.org/10.1101/2022.10.22.513328
T325A,-0.48093,-0.04286,0.5185878727704842,Neutral,Neutral,28.2,,,0.253,COSMIC,,True,28.2,,,,uncertain,,,DOWN,neutral,neutral,neutral,,,,87.47,H,-0.1115,1.4755,-7.4346,loss_of_function,-3.43345448397339,0.8096303217380324,Pathogenic,0.1557,benign,https://doi.org/10.1101/2022.10.22.513328
Q326E,1.41586,0.61361,1.084521958635933,Neutral,Neutral,25.1,,,,mutations_clinvar,,True,25.1,,,,neutral,neutral,neutral,DOWN,neutral,neutral,neutral,2177794,Uncertain significance,1,87.39,H,-0.01,2.1115,-2.5039,loss_of_function,-1.30799711780688,0.9003656031898979,Pathogenic,0.1016,benign,https://doi.org/10.1101/2022.10.22.513328
Q326L,-0.73748,-1.35918,-1.157198017336429,Neutral,Neutral,25.1,,,0.424,COSMIC,,True,25.1,,,,neutral,neutral,neutral,UP,neutral,neutral,neutral,,,,87.39,H,-0.0409,2.1115,-5.8497,loss_of_function,-4.06461823551117,0.9173303511191871,Pathogenic,0.1818,benign,https://doi.org/10.1101/2022.10.22.513328
I327K,6.58952,6.57653,6.154841187819073,Destabilizing,Destabilizing,0.0,,,,mutations_clinvar,,True,0.0,,,,neutral,neutral,neutral,-,uncertain,uncertain,uncertain,1382439,Uncertain significance,1,87.96,H,-0.3311,2.065,-21.7223,loss_of_function,-4.19782227714266,0.8964531362115713,Pathogenic,0.9113,pathogenic,https://doi.org/10.1101/2022.10.22.513328
L328V,2.86489,1.84694,1.8486580567215296,Uncertain,Uncertain,0.0,,,,mutations_clinvar,,True,0.0,,,,neutral,neutral,neutral,DOWN,neutral,neutral,neutral,972253,Uncertain significance,2,88.56,H,-0.1964,0.5978,-6.8496,loss_of_function,-3.32467258669776,0.9188619708305968,Pathogenic,0.2627,benign,https://doi.org/10.1101/2022.10.22.513328
T329I,-1.01182,-0.17177,-0.2698646073487976,Neutral,Neutral,18.4,,,,mutations_clinvar,P,True,18.4,1.738,,,uncertain,neutral,uncertain,UP,neutral,neutral,neutral,1463213,Uncertain significance,1,86.76,H,-0.1707,0.9925,-5.2647,loss_of_function,-2.20024506823186,0.8149758711438003,Pathogenic,0.2886,benign,https://doi.org/10.1101/2022.10.22.513328
H330D,1.64181,0.80068,1.7154700117655644,Neutral,Neutral,20.9,,,,mutations_clinvar,,True,20.9,,,,neutral,neutral,neutral,DOWN,neutral,neutral,neutral,1404110,Uncertain significance,1,84.56,S,-0.1119,1.6489,-6.4304,loss_of_function,-5.07053484613389,0.9000014905678326,Pathogenic,0.4636,ambiguous,https://doi.org/10.1101/2022.10.22.513328
S331G,-0.0253,3.02143,0.539418298124242,Uncertain,Neutral,51.0,,,0.076,cBioPortal,,True,51.0,,,,uncertain,,,DOWN,neutral,neutral,neutral,,,,80.81,-,-0.0754,2.3,-21.7182,loss_of_function,-3.31827163290368,0.1013692929008235,Benign,0.0946,benign,https://doi.org/10.1101/2022.10.22.513328
P332A,0.96771,0.3051,-0.2768084596359221,Neutral,Neutral,30.3,,0.0000039764593606,0.368,COSMIC,,True,30.3,,,,neutral,neutral,neutral,DOWN,neutral,neutral,neutral,,,,81.21,-,-0.2023,0.4679,-6.1085,loss_of_function,-2.14225844800036,0.9152823557255044,Pathogenic,0.2035,benign,https://doi.org/10.1101/2022.10.22.513328
P332H,3.66622,1.91633,-0.4657537842321529,Uncertain,Uncertain,30.3,,,0.422,"cBioPortal,COSMIC",,True,30.3,,,,neutral,neutral,neutral,UP,neutral,neutral,neutral,,,,81.21,-,-0.3207,0.4679,-21.7182,loss_of_function,-5.74530468648484,0.9047427916159808,Pathogenic,0.5634,ambiguous,https://doi.org/10.1101/2022.10.22.513328
P332S,1.63223,1.75068,0.0174557889216658,Neutral,Neutral,30.3,,,,mutations_clinvar,,True,30.3,,,,neutral,neutral,neutral,DOWN,neutral,neutral,neutral,2415658,Uncertain significance,1,81.21,-,-0.2037,0.4679,-6.4304,loss_of_function,-3.47840515240219,0.9115974668114448,Pathogenic,0.3974,ambiguous,https://doi.org/10.1101/2022.10.22.513328
P332T,2.18723,2.20714,-0.0995336883215719,Uncertain,Uncertain,30.3,,,,mutations_clinvar,,True,30.3,,,,neutral,neutral,neutral,-,uncertain,uncertain,uncertain,1419342,Uncertain significance,2,81.21,-,-0.2142,0.4679,-6.1085,loss_of_function,-3.44550928505944,0.9191819637124276,Pathogenic,0.3409,ambiguous,https://doi.org/10.1101/2022.10.22.513328
V333M,-0.4863,0.66224,0.2448477799155451,Neutral,Neutral,88.2,,,0.065,cBioPortal,,True,88.2,,,,neutral,neutral,neutral,UP,neutral,neutral,neutral,,,,75.27,-,-0.0312,2.6484,-5.4304,loss_of_function,-0.607659545179355,0.6604292969368046,Uncertain,0.1017,benign,https://doi.org/10.1101/2022.10.22.513328
K335T,-0.98953,0.21293,0.3494273960747351,Neutral,Neutral,90.5,,,,mutations_clinvar,,False,90.5,,,,neutral,neutral,neutral,DOWN,neutral,neutral,neutral,1024070,Uncertain significance,2,83.29,-,-0.0847,1.7326,-2.5725,loss_of_function,-1.14683352619867,0.0252756999889441,Benign,0.2129,benign,https://doi.org/10.1101/2022.10.22.513328
S337C,0.00359,-0.08707,0.6174614086950897,Neutral,Neutral,31.0,,,,mutations_clinvar,P,False,31.0,0.415,,,damaging,neutral,uncertain,UP,neutral,neutral,neutral,660855,Uncertain significance,1,80.76,H,-0.1512,1.0763,-6.4178,loss_of_function,-1.47653457022591,0.881203509258592,Pathogenic,0.145,benign,https://doi.org/10.1101/2022.10.22.513328
S337F,-1.36998,-2.17755,-0.878260711550759,Uncertain,Neutral,31.0,,,0.341,COSMIC,P,False,31.0,0.415,,,damaging,neutral,uncertain,UP,neutral,neutral,neutral,,,,80.76,H,-0.1839,1.0763,-7.4178,loss_of_function,-3.25541438164404,0.9132338434036716,Pathogenic,0.341,ambiguous,https://doi.org/10.1101/2022.10.22.513328
D338H,0.4683,0.29116,-0.3401584437006166,Neutral,Neutral,46.8,,,,mutations_clinvar,,False,46.8,,,,neutral,neutral,neutral,UP,neutral,neutral,neutral,2161305,Uncertain significance,1,85.1,H,-0.2018,0.9318,-8.4303,loss_of_function,-4.20931263532029,0.912275335838736,Pathogenic,0.4848,ambiguous,https://doi.org/10.1101/2022.10.22.513328
D338N,0.7603,0.92789,-0.0502092065836662,Neutral,Neutral,46.8,,,0.276,cBioPortal,,False,46.8,,,,neutral,neutral,neutral,-,uncertain,uncertain,uncertain,,,,85.1,H,-0.227,0.9318,-21.7182,loss_of_function,-3.44379496850529,0.919085947875575,Pathogenic,0.2501,benign,https://doi.org/10.1101/2022.10.22.513328
D338Y,0.46287,0.57721,-0.4588995036398202,Neutral,Neutral,46.8,,,0.441,cBioPortal,,False,46.8,,,,neutral,neutral,neutral,UP,neutral,neutral,neutral,,,,85.1,H,-0.2324,0.9318,-7.4304,loss_of_function,-5.48026388514143,0.9074793564549156,Pathogenic,0.5256,ambiguous,https://doi.org/10.1101/2022.10.22.513328
V340I,0.0119,1.1034,0.743396942438021,Neutral,Neutral,4.0,,,,mutations_clinvar,,False,4.0,,,,neutral,neutral,neutral,UP,neutral,neutral,neutral,951865,Uncertain significance,2,85.03,H,-0.0442,1.4495,-0.8877,loss_of_function,-0.676431646786453,1.5763548597405658e-07,Benign,0.0705,benign,https://doi.org/10.1101/2022.10.22.513328
M342I,1.66839,1.01088,0.4028135367503227,Neutral,Neutral,42.7,,,0.340,"cBioPortal,COSMIC",,False,42.7,,,,neutral,neutral,neutral,-,uncertain,uncertain,uncertain,,,,82.08,H,-0.0281,2.3089,-6.8621,loss_of_function,-2.54706814989858,0.8847908297355198,Pathogenic,0.6569,pathogenic,https://doi.org/10.1101/2022.10.22.513328
Q343H,5.58331,-1.06837,0.7258379044298913,Uncertain,Uncertain,2.5,3.18451054073e-05,0.0000080335480969,0.407,"cBioPortal,mutations_clinvar",,False,2.5,,,,neutral,neutral,neutral,UP,neutral,neutral,neutral,2186432,Uncertain significance,1,85.0,G,-0.1908,0.257,-5.2813,loss_of_function,-6.0540532213157,0.9184136196105668,Pathogenic,0.9615,pathogenic,https://doi.org/10.1101/2022.10.22.513328
E345K,-0.52198,-0.05748,0.2064179754954104,Neutral,Neutral,62.5,,,,mutations_clinvar,,False,62.5,,,,neutral,neutral,neutral,UP,neutral,neutral,neutral,964853,Uncertain significance,1,81.52,G,-0.0965,1.6674,-4.063,loss_of_function,-2.62400658668766,0.8502301846836755,Pathogenic,0.1829,benign,https://doi.org/10.1101/2022.10.22.513328
W346C,3.54559,3.41939,3.994188004511908,Destabilizing,Destabilizing,4.3,,,0.564,"cBioPortal,COSMIC,mutations_clinvar",,False,4.3,,,,neutral,neutral,neutral,DOWN,neutral,neutral,neutral,554900,Conflicting interpretations of pathogenicity,1,86.34,S,-0.48,0.3262,-21.7512,loss_of_function,-6.0540532213157,0.915909587677694,Pathogenic,0.9603,pathogenic,https://doi.org/10.1101/2022.10.22.513328
S347N,0.93462,-0.04422,0.0081868489364994,Neutral,Neutral,20.7,,,0.542,cBioPortal,P,False,20.7,3.412,,,damaging,damaging,uncertain,UP,neutral,neutral,neutral,,,,85.06,S,-0.0649,1.6656,-5.6521,loss_of_function,-2.96317682385263,0.9106356519357192,Pathogenic,0.1946,benign,https://doi.org/10.1101/2022.10.22.513328
A349E,0.43599,-0.71973,0.5994426905744377,Neutral,Neutral,76.1,,,,mutations_clinvar,,True,76.1,,,,neutral,neutral,neutral,UP,neutral,neutral,neutral,1475478,Uncertain significance,1,74.86,T,-0.1551,1.873,-6.4635,loss_of_function,-5.12788412386321,0.9177709438085946,Pathogenic,0.4197,ambiguous,https://doi.org/10.1101/2022.10.22.513328
A349P,-0.23861,3.13333,2.8379241235492416,Uncertain,Uncertain,76.1,,,0.360,COSMIC,,True,76.1,,,,neutral,neutral,neutral,UP,neutral,neutral,neutral,,,,74.86,T,-0.2143,1.873,-7.4635,loss_of_function,-5.12788412386321,0.903540395839421,Pathogenic,0.2434,benign,https://doi.org/10.1101/2022.10.22.513328
A349V,-0.02363,-0.44898,0.2929570061702979,Neutral,Neutral,76.1,,0.0000401583846691,0.102,"cBioPortal,COSMIC,mutations_clinvar",,True,76.1,,,,neutral,neutral,neutral,UP,neutral,neutral,neutral,456074,Uncertain significance,2,74.86,T,-0.048,1.873,-5.0041,loss_of_function,-1.87233638246998,0.0504957102043499,Benign,0.1225,benign,https://doi.org/10.1101/2022.10.22.513328
R350L,0.58148,-1.06769,-0.1596303907727581,Neutral,Neutral,67.5,,,,mutations_clinvar,,True,67.5,,,,neutral,neutral,neutral,DOWN,neutral,neutral,neutral,439689,Uncertain significance,2,79.98,T,-0.1862,1.6051,-6.8785,loss_of_function,-4.75834343609056,0.6576533636629637,Uncertain,0.2875,benign,https://doi.org/10.1101/2022.10.22.513328
R350Q,0.79555,-2.0449,0.4421013477865426,Uncertain,Neutral,67.5,3.1849162367e-05,0.0001325216050374,0.132,"cBioPortal,COSMIC,mutations_clinvar",,True,67.5,,,,neutral,neutral,neutral,DOWN,neutral,neutral,neutral,134241,Conflicting interpretations of pathogenicity,1,79.98,T,-0.1534,1.6051,-5.8785,loss_of_function,-3.40448381264013,0.8622930234018686,Pathogenic,0.1061,benign,https://doi.org/10.1101/2022.10.22.513328
R350V,1.6528,-0.44082,0.1540230494577238,Neutral,Neutral,67.5,,,,mutations_clinvar,,True,67.5,,,,neutral,neutral,neutral,DOWN,neutral,neutral,neutral,1693690,Uncertain significance,1,79.98,T,-0.2762,1.6051,-21.7512,loss_of_function,-4.75834343609056,0.9059372750094824,Pathogenic,0.44,ambiguous,https://doi.org/10.1101/2022.10.22.513328
R350W,1.00912,0.20646,-0.1349487568803992,Neutral,Neutral,67.5,3.1847133758e-05,0.0000321269657687,0.262,"cBioPortal,mutations_clinvar",,True,67.5,,,,neutral,neutral,neutral,UP,neutral,neutral,neutral,435133,Uncertain significance,2,79.98,T,-0.2774,1.6051,-21.7512,loss_of_function,-4.75834343609056,0.8791610614815766,Pathogenic,0.2397,benign,https://doi.org/10.1101/2022.10.22.513328
P353A,1.94923,0.86973,-0.1191406362711022,Neutral,Neutral,79.0,,,,mutations_clinvar,,True,79.0,,,,neutral,neutral,neutral,DOWN,neutral,neutral,neutral,1011035,Uncertain significance,1,79.74,H,-0.0082,2.5238,-5.1375,loss_of_function,-0.962620766565433,0.2930694901787111,Benign,0.106,benign,https://doi.org/10.1101/2022.10.22.513328
P353T,2.06794,1.48571,-0.071048649165003,Uncertain,Uncertain,79.0,,0.0000000000000000,0.042,cBioPortal,,True,79.0,,,,neutral,neutral,neutral,-,uncertain,uncertain,uncertain,,,,79.74,H,-0.0208,2.5238,-5.2895,loss_of_function,-0.901632802559508,0.0319343772744668,Benign,0.1143,benign,https://doi.org/10.1101/2022.10.22.513328
L354Q,2.67799,3.02245,2.224975662053191,Uncertain,Uncertain,11.8,,,,mutations_clinvar,,True,11.8,,,,neutral,neutral,neutral,DOWN,neutral,neutral,neutral,2444887,Uncertain significance,1,81.37,H,-0.2207,1.6221,-8.4593,loss_of_function,-5.07091914192395,0.9191627713590824,Pathogenic,0.2169,benign,https://doi.org/10.1101/2022.10.22.513328
L355F,-0.28749,2.45408,1.109948356166232,Uncertain,Neutral,9.9,,,0.277,"cBioPortal,COSMIC",,True,9.9,,,,neutral,neutral,neutral,UP,neutral,neutral,neutral,,,,85.09,H,-0.2023,0.8178,-7.4675,loss_of_function,-6.05289051845162,0.9132621361571692,Pathogenic,0.3843,ambiguous,https://doi.org/10.1101/2022.10.22.513328
L355I,0.84251,1.2585,0.810904105669793,Neutral,Neutral,9.9,,,,mutations_clinvar,,True,9.9,,,,neutral,neutral,neutral,-,uncertain,uncertain,uncertain,2093235,Uncertain significance,1,85.09,H,-0.1349,0.8178,-5.8826,loss_of_function,-3.64895018161827,0.9174260540782556,Pathogenic,0.228,benign,https://doi.org/10.1101/2022.10.22.513328
S357L,-0.53445,-1.04456,-1.148647682220455,Neutral,Neutral,34.4,,0.0000040159029758,0.238,"cBioPortal,COSMIC",P,False,34.4,-0.948,,,damaging,neutral,uncertain,UP,neutral,neutral,neutral,,,,80.33,H,-0.0287,2.759,-7.4675,loss_of_function,-1.51725563101815,0.0101611658449877,Benign,0.1107,benign,https://doi.org/10.1101/2022.10.22.513328
L358R,7.09038,6.05068,4.134133756543034,Destabilizing,Destabilizing,0.0,,,,mutations_clinvar,,False,0.0,,,,neutral,neutral,neutral,UP,neutral,neutral,neutral,974310,Pathogenic,0,84.02,H,-0.3393,0.9791,-8.4634,loss_of_function,-5.85528992115916,0.9141641583290394,Pathogenic,0.6456,pathogenic,https://doi.org/10.1101/2022.10.22.513328
L358V,4.34365,3.28707,1.9821419100456537,Destabilizing,Uncertain,0.0,3.1847133758e-05,0.0000160615478514,0.468,"COSMIC,mutations_clinvar",,False,0.0,,,,neutral,neutral,neutral,DOWN,neutral,neutral,neutral,408191,Uncertain significance,1,84.02,H,-0.1533,0.9791,-5.2936,loss_of_function,-3.52982779981073,0.9071432241473651,Pathogenic,0.1356,benign,https://doi.org/10.1101/2022.10.22.513328
Y359C,3.52939,3.76769,4.371951780196605,Destabilizing,Destabilizing,0.0,,0.0000361402240694,0.372,"cBioPortal,mutations_clinvar",,True,0.0,,,,uncertain,,,DOWN,neutral,neutral,neutral,2182124,Likely benign,1,87.06,H,-0.195,1.5995,-6.4635,loss_of_function,-2.81056856179864,0.8798977024252634,Pathogenic,0.2667,benign,https://doi.org/10.1101/2022.10.22.513328
R360C,0.54692,0.31769,1.944580697856576,Neutral,Neutral,25.1,3.18552497452e-05,0.0000160646441280,0.137,"cBioPortal,mutations_clinvar",,True,25.1,,,,neutral,neutral,neutral,DOWN,neutral,neutral,neutral,849006,Likely benign,1,79.69,H,-0.1496,1.8549,-2.944,loss_of_function,-1.20815211710891,0.0024272940771223,Benign,0.0939,benign,https://doi.org/10.1101/2022.10.22.513328
R360H,0.8199,0.52925,1.115326620220248,Neutral,Neutral,25.1,3.1849162367e-05,0.0000200788698006,0.453,"cBioPortal,COSMIC,mutations_clinvar",,True,25.1,,,,neutral,neutral,neutral,DOWN,neutral,neutral,neutral,1969336,Uncertain significance,1,79.69,H,-0.1243,1.8549,-5.6602,loss_of_function,-1.75707624493104,0.369131127601518,Uncertain,0.1013,benign,https://doi.org/10.1101/2022.10.22.513328
R360L,-1.36477,-0.52109,-0.450846633000852,Neutral,Neutral,25.1,,,0.417,COSMIC,,True,25.1,,,,neutral,neutral,neutral,DOWN,neutral,neutral,neutral,,,,79.69,H,-0.1612,1.8549,-6.4676,loss_of_function,-4.68956932363603,0.9062873441287592,Pathogenic,0.222,benign,https://doi.org/10.1101/2022.10.22.513328
R361T,1.87895,0.8517,1.6427748180740664,Neutral,Neutral,34.6,,,,mutations_clinvar,,True,34.6,,,,neutral,neutral,neutral,DOWN,neutral,neutral,neutral,2043809,Uncertain significance,1,82.88,H,-0.2468,1.7988,-21.7635,loss_of_function,-4.92674257363194,0.8469386821675944,Pathogenic,0.225,benign,https://doi.org/10.1101/2022.10.22.513328
L362I,0.37592,0.90952,1.403078003019201,Neutral,Neutral,0.0,,,0.114,cBioPortal,,True,0.0,,,,neutral,neutral,neutral,-,uncertain,uncertain,uncertain,,,,81.91,H,-0.0958,1.1705,-4.585,loss_of_function,-0.170630716314921,0.8585871841850256,Pathogenic,0.1385,benign,https://doi.org/10.1101/2022.10.22.513328
L362P,6.21927,14.50102,7.93271107522907,Destabilizing,Destabilizing,0.0,,,,mutations_clinvar,,True,0.0,,,,neutral,neutral,neutral,DOWN,neutral,neutral,neutral,974004,Pathogenic,0,81.91,H,-0.3929,1.1705,-21.7796,loss_of_function,-5.31393430615917,0.9166793010375665,Pathogenic,0.792,pathogenic,https://doi.org/10.1101/2022.10.22.513328
L362V,1.65136,1.72551,2.0142801419019007,Neutral,Uncertain,0.0,,,,mutations_clinvar,,True,0.0,,,,neutral,neutral,neutral,DOWN,neutral,neutral,neutral,941547,Uncertain significance,1,81.91,H,-0.1247,1.1705,-3.1343,loss_of_function,-0.897849971575041,0.6434661681793341,Uncertain,0.1353,benign,https://doi.org/10.1101/2022.10.22.513328
F363L,2.78424,3.39388,2.258094626918753,Uncertain,Uncertain,3.7,,,,mutations_clinvar,,False,3.7,,,,neutral,neutral,neutral,DOWN,neutral,neutral,neutral,847676,Conflicting interpretations of pathogenicity,1,82.22,H,-0.0656,2.0629,-2.6509,loss_of_function,-0.460181339322605,0.0045365088806071,Benign,0.6637,pathogenic,https://doi.org/10.1101/2022.10.22.513328
V364M,-0.57739,0.16837,0.2608595623732018,Neutral,Neutral,55.3,,,0.246,cBioPortal,,False,55.3,,,,neutral,neutral,neutral,UP,neutral,neutral,neutral,,,,76.21,T,-0.1003,1.8677,-4.8988,loss_of_function,-0.694455529445699,0.2336994768030012,Benign,0.1519,benign,https://doi.org/10.1101/2022.10.22.513328
M365I,1.5721,-0.24626,0.1884478877043144,Neutral,Neutral,19.9,,,0.053,"cBioPortal,COSMIC",,False,19.9,,,,neutral,neutral,neutral,-,uncertain,uncertain,uncertain,,,,75.94,T,0.0506,2.9202,-2.4615,gain_of_function,-0.112771515972283,1.7272917439516974e-06,Benign,0.2284,benign,https://doi.org/10.1101/2022.10.22.513328
M365R,1.7548,1.10238,1.4066483555819025,Neutral,Neutral,19.9,,,,mutations_clinvar,,False,19.9,,,,neutral,neutral,neutral,UP,neutral,neutral,neutral,1413553,Uncertain significance,1,75.94,T,-0.1526,2.9202,-8.4837,loss_of_function,-3.18568341405293,0.1230025447727645,Benign,0.1844,benign,https://doi.org/10.1101/2022.10.22.513328
M365V,1.78723,0.17551,0.4497483532573293,Neutral,Neutral,19.9,,,,mutations_clinvar,,False,19.9,,,,neutral,neutral,neutral,DOWN,neutral,neutral,neutral,1407861,Uncertain significance,1,75.94,T,0.0203,2.9202,-2.1263,gain_of_function,-0.448572585403707,6.640714896224796e-06,Benign,0.0788,benign,https://doi.org/10.1101/2022.10.22.513328
L366P,4.95953,7.03163,7.565548226268818,Destabilizing,Destabilizing,3.5,,,,mutations_clinvar,,False,3.5,,,,neutral,neutral,neutral,DOWN,neutral,neutral,neutral,1405212,Uncertain significance,1,80.5,S,-0.372,1.3963,-21.7715,loss_of_function,-5.4205944772063,0.9113313474594348,Pathogenic,0.5173,ambiguous,https://doi.org/10.1101/2022.10.22.513328
L366V,1.67041,1.7432,1.2718208733414484,Neutral,Neutral,3.5,,,,mutations_clinvar,,False,3.5,,,,neutral,neutral,neutral,DOWN,neutral,neutral,neutral,2067817,Uncertain significance,1,80.5,S,-0.1143,1.3963,-5.1619,loss_of_function,-0.892321554277552,0.6607748545041279,Uncertain,0.1387,benign,https://doi.org/10.1101/2022.10.22.513328
S367I,3.10969,1.13639,0.0311557429242564,Uncertain,Uncertain,68.2,,,0.198,COSMIC,,False,68.2,,,,uncertain,,,UP,neutral,neutral,neutral,,,,82.38,-,-0.1809,1.9382,-21.7715,loss_of_function,-3.57347749933991,0.9165414974306956,Pathogenic,0.4103,ambiguous,https://doi.org/10.1101/2022.10.22.513328
S367N,0.10031,0.38061,-0.0135377063618147,Neutral,Neutral,68.2,,,,mutations_clinvar,,False,68.2,,,,uncertain,,,UP,neutral,neutral,neutral,526420,Uncertain significance,1,82.38,-,-0.0381,1.9382,-5.3139,loss_of_function,-1.7825805132868,0.8013665437255201,Pathogenic,0.1233,benign,https://doi.org/10.1101/2022.10.22.513328
A368T,1.1355,3.23333,0.9551873465544832,Uncertain,Neutral,10.0,,,,mutations_clinvar,,False,10.0,,,,neutral,neutral,neutral,UP,neutral,neutral,neutral,656925,Uncertain significance,1,84.24,H,-0.0279,2.2061,-6.4838,loss_of_function,-1.25927071075137,0.0047154689006069,Benign,0.0897,benign,https://doi.org/10.1101/2022.10.22.513328
E369D,1.07179,0.76054,0.2853010511361831,Neutral,Neutral,84.7,,,0.094,cBioPortal,,False,84.7,,,,neutral,neutral,neutral,DOWN,neutral,neutral,neutral,,,,85.24,H,-0.0494,1.6464,-5.4838,loss_of_function,-1.97729496485089,0.657392037373848,Uncertain,0.2335,benign,https://doi.org/10.1101/2022.10.22.513328
E370Q,-0.07759,0.83435,0.9946355907718564,Neutral,Neutral,49.7,,,0.110,cBioPortal,,False,49.7,,,,neutral,neutral,neutral,UP,neutral,neutral,neutral,,,,85.33,H,-0.0304,1.7922,-3.0535,loss_of_function,-1.93558591468729,0.8974514795092152,Pathogenic,0.2202,benign,https://doi.org/10.1101/2022.10.22.513328
L371S,4.05292,4.41531,4.40787465254604,Destabilizing,Destabilizing,0.0,,,,mutations_clinvar,,False,0.0,,,,neutral,neutral,neutral,DOWN,neutral,neutral,neutral,1721086,Uncertain significance,1,89.14,H,-0.1676,1.9614,-2.2784,loss_of_function,-1.06545208796674,0.0005423328727387,Benign,0.3051,benign,https://doi.org/10.1101/2022.10.22.513328
V372A,2.63413,2.52551,2.695208403635508,Uncertain,Uncertain,6.5,,,,mutations_clinvar,,False,6.5,,,,neutral,neutral,neutral,DOWN,neutral,neutral,neutral,954251,Uncertain significance,1,88.14,H,-0.0609,2.3335,-7.4797,loss_of_function,-3.90517326032992,0.8347896409751252,Pathogenic,0.1546,benign,https://doi.org/10.1101/2022.10.22.513328
V372F,2.17893,4.66259,1.95997209091612,Uncertain,Uncertain,6.5,,,,mutations_clinvar,,False,6.5,,,,neutral,neutral,neutral,UP,neutral,neutral,neutral,662010,Uncertain significance,2,88.14,H,-0.13,2.3335,-5.8948,loss_of_function,-3.62990514017322,0.836965056368302,Pathogenic,0.23,benign,https://doi.org/10.1101/2022.10.22.513328
V372I,0.43668,-0.43333,0.0189874948536233,Neutral,Neutral,6.5,,,0.042,"cBioPortal,COSMIC",,False,6.5,,,,neutral,neutral,neutral,UP,neutral,neutral,neutral,,,,88.14,H,0.0317,2.3335,-1.9562,gain_of_function,-0.734282068598038,0.0334151768699419,Benign,0.0941,benign,https://doi.org/10.1101/2022.10.22.513328
G373S,-0.83821,-0.77585,-0.2603905764182723,Neutral,Neutral,83.0,,,0.123,cBioPortal,,False,83.0,,,,neutral,neutral,neutral,UP,neutral,neutral,neutral,,,,87.6,H,-0.0073,3.0669,-2.6258,loss_of_function,-0.651017409768693,0.001459439285973,Benign,0.0842,benign,https://doi.org/10.1101/2022.10.22.513328
H374L,-1.47404,-0.92993,0.0501711608588828,Neutral,Neutral,20.0,,,0.093,cBioPortal,,False,20.0,,,,neutral,neutral,neutral,UP,neutral,neutral,neutral,,,,87.5,H,-0.0367,2.4084,-4.8948,loss_of_function,-2.08753556735866,0.0007243338643748,Benign,0.1032,benign,https://doi.org/10.1101/2022.10.22.513328
L375M,-0.18795,1.04048,1.2891085879593691,Neutral,Neutral,0.0,,,,mutations_clinvar,,True,0.0,,,,neutral,neutral,neutral,-,uncertain,uncertain,uncertain,1405400,Uncertain significance,1,89.6,H,-0.1549,0.8313,-5.4838,loss_of_function,-0.915269085860764,0.215803917553792,Benign,0.14,benign,https://doi.org/10.1101/2022.10.22.513328
L375W,6.47678,5.00442,2.8522784805821035,Destabilizing,Uncertain,0.0,,,,mutations_clinvar,,True,0.0,,,,neutral,neutral,neutral,UP,neutral,neutral,neutral,974005,Uncertain significance,0,89.6,H,-0.3732,0.8313,-21.7715,loss_of_function,-5.10283014244969,0.8871068285950165,Pathogenic,0.6099,pathogenic,https://doi.org/10.1101/2022.10.22.513328
Q376E,0.19946,0.77279,0.705511440442193,Neutral,Neutral,38.6,,,,mutations_clinvar,,True,38.6,,,,neutral,neutral,neutral,DOWN,neutral,neutral,neutral,961176,Uncertain significance,1,88.72,H,-0.0928,1.3452,-4.9029,loss_of_function,-0.862913049692471,0.6635275827304452,Uncertain,0.1034,benign,https://doi.org/10.1101/2022.10.22.513328
Q376R,-0.15376,1.99728,-0.0497422284941878,Neutral,Neutral,38.6,,,,mutations_clinvar,,True,38.6,,,,neutral,neutral,neutral,UP,neutral,neutral,neutral,1507603,Uncertain significance,1,88.72,H,-0.1193,1.3452,-4.9029,loss_of_function,-2.68829209885828,0.3176859981458212,Benign,0.0972,benign,https://doi.org/10.1101/2022.10.22.513328
E377D,0.60873,0.27857,0.5976325697301978,Neutral,Neutral,75.7,,,0.071,COSMIC,,True,75.7,,,,neutral,neutral,neutral,DOWN,neutral,neutral,neutral,,,,87.6,H,0.0089,2.2804,-5.4918,gain_of_function,-0.667950936275596,0.0188142551336388,Benign,0.1101,benign,https://doi.org/10.1101/2022.10.22.513328
L379M,0.15476,2.31224,1.9150965411778549,Uncertain,Neutral,5.5,,,0.593,cBioPortal,,True,5.5,,,,neutral,neutral,neutral,-,uncertain,uncertain,uncertain,,,,86.94,H,-0.1734,0.7094,-6.9028,loss_of_function,-3.64895018161827,0.918828604617892,Pathogenic,0.2388,benign,https://doi.org/10.1101/2022.10.22.513328
L379Q,3.05257,2.93946,3.041651497099978,Uncertain,Destabilizing,5.5,,,0.791,cBioPortal,,True,5.5,,,,neutral,neutral,neutral,DOWN,neutral,neutral,neutral,,,,86.94,H,-0.3726,0.7094,-21.7756,loss_of_function,-6.05366607920336,0.9162003202590664,Pathogenic,0.6934,pathogenic,https://doi.org/10.1101/2022.10.22.513328
E380G,-0.43081,1.56701,1.0713286049909192,Neutral,Neutral,58.6,,0.0000039764593606,0.391,"cBioPortal,COSMIC",,True,58.6,,,,neutral,neutral,neutral,DOWN,neutral,neutral,neutral,,,,84.72,H,-0.1286,1.4613,-5.9029,loss_of_function,-2.24353789791634,0.5562072916892689,Uncertain,0.1221,benign,https://doi.org/10.1101/2022.10.22.513328
T381A,1.09016,0.65408,0.266687621038793,Neutral,Neutral,61.5,,,,mutations_clinvar,,True,61.5,,,,uncertain,,,DOWN,neutral,neutral,neutral,842972,Uncertain significance,2,82.57,H,-0.0671,1.8316,-5.1619,loss_of_function,-1.61850363140486,0.109010461296377,Benign,0.0933,benign,https://doi.org/10.1101/2022.10.22.513328
T381M,1.6698,0.60578,-0.1053542574523508,Neutral,Neutral,61.5,,0.0000119293780818,0.236,COSMIC,,True,61.5,,,,uncertain,,,UP,neutral,neutral,neutral,,,,82.57,H,-0.1089,1.8316,-4.5769,loss_of_function,-1.9054358713585,0.0125839474085048,Benign,0.0789,benign,https://doi.org/10.1101/2022.10.22.513328
Q382E,0.69121,0.71973,1.175651388492822,Neutral,Neutral,61.0,,,0.103,"cBioPortal,mutations_clinvar",,True,61.0,,,,neutral,neutral,neutral,DOWN,neutral,neutral,neutral,1483781,Uncertain significance,1,85.28,S,0.005,2.3799,-4.3964,gain_of_function,-0.791629045662994,0.4022047204688085,Uncertain,0.0758,benign,https://doi.org/10.1101/2022.10.22.513328
Q382H,-0.52325,-0.18639,0.0820712804336054,Neutral,Neutral,61.0,,,0.036,"cBioPortal,COSMIC",,True,61.0,,,,neutral,neutral,neutral,UP,neutral,neutral,neutral,,,,85.28,S,0.0262,2.3799,-1.0409,gain_of_function,-0.39816995581316,3.4314248608611164e-08,Benign,0.1811,benign,https://doi.org/10.1101/2022.10.22.513328
Q382R,-0.87776,-0.06531,-0.0829327275550828,Neutral,Neutral,61.0,,0.0000039764593606,0.067,"COSMIC,mutations_clinvar",,True,61.0,,,,neutral,neutral,neutral,UP,neutral,neutral,neutral,844061,Uncertain significance,1,85.28,S,-0.0187,2.3799,-3.84,loss_of_function,-1.04468408340173,0.001459439285973,Benign,0.0663,benign,https://doi.org/10.1101/2022.10.22.513328
E383K,-0.55785,0.46054,0.0918473887130133,Neutral,Neutral,95.5,,0.0000039765226105,0.338,cBioPortal,,True,95.5,,,,neutral,neutral,neutral,UP,neutral,neutral,neutral,,,,84.1,-,-0.1792,0.8574,-5.6764,loss_of_function,-5.92832358062703,0.9005522405677138,Pathogenic,0.2577,benign,https://doi.org/10.1101/2022.10.22.513328
V384F,1.58425,3.86837,2.5639718945734145,Uncertain,Uncertain,6.2,,,,mutations_clinvar,,True,6.2,,,,neutral,neutral,neutral,UP,neutral,neutral,neutral,887496,Uncertain significance,2,87.72,-,-0.2887,0.5534,-4.8988,loss_of_function,-6.0540532213157,0.9071390608525884,Pathogenic,0.6148,pathogenic,https://doi.org/10.1101/2022.10.22.513328
V384I,1.21885,1.72517,0.4676318879394825,Neutral,Neutral,6.2,,,,mutations_clinvar,,True,6.2,,,,neutral,neutral,neutral,UP,neutral,neutral,neutral,1513765,Uncertain significance,2,87.72,-,-0.1485,0.5534,-5.1619,loss_of_function,-3.64895018161827,0.9173887675134452,Pathogenic,0.1924,benign,https://doi.org/10.1101/2022.10.22.513328
H385D,-3.25485,0.23435,1.4812790358640615,Uncertain,Uncertain,10.6,,,,mutations_clinvar,,True,10.6,,,,neutral,neutral,neutral,DOWN,neutral,neutral,neutral,2428108,Uncertain significance,1,87.21,-,-0.2204,0.5834,-8.4837,loss_of_function,-2.63761094726496,0.0070179035112107,Benign,0.2843,benign,https://doi.org/10.1101/2022.10.22.513328
H385R,1.01742,0.7932,0.8946370570157788,Neutral,Neutral,10.6,,,,mutations_clinvar,,True,10.6,,,,neutral,neutral,neutral,UP,neutral,neutral,neutral,2120591,Uncertain significance,1,87.21,-,-0.2044,0.5834,-7.4838,loss_of_function,-4.81934821469733,0.0080106675823376,Benign,0.4251,ambiguous,https://doi.org/10.1101/2022.10.22.513328
H385Y,-0.62101,-1.31939,0.4362812942209371,Neutral,Neutral,10.6,,0.0000119301371170,0.100,"cBioPortal,mutations_clinvar",,True,10.6,,,,neutral,neutral,neutral,UP,neutral,neutral,neutral,974007,Uncertain significance,1,87.21,-,-0.2128,0.5834,-21.7715,loss_of_function,-3.36313918915644,0.0018809483487166,Benign,0.2048,benign,https://doi.org/10.1101/2022.10.22.513328
W386C,4.74497,5.60646,4.671535374879776,Destabilizing,Destabilizing,13.0,,,,mutations_clinvar,,True,13.0,,,,neutral,neutral,neutral,DOWN,neutral,neutral,neutral,1430632,Uncertain significance,1,89.32,H,-0.479,0.338,-21.7715,loss_of_function,-6.05443993916262,0.8973905392276693,Pathogenic,0.9718,pathogenic,https://doi.org/10.1101/2022.10.22.513328
Q387H,1.60751,-0.04388,0.2680044106151535,Neutral,Neutral,49.9,,0.0000079534880022,0.058,"cBioPortal,COSMIC",,True,49.9,,,,neutral,neutral,neutral,UP,neutral,neutral,neutral,,,,89.18,H,-0.026,1.9991,-4.4004,loss_of_function,-2.04658181983105,0.5903965271887187,Uncertain,0.486,ambiguous,https://doi.org/10.1101/2022.10.22.513328
V389L,-0.63719,2.29048,0.5529904322443063,Uncertain,Neutral,0.0,,,,mutations_clinvar,,True,0.0,,,,neutral,neutral,neutral,UP,neutral,neutral,neutral,1706528,Likely pathogenic,1,90.73,H,-0.1625,1.0453,-4.0284,loss_of_function,-3.62620111564808,0.9056531973525483,Pathogenic,0.4267,ambiguous,https://doi.org/10.1101/2022.10.22.513328
L390F,3.20758,1.9398,2.514479262850436,Uncertain,Uncertain,0.0,,,0.326,cBioPortal,,True,0.0,,,,neutral,neutral,neutral,UP,neutral,neutral,neutral,,,,92.25,H,-0.2372,0.3402,-5.6805,loss_of_function,-6.0540532213157,0.89480613720654,Pathogenic,0.6257,pathogenic,https://doi.org/10.1101/2022.10.22.513328
L390I,5.21579,2.91429,2.189348909607236,Uncertain,Uncertain,0.0,,,0.283,"cBioPortal,COSMIC,mutations_clinvar",,True,0.0,,,,neutral,neutral,neutral,-,uncertain,uncertain,uncertain,2145228,Uncertain significance,1,92.25,H,-0.1921,0.3402,-8.4877,loss_of_function,-3.64895018161827,0.9109422421043308,Pathogenic,0.6195,pathogenic,https://doi.org/10.1101/2022.10.22.513328
L390R,5.67151,6.66224,5.392086955698541,Destabilizing,Destabilizing,0.0,,,,mutations_clinvar,,True,0.0,,,,neutral,neutral,neutral,UP,neutral,neutral,neutral,1220525,Uncertain significance,0,92.25,H,-0.466,0.3402,-21.7756,loss_of_function,-6.0540532213157,0.8987850632209625,Pathogenic,0.9421,pathogenic,https://doi.org/10.1101/2022.10.22.513328
S391F,13.60996,0.39388,0.3108624616191513,Uncertain,Uncertain,2.0,,,0.460,cBioPortal,,True,2.0,,,,uncertain,,,UP,neutral,neutral,neutral,,,,90.33,H,-0.1988,1.7102,-21.7715,loss_of_function,-4.60762196173758,0.9090486087630008,Pathogenic,0.6298,pathogenic,https://doi.org/10.1101/2022.10.22.513328
S394C,1.55006,-0.07313,0.0330942881392348,Neutral,Neutral,0.0,,,0.623,"cBioPortal,COSMIC",,True,0.0,,,,uncertain,,,UP,neutral,neutral,neutral,,,,89.59,H,-0.2945,0.3703,-21.7715,loss_of_function,-3.64895018161827,0.9190308594979488,Pathogenic,0.5627,ambiguous,https://doi.org/10.1101/2022.10.22.513328
A395T,0.1842,0.0466,1.2152026196012136,Neutral,Neutral,1.5,,,,mutations_clinvar,,True,1.5,,,,neutral,neutral,neutral,UP,neutral,neutral,neutral,945807,Uncertain significance,1,88.35,H,-0.043,1.714,-0.5669,loss_of_function,-0.386430851177507,7.809950157018964e-13,Benign,0.0736,benign,https://doi.org/10.1101/2022.10.22.513328
C399R,1.23728,0.39388,0.4315350485617608,Neutral,Neutral,6.9,,,,mutations_clinvar,,False,6.9,,,,neutral,neutral,neutral,UP,neutral,neutral,neutral,1467645,Uncertain significance,1,81.93,H,-0.3127,1.7577,-8.4634,loss_of_function,-5.74236581987899,0.8905185546455984,Pathogenic,0.7053,pathogenic,https://doi.org/10.1101/2022.10.22.513328
F400C,2.55131,2.80068,3.867489943513268,Uncertain,Uncertain,28.7,,,0.189,COSMIC,,False,28.7,,,,neutral,neutral,neutral,DOWN,neutral,neutral,neutral,,,,79.67,-,-0.0453,3.1923,-6.8826,loss_of_function,-2.71801954972149,0.2694104600107103,Benign,0.1776,benign,https://doi.org/10.1101/2022.10.22.513328
F400I,0.04272,1.68844,2.4352309541554336,Neutral,Uncertain,28.7,,,0.144,cBioPortal,,False,28.7,,,,neutral,neutral,neutral,DOWN,neutral,neutral,neutral,,,,79.67,-,-0.019,3.1923,-6.4676,loss_of_function,-2.20790906585666,0.4486715991701818,Uncertain,0.1217,benign,https://doi.org/10.1101/2022.10.22.513328
F400L,0.59143,1.33231,1.565678915521853,Neutral,Neutral,28.7,,,,mutations_clinvar,,False,28.7,,,,neutral,neutral,neutral,DOWN,neutral,neutral,neutral,1059639,Uncertain significance,1,79.67,-,0.0387,3.1923,-2.585,gain_of_function,-0.139624625099975,1.0339123164560152e-09,Benign,0.4125,ambiguous,https://doi.org/10.1101/2022.10.22.513328
P401S,1.60394,1.41803,0.015621378779746,Neutral,Neutral,80.1,,,0.125,"cBioPortal,COSMIC",,False,80.1,,,,neutral,neutral,neutral,DOWN,neutral,neutral,neutral,,,,75.2,T,-0.0132,2.3863,-3.7086,loss_of_function,-0.308789660695258,0.3625110101936917,Uncertain,0.1163,benign,https://doi.org/10.1101/2022.10.22.513328
E402K,0.35344,0.35204,0.3370137718958371,Neutral,Neutral,76.4,,,0.158,COSMIC,,False,76.4,,,,neutral,neutral,neutral,UP,neutral,neutral,neutral,,,,80.22,H,-0.0384,2.4314,-6.4635,loss_of_function,-2.05329379068545,0.4703546265208067,Uncertain,0.0916,benign,https://doi.org/10.1101/2022.10.22.513328
A403V,1.40672,0.99252,0.7474654453075358,Neutral,Neutral,0.0,,0.0000119320351279,0.351,"cBioPortal,mutations_clinvar",,False,0.0,,,,neutral,neutral,neutral,UP,neutral,neutral,neutral,2177599,Uncertain significance,1,83.51,H,-0.1145,1.3425,-8.4715,loss_of_function,-2.54331919991501,0.8696285936405342,Pathogenic,0.2222,benign,https://doi.org/10.1101/2022.10.22.513328
Q404H,0.42069,0.06973,0.5461758637029573,Neutral,Neutral,40.2,,,0.243,cBioPortal,,False,40.2,,,,neutral,neutral,neutral,UP,neutral,neutral,neutral,,,,82.67,H,-0.0113,2.2967,-6.8867,loss_of_function,-3.13604688207163,0.714542605384261,Pathogenic,0.2883,benign,https://doi.org/10.1101/2022.10.22.513328
Q404R,0.09952,0.5085,0.2771893519551194,Neutral,Neutral,40.2,,,,mutations_clinvar,,False,40.2,,,,neutral,neutral,neutral,UP,neutral,neutral,neutral,1337324,Uncertain significance,2,82.67,H,-0.0317,2.2967,-4.8867,loss_of_function,-1.7129735829481,0.0054207437708732,Benign,0.0722,benign,https://doi.org/10.1101/2022.10.22.513328
Q405H,0.98738,0.68776,0.0936859040163085,Neutral,Neutral,88.9,,,0.335,cBioPortal,,False,88.9,,,,neutral,neutral,neutral,UP,neutral,neutral,neutral,,,,85.4,H,0.0072,2.4409,-5.8745,gain_of_function,-1.46979993322278,0.6440074527860394,Uncertain,0.1572,benign,https://doi.org/10.1101/2022.10.22.513328
L406M,0.03261,0.66769,0.8485384956250199,Neutral,Neutral,31.4,,,,mutations_clinvar,,False,31.4,,,,neutral,neutral,neutral,-,uncertain,uncertain,uncertain,2420438,Uncertain significance,1,87.68,H,-0.04,2.1019,-5.8826,loss_of_function,-3.27048844775058,0.916775429046132,Pathogenic,0.1287,benign,https://doi.org/10.1101/2022.10.22.513328
L407F,-0.43615,1.82279,1.875841563329762,Neutral,Neutral,0.0,,,0.288,"cBioPortal,COSMIC",,False,0.0,,,,neutral,neutral,neutral,UP,neutral,neutral,neutral,,,,89.12,H,-0.074,1.9377,-2.5093,loss_of_function,-1.79922215437309,0.0034787253980789,Benign,0.2729,benign,https://doi.org/10.1101/2022.10.22.513328
L407R,3.87817,5.70646,4.7660032720112815,Destabilizing,Destabilizing,0.0,,,,mutations_clinvar,,False,0.0,,,,neutral,neutral,neutral,UP,neutral,neutral,neutral,974010,Pathogenic,0,89.12,H,-0.3189,1.9377,-21.7512,loss_of_function,-4.64246504366302,0.3895540577282337,Uncertain,0.7008,pathogenic,https://doi.org/10.1101/2022.10.22.513328
L407V,1.91151,2.15238,1.8009089965245029,Uncertain,Neutral,0.0,,,,mutations_clinvar,,False,0.0,,,,neutral,neutral,neutral,DOWN,neutral,neutral,neutral,1060277,Uncertain significance,2,89.12,H,-0.0461,1.9377,-1.5687,loss_of_function,-0.614553806732869,8.498446613463184e-17,Benign,0.0863,benign,https://doi.org/10.1101/2022.10.22.513328
D409N,-0.21429,0.29048,-0.3227805102485154,Neutral,Neutral,66.9,,,0.444,cBioPortal,,False,66.9,,,,neutral,neutral,neutral,-,uncertain,uncertain,uncertain,,,,88.63,H,-0.0671,1.8469,-6.8948,loss_of_function,-2.9908817460079,0.913249354156828,Pathogenic,0.1066,benign,https://doi.org/10.1101/2022.10.22.513328
D409V,1.19578,0.05646,-0.4960622501658185,Neutral,Neutral,66.9,,,0.608,cBioPortal,,False,66.9,,,,neutral,neutral,neutral,UP,neutral,neutral,neutral,,,,88.63,H,-0.1505,1.8469,-7.4797,loss_of_function,-4.93358961830111,0.911203897838437,Pathogenic,0.1505,benign,https://doi.org/10.1101/2022.10.22.513328
W410C,5.54921,4.16939,3.6887766984567927,Destabilizing,Destabilizing,1.0,,,0.622,"cBioPortal,COSMIC,FANCA_icope_sentieon_input",,False,1.0,,,,neutral,neutral,neutral,DOWN,neutral,neutral,neutral,,,,91.96,H,-0.2536,1.9206,-6.1538,loss_of_function,-4.50413664259207,0.9090486087630008,Pathogenic,0.709,pathogenic,https://doi.org/10.1101/2022.10.22.513328
W410L,3.00027,1.46973,1.975205187069687,Uncertain,Uncertain,1.0,,,0.523,"cBioPortal,COSMIC",,False,1.0,,,,neutral,neutral,neutral,DOWN,neutral,neutral,neutral,,,,91.96,H,-0.2394,1.9206,-1.1094,loss_of_function,-1.40542037144981,0.2844822696820753,Benign,0.3773,ambiguous,https://doi.org/10.1101/2022.10.22.513328
V411A,2.1968,1.93027,2.133170580386184,Uncertain,Uncertain,2.9,,,0.606,COSMIC,,False,2.9,,,,neutral,neutral,neutral,DOWN,neutral,neutral,neutral,,,,91.46,H,-0.1335,1.544,-7.4635,loss_of_function,-2.2475907251342,0.011219976887445,Benign,0.1823,benign,https://doi.org/10.1101/2022.10.22.513328
V411M,-1.26624,3.78844,1.5419534352194566,Uncertain,Neutral,2.9,,,0.489,"cBioPortal,mutations_clinvar",,False,2.9,,,,neutral,neutral,neutral,UP,neutral,neutral,neutral,1063191,Uncertain significance,1,91.46,H,-0.1483,1.544,-8.4634,loss_of_function,-3.41401437305341,0.8961707121972453,Pathogenic,0.361,ambiguous,https://doi.org/10.1101/2022.10.22.513328
A412V,0.9538,0.04354,0.2228902853738573,Neutral,Neutral,57.4,0.0670195128172427,0.0663192062909735,0.348,"cBioPortal,COSMIC,mutations_clinvar",,False,57.4,,,,neutral,neutral,neutral,UP,neutral,neutral,neutral,134242,Benign/Likely benign,2,89.67,H,-0.0062,2.5189,-8.4675,loss_of_function,-2.79055716897123,0.9159328173847324,Pathogenic,0.1253,benign,https://doi.org/10.1101/2022.10.22.513328
R413C,1.58542,1.5432,1.275224382537472,Neutral,Neutral,63.0,3.18654005481e-05,0.0000358580023108,0.310,"cBioPortal,COSMIC,mutations_clinvar",,False,63.0,,,,neutral,neutral,neutral,DOWN,neutral,neutral,neutral,1041618,Conflicting interpretations of pathogenicity,1,89.68,H,-0.0881,2.6376,-5.0082,loss_of_function,-1.04023603467215,0.0215933414128979,Benign,0.0972,benign,https://doi.org/10.1101/2022.10.22.513328
R413H,0.89857,1.17925,0.3562861897649466,Neutral,Neutral,63.0,,0.0000159339696299,0.190,"cBioPortal,COSMIC",,False,63.0,,,,neutral,neutral,neutral,DOWN,neutral,neutral,neutral,,,,89.68,H,-0.0356,2.6376,-2.3801,loss_of_function,-0.378893999510986,0.0079982723456998,Benign,0.0729,benign,https://doi.org/10.1101/2022.10.22.513328
M415I,1.93581,0.18878,1.55090583986093,Neutral,Neutral,0.8,,,0.461,"cBioPortal,COSMIC,mutations_clinvar",,False,0.8,,,,neutral,neutral,neutral,-,uncertain,uncertain,uncertain,439687,Uncertain significance,2,90.27,H,-0.1059,1.3614,-5.0284,loss_of_function,-3.36313918915644,0.3628590372319659,Uncertain,0.5797,pathogenic,https://doi.org/10.1101/2022.10.22.513328
M415T,3.53363,2.03333,3.386925165832469,Uncertain,Destabilizing,0.8,,,,mutations_clinvar,,False,0.8,,,,neutral,neutral,neutral,DOWN,neutral,neutral,neutral,569979,Uncertain significance,2,90.27,H,-0.1723,1.3614,-7.4878,loss_of_function,-5.58269848160126,0.0663628375283043,Benign,0.3796,ambiguous,https://doi.org/10.1101/2022.10.22.513328
M415V,2.839,0.23946,2.0930417979793696,Uncertain,Uncertain,0.8,,,,mutations_clinvar,,False,0.8,,,,neutral,neutral,neutral,DOWN,neutral,neutral,neutral,1405180,Uncertain significance,1,90.27,H,-0.138,1.3614,-5.0284,loss_of_function,-1.07981627500339,0.027168009668506,Benign,0.1614,benign,https://doi.org/10.1101/2022.10.22.513328
A416D,0.84113,0.30748,0.8237038834773114,Neutral,Neutral,52.9,,,,mutations_clinvar,,False,52.9,,,,neutral,neutral,neutral,UP,neutral,neutral,neutral,1487084,Uncertain significance,1,88.71,H,-0.1438,3.0009,-21.7756,loss_of_function,-2.97637382810948,0.9142711259383344,Pathogenic,0.1887,benign,https://doi.org/10.1101/2022.10.22.513328
A416V,0.88257,-0.91395,-0.1382108125181658,Neutral,Neutral,52.9,,,0.407,"cBioPortal,COSMIC,mutations_clinvar",,False,52.9,,,,neutral,neutral,neutral,UP,neutral,neutral,neutral,1337633,Uncertain significance,1,88.71,H,0.0461,3.0009,-6.9028,gain_of_function,-0.478315983263996,0.9014560710410876,Pathogenic,0.098,benign,https://doi.org/10.1101/2022.10.22.513328
Q417H,-0.2313,0.59218,-0.4832395706696168,Neutral,Neutral,62.4,,,,mutations_clinvar,,False,62.4,,,,neutral,neutral,neutral,UP,neutral,neutral,neutral,1519418,Uncertain significance,2,88.75,H,0.0773,3.1083,-4.1659,gain_of_function,-1.03233777640601,3.349670435372911e-11,Benign,0.1056,benign,https://doi.org/10.1101/2022.10.22.513328
A418S,1.23623,2.02959,1.9719962867640783,Uncertain,Neutral,0.0,,,0.669,cBioPortal,,True,0.0,,,,neutral,neutral,neutral,-,uncertain,uncertain,uncertain,,,,89.71,H,-0.151,0.6981,-4.5809,loss_of_function,-2.11687067609828,0.9186261536687614,Pathogenic,0.1518,benign,https://doi.org/10.1101/2022.10.22.513328
A418V,4.56904,3.39014,1.297062790869622,Destabilizing,Uncertain,0.0,,,0.701,"cBioPortal,COSMIC",,True,0.0,,,,neutral,neutral,neutral,UP,neutral,neutral,neutral,,,,89.71,H,-0.2417,0.6981,-21.7756,loss_of_function,-6.05598258642813,0.8702387141006971,Pathogenic,0.7136,pathogenic,https://doi.org/10.1101/2022.10.22.513328
F419L,1.53155,1.86259,2.4111047487042736,Neutral,Uncertain,4.7,,,,mutations_clinvar,,True,4.7,,,,neutral,neutral,neutral,DOWN,neutral,neutral,neutral,1412631,Uncertain significance,1,88.81,H,-0.1852,0.8021,-3.3545,loss_of_function,-6.05636719682043,0.9109838221561256,Pathogenic,0.9165,pathogenic,https://doi.org/10.1101/2022.10.22.513328
F419S,4.69527,4.84524,5.475850629771304,Destabilizing,Destabilizing,4.7,,,,mutations_clinvar,,True,4.7,,,,neutral,neutral,neutral,DOWN,neutral,neutral,neutral,1991190,Uncertain significance,1,88.81,H,-0.3521,0.8021,-21.7715,loss_of_function,-6.05636719682043,0.9174582278310766,Pathogenic,0.8714,pathogenic,https://doi.org/10.1101/2022.10.22.513328
F419V,3.61345,4.48741,3.697689866886285,Destabilizing,Destabilizing,4.7,,,,mutations_clinvar,,True,4.7,,,,neutral,neutral,neutral,DOWN,neutral,neutral,neutral,1450850,Uncertain significance,1,88.81,H,-0.2355,0.8021,-6.8988,loss_of_function,-6.05636719682043,0.9168540562372794,Pathogenic,0.6042,pathogenic,https://doi.org/10.1101/2022.10.22.513328
E420K,-0.18234,-0.27347,-0.163065215348801,Neutral,Neutral,89.4,3.18654005481e-05,0.0000079641295605,0.599,"cBioPortal,COSMIC",,True,89.4,,,,neutral,neutral,neutral,UP,neutral,neutral,neutral,,,,86.89,H,-0.1165,1.6394,-7.4878,loss_of_function,-3.44113566538466,0.9169214232140162,Pathogenic,0.1119,benign,https://doi.org/10.1101/2022.10.22.513328
S421G,0.39932,0.71122,0.6290371985153889,Neutral,Neutral,40.0,,,0.589,cBioPortal,P,True,40.0,0.909,,,damaging,neutral,potentially_damaging,DOWN,neutral,neutral,neutral,,,,85.29,H,0.0284,2.3946,-3.0995,gain_of_function,-1.7630793483497,0.7505885800733408,Pathogenic,0.0721,benign,https://doi.org/10.1101/2022.10.22.513328
S421N,0.55704,-0.38878,-0.1623974393625343,Neutral,Neutral,40.0,,,0.366,"cBioPortal,COSMIC",P,True,40.0,0.909,,,damaging,neutral,potentially_damaging,UP,neutral,neutral,neutral,,,,85.29,H,0.0218,2.3946,-1.8194,gain_of_function,-0.809830622910303,0.032568090818251,Benign,0.0781,benign,https://doi.org/10.1101/2022.10.22.513328
C422Y,-1.66534,-0.19694,-0.5562136902154907,Neutral,Neutral,14.8,3.18532203606e-05,0.0000079634953374,0.290,"cBioPortal,COSMIC,mutations_clinvar",,True,14.8,,,,neutral,neutral,neutral,UP,neutral,neutral,neutral,1446411,Uncertain significance,1,84.63,T,-0.1718,2.3411,-0.9605,loss_of_function,-0.576620064598051,6.744414439648122e-11,Benign,0.0919,benign,https://doi.org/10.1101/2022.10.22.513328
Q423R,-0.00893,0.74796,-0.3608326795285066,Neutral,Neutral,71.5,,,,mutations_clinvar,,False,71.5,,,,neutral,neutral,neutral,UP,neutral,neutral,neutral,2153709,Uncertain significance,1,82.74,-,-0.0896,1.7793,-6.9069,loss_of_function,-3.06035121740552,1.4731529171637309e-05,Benign,0.0734,benign,https://doi.org/10.1101/2022.10.22.513328
L424P,-0.14102,1.36429,1.5012766938226525,Neutral,Neutral,51.5,,,0.784,cBioPortal,,False,51.5,,,,neutral,neutral,neutral,DOWN,neutral,neutral,neutral,,,,86.03,H,-0.2385,2.0553,-7.4918,loss_of_function,-3.06255320046982,0.8569525781003808,Pathogenic,0.1029,benign,https://doi.org/10.1101/2022.10.22.513328
D425H,0.10626,-0.24184,0.0144152964982391,Neutral,Neutral,106.9,,,,mutations_clinvar,,False,106.9,,,,neutral,neutral,neutral,UP,neutral,neutral,neutral,554881,Uncertain significance,1,86.81,H,-0.122,1.6588,-5.9069,loss_of_function,-5.71557290341431,0.9108917758375084,Pathogenic,0.346,ambiguous,https://doi.org/10.1101/2022.10.22.513328
D425N,0.53903,0.10442,0.3519257830558137,Neutral,Neutral,106.9,,,0.654,cBioPortal,,False,106.9,,,,neutral,neutral,neutral,-,uncertain,uncertain,uncertain,,,,86.81,H,-0.0875,1.6588,-7.4918,loss_of_function,-3.44296772974274,0.9170425443596156,Pathogenic,0.186,benign,https://doi.org/10.1101/2022.10.22.513328
S426G,0.37515,0.85306,1.1572179920695025,Neutral,Neutral,16.9,,,0.434,"cBioPortal,mutations_clinvar",,False,16.9,,,,uncertain,,,DOWN,neutral,neutral,neutral,456075,Uncertain significance,1,88.7,H,0.0045,2.2588,-5.3179,gain_of_function,-2.56407622808587,0.9103113127250104,Pathogenic,0.0758,benign,https://doi.org/10.1101/2022.10.22.513328
S426I,0.68256,-1.64456,-0.9626830798380082,Neutral,Neutral,16.9,,,,mutations_clinvar,,False,16.9,,,,uncertain,,,UP,neutral,neutral,neutral,2107144,Uncertain significance,1,88.7,H,-0.1515,2.2588,-21.7756,loss_of_function,-4.16345719815922,0.909816060886916,Pathogenic,0.1939,benign,https://doi.org/10.1101/2022.10.22.513328
M427I,3.15,0.5949,0.9213643621950426,Uncertain,Uncertain,0.0,,,0.518,"cBioPortal,COSMIC,mutations_clinvar",,True,0.0,,,,neutral,neutral,neutral,-,uncertain,uncertain,uncertain,"1437065, 651606","Uncertain significance, Likely benign","1, 1",90.02,H,-0.1052,1.3568,-4.8034,loss_of_function,-0.733007308188527,0.246819101768929,Benign,0.4495,ambiguous,https://doi.org/10.1101/2022.10.22.513328
M427V,2.96525,2.06803,1.5218347162371482,Uncertain,Uncertain,0.0,,,,mutations_clinvar,,True,0.0,,,,neutral,neutral,neutral,DOWN,neutral,neutral,neutral,1023721,Uncertain significance,2,90.02,H,-0.1418,1.3568,-5.6965,loss_of_function,-2.10867844324984,0.8675557075261271,Pathogenic,0.101,benign,https://doi.org/10.1101/2022.10.22.513328
V428F,-1.46313,1.05136,-0.0271671044507171,Neutral,Neutral,23.4,,,0.672,"cBioPortal,COSMIC",,True,23.4,,,,neutral,neutral,neutral,UP,neutral,neutral,neutral,,,,90.7,H,-0.1815,1.8305,-6.9188,loss_of_function,-5.49926054181316,0.9164364246440646,Pathogenic,0.4084,ambiguous,https://doi.org/10.1101/2022.10.22.513328
V428I,-0.88937,-0.60068,-0.3020741760829204,Neutral,Neutral,23.4,,,,mutations_clinvar,,True,23.4,,,,neutral,neutral,neutral,UP,neutral,neutral,neutral,1422999,Uncertain significance,1,90.7,H,-0.0103,1.8305,-1.1115,loss_of_function,-1.36653330155776,0.0348387190093818,Benign,0.1203,benign,https://doi.org/10.1101/2022.10.22.513328
T429I,-2.22794,-0.55306,-0.9337486037103038,Uncertain,Uncertain,14.8,,,,mutations_clinvar,,True,14.8,,,,uncertain,,,UP,neutral,neutral,neutral,641448,Uncertain significance,1,89.41,H,-0.1045,1.6754,-4.6009,loss_of_function,-1.86287006515575,0.2021420650636048,Benign,0.219,benign,https://doi.org/10.1101/2022.10.22.513328
A430G,2.23163,2.51667,2.4255394069312555,Uncertain,Uncertain,0.0,,,,mutations_clinvar,,True,0.0,,,,neutral,neutral,neutral,DOWN,neutral,neutral,neutral,941500,Uncertain significance,1,91.33,H,-0.1633,0.9107,-5.1859,loss_of_function,-4.5175879918743,0.8827106338305745,Pathogenic,0.2729,benign,https://doi.org/10.1101/2022.10.22.513328
A430V,0.19165,3.29592,-0.3344649605769573,Uncertain,Neutral,0.0,,0.0000278737874902,0.410,"cBioPortal,COSMIC,mutations_clinvar",,True,0.0,,,,neutral,neutral,neutral,UP,neutral,neutral,neutral,581207,Uncertain significance,1,91.33,H,-0.132,0.9107,-4.1155,loss_of_function,-1.76133551274937,0.0031693932383641,Benign,0.2183,benign,https://doi.org/10.1101/2022.10.22.513328
L432M,0.62755,2.11905,1.698954552091714,Uncertain,Neutral,0.5,,,0.723,cBioPortal,,True,0.5,,,,neutral,neutral,neutral,-,uncertain,uncertain,uncertain,,,,92.0,H,-0.2917,0.2501,-21.7995,loss_of_function,-3.65308637543103,0.900830612651618,Pathogenic,0.5343,ambiguous,https://doi.org/10.1101/2022.10.22.513328
L432P,7.00248,13.46701,9.177356046225302,Destabilizing,Destabilizing,0.5,,,0.904,cBioPortal,,True,0.5,,,,neutral,neutral,neutral,DOWN,neutral,neutral,neutral,,,,92.0,H,-0.4777,0.2501,-21.7995,loss_of_function,-6.0655337761006,0.8682089798302708,Pathogenic,0.9725,pathogenic,https://doi.org/10.1101/2022.10.22.513328
V433A,2.55836,2.45272,3.1512291075623486,Uncertain,Uncertain,0.1,,,,mutations_clinvar,,True,0.1,,,,neutral,neutral,neutral,DOWN,neutral,neutral,neutral,849097,Uncertain significance,1,91.72,H,-0.088,1.9411,-5.7044,loss_of_function,-5.26511712988164,0.8692189978744953,Pathogenic,0.3982,ambiguous,https://doi.org/10.1101/2022.10.22.513328
V433I,-1.24767,-0.43741,0.2422072068783604,Neutral,Neutral,0.1,,,,mutations_clinvar,,True,0.1,,,,neutral,neutral,neutral,UP,neutral,neutral,neutral,1060760,Uncertain significance,1,91.72,H,-0.0021,1.9411,-1.5118,loss_of_function,-0.784473343367035,6.446633623628395e-06,Benign,0.0996,benign,https://doi.org/10.1101/2022.10.22.513328
R435C,0.40374,1.27789,2.645193728357325,Neutral,Uncertain,0.2,3.18613394507e-05,0.0000079703502969,0.869,"cBioPortal,COSMIC,mutations_clinvar",,True,0.2,,,,neutral,neutral,neutral,DOWN,neutral,neutral,neutral,555603,Pathogenic/Likely pathogenic,2,90.48,H,-0.4019,0.1589,-21.7995,loss_of_function,-6.11292075872639,0.9026746615798176,Pathogenic,0.7601,pathogenic,https://doi.org/10.1101/2022.10.22.513328
R435H,6.61404,1.40782,2.3215815994060165,Uncertain,Uncertain,0.2,,,0.913,"cBioPortal,COSMIC,mutations_clinvar",,True,0.2,,,,neutral,neutral,neutral,DOWN,neutral,neutral,neutral,408183,Pathogenic/Likely pathogenic,2,90.48,H,-0.3628,0.1589,-21.7995,loss_of_function,-6.11292075872639,0.8948649839086522,Pathogenic,0.7709,pathogenic,https://doi.org/10.1101/2022.10.22.513328
R435L,-0.54661,0.18707,0.7221715392317021,Neutral,Neutral,0.2,,,,mutations_clinvar,,True,0.2,,,,neutral,neutral,neutral,DOWN,neutral,neutral,neutral,556625,Conflicting interpretations of pathogenicity,1,90.48,H,-0.3954,0.1589,-21.7995,loss_of_function,-6.11292075872639,0.8994091108412592,Pathogenic,0.9606,pathogenic,https://doi.org/10.1101/2022.10.22.513328
R435P,2.2674,11.17517,8.167399619797195,Uncertain,Uncertain,0.2,,,,mutations_clinvar,,True,0.2,,,,neutral,neutral,neutral,DOWN,neutral,neutral,neutral,1492421,Likely pathogenic,1,90.48,H,-0.4673,0.1589,-8.5116,loss_of_function,-6.11292075872639,0.9138941853984588,Pathogenic,0.9815,pathogenic,https://doi.org/10.1101/2022.10.22.513328
Q436H,7.36216,1.74354,1.7444532229886758,Uncertain,Uncertain,0.0,,,,mutations_clinvar,,True,0.0,,,,neutral,neutral,neutral,UP,neutral,neutral,neutral,1067037,Likely pathogenic,1,90.57,H,-0.1638,0.4983,-4.3458,loss_of_function,-6.11292075872639,0.915031040114501,Pathogenic,0.9072,pathogenic,https://doi.org/10.1101/2022.10.22.513328
Q436R,4.9429,6.22891,1.847249512249888,Destabilizing,Uncertain,0.0,,,,mutations_clinvar,,True,0.0,,,,neutral,neutral,neutral,UP,neutral,neutral,neutral,1064631,Pathogenic/Likely pathogenic,2,90.57,H,-0.2157,0.4983,-8.5156,loss_of_function,-6.11292075872639,0.9190456068325288,Pathogenic,0.8781,pathogenic,https://doi.org/10.1101/2022.10.22.513328
A438T,1.35082,2.81973,1.196314290779892,Uncertain,Neutral,6.2,,,,mutations_clinvar,,True,6.2,,,,neutral,neutral,neutral,UP,neutral,neutral,neutral,1330105,Uncertain significance,2,84.58,H,-0.0747,1.5408,-3.6577,loss_of_function,-0.894729264156624,0.3184727272020421,Benign,0.1404,benign,https://doi.org/10.1101/2022.10.22.513328
A438V,1.19233,2.24728,0.7560616794336125,Uncertain,Neutral,6.2,,0.0000039834289356,0.745,cBioPortal,,True,6.2,,,,neutral,neutral,neutral,UP,neutral,neutral,neutral,,,,84.58,H,-0.0846,1.5408,-6.1938,loss_of_function,-3.92466277836178,0.914072751770042,Pathogenic,0.2174,benign,https://doi.org/10.1101/2022.10.22.513328
L439M,-0.15383,0.65782,1.040999872563113,Neutral,Neutral,11.6,,,,mutations_clinvar,,True,11.6,,,,neutral,neutral,neutral,-,uncertain,uncertain,uncertain,526354,Uncertain significance,2,82.45,H,-0.1388,1.046,-6.1977,loss_of_function,-3.50997406950948,0.9096503409681892,Pathogenic,0.1469,benign,https://doi.org/10.1101/2022.10.22.513328
E440G,1.8973,2.83639,2.566877706466702,Uncertain,Uncertain,10.4,,,0.923,cBioPortal,,False,10.4,,,,neutral,neutral,neutral,DOWN,neutral,neutral,neutral,,,,80.94,T,-0.2268,0.5394,-8.5195,loss_of_function,-5.19036783468606,0.9191887886373163,Pathogenic,0.7336,pathogenic,https://doi.org/10.1101/2022.10.22.513328
G441D,3.51212,6.60748,1.1093486477314969,Destabilizing,Uncertain,52.3,3.18694626809e-05,0.0000039859376121,0.885,COSMIC,,False,52.3,,,,neutral,neutral,neutral,UP,neutral,neutral,neutral,,,,69.41,-,-0.2833,0.8561,-6.1977,loss_of_function,-4.56997804276126,0.9147189973473548,Pathogenic,0.6979,pathogenic,https://doi.org/10.1101/2022.10.22.513328
G441V,4.62616,6.63707,2.048437014253332,Destabilizing,Uncertain,52.3,,,0.918,cBioPortal,,False,52.3,,,,neutral,neutral,neutral,UP,neutral,neutral,neutral,,,,69.41,-,-0.3895,0.8561,-21.8074,loss_of_function,-6.10904650939962,0.9026170291426237,Pathogenic,0.6554,pathogenic,https://doi.org/10.1101/2022.10.22.513328
P442L,0.48246,0.99354,-0.4412453769223307,Neutral,Neutral,85.4,,,0.883,"cBioPortal,COSMIC",,False,85.4,,,,neutral,neutral,neutral,UP,neutral,neutral,neutral,,,,66.58,T,-0.176,1.3296,-6.9386,loss_of_function,-3.7228232514627,0.8949304407694296,Pathogenic,0.2356,benign,https://doi.org/10.1101/2022.10.22.513328
P442S,1.05641,1.03878,-0.0157671965371192,Neutral,Neutral,85.4,,,0.885,"cBioPortal,COSMIC",,False,85.4,,,,neutral,neutral,neutral,DOWN,neutral,neutral,neutral,,,,66.58,T,-0.1181,1.3296,-5.2016,loss_of_function,-2.99527400387494,0.5445303918278702,Uncertain,0.1525,benign,https://doi.org/10.1101/2022.10.22.513328
S443C,-0.01209,-0.16327,0.7309618076177365,Neutral,Neutral,76.2,,,,mutations_clinvar,,False,76.2,,,,uncertain,,,UP,neutral,neutral,neutral,321361,Uncertain significance,2,63.88,T,-0.0079,2.6623,-6.9386,loss_of_function,-2.72161552879712,0.3971652862436015,Uncertain,0.0847,benign,https://doi.org/10.1101/2022.10.22.513328
S443F,-0.82873,-2.12245,-0.7574920228071019,Uncertain,Neutral,76.2,,0.0000079706679420,0.286,COSMIC,,False,76.2,,,,uncertain,,,UP,neutral,neutral,neutral,,,,63.88,T,-0.0253,2.6623,-4.9386,loss_of_function,-1.31268465991311,0.0972930078597258,Benign,0.1194,benign,https://doi.org/10.1101/2022.10.22.513328
A444T,-1.26615,1.94626,0.7976312920044443,Neutral,Neutral,16.9,,,,mutations_clinvar,,False,16.9,,,,neutral,neutral,neutral,UP,neutral,neutral,neutral,1061340,Uncertain significance,1,68.77,T,-0.0269,2.1866,-5.9386,loss_of_function,-2.49743382414544,0.3370625294474195,Uncertain,0.0872,benign,https://doi.org/10.1101/2022.10.22.513328
A444V,0.42097,2.50034,0.3165515483374126,Uncertain,Neutral,16.9,,0.0000199358861900,0.365,"cBioPortal,COSMIC,mutations_clinvar",,False,16.9,,,,neutral,neutral,neutral,UP,neutral,neutral,neutral,651747,Uncertain significance,2,68.77,T,0.0025,2.1866,-0.7687,gain_of_function,-0.18180607547511,1.7243575924138817e-12,Benign,0.0794,benign,https://doi.org/10.1101/2022.10.22.513328
L446P,-0.60092,0.45782,2.578986389743366,Neutral,Uncertain,59.0,,,0.321,cBioPortal,,False,59.0,,,,neutral,neutral,neutral,DOWN,neutral,neutral,neutral,,,,79.45,-,-0.1744,2.3937,-1.0237,loss_of_function,-0.467918106284198,2.7393293471251546e-15,Benign,0.0532,benign,https://doi.org/10.1101/2022.10.22.513328
L446V,-0.04027,-0.18741,0.4632435961634989,Neutral,Neutral,59.0,,,,mutations_clinvar,,False,59.0,,,,neutral,neutral,neutral,DOWN,neutral,neutral,neutral,2502694,Uncertain significance,1,79.45,-,-0.0316,2.3937,-6.9386,loss_of_function,-1.18381321341779,3.5462350347489945e-05,Benign,0.0832,benign,https://doi.org/10.1101/2022.10.22.513328
S447L,1.83337,-0.43231,0.0786982129628355,Neutral,Neutral,17.0,0.0004778591908251,0.0003789268790784,0.519,"COSMIC,FANCA_icope_sentieon_input,mutations_clinvar",,False,17.0,,,,uncertain,,,UP,neutral,neutral,neutral,237034,Conflicting interpretations of pathogenicity,1,80.05,-,-0.1587,1.3495,-7.5274,loss_of_function,-5.1946526409725,0.9163465143246884,Pathogenic,0.2232,benign,https://doi.org/10.1101/2022.10.22.513328
Y448C,5.11542,5.11837,3.684240372938954,Destabilizing,Destabilizing,4.8,,,,mutations_clinvar,,False,4.8,,,,uncertain,,,DOWN,neutral,neutral,neutral,1691103,Pathogenic,0,86.73,H,-0.418,0.0273,-21.8074,loss_of_function,-6.1428387536664,0.9145528537660992,Pathogenic,0.861,pathogenic,https://doi.org/10.1101/2022.10.22.513328
Y448H,4.40319,3.45986,1.978205436155572,Destabilizing,Uncertain,4.8,,,,mutations_clinvar,,False,4.8,,,,uncertain,,,DOWN,neutral,neutral,neutral,623162,Conflicting interpretations of pathogenicity,1,86.73,H,-0.3551,0.0273,-21.8074,loss_of_function,-3.69941174613396,0.9182985762734028,Pathogenic,0.9306,pathogenic,https://doi.org/10.1101/2022.10.22.513328
A449T,-0.03724,0.29932,0.2764793967370565,Neutral,Neutral,11.0,,,0.172,"cBioPortal,mutations_clinvar",,False,11.0,,,,neutral,neutral,neutral,UP,neutral,neutral,neutral,838821,Uncertain significance,2,81.48,H,-0.027,2.1017,-4.4322,loss_of_function,-0.89384665583114,0.1849931538648768,Benign,0.0942,benign,https://doi.org/10.1101/2022.10.22.513328
D450H,1.08385,0.8898,-0.5319645789197724,Neutral,Neutral,67.1,,,,mutations_clinvar,,False,67.1,,,,neutral,neutral,neutral,UP,neutral,neutral,neutral,2414913,Uncertain significance,1,82.02,H,-0.0884,2.0586,-6.5274,loss_of_function,-3.44274832679445,0.8991175078806573,Pathogenic,0.2274,benign,https://doi.org/10.1101/2022.10.22.513328
D450N,0.75114,0.69558,-0.1300694775668398,Neutral,Neutral,67.1,,,,mutations_clinvar,,False,67.1,,,,neutral,neutral,neutral,-,uncertain,uncertain,uncertain,851465,Uncertain significance,1,82.02,H,-0.0398,2.0586,-5.3575,loss_of_function,-1.83367128324966,0.793799844654037,Pathogenic,0.1119,benign,https://doi.org/10.1101/2022.10.22.513328
D450V,0.71212,0.28605,-0.5458921864813676,Neutral,Neutral,67.1,,,,mutations_clinvar,,False,67.1,,,,neutral,neutral,neutral,UP,neutral,neutral,neutral,1364627,Uncertain significance,1,82.02,H,-0.1363,2.0586,-8.5273,loss_of_function,-4.75095151813669,0.790958017566268,Pathogenic,0.2163,benign,https://doi.org/10.1101/2022.10.22.513328
D450Y,-0.09141,0.47415,-0.6419754601658667,Neutral,Neutral,67.1,,,,mutations_clinvar,,False,67.1,,,,neutral,neutral,neutral,UP,neutral,neutral,neutral,952695,Uncertain significance,1,82.02,H,-0.1343,2.0586,-8.5273,loss_of_function,-4.36583894461758,0.91893445173546,Pathogenic,0.2363,benign,https://doi.org/10.1101/2022.10.22.513328
W451C,5.13588,6.47381,6.209284631169765,Destabilizing,Destabilizing,12.6,,,0.919,COSMIC,,False,12.6,,,,neutral,neutral,neutral,DOWN,neutral,neutral,neutral,,,,87.93,H,-0.5053,0.054,-21.8191,loss_of_function,-6.1428387536664,0.8970879943775111,Pathogenic,0.958,pathogenic,https://doi.org/10.1101/2022.10.22.513328
W451G,6.37457,7.50986,7.245270660400342,Destabilizing,Destabilizing,12.6,,,,mutations_clinvar,,False,12.6,,,,neutral,neutral,neutral,DOWN,neutral,neutral,neutral,1004289,Uncertain significance,2,87.93,H,-0.5547,0.054,-21.8191,loss_of_function,-6.1428387536664,0.8864939552299023,Pathogenic,0.8439,pathogenic,https://doi.org/10.1101/2022.10.22.513328
K453E,0.30513,0.54796,0.9045037260061376,Neutral,Neutral,65.4,,0.0000079918163800,0.595,COSMIC,,False,65.4,,,,neutral,neutral,neutral,DOWN,neutral,neutral,neutral,,,,83.87,H,-0.1178,1.5231,-4.7083,loss_of_function,-3.70872267793511,0.816878573614903,Pathogenic,0.2766,benign,https://doi.org/10.1101/2022.10.22.513328
K453N,0.84015,0.68605,0.7406526688082044,Neutral,Neutral,65.4,,,0.529,"cBioPortal,COSMIC",,False,65.4,,,,neutral,neutral,neutral,DOWN,neutral,neutral,neutral,,,,83.87,H,-0.1306,1.5231,-8.5156,loss_of_function,-3.70872267793511,0.8569810475561986,Pathogenic,0.7831,pathogenic,https://doi.org/10.1101/2022.10.22.513328
K453R,0.083,-0.12245,-0.0353900226931602,Neutral,Neutral,65.4,,,,mutations_clinvar,,False,65.4,,,,neutral,neutral,neutral,-,uncertain,uncertain,uncertain,1523406,Uncertain significance,1,83.87,H,-0.0459,1.5231,-8.5156,loss_of_function,-2.23795241325792,0.7453292013971008,Pathogenic,0.1014,benign,https://doi.org/10.1101/2022.10.22.513328
A454V,0.38277,-0.18129,-0.1929115551119192,Neutral,Neutral,80.9,,,0.260,"cBioPortal,COSMIC",,False,80.9,,,,neutral,neutral,neutral,UP,neutral,neutral,neutral,,,,82.92,H,0.0369,2.7675,-4.4959,gain_of_function,-0.653554853050627,0.2831864166718971,Benign,0.1041,benign,https://doi.org/10.1101/2022.10.22.513328
S455F,-2.49715,-1.47381,-1.0648489020878735,Uncertain,Uncertain,16.9,,,0.693,"cBioPortal,COSMIC",,False,16.9,,,,uncertain,,,UP,neutral,neutral,neutral,,,,84.93,H,-0.1971,1.7291,-21.7876,loss_of_function,-4.96770490890755,0.9186939152678146,Pathogenic,0.3386,benign,https://doi.org/10.1101/2022.10.22.513328
S455Y,-2.50335,-1.73163,-0.6605706159478841,Uncertain,Uncertain,16.9,3.1849162367e-05,,0.688,"cBioPortal,mutations_clinvar",,False,16.9,,,,uncertain,,,UP,neutral,neutral,neutral,1898694,Uncertain significance,1,84.93,H,-0.1198,1.7291,-5.6925,loss_of_function,-4.96770490890755,0.8969836203098989,Pathogenic,0.2919,benign,https://doi.org/10.1101/2022.10.22.513328
F456S,5.94511,6.0068,5.258579721013834,Destabilizing,Destabilizing,0.3,,,,mutations_clinvar,,False,0.3,,,,neutral,neutral,neutral,DOWN,neutral,neutral,neutral,2504098,Likely pathogenic,1,86.95,H,-0.312,0.5009,-8.4877,loss_of_function,-6.08621640121603,0.8844660577990349,Pathogenic,0.9606,pathogenic,https://doi.org/10.1101/2022.10.22.513328
G457E,0.6482,-0.65306,0.320892325196016,Neutral,Neutral,44.6,,,0.764,cBioPortal,,False,44.6,,,,neutral,neutral,neutral,UP,neutral,neutral,neutral,,,,79.98,S,-0.3604,0.8759,-21.7876,loss_of_function,-5.98488279164538,0.91831752193543,Pathogenic,0.7797,pathogenic,https://doi.org/10.1101/2022.10.22.513328
R460P,0.97048,4.14694,2.4469981800479994,Uncertain,Uncertain,101.3,,,0.306,cBioPortal,,False,101.3,,,,neutral,neutral,neutral,DOWN,neutral,neutral,neutral,,,,69.2,T,-0.2337,2.6406,-7.4878,loss_of_function,-3.23069562873099,0.89842138353599,Pathogenic,0.263,benign,https://doi.org/10.1101/2022.10.22.513328
R460Q,0.63247,0.19728,0.1191707158817551,Neutral,Neutral,101.3,,,0.248,cBioPortal,,False,101.3,,,,neutral,neutral,neutral,DOWN,neutral,neutral,neutral,,,,69.2,T,-0.0571,2.6406,-5.6805,loss_of_function,-3.95087485129607,0.7189453233148914,Pathogenic,0.0858,benign,https://doi.org/10.1101/2022.10.22.513328
Y462C,1.82924,2.40102,2.4307070918268754,Uncertain,Uncertain,37.6,,,,mutations_clinvar,,False,37.6,,,,uncertain,,,DOWN,neutral,neutral,neutral,2322976,Uncertain significance,1,79.0,G,-0.0532,3.0365,-4.5729,loss_of_function,-0.842234188884463,0.0158910458151978,Benign,0.0752,benign,https://doi.org/10.1101/2022.10.22.513328
H463R,7.32483,4.71667,1.6433870046932155,Destabilizing,Uncertain,0.2,,,0.751,"cBioPortal,COSMIC,mutations_clinvar",,False,0.2,,,,neutral,neutral,neutral,UP,neutral,neutral,neutral,844886,Uncertain significance,1,77.32,G,-0.2031,1.3884,-21.7389,loss_of_function,-5.78812176524087,0.918384478978729,Pathogenic,0.4524,ambiguous,https://doi.org/10.1101/2022.10.22.513328
H463Y,6.69745,0.5,-0.4052721011627919,Uncertain,Uncertain,0.2,,,0.748,cBioPortal,,False,0.2,,,,neutral,neutral,neutral,UP,neutral,neutral,neutral,,,,77.32,G,-0.0576,1.3884,-5.8662,loss_of_function,-3.49136119735205,0.914900274476444,Pathogenic,0.2126,benign,https://doi.org/10.1101/2022.10.22.513328
G464D,3.81673,0.64252,1.430758181684071,Uncertain,Uncertain,17.1,,,0.356,cBioPortal,,False,17.1,,,,neutral,neutral,neutral,UP,neutral,neutral,neutral,,,,72.03,G,-0.2245,2.3567,-21.7389,loss_of_function,-3.36758906725362,0.1603441031251372,Benign,0.3739,ambiguous,https://doi.org/10.1101/2022.10.22.513328
C465S,0.02214,0.45986,-0.028626018597096,Neutral,Neutral,92.1,,,,mutations_clinvar,,False,92.1,,,,neutral,neutral,neutral,DOWN,neutral,neutral,neutral,1039034,Uncertain significance,2,72.14,G,-0.1291,2.7038,-1.585,loss_of_function,-0.529002364391295,8.455817730018449e-06,Benign,0.0936,benign,https://doi.org/10.1101/2022.10.22.513328
S466R,1.17562,1.36633,0.4275889428364021,Neutral,Neutral,63.2,,,,mutations_clinvar,,False,63.2,,,,uncertain,,,UP,neutral,neutral,neutral,1037095,Uncertain significance,2,80.57,-,-0.1942,1.1417,-7.5196,loss_of_function,-5.99366120541849,0.9171332719351994,Pathogenic,0.8455,pathogenic,https://doi.org/10.1101/2022.10.22.513328
K467E,-1.06487,-0.26565,0.3541592330946508,Neutral,Neutral,65.3,3.1841049481e-05,0.0000198879908356,0.787,"COSMIC,mutations_clinvar",,False,65.3,,,,neutral,neutral,neutral,DOWN,neutral,neutral,neutral,2179694,Uncertain significance,1,84.82,H,-0.2554,0.976,-21.8074,loss_of_function,-6.04325113970379,0.9179962490426056,Pathogenic,0.5883,pathogenic,https://doi.org/10.1101/2022.10.22.513328
K467N,0.10744,0.0449,0.4017254823090044,Neutral,Neutral,65.3,,,0.739,cBioPortal,,False,65.3,,,,neutral,neutral,neutral,DOWN,neutral,neutral,neutral,,,,84.82,H,-0.1728,0.976,-6.9346,loss_of_function,-6.04325113970379,0.9062277346242688,Pathogenic,0.8965,pathogenic,https://doi.org/10.1101/2022.10.22.513328
K467R,0.54381,-0.4119,0.0786055407942082,Neutral,Neutral,65.3,,,,mutations_clinvar,,False,65.3,,,,neutral,neutral,neutral,-,uncertain,uncertain,uncertain,1422263,Uncertain significance,1,84.82,H,-0.075,0.976,-4.3497,loss_of_function,-1.9336731816059,0.3590348748483867,Uncertain,0.0911,benign,https://doi.org/10.1101/2022.10.22.513328
K468N,0.81964,0.22075,0.1522086548581636,Neutral,Neutral,80.6,,,,mutations_clinvar,,False,80.6,,,,neutral,neutral,neutral,DOWN,neutral,neutral,neutral,1018880,Uncertain significance,1,87.53,H,-0.1821,0.9638,-8.5195,loss_of_function,-6.1412494162532,0.9186459915278916,Pathogenic,0.7347,pathogenic,https://doi.org/10.1101/2022.10.22.513328
K468R,-0.33457,0.25136,-0.2019581158311051,Neutral,Neutral,80.6,,,,mutations_clinvar,,False,80.6,,,,neutral,neutral,neutral,-,uncertain,uncertain,uncertain,646909,Uncertain significance,1,87.53,H,-0.0761,0.9638,-4.3497,loss_of_function,-0.334356234235054,0.881362075571748,Pathogenic,0.0866,benign,https://doi.org/10.1101/2022.10.22.513328
K468T,0.27577,-0.02823,0.0898565420738073,Neutral,Neutral,80.6,,,,mutations_clinvar,,False,80.6,,,,neutral,neutral,neutral,DOWN,neutral,neutral,neutral,1487184,Uncertain significance,1,87.53,H,-0.2536,0.9638,-21.8074,loss_of_function,-6.1412494162532,0.9191321948561844,Pathogenic,0.5389,ambiguous,https://doi.org/10.1101/2022.10.22.513328
A469S,0.79168,1.84388,1.1223007522045896,Neutral,Neutral,7.4,,0.0000039775665248,0.270,"cBioPortal,mutations_clinvar",,False,7.4,,,,neutral,neutral,neutral,-,uncertain,uncertain,uncertain,959590,Uncertain significance,1,87.74,H,-0.0133,2.0444,-1.8903,loss_of_function,-0.843127830662882,0.0127160291160143,Benign,0.0782,benign,https://doi.org/10.1101/2022.10.22.513328
A469V,2.04909,3.41803,0.3259850681369669,Uncertain,Uncertain,7.4,,,,mutations_clinvar,,False,7.4,,,,neutral,neutral,neutral,UP,neutral,neutral,neutral,1024112,Uncertain significance,2,87.74,H,-0.0451,2.0444,-7.5196,loss_of_function,-4.33898924391414,0.8842880548276196,Pathogenic,0.1588,benign,https://doi.org/10.1101/2022.10.22.513328
L470M,0.83141,1.74354,1.6651631442912511,Neutral,Neutral,2.2,,,,mutations_clinvar,,False,2.2,,,,neutral,neutral,neutral,-,uncertain,uncertain,uncertain,1016193,Uncertain significance,2,87.42,H,-0.1315,1.2545,-8.5195,loss_of_function,-3.5910434682396,0.9191926428606366,Pathogenic,0.147,benign,https://doi.org/10.1101/2022.10.22.513328
L470V,2.86237,1.51429,1.662332093224997,Uncertain,Uncertain,2.2,,,,mutations_clinvar,,False,2.2,,,,neutral,neutral,neutral,DOWN,neutral,neutral,neutral,885409,Uncertain significance,2,87.42,H,-0.1232,1.2545,-4.3497,loss_of_function,-1.33672480836354,0.6523930814473669,Uncertain,0.1041,benign,https://doi.org/10.1101/2022.10.22.513328
L473P,9.88127,15.1483,9.239927215676312,Destabilizing,Destabilizing,0.0,,,,mutations_clinvar,,False,0.0,,,,neutral,neutral,neutral,DOWN,neutral,neutral,neutral,2160227,Uncertain significance,1,91.36,H,-0.4498,0.5538,-21.8113,loss_of_function,-6.08236793778314,0.9180116283820672,Pathogenic,0.9488,pathogenic,https://doi.org/10.1101/2022.10.22.513328
F474L,1.75529,1.19048,2.3837399533329533,Neutral,Uncertain,5.2,,,0.446,cBioPortal,,False,5.2,,,,neutral,neutral,neutral,DOWN,neutral,neutral,neutral,,,,90.91,H,-0.0955,1.6877,-1.7515,loss_of_function,-1.33082959839206,0.0053562865911338,Benign,0.7369,pathogenic,https://doi.org/10.1101/2022.10.22.513328
F474S,5.43764,3.97279,5.557034908164155,Destabilizing,Destabilizing,5.2,,,,mutations_clinvar,,False,5.2,,,,neutral,neutral,neutral,DOWN,neutral,neutral,neutral,393127,Uncertain significance,1,90.91,H,-0.2708,1.6877,-21.8074,loss_of_function,-4.90472314171647,0.8994020720690574,Pathogenic,0.8642,pathogenic,https://doi.org/10.1101/2022.10.22.513328
T475A,-0.23199,0.09558,0.4275789557609877,Neutral,Neutral,60.7,,,0.444,cBioPortal,,False,60.7,,,,uncertain,,,DOWN,neutral,neutral,neutral,,,,91.82,H,-0.0999,1.6617,-8.5234,loss_of_function,-3.16584274428771,0.0005881893021596,Benign,0.0851,benign,https://doi.org/10.1101/2022.10.22.513328
T475M,-1.30242,-0.48639,0.0310823116277453,Neutral,Neutral,60.7,3.18369945877e-05,0.0000079546900853,0.441,"cBioPortal,COSMIC,mutations_clinvar",,False,60.7,,,,uncertain,,,UP,neutral,neutral,neutral,408174,Uncertain significance,2,91.82,H,-0.2125,1.6617,-21.8113,loss_of_function,-4.55023353503705,0.0094155042635677,Benign,0.1075,benign,https://doi.org/10.1101/2022.10.22.513328
F476L,2.05265,1.88367,2.1033871200345926,Uncertain,Uncertain,2.0,,,0.776,"cBioPortal,COSMIC,mutations_clinvar",,False,2.0,,,,neutral,neutral,neutral,DOWN,neutral,neutral,neutral,2079781,Uncertain significance,1,91.9,H,-0.2257,0.5929,-7.5274,loss_of_function,-6.229864760179,0.9144426667903072,Pathogenic,0.9722,pathogenic,https://doi.org/10.1101/2022.10.22.513328
L477F,2.57763,1.72109,1.3296572016277957,Uncertain,Uncertain,0.1,,,0.611,"cBioPortal,COSMIC",,False,0.1,,,,neutral,neutral,neutral,UP,neutral,neutral,neutral,,,,92.06,H,-0.342,0.0952,-21.8152,loss_of_function,-6.2533176125001,0.8985346603694377,Pathogenic,0.5729,pathogenic,https://doi.org/10.1101/2022.10.22.513328
L480F,0.49773,3.63095,0.6924587419186214,Uncertain,Neutral,11.9,,,,mutations_clinvar,,False,11.9,,,,neutral,neutral,neutral,UP,neutral,neutral,neutral,949462,Uncertain significance,1,89.03,H,-0.2228,0.6546,-8.5312,loss_of_function,-6.10285875102597,0.9103352791659944,Pathogenic,0.6203,pathogenic,https://doi.org/10.1101/2022.10.22.513328
L480P,3.92652,11.36939,8.17013963335226,Destabilizing,Destabilizing,11.9,,,0.886,COSMIC,,False,11.9,,,,neutral,neutral,neutral,DOWN,neutral,neutral,neutral,,,,89.03,H,-0.4405,0.6546,-21.8191,loss_of_function,-6.10285875102597,0.8812337224651363,Pathogenic,0.9821,pathogenic,https://doi.org/10.1101/2022.10.22.513328
L480R,2.47677,3.66735,2.468970765599804,Uncertain,Uncertain,11.9,,,,mutations_clinvar,,False,11.9,,,,neutral,neutral,neutral,UP,neutral,neutral,neutral,1378418,Uncertain significance,1,89.03,H,-0.4373,0.6546,-21.8191,loss_of_function,-6.10285875102597,0.917297590689728,Pathogenic,0.8288,pathogenic,https://doi.org/10.1101/2022.10.22.513328
V481L,1.861,-1.52891,0.820044378578671,Neutral,Neutral,3.4,,,0.662,"cBioPortal,COSMIC",,False,3.4,,,,neutral,neutral,neutral,UP,neutral,neutral,neutral,,,,89.35,T,-0.2306,0.4256,-6.2055,loss_of_function,-0.454937034161837,0.919093641365087,Pathogenic,0.6647,pathogenic,https://doi.org/10.1101/2022.10.22.513328
V481M,1.09017,2.01293,1.645283890124242,Uncertain,Neutral,3.4,,0.0000039773766814,0.689,"cBioPortal,COSMIC,mutations_clinvar",,False,3.4,,,,neutral,neutral,neutral,UP,neutral,neutral,neutral,2197211,Uncertain significance,1,89.35,T,-0.2465,0.4256,-7.5274,loss_of_function,-1.87450917275006,0.8610051334284539,Pathogenic,0.7586,pathogenic,https://doi.org/10.1101/2022.10.22.513328
P482L,2.09494,-2.09252,-1.1655478689390495,Uncertain,Uncertain,50.9,,,0.873,cBioPortal,,True,50.9,,,,neutral,neutral,neutral,UP,neutral,neutral,neutral,,,,86.88,T,-0.3548,0.2117,-21.8152,loss_of_function,-6.03089075331056,0.8978258450497025,Pathogenic,0.6762,pathogenic,https://doi.org/10.1101/2022.10.22.513328
P482R,2.12626,-1.38197,-0.9934866465980065,Uncertain,Uncertain,50.9,,,,mutations_clinvar,,True,50.9,,,,neutral,neutral,neutral,UP,neutral,neutral,neutral,659338,Uncertain significance,2,86.88,T,-0.3,0.2117,-6.9425,loss_of_function,-6.28452716962105,0.915720656878606,Pathogenic,0.7859,pathogenic,https://doi.org/10.1101/2022.10.22.513328
P482S,2.48781,-1.35476,-0.7468313108470892,Uncertain,Uncertain,50.9,,,,mutations_clinvar,,True,50.9,,,,neutral,neutral,neutral,DOWN,neutral,neutral,neutral,1957302,Uncertain significance,1,86.88,T,-0.3057,0.2117,-21.8152,loss_of_function,-6.28452716962105,0.9171529731761828,Pathogenic,0.7948,pathogenic,https://doi.org/10.1101/2022.10.22.513328
E484Q,1.67416,-0.85782,0.7392221203597277,Neutral,Neutral,0.4,,,0.875,cBioPortal,,True,0.4,,,,neutral,neutral,neutral,UP,neutral,neutral,neutral,,,,86.15,-,-0.2478,0.4692,-21.8152,loss_of_function,-3.1869373327328,0.9063622279904584,Pathogenic,0.8689,pathogenic,https://doi.org/10.1101/2022.10.22.513328
S485F,-0.12437,-1.91259,-1.2359694265513723,Neutral,Neutral,25.9,,,,mutations_clinvar,,True,25.9,,,,uncertain,,,UP,neutral,neutral,neutral,851862,Uncertain significance,1,82.96,-,-0.1467,2.2786,-21.8191,loss_of_function,-5.21964392539644,2.0123959994753837e-05,Benign,0.2362,benign,https://doi.org/10.1101/2022.10.22.513328
S485Y,0.31962,-0.23265,-1.144365556816147,Neutral,Neutral,25.9,,,,mutations_clinvar,,True,25.9,,,,uncertain,,,UP,neutral,neutral,neutral,2163691,Likely benign,1,82.96,-,-0.1516,2.2786,-21.8191,loss_of_function,-5.21964392539644,0.0001112448449774,Benign,0.1815,benign,https://doi.org/10.1101/2022.10.22.513328
P486S,3.06257,1.71939,0.815664055055493,Uncertain,Uncertain,27.5,,,,mutations_clinvar,,True,27.5,,,,neutral,neutral,neutral,DOWN,neutral,neutral,neutral,2061967,Uncertain significance,1,79.57,H,-0.125,1.2629,-5.3614,loss_of_function,-2.42112833116997,0.8896329629497801,Pathogenic,0.1671,benign,https://doi.org/10.1101/2022.10.22.513328
R487G,2.63949,3.6602,2.6471289157231435,Uncertain,Uncertain,7.0,,,0.546,"cBioPortal,mutations_clinvar",,True,7.0,,,,neutral,neutral,neutral,DOWN,neutral,neutral,neutral,1495410,Uncertain significance,1,77.75,H,-0.1938,2.7097,-21.8191,loss_of_function,-4.83318942812228,0.8931437494120116,Pathogenic,0.1583,benign,https://doi.org/10.1101/2022.10.22.513328
R487Q,2.01547,2.00952,1.101631072852122,Uncertain,Uncertain,7.0,,0.0000079555760633,0.215,"cBioPortal,COSMIC,mutations_clinvar",,True,7.0,,,,neutral,neutral,neutral,DOWN,neutral,neutral,neutral,1060015,Uncertain significance,1,77.75,H,-0.0301,2.7097,-1.6245,loss_of_function,-0.818504627713053,0.0034389243730836,Benign,0.0932,benign,https://doi.org/10.1101/2022.10.22.513328
R487W,2.12008,1.79932,0.034562274854637,Uncertain,Uncertain,7.0,3.1847133758e-05,0.0000318235701272,0.484,"cBioPortal,COSMIC,mutations_clinvar",,True,7.0,,,,neutral,neutral,neutral,UP,neutral,neutral,neutral,652450,Likely benign,1,77.75,H,-0.094,2.7097,-5.724,loss_of_function,-1.49102425278471,0.6965044469615992,Pathogenic,0.1209,benign,https://doi.org/10.1101/2022.10.22.513328
Y488C,2.13854,2.9051,2.912174849678664,Uncertain,Uncertain,12.8,,,,mutations_clinvar,P,True,12.8,1.962,,,uncertain,uncertain,uncertain,DOWN,neutral,neutral,neutral,580727,Uncertain significance,1,84.99,H,-0.2453,0.9321,-4.2835,loss_of_function,-2.71450827215299,0.3134257822433099,Benign,0.1542,benign,https://doi.org/10.1101/2022.10.22.513328
Q490H,1.37033,1.81156,0.1879604964330405,Neutral,Neutral,0.6,,,,mutations_clinvar,,True,0.6,,,,neutral,neutral,neutral,UP,neutral,neutral,neutral,861619,Uncertain significance,1,83.7,H,-0.1841,1.2476,-21.8385,loss_of_function,-5.76676482198013,0.9135519751513936,Pathogenic,0.7509,pathogenic,https://doi.org/10.1101/2022.10.22.513328
Q490L,-1.03515,-0.64728,-0.8106475474335428,Neutral,Neutral,0.6,,,0.746,cBioPortal,,True,0.6,,,,neutral,neutral,neutral,UP,neutral,neutral,neutral,,,,83.7,H,-0.1342,1.2476,-8.5506,loss_of_function,-5.76676482198013,0.8983549360886569,Pathogenic,0.3645,ambiguous,https://doi.org/10.1101/2022.10.22.513328
V491A,2.35282,2.07483,1.8184729440968843,Uncertain,Uncertain,1.9,,,0.622,cBioPortal,,True,1.9,,,,neutral,neutral,neutral,DOWN,neutral,neutral,neutral,,,,81.22,H,-0.1636,0.982,-3.2288,loss_of_function,-1.8872806199554,0.4723145327487785,Uncertain,0.3384,benign,https://doi.org/10.1101/2022.10.22.513328
V491M,0.85028,1.4432,1.0518360127276942,Neutral,Neutral,1.9,,,0.679,cBioPortal,,True,1.9,,,,neutral,neutral,neutral,UP,neutral,neutral,neutral,,,,81.22,H,-0.2005,0.982,-8.5506,loss_of_function,-3.67583544140122,0.9182828195577796,Pathogenic,0.499,ambiguous,https://doi.org/10.1101/2022.10.22.513328
H492L,-0.15156,0.43537,-0.0012165856355744,Neutral,Neutral,0.4,,,,mutations_clinvar,,True,0.4,,,,neutral,neutral,neutral,UP,neutral,neutral,neutral,408173,Uncertain significance,1,88.04,H,-0.3311,0.1491,-21.8385,loss_of_function,-6.45852268730528,0.9083591514012604,Pathogenic,0.8572,pathogenic,https://doi.org/10.1101/2022.10.22.513328
H492R,1.24776,2.34184,2.3315812838214405,Uncertain,Uncertain,0.4,,,0.957,"cBioPortal,mutations_clinvar",,True,0.4,,,,neutral,neutral,neutral,UP,neutral,neutral,neutral,553955,Uncertain significance,1,88.04,H,-0.3176,0.1491,-21.8385,loss_of_function,-6.45852268730528,0.9012333551752892,Pathogenic,0.9775,pathogenic,https://doi.org/10.1101/2022.10.22.513328
I493V,1.27683,0.83197,1.1939300601191545,Neutral,Neutral,8.2,,,,mutations_clinvar,,True,8.2,,,,neutral,neutral,neutral,DOWN,neutral,neutral,neutral,1509520,Uncertain significance,2,83.27,H,-0.0556,1.27,-2.8035,loss_of_function,-0.844935071954869,0.0001382714453212,Benign,0.1107,benign,https://doi.org/10.1101/2022.10.22.513328
L494F,0.69339,2.80034,0.2478251084843713,Uncertain,Neutral,26.5,,,,mutations_clinvar,,True,26.5,,,,neutral,neutral,neutral,UP,neutral,neutral,neutral,408206,Uncertain significance,1,76.06,H,-0.076,2.0237,-4.4478,loss_of_function,-1.94207383467838,0.410177710613351,Uncertain,0.1517,benign,https://doi.org/10.1101/2022.10.22.513328
H495D,2.78693,1.42857,1.979233624091942,Uncertain,Uncertain,41.4,,,,mutations_clinvar,,True,41.4,,,,neutral,neutral,neutral,DOWN,neutral,neutral,neutral,2128285,Uncertain significance,1,79.93,S,-0.1541,2.0443,-21.8385,loss_of_function,-4.04467511871999,0.9094577270694464,Pathogenic,0.6814,pathogenic,https://doi.org/10.1101/2022.10.22.513328
H495Y,-0.29731,0.19354,-0.2658124174557658,Neutral,Neutral,41.4,,,,mutations_clinvar,,True,41.4,,,,neutral,neutral,neutral,UP,neutral,neutral,neutral,2082089,Uncertain significance,1,79.93,S,0.0211,2.0443,-2.284,gain_of_function,-0.808827309780639,0.0739821576993246,Benign,0.0828,benign,https://doi.org/10.1101/2022.10.22.513328
P496S,1.63007,1.86939,0.9678978686268984,Neutral,Neutral,32.9,,,0.741,"cBioPortal,COSMIC",,True,32.9,,,,neutral,neutral,neutral,DOWN,neutral,neutral,neutral,,,,83.27,-,-0.1453,1.0444,-5.3847,loss_of_function,-6.20000834179409,0.9174729315910204,Pathogenic,0.3985,ambiguous,https://doi.org/10.1101/2022.10.22.513328
P497L,2.83357,2.76259,0.3793774542229777,Uncertain,Uncertain,0.0,,0.0000039780728624,0.797,"cBioPortal,COSMIC",,False,0.0,,,,neutral,neutral,neutral,UP,neutral,neutral,neutral,,,,84.04,-,-0.252,0.5056,-6.9696,loss_of_function,-6.45932319879002,0.9118410459918384,Pathogenic,0.5635,ambiguous,https://doi.org/10.1101/2022.10.22.513328
P497S,4.56433,2.95952,1.651992845312959,Uncertain,Uncertain,0.0,,,,mutations_clinvar,,False,0.0,,,,neutral,neutral,neutral,DOWN,neutral,neutral,neutral,384094,Likely pathogenic,1,84.04,-,-0.2059,0.5056,-7.5545,loss_of_function,-5.85443205378079,0.9184724101568074,Pathogenic,0.8096,pathogenic,https://doi.org/10.1101/2022.10.22.513328
L498V,0.94572,0.47585,0.6607380016855671,Neutral,Neutral,58.1,,,,mutations_clinvar,,False,58.1,,,,neutral,neutral,neutral,DOWN,neutral,neutral,neutral,1406440,Uncertain significance,1,80.97,-,-0.0437,2.2633,-6.9696,loss_of_function,-1.59941364079657,0.9107292971747444,Pathogenic,0.1072,benign,https://doi.org/10.1101/2022.10.22.513328
P500A,2.22461,1.53741,-0.4676415451605775,Uncertain,Uncertain,52.6,,,0.631,"cBioPortal,COSMIC,mutations_clinvar",,False,52.6,,,,neutral,neutral,neutral,DOWN,neutral,neutral,neutral,1402917,Uncertain significance,1,79.58,-,-0.1541,0.9355,-5.099,loss_of_function,-2.43885745056908,0.8693155992897219,Pathogenic,0.1241,benign,https://doi.org/10.1101/2022.10.22.513328
P500S,2.80137,1.71871,-0.3848212802956174,Uncertain,Uncertain,52.6,,0.0000079557026477,0.574,"cBioPortal,mutations_clinvar",,False,52.6,,,,neutral,neutral,neutral,DOWN,neutral,neutral,neutral,1371829,Uncertain significance,2,79.58,-,-0.1545,0.9355,-5.2365,loss_of_function,-2.94877485116716,0.9176571083403704,Pathogenic,0.1882,benign,https://doi.org/10.1101/2022.10.22.513328
G501S,-0.01501,-0.67483,-0.3352775944607616,Neutral,Neutral,65.7,0.5205067502719304,0.5020226794928967,0.261,"cBioPortal,COSMIC,mutations_clinvar",,False,65.7,,,,neutral,neutral,neutral,UP,neutral,neutral,neutral,"759197, 134244","Likely benign, Benign","1, 2",77.53,G,-0.0014,3.0754,-1.6197,loss_of_function,0.33097681576463,1.5599173148557582e-15,Benign,0.0576,benign,https://doi.org/10.1101/2022.10.22.513328
K502N,0.76047,0.06224,0.2494996224191414,Neutral,Neutral,92.2,,,0.433,cBioPortal,,False,92.2,,,,neutral,neutral,neutral,DOWN,neutral,neutral,neutral,,,,80.95,G,-0.1639,0.9715,-5.0952,loss_of_function,-6.08341331382574,0.918597440172741,Pathogenic,0.5688,pathogenic,https://doi.org/10.1101/2022.10.22.513328
K502R,0.6437,0.50204,-0.0280118491408803,Neutral,Neutral,92.2,,,0.268,"cBioPortal,COSMIC",,False,92.2,,,,neutral,neutral,neutral,-,uncertain,uncertain,uncertain,,,,80.95,G,-0.077,0.9715,-4.6477,loss_of_function,-0.338421883989336,0.0072803420186062,Benign,0.0833,benign,https://doi.org/10.1101/2022.10.22.513328
Y503C,2.09116,2.41361,2.7985662730680154,Uncertain,Uncertain,32.3,,,0.587,cBioPortal,,False,32.3,,,,uncertain,,,DOWN,neutral,neutral,neutral,,,,83.08,G,-0.1465,1.9371,-3.0349,loss_of_function,-2.67327602409124,0.2122237838171112,Benign,0.1805,benign,https://doi.org/10.1101/2022.10.22.513328
R504C,1.20787,0.4432,1.3261491194189206,Neutral,Neutral,78.8,3.18735258494e-05,0.0000198883072664,0.619,"cBioPortal,COSMIC,mutations_clinvar",,True,78.8,,,,neutral,neutral,neutral,DOWN,neutral,neutral,neutral,550750,Conflicting interpretations of pathogenicity,1,85.22,H,-0.3215,1.0353,-21.8461,loss_of_function,-3.21654540492801,0.9057143662292884,Pathogenic,0.1461,benign,https://doi.org/10.1101/2022.10.22.513328
R504H,1.36901,-0.16327,0.2390531695530301,Neutral,Neutral,78.8,,0.0000119333640949,0.374,"cBioPortal,COSMIC,mutations_clinvar",,True,78.8,,,,neutral,neutral,neutral,DOWN,neutral,neutral,neutral,1319532,Uncertain significance,2,85.22,H,-0.1921,1.0353,-4.1661,loss_of_function,-2.22200161077429,0.7600132986486676,Pathogenic,0.095,benign,https://doi.org/10.1101/2022.10.22.513328
R504L,-0.37516,-0.78776,-0.1584420946392534,Neutral,Neutral,78.8,,0.0000039777880316,0.647,"cBioPortal,COSMIC,mutations_clinvar",,True,78.8,,,,neutral,neutral,neutral,DOWN,neutral,neutral,neutral,2156127,Uncertain significance,1,85.22,H,-0.2392,1.0353,-6.9734,loss_of_function,-6.24997246750138,0.9188725643811858,Pathogenic,0.3422,ambiguous,https://doi.org/10.1101/2022.10.22.513328
S505A,-0.33693,-0.34558,-0.1584195460878512,Neutral,Neutral,85.4,,0.0000079549432017,0.215,"cBioPortal,COSMIC,mutations_clinvar",,True,85.4,,,,uncertain,,,-,uncertain,uncertain,uncertain,1382105,Uncertain significance,1,87.74,H,0.0295,2.3523,-3.9184,gain_of_function,-0.617592393617503,0.0010384818707853,Benign,0.0699,benign,https://doi.org/10.1101/2022.10.22.513328
S505F,-1.47228,-1.19354,-0.6031075491735549,Neutral,Neutral,85.4,,,0.239,COSMIC,,True,85.4,,,,uncertain,,,UP,neutral,neutral,neutral,,,,87.74,H,-0.057,2.3523,-5.5622,loss_of_function,-1.61701661274316,0.0440794793419558,Benign,0.1162,benign,https://doi.org/10.1101/2022.10.22.513328
T508A,-0.57684,-0.10986,0.1404090858836504,Neutral,Neutral,82.1,,,0.133,"cBioPortal,COSMIC",,True,82.1,,,,uncertain,,,DOWN,neutral,neutral,neutral,,,,87.56,H,0.0121,2.7366,-5.9619,gain_of_function,-0.767578356331012,0.3281847099958156,Uncertain,0.0828,benign,https://doi.org/10.1101/2022.10.22.513328
T508I,-1.05301,-0.39626,-0.430148374796741,Neutral,Neutral,82.1,,,0.261,cBioPortal,,True,82.1,,,,uncertain,,,UP,neutral,neutral,neutral,,,,87.56,H,-0.0168,2.7366,-6.5469,loss_of_function,-0.654609803736806,0.8793461409402545,Pathogenic,0.1978,benign,https://doi.org/10.1101/2022.10.22.513328
D509E,-0.66489,-0.43401,-0.358646205537047,Neutral,Neutral,82.3,,,,mutations_clinvar,,True,82.3,,,,neutral,neutral,neutral,UP,neutral,neutral,neutral,1376142,Uncertain significance,1,91.17,H,-0.0813,1.1323,-1.0506,loss_of_function,-1.50388730048366,0.3251266503407332,Uncertain,0.4898,ambiguous,https://doi.org/10.1101/2022.10.22.513328
Y510F,0.42089,0.16395,-0.0369619359961231,Neutral,Neutral,1.5,,,0.812,"cBioPortal,COSMIC",,True,1.5,,,,uncertain,,,-,uncertain,uncertain,uncertain,,,,92.2,H,-0.1886,0.1843,-5.7701,loss_of_function,-3.14637416929835,0.9174159262775652,Pathogenic,0.3331,benign,https://doi.org/10.1101/2022.10.22.513328
I511F,0.60507,0.90204,0.8559867498342801,Neutral,Neutral,25.2,,,0.350,cBioPortal,,True,25.2,,,,neutral,neutral,neutral,UP,neutral,neutral,neutral,,,,89.1,H,-0.2355,1.6291,-21.8651,loss_of_function,-5.28524319285165,0.6176151521966065,Uncertain,0.3648,ambiguous,https://doi.org/10.1101/2022.10.22.513328
A514D,5.07216,3.28299,3.264769040094462,Destabilizing,Destabilizing,0.0,,0.0000039771552204,0.851,"cBioPortal,COSMIC",,True,0.0,,,,neutral,neutral,neutral,UP,neutral,neutral,neutral,,,,89.04,H,-0.3722,0.5247,-21.8689,loss_of_function,-5.92497783720602,0.9093949990421556,Pathogenic,0.9921,pathogenic,https://doi.org/10.1101/2022.10.22.513328
A514G,2.156,2.30782,2.4888125737006708,Uncertain,Uncertain,0.0,,,0.669,cBioPortal,,True,0.0,,,,neutral,neutral,neutral,DOWN,neutral,neutral,neutral,,,,89.04,H,-0.2839,0.5247,-21.8689,loss_of_function,-5.92497783720602,0.9085285809167134,Pathogenic,0.3577,ambiguous,https://doi.org/10.1101/2022.10.22.513328
K515N,0.9984,1.08333,0.9426671349237886,Neutral,Neutral,54.4,,,0.382,cBioPortal,,True,54.4,,,,neutral,neutral,neutral,DOWN,neutral,neutral,neutral,,,,85.58,H,-0.2735,0.7104,-21.8689,loss_of_function,-5.63234147402911,0.8918953604568309,Pathogenic,0.8779,pathogenic,https://doi.org/10.1101/2022.10.22.513328
K515Q,0.74629,0.76803,0.7051296746747301,Neutral,Neutral,54.4,,,,mutations_clinvar,,True,54.4,,,,neutral,neutral,neutral,DOWN,neutral,neutral,neutral,1009157,Uncertain significance,1,85.58,H,-0.1867,0.7104,-8.5811,loss_of_function,-5.63234147402911,0.8704166596952907,Pathogenic,0.2747,benign,https://doi.org/10.1101/2022.10.22.513328
R517L,-0.61465,1.41565,0.9186846418493556,Neutral,Neutral,34.1,,,0.691,"cBioPortal,COSMIC",,True,34.1,,,,neutral,neutral,neutral,DOWN,neutral,neutral,neutral,,,,88.17,H,-0.3923,0.1967,-21.8689,loss_of_function,-6.45932319879002,0.9086436158783412,Pathogenic,0.8717,pathogenic,https://doi.org/10.1101/2022.10.22.513328
R517Q,0.03201,1.34898,2.018389340755089,Neutral,Uncertain,34.1,,,,mutations_clinvar,,True,34.1,,,,neutral,neutral,neutral,DOWN,neutral,neutral,neutral,1692203,Uncertain significance,1,88.17,H,-0.2866,0.1967,-6.5812,loss_of_function,-3.39420771037414,0.8994792468547557,Pathogenic,0.3749,ambiguous,https://doi.org/10.1101/2022.10.22.513328
R517W,0.27676,1.09762,0.4794774861276218,Neutral,Neutral,34.1,6.368615463e-05,0.0000795462680868,0.833,"cBioPortal,mutations_clinvar",,True,34.1,,,,neutral,neutral,neutral,UP,neutral,neutral,neutral,134243,Uncertain significance,2,88.17,H,-0.4076,0.1967,-21.8689,loss_of_function,-6.45932319879002,0.899742083752185,Pathogenic,0.6826,pathogenic,https://doi.org/10.1101/2022.10.22.513328
A519G,0.61558,0.89082,0.659976970757194,Neutral,Neutral,76.5,,,,mutations_clinvar,,False,76.5,,,,neutral,neutral,neutral,DOWN,neutral,neutral,neutral,1717784,Uncertain significance,1,83.36,H,-0.167,1.795,-21.8651,loss_of_function,-5.7655612886523,0.9179712669057862,Pathogenic,0.1706,benign,https://doi.org/10.1101/2022.10.22.513328
A519S,0.00651,0.38537,0.2658176292505543,Neutral,Neutral,76.5,,,0.402,cBioPortal,,False,76.5,,,,neutral,neutral,neutral,-,uncertain,uncertain,uncertain,,,,83.36,H,-0.0467,1.795,-3.9336,loss_of_function,-0.891826368129296,0.3426700920758513,Uncertain,0.0986,benign,https://doi.org/10.1101/2022.10.22.513328
D520E,-0.72115,-0.99456,-0.4416300972383069,Neutral,Neutral,72.3,,,,mutations_clinvar,,False,72.3,,,,neutral,neutral,neutral,UP,neutral,neutral,neutral,1403363,Uncertain significance,1,85.17,H,-0.1791,0.3118,-5.4113,loss_of_function,-0.964164681280843,0.9066569104222456,Pathogenic,0.9093,pathogenic,https://doi.org/10.1101/2022.10.22.513328
D520H,-0.29273,-0.21259,-0.5878426910810985,Neutral,Neutral,72.3,,,,mutations_clinvar,,False,72.3,,,,neutral,neutral,neutral,UP,neutral,neutral,neutral,569823,Uncertain significance,2,85.17,H,-0.3274,0.3118,-21.8689,loss_of_function,-6.39539975718849,0.9126084187271896,Pathogenic,0.9329,pathogenic,https://doi.org/10.1101/2022.10.22.513328
D520N,-0.11805,-0.32483,-0.2480113970467801,Neutral,Neutral,72.3,,,,mutations_clinvar,,False,72.3,,,,neutral,neutral,neutral,-,uncertain,uncertain,uncertain,651912,Uncertain significance,1,85.17,H,-0.217,0.3118,-8.5811,loss_of_function,-3.84624662648699,0.9139216322514184,Pathogenic,0.7608,pathogenic,https://doi.org/10.1101/2022.10.22.513328
L521F,0.97192,0.66531,0.6601986263904736,Neutral,Neutral,34.6,,,,mutations_clinvar,,False,34.6,,,,neutral,neutral,neutral,UP,neutral,neutral,neutral,2155204,Uncertain significance,1,81.24,T,-0.2215,0.4495,-4.5774,loss_of_function,-3.4154968565732,0.8555747153701543,Pathogenic,0.1846,benign,https://doi.org/10.1101/2022.10.22.513328
K522E,1.51354,0.29864,0.4035197441382493,Neutral,Neutral,98.0,,,,mutations_clinvar,,False,98.0,,,,neutral,neutral,neutral,DOWN,neutral,neutral,neutral,456081,Uncertain significance,1,78.82,T,-0.1786,0.9332,-5.9811,loss_of_function,-4.35803644873041,0.8947097674265585,Pathogenic,0.2048,benign,https://doi.org/10.1101/2022.10.22.513328
K522N,0.82572,-0.33061,0.0543926408645983,Neutral,Neutral,98.0,,,0.315,"cBioPortal,COSMIC",,False,98.0,,,,neutral,neutral,neutral,DOWN,neutral,neutral,neutral,,,,78.82,T,-0.1627,0.9332,-4.1737,loss_of_function,-2.30145507857225,0.9064652352342272,Pathogenic,0.4616,ambiguous,https://doi.org/10.1101/2022.10.22.513328
K522R,-0.21689,0.34694,0.1070264812131577,Neutral,Neutral,98.0,,,0.431,"cBioPortal,COSMIC",,False,98.0,,,,neutral,neutral,neutral,-,uncertain,uncertain,uncertain,,,,78.82,T,-0.1683,0.9332,-21.8538,loss_of_function,-2.18974872301638,0.9124066991826476,Pathogenic,0.1197,benign,https://doi.org/10.1101/2022.10.22.513328
V523D,1.52678,3.15646,2.850265043347731,Uncertain,Uncertain,10.2,,,0.706,"cBioPortal,COSMIC,mutations_clinvar",,False,10.2,,,,neutral,neutral,neutral,DOWN,neutral,neutral,neutral,990018,Uncertain significance,0,69.89,-,-0.3226,1.3031,-7.5313,loss_of_function,-3.86953547096307,0.9092543748185402,Pathogenic,0.4719,ambiguous,https://doi.org/10.1101/2022.10.22.513328
V523F,2.22818,0.34422,0.9647479667761828,Uncertain,Uncertain,10.2,,0.0000159084943406,0.663,"cBioPortal,mutations_clinvar",,False,10.2,,,,neutral,neutral,neutral,UP,neutral,neutral,neutral,2154281,Uncertain significance,2,69.89,-,-0.3061,1.3031,-21.8191,loss_of_function,-4.32551304446141,0.6998207609392882,Pathogenic,0.2269,benign,https://doi.org/10.1101/2022.10.22.513328
S524C,-0.08224,0.82041,0.9056648887335034,Neutral,Neutral,57.9,,,,mutations_clinvar,,False,57.9,,,,uncertain,,,UP,neutral,neutral,neutral,1031414,Uncertain significance,2,67.91,-,-0.1841,1.5724,-21.8152,loss_of_function,-2.29305495431731,0.9146828416869294,Pathogenic,0.129,benign,https://doi.org/10.1101/2022.10.22.513328
S524F,-0.29899,-0.56769,-0.0938571478374394,Neutral,Neutral,57.9,,,0.480,COSMIC,,False,57.9,,,,uncertain,,,UP,neutral,neutral,neutral,,,,67.91,-,-0.1439,1.5724,-8.5273,loss_of_function,-5.84449105519935,0.8993634188329254,Pathogenic,0.3726,ambiguous,https://doi.org/10.1101/2022.10.22.513328
S524Y,-0.30655,-0.56429,-0.0403029765152451,Neutral,Neutral,57.9,,0.0000079546900853,0.497,cBioPortal,,False,57.9,,,,uncertain,,,UP,neutral,neutral,neutral,,,,67.91,-,-0.2165,1.5724,-21.8152,loss_of_function,-5.84449105519935,0.910343254384355,Pathogenic,0.3086,benign,https://doi.org/10.1101/2022.10.22.513328
I525L,-0.12582,0.05068,0.3405900873785911,Neutral,Neutral,22.5,,,0.213,"cBioPortal,mutations_clinvar",,False,22.5,,,,neutral,neutral,neutral,-,uncertain,uncertain,uncertain,990017,Uncertain significance,1,65.38,G,-0.0041,2.2555,-2.6749,loss_of_function,-0.663205860294924,2.5848650045380017e-07,Benign,0.0875,benign,https://doi.org/10.1101/2022.10.22.513328
I525T,2.3321,2.23163,1.999129936416597,Uncertain,Uncertain,22.5,,,,mutations_clinvar,,False,22.5,,,,neutral,neutral,neutral,DOWN,neutral,neutral,neutral,1015635,Uncertain significance,2,65.38,G,-0.0866,2.2555,-4.7004,loss_of_function,-4.35128737989028,0.4812779912816495,Uncertain,0.1395,benign,https://doi.org/10.1101/2022.10.22.513328
I525V,0.97694,0.78946,0.5890038353608379,Neutral,Neutral,22.5,6.37023824691e-05,0.0001034068582610,0.216,"cBioPortal,mutations_clinvar",,False,22.5,,,,neutral,neutral,neutral,DOWN,neutral,neutral,neutral,522334,Conflicting interpretations of pathogenicity,1,65.38,G,0.0403,2.2555,-1.7799,gain_of_function,-0.600373798738295,2.0897638347192823e-08,Benign,0.0656,benign,https://doi.org/10.1101/2022.10.22.513328
E526D,0.09437,0.48673,0.3627065332885559,Neutral,Neutral,77.4,,,0.589,cBioPortal,,False,77.4,,,,neutral,neutral,neutral,DOWN,neutral,neutral,neutral,,,,64.45,G,-0.1133,0.8703,-4.0117,loss_of_function,-2.36022082533984,0.8935107990518509,Pathogenic,0.3884,ambiguous,https://doi.org/10.1101/2022.10.22.513328
E526K,0.14626,0.67925,0.4544076437827271,Neutral,Neutral,77.4,,,0.657,COSMIC,,False,77.4,,,,neutral,neutral,neutral,UP,neutral,neutral,neutral,,,,64.45,G,-0.1846,0.8703,-6.9503,loss_of_function,-6.22040496899735,0.9189707341584292,Pathogenic,0.3296,benign,https://doi.org/10.1101/2022.10.22.513328
E526Q,0.41983,0.8915,0.4841770991702415,Neutral,Neutral,77.4,,,0.655,"cBioPortal,COSMIC",,False,77.4,,,,neutral,neutral,neutral,UP,neutral,neutral,neutral,,,,64.45,G,-0.138,0.8703,-7.5352,loss_of_function,-3.74077368426157,0.9138157841738638,Pathogenic,0.2737,benign,https://doi.org/10.1101/2022.10.22.513328
N527I,0.31793,1.19796,0.7372327946891333,Neutral,Neutral,39.1,,0.0000119314656612,0.416,"cBioPortal,COSMIC",,False,39.1,,,,neutral,neutral,neutral,UP,neutral,neutral,neutral,,,,63.43,G,-0.153,2.434,-21.8074,loss_of_function,-4.53579047913828,0.8399912742245004,Pathogenic,0.3161,benign,https://doi.org/10.1101/2022.10.22.513328
M528I,1.1392,1.3068,0.747036339907581,Neutral,Neutral,3.5,,,0.482,cBioPortal,,False,3.5,,,,neutral,neutral,neutral,-,uncertain,uncertain,uncertain,,,,67.01,S,-0.092,1.5513,-5.724,loss_of_function,-3.60179757215279,0.8379836848006408,Pathogenic,0.5353,ambiguous,https://doi.org/10.1101/2022.10.22.513328
L530F,3.23931,1.5085,0.8021468551330635,Uncertain,Uncertain,4.1,,,,mutations_clinvar,,False,4.1,,,,neutral,neutral,neutral,UP,neutral,neutral,neutral,1026803,Uncertain significance,1,66.22,T,-0.1636,1.1218,-5.3614,loss_of_function,-6.49454499306848,0.9180481347856936,Pathogenic,0.3489,ambiguous,https://doi.org/10.1101/2022.10.22.513328
L530I,1.1503,0.55612,0.8380449111105903,Neutral,Neutral,4.1,,,0.435,cBioPortal,,False,4.1,,,,neutral,neutral,neutral,-,uncertain,uncertain,uncertain,,,,66.22,T,-0.097,1.1218,-3.9464,loss_of_function,-2.63811030994236,0.8517866477451441,Pathogenic,0.1557,benign,https://doi.org/10.1101/2022.10.22.513328
L530V,2.01901,1.92823,1.3140347203435487,Uncertain,Uncertain,4.1,,,,mutations_clinvar,,False,4.1,,,,neutral,neutral,neutral,DOWN,neutral,neutral,neutral,1410341,Uncertain significance,1,66.22,T,-0.1567,1.1218,-8.5312,loss_of_function,-3.90539419800949,0.918573143843121,Pathogenic,0.2726,benign,https://doi.org/10.1101/2022.10.22.513328
Y531C,2.6843,3.09932,1.7413183509500518,Uncertain,Uncertain,22.7,,0.0000039770286823,0.828,cBioPortal,,False,22.7,,,,uncertain,,,DOWN,neutral,neutral,neutral,,,,66.42,T,-0.2495,1.0665,-7.5235,loss_of_function,-6.56963546307965,0.9165230979271336,Pathogenic,0.4218,ambiguous,https://doi.org/10.1101/2022.10.22.513328
E532D,1.19529,1.20476,1.045349709758135,Neutral,Neutral,12.2,,,0.474,cBioPortal,,False,12.2,,,,neutral,neutral,neutral,DOWN,neutral,neutral,neutral,,,,59.44,-,-0.0842,1.3071,-6.1819,loss_of_function,-3.80157573330917,0.739678665793632,Pathogenic,0.4336,ambiguous,https://doi.org/10.1101/2022.10.22.513328
E532K,-0.14212,4.57823,0.919092720668729,Uncertain,Neutral,12.2,,0.0000119313707554,0.420,cBioPortal,,False,12.2,,,,neutral,neutral,neutral,UP,neutral,neutral,neutral,,,,59.44,-,-0.1391,1.3071,-5.9188,loss_of_function,-3.05578690186344,0.6481330347924673,Uncertain,0.1412,benign,https://doi.org/10.1101/2022.10.22.513328
E532Q,-0.00231,1.3085,0.4361014357403375,Neutral,Neutral,12.2,,,,mutations_clinvar,,False,12.2,,,,neutral,neutral,neutral,UP,neutral,neutral,neutral,1382578,Uncertain significance,2,59.44,-,-0.0851,1.3071,-5.0444,loss_of_function,-3.80157573330917,0.8922582278893307,Pathogenic,0.1756,benign,https://doi.org/10.1101/2022.10.22.513328
D533N,1.19198,1.16871,0.1943428762736199,Neutral,Neutral,30.7,,0.0000039770603161,0.517,"cBioPortal,COSMIC",,False,30.7,,,,neutral,neutral,neutral,-,uncertain,uncertain,uncertain,,,,56.89,-,-0.0961,1.3948,-4.4164,loss_of_function,-1.01438609729284,0.3394630394123917,Uncertain,0.1297,benign,https://doi.org/10.1101/2022.10.22.513328
L534F,0.68966,2.08844,0.3927383586864369,Uncertain,Neutral,5.2,,,0.404,COSMIC,,False,5.2,,,,neutral,neutral,neutral,UP,neutral,neutral,neutral,,,,53.13,T,-0.0849,2.096,-7.4998,loss_of_function,-5.39491806295323,0.8450692282336603,Pathogenic,0.1453,benign,https://doi.org/10.1101/2022.10.22.513328
S536L,1.50487,-1.01361,-0.986677921245402,Neutral,Neutral,27.7,,,0.211,"cBioPortal,mutations_clinvar",,False,27.7,,,,uncertain,,,UP,neutral,neutral,neutral,2069702,Uncertain significance,1,47.16,-,-0.0666,2.1994,-4.7994,loss_of_function,-1.46142171365895,0.0133064079445544,Benign,0.0729,benign,https://doi.org/10.1101/2022.10.22.513328
A537G,0.23603,0.80952,0.8706431735644266,Neutral,Neutral,61.0,,,0.193,cBioPortal,,False,61.0,,,,neutral,neutral,neutral,DOWN,neutral,neutral,neutral,,,,43.69,-,-0.0099,2.5093,-3.9603,loss_of_function,-1.80665545424816,0.0351438363955205,Benign,0.1016,benign,https://doi.org/10.1101/2022.10.22.513328
A537S,0.15206,0.10102,0.0900118629197549,Neutral,Neutral,61.0,,,,mutations_clinvar,,False,61.0,,,,neutral,neutral,neutral,-,uncertain,uncertain,uncertain,1319531,Uncertain significance,1,43.69,-,0.0222,2.5093,-3.3139,gain_of_function,-0.755008414032655,0.0009572719344933,Benign,0.0864,benign,https://doi.org/10.1101/2022.10.22.513328
A537T,0.51181,-1.40068,-0.2109563007680898,Neutral,Neutral,61.0,,,0.103,"cBioPortal,COSMIC",,False,61.0,,,,neutral,neutral,neutral,UP,neutral,neutral,neutral,,,,43.69,-,0.0215,2.5093,-2.2744,gain_of_function,-0.870887483563516,0.0070288886841192,Benign,0.0766,benign,https://doi.org/10.1101/2022.10.22.513328
G538V,0.41855,3.61497,0.3993254824247844,Uncertain,Neutral,72.2,,,0.263,"cBioPortal,COSMIC",,False,72.2,,,,neutral,neutral,neutral,UP,neutral,neutral,neutral,,,,45.21,S,-0.1238,2.8942,-6.4998,loss_of_function,-2.22315613389136,0.3892029280771358,Uncertain,0.1363,benign,https://doi.org/10.1101/2022.10.22.513328
D539N,0.896,0.20442,0.2442490753459791,Neutral,Neutral,107.3,,,,mutations_clinvar,,False,107.3,,,,neutral,neutral,neutral,-,uncertain,uncertain,uncertain,1013114,Uncertain significance,1,41.44,-,0.0129,2.6272,-5.2854,gain_of_function,-1.45052344971473,0.6549445212060193,Uncertain,0.0865,benign,https://doi.org/10.1101/2022.10.22.513328
I540V,0.85375,0.23605,1.2296692606199462,Neutral,Neutral,41.7,,,,mutations_clinvar,,False,41.7,,,,neutral,neutral,neutral,DOWN,neutral,neutral,neutral,2190553,Uncertain significance,1,46.75,-,0.1222,3.171,-2.2376,gain_of_function,-0.482002985672839,2.8603700346601002e-12,Benign,0.0614,benign,https://doi.org/10.1101/2022.10.22.513328
T541N,0.26541,0.3932,0.2706769509643403,Neutral,Neutral,27.6,,0.0000079562723273,0.277,"cBioPortal,mutations_clinvar",,False,27.6,,,,uncertain,,,-,uncertain,uncertain,uncertain,835965,Uncertain significance,2,48.63,-,-0.0242,2.9796,-6.5469,loss_of_function,-3.35073494686771,0.065078230910145,Benign,0.1299,benign,https://doi.org/10.1101/2022.10.22.513328
E542A,0.79636,0.67551,0.4665547901362571,Neutral,Neutral,92.6,,,0.394,"cBioPortal,COSMIC",,False,92.6,,,,neutral,neutral,neutral,DOWN,neutral,neutral,neutral,,,,55.19,-,-0.0581,1.9493,-5.9347,loss_of_function,-3.85160086999017,0.8505068439062136,Pathogenic,0.1243,benign,https://doi.org/10.1101/2022.10.22.513328
E542K,0.61437,0.76837,0.2094551331047722,Neutral,Neutral,92.6,,,0.198,"cBioPortal,COSMIC",,False,92.6,,,,neutral,neutral,neutral,UP,neutral,neutral,neutral,,,,55.19,-,-0.0733,1.9493,-4.6127,loss_of_function,-2.55320933667771,0.097018511606015,Benign,0.0944,benign,https://doi.org/10.1101/2022.10.22.513328
E542Q,0.93908,0.51973,0.3781976441258872,Neutral,Neutral,92.6,,,0.149,cBioPortal,,False,92.6,,,,neutral,neutral,neutral,UP,neutral,neutral,neutral,,,,55.19,-,-0.0071,1.9493,-1.3397,loss_of_function,-0.882738412740058,0.005582831443623,Benign,0.1033,benign,https://doi.org/10.1101/2022.10.22.513328
E542V,0.82278,0.50578,0.3448274124911066,Neutral,Neutral,92.6,,,,mutations_clinvar,,False,92.6,,,,neutral,neutral,neutral,-,uncertain,uncertain,uncertain,134245,Uncertain significance,1,55.19,-,-0.0845,1.9493,-8.5195,loss_of_function,-4.762105895126,0.8585034323692126,Pathogenic,0.1687,benign,https://doi.org/10.1101/2022.10.22.513328
P543L,2.08494,5.82007,-0.5214260577561691,Uncertain,Uncertain,32.4,,,0.573,"cBioPortal,mutations_clinvar",,False,32.4,,,,neutral,neutral,neutral,UP,neutral,neutral,neutral,864300,Uncertain significance,1,55.16,H,-0.1339,1.7169,-5.6724,loss_of_function,-2.99521204000807,0.9116995795331452,Pathogenic,0.1294,benign,https://doi.org/10.1101/2022.10.22.513328
P543R,1.98567,2.1932,-0.1961130634048402,Uncertain,Neutral,32.4,,,0.378,"cBioPortal,COSMIC",,False,32.4,,,,neutral,neutral,neutral,UP,neutral,neutral,neutral,,,,55.16,H,-0.155,1.7169,-5.6724,loss_of_function,-2.17257431450454,0.9130948012242366,Pathogenic,0.1623,benign,https://doi.org/10.1101/2022.10.22.513328
P543S,3.11456,1.50646,0.3327441700332179,Uncertain,Uncertain,32.4,,0.0000239196300431,0.492,"cBioPortal,mutations_clinvar",,False,32.4,,,,neutral,neutral,neutral,DOWN,neutral,neutral,neutral,1003456,Uncertain significance,2,55.16,H,-0.089,1.7169,-6.4798,loss_of_function,-3.45583616331023,0.9127924865488052,Pathogenic,0.1708,benign,https://doi.org/10.1101/2022.10.22.513328
P543T,3.18815,2.10102,-0.0222453764795688,Uncertain,Uncertain,32.4,,,0.539,COSMIC,,False,32.4,,,,neutral,neutral,neutral,-,uncertain,uncertain,uncertain,,,,55.16,H,-0.096,1.7169,-5.4798,loss_of_function,-4.47656711014899,0.919181810323306,Pathogenic,0.1244,benign,https://doi.org/10.1101/2022.10.22.513328
H544Q,-0.6874,0.30374,0.6881015537623164,Neutral,Neutral,86.2,6.368615463e-05,0.0000757267777857,0.234,"cBioPortal,mutations_clinvar",,False,86.2,,,,neutral,neutral,neutral,DOWN,neutral,neutral,neutral,701623,Conflicting interpretations of pathogenicity,1,57.32,H,0.0809,2.6014,-1.2999,gain_of_function,-0.638326040771523,0.0015518705564117,Benign,0.1121,benign,https://doi.org/10.1101/2022.10.22.513328
S545G,0.20491,0.66429,0.7385050813861471,Neutral,Neutral,52.7,,,,mutations_clinvar,,False,52.7,,,,uncertain,,,DOWN,neutral,neutral,neutral,2062113,Uncertain significance,1,58.93,H,0.0599,2.7192,-2.7687,gain_of_function,-1.17712240846403,0.7395470922287258,Pathogenic,0.0761,benign,https://doi.org/10.1101/2022.10.22.513328
S545I,0.03675,-0.93435,-0.2693789991758882,Neutral,Neutral,52.7,,,,mutations_clinvar,,False,52.7,,,,uncertain,,,UP,neutral,neutral,neutral,953274,Conflicting interpretations of pathogenicity,1,58.93,H,-0.0364,2.7192,-7.5235,loss_of_function,-4.75272587182209,0.8261757506279559,Pathogenic,0.1509,benign,https://doi.org/10.1101/2022.10.22.513328
A547P,5.42334,12.16531,7.44489888635401,Destabilizing,Destabilizing,1.5,,,,mutations_clinvar,,False,1.5,,,,neutral,neutral,neutral,UP,neutral,neutral,neutral,1356790,Uncertain significance,2,76.78,H,-0.2919,1.0879,-8.5195,loss_of_function,-4.23075406217833,0.9093949990421556,Pathogenic,0.4567,ambiguous,https://doi.org/10.1101/2022.10.22.513328
A547V,2.64219,3.34252,1.3761048399735305,Uncertain,Uncertain,1.5,,,,mutations_clinvar,,False,1.5,,,,neutral,neutral,neutral,UP,neutral,neutral,neutral,1343430,Conflicting interpretations of pathogenicity,1,76.78,H,-0.1205,1.0879,-5.0602,loss_of_function,-3.46077147938429,0.9169899771749668,Pathogenic,0.3099,benign,https://doi.org/10.1101/2022.10.22.513328
L548F,0.30455,-0.20646,0.2791695783068304,Neutral,Neutral,62.0,,,,mutations_clinvar,,False,62.0,,,,neutral,neutral,neutral,UP,neutral,neutral,neutral,1953039,Uncertain significance,1,76.14,H,0.0195,3.197,-6.9028,gain_of_function,-0.912983957765655,0.0200531249711571,Benign,0.1046,benign,https://doi.org/10.1101/2022.10.22.513328
Q549H,1.09815,-0.08061,0.3268530126005664,Neutral,Neutral,26.9,,,,mutations_clinvar,,False,26.9,,,,neutral,neutral,neutral,UP,neutral,neutral,neutral,2146732,Uncertain significance,1,70.9,H,-0.0406,1.9403,-6.2133,loss_of_function,-3.0176013847514,0.9128588945747872,Pathogenic,0.283,benign,https://doi.org/10.1101/2022.10.22.513328
V551A,2.10806,2.11939,2.6056071623168044,Uncertain,Uncertain,0.6,,,,mutations_clinvar,,False,0.6,,,,neutral,neutral,neutral,DOWN,neutral,neutral,neutral,591183,Uncertain significance,0,83.93,H,-0.2458,0.3852,-8.5659,loss_of_function,-6.33999022209971,0.918665147529574,Pathogenic,0.4707,ambiguous,https://doi.org/10.1101/2022.10.22.513328
V551I,1.8787,0.80408,1.1061319529921738,Neutral,Neutral,0.6,,,,mutations_clinvar,,False,0.6,,,,neutral,neutral,neutral,UP,neutral,neutral,neutral,837269,Uncertain significance,1,83.93,H,-0.1614,0.3852,-4.6592,loss_of_function,-3.97157329901367,0.9090103442046572,Pathogenic,0.1719,benign,https://doi.org/10.1101/2022.10.22.513328
E552K,-0.26509,-0.1966,0.0511972128300047,Neutral,Neutral,80.5,,,0.321,"cBioPortal,mutations_clinvar",,False,80.5,,,,neutral,neutral,neutral,UP,neutral,neutral,neutral,1031415,Uncertain significance,2,80.54,H,-0.1311,1.374,-5.5622,loss_of_function,-2.47070547787319,0.7111738968156706,Pathogenic,0.1395,benign,https://doi.org/10.1101/2022.10.22.513328
A554T,2.76495,1.5932,2.6277790882951724,Uncertain,Uncertain,0.0,,,,mutations_clinvar,,False,0.0,,,,neutral,neutral,neutral,UP,neutral,neutral,neutral,1052567,Uncertain significance,1,85.87,H,-0.1674,0.749,-7.5622,loss_of_function,-2.54539196445164,0.9089621630623468,Pathogenic,0.4917,ambiguous,https://doi.org/10.1101/2022.10.22.513328
A554V,3.77887,1.80442,2.547892830843252,Uncertain,Uncertain,0.0,,,0.636,COSMIC,,False,0.0,,,,neutral,neutral,neutral,UP,neutral,neutral,neutral,,,,85.87,H,-0.1479,0.749,-4.3143,loss_of_function,-6.53064164099212,0.9175027250814816,Pathogenic,0.5518,ambiguous,https://doi.org/10.1101/2022.10.22.513328
I555F,2.775,1.48299,1.840258469607737,Uncertain,Uncertain,14.9,,,0.411,cBioPortal,,False,14.9,,,,neutral,neutral,neutral,UP,neutral,neutral,neutral,,,,85.87,H,-0.2145,1.8555,-21.85,loss_of_function,-3.1442059322228,0.8972321014092471,Pathogenic,0.3026,benign,https://doi.org/10.1101/2022.10.22.513328
I555L,0.35902,-0.20442,0.7097632414694249,Neutral,Neutral,14.9,,,,mutations_clinvar,,False,14.9,,,,neutral,neutral,neutral,-,uncertain,uncertain,uncertain,1176672,Uncertain significance,1,85.87,H,-0.0368,1.8555,-1.8618,loss_of_function,-0.45781612462873,0.0002871285666607,Benign,0.0944,benign,https://doi.org/10.1101/2022.10.22.513328
M556T,1.26449,-0.04218,0.529777564423719,Neutral,Neutral,63.8,,,,mutations_clinvar,,False,63.8,,,,neutral,neutral,neutral,DOWN,neutral,neutral,neutral,1472534,Uncertain significance,1,81.82,H,0.0219,3.2676,-3.7997,gain_of_function,-0.510847363007032,2.647683028752484e-09,Benign,0.0681,benign,https://doi.org/10.1101/2022.10.22.513328
V557L,-0.98816,-0.20986,-0.1679949160921956,Neutral,Neutral,51.5,,0.0000039817793776,0.207,cBioPortal,,False,51.5,,,,neutral,neutral,neutral,UP,neutral,neutral,neutral,,,,79.5,H,-0.0041,2.6517,-1.9547,loss_of_function,-0.780930772757858,0.2169413066752932,Benign,0.2276,benign,https://doi.org/10.1101/2022.10.22.513328
V557M,-0.9121,0.44014,0.3305855314781319,Neutral,Neutral,51.5,,,0.386,cBioPortal,,False,51.5,,,,neutral,neutral,neutral,UP,neutral,neutral,neutral,,,,79.5,H,-0.028,2.6517,-4.8541,loss_of_function,-1.02059948135347,0.6380147225358351,Uncertain,0.196,benign,https://doi.org/10.1101/2022.10.22.513328
E559G,1.43064,1.87517,1.4238177586873295,Neutral,Neutral,66.7,,,,mutations_clinvar,,True,66.7,,,,neutral,neutral,neutral,DOWN,neutral,neutral,neutral,526361,Uncertain significance,1,82.14,H,-0.1074,1.6831,-5.7472,loss_of_function,-2.54404516080687,0.8932511577461294,Pathogenic,0.157,benign,https://doi.org/10.1101/2022.10.22.513328
E559K,0.35142,0.64082,0.55199207550461,Neutral,Neutral,66.7,,0.0000398181108695,0.479,"cBioPortal,COSMIC,mutations_clinvar",,True,66.7,,,,neutral,neutral,neutral,UP,neutral,neutral,neutral,321356,Uncertain significance,2,82.14,H,-0.1026,1.6831,-5.5546,loss_of_function,-3.19907160420152,0.897683028284192,Pathogenic,0.1381,benign,https://doi.org/10.1101/2022.10.22.513328
E559Q,0.41535,0.05782,0.4316386819621259,Neutral,Neutral,66.7,,,0.439,cBioPortal,,True,66.7,,,,neutral,neutral,neutral,UP,neutral,neutral,neutral,,,,82.14,H,-0.049,1.6831,-4.7472,loss_of_function,-0.968507677228893,0.2360759441521915,Benign,0.1006,benign,https://doi.org/10.1101/2022.10.22.513328
H560P,2.25332,6.51531,5.885643678604706,Uncertain,Uncertain,82.6,,,,mutations_clinvar,,True,82.6,,,,neutral,neutral,neutral,DOWN,neutral,neutral,neutral,1041333,Uncertain significance,1,74.25,H,-0.2043,2.76,-21.8423,loss_of_function,-5.14681573235074,0.9070859625890522,Pathogenic,0.5364,ambiguous,https://doi.org/10.1101/2022.10.22.513328
H560R,-0.19975,-0.31633,-0.1216342401035536,Neutral,Neutral,82.6,,,,mutations_clinvar,,True,82.6,,,,neutral,neutral,neutral,UP,neutral,neutral,neutral,2163562,Uncertain significance,1,74.25,H,-0.0096,2.76,-8.5545,loss_of_function,-4.26606349759114,0.8057640020450033,Pathogenic,0.1064,benign,https://doi.org/10.1101/2022.10.22.513328
T561M,-0.45559,0.42891,-0.1927839536361841,Neutral,Neutral,56.5,0.000159215386575,0.0000915889487978,0.549,"cBioPortal,COSMIC,mutations_clinvar",,True,56.5,,,,uncertain,,,UP,neutral,neutral,neutral,552283,Uncertain significance,2,79.7,H,-0.2727,1.0092,-21.85,loss_of_function,-4.08887925599231,0.912488961088836,Pathogenic,0.165,benign,https://doi.org/10.1101/2022.10.22.513328
T561R,-0.3562,0.72789,-0.288105031488754,Neutral,Neutral,56.5,,,,mutations_clinvar,,True,56.5,,,,uncertain,,,UP,neutral,neutral,neutral,1474526,Uncertain significance,1,79.7,H,-0.3139,1.0092,-21.85,loss_of_function,-6.15819331952363,0.9188893522254548,Pathogenic,0.153,benign,https://doi.org/10.1101/2022.10.22.513328
T561S,-0.3299,0.68265,0.3895360865753022,Neutral,Neutral,56.5,,,,mutations_clinvar,,True,56.5,,,,neutral,,,DOWN,neutral,neutral,neutral,1441281,Uncertain significance,1,79.7,H,-0.0986,1.0092,-3.608,loss_of_function,-1.78646640664636,0.653714869138476,Uncertain,0.1541,benign,https://doi.org/10.1101/2022.10.22.513328
G562E,2.30113,0.14796,0.3151994493467741,Uncertain,Uncertain,96.3,,,0.561,"cBioPortal,COSMIC",,True,96.3,,,,neutral,neutral,neutral,UP,neutral,neutral,neutral,,,,80.73,S,-0.2443,1.4038,-8.5621,loss_of_function,-5.08519622342598,0.915223823804184,Pathogenic,0.3847,ambiguous,https://doi.org/10.1101/2022.10.22.513328
I564L,1.07003,0.2534,0.7325532712488197,Neutral,Neutral,15.4,,,,mutations_clinvar,,True,15.4,,,,neutral,neutral,neutral,-,uncertain,uncertain,uncertain,884471,Uncertain significance,2,85.61,-,-0.1689,0.7355,-7.5622,loss_of_function,-2.15925703179171,0.8874763280115104,Pathogenic,0.415,ambiguous,https://doi.org/10.1101/2022.10.22.513328
I564N,2.02855,3.06497,2.8206457530277773,Uncertain,Uncertain,15.4,,,,mutations_clinvar,,True,15.4,,,,neutral,neutral,neutral,DOWN,neutral,neutral,neutral,2265414,Uncertain significance,1,85.61,-,-0.3938,0.7355,-21.85,loss_of_function,-5.36813433130217,0.9031362420273306,Pathogenic,0.8784,pathogenic,https://doi.org/10.1101/2022.10.22.513328
I564T,1.80589,2.42619,2.5890025313958773,Uncertain,Uncertain,15.4,,,,mutations_clinvar,,True,15.4,,,,neutral,neutral,neutral,DOWN,neutral,neutral,neutral,579221,Uncertain significance,1,85.61,-,-0.314,0.7355,-21.85,loss_of_function,-5.36813433130217,0.9153887594417917,Pathogenic,0.8695,pathogenic,https://doi.org/10.1101/2022.10.22.513328
P565S,2.81032,2.08571,1.2083859006015487,Uncertain,Uncertain,6.1,,,,mutations_clinvar,,True,6.1,,,,neutral,neutral,neutral,DOWN,neutral,neutral,neutral,2265415,Uncertain significance,1,86.28,-,-0.1366,0.9857,-2.6315,loss_of_function,-2.78745513882766,0.7310370343405146,Pathogenic,0.6248,pathogenic,https://doi.org/10.1101/2022.10.22.513328
V566I,-0.29415,0.08605,-0.1342305984072872,Neutral,Neutral,91.6,,,0.193,"cBioPortal,COSMIC",,True,91.6,,,,neutral,neutral,neutral,UP,neutral,neutral,neutral,,,,81.32,H,0.0458,2.7097,-5.9773,gain_of_function,-0.106111126892063,0.3054044122942078,Benign,0.0781,benign,https://doi.org/10.1101/2022.10.22.513328
T567I,-1.01792,-0.7034,-0.6885251772843909,Neutral,Neutral,50.0,3.18451054073e-05,0.0000039836828351,0.241,"cBioPortal,COSMIC",,True,50.0,,,,uncertain,,,UP,neutral,neutral,neutral,,,,80.82,H,-0.0332,2.5417,-6.2403,loss_of_function,-4.64879672551509,0.4541405243919779,Uncertain,0.2753,benign,https://doi.org/10.1101/2022.10.22.513328
T567S,0.45187,1.17211,0.7277408310625633,Neutral,Neutral,50.0,,,,mutations_clinvar,,True,50.0,,,,neutral,,,DOWN,neutral,neutral,neutral,853739,Uncertain significance,1,80.82,H,0.0516,2.5417,-1.8074,gain_of_function,-1.44931799474481,0.0015491929187848,Benign,0.1314,benign,https://doi.org/10.1101/2022.10.22.513328
V568I,0.39906,-0.30102,0.5411824667680598,Neutral,Neutral,0.0,3.1843077315e-05,0.0000079683179678,0.245,"cBioPortal,mutations_clinvar",,True,0.0,,,,neutral,neutral,neutral,UP,neutral,neutral,neutral,844823,Uncertain significance,2,85.63,H,-0.1268,0.717,-3.8618,loss_of_function,-1.02548482273311,0.5881749745568652,Uncertain,0.1022,benign,https://doi.org/10.1101/2022.10.22.513328
V568L,2.36363,1.16565,1.5870931200788267,Uncertain,Uncertain,0.0,,,,mutations_clinvar,,True,0.0,,,,neutral,neutral,neutral,UP,neutral,neutral,neutral,839738,Uncertain significance,1,85.63,H,-0.1934,0.717,-4.1699,loss_of_function,-2.24035340681854,0.9140963061973356,Pathogenic,0.5166,ambiguous,https://doi.org/10.1101/2022.10.22.513328
M569T,1.64933,0.54558,1.1781774365733515,Neutral,Neutral,36.8,,,0.731,cBioPortal,,True,36.8,,,,neutral,neutral,neutral,DOWN,neutral,neutral,neutral,,,,82.29,H,-0.1584,1.5726,-8.5735,loss_of_function,-5.32442366642051,0.898261687865865,Pathogenic,0.6076,pathogenic,https://doi.org/10.1101/2022.10.22.513328
M569V,1.25994,-0.32449,0.2591285174896363,Neutral,Neutral,36.8,,,,mutations_clinvar,,True,36.8,,,,neutral,neutral,neutral,DOWN,neutral,neutral,neutral,1998520,Uncertain significance,1,82.29,H,-0.1366,1.5726,-8.5735,loss_of_function,-3.20058677231491,0.9170012949493096,Pathogenic,0.1903,benign,https://doi.org/10.1101/2022.10.22.513328
E570G,1.38419,1.47109,1.0754058396223187,Neutral,Neutral,62.5,,,,mutations_clinvar,,True,62.5,,,,neutral,neutral,neutral,DOWN,neutral,neutral,neutral,1008538,Uncertain significance,1,79.94,H,-0.3066,0.4112,-21.8614,loss_of_function,-6.60661700194353,0.9163360615703612,Pathogenic,0.7617,pathogenic,https://doi.org/10.1101/2022.10.22.513328
E570K,0.3894,-0.17109,0.1232395270452846,Neutral,Neutral,62.5,,,0.899,"cBioPortal,COSMIC",,True,62.5,,,,neutral,neutral,neutral,UP,neutral,neutral,neutral,,,,79.94,H,-0.3029,0.4112,-21.8614,loss_of_function,-6.60661700194353,0.915223823804184,Pathogenic,0.7625,pathogenic,https://doi.org/10.1101/2022.10.22.513328
A571V,1.38015,3.85918,0.7764725303179032,Uncertain,Neutral,0.9,,,,mutations_clinvar,,True,0.9,,,,neutral,neutral,neutral,UP,neutral,neutral,neutral,2072706,Uncertain significance,1,82.87,H,-0.2546,0.562,-21.8614,loss_of_function,-6.25877601700512,0.917031334212759,Pathogenic,0.6858,pathogenic,https://doi.org/10.1101/2022.10.22.513328
I573M,1.06072,0.75068,0.5549926056804291,Neutral,Neutral,52.1,,,0.597,cBioPortal,,False,52.1,,,,neutral,neutral,neutral,-,uncertain,uncertain,uncertain,,,,75.87,H,-0.1645,0.7335,-5.5584,loss_of_function,-3.73374215477988,0.9182007457667016,Pathogenic,0.4354,ambiguous,https://doi.org/10.1101/2022.10.22.513328
I573V,1.16766,0.11224,0.3494714567703055,Neutral,Neutral,52.1,,0.0000079631148520,0.369,"cBioPortal,mutations_clinvar",,False,52.1,,,,neutral,neutral,neutral,DOWN,neutral,neutral,neutral,1475804,Uncertain significance,1,75.87,H,-0.1098,0.7335,-3.7511,loss_of_function,-0.994718762107527,0.081528163623356,Benign,0.1385,benign,https://doi.org/10.1101/2022.10.22.513328
R575G,2.09624,1.84014,2.5069859963889067,Uncertain,Uncertain,35.4,,,0.680,cBioPortal,,True,35.4,,,,neutral,neutral,neutral,DOWN,neutral,neutral,neutral,,,,80.2,-,-0.3316,0.4207,-7.5584,loss_of_function,-6.60248872637472,0.9177424067444644,Pathogenic,0.824,pathogenic,https://doi.org/10.1101/2022.10.22.513328
R575K,0.31158,0.19082,1.413753750850545,Neutral,Neutral,35.4,,,0.818,cBioPortal,,True,35.4,,,,neutral,neutral,neutral,-,uncertain,uncertain,uncertain,,,,80.2,-,-0.1814,0.4207,-6.5584,loss_of_function,-3.96909158272601,0.918287615201149,Pathogenic,0.53,ambiguous,https://doi.org/10.1101/2022.10.22.513328
R575S,2.19793,0.87449,1.7555395194569583,Uncertain,Uncertain,35.4,,,0.781,"cBioPortal,COSMIC",,True,35.4,,,,neutral,neutral,neutral,DOWN,neutral,neutral,neutral,,,,80.2,-,-0.3697,0.4207,-21.8461,loss_of_function,-6.60248872637472,0.8710432209783565,Pathogenic,0.9569,pathogenic,https://doi.org/10.1101/2022.10.22.513328
R576T,2.29603,0.55612,0.7128988895899535,Uncertain,Uncertain,76.2,,,,mutations_clinvar,,True,76.2,,,,neutral,neutral,neutral,DOWN,neutral,neutral,neutral,1389413,Uncertain significance,1,79.42,H,-0.3375,0.8182,-21.8461,loss_of_function,-6.57026235457735,0.9039114699368556,Pathogenic,0.7963,pathogenic,https://doi.org/10.1101/2022.10.22.513328
Y578C,4.8743,3.57313,3.17191505692694,Destabilizing,Destabilizing,0.2,,,0.914,"cBioPortal,COSMIC,mutations_clinvar",,False,0.2,,,,uncertain,,,DOWN,neutral,neutral,neutral,1063874,Uncertain significance,1,80.99,H,-0.3831,0.4083,-21.8461,loss_of_function,-6.60329258007166,0.9121465939951524,Pathogenic,0.7387,pathogenic,https://doi.org/10.1101/2022.10.22.513328
Y579C,5.0283,4.54252,4.848908618277077,Destabilizing,Destabilizing,3.4,,,0.728,"COSMIC,mutations_clinvar",,True,3.4,,,,uncertain,,,DOWN,neutral,neutral,neutral,2145523,Uncertain significance,1,85.98,I,-0.3253,1.0372,-21.8461,loss_of_function,-5.91646756656876,0.9030455785432552,Pathogenic,0.7326,pathogenic,https://doi.org/10.1101/2022.10.22.513328
Y579F,0.90414,-0.35136,0.3732300432871899,Neutral,Neutral,3.4,,,0.236,COSMIC,,True,3.4,,,,uncertain,,,-,uncertain,uncertain,uncertain,,,,85.98,I,-0.0882,1.0372,-1.471,loss_of_function,-1.04216812358807,0.0066327895191023,Benign,0.1002,benign,https://doi.org/10.1101/2022.10.22.513328
Y579S,5.45019,5.48333,5.61288190809779,Destabilizing,Destabilizing,3.4,,,0.729,cBioPortal,,True,3.4,,,,uncertain,,,DOWN,neutral,neutral,neutral,,,,85.98,I,-0.3593,1.0372,-21.8461,loss_of_function,-5.91646756656876,0.9191013555804288,Pathogenic,0.9282,pathogenic,https://doi.org/10.1101/2022.10.22.513328
V580G,1.18066,2.5068,2.2797047649620605,Uncertain,Uncertain,57.6,,,,mutations_clinvar,,True,57.6,,,,neutral,neutral,neutral,DOWN,neutral,neutral,neutral,1430328,Uncertain significance,1,85.04,I,-0.2367,2.5879,-21.8461,loss_of_function,-4.72998480482783,0.1384761831799278,Benign,0.2287,benign,https://doi.org/10.1101/2022.10.22.513328
V580M,-1.61781,0.40578,0.6374588179283943,Neutral,Neutral,57.6,3.186336987e-05,0.0000198927383548,0.239,"cBioPortal,COSMIC,mutations_clinvar",,True,57.6,,,,neutral,neutral,neutral,UP,neutral,neutral,neutral,853819,Uncertain significance,2,85.04,I,-0.0294,2.5879,-3.9735,loss_of_function,-0.267233557313157,6.334217043153543e-06,Benign,0.0812,benign,https://doi.org/10.1101/2022.10.22.513328
S581F,-1.1434,-0.35476,-0.7649939237277775,Neutral,Neutral,58.9,,,0.466,cBioPortal,,True,58.9,,,,uncertain,,,UP,neutral,neutral,neutral,,,,78.89,I,-0.1843,1.872,-21.8461,loss_of_function,-5.17451668689167,0.8778484885134484,Pathogenic,0.2954,benign,https://doi.org/10.1101/2022.10.22.513328
H582P,2.77499,9.59048,5.809606452177547,Uncertain,Uncertain,17.3,,,0.653,cBioPortal,,True,17.3,,,,neutral,neutral,neutral,DOWN,neutral,neutral,neutral,,,,83.34,I,-0.2348,2.4288,-21.8461,loss_of_function,-5.8061580307856,0.9169367519092704,Pathogenic,0.7001,pathogenic,https://doi.org/10.1101/2022.10.22.513328
F583L,1.78026,3.3585,2.135050652584477,Uncertain,Uncertain,0.0,,,0.605,"cBioPortal,mutations_clinvar",,False,0.0,,,,neutral,neutral,neutral,DOWN,neutral,neutral,neutral,1319529,Uncertain significance,1,88.54,I,-0.2699,0.1145,-7.5622,loss_of_function,-6.68833897308423,0.9171912251879027,Pathogenic,0.9844,pathogenic,https://doi.org/10.1101/2022.10.22.513328
L584V,3.14435,4.52381,1.7319380789225447,Destabilizing,Uncertain,0.0,,0.0000198873580043,0.653,"cBioPortal,mutations_clinvar",,False,0.0,,,,neutral,neutral,neutral,DOWN,neutral,neutral,neutral,575590,Uncertain significance,1,88.99,H,-0.2287,0.2535,-6.9696,loss_of_function,-3.78792629372706,0.9188429661388432,Pathogenic,0.2705,benign,https://doi.org/10.1101/2022.10.22.513328
P585S,2.37066,0.51735,-0.3869467659076869,Uncertain,Uncertain,49.6,,,,mutations_clinvar,,False,49.6,,,,neutral,neutral,neutral,DOWN,neutral,neutral,neutral,884470,Uncertain significance,1,87.02,H,-0.1815,0.7156,-6.5584,loss_of_function,-2.54040791550395,0.9172427044054804,Pathogenic,0.3685,ambiguous,https://doi.org/10.1101/2022.10.22.513328
A586T,1.93386,1.5534,0.9478154306869302,Neutral,Neutral,13.3,0.0001274209989806,0.0000318215447769,0.345,"cBioPortal,COSMIC,mutations_clinvar",,True,13.3,,,,neutral,neutral,neutral,UP,neutral,neutral,neutral,849197,Conflicting interpretations of pathogenicity,1,85.85,H,-0.1018,1.3121,-4.8541,loss_of_function,-1.0884529301763,0.4881380402827314,Uncertain,0.1379,benign,https://doi.org/10.1101/2022.10.22.513328
A586V,2.80508,0.53571,0.2414215734463204,Uncertain,Uncertain,13.3,,,,mutations_clinvar,,True,13.3,,,,neutral,neutral,neutral,UP,neutral,neutral,neutral,2194680,Uncertain significance,1,85.85,H,-0.0957,1.3121,-4.2327,loss_of_function,-2.3513189354019,0.4972323203843198,Uncertain,0.137,benign,https://doi.org/10.1101/2022.10.22.513328
L588F,0.00913,1.33095,2.052019404877335,Neutral,Uncertain,5.8,,,0.705,"COSMIC,mutations_clinvar",,True,5.8,,,,neutral,neutral,neutral,UP,neutral,neutral,neutral,2228970,Uncertain significance,1,88.43,T,-0.234,0.3496,-5.2327,loss_of_function,-6.60329258007166,0.9183731244839212,Pathogenic,0.5444,ambiguous,https://doi.org/10.1101/2022.10.22.513328
T589I,-0.34668,-0.02823,-0.6946632900679739,Neutral,Neutral,60.6,,,0.175,cBioPortal,,True,60.6,,,,uncertain,,,UP,neutral,neutral,neutral,,,,84.66,-,-0.0291,2.5375,-5.3731,loss_of_function,-1.73737344988182,0.6407494152319677,Uncertain,0.1202,benign,https://doi.org/10.1101/2022.10.22.513328
P590H,1.6859,2.58707,-0.0600714996159351,Uncertain,Neutral,45.2,,,,mutations_clinvar,,True,45.2,,,,neutral,neutral,neutral,UP,neutral,neutral,neutral,1779731,Uncertain significance,1,82.4,-,-0.2295,0.6717,-7.5156,loss_of_function,-6.4990253719603,0.9134744675074288,Pathogenic,0.6356,pathogenic,https://doi.org/10.1101/2022.10.22.513328
P590R,1.18422,1.42245,-0.1741370281612636,Neutral,Neutral,45.2,,,,mutations_clinvar,,True,45.2,,,,neutral,neutral,neutral,UP,neutral,neutral,neutral,1496225,Uncertain significance,1,82.4,-,-0.2657,0.6717,-8.5156,loss_of_function,-6.4990253719603,0.915486583262586,Pathogenic,0.4688,ambiguous,https://doi.org/10.1101/2022.10.22.513328
P590T,2.21485,1.03844,-0.0689597300481409,Uncertain,Uncertain,45.2,,,0.744,"cBioPortal,COSMIC",,True,45.2,,,,neutral,neutral,neutral,-,uncertain,uncertain,uncertain,,,,82.4,-,-0.2026,0.6717,-7.5156,loss_of_function,-4.52824675932017,0.9155479119506496,Pathogenic,0.4835,ambiguous,https://doi.org/10.1101/2022.10.22.513328
R591G,1.83532,2.40578,1.726647588543492,Uncertain,Neutral,30.1,9.55535737037e-05,0.0000079538675681,0.730,"cBioPortal,mutations_clinvar",,True,30.1,,,,neutral,neutral,neutral,DOWN,neutral,neutral,neutral,1004081,Uncertain significance,1,81.96,-,-0.3124,0.6833,-8.5351,loss_of_function,-6.60047169598445,0.9191822204810668,Pathogenic,0.6394,pathogenic,https://doi.org/10.1101/2022.10.22.513328
R591Q,1.25409,0.84524,0.7678294682644978,Neutral,Neutral,30.1,0.0001592863969417,0.0001471453796351,0.526,"cBioPortal,COSMIC,mutations_clinvar",,True,30.1,,,,neutral,neutral,neutral,DOWN,neutral,neutral,neutral,408177,Conflicting interpretations of pathogenicity,1,81.96,-,-0.2437,0.6833,-6.9503,loss_of_function,-3.35496875691577,0.9156629050272396,Pathogenic,0.2168,benign,https://doi.org/10.1101/2022.10.22.513328
V592A,-0.17157,0.52993,0.982666306523186,Neutral,Neutral,70.9,,,0.399,"cBioPortal,COSMIC",,True,70.9,,,,neutral,neutral,neutral,DOWN,neutral,neutral,neutral,,,,78.71,-,-0.0776,1.989,-4.5275,loss_of_function,-1.84990158636638,0.6006823855756238,Uncertain,0.206,benign,https://doi.org/10.1101/2022.10.22.513328
V592M,-0.17096,0.30918,0.5163116607829451,Neutral,Neutral,70.9,,,0.418,cBioPortal,,True,70.9,,,,neutral,neutral,neutral,UP,neutral,neutral,neutral,,,,78.71,-,-0.0883,1.989,-4.7201,loss_of_function,-0.872535671860579,0.1787469344582132,Benign,0.1566,benign,https://doi.org/10.1101/2022.10.22.513328
L593F,-0.59953,0.98741,0.8700670071966184,Neutral,Neutral,37.5,,,0.585,"cBioPortal,COSMIC",,True,37.5,,,,neutral,neutral,neutral,UP,neutral,neutral,neutral,,,,74.9,-,-0.1749,1.0079,-5.5236,loss_of_function,-6.51634648763092,0.9191590267691724,Pathogenic,0.2254,benign,https://doi.org/10.1101/2022.10.22.513328
P594H,2.07778,1.40816,-0.6773039139109571,Uncertain,Uncertain,40.5,,,,mutations_clinvar,,False,40.5,,,,neutral,neutral,neutral,UP,neutral,neutral,stabilizing,969574,Uncertain significance,2,73.33,-,-0.2418,0.5372,-7.5117,loss_of_function,-6.83643791829156,0.9095129457596376,Pathogenic,0.6705,pathogenic,https://doi.org/10.1101/2022.10.22.513328
P594L,0.96594,1.2017,-0.7782110144982052,Neutral,Neutral,40.5,,,0.656,cBioPortal,,False,40.5,,,,neutral,neutral,neutral,UP,neutral,neutral,stabilizing,,,,73.33,-,-0.2569,0.5372,-8.5116,loss_of_function,-6.83643791829156,0.9112757870897048,Pathogenic,0.4906,ambiguous,https://doi.org/10.1101/2022.10.22.513328
P594S,1.53902,0.81054,-0.1021010809487282,Neutral,Neutral,40.5,,,,mutations_clinvar,,False,40.5,,,,neutral,neutral,neutral,DOWN,neutral,neutral,neutral,1429294,Uncertain significance,1,73.33,-,-0.1902,0.5372,-5.0523,loss_of_function,-3.53329541425805,0.9065634259584576,Pathogenic,0.4895,ambiguous,https://doi.org/10.1101/2022.10.22.513328
V596I,-0.15537,0.03844,-0.1563308292743404,Neutral,Neutral,100.6,,,,mutations_clinvar,,False,100.6,,,,neutral,neutral,neutral,UP,neutral,neutral,neutral,1487833,Uncertain significance,1,72.05,S,0.0873,3.0468,-3.9307,gain_of_function,-0.124331460861266,0.0004488634643725,Benign,0.0908,benign,https://doi.org/10.1101/2022.10.22.513328
P597H,0.28671,2.19626,-0.6473012369538461,Uncertain,Neutral,59.8,,,0.486,cBioPortal,,False,59.8,,,,neutral,neutral,neutral,UP,neutral,neutral,stabilizing,,,,76.69,-,-0.2305,1.4528,-21.8034,loss_of_function,-5.60493088506815,0.9173668427654416,Pathogenic,0.2953,benign,https://doi.org/10.1101/2022.10.22.513328
P597S,0.9945,1.41293,-0.0024993160292269,Neutral,Neutral,59.8,,,0.547,cBioPortal,,False,59.8,,,,neutral,neutral,neutral,DOWN,neutral,neutral,neutral,,,,76.69,-,-0.1048,1.4528,-4.8153,loss_of_function,-2.80219291232328,0.8800195443640608,Pathogenic,0.1978,benign,https://doi.org/10.1101/2022.10.22.513328
D598E,1.88701,3.82143,1.4227880864827618,Uncertain,Neutral,45.0,,,0.528,"cBioPortal,mutations_clinvar",,False,45.0,,,,neutral,neutral,neutral,UP,neutral,neutral,stabilizing,1434166,Uncertain significance,2,83.59,-,-0.1552,0.5763,-5.5078,loss_of_function,-4.03568430311147,0.9182007457667016,Pathogenic,0.8005,pathogenic,https://doi.org/10.1101/2022.10.22.513328
D598N,3.90612,1.62959,1.0191591676326188,Uncertain,Uncertain,45.0,,,,mutations_clinvar,,False,45.0,,,,neutral,neutral,neutral,-,uncertain,uncertain,uncertain,974125,Pathogenic,0,83.59,-,-0.1821,0.5763,-6.5078,loss_of_function,-2.16740906068604,0.9117720481185152,Pathogenic,0.2728,benign,https://doi.org/10.1101/2022.10.22.513328
S599C,0.03679,0.67279,-0.1764441651202203,Neutral,Neutral,34.7,,,0.223,"cBioPortal,mutations_clinvar",,False,34.7,,,,uncertain,,,UP,neutral,neutral,neutral,660334,Uncertain significance,1,83.8,H,-0.0769,2.7375,-21.8113,loss_of_function,-2.83577447802934,0.7076141753496795,Pathogenic,0.1007,benign,https://doi.org/10.1101/2022.10.22.513328
S599F,-0.17281,0.46224,-1.2463755130437764,Neutral,Neutral,34.7,,,,mutations_clinvar,,False,34.7,,,,uncertain,,,UP,neutral,neutral,neutral,847639,Conflicting interpretations of pathogenicity,1,83.8,H,-0.1045,2.7375,-21.8113,loss_of_function,-4.65344854503282,0.6752452989252746,Uncertain,0.2435,benign,https://doi.org/10.1101/2022.10.22.513328
R600C,1.24968,1.06667,1.5885621348103802,Neutral,Neutral,24.5,3.18857215739e-05,0.0000119289037337,0.490,"cBioPortal,COSMIC,mutations_clinvar",,False,24.5,,,,neutral,neutral,neutral,DOWN,neutral,neutral,neutral,1026540,Uncertain significance,2,85.62,H,-0.1877,1.5517,-4.9386,loss_of_function,-2.30467331054328,0.903596024069672,Pathogenic,0.1409,benign,https://doi.org/10.1101/2022.10.22.513328
R600G,2.0823,2.03299,2.361414002617288,Uncertain,Uncertain,24.5,,,0.542,cBioPortal,,False,24.5,,,,neutral,neutral,neutral,DOWN,neutral,neutral,neutral,,,,85.62,H,-0.3003,1.5517,-21.8113,loss_of_function,-5.14104169787091,0.9060077358598138,Pathogenic,0.3349,benign,https://doi.org/10.1101/2022.10.22.513328
R600H,2.62823,-0.18878,0.6234801772991239,Uncertain,Uncertain,24.5,6.37836458732e-05,0.0000198822968029,0.373,"cBioPortal,mutations_clinvar",,False,24.5,,,,neutral,neutral,neutral,DOWN,neutral,neutral,neutral,1692204,Uncertain significance,2,85.62,H,-0.1448,1.5517,-4.2016,loss_of_function,-1.02586780996768,0.8231414481665088,Pathogenic,0.0955,benign,https://doi.org/10.1101/2022.10.22.513328
R600P,-0.63441,4.47823,3.9934862696641806,Uncertain,Uncertain,24.5,,,,mutations_clinvar,,False,24.5,,,,neutral,neutral,neutral,DOWN,neutral,neutral,neutral,1022747,Uncertain significance,2,85.62,H,-0.407,1.5517,-21.8113,loss_of_function,-5.14104169787091,0.9156095017744073,Pathogenic,0.6043,pathogenic,https://doi.org/10.1101/2022.10.22.513328
R600S,2.1143,1.44898,1.575038270657278,Uncertain,Uncertain,24.5,,,0.540,cBioPortal,,False,24.5,,,,neutral,neutral,neutral,DOWN,neutral,neutral,neutral,,,,85.62,H,-0.2654,1.5517,-21.8113,loss_of_function,-4.04292718797271,0.9173060188334456,Pathogenic,0.5579,ambiguous,https://doi.org/10.1101/2022.10.22.513328
A602G,0.97746,1.48231,1.0775056878826996,Neutral,Neutral,57.2,3.18918229366e-05,0.0000159052049783,0.299,"COSMIC,mutations_clinvar",,False,57.2,,,,neutral,neutral,neutral,DOWN,neutral,neutral,neutral,1039514,Uncertain significance,1,86.91,H,-0.011,2.5853,-5.5314,loss_of_function,-1.74999678650463,0.2900147138422133,Benign,0.1522,benign,https://doi.org/10.1101/2022.10.22.513328
A602V,-0.164,0.08503,-0.4999292250288817,Neutral,Neutral,57.2,3.18918229366e-05,0.0000318104099567,0.156,"cBioPortal,COSMIC,mutations_clinvar",,False,57.2,,,,neutral,neutral,neutral,UP,neutral,neutral,neutral,887623,Uncertain significance,2,86.91,H,0.019,2.5853,-4.724,gain_of_function,-0.746553804342421,0.5297192404318225,Uncertain,0.1079,benign,https://doi.org/10.1101/2022.10.22.513328
F603I,4.55733,4.02075,2.85514284824444,Destabilizing,Uncertain,0.0,,,0.498,"cBioPortal,COSMIC",,False,0.0,,,,neutral,neutral,neutral,DOWN,neutral,neutral,neutral,,,,90.34,H,-0.2198,1.1245,-8.5312,loss_of_function,-3.7036932500723,0.9054171603820822,Pathogenic,0.4485,ambiguous,https://doi.org/10.1101/2022.10.22.513328
F603L,1.44377,2.11224,2.0640436879122785,Uncertain,Uncertain,0.0,,,0.145,cBioPortal,,False,0.0,,,,neutral,neutral,neutral,DOWN,neutral,neutral,neutral,,,,90.34,H,-0.1474,1.1245,-1.7765,loss_of_function,-1.09869528860825,1.831367986964212e-06,Benign,0.5724,pathogenic,https://doi.org/10.1101/2022.10.22.513328
F603S,5.66835,6.10952,5.240398988401167,Destabilizing,Destabilizing,0.0,,,,"FANCA_icope_sentieon_input,mutations_clinvar",,False,0.0,,,,neutral,neutral,neutral,DOWN,neutral,neutral,neutral,654516,Uncertain significance,2,90.34,H,-0.3227,1.1245,-21.8191,loss_of_function,-5.54861619607993,0.8708662219315968,Pathogenic,0.9628,pathogenic,https://doi.org/10.1101/2022.10.22.513328
I604M,-0.26337,2.21803,1.6798563700389624,Uncertain,Neutral,2.3,,,0.567,"cBioPortal,COSMIC",,False,2.3,,,,neutral,neutral,neutral,-,uncertain,uncertain,uncertain,,,,89.8,H,-0.1997,0.5163,-8.5312,loss_of_function,-3.84293767143679,0.8796532339082626,Pathogenic,0.223,benign,https://doi.org/10.1101/2022.10.22.513328
I604T,3.07628,2.78197,2.580434235888476,Uncertain,Uncertain,2.3,,,,mutations_clinvar,,False,2.3,,,,neutral,neutral,neutral,DOWN,neutral,neutral,neutral,435131,Uncertain significance,1,89.8,H,-0.2611,0.5163,-7.5313,loss_of_function,-4.71293401976771,0.902725796160557,Pathogenic,0.2816,benign,https://doi.org/10.1101/2022.10.22.513328
I604V,1.21978,0.90442,1.381847592831264,Neutral,Neutral,2.3,,,,mutations_clinvar,,False,2.3,,,,neutral,neutral,neutral,DOWN,neutral,neutral,neutral,1000773,Uncertain significance,1,89.8,H,-0.1325,0.5163,-4.2835,loss_of_function,-1.00711020463317,0.0527591761962614,Benign,0.1211,benign,https://doi.org/10.1101/2022.10.22.513328
E605K,0.56968,0.73435,0.2280264219436084,Neutral,Neutral,40.1,,,0.491,COSMIC,,False,40.1,,,,neutral,neutral,neutral,UP,neutral,neutral,neutral,,,,87.92,H,-0.0966,1.7379,-5.3614,loss_of_function,-5.78753649909901,0.9191140391405924,Pathogenic,0.2652,benign,https://doi.org/10.1101/2022.10.22.513328
S606A,-0.38727,-0.52993,-0.5663153320783981,Neutral,Neutral,26.6,,,,mutations_clinvar,,False,26.6,,,,uncertain,,,-,uncertain,uncertain,uncertain,1357012,Uncertain significance,1,87.74,H,0.0069,1.9828,-1.682,gain_of_function,-0.816874663880695,2.700579853872145e-06,Benign,0.0668,benign,https://doi.org/10.1101/2022.10.22.513328
S606C,0.07861,-0.14354,0.3195080397472855,Neutral,Neutral,26.6,,,0.433,"cBioPortal,mutations_clinvar",,False,26.6,,,,uncertain,,,UP,neutral,neutral,neutral,1319528,Uncertain significance,1,87.74,H,-0.1464,1.9828,-21.8152,loss_of_function,-1.52468360655486,0.7076141753496795,Pathogenic,0.0988,benign,https://doi.org/10.1101/2022.10.22.513328
K608E,0.91288,0.4119,1.1138993084921007,Neutral,Neutral,44.3,9.56205775483e-05,0.0000039762380017,0.504,"COSMIC,mutations_clinvar",,True,44.3,,,,neutral,neutral,neutral,DOWN,neutral,neutral,neutral,952680,Uncertain significance,2,85.74,H,-0.1167,1.7465,-8.5234,loss_of_function,-5.0865291469986,0.8596954278823528,Pathogenic,0.4994,ambiguous,https://doi.org/10.1101/2022.10.22.513328
K608N,0.57284,-0.00578,0.9072671900425884,Neutral,Neutral,44.3,,,0.388,cBioPortal,,True,44.3,,,,neutral,neutral,neutral,DOWN,neutral,neutral,neutral,,,,85.74,H,-0.0931,1.7465,-5.2016,loss_of_function,-5.0865291469986,0.8393379466383647,Pathogenic,0.8159,pathogenic,https://doi.org/10.1101/2022.10.22.513328
A610V,0.63915,0.53605,0.2335767647412595,Neutral,Neutral,39.7,,,,mutations_clinvar,,True,39.7,,,,neutral,neutral,neutral,UP,neutral,neutral,neutral,1518578,Uncertain significance,1,86.97,T,-0.0871,1.4585,-5.1977,loss_of_function,-2.72032132634367,0.1464105270629022,Benign,0.1618,benign,https://doi.org/10.1101/2022.10.22.513328
D611N,-0.46385,-0.58571,-0.1890761563853371,Neutral,Neutral,103.3,,0.0000000000000000,0.306,cBioPortal,,True,103.3,,,,neutral,neutral,neutral,-,uncertain,uncertain,uncertain,,,,86.08,T,-0.0996,1.4184,-5.5196,loss_of_function,-0.776295677693705,0.0988412905162921,Benign,0.0986,benign,https://doi.org/10.1101/2022.10.22.513328
K612E,2.20255,0.71156,1.2742966098841175,Uncertain,Uncertain,28.3,,,,mutations_clinvar,,True,28.3,,,,neutral,neutral,neutral,DOWN,neutral,neutral,neutral,1518699,Uncertain significance,1,88.89,-,-0.3281,0.1853,-21.8074,loss_of_function,-6.83972058160394,0.9191736455173743,Pathogenic,0.8877,pathogenic,https://doi.org/10.1101/2022.10.22.513328
K612R,-0.97497,0.33095,0.2275209564969377,Neutral,Neutral,28.3,,,,mutations_clinvar,,True,28.3,,,,neutral,neutral,neutral,-,uncertain,uncertain,uncertain,658355,Uncertain significance,2,88.89,-,-0.1572,0.1853,-6.1977,loss_of_function,-2.01540658899728,0.9066416660975104,Pathogenic,0.1787,benign,https://doi.org/10.1101/2022.10.22.513328
P614H,2.42636,0.43061,-0.4782431960617367,Uncertain,Uncertain,41.3,,,0.690,cBioPortal,,False,41.3,,,,neutral,neutral,neutral,UP,neutral,neutral,neutral,,,,86.54,-,-0.2484,0.4331,-6.9307,loss_of_function,-6.76123890582483,0.9030064293584276,Pathogenic,0.4559,ambiguous,https://doi.org/10.1101/2022.10.22.513328
P614S,2.35522,2.15,0.0794452906130543,Uncertain,Uncertain,41.3,,,,cBioPortal,,False,41.3,,,,neutral,neutral,neutral,DOWN,neutral,neutral,neutral,,,,86.54,-,-0.1992,0.4331,-4.9307,loss_of_function,-4.81189357560096,0.916222443767056,Pathogenic,0.3709,ambiguous,https://doi.org/10.1101/2022.10.22.513328
P615L,1.6272,0.2534,-0.7033602232630121,Neutral,Neutral,93.1,,,,mutations_clinvar,,False,93.1,,,,neutral,neutral,neutral,UP,neutral,neutral,neutral,1986061,Uncertain significance,1,84.84,H,-0.0316,2.751,-4.2717,loss_of_function,-0.691326392183332,0.0077059919076183,Benign,0.0839,benign,https://doi.org/10.1101/2022.10.22.513328
P615S,1.91614,0.44592,-0.4690193635135903,Neutral,Neutral,93.1,,,,mutations_clinvar,,False,93.1,,,,neutral,neutral,neutral,DOWN,neutral,neutral,neutral,656871,Uncertain significance,1,84.84,H,0.0297,2.751,-1.8614,gain_of_function,-0.569007320662549,4.555609213851681e-06,Benign,0.0804,benign,https://doi.org/10.1101/2022.10.22.513328
S616F,-0.57634,0.4466,-0.7762673224496358,Neutral,Neutral,89.9,,,,mutations_clinvar,,False,89.9,,,,uncertain,,,UP,neutral,neutral,neutral,2100935,Uncertain significance,1,85.23,H,-0.0726,2.2908,-7.5196,loss_of_function,-4.9602852176656,0.9099556153528784,Pathogenic,0.1927,benign,https://doi.org/10.1101/2022.10.22.513328
S616Y,-0.52801,-0.51293,-0.6739002867180843,Neutral,Neutral,89.9,,,0.346,"cBioPortal,COSMIC",,False,89.9,,,,uncertain,,,UP,neutral,neutral,neutral,,,,85.23,H,-0.0826,2.2908,-8.5195,loss_of_function,-4.9602852176656,0.9190843081827018,Pathogenic,0.1931,benign,https://doi.org/10.1101/2022.10.22.513328
L617V,1.78038,1.02177,0.9520017688529758,Neutral,Neutral,44.8,,,0.227,"cBioPortal,COSMIC",,False,44.8,,,,neutral,neutral,neutral,DOWN,neutral,neutral,neutral,,,,85.35,H,-0.0664,1.8549,-4.0523,loss_of_function,-0.903875560996456,0.124252921449067,Benign,0.0832,benign,https://doi.org/10.1101/2022.10.22.513328
Y618C,2.89505,1.93537,2.913338686614298,Uncertain,Uncertain,22.1,,,0.792,cBioPortal,,False,22.1,,,,uncertain,,,DOWN,neutral,neutral,neutral,,,,87.2,H,-0.2683,0.8291,-6.9307,loss_of_function,-6.12057664889712,0.9187632498062216,Pathogenic,0.4487,ambiguous,https://doi.org/10.1101/2022.10.22.513328
Y618S,2.18199,2.57313,3.2527641527572246,Uncertain,Uncertain,22.1,,,0.742,cBioPortal,,False,22.1,,,,uncertain,,,DOWN,neutral,neutral,neutral,,,,87.2,H,-0.3783,0.8291,-21.8034,loss_of_function,-6.12057664889712,0.918239052372904,Pathogenic,0.702,pathogenic,https://doi.org/10.1101/2022.10.22.513328
S619C,0.37594,0.46259,0.4421067107110171,Neutral,Neutral,66.1,,,0.243,cBioPortal,,False,66.1,,,,uncertain,,,UP,neutral,neutral,neutral,,,,86.27,H,-0.0675,2.0468,-7.5156,loss_of_function,-1.71984346060817,0.8593645794533513,Pathogenic,0.1338,benign,https://doi.org/10.1101/2022.10.22.513328
S619Y,-0.34697,-0.22313,-0.6131930778768224,Neutral,Neutral,66.1,,,,mutations_clinvar,,False,66.1,,,,uncertain,,,UP,neutral,neutral,neutral,1045390,Uncertain significance,1,86.27,H,-0.105,2.0468,-8.5156,loss_of_function,-5.82597136804653,0.8722429798669377,Pathogenic,0.1435,benign,https://doi.org/10.1101/2022.10.22.513328
T620I,-0.66835,0.06224,-0.4217304963861723,Neutral,Neutral,80.2,,,,mutations_clinvar,,False,80.2,,,,uncertain,,,UP,neutral,neutral,neutral,1336679,Uncertain significance,1,87.14,H,-0.0386,2.6083,-8.5077,loss_of_function,-2.21009553518848,0.3866293910440641,Uncertain,0.1535,benign,https://doi.org/10.1101/2022.10.22.513328
Q623R,-0.12053,0.10714,-0.697583077093411,Neutral,Neutral,88.1,,,0.169,"cBioPortal,mutations_clinvar",,True,88.1,,,,neutral,neutral,neutral,UP,neutral,neutral,neutral,2020127,Uncertain significance,1,84.97,H,-0.0409,2.1824,-4.6189,loss_of_function,-2.04394621904108,0.0421390381223685,Benign,0.0693,benign,https://doi.org/10.1101/2022.10.22.513328
A624G,1.31043,1.2602,1.077397233373349,Neutral,Neutral,39.4,,,,mutations_clinvar,,True,39.4,,,,neutral,neutral,neutral,DOWN,neutral,neutral,neutral,456087,Conflicting interpretations of pathogenicity,1,84.98,H,-0.0976,1.6191,-5.0832,loss_of_function,-3.32051928461981,0.3639032642689479,Uncertain,0.1412,benign,https://doi.org/10.1101/2022.10.22.513328
A624S,0.32954,0.54694,0.6584207213285126,Neutral,Neutral,39.4,,,,mutations_clinvar,,True,39.4,,,,neutral,neutral,neutral,-,uncertain,uncertain,uncertain,844707,Uncertain significance,1,84.98,H,-0.0545,1.6191,-2.2759,loss_of_function,-1.80111446296725,0.1991456107730402,Benign,0.1022,benign,https://doi.org/10.1101/2022.10.22.513328
A624V,1.29746,1.16156,-0.1814848084675474,Neutral,Neutral,39.4,,,,mutations_clinvar,,True,39.4,,,,neutral,neutral,neutral,UP,neutral,neutral,neutral,996294,Uncertain significance,2,84.98,H,-0.1565,1.6191,-21.6929,loss_of_function,-6.11673993069689,0.9022739740186868,Pathogenic,0.2016,benign,https://doi.org/10.1101/2022.10.22.513328
C625S,0.80002,1.27143,1.5565288181361572,Neutral,Neutral,0.0,0.002643817289928,0.0023555944364632,0.806,"cBioPortal,COSMIC,FANCA_icope_sentieon_input,mutations_clinvar",,False,0.0,,,,neutral,neutral,neutral,DOWN,neutral,neutral,neutral,265136,Conflicting interpretations of pathogenicity,1,84.69,H,-0.3871,0.1896,-6.8159,loss_of_function,-4.04271583259317,0.9157541213566008,Pathogenic,0.5751,pathogenic,https://doi.org/10.1101/2022.10.22.513328
C625Y,6.22347,6.2483,2.444254804421929,Destabilizing,Uncertain,0.0,,,,mutations_clinvar,,False,0.0,,,,neutral,neutral,neutral,UP,neutral,neutral,neutral,657750,Uncertain significance,2,84.69,H,-0.4756,0.1896,-21.6886,loss_of_function,-6.7298479652169,0.9189070271174964,Pathogenic,0.7973,pathogenic,https://doi.org/10.1101/2022.10.22.513328
S626F,-0.85317,-0.25476,-0.4977916177596481,Neutral,Neutral,78.1,,,,mutations_clinvar,,False,78.1,,,,uncertain,,,UP,neutral,neutral,neutral,1002986,Uncertain significance,1,78.77,H,-0.0698,3.1044,-21.6276,loss_of_function,-1.61978647571412,0.7518991637826022,Pathogenic,0.119,benign,https://doi.org/10.1101/2022.10.22.513328
S626P,2.5235,8.83163,3.211464391937903,Uncertain,Uncertain,78.1,,,,mutations_clinvar,,False,78.1,,,,uncertain,,,UP,neutral,neutral,neutral,2173393,Uncertain significance,1,78.77,H,-0.0774,3.1044,-8.3397,loss_of_function,-4.52742203896213,0.7753014926373737,Pathogenic,0.3034,benign,https://doi.org/10.1101/2022.10.22.513328
A627G,0.84335,0.84898,0.7745624373505672,Neutral,Neutral,71.1,,,0.184,cBioPortal,,False,71.1,,,,neutral,neutral,neutral,DOWN,neutral,neutral,neutral,,,,77.93,H,-0.0364,2.4615,-8.2899,loss_of_function,-4.13856588598424,0.3704110275836063,Uncertain,0.135,benign,https://doi.org/10.1101/2022.10.22.513328
A627P,4.1751,6.62449,6.327462599749129,Destabilizing,Destabilizing,71.1,,,,mutations_clinvar,,False,71.1,,,,neutral,neutral,neutral,UP,neutral,neutral,neutral,1983320,Uncertain significance,1,77.93,H,-0.2322,2.4615,-21.5777,loss_of_function,-4.13856588598424,0.5518362054722583,Uncertain,0.3145,benign,https://doi.org/10.1101/2022.10.22.513328
A628T,0.92267,0.49354,0.1272237671246351,Neutral,Neutral,39.3,,,,mutations_clinvar,,False,39.3,,,,neutral,neutral,neutral,UP,neutral,neutral,neutral,973639,Uncertain significance,1,71.49,H,0.0177,2.7458,-7.2946,gain_of_function,-2.80930283762767,0.9086032981463916,Pathogenic,0.0908,benign,https://doi.org/10.1101/2022.10.22.513328
E630D,0.09871,0.24898,0.1093682889583763,Neutral,Neutral,94.5,,0.0000040242420340,0.185,"cBioPortal,COSMIC,mutations_clinvar",,False,94.5,,,,neutral,neutral,neutral,DOWN,neutral,neutral,neutral,2079447,Uncertain significance,1,52.79,S,-0.0037,2.2468,-7.3619,loss_of_function,-0.720729128821885,0.0067061035988958,Benign,0.1408,benign,https://doi.org/10.1101/2022.10.22.513328
E630V,0.55698,0.23061,-0.0065201174117829,Neutral,Neutral,94.5,3.18552497452e-05,0.0000241334094876,0.202,"cBioPortal,mutations_clinvar",,False,94.5,,,,neutral,neutral,neutral,-,uncertain,uncertain,uncertain,966189,Benign/Likely benign,2,52.79,S,-0.0563,2.2468,-8.3618,loss_of_function,-4.21597582565042,0.8246879792297661,Pathogenic,0.1341,benign,https://doi.org/10.1101/2022.10.22.513328
K631E,1.16922,0.67959,0.0211322502062005,Neutral,Neutral,89.5,,,,mutations_clinvar,,False,89.5,,,,neutral,neutral,neutral,DOWN,neutral,neutral,neutral,1719613,Uncertain significance,1,40.35,S,-0.0691,2.0623,-4.8849,loss_of_function,-1.16143152976966,0.0530942108190662,Benign,0.1301,benign,https://doi.org/10.1101/2022.10.22.513328
P632L,0.47677,1.08061,-0.3408365282333708,Neutral,Neutral,90.6,,,0.098,COSMIC,,False,90.6,,,,neutral,neutral,neutral,UP,neutral,neutral,neutral,,,,38.44,-,0.015,3.2065,-3.3612,gain_of_function,-0.780190366534776,0.0029686297443785,Benign,0.0785,benign,https://doi.org/10.1101/2022.10.22.513328
E633D,0.96325,0.20646,-0.1342107590203201,Neutral,Neutral,111.5,,,,mutations_clinvar,,False,111.5,,,,neutral,neutral,neutral,DOWN,neutral,neutral,destabilizing,456089,Uncertain significance,2,35.88,S,0.0794,2.9971,-4.6049,gain_of_function,-0.987635688915036,0.290559273744013,Benign,0.1232,benign,https://doi.org/10.1101/2022.10.22.513328
D634E,0.52068,0.14354,-0.0210657230205368,Neutral,Neutral,115.0,3.18593092902e-05,0.0000064106673505,0.209,"cBioPortal,mutations_clinvar",,False,115.0,,,,neutral,neutral,neutral,UP,neutral,neutral,neutral,968499,Uncertain significance,1,31.27,-,0.0746,2.9541,-3.3475,gain_of_function,-0.643864324939279,5.871330084519897e-11,Benign,0.1105,benign,https://doi.org/10.1101/2022.10.22.513328
D634G,2.42662,0.95816,0.8392860542179039,Uncertain,Uncertain,115.0,,,,mutations_clinvar,,False,115.0,,,,neutral,neutral,neutral,DOWN,neutral,neutral,neutral,972287,Uncertain significance,2,31.27,-,0.0059,2.9541,-3.8329,gain_of_function,-1.1098259777146,2.389846770352222e-09,Benign,0.0666,benign,https://doi.org/10.1101/2022.10.22.513328
D634N,-0.04011,-0.09456,-0.109070594390726,Neutral,Neutral,115.0,,0.0000000000000000,0.262,cBioPortal,,False,115.0,,,,neutral,neutral,neutral,-,uncertain,uncertain,uncertain,,,,31.27,-,0.0538,2.9541,-3.1548,gain_of_function,-0.474409975747508,5.8195308391105065e-11,Benign,0.0749,benign,https://doi.org/10.1101/2022.10.22.513328
A635E,-0.03512,1.23367,-0.1919854353411954,Neutral,Neutral,100.1,,,,mutations_clinvar,,False,100.1,,,,neutral,neutral,neutral,UP,neutral,neutral,neutral,1450691,Uncertain significance,1,30.12,S,-0.0592,2.7159,-2.8606,loss_of_function,-1.60394748106653,0.0199816269648151,Benign,0.1264,benign,https://doi.org/10.1101/2022.10.22.513328
A635T,-0.95015,0.22789,-0.1712439692022643,Neutral,Neutral,100.1,,,,mutations_clinvar,,False,100.1,,,,neutral,neutral,neutral,UP,neutral,neutral,neutral,2080792,Uncertain significance,1,30.12,S,0.0316,2.7159,-4.0211,gain_of_function,-0.606023425311274,1.4115466087853022e-05,Benign,0.0729,benign,https://doi.org/10.1101/2022.10.22.513328
A635V,0.81003,0.97109,0.0339432025638875,Neutral,Neutral,100.1,,,,mutations_clinvar,,False,100.1,,,,neutral,neutral,neutral,UP,neutral,neutral,neutral,526402,Conflicting interpretations of pathogenicity,1,30.12,S,0.0314,2.7159,-4.6491,gain_of_function,-1.34325364029798,0.0013746040010434,Benign,0.083,benign,https://doi.org/10.1101/2022.10.22.513328
A636P,2.88509,4.30952,1.001878073991756,Uncertain,Uncertain,97.6,,,,mutations_clinvar,,False,97.6,,,,neutral,neutral,neutral,UP,neutral,neutral,neutral,855300,Uncertain significance,1,27.94,-,-0.0931,3.0801,-5.4703,loss_of_function,-1.7373220779934,0.0873796240031028,Benign,0.0959,benign,https://doi.org/10.1101/2022.10.22.513328
A636V,2.36819,-0.00374,-0.0463112043834879,Uncertain,Uncertain,97.6,,,0.200,"cBioPortal,mutations_clinvar",,False,97.6,,,,neutral,neutral,neutral,UP,neutral,neutral,neutral,1348792,Uncertain significance,1,27.94,-,0.0733,3.0801,-3.0109,gain_of_function,-1.71795098436138,0.0766290875394618,Benign,0.0839,benign,https://doi.org/10.1101/2022.10.22.513328
L637M,-0.0025,0.90238,0.2593865057112454,Neutral,Neutral,102.2,,,0.309,COSMIC,,False,102.2,,,,neutral,neutral,neutral,-,uncertain,uncertain,uncertain,,,,27.92,-,0.0846,3.3696,-4.3219,gain_of_function,-0.631979293436732,,,0.0925,benign,https://doi.org/10.1101/2022.10.22.513328
G638E,-0.00363,-0.72619,0.0053101630340018,Neutral,Neutral,130.4,,,,mutations_clinvar,,False,130.4,,,,neutral,neutral,neutral,UP,neutral,neutral,neutral,2057938,Uncertain significance,2,28.7,-,-0.1245,2.4568,-4.0692,loss_of_function,-1.3997793839167,,,0.0998,benign,https://doi.org/10.1101/2022.10.22.513328
R640M,-0.03352,1.08639,0.2300108395608269,Neutral,Neutral,96.5,,,0.267,COSMIC,,False,96.5,,,,neutral,neutral,neutral,DOWN,neutral,neutral,mixed_effects,,,,25.32,-,-0.0898,3.0856,-21.3699,loss_of_function,-2.8111335318314,0.3313644561122617,Uncertain,0.1129,benign,https://doi.org/10.1101/2022.10.22.513328
R640T,0.26606,1.27075,0.4575127206861351,Neutral,Neutral,96.5,,,0.173,cBioPortal,,False,96.5,,,,neutral,neutral,neutral,DOWN,neutral,neutral,mixed_effects,,,,25.32,-,-0.0424,3.0856,-4.9122,loss_of_function,-0.98149061876728,2.112351899909504e-05,Benign,0.0791,benign,https://doi.org/10.1101/2022.10.22.513328
A641T,-0.23333,0.78673,0.208033133188234,Neutral,Neutral,84.4,,,,mutations_clinvar,,False,84.4,,,,neutral,neutral,neutral,UP,neutral,neutral,stabilizing,1370635,Uncertain significance,1,25.53,-,0.0671,3.0373,-2.8554,gain_of_function,-0.45988967517082,3.684258870785392e-07,Benign,0.0735,benign,https://doi.org/10.1101/2022.10.22.513328
A641V,-0.0496,0.74898,0.1027164638226713,Neutral,Neutral,84.4,,,0.276,"cBioPortal,COSMIC",,False,84.4,,,,neutral,neutral,neutral,UP,neutral,neutral,stabilizing,,,,25.53,-,0.0739,3.0373,-2.1033,gain_of_function,-0.388679466617461,7.961947878177289e-08,Benign,0.0763,benign,https://doi.org/10.1101/2022.10.22.513328
E642D,-0.04789,0.15136,0.0741574179451509,Neutral,Neutral,91.2,,,,mutations_clinvar,,False,91.2,,,,neutral,neutral,neutral,DOWN,neutral,neutral,destabilizing,1991505,Uncertain significance,1,23.57,-,-0.0153,1.8806,-3.0315,loss_of_function,-0.231811531250749,0.0002159764642275,Benign,0.0818,benign,https://doi.org/10.1101/2022.10.22.513328
E642K,-0.24887,0.85816,0.1452759553302457,Neutral,Neutral,91.2,,,0.159,"cBioPortal,COSMIC",,False,91.2,,,,neutral,neutral,neutral,UP,neutral,neutral,stabilizing,,,,23.57,-,-0.0793,1.8806,-4.534,loss_of_function,-1.31519939284112,0.1118554759244859,Benign,0.0769,benign,https://doi.org/10.1101/2022.10.22.513328
P643A,0.59583,0.90544,-0.1382339071378613,Neutral,Neutral,73.5,0.0679818969913309,0.0677252812011581,0.233,"cBioPortal,COSMIC,mutations_clinvar",,False,73.5,,,,neutral,neutral,neutral,DOWN,neutral,neutral,stabilizing,134247,Benign,2,31.41,-,0.0264,2.8159,-3.6342,gain_of_function,-0.526149365295723,0.1401968398817707,Benign,0.0719,benign,https://doi.org/10.1101/2022.10.22.513328
P643R,0.29176,1.19694,-0.3716268577653009,Neutral,Neutral,73.5,0.0050948923703987,0.0012613489390583,0.179,"cBioPortal,COSMIC,FANCA_icope_sentieon_input,mutations_clinvar",,False,73.5,,,,neutral,neutral,neutral,UP,neutral,neutral,neutral,134248,Benign,2,31.41,-,-0.0668,2.8159,-8.219,loss_of_function,-3.11595046687505,0.8167525659704964,Pathogenic,0.1003,benign,https://doi.org/10.1101/2022.10.22.513328
N644K,-0.00838,0.34082,0.0581847165444443,Neutral,Neutral,80.7,,,0.182,"cBioPortal,mutations_clinvar",,False,80.7,,,,neutral,neutral,neutral,UP,neutral,neutral,neutral,1047089,Uncertain significance,1,35.79,S,-0.0204,2.6141,-8.2853,loss_of_function,-2.12474114778906,2.7780516959272333e-06,Benign,0.1273,benign,https://doi.org/10.1101/2022.10.22.513328
N644S,1.59038,0.87925,0.3875125244870536,Neutral,Neutral,80.7,,,,mutations_clinvar,,False,80.7,,,,neutral,neutral,neutral,DOWN,neutral,neutral,neutral,1009385,Uncertain significance,1,35.79,S,0.0487,2.6141,-1.2742,gain_of_function,0.0554179035732225,1.3209763535949634e-19,Benign,0.0491,benign,https://doi.org/10.1101/2022.10.22.513328
N644Y,-0.32463,0.61701,0.190284883304681,Neutral,Neutral,80.7,,,,mutations_clinvar,,False,80.7,,,,neutral,neutral,neutral,UP,neutral,neutral,neutral,934035,Uncertain significance,2,35.79,S,-0.1257,2.6141,-21.5731,loss_of_function,-2.37628569323891,1.4366149868855226e-06,Benign,0.0875,benign,https://doi.org/10.1101/2022.10.22.513328
S645C,0.00467,0.56667,0.807729928643437,Neutral,Neutral,108.7,,,0.226,"cBioPortal,mutations_clinvar",,False,108.7,,,,uncertain,,,UP,neutral,neutral,neutral,2148848,Uncertain significance,1,42.65,S,0.0873,3.4163,-1.8792,gain_of_function,-0.166475871947732,3.352829273684477e-18,Benign,0.0582,benign,https://doi.org/10.1101/2022.10.22.513328
S645F,-0.12086,0.52585,-0.0866537976470016,Neutral,Neutral,108.7,,0.0000128027858862,0.205,"cBioPortal,COSMIC,mutations_clinvar",,False,108.7,,,,uncertain,,,UP,neutral,neutral,neutral,526373,Uncertain significance,2,42.65,S,0.0322,3.4163,-7.2714,gain_of_function,-1.38083687926778,0.0090410198793922,Benign,0.1079,benign,https://doi.org/10.1101/2022.10.22.513328
E647G,-0.40249,0.4619,0.820303105907097,Neutral,Neutral,90.6,,,,mutations_clinvar,,False,90.6,,,,neutral,neutral,neutral,DOWN,neutral,neutral,neutral,1056006,Uncertain significance,1,52.79,H,-0.0262,2.4995,-4.5663,loss_of_function,-1.95000150186676,0.0322389401006433,Benign,0.092,benign,https://doi.org/10.1101/2022.10.22.513328
E647K,-0.06945,-0.12857,0.256167051547525,Neutral,Neutral,90.6,,,0.157,cBioPortal,,False,90.6,,,,neutral,neutral,neutral,UP,neutral,neutral,neutral,,,,52.79,H,-0.0099,2.4995,-2.0969,loss_of_function,-1.24022492892937,0.1533468456458556,Benign,0.0833,benign,https://doi.org/10.1101/2022.10.22.513328
E648K,-0.42599,0.24116,0.0764820295003376,Neutral,Neutral,86.6,,,0.230,"cBioPortal,COSMIC,mutations_clinvar",,False,86.6,,,,neutral,neutral,neutral,UP,neutral,neutral,neutral,1391568,Uncertain significance,2,64.3,H,-0.0648,2.1172,-5.9635,loss_of_function,-4.06703889268634,0.6514208979869677,Uncertain,0.1089,benign,https://doi.org/10.1101/2022.10.22.513328
P649L,1.46503,-3.42109,-0.613338614980144,Uncertain,Neutral,25.8,,,0.339,"cBioPortal,COSMIC",,False,25.8,,,,neutral,neutral,neutral,UP,neutral,neutral,neutral,,,,72.27,H,-0.1863,1.1497,-5.7096,loss_of_function,-2.51952988489199,0.4134610181534304,Uncertain,0.1131,benign,https://doi.org/10.1101/2022.10.22.513328
L650P,0.43459,15.17619,6.983991256948214,Uncertain,Uncertain,31.7,3.18451054073e-05,,0.640,"cBioPortal,COSMIC",,False,31.7,,,,neutral,neutral,neutral,DOWN,neutral,neutral,neutral,,,,75.11,H,-0.2752,1.7015,-8.2991,loss_of_function,-4.01316127172214,0.913380129788404,Pathogenic,0.1783,benign,https://doi.org/10.1101/2022.10.22.513328
L650Q,2.10112,2.83605,2.447909849780521,Uncertain,Uncertain,31.7,,,,mutations_clinvar,,False,31.7,,,,neutral,neutral,neutral,DOWN,neutral,neutral,neutral,2189344,Uncertain significance,1,75.11,H,-0.1956,1.7015,-4.9773,loss_of_function,-3.03296670591803,0.6782165109653093,Uncertain,0.1813,benign,https://doi.org/10.1101/2022.10.22.513328
G651E,-0.66733,-0.59116,-0.821378815764417,Neutral,Neutral,94.7,,,0.206,cBioPortal,,False,94.7,,,,neutral,neutral,neutral,UP,neutral,neutral,neutral,,,,79.79,H,-0.1306,2.2245,-1.08,loss_of_function,-0.0357966815893717,0.0004880911150047,Benign,0.0763,benign,https://doi.org/10.1101/2022.10.22.513328
G651R,-0.8173,-1.74524,-1.0955455296960763,Neutral,Neutral,94.7,,,,mutations_clinvar,,False,94.7,,,,neutral,neutral,neutral,UP,neutral,neutral,neutral,1003552,Conflicting interpretations of pathogenicity,1,79.79,H,-0.1763,2.2245,-6.7142,loss_of_function,-2.50213313955895,0.5478694919044068,Uncertain,0.1312,benign,https://doi.org/10.1101/2022.10.22.513328
G651V,-0.51001,-1.03231,-0.9020209052242262,Neutral,Neutral,94.7,,,0.328,"cBioPortal,COSMIC",,False,94.7,,,,neutral,neutral,neutral,UP,neutral,neutral,neutral,,,,79.79,H,-0.1895,2.2245,-7.2991,loss_of_function,-2.26585432550459,0.6097058432790468,Uncertain,0.1289,benign,https://doi.org/10.1101/2022.10.22.513328
Q652L,-0.91382,-0.30068,-0.8021665586106008,Neutral,Neutral,51.6,,,0.384,"cBioPortal,COSMIC",,True,51.6,,,,neutral,neutral,neutral,UP,neutral,neutral,neutral,,,,81.46,H,0.0547,2.9587,-2.3923,gain_of_function,-0.566170720389329,9.69318556833371e-16,Benign,0.0799,benign,https://doi.org/10.1101/2022.10.22.513328
T654A,-0.96469,-0.29184,0.1946549216829596,Neutral,Neutral,60.2,,,,mutations_clinvar,,True,60.2,,,,uncertain,,,DOWN,neutral,neutral,neutral,526359,Uncertain significance,1,84.61,H,0.0348,2.8913,-4.2946,gain_of_function,-0.511561563925697,0.0009700895766219,Benign,0.0782,benign,https://doi.org/10.1101/2022.10.22.513328
T654S,-0.87901,0.42279,0.8299248410826162,Neutral,Neutral,60.2,,,,mutations_clinvar,,True,60.2,,,,neutral,,,DOWN,neutral,neutral,neutral,2441340,Uncertain significance,1,84.61,H,0.066,2.8913,-5.2946,gain_of_function,-0.615995801620808,0.1228059621178066,Benign,0.1279,benign,https://doi.org/10.1101/2022.10.22.513328
A655G,0.82223,0.89422,0.8855881719963737,Neutral,Neutral,80.6,,,,mutations_clinvar,,True,80.6,,,,neutral,neutral,neutral,DOWN,neutral,neutral,neutral,968440,Conflicting interpretations of pathogenicity,1,83.68,H,-0.0522,2.1795,-6.2946,loss_of_function,-2.48220658448072,0.7783107924089647,Pathogenic,0.1494,benign,https://doi.org/10.1101/2022.10.22.513328
A656T,2.35341,0.0966,1.4770403221404085,Uncertain,Uncertain,7.8,,0.0000064044267398,0.338,"cBioPortal,mutations_clinvar",,True,7.8,,,,neutral,neutral,neutral,UP,neutral,neutral,neutral,2156522,Uncertain significance,1,85.1,H,-0.0392,2.1834,-8.2945,loss_of_function,-3.69031211974588,0.9188450535701984,Pathogenic,0.1284,benign,https://doi.org/10.1101/2022.10.22.513328
L657R,4.96265,7.75714,4.429190338775467,Destabilizing,Destabilizing,2.4,,,0.695,cBioPortal,,True,2.4,,,,neutral,neutral,neutral,UP,neutral,neutral,neutral,,,,86.46,H,-0.453,0.4707,-21.5823,loss_of_function,-6.81276086185556,0.9137889500101896,Pathogenic,0.8019,pathogenic,https://doi.org/10.1101/2022.10.22.513328
L660P,9.1188,10.29184,8.88351990384356,Destabilizing,Destabilizing,0.0,,,,mutations_clinvar,,False,0.0,,,,neutral,neutral,neutral,DOWN,neutral,neutral,neutral,623180,Pathogenic,1,84.97,H,-0.3973,1.111,-21.5777,loss_of_function,-5.80448646985001,0.9190793104949686,Pathogenic,0.8978,pathogenic,https://doi.org/10.1101/2022.10.22.513328
R661S,0.55463,1.21531,1.8477838630528407,Neutral,Neutral,38.0,,,0.614,cBioPortal,,True,38.0,,,,neutral,neutral,neutral,DOWN,neutral,neutral,neutral,,,,84.92,H,-0.1786,1.6153,-5.9354,loss_of_function,-2.67623065874259,0.8900818576851535,Pathogenic,0.5835,pathogenic,https://doi.org/10.1101/2022.10.22.513328
R661T,0.80858,0.56156,1.2969141810318825,Neutral,Neutral,38.0,,0.0000064095990155,0.494,cBioPortal,,True,38.0,,,,neutral,neutral,neutral,DOWN,neutral,neutral,neutral,,,,84.92,H,-0.1684,1.6153,-3.0875,loss_of_function,-1.56381823740155,0.7129367311737985,Pathogenic,0.3576,ambiguous,https://doi.org/10.1101/2022.10.22.513328
A662T,-0.10832,0.28129,-0.004000997782001,Neutral,Neutral,82.9,,,0.195,"cBioPortal,COSMIC",,True,82.9,,,,neutral,neutral,neutral,UP,neutral,neutral,neutral,,,,82.54,H,0.0701,3.0904,-3.2224,gain_of_function,-0.631059342361045,0.055769729460027,Benign,0.0818,benign,https://doi.org/10.1101/2022.10.22.513328
A662V,0.31953,0.1568,-0.3419372880265864,Neutral,Neutral,82.9,,,,mutations_clinvar,,True,82.9,,,,neutral,neutral,neutral,UP,neutral,neutral,neutral,2070424,Uncertain significance,1,82.54,H,0.0701,3.0904,-3.8074,gain_of_function,-1.64916580709207,0.835758015772499,Pathogenic,0.0962,benign,https://doi.org/10.1101/2022.10.22.513328
M664I,3.47012,0.53844,0.9266788492349656,Uncertain,Uncertain,2.5,,,0.191,cBioPortal,,True,2.5,,,,neutral,neutral,neutral,-,uncertain,uncertain,uncertain,,,,77.15,H,0.0022,2.3871,-2.3361,gain_of_function,-1.16405233426915,0.1349394697776111,Benign,0.4083,ambiguous,https://doi.org/10.1101/2022.10.22.513328
M664V,4.44482,1.22789,1.398634849820845,Uncertain,Uncertain,2.5,,0.0000577085844725,0.180,"cBioPortal,mutations_clinvar",,True,2.5,,,,neutral,neutral,neutral,DOWN,neutral,neutral,neutral,321351,Conflicting interpretations of pathogenicity,1,77.15,H,-0.0283,2.3871,-2.038,loss_of_function,-0.676773928497599,0.0481294538407175,Benign,0.0703,benign,https://doi.org/10.1101/2022.10.22.513328
T665R,-0.54106,0.83605,-0.2437857973392931,Neutral,Neutral,58.8,,,,mutations_clinvar,,True,58.8,,,,uncertain,,,UP,neutral,neutral,neutral,997615,Uncertain significance,2,73.79,H,-0.0956,2.4529,-5.1015,loss_of_function,-2.54410162084444,0.006267321360738,Benign,0.1056,benign,https://doi.org/10.1101/2022.10.22.513328
D666H,1.27139,2.01871,0.1182210898964947,Uncertain,Neutral,45.6,,,0.483,cBioPortal,,True,45.6,,,,neutral,neutral,neutral,UP,neutral,neutral,neutral,,,,71.24,-,-0.1104,1.8057,-6.2761,loss_of_function,-2.96986533929133,0.8501069728294868,Pathogenic,0.1446,benign,https://doi.org/10.1101/2022.10.22.513328
P667A,1.65392,1.14014,-0.2271367182624684,Neutral,Neutral,63.9,,,,mutations_clinvar,,True,63.9,,,,neutral,neutral,neutral,DOWN,neutral,neutral,neutral,863909,Likely benign,1,61.05,G,-0.0261,2.2971,-4.5569,loss_of_function,-2.67284322441487,0.8450366628688541,Pathogenic,0.071,benign,https://doi.org/10.1101/2022.10.22.513328
P667H,1.98652,1.81939,-0.483004128032119,Neutral,Neutral,63.9,,,,mutations_clinvar,,True,63.9,,,,neutral,neutral,neutral,UP,neutral,neutral,neutral,1035835,Uncertain significance,1,61.05,G,-0.0837,2.2971,-8.2573,loss_of_function,-5.00235784599911,0.9029432067470202,Pathogenic,0.1352,benign,https://doi.org/10.1101/2022.10.22.513328
P667L,1.34221,0.81905,-0.7514053961950823,Neutral,Neutral,63.9,,,,mutations_clinvar,,True,63.9,,,,neutral,neutral,neutral,UP,neutral,neutral,neutral,1412163,Uncertain significance,1,61.05,G,-0.0856,2.2971,-6.6724,loss_of_function,-5.00235784599911,0.810953866095078,Pathogenic,0.0993,benign,https://doi.org/10.1101/2022.10.22.513328
P667S,1.51776,1.41973,-0.1856827341407468,Neutral,Neutral,63.9,,,,mutations_clinvar,,True,63.9,,,,neutral,neutral,neutral,DOWN,neutral,neutral,neutral,1027067,Uncertain significance,1,61.05,G,-0.0328,2.2971,-5.9354,loss_of_function,-1.08478920333567,0.8551685003868011,Pathogenic,0.0843,benign,https://doi.org/10.1101/2022.10.22.513328
S668I,0.6912,1.20442,0.2300489667932392,Neutral,Neutral,45.0,,,,mutations_clinvar,,False,45.0,,,,uncertain,,,UP,neutral,neutral,neutral,2161267,Uncertain significance,1,64.99,G,-0.011,2.9484,-6.6865,loss_of_function,-2.76600631030855,0.0005040287656999,Benign,0.1458,benign,https://doi.org/10.1101/2022.10.22.513328
Q669H,-0.07302,0.83129,-0.0716868900780792,Neutral,Neutral,45.3,,,0.292,cBioPortal,,False,45.3,,,,neutral,neutral,neutral,UP,neutral,neutral,neutral,,,,66.05,G,0.0427,2.8171,-5.6865,gain_of_function,-2.08435003870352,0.8471936822405896,Pathogenic,0.1812,benign,https://doi.org/10.1101/2022.10.22.513328
R670C,1.30802,1.19966,1.5874700694728106,Neutral,Neutral,58.0,6.36983247341e-05,0.0000771942464555,0.418,"cBioPortal,COSMIC,mutations_clinvar",,False,58.0,,,,neutral,neutral,neutral,DOWN,neutral,neutral,neutral,134249,Conflicting interpretations of pathogenicity,1,60.5,H,-0.0528,3.1145,-6.6818,loss_of_function,-0.0911737051613716,4.011489182939232e-11,Benign,0.0835,benign,https://doi.org/10.1101/2022.10.22.513328
R670H,1.18228,0.14694,0.4617732887095505,Neutral,Neutral,58.0,,0.0000385762781607,0.176,"cBioPortal,mutations_clinvar",,False,58.0,,,,neutral,neutral,neutral,DOWN,neutral,neutral,neutral,964765,Conflicting interpretations of pathogenicity,1,60.5,H,0.0083,3.1145,-2.3842,gain_of_function,0.302456122059639,2.1965310637576217e-19,Benign,0.0567,benign,https://doi.org/10.1101/2022.10.22.513328
D671H,-0.44186,0.16463,0.6589941449877298,Neutral,Neutral,74.8,,,0.278,cBioPortal,,False,74.8,,,,neutral,neutral,neutral,UP,neutral,neutral,neutral,,,,66.36,H,-0.092,2.1153,-8.2478,loss_of_function,-4.87467383031491,0.8935868298531596,Pathogenic,0.1961,benign,https://doi.org/10.1101/2022.10.22.513328
D671V,-0.27233,0.05136,0.173114626409,Neutral,Neutral,74.8,,,,mutations_clinvar,,False,74.8,,,,neutral,neutral,neutral,UP,neutral,neutral,neutral,1974495,Uncertain significance,1,66.36,H,-0.1297,2.1153,-8.2478,loss_of_function,-4.87467383031491,0.8916888369548008,Pathogenic,0.1725,benign,https://doi.org/10.1101/2022.10.22.513328
V672G,0.20942,2.3517,0.8192007508316531,Uncertain,Neutral,36.4,,,0.354,cBioPortal,,False,36.4,,,,neutral,neutral,neutral,DOWN,neutral,neutral,neutral,,,,71.69,H,-0.1613,2.4872,-5.2641,loss_of_function,-1.30657597028513,0.1731320354659083,Benign,0.1042,benign,https://doi.org/10.1101/2022.10.22.513328
I673K,2.01955,4.43367,1.9855729630538144,Uncertain,Uncertain,10.4,,,0.563,COSMIC,,False,10.4,,,,neutral,neutral,neutral,-,uncertain,uncertain,uncertain,,,,73.25,H,-0.261,2.0773,-8.1995,loss_of_function,-4.0462026230535,0.3385481339580654,Uncertain,0.5701,pathogenic,https://doi.org/10.1101/2022.10.22.513328
I673L,-0.07598,1.64184,0.5964232630658189,Neutral,Neutral,10.4,,,0.242,COSMIC,,False,10.4,,,,neutral,neutral,neutral,-,uncertain,uncertain,uncertain,,,,73.25,H,-0.0176,2.0773,-2.1122,loss_of_function,-0.106744961588454,7.283538956318458e-12,Benign,0.0785,benign,https://doi.org/10.1101/2022.10.22.513328
I673M,0.08416,0.5619,1.002360321076068,Neutral,Neutral,10.4,,0.0000039766807441,0.462,COSMIC,,False,10.4,,,,neutral,neutral,neutral,-,uncertain,uncertain,uncertain,,,,73.25,H,-0.0293,2.0773,-3.2928,loss_of_function,-1.00302282026708,7.901490627035233e-05,Benign,0.1254,benign,https://doi.org/10.1101/2022.10.22.513328
I673T,1.68356,1.65204,1.8815962236849604,Neutral,Neutral,10.4,,,,mutations_clinvar,,False,10.4,,,,neutral,neutral,neutral,DOWN,neutral,neutral,neutral,1024833,Uncertain significance,1,73.25,H,-0.1887,2.0773,-21.4874,loss_of_function,-3.52941540246402,0.115442557683545,Benign,0.3782,ambiguous,https://doi.org/10.1101/2022.10.22.513328
S674L,-1.67261,-0.12415,-0.803972754648587,Neutral,Neutral,27.2,0.0022295833864187,0.0005965116001623,0.303,"cBioPortal,COSMIC,mutations_clinvar",,False,27.2,,,,uncertain,,,UP,neutral,neutral,neutral,237038,Benign/Likely benign,2,71.5,H,-0.0927,1.9482,-5.3972,loss_of_function,-1.35597455922948,0.1675501346723558,Benign,0.1012,benign,https://doi.org/10.1101/2022.10.22.513328
A675P,-1.63107,4.83571,6.561272945030132,Uncertain,Uncertain,2.7,,,,mutations_clinvar,,False,2.7,,,,neutral,neutral,neutral,UP,neutral,neutral,neutral,1524514,Uncertain significance,1,70.73,H,-0.2848,1.0402,-6.2526,loss_of_function,-4.05075513325161,0.1490235311741422,Benign,0.1353,benign,https://doi.org/10.1101/2022.10.22.513328
A675T,-0.26435,1.00068,0.4043134385000269,Neutral,Neutral,2.7,,,0.293,"cBioPortal,mutations_clinvar",,False,2.7,,,,neutral,neutral,neutral,UP,neutral,neutral,neutral,1692205,Uncertain significance,1,70.73,H,-0.131,1.0402,-5.6677,loss_of_function,-0.163929051772814,0.743719975342186,Pathogenic,0.0826,benign,https://doi.org/10.1101/2022.10.22.513328
A675V,-0.23847,0.63673,0.0968038480085242,Neutral,Neutral,2.7,,,,mutations_clinvar,,False,2.7,,,,neutral,neutral,neutral,UP,neutral,neutral,neutral,1327062,Uncertain significance,2,70.73,H,-0.131,1.0402,-6.2526,loss_of_function,-3.88124331893308,0.728706459810529,Pathogenic,0.126,benign,https://doi.org/10.1101/2022.10.22.513328
Q676H,0.90891,1.08571,0.3528427368275405,Neutral,Neutral,19.6,,,,mutations_clinvar,,False,19.6,,,,neutral,neutral,neutral,UP,neutral,neutral,neutral,1002362,Uncertain significance,1,78.5,H,-0.0952,1.1971,-3.4978,loss_of_function,-1.68916573809363,0.0019611994595391,Benign,0.2021,benign,https://doi.org/10.1101/2022.10.22.513328
Q676L,-1.8978,-0.75,-0.7949236003895555,Neutral,Neutral,19.6,,,0.393,cBioPortal,,False,19.6,,,,neutral,neutral,neutral,UP,neutral,neutral,neutral,,,,78.5,H,-0.1254,1.1971,-5.9307,loss_of_function,-4.25772592039803,0.6296115886831675,Uncertain,0.2327,benign,https://doi.org/10.1101/2022.10.22.513328
Q676R,0.38754,1.76463,0.1136637467867246,Neutral,Neutral,19.6,,,,"cBioPortal,COSMIC",,False,19.6,,,,neutral,neutral,neutral,UP,neutral,neutral,neutral,,,,78.5,H,-0.1292,1.1971,-4.1652,loss_of_function,-1.77524342103497,0.0230595550302125,Benign,0.0847,benign,https://doi.org/10.1101/2022.10.22.513328
V677M,-0.9419,2.07619,1.3222733142736147,Uncertain,Neutral,5.1,0.0001592559561728,0.0001033895878732,0.259,"cBioPortal,COSMIC,mutations_clinvar",,False,5.1,,,,neutral,neutral,neutral,UP,neutral,neutral,neutral,526387,Conflicting interpretations of pathogenicity,1,79.32,H,-0.0632,2.1567,-2.8311,loss_of_function,-0.674358594302769,3.155426178274186e-11,Benign,0.1112,benign,https://doi.org/10.1101/2022.10.22.513328
S681C,0.67955,-0.48469,0.5950442302754044,Neutral,Neutral,35.0,,,0.592,cBioPortal,,False,35.0,,,,uncertain,,,UP,neutral,neutral,neutral,,,,77.06,H,-0.1955,0.6965,-8.2525,loss_of_function,-3.79330334568365,0.8494572148741606,Pathogenic,0.1476,benign,https://doi.org/10.1101/2022.10.22.513328
S681Y,5.02154,-1.72143,-0.5486813033743959,Uncertain,Uncertain,35.0,,,0.540,cBioPortal,,False,35.0,,,,uncertain,,,UP,neutral,neutral,neutral,,,,77.06,H,-0.2279,0.6965,-8.2525,loss_of_function,-6.0626521172753,0.7368999057225463,Pathogenic,0.2712,benign,https://doi.org/10.1101/2022.10.22.513328
E682K,-0.41845,0.70408,0.0175465413011216,Neutral,Neutral,61.8,,,0.389,cBioPortal,,False,61.8,,,,neutral,neutral,neutral,UP,neutral,neutral,neutral,,,,75.47,H,-0.0534,2.3131,-7.2573,loss_of_function,-5.57067185294815,0.8356866254392874,Pathogenic,0.1639,benign,https://doi.org/10.1101/2022.10.22.513328
R683I,0.20386,-0.67347,0.1026611399645927,Neutral,Neutral,46.4,,,0.402,"cBioPortal,COSMIC",,False,46.4,,,,neutral,neutral,neutral,DOWN,neutral,neutral,neutral,,,,80.23,H,-0.1739,2.021,-6.6724,loss_of_function,-5.43144716226702,0.8946211471882756,Pathogenic,0.2791,benign,https://doi.org/10.1101/2022.10.22.513328
L684P,10.0668,13.07993,9.021687536446091,Destabilizing,Destabilizing,3.9,,,,mutations_clinvar,,False,3.9,,,,neutral,neutral,neutral,DOWN,neutral,neutral,neutral,556739,Likely pathogenic,1,78.49,H,-0.4502,0.5349,-21.5451,loss_of_function,-6.56336622018084,0.9063468074095944,Pathogenic,0.8708,pathogenic,https://doi.org/10.1101/2022.10.22.513328
L684V,2.62428,1.16837,1.449523690829248,Uncertain,Uncertain,3.9,,,,mutations_clinvar,,False,3.9,,,,neutral,neutral,neutral,DOWN,neutral,neutral,neutral,1057695,Uncertain significance,1,78.49,H,-0.195,0.5349,-5.45,loss_of_function,-0.903406970857466,0.3789184829315324,Uncertain,0.1269,benign,https://doi.org/10.1101/2022.10.22.513328
R685K,0.434,0.17041,1.141927647245813,Neutral,Neutral,47.7,,,0.209,"cBioPortal,COSMIC",,False,47.7,,,,neutral,neutral,neutral,-,uncertain,uncertain,uncertain,,,,71.93,H,0.0794,3.1107,-3.9517,gain_of_function,-0.9168293273268,3.258027235574347e-05,Benign,0.1085,benign,https://doi.org/10.1101/2022.10.22.513328
R685M,-0.42838,0.73469,0.685648276830941,Neutral,Neutral,47.7,,,0.375,cBioPortal,,False,47.7,,,,neutral,neutral,neutral,DOWN,neutral,neutral,neutral,,,,71.93,H,-0.0071,3.1107,-5.6147,loss_of_function,-1.40880896704399,0.0003701461462566,Benign,0.1736,benign,https://doi.org/10.1101/2022.10.22.513328
R685S,0.55587,1.60578,1.6914312536696705,Neutral,Neutral,47.7,,,0.316,cBioPortal,,False,47.7,,,,neutral,neutral,neutral,DOWN,neutral,neutral,neutral,,,,71.93,H,-0.0189,3.1107,-1.5998,loss_of_function,-0.397984579807576,1.703189858362241e-14,Benign,0.1596,benign,https://doi.org/10.1101/2022.10.22.513328
R685T,1.23787,1.07109,1.22410172485273,Neutral,Neutral,47.7,,,,mutations_clinvar,,False,47.7,,,,neutral,neutral,neutral,DOWN,neutral,neutral,neutral,974235,Pathogenic,0,71.93,H,-0.0375,3.1107,-4.3923,loss_of_function,-0.86296531068979,7.242691980099081e-05,Benign,0.1134,benign,https://doi.org/10.1101/2022.10.22.513328
A686V,0.02776,-0.05714,-0.2862344362224045,Neutral,Neutral,65.0,,0.0000079527922254,0.256,cBioPortal,,False,65.0,,,,neutral,neutral,neutral,UP,neutral,neutral,neutral,,,,73.12,H,0.0503,2.8286,-2.9673,gain_of_function,-0.901028931221262,0.0550038540993089,Benign,0.0868,benign,https://doi.org/10.1101/2022.10.22.513328
V687I,1.95699,0.50544,0.8417008128282166,Neutral,Neutral,6.2,,,,mutations_clinvar,,False,6.2,,,,neutral,neutral,neutral,UP,neutral,neutral,neutral,2161258,Uncertain significance,1,72.07,H,-0.0017,2.019,-2.8264,loss_of_function,-0.631285664868666,4.9484036670997e-05,Benign,0.097,benign,https://doi.org/10.1101/2022.10.22.513328
L688Q,2.76542,2.50442,2.366101901653404,Uncertain,Uncertain,6.3,,,0.691,COSMIC,,False,6.3,,,,neutral,neutral,neutral,DOWN,neutral,neutral,neutral,,,,70.33,T,-0.1963,1.82,-7.2431,loss_of_function,-5.39695729014752,0.9189568511324178,Pathogenic,0.1523,benign,https://doi.org/10.1101/2022.10.22.513328
G689D,1.99587,0.95102,0.4688802875527798,Neutral,Neutral,78.7,,,,mutations_clinvar,,False,78.7,,,,neutral,neutral,neutral,UP,neutral,neutral,neutral,1466113,Uncertain significance,1,59.2,T,-0.1499,2.1961,-4.2192,loss_of_function,-2.07471812666159,0.1561981963854425,Benign,0.1186,benign,https://doi.org/10.1101/2022.10.22.513328
N691I,0.6233,0.70544,0.2147582077423065,Neutral,Neutral,108.6,,,,mutations_clinvar,,False,108.6,,,,neutral,neutral,neutral,UP,neutral,neutral,neutral,1710964,Uncertain significance,1,43.05,-,-0.0965,3.0318,-21.5213,loss_of_function,-2.09925667302434,7.515945403943377e-06,Benign,0.0985,benign,https://doi.org/10.1101/2022.10.22.513328
N691S,0.40219,-0.46599,0.0123198807485963,Neutral,Neutral,108.6,,0.0000835036542790,0.191,"COSMIC,mutations_clinvar",,False,108.6,,,,neutral,neutral,neutral,DOWN,neutral,neutral,neutral,134250,Conflicting interpretations of pathogenicity,1,43.05,-,0.0859,3.0318,-1.5194,gain_of_function,0.138482870900825,5.012554817993204e-22,Benign,0.0466,benign,https://doi.org/10.1101/2022.10.22.513328
D694N,0.51783,0.81701,0.3414360355860768,Neutral,Neutral,52.4,0.0001273885350318,0.0001312179410712,0.072,"cBioPortal,mutations_clinvar",,False,52.4,,,,neutral,neutral,neutral,-,uncertain,uncertain,uncertain,647229,Conflicting interpretations of pathogenicity,1,38.62,G,-0.0077,2.3916,-5.0589,loss_of_function,-1.13761210686415,0.5569510025627474,Uncertain,0.0818,benign,https://doi.org/10.1101/2022.10.22.513328
D694Y,1.14301,1.82755,0.6448055503248825,Neutral,Neutral,52.4,,,0.213,"cBioPortal,COSMIC",,False,52.4,,,,neutral,neutral,neutral,UP,neutral,neutral,neutral,,,,38.62,G,-0.097,2.3916,-7.2288,loss_of_function,-4.36685243592017,0.809807533662168,Pathogenic,0.1104,benign,https://doi.org/10.1101/2022.10.22.513328
S695C,0.23027,0.36122,0.7997027072594354,Neutral,Neutral,54.4,,,0.349,cBioPortal,,False,54.4,,,,uncertain,,,UP,neutral,neutral,neutral,,,,37.98,T,0.0603,3.3582,-6.1241,gain_of_function,-0.433482369403583,0.0490329703168808,Benign,0.069,benign,https://doi.org/10.1101/2022.10.22.513328
S696I,0.89705,1.23912,0.2039133747214988,Neutral,Neutral,56.9,,,,mutations_clinvar,,False,56.9,,,,uncertain,,,UP,neutral,neutral,neutral,2197499,Uncertain significance,2,39.63,T,0.0087,3.1023,-5.6048,gain_of_function,-0.963460285703956,0.0124810514487101,Benign,0.1078,benign,https://doi.org/10.1101/2022.10.22.513328
V697A,-0.35038,0.51259,0.9340448388457584,Neutral,Neutral,49.7,,,,mutations_clinvar,,False,49.7,,,,neutral,neutral,neutral,DOWN,neutral,neutral,neutral,1430219,Likely benign,1,39.86,-,0.0698,3.4548,-2.0825,gain_of_function,0.0076502219261575,1.3130324435511876e-09,Benign,0.0625,benign,https://doi.org/10.1101/2022.10.22.513328
V697D,-0.28315,1.62891,1.0335383638310904,Neutral,Neutral,49.7,,,,mutations_clinvar,,False,49.7,,,,neutral,neutral,neutral,DOWN,neutral,neutral,neutral,576716,Uncertain significance,1,39.86,-,-0.1117,3.4548,-5.0,loss_of_function,-0.630364922554539,1.346647710463643e-05,Benign,0.0895,benign,https://doi.org/10.1101/2022.10.22.513328
V697F,-0.7108,0.38129,-0.0968060612763044,Neutral,Neutral,49.7,,,0.390,cBioPortal,,False,49.7,,,,neutral,neutral,neutral,UP,neutral,neutral,neutral,,,,39.86,-,-0.0223,3.4548,-5.0,loss_of_function,-0.548331747885477,2.9368844212832204e-11,Benign,0.085,benign,https://doi.org/10.1101/2022.10.22.513328
V697I,-0.28851,0.28878,-0.0766363367925471,Neutral,Neutral,49.7,9.55657492355e-05,0.0000278347727887,0.277,"cBioPortal,mutations_clinvar",,False,49.7,,,,neutral,neutral,neutral,UP,neutral,neutral,neutral,639926,Uncertain significance,2,39.86,-,0.1244,3.4548,-4.0,gain_of_function,-0.0691734235454652,7.673639519725776e-06,Benign,0.0754,benign,https://doi.org/10.1101/2022.10.22.513328
V697L,-0.66465,0.53095,-0.318111383096808,Neutral,Neutral,49.7,,,,mutations_clinvar,,False,49.7,,,,neutral,neutral,neutral,UP,neutral,neutral,neutral,1482024,Uncertain significance,2,39.86,-,0.0636,3.4548,-3.1699,gain_of_function,-0.303208411850975,2.4276153664426775e-12,Benign,0.0854,benign,https://doi.org/10.1101/2022.10.22.513328
E698A,0.16066,0.23299,0.0819848477724177,Neutral,Neutral,109.2,,,,mutations_clinvar,,False,109.2,,,,neutral,neutral,neutral,DOWN,neutral,neutral,neutral,1511631,Uncertain significance,1,45.73,-,0.0498,2.9457,-2.7537,gain_of_function,-1.29803915459555,0.0856748077894617,Benign,0.099,benign,https://doi.org/10.1101/2022.10.22.513328
E698D,-0.98274,0.24558,-0.2691982440342944,Neutral,Neutral,109.2,,,,mutations_clinvar,,False,109.2,,,,neutral,neutral,neutral,DOWN,neutral,neutral,neutral,456091,Uncertain significance,2,45.73,-,0.0741,2.9457,-4.7205,gain_of_function,-2.69100769458268,0.3531395229387639,Uncertain,0.0999,benign,https://doi.org/10.1101/2022.10.22.513328
E698K,-0.2572,-0.1017,-0.131302432187671,Neutral,Neutral,109.2,,,0.188,"cBioPortal,COSMIC",,False,109.2,,,,neutral,neutral,neutral,UP,neutral,neutral,neutral,,,,45.73,-,0.012,2.9457,-5.858,gain_of_function,-1.15251444516466,0.0795861689189232,Benign,0.1033,benign,https://doi.org/10.1101/2022.10.22.513328
E698Q,-1.41594,-0.19354,0.0293058810906365,Neutral,Neutral,109.2,,,0.101,cBioPortal,,False,109.2,,,,neutral,neutral,neutral,UP,neutral,neutral,neutral,,,,45.73,-,0.0696,2.9457,-4.273,gain_of_function,-0.729553652412959,0.3718076814902704,Uncertain,0.099,benign,https://doi.org/10.1101/2022.10.22.513328
I699L,-0.51482,0.12245,0.2270200335740285,Neutral,Neutral,34.7,,,,mutations_clinvar,,False,34.7,,,,neutral,neutral,neutral,-,uncertain,uncertain,uncertain,2062139,Uncertain significance,1,52.5,-,0.1201,3.6737,-3.9015,gain_of_function,-0.207521049015728,2.33650107508319e-08,Benign,0.0771,benign,https://doi.org/10.1101/2022.10.22.513328
I699T,1.30995,1.29082,1.350362137291146,Neutral,Neutral,34.7,,,,mutations_clinvar,,False,34.7,,,,neutral,neutral,neutral,DOWN,neutral,neutral,neutral,1359974,Uncertain significance,1,52.5,-,0.0519,3.6737,-3.1173,gain_of_function,-0.86275972621611,5.738609991002749e-12,Benign,0.1323,benign,https://doi.org/10.1101/2022.10.22.513328
S700L,0.12568,-0.33163,-0.8178532443317471,Neutral,Neutral,98.0,,,,mutations_clinvar,,False,98.0,,,,uncertain,,,UP,neutral,neutral,stabilizing,2178696,Uncertain significance,1,56.07,S,-0.0219,2.667,-4.4745,loss_of_function,-1.09078491730424,0.0004730681262604,Benign,0.0878,benign,https://doi.org/10.1101/2022.10.22.513328
S700P,-0.59696,-0.09456,1.5585566584001658,Neutral,Neutral,98.0,,,,mutations_clinvar,,False,98.0,,,,uncertain,,,UP,neutral,neutral,stabilizing,934036,Uncertain significance,2,56.07,S,-0.0973,2.667,-4.3676,loss_of_function,-1.37192977629348,0.0007069271199541,Benign,0.0735,benign,https://doi.org/10.1101/2022.10.22.513328
S700T,0.39606,0.0432,-0.0954903266648837,Neutral,Neutral,98.0,,,,mutations_clinvar,,False,98.0,,,,neutral,,,UP,neutral,neutral,stabilizing,1005121,Uncertain significance,1,56.07,S,0.0742,2.667,-2.6514,gain_of_function,-0.617819614151965,0.0043357246733232,Benign,0.0836,benign,https://doi.org/10.1101/2022.10.22.513328
K701E,1.00053,0.16701,0.743527607630039,Neutral,Neutral,53.3,0.0003822629969419,0.0005805445985494,0.134,"COSMIC,mutations_clinvar",,False,53.3,,,,neutral,neutral,neutral,DOWN,neutral,neutral,neutral,134251,Conflicting interpretations of pathogenicity,1,66.61,E,0.017,2.9959,-4.853,gain_of_function,-0.937494955222387,0.0027156468347014,Benign,0.0961,benign,https://doi.org/10.1101/2022.10.22.513328
K701N,0.55166,0.18095,0.5626617541397838,Neutral,Neutral,53.3,,,0.205,cBioPortal,,False,53.3,,,,neutral,neutral,neutral,DOWN,neutral,neutral,neutral,,,,66.61,E,0.0067,2.9959,-8.1748,gain_of_function,-2.67264809142712,0.5832982294694734,Uncertain,0.222,benign,https://doi.org/10.1101/2022.10.22.513328
Q703H,0.53152,-0.15918,-0.1917798756579741,Neutral,Neutral,91.2,,,,mutations_clinvar,,False,91.2,,,,neutral,neutral,neutral,UP,neutral,neutral,stabilizing,1011326,Conflicting interpretations of pathogenicity,1,73.52,E,0.0232,2.5404,-4.5187,gain_of_function,-1.88235094697909,0.2702563341850869,Benign,0.1266,benign,https://doi.org/10.1101/2022.10.22.513328
L704H,3.36977,3.98299,2.366394139223368,Destabilizing,Uncertain,2.3,,,,mutations_clinvar,,False,2.3,,,,neutral,neutral,neutral,DOWN,neutral,neutral,neutral,963363,Uncertain significance,1,73.98,E,-0.2647,1.3649,-8.2142,loss_of_function,-4.93806398097006,0.8934803353412533,Pathogenic,0.4363,ambiguous,https://doi.org/10.1101/2022.10.22.513328
L704V,1.19949,-0.02891,1.3463049109289182,Neutral,Neutral,2.3,,,,mutations_clinvar,,False,2.3,,,,neutral,neutral,neutral,DOWN,neutral,neutral,neutral,526408,Uncertain significance,1,73.98,E,-0.1021,1.3649,-2.2143,loss_of_function,-0.884079649847245,0.4865402384034966,Uncertain,0.1127,benign,https://doi.org/10.1101/2022.10.22.513328
S705N,-0.49377,0.09558,-0.3097468911372131,Neutral,Neutral,66.5,,,,mutations_clinvar,,True,66.5,,,,uncertain,,,UP,neutral,neutral,neutral,1438297,Uncertain significance,1,70.44,-,0.0442,2.6894,-2.7322,gain_of_function,-0.727501976063419,2.212420253180519e-05,Benign,0.0832,benign,https://doi.org/10.1101/2022.10.22.513328
I706M,-0.87089,0.12721,-0.0302984903638381,Neutral,Neutral,11.9,,,,mutations_clinvar,,True,11.9,,,,neutral,neutral,neutral,-,uncertain,uncertain,uncertain,2071446,Uncertain significance,1,68.44,S,-0.0107,2.5522,-8.2093,loss_of_function,-1.30603171908078,0.024442571440987,Benign,0.0864,benign,https://doi.org/10.1101/2022.10.22.513328
I706T,1.95501,1.72347,1.2497826300816053,Neutral,Neutral,11.9,,,0.223,cBioPortal,,True,11.9,,,,neutral,neutral,neutral,DOWN,neutral,neutral,neutral,,,,68.44,S,-0.0533,2.5522,-3.509,loss_of_function,-0.987997561553289,9.460759110290838e-05,Benign,0.1632,benign,https://doi.org/10.1101/2022.10.22.513328
N707D,0.17151,-0.52211,-0.3825797550288284,Neutral,Neutral,77.9,,,,mutations_clinvar,,True,77.9,,,,neutral,neutral,neutral,-,uncertain,uncertain,uncertain,1704410,Uncertain significance,1,67.06,S,0.0811,3.4048,-2.6549,gain_of_function,-0.121873191182324,1.2188269576124879e-11,Benign,0.0639,benign,https://doi.org/10.1101/2022.10.22.513328
T708M,-0.121,0.6534,0.0949219968185349,Neutral,Neutral,80.0,3.18532203606e-05,0.0000278343300674,0.253,"cBioPortal,COSMIC,mutations_clinvar",,True,80.0,,,,uncertain,,,UP,neutral,neutral,neutral,1199304,Uncertain significance,2,65.97,S,-0.0543,2.6269,-8.219,loss_of_function,-1.56567637677983,0.0372960744536327,Benign,0.0825,benign,https://doi.org/10.1101/2022.10.22.513328
P709A,1.37127,1.68946,-0.1044904000418234,Neutral,Neutral,5.7,,,,mutations_clinvar,,True,5.7,,,,neutral,neutral,neutral,DOWN,neutral,neutral,neutral,1059778,Conflicting interpretations of pathogenicity,1,71.5,-,-0.1225,1.3239,-5.8924,loss_of_function,-2.88790750536248,0.3335269267834881,Uncertain,0.1074,benign,https://doi.org/10.1101/2022.10.22.513328
P709L,3.01385,3.14116,-0.9440672337011558,Destabilizing,Uncertain,5.7,3.18552497452e-05,0.0000357872804053,0.228,"cBioPortal,mutations_clinvar",,True,5.7,,,,neutral,neutral,neutral,UP,neutral,neutral,neutral,1461115,Conflicting interpretations of pathogenicity,1,71.5,-,-0.1669,1.3239,-5.0444,loss_of_function,-2.57345236900377,0.8642625211843983,Pathogenic,0.1654,benign,https://doi.org/10.1101/2022.10.22.513328
R710I,0.01647,-0.50034,-0.1834338115839867,Neutral,Neutral,95.5,,,,mutations_clinvar,,True,95.5,,,,neutral,neutral,neutral,DOWN,neutral,neutral,mixed_effects,850771,Uncertain significance,1,73.84,-,-0.0553,3.3913,-8.1445,loss_of_function,-1.45828787667512,0.0058692090683249,Benign,0.1218,benign,https://doi.org/10.1101/2022.10.22.513328
R710S,0.28525,-0.04864,0.5890608824152016,Neutral,Neutral,95.5,,,,mutations_clinvar,,True,95.5,,,,neutral,neutral,neutral,DOWN,neutral,neutral,mixed_effects,1483513,Uncertain significance,1,73.84,-,-0.0065,3.3913,-4.2378,loss_of_function,-1.12699902267297,4.721737543403578e-05,Benign,0.1277,benign,https://doi.org/10.1101/2022.10.22.513328
R710T,0.05283,-0.02823,0.3778610603036636,Neutral,Neutral,95.5,,,0.367,"cBioPortal,COSMIC",,True,95.5,,,,neutral,neutral,neutral,DOWN,neutral,neutral,mixed_effects,,,,73.84,-,-0.0091,3.3913,-3.8967,loss_of_function,-0.75925081349518,2.654687200808345e-05,Benign,0.0869,benign,https://doi.org/10.1101/2022.10.22.513328
L711P,3.26177,3.4898,4.751069657309102,Destabilizing,Destabilizing,2.5,,,,mutations_clinvar,,True,2.5,,,,neutral,neutral,neutral,DOWN,neutral,neutral,neutral,1479340,Uncertain significance,1,78.53,-,-0.294,1.4321,-7.1241,loss_of_function,-2.06972477907668,0.8300399123714792,Pathogenic,0.2622,benign,https://doi.org/10.1101/2022.10.22.513328
E712K,2.49344,0.64592,0.0756209430148679,Uncertain,Uncertain,83.8,,,,mutations_clinvar,,True,83.8,,,,neutral,neutral,neutral,UP,neutral,neutral,stabilizing,568853,Uncertain significance,1,78.89,-,0.0119,2.8883,-4.843,gain_of_function,-1.20836446090545,0.0005759982678073,Benign,0.0928,benign,https://doi.org/10.1101/2022.10.22.513328
R714G,2.43667,2.64592,2.297365590510797,Uncertain,Uncertain,70.4,,,,mutations_clinvar,,False,70.4,,,,neutral,neutral,neutral,DOWN,neutral,neutral,neutral,1007652,Uncertain significance,2,74.5,H,-0.0577,3.3773,-7.1898,loss_of_function,-1.97681648257576,0.0768112795437666,Benign,0.0703,benign,https://doi.org/10.1101/2022.10.22.513328
R714L,0.88738,0.16054,-0.0825864781823082,Neutral,Neutral,70.4,,,0.322,cBioPortal,,False,70.4,,,,neutral,neutral,neutral,DOWN,neutral,neutral,neutral,,,,74.5,H,-0.0025,3.3773,-2.8323,loss_of_function,-0.703667906206596,2.1869834767711217e-05,Benign,0.0968,benign,https://doi.org/10.1101/2022.10.22.513328
R714Q,1.25663,0.92891,1.1197700238187065,Neutral,Neutral,70.4,,0.0000039764909853,0.259,"cBioPortal,COSMIC,mutations_clinvar",,False,70.4,,,,neutral,neutral,neutral,DOWN,neutral,neutral,neutral,1006381,Uncertain significance,1,74.5,H,0.0284,3.3773,-2.2126,gain_of_function,-0.0441014601139165,1.786943118349481e-13,Benign,0.0646,benign,https://doi.org/10.1101/2022.10.22.513328
R714W,1.05233,1.55952,0.0596488391574373,Neutral,Neutral,70.4,6.37145587767e-05,0.0000198818224474,0.245,"cBioPortal,COSMIC",,False,70.4,,,,neutral,neutral,neutral,UP,neutral,neutral,stabilizing,,,,74.5,H,-0.0275,3.3773,-4.7304,loss_of_function,-0.957173310008629,0.0027937573339282,Benign,0.0847,benign,https://doi.org/10.1101/2022.10.22.513328
E715K,0.55531,0.87789,0.3779599437572245,Neutral,Neutral,33.4,,,,mutations_clinvar,,False,33.4,,,,neutral,neutral,neutral,UP,neutral,neutral,stabilizing,2149184,Uncertain significance,1,80.1,H,-0.0294,2.6259,-8.1946,loss_of_function,-4.39750381129709,0.4992698424838435,Uncertain,0.1307,benign,https://doi.org/10.1101/2022.10.22.513328
E715V,0.773,1.80238,-0.4521769089567135,Neutral,Neutral,33.4,,,,mutations_clinvar,,False,33.4,,,,neutral,neutral,neutral,-,uncertain,uncertain,uncertain,846695,Uncertain significance,1,80.1,H,-0.0155,2.6259,-7.1947,loss_of_function,-1.93094904044722,0.5594950467134784,Uncertain,0.1853,benign,https://doi.org/10.1101/2022.10.22.513328
H716N,1.1125,0.91667,0.985154426349133,Neutral,Neutral,39.6,,,,mutations_clinvar,,False,39.6,,,,neutral,neutral,neutral,DOWN,neutral,neutral,neutral,1011444,Uncertain significance,1,81.66,H,0.0142,2.5889,-6.6098,gain_of_function,-1.05373204763173,1.178348587490391e-09,Benign,0.0838,benign,https://doi.org/10.1101/2022.10.22.513328
H716R,-0.19109,0.57279,0.5199899173075542,Neutral,Neutral,39.6,,0.0000238581869368,0.100,"COSMIC,mutations_clinvar",,False,39.6,,,,neutral,neutral,neutral,UP,neutral,neutral,stabilizing,970614,Uncertain significance,2,81.66,H,-0.0082,2.5889,-5.1947,loss_of_function,-0.705931713254686,5.378692023174623e-12,Benign,0.0798,benign,https://doi.org/10.1101/2022.10.22.513328
H716Y,-0.65364,-0.36463,-0.0273859648755198,Neutral,Neutral,39.6,,,,mutations_clinvar,,False,39.6,,,,neutral,neutral,neutral,UP,neutral,neutral,stabilizing,1968022,Uncertain significance,1,81.66,H,0.0572,2.5889,-5.0248,gain_of_function,-0.089144088554232,8.97154255035571e-09,Benign,0.0701,benign,https://doi.org/10.1101/2022.10.22.513328
M717I,0.75375,1.96463,-0.2319438734170126,Neutral,Neutral,62.8,0.0186472013260232,0.0220456660224751,0.279,"cBioPortal,COSMIC,mutations_clinvar",,False,62.8,,,,neutral,neutral,neutral,-,uncertain,uncertain,uncertain,"1040913, 134252","Uncertain significance, Benign/Likely benign","1, 2",84.11,H,-0.0084,3.3326,-21.4775,loss_of_function,-1.5440411503039,2.537426602518387e-06,Benign,0.1758,benign,https://doi.org/10.1101/2022.10.22.513328
M717T,1.16698,2.30884,0.3991563289484878,Uncertain,Neutral,62.8,,0.0000039764909853,0.337,"cBioPortal,COSMIC",,False,62.8,,,,neutral,neutral,neutral,DOWN,neutral,neutral,neutral,,,,84.11,H,0.0286,3.3326,-3.6663,gain_of_function,0.118972843653908,1.3729931742060766e-10,Benign,0.0542,benign,https://doi.org/10.1101/2022.10.22.513328
M717V,1.28163,1.82619,0.0025380244436035,Neutral,Neutral,62.8,,,,mutations_clinvar,,False,62.8,,,,neutral,neutral,neutral,DOWN,neutral,neutral,neutral,526341,Uncertain significance,1,84.11,H,0.0521,3.3326,-3.3318,gain_of_function,-0.464995684303914,2.6658073186937933e-09,Benign,0.0647,benign,https://doi.org/10.1101/2022.10.22.513328
A718V,-0.9069,0.39014,-0.1391346899200291,Neutral,Neutral,0.0,,,0.241,cBioPortal,,False,0.0,,,,neutral,neutral,neutral,UP,neutral,neutral,neutral,,,,83.92,H,-0.077,1.3048,-0.4395,loss_of_function,-0.211770393675889,3.440678193677934e-20,Benign,0.0935,benign,https://doi.org/10.1101/2022.10.22.513328
L721R,1.67151,1.86769,1.1622917939364776,Neutral,Neutral,29.5,,,,mutations_clinvar,,False,29.5,,,,neutral,neutral,neutral,UP,neutral,neutral,neutral,2201859,Uncertain significance,1,88.41,H,-0.292,1.4809,-8.2383,loss_of_function,-6.16882978254542,0.917925025802366,Pathogenic,0.2618,benign,https://doi.org/10.1101/2022.10.22.513328
L722V,1.61399,1.88707,1.7342068032879712,Neutral,Neutral,1.1,,,,mutations_clinvar,,False,1.1,,,,neutral,neutral,neutral,DOWN,neutral,neutral,neutral,1429975,Uncertain significance,1,90.23,H,-0.1456,1.0503,-5.0685,loss_of_function,-2.405107820249,0.8518773543179661,Pathogenic,0.1941,benign,https://doi.org/10.1101/2022.10.22.513328
T724M,-1.16231,-0.34762,-0.2700469467510158,Neutral,Neutral,53.4,,0.0000328221286792,0.377,"cBioPortal,mutations_clinvar",,False,53.4,,,,uncertain,,,UP,neutral,neutral,neutral,1460937,Conflicting interpretations of pathogenicity,1,90.1,H,-0.0864,2.1499,-5.9117,loss_of_function,-2.36934929817271,0.0363877669244416,Benign,0.0993,benign,https://doi.org/10.1101/2022.10.22.513328
T724P,3.04827,5.59796,5.996782650091103,Destabilizing,Destabilizing,53.4,,,,mutations_clinvar,,False,53.4,,,,uncertain,,,-,uncertain,uncertain,uncertain,974328,Pathogenic,0,90.1,H,-0.2856,2.1499,-21.5213,loss_of_function,-5.60274151007709,0.894443262317085,Pathogenic,0.3901,ambiguous,https://doi.org/10.1101/2022.10.22.513328
S725C,0.94129,-0.55578,-0.4238884785520613,Neutral,Neutral,3.8,,0.0000040911843160,0.253,"cBioPortal,mutations_clinvar",,False,3.8,,,,uncertain,,,UP,neutral,neutral,neutral,2139896,Uncertain significance,1,89.83,H,-0.07,1.8543,-4.5332,loss_of_function,-0.726612868113892,0.0178887684310905,Benign,0.0998,benign,https://doi.org/10.1101/2022.10.22.513328
S725Y,4.32761,0.00612,0.7010053738903854,Uncertain,Uncertain,3.8,,,0.507,cBioPortal,,False,3.8,,,,uncertain,,,UP,neutral,neutral,neutral,,,,89.83,H,-0.1162,1.8543,-7.2336,loss_of_function,-4.16121493559682,0.7926095032287286,Pathogenic,0.4853,ambiguous,https://doi.org/10.1101/2022.10.22.513328
F726L,2.00496,1.35714,2.349669042383528,Uncertain,Uncertain,0.2,,,,mutations_clinvar,,False,0.2,,,,neutral,neutral,neutral,DOWN,neutral,neutral,neutral,933485,Uncertain significance,2,92.16,H,-0.2597,0.2622,-8.2335,loss_of_function,-3.00086208844131,0.9090879485372414,Pathogenic,0.9709,pathogenic,https://doi.org/10.1101/2022.10.22.513328
C727Y,7.26507,0.00578,0.4300313680397338,Uncertain,Uncertain,5.1,3.18511912346e-05,0.0000000000000000,0.812,"cBioPortal,mutations_clinvar",,False,5.1,,,,neutral,neutral,neutral,UP,neutral,neutral,neutral,1389605,Uncertain significance,2,90.79,H,-0.3954,0.2591,-7.2383,loss_of_function,-6.85051231632119,0.9185849516929296,Pathogenic,0.8962,pathogenic,https://doi.org/10.1101/2022.10.22.513328
Q728E,0.41555,0.1602,-0.3808619094911603,Neutral,Neutral,52.3,,,,mutations_clinvar,,False,52.3,,,,neutral,neutral,neutral,DOWN,neutral,neutral,neutral,1062704,Uncertain significance,1,89.85,H,-0.1457,0.7886,-5.2336,loss_of_function,-3.32519109207457,0.91899592473749,Pathogenic,0.1373,benign,https://doi.org/10.1101/2022.10.22.513328
N729K,0.24402,3.88673,2.980243043592653,Uncertain,Uncertain,0.0,,,0.480,COSMIC,,False,0.0,,,,neutral,neutral,neutral,UP,neutral,neutral,neutral,,,,88.53,H,-0.1318,2.1367,-21.5117,loss_of_function,-4.73548937990617,0.8286394053470352,Pathogenic,0.9058,pathogenic,https://doi.org/10.1101/2022.10.22.513328
N729S,0.53481,0.89932,2.688463315817329,Neutral,Uncertain,0.0,,,,mutations_clinvar,,False,0.0,,,,neutral,neutral,neutral,DOWN,neutral,neutral,neutral,1041848,Uncertain significance,2,88.53,H,-0.007,2.1367,-3.5801,loss_of_function,-0.969112795683078,0.0010513967305841,Benign,0.1509,benign,https://doi.org/10.1101/2022.10.22.513328
L730M,0.2065,1.20544,1.239185933641738,Neutral,Neutral,1.9,,,0.550,cBioPortal,,False,1.9,,,,neutral,neutral,neutral,-,uncertain,uncertain,uncertain,,,,87.82,H,-0.0956,1.452,-5.0492,loss_of_function,-2.14073531527549,0.8869830138812942,Pathogenic,0.1692,benign,https://doi.org/10.1101/2022.10.22.513328
L730P,7.93507,12.54082,8.004085952003052,Destabilizing,Destabilizing,1.9,,,,mutations_clinvar,,False,1.9,,,,neutral,neutral,neutral,DOWN,neutral,neutral,neutral,974329,Pathogenic,0,87.82,H,-0.3656,1.452,-21.5069,loss_of_function,-5.57799575547063,0.9179062175630532,Pathogenic,0.9286,pathogenic,https://doi.org/10.1101/2022.10.22.513328
M731V,1.88466,-0.03571,0.050395117341131,Neutral,Neutral,21.9,,,0.182,cBioPortal,,False,21.9,,,,neutral,neutral,neutral,DOWN,neutral,neutral,neutral,,,,86.41,H,-0.0572,2.2112,-4.5332,loss_of_function,-0.819457410580215,0.0120499912865494,Benign,0.1078,benign,https://doi.org/10.1101/2022.10.22.513328
A732S,0.88819,0.37143,1.3203162046138308,Neutral,Neutral,19.4,,,0.306,COSMIC,,True,19.4,,,,neutral,neutral,neutral,-,uncertain,uncertain,uncertain,,,,83.99,H,-0.0192,2.2041,-5.9069,loss_of_function,-1.27354098556448,0.6480437363436995,Uncertain,0.1421,benign,https://doi.org/10.1101/2022.10.22.513328
A733T,2.10578,2.55952,0.9443089822498318,Uncertain,Uncertain,9.3,,0.0000040884745901,0.398,COSMIC,,True,9.3,,,,neutral,neutral,neutral,UP,neutral,neutral,neutral,,,,83.98,H,-0.1201,1.0781,-4.224,loss_of_function,-2.31575775052212,0.8511185777004542,Pathogenic,0.1897,benign,https://doi.org/10.1101/2022.10.22.513328
S734F,1.59876,3.97517,-0.3476343818840915,Uncertain,Neutral,7.3,,,0.495,"cBioPortal,COSMIC,mutations_clinvar",,True,7.3,,,,uncertain,,,UP,neutral,neutral,neutral,1298686,Uncertain significance,1,80.52,H,-0.2579,1.0538,-21.5117,loss_of_function,-6.1140971927465,0.9173150318457955,Pathogenic,0.5359,ambiguous,https://doi.org/10.1101/2022.10.22.513328
S735G,0.12098,0.96156,0.5963614503479194,Neutral,Neutral,66.1,,,,mutations_clinvar,,True,66.1,,,,uncertain,,,DOWN,neutral,neutral,neutral,321350,Uncertain significance,2,76.28,H,0.0422,2.6867,-5.6486,gain_of_function,-1.79272720762333,0.4540242543063679,Uncertain,0.0797,benign,https://doi.org/10.1101/2022.10.22.513328
S735I,1.15803,0.89354,-0.1549371599577254,Neutral,Neutral,66.1,,,,mutations_clinvar,,True,66.1,,,,uncertain,,,UP,neutral,neutral,neutral,2416852,Uncertain significance,1,76.28,H,-0.0379,2.6867,-7.2336,loss_of_function,-2.13601719292804,0.8996330023240917,Pathogenic,0.1553,benign,https://doi.org/10.1101/2022.10.22.513328
S735N,0.2298,0.17653,0.003474111637518,Neutral,Neutral,66.1,,,0.291,"cBioPortal,COSMIC,mutations_clinvar",,True,66.1,,,,uncertain,,,UP,neutral,neutral,neutral,1900273,Uncertain significance,1,76.28,H,0.0277,2.6867,-5.9117,gain_of_function,-3.22543375361456,0.8572367588726151,Pathogenic,0.163,benign,https://doi.org/10.1101/2022.10.22.513328
A737T,0.27006,1.38946,0.2126895440265219,Neutral,Neutral,20.2,3.18593092902e-05,0.0000164982470612,0.139,"cBioPortal,COSMIC,mutations_clinvar",,False,20.2,,,,neutral,neutral,neutral,UP,neutral,neutral,neutral,965090,Uncertain significance,1,72.73,S,0.0132,2.55,-4.6342,gain_of_function,-0.659446649810015,0.0019545286788591,Benign,0.0841,benign,https://doi.org/10.1101/2022.10.22.513328
A737V,-0.78057,1.63401,-0.2739439427561418,Neutral,Neutral,20.2,,0.0000164777221197,0.131,"cBioPortal,COSMIC,mutations_clinvar",,False,20.2,,,,neutral,neutral,neutral,UP,neutral,neutral,neutral,456093,Uncertain significance,2,72.73,S,0.0224,2.55,-3.4118,gain_of_function,-1.09770457681667,0.0008147101869941,Benign,0.0993,benign,https://doi.org/10.1101/2022.10.22.513328
P738A,1.94907,1.0034,0.0550164826559257,Neutral,Neutral,56.0,,,,mutations_clinvar,,False,56.0,,,,neutral,neutral,neutral,DOWN,neutral,neutral,neutral,1388077,Uncertain significance,1,73.96,-,-0.1767,0.7751,-6.6245,loss_of_function,-4.39292866736456,0.9079648631085562,Pathogenic,0.0853,benign,https://doi.org/10.1101/2022.10.22.513328
P738H,1.76219,2.04014,-0.1816691871017062,Uncertain,Neutral,56.0,,,,mutations_clinvar,,False,56.0,,,,neutral,neutral,neutral,UP,neutral,neutral,neutral,1059007,Uncertain significance,1,73.96,-,-0.2235,0.7751,-8.2093,loss_of_function,-4.98050424035143,0.8876163148596222,Pathogenic,0.1934,benign,https://doi.org/10.1101/2022.10.22.513328
P738S,1.26683,1.59286,0.3118767460795346,Neutral,Neutral,56.0,6.37308010962e-05,0.0000082590023125,0.208,"cBioPortal,COSMIC,mutations_clinvar",,False,56.0,,,,neutral,neutral,neutral,DOWN,neutral,neutral,neutral,1419981,Conflicting interpretations of pathogenicity,1,73.96,-,-0.1645,0.7751,-4.3026,loss_of_function,-1.75133020700839,0.2357783655329093,Benign,0.0991,benign,https://doi.org/10.1101/2022.10.22.513328
P738T,1.46542,1.97483,0.0857290302469149,Neutral,Neutral,56.0,,,,mutations_clinvar,,False,56.0,,,,neutral,neutral,neutral,-,uncertain,uncertain,uncertain,955526,Uncertain significance,1,73.96,-,-0.1966,0.7751,-8.2093,loss_of_function,-4.39292866736456,0.8999635654751109,Pathogenic,0.1331,benign,https://doi.org/10.1101/2022.10.22.513328
P739L,3.03896,0.44082,-0.5889334149644176,Uncertain,Uncertain,1.9,,,,mutations_clinvar,,False,1.9,,,,neutral,neutral,neutral,UP,neutral,neutral,neutral,134253,Benign/Likely benign,2,69.75,G,-0.2151,0.8467,-5.8924,loss_of_function,-2.88980665385468,0.811129450290382,Pathogenic,0.1982,benign,https://doi.org/10.1101/2022.10.22.513328
P739Q,4.93885,1.33231,0.6376443855778399,Uncertain,Uncertain,1.9,,,0.667,cBioPortal,,False,1.9,,,,neutral,neutral,neutral,UP,neutral,neutral,neutral,,,,69.75,G,-0.2066,0.8467,-8.2142,loss_of_function,-6.20590147105045,0.9180765408755116,Pathogenic,0.528,ambiguous,https://doi.org/10.1101/2022.10.22.513328
P739R,7.25403,2.36871,0.5719287316511146,Uncertain,Uncertain,1.9,,,,mutations_clinvar,,False,1.9,,,,neutral,neutral,neutral,UP,neutral,neutral,neutral,1414494,Uncertain significance,1,69.75,G,-0.3158,0.8467,-21.502,loss_of_function,-6.74971702303056,0.9098490030424736,Pathogenic,0.502,ambiguous,https://doi.org/10.1101/2022.10.22.513328
P739T,4.11449,2.12789,0.0845989474485148,Uncertain,Uncertain,1.9,,,0.672,cBioPortal,,False,1.9,,,,neutral,neutral,neutral,-,uncertain,uncertain,uncertain,,,,69.75,G,-0.1798,0.8467,-6.2143,loss_of_function,-5.80907066541721,0.915552832786232,Pathogenic,0.3015,benign,https://doi.org/10.1101/2022.10.22.513328
E740D,0.79344,1.42823,0.7671231089025171,Neutral,Neutral,44.3,,,0.243,cBioPortal,,False,44.3,,,,neutral,neutral,neutral,DOWN,neutral,neutral,neutral,,,,69.85,G,0.0414,2.3939,-1.1783,gain_of_function,-0.731277664084239,1.4382076293349876e-11,Benign,0.1485,benign,https://doi.org/10.1101/2022.10.22.513328
E740K,0.08183,0.69184,0.5740571575217007,Neutral,Neutral,44.3,,,,mutations_clinvar,,False,44.3,,,,neutral,neutral,neutral,UP,neutral,neutral,neutral,886429,Uncertain significance,2,69.85,G,-0.0407,2.3939,-6.2336,loss_of_function,-5.58864578358474,0.3568363618717809,Uncertain,0.1908,benign,https://doi.org/10.1101/2022.10.22.513328
Q742K,1.94593,3.73605,1.4840217750820752,Uncertain,Neutral,4.6,,,,mutations_clinvar,,False,4.6,,,,neutral,neutral,neutral,UP,neutral,neutral,neutral,974332,Pathogenic,0,75.06,S,-0.1889,0.7012,-6.6293,loss_of_function,-6.69542066848466,0.9159393873039366,Pathogenic,0.5424,ambiguous,https://doi.org/10.1101/2022.10.22.513328
G743D,3.46663,7.39932,1.4478238697812975,Destabilizing,Uncertain,63.6,,0.0000486897059142,0.547,"COSMIC,mutations_clinvar",,False,63.6,,,,neutral,neutral,neutral,UP,neutral,neutral,neutral,237039,Uncertain significance,2,74.72,-,-0.2967,1.5589,-21.4923,loss_of_function,-4.43406530816738,0.9188860177544612,Pathogenic,0.3716,ambiguous,https://doi.org/10.1101/2022.10.22.513328
P744L,-0.52753,0.82959,-0.5356456357042677,Neutral,Neutral,77.2,,,0.373,"cBioPortal,COSMIC",,False,77.2,,,,neutral,neutral,neutral,UP,neutral,neutral,neutral,,,,79.76,S,-0.0572,2.4356,-3.6049,loss_of_function,-0.607842977664005,0.5013039398929435,Uncertain,0.0944,benign,https://doi.org/10.1101/2022.10.22.513328
P744S,-0.04128,1.32109,0.1087932786947154,Neutral,Neutral,77.2,,,0.171,cBioPortal,,False,77.2,,,,neutral,neutral,neutral,DOWN,neutral,neutral,neutral,,,,79.76,S,-0.0054,2.4356,-3.0605,loss_of_function,-1.0505465972044,0.0018585931058708,Benign,0.0853,benign,https://doi.org/10.1101/2022.10.22.513328
P744T,0.18015,1.47857,0.1801265991234374,Neutral,Neutral,77.2,,,0.295,cBioPortal,,False,77.2,,,,neutral,neutral,neutral,-,uncertain,uncertain,uncertain,,,,79.76,S,-0.0268,2.4356,-4.8679,loss_of_function,-1.26464146816111,0.0404320851472738,Benign,0.089,benign,https://doi.org/10.1101/2022.10.22.513328
A746S,2.00659,1.69626,0.6883166331609677,Uncertain,Uncertain,4.2,6.37470516989e-05,0.0005123486480269,0.374,"cBioPortal,FANCA_icope_sentieon_input,mutations_clinvar",,False,4.2,,,,neutral,neutral,neutral,-,uncertain,uncertain,uncertain,321349,Benign/Likely benign,2,87.24,H,-0.0751,1.6686,-7.2143,loss_of_function,-2.66406214294998,0.9191468083738004,Pathogenic,0.2402,benign,https://doi.org/10.1101/2022.10.22.513328
A746T,4.97694,1.51939,0.1603460309490717,Uncertain,Uncertain,4.2,,,0.381,COSMIC,,False,4.2,,,,neutral,neutral,neutral,UP,neutral,neutral,neutral,,,,87.24,H,-0.154,1.6686,-21.502,loss_of_function,-3.54678619444306,0.916881256104486,Pathogenic,0.3769,ambiguous,https://doi.org/10.1101/2022.10.22.513328
A746V,3.54166,0.88776,-0.8066113964803473,Uncertain,Uncertain,4.2,,,0.332,cBioPortal,,False,4.2,,,,neutral,neutral,neutral,UP,neutral,neutral,neutral,,,,87.24,H,-0.0713,1.6686,-5.8924,loss_of_function,-3.32734515202573,0.9183534422606656,Pathogenic,0.3533,ambiguous,https://doi.org/10.1101/2022.10.22.513328
A747S,0.09375,1.26973,0.9186006949846994,Neutral,Neutral,40.3,3.18694626809e-05,0.0000103013134175,0.227,"COSMIC,mutations_clinvar",,False,40.3,,,,neutral,neutral,neutral,-,uncertain,uncertain,uncertain,1040351,Uncertain significance,1,84.03,H,0.0062,2.205,-0.9569,gain_of_function,-0.805216596815092,2.55939667973027e-05,Benign,0.0699,benign,https://doi.org/10.1101/2022.10.22.513328
A747T,-0.27592,0.21088,0.5555961918484287,Neutral,Neutral,40.3,,,,mutations_clinvar,,False,40.3,,,,neutral,neutral,neutral,UP,neutral,neutral,neutral,408209,Uncertain significance,1,84.03,H,-0.0086,2.205,-2.6908,loss_of_function,-0.106638559569878,6.4395545643856225e-09,Benign,0.0641,benign,https://doi.org/10.1101/2022.10.22.513328
F749L,1.06614,1.26803,2.0270079689413505,Neutral,Uncertain,0.2,,,,mutations_clinvar,,False,0.2,,,,neutral,neutral,neutral,DOWN,neutral,neutral,neutral,1319525,Uncertain significance,2,85.8,H,-0.1868,0.7905,-3.4594,loss_of_function,-0.879596852384783,0.1293470022956135,Benign,0.5782,pathogenic,https://doi.org/10.1101/2022.10.22.513328
V750L,1.73369,1.12653,1.9367467061411137,Neutral,Neutral,0.0,,,,mutations_clinvar,,False,0.0,,,,neutral,neutral,neutral,UP,neutral,neutral,neutral,1692207,Uncertain significance,1,85.81,H,-0.1726,1.012,-5.407,loss_of_function,-1.58971112572805,0.7911089016546173,Pathogenic,0.1758,benign,https://doi.org/10.1101/2022.10.22.513328
V750M,1.99721,1.6881,2.8079216897680164,Neutral,Uncertain,0.0,,0.0000296363618402,0.402,"cBioPortal,COSMIC,mutations_clinvar",,False,0.0,,,,neutral,neutral,neutral,UP,neutral,neutral,neutral,651621,Likely benign,1,85.81,H,-0.1766,1.012,-4.407,loss_of_function,-0.116465463146017,0.5647658249436133,Uncertain,0.1186,benign,https://doi.org/10.1101/2022.10.22.513328
M753T,2.94417,2.87619,2.3970391962387496,Uncertain,Uncertain,0.2,,,0.380,COSMIC,,False,0.2,,,,neutral,neutral,neutral,DOWN,neutral,neutral,neutral,,,,77.3,H,-0.1122,1.8497,-4.509,loss_of_function,-1.41669535492808,3.1275629484962027e-06,Benign,0.1485,benign,https://doi.org/10.1101/2022.10.22.513328
M753V,3.18939,1.69558,1.041104758621113,Uncertain,Uncertain,0.2,,0.0000047907404568,0.305,"cBioPortal,COSMIC,mutations_clinvar",,False,0.2,,,,neutral,neutral,neutral,DOWN,neutral,neutral,neutral,1444273,Uncertain significance,2,77.3,H,-0.088,1.8497,-4.0395,loss_of_function,-0.366221582964067,2.0510004728599616e-06,Benign,0.0689,benign,https://doi.org/10.1101/2022.10.22.513328
C754F,5.44437,4.56701,-0.9649738167797828,Destabilizing,Uncertain,9.0,,,0.686,COSMIC,,False,9.0,,,,neutral,neutral,neutral,UP,neutral,neutral,neutral,,,,70.77,T,-0.2543,1.6159,-5.8826,loss_of_function,-4.16511730109427,0.8942645461859853,Pathogenic,0.1759,benign,https://doi.org/10.1101/2022.10.22.513328
G755T,2.70815,-0.07517,0.8654340537447514,Uncertain,Uncertain,110.7,,,,"cBioPortal,COSMIC",,False,110.7,,,,neutral,neutral,neutral,UP,neutral,neutral,neutral,,,,69.05,T,-0.2761,1.1797,-6.2094,loss_of_function,-3.27316550740463,0.8335211851717887,Pathogenic,0.2168,benign,https://doi.org/10.1101/2022.10.22.513328
R756C,-0.4095,1.89932,1.5782711246985754,Neutral,Neutral,32.9,,0.0001179779522803,0.279,"cBioPortal,mutations_clinvar",,False,32.9,,,,neutral,neutral,neutral,DOWN,neutral,neutral,neutral,1428431,Uncertain significance,2,65.72,T,-0.0915,2.6475,-5.858,loss_of_function,-0.675483337091836,0.0001588899523897,Benign,0.099,benign,https://doi.org/10.1101/2022.10.22.513328
R756H,-0.20188,2.15884,0.5186026012119171,Uncertain,Neutral,32.9,6.37592450905e-05,0.0000046951442818,0.283,"cBioPortal,COSMIC,mutations_clinvar",,False,32.9,,,,neutral,neutral,neutral,DOWN,neutral,neutral,neutral,1987085,Likely benign,1,65.72,T,-0.0335,2.6475,-2.1575,loss_of_function,-0.12194494667957,1.1785079347857188e-10,Benign,0.0706,benign,https://doi.org/10.1101/2022.10.22.513328
R756L,-1.32817,0.40306,0.0148455391285096,Neutral,Neutral,32.9,,,0.458,cBioPortal,,False,32.9,,,,neutral,neutral,neutral,DOWN,neutral,neutral,neutral,,,,65.72,T,-0.1648,2.6475,-21.4676,loss_of_function,-3.55922824367647,0.2735450302002398,Benign,0.1188,benign,https://doi.org/10.1101/2022.10.22.513328
R756P,-0.87559,0.83469,2.794426735014542,Neutral,Uncertain,32.9,,,,mutations_clinvar,,False,32.9,,,,neutral,neutral,neutral,DOWN,neutral,neutral,neutral,526342,Conflicting interpretations of pathogenicity,1,65.72,T,-0.2315,2.6475,-7.1798,loss_of_function,-1.61861427258281,0.000466151566514,Benign,0.1122,benign,https://doi.org/10.1101/2022.10.22.513328
L758P,12.15296,19.15816,7.9849453855854895,Destabilizing,Destabilizing,1.1,,,0.585,"cBioPortal,COSMIC",,False,1.1,,,,neutral,neutral,neutral,DOWN,neutral,neutral,neutral,,,,84.11,H,-0.3846,1.2445,-21.4923,loss_of_function,-4.06927894072079,0.9142190269759604,Pathogenic,0.5022,ambiguous,https://doi.org/10.1101/2022.10.22.513328
P759L,2.33122,-0.49524,-0.7974696587403002,Uncertain,Uncertain,29.9,,,,mutations_clinvar,,False,29.9,,,,neutral,neutral,neutral,UP,neutral,neutral,neutral,969927,Uncertain significance,2,81.91,H,-0.1465,1.6651,-7.2094,loss_of_function,-5.57320215329314,0.9141231887853278,Pathogenic,0.1826,benign,https://doi.org/10.1101/2022.10.22.513328
P759S,3.8113,0.66939,0.3527784423695518,Uncertain,Uncertain,29.9,,0.0000046528508017,0.588,"cBioPortal,COSMIC,mutations_clinvar",,False,29.9,,,,neutral,neutral,neutral,DOWN,neutral,neutral,neutral,2173342,Uncertain significance,1,81.91,H,-0.0723,1.6651,-2.2787,loss_of_function,-2.26129936578862,0.7324654281521992,Pathogenic,0.1551,benign,https://doi.org/10.1101/2022.10.22.513328
A760T,-0.63039,0.99864,1.4288538285302443,Neutral,Neutral,10.5,,,0.326,cBioPortal,,False,10.5,,,,neutral,neutral,neutral,UP,neutral,neutral,neutral,,,,83.8,H,-0.0413,2.0269,-5.8875,loss_of_function,-1.36669741329137,0.6308218754783902,Uncertain,0.1096,benign,https://doi.org/10.1101/2022.10.22.513328
V761E,4.45636,3.78299,3.334698692868525,Destabilizing,Destabilizing,0.0,,,,mutations_clinvar,,False,0.0,,,,neutral,neutral,neutral,-,uncertain,uncertain,uncertain,974027,Pathogenic,0,88.58,H,-0.3279,1.5556,-21.4972,loss_of_function,-5.44523865577524,0.8769352372595836,Pathogenic,0.6906,pathogenic,https://doi.org/10.1101/2022.10.22.513328
L762F,2.2177,4.13061,1.8641797742111104,Uncertain,Uncertain,0.1,,,,mutations_clinvar,,False,0.1,,,,neutral,neutral,neutral,UP,neutral,neutral,neutral,2047345,Uncertain significance,1,88.34,H,-0.1381,1.3905,-5.2094,loss_of_function,-3.42637203533081,0.918859674974249,Pathogenic,0.198,benign,https://doi.org/10.1101/2022.10.22.513328
T763A,0.5676,0.47449,0.6419916619064675,Neutral,Neutral,17.7,,,0.253,COSMIC,,False,17.7,,,,uncertain,,,DOWN,neutral,neutral,neutral,,,,86.4,H,0.0236,2.7603,-4.122,gain_of_function,-0.656575641631181,0.0006546801736413,Benign,0.0877,benign,https://doi.org/10.1101/2022.10.22.513328
T763I,0.32439,-0.74388,-0.453036604302115,Neutral,Neutral,17.7,,,,mutations_clinvar,,False,17.7,,,,uncertain,,,UP,neutral,neutral,neutral,2017187,Uncertain significance,1,86.4,H,-0.018,2.7603,-7.2094,loss_of_function,-2.4002279244665,0.5713495313912608,Uncertain,0.2612,benign,https://doi.org/10.1101/2022.10.22.513328
R764Q,1.80683,1.1068,2.4947577456401304,Neutral,Uncertain,9.5,,,,mutations_clinvar,,False,9.5,,,,neutral,neutral,neutral,DOWN,neutral,neutral,neutral,860831,Uncertain significance,2,90.77,H,-0.262,0.5545,-8.2044,loss_of_function,-6.77067509778076,0.9191151510039132,Pathogenic,0.3782,ambiguous,https://doi.org/10.1101/2022.10.22.513328
R764W,2.88625,0.85578,2.6557360987944683,Uncertain,Uncertain,9.5,,0.0000094152206457,0.726,"cBioPortal,mutations_clinvar",,False,9.5,,,,neutral,neutral,neutral,UP,neutral,neutral,neutral,974028,Pathogenic,1,90.77,H,-0.3728,0.5545,-21.4923,loss_of_function,-6.77067509778076,0.9178558241333208,Pathogenic,0.6213,pathogenic,https://doi.org/10.1101/2022.10.22.513328
L765F,-0.13327,1.66701,1.7928703048081722,Neutral,Neutral,0.6,,0.0000000000000000,0.308,cBioPortal,,False,0.6,,,,neutral,neutral,neutral,UP,neutral,neutral,neutral,,,,90.7,H,-0.183,0.9256,-5.6293,loss_of_function,-2.34483838399021,0.7608488340062969,Pathogenic,0.1661,benign,https://doi.org/10.1101/2022.10.22.513328
L768P,7.64316,11.76293,7.648328473428127,Destabilizing,Destabilizing,12.3,,,,mutations_clinvar,,False,12.3,,,,neutral,neutral,neutral,DOWN,neutral,neutral,neutral,556171,Conflicting interpretations of pathogenicity,1,90.13,I,-0.4723,0.2916,-21.4972,loss_of_function,-6.8201156244316,0.9162664148126852,Pathogenic,0.9306,pathogenic,https://doi.org/10.1101/2022.10.22.513328
L769F,3.33051,3.56837,1.4717585456747575,Destabilizing,Uncertain,0.2,,,,mutations_clinvar,,False,0.2,,,,neutral,neutral,neutral,UP,neutral,neutral,neutral,647356,Uncertain significance,2,89.95,I,-0.0982,1.6872,-2.7451,loss_of_function,-2.64347681181073,0.7538190896070407,Pathogenic,0.2811,benign,https://doi.org/10.1101/2022.10.22.513328
L769V,2.01534,1.46599,2.331678062144351,Uncertain,Uncertain,0.2,,,,mutations_clinvar,,False,0.2,,,,neutral,neutral,neutral,DOWN,neutral,neutral,neutral,950523,Uncertain significance,1,89.95,I,-0.0979,1.6872,-7.2045,loss_of_function,-3.27462464156334,0.9075862599548142,Pathogenic,0.1987,benign,https://doi.org/10.1101/2022.10.22.513328
R770C,1.9119,2.05102,1.4379811300691148,Uncertain,Neutral,21.4,6.37064407212e-05,0.0000095995085052,0.180,"COSMIC,mutations_clinvar",,False,21.4,,,,neutral,neutral,neutral,DOWN,neutral,neutral,neutral,1338065,Uncertain significance,2,83.33,I,-0.0923,2.5109,-3.546,loss_of_function,-0.559360526934093,0.0028194752328237,Benign,0.0803,benign,https://doi.org/10.1101/2022.10.22.513328
R770H,2.33553,0.96905,0.8322338508731425,Uncertain,Uncertain,21.4,0.0001274697259401,0.0000482211227806,0.209,"cBioPortal,COSMIC,mutations_clinvar",,False,21.4,,,,neutral,neutral,neutral,DOWN,neutral,neutral,neutral,1035228,Conflicting interpretations of pathogenicity,1,83.33,I,-0.044,2.5109,-1.7469,loss_of_function,0.0747402875764948,1.0201464673251885e-08,Benign,0.0616,benign,https://doi.org/10.1101/2022.10.22.513328
R770P,5.24044,7.8915,7.128306511144775,Destabilizing,Destabilizing,21.4,,,0.540,cBioPortal,,False,21.4,,,,neutral,neutral,neutral,DOWN,neutral,neutral,neutral,,,,83.33,I,-0.2492,2.5109,-8.1897,loss_of_function,-3.07674924215243,0.388500935908888,Uncertain,0.3311,benign,https://doi.org/10.1101/2022.10.22.513328
G773A,4.70121,0.41531,0.6733126001689754,Uncertain,Uncertain,0.0,,,0.526,cBioPortal,,False,0.0,,,,neutral,neutral,neutral,UP,neutral,neutral,neutral,,,,84.84,G,-0.2089,0.8894,-4.0346,loss_of_function,-2.67215347897268,0.7966878380044393,Pathogenic,0.3317,benign,https://doi.org/10.1101/2022.10.22.513328
G773C,6.6588,5.88639,2.8778726235168,Destabilizing,Uncertain,0.0,,,0.632,"cBioPortal,COSMIC",,False,0.0,,,,neutral,neutral,neutral,UP,neutral,neutral,neutral,,,,84.84,G,-0.29,0.8894,-8.2044,loss_of_function,-4.28149409380875,0.8588934895141858,Pathogenic,0.6049,pathogenic,https://doi.org/10.1101/2022.10.22.513328
G773D,10.10213,5.24694,5.064354722776971,Destabilizing,Destabilizing,0.0,,,,mutations_clinvar,,False,0.0,,,,neutral,neutral,neutral,UP,neutral,neutral,neutral,1462832,Uncertain significance,1,84.84,G,-0.2854,0.8894,-7.2045,loss_of_function,-5.47681267092016,0.919044646179944,Pathogenic,0.7892,pathogenic,https://doi.org/10.1101/2022.10.22.513328
P774L,1.82106,-1.5398,-0.61023592397356,Neutral,Neutral,42.2,,0.0000080641259294,0.417,"cBioPortal,COSMIC",,False,42.2,,,,neutral,neutral,neutral,UP,neutral,neutral,neutral,,,,82.68,G,-0.1243,1.8182,-5.6245,loss_of_function,-3.03803605048755,0.8543501588464565,Pathogenic,0.142,benign,https://doi.org/10.1101/2022.10.22.513328
P774R,1.74851,-0.16633,-0.4282873790971514,Neutral,Neutral,42.2,,,0.458,COSMIC,,False,42.2,,,,neutral,neutral,neutral,UP,neutral,neutral,neutral,,,,82.68,G,-0.2264,1.8182,-21.4972,loss_of_function,-5.41835382430072,0.8708662219315968,Pathogenic,0.1655,benign,https://doi.org/10.1101/2022.10.22.513328
P774S,2.35087,-0.51293,-0.0741345549161653,Uncertain,Uncertain,42.2,,,0.179,"cBioPortal,COSMIC,mutations_clinvar",,False,42.2,,,,neutral,neutral,neutral,DOWN,neutral,neutral,neutral,2165834,Uncertain significance,1,82.68,G,-0.06,1.8182,-2.6245,loss_of_function,-1.47728684191461,0.0887012469285734,Benign,0.1254,benign,https://doi.org/10.1101/2022.10.22.513328
S775R,0.06659,0.66224,-0.4248966384951452,Neutral,Neutral,86.4,,,,mutations_clinvar,,False,86.4,,,,uncertain,,,UP,neutral,neutral,neutral,1021734,Uncertain significance,1,84.31,G,-0.1516,1.5321,-6.2094,loss_of_function,-2.37973771991006,0.0806235723300843,Benign,0.2215,benign,https://doi.org/10.1101/2022.10.22.513328
S775T,0.30275,0.07449,0.0512382254128696,Neutral,Neutral,86.4,,,,mutations_clinvar,,False,86.4,,,,neutral,,,UP,neutral,neutral,neutral,998183,Uncertain significance,1,84.31,G,-0.0484,1.5321,-6.2094,loss_of_function,-1.68795465173445,0.3322743966504583,Uncertain,0.0959,benign,https://doi.org/10.1101/2022.10.22.513328
A778T,-0.23566,5.46735,0.3811398856326387,Uncertain,Neutral,85.0,,0.0000040101697906,0.089,"cBioPortal,COSMIC,mutations_clinvar",,False,85.0,,,,neutral,neutral,neutral,UP,neutral,neutral,neutral,1417645,Uncertain significance,1,83.84,H,-0.0116,2.243,-3.9566,loss_of_function,-0.695138078356901,0.0116763482047802,Benign,0.0803,benign,https://doi.org/10.1101/2022.10.22.513328
A778V,0.01701,5.56293,0.0994092275633101,Uncertain,Neutral,85.0,,0.0000080153253020,0.188,"cBioPortal,COSMIC,mutations_clinvar",,False,85.0,,,,neutral,neutral,neutral,UP,neutral,neutral,neutral,1485875,Uncertain significance,1,83.84,H,-0.0222,2.243,-6.6196,loss_of_function,-1.99955834923075,0.7462891085308687,Pathogenic,0.1067,benign,https://doi.org/10.1101/2022.10.22.513328
P779A,1.51721,-0.44456,-0.2785074448326463,Neutral,Neutral,49.1,,,0.051,cBioPortal,,False,49.1,,,,neutral,neutral,neutral,DOWN,neutral,neutral,neutral,,,,84.84,H,0.0022,2.4186,-1.2046,gain_of_function,-0.833961666114988,3.799750625856402e-05,Benign,0.0581,benign,https://doi.org/10.1101/2022.10.22.513328
P779L,0.7161,-0.88878,-1.1208632658310502,Neutral,Neutral,49.1,,,,mutations_clinvar,,False,49.1,,,,neutral,neutral,neutral,UP,neutral,neutral,neutral,1439568,Uncertain significance,1,84.84,H,-0.0771,2.4186,-7.2045,loss_of_function,-2.75296732347597,0.005516585478178,Benign,0.1129,benign,https://doi.org/10.1101/2022.10.22.513328
H780Y,-1.25245,-0.8534,0.173280820081445,Neutral,Neutral,48.3,,,0.556,COSMIC,,False,48.3,,,,neutral,neutral,neutral,UP,neutral,neutral,neutral,,,,89.69,H,-0.2225,0.4624,-21.4972,loss_of_function,-3.99308150684003,0.9147213084754836,Pathogenic,0.3501,ambiguous,https://doi.org/10.1101/2022.10.22.513328
V781L,-1.16881,0.29558,0.5130989420143806,Neutral,Neutral,8.3,,,,mutations_clinvar,,False,8.3,,,,neutral,neutral,neutral,UP,neutral,neutral,neutral,838231,Uncertain significance,1,89.63,H,-0.1171,1.5439,-4.122,loss_of_function,-0.92417186788201,0.2954779636813355,Benign,0.2395,benign,https://doi.org/10.1101/2022.10.22.513328
V781M,-0.76493,1.48741,1.0303413913761268,Neutral,Neutral,8.3,,,,mutations_clinvar,,False,8.3,,,,neutral,neutral,neutral,UP,neutral,neutral,neutral,1423661,Uncertain significance,1,89.63,H,-0.1419,1.5439,-7.2094,loss_of_function,-2.87837727430078,0.8991564569970976,Pathogenic,0.2632,benign,https://doi.org/10.1101/2022.10.22.513328
L782R,2.56485,4.01463,1.7284669953902971,Uncertain,Uncertain,8.5,,,,mutations_clinvar,,False,8.5,,,,neutral,neutral,neutral,UP,neutral,neutral,neutral,839232,Uncertain significance,1,87.69,H,-0.3171,1.0774,-5.8875,loss_of_function,-6.25286842294064,0.9024834344715432,Pathogenic,0.2948,benign,https://doi.org/10.1101/2022.10.22.513328
G783A,1.41563,-0.54796,-0.8396342192188555,Neutral,Neutral,0.0,,,0.648,cBioPortal,,False,0.0,,,,neutral,neutral,neutral,UP,neutral,neutral,neutral,,,,90.64,H,-0.281,0.2498,-6.6245,loss_of_function,-5.76290370013402,0.9005149986883942,Pathogenic,0.483,ambiguous,https://doi.org/10.1101/2022.10.22.513328
G783E,12.46711,3.93401,2.6686261584657505,Destabilizing,Uncertain,0.0,,,0.703,"cBioPortal,COSMIC",,False,0.0,,,,neutral,neutral,neutral,UP,neutral,neutral,neutral,,,,90.64,H,-0.4165,0.2498,-21.4972,loss_of_function,-6.81686369649868,0.9085640488643604,Pathogenic,0.9279,pathogenic,https://doi.org/10.1101/2022.10.22.513328
G783V,11.22424,0.80374,0.7442055684193855,Uncertain,Uncertain,0.0,,,,mutations_clinvar,,False,0.0,,,,neutral,neutral,neutral,UP,neutral,neutral,neutral,974033,Pathogenic,0,90.64,H,-0.4437,0.2498,-21.4972,loss_of_function,-6.81686369649868,0.9140110973575292,Pathogenic,0.819,pathogenic,https://doi.org/10.1101/2022.10.22.513328
G783W,26.16034,4.24082,2.5081436483948543,Destabilizing,Uncertain,0.0,,,0.678,"cBioPortal,COSMIC",,False,0.0,,,,neutral,neutral,neutral,UP,neutral,neutral,neutral,,,,90.64,H,-0.4545,0.2498,-21.4972,loss_of_function,-6.81686369649868,0.9097298366876668,Pathogenic,0.9312,pathogenic,https://doi.org/10.1101/2022.10.22.513328
A785S,0.87947,2.12959,1.1970647442095286,Uncertain,Neutral,0.0,,,0.493,cBioPortal,,False,0.0,,,,neutral,neutral,neutral,-,uncertain,uncertain,uncertain,,,,92.08,H,-0.1667,0.5294,-4.6245,loss_of_function,-2.08612788846263,0.6777231775204187,Uncertain,0.2027,benign,https://doi.org/10.1101/2022.10.22.513328
A786S,0.89,1.82075,1.605026568407482,Neutral,Neutral,0.0,,,0.504,cBioPortal,,False,0.0,,,,neutral,neutral,neutral,-,uncertain,uncertain,uncertain,,,,90.47,H,-0.136,0.9332,-5.8875,loss_of_function,-3.2242249246532,0.9140550401734664,Pathogenic,0.1808,benign,https://doi.org/10.1101/2022.10.22.513328
A786V,4.17442,-0.18299,0.5872679091477273,Uncertain,Uncertain,0.0,,,0.612,"cBioPortal,COSMIC",,False,0.0,,,,neutral,neutral,neutral,UP,neutral,neutral,neutral,,,,90.47,H,-0.1228,0.9332,-2.7176,loss_of_function,-2.38700451411166,0.369131127601518,Uncertain,0.1822,benign,https://doi.org/10.1101/2022.10.22.513328
A788P,4.57467,8.33844,7.352111534386023,Destabilizing,Destabilizing,3.2,,,,mutations_clinvar,,False,3.2,,,,neutral,neutral,neutral,UP,neutral,neutral,neutral,974035,Pathogenic,0,91.03,H,-0.2549,2.21,-21.4972,loss_of_function,-3.76081176024024,0.8807249645167988,Pathogenic,0.822,pathogenic,https://doi.org/10.1101/2022.10.22.513328
A788V,1.18285,0.00238,0.5527014528467328,Neutral,Neutral,3.2,,0.0000039938016199,0.106,cBioPortal,,False,3.2,,,,neutral,neutral,neutral,UP,neutral,neutral,neutral,,,,91.03,H,0.002,2.21,-1.2906,gain_of_function,-0.485952834933442,0.0003473952723115,Benign,0.1185,benign,https://doi.org/10.1101/2022.10.22.513328
V789M,1.13249,3.97551,1.8847104180111909,Uncertain,Neutral,0.0,,0.0000039915379396,0.390,"cBioPortal,mutations_clinvar",,False,0.0,,,,neutral,neutral,neutral,UP,neutral,neutral,neutral,1489534,Uncertain significance,2,89.36,H,-0.2286,1.3948,-21.4972,loss_of_function,-3.53230951609839,0.8854168513959166,Pathogenic,0.2623,benign,https://doi.org/10.1101/2022.10.22.513328
H790D,0.81877,2.34014,2.258394992479116,Uncertain,Uncertain,0.8,,,,mutations_clinvar,,False,0.8,,,,neutral,neutral,neutral,DOWN,neutral,neutral,neutral,937808,Uncertain significance,1,89.17,H,-0.2045,0.7407,-8.2093,loss_of_function,-3.47407284651162,0.9137915224739356,Pathogenic,0.7609,pathogenic,https://doi.org/10.1101/2022.10.22.513328
H790Y,-1.12266,0.00442,-0.290456531810781,Neutral,Neutral,0.8,,,,mutations_clinvar,,False,0.8,,,,neutral,neutral,neutral,UP,neutral,neutral,neutral,2169718,Uncertain significance,1,89.17,H,-0.1159,0.7407,-5.6245,loss_of_function,-3.93062498026733,0.9191614607428562,Pathogenic,0.3016,benign,https://doi.org/10.1101/2022.10.22.513328
L791V,3.59452,1.57721,2.9142696897739784,Uncertain,Uncertain,0.0,,,,mutations_clinvar,,False,0.0,,,,neutral,neutral,neutral,DOWN,neutral,neutral,neutral,2112165,Uncertain significance,1,87.77,H,-0.2102,0.4672,-7.2094,loss_of_function,-2.4860257349505,0.9051786981284432,Pathogenic,0.1649,benign,https://doi.org/10.1101/2022.10.22.513328
G792R,11.53735,7.32755,-0.0108267056192007,Destabilizing,Uncertain,0.0,,0.0000039885448990,0.322,cBioPortal,,False,0.0,,,,neutral,neutral,neutral,UP,neutral,neutral,neutral,,,,85.68,H,-0.1466,2.6289,-8.1897,loss_of_function,-2.05248293124185,0.177395682170509,Benign,0.4815,ambiguous,https://doi.org/10.1101/2022.10.22.513328
E793K,-0.70804,1.01599,0.3422353793896232,Neutral,Neutral,34.6,,0.0000159540523293,0.459,cBioPortal,,False,34.6,,,,neutral,neutral,neutral,UP,neutral,neutral,neutral,,,,83.8,H,-0.0899,1.8801,-6.5999,loss_of_function,-2.15902265538289,0.5459323631723144,Uncertain,0.1482,benign,https://doi.org/10.1101/2022.10.22.513328
R795G,1.62986,0.94932,2.2352563066597555,Neutral,Uncertain,62.2,,,,mutations_clinvar,,False,62.2,,,,neutral,neutral,neutral,DOWN,neutral,neutral,neutral,1025250,Likely benign,1,76.76,G,-0.1272,2.4258,-3.6613,loss_of_function,-1.25257550494916,0.0002378077920198,Benign,0.0703,benign,https://doi.org/10.1101/2022.10.22.513328
S796F,0.0908,-0.56259,-0.2502333087401809,Neutral,Neutral,109.7,,,0.321,COSMIC,,False,109.7,,,,uncertain,,,UP,neutral,neutral,neutral,,,,71.63,G,-0.075,2.301,-8.1648,loss_of_function,-2.27018468442506,0.869892316394863,Pathogenic,0.1172,benign,https://doi.org/10.1101/2022.10.22.513328
A797V,0.64958,-0.31224,-0.4601028343158087,Neutral,Neutral,75.1,0.0001912167760852,0.0002351609457456,0.168,"cBioPortal,COSMIC,mutations_clinvar",,False,75.1,,,,neutral,neutral,neutral,UP,neutral,neutral,neutral,526333,Conflicting interpretations of pathogenicity,1,70.91,G,0.0814,3.1699,-3.0406,gain_of_function,-0.0376781386931659,1.4710331117904854e-08,Benign,0.0638,benign,https://doi.org/10.1101/2022.10.22.513328
P799A,2.07482,0.91224,0.517647813651691,Uncertain,Uncertain,23.7,,,0.379,"COSMIC,mutations_clinvar",,False,23.7,,,,neutral,neutral,neutral,DOWN,neutral,neutral,neutral,1411687,Uncertain significance,1,77.95,-,-0.1857,0.7615,-8.1547,loss_of_function,-4.63706503683508,0.9162110211376312,Pathogenic,0.1551,benign,https://doi.org/10.1101/2022.10.22.513328
P799S,2.86884,1.89388,1.0438467912358989,Uncertain,Uncertain,23.7,6.37226789014e-05,0.0000597623847582,0.337,"cBioPortal,mutations_clinvar",,False,23.7,,,,neutral,neutral,neutral,DOWN,neutral,neutral,neutral,321347,Conflicting interpretations of pathogenicity,1,77.95,-,-0.1701,0.7615,-5.1548,loss_of_function,-2.04628095026904,0.7122035711982526,Pathogenic,0.2441,benign,https://doi.org/10.1101/2022.10.22.513328
E800A,0.28202,0.00374,0.2754670924649027,Neutral,Neutral,56.7,,,0.157,COSMIC,,False,56.7,,,,neutral,neutral,neutral,DOWN,neutral,neutral,neutral,,,,80.26,E,0.0092,2.6366,-5.1447,gain_of_function,-1.31228737020544,0.5344299587164694,Uncertain,0.0916,benign,https://doi.org/10.1101/2022.10.22.513328
E800D,0.98391,0.21293,0.2554429946339021,Neutral,Neutral,56.7,,,0.274,cBioPortal,,False,56.7,,,,neutral,neutral,neutral,DOWN,neutral,neutral,neutral,,,,80.26,E,0.0458,2.6366,-4.6852,gain_of_function,-0.668126587456864,0.0505923907252733,Benign,0.1236,benign,https://doi.org/10.1101/2022.10.22.513328
E800G,1.11392,1.17789,0.9859188982104397,Neutral,Neutral,56.7,,,,mutations_clinvar,,False,56.7,,,,neutral,neutral,neutral,DOWN,neutral,neutral,neutral,990014,Uncertain significance,1,80.26,E,-0.0149,2.6366,-4.8227,loss_of_function,-1.87216223017288,0.5843175532021995,Uncertain,0.1149,benign,https://doi.org/10.1101/2022.10.22.513328
E800K,-0.00634,0.1034,0.1614526036648822,Neutral,Neutral,56.7,,,0.083,cBioPortal,,False,56.7,,,,neutral,neutral,neutral,UP,neutral,neutral,neutral,,,,80.26,E,-0.0073,2.6366,-4.0572,loss_of_function,-0.667377054227317,0.1708193041609766,Benign,0.0867,benign,https://doi.org/10.1101/2022.10.22.513328
E800V,0.74832,0.21088,-0.1366991285500363,Neutral,Neutral,56.7,,,,mutations_clinvar,,False,56.7,,,,neutral,neutral,neutral,-,uncertain,uncertain,uncertain,1463772,Uncertain significance,1,80.26,E,-0.0193,2.6366,-8.1445,loss_of_function,-1.07755144683479,0.7766756304895299,Pathogenic,0.1309,benign,https://doi.org/10.1101/2022.10.22.513328
V801E,5.90618,4.41633,4.588379354915138,Destabilizing,Destabilizing,0.0,,,,mutations_clinvar,,False,0.0,,,,neutral,neutral,neutral,-,uncertain,uncertain,uncertain,836880,Uncertain significance,1,77.51,E,-0.3936,0.8384,-21.4324,loss_of_function,-5.66093900532546,0.9158695256786826,Pathogenic,0.7334,pathogenic,https://doi.org/10.1101/2022.10.22.513328
V803E,2.31184,4.18129,1.9033334215417983,Uncertain,Uncertain,10.2,,,0.265,"cBioPortal,COSMIC",,False,10.2,,,,neutral,neutral,neutral,-,uncertain,uncertain,uncertain,,,,65.98,E,-0.2394,2.5128,-21.4118,loss_of_function,-4.28322149105477,0.3376338328195748,Uncertain,0.1714,benign,https://doi.org/10.1101/2022.10.22.513328
V803M,-0.84097,2.38844,0.9087987854622062,Uncertain,Neutral,10.2,,,,mutations_clinvar,,False,10.2,,,,neutral,neutral,neutral,UP,neutral,neutral,neutral,859462,Uncertain significance,1,65.98,E,-0.0421,2.5128,-5.1241,loss_of_function,-0.622633411830602,0.006267321360738,Benign,0.0965,benign,https://doi.org/10.1101/2022.10.22.513328
G804C,0.15175,0.57313,1.039921147108032,Neutral,Neutral,81.3,,,,mutations_clinvar,,False,81.3,,,,neutral,neutral,neutral,UP,neutral,neutral,stabilizing,1319524,Uncertain significance,1,57.58,T,-0.095,2.8251,-4.9069,loss_of_function,-1.44305172543429,0.3648317659181636,Uncertain,0.1163,benign,https://doi.org/10.1101/2022.10.22.513328
G804D,0.49093,0.22279,0.5879414604456878,Neutral,Neutral,81.3,,,0.140,"cBioPortal,COSMIC",,False,81.3,,,,neutral,neutral,neutral,UP,neutral,neutral,stabilizing,,,,57.58,T,-0.0985,2.8251,-5.4918,loss_of_function,-1.4750642283088,0.4507673597136384,Uncertain,0.1141,benign,https://doi.org/10.1101/2022.10.22.513328
G804S,0.10626,-0.93401,0.4653874669026459,Neutral,Neutral,81.3,,,0.089,"cBioPortal,COSMIC",,False,81.3,,,,neutral,neutral,neutral,UP,neutral,neutral,stabilizing,,,,57.58,T,-0.0287,2.8251,-2.4621,loss_of_function,-0.775818849695438,0.006679836015688,Benign,0.087,benign,https://doi.org/10.1101/2022.10.22.513328
P805L,0.7884,0.7881,-0.0590999477762566,Neutral,Neutral,90.0,,0.0000039822867884,0.140,"cBioPortal,mutations_clinvar",,False,90.0,,,,neutral,neutral,neutral,UP,neutral,neutral,stabilizing,1468106,Uncertain significance,1,52.8,T,-0.0257,2.8328,-4.5904,loss_of_function,-0.80372343881584,0.0520283395527551,Benign,0.0628,benign,https://doi.org/10.1101/2022.10.22.513328
P805R,0.52615,1.59694,0.1774743793743005,Neutral,Neutral,90.0,,0.0000039822867884,0.219,"cBioPortal,COSMIC",,False,90.0,,,,neutral,neutral,neutral,UP,neutral,neutral,stabilizing,,,,52.8,T,-0.0593,2.8328,-7.0498,loss_of_function,-1.0587730865162,0.4322073923360877,Uncertain,0.075,benign,https://doi.org/10.1101/2022.10.22.513328
P805S,1.18728,0.95748,0.247787514967987,Neutral,Neutral,90.0,3.18572793883e-05,0.0000278786720194,0.137,"cBioPortal,mutations_clinvar",,False,90.0,,,,neutral,neutral,neutral,DOWN,neutral,neutral,neutral,658367,Uncertain significance,1,52.8,T,0.0294,2.8328,-3.406,gain_of_function,-0.799782164291522,0.0031537109537015,Benign,0.0722,benign,https://doi.org/10.1101/2022.10.22.513328
P806L,-0.53775,0.02993,-0.3760074547119352,Neutral,Neutral,51.0,,0.0000079647638846,0.143,"cBioPortal,COSMIC,mutations_clinvar",,False,51.0,,,,neutral,neutral,neutral,UP,neutral,neutral,neutral,1042931,Uncertain significance,1,43.64,T,-0.0762,2.2529,-4.0263,loss_of_function,-1.32488150965712,0.0163140121063737,Benign,0.0685,benign,https://doi.org/10.1101/2022.10.22.513328
P806S,0.27241,1.81361,-0.2772222852178441,Neutral,Neutral,51.0,,0.0000039821599235,0.104,"cBioPortal,COSMIC",,False,51.0,,,,neutral,neutral,neutral,DOWN,neutral,neutral,neutral,,,,43.64,T,-0.0227,2.2529,-3.1596,loss_of_function,-0.467838669389794,0.0297296322826959,Benign,0.064,benign,https://doi.org/10.1101/2022.10.22.513328
A807T,0.53968,4.45034,0.2526989282908043,Uncertain,Neutral,32.5,,,,mutations_clinvar,,False,32.5,,,,neutral,neutral,neutral,UP,neutral,neutral,neutral,1420989,Uncertain significance,1,46.59,S,0.0386,2.7762,-3.7318,gain_of_function,-0.535052072720479,0.0007522206982567,Benign,0.0756,benign,https://doi.org/10.1101/2022.10.22.513328
A807V,-0.76812,5.79932,-0.2390610430453887,Uncertain,Neutral,32.5,,,,mutations_clinvar,,False,32.5,,,,neutral,neutral,neutral,UP,neutral,neutral,neutral,1337328,Uncertain significance,2,46.59,S,0.0504,2.7762,-2.0156,gain_of_function,-0.663829702880234,0.0135655614455164,Benign,0.072,benign,https://doi.org/10.1101/2022.10.22.513328
P808A,0.5963,1.3398,-0.0032563829984821,Neutral,Neutral,95.3,,,,mutations_clinvar,,False,95.3,,,,neutral,neutral,neutral,DOWN,neutral,neutral,neutral,1371740,Uncertain significance,1,43.94,-,-0.0195,2.3353,-3.9594,loss_of_function,-0.421962166979244,0.1401248334866739,Benign,0.0563,benign,https://doi.org/10.1101/2022.10.22.513328
P808S,0.74041,0.97415,-0.1706317107076854,Neutral,Neutral,95.3,,,0.122,"cBioPortal,COSMIC",,False,95.3,,,,neutral,neutral,neutral,DOWN,neutral,neutral,neutral,,,,43.94,-,-0.0168,2.3353,-3.4854,loss_of_function,-0.816541129375815,0.0026044884815428,Benign,0.0698,benign,https://doi.org/10.1101/2022.10.22.513328
G809D,0.27328,-0.41565,-0.0480468153591134,Neutral,Neutral,88.7,0.4728909892074845,0.4726529506446318,0.198,"cBioPortal,COSMIC,mutations_clinvar",,False,88.7,,,,neutral,neutral,neutral,UP,neutral,neutral,stabilizing,"2059246, 134254","Likely benign, Benign/Likely benign","1, 2",51.62,S,-0.0476,3.2844,-3.7918,loss_of_function,0.247971729853943,2.8643033849076314e-10,Benign,0.0669,benign,https://doi.org/10.1101/2022.10.22.513328
A810G,0.28016,0.63333,0.5398148153071383,Neutral,Neutral,97.8,,,,mutations_clinvar,,False,97.8,,,,neutral,neutral,neutral,DOWN,neutral,neutral,neutral,1000262,Uncertain significance,1,56.04,S,0.0794,3.4471,-3.3744,gain_of_function,-0.529802857973644,1.241591491379259e-16,Benign,0.0745,benign,https://doi.org/10.1101/2022.10.22.513328
A810S,-0.01539,-0.21939,-0.0423309122963011,Neutral,Neutral,97.8,,,,mutations_clinvar,,False,97.8,,,,neutral,neutral,neutral,-,uncertain,uncertain,uncertain,1055943,Uncertain significance,1,56.04,S,0.1076,3.4471,-3.4854,gain_of_function,-0.522231895727839,2.4031707376147842e-14,Benign,0.0824,benign,https://doi.org/10.1101/2022.10.22.513328
G811D,2.89387,0.8517,1.2472661511084844,Uncertain,Uncertain,0.0,,,,mutations_clinvar,,False,0.0,,,,neutral,neutral,neutral,UP,neutral,neutral,neutral,408167,Conflicting interpretations of pathogenicity,1,63.11,-,-0.0697,3.1078,-4.9386,loss_of_function,-1.03054714476038,0.0140042541137628,Benign,0.1153,benign,https://doi.org/10.1101/2022.10.22.513328
L812P,3.26909,7.89558,5.846657370437038,Destabilizing,Destabilizing,38.9,,,0.529,COSMIC,,False,38.9,,,,neutral,neutral,neutral,DOWN,neutral,neutral,neutral,,,,74.45,B,-0.2662,1.7357,-7.1446,loss_of_function,-4.16026076857165,0.8942645461859853,Pathogenic,0.2117,benign,https://doi.org/10.1101/2022.10.22.513328
L812R,0.58171,2.74762,1.480378845650628,Uncertain,Neutral,38.9,,,,mutations_clinvar,,False,38.9,,,,neutral,neutral,neutral,UP,neutral,neutral,neutral,854276,Uncertain significance,1,74.45,B,-0.2562,1.7357,-5.8227,loss_of_function,-3.63566583388551,0.9079922776422064,Pathogenic,0.1063,benign,https://doi.org/10.1101/2022.10.22.513328
P813S,2.18567,1.44354,0.5446632494018602,Uncertain,Uncertain,35.1,,,0.125,"cBioPortal,COSMIC,mutations_clinvar",,False,35.1,,,,neutral,neutral,neutral,DOWN,neutral,neutral,neutral,937600,Uncertain significance,1,81.47,-,-0.0418,1.9443,-1.3322,loss_of_function,-0.599119222094202,7.872465528682202e-08,Benign,0.0794,benign,https://doi.org/10.1101/2022.10.22.513328
V814F,4.9847,7.3432,2.9346469381542266,Destabilizing,Uncertain,0.1,,,0.351,cBioPortal,,False,0.1,,,,neutral,neutral,neutral,UP,neutral,neutral,neutral,,,,82.22,H,-0.1339,2.1861,-4.005,loss_of_function,-1.7528209244556,0.0072860221598503,Benign,0.1625,benign,https://doi.org/10.1101/2022.10.22.513328
P815L,2.6645,-3.08231,-0.8203332185717593,Uncertain,Uncertain,8.1,,,,mutations_clinvar,,False,8.1,,,,neutral,neutral,neutral,UP,neutral,neutral,neutral,2057490,Uncertain significance,1,82.81,H,-0.0437,2.7074,-5.858,loss_of_function,-2.15357347737647,0.7943915821980286,Pathogenic,0.1204,benign,https://doi.org/10.1101/2022.10.22.513328
P815R,3.17002,-1.10578,-0.2839479098898811,Uncertain,Uncertain,8.1,,,,mutations_clinvar,,False,8.1,,,,neutral,neutral,neutral,UP,neutral,neutral,neutral,1199273,Uncertain significance,1,82.81,H,-0.0664,2.7074,-6.1799,loss_of_function,-2.79435464946651,0.8663321201781704,Pathogenic,0.2452,benign,https://doi.org/10.1101/2022.10.22.513328
P815S,3.41709,-1.15204,0.6358808782310018,Uncertain,Uncertain,8.1,,,0.288,cBioPortal,,False,8.1,,,,neutral,neutral,neutral,DOWN,neutral,neutral,neutral,,,,82.81,H,0.025,2.7074,-2.01,gain_of_function,-1.33481833868783,0.2222928495078668,Benign,0.1245,benign,https://doi.org/10.1101/2022.10.22.513328
A816P,-0.69176,6.19184,6.250779886084247,Uncertain,Uncertain,35.0,,,0.184,cBioPortal,,False,35.0,,,,neutral,neutral,neutral,UP,neutral,neutral,neutral,,,,81.89,H,-0.2919,1.8062,-21.4676,loss_of_function,-4.84490074291699,0.0006239789813649,Benign,0.2061,benign,https://doi.org/10.1101/2022.10.22.513328
A816V,0.18089,0.26429,-0.4348947278230786,Neutral,Neutral,35.0,,0.0000437915522115,0.189,"cBioPortal,COSMIC,mutations_clinvar",,False,35.0,,,,neutral,neutral,neutral,UP,neutral,neutral,neutral,1041210,Uncertain significance,1,81.89,H,-0.0601,1.8062,-6.1799,loss_of_function,-4.84490074291699,0.0039298333134333,Benign,0.0866,benign,https://doi.org/10.1101/2022.10.22.513328
L817H,2.2882,2.12177,2.7220251640918813,Uncertain,Uncertain,0.3,,,,mutations_clinvar,,False,0.3,,,,neutral,neutral,neutral,DOWN,neutral,neutral,neutral,972548,Uncertain significance,1,83.16,H,-0.1654,2.3869,-7.1798,loss_of_function,-1.47249286663713,0.0983415588549902,Benign,0.3929,ambiguous,https://doi.org/10.1101/2022.10.22.513328
L817P,2.79794,8.29966,8.532525760767843,Uncertain,Uncertain,0.3,,,0.540,"cBioPortal,mutations_clinvar",,False,0.3,,,,neutral,neutral,neutral,DOWN,neutral,neutral,neutral,974036,Pathogenic,0,83.16,H,-0.2793,2.3869,-21.4676,loss_of_function,-4.5961691088182,0.062493599816298,Benign,0.6086,pathogenic,https://doi.org/10.1101/2022.10.22.513328
F818I,1.37004,1.80816,1.9406950353457268,Neutral,Neutral,2.3,,,0.271,COSMIC,,False,2.3,,,,neutral,neutral,neutral,DOWN,neutral,neutral,neutral,,,,87.28,H,-0.0938,2.2684,-4.4645,loss_of_function,-0.997862689991062,0.1640812740892308,Benign,0.1643,benign,https://doi.org/10.1101/2022.10.22.513328
F818L,1.61949,2.67619,1.5995998945950645,Uncertain,Neutral,2.3,,,0.232,COSMIC,,False,2.3,,,,neutral,neutral,neutral,DOWN,neutral,neutral,neutral,,,,87.28,H,-0.0406,2.2684,-1.4645,loss_of_function,-0.920503646981923,1.1556216915009606e-11,Benign,0.4797,ambiguous,https://doi.org/10.1101/2022.10.22.513328
D819H,0.80977,1.20544,-0.2860056623799067,Neutral,Neutral,33.8,,,,mutations_clinvar,,False,33.8,,,,neutral,neutral,neutral,UP,neutral,neutral,neutral,2097560,Uncertain significance,1,85.4,H,-0.045,2.5659,-7.1699,loss_of_function,-1.31645555861544,0.2627892081967432,Benign,0.2174,benign,https://doi.org/10.1101/2022.10.22.513328
D819V,-0.61512,0.18061,-0.4205494216468713,Neutral,Neutral,33.8,,,,mutations_clinvar,,False,33.8,,,,neutral,neutral,neutral,UP,neutral,neutral,neutral,951809,Uncertain significance,1,85.4,H,-0.0827,2.5659,-7.1699,loss_of_function,-2.05743776111929,0.0685362546920549,Benign,0.3535,ambiguous,https://doi.org/10.1101/2022.10.22.513328
S820N,-0.13837,-0.01599,-0.2687349404026523,Neutral,Neutral,23.0,,,,mutations_clinvar,,False,23.0,,,,uncertain,,,UP,neutral,neutral,neutral,1508659,Uncertain significance,2,81.47,H,0.067,3.0399,-4.585,gain_of_function,-0.636770958565893,0.0799621751757178,Benign,0.0897,benign,https://doi.org/10.1101/2022.10.22.513328
L821F,0.54864,3.52041,1.356203116800171,Uncertain,Neutral,0.2,,,,cBioPortal,,False,0.2,,,,neutral,neutral,neutral,UP,neutral,neutral,neutral,,,,84.43,H,-0.1381,1.4113,-5.5799,loss_of_function,-3.51873127440289,0.7072407366726079,Pathogenic,0.1607,benign,https://doi.org/10.1101/2022.10.22.513328
L822Q,3.05975,2.64626,3.204886357558108,Uncertain,Destabilizing,0.9,,,0.762,cBioPortal,,False,0.9,,,,neutral,neutral,neutral,DOWN,neutral,neutral,neutral,,,,87.86,-,-0.3808,0.6037,-21.4676,loss_of_function,-6.32074761611558,0.919024761884753,Pathogenic,0.7075,pathogenic,https://doi.org/10.1101/2022.10.22.513328
T823S,-0.33318,0.34864,1.1163140605452129,Neutral,Neutral,28.1,,,,mutations_clinvar,,False,28.1,,,,neutral,,,DOWN,neutral,neutral,neutral,943370,Uncertain significance,1,83.34,-,0.0702,2.8483,-3.7055,gain_of_function,-0.677302596985977,0.0001377331203536,Benign,0.0992,benign,https://doi.org/10.1101/2022.10.22.513328
C824R,4.83638,7.27109,3.957303867922992,Destabilizing,Destabilizing,0.2,,,0.514,cBioPortal,,False,0.2,,,,neutral,neutral,neutral,UP,neutral,neutral,neutral,,,,85.05,-,-0.4198,1.315,-21.4626,loss_of_function,-5.35780907205087,0.9026106576002042,Pathogenic,0.4573,ambiguous,https://doi.org/10.1101/2022.10.22.513328
R825K,0.14047,-0.55986,0.4665833884555187,Neutral,Neutral,24.7,,,,mutations_clinvar,,False,24.7,,,,neutral,neutral,neutral,-,uncertain,uncertain,uncertain,972547,Uncertain significance,2,82.33,S,0.0084,2.4852,-6.5949,gain_of_function,-1.07991998148861,0.1577541900231774,Benign,0.1237,benign,https://doi.org/10.1101/2022.10.22.513328
R825M,-0.07855,0.72653,0.3216254914423017,Neutral,Neutral,24.7,,,0.396,"cBioPortal,COSMIC",,False,24.7,,,,neutral,neutral,neutral,DOWN,neutral,neutral,neutral,,,,82.33,S,-0.0727,2.4852,-7.1798,loss_of_function,-1.60034363681475,0.0312902236788758,Benign,0.2429,benign,https://doi.org/10.1101/2022.10.22.513328
T826M,0.54306,1.39966,0.0936331443477406,Neutral,Neutral,42.2,,0.0000079634953374,0.343,"cBioPortal,COSMIC,mutations_clinvar",,False,42.2,,,,uncertain,,,UP,neutral,neutral,neutral,1498128,Uncertain significance,2,84.74,S,-0.2697,1.0208,-21.4726,loss_of_function,-5.33264108472371,0.9044162579509274,Pathogenic,0.1504,benign,https://doi.org/10.1101/2022.10.22.513328
T826R,0.16876,1.12823,-0.0864013641044875,Neutral,Neutral,42.2,,,,mutations_clinvar,,False,42.2,,,,uncertain,,,UP,neutral,neutral,neutral,623914,Uncertain significance,1,84.74,S,-0.2431,1.0208,-8.1847,loss_of_function,-4.99211521972814,0.9101101854523832,Pathogenic,0.1653,benign,https://doi.org/10.1101/2022.10.22.513328
R827M,0.20072,1.33605,0.5760150970260086,Neutral,Neutral,67.6,,,0.300,"cBioPortal,COSMIC",,False,67.6,,,,neutral,neutral,neutral,DOWN,neutral,neutral,neutral,,,,85.56,H,-0.0862,3.1311,-21.4726,loss_of_function,-2.68122165109392,0.1052829632841722,Benign,0.219,benign,https://doi.org/10.1101/2022.10.22.513328
D828N,1.00103,0.67449,0.0759496125279868,Neutral,Neutral,82.0,,0.0000039820647802,0.185,cBioPortal,,True,82.0,,,,neutral,neutral,neutral,-,uncertain,uncertain,uncertain,,,,87.95,H,-0.0892,2.4162,-21.4726,loss_of_function,-2.57353979030026,0.0003906643505127,Benign,0.1031,benign,https://doi.org/10.1101/2022.10.22.513328
S829F,-0.48041,-0.93333,-0.6510294686860352,Neutral,Neutral,23.8,3.18572793883e-05,,0.469,"cBioPortal,COSMIC",,True,23.8,,,,uncertain,,,UP,neutral,neutral,neutral,,,,88.29,H,-0.0768,2.1941,-6.5949,loss_of_function,-1.57620684496601,0.4506509386294306,Uncertain,0.2126,benign,https://doi.org/10.1101/2022.10.22.513328
L830F,3.67738,2.03435,1.3781442582254184,Uncertain,Uncertain,0.0,,,0.190,"cBioPortal,mutations_clinvar",,True,0.0,,,,neutral,neutral,neutral,UP,neutral,neutral,neutral,1061969,Uncertain significance,1,89.39,H,-0.0196,2.5213,-2.3775,loss_of_function,-1.63323384019868,0.0051341956269053,Benign,0.1307,benign,https://doi.org/10.1101/2022.10.22.513328
L834M,0.6509,1.63231,1.6153624197559258,Neutral,Neutral,0.1,,,0.266,COSMIC,,False,0.1,,,,neutral,neutral,neutral,-,uncertain,uncertain,uncertain,,,,91.33,H,-0.0349,1.9647,-2.4085,loss_of_function,-0.721031353368479,0.0006855710455773,Benign,0.131,benign,https://doi.org/10.1101/2022.10.22.513328
K835N,1.48419,0.4517,0.4963492527032931,Neutral,Neutral,43.4,,,0.237,cBioPortal,,False,43.4,,,,neutral,neutral,neutral,DOWN,neutral,neutral,neutral,,,,90.55,H,-0.1455,1.1997,-5.6048,loss_of_function,-2.02176213563008,0.7915605339450583,Pathogenic,0.581,pathogenic,https://doi.org/10.1101/2022.10.22.513328
K835T,0.7759,-0.06803,0.5705780365583868,Neutral,Neutral,43.4,,,,mutations_clinvar,,False,43.4,,,,neutral,neutral,neutral,DOWN,neutral,neutral,neutral,968276,Uncertain significance,1,90.55,H,-0.2302,1.1997,-21.4775,loss_of_function,-5.75136217510291,0.8933276861297996,Pathogenic,0.4139,ambiguous,https://doi.org/10.1101/2022.10.22.513328
F836Y,1.4097,1.05578,0.7891242021732825,Neutral,Neutral,0.1,,,,mutations_clinvar,,True,0.1,,,,neutral,neutral,neutral,-,uncertain,uncertain,uncertain,566130,Uncertain significance,2,92.38,H,-0.2431,1.0218,-21.4626,loss_of_function,-3.29406475248332,0.8983222990174967,Pathogenic,0.3519,ambiguous,https://doi.org/10.1101/2022.10.22.513328
T838R,2.70015,5.3483,0.3431610882475894,Uncertain,Uncertain,8.2,,,,mutations_clinvar,,True,8.2,,,,uncertain,,,UP,neutral,neutral,neutral,974142,Pathogenic,0,89.68,H,-0.2599,1.5744,-21.4576,loss_of_function,-5.57739856602188,0.8964467006212502,Pathogenic,0.7591,pathogenic,https://doi.org/10.1101/2022.10.22.513328
A839G,1.91397,1.93367,2.232091113510886,Neutral,Uncertain,11.4,,,,mutations_clinvar,,True,11.4,,,,neutral,neutral,neutral,DOWN,neutral,neutral,neutral,2194600,Uncertain significance,1,89.36,H,-0.1747,0.8639,-6.5849,loss_of_function,-6.51999491519764,0.9151097820019036,Pathogenic,0.2944,benign,https://doi.org/10.1101/2022.10.22.513328
A839T,2.48016,3.12415,1.069886949498478,Uncertain,Uncertain,11.4,,,0.481,cBioPortal,,True,11.4,,,,neutral,neutral,neutral,UP,neutral,neutral,neutral,,,,89.36,H,-0.16,0.8639,-8.1698,loss_of_function,-3.9206981151167,0.9190970813882882,Pathogenic,0.2868,benign,https://doi.org/10.1101/2022.10.22.513328
A840G,1.89813,2.70782,2.105327404519038,Uncertain,Uncertain,0.0,,,,mutations_clinvar,,True,0.0,,,,neutral,neutral,neutral,DOWN,neutral,neutral,neutral,134255,Uncertain significance,2,90.46,H,-0.1762,0.9353,-8.1648,loss_of_function,-6.15663636930149,0.9125977649752322,Pathogenic,0.2471,benign,https://doi.org/10.1101/2022.10.22.513328
I841M,-0.14112,1.19966,1.4263767536651506,Neutral,Neutral,2.3,,,0.443,cBioPortal,,True,2.3,,,,neutral,neutral,neutral,-,uncertain,uncertain,uncertain,,,,88.42,H,-0.0648,1.9064,-7.1648,loss_of_function,-3.19107352654556,0.9131916503452236,Pathogenic,0.2567,benign,https://doi.org/10.1101/2022.10.22.513328
I841V,1.07555,0.92959,1.3087498263062738,Neutral,Neutral,2.3,,0.0000039814623115,0.160,"cBioPortal,mutations_clinvar",,True,2.3,,,,neutral,neutral,neutral,DOWN,neutral,neutral,neutral,2148064,Uncertain significance,1,88.42,H,0.009,1.9064,-1.6258,gain_of_function,-0.655223059876448,0.093985015774293,Benign,0.1216,benign,https://doi.org/10.1101/2022.10.22.513328
S842C,-0.63912,-0.90646,0.6915810482541215,Neutral,Neutral,16.9,,,,mutations_clinvar,,True,16.9,,,,uncertain,,,UP,neutral,neutral,neutral,1910874,Uncertain significance,1,85.34,H,-0.0664,1.7822,-2.5211,loss_of_function,-1.42098605887203,0.8342116149312341,Pathogenic,0.1243,benign,https://doi.org/10.1101/2022.10.22.513328
Y843C,3.92682,4.63469,4.012592664330947,Destabilizing,Destabilizing,2.2,,,,mutations_clinvar,,False,2.2,,,,uncertain,,,DOWN,neutral,neutral,neutral,573488,Uncertain significance,1,85.97,H,-0.295,0.6067,-8.1547,loss_of_function,-6.56989833158579,0.9149033874500988,Pathogenic,0.6693,pathogenic,https://doi.org/10.1101/2022.10.22.513328
Y843D,4.45991,4.92993,4.79409611891887,Destabilizing,Destabilizing,2.2,,,,mutations_clinvar,,False,2.2,,,,uncertain,,,DOWN,neutral,neutral,neutral,974143,Pathogenic,0,85.97,H,-0.4064,0.6067,-21.4425,loss_of_function,-6.56989833158579,0.9181187708290888,Pathogenic,0.9294,pathogenic,https://doi.org/10.1101/2022.10.22.513328
S844C,0.80898,-1.2585,-0.1845206195803894,Neutral,Neutral,1.7,,,,mutations_clinvar,,False,1.7,,,,uncertain,,,UP,neutral,neutral,neutral,2139790,Uncertain significance,1,84.9,H,-0.0074,2.5373,-4.5749,loss_of_function,-0.67498785623597,0.1363464596843868,Benign,0.0733,benign,https://doi.org/10.1101/2022.10.22.513328
S844F,13.10664,3.46224,0.0754371254487179,Destabilizing,Uncertain,1.7,,,0.446,cBioPortal,,False,1.7,,,,uncertain,,,UP,neutral,neutral,neutral,,,,84.9,H,-0.0324,2.5373,-4.0724,loss_of_function,-1.05303555898592,0.0190727894160347,Benign,0.1371,benign,https://doi.org/10.1101/2022.10.22.513328
S844P,5.35579,8.67449,8.15163861864454,Destabilizing,Destabilizing,1.7,,,,mutations_clinvar,,False,1.7,,,,uncertain,,,UP,neutral,neutral,neutral,1062499,Uncertain significance,1,84.9,H,-0.1964,2.5373,-21.4476,loss_of_function,-4.31661281339683,0.8382280766557857,Pathogenic,0.601,pathogenic,https://doi.org/10.1101/2022.10.22.513328
L845P,6.26392,12.21973,9.012784307160246,Destabilizing,Destabilizing,7.7,,,,mutations_clinvar,,False,7.7,,,,neutral,neutral,neutral,DOWN,neutral,neutral,neutral,556016,Pathogenic/Likely pathogenic,2,82.7,H,-0.309,2.0633,-21.4375,loss_of_function,-4.51191051610708,0.9185111565561804,Pathogenic,0.7009,pathogenic,https://doi.org/10.1101/2022.10.22.513328
K847N,1.50763,1.26531,1.0739223327147014,Neutral,Neutral,15.0,,,0.326,"cBioPortal,COSMIC",,False,15.0,,,,neutral,neutral,neutral,DOWN,neutral,neutral,neutral,,,,81.08,H,-0.1932,1.5589,-21.4324,loss_of_function,-5.80953782661658,0.9155920308268716,Pathogenic,0.7948,pathogenic,https://doi.org/10.1101/2022.10.22.513328
K847Q,1.33374,-0.11565,0.6234131026291775,Neutral,Neutral,15.0,,,0.519,"cBioPortal,COSMIC",,False,15.0,,,,neutral,neutral,neutral,DOWN,neutral,neutral,neutral,,,,81.08,H,-0.1013,1.5589,-7.1446,loss_of_function,-5.80953782661658,0.8931591149163554,Pathogenic,0.2447,benign,https://doi.org/10.1101/2022.10.22.513328
F848L,0.94246,1.86088,1.6385993503702712,Neutral,Neutral,1.9,,0.0000039781994669,0.177,cBioPortal,,False,1.9,,,,neutral,neutral,neutral,DOWN,neutral,neutral,neutral,,,,77.17,T,-0.0989,1.9168,-6.5494,loss_of_function,-2.93120588262756,0.8655215500298021,Pathogenic,0.88,pathogenic,https://doi.org/10.1101/2022.10.22.513328
S850Y,-0.73075,-0.05374,-0.326007135020418,Neutral,Neutral,99.0,,,,mutations_clinvar,P,False,99.0,-0.06,,,uncertain,neutral,uncertain,UP,neutral,neutral,neutral,2197410,Uncertain significance,1,64.74,T,-0.1514,1.5207,-8.124,loss_of_function,-5.11628696398611,0.8348976709257364,Pathogenic,0.1445,benign,https://doi.org/10.1101/2022.10.22.513328
Q851H,0.23555,0.63503,-0.2030652435788288,Neutral,Neutral,55.2,,,0.112,cBioPortal,,False,55.2,,,,neutral,neutral,neutral,UP,neutral,neutral,neutral,,,,66.55,S,0.0783,3.1463,-4.6491,gain_of_function,-1.10868090980782,0.4366516128457028,Uncertain,0.1458,benign,https://doi.org/10.1101/2022.10.22.513328
R853G,1.37269,2.45374,1.8193022466025928,Uncertain,Neutral,61.6,,0.0000039776930971,0.161,cBioPortal,,False,61.6,,,,neutral,neutral,neutral,DOWN,neutral,neutral,neutral,,,,68.22,H,-0.065,3.2935,-7.1189,loss_of_function,-2.28995706885521,0.2141981381860803,Benign,0.0835,benign,https://doi.org/10.1101/2022.10.22.513328
R853L,-0.35207,-0.3983,-0.0750780166966247,Neutral,Neutral,61.6,,,0.179,cBioPortal,,False,61.6,,,,neutral,neutral,neutral,DOWN,neutral,neutral,neutral,,,,68.22,H,-0.0178,3.2935,-4.3116,loss_of_function,-0.371223017786179,0.0396404871638371,Benign,0.1143,benign,https://doi.org/10.1101/2022.10.22.513328
R853Q,1.15842,0.84728,0.8248129444347851,Neutral,Neutral,61.6,,0.0000039776298099,0.181,"cBioPortal,COSMIC,mutations_clinvar",,False,61.6,,,,neutral,neutral,neutral,DOWN,neutral,neutral,neutral,1416616,Uncertain significance,1,68.22,H,0.0167,3.2935,-2.9897,gain_of_function,-0.407175981870068,0.0042350294734119,Benign,0.0821,benign,https://doi.org/10.1101/2022.10.22.513328
D854H,1.23664,-0.21224,-0.081861657057573,Neutral,Neutral,101.0,,,0.287,cBioPortal,,False,101.0,,,,neutral,neutral,neutral,UP,neutral,neutral,neutral,,,,67.48,H,-0.0619,2.3472,-6.5339,loss_of_function,-2.04893247802741,0.8331194632463889,Pathogenic,0.149,benign,https://doi.org/10.1101/2022.10.22.513328
L856F,-1.07947,0.26769,0.841340141538105,Neutral,Neutral,11.5,,,,mutations_clinvar,,False,11.5,,,,neutral,neutral,neutral,UP,neutral,neutral,neutral,134257,not provided,0,69.79,H,-0.0657,2.1273,-4.3064,loss_of_function,-1.66716744988021,0.590295789789934,Uncertain,0.0919,benign,https://doi.org/10.1101/2022.10.22.513328
L856S,2.74194,3.57449,3.7167681042979455,Uncertain,Uncertain,11.5,,,,mutations_clinvar,,False,11.5,,,,neutral,neutral,neutral,DOWN,neutral,neutral,neutral,134258,Conflicting interpretations of pathogenicity,1,69.79,H,-0.1719,2.1273,-6.1137,loss_of_function,-1.37061468296887,0.4309201631670495,Uncertain,0.1549,benign,https://doi.org/10.1101/2022.10.22.513328
C857Y,-1.08872,1.19184,-1.1475218413673605,Neutral,Neutral,15.9,,,,mutations_clinvar,,False,15.9,,,,neutral,neutral,neutral,UP,neutral,neutral,neutral,321346,Uncertain significance,2,70.06,H,-0.1229,2.9812,-2.9175,loss_of_function,-0.521341948333181,4.681608867537325e-11,Benign,0.0663,benign,https://doi.org/10.1101/2022.10.22.513328
S858G,-0.12084,0.94048,0.1864444623382699,Neutral,Neutral,57.6,,0.0000039768388903,0.145,cBioPortal,P,True,57.6,1.069,,,damaging,neutral,potentially_damaging,DOWN,neutral,neutral,neutral,,,,72.9,H,0.0657,2.9026,-4.9438,gain_of_function,-1.41423348729274,0.3068476512277845,Benign,0.0636,benign,https://doi.org/10.1101/2022.10.22.513328
S858R,-0.24594,0.07857,-0.7048820653936316,Neutral,Neutral,57.6,0.0061127029608405,0.0100499514802501,0.134,"cBioPortal,COSMIC,FANCA_icope_sentieon_input,mutations_clinvar",P,True,57.6,1.069,,,damaging,neutral,potentially_damaging,UP,neutral,neutral,neutral,134256,Benign/Likely benign,2,72.9,H,-0.0301,2.9026,-7.1137,loss_of_function,-1.76190546074429,0.018293435267502,Benign,0.2011,benign,https://doi.org/10.1101/2022.10.22.513328
S858T,0.67641,-0.37449,-0.1258009173825092,Neutral,Neutral,57.6,,,,mutations_clinvar,P,True,57.6,1.069,,,neutral,neutral,potentially_damaging,UP,neutral,neutral,neutral,1488197,Uncertain significance,1,72.9,H,0.0823,2.9026,-5.3064,gain_of_function,-0.653458997935976,0.3140972423426774,Benign,0.0926,benign,https://doi.org/10.1101/2022.10.22.513328
S861F,-2.65427,-0.27483,-0.1537914781126592,Uncertain,Uncertain,9.4,,,,mutations_clinvar,,True,9.4,,,,uncertain,,,UP,neutral,neutral,neutral,554800,Uncertain significance,2,84.93,-,-0.1228,1.7785,-8.1188,loss_of_function,-3.52923690732619,0.8829416945367394,Pathogenic,0.3997,ambiguous,https://doi.org/10.1101/2022.10.22.513328
P862A,1.42465,0.42075,-0.2432964503624607,Neutral,Neutral,45.6,,,,mutations_clinvar,,True,45.6,,,,neutral,neutral,neutral,DOWN,neutral,neutral,neutral,2082109,Uncertain significance,1,85.07,H,-0.069,1.8431,-4.7814,loss_of_function,-1.56548675832724,0.2827550609844355,Benign,0.0799,benign,https://doi.org/10.1101/2022.10.22.513328
G863R,0.82368,1.50272,0.0269010732083296,Neutral,Neutral,42.3,,,0.482,cBioPortal,,True,42.3,,,,neutral,neutral,neutral,UP,neutral,neutral,neutral,,,,87.23,H,-0.1696,2.2201,-5.3271,loss_of_function,-3.21538860331049,0.6200011428238601,Uncertain,0.2615,benign,https://doi.org/10.1101/2022.10.22.513328
G863S,1.53063,1.18163,0.6562738314255053,Neutral,Neutral,42.3,,,,mutations_clinvar,,True,42.3,,,,neutral,neutral,neutral,UP,neutral,neutral,neutral,838719,Uncertain significance,2,87.23,H,-0.08,2.2201,-1.6109,loss_of_function,-1.54745851051936,0.2122237838171112,Benign,0.1123,benign,https://doi.org/10.1101/2022.10.22.513328
L864F,2.13504,2.43367,0.9907120900746332,Uncertain,Uncertain,2.1,,,,cBioPortal,,False,2.1,,,,neutral,neutral,neutral,UP,neutral,neutral,neutral,,,,89.25,H,-0.1675,0.9701,-3.3795,loss_of_function,-2.25463858351063,0.5248735024273774,Uncertain,0.146,benign,https://doi.org/10.1101/2022.10.22.513328
L864I,0.47321,0.07381,0.8682240537864818,Neutral,Neutral,2.1,,,0.364,"cBioPortal,COSMIC",,False,2.1,,,,neutral,neutral,neutral,-,uncertain,uncertain,uncertain,,,,89.25,H,-0.1181,0.9701,-5.3271,loss_of_function,-0.905528954284663,0.6510667935541699,Uncertain,0.1175,benign,https://doi.org/10.1101/2022.10.22.513328
I865N,3.60465,2.76973,2.629162073427214,Uncertain,Uncertain,3.6,,,0.438,COSMIC,,False,3.6,,,,neutral,neutral,neutral,DOWN,neutral,neutral,neutral,,,,89.64,H,-0.2454,2.3249,-21.4273,loss_of_function,-4.58393818838083,0.7715099264792884,Pathogenic,0.5508,ambiguous,https://doi.org/10.1101/2022.10.22.513328
I865S,3.41107,3.74422,3.631064937953175,Destabilizing,Destabilizing,3.6,,,,mutations_clinvar,,False,3.6,,,,neutral,neutral,neutral,DOWN,neutral,neutral,neutral,582426,Uncertain significance,1,89.64,H,-0.2488,2.3249,-21.4273,loss_of_function,-3.19999373396885,0.8502917398110172,Pathogenic,0.5235,ambiguous,https://doi.org/10.1101/2022.10.22.513328
I865V,1.10704,0.98605,1.1434014256562333,Neutral,Neutral,3.6,,0.0000039769337841,0.125,"cBioPortal,mutations_clinvar",,False,3.6,,,,neutral,neutral,neutral,DOWN,neutral,neutral,neutral,237040,Uncertain significance,2,89.64,H,0.0469,2.3249,-1.7472,gain_of_function,-0.680439618128983,6.306412092054256e-06,Benign,0.0996,benign,https://doi.org/10.1101/2022.10.22.513328
K866T,1.98667,2.14694,1.7239674451142468,Uncertain,Neutral,20.6,,,0.536,cBioPortal,,False,20.6,,,,neutral,neutral,neutral,DOWN,neutral,neutral,neutral,,,,91.43,H,-0.1912,0.7737,-6.1497,loss_of_function,-6.41495033590864,0.9186329175588236,Pathogenic,0.6452,pathogenic,https://doi.org/10.1101/2022.10.22.513328
K867N,1.54727,1.95918,-0.0236776909999614,Neutral,Neutral,9.5,,,,mutations_clinvar,,False,9.5,,,,neutral,neutral,neutral,DOWN,neutral,neutral,neutral,"974145, 408186","Uncertain significance, Uncertain significance","0, 2",92.08,H,-0.2856,0.555,-21.4375,loss_of_function,-5.24281399842773,0.9178819971789184,Pathogenic,0.8904,pathogenic,https://doi.org/10.1101/2022.10.22.513328
F868L,1.46124,1.97993,2.88920991767853,Neutral,Uncertain,0.0,,,0.221,cBioPortal,,False,0.0,,,,neutral,neutral,neutral,DOWN,neutral,neutral,neutral,,,,93.01,H,-0.1096,1.4877,-0.9147,loss_of_function,-1.11186508881757,0.0603304897654023,Benign,0.8647,pathogenic,https://doi.org/10.1101/2022.10.22.513328
F868V,4.58241,4.3551,4.20591166337536,Destabilizing,Destabilizing,0.0,,,0.279,"cBioPortal,mutations_clinvar",,False,0.0,,,,neutral,neutral,neutral,DOWN,neutral,neutral,neutral,554084,Uncertain significance,1,93.01,H,-0.1655,1.4877,-5.5391,loss_of_function,-1.49761784684018,0.7884738982615644,Pathogenic,0.4987,ambiguous,https://doi.org/10.1101/2022.10.22.513328
Q869E,1.911,2.02449,0.7059958268277966,Uncertain,Neutral,7.3,,,0.631,"cBioPortal,COSMIC,mutations_clinvar",,False,7.3,,,,neutral,neutral,neutral,DOWN,neutral,neutral,neutral,1906191,Likely pathogenic,1,92.35,H,-0.1686,1.4365,-21.4067,loss_of_function,-3.74490987807434,0.9038014603955716,Pathogenic,0.2141,benign,https://doi.org/10.1101/2022.10.22.513328
Q869H,5.56328,4.77585,0.4414734650876889,Destabilizing,Uncertain,7.3,,,0.631,"cBioPortal,mutations_clinvar",,False,7.3,,,,neutral,neutral,neutral,UP,neutral,neutral,neutral,456100,Uncertain significance,1,92.35,H,-0.0967,1.4365,-8.1188,loss_of_function,-3.98645167119958,0.918429085534654,Pathogenic,0.6551,pathogenic,https://doi.org/10.1101/2022.10.22.513328
Q869P,6.55931,8.96905,5.306364617440071,Destabilizing,Destabilizing,7.3,,,,mutations_clinvar,,False,7.3,,,,neutral,neutral,neutral,DOWN,neutral,neutral,neutral,215981,Pathogenic/Likely pathogenic,2,92.35,H,-0.2693,1.4365,-8.1188,loss_of_function,-6.13165330568925,0.908394962698109,Pathogenic,0.7698,pathogenic,https://doi.org/10.1101/2022.10.22.513328
L871V,2.64441,2.79456,1.6489493545259053,Uncertain,Uncertain,0.0,,,,mutations_clinvar,,False,0.0,,,,neutral,neutral,neutral,DOWN,neutral,neutral,neutral,939055,Uncertain significance,1,92.8,H,-0.0437,2.0268,-2.6927,loss_of_function,-0.64437824640263,6.305072715873936e-07,Benign,0.0903,benign,https://doi.org/10.1101/2022.10.22.513328
F873C,2.63685,2.48639,3.524719111734731,Uncertain,Uncertain,12.4,,,,mutations_clinvar,,False,12.4,,,,neutral,neutral,neutral,DOWN,neutral,neutral,neutral,1021323,Uncertain significance,1,91.31,H,-0.1569,1.96,-6.5235,loss_of_function,-1.48741366465921,0.3527932389434856,Uncertain,0.1908,benign,https://doi.org/10.1101/2022.10.22.513328
F873L,0.21655,0.4119,1.5461296744423807,Neutral,Neutral,12.4,3.1843077315e-05,,"0.242, 0.286",cBioPortal,,False,12.4,,,,neutral,neutral,neutral,DOWN,neutral,neutral,neutral,,,,91.31,H,-0.0747,1.96,-2.585,loss_of_function,-0.306780724971419,1.4382857002873579e-10,Benign,0.4854,ambiguous,https://doi.org/10.1101/2022.10.22.513328
R874G,6.31122,3.73673,4.286391538403383,Destabilizing,Destabilizing,0.0,,,,mutations_clinvar,,True,0.0,,,,neutral,neutral,neutral,DOWN,neutral,neutral,neutral,2200231,Uncertain significance,1,91.15,H,-0.4232,0.1929,-21.3962,loss_of_function,-6.72166858738969,0.9175923746576862,Pathogenic,0.9425,pathogenic,https://doi.org/10.1101/2022.10.22.513328
R874T,3.43703,1.08231,2.312972613552272,Uncertain,Uncertain,0.0,,,0.730,"cBioPortal,mutations_clinvar",,True,0.0,,,,neutral,neutral,neutral,DOWN,neutral,neutral,neutral,1337268,Likely pathogenic,1,91.15,H,-0.3927,0.1929,-21.3962,loss_of_function,-6.72166858738969,0.8988375323858742,Pathogenic,0.9768,pathogenic,https://doi.org/10.1101/2022.10.22.513328
L875S,3.28294,4.54864,3.555908125080613,Destabilizing,Destabilizing,6.0,,,0.588,cBioPortal,,True,6.0,,,,neutral,neutral,neutral,DOWN,neutral,neutral,neutral,,,,89.08,H,-0.3059,0.7811,-8.1032,loss_of_function,-2.6259187221,0.8502301846836755,Pathogenic,0.4393,ambiguous,https://doi.org/10.1101/2022.10.22.513328
F876L,2.22787,2.07959,1.99569235081019,Uncertain,Uncertain,8.5,,,,mutations_clinvar,,True,8.5,,,,neutral,neutral,neutral,DOWN,neutral,neutral,neutral,203997,Likely benign,0,88.08,-,-0.0028,2.7377,-2.5236,loss_of_function,-0.885627433327424,0.0100154441877748,Benign,0.7779,pathogenic,https://doi.org/10.1101/2022.10.22.513328
S877L,-0.38822,-0.15272,-0.4980452659252782,Neutral,Neutral,80.6,,,0.322,cBioPortal,,True,80.6,,,,uncertain,,,UP,neutral,neutral,neutral,,,,83.55,G,-0.0582,2.1315,-1.9291,loss_of_function,-1.5094132870538,0.046484832358664,Benign,0.1024,benign,https://doi.org/10.1101/2022.10.22.513328
S877P,-2.00306,-0.94558,1.1129426946555827,Uncertain,Uncertain,80.6,,,,mutations_clinvar,,True,80.6,,,,uncertain,,,UP,neutral,neutral,neutral,1518415,Uncertain significance,1,83.55,G,-0.132,2.1315,-1.5042,loss_of_function,-0.330348315769712,0.0001132327030189,Benign,0.0573,benign,https://doi.org/10.1101/2022.10.22.513328
S877T,0.12751,0.18639,0.0112113420156456,Neutral,Neutral,80.6,,,,mutations_clinvar,,True,80.6,,,,neutral,,,UP,neutral,neutral,neutral,1969808,Uncertain significance,1,83.55,G,-0.0708,2.1315,-21.4067,loss_of_function,-3.46778489261931,0.8301903105309971,Pathogenic,0.1068,benign,https://doi.org/10.1101/2022.10.22.513328
E878K,-0.00462,0.12925,0.197138112962989,Neutral,Neutral,65.4,,,,mutations_clinvar,,True,65.4,,,,neutral,neutral,neutral,UP,neutral,neutral,neutral,2173987,Uncertain significance,1,81.6,G,-0.1916,0.7706,-6.5339,loss_of_function,-3.0631845868625,0.8844002086229488,Pathogenic,0.1267,benign,https://doi.org/10.1101/2022.10.22.513328
E878Q,0.03722,0.20544,0.240048956763042,Neutral,Neutral,65.4,,,,mutations_clinvar,,True,65.4,,,,neutral,neutral,neutral,UP,neutral,neutral,neutral,974248,Likely pathogenic,1,81.6,G,-0.137,0.7706,-5.534,loss_of_function,-0.862030509699657,0.8695805225150293,Pathogenic,0.1577,benign,https://doi.org/10.1101/2022.10.22.513328
E878R,0.1886,0.46259,-0.0485849370461088,Neutral,Neutral,65.4,,,,mutations_clinvar,,True,65.4,,,,neutral,neutral,neutral,UP,neutral,neutral,neutral,1029500,Uncertain significance,1,81.6,G,-0.2602,0.7706,-8.1188,loss_of_function,-5.13133991861568,0.91078365383923,Pathogenic,0.2046,benign,https://doi.org/10.1101/2022.10.22.513328
A879V,2.09171,1.64524,0.9368383968838953,Uncertain,Uncertain,0.1,,,,mutations_clinvar,,True,0.1,,,,neutral,neutral,neutral,UP,neutral,neutral,neutral,974249,Pathogenic,0,84.06,G,-0.0931,1.3998,-5.3064,loss_of_function,-3.09148277261643,0.4970058626685534,Uncertain,0.1362,benign,https://doi.org/10.1101/2022.10.22.513328
R880G,3.66778,3.20612,3.2791165225152,Destabilizing,Destabilizing,23.3,,,0.816,"cBioPortal,COSMIC,mutations_clinvar",,True,23.3,,,,neutral,neutral,neutral,DOWN,neutral,neutral,neutral,425115,Conflicting interpretations of pathogenicity,1,85.06,G,-0.3999,0.4459,-21.3858,loss_of_function,-6.72125509184612,0.9162312618566087,Pathogenic,0.6413,pathogenic,https://doi.org/10.1101/2022.10.22.513328
R880L,0.9404,0.02925,0.4517951810303333,Neutral,Neutral,23.3,,,0.765,cBioPortal,,True,23.3,,,,neutral,neutral,neutral,DOWN,neutral,neutral,neutral,,,,85.06,G,-0.2991,0.4459,-8.0979,loss_of_function,-6.72125509184612,0.9173975681901332,Pathogenic,0.6162,pathogenic,https://doi.org/10.1101/2022.10.22.513328
R880P,4.29611,4.49116,6.715713025139866,Destabilizing,Destabilizing,23.3,,,0.789,cBioPortal,,True,23.3,,,,neutral,neutral,neutral,DOWN,neutral,neutral,neutral,,,,85.06,G,-0.5066,0.4459,-21.3858,loss_of_function,-6.72125509184612,0.9139634759893436,Pathogenic,0.8243,pathogenic,https://doi.org/10.1101/2022.10.22.513328
R880Q,2.03834,0.54728,1.608999975744901,Uncertain,Uncertain,23.3,,,,mutations_clinvar,,True,23.3,,,,neutral,neutral,neutral,DOWN,neutral,neutral,neutral,555460,Conflicting interpretations of pathogenicity,1,85.06,G,-0.2596,0.4459,-5.7761,loss_of_function,-6.72125509184612,0.9109914656023772,Pathogenic,0.2069,benign,https://doi.org/10.1101/2022.10.22.513328
P882A,0.63784,0.7432,-0.1680151229802728,Neutral,Neutral,97.4,,,0.273,cBioPortal,,True,97.4,,,,neutral,neutral,neutral,DOWN,neutral,neutral,neutral,,,,66.15,-,0.0006,2.5747,-4.3385,gain_of_function,-0.95570861193878,0.1262460447901191,Benign,0.0944,benign,https://doi.org/10.1101/2022.10.22.513328
P882S,0.71364,0.66973,-0.1993582434386376,Neutral,Neutral,97.4,,,,mutations_clinvar,,True,97.4,,,,neutral,neutral,neutral,DOWN,neutral,neutral,neutral,1035752,Uncertain significance,1,66.15,-,-0.0048,2.5747,-5.4539,loss_of_function,-1.0690354581479,0.563925239021932,Uncertain,0.1088,benign,https://doi.org/10.1101/2022.10.22.513328
P882T,0.55157,0.70578,-0.295738882429773,Neutral,Neutral,97.4,,,,mutations_clinvar,,True,97.4,,,,neutral,neutral,neutral,-,uncertain,uncertain,uncertain,2145800,Uncertain significance,1,66.15,-,-0.0049,2.5747,-3.0847,loss_of_function,-0.900080882130016,0.1997790498095269,Benign,0.0939,benign,https://doi.org/10.1101/2022.10.22.513328
L883H,0.31122,1.11088,0.69542002321511,Neutral,Neutral,38.0,,,,mutations_clinvar,,True,38.0,,,,neutral,neutral,neutral,DOWN,neutral,neutral,neutral,203996,Likely benign,0,61.18,-,-0.0961,3.0595,-5.7333,loss_of_function,-1.11074917386346,0.0004414675077119,Benign,0.1017,benign,https://doi.org/10.1101/2022.10.22.513328
S884C,1.02931,0.57789,0.7154282241970397,Neutral,Neutral,84.5,,,,mutations_clinvar,,True,84.5,,,,uncertain,,,UP,neutral,neutral,neutral,849937,Uncertain significance,2,52.29,-,0.0607,3.1341,-1.9947,gain_of_function,-0.545548539355882,2.43404642945136e-05,Benign,0.0735,benign,https://doi.org/10.1101/2022.10.22.513328
S884F,0.72309,0.5432,-0.0846330147673751,Neutral,Neutral,84.5,,,0.305,"cBioPortal,COSMIC",,True,84.5,,,,uncertain,,,UP,neutral,neutral,neutral,,,,52.29,-,0.0102,3.1341,-6.4971,gain_of_function,-1.57697792728213,0.1223481440895986,Benign,0.1298,benign,https://doi.org/10.1101/2022.10.22.513328
S884P,-0.36973,1.08537,2.6619064028774644,Neutral,Uncertain,84.5,,,,mutations_clinvar,,True,84.5,,,,uncertain,,,UP,neutral,neutral,neutral,2155632,Uncertain significance,1,52.29,-,-0.0525,3.1341,-3.9947,loss_of_function,-0.653147442344081,2.532780595350702e-05,Benign,0.0579,benign,https://doi.org/10.1101/2022.10.22.513328
E885D,0.10823,0.60612,0.1131248268399881,Neutral,Neutral,109.1,,,0.354,"cBioPortal,COSMIC",,True,109.1,,,,neutral,neutral,neutral,DOWN,neutral,neutral,neutral,,,,55.29,T,0.0771,2.9334,-3.9122,gain_of_function,-0.767629107591893,3.875114512562814e-07,Benign,0.112,benign,https://doi.org/10.1101/2022.10.22.513328
E885K,0.11835,0.77891,0.388950266977523,Neutral,Neutral,109.1,,,0.334,cBioPortal,,True,109.1,,,,neutral,neutral,neutral,UP,neutral,neutral,neutral,,,,55.29,T,0.0165,2.9334,-4.7602,gain_of_function,-0.990606102309939,2.4036435385500268e-05,Benign,0.0671,benign,https://doi.org/10.1101/2022.10.22.513328
E886A,0.87057,0.30714,0.3527644143812447,Neutral,Neutral,99.6,,,,mutations_clinvar,,True,99.6,,,,neutral,neutral,neutral,DOWN,neutral,neutral,neutral,1337780,Uncertain significance,1,43.75,T,-0.0783,1.737,-6.0714,loss_of_function,-3.06769658722685,0.91065911934083,Pathogenic,0.0905,benign,https://doi.org/10.1101/2022.10.22.513328
E886D,0.34119,0.11463,-0.0409352636735116,Neutral,Neutral,99.6,0.0002546959567017,0.0002306419800216,0.186,"cBioPortal,mutations_clinvar",,True,99.6,,,,neutral,neutral,neutral,DOWN,neutral,neutral,neutral,456101,Conflicting interpretations of pathogenicity,1,43.75,T,-0.0399,1.737,-5.2641,loss_of_function,-0.891502478673937,0.1816394608920433,Benign,0.0914,benign,https://doi.org/10.1101/2022.10.22.513328
E886G,1.03298,0.67789,0.5538921757054052,Neutral,Neutral,99.6,,,0.270,COSMIC,,True,99.6,,,,neutral,neutral,neutral,DOWN,neutral,neutral,neutral,,,,43.75,T,-0.0915,1.737,-3.612,loss_of_function,-1.31369976963208,0.0034417537906666,Benign,0.0654,benign,https://doi.org/10.1101/2022.10.22.513328
E886K,0.42501,0.15884,0.1196381080609421,Neutral,Neutral,99.6,,,0.276,cBioPortal,,True,99.6,,,,neutral,neutral,neutral,UP,neutral,neutral,neutral,,,,43.75,T,-0.0962,1.737,-5.2641,loss_of_function,-2.27516185760769,0.8172557853589404,Pathogenic,0.0823,benign,https://doi.org/10.1101/2022.10.22.513328
D887G,0.42157,2.43333,0.6251530806966105,Uncertain,Neutral,109.7,,0.0000039765542362,0.229,"cBioPortal,mutations_clinvar",,True,109.7,,,,neutral,neutral,neutral,DOWN,neutral,neutral,neutral,1438407,Uncertain significance,1,42.9,-,0.0099,2.96,-3.1646,gain_of_function,-1.68060310984909,0.0165292934403226,Benign,0.0741,benign,https://doi.org/10.1101/2022.10.22.513328
D887N,0.34992,1.45986,-0.2921213114255427,Neutral,Neutral,109.7,,,0.160,"cBioPortal,COSMIC",,True,109.7,,,,neutral,neutral,neutral,-,uncertain,uncertain,uncertain,,,,42.9,-,0.0506,2.96,-3.9015,gain_of_function,-0.211461079992432,0.1736301683845441,Benign,0.0857,benign,https://doi.org/10.1101/2022.10.22.513328
D887Y,0.25686,0.84286,0.072692410743545,Neutral,Neutral,109.7,,,0.310,COSMIC,,True,109.7,,,,neutral,neutral,neutral,UP,neutral,neutral,neutral,,,,42.9,-,-0.0439,2.96,-7.0714,loss_of_function,-1.65195067185622,0.7321261542122375,Pathogenic,0.116,benign,https://doi.org/10.1101/2022.10.22.513328
V888I,-0.04524,-0.04558,-0.1832436911184004,Neutral,Neutral,71.5,9.55170657157e-05,0.0000079530452210,0.333,"cBioPortal,COSMIC,mutations_clinvar",,True,71.5,,,,neutral,neutral,neutral,UP,neutral,neutral,neutral,935831,Conflicting interpretations of pathogenicity,1,40.47,-,0.1225,3.4752,-4.7495,gain_of_function,-0.381862425900523,0.0001726709034894,Benign,0.0863,benign,https://doi.org/10.1101/2022.10.22.513328
V888L,-0.66637,-0.27551,-0.3845465344247684,Neutral,Neutral,71.5,,,,mutations_clinvar,,True,71.5,,,,neutral,neutral,neutral,UP,neutral,neutral,neutral,1497574,Uncertain significance,1,40.47,-,0.0594,3.4752,-4.371,gain_of_function,-0.22148489275604,3.4606647488783518e-06,Benign,0.0982,benign,https://doi.org/10.1101/2022.10.22.513328
S890I,-0.23668,-0.05714,-0.7783176839111805,Neutral,Neutral,105.8,,,,mutations_clinvar,,False,105.8,,,,uncertain,,,UP,neutral,neutral,neutral,1692210,Uncertain significance,1,42.72,-,-0.0143,2.9888,-8.066,loss_of_function,-1.75742381972939,0.1691795785139203,Benign,0.1126,benign,https://doi.org/10.1101/2022.10.22.513328
S890N,-0.36884,0.25952,-0.6474901221632795,Neutral,Neutral,105.8,9.5523148443e-05,0.0000318121808841,0.178,"cBioPortal,mutations_clinvar",,False,105.8,,,,uncertain,,,UP,neutral,neutral,neutral,580508,Uncertain significance,2,42.72,-,0.0607,2.9888,-4.8962,gain_of_function,-0.632920131498983,0.0893679363545372,Benign,0.1016,benign,https://doi.org/10.1101/2022.10.22.513328
L891F,-0.10389,-0.98639,0.1501336794995322,Neutral,Neutral,81.5,,,,mutations_clinvar,,False,81.5,,,,neutral,neutral,neutral,UP,neutral,neutral,neutral,2441341,Uncertain significance,1,41.78,-,-0.0396,2.4435,-4.8908,loss_of_function,-1.36156069010811,0.0339600705952485,Benign,0.0906,benign,https://doi.org/10.1101/2022.10.22.513328
S892F,-0.34411,0.48163,-0.2998032285699131,Neutral,Neutral,113.8,,,0.427,"cBioPortal,COSMIC",,False,113.8,,,,uncertain,,,UP,neutral,neutral,neutral,,,,43.09,-,-0.0053,2.9923,-6.9772,loss_of_function,-1.41808522042466,7.061390610967555e-06,Benign,0.1335,benign,https://doi.org/10.1101/2022.10.22.513328
S892P,-0.72421,-0.71054,0.8188398259611903,Neutral,Neutral,113.8,,,,mutations_clinvar,,False,113.8,,,,uncertain,,,UP,neutral,neutral,neutral,1319523,Uncertain significance,1,43.09,-,-0.0529,2.9923,-1.5343,loss_of_function,-0.488553500368811,2.00758272623904e-20,Benign,0.0517,benign,https://doi.org/10.1101/2022.10.22.513328
S892T,-0.0756,-0.03435,-0.232672929859356,Neutral,Neutral,113.8,,,,mutations_clinvar,,False,113.8,,,,neutral,,,UP,neutral,neutral,neutral,2050042,Uncertain significance,1,43.09,-,0.0964,2.9923,-4.1699,gain_of_function,-1.22300191378333,7.35332559496035e-06,Benign,0.0893,benign,https://doi.org/10.1101/2022.10.22.513328
R894K,0.05916,-0.0915,0.6331739191167479,Neutral,Neutral,98.8,,0.0000596464160457,0.181,"COSMIC,mutations_clinvar",,False,98.8,,,,neutral,neutral,neutral,-,uncertain,uncertain,uncertain,134260,Uncertain significance,2,43.18,-,0.0162,2.3919,-3.3817,gain_of_function,-0.523368913547746,0.0021936957108728,Benign,0.0974,benign,https://doi.org/10.1101/2022.10.22.513328
R894T,0.76853,-0.05884,0.7184620551528711,Neutral,Neutral,98.8,,,0.556,"cBioPortal,COSMIC",,False,98.8,,,,neutral,neutral,neutral,DOWN,neutral,neutral,neutral,,,,43.18,-,-0.1081,2.3919,-5.2748,loss_of_function,-1.27726717894848,0.4681617894202057,Uncertain,0.128,benign,https://doi.org/10.1101/2022.10.22.513328
P895A,0.81356,0.44388,0.0798041673906879,Neutral,Neutral,54.5,,,,mutations_clinvar,,False,54.5,,,,neutral,neutral,neutral,DOWN,neutral,neutral,neutral,1433126,Uncertain significance,1,42.73,-,-0.0128,2.4377,-4.4865,loss_of_function,-0.770538751588929,0.0010987706439816,Benign,0.0877,benign,https://doi.org/10.1101/2022.10.22.513328
P895H,0.46963,1.09592,-0.3899940729624901,Neutral,Neutral,54.5,,,,mutations_clinvar,,False,54.5,,,,neutral,neutral,neutral,UP,neutral,neutral,neutral,1025510,Uncertain significance,1,42.73,-,-0.0698,2.4377,-8.0713,loss_of_function,-3.33849323044725,0.8580272463853551,Pathogenic,0.1243,benign,https://doi.org/10.1101/2022.10.22.513328
P895L,-0.85909,0.71701,-0.5893211278784849,Neutral,Neutral,54.5,3.1849162367e-05,,0.283,"cBioPortal,COSMIC",,False,54.5,,,,neutral,neutral,neutral,UP,neutral,neutral,neutral,,,,42.73,-,-0.0581,2.4377,-3.8235,loss_of_function,-1.01863621524242,0.0700878993260637,Benign,0.0921,benign,https://doi.org/10.1101/2022.10.22.513328
L896F,-0.03301,0.6085,0.3320794986486058,Neutral,Neutral,31.0,,,,mutations_clinvar,,False,31.0,,,,neutral,neutral,neutral,UP,neutral,neutral,neutral,1002064,Uncertain significance,1,44.8,T,-0.073,2.1278,-5.7441,loss_of_function,-2.32366621282588,0.5974078400267122,Uncertain,0.1008,benign,https://doi.org/10.1101/2022.10.22.513328
L896W,-0.23397,0.9068,-0.0458052841323175,Neutral,Neutral,31.0,,,,mutations_clinvar,,False,31.0,,,,neutral,neutral,neutral,UP,neutral,neutral,neutral,1359083,Uncertain significance,1,44.8,T,-0.184,2.1278,-8.066,loss_of_function,-4.01034814570139,0.678545040853579,Uncertain,0.1243,benign,https://doi.org/10.1101/2022.10.22.513328
H897D,0.31769,1.06156,0.8653287596002615,Neutral,Neutral,31.9,,,,mutations_clinvar,,False,31.9,,,,neutral,neutral,neutral,DOWN,neutral,neutral,neutral,1497105,Uncertain significance,1,43.84,T,0.0135,3.1028,-8.082,gain_of_function,-3.42790576857948,3.889108047760509e-07,Benign,0.1194,benign,https://doi.org/10.1101/2022.10.22.513328
H897Y,-0.14142,-1.25034,-0.2921286870408734,Neutral,Neutral,31.9,,,,mutations_clinvar,,False,31.9,,,,neutral,neutral,neutral,UP,neutral,neutral,neutral,1403277,Uncertain significance,1,43.84,T,0.1146,3.1028,-3.0378,gain_of_function,-0.0849999399721377,9.97143929329397e-17,Benign,0.0509,benign,https://doi.org/10.1101/2022.10.22.513328
L898F,-0.10774,0.26871,0.7206100525438919,Neutral,Neutral,81.5,,,0.292,cBioPortal,,False,81.5,,,,neutral,neutral,neutral,UP,neutral,neutral,neutral,,,,43.27,-,-0.0338,2.6839,-8.082,loss_of_function,-3.67295894969855,0.8854716989240798,Pathogenic,0.0961,benign,https://doi.org/10.1101/2022.10.22.513328
L898V,0.30889,-0.10204,0.7178780892989092,Neutral,Neutral,81.5,,,,mutations_clinvar,,False,81.5,,,,neutral,neutral,neutral,DOWN,neutral,neutral,neutral,2050719,Uncertain significance,1,43.27,-,-0.0107,2.6839,-8.082,loss_of_function,-2.93628398767945,0.8787890962568929,Pathogenic,0.0779,benign,https://doi.org/10.1101/2022.10.22.513328
P899L,1.08804,1.33469,-1.3543956852899053,Neutral,Neutral,88.1,,0.0000079528554728,0.445,"COSMIC,mutations_clinvar",,False,88.1,,,,neutral,neutral,neutral,UP,neutral,neutral,neutral,1004736,Uncertain significance,1,49.39,T,-0.0969,2.0251,-3.9894,loss_of_function,-1.57318500359871,0.2718454681473911,Benign,0.1027,benign,https://doi.org/10.1101/2022.10.22.513328
P899S,1.1832,1.59898,-1.0862424719987418,Neutral,Neutral,88.1,,0.0000119290934684,0.299,"cBioPortal,COSMIC",,False,88.1,,,,neutral,neutral,neutral,DOWN,neutral,neutral,neutral,,,,49.39,T,-0.0448,2.0251,-3.3764,loss_of_function,-1.22411006254211,0.0088216052381431,Benign,0.0971,benign,https://doi.org/10.1101/2022.10.22.513328
S900C,-0.09344,0.48095,0.6616557433877792,Neutral,Neutral,90.5,,,0.410,COSMIC,,False,90.5,,,,uncertain,,,UP,neutral,neutral,neutral,,,,46.42,T,-0.0583,2.1219,-7.066,loss_of_function,-1.52253597330107,0.7271171490382693,Pathogenic,0.1012,benign,https://doi.org/10.1101/2022.10.22.513328
A901P,4.31001,3.16531,4.11628402743844,Destabilizing,Destabilizing,41.8,,,,mutations_clinvar,,False,41.8,,,,neutral,neutral,neutral,UP,neutral,neutral,neutral,2491190,Uncertain significance,1,52.1,-,-0.0897,3.119,-5.5131,loss_of_function,-1.98534164389456,0.3091837616111342,Benign,0.1161,benign,https://doi.org/10.1101/2022.10.22.513328
D902E,3.18426,1.19456,1.185888899458254,Uncertain,Uncertain,59.2,,0.0000318126868995,0.315,"cBioPortal,COSMIC,mutations_clinvar",,False,59.2,,,,neutral,neutral,neutral,UP,neutral,neutral,neutral,134259,Uncertain significance,2,67.1,-,0.0196,2.4773,-5.5235,gain_of_function,-0.911096125222406,0.8471936822405896,Pathogenic,0.2918,benign,https://doi.org/10.1101/2022.10.22.513328
D902H,3.7074,1.4915,0.7444654085832866,Uncertain,Uncertain,59.2,,,,mutations_clinvar,,False,59.2,,,,neutral,neutral,neutral,UP,neutral,neutral,neutral,1014233,Uncertain significance,2,67.1,-,-0.0461,2.4773,-5.7866,loss_of_function,-2.72660713858429,0.9031927447208156,Pathogenic,0.2935,benign,https://doi.org/10.1101/2022.10.22.513328
Q904H,0.43307,0.08299,0.002418305562476,Neutral,Neutral,55.6,,,0.230,"cBioPortal,COSMIC,mutations_clinvar",,False,55.6,,,,neutral,neutral,neutral,UP,neutral,neutral,neutral,2012276,Uncertain significance,1,81.43,H,-0.0013,2.4728,-8.0979,loss_of_function,-1.02847313525643,0.7719038860366467,Pathogenic,0.2968,benign,https://doi.org/10.1101/2022.10.22.513328
Q904R,0.37594,0.29388,-0.2552254402141057,Neutral,Neutral,55.6,,,,mutations_clinvar,,False,55.6,,,,neutral,neutral,neutral,UP,neutral,neutral,neutral,1036767,Uncertain significance,1,81.43,H,0.0011,2.4728,-1.6386,gain_of_function,-0.633371265998776,0.0297499768728652,Benign,0.0897,benign,https://doi.org/10.1101/2022.10.22.513328
R905I,-0.01093,-0.20748,0.0106079791342461,Neutral,Neutral,78.5,,,0.450,cBioPortal,,True,78.5,,,,neutral,neutral,neutral,DOWN,neutral,neutral,neutral,,,,78.99,H,-0.2107,2.4369,-21.3805,loss_of_function,-3.56939664748426,0.775466925609675,Pathogenic,0.1927,benign,https://doi.org/10.1101/2022.10.22.513328
R905K,-0.09802,-0.6585,0.0449002453423008,Neutral,Neutral,78.5,,,0.133,cBioPortal,,True,78.5,,,,neutral,neutral,neutral,-,uncertain,uncertain,uncertain,,,,78.99,H,0.0257,2.4369,-2.3379,gain_of_function,-0.869834134379249,0.0017868883868952,Benign,0.0914,benign,https://doi.org/10.1101/2022.10.22.513328
A906P,-0.2605,7.65816,5.191346222375981,Uncertain,Uncertain,24.1,,,0.610,COSMIC,,True,24.1,,,,neutral,neutral,neutral,UP,neutral,neutral,neutral,,,,81.27,H,-0.2496,1.524,-8.0926,loss_of_function,-4.88640615274814,0.9159881882970504,Pathogenic,0.5877,pathogenic,https://doi.org/10.1101/2022.10.22.513328
A906T,0.02692,-0.12551,0.8694861660996264,Neutral,Neutral,24.1,,,,mutations_clinvar,,True,24.1,,,,neutral,neutral,neutral,UP,neutral,neutral,neutral,933993,Uncertain significance,1,81.27,H,-0.071,1.524,-2.6333,loss_of_function,-1.5190446676305,0.8986726562719494,Pathogenic,0.1678,benign,https://doi.org/10.1101/2022.10.22.513328
A907V,0.79171,2.89694,0.2127560495475317,Uncertain,Neutral,0.1,,,,mutations_clinvar,,True,0.1,,,,neutral,neutral,neutral,UP,neutral,neutral,neutral,2170560,Uncertain significance,1,87.21,H,-0.0841,1.4086,-3.7004,loss_of_function,-1.62554672017303,0.7342895489873371,Pathogenic,0.2056,benign,https://doi.org/10.1101/2022.10.22.513328
L908F,1.18227,0.52177,0.780554570460546,Neutral,Neutral,28.7,,0.0000198827711811,0.459,cBioPortal,,True,28.7,,,,neutral,neutral,neutral,UP,neutral,neutral,neutral,,,,83.96,H,-0.1445,1.4258,-7.1032,loss_of_function,-1.55227677568493,0.7527064177383537,Pathogenic,0.1234,benign,https://doi.org/10.1101/2022.10.22.513328
L908P,5.13029,4.73537,6.800879135837281,Destabilizing,Destabilizing,28.7,,,0.832,"cBioPortal,COSMIC,mutations_clinvar",,True,28.7,,,,neutral,neutral,neutral,DOWN,neutral,neutral,neutral,974337,Pathogenic,0,83.96,H,-0.3674,1.4258,-21.391,loss_of_function,-5.56293443399551,0.9079425763442016,Pathogenic,0.5111,ambiguous,https://doi.org/10.1101/2022.10.22.513328
S909F,-0.61776,-0.86361,-1.1515164046621007,Neutral,Neutral,42.7,,,0.533,cBioPortal,,True,42.7,,,,uncertain,,,UP,neutral,neutral,neutral,,,,80.36,H,-0.1139,2.6118,-21.3858,loss_of_function,-2.84105086038629,0.5434503537600381,Uncertain,0.1351,benign,https://doi.org/10.1101/2022.10.22.513328
L910F,4.28686,4.70068,1.4093473930135332,Destabilizing,Uncertain,7.8,,,0.582,"cBioPortal,COSMIC,mutations_clinvar",,True,7.8,,,,neutral,neutral,neutral,UP,neutral,neutral,neutral,545113,Conflicting interpretations of pathogenicity,0,84.53,H,-0.3146,0.3701,-21.3962,loss_of_function,-6.67380608413819,0.9189616911562276,Pathogenic,0.4671,ambiguous,https://doi.org/10.1101/2022.10.22.513328
L910I,1.39079,1.38197,0.795481087509522,Neutral,Neutral,7.8,,,,mutations_clinvar,,True,7.8,,,,neutral,neutral,neutral,-,uncertain,uncertain,uncertain,1506107,Uncertain significance,2,84.53,H,-0.1824,0.3701,-7.1085,loss_of_function,-4.01417609528511,0.918994813358936,Pathogenic,0.1746,benign,https://doi.org/10.1101/2022.10.22.513328
L910V,1.75747,1.15578,1.1628781504772046,Neutral,Neutral,7.8,,,,mutations_clinvar,,True,7.8,,,,neutral,neutral,neutral,DOWN,neutral,neutral,neutral,858143,Uncertain significance,1,84.53,H,-0.2119,0.3701,-5.7866,loss_of_function,-2.70811136798502,0.7921608551189832,Pathogenic,0.1598,benign,https://doi.org/10.1101/2022.10.22.513328
W911L,0.88353,1.43912,2.998310804300301,Neutral,Uncertain,4.0,,,0.662,cBioPortal,,True,4.0,,,,neutral,neutral,neutral,DOWN,neutral,neutral,neutral,,,,84.6,H,-0.3956,0.5558,-7.1032,loss_of_function,-6.72001197474154,0.9182256921691072,Pathogenic,0.5711,pathogenic,https://doi.org/10.1101/2022.10.22.513328
T912I,0.38661,0.06156,-0.2255432049066696,Neutral,Neutral,48.2,,,,mutations_clinvar,,False,48.2,,,,uncertain,,,UP,neutral,neutral,neutral,1337460,Conflicting interpretations of pathogenicity,1,81.31,T,-0.1559,2.0477,-21.3858,loss_of_function,-0.666274452920617,2.288045243328236e-05,Benign,0.1716,benign,https://doi.org/10.1101/2022.10.22.513328
T912K,-0.34508,-0.62755,0.2692424247137975,Neutral,Neutral,48.2,,,,mutations_clinvar,,False,48.2,,,,uncertain,,,UP,neutral,neutral,neutral,1412107,Uncertain significance,1,81.31,T,-0.1109,2.0477,-1.3566,loss_of_function,-0.158403047329255,3.2033281124767676e-16,Benign,0.0802,benign,https://doi.org/10.1101/2022.10.22.513328
T912P,1.79947,5.45748,6.483774802264288,Uncertain,Uncertain,48.2,,,,mutations_clinvar,,False,48.2,,,,uncertain,,,-,uncertain,uncertain,uncertain,863473,Uncertain significance,2,81.31,T,-0.2265,2.0477,-8.0979,loss_of_function,-3.62976885584783,9.073638441302068e-07,Benign,0.1421,benign,https://doi.org/10.1101/2022.10.22.513328
T912R,-0.56373,-0.65646,-0.223582157485469,Neutral,Neutral,48.2,,0.0000039767756303,0.430,COSMIC,,False,48.2,,,,uncertain,,,UP,neutral,neutral,neutral,,,,81.31,T,-0.1133,2.0477,-1.2652,loss_of_function,-0.125954831643795,8.256719981978225e-20,Benign,0.0608,benign,https://doi.org/10.1101/2022.10.22.513328
H913P,8.68846,9.42857,6.648947952885982,Destabilizing,Destabilizing,42.7,,,,mutations_clinvar,,True,42.7,,,,neutral,neutral,neutral,DOWN,neutral,neutral,neutral,555969,Pathogenic/Likely pathogenic,2,78.43,-,-0.2743,1.974,-21.3858,loss_of_function,-4.73523943394349,0.0749156649053377,Benign,0.2391,benign,https://doi.org/10.1101/2022.10.22.513328
H913Q,0.40632,0.17313,1.133516660193193,Neutral,Neutral,42.7,3.18390219052e-05,,0.214,COSMIC,,True,42.7,,,,neutral,neutral,neutral,DOWN,neutral,neutral,neutral,,,,78.43,-,0.0248,1.974,-0.9791,gain_of_function,-0.527765947260891,4.186874941227832e-13,Benign,0.164,benign,https://doi.org/10.1101/2022.10.22.513328
R914I,0.00263,0.34048,-0.0958525272863614,Neutral,Neutral,80.9,,,0.361,"cBioPortal,mutations_clinvar",,True,80.9,,,,neutral,neutral,neutral,DOWN,neutral,neutral,neutral,1986138,Uncertain significance,1,77.74,H,-0.1763,2.8114,-21.391,loss_of_function,-3.65602843464043,0.5901949107724559,Uncertain,0.1844,benign,https://doi.org/10.1101/2022.10.22.513328
R914K,-0.00078,-0.10884,0.2462033572317129,Neutral,Neutral,80.9,,,0.180,"cBioPortal,COSMIC",,True,80.9,,,,neutral,neutral,neutral,-,uncertain,uncertain,uncertain,,,,77.74,H,0.0469,2.8114,-4.9334,gain_of_function,-0.9011576023211,0.0831672321535857,Benign,0.1036,benign,https://doi.org/10.1101/2022.10.22.513328
R914T,0.61302,0.65034,0.395421200390344,Neutral,Neutral,80.9,,,,mutations_clinvar,,True,80.9,,,,neutral,neutral,neutral,DOWN,neutral,neutral,neutral,662807,Uncertain significance,2,77.74,H,-0.0594,2.8114,-3.2959,loss_of_function,-0.0765884418087255,0.0004957714720466,Benign,0.1046,benign,https://doi.org/10.1101/2022.10.22.513328
R917Q,0.5886,-0.24864,1.2006419524761018,Neutral,Neutral,36.8,,0.0000079540573647,0.165,"cBioPortal,mutations_clinvar",,True,36.8,,,,neutral,neutral,neutral,DOWN,neutral,neutral,neutral,1438129,Uncertain significance,1,81.91,H,-0.1221,1.6523,-0.5955,loss_of_function,-0.047975343165022,8.859929817823379e-16,Benign,0.0723,benign,https://doi.org/10.1101/2022.10.22.513328
E918D,0.90004,0.47211,0.6590906306699812,Neutral,Neutral,28.0,,,0.303,cBioPortal,,True,28.0,,,,neutral,neutral,neutral,DOWN,neutral,neutral,neutral,,,,78.1,H,-0.0351,1.7915,-5.3012,loss_of_function,-0.868529976698104,0.1693431319178732,Benign,0.1309,benign,https://doi.org/10.1101/2022.10.22.513328
E918Q,0.52524,0.67857,0.5758581284768205,Neutral,Neutral,28.0,3.1841049481e-05,,0.337,"cBioPortal,COSMIC",,True,28.0,,,,neutral,neutral,neutral,UP,neutral,neutral,neutral,,,,78.1,H,-0.0282,1.7915,-2.6167,loss_of_function,-2.18165958437609,0.5788956379969195,Uncertain,0.1425,benign,https://doi.org/10.1101/2022.10.22.513328
V919A,1.58267,1.48435,2.0735689416577268,Neutral,Uncertain,6.7,,,,mutations_clinvar,,True,6.7,,,,neutral,neutral,neutral,DOWN,neutral,neutral,neutral,1055497,Uncertain significance,1,80.43,H,-0.2899,0.6171,-21.391,loss_of_function,-5.47545806956678,3.1310871934236024e-06,Benign,0.1563,benign,https://doi.org/10.1101/2022.10.22.513328
V919M,-1.73706,-1.49354,0.7013779053729748,Neutral,Neutral,6.7,,,,mutations_clinvar,,True,6.7,,,,neutral,neutral,neutral,UP,neutral,neutral,neutral,1692211,Uncertain significance,1,80.43,H,-0.2186,0.6171,-5.5183,loss_of_function,-1.00797198203284,2.103385320403062e-08,Benign,0.106,benign,https://doi.org/10.1101/2022.10.22.513328
L920F,4.19935,2.59388,1.8146739663141649,Uncertain,Uncertain,11.5,,,0.324,"cBioPortal,COSMIC",,False,11.5,,,,neutral,neutral,neutral,UP,neutral,neutral,neutral,,,,81.69,T,-0.0984,1.9828,-8.1032,loss_of_function,-4.43173277847535,0.906524208350341,Pathogenic,0.2332,benign,https://doi.org/10.1101/2022.10.22.513328
K921I,1.66424,1.12041,-0.0213814880673751,Neutral,Neutral,79.5,,,,mutations_clinvar,,False,79.5,,,,neutral,neutral,neutral,-,uncertain,uncertain,uncertain,203995,Likely pathogenic,0,77.56,T,-0.1594,2.1421,-21.3805,loss_of_function,-3.57619217561858,0.896495318635776,Pathogenic,0.3571,ambiguous,https://doi.org/10.1101/2022.10.22.513328
E922A,-0.02806,0.84762,0.5440028297871446,Neutral,Neutral,38.6,,,,mutations_clinvar,,False,38.6,,,,neutral,neutral,neutral,DOWN,neutral,neutral,neutral,1522900,Uncertain significance,1,80.73,S,-0.0334,2.3371,-8.0979,loss_of_function,-3.52915303171806,0.8990785004225308,Pathogenic,0.1187,benign,https://doi.org/10.1101/2022.10.22.513328
E922G,1.35951,2.34218,1.1540201627429751,Uncertain,Neutral,38.6,,,0.122,cBioPortal,,False,38.6,,,,neutral,neutral,neutral,DOWN,neutral,neutral,neutral,,,,80.73,S,-0.049,2.3371,-6.098,loss_of_function,-1.20484199634656,0.725866272916332,Pathogenic,0.0842,benign,https://doi.org/10.1101/2022.10.22.513328
E923V,0.1021,0.25102,0.57406463473996,Neutral,Neutral,91.0,,,,mutations_clinvar,,False,91.0,,,,neutral,neutral,neutral,-,uncertain,uncertain,uncertain,2153801,Uncertain significance,1,74.33,G,-0.1073,2.4163,-21.4067,loss_of_function,-2.90723451420859,0.0174163759853973,Benign,0.1661,benign,https://doi.org/10.1101/2022.10.22.513328
D924G,0.52826,0.98503,1.0214002415988024,Neutral,Neutral,103.3,,,0.511,COSMIC,,False,103.3,,,,neutral,neutral,neutral,DOWN,neutral,neutral,neutral,,,,76.09,G,-0.003,2.8468,-3.6491,loss_of_function,-0.985161643908417,6.452774675450207e-11,Benign,0.0592,benign,https://doi.org/10.1101/2022.10.22.513328
D924H,0.26772,0.24932,-0.1660033571783919,Neutral,Neutral,103.3,,,0.321,COSMIC,,False,103.3,,,,neutral,neutral,neutral,UP,neutral,neutral,neutral,,,,76.09,G,-0.0137,2.8468,-6.1085,loss_of_function,-2.36754434538684,0.0017838304921606,Benign,0.1131,benign,https://doi.org/10.1101/2022.10.22.513328
D924N,0.22099,0.04048,0.2317526159267818,Neutral,Neutral,103.3,,,0.163,cBioPortal,,False,103.3,,,,neutral,neutral,neutral,-,uncertain,uncertain,uncertain,,,,76.09,G,0.0187,2.8468,-8.1084,gain_of_function,-2.38906554625109,0.0027338391805425,Benign,0.0764,benign,https://doi.org/10.1101/2022.10.22.513328
L927V,2.33133,2.23231,1.2538538444832383,Uncertain,Uncertain,1.1,,,0.431,cBioPortal,,True,1.1,,,,neutral,neutral,neutral,DOWN,neutral,neutral,neutral,,,,88.92,-,-0.1979,0.4762,-4.9542,loss_of_function,-2.13256985727177,0.8957858519138898,Pathogenic,0.1914,benign,https://doi.org/10.1101/2022.10.22.513328
T928N,0.50248,1.66667,0.1107899667680517,Neutral,Neutral,39.8,,,,mutations_clinvar,,True,39.8,,,,uncertain,,,-,uncertain,uncertain,uncertain,1514314,Uncertain significance,1,90.27,-,-0.1219,1.9162,-6.5183,loss_of_function,-5.25724668103884,0.9083541034266156,Pathogenic,0.1939,benign,https://doi.org/10.1101/2022.10.22.513328
Y929F,-0.50094,-0.60884,0.0043943198796608,Neutral,Neutral,0.9,,,0.172,cBioPortal,,True,0.9,,,,uncertain,,,-,uncertain,uncertain,uncertain,,,,92.39,H,-0.0487,1.4308,-0.8395,loss_of_function,-0.952136617019363,0.0902457508359352,Benign,0.1116,benign,https://doi.org/10.1101/2022.10.22.513328
Y929H,3.16419,2.61429,2.3613918901037945,Uncertain,Uncertain,0.9,,,,mutations_clinvar,,True,0.9,,,,uncertain,,,DOWN,neutral,neutral,neutral,574216,Uncertain significance,1,92.39,H,-0.1559,1.4308,-8.0873,loss_of_function,-3.47812537715121,0.918733147805862,Pathogenic,0.9108,pathogenic,https://doi.org/10.1101/2022.10.22.513328
Y929S,5.22745,4.91565,4.887939370200944,Destabilizing,Destabilizing,0.9,,,,mutations_clinvar,,True,0.9,,,,uncertain,,,DOWN,neutral,neutral,neutral,1041108,Uncertain significance,1,92.39,H,-0.3207,1.4308,-21.3752,loss_of_function,-5.53002865985268,0.9169198356958964,Pathogenic,0.8467,pathogenic,https://doi.org/10.1101/2022.10.22.513328
D931H,2.1575,2.28061,0.7561036930775691,Uncertain,Uncertain,38.4,,0.0000039763644895,0.693,"cBioPortal,COSMIC,mutations_clinvar",,True,38.4,,,,neutral,neutral,neutral,UP,neutral,neutral,neutral,1947115,Uncertain significance,1,89.33,H,-0.235,1.2897,-21.3858,loss_of_function,-5.93025487601682,0.9013784203753932,Pathogenic,0.6076,pathogenic,https://doi.org/10.1101/2022.10.22.513328
D931N,1.06793,2.07925,1.0003600708448208,Uncertain,Neutral,38.4,,,0.494,cBioPortal,,True,38.4,,,,neutral,neutral,neutral,-,uncertain,uncertain,uncertain,,,,89.33,H,-0.1246,1.2897,-8.0979,loss_of_function,-3.56870802165069,0.8798676994004361,Pathogenic,0.2827,benign,https://doi.org/10.1101/2022.10.22.513328
W932L,3.74334,3.78707,5.148849278801629,Destabilizing,Destabilizing,0.7,,,0.732,COSMIC,,True,0.7,,,,neutral,neutral,neutral,DOWN,neutral,neutral,neutral,,,,93.15,H,-0.514,0.0621,-21.3962,loss_of_function,-6.71876489234443,0.911041600910272,Pathogenic,0.859,pathogenic,https://doi.org/10.1101/2022.10.22.513328
W932R,4.9706,5.87755,7.008584795979994,Destabilizing,Destabilizing,0.7,,,,mutations_clinvar,,True,0.7,,,,neutral,neutral,neutral,DOWN,neutral,neutral,neutral,974039,Pathogenic,0,93.15,H,-0.5504,0.0621,-21.3962,loss_of_function,-6.71876489234443,0.90451884354298,Pathogenic,0.9886,pathogenic,https://doi.org/10.1101/2022.10.22.513328
H934N,0.34666,1.04014,1.0368100107931997,Neutral,Neutral,39.2,,,,mutations_clinvar,,True,39.2,,,,neutral,neutral,neutral,DOWN,neutral,neutral,neutral,579205,Uncertain significance,1,86.9,H,0.0544,3.0533,-7.1032,gain_of_function,-2.00602491605446,5.0567874392318e-06,Benign,0.1074,benign,https://doi.org/10.1101/2022.10.22.513328
E936D,2.21482,1.16735,1.2420321528986924,Uncertain,Uncertain,0.0,,,,mutations_clinvar,,True,0.0,,,,neutral,neutral,neutral,DOWN,neutral,neutral,neutral,974041,Uncertain significance,0,89.86,H,-0.2788,0.035,-21.3858,loss_of_function,-4.0075581851847,0.9121255220915564,Pathogenic,0.9549,pathogenic,https://doi.org/10.1101/2022.10.22.513328
E936G,3.77428,2.82619,2.9598855114274905,Uncertain,Uncertain,0.0,,,,mutations_clinvar,,True,0.0,,,,neutral,neutral,neutral,DOWN,neutral,neutral,neutral,859808,Pathogenic,2,89.86,H,-0.3388,0.035,-21.3858,loss_of_function,-6.65909467924835,0.9164473803109078,Pathogenic,0.9,pathogenic,https://doi.org/10.1101/2022.10.22.513328
E936K,4.68825,5.66463,3.1083012881508707,Destabilizing,Destabilizing,0.0,,,,mutations_clinvar,,True,0.0,,,,neutral,neutral,neutral,UP,neutral,neutral,neutral,974040,Pathogenic,0,89.86,H,-0.3351,0.035,-21.3858,loss_of_function,-6.65909467924835,0.9099765987249936,Pathogenic,0.9419,pathogenic,https://doi.org/10.1101/2022.10.22.513328
E938Q,-0.4607,0.34898,0.3089834191558244,Neutral,Neutral,17.8,,,,mutations_clinvar,,True,17.8,,,,neutral,neutral,neutral,UP,neutral,neutral,neutral,971480,Uncertain significance,1,82.47,T,-0.0047,2.1518,-4.5131,loss_of_function,-1.63871267231132,0.573943848038763,Uncertain,0.1524,benign,https://doi.org/10.1101/2022.10.22.513328
I939M,-0.25953,1.16633,1.7956348263324886,Neutral,Neutral,0.0,,,,mutations_clinvar,,True,0.0,,,,neutral,neutral,neutral,-,uncertain,uncertain,uncertain,1510426,Uncertain significance,1,86.19,-,-0.1215,1.2307,-6.098,loss_of_function,-1.65321142484089,0.8472254854503756,Pathogenic,0.1695,benign,https://doi.org/10.1101/2022.10.22.513328
I939V,0.74087,0.32483,0.818419018617707,Neutral,Neutral,0.0,,,,mutations_clinvar,,True,0.0,,,,neutral,neutral,neutral,DOWN,neutral,neutral,neutral,641396,Uncertain significance,1,86.19,-,-0.0486,1.2307,-0.7317,loss_of_function,-0.842897013519973,1.4251879292654622e-05,Benign,0.1562,benign,https://doi.org/10.1101/2022.10.22.513328
Q940E,-0.14699,1.40408,0.5490631436990356,Neutral,Neutral,51.2,,0.0000039763961127,0.224,cBioPortal,,False,51.2,,,,neutral,neutral,neutral,DOWN,neutral,neutral,neutral,,,,83.75,-,0.0119,2.5493,-6.098,gain_of_function,-0.767067677744734,0.285996761590623,Benign,0.0886,benign,https://doi.org/10.1101/2022.10.22.513328
Q940H,0.23322,1.07449,-0.0413362712453735,Neutral,Neutral,51.2,,,,mutations_clinvar,,False,51.2,,,,neutral,neutral,neutral,UP,neutral,neutral,neutral,2076848,Uncertain significance,1,83.75,-,0.0285,2.5493,-3.6386,gain_of_function,-0.828468705497986,0.1220871137740684,Benign,0.1617,benign,https://doi.org/10.1101/2022.10.22.513328
Q940K,-0.75259,0.91531,0.3105414782193211,Neutral,Neutral,51.2,,,0.243,cBioPortal,,False,51.2,,,,neutral,neutral,neutral,UP,neutral,neutral,neutral,,,,83.75,-,-0.011,2.5493,-5.098,loss_of_function,-0.505128884434105,0.4789843776126052,Uncertain,0.1096,benign,https://doi.org/10.1101/2022.10.22.513328
P941H,4.75094,0.71701,0.1088990775741688,Uncertain,Uncertain,20.7,,,,mutations_clinvar,,False,20.7,,,,neutral,neutral,neutral,UP,neutral,neutral,neutral,2179458,Uncertain significance,1,79.32,G,-0.2423,1.3013,-21.3805,loss_of_function,-6.02518951301155,0.9173634138132016,Pathogenic,0.2947,benign,https://doi.org/10.1101/2022.10.22.513328
P941T,2.02383,0.45646,0.3801314154077367,Uncertain,Uncertain,20.7,,,,mutations_clinvar,,False,20.7,,,,neutral,neutral,neutral,-,uncertain,uncertain,uncertain,1053222,Uncertain significance,1,79.32,G,-0.2154,1.3013,-21.3805,loss_of_function,-4.84897125227193,0.9191839306849844,Pathogenic,0.1803,benign,https://doi.org/10.1101/2022.10.22.513328
E942D,0.50227,1.18469,0.5507434995971278,Neutral,Neutral,91.5,,,,mutations_clinvar,,False,91.5,,,,neutral,neutral,neutral,DOWN,neutral,neutral,neutral,456103,Uncertain significance,1,79.66,G,0.0132,2.2166,-3.5078,gain_of_function,-0.767120753222357,0.0440794793419558,Benign,0.1422,benign,https://doi.org/10.1101/2022.10.22.513328
E942Q,0.56888,1.02925,0.5989633242076298,Neutral,Neutral,91.5,,,0.333,cBioPortal,,False,91.5,,,,neutral,neutral,neutral,UP,neutral,neutral,neutral,,,,79.66,G,-0.0089,2.2166,-6.5078,loss_of_function,-1.23167094630286,0.6753282737876917,Uncertain,0.1126,benign,https://doi.org/10.1101/2022.10.22.513328
A943P,3.29331,5.55782,4.917573668098605,Destabilizing,Destabilizing,52.2,,,,mutations_clinvar,,False,52.2,,,,neutral,neutral,neutral,UP,neutral,neutral,neutral,1684723,Uncertain significance,1,82.46,G,-0.1704,3.1223,-21.3805,loss_of_function,-3.69650815352982,0.0980647787636359,Benign,0.2977,benign,https://doi.org/10.1101/2022.10.22.513328
A943V,0.1674,-0.44014,0.1627325616460673,Neutral,Neutral,52.2,,,,mutations_clinvar,,False,52.2,,,,neutral,neutral,neutral,UP,neutral,neutral,neutral,2182136,Conflicting interpretations of pathogenicity,1,82.46,G,0.0787,3.1223,-2.7004,gain_of_function,-0.196139631219144,2.7098016886015314e-09,Benign,0.0763,benign,https://doi.org/10.1101/2022.10.22.513328
D944E,3.8085,3.7102,1.33992354768874,Destabilizing,Uncertain,0.4,,,0.517,COSMIC,,False,0.4,,,,neutral,neutral,neutral,UP,neutral,neutral,neutral,,,,86.46,-,-0.2804,0.0966,-21.3962,loss_of_function,-4.04271583259317,0.9137280573848532,Pathogenic,0.8567,pathogenic,https://doi.org/10.1101/2022.10.22.513328
D944N,4.04275,1.84524,0.9319737714051364,Uncertain,Uncertain,0.4,,,,mutations_clinvar,,False,0.4,,,,neutral,neutral,neutral,-,uncertain,uncertain,uncertain,1719161,Uncertain significance,1,86.46,-,-0.3022,0.0966,-21.3962,loss_of_function,-4.04271583259317,0.906966747846632,Pathogenic,0.6904,pathogenic,https://doi.org/10.1101/2022.10.22.513328
A945S,1.34813,0.62551,0.5226906584500962,Neutral,Neutral,3.4,,,0.307,cBioPortal,,False,3.4,,,,neutral,neutral,neutral,-,uncertain,uncertain,uncertain,,,,86.02,S,0.0588,2.889,-2.974,gain_of_function,-0.532901062145008,1.7590245824977496e-10,Benign,0.1053,benign,https://doi.org/10.1101/2022.10.22.513328
A945T,0.96679,0.55204,0.0587944091143372,Neutral,Neutral,3.4,,,,mutations_clinvar,,False,3.4,,,,neutral,neutral,neutral,UP,neutral,neutral,neutral,1045439,Uncertain significance,2,86.02,S,0.0348,2.889,-6.5183,gain_of_function,-0.622886196528254,1.0826493921403422e-05,Benign,0.0839,benign,https://doi.org/10.1101/2022.10.22.513328
A945V,-1.68787,-0.43844,-0.5955516833709074,Neutral,Neutral,3.4,,,,mutations_clinvar,,False,3.4,,,,neutral,neutral,neutral,UP,neutral,neutral,neutral,1396865,Uncertain significance,1,86.02,S,0.0572,2.889,-2.711,gain_of_function,-0.300653675996199,1.2339670581493772e-07,Benign,0.0775,benign,https://doi.org/10.1101/2022.10.22.513328
L946F,1.05982,1.59762,0.4939733932030526,Neutral,Neutral,15.3,,,0.497,"cBioPortal,COSMIC,mutations_clinvar",,False,15.3,,,,neutral,neutral,neutral,UP,neutral,neutral,neutral,2146531,Uncertain significance,1,88.43,S,-0.2504,0.2754,-7.1032,loss_of_function,-5.11866900255335,0.9140879256828828,Pathogenic,0.3329,benign,https://doi.org/10.1101/2022.10.22.513328
L946V,1.05481,1.28707,1.039732802394793,Neutral,Neutral,15.3,,,0.473,"cBioPortal,mutations_clinvar",,False,15.3,,,,neutral,neutral,neutral,DOWN,neutral,neutral,neutral,2002428,Uncertain significance,1,88.43,S,-0.3002,0.2754,-21.391,loss_of_function,-4.03278896744254,0.8821972285967403,Pathogenic,0.2776,benign,https://doi.org/10.1101/2022.10.22.513328
S947L,1.70864,1.10918,0.13767835849678,Neutral,Neutral,65.9,,,0.526,"cBioPortal,COSMIC",,False,65.9,,,,uncertain,,,UP,neutral,neutral,neutral,,,,86.27,-,-0.2582,1.0369,-21.391,loss_of_function,-5.56914721844774,0.9040586524073636,Pathogenic,0.1831,benign,https://doi.org/10.1101/2022.10.22.513328
D948A,1.84568,0.63027,0.1530995124357748,Neutral,Neutral,80.7,,,,mutations_clinvar,,False,80.7,,,,neutral,neutral,neutral,DOWN,neutral,neutral,neutral,1718265,Uncertain significance,1,82.77,H,-0.0946,1.638,-1.974,loss_of_function,-1.64264202460507,0.5421521449079529,Uncertain,0.1472,benign,https://doi.org/10.1101/2022.10.22.513328
D948H,2.04604,0.6517,-0.2099998554404786,Uncertain,Uncertain,80.7,3.18532203606e-05,0.0000039764277364,0.414,"cBioPortal,mutations_clinvar",,False,80.7,,,,neutral,neutral,neutral,UP,neutral,neutral,neutral,1057210,Uncertain significance,2,82.77,H,-0.1249,1.638,-6.1033,loss_of_function,-1.66752657488166,0.8117855476699843,Pathogenic,0.2194,benign,https://doi.org/10.1101/2022.10.22.513328
D948V,1.99716,0.46327,-0.1391778664083953,Neutral,Neutral,80.7,,,,mutations_clinvar,,False,80.7,,,,neutral,neutral,neutral,UP,neutral,neutral,neutral,998546,Uncertain significance,2,82.77,H,-0.1678,1.638,-7.1032,loss_of_function,-2.9932285317033,0.91771612506805,Pathogenic,0.2236,benign,https://doi.org/10.1101/2022.10.22.513328
T949I,-0.25087,-0.02279,-0.0158478841413095,Neutral,Neutral,90.4,,,,mutations_clinvar,,False,90.4,,,,uncertain,,,UP,neutral,neutral,neutral,1017086,Uncertain significance,1,84.66,H,0.0017,2.8692,-5.3012,gain_of_function,-0.708672323107809,0.1845610721471401,Benign,0.1321,benign,https://doi.org/10.1101/2022.10.22.513328
T949N,-0.40769,0.32143,0.2955769539063779,Neutral,Neutral,90.4,,,0.275,"cBioPortal,COSMIC",,False,90.4,,,,uncertain,,,-,uncertain,uncertain,uncertain,,,,84.66,H,-0.0321,2.8692,-6.1085,loss_of_function,-2.26686427766492,0.8230216772389767,Pathogenic,0.1527,benign,https://doi.org/10.1101/2022.10.22.513328
T949S,-0.0302,0.26497,0.345692563948537,Neutral,Neutral,90.4,,,0.218,cBioPortal,,False,90.4,,,,neutral,,,DOWN,neutral,neutral,neutral,,,,84.66,H,0.0807,2.8692,-2.0211,gain_of_function,-0.655376599339173,0.1574421843345283,Benign,0.1283,benign,https://doi.org/10.1101/2022.10.22.513328
R951Q,1.5338,2.36939,1.6614153081854666,Uncertain,Neutral,4.3,0.0001273885350318,0.0000516952050709,0.731,"cBioPortal,mutations_clinvar",,False,4.3,,,,neutral,neutral,neutral,DOWN,neutral,neutral,neutral,526433,Pathogenic/Likely pathogenic,2,88.42,H,-0.2894,0.1947,-7.0927,loss_of_function,-4.70385562808729,0.9123968848802744,Pathogenic,0.4184,ambiguous,https://doi.org/10.1101/2022.10.22.513328
R951W,7.86999,2.13197,0.5452070868792471,Uncertain,Uncertain,4.3,,0.0000238595151747,0.755,"cBioPortal,COSMIC,mutations_clinvar",,False,4.3,,,,neutral,neutral,neutral,UP,neutral,neutral,neutral,408196,Pathogenic/Likely pathogenic,2,88.42,H,-0.3375,0.1947,-8.0926,loss_of_function,-6.49641836131395,0.9133194653558095,Pathogenic,0.6011,pathogenic,https://doi.org/10.1101/2022.10.22.513328
Q952H,0.4776,0.82789,-0.1119444495092447,Neutral,Neutral,52.4,3.1843077315e-05,0.0000995294248792,0.235,"cBioPortal,mutations_clinvar",,False,52.4,,,,neutral,neutral,neutral,UP,neutral,neutral,neutral,456104,Conflicting interpretations of pathogenicity,1,87.12,H,-0.0413,1.7938,-3.7057,loss_of_function,-1.38161750921849,0.00343327437162,Benign,0.2503,benign,https://doi.org/10.1101/2022.10.22.513328
Q952P,3.88134,9.3568,5.809144453642891,Destabilizing,Destabilizing,52.4,,,,mutations_clinvar,,False,52.4,,,,neutral,neutral,neutral,DOWN,neutral,neutral,neutral,1523599,Uncertain significance,1,87.12,H,-0.3041,1.7938,-21.3858,loss_of_function,-3.72582445636824,0.2694104600107103,Benign,0.4673,ambiguous,https://doi.org/10.1101/2022.10.22.513328
D953A,-0.16355,-0.62177,-0.472330414481707,Neutral,Neutral,91.5,,,,mutations_clinvar,,False,91.5,,,,neutral,neutral,neutral,DOWN,neutral,neutral,neutral,2146246,Uncertain significance,1,87.67,H,-0.1088,1.7343,-6.5078,loss_of_function,-2.22997281432147,0.8109977925408657,Pathogenic,0.2493,benign,https://doi.org/10.1101/2022.10.22.513328
D953E,-0.32735,-0.47925,-0.5938692014655805,Neutral,Neutral,91.5,0.0017517039301866,0.0013495008041273,0.156,"cBioPortal,COSMIC,FANCA_icope_sentieon_input,mutations_clinvar",,False,91.5,,,,neutral,neutral,neutral,UP,neutral,neutral,neutral,"376974, 134262","Conflicting interpretations of pathogenicity, Conflicting interpretations of pathogenicity","1, 1",87.67,H,-0.0298,1.7343,-1.8074,loss_of_function,-0.864243855509658,0.1433900465943744,Benign,0.3002,benign,https://doi.org/10.1101/2022.10.22.513328
F954C,3.54704,3.67755,4.845019962284821,Destabilizing,Destabilizing,0.4,,,0.824,cBioPortal,,False,0.4,,,,neutral,neutral,neutral,DOWN,neutral,neutral,neutral,,,,91.76,H,-0.3128,1.0883,-21.3645,loss_of_function,-6.0091931528166,0.9080339013841529,Pathogenic,0.8887,pathogenic,https://doi.org/10.1101/2022.10.22.513328
F954L,1.31593,0.95476,2.82200140224772,Neutral,Uncertain,0.4,,,0.695,"cBioPortal,mutations_clinvar",,False,0.4,,,,neutral,neutral,neutral,DOWN,neutral,neutral,neutral,992111,Uncertain significance,2,91.76,H,-0.2507,1.0883,-21.3645,loss_of_function,-6.0091931528166,0.9106791809424932,Pathogenic,0.9759,pathogenic,https://doi.org/10.1101/2022.10.22.513328
F954Y,-0.36489,-0.05816,1.2254751235270858,Neutral,Neutral,0.4,,,0.500,cBioPortal,,False,0.4,,,,neutral,neutral,neutral,-,uncertain,uncertain,uncertain,,,,91.76,H,-0.1357,1.0883,-1.6011,loss_of_function,-1.93271652635594,0.4968926185322281,Uncertain,0.3423,ambiguous,https://doi.org/10.1101/2022.10.22.513328
W957C,4.44119,5.45272,2.994993506186428,Destabilizing,Uncertain,17.1,,,0.859,"cBioPortal,COSMIC",,False,17.1,,,,neutral,neutral,neutral,DOWN,neutral,neutral,neutral,,,,92.73,I,-0.4115,0.3127,-8.0873,loss_of_function,-6.54452280866946,0.8937617199596983,Pathogenic,0.9687,pathogenic,https://doi.org/10.1101/2022.10.22.513328
W957R,3.56183,4.27823,1.860507366252378,Destabilizing,Uncertain,17.1,,,0.868,COSMIC,,False,17.1,,,,neutral,neutral,neutral,DOWN,neutral,neutral,neutral,,,,92.73,I,-0.5272,0.3127,-21.3752,loss_of_function,-6.54452280866946,0.9025477173814253,Pathogenic,0.9603,pathogenic,https://doi.org/10.1101/2022.10.22.513328
A958E,3.65707,3.62041,2.0446741094214262,Destabilizing,Uncertain,0.3,,,0.670,COSMIC,,False,0.3,,,,neutral,neutral,neutral,UP,neutral,neutral,neutral,,,,92.5,I,-0.2469,0.91,-7.0927,loss_of_function,-6.19101259651661,0.8850224188000798,Pathogenic,0.8832,pathogenic,https://doi.org/10.1101/2022.10.22.513328
A958P,7.98941,10.06395,7.497195384197545,Destabilizing,Destabilizing,0.3,,,0.645,"cBioPortal,COSMIC",,False,0.3,,,,neutral,neutral,neutral,UP,neutral,neutral,neutral,,,,92.5,I,-0.3739,0.91,-21.3805,loss_of_function,-6.19101259651661,0.910795804013671,Pathogenic,0.9734,pathogenic,https://doi.org/10.1101/2022.10.22.513328
A958V,1.85353,2.52619,0.6247851955775282,Uncertain,Neutral,0.3,6.37023824691e-05,0.0000079589952564,0.599,"cBioPortal,mutations_clinvar",,False,0.3,,,,neutral,neutral,neutral,UP,neutral,neutral,neutral,1362005,Uncertain significance,1,92.5,I,-0.1303,0.91,-3.7708,loss_of_function,-3.27473054012652,0.7684424593429506,Pathogenic,0.3176,benign,https://doi.org/10.1101/2022.10.22.513328
H960D,0.22596,1.58333,1.778273263076925,Neutral,Neutral,18.2,,,,mutations_clinvar,,False,18.2,,,,neutral,neutral,neutral,DOWN,neutral,neutral,neutral,2179654,Uncertain significance,1,88.39,I,-0.104,2.5635,-21.3805,loss_of_function,-2.71311939476351,0.867307713604694,Pathogenic,0.2947,benign,https://doi.org/10.1101/2022.10.22.513328
H960Q,-0.30121,0.93707,1.2511358052116883,Neutral,Neutral,18.2,,,,mutations_clinvar,,False,18.2,,,,neutral,neutral,neutral,DOWN,neutral,neutral,neutral,887561,Uncertain significance,1,88.39,I,0.0597,2.5635,-4.7708,gain_of_function,-1.88944028934307,0.5386806114819808,Uncertain,0.1873,benign,https://doi.org/10.1101/2022.10.22.513328
H960R,-0.39865,0.52449,0.9995014901116468,Neutral,Neutral,18.2,,,,mutations_clinvar,,False,18.2,,,,neutral,neutral,neutral,UP,neutral,neutral,neutral,1380505,Uncertain significance,1,88.39,I,-0.0092,2.5635,-4.9228,loss_of_function,-1.20711955999785,0.023850599416156,Benign,0.0943,benign,https://doi.org/10.1101/2022.10.22.513328
H960Y,-3.39654,0.07619,-0.7387006289083387,Uncertain,Uncertain,18.2,,,,mutations_clinvar,,False,18.2,,,,neutral,neutral,neutral,UP,neutral,neutral,neutral,1423893,Uncertain significance,1,88.39,I,0.0739,2.5635,-1.2854,gain_of_function,-0.0867623135698275,9.83662092153648e-07,Benign,0.067,benign,https://doi.org/10.1101/2022.10.22.513328
E961A,0.86988,0.67211,0.4243878860601452,Neutral,Neutral,71.1,,0.0000039779779143,0.260,"COSMIC,mutations_clinvar",,False,71.1,,,,neutral,neutral,neutral,DOWN,neutral,neutral,neutral,2039940,Uncertain significance,1,88.36,I,-0.0859,1.7662,-8.082,loss_of_function,-4.66928417172593,0.8728405462608049,Pathogenic,0.1965,benign,https://doi.org/10.1101/2022.10.22.513328
E961K,-0.09029,0.09898,0.1986317652423325,Neutral,Neutral,71.1,,,0.340,cBioPortal,,False,71.1,,,,neutral,neutral,neutral,UP,neutral,neutral,neutral,,,,88.36,I,-0.0998,1.7662,-6.4971,loss_of_function,-2.14903545897055,0.8723352778799808,Pathogenic,0.1225,benign,https://doi.org/10.1101/2022.10.22.513328
H962L,-1.19644,-0.00782,-0.1585880125337269,Neutral,Neutral,27.9,,,,mutations_clinvar,,False,27.9,,,,neutral,neutral,neutral,UP,neutral,neutral,neutral,2420671,Uncertain significance,1,89.44,I,-0.0057,2.6153,-2.5382,loss_of_function,-1.80999485789128,0.7021886173923081,Pathogenic,0.2189,benign,https://doi.org/10.1101/2022.10.22.513328
H962Q,0.13649,1.18265,1.0499055397760235,Neutral,Neutral,27.9,,,0.241,cBioPortal,,False,27.9,,,,neutral,neutral,neutral,DOWN,neutral,neutral,neutral,,,,89.44,I,0.0645,2.6153,-4.7708,gain_of_function,-1.65040313935657,0.3449652051475015,Uncertain,0.3227,benign,https://doi.org/10.1101/2022.10.22.513328
L964F,2.04212,3.57721,1.1318355061495102,Uncertain,Uncertain,15.4,,,0.449,"cBioPortal,COSMIC",,False,15.4,,,,neutral,neutral,neutral,UP,neutral,neutral,neutral,,,,89.56,T,-0.2165,0.5543,-5.4918,loss_of_function,-2.15560046812732,0.8921796295213651,Pathogenic,0.22,benign,https://doi.org/10.1101/2022.10.22.513328
P965A,1.67376,-0.2466,-0.2280453542218302,Neutral,Neutral,46.4,,,,mutations_clinvar,,True,46.4,,,,neutral,neutral,neutral,DOWN,neutral,neutral,neutral,2154185,Uncertain significance,1,88.55,T,-0.1582,1.0569,-8.0767,loss_of_function,-3.90271245940673,0.9186013115845868,Pathogenic,0.2017,benign,https://doi.org/10.1101/2022.10.22.513328
P965H,1.70048,-0.67109,-0.7599845542429345,Neutral,Neutral,46.4,,,0.335,COSMIC,,True,46.4,,,,neutral,neutral,neutral,UP,neutral,neutral,neutral,,,,88.55,T,-0.1867,1.0569,-6.0768,loss_of_function,-3.4934780974714,0.9189531891747588,Pathogenic,0.3264,benign,https://doi.org/10.1101/2022.10.22.513328
P965L,1.29179,-0.87551,-0.9508270291506826,Neutral,Neutral,46.4,,,0.234,cBioPortal,,True,46.4,,,,neutral,neutral,neutral,UP,neutral,neutral,neutral,,,,88.55,T,-0.1967,1.0569,-6.0768,loss_of_function,-2.17115761669975,0.911098072796842,Pathogenic,0.1893,benign,https://doi.org/10.1101/2022.10.22.513328
P965S,1.93164,0.09354,-0.2109157134418066,Neutral,Neutral,46.4,,,0.213,"cBioPortal,COSMIC",,True,46.4,,,,neutral,neutral,neutral,DOWN,neutral,neutral,neutral,,,,88.55,T,-0.1384,1.0569,-4.2695,loss_of_function,-2.60605426484063,0.7531398224763702,Pathogenic,0.3015,benign,https://doi.org/10.1101/2022.10.22.513328
E966K,-0.45473,0.42143,0.1890721045896565,Neutral,Neutral,49.8,,,,mutations_clinvar,,True,49.8,,,,neutral,neutral,neutral,UP,neutral,neutral,neutral,1384560,Uncertain significance,1,86.29,S,0.0177,2.8774,-3.4972,gain_of_function,0.027156826542076,8.135484614107395e-07,Benign,0.0628,benign,https://doi.org/10.1101/2022.10.22.513328
E966Q,-0.12541,-0.39626,0.0787649358059244,Neutral,Neutral,49.8,,,0.086,cBioPortal,,True,49.8,,,,neutral,neutral,neutral,UP,neutral,neutral,neutral,,,,86.29,S,0.0627,2.8774,-4.3817,gain_of_function,-0.455360660679068,4.137999654958018e-05,Benign,0.0737,benign,https://doi.org/10.1101/2022.10.22.513328
S967F,0.32936,1.90748,0.4341248909416273,Neutral,Neutral,57.9,,,0.345,cBioPortal,,True,57.9,,,,uncertain,,,UP,neutral,neutral,neutral,,,,85.86,-,-0.2274,1.3771,-21.3699,loss_of_function,-4.02724189828316,0.0294460447034514,Benign,0.2417,benign,https://doi.org/10.1101/2022.10.22.513328
S968L,-0.37314,0.83571,-0.3625011025344227,Neutral,Neutral,63.0,,0.0000119309911472,0.203,"cBioPortal,COSMIC,mutations_clinvar",,True,63.0,,,,uncertain,,,UP,neutral,neutral,neutral,237044,Uncertain significance,2,81.06,G,-0.0584,2.2714,-4.4972,loss_of_function,-1.32605166548289,0.0341663951016643,Benign,0.0903,benign,https://doi.org/10.1101/2022.10.22.513328
A969T,-0.0473,-0.09014,0.2448300666167324,Neutral,Neutral,98.6,,,,mutations_clinvar,,True,98.6,,,,neutral,neutral,neutral,UP,neutral,neutral,neutral,2335523,Uncertain significance,1,78.18,G,-0.0413,1.9825,-5.0821,loss_of_function,-0.725485272543196,0.2901235412912356,Benign,0.0853,benign,https://doi.org/10.1101/2022.10.22.513328
S970L,-0.08264,-1.57585,-0.9932554289570412,Neutral,Neutral,33.8,,,0.182,"cBioPortal,COSMIC",,False,33.8,,,,uncertain,,,UP,neutral,neutral,neutral,,,,79.26,G,0.0042,2.9335,-4.1753,gain_of_function,-0.955924040689745,2.553625767446662e-07,Benign,0.0801,benign,https://doi.org/10.1101/2022.10.22.513328
G971A,5.13554,2.9068,2.539188743608481,Uncertain,Uncertain,20.4,,,,mutations_clinvar,,False,20.4,,,,neutral,neutral,neutral,UP,neutral,neutral,neutral,1992434,Uncertain significance,1,82.21,T,-0.2854,0.2824,-8.0713,loss_of_function,-6.54367847204188,0.9158534895456988,Pathogenic,0.4995,ambiguous,https://doi.org/10.1101/2022.10.22.513328
G972A,7.10855,2.98537,1.0229238373611245,Uncertain,Uncertain,0.0,,,,mutations_clinvar,,False,0.0,,,,neutral,neutral,neutral,UP,neutral,neutral,neutral,498550,Uncertain significance,1,88.32,S,-0.3636,0.1693,-21.3592,loss_of_function,-6.54367847204188,0.8880603120631985,Pathogenic,0.5567,ambiguous,https://doi.org/10.1101/2022.10.22.513328
G972C,14.38176,3.50782,3.158331247131245,Destabilizing,Destabilizing,0.0,,,,mutations_clinvar,,False,0.0,,,,neutral,neutral,neutral,UP,neutral,neutral,neutral,2008543,Uncertain significance,1,88.32,S,-0.4233,0.1693,-21.3592,loss_of_function,-6.54367847204188,0.905770902236471,Pathogenic,0.7296,pathogenic,https://doi.org/10.1101/2022.10.22.513328
G972S,13.32204,4.19728,2.4694340090010485,Destabilizing,Uncertain,0.0,,,,mutations_clinvar,,False,0.0,,,,neutral,neutral,neutral,UP,neutral,neutral,neutral,1447279,Uncertain significance,1,88.32,S,-0.3017,0.1693,-8.0713,loss_of_function,-6.54367847204188,0.917563404096916,Pathogenic,0.4921,ambiguous,https://doi.org/10.1101/2022.10.22.513328
D974E,0.31911,2.33231,0.5943149148014928,Uncertain,Neutral,63.1,,,,mutations_clinvar,,False,63.1,,,,neutral,neutral,neutral,UP,neutral,neutral,neutral,1420075,Uncertain significance,2,85.66,T,-0.0612,1.5636,-4.8854,loss_of_function,-0.962008488577414,0.0138702797355818,Benign,0.2585,benign,https://doi.org/10.1101/2022.10.22.513328
G975R,1.71555,1.01122,0.3494036109407988,Neutral,Neutral,61.0,,0.0000079541206322,0.694,"cBioPortal,mutations_clinvar",,False,61.0,,,,neutral,neutral,neutral,UP,neutral,neutral,neutral,1413064,Uncertain significance,2,84.48,T,-0.3481,0.3452,-6.4865,loss_of_function,-4.02026822027263,0.9068649915163672,Pathogenic,0.3218,benign,https://doi.org/10.1101/2022.10.22.513328
G975V,3.93919,5.18946,1.738714474438937,Destabilizing,Uncertain,61.0,,,0.733,cBioPortal,,False,61.0,,,,neutral,neutral,neutral,UP,neutral,neutral,neutral,,,,84.48,T,-0.4342,0.3452,-21.3592,loss_of_function,-6.34272782826029,0.9173080567931866,Pathogenic,0.7152,pathogenic,https://doi.org/10.1101/2022.10.22.513328
D976G,4.32652,3.15204,1.418541825732997,Destabilizing,Uncertain,65.0,,,0.693,"cBioPortal,mutations_clinvar",,False,65.0,,,,neutral,neutral,neutral,DOWN,neutral,neutral,neutral,1336646,Uncertain significance,1,85.25,-,-0.2725,0.9002,-21.3538,loss_of_function,-5.66248272507068,0.8957284827903973,Pathogenic,0.4221,ambiguous,https://doi.org/10.1101/2022.10.22.513328
D976H,5.00659,2.40884,0.3216082416814386,Uncertain,Uncertain,65.0,,,0.611,"cBioPortal,COSMIC",,False,65.0,,,,neutral,neutral,neutral,UP,neutral,neutral,neutral,,,,85.25,-,-0.2707,0.9002,-21.3538,loss_of_function,-2.6663519784722,0.9148464520750834,Pathogenic,0.3295,benign,https://doi.org/10.1101/2022.10.22.513328
A979G,1.02891,1.38367,1.0293275241731852,Neutral,Neutral,48.9,,,,mutations_clinvar,,False,48.9,,,,neutral,neutral,neutral,DOWN,neutral,neutral,neutral,1998332,Uncertain significance,1,86.27,H,-0.054,2.9958,-21.3645,loss_of_function,-3.084882702519,0.0945749370846693,Benign,0.1296,benign,https://doi.org/10.1101/2022.10.22.513328
A979V,0.04937,-0.33299,0.1528196794981451,Neutral,Neutral,48.9,,,0.315,COSMIC,,False,48.9,,,,neutral,neutral,neutral,UP,neutral,neutral,neutral,,,,86.27,H,0.0666,2.9958,-2.7914,gain_of_function,-0.637853020236257,9.081110817821116e-12,Benign,0.0839,benign,https://doi.org/10.1101/2022.10.22.513328
A980P,6.88073,6.27143,6.485915483352237,Destabilizing,Destabilizing,1.3,,,,mutations_clinvar,,True,1.3,,,,neutral,neutral,neutral,UP,neutral,neutral,neutral,915870,Uncertain significance,0,89.52,H,-0.3364,1.3166,-21.3645,loss_of_function,-5.61368564740055,0.8963763280401457,Pathogenic,0.8976,pathogenic,https://doi.org/10.1101/2022.10.22.513328
A980V,1.26083,0.68605,0.226587976885651,Neutral,Neutral,1.3,,0.0000238629313225,0.442,"cBioPortal,mutations_clinvar",,True,1.3,,,,neutral,neutral,neutral,UP,neutral,neutral,neutral,526389,Uncertain significance,2,89.52,H,-0.1149,1.3166,-8.0767,loss_of_function,-3.88094514194056,0.9152751065619704,Pathogenic,0.4535,ambiguous,https://doi.org/10.1101/2022.10.22.513328
C981R,7.24271,4.82041,6.2779197306263566,Destabilizing,Destabilizing,0.0,,,,mutations_clinvar,,True,0.0,,,,neutral,neutral,neutral,UP,neutral,neutral,neutral,224986,Conflicting interpretations of pathogenicity,1,89.01,H,-0.4999,0.4393,-21.3645,loss_of_function,-6.1601839903885,0.906676399109619,Pathogenic,0.9029,pathogenic,https://doi.org/10.1101/2022.10.22.513328
C981S,1.13043,1.60612,1.7225763989022242,Neutral,Neutral,0.0,,,,mutations_clinvar,,True,0.0,,,,neutral,neutral,neutral,DOWN,neutral,neutral,neutral,435127,Uncertain significance,2,89.01,H,-0.3655,0.4393,-7.0768,loss_of_function,-1.5120920455546,0.8797756185592263,Pathogenic,0.4312,ambiguous,https://doi.org/10.1101/2022.10.22.513328
T982A,-0.08399,0.0483,0.4219397709872047,Neutral,Neutral,29.4,3.18532203606e-05,0.0000198848270815,0.157,"COSMIC,mutations_clinvar",,True,29.4,,,,uncertain,,,DOWN,neutral,neutral,neutral,134261,Uncertain significance,2,88.45,H,0.0108,2.5583,-3.0,gain_of_function,-0.688476642970448,0.0013627020249328,Benign,0.0734,benign,https://doi.org/10.1101/2022.10.22.513328
T982I,-1.44798,-0.6966,-0.3780238642298894,Neutral,Neutral,29.4,,,0.255,COSMIC,,True,29.4,,,,uncertain,,,UP,neutral,neutral,neutral,,,,88.45,H,-0.036,2.5583,-7.0874,loss_of_function,-2.63454994627785,0.3512938464753958,Uncertain,0.1887,benign,https://doi.org/10.1101/2022.10.22.513328
T982S,0.56623,0.78571,1.0914283068767725,Neutral,Neutral,29.4,,,,mutations_clinvar,,True,29.4,,,,neutral,,,DOWN,neutral,neutral,neutral,1438655,Uncertain significance,1,88.45,H,0.0519,2.5583,-2.0431,gain_of_function,-0.737030791375426,0.0152864245449938,Benign,0.1161,benign,https://doi.org/10.1101/2022.10.22.513328
I983F,-0.05575,1.03673,0.9817414871000212,Neutral,Neutral,34.3,,0.0000039769021523,0.315,"cBioPortal,mutations_clinvar",,True,34.3,,,,neutral,neutral,neutral,UP,neutral,neutral,neutral,1522512,Uncertain significance,1,88.9,H,-0.1465,2.5691,-21.3752,loss_of_function,-2.25792872998709,0.1372665605760538,Benign,0.1585,benign,https://doi.org/10.1101/2022.10.22.513328
I983M,0.23464,1.21054,1.289722005291137,Neutral,Neutral,34.3,,,,mutations_clinvar,,True,34.3,,,,neutral,neutral,neutral,-,uncertain,uncertain,uncertain,639631,Conflicting interpretations of pathogenicity,1,88.9,H,-0.0085,2.5691,-8.0873,loss_of_function,-1.18196270774111,0.0731019258203342,Benign,0.1222,benign,https://doi.org/10.1101/2022.10.22.513328
L984V,2.28538,0.53946,1.310503860970868,Uncertain,Uncertain,0.2,,,0.371,cBioPortal,,True,0.2,,,,neutral,neutral,neutral,DOWN,neutral,neutral,neutral,,,,90.39,H,-0.1274,1.2504,-5.0927,loss_of_function,-1.5040854700904,0.8780588333083817,Pathogenic,0.1338,benign,https://doi.org/10.1101/2022.10.22.513328
N986H,0.09327,0.05,0.1472886546629509,Neutral,Neutral,37.6,,,0.266,"cBioPortal,COSMIC",,True,37.6,,,,neutral,neutral,neutral,UP,neutral,neutral,neutral,,,,89.2,H,-0.0211,2.4304,-4.7708,loss_of_function,-2.20153711946659,0.0063920511395547,Benign,0.1097,benign,https://doi.org/10.1101/2022.10.22.513328
A987P,4.66889,10.06054,7.903127473064897,Destabilizing,Destabilizing,0.1,,,,mutations_clinvar,,False,0.1,,,,neutral,neutral,neutral,UP,neutral,neutral,neutral,456105,Uncertain significance,2,88.69,H,-0.2625,2.1211,-21.3805,loss_of_function,-4.6280206908811,0.2738642618621908,Benign,0.8473,pathogenic,https://doi.org/10.1101/2022.10.22.513328
A987S,0.53702,2.02551,1.4892691821273498,Uncertain,Neutral,0.1,,,,mutations_clinvar,,False,0.1,,,,neutral,neutral,neutral,-,uncertain,uncertain,uncertain,456106,Uncertain significance,1,88.69,H,-0.0261,2.1211,-5.7708,loss_of_function,-1.61164809119793,0.0245281994068484,Benign,0.1082,benign,https://doi.org/10.1101/2022.10.22.513328
A987T,-0.13102,1.32415,1.2612970900316616,Neutral,Neutral,0.1,,0.0000397750324167,0.211,"cBioPortal,COSMIC,mutations_clinvar",,False,0.1,,,,neutral,neutral,neutral,UP,neutral,neutral,neutral,845257,Uncertain significance,2,88.69,H,-0.0154,2.1211,-2.5078,loss_of_function,-0.288269837968642,4.049784004612811e-05,Benign,0.0867,benign,https://doi.org/10.1101/2022.10.22.513328
A987V,-1.26258,1.47755,0.2474984929230289,Neutral,Neutral,0.1,,0.0000119324148026,0.356,"COSMIC,mutations_clinvar",,False,0.1,,,,neutral,neutral,neutral,UP,neutral,neutral,neutral,2056755,Conflicting interpretations of pathogenicity,1,88.69,H,-0.0114,2.1211,-2.3114,loss_of_function,-0.87192992893107,4.580188729166633e-12,Benign,0.1269,benign,https://doi.org/10.1101/2022.10.22.513328
L988P,6.79692,9.93946,9.346523328469432,Destabilizing,Destabilizing,3.3,,,0.605,"cBioPortal,COSMIC",,False,3.3,,,,neutral,neutral,neutral,DOWN,neutral,neutral,neutral,,,,85.34,H,-0.3408,1.7145,-21.3805,loss_of_function,-5.03735450266849,0.9189024413482118,Pathogenic,0.897,pathogenic,https://doi.org/10.1101/2022.10.22.513328
M989I,0.9212,0.01803,0.6423924120860616,Neutral,Neutral,0.3,,,,mutations_clinvar,,False,0.3,,,,neutral,neutral,neutral,-,uncertain,uncertain,uncertain,1336642,Uncertain significance,2,83.56,H,-0.0791,1.5785,-3.7004,loss_of_function,-0.711607636223681,0.0022104550478494,Benign,0.4133,ambiguous,https://doi.org/10.1101/2022.10.22.513328
M989K,4.85225,4.24082,4.3855470593976085,Destabilizing,Destabilizing,0.3,,,0.602,cBioPortal,,False,0.3,,,,neutral,neutral,neutral,UP,neutral,neutral,neutral,,,,83.56,H,-0.3146,1.5785,-21.3805,loss_of_function,-5.05264430390237,0.8749551315497055,Pathogenic,0.6259,pathogenic,https://doi.org/10.1101/2022.10.22.513328
D990N,-1.02993,0.18707,0.0684909446047554,Neutral,Neutral,42.7,,0.0000159111521265,0.559,"cBioPortal,mutations_clinvar",,False,42.7,,,,neutral,neutral,neutral,-,uncertain,uncertain,uncertain,408197,Uncertain significance,2,82.98,H,-0.1701,0.6971,-6.3457,loss_of_function,-1.09841168414967,0.8856358968373319,Pathogenic,0.1897,benign,https://doi.org/10.1101/2022.10.22.513328
H992L,0.68763,-0.8415,-0.4814262821695081,Neutral,Neutral,21.2,,,,mutations_clinvar,,False,21.2,,,,neutral,neutral,neutral,UP,neutral,neutral,neutral,526364,Uncertain significance,1,71.59,H,0.0283,3.1166,-4.9273,gain_of_function,-1.66064358120052,0.0007603729829624,Benign,0.122,benign,https://doi.org/10.1101/2022.10.22.513328
H992Q,1.18798,0.46871,0.9821131070262806,Neutral,Neutral,21.2,,,,mutations_clinvar,,False,21.2,,,,neutral,neutral,neutral,DOWN,neutral,neutral,neutral,1441738,Uncertain significance,1,71.59,H,0.1192,3.1166,-3.0909,gain_of_function,-1.65368094120648,8.511231206597618e-06,Benign,0.1683,benign,https://doi.org/10.1101/2022.10.22.513328
H992Y,0.05407,-1.04286,-0.6112702114183488,Neutral,Neutral,21.2,,0.0000079569687132,0.264,"cBioPortal,mutations_clinvar",,False,21.2,,,,neutral,neutral,neutral,UP,neutral,neutral,neutral,1021119,Uncertain significance,1,71.59,H,0.115,3.1166,-3.2112,gain_of_function,-0.588636382469095,9.978796581592894e-13,Benign,0.0747,benign,https://doi.org/10.1101/2022.10.22.513328
Q993K,-0.99822,-0.3102,1.1058391402898662,Neutral,Neutral,23.7,,,,mutations_clinvar,,False,23.7,,,,neutral,neutral,neutral,UP,neutral,neutral,neutral,134263,Conflicting interpretations of pathogenicity,1,67.48,H,-0.0209,2.4597,-5.4262,loss_of_function,-2.1553270935405,0.6819748932749726,Pathogenic,0.1074,benign,https://doi.org/10.1101/2022.10.22.513328
S994C,0.49229,0.82619,0.7073150823697008,Neutral,Neutral,48.6,,,0.439,cBioPortal,,False,48.6,,,,uncertain,,,UP,neutral,neutral,neutral,,,,62.07,S,-0.0568,2.0651,-5.7482,loss_of_function,-1.60183938809552,0.9006883527444463,Pathogenic,0.1053,benign,https://doi.org/10.1101/2022.10.22.513328
S994R,-0.88675,1.57177,-0.3516966668536786,Neutral,Neutral,48.6,,,,mutations_clinvar,,False,48.6,,,,uncertain,,,UP,neutral,neutral,neutral,555392,Uncertain significance,1,62.07,S,-0.0859,2.0651,-2.9408,loss_of_function,-0.938371064537875,0.0115889617300442,Benign,0.2391,benign,https://doi.org/10.1101/2022.10.22.513328
R996S,0.28419,0.52619,0.4343780894572535,Neutral,Neutral,64.8,,,0.159,COSMIC,,False,64.8,,,,neutral,neutral,neutral,DOWN,neutral,neutral,neutral,,,,48.44,G,-0.079,2.5973,-4.1224,loss_of_function,-1.47869988034007,0.2514071531434142,Benign,0.2374,benign,https://doi.org/10.1101/2022.10.22.513328
R996T,0.31248,0.58333,0.3434831536637872,Neutral,Neutral,64.8,,,0.201,cBioPortal,,False,64.8,,,,neutral,neutral,neutral,DOWN,neutral,neutral,neutral,,,,48.44,G,-0.1016,2.5973,-7.7072,loss_of_function,-1.65357171842597,0.7814293794511702,Pathogenic,0.1519,benign,https://doi.org/10.1101/2022.10.22.513328
S997C,-0.16674,-0.01905,0.2262066251289213,Neutral,Neutral,30.2,,,,mutations_clinvar,,False,30.2,,,,uncertain,,,UP,neutral,neutral,neutral,974158,Uncertain significance,0,41.9,G,-0.0338,2.3687,-6.7142,loss_of_function,-1.71111914147108,0.8195367570534303,Pathogenic,0.0869,benign,https://doi.org/10.1101/2022.10.22.513328
Y998C,1.58367,2.90816,1.5723294507014556,Uncertain,Neutral,63.5,,,0.372,COSMIC,,True,63.5,,,,uncertain,,,DOWN,neutral,neutral,neutral,,,,39.56,-,-0.0141,3.3837,-3.1844,loss_of_function,-0.623339820191344,0.0003272032819226,Benign,0.066,benign,https://doi.org/10.1101/2022.10.22.513328
D999G,0.56065,2.65918,1.071841709567643,Uncertain,Neutral,50.1,,,,mutations_clinvar,,True,50.1,,,,neutral,neutral,neutral,DOWN,neutral,neutral,neutral,1356874,Uncertain significance,1,41.05,-,0.0314,3.2274,-3.758,gain_of_function,-0.399942856913435,8.313967343705984e-05,Benign,0.0698,benign,https://doi.org/10.1101/2022.10.22.513328
D999H,0.93147,0.89184,-0.2468588376528385,Neutral,Neutral,50.1,,,,mutations_clinvar,,True,50.1,,,,neutral,neutral,neutral,UP,neutral,neutral,neutral,946443,Uncertain significance,1,41.05,-,0.0267,3.2274,-5.0381,gain_of_function,-0.875476117835126,0.0260977337526308,Benign,0.095,benign,https://doi.org/10.1101/2022.10.22.513328
H1000L,-0.21019,0.14456,-0.3355426367031094,Neutral,Neutral,93.6,,,0.325,cBioPortal,,True,93.6,,,,neutral,neutral,neutral,UP,neutral,neutral,neutral,,,,30.29,-,0.0357,3.1761,-4.5423,gain_of_function,-1.29560283112464,0.5662344703696129,Uncertain,0.0864,benign,https://doi.org/10.1101/2022.10.22.513328
H1000Q,-1.60033,0.98946,0.2346961010850479,Neutral,Neutral,93.6,,,,mutations_clinvar,,True,93.6,,,,neutral,neutral,neutral,DOWN,neutral,neutral,neutral,456107,Uncertain significance,2,30.29,-,0.1165,3.1761,-4.6943,gain_of_function,-0.949569935432703,0.8280666997159626,Pathogenic,0.1163,benign,https://doi.org/10.1101/2022.10.22.513328
H1000R,-0.26342,-0.04524,-0.0975647118497918,Neutral,Neutral,93.6,,0.0000039775032417,0.310,cBioPortal,,True,93.6,,,,neutral,neutral,neutral,UP,neutral,neutral,neutral,,,,30.29,-,0.0516,3.1761,-4.0568,gain_of_function,-0.295821420081836,0.0126027397935072,Benign,0.0649,benign,https://doi.org/10.1101/2022.10.22.513328
E1002D,0.78247,-0.01871,-0.2538290446305313,Neutral,Neutral,104.8,,,0.119,cBioPortal,,False,104.8,,,,neutral,neutral,neutral,DOWN,neutral,neutral,neutral,,,,34.38,T,0.0403,2.5283,-3.8074,gain_of_function,-0.72733828594424,,,0.126,benign,https://doi.org/10.1101/2022.10.22.513328
N1003H,0.22472,0.11735,-0.0311155579042776,Neutral,Neutral,109.9,,,0.208,"cBioPortal,COSMIC",,False,109.9,,,,neutral,neutral,neutral,UP,neutral,neutral,neutral,,,,29.79,T,0.0532,3.1953,-4.012,gain_of_function,-1.26304733730789,,,0.0993,benign,https://doi.org/10.1101/2022.10.22.513328
N1003S,0.3425,0.32585,0.4725551822284524,Neutral,Neutral,109.9,,,,mutations_clinvar,,False,109.9,,,,neutral,neutral,neutral,DOWN,neutral,neutral,neutral,1583229,Conflicting interpretations of pathogenicity,1,29.79,T,0.091,3.1953,-3.4594,gain_of_function,-0.85629165407399,,,0.0958,benign,https://doi.org/10.1101/2022.10.22.513328
N1003Y,-0.02662,0.04898,0.3160107517893568,Neutral,Neutral,109.9,,,0.213,"COSMIC,mutations_clinvar",,False,109.9,,,,neutral,neutral,neutral,UP,neutral,neutral,neutral,1319522,Uncertain significance,1,29.79,T,0.0056,3.1953,-6.3339,gain_of_function,-1.78718877396016,,,0.1093,benign,https://doi.org/10.1101/2022.10.22.513328
L1006F,-0.52472,0.39626,-0.0122030040263199,Neutral,Neutral,102.3,,,,mutations_clinvar,,False,102.3,,,,neutral,neutral,neutral,UP,neutral,neutral,neutral,1692212,Uncertain significance,1,28.38,S,-0.0511,2.3026,-4.6114,loss_of_function,-0.436005864058785,,,0.0814,benign,https://doi.org/10.1101/2022.10.22.513328
F1008L,0.08688,0.6466,-0.0987015348076975,Neutral,Neutral,106.8,,,0.204,cBioPortal,,False,106.8,,,,neutral,neutral,neutral,DOWN,neutral,neutral,destabilizing,,,,31.29,T,0.026,2.9937,-1.4919,gain_of_function,-0.255635326429346,1.7035467007136586e-20,Benign,0.3583,ambiguous,https://doi.org/10.1101/2022.10.22.513328
G1009V,0.29425,-0.28503,0.2723145510615232,Neutral,Neutral,93.8,,,,mutations_clinvar,,False,93.8,,,,neutral,neutral,neutral,UP,neutral,neutral,neutral,1914730,Uncertain significance,1,31.73,T,-0.2147,2.7183,-21.1395,loss_of_function,-2.12806023460478,0.7313778979714965,Pathogenic,0.1475,benign,https://doi.org/10.1101/2022.10.22.513328
G1010V,0.35055,-0.5398,1.2411920954751643,Neutral,Neutral,70.1,,,,mutations_clinvar,,True,70.1,,,,neutral,neutral,neutral,UP,neutral,neutral,neutral,1022177,Uncertain significance,1,33.79,S,-0.1975,2.1669,-7.8264,loss_of_function,-1.7980304965155,0.8483009585947077,Pathogenic,0.1263,benign,https://doi.org/10.1101/2022.10.22.513328
R1011C,0.7647,1.48367,1.0084711824315715,Neutral,Neutral,80.2,,,,mutations_clinvar,,True,80.2,,,,neutral,neutral,neutral,DOWN,neutral,neutral,destabilizing,414834,Benign/Likely benign,2,41.79,-,-0.0216,3.2351,-2.7454,loss_of_function,-0.42554575333092,3.6045510472901504e-10,Benign,0.0896,benign,https://doi.org/10.1101/2022.10.22.513328
R1011H,-0.15969,0.46599,0.1922831206873315,Neutral,Neutral,80.2,6.37104994903e-05,0.0000318172417633,0.243,"cBioPortal,COSMIC,mutations_clinvar",,True,80.2,,,,neutral,neutral,neutral,DOWN,neutral,neutral,destabilizing,576577,Conflicting interpretations of pathogenicity,1,41.79,-,0.0124,3.2351,-3.7454,gain_of_function,-0.364080420789761,8.58322808558953e-05,Benign,0.0719,benign,https://doi.org/10.1101/2022.10.22.513328
T1012I,-0.19765,-0.46905,-0.2488874125104462,Neutral,Neutral,42.6,,,0.384,"cBioPortal,COSMIC",,True,42.6,,,,uncertain,,,UP,neutral,neutral,neutral,,,,48.18,-,-0.0612,2.1863,-5.3219,loss_of_function,-1.02132327970399,0.0347219832500181,Benign,0.1334,benign,https://doi.org/10.1101/2022.10.22.513328
G1013R,3.22413,-1.05,-0.4452368905241538,Uncertain,Uncertain,36.8,,,0.339,cBioPortal,,True,36.8,,,,neutral,neutral,neutral,UP,neutral,neutral,neutral,,,,51.16,T,-0.1889,2.1555,-7.9306,loss_of_function,-2.3882619046909,0.8413530778823161,Pathogenic,0.29,benign,https://doi.org/10.1101/2022.10.22.513328
E1015D,0.03667,0.80034,0.5363810186321971,Neutral,Neutral,41.5,,,,mutations_clinvar,,True,41.5,,,,neutral,neutral,neutral,DOWN,neutral,neutral,neutral,1441343,Uncertain significance,1,72.83,H,0.0054,2.3788,-7.9599,gain_of_function,-0.158951227790201,0.0003722201684197,Benign,0.1676,benign,https://doi.org/10.1101/2022.10.22.513328
E1015K,0.24279,0.56156,0.7093372151528473,Neutral,Neutral,41.5,,,0.270,"cBioPortal,COSMIC,mutations_clinvar",,True,41.5,,,,neutral,neutral,neutral,UP,neutral,neutral,neutral,974250,Uncertain significance,0,72.83,H,-0.0356,2.3788,-4.96,loss_of_function,-0.710009599054014,0.0022671944023354,Benign,0.0784,benign,https://doi.org/10.1101/2022.10.22.513328
D1016G,2.28228,3.01633,1.8595886048421653,Uncertain,Uncertain,19.9,,,,mutations_clinvar,,True,19.9,,,,neutral,neutral,neutral,DOWN,neutral,neutral,neutral,840841,Uncertain significance,1,81.35,H,-0.2147,0.733,-7.0056,loss_of_function,-3.25888132095424,0.8409804005890591,Pathogenic,0.2184,benign,https://doi.org/10.1101/2022.10.22.513328
D1016N,1.03775,2.07585,0.6187611429866102,Uncertain,Neutral,19.9,,,,mutations_clinvar,,True,19.9,,,,neutral,neutral,neutral,-,uncertain,uncertain,uncertain,1979558,Uncertain significance,1,81.35,H,-0.1651,0.733,-6.0056,loss_of_function,-0.176221186906337,0.8851784174029398,Pathogenic,0.1618,benign,https://doi.org/10.1101/2022.10.22.513328
S1019C,0.27871,0.22925,0.705957106621935,Neutral,Neutral,61.3,,,,mutations_clinvar,,False,61.3,,,,uncertain,,,UP,neutral,neutral,neutral,1692213,Uncertain significance,1,85.03,H,-0.0822,1.557,-1.5629,loss_of_function,-0.960087747398342,0.0117731712424449,Benign,0.0707,benign,https://doi.org/10.1101/2022.10.22.513328
S1019F,-0.95069,-0.85816,-0.4005686366222938,Neutral,Neutral,61.3,,,0.480,"cBioPortal,COSMIC",,False,61.3,,,,uncertain,,,UP,neutral,neutral,neutral,,,,85.03,H,-0.1346,1.557,-6.4374,loss_of_function,-2.07918839247414,0.8979399527581151,Pathogenic,0.1762,benign,https://doi.org/10.1101/2022.10.22.513328
S1019Y,-0.84621,-1.47959,-0.2826769733847534,Neutral,Neutral,61.3,,,,mutations_clinvar,,False,61.3,,,,uncertain,,,UP,neutral,neutral,neutral,1000629,Uncertain significance,1,85.03,H,-0.1475,1.557,-8.0222,loss_of_function,-3.04700993735162,0.8925243826749658,Pathogenic,0.176,benign,https://doi.org/10.1101/2022.10.22.513328
R1020S,1.47185,1.32585,1.7610829189186403,Neutral,Neutral,18.7,,,0.557,COSMIC,,False,18.7,,,,neutral,neutral,neutral,DOWN,neutral,neutral,neutral,,,,88.26,H,-0.2052,1.3535,-6.4374,loss_of_function,-4.39736171267653,0.9171674721434128,Pathogenic,0.7592,pathogenic,https://doi.org/10.1101/2022.10.22.513328
R1020T,1.21393,-0.00782,1.2266055482966844,Neutral,Neutral,18.7,,0.0000039766174892,0.578,"cBioPortal,mutations_clinvar",,False,18.7,,,,neutral,neutral,neutral,DOWN,neutral,neutral,neutral,1367748,Uncertain significance,1,88.26,H,-0.2126,1.3535,-7.0223,loss_of_function,-3.50739928439262,0.9173682606126548,Pathogenic,0.6073,pathogenic,https://doi.org/10.1101/2022.10.22.513328
L1021V,3.02735,3.42891,1.903347800748406,Destabilizing,Uncertain,0.7,,,0.502,cBioPortal,,False,0.7,,,,neutral,neutral,neutral,DOWN,neutral,neutral,neutral,,,,89.07,H,-0.2118,0.4071,-6.4374,loss_of_function,-2.48481916208879,0.9174682266798652,Pathogenic,0.2527,benign,https://doi.org/10.1101/2022.10.22.513328
L1021W,3.65177,6.40306,2.9602935312166125,Destabilizing,Uncertain,0.7,,,,mutations_clinvar,,False,0.7,,,,neutral,neutral,neutral,UP,neutral,neutral,neutral,577271,Uncertain significance,1,89.07,H,-0.4099,0.4071,-21.3101,loss_of_function,-5.48889784108716,0.9074605920928815,Pathogenic,0.6911,pathogenic,https://doi.org/10.1101/2022.10.22.513328
Q1022H,0.88931,0.85884,0.5471733976249573,Neutral,Neutral,41.1,,,,mutations_clinvar,,False,41.1,,,,neutral,neutral,neutral,UP,neutral,neutral,neutral,2053577,Uncertain significance,1,87.92,H,-0.2743,0.2383,-21.3156,loss_of_function,-6.37093882528305,0.9175178021021329,Pathogenic,0.8381,pathogenic,https://doi.org/10.1101/2022.10.22.513328
Q1022R,-0.54567,0.46531,0.2907589405115757,Neutral,Neutral,41.1,,,,mutations_clinvar,,False,41.1,,,,neutral,neutral,neutral,UP,neutral,neutral,neutral,1370936,Uncertain significance,1,87.92,H,-0.232,0.2383,-7.0278,loss_of_function,-6.11317125177642,0.91325941349656,Pathogenic,0.2943,benign,https://doi.org/10.1101/2022.10.22.513328
E1023D,0.47346,1.06395,0.790062785051124,Neutral,Neutral,43.4,3.18511912346e-05,0.0000477357349712,0.459,"cBioPortal,FANCA_icope_sentieon_input,mutations_clinvar",,False,43.4,,,,neutral,neutral,neutral,DOWN,neutral,neutral,neutral,550170,Uncertain significance,2,86.9,H,-0.1437,0.5949,-5.0168,loss_of_function,-0.944840367970381,0.8557193141820612,Pathogenic,0.404,ambiguous,https://doi.org/10.1101/2022.10.22.513328
E1023G,1.09595,1.77109,1.582663355791708,Neutral,Neutral,43.4,,0.0000755815803711,0.701,"COSMIC,mutations_clinvar",,False,43.4,,,,neutral,neutral,neutral,DOWN,neutral,neutral,neutral,1979252,Uncertain significance,1,86.9,H,-0.2191,0.5949,-8.0167,loss_of_function,-4.53517537655657,0.9189544124743838,Pathogenic,0.3825,ambiguous,https://doi.org/10.1101/2022.10.22.513328
M1024I,1.67451,2.38061,0.7114352857989611,Uncertain,Neutral,0.0,,,0.322,"cBioPortal,COSMIC",,False,0.0,,,,neutral,neutral,neutral,-,uncertain,uncertain,uncertain,,,,88.29,H,-0.0757,1.6892,-5.0334,loss_of_function,-0.776917734710012,0.8853619200949402,Pathogenic,0.6259,pathogenic,https://doi.org/10.1101/2022.10.22.513328
M1024T,2.4195,3.55816,2.5536518778915185,Uncertain,Uncertain,0.0,,,0.666,cBioPortal,,False,0.0,,,,neutral,neutral,neutral,DOWN,neutral,neutral,neutral,,,,88.29,H,-0.2127,1.6892,-21.3211,loss_of_function,-3.6631207947696,0.9116047878518272,Pathogenic,0.6807,pathogenic,https://doi.org/10.1101/2022.10.22.513328
M1024V,2.73187,2.91667,0.9781586697987444,Uncertain,Uncertain,0.0,,,0.461,"cBioPortal,mutations_clinvar",,False,0.0,,,,neutral,neutral,neutral,DOWN,neutral,neutral,neutral,623164,Likely pathogenic,1,88.29,H,-0.1062,1.6892,-4.7115,loss_of_function,-1.19199445039076,0.8200698991183747,Pathogenic,0.3104,benign,https://doi.org/10.1101/2022.10.22.513328
V1025L,-0.88258,2.12687,-0.138729714661025,Uncertain,Neutral,0.5,,,,mutations_clinvar,,False,0.5,,,,neutral,neutral,neutral,UP,neutral,neutral,neutral,2420882,Uncertain significance,1,85.29,H,-0.1014,1.6866,-3.6301,loss_of_function,-1.45980399549774,0.0010015171167941,Benign,0.2522,benign,https://doi.org/10.1101/2022.10.22.513328
A1026V,0.45653,-0.63197,0.0486653420339738,Neutral,Neutral,59.6,,,,mutations_clinvar,,False,59.6,,,,neutral,neutral,neutral,UP,neutral,neutral,neutral,1442343,Uncertain significance,1,81.59,H,0.0449,2.8021,-3.5462,gain_of_function,-0.738412030213918,1.4013399285839e-09,Benign,0.0979,benign,https://doi.org/10.1101/2022.10.22.513328
E1029K,-0.41117,2.6983,1.1835958294932196,Uncertain,Neutral,19.3,,,0.423,cBioPortal,,False,19.3,,,,neutral,neutral,neutral,UP,neutral,neutral,neutral,,,,73.33,H,-0.0865,1.9047,-6.3808,loss_of_function,-2.27074309826956,0.872104275863677,Pathogenic,0.3056,benign,https://doi.org/10.1101/2022.10.22.513328
D1033E,-0.51156,1.87551,0.2182552823558142,Neutral,Neutral,40.1,9.5523148443e-05,0.0001511102627728,0.102,"cBioPortal,COSMIC,mutations_clinvar",,False,40.1,,,,neutral,neutral,neutral,UP,neutral,neutral,neutral,408176,Conflicting interpretations of pathogenicity,1,55.41,H,0.0725,3.0423,-5.3505,gain_of_function,-2.07388757771866,,,0.1331,benign,https://doi.org/10.1101/2022.10.22.513328
L1034V,1.05762,0.10442,0.7015870097427351,Neutral,Neutral,75.1,,,,mutations_clinvar,,False,75.1,,,,neutral,neutral,neutral,DOWN,neutral,neutral,neutral,2191113,Uncertain significance,1,51.07,H,-0.0692,2.7567,-20.8652,loss_of_function,-0.829349292640988,,,0.0638,benign,https://doi.org/10.1101/2022.10.22.513328
V1036L,-0.63739,2.2,-0.2195384822900026,Uncertain,Neutral,52.1,,,0.042,"cBioPortal,COSMIC",,False,52.1,,,,neutral,neutral,neutral,UP,neutral,neutral,neutral,,,,44.22,-,0.01,2.9203,-4.0444,gain_of_function,-0.731899172001522,2.634136414992278e-06,Benign,0.099,benign,https://doi.org/10.1101/2022.10.22.513328
P1037A,1.08139,1.14558,-0.204888579307193,Neutral,Neutral,69.7,,,,mutations_clinvar,,False,69.7,,,,neutral,neutral,neutral,DOWN,neutral,neutral,neutral,1524424,Uncertain significance,1,40.36,-,0.0015,2.6074,-4.7459,gain_of_function,-0.452478019279487,0.0015425181299531,Benign,0.0836,benign,https://doi.org/10.1101/2022.10.22.513328
P1037T,1.10571,1.55034,-0.23773071563911,Neutral,Neutral,69.7,,,,mutations_clinvar,,False,69.7,,,,neutral,neutral,neutral,-,uncertain,uncertain,uncertain,887366,Uncertain significance,2,40.36,-,-0.0184,2.6074,-6.3309,loss_of_function,-1.56111412187142,0.8069894298624107,Pathogenic,0.0805,benign,https://doi.org/10.1101/2022.10.22.513328
L1038F,-0.105,0.30136,0.2041357185462505,Neutral,Neutral,110.4,,,,mutations_clinvar,,True,110.4,,,,neutral,neutral,neutral,UP,neutral,neutral,neutral,1706294,Uncertain significance,1,42.93,T,0.0645,3.6068,-5.4676,gain_of_function,-0.0537067739834542,0.0013817924714856,Benign,0.0684,benign,https://doi.org/10.1101/2022.10.22.513328
L1038V,0.06582,0.0415,0.213692240093915,Neutral,Neutral,110.4,,,0.111,"cBioPortal,COSMIC",,True,110.4,,,,neutral,neutral,neutral,DOWN,neutral,neutral,neutral,,,,42.93,T,0.0906,3.6068,-4.8826,gain_of_function,-0.345769941612479,0.0019165887158785,Benign,0.0656,benign,https://doi.org/10.1101/2022.10.22.513328
G1039D,3.22572,0.70578,1.3315670706820033,Uncertain,Uncertain,108.1,,,0.189,"cBioPortal,COSMIC,mutations_clinvar",,True,108.1,,,,neutral,neutral,neutral,UP,neutral,neutral,neutral,1345574,Uncertain significance,1,42.24,T,-0.2034,1.6763,-5.3339,loss_of_function,-1.08616701428491,0.0902457508359352,Benign,0.094,benign,https://doi.org/10.1101/2022.10.22.513328
G1039N,3.21492,0.28333,1.187794883149681,Uncertain,Uncertain,108.1,,,,cBioPortal,,True,108.1,,,,neutral,neutral,neutral,UP,neutral,neutral,neutral,,,,42.24,T,-0.2026,1.6763,-5.1115,loss_of_function,-1.67211007404811,0.4631895910312339,Uncertain,0.1571,benign,https://doi.org/10.1101/2022.10.22.513328
G1039S,3.33564,1.24966,1.7276402642560562,Uncertain,Uncertain,108.1,3.1849162367e-05,0.0000119300422323,0.090,"cBioPortal,COSMIC,mutations_clinvar",,True,108.1,,,,neutral,neutral,neutral,UP,neutral,neutral,neutral,574581,Uncertain significance,2,42.24,T,-0.1377,1.6763,-3.1115,loss_of_function,-0.372065897409449,0.0004226982676963,Benign,0.0795,benign,https://doi.org/10.1101/2022.10.22.513328
T1041S,0.06861,0.11429,0.0229194906186214,Neutral,Neutral,108.4,,,0.134,"cBioPortal,mutations_clinvar",,True,108.4,,,,neutral,,,DOWN,neutral,neutral,destabilizing,1435925,Uncertain significance,1,42.35,-,0.1144,3.2199,-1.7312,gain_of_function,-0.148879617100316,3.2467382382087228e-18,Benign,0.0798,benign,https://doi.org/10.1101/2022.10.22.513328
P1042L,0.37003,1.21769,-0.6218250312854279,Neutral,Neutral,52.9,,,0.116,"cBioPortal,mutations_clinvar",,True,52.9,,,,neutral,neutral,neutral,UP,neutral,neutral,neutral,1403963,Uncertain significance,1,48.05,-,-0.0004,3.1493,-5.3458,loss_of_function,-1.0515414689428,0.0147460856703948,Benign,0.0818,benign,https://doi.org/10.1101/2022.10.22.513328
P1042S,1.0496,1.43197,0.1637665640416796,Neutral,Neutral,52.9,,,,mutations_clinvar,,True,52.9,,,,neutral,neutral,neutral,DOWN,neutral,neutral,neutral,1399566,Uncertain significance,1,48.05,-,0.0567,3.1493,-3.7608,gain_of_function,-0.291477341339956,0.0004505227926915,Benign,0.0711,benign,https://doi.org/10.1101/2022.10.22.513328
S1043F,-0.40966,1.25,-0.0575887242527073,Neutral,Neutral,102.9,,,0.225,"cBioPortal,COSMIC,mutations_clinvar",,True,102.9,,,,uncertain,,,UP,neutral,neutral,neutral,1043267,Uncertain significance,1,49.06,-,-0.086,2.9072,-21.2593,loss_of_function,-2.67930886392979,0.5547175918234379,Uncertain,0.1246,benign,https://doi.org/10.1101/2022.10.22.513328
Q1044P,-0.42707,0.82585,1.198998571551264,Neutral,Neutral,89.8,,,0.284,cBioPortal,,True,89.8,,,,neutral,neutral,neutral,DOWN,neutral,neutral,neutral,,,,56.04,S,-0.1226,2.9344,-6.3923,loss_of_function,-1.75251685888829,0.2759958925540867,Benign,0.0747,benign,https://doi.org/10.1101/2022.10.22.513328
Q1044R,0.28136,0.97279,-0.8051588583917324,Neutral,Neutral,89.8,,,0.190,cBioPortal,,True,89.8,,,,neutral,neutral,neutral,UP,neutral,neutral,neutral,,,,56.04,S,0.0403,2.9344,-2.2768,gain_of_function,-0.384749805211888,4.089453591706533e-08,Benign,0.0625,benign,https://doi.org/10.1101/2022.10.22.513328
E1045A,0.44124,1.12109,0.4100274231953704,Neutral,Neutral,43.2,,,,mutations_clinvar,,True,43.2,,,,neutral,neutral,neutral,DOWN,neutral,neutral,neutral,1520171,Uncertain significance,1,62.3,S,0.0047,2.6562,-6.3808,gain_of_function,-0.467157658940939,1.6826755869386117e-07,Benign,0.0962,benign,https://doi.org/10.1101/2022.10.22.513328
E1045D,0.29327,1.98537,0.4267684032020091,Neutral,Neutral,43.2,,,0.208,cBioPortal,,True,43.2,,,,neutral,neutral,neutral,DOWN,neutral,neutral,neutral,,,,62.3,S,0.0471,2.6562,-4.7959,gain_of_function,-1.43924182414265,1.0312855812898024e-05,Benign,0.0923,benign,https://doi.org/10.1101/2022.10.22.513328
E1045K,-0.13007,1.00306,0.2594908879388558,Neutral,Neutral,43.2,,,0.098,cBioPortal,,True,43.2,,,,neutral,neutral,neutral,UP,neutral,neutral,neutral,,,,62.3,S,-0.0111,2.6562,-5.1584,loss_of_function,-0.73148090769653,0.0001199893167983,Benign,0.0944,benign,https://doi.org/10.1101/2022.10.22.513328
H1046Y,-0.50986,0.2398,0.2410578897649329,Neutral,Neutral,29.4,,0.0000159069760043,0.632,"cBioPortal,mutations_clinvar",,False,29.4,,,,neutral,neutral,neutral,UP,neutral,neutral,neutral,1020909,Uncertain significance,2,74.43,-,-0.1411,1.3337,-21.2477,loss_of_function,-3.0446522655738,0.9127457776796108,Pathogenic,0.1357,benign,https://doi.org/10.1101/2022.10.22.513328
L1048V,3.05952,2.12177,1.4529386655040717,Uncertain,Uncertain,0.0,,,,mutations_clinvar,,False,0.0,,,,neutral,neutral,neutral,DOWN,neutral,neutral,neutral,1371192,Uncertain significance,1,84.43,H,-0.1697,0.7476,-4.3219,loss_of_function,-0.887030355301426,0.3097407995753579,Benign,0.0963,benign,https://doi.org/10.1101/2022.10.22.513328
F1049S,3.6615,4.96565,5.528886660972605,Destabilizing,Destabilizing,3.8,,,0.580,"cBioPortal,COSMIC",,False,3.8,,,,neutral,neutral,neutral,DOWN,neutral,neutral,neutral,,,,84.39,H,-0.3182,1.1448,-21.3101,loss_of_function,-4.56747865411895,0.8806046784787537,Pathogenic,0.3882,ambiguous,https://doi.org/10.1101/2022.10.22.513328
E1050A,-0.05847,0.41599,0.571061347152553,Neutral,Neutral,38.8,,,,mutations_clinvar,,False,38.8,,,,neutral,neutral,neutral,DOWN,neutral,neutral,neutral,567585,Uncertain significance,1,83.49,H,0.0089,2.6377,-5.2094,gain_of_function,-0.536430074728547,7.069746828188326e-11,Benign,0.0858,benign,https://doi.org/10.1101/2022.10.22.513328
E1050D,0.72859,0.23639,0.62618695792961,Neutral,Neutral,38.8,,,0.190,"cBioPortal,mutations_clinvar",,False,38.8,,,,neutral,neutral,neutral,DOWN,neutral,neutral,neutral,1374822,Uncertain significance,1,83.49,H,0.0534,2.6377,-3.2095,gain_of_function,-0.734497975463255,2.74292661512604e-08,Benign,0.0953,benign,https://doi.org/10.1101/2022.10.22.513328
E1050K,0.22881,0.56599,0.4287496196451018,Neutral,Neutral,38.8,,,0.163,cBioPortal,,False,38.8,,,,neutral,neutral,neutral,UP,neutral,neutral,neutral,,,,83.49,H,-0.0121,2.6377,-5.0168,loss_of_function,-0.664567739676995,6.633425423057749e-06,Benign,0.0938,benign,https://doi.org/10.1101/2022.10.22.513328
E1050Q,-0.00749,-0.16871,0.4021705350894017,Neutral,Neutral,38.8,,,0.121,cBioPortal,,False,38.8,,,,neutral,neutral,neutral,UP,neutral,neutral,neutral,,,,83.49,H,0.0415,2.6377,-4.2095,gain_of_function,-0.35755253369448,9.714041439190253e-09,Benign,0.086,benign,https://doi.org/10.1101/2022.10.22.513328
I1051V,1.27576,1.08469,0.7539149661382113,Neutral,Neutral,4.4,,,0.117,"cBioPortal,COSMIC",,False,4.4,,,,neutral,neutral,neutral,DOWN,neutral,neutral,neutral,,,,85.66,H,0.0394,2.2222,-1.3586,gain_of_function,-0.466985355335644,6.377680067402929e-16,Benign,0.0913,benign,https://doi.org/10.1101/2022.10.22.513328
F1052L,3.01527,1.29184,1.3434118173674592,Uncertain,Uncertain,0.8,,,,mutations_clinvar,,True,0.8,,,,neutral,neutral,neutral,DOWN,neutral,neutral,neutral,2441342,Uncertain significance,1,87.01,H,-0.0861,1.7903,-1.7556,loss_of_function,-0.82084283060895,0.0176958845105291,Benign,0.7835,pathogenic,https://doi.org/10.1101/2022.10.22.513328
F1052S,5.25508,4.74048,5.191048236598013,Destabilizing,Destabilizing,0.8,,,,mutations_clinvar,,True,0.8,,,,neutral,neutral,neutral,DOWN,neutral,neutral,neutral,1710963,Uncertain significance,1,87.01,H,-0.2588,1.7903,-21.3101,loss_of_function,-4.34055955471215,0.9170388104872282,Pathogenic,0.7331,pathogenic,https://doi.org/10.1101/2022.10.22.513328
R1053C,1.1522,0.92857,1.487918825359186,Neutral,Neutral,39.3,9.55353162219e-05,0.0002147629653198,0.451,"cBioPortal,COSMIC,mutations_clinvar",,True,39.3,,,,neutral,neutral,neutral,DOWN,neutral,neutral,neutral,408205,Conflicting interpretations of pathogenicity,1,83.98,H,-0.0597,2.8863,-3.9349,loss_of_function,-0.158429390698082,0.0001572049577223,Benign,0.0751,benign,https://doi.org/10.1101/2022.10.22.513328
R1053H,0.36735,-0.08367,0.4368449901837712,Neutral,Neutral,39.3,,0.0000039770919504,0.332,"cBioPortal,mutations_clinvar",,True,39.3,,,,neutral,neutral,neutral,DOWN,neutral,neutral,neutral,408194,Uncertain significance,1,83.98,H,-0.0216,2.8863,-4.1155,loss_of_function,-0.489092483641321,0.0001450302529957,Benign,0.0681,benign,https://doi.org/10.1101/2022.10.22.513328
R1054K,-0.09789,0.23061,0.7196626109376133,Neutral,Neutral,65.9,,,0.225,cBioPortal,,True,65.9,,,,neutral,neutral,neutral,-,uncertain,uncertain,uncertain,,,,85.4,H,0.0244,2.5827,-5.215,gain_of_function,-0.552211117014724,0.063618586540095,Benign,0.0895,benign,https://doi.org/10.1101/2022.10.22.513328
R1055G,3.24265,3.29728,2.446301280079978,Destabilizing,Uncertain,20.1,,,0.669,"cBioPortal,COSMIC,mutations_clinvar",,True,20.1,,,,neutral,neutral,neutral,DOWN,neutral,neutral,neutral,974256,Likely pathogenic,1,86.27,H,-0.4221,0.1999,-21.3101,loss_of_function,-5.63665821701751,0.9185592223645148,Pathogenic,0.7148,pathogenic,https://doi.org/10.1101/2022.10.22.513328
R1055L,0.96414,0.95782,-0.2921150533375383,Neutral,Neutral,20.1,,,,mutations_clinvar,,True,20.1,,,,neutral,neutral,neutral,DOWN,neutral,neutral,neutral,556298,Uncertain significance,1,86.27,H,-0.3214,0.1999,-8.0222,loss_of_function,-5.63665821701751,0.915228974354504,Pathogenic,0.7597,pathogenic,https://doi.org/10.1101/2022.10.22.513328
R1055Q,2.34167,2.08401,1.1203233250237372,Uncertain,Uncertain,20.1,3.1841049481e-05,,0.879,"cBioPortal,mutations_clinvar",,True,20.1,,,,neutral,neutral,neutral,DOWN,neutral,neutral,neutral,974257,Pathogenic,1,86.27,H,-0.3615,0.1999,-21.3101,loss_of_function,-5.63665821701751,0.9162988142838387,Pathogenic,0.2777,benign,https://doi.org/10.1101/2022.10.22.513328
R1055W,1.34191,1.13367,-0.0857559404699881,Neutral,Neutral,20.1,,0.0000198857761021,0.666,"cBioPortal,COSMIC,mutations_clinvar",,True,20.1,,,,neutral,neutral,neutral,UP,neutral,neutral,neutral,555008,Pathogenic/Likely pathogenic,2,86.27,H,-0.4045,0.1999,-21.3101,loss_of_function,-5.63665821701751,0.9034685106281553,Pathogenic,0.4696,ambiguous,https://doi.org/10.1101/2022.10.22.513328
L1056F,0.81513,2.96837,2.6731461344612506,Uncertain,Uncertain,6.7,,,0.438,cBioPortal,,True,6.7,,,,neutral,neutral,neutral,UP,neutral,neutral,neutral,,,,82.98,H,-0.1336,1.4292,-5.0224,loss_of_function,-3.17909796260922,0.7533870883558824,Pathogenic,0.2415,benign,https://doi.org/10.1101/2022.10.22.513328
A1058T,0.76377,-0.37653,0.2848489223725259,Neutral,Neutral,85.1,,,0.099,cBioPortal,,True,85.1,,,,neutral,neutral,neutral,UP,neutral,neutral,neutral,,,,81.86,H,0.0338,2.7563,-4.3108,gain_of_function,-0.684580489235692,0.0632677101641419,Benign,0.0831,benign,https://doi.org/10.1101/2022.10.22.513328
A1058V,1.58729,-0.00612,0.1539287776575815,Neutral,Neutral,85.1,,,,mutations_clinvar,,True,85.1,,,,neutral,neutral,neutral,UP,neutral,neutral,neutral,966134,Uncertain significance,1,81.86,H,0.04,2.7563,-3.6893,gain_of_function,-0.731975507851263,0.6729162804179354,Uncertain,0.093,benign,https://doi.org/10.1101/2022.10.22.513328
L1059V,0.7386,1.60816,1.2735971879903552,Neutral,Neutral,14.9,,,,mutations_clinvar,,True,14.9,,,,neutral,neutral,neutral,DOWN,neutral,neutral,neutral,835118,Uncertain significance,1,78.61,S,-0.0086,2.572,-5.6496,loss_of_function,-1.13171921441421,0.8868943840234247,Pathogenic,0.0885,benign,https://doi.org/10.1101/2022.10.22.513328
T1060R,0.39539,0.27551,-0.0867015972906853,Neutral,Neutral,96.5,,,,mutations_clinvar,,True,96.5,,,,uncertain,,,UP,neutral,neutral,neutral,835138,Uncertain significance,1,68.95,-,-0.0123,3.3755,-5.4206,loss_of_function,-1.44188366350225,1.8867381347989775e-06,Benign,0.0849,benign,https://doi.org/10.1101/2022.10.22.513328
S1061G,-0.51034,0.55068,0.3833987386063225,Neutral,Neutral,103.5,,0.0000079573486114,0.161,"COSMIC,mutations_clinvar",,True,103.5,,,,uncertain,,,DOWN,neutral,neutral,neutral,408187,Uncertain significance,2,62.74,-,0.0996,3.1778,-3.2563,gain_of_function,-0.707529864735556,7.004914668507102e-07,Benign,0.0551,benign,https://doi.org/10.1101/2022.10.22.513328
G1062R,-1.12875,-0.00374,-0.7762057175509746,Neutral,Neutral,86.0,6.36739891754e-05,0.0000159177371345,0.369,"cBioPortal,COSMIC,mutations_clinvar",,True,86.0,,,,neutral,neutral,neutral,UP,neutral,neutral,neutral,"972555, 861131","Uncertain significance, Uncertain significance","2, 1",59.55,-,-0.1793,2.1758,-6.4206,loss_of_function,-1.98224383650834,0.8764624684126532,Pathogenic,0.1233,benign,https://doi.org/10.1101/2022.10.22.513328
G1062W,-0.23832,-0.19354,-1.306852366980965,Neutral,Neutral,86.0,,0.0000039794342836,0.300,cBioPortal,,True,86.0,,,,neutral,neutral,neutral,UP,neutral,neutral,neutral,,,,59.55,-,-0.2763,2.1758,-21.2933,loss_of_function,-3.7034528399787,0.7955195780602512,Pathogenic,0.2224,benign,https://doi.org/10.1101/2022.10.22.513328
W1063C,-0.04823,0.84762,1.0023227175186014,Neutral,Neutral,64.0,,,,mutations_clinvar,,False,64.0,,,,neutral,neutral,neutral,DOWN,neutral,neutral,neutral,"2159057, 1430394","Uncertain significance, Uncertain significance","1, 1",57.62,-,-0.2141,3.1864,-21.2302,loss_of_function,-2.49007335002989,0.6733333391281471,Uncertain,0.2517,benign,https://doi.org/10.1101/2022.10.22.513328
W1063S,-0.08084,0.07007,0.1999478286540873,Neutral,Neutral,64.0,,,,mutations_clinvar,,False,64.0,,,,neutral,neutral,neutral,DOWN,neutral,neutral,neutral,1424870,Uncertain significance,1,57.62,-,-0.1769,3.1864,-1.7331,loss_of_function,-0.831849046983067,0.000214126772002,Benign,0.0909,benign,https://doi.org/10.1101/2022.10.22.513328
S1064G,0.60693,1.07959,0.7448885316760941,Neutral,Neutral,76.9,,,0.201,"cBioPortal,COSMIC,mutations_clinvar",,False,76.9,,,,uncertain,,,DOWN,neutral,neutral,neutral,887365,Uncertain significance,1,65.2,-,0.0406,2.5833,-4.0987,gain_of_function,-0.901180724314044,9.447586981125583e-09,Benign,0.0571,benign,https://doi.org/10.1101/2022.10.22.513328
V1065L,-0.49468,-0.68673,-0.1218279987208298,Neutral,Neutral,92.7,,,,mutations_clinvar,,False,92.7,,,,neutral,neutral,neutral,UP,neutral,neutral,neutral,650464,Uncertain significance,2,65.3,H,-0.038,2.2635,-1.6018,loss_of_function,-0.644552394944835,0.0491901983923613,Benign,0.1293,benign,https://doi.org/10.1101/2022.10.22.513328
V1065M,-0.67153,-0.36905,0.1253962307086498,Neutral,Neutral,92.7,,,,mutations_clinvar,,False,92.7,,,,neutral,neutral,neutral,UP,neutral,neutral,neutral,841077,Conflicting interpretations of pathogenicity,1,65.3,H,-0.0585,2.2635,-3.8413,loss_of_function,-0.093196013567112,0.0100230673096924,Benign,0.0697,benign,https://doi.org/10.1101/2022.10.22.513328
A1066G,0.54696,0.73265,0.4501063754684586,Neutral,Neutral,96.9,,,,mutations_clinvar,,False,96.9,,,,neutral,neutral,neutral,DOWN,neutral,neutral,neutral,1384883,Uncertain significance,1,70.3,H,-0.038,2.0679,-1.509,loss_of_function,-1.63103208915628,0.3348943978915629,Uncertain,0.1348,benign,https://doi.org/10.1101/2022.10.22.513328
A1066P,-0.97989,3.2449,1.1944894532799843,Uncertain,Neutral,96.9,,,,mutations_clinvar,,False,96.9,,,,neutral,neutral,neutral,UP,neutral,neutral,neutral,966084,Uncertain significance,2,70.3,H,-0.267,2.0679,-21.3045,loss_of_function,-5.25439290432837,0.9166850269569258,Pathogenic,0.2046,benign,https://doi.org/10.1101/2022.10.22.513328
A1066V,0.37127,-0.03435,-0.1239058895119188,Neutral,Neutral,96.9,,0.0000159238204430,0.326,"cBioPortal,COSMIC,mutations_clinvar",,False,96.9,,,,neutral,neutral,neutral,UP,neutral,neutral,neutral,579454,Uncertain significance,2,70.3,H,-0.1132,2.0679,-21.3045,loss_of_function,-5.25439290432837,0.9171347783988772,Pathogenic,0.1698,benign,https://doi.org/10.1101/2022.10.22.513328
S1068G,0.41175,0.66905,0.6688405620182042,Neutral,Neutral,63.4,,,0.170,cBioPortal,,False,63.4,,,,uncertain,,,DOWN,neutral,neutral,neutral,,,,70.5,H,0.0401,2.6839,-6.0168,gain_of_function,-3.7510022072975,0.0781887840686045,Benign,0.0715,benign,https://doi.org/10.1101/2022.10.22.513328
L1069F,0.22602,0.48537,0.31157782422573,Neutral,Neutral,71.5,,,,"cBioPortal,COSMIC",,False,71.5,,,,neutral,neutral,neutral,UP,neutral,neutral,neutral,,,,72.75,H,-0.3055,0.463,-21.2933,loss_of_function,-5.80137802429916,0.8949383973675977,Pathogenic,0.2352,benign,https://doi.org/10.1101/2022.10.22.513328
L1069R,0.46938,0.27109,0.3008722279457781,Neutral,Neutral,71.5,,,,mutations_clinvar,,False,71.5,,,,neutral,neutral,neutral,UP,neutral,neutral,neutral,837420,Uncertain significance,2,72.75,H,-0.4523,0.463,-21.2933,loss_of_function,-5.80137802429916,0.9191605716051384,Pathogenic,0.2871,benign,https://doi.org/10.1101/2022.10.22.513328
R1071K,0.95239,1.78707,1.3987739619884936,Neutral,Neutral,28.2,,,,mutations_clinvar,,False,28.2,,,,neutral,neutral,neutral,-,uncertain,uncertain,uncertain,1336932,Uncertain significance,1,80.0,H,-0.0746,1.5497,-6.0,loss_of_function,-0.716855803891288,0.7091029629261516,Pathogenic,0.1595,benign,https://doi.org/10.1101/2022.10.22.513328
Q1072H,0.65857,-0.17449,-0.0770436740105173,Neutral,Neutral,48.8,,,0.337,"cBioPortal,mutations_clinvar",,False,48.8,,,,neutral,neutral,neutral,UP,neutral,neutral,neutral,1378631,Uncertain significance,1,78.61,H,-0.1449,0.8191,-6.4206,loss_of_function,-3.02515398914859,0.8925555615427267,Pathogenic,0.4996,ambiguous,https://doi.org/10.1101/2022.10.22.513328
Q1072K,-0.41542,-0.04252,0.1395406995722908,Neutral,Neutral,48.8,,,0.477,COSMIC,,False,48.8,,,,neutral,neutral,neutral,UP,neutral,neutral,neutral,,,,78.61,H,-0.185,0.8191,-8.0055,loss_of_function,-3.52398985480282,0.9137000569584122,Pathogenic,0.1821,benign,https://doi.org/10.1101/2022.10.22.513328
Q1072R,-0.01369,0.13503,-0.480481965260538,Neutral,Neutral,48.8,,,,mutations_clinvar,,False,48.8,,,,neutral,neutral,neutral,UP,neutral,neutral,neutral,972606,Uncertain significance,1,78.61,H,-0.1785,0.8191,-7.0056,loss_of_function,-3.35814717084791,0.8944729749650311,Pathogenic,0.1665,benign,https://doi.org/10.1101/2022.10.22.513328
R1073K,0.22724,0.32687,0.6372244469328427,Neutral,Neutral,40.5,,,,mutations_clinvar,,False,40.5,,,,neutral,neutral,neutral,-,uncertain,uncertain,uncertain,2167500,Uncertain significance,1,79.6,H,-0.036,2.0264,-7.0223,loss_of_function,-2.46723960931228,0.1647230953283291,Benign,0.107,benign,https://doi.org/10.1101/2022.10.22.513328
L1075P,5.80921,11.54184,10.0123450525865,Destabilizing,Destabilizing,2.3,,0.0000039891176870,0.758,"cBioPortal,COSMIC",,False,2.3,,,,neutral,neutral,neutral,DOWN,neutral,neutral,neutral,,,,83.24,H,-0.4392,0.6392,-21.2877,loss_of_function,-5.10702045623503,0.9140254546525416,Pathogenic,0.8055,pathogenic,https://doi.org/10.1101/2022.10.22.513328
L1076V,1.63713,0.1051,0.5711122195012965,Neutral,Neutral,69.4,,,,mutations_clinvar,,True,69.4,,,,neutral,neutral,neutral,DOWN,neutral,neutral,neutral,970402,Uncertain significance,1,82.15,H,-0.0687,1.9932,-6.9943,loss_of_function,-3.12158547049117,0.879099222212014,Pathogenic,0.1059,benign,https://doi.org/10.1101/2022.10.22.513328
M1077I,1.83029,-0.1568,0.2531557480671487,Neutral,Neutral,15.4,,,0.169,"cBioPortal,COSMIC,mutations_clinvar",,True,15.4,,,,neutral,neutral,neutral,-,uncertain,uncertain,uncertain,964486,Uncertain significance,1,83.67,H,0.0234,2.7656,-5.0224,gain_of_function,-0.654623359547103,0.005130089417969,Benign,0.3069,benign,https://doi.org/10.1101/2022.10.22.513328
M1077K,3.22468,2.07449,2.141891546986362,Uncertain,Uncertain,15.4,6.36942675159e-05,0.0000119873413675,0.498,"cBioPortal,COSMIC,mutations_clinvar",,True,15.4,,,,neutral,neutral,neutral,UP,neutral,neutral,neutral,579909,Uncertain significance,2,83.67,H,-0.1321,2.7656,-7.0223,loss_of_function,-3.82729304100497,0.482423573828212,Uncertain,0.2108,benign,https://doi.org/10.1101/2022.10.22.513328
M1077T,3.07352,1.6051,1.6730851362266417,Uncertain,Uncertain,15.4,,,,mutations_clinvar,,True,15.4,,,,neutral,neutral,neutral,DOWN,neutral,neutral,neutral,1500149,Uncertain significance,1,83.67,H,-0.0173,2.7656,-2.4374,loss_of_function,-0.791193647543044,3.2900404567404525e-06,Benign,0.0981,benign,https://doi.org/10.1101/2022.10.22.513328
Y1078C,2.32976,4.04456,4.111351477986962,Uncertain,Uncertain,0.2,,,,mutations_clinvar,,True,0.2,,,,uncertain,,,DOWN,neutral,neutral,neutral,2075420,Uncertain significance,1,86.31,H,-0.0676,2.758,-2.3785,loss_of_function,-1.04138264609143,4.5828614594708506e-10,Benign,0.0798,benign,https://doi.org/10.1101/2022.10.22.513328
K1079N,2.69054,0.1068,0.543999446670644,Uncertain,Uncertain,17.0,,,0.248,cBioPortal,,True,17.0,,,,neutral,neutral,neutral,DOWN,neutral,neutral,neutral,,,,85.85,H,-0.0168,2.4098,-2.2095,loss_of_function,-1.98687376210476,0.5547175918234379,Uncertain,0.7554,pathogenic,https://doi.org/10.1101/2022.10.22.513328
R1080L,-0.20721,0.29422,-0.2407670401152745,Neutral,Neutral,40.5,,,0.632,"cBioPortal,COSMIC,mutations_clinvar",,True,40.5,,,,neutral,neutral,neutral,DOWN,neutral,neutral,neutral,974259,Pathogenic,0,84.24,H,-0.3294,0.8492,-21.3045,loss_of_function,-5.47481502180721,0.9092373127376454,Pathogenic,0.3265,benign,https://doi.org/10.1101/2022.10.22.513328
R1080Q,1.00161,0.56871,0.9079226240583133,Neutral,Neutral,40.5,,,,mutations_clinvar,,True,40.5,,,,neutral,neutral,neutral,DOWN,neutral,neutral,neutral,552829,Likely pathogenic,1,84.24,H,-0.2288,0.8492,-7.0167,loss_of_function,-5.47481502180721,0.8115671443378442,Pathogenic,0.1207,benign,https://doi.org/10.1101/2022.10.22.513328
R1080W,-0.17049,-0.26735,-0.393397825327611,Neutral,Neutral,40.5,,0.0000080217549996,0.387,"cBioPortal,COSMIC,mutations_clinvar",,True,40.5,,,,neutral,neutral,neutral,UP,neutral,neutral,neutral,1319521,Uncertain significance,2,84.24,H,-0.2541,0.8492,-3.5574,loss_of_function,-1.46027172475243,0.017708677779242,Benign,0.129,benign,https://doi.org/10.1101/2022.10.22.513328
I1081V,1.23922,1.00442,1.0829423862630851,Neutral,Neutral,7.1,,0.0000040003840369,0.187,cBioPortal,,True,7.1,,,,neutral,neutral,neutral,DOWN,neutral,neutral,neutral,,,,86.18,H,-0.021,1.5902,-1.7936,loss_of_function,-0.70600954315854,1.0745004865608204e-05,Benign,0.1378,benign,https://doi.org/10.1101/2022.10.22.513328
L1082F,4.1515,0.57585,1.237594614964468,Uncertain,Uncertain,2.2,,,0.486,"cBioPortal,COSMIC,mutations_clinvar",,False,2.2,,,,neutral,neutral,neutral,UP,neutral,neutral,neutral,1355637,Uncertain significance,1,87.2,H,-0.1971,0.8502,-7.0223,loss_of_function,-4.20858788299106,0.9136544768690824,Pathogenic,0.2118,benign,https://doi.org/10.1101/2022.10.22.513328
L1083F,1.78181,1.45238,1.5098415413755732,Neutral,Neutral,21.3,,,,mutations_clinvar,,False,21.3,,,,neutral,neutral,neutral,UP,neutral,neutral,neutral,1446757,Uncertain significance,1,86.91,H,-0.2363,1.2159,-21.3101,loss_of_function,-5.49218409215096,0.9170907660802528,Pathogenic,0.362,ambiguous,https://doi.org/10.1101/2022.10.22.513328
R1084C,-0.13549,1.00986,1.722460681587796,Neutral,Neutral,45.5,,0.0000239614699563,0.317,"cBioPortal,COSMIC,mutations_clinvar",,True,45.5,,,,neutral,neutral,neutral,DOWN,neutral,neutral,neutral,1042803,Uncertain significance,1,85.48,H,-0.0856,2.6564,-4.8469,loss_of_function,-0.511549615815645,4.745883805384336e-05,Benign,0.1026,benign,https://doi.org/10.1101/2022.10.22.513328
R1084H,-0.52736,0.77075,0.740222705412836,Neutral,Neutral,45.5,9.56022944551e-05,0.0000159726548150,0.197,"cBioPortal,mutations_clinvar",,True,45.5,,,,neutral,neutral,neutral,DOWN,neutral,neutral,neutral,653321,Uncertain significance,1,85.48,H,-0.0464,2.6564,-4.8469,loss_of_function,-1.22676107740124,0.0014011349462158,Benign,0.0896,benign,https://doi.org/10.1101/2022.10.22.513328
R1084L,-0.24829,-0.38946,0.1971650404924108,Neutral,Neutral,45.5,,,,mutations_clinvar,,True,45.5,,,,neutral,neutral,neutral,DOWN,neutral,neutral,neutral,1057735,Uncertain significance,1,85.48,H,-0.0784,2.6564,-4.6949,loss_of_function,-2.11859543236658,0.0282186906240147,Benign,0.1675,benign,https://doi.org/10.1101/2022.10.22.513328
L1085R,3.92569,9.52109,4.89338085335131,Destabilizing,Destabilizing,0.3,,,,mutations_clinvar,,True,0.3,,,,neutral,neutral,neutral,UP,neutral,neutral,neutral,2122406,Uncertain significance,1,87.75,S,-0.4717,0.2521,-21.3045,loss_of_function,-6.26809081110412,0.9191926304339874,Pathogenic,0.866,pathogenic,https://doi.org/10.1101/2022.10.22.513328
P1086L,1.69506,1.01224,-0.9185160572155688,Neutral,Neutral,37.9,,,0.775,"cBioPortal,FANCA_icope_sentieon_input",,True,37.9,,,,neutral,neutral,neutral,UP,neutral,neutral,neutral,,,,85.14,-,-0.2782,0.2787,-8.0167,loss_of_function,-6.23309532431333,0.9191849293241215,Pathogenic,0.8098,pathogenic,https://doi.org/10.1101/2022.10.22.513328
P1086S,2.83016,1.30068,-0.2704659115845831,Uncertain,Uncertain,37.9,,,0.683,COSMIC,,True,37.9,,,,neutral,neutral,neutral,DOWN,neutral,neutral,neutral,,,,85.14,-,-0.2211,0.2787,-6.4318,loss_of_function,-2.68551928225572,0.8212105045738011,Pathogenic,0.5209,ambiguous,https://doi.org/10.1101/2022.10.22.513328
P1086T,1.81853,1.65544,-0.3270344707062894,Neutral,Neutral,37.9,,,0.770,COSMIC,,True,37.9,,,,neutral,neutral,neutral,-,uncertain,uncertain,uncertain,,,,85.14,-,-0.3091,0.2787,-21.3045,loss_of_function,-5.43233879934892,0.9191850585061712,Pathogenic,0.6484,pathogenic,https://doi.org/10.1101/2022.10.22.513328
S1087L,1.22739,1.62653,0.0160644492232098,Neutral,Neutral,10.8,,0.0000239272611262,0.432,"cBioPortal,COSMIC,mutations_clinvar",,True,10.8,,,,uncertain,,,UP,neutral,neutral,neutral,871226,Uncertain significance,2,83.49,T,-0.1287,1.5737,-5.6893,loss_of_function,-3.80796718582745,0.0054121076943519,Benign,0.1955,benign,https://doi.org/10.1101/2022.10.22.513328
S1088F,-1.05976,-0.77313,-1.3665756233001851,Neutral,Neutral,20.2,0.0562882262996942,0.0505431141736051,0.380,"cBioPortal,COSMIC,mutations_clinvar",,True,20.2,,,,uncertain,,,UP,neutral,neutral,neutral,134264,Benign,2,76.48,H,-0.1078,1.8482,-6.4318,loss_of_function,-4.99291060788008,0.8567816005399373,Pathogenic,0.2392,benign,https://doi.org/10.1101/2022.10.22.513328
V1089F,4.77172,4.03095,0.9548478510531376,Destabilizing,Uncertain,1.6,,,0.639,COSMIC,,True,1.6,,,,neutral,neutral,neutral,UP,neutral,neutral,neutral,,,,79.64,H,-0.1144,2.4651,-5.2094,loss_of_function,-1.65969639800605,0.3841742657036747,Uncertain,0.1614,benign,https://doi.org/10.1101/2022.10.22.513328
V1089G,4.03767,3.76871,4.409657696214124,Destabilizing,Destabilizing,1.6,,,,mutations_clinvar,,True,1.6,,,,neutral,neutral,neutral,DOWN,neutral,neutral,neutral,950040,Uncertain significance,1,79.64,H,-0.2452,2.4651,-21.3045,loss_of_function,-3.34438122182078,0.7382934437393438,Pathogenic,0.3525,ambiguous,https://doi.org/10.1101/2022.10.22.513328
V1089I,-0.38049,0.58503,0.1896604181936584,Neutral,Neutral,1.6,,,,mutations_clinvar,,True,1.6,,,,neutral,neutral,neutral,UP,neutral,neutral,neutral,321340,Benign/Likely benign,2,79.64,H,0.0318,2.4651,-4.3164,gain_of_function,-0.519203829314326,2.3537823204560303e-05,Benign,0.0874,benign,https://doi.org/10.1101/2022.10.22.513328
L1090F,0.87686,1.97211,1.371944063305791,Neutral,Neutral,0.3,,,,mutations_clinvar,,True,0.3,,,,neutral,neutral,neutral,UP,neutral,neutral,neutral,1521382,Uncertain significance,1,80.24,H,-0.1731,0.9017,-3.2563,loss_of_function,-2.56348638381316,0.797365200273288,Pathogenic,0.1865,benign,https://doi.org/10.1101/2022.10.22.513328
G1092S,4.80959,4.83946,1.8837306894789767,Destabilizing,Uncertain,30.6,,,,mutations_clinvar,,False,30.6,,,,neutral,neutral,neutral,UP,neutral,neutral,neutral,886369,Conflicting interpretations of pathogenicity,1,65.86,-,-0.032,3.0307,-6.8265,loss_of_function,-0.744744462260164,1.6008149370367407e-05,Benign,0.1018,benign,https://doi.org/10.1101/2022.10.22.513328
S1094G,0.43704,1.37483,1.038349137345902,Neutral,Neutral,32.0,,,0.219,"cBioPortal,COSMIC",,False,32.0,,,,uncertain,,,DOWN,neutral,neutral,neutral,,,,54.46,-,0.0913,3.1939,-5.1699,gain_of_function,-1.70005007347139,0.0001287576802221,Benign,0.0781,benign,https://doi.org/10.1101/2022.10.22.513328
S1094N,-0.75816,0.72279,0.0051597662401514,Neutral,Neutral,32.0,,,,mutations_clinvar,,False,32.0,,,,uncertain,,,UP,neutral,neutral,neutral,1897065,Uncertain significance,1,54.46,-,0.0843,3.1939,-3.9773,gain_of_function,-0.401191723748084,2.8641353634356607e-06,Benign,0.0734,benign,https://doi.org/10.1101/2022.10.22.513328
S1094R,-1.54312,0.36701,-0.083932606371001,Neutral,Neutral,32.0,,,,mutations_clinvar,,False,32.0,,,,uncertain,,,UP,neutral,neutral,neutral,1224498,Pathogenic,1,54.46,-,0.0151,3.1939,-3.5179,gain_of_function,-1.14608585056157,1.3244107646765057e-08,Benign,0.2134,benign,https://doi.org/10.1101/2022.10.22.513328
S1094T,-0.48688,-0.4102,0.2696678349601727,Neutral,Neutral,32.0,,,,mutations_clinvar,,False,32.0,,,,neutral,,,UP,neutral,neutral,neutral,937872,Uncertain significance,1,54.46,-,0.1144,3.1939,-4.2768,gain_of_function,-0.263470106752617,2.0681481949610248e-08,Benign,0.0875,benign,https://doi.org/10.1101/2022.10.22.513328
Q1096E,0.09982,0.05306,-0.4921536607251159,Neutral,Neutral,73.5,,,,mutations_clinvar,,False,73.5,,,,neutral,neutral,neutral,DOWN,neutral,neutral,neutral,2156739,Uncertain significance,1,49.11,-,0.0486,2.7636,-2.7792,gain_of_function,-0.870802257747946,0.0199103582030678,Benign,0.0761,benign,https://doi.org/10.1101/2022.10.22.513328
Q1096H,0.26785,-0.32721,-0.7776440046541816,Neutral,Neutral,73.5,,,,mutations_clinvar,,False,73.5,,,,neutral,neutral,neutral,UP,neutral,neutral,neutral,659766,Uncertain significance,2,49.11,-,0.0341,2.7636,-6.4037,gain_of_function,-1.43693117910539,0.5578000047637499,Uncertain,0.1472,benign,https://doi.org/10.1101/2022.10.22.513328
Q1096R,-1.14658,0.97925,-0.585798522568805,Neutral,Neutral,73.5,,,,mutations_clinvar,,False,73.5,,,,neutral,neutral,neutral,UP,neutral,neutral,neutral,972003,Uncertain significance,1,49.11,-,0.0197,2.7636,-3.2338,gain_of_function,-0.609794419103227,0.0009165079852397,Benign,0.0718,benign,https://doi.org/10.1101/2022.10.22.513328
A1097T,0.28373,0.97687,-0.6588849452332141,Neutral,Neutral,96.7,,,0.123,"cBioPortal,COSMIC",,False,96.7,,,,neutral,neutral,neutral,UP,neutral,neutral,neutral,,,,49.01,T,0.0024,2.4519,-4.9887,gain_of_function,-0.643454535016343,0.1103958260728767,Benign,0.0836,benign,https://doi.org/10.1101/2022.10.22.513328
A1097V,0.16617,0.43707,-0.6135724990147651,Neutral,Neutral,96.7,,,0.199,cBioPortal,,False,96.7,,,,neutral,neutral,neutral,UP,neutral,neutral,neutral,,,,49.01,T,0.0032,2.4519,-5.4037,gain_of_function,-0.869549699312125,0.0027065928036246,Benign,0.0943,benign,https://doi.org/10.1101/2022.10.22.513328
E1098G,0.11702,0.79422,0.760826523415484,Neutral,Neutral,107.1,,,,mutations_clinvar,,False,107.1,,,,neutral,neutral,neutral,DOWN,neutral,neutral,neutral,1926589,Likely benign,1,49.67,T,0.0154,2.8017,-1.8515,gain_of_function,-0.62144050414945,2.9695035725253908e-06,Benign,0.083,benign,https://doi.org/10.1101/2022.10.22.513328
Q1099H,1.72918,0.74626,-0.378431365885431,Neutral,Neutral,53.4,,,,mutations_clinvar,,False,53.4,,,,neutral,neutral,neutral,UP,neutral,neutral,neutral,408181,Likely benign,2,51.08,S,-0.0545,2.6239,-21.265,loss_of_function,-3.87636426030512,0.8746891124487068,Pathogenic,0.1811,benign,https://doi.org/10.1101/2022.10.22.513328
P1100H,0.90518,0.94388,-0.6792463972209128,Neutral,Neutral,76.6,,,,mutations_clinvar,,False,76.6,,,,neutral,neutral,neutral,UP,neutral,neutral,neutral,2055836,Uncertain significance,1,53.74,-,-0.0433,2.7081,-7.7548,loss_of_function,-3.77693979182632,,,0.1478,benign,https://doi.org/10.1101/2022.10.22.513328
P1100L,0.36513,0.51939,-0.856349420083809,Neutral,Neutral,76.6,,,0.250,COSMIC,,False,76.6,,,,neutral,neutral,neutral,UP,neutral,neutral,neutral,,,,53.74,-,-0.038,2.7081,-4.7549,loss_of_function,-1.12968471611912,,,0.1212,benign,https://doi.org/10.1101/2022.10.22.513328
I1101M,0.81146,1.13503,0.8533017227716613,Neutral,Neutral,11.8,,,0.352,cBioPortal,,False,11.8,,,,neutral,neutral,neutral,-,uncertain,uncertain,uncertain,,,,52.17,T,0.0365,2.8129,-3.665,gain_of_function,-0.987435870253202,0.0002416833204005,Benign,0.0873,benign,https://doi.org/10.1101/2022.10.22.513328
I1101V,1.81951,1.35816,0.136917107920852,Neutral,Neutral,11.8,,,,mutations_clinvar,,False,11.8,,,,neutral,neutral,neutral,DOWN,neutral,neutral,neutral,1008159,Uncertain significance,1,52.17,T,0.0883,2.8129,-2.421,gain_of_function,-0.597800766664228,3.977890976661948e-12,Benign,0.0673,benign,https://doi.org/10.1101/2022.10.22.513328
T1102I,-1.2194,-0.76905,-0.2407409758776529,Neutral,Neutral,16.7,,,0.264,"cBioPortal,mutations_clinvar",,False,16.7,,,,uncertain,,,UP,neutral,neutral,neutral,1406867,Uncertain significance,1,53.39,H,-0.052,2.4354,-8.0055,loss_of_function,-1.39312874614049,0.0073774796510709,Benign,0.1535,benign,https://doi.org/10.1101/2022.10.22.513328
A1103D,0.89517,0.83163,0.116523344733706,Neutral,Neutral,29.0,,,0.306,"cBioPortal,COSMIC",,False,29.0,,,,neutral,neutral,neutral,UP,neutral,neutral,neutral,,,,59.85,H,-0.1367,2.1881,-5.7142,loss_of_function,-4.15172819632184,0.0006936632784709,Benign,0.1481,benign,https://doi.org/10.1101/2022.10.22.513328
A1103S,0.70546,0.53231,0.3048948299251619,Neutral,Neutral,29.0,,,,mutations_clinvar,,False,29.0,,,,neutral,neutral,neutral,-,uncertain,uncertain,uncertain,2496409,Uncertain significance,1,59.85,H,-0.0298,2.1881,-7.7141,loss_of_function,-2.86679593162505,0.0001298958773173,Benign,0.0998,benign,https://doi.org/10.1101/2022.10.22.513328
R1104T,2.23694,1.03741,0.9647080448906404,Uncertain,Uncertain,41.3,,,,mutations_clinvar,,False,41.3,,,,neutral,neutral,neutral,DOWN,neutral,neutral,neutral,2192627,Uncertain significance,1,65.93,H,-0.1227,2.2953,-6.3865,loss_of_function,-0.584309078795675,1.1330323146796927e-10,Benign,0.0981,benign,https://doi.org/10.1101/2022.10.22.513328
C1105S,-0.52597,1.77483,2.3985830825068044,Neutral,Uncertain,1.1,,,0.728,"cBioPortal,COSMIC",,False,1.1,,,,neutral,neutral,neutral,DOWN,neutral,neutral,neutral,,,,76.0,H,-0.335,0.7346,-6.4206,loss_of_function,-1.77077429686447,0.885835839438762,Pathogenic,0.3268,benign,https://doi.org/10.1101/2022.10.22.513328
C1105W,12.17122,-0.66361,-0.3764484981326566,Uncertain,Uncertain,1.1,,0.0000039828895067,0.538,cBioPortal,,False,1.1,,,,neutral,neutral,neutral,UP,neutral,neutral,neutral,,,,76.0,H,-0.3494,0.7346,-8.0055,loss_of_function,-4.68517120013959,0.9139813677177506,Pathogenic,0.3772,ambiguous,https://doi.org/10.1101/2022.10.22.513328
C1105Y,6.72086,0.72517,-0.4134890095552107,Uncertain,Uncertain,1.1,,,0.704,cBioPortal,,False,1.1,,,,neutral,neutral,neutral,UP,neutral,neutral,neutral,,,,76.0,H,-0.4234,0.7346,-21.2933,loss_of_function,-4.68517120013959,0.9191839306849844,Pathogenic,0.3618,ambiguous,https://doi.org/10.1101/2022.10.22.513328
E1106K,0.30223,1.30884,0.3796092750087576,Neutral,Neutral,49.2,3.1841049481e-05,0.0000159311773140,0.233,"cBioPortal,mutations_clinvar",,True,49.2,,,,neutral,neutral,neutral,UP,neutral,neutral,neutral,555397,Conflicting interpretations of pathogenicity,1,79.34,H,-0.0148,2.5754,-4.4263,loss_of_function,-0.404902718399194,0.024408393514211,Benign,0.0851,benign,https://doi.org/10.1101/2022.10.22.513328
Q1107H,1.58582,2.34252,0.4563594647221269,Uncertain,Neutral,9.1,,,,mutations_clinvar,,True,9.1,,,,neutral,neutral,neutral,UP,neutral,neutral,neutral,1431658,Uncertain significance,1,80.9,H,0.0552,2.9263,-5.2094,gain_of_function,-3.43128951382733,1.0367338949086411e-06,Benign,0.2062,benign,https://doi.org/10.1101/2022.10.22.513328
Q1107K,-0.08237,2.36973,0.6536410598175287,Uncertain,Neutral,9.1,,,0.115,COSMIC,,True,9.1,,,,neutral,neutral,neutral,UP,neutral,neutral,neutral,,,,80.9,H,0.0325,2.9263,-3.373,gain_of_function,-1.08666599537207,2.359332472037781e-07,Benign,0.1025,benign,https://doi.org/10.1101/2022.10.22.513328
H1110P,3.94427,10.24082,5.727205277114966,Destabilizing,Destabilizing,73.5,,,,mutations_clinvar,,True,73.5,,,,neutral,neutral,neutral,DOWN,neutral,neutral,neutral,974348,Pathogenic,0,84.55,H,-0.2058,2.7143,-21.3045,loss_of_function,-3.665308791902,0.8881375765308086,Pathogenic,0.2012,benign,https://doi.org/10.1101/2022.10.22.513328
H1110Q,-0.81016,-0.24524,0.2891403421365957,Neutral,Neutral,73.5,,,,mutations_clinvar,,True,73.5,,,,neutral,neutral,neutral,DOWN,neutral,neutral,neutral,2101260,Uncertain significance,1,84.55,H,0.0804,2.7143,-3.4319,gain_of_function,-0.712887017074296,0.0227850662459003,Benign,0.1536,benign,https://doi.org/10.1101/2022.10.22.513328
H1110R,-0.5847,-0.43299,-0.2174353128233919,Neutral,Neutral,73.5,,0.0000039838097970,0.389,cBioPortal,,True,73.5,,,,neutral,neutral,neutral,UP,neutral,neutral,neutral,,,,84.55,H,0.0098,2.7143,-3.9293,gain_of_function,-1.40385424782353,0.6130006306005286,Uncertain,0.0956,benign,https://doi.org/10.1101/2022.10.22.513328
H1110Y,-0.45203,-0.49558,-0.2513411453639047,Neutral,Neutral,73.5,,,0.254,cBioPortal,,True,73.5,,,,neutral,neutral,neutral,UP,neutral,neutral,neutral,,,,84.55,H,0.0586,2.7143,-7.0167,gain_of_function,-0.699524121607239,0.858447587418083,Pathogenic,0.0968,benign,https://doi.org/10.1101/2022.10.22.513328
V1112G,4.71752,3.88367,4.8259331927601306,Destabilizing,Destabilizing,0.4,,,,mutations_clinvar,,True,0.4,,,,neutral,neutral,neutral,DOWN,neutral,neutral,neutral,974349,Uncertain significance,0,86.94,H,-0.3805,0.9951,-21.3211,loss_of_function,-5.12198823547646,0.90246663750138,Pathogenic,0.5416,ambiguous,https://doi.org/10.1101/2022.10.22.513328
N1113I,0.38569,-0.18095,-0.273146773472952,Neutral,Neutral,18.3,,,,mutations_clinvar,,True,18.3,,,,neutral,neutral,neutral,UP,neutral,neutral,neutral,974350,Uncertain significance,0,85.68,H,-0.3107,0.6932,-21.3211,loss_of_function,-5.27336902253198,0.9168789955750762,Pathogenic,0.5322,ambiguous,https://doi.org/10.1101/2022.10.22.513328
N1113K,1.3594,1.18707,0.5670926132422518,Neutral,Neutral,18.3,,,,mutations_clinvar,,True,18.3,,,,neutral,neutral,neutral,UP,neutral,neutral,neutral,974351,Uncertain significance,1,85.68,H,-0.1958,0.6932,-8.0333,loss_of_function,-5.27336902253198,0.9168204763638986,Pathogenic,0.7472,pathogenic,https://doi.org/10.1101/2022.10.22.513328
S1114C,0.87424,0.45884,0.3801476951118332,Neutral,Neutral,37.9,,,0.433,cBioPortal,,True,37.9,,,,uncertain,,,UP,neutral,neutral,neutral,,,,82.31,H,-0.1269,2.1662,-21.3101,loss_of_function,-3.21010001808426,0.9170072671032728,Pathogenic,0.1138,benign,https://doi.org/10.1101/2022.10.22.513328
E1115G,0.59157,2.86361,1.671234037972909,Uncertain,Neutral,14.5,,0.0000039865732214,0.240,"cBioPortal,mutations_clinvar",,True,14.5,,,,neutral,neutral,neutral,DOWN,neutral,neutral,neutral,376775,Uncertain significance,2,83.49,T,-0.1277,1.5888,-8.0278,loss_of_function,-3.00891779015498,0.9163680585940362,Pathogenic,0.4125,ambiguous,https://doi.org/10.1101/2022.10.22.513328
E1115K,-1.31974,3.69966,0.8918910676479099,Uncertain,Neutral,14.5,,,0.571,"cBioPortal,COSMIC",,True,14.5,,,,neutral,neutral,neutral,UP,neutral,neutral,neutral,,,,83.49,T,-0.1188,1.5888,-7.0278,loss_of_function,-4.58684297561223,0.9079557212678412,Pathogenic,0.325,benign,https://doi.org/10.1101/2022.10.22.513328
R1117G,2.39712,2.94354,1.7592696608729343,Uncertain,Uncertain,20.4,,,,mutations_clinvar,,True,20.4,,,,neutral,neutral,neutral,DOWN,neutral,neutral,neutral,219752,Pathogenic/Likely pathogenic,2,83.28,G,-0.3511,0.9697,-21.2821,loss_of_function,-5.42236119549243,0.9186796330910548,Pathogenic,0.3769,ambiguous,https://doi.org/10.1101/2022.10.22.513328
R1117I,0.75969,-0.92857,0.5682809870403999,Neutral,Neutral,20.4,,,0.603,"cBioPortal,COSMIC",,True,20.4,,,,neutral,neutral,neutral,DOWN,neutral,neutral,neutral,,,,83.28,G,-0.3452,0.9697,-21.2821,loss_of_function,-4.80441796855842,0.905720048416067,Pathogenic,0.5871,pathogenic,https://doi.org/10.1101/2022.10.22.513328
R1117T,1.26458,1.19014,1.081723747250824,Neutral,Neutral,20.4,,,,mutations_clinvar,,True,20.4,,,,neutral,neutral,neutral,DOWN,neutral,neutral,neutral,974353,Pathogenic,0,83.28,G,-0.3207,0.9697,-21.2821,loss_of_function,-5.42236119549243,0.9131567195689452,Pathogenic,0.6396,pathogenic,https://doi.org/10.1101/2022.10.22.513328
N1118D,0.56424,0.51565,0.9320318478678186,Neutral,Neutral,24.4,,,0.462,"cBioPortal,mutations_clinvar",,True,24.4,,,,neutral,neutral,neutral,-,uncertain,uncertain,uncertain,321338,Uncertain significance,1,77.49,G,-0.1083,1.5541,-6.4094,loss_of_function,-0.979615002290706,0.7363000329474982,Pathogenic,0.3392,benign,https://doi.org/10.1101/2022.10.22.513328
F1119V,1.92887,1.51667,1.4251693151216056,Neutral,Neutral,31.3,,,0.280,cBioPortal,,True,31.3,,,,neutral,neutral,neutral,DOWN,neutral,neutral,neutral,,,,70.02,G,-0.0292,2.7469,-1.5401,loss_of_function,-0.604309269612041,0.0005044910388509,Benign,0.0677,benign,https://doi.org/10.1101/2022.10.22.513328
C1120S,1.69796,0.77007,1.3330114629987773,Neutral,Neutral,4.0,3.1847133758e-05,0.0000182904523839,0.335,"COSMIC,mutations_clinvar",,True,4.0,,,,neutral,neutral,neutral,DOWN,neutral,neutral,neutral,860767,Uncertain significance,2,67.18,-,-0.3069,0.9044,-3.9758,loss_of_function,-0.869253515145398,0.5479769938021367,Uncertain,0.1724,benign,https://doi.org/10.1101/2022.10.22.513328
S1121C,0.16056,-0.23946,0.4661574483341252,Neutral,Neutral,67.6,,,0.281,COSMIC,,True,67.6,,,,uncertain,,,UP,neutral,neutral,neutral,,,,59.71,T,-0.0562,1.9533,-3.6077,loss_of_function,-0.614727513623209,5.1696996092068855e-05,Benign,0.0642,benign,https://doi.org/10.1101/2022.10.22.513328
S1121P,-1.76595,-0.10748,1.6231708168764352,Neutral,Neutral,67.6,,,,mutations_clinvar,,True,67.6,,,,uncertain,,,UP,neutral,neutral,neutral,576563,Uncertain significance,2,59.71,T,-0.1616,1.9533,-4.0931,loss_of_function,-1.58741855558805,0.1631217061795321,Benign,0.1012,benign,https://doi.org/10.1101/2022.10.22.513328
H1122Y,-1.12547,-1.02755,-0.1015165791598776,Neutral,Neutral,58.2,,,,mutations_clinvar,,True,58.2,,,,neutral,neutral,neutral,UP,neutral,neutral,neutral,1717181,Uncertain significance,2,60.54,T,0.0294,2.364,-6.415,gain_of_function,-0.795874032435481,0.5211117446199387,Uncertain,0.0885,benign,https://doi.org/10.1101/2022.10.22.513328
G1123R,4.34941,9.76939,0.2889462175443724,Destabilizing,Uncertain,13.0,3.18511912346e-05,0.0000000000000000,0.437,"cBioPortal,COSMIC,mutations_clinvar",,True,13.0,,,,neutral,neutral,neutral,UP,neutral,neutral,neutral,1031416,Uncertain significance,2,60.82,S,-0.1866,2.0082,-4.8301,loss_of_function,-1.0680777754969,0.4081841599672529,Uncertain,0.1184,benign,https://doi.org/10.1101/2022.10.22.513328
A1125T,-0.7041,1.90952,0.9271586263098056,Neutral,Neutral,0.0,,,,mutations_clinvar,,True,0.0,,,,neutral,neutral,neutral,UP,neutral,neutral,neutral,1008851,Uncertain significance,2,81.09,-,-0.0421,1.9695,-5.0,loss_of_function,-0.747297558979519,0.012176947998521,Benign,0.0872,benign,https://doi.org/10.1101/2022.10.22.513328
L1126P,2.34555,5.67041,8.234105679034808,Uncertain,Uncertain,3.2,,,,mutations_clinvar,,True,3.2,,,,neutral,neutral,neutral,DOWN,neutral,neutral,neutral,1001918,Uncertain significance,1,85.64,-,-0.4779,0.2187,-21.2877,loss_of_function,-6.08372800351985,0.9126893074159964,Pathogenic,0.7535,pathogenic,https://doi.org/10.1101/2022.10.22.513328
Q1128E,-0.2473,0.39592,0.2078594900068286,Neutral,Neutral,51.9,,,,mutations_clinvar,,True,51.9,,,,neutral,neutral,neutral,DOWN,neutral,neutral,neutral,551847,Uncertain significance,2,86.4,H,0.0075,2.5182,-6.415,gain_of_function,-0.6195920975085,6.616706766174801e-05,Benign,0.0529,benign,https://doi.org/10.1101/2022.10.22.513328
Q1128K,0.02725,0.32721,0.0722913413573567,Neutral,Neutral,51.9,,,0.216,"cBioPortal,COSMIC",,True,51.9,,,,neutral,neutral,neutral,UP,neutral,neutral,neutral,,,,86.4,H,-0.0965,2.5182,-21.2877,loss_of_function,-2.75695598669533,0.0018681434252484,Benign,0.0751,benign,https://doi.org/10.1101/2022.10.22.513328
Q1128L,-0.86308,-0.18333,-0.610924776300753,Neutral,Neutral,51.9,,,0.271,cBioPortal,,True,51.9,,,,neutral,neutral,neutral,UP,neutral,neutral,neutral,,,,86.4,H,-0.0026,2.5182,-5.6781,loss_of_function,-2.25895575836658,4.159273451239243e-05,Benign,0.1436,benign,https://doi.org/10.1101/2022.10.22.513328
D1129H,3.29344,0.31735,0.1746681045624826,Uncertain,Uncertain,54.5,,,,mutations_clinvar,,True,54.5,,,,neutral,neutral,neutral,UP,neutral,neutral,neutral,456114,Uncertain significance,2,88.22,H,-0.0681,2.0887,-3.0931,loss_of_function,-2.1573399726011,0.6942469335886177,Pathogenic,0.4298,ambiguous,https://doi.org/10.1101/2022.10.22.513328
D1129V,2.94665,0.5119,0.2330832352635442,Uncertain,Uncertain,54.5,,,0.641,"COSMIC,mutations_clinvar",,True,54.5,,,,neutral,neutral,neutral,UP,neutral,neutral,neutral,974049,Pathogenic,0,88.22,H,-0.1987,2.0887,-21.2877,loss_of_function,-4.1777600365659,0.903584912596372,Pathogenic,0.4044,ambiguous,https://doi.org/10.1101/2022.10.22.513328
I1130M,-0.7414,0.36939,1.1451636881950316,Neutral,Neutral,0.6,,,,mutations_clinvar,,True,0.6,,,,neutral,neutral,neutral,-,uncertain,uncertain,uncertain,1387812,Uncertain significance,2,88.54,H,-0.1291,1.2543,-7.9999,loss_of_function,-1.84624502167168,0.8372822139072296,Pathogenic,0.154,benign,https://doi.org/10.1101/2022.10.22.513328
I1130T,3.48409,1.74082,2.043009537578203,Uncertain,Uncertain,0.6,,,,mutations_clinvar,,True,0.6,,,,neutral,neutral,neutral,DOWN,neutral,neutral,neutral,1420766,Uncertain significance,1,88.54,H,-0.2634,1.2543,-21.2877,loss_of_function,-4.55852516134796,0.9114354485838828,Pathogenic,0.5386,ambiguous,https://doi.org/10.1101/2022.10.22.513328
I1130V,1.54738,-0.05272,1.1153005970091596,Neutral,Neutral,0.6,,,,mutations_clinvar,,True,0.6,,,,neutral,neutral,neutral,DOWN,neutral,neutral,neutral,836344,Uncertain significance,1,88.54,H,-0.058,1.2543,-3.0,loss_of_function,-0.667998986745026,0.0308041576673332,Benign,0.1121,benign,https://doi.org/10.1101/2022.10.22.513328
T1131A,0.51976,0.40578,1.5247165254960338,Neutral,Neutral,1.0,6.37145587767e-05,0.0000868065602611,0.842,"cBioPortal,COSMIC,FANCA_icope_sentieon_input,mutations_clinvar",,True,1.0,,,,uncertain,,,DOWN,neutral,neutral,neutral,237048,Pathogenic/Likely pathogenic,2,89.72,H,-0.2943,0.2563,-21.2821,loss_of_function,-1.58004147060675,0.8816778165798425,Pathogenic,0.3962,ambiguous,https://doi.org/10.1101/2022.10.22.513328
T1131I,-0.30795,-1.04558,-0.3408516733469857,Neutral,Neutral,1.0,,,0.680,"cBioPortal,mutations_clinvar",,True,1.0,,,,uncertain,,,UP,neutral,neutral,neutral,1067764,Likely pathogenic,1,89.72,H,-0.2422,0.2563,-5.9943,loss_of_function,-2.3586057470401,0.6651523937724589,Uncertain,0.6505,pathogenic,https://doi.org/10.1101/2022.10.22.513328
T1131N,0.88315,2.00612,2.061936788651192,Uncertain,Uncertain,1.0,,,,mutations_clinvar,,True,1.0,,,,uncertain,,,-,uncertain,uncertain,uncertain,2039808,Likely pathogenic,1,89.72,H,-0.2821,0.2563,-7.9942,loss_of_function,-4.4856852513651,0.9104782892071296,Pathogenic,0.7309,pathogenic,https://doi.org/10.1101/2022.10.22.513328
H1133Q,-0.09861,1.00748,1.092172154903426,Neutral,Neutral,10.8,3.18451054073e-05,0.0000000000000000,0.759,"cBioPortal,mutations_clinvar",,False,10.8,,,,neutral,neutral,neutral,DOWN,neutral,neutral,neutral,2497937,Uncertain significance,1,89.81,H,-0.1696,0.25,-7.9999,loss_of_function,-5.96112746772953,0.9172518630715658,Pathogenic,0.7892,pathogenic,https://doi.org/10.1101/2022.10.22.513328
F1134L,1.99588,3.16259,3.322855444214136,Uncertain,Uncertain,0.5,,,0.780,cBioPortal,,False,0.5,,,,neutral,neutral,neutral,DOWN,neutral,neutral,neutral,,,,90.54,H,-0.1928,0.7419,-3.7577,loss_of_function,-2.61346363119234,0.8317201523629295,Pathogenic,0.9108,pathogenic,https://doi.org/10.1101/2022.10.22.513328
F1135C,5.06477,4.38741,5.382438800849757,Destabilizing,Destabilizing,0.1,,,,mutations_clinvar,,False,0.1,,,,neutral,neutral,neutral,DOWN,neutral,neutral,neutral,1692219,Uncertain significance,1,89.52,H,-0.3223,0.9816,-21.2933,loss_of_function,-3.82419731291007,0.904459250468147,Pathogenic,0.761,pathogenic,https://doi.org/10.1101/2022.10.22.513328
R1136G,0.64339,1.51122,1.9606913436152111,Neutral,Neutral,49.7,,,0.830,"cBioPortal,COSMIC",,False,49.7,,,,neutral,neutral,neutral,DOWN,neutral,neutral,neutral,,,,86.62,H,-0.3567,0.9095,-21.2877,loss_of_function,-4.97601345933517,0.9171602300826304,Pathogenic,0.2869,benign,https://doi.org/10.1101/2022.10.22.513328
L1138F,6.73099,2.2949,1.0541642878899131,Uncertain,Uncertain,0.2,,,,mutations_clinvar,,False,0.2,,,,neutral,neutral,neutral,UP,neutral,neutral,neutral,938295,Uncertain significance,1,84.88,H,-0.1788,0.9912,-5.9887,loss_of_function,-3.49606462341789,0.9151899000626218,Pathogenic,0.2821,benign,https://doi.org/10.1101/2022.10.22.513328
L1138V,2.69558,1.47653,2.339525467244603,Uncertain,Uncertain,0.2,0.0004139336432529,0.0015006289107902,0.435,"cBioPortal,COSMIC,mutations_clinvar",,False,0.2,,,,neutral,neutral,neutral,DOWN,neutral,neutral,neutral,134265,Benign/Likely benign,2,84.88,H,-0.1402,0.9912,-2.9443,loss_of_function,-1.75800594926189,0.6865728211074735,Pathogenic,0.1453,benign,https://doi.org/10.1101/2022.10.22.513328
L1139Q,2.1383,2.86667,2.623277324140104,Uncertain,Uncertain,0.5,,,,mutations_clinvar,,False,0.5,,,,neutral,neutral,neutral,DOWN,neutral,neutral,neutral,1050594,Uncertain significance,0,83.93,H,-0.3708,0.7019,-21.2821,loss_of_function,-5.26431203209181,0.91843785653467,Pathogenic,0.3523,ambiguous,https://doi.org/10.1101/2022.10.22.513328
N1140Y,0.40557,0.25578,-0.5225839487930867,Neutral,Neutral,47.0,,,,mutations_clinvar,,False,47.0,,,,neutral,neutral,neutral,UP,neutral,neutral,neutral,1921119,Conflicting interpretations of pathogenicity,1,80.14,H,-0.0617,2.372,-4.6611,loss_of_function,-0.86670503914819,0.0758135908962521,Benign,0.1524,benign,https://doi.org/10.1101/2022.10.22.513328
A1141D,6.2327,3.7102,3.364558415035442,Destabilizing,Destabilizing,3.1,,,,mutations_clinvar,,False,3.1,,,,neutral,neutral,neutral,UP,neutral,neutral,neutral,134266,Uncertain significance,2,76.68,H,-0.298,1.297,-21.2707,loss_of_function,-4.63773757379854,0.844514225977328,Pathogenic,0.2716,benign,https://doi.org/10.1101/2022.10.22.513328
A1141S,0.45985,1.72687,1.622753249827385,Neutral,Neutral,3.1,,,0.301,"cBioPortal,COSMIC,mutations_clinvar",,False,3.1,,,,neutral,neutral,neutral,-,uncertain,uncertain,uncertain,1056270,Uncertain significance,1,76.68,H,-0.103,1.297,-5.983,loss_of_function,-1.63663141466991,0.4050183984147895,Uncertain,0.1048,benign,https://doi.org/10.1101/2022.10.22.513328
A1141T,1.28245,3.24796,1.3710542878835104,Uncertain,Neutral,3.1,6.36902108146e-05,0.0000079587418821,0.201,"cBioPortal,COSMIC,mutations_clinvar",,False,3.1,,,,neutral,neutral,neutral,UP,neutral,neutral,neutral,2156056,Conflicting interpretations of pathogenicity,1,76.68,H,-0.0961,1.297,-3.4594,loss_of_function,-0.779711408344008,5.324274500911843e-05,Benign,0.0899,benign,https://doi.org/10.1101/2022.10.22.513328
C1142R,8.18043,8.0068,5.889827630804379,Destabilizing,Destabilizing,0.0,,,,mutations_clinvar,,False,0.0,,,,neutral,neutral,neutral,UP,neutral,neutral,neutral,974053,Uncertain significance,0,78.37,H,-0.388,1.6497,-21.2707,loss_of_function,-4.27257358562479,0.9173989776005692,Pathogenic,0.7216,pathogenic,https://doi.org/10.1101/2022.10.22.513328
C1142Y,16.01894,5.20646,6.3255440131106,Destabilizing,Destabilizing,0.0,,,,mutations_clinvar,,False,0.0,,,,neutral,neutral,neutral,UP,neutral,neutral,neutral,2061966,Uncertain significance,1,78.37,H,-0.3391,1.6497,-21.2707,loss_of_function,-4.27257358562479,0.9183137778002366,Pathogenic,0.5143,ambiguous,https://doi.org/10.1101/2022.10.22.513328
L1143R,1.95069,3.58844,2.026075865791535,Uncertain,Uncertain,10.7,,,,mutations_clinvar,,True,10.7,,,,neutral,neutral,neutral,UP,neutral,neutral,neutral,576423,Uncertain significance,1,76.62,T,-0.2077,2.3271,-6.9772,loss_of_function,-3.69213007229913,0.2941633207440513,Benign,0.1167,benign,https://doi.org/10.1101/2022.10.22.513328
L1143V,2.57746,2.06701,1.870204670705128,Uncertain,Uncertain,10.7,0.0003502961594803,0.0005251933666486,0.276,"cBioPortal,COSMIC,mutations_clinvar",,True,10.7,,,,neutral,neutral,neutral,DOWN,neutral,neutral,neutral,134267,Conflicting interpretations of pathogenicity,1,76.62,T,-0.0127,2.3271,-2.0466,loss_of_function,-0.660268782112781,3.4594393456283926e-05,Benign,0.0862,benign,https://doi.org/10.1101/2022.10.22.513328
R1144L,0.70388,0.5551,-0.0152118769804943,Neutral,Neutral,67.5,,,0.303,"cBioPortal,COSMIC",,True,67.5,,,,neutral,neutral,neutral,DOWN,neutral,neutral,neutral,,,,71.14,T,-0.0906,2.6174,-6.3923,loss_of_function,-2.76525374313281,0.3227536861011381,Uncertain,0.1203,benign,https://doi.org/10.1101/2022.10.22.513328
R1144Q,0.53665,1.14592,0.6203075256267726,Neutral,Neutral,67.5,,0.0000397886427298,0.173,"cBioPortal,COSMIC,mutations_clinvar",,True,67.5,,,,neutral,neutral,neutral,DOWN,neutral,neutral,neutral,2041036,Likely benign,1,71.14,T,-0.0459,2.6174,-3.0704,loss_of_function,-0.160394246325854,4.112607943766192e-05,Benign,0.0836,benign,https://doi.org/10.1101/2022.10.22.513328
R1144W,1.21436,0.19116,-0.0827807071947372,Neutral,Neutral,67.5,0.0005414012738854,0.0005252477020413,0.458,"cBioPortal,FANCA_icope_sentieon_input,mutations_clinvar",,True,67.5,,,,neutral,neutral,neutral,UP,neutral,neutral,neutral,408171,Conflicting interpretations of pathogenicity,1,71.14,T,-0.1818,2.6174,-21.265,loss_of_function,-2.95069064209917,0.8139925009108706,Pathogenic,0.1066,benign,https://doi.org/10.1101/2022.10.22.513328
S1145N,0.19159,2.87721,-0.1131297466400282,Uncertain,Neutral,9.7,,,,mutations_clinvar,,True,9.7,,,,uncertain,,,UP,neutral,neutral,neutral,1380383,Conflicting interpretations of pathogenicity,1,72.82,S,-0.163,1.465,-21.2707,loss_of_function,-4.93539476546231,0.8284869529810975,Pathogenic,0.2026,benign,https://doi.org/10.1101/2022.10.22.513328
D1147A,2.79238,1.96973,0.8207789635013807,Uncertain,Uncertain,74.7,,,0.593,cBioPortal,,False,74.7,,,,neutral,neutral,neutral,DOWN,neutral,neutral,neutral,,,,80.74,S,-0.0316,2.5668,-6.3923,loss_of_function,-1.36006018557219,0.8617322287677673,Pathogenic,0.2507,benign,https://doi.org/10.1101/2022.10.22.513328
D1147H,2.34427,2.13741,0.1221180592289022,Uncertain,Uncertain,74.7,,,,mutations_clinvar,,False,74.7,,,,neutral,neutral,neutral,UP,neutral,neutral,neutral,1472704,Uncertain significance,1,80.74,S,-0.0359,2.5668,-5.3923,loss_of_function,-2.27113105472487,0.7760173814598963,Pathogenic,0.2587,benign,https://doi.org/10.1101/2022.10.22.513328
D1147V,2.15865,3.99524,0.6069330458996405,Uncertain,Uncertain,74.7,,,0.654,"cBioPortal,COSMIC",,False,74.7,,,,neutral,neutral,neutral,UP,neutral,neutral,neutral,,,,80.74,S,-0.0817,2.5668,-6.9772,loss_of_function,-4.04789218929748,0.8953388646040288,Pathogenic,0.2702,benign,https://doi.org/10.1101/2022.10.22.513328
D1147Y,2.29939,1.81633,0.3616579060334091,Uncertain,Uncertain,74.7,,,0.578,cBioPortal,,False,74.7,,,,neutral,neutral,neutral,UP,neutral,neutral,neutral,,,,80.74,S,-0.0796,2.5668,-6.9772,loss_of_function,-2.54472136981766,0.9070189618917108,Pathogenic,0.198,benign,https://doi.org/10.1101/2022.10.22.513328
P1148A,2.12611,0.79626,0.5213451734601418,Uncertain,Uncertain,22.1,,,0.431,COSMIC,,False,22.1,,,,neutral,neutral,neutral,DOWN,neutral,neutral,neutral,,,,81.75,H,-0.1084,1.338,-3.3866,loss_of_function,-1.12246170222929,0.8974241334440202,Pathogenic,0.1251,benign,https://doi.org/10.1101/2022.10.22.513328
P1148S,2.61674,1.9915,0.9245130619808956,Uncertain,Uncertain,22.1,,,0.363,cBioPortal,,False,22.1,,,,neutral,neutral,neutral,DOWN,neutral,neutral,neutral,,,,81.75,H,-0.1039,1.338,-2.5792,loss_of_function,-1.5092708060224,0.8670089597890671,Pathogenic,0.179,benign,https://doi.org/10.1101/2022.10.22.513328
S1149F,-2.04089,-1.6932,-0.9913931674587478,Uncertain,Uncertain,43.2,,,0.343,"cBioPortal,COSMIC",P,False,43.2,-0.052,,,damaging,uncertain,uncertain,UP,neutral,neutral,neutral,,,,83.25,H,-0.1465,2.2499,-21.2535,loss_of_function,-3.94483095638375,0.7818551405057382,Pathogenic,0.1915,benign,https://doi.org/10.1101/2022.10.22.513328
S1149P,-1.33861,4.16395,2.057969294642942,Uncertain,Uncertain,43.2,,,0.451,COSMIC,P,False,43.2,-0.052,,,damaging,neutral,uncertain,UP,neutral,neutral,neutral,,,,83.25,H,-0.1439,2.2499,-5.9658,loss_of_function,-1.97698379823159,0.1506821856529319,Benign,0.1072,benign,https://doi.org/10.1101/2022.10.22.513328
M1151I,1.35929,0.32381,0.0794994430032608,Neutral,Neutral,26.9,,,0.199,"cBioPortal,COSMIC",,False,26.9,,,,neutral,neutral,neutral,-,uncertain,uncertain,uncertain,,,,81.89,H,0.0115,2.8,-7.9714,gain_of_function,-2.34315379492944,5.41693832239048e-05,Benign,0.3673,ambiguous,https://doi.org/10.1101/2022.10.22.513328
D1153N,2.30877,1.35374,0.7079179981437328,Uncertain,Uncertain,19.9,,0.0000198867252132,0.176,"cBioPortal,mutations_clinvar",,False,19.9,,,,neutral,neutral,neutral,-,uncertain,uncertain,uncertain,1337906,Uncertain significance,1,86.75,H,-0.0516,1.674,-0.7389,loss_of_function,-0.531012617611588,9.068447378565944e-10,Benign,0.1113,benign,https://doi.org/10.1101/2022.10.22.513328
I1155L,0.11685,2.21259,0.2457260020162061,Uncertain,Neutral,2.5,,,0.220,cBioPortal,,False,2.5,,,,neutral,neutral,neutral,-,uncertain,uncertain,uncertain,,,,83.33,H,0.0213,2.6701,-5.1756,gain_of_function,-1.14357448658107,2.797158403849193e-07,Benign,0.0927,benign,https://doi.org/10.1101/2022.10.22.513328
L1156Q,3.56189,3.52483,2.916551710613996,Destabilizing,Uncertain,0.9,,,,mutations_clinvar,,False,0.9,,,,neutral,neutral,neutral,DOWN,neutral,neutral,neutral,1365163,Uncertain significance,1,88.14,H,-0.3432,1.0011,-21.2593,loss_of_function,-5.1275443875547,0.9148062784001664,Pathogenic,0.8278,pathogenic,https://doi.org/10.1101/2022.10.22.513328
L1156V,1.76596,2.32245,1.5676978933983212,Uncertain,Neutral,0.9,,,,mutations_clinvar,,False,0.9,,,,neutral,neutral,neutral,DOWN,neutral,neutral,neutral,1981743,Uncertain significance,1,88.14,H,-0.165,1.0011,-7.9714,loss_of_function,-2.35769379067791,0.9128257435575132,Pathogenic,0.2353,benign,https://doi.org/10.1101/2022.10.22.513328
A1157S,0.1091,0.51735,0.6777573063978939,Neutral,Neutral,50.1,,,0.095,"cBioPortal,mutations_clinvar",,False,50.1,,,,neutral,neutral,neutral,-,uncertain,uncertain,uncertain,1489185,Uncertain significance,1,85.27,H,0.0161,2.3613,-1.8423,gain_of_function,-0.646786456505199,2.8844421877199382e-08,Benign,0.0949,benign,https://doi.org/10.1101/2022.10.22.513328
K1158T,1.82349,-0.0551,0.2418867949184727,Neutral,Neutral,42.8,,,0.436,cBioPortal,,True,42.8,,,,neutral,neutral,neutral,DOWN,neutral,neutral,neutral,,,,83.85,H,0.034,3.0442,-2.96,gain_of_function,-0.183385008360315,1.0274863328740078e-10,Benign,0.0878,benign,https://doi.org/10.1101/2022.10.22.513328
C1159S,1.05659,1.6483,2.370434450989816,Neutral,Uncertain,0.0,0.000159205247405,0.0001312461222737,"0.687, 0.705","cBioPortal,COSMIC,mutations_clinvar",,True,0.0,,,,neutral,neutral,neutral,DOWN,neutral,neutral,neutral,237050,Conflicting interpretations of pathogenicity,1,86.82,H,-0.2628,1.6042,-7.9599,loss_of_function,-1.47685357710849,0.887546381198632,Pathogenic,0.4443,ambiguous,https://doi.org/10.1101/2022.10.22.513328
Q1160H,1.32259,0.41497,0.2135278086835251,Neutral,Neutral,20.4,,,0.460,"COSMIC,mutations_clinvar",,True,20.4,,,,neutral,neutral,neutral,UP,neutral,neutral,neutral,1054789,Uncertain significance,1,84.71,H,-0.0417,1.8965,-5.6381,loss_of_function,-2.5344493269028,0.4451750876952225,Uncertain,0.3717,ambiguous,https://doi.org/10.1101/2022.10.22.513328
T1161A,0.95399,0.2517,0.1558616932552631,Neutral,Neutral,78.1,,,,mutations_clinvar,,True,78.1,,,,uncertain,,,DOWN,neutral,neutral,neutral,2187250,Uncertain significance,1,81.29,H,-0.0223,2.217,-3.3277,loss_of_function,-0.734717273691436,0.0109111198114531,Benign,0.084,benign,https://doi.org/10.1101/2022.10.22.513328
T1161K,-0.24184,-0.35374,-0.1079436027708641,Neutral,Neutral,78.1,,0.0000198860924624,0.463,"cBioPortal,mutations_clinvar",,True,78.1,,,,uncertain,,,UP,neutral,neutral,neutral,1039608,Uncertain significance,1,81.29,H,-0.1969,2.217,-21.2593,loss_of_function,-3.57017339944237,0.8219382164591367,Pathogenic,0.1478,benign,https://doi.org/10.1101/2022.10.22.513328
T1161M,0.47183,0.28129,-0.2537337816022333,Neutral,Neutral,78.1,,0.0000477266219097,0.427,"cBioPortal,COSMIC,FANCA_icope_sentieon_input,mutations_clinvar",,True,78.1,,,,uncertain,,,UP,neutral,neutral,neutral,435126,Conflicting interpretations of pathogenicity,1,81.29,H,-0.0908,2.217,-7.9714,loss_of_function,-0.543691896158429,0.8769780317409817,Pathogenic,0.0969,benign,https://doi.org/10.1101/2022.10.22.513328
P1164L,6.4047,2.18129,-1.2728571548151302,Uncertain,Uncertain,0.0,,,,"cBioPortal,COSMIC,mutations_clinvar",,True,0.0,,,,neutral,neutral,neutral,UP,neutral,neutral,neutral,974055,Likely pathogenic,1,88.29,H,-0.3614,0.1107,-21.2877,loss_of_function,-5.91959270864177,0.9154417760271552,Pathogenic,0.6438,pathogenic,https://doi.org/10.1101/2022.10.22.513328
P1164S,3.61459,2.9966,0.4392923456134179,Uncertain,Uncertain,0.0,,,,mutations_clinvar,,True,0.0,,,,neutral,neutral,neutral,DOWN,neutral,neutral,neutral,974054,Likely pathogenic,1,88.29,H,-0.2445,0.1107,-7.9999,loss_of_function,-5.53885763388095,0.8759972450423643,Pathogenic,0.5763,pathogenic,https://doi.org/10.1101/2022.10.22.513328
L1165F,4.65776,4.27959,0.558457544393113,Destabilizing,Uncertain,0.1,,,0.440,"cBioPortal,COSMIC",,True,0.1,,,,neutral,neutral,neutral,UP,neutral,neutral,neutral,,,,88.29,H,-0.1234,1.7049,-7.9999,loss_of_function,-4.22388850939396,0.7543116774923777,Pathogenic,0.2376,benign,https://doi.org/10.1101/2022.10.22.513328
I1166V,1.51515,1.13401,1.36713709797526,Neutral,Neutral,0.5,,,,mutations_clinvar,,True,0.5,,,,neutral,neutral,neutral,DOWN,neutral,neutral,neutral,2139229,Uncertain significance,1,89.69,H,0.0055,1.8871,-1.9556,gain_of_function,-0.54594032201862,2.5567329428915365e-07,Benign,0.1752,benign,https://doi.org/10.1101/2022.10.22.513328
L1167F,2.74155,2.66837,0.8634570003439229,Uncertain,Uncertain,1.7,,,0.499,"cBioPortal,COSMIC",,True,1.7,,,,neutral,neutral,neutral,UP,neutral,neutral,neutral,,,,90.3,H,-0.1768,1.0137,-6.0,loss_of_function,-5.23375661749383,0.8753958960025723,Pathogenic,0.2926,benign,https://doi.org/10.1101/2022.10.22.513328
S1169C,2.40704,0.89728,0.4938394734514184,Uncertain,Uncertain,0.0,,,0.744,COSMIC,,True,0.0,,,,uncertain,,,UP,neutral,neutral,neutral,,,,89.82,H,-0.2377,0.1687,-6.9999,loss_of_function,-3.58359831937663,0.9188340162979376,Pathogenic,0.5883,pathogenic,https://doi.org/10.1101/2022.10.22.513328
A1170P,6.31859,11.86905,7.804341833901455,Destabilizing,Destabilizing,0.0,,,,mutations_clinvar,,True,0.0,,,,neutral,neutral,neutral,UP,neutral,neutral,neutral,1429006,Uncertain significance,1,90.51,H,-0.3727,0.9178,-21.2877,loss_of_function,-4.99071442341007,0.9176758751503068,Pathogenic,0.9244,pathogenic,https://doi.org/10.1101/2022.10.22.513328
A1170V,0.2395,3.22143,1.136247590129008,Uncertain,Neutral,0.0,,,0.633,COSMIC,,True,0.0,,,,neutral,neutral,neutral,UP,neutral,neutral,neutral,,,,90.51,H,-0.1431,0.9178,-6.415,loss_of_function,-3.35184083655606,0.906787581315292,Pathogenic,0.3883,ambiguous,https://doi.org/10.1101/2022.10.22.513328
L1171P,8.05366,6.94456,9.449210955632598,Destabilizing,Destabilizing,0.0,,,,mutations_clinvar,,True,0.0,,,,neutral,neutral,neutral,DOWN,neutral,neutral,neutral,652803,Uncertain significance,1,88.77,H,-0.3078,2.0674,-21.2821,loss_of_function,-3.99979787680629,0.919188375942017,Pathogenic,0.7689,pathogenic,https://doi.org/10.1101/2022.10.22.513328
V1172A,1.40046,0.58571,1.344695703628818,Neutral,Neutral,18.8,,,,mutations_clinvar,,True,18.8,,,,neutral,neutral,neutral,DOWN,neutral,neutral,neutral,2164511,Uncertain significance,1,85.71,H,-0.0608,2.3081,-6.9886,loss_of_function,-0.95414984066152,8.373088605810358e-09,Benign,0.1095,benign,https://doi.org/10.1101/2022.10.22.513328
V1172M,-0.53698,1.29218,0.6965660615958291,Neutral,Neutral,18.8,,0.0000043788588694,0.237,cBioPortal,,True,18.8,,,,neutral,neutral,neutral,UP,neutral,neutral,neutral,,,,85.71,H,-0.0705,2.3081,-6.9886,loss_of_function,-1.885690759238,3.629600541465871e-09,Benign,0.1171,benign,https://doi.org/10.1101/2022.10.22.513328
W1173C,3.21496,2.90884,4.277175957823347,Uncertain,Destabilizing,25.5,,,,mutations_clinvar,,False,25.5,,,,neutral,neutral,neutral,DOWN,neutral,neutral,neutral,2146510,Uncertain significance,1,88.74,S,-0.4678,0.4324,-21.2764,loss_of_function,-5.86029894097591,0.9153988127843656,Pathogenic,0.7055,pathogenic,https://doi.org/10.1101/2022.10.22.513328
W1173L,1.85886,3.47007,2.287119923504706,Uncertain,Uncertain,25.5,,,0.785,COSMIC,,False,25.5,,,,neutral,neutral,neutral,DOWN,neutral,neutral,neutral,,,,88.74,S,-0.4793,0.4324,-21.2764,loss_of_function,-5.86029894097591,0.9127829895414024,Pathogenic,0.5592,ambiguous,https://doi.org/10.1101/2022.10.22.513328
W1174R,5.16399,4.00238,3.2831430018712573,Destabilizing,Destabilizing,3.9,,,0.893,"cBioPortal,COSMIC",,False,3.9,,,,neutral,neutral,neutral,DOWN,neutral,neutral,neutral,,,,89.6,H,-0.5486,0.0746,-21.2707,loss_of_function,-5.8611224425696,0.9168345220240908,Pathogenic,0.9711,pathogenic,https://doi.org/10.1101/2022.10.22.513328
P1175L,1.39655,-1.96735,-1.5282721677423377,Neutral,Neutral,56.3,0.0007968381462357,0.0003012610533105,0.337,"cBioPortal,COSMIC,mutations_clinvar",,False,56.3,,,,neutral,neutral,neutral,UP,neutral,neutral,neutral,134268,Conflicting interpretations of pathogenicity,1,86.14,H,-0.0718,2.3438,-4.8131,loss_of_function,-1.31911776487837,0.1813830341081233,Benign,0.1572,benign,https://doi.org/10.1101/2022.10.22.513328
S1176I,0.44426,-0.70646,-0.4083866191465213,Neutral,Neutral,57.6,,,,mutations_clinvar,,False,57.6,,,,uncertain,,,UP,neutral,neutral,neutral,1965026,Uncertain significance,1,86.24,H,-0.1752,1.9729,-21.2707,loss_of_function,-3.57530941452028,0.1922563183885643,Benign,0.1307,benign,https://doi.org/10.1101/2022.10.22.513328
S1176R,0.29574,0.25102,-0.3891213284932709,Neutral,Neutral,57.6,,,0.286,cBioPortal,,False,57.6,,,,uncertain,,,UP,neutral,neutral,neutral,,,,86.24,H,-0.0831,1.9729,-0.7446,loss_of_function,-0.326432523036373,1.010636878490626e-12,Benign,0.193,benign,https://doi.org/10.1101/2022.10.22.513328
E1178K,0.09325,2.26088,0.5206271939458734,Uncertain,Neutral,28.7,,,,mutations_clinvar,,False,28.7,,,,neutral,neutral,neutral,UP,neutral,neutral,neutral,1710959,Uncertain significance,1,88.9,H,-0.1146,1.5589,-5.6553,loss_of_function,-4.15182531862439,0.899530577457939,Pathogenic,0.2526,benign,https://doi.org/10.1101/2022.10.22.513328
P1179L,1.71078,-3.20102,-1.086380765470949,Uncertain,Neutral,58.7,,,,mutations_clinvar,,False,58.7,,,,neutral,neutral,neutral,UP,neutral,neutral,neutral,1964110,Uncertain significance,1,87.53,H,-0.2161,0.9502,-7.9657,loss_of_function,-5.12844680619798,0.912799148292391,Pathogenic,0.2213,benign,https://doi.org/10.1101/2022.10.22.513328
P1179R,1.72851,-2.87483,-0.8125630073483414,Uncertain,Neutral,58.7,,,,mutations_clinvar,,False,58.7,,,,neutral,neutral,neutral,UP,neutral,neutral,neutral,522759,Uncertain significance,2,87.53,H,-0.2321,0.9502,-6.9657,loss_of_function,-2.28993584527347,0.6262425484978063,Uncertain,0.1816,benign,https://doi.org/10.1101/2022.10.22.513328
V1180E,-0.83756,-0.50646,0.7695256183616717,Neutral,Neutral,53.3,,,,mutations_clinvar,,False,53.3,,,,neutral,neutral,neutral,-,uncertain,uncertain,uncertain,1523856,Uncertain significance,1,85.66,H,-0.1985,1.9364,-3.0,loss_of_function,-0.777786010275364,3.285625032832982e-07,Benign,0.1677,benign,https://doi.org/10.1101/2022.10.22.513328
V1180L,-1.49031,-0.31361,-0.2990471827231572,Neutral,Neutral,53.3,,,,mutations_clinvar,,False,53.3,,,,neutral,neutral,neutral,UP,neutral,neutral,neutral,1415579,Uncertain significance,2,85.66,H,-0.0822,1.9364,-4.3692,loss_of_function,-0.96605473527659,0.1404129553993414,Benign,0.1494,benign,https://doi.org/10.1101/2022.10.22.513328
V1180M,-2.5145,-1.42687,0.1378278685087797,Uncertain,Uncertain,53.3,,,,"FANCA_icope_sentieon_input,mutations_clinvar",,False,53.3,,,,neutral,neutral,neutral,UP,neutral,neutral,neutral,134270,Benign/Likely benign,2,85.66,H,-0.0943,1.9364,-4.9542,loss_of_function,-0.412216632710921,0.0271867959630901,Benign,0.1162,benign,https://doi.org/10.1101/2022.10.22.513328
L1181R,4.34975,4.76088,3.1193732282480804,Destabilizing,Destabilizing,3.1,,,,mutations_clinvar,,False,3.1,,,,neutral,neutral,neutral,UP,neutral,neutral,neutral,944524,Uncertain significance,1,85.92,H,-0.4483,0.5044,-21.2535,loss_of_function,-5.5484310274887,0.9162312618566087,Pathogenic,0.8011,pathogenic,https://doi.org/10.1101/2022.10.22.513328
L1182F,-0.27106,1.50272,0.6934150094194391,Neutral,Neutral,25.1,,,,mutations_clinvar,,False,25.1,,,,neutral,neutral,neutral,UP,neutral,neutral,neutral,1330092,Uncertain significance,1,86.07,H,0.0124,2.9732,-4.2479,gain_of_function,-1.21102727063595,0.000106105871978,Benign,0.1037,benign,https://doi.org/10.1101/2022.10.22.513328
C1183G,0.04824,0.38367,0.0934984711107372,Neutral,Neutral,80.3,,,,mutations_clinvar,,False,80.3,,,,neutral,neutral,neutral,DOWN,neutral,neutral,neutral,1343431,Uncertain significance,2,84.97,H,-0.2519,1.5969,-5.3634,loss_of_function,-1.73502969735993,0.0136867079372975,Benign,0.095,benign,https://doi.org/10.1101/2022.10.22.513328
C1183S,-0.63709,-0.32313,-0.3468682944698481,Neutral,Neutral,80.3,,,,mutations_clinvar,,False,80.3,,,,neutral,neutral,neutral,DOWN,neutral,neutral,neutral,1172741,Uncertain significance,1,84.97,H,-0.2261,1.5969,-0.6355,loss_of_function,-0.629212996112536,7.107046469835882e-10,Benign,0.1292,benign,https://doi.org/10.1101/2022.10.22.513328
R1184L,-1.50284,-1.65952,-0.1964618346268332,Neutral,Neutral,36.1,,,0.385,"cBioPortal,COSMIC",,False,36.1,,,,neutral,neutral,neutral,DOWN,neutral,neutral,neutral,,,,83.4,H,-0.1261,2.002,-2.2479,loss_of_function,-1.81645379518732,0.0210336266777775,Benign,0.1104,benign,https://doi.org/10.1101/2022.10.22.513328
R1184P,1.84076,7.28027,8.919309815733666,Uncertain,Uncertain,36.1,0.0001911314984709,0.0001955559901244,0.667,"COSMIC,mutations_clinvar",,False,36.1,,,,neutral,neutral,neutral,DOWN,neutral,neutral,neutral,321335,Conflicting interpretations of pathogenicity,1,83.4,H,-0.3626,2.002,-21.2361,loss_of_function,-4.25589030844928,0.5730110475870744,Uncertain,0.3188,benign,https://doi.org/10.1101/2022.10.22.513328
R1184Q,-0.16191,-0.25782,1.1676416958218274,Neutral,Neutral,36.1,,0.0000040740831276,0.190,"cBioPortal,mutations_clinvar",,False,36.1,,,,neutral,neutral,neutral,DOWN,neutral,neutral,neutral,1512624,Uncertain significance,2,83.4,H,-0.092,2.002,-1.0059,loss_of_function,-0.0291305606843635,1.7143610822100873e-08,Benign,0.061,benign,https://doi.org/10.1101/2022.10.22.513328
R1184W,-0.5863,-0.16837,-0.319677317941735,Neutral,Neutral,36.1,3.186336987e-05,0.0001141543203333,0.405,"cBioPortal,mutations_clinvar",,False,36.1,,,,neutral,neutral,neutral,UP,neutral,neutral,neutral,642961,Conflicting interpretations of pathogenicity,1,83.4,H,-0.1654,2.002,-6.9483,loss_of_function,-0.752572792217491,0.0396666624014084,Benign,0.0985,benign,https://doi.org/10.1101/2022.10.22.513328
R1186G,1.12602,1.34388,1.3683178517912655,Neutral,Neutral,72.3,,,,mutations_clinvar,,True,72.3,,,,neutral,neutral,neutral,DOWN,neutral,neutral,neutral,968886,Conflicting interpretations of pathogenicity,1,84.61,H,-0.1223,2.5179,-4.3576,loss_of_function,-1.33119293047796,0.5002873176962964,Uncertain,0.1165,benign,https://doi.org/10.1101/2022.10.22.513328
R1186K,-0.09246,0.11156,0.6967116786231492,Neutral,Neutral,72.3,,,0.157,"cBioPortal,COSMIC",,True,72.3,,,,neutral,neutral,neutral,-,uncertain,uncertain,uncertain,,,,84.61,H,0.0373,2.5179,-1.5163,gain_of_function,-0.546483227663932,1.3423285646701964e-05,Benign,0.0963,benign,https://doi.org/10.1101/2022.10.22.513328
R1186M,-0.5963,0.33776,0.5002146188045788,Neutral,Neutral,72.3,,,0.331,"cBioPortal,COSMIC",,True,72.3,,,,neutral,neutral,neutral,DOWN,neutral,neutral,neutral,,,,84.61,H,-0.0655,2.5179,-6.3575,loss_of_function,-1.35040804310317,0.7626867353795734,Pathogenic,0.1822,benign,https://doi.org/10.1101/2022.10.22.513328
C1189F,3.08964,-0.15,-0.3578270773217906,Uncertain,Uncertain,14.5,,,,mutations_clinvar,,True,14.5,,,,neutral,neutral,neutral,UP,neutral,neutral,neutral,2051745,Uncertain significance,1,77.8,-,-0.1179,2.8498,-1.4051,loss_of_function,-0.46566005112277,6.5812684680666975e-12,Benign,0.1036,benign,https://doi.org/10.1101/2022.10.22.513328
Q1190H,0.05366,0.10408,-0.2974177792131627,Neutral,Neutral,111.7,,,,mutations_clinvar,,True,111.7,,,,neutral,neutral,neutral,UP,neutral,neutral,neutral,1518734,Uncertain significance,1,76.47,-,-0.063,2.5293,-21.2185,loss_of_function,-4.46819220484958,0.5741509575423046,Uncertain,0.165,benign,https://doi.org/10.1101/2022.10.22.513328
Q1190R,-0.41807,0.47109,-0.1953473936921057,Neutral,Neutral,111.7,,,,mutations_clinvar,,True,111.7,,,,neutral,neutral,neutral,UP,neutral,neutral,neutral,956693,Uncertain significance,1,76.47,-,-0.0075,2.5293,-4.3458,loss_of_function,-1.45255540854186,0.0008031254079567,Benign,0.0675,benign,https://doi.org/10.1101/2022.10.22.513328
S1191G,0.27541,0.15374,0.5748564151517468,Neutral,Neutral,51.0,,0.0000040513713892,0.227,"cBioPortal,COSMIC",,True,51.0,,,,uncertain,,,DOWN,neutral,neutral,neutral,,,,80.27,S,0.0658,2.7378,-1.9535,gain_of_function,-0.71281398905276,3.0590783823951835e-10,Benign,0.0744,benign,https://doi.org/10.1101/2022.10.22.513328
P1192L,0.90813,0.88299,-0.3233318080198971,Neutral,Neutral,95.1,,0.0000202411121277,0.272,"cBioPortal,COSMIC,mutations_clinvar",,True,95.1,,,,neutral,neutral,neutral,UP,neutral,neutral,neutral,884349,Uncertain significance,2,81.95,-,-0.1334,1.7919,-6.9307,loss_of_function,-1.59969520698363,0.154575504060599,Benign,0.0985,benign,https://doi.org/10.1101/2022.10.22.513328
P1192Q,0.72362,0.99966,0.1259407104555826,Neutral,Neutral,95.1,,,0.377,COSMIC,,True,95.1,,,,neutral,neutral,neutral,UP,neutral,neutral,neutral,,,,81.95,-,-0.108,1.7919,-5.9307,loss_of_function,-2.76385958183349,0.5890847322563635,Uncertain,0.1113,benign,https://doi.org/10.1101/2022.10.22.513328
P1192S,0.76394,0.4881,0.1603164703052101,Neutral,Neutral,95.1,,,0.260,"cBioPortal,mutations_clinvar",,True,95.1,,,,neutral,neutral,neutral,DOWN,neutral,neutral,neutral,1354091,Uncertain significance,1,81.95,-,-0.0712,1.7919,-4.3458,loss_of_function,-1.2131287735572,0.0852775640235076,Benign,0.0883,benign,https://doi.org/10.1101/2022.10.22.513328
L1193R,3.09155,2.23435,1.1754106851387014,Uncertain,Uncertain,12.9,,,0.734,cBioPortal,,True,12.9,,,,neutral,neutral,neutral,UP,neutral,neutral,neutral,,,,83.17,-,-0.4109,0.9076,-21.2006,loss_of_function,-4.89850212019425,0.9187406179376668,Pathogenic,0.2446,benign,https://doi.org/10.1101/2022.10.22.513328
P1194L,9.53597,7.14354,2.0539456578904813,Destabilizing,Uncertain,1.9,,,,mutations_clinvar,,False,1.9,,,,neutral,neutral,neutral,UP,neutral,neutral,neutral,526352,Likely pathogenic,1,87.55,-,-0.2106,1.0085,-7.9365,loss_of_function,-4.0378347581749,0.9186806922387688,Pathogenic,0.6717,pathogenic,https://doi.org/10.1101/2022.10.22.513328
P1194S,3.64098,2.87075,1.7055651957792666,Uncertain,Uncertain,1.9,,,,mutations_clinvar,,False,1.9,,,,neutral,neutral,neutral,DOWN,neutral,neutral,neutral,1023309,Uncertain significance,1,87.55,-,-0.1565,1.0085,-6.9366,loss_of_function,-2.48129379833537,0.9165705364575418,Pathogenic,0.6454,pathogenic,https://doi.org/10.1101/2022.10.22.513328
R1195G,0.86941,0.38503,1.3617387317315015,Neutral,Neutral,90.5,,,,mutations_clinvar,,False,90.5,,,,neutral,neutral,neutral,DOWN,neutral,neutral,neutral,835008,Uncertain significance,1,87.59,H,-0.1231,2.552,-5.1293,loss_of_function,-1.27053344768051,0.0198251397407957,Benign,0.0879,benign,https://doi.org/10.1101/2022.10.22.513328
R1195L,0.26046,-0.47347,0.1052332281364143,Neutral,Neutral,90.5,,0.0000121408336706,0.312,cBioPortal,,False,90.5,,,,neutral,neutral,neutral,DOWN,neutral,neutral,neutral,,,,87.59,H,-0.0964,2.552,-6.3516,loss_of_function,-1.01591490614006,0.0501105940305964,Benign,0.1255,benign,https://doi.org/10.1101/2022.10.22.513328
R1195Q,-0.05235,-0.08367,0.7381134701160565,Neutral,Neutral,90.5,0.0015604101649576,0.0003399433427762,0.217,"cBioPortal,mutations_clinvar",,False,90.5,,,,neutral,neutral,neutral,DOWN,neutral,neutral,neutral,134271,Conflicting interpretations of pathogenicity,1,87.59,H,-0.0477,2.552,-2.2362,loss_of_function,-0.256521522929259,1.3419274779466918e-08,Benign,0.0764,benign,https://doi.org/10.1101/2022.10.22.513328
R1195W,0.78555,-0.05748,0.1146324648093616,Neutral,Neutral,90.5,0.0003504077471967,0.0003154803795472,0.296,"cBioPortal,COSMIC,mutations_clinvar",,False,90.5,,,,neutral,neutral,neutral,UP,neutral,neutral,neutral,134269,Conflicting interpretations of pathogenicity,1,87.59,H,-0.1198,2.552,-7.9365,loss_of_function,-0.486890004069992,0.0575077799999684,Benign,0.1036,benign,https://doi.org/10.1101/2022.10.22.513328
E1196Q,-0.29399,0.69728,0.5006640152860681,Neutral,Neutral,12.8,,,,mutations_clinvar,,False,12.8,,,,neutral,neutral,neutral,UP,neutral,neutral,neutral,1421105,Uncertain significance,1,87.27,H,-0.0314,1.7314,-2.1553,loss_of_function,-1.22762472488043,0.083070093828631,Benign,0.1621,benign,https://doi.org/10.1101/2022.10.22.513328
K1199N,0.28801,1.24116,0.7868106148743822,Neutral,Neutral,35.7,,,0.132,cBioPortal,,True,35.7,,,,neutral,neutral,neutral,DOWN,neutral,neutral,neutral,,,,87.05,H,-0.0478,2.3351,-6.9425,loss_of_function,-1.65536083795935,7.197683006227536e-07,Benign,0.3064,benign,https://doi.org/10.1101/2022.10.22.513328
L1200I,1.34908,1.1568,1.6586871445325395,Neutral,Neutral,1.2,,,0.290,"cBioPortal,COSMIC",,True,1.2,,,,neutral,neutral,neutral,-,uncertain,uncertain,uncertain,,,,87.67,H,-0.1476,0.589,-4.2421,loss_of_function,-1.39054442447813,0.7868308562897963,Pathogenic,0.1424,benign,https://doi.org/10.1101/2022.10.22.513328
Q1201H,-0.03042,1.61395,0.1357750071786156,Neutral,Neutral,29.9,,,,mutations_clinvar,,True,29.9,,,,neutral,neutral,neutral,UP,neutral,neutral,neutral,1432657,Uncertain significance,1,87.68,H,0.0514,3.0358,-7.9365,gain_of_function,-0.8672246296816,0.2252857832517675,Benign,0.2575,benign,https://doi.org/10.1101/2022.10.22.513328
Q1201K,-0.48742,1.41769,0.2428410003093317,Neutral,Neutral,29.9,,,0.206,COSMIC,,True,29.9,,,,neutral,neutral,neutral,UP,neutral,neutral,neutral,,,,87.68,H,0.0369,3.0358,-4.4772,gain_of_function,-1.01674930762424,0.0232223950426666,Benign,0.0934,benign,https://doi.org/10.1101/2022.10.22.513328
E1202G,1.18656,0.88401,1.3387836951964165,Neutral,Neutral,43.8,,,,mutations_clinvar,,True,43.8,,,,neutral,neutral,neutral,DOWN,neutral,neutral,neutral,"1006385, 968779","Uncertain significance, Uncertain significance","2, 1",88.05,H,-0.0812,1.8716,-4.0238,loss_of_function,-0.687642162018821,0.705215597697576,Pathogenic,0.1382,benign,https://doi.org/10.1101/2022.10.22.513328
E1202Q,-0.44586,-0.22721,0.2821613754981611,Neutral,Neutral,43.8,,0.0000040271915977,0.223,"cBioPortal,COSMIC",,True,43.8,,,,neutral,neutral,neutral,UP,neutral,neutral,neutral,,,,88.05,H,-0.0428,1.8716,-6.9307,loss_of_function,-1.769594472476,0.8177152597079503,Pathogenic,0.1213,benign,https://doi.org/10.1101/2022.10.22.513328
R1204G,3.22797,2.21259,2.96107112188975,Uncertain,Uncertain,18.4,,,,mutations_clinvar,,True,18.4,,,,neutral,neutral,neutral,DOWN,neutral,neutral,neutral,1692222,Uncertain significance,1,85.28,H,-0.1781,1.9982,-5.9248,loss_of_function,-1.60634818452731,0.1035424252032278,Benign,0.1864,benign,https://doi.org/10.1101/2022.10.22.513328
R1204P,5.13744,6.08707,7.553554996236866,Destabilizing,Destabilizing,18.4,,,,mutations_clinvar,,True,18.4,,,,neutral,neutral,neutral,DOWN,neutral,neutral,neutral,974161,Pathogenic,0,85.28,H,-0.3628,1.9982,-21.2125,loss_of_function,-2.93754902296127,0.1550379810320338,Benign,0.5952,pathogenic,https://doi.org/10.1101/2022.10.22.513328
R1204Q,1.24934,0.67381,1.4960718472254038,Neutral,Neutral,18.4,,0.0000040307302877,0.206,"cBioPortal,mutations_clinvar",,True,18.4,,,,neutral,neutral,neutral,DOWN,neutral,neutral,neutral,526374,Uncertain significance,1,85.28,H,-0.0921,1.9982,-0.9475,loss_of_function,-0.315863314749089,4.008620359486663e-13,Benign,0.0748,benign,https://doi.org/10.1101/2022.10.22.513328
R1204W,-0.80232,-1.26803,-0.5862636154102674,Neutral,Neutral,18.4,3.18572793883e-05,0.0000362716017539,0.274,"cBioPortal,COSMIC,mutations_clinvar",,True,18.4,,,,neutral,neutral,neutral,UP,neutral,neutral,neutral,1053079,Conflicting interpretations of pathogenicity,1,85.28,H,-0.1545,1.9982,-4.7549,loss_of_function,-0.513155677586026,9.119804257114892e-05,Benign,0.0946,benign,https://doi.org/10.1101/2022.10.22.513328
A1207V,6.11731,4.83741,0.1270294854006143,Destabilizing,Uncertain,0.3,,0.0000000000000000,0.421,cBioPortal,,True,0.3,,,,neutral,neutral,neutral,UP,neutral,neutral,neutral,,,,84.47,H,-0.1136,1.1162,-4.2125,loss_of_function,-1.95888146500955,0.2733322962885233,Benign,0.3947,ambiguous,https://doi.org/10.1101/2022.10.22.513328
S1208I,-0.67123,-0.75,-1.0380014060922882,Neutral,Neutral,63.2,,,,mutations_clinvar,P,True,63.2,0.307,,,damaging,neutral,potentially_damaging,UP,neutral,neutral,neutral,456117,Uncertain significance,1,81.84,H,-0.0618,3.2008,-21.1825,loss_of_function,-2.94525221695569,0.3307960916081049,Uncertain,0.137,benign,https://doi.org/10.1101/2022.10.22.513328
S1208N,0.01852,0.00034,-0.5021081017560491,Neutral,Neutral,63.2,,,,mutations_clinvar,P,True,63.2,0.307,,,damaging,neutral,potentially_damaging,UP,neutral,neutral,neutral,577176,Uncertain significance,1,81.84,H,0.0832,3.2008,-4.3099,gain_of_function,-1.19434889397471,0.0026462164282608,Benign,0.1063,benign,https://doi.org/10.1101/2022.10.22.513328
D1209N,0.00742,1.00374,-0.0141768447224388,Neutral,Neutral,54.3,,,,mutations_clinvar,,True,54.3,,,,neutral,neutral,neutral,-,uncertain,uncertain,uncertain,2180921,Uncertain significance,1,81.73,H,-0.0566,1.7993,-3.9758,loss_of_function,-0.0980638727463461,3.6436593934902423e-14,Benign,0.0782,benign,https://doi.org/10.1101/2022.10.22.513328
F1210S,4.30867,5.46293,6.002237629579767,Destabilizing,Destabilizing,1.5,,0.0000039793392705,0.508,"cBioPortal,mutations_clinvar",,True,1.5,,,,neutral,neutral,neutral,DOWN,neutral,neutral,neutral,1699730,Uncertain significance,1,76.51,H,-0.1587,2.0445,-6.2792,loss_of_function,-1.61412284405587,0.3852262643804354,Uncertain,0.3716,ambiguous,https://doi.org/10.1101/2022.10.22.513328
L1211F,1.3651,1.55986,1.5277616401858374,Neutral,Neutral,31.4,,,,mutations_clinvar,,True,31.4,,,,neutral,neutral,neutral,UP,neutral,neutral,neutral,2146217,Likely benign,1,74.51,H,-0.113,1.7224,-6.2792,loss_of_function,-1.59559724938927,0.5287302433358778,Uncertain,0.1253,benign,https://doi.org/10.1101/2022.10.22.513328
L1211I,0.66667,0.92891,1.0595610133388111,Neutral,Neutral,31.4,,,0.281,"cBioPortal,COSMIC",,True,31.4,,,,neutral,neutral,neutral,-,uncertain,uncertain,uncertain,,,,74.51,H,-0.0567,1.7224,-6.8641,loss_of_function,-0.964899144668773,0.3250134200635409,Uncertain,0.1048,benign,https://doi.org/10.1101/2022.10.22.513328
S1212F,0.45614,0.30272,-0.366387005258737,Neutral,Neutral,48.3,,,,mutations_clinvar,,True,48.3,,,,uncertain,,,UP,neutral,neutral,neutral,1441828,Uncertain significance,2,74.99,S,-0.0987,1.9718,-6.8765,loss_of_function,-3.93959542682045,0.903540395839421,Pathogenic,0.1223,benign,https://doi.org/10.1101/2022.10.22.513328
S1212Y,0.65449,0.21735,-0.308972498567937,Neutral,Neutral,48.3,,0.0000039787692871,0.275,"cBioPortal,mutations_clinvar",,True,48.3,,,,uncertain,,,UP,neutral,neutral,neutral,2146339,Uncertain significance,1,74.99,S,-0.1764,1.9718,-21.1642,loss_of_function,-3.93959542682045,0.8915452370137313,Pathogenic,0.1191,benign,https://doi.org/10.1101/2022.10.22.513328
P1213A,0.79748,0.5534,-0.2901379502928108,Neutral,Neutral,86.0,,,,"FANCA_icope_sentieon_input,mutations_clinvar",,True,86.0,,,,neutral,neutral,neutral,DOWN,neutral,neutral,neutral,526331,Conflicting interpretations of pathogenicity,1,66.0,S,-0.0118,2.4662,-4.8138,loss_of_function,-0.799330266635918,0.015833093558954,Benign,0.0674,benign,https://doi.org/10.1101/2022.10.22.513328
P1213R,0.76284,0.85238,-0.4699808913628017,Neutral,Neutral,86.0,,,0.202,cBioPortal,,True,86.0,,,,neutral,neutral,neutral,UP,neutral,neutral,neutral,,,,66.0,S,-0.0889,2.4662,-6.2288,loss_of_function,-2.06561149520561,0.2043377797511091,Benign,0.0881,benign,https://doi.org/10.1101/2022.10.22.513328
P1213T,0.79015,0.72177,-0.3485715767467934,Neutral,Neutral,86.0,,,0.156,"cBioPortal,COSMIC",,True,86.0,,,,neutral,neutral,neutral,-,uncertain,uncertain,uncertain,,,,66.0,S,-0.0309,2.4662,-6.2288,loss_of_function,-0.85643165838616,0.0795392776218796,Benign,0.0733,benign,https://doi.org/10.1101/2022.10.22.513328
E1214Q,-0.24405,0.15,0.2866339043265981,Neutral,Neutral,96.7,,,0.202,"cBioPortal,COSMIC",,True,96.7,,,,neutral,neutral,neutral,UP,neutral,neutral,neutral,,,,61.46,S,0.0753,2.9767,-3.7188,gain_of_function,-1.11543884525513,0.0001605921255679,Benign,0.0932,benign,https://doi.org/10.1101/2022.10.22.513328
A1215D,0.43336,-0.20034,-0.2828417860177967,Neutral,Neutral,112.6,0.0001274047649382,0.0000477414324021,0.175,"COSMIC,mutations_clinvar",,True,112.6,,,,neutral,neutral,neutral,UP,neutral,neutral,neutral,565678,Conflicting interpretations of pathogenicity,1,58.91,-,-0.0677,3.058,-7.8825,loss_of_function,-2.36506515905148,0.0263891805121953,Benign,0.1161,benign,https://doi.org/10.1101/2022.10.22.513328
A1215S,0.17497,-0.12789,-0.0805694164537523,Neutral,Neutral,112.6,,,0.202,"cBioPortal,COSMIC",,True,112.6,,,,neutral,neutral,neutral,-,uncertain,uncertain,uncertain,,,,58.91,-,0.0767,3.058,-2.5251,gain_of_function,-0.434599177645878,2.7098016886015314e-09,Benign,0.0912,benign,https://doi.org/10.1101/2022.10.22.513328
A1216S,0.05152,0.2551,1.6605448248364725,Neutral,Neutral,22.9,,,,mutations_clinvar,,True,22.9,,,,neutral,neutral,neutral,-,uncertain,uncertain,uncertain,1427095,Uncertain significance,1,62.42,-,0.0433,2.7492,-3.4964,gain_of_function,-0.668206901318326,0.0017655869120941,Benign,0.0873,benign,https://doi.org/10.1101/2022.10.22.513328
A1216T,-0.16438,-0.33265,0.6423285155620811,Neutral,Neutral,22.9,,,0.121,"cBioPortal,mutations_clinvar",,True,22.9,,,,neutral,neutral,neutral,UP,neutral,neutral,neutral,1509635,Uncertain significance,1,62.42,-,0.0389,2.7492,-3.1883,gain_of_function,-0.159169600913262,1.1512584399167756e-05,Benign,0.0713,benign,https://doi.org/10.1101/2022.10.22.513328
S1217C,0.16904,0.68469,0.3117086292472532,Neutral,Neutral,49.1,,,,mutations_clinvar,,True,49.1,,,,uncertain,,,UP,neutral,neutral,neutral,855877,Uncertain significance,1,69.36,-,0.0082,2.7609,-5.5668,gain_of_function,-0.542686708180118,0.2501797477287759,Benign,0.0826,benign,https://doi.org/10.1101/2022.10.22.513328
S1217P,-1.4032,0.5534,1.4951184770645234,Neutral,Neutral,49.1,,,0.147,"cBioPortal,COSMIC",,True,49.1,,,,uncertain,,,UP,neutral,neutral,neutral,,,,69.36,-,-0.0833,2.7609,-3.3038,loss_of_function,-0.435114969437995,1.235939852696495e-05,Benign,0.0742,benign,https://doi.org/10.1101/2022.10.22.513328
P1218L,0.65035,0.35408,-0.4864803095442205,Neutral,Neutral,88.6,,,,mutations_clinvar,,True,88.6,,,,neutral,neutral,neutral,UP,neutral,neutral,neutral,1314709,Uncertain significance,2,73.96,-,-0.1011,1.9788,-3.9758,loss_of_function,-0.220350680454596,0.6548568704691455,Uncertain,0.0809,benign,https://doi.org/10.1101/2022.10.22.513328
P1218S,0.83085,0.93163,0.1897503798784355,Neutral,Neutral,88.6,,,,mutations_clinvar,,True,88.6,,,,neutral,neutral,neutral,DOWN,neutral,neutral,neutral,526369,Uncertain significance,1,73.96,-,-0.05,1.9788,-3.5607,loss_of_function,-0.868405915401466,0.0389137994680364,Benign,0.0829,benign,https://doi.org/10.1101/2022.10.22.513328
P1218T,0.9075,0.88707,0.0854876119639641,Neutral,Neutral,88.6,,,0.161,"cBioPortal,COSMIC,mutations_clinvar",,True,88.6,,,,neutral,neutral,neutral,-,uncertain,uncertain,uncertain,1319520,Uncertain significance,1,73.96,-,-0.0699,1.9788,-5.0753,loss_of_function,-1.31418339793694,0.7699256536034803,Pathogenic,0.0763,benign,https://doi.org/10.1101/2022.10.22.513328
A1219T,1.84683,0.87075,0.9054294921823892,Neutral,Neutral,0.6,,,,mutations_clinvar,,True,0.6,,,,neutral,neutral,neutral,UP,neutral,neutral,neutral,424318,Uncertain significance,1,76.47,-,0.0022,2.4664,-5.2915,gain_of_function,-0.455684034854167,0.0114935293029742,Benign,0.1024,benign,https://doi.org/10.1101/2022.10.22.513328
A1219V,0.74954,0.6534,0.1112923326582887,Neutral,Neutral,0.6,,,0.239,COSMIC,,True,0.6,,,,neutral,neutral,neutral,UP,neutral,neutral,neutral,,,,76.47,-,0.0144,2.4664,-3.4842,gain_of_function,-1.04279338417556,0.0889572027254283,Benign,0.1094,benign,https://doi.org/10.1101/2022.10.22.513328
P1220A,2.32328,1.01735,0.0280593982612598,Uncertain,Uncertain,17.4,,,,mutations_clinvar,,False,17.4,,,,neutral,neutral,neutral,DOWN,neutral,neutral,neutral,2415456,Uncertain significance,1,81.18,-,-0.0843,1.6501,-4.2916,loss_of_function,-0.965891155434154,0.8347175555882449,Pathogenic,0.107,benign,https://doi.org/10.1101/2022.10.22.513328
P1220R,2.39317,2.14014,-0.2156715781500484,Uncertain,Uncertain,17.4,,,,mutations_clinvar,,False,17.4,,,,neutral,neutral,neutral,UP,neutral,neutral,neutral,1015411,Uncertain significance,1,81.18,-,-0.2402,1.6501,-21.1642,loss_of_function,-4.66914212218424,0.9185194339897154,Pathogenic,0.1723,benign,https://doi.org/10.1101/2022.10.22.513328
P1220S,3.05162,1.47959,0.4101927576981096,Uncertain,Uncertain,17.4,,,0.083,"cBioPortal,mutations_clinvar",,False,17.4,,,,neutral,neutral,neutral,DOWN,neutral,neutral,neutral,456118,Uncertain significance,1,81.18,-,-0.0697,1.6501,-1.5015,loss_of_function,-0.865571923427851,0.3021933086521571,Benign,0.1376,benign,https://doi.org/10.1101/2022.10.22.513328
P1222L,3.65228,1.10578,-0.72459923097828,Uncertain,Uncertain,24.5,6.36983247341e-05,0.0000119326046489,0.305,"cBioPortal,COSMIC,mutations_clinvar",,False,24.5,,,,neutral,neutral,neutral,UP,neutral,neutral,neutral,929781,Conflicting interpretations of pathogenicity,1,85.41,S,-0.1588,1.4243,-5.273,loss_of_function,-1.38858201874962,0.0015108544273573,Benign,0.1232,benign,https://doi.org/10.1101/2022.10.22.513328
P1222Q,3.93094,1.44388,0.0271794387577206,Uncertain,Uncertain,24.5,,,0.314,"cBioPortal,COSMIC",,False,24.5,,,,neutral,neutral,neutral,UP,neutral,neutral,neutral,,,,85.41,S,-0.2195,1.4243,-21.1457,loss_of_function,-4.22277870212804,0.902874733106488,Pathogenic,0.2043,benign,https://doi.org/10.1101/2022.10.22.513328
D1223E,-0.87228,1.39116,0.8511500081067127,Neutral,Neutral,9.4,,,0.243,COSMIC,,False,9.4,,,,neutral,neutral,neutral,UP,neutral,neutral,neutral,,,,84.42,H,-0.1085,1.9507,-21.1332,loss_of_function,-2.29310584979502,2.9827136330689144e-08,Benign,0.1525,benign,https://doi.org/10.1101/2022.10.22.513328
D1223N,0.24288,1.35918,0.8977707781987504,Neutral,Neutral,9.4,,,0.102,cBioPortal,,False,9.4,,,,neutral,neutral,neutral,-,uncertain,uncertain,uncertain,,,,84.42,H,-0.0573,1.9507,-6.8454,loss_of_function,-2.29310584979502,2.4165334861341708e-08,Benign,0.0967,benign,https://doi.org/10.1101/2022.10.22.513328
S1226F,8.63767,6.72721,3.767658394523152,Destabilizing,Destabilizing,0.3,,,,cBioPortal,,False,0.3,,,,uncertain,,,UP,neutral,neutral,neutral,,,,87.04,H,-0.1228,1.7101,-6.8765,loss_of_function,-1.87224628954979,0.8585871841850256,Pathogenic,0.2416,benign,https://doi.org/10.1101/2022.10.22.513328
S1226L,1.64848,0.27925,1.741341514673154,Neutral,Neutral,0.3,,,0.404,"cBioPortal,COSMIC",,False,0.3,,,,uncertain,,,UP,neutral,neutral,neutral,,,,87.04,H,-0.0974,1.7101,-2.0185,loss_of_function,-1.36431430227342,0.0316753321550943,Benign,0.102,benign,https://doi.org/10.1101/2022.10.22.513328
A1227T,3.6341,2.76224,3.39853716899363,Uncertain,Destabilizing,0.8,,,0.520,"cBioPortal,COSMIC,mutations_clinvar",,False,0.8,,,,neutral,neutral,neutral,UP,neutral,neutral,neutral,2418716,Uncertain significance,1,87.78,H,-0.2794,0.2864,-21.1642,loss_of_function,-3.47688451900739,0.919056351658118,Pathogenic,0.5456,ambiguous,https://doi.org/10.1101/2022.10.22.513328
A1228D,3.28058,4.5068,3.580252932640948,Destabilizing,Destabilizing,0.0,,,,mutations_clinvar,,False,0.0,,,,neutral,neutral,neutral,UP,neutral,neutral,neutral,1809555,Uncertain significance,1,87.75,H,-0.3448,0.783,-21.1704,loss_of_function,-5.29606138462693,0.8984081069817229,Pathogenic,0.8834,pathogenic,https://doi.org/10.1101/2022.10.22.513328
A1228G,2.14261,2.52041,2.085927554645381,Uncertain,Uncertain,0.0,,,,mutations_clinvar,,False,0.0,,,,neutral,neutral,neutral,DOWN,neutral,neutral,neutral,2045290,Uncertain significance,1,87.75,H,-0.1837,0.783,-6.8826,loss_of_function,-3.92701975705819,0.9183534422606656,Pathogenic,0.2865,benign,https://doi.org/10.1101/2022.10.22.513328
A1228T,3.7491,1.47653,1.667492409525751,Uncertain,Uncertain,0.0,,,,mutations_clinvar,,False,0.0,,,,neutral,neutral,neutral,UP,neutral,neutral,neutral,951788,Uncertain significance,1,87.75,H,-0.166,0.783,-7.8825,loss_of_function,-2.09369642143509,0.9023089905523184,Pathogenic,0.1893,benign,https://doi.org/10.1101/2022.10.22.513328
A1229G,1.8766,2.37347,2.414247455558104,Uncertain,Uncertain,0.0,,,,mutations_clinvar,,False,0.0,,,,neutral,neutral,neutral,DOWN,neutral,neutral,neutral,456120,Uncertain significance,1,87.51,H,-0.0628,2.0234,-5.5607,loss_of_function,-2.33571830427037,0.8869830138812942,Pathogenic,0.1828,benign,https://doi.org/10.1101/2022.10.22.513328
A1229T,1.78823,2.27993,2.5294021825015087,Uncertain,Uncertain,0.0,,,,mutations_clinvar,,False,0.0,,,,neutral,neutral,neutral,UP,neutral,neutral,neutral,1518877,Uncertain significance,1,87.51,H,-0.1196,2.0234,-21.1704,loss_of_function,-2.9300796969603,0.9114724391919772,Pathogenic,0.1913,benign,https://doi.org/10.1101/2022.10.22.513328
L1230P,9.50324,10.46395,9.589242689860404,Destabilizing,Destabilizing,0.6,,,0.714,COSMIC,,False,0.6,,,,neutral,neutral,neutral,DOWN,neutral,neutral,neutral,,,,86.17,H,-0.4406,0.618,-21.1642,loss_of_function,-5.73158860826311,0.9172091585477498,Pathogenic,0.9018,pathogenic,https://doi.org/10.1101/2022.10.22.513328
L1230V,2.13218,1.12755,2.0313343193020845,Uncertain,Uncertain,0.6,,,,mutations_clinvar,,False,0.6,,,,neutral,neutral,neutral,DOWN,neutral,neutral,neutral,1035840,Uncertain significance,1,86.17,H,-0.1865,0.618,-5.2915,loss_of_function,-1.46371890201541,0.895032973267609,Pathogenic,0.1531,benign,https://doi.org/10.1101/2022.10.22.513328
H1231N,0.82128,1.40646,1.7143167253353169,Neutral,Neutral,7.5,,,0.348,COSMIC,,False,7.5,,,,neutral,neutral,neutral,DOWN,neutral,neutral,neutral,,,,85.74,H,-0.211,0.9489,-21.1642,loss_of_function,-4.39702093412024,0.8644178710645751,Pathogenic,0.242,benign,https://doi.org/10.1101/2022.10.22.513328
H1231R,0.69646,1.36497,1.3381539150414046,Neutral,Neutral,7.5,,,0.588,"cBioPortal,COSMIC",,False,7.5,,,,neutral,neutral,neutral,UP,neutral,neutral,neutral,,,,85.74,H,-0.1677,0.9489,-6.8765,loss_of_function,-3.24195074134573,0.8890610938500654,Pathogenic,0.2933,benign,https://doi.org/10.1101/2022.10.22.513328
F1232L,1.41371,1.69354,1.402647043037088,Neutral,Neutral,9.6,,,,mutations_clinvar,,False,9.6,,,,neutral,neutral,neutral,DOWN,neutral,neutral,neutral,1350659,Likely benign,1,83.73,H,-0.0395,2.4795,-5.0568,loss_of_function,-1.24766199424113,0.0025676776878487,Benign,0.6699,pathogenic,https://doi.org/10.1101/2022.10.22.513328
F1232V,2.43735,1.75918,2.412048425122636,Uncertain,Uncertain,9.6,,,0.275,COSMIC,,False,9.6,,,,neutral,neutral,neutral,DOWN,neutral,neutral,neutral,,,,83.73,H,-0.0729,2.4795,-5.2792,loss_of_function,-1.74315807569055,0.5733221599238051,Uncertain,0.1404,benign,https://doi.org/10.1101/2022.10.22.513328
A1233G,1.62326,1.87755,2.053234425095267,Neutral,Uncertain,3.0,,,,mutations_clinvar,,False,3.0,,,,neutral,neutral,neutral,DOWN,neutral,neutral,neutral,1370952,Uncertain significance,1,82.82,H,-0.0469,2.2366,-6.2915,loss_of_function,-2.9233596452527,0.6160818454902213,Uncertain,0.1607,benign,https://doi.org/10.1101/2022.10.22.513328
A1233T,2.88771,2.11701,1.2396143329272695,Uncertain,Uncertain,3.0,,,,mutations_clinvar,,False,3.0,,,,neutral,neutral,neutral,UP,neutral,neutral,neutral,971638,Uncertain significance,2,82.82,H,-0.0035,2.2366,-2.2618,loss_of_function,-0.47058216170677,0.0001371969084108,Benign,0.0904,benign,https://doi.org/10.1101/2022.10.22.513328
A1233V,1.2931,-0.15714,0.5969106659382656,Neutral,Neutral,3.0,,0.0000357949664323,0.323,"cBioPortal,COSMIC,mutations_clinvar",,False,3.0,,,,neutral,neutral,neutral,UP,neutral,neutral,neutral,408201,Conflicting interpretations of pathogenicity,1,82.82,H,-0.0088,2.2366,-3.8765,loss_of_function,-0.723856814162797,0.0004713298144947,Benign,0.1419,benign,https://doi.org/10.1101/2022.10.22.513328
I1234F,-1.24334,1.33776,1.1988946846196171,Neutral,Neutral,3.2,,,0.494,cBioPortal,,False,3.2,,,,neutral,neutral,neutral,UP,neutral,neutral,neutral,,,,81.95,H,-0.0463,2.7334,-4.7066,loss_of_function,-0.813462479532168,0.2021420650636048,Benign,0.1393,benign,https://doi.org/10.1101/2022.10.22.513328
I1234T,3.03849,2.51803,2.7721849271217067,Uncertain,Uncertain,3.2,,,,mutations_clinvar,,False,3.2,,,,neutral,neutral,neutral,DOWN,neutral,neutral,neutral,321334,Uncertain significance,1,81.95,H,-0.0457,2.7334,-5.2915,loss_of_function,-1.10471108385377,0.2194170377317871,Benign,0.4139,ambiguous,https://doi.org/10.1101/2022.10.22.513328
I1234V,1.48296,1.06837,0.8928317945202421,Neutral,Neutral,3.2,,,,mutations_clinvar,,False,3.2,,,,neutral,neutral,neutral,DOWN,neutral,neutral,neutral,662042,Conflicting interpretations of pathogenicity,1,81.95,H,0.0838,2.7334,-1.8765,gain_of_function,-0.190995870550328,1.1014998486461869e-05,Benign,0.1032,benign,https://doi.org/10.1101/2022.10.22.513328
Q1235E,0.30167,0.62721,0.1384543363747009,Neutral,Neutral,39.7,,,,mutations_clinvar,,False,39.7,,,,neutral,neutral,neutral,DOWN,neutral,neutral,neutral,216278,Conflicting interpretations of pathogenicity,1,77.75,H,-0.0463,1.8483,-4.8704,loss_of_function,-0.65581271068506,0.0572567397568236,Benign,0.089,benign,https://doi.org/10.1101/2022.10.22.513328
Q1236E,0.70351,0.82653,-0.4088420741493098,Neutral,Neutral,72.0,,,,mutations_clinvar,,False,72.0,,,,neutral,neutral,neutral,DOWN,neutral,neutral,neutral,2086482,Uncertain significance,1,76.47,H,-0.0169,2.103,-3.7004,loss_of_function,-0.594161563184084,4.450116467606383e-05,Benign,0.0674,benign,https://doi.org/10.1101/2022.10.22.513328
Q1236H,0.50348,0.53231,-0.3671504644404794,Neutral,Neutral,72.0,,,,mutations_clinvar,,False,72.0,,,,neutral,neutral,neutral,UP,neutral,neutral,neutral,1059843,Uncertain significance,1,76.47,H,-0.0341,2.103,-7.8702,loss_of_function,-2.20051863841617,0.3449652051475015,Uncertain,0.1651,benign,https://doi.org/10.1101/2022.10.22.513328
R1238M,-0.35134,0.92959,0.3055630529903486,Neutral,Neutral,97.4,,,0.358,cBioPortal,,False,97.4,,,,neutral,neutral,neutral,DOWN,neutral,neutral,neutral,,,,72.55,-,-0.0748,3.2363,-21.1519,loss_of_function,-1.4855169639443,0.164241567132808,Benign,0.1534,benign,https://doi.org/10.1101/2022.10.22.513328
R1238S,-0.34126,0.53571,0.4618484738633649,Neutral,Neutral,97.4,,,0.214,cBioPortal,,False,97.4,,,,neutral,neutral,neutral,DOWN,neutral,neutral,neutral,,,,72.55,-,-0.0147,3.2363,-3.0568,loss_of_function,-0.355342636834075,0.0024997043642635,Benign,0.1369,benign,https://doi.org/10.1101/2022.10.22.513328
E1239K,-0.31121,1.55034,0.7454422473842567,Neutral,Neutral,51.4,,,0.330,"cBioPortal,mutations_clinvar",,False,51.4,,,,neutral,neutral,neutral,UP,neutral,neutral,neutral,1386333,Uncertain significance,1,67.17,H,0.0611,3.2728,-2.1363,gain_of_function,-0.262082075556044,8.879788302567399e-18,Benign,0.0784,benign,https://doi.org/10.1101/2022.10.22.513328
E1240K,0.35515,1.08265,0.5036466680449894,Neutral,Neutral,107.0,,0.0000039766491164,0.186,cBioPortal,,False,107.0,,,,neutral,neutral,neutral,UP,neutral,neutral,neutral,,,,68.2,H,0.0266,3.0243,-4.4171,gain_of_function,-1.74329570739829,0.1308492302235729,Benign,0.0961,benign,https://doi.org/10.1101/2022.10.22.513328
E1240Q,0.16525,0.45068,0.5698657125574214,Neutral,Neutral,107.0,,,,mutations_clinvar,,False,107.0,,,,neutral,neutral,neutral,UP,neutral,neutral,neutral,408189,Uncertain significance,2,68.2,H,0.0793,3.0243,-3.7891,gain_of_function,-1.39996793797559,0.2704680026287105,Benign,0.1164,benign,https://doi.org/10.1101/2022.10.22.513328
I1242M,0.31072,1.47415,1.6221275065817142,Neutral,Neutral,4.6,,,,mutations_clinvar,,False,4.6,,,,neutral,neutral,neutral,-,uncertain,uncertain,uncertain,1502161,Uncertain significance,2,72.57,H,0.0849,3.4038,-4.8265,gain_of_function,-0.457330643050349,0.0171906578239894,Benign,0.0987,benign,https://doi.org/10.1101/2022.10.22.513328
R1243K,0.0998,-1.07143,-0.1788121771030748,Neutral,Neutral,76.9,,0.0000039766174892,0.157,"cBioPortal,COSMIC",,False,76.9,,,,neutral,neutral,neutral,-,uncertain,uncertain,uncertain,,,,74.24,H,0.0245,2.4508,-2.8266,gain_of_function,-0.50248173254182,1.3437669913723468e-05,Benign,0.0893,benign,https://doi.org/10.1101/2022.10.22.513328
K1244M,0.49199,0.27755,-0.0030791013559056,Neutral,Neutral,85.6,,,0.352,"cBioPortal,COSMIC",,True,85.6,,,,neutral,neutral,neutral,DOWN,neutral,neutral,neutral,,,,75.69,H,0.0632,3.4456,-6.8073,gain_of_function,-1.66095258229776,2.018773459743359e-05,Benign,0.1196,benign,https://doi.org/10.1101/2022.10.22.513328
K1244N,1.11611,0.23571,0.2247972270003467,Neutral,Neutral,85.6,,,,mutations_clinvar,,True,85.6,,,,neutral,neutral,neutral,DOWN,neutral,neutral,neutral,2193508,Uncertain significance,1,75.69,H,0.0712,3.4456,-3.6374,gain_of_function,-0.595920411945019,2.5916913012398385e-05,Benign,0.1404,benign,https://doi.org/10.1101/2022.10.22.513328
Q1245K,-1.03675,0.12007,0.7934287388359714,Neutral,Neutral,18.2,,,,mutations_clinvar,,True,18.2,,,,neutral,neutral,neutral,UP,neutral,neutral,neutral,526323,Conflicting interpretations of pathogenicity,1,75.81,H,0.0236,3.0757,-7.82,gain_of_function,-0.919517057208472,0.0061545659546627,Benign,0.1055,benign,https://doi.org/10.1101/2022.10.22.513328
Q1245R,-0.04015,0.3483,-0.0704479206846991,Neutral,Neutral,18.2,,,,mutations_clinvar,,True,18.2,,,,neutral,neutral,neutral,UP,neutral,neutral,neutral,1580492,Likely benign,1,75.81,H,0.0444,3.0757,-4.0128,gain_of_function,-0.930462290168213,0.0034163729279938,Benign,0.0998,benign,https://doi.org/10.1101/2022.10.22.513328
L1246V,2.54137,1.21224,1.7281915318185816,Uncertain,Uncertain,5.5,,,0.479,cBioPortal,,True,5.5,,,,neutral,neutral,neutral,DOWN,neutral,neutral,neutral,,,,74.89,H,-0.1817,0.6699,-5.2854,loss_of_function,-1.7743043727117,0.7954217970403037,Pathogenic,0.1446,benign,https://doi.org/10.1101/2022.10.22.513328
L1249P,4.68274,9.26395,8.525518071306614,Destabilizing,Destabilizing,0.5,,,,mutations_clinvar,,False,0.5,,,,neutral,neutral,neutral,DOWN,neutral,neutral,neutral,974166,Pathogenic,0,71.0,G,-0.3522,0.8396,-7.8391,loss_of_function,-5.21763634492866,0.9187785783448787,Pathogenic,0.3508,ambiguous,https://doi.org/10.1101/2022.10.22.513328
L1249V,3.29849,3.98197,2.5677325486678497,Destabilizing,Uncertain,0.5,,0.0000119295678315,0.250,COSMIC,,False,0.5,,,,neutral,neutral,neutral,DOWN,neutral,neutral,neutral,,,,71.0,G,-0.1741,0.8396,-6.8391,loss_of_function,-1.45122002420175,0.8222602336782626,Pathogenic,0.1162,benign,https://doi.org/10.1101/2022.10.22.513328
D1250E,-0.06648,-0.57381,-0.1106858808646416,Neutral,Neutral,64.0,,,,mutations_clinvar,,False,64.0,,,,neutral,neutral,neutral,UP,neutral,neutral,neutral,936902,Uncertain significance,2,66.15,G,0.0328,2.5575,-4.3923,gain_of_function,-0.611453332458771,0.0242891094379534,Benign,0.1958,benign,https://doi.org/10.1101/2022.10.22.513328
E1252D,0.84298,1.36701,0.5141645158135202,Neutral,Neutral,13.1,,,,mutations_clinvar,,False,13.1,,,,neutral,neutral,neutral,DOWN,neutral,neutral,neutral,2213102,Uncertain significance,1,70.37,S,0.0856,2.937,-2.3034,gain_of_function,-0.812823765063377,0.008442868867043,Benign,0.1443,benign,https://doi.org/10.1101/2022.10.22.513328
E1252K,1.07149,2.02041,0.482177604088625,Uncertain,Neutral,13.1,,0.0000119303268910,0.233,"cBioPortal,COSMIC,mutations_clinvar",,False,13.1,,,,neutral,neutral,neutral,UP,neutral,neutral,neutral,1424279,Uncertain significance,2,70.37,S,0.0179,2.937,-4.5361,gain_of_function,-1.31721032973853,0.0015843430737673,Benign,0.0823,benign,https://doi.org/10.1101/2022.10.22.513328
E1252Q,1.15937,-0.76327,0.0799176104697102,Neutral,Neutral,13.1,,,,mutations_clinvar,,False,13.1,,,,neutral,neutral,neutral,UP,neutral,neutral,neutral,971572,Uncertain significance,1,70.37,S,0.0785,2.937,-2.3661,gain_of_function,-0.105005212868475,5.1564852939268864e-08,Benign,0.0868,benign,https://doi.org/10.1101/2022.10.22.513328
R1253G,1.08687,2.17517,1.208967496103989,Uncertain,Neutral,52.3,,,,mutations_clinvar,,False,52.3,,,,neutral,neutral,neutral,DOWN,neutral,neutral,neutral,1422240,Uncertain significance,1,73.24,-,-0.0655,3.0721,-3.2141,loss_of_function,-0.667718331069474,2.4992365836723762e-08,Benign,0.0678,benign,https://doi.org/10.1101/2022.10.22.513328
E1254V,0.57615,0.28571,0.1595925834190159,Neutral,Neutral,73.2,,,,mutations_clinvar,,False,73.2,,,,neutral,neutral,neutral,-,uncertain,uncertain,uncertain,237051,Uncertain significance,2,78.95,H,-0.0662,2.1105,-7.8328,loss_of_function,-3.17576654742107,0.8490526142983903,Pathogenic,0.2772,benign,https://doi.org/10.1101/2022.10.22.513328
E1255A,-0.06584,0.82891,0.6081293121523229,Neutral,Neutral,73.8,3.18552497452e-05,0.0000318129399133,0.712,"cBioPortal,mutations_clinvar",,False,73.8,,,,neutral,neutral,neutral,DOWN,neutral,neutral,neutral,963048,Uncertain significance,1,80.74,H,-0.1023,1.5759,-7.8641,loss_of_function,-3.47003100982647,0.8712893018607608,Pathogenic,0.1547,benign,https://doi.org/10.1101/2022.10.22.513328
E1255G,-0.62573,2.47007,1.303926746480191,Uncertain,Neutral,73.8,,0.0000039766174892,0.773,"cBioPortal,COSMIC",,False,73.8,,,,neutral,neutral,neutral,DOWN,neutral,neutral,neutral,,,,80.74,H,-0.1959,1.5759,-21.1519,loss_of_function,-5.08658555128156,0.8939347117092249,Pathogenic,0.1398,benign,https://doi.org/10.1101/2022.10.22.513328
E1255V,1.43266,0.46122,0.421427937437413,Neutral,Neutral,73.8,,,0.764,cBioPortal,,False,73.8,,,,neutral,neutral,neutral,-,uncertain,uncertain,uncertain,,,,80.74,H,-0.1833,1.5759,-21.1519,loss_of_function,-4.87927909251969,0.909931078165573,Pathogenic,0.2587,benign,https://doi.org/10.1101/2022.10.22.513328
L1256P,1.11935,9.18367,6.837543662257,Uncertain,Uncertain,0.7,,,0.790,"cBioPortal,COSMIC,mutations_clinvar",,False,0.7,,,,neutral,neutral,neutral,DOWN,neutral,neutral,neutral,591701,Uncertain significance,0,83.47,H,-0.3418,1.6899,-21.1332,loss_of_function,-4.19239825958534,0.8396823590606123,Pathogenic,0.4082,ambiguous,https://doi.org/10.1101/2022.10.22.513328
L1256V,1.59212,1.4466,1.683583956573908,Neutral,Neutral,0.7,,,,mutations_clinvar,,False,0.7,,,,neutral,neutral,neutral,DOWN,neutral,neutral,neutral,2058188,Uncertain significance,1,83.47,H,-0.0709,1.6899,-1.9629,loss_of_function,-0.676347502991917,0.0005077401491917,Benign,0.0915,benign,https://doi.org/10.1101/2022.10.22.513328
L1257F,-0.83816,2.4898,0.6529159501292894,Uncertain,Neutral,0.3,,,,mutations_clinvar,,False,0.3,,,,neutral,neutral,neutral,UP,neutral,neutral,neutral,1447112,Uncertain significance,1,84.07,H,-0.1974,0.7495,-5.273,loss_of_function,-1.95199761184253,0.7898474343530228,Pathogenic,0.1894,benign,https://doi.org/10.1101/2022.10.22.513328
F1259L,2.15388,1.05816,0.9168795395332884,Uncertain,Uncertain,6.3,,,0.207,cBioPortal,,False,6.3,,,,neutral,neutral,neutral,DOWN,neutral,neutral,neutral,,,,86.87,H,-0.045,2.4185,-5.0318,loss_of_function,-0.8379325058412,0.2036959883496008,Benign,0.7313,pathogenic,https://doi.org/10.1101/2022.10.22.513328
F1259V,3.01602,1.29694,1.4683616976772649,Uncertain,Uncertain,6.3,,,0.279,cBioPortal,,False,6.3,,,,neutral,neutral,neutral,DOWN,neutral,neutral,neutral,,,,86.87,H,-0.0727,2.4185,-4.1388,loss_of_function,-0.73132165240926,0.0033385262522464,Benign,0.133,benign,https://doi.org/10.1101/2022.10.22.513328
L1260P,11.57192,13.19694,11.471166582089625,Destabilizing,Destabilizing,0.4,,,0.827,COSMIC,,False,0.4,,,,neutral,neutral,neutral,DOWN,neutral,neutral,neutral,,,,87.4,H,-0.4396,0.6269,-21.1332,loss_of_function,-5.30532310862453,0.9051786981284432,Pathogenic,0.7676,pathogenic,https://doi.org/10.1101/2022.10.22.513328
F1261L,1.34569,0.79048,2.030409950490859,Neutral,Uncertain,0.2,,,0.342,"cBioPortal,COSMIC,mutations_clinvar",,False,0.2,,,,neutral,neutral,neutral,DOWN,neutral,neutral,neutral,2165169,Uncertain significance,1,89.4,H,-0.1423,1.1217,-0.7203,loss_of_function,-0.702194185364551,9.530932072339788e-07,Benign,0.5023,ambiguous,https://doi.org/10.1101/2022.10.22.513328
F1262L,1.32996,2.48333,0.5641975280285912,Uncertain,Neutral,0.3,,,,mutations_clinvar,,False,0.3,,,,neutral,neutral,neutral,DOWN,neutral,neutral,neutral,"974268, 558427","Pathogenic, Uncertain significance","0, 1",87.95,H,-0.2028,0.7315,-5.5298,loss_of_function,-3.29179576865925,0.9075489377826162,Pathogenic,0.7984,pathogenic,https://doi.org/10.1101/2022.10.22.513328
F1263S,4.18766,4.46122,4.33606038624515,Destabilizing,Destabilizing,4.2,,,,mutations_clinvar,,False,4.2,,,,neutral,neutral,neutral,DOWN,neutral,neutral,neutral,1224500,Uncertain significance,1,87.6,H,-0.2474,1.0573,-5.858,loss_of_function,-2.0779639871766,0.8398197645203496,Pathogenic,0.4683,ambiguous,https://doi.org/10.1101/2022.10.22.513328
F1263Y,-0.21758,-0.10952,1.0493122877634031,Neutral,Neutral,4.2,,,,mutations_clinvar,,False,4.2,,,,neutral,neutral,neutral,-,uncertain,uncertain,uncertain,1912252,Uncertain significance,1,87.6,H,-0.1624,1.0573,-6.273,loss_of_function,-1.62548298655524,0.8368237515209709,Pathogenic,0.2412,benign,https://doi.org/10.1101/2022.10.22.513328
S1264F,3.42617,1.26871,-1.7760401948682802,Uncertain,Uncertain,1.2,,,0.886,cBioPortal,,False,1.2,,,,uncertain,,,UP,neutral,neutral,neutral,,,,86.83,H,-0.1549,1.3044,-5.858,loss_of_function,-2.22025878573889,0.911901498919941,Pathogenic,0.487,ambiguous,https://doi.org/10.1101/2022.10.22.513328
S1264T,1.88508,0.06429,-0.814049540427837,Neutral,Neutral,1.2,,,0.678,COSMIC,,False,1.2,,,,neutral,,,UP,neutral,neutral,neutral,,,,86.83,H,-0.0777,1.3044,-7.8578,loss_of_function,-1.49731047595254,0.9060077358598138,Pathogenic,0.2126,benign,https://doi.org/10.1101/2022.10.22.513328
S1264Y,9.09861,2.66531,-1.240887906251778,Uncertain,Uncertain,1.2,,,0.888,"cBioPortal,COSMIC",,False,1.2,,,,uncertain,,,UP,neutral,neutral,neutral,,,,86.83,H,-0.1581,1.3044,-5.536,loss_of_function,-2.2621492370097,0.9063566954191272,Pathogenic,0.4861,ambiguous,https://doi.org/10.1101/2022.10.22.513328
L1265F,3.77071,2.11497,1.1922279109074214,Uncertain,Uncertain,0.0,,,,mutations_clinvar,,False,0.0,,,,neutral,neutral,neutral,UP,neutral,neutral,neutral,"1710940, 557952","Uncertain significance, Uncertain significance","1, 1",87.28,H,-0.1472,1.4372,-7.8328,loss_of_function,-4.44370426922177,0.8833626586481508,Pathogenic,0.2686,benign,https://doi.org/10.1101/2022.10.22.513328
M1266I,0.74027,1.48946,-0.2701410101853013,Neutral,Neutral,2.2,,,,mutations_clinvar,,False,2.2,,,,neutral,neutral,neutral,-,uncertain,uncertain,uncertain,552589,Uncertain significance,1,86.3,H,-0.0453,2.034,-5.2792,loss_of_function,-0.725398847867683,0.1826672481048461,Benign,0.4553,ambiguous,https://doi.org/10.1101/2022.10.22.513328
S1270L,-0.9398,0.03844,-1.2086912447174458,Neutral,Neutral,18.2,,0.0000039862871721,0.606,"cBioPortal,COSMIC,mutations_clinvar",,False,18.2,,,,uncertain,,,UP,neutral,neutral,neutral,1210406,Uncertain significance,2,78.75,H,-0.1962,0.8735,-6.2915,loss_of_function,-2.0863491804509,0.8940699724745922,Pathogenic,0.1949,benign,https://doi.org/10.1101/2022.10.22.513328
S1271L,2.03829,2.68469,-1.337091312069673,Uncertain,Uncertain,0.1,,,0.429,cBioPortal,,False,0.1,,,,uncertain,,,UP,neutral,neutral,neutral,,,,76.61,H,-0.1131,1.8641,-7.8702,loss_of_function,-2.42839792963139,0.2285926820576377,Benign,0.1104,benign,https://doi.org/10.1101/2022.10.22.513328
H1272L,-1.09411,-0.02789,-0.5295135541889101,Neutral,Neutral,17.9,,,0.267,cBioPortal,,False,17.9,,,,neutral,neutral,neutral,UP,neutral,neutral,neutral,,,,71.02,H,0.0014,2.7056,-2.7822,gain_of_function,-1.3195432177718,0.1687712758894064,Benign,0.1178,benign,https://doi.org/10.1101/2022.10.22.513328
H1272R,1.15779,0.63435,-0.04852229754226,Neutral,Neutral,17.9,,,,mutations_clinvar,,False,17.9,,,,neutral,neutral,neutral,UP,neutral,neutral,neutral,2115274,Uncertain significance,1,71.02,H,0.0099,2.7056,-3.7391,gain_of_function,-0.675465140974257,0.2150473794112379,Benign,0.1039,benign,https://doi.org/10.1101/2022.10.22.513328
H1272Y,0.39655,-0.38503,-0.1783084199211954,Neutral,Neutral,17.9,,,0.123,"COSMIC,mutations_clinvar",,False,17.9,,,,neutral,neutral,neutral,UP,neutral,neutral,neutral,1513482,Uncertain significance,1,71.02,H,0.0776,2.7056,-3.1261,gain_of_function,-0.46973216111841,0.0037389241730495,Benign,0.0748,benign,https://doi.org/10.1101/2022.10.22.513328
L1273M,-0.22342,2.18163,0.3610934418106148,Uncertain,Neutral,15.0,,,0.480,cBioPortal,,False,15.0,,,,neutral,neutral,neutral,-,uncertain,uncertain,uncertain,,,,69.97,H,-0.2003,1.2076,-21.1642,loss_of_function,-1.82047420237043,0.8837991138987801,Pathogenic,0.144,benign,https://doi.org/10.1101/2022.10.22.513328
L1273V,1.50238,1.76837,0.622594060383986,Neutral,Neutral,15.0,,0.0000079761354029,0.471,"cBioPortal,COSMIC,mutations_clinvar",,False,15.0,,,,neutral,neutral,neutral,DOWN,neutral,neutral,neutral,665807,Uncertain significance,2,69.97,H,-0.1293,1.2076,-4.7066,loss_of_function,-0.866626695627435,0.2892529112638428,Benign,0.0951,benign,https://doi.org/10.1101/2022.10.22.513328
N1276D,0.11503,0.98469,0.1510350609122485,Neutral,Neutral,111.3,,,,mutations_clinvar,,True,111.3,,,,neutral,neutral,neutral,-,uncertain,uncertain,uncertain,840146,Uncertain significance,1,52.04,T,-0.0045,2.6753,-6.273,loss_of_function,-0.547606799752233,1.682814218833504e-05,Benign,0.0791,benign,https://doi.org/10.1101/2022.10.22.513328
N1276T,0.32133,0.95782,0.523497412769234,Neutral,Neutral,111.3,,,0.152,"cBioPortal,COSMIC",,True,111.3,,,,neutral,neutral,neutral,-,uncertain,uncertain,uncertain,,,,52.04,T,-0.0288,2.6753,-7.8578,loss_of_function,-1.21676400566305,0.0024746534110366,Benign,0.0973,benign,https://doi.org/10.1101/2022.10.22.513328
S1277I,-0.34706,2.53946,-0.0831512790372018,Uncertain,Neutral,39.1,,,0.182,cBioPortal,,True,39.1,,,,uncertain,,,UP,neutral,neutral,destabilizing,,,,48.94,S,-0.1201,2.5649,-21.1581,loss_of_function,-2.65099108548295,9.564436305873089e-07,Benign,0.1148,benign,https://doi.org/10.1101/2022.10.22.513328
S1277T,0.3878,0.08231,0.3782992354205394,Neutral,Neutral,39.1,,,0.167,"cBioPortal,COSMIC",,True,39.1,,,,neutral,,,UP,neutral,neutral,destabilizing,,,,48.94,S,0.0382,2.5649,-7.8702,gain_of_function,-1.12048621821427,3.5434517887660534e-10,Benign,0.0779,benign,https://doi.org/10.1101/2022.10.22.513328
T1279K,-0.2143,2.91088,0.7771175138380987,Uncertain,Neutral,45.0,,,0.272,cBioPortal,,True,45.0,,,,uncertain,,,UP,neutral,neutral,neutral,,,,51.99,-,-0.014,3.2633,-4.2792,loss_of_function,-1.2431988169293,,,0.1177,benign,https://doi.org/10.1101/2022.10.22.513328
D1280N,1.39063,-0.04286,0.1327948734873096,Neutral,Neutral,84.3,,,,mutations_clinvar,,True,84.3,,,,neutral,neutral,neutral,-,uncertain,uncertain,uncertain,966345,Uncertain significance,2,65.07,-,-0.0095,2.3266,-4.2479,loss_of_function,-0.492860594287195,0.0069414373904897,Benign,0.0864,benign,https://doi.org/10.1101/2022.10.22.513328
L1281M,-0.75624,4.28469,1.0286464406353542,Uncertain,Neutral,20.2,,,0.216,cBioPortal,,True,20.2,,,,neutral,neutral,neutral,-,uncertain,uncertain,uncertain,,,,68.31,H,-0.0368,2.9746,-20.9812,loss_of_function,-1.47868928806227,1.0279462648289803e-05,Benign,0.1197,benign,https://doi.org/10.1101/2022.10.22.513328
P1282S,0.86618,0.61361,-0.4507468735704151,Neutral,Neutral,63.4,,,0.202,cBioPortal,,True,63.4,,,,neutral,neutral,neutral,DOWN,neutral,neutral,neutral,,,,73.98,H,0.0311,2.8833,-3.974,gain_of_function,-0.0744421429886646,2.0315876516204288e-05,Benign,0.0811,benign,https://doi.org/10.1101/2022.10.22.513328
K1283N,2.68947,0.68265,0.9946843931028632,Uncertain,Uncertain,21.9,,,,mutations_clinvar,,False,21.9,,,,neutral,neutral,neutral,DOWN,neutral,neutral,neutral,939201,Uncertain significance,1,78.7,H,-0.0212,2.5874,-6.273,loss_of_function,-1.5574858389127,0.7083596231496994,Pathogenic,0.3518,ambiguous,https://doi.org/10.1101/2022.10.22.513328
K1283R,1.74949,-0.21463,-0.0993787579767629,Neutral,Neutral,21.9,0.000159205247405,0.0000715722840306,0.156,"COSMIC,mutations_clinvar",,False,21.9,,,,neutral,neutral,neutral,-,uncertain,uncertain,uncertain,580364,Conflicting interpretations of pathogenicity,1,78.7,H,0.0801,2.5874,-3.0,gain_of_function,-0.465296096417107,0.0011261740604615,Benign,0.0769,benign,https://doi.org/10.1101/2022.10.22.513328
K1283T,1.51569,-0.27687,0.8222210007869724,Neutral,Neutral,21.9,,,0.400,cBioPortal,,False,21.9,,,,neutral,neutral,neutral,DOWN,neutral,neutral,neutral,,,,78.7,H,-0.0057,2.5874,-2.5004,loss_of_function,-0.675160148586804,0.2998754204575121,Benign,0.137,benign,https://doi.org/10.1101/2022.10.22.513328
A1284D,2.9779,1.97551,1.896294527865923,Uncertain,Uncertain,19.3,,,,mutations_clinvar,,False,19.3,,,,neutral,neutral,neutral,UP,neutral,neutral,neutral,2173646,Uncertain significance,1,78.97,H,-0.2384,1.9385,-21.1519,loss_of_function,-2.37584856576228,0.8621332415448877,Pathogenic,0.1912,benign,https://doi.org/10.1101/2022.10.22.513328
A1284P,2.61354,9.88231,5.44339410253545,Uncertain,Uncertain,19.3,,,,mutations_clinvar,,False,19.3,,,,neutral,neutral,neutral,UP,neutral,neutral,neutral,408204,Conflicting interpretations of pathogenicity,1,78.97,H,-0.2103,1.9385,-7.8641,loss_of_function,-1.31034176806699,0.84464511893748,Pathogenic,0.1838,benign,https://doi.org/10.1101/2022.10.22.513328
A1284S,1.00475,1.75034,1.4717278318067069,Neutral,Neutral,19.3,,,0.276,"cBioPortal,COSMIC",,False,19.3,,,,neutral,neutral,neutral,-,uncertain,uncertain,uncertain,,,,78.97,H,-0.0228,1.9385,-1.8418,loss_of_function,-0.95255883122598,0.5429096127537213,Uncertain,0.0875,benign,https://doi.org/10.1101/2022.10.22.513328
A1284T,0.37659,1.33912,0.5031217736296569,Neutral,Neutral,19.3,0.000159215386575,0.0000596440443434,0.226,"cBioPortal,mutations_clinvar",,False,19.3,,,,neutral,neutral,neutral,UP,neutral,neutral,neutral,526419,Conflicting interpretations of pathogenicity,1,78.97,H,-0.0419,1.9385,-4.4048,loss_of_function,-0.0941080441456955,0.3952908700408354,Uncertain,0.0788,benign,https://doi.org/10.1101/2022.10.22.513328
F1285L,-0.4853,1.4017,0.3470865681954554,Neutral,Neutral,20.3,,,,mutations_clinvar,,False,20.3,,,,neutral,neutral,neutral,DOWN,neutral,neutral,neutral,"1953462, 1410402","Uncertain significance, Uncertain significance","1, 1",79.5,H,-0.0286,2.3605,-0.7723,loss_of_function,0.436154474617844,6.939908485077659e-30,Benign,0.2158,benign,https://doi.org/10.1101/2022.10.22.513328
H1286N,0.25992,1.26769,0.8773815335044901,Neutral,Neutral,48.6,,,0.164,cBioPortal,,False,48.6,,,,neutral,neutral,neutral,DOWN,neutral,neutral,neutral,,,,81.68,H,0.0188,2.598,-5.8703,gain_of_function,-0.146728755354504,7.172911662316377e-08,Benign,0.0679,benign,https://doi.org/10.1101/2022.10.22.513328
H1286P,3.29835,9.40918,5.814787194836112,Destabilizing,Destabilizing,48.6,,0.0000159048255241,0.515,"cBioPortal,mutations_clinvar",,False,48.6,,,,neutral,neutral,neutral,DOWN,neutral,neutral,neutral,134274,Likely benign,1,81.68,H,-0.2157,2.598,-21.1581,loss_of_function,-2.34000229449427,8.280886654371058e-05,Benign,0.1033,benign,https://doi.org/10.1101/2022.10.22.513328
H1286Q,-0.20826,1.27449,0.634602455010515,Neutral,Neutral,48.6,,,,mutations_clinvar,,False,48.6,,,,neutral,neutral,neutral,DOWN,neutral,neutral,neutral,408165,Uncertain significance,1,81.68,H,0.0614,2.598,-5.063,gain_of_function,-0.616935310457789,2.2524829987629746e-07,Benign,0.1063,benign,https://doi.org/10.1101/2022.10.22.513328
V1287F,2.38944,3.12585,0.3260132708147262,Uncertain,Uncertain,6.4,,,,mutations_clinvar,,False,6.4,,,,neutral,neutral,neutral,UP,neutral,neutral,neutral,887311,Uncertain significance,1,83.61,H,-0.0914,2.6516,-4.063,loss_of_function,-1.49161473005505,0.2361753422346048,Benign,0.1527,benign,https://doi.org/10.1101/2022.10.22.513328
V1287I,-0.93026,-0.63401,0.1907837140657436,Neutral,Neutral,6.4,0.0252579946489999,0.0085330067516521,0.179,"cBioPortal,COSMIC,FANCA_icope_sentieon_input,mutations_clinvar",,False,6.4,,,,neutral,neutral,neutral,UP,neutral,neutral,neutral,134275,Benign/Likely benign,2,83.61,H,0.0581,2.6516,-2.5128,gain_of_function,-0.110712736506026,1.686230486904496e-09,Benign,0.0847,benign,https://doi.org/10.1101/2022.10.22.513328
C1288F,14.25534,5.6034,-0.2783624025902304,Destabilizing,Uncertain,0.3,,,,mutations_clinvar,,True,0.3,,,,neutral,neutral,neutral,UP,neutral,neutral,neutral,834661,Uncertain significance,1,86.02,H,-0.3019,1.2093,-7.8825,loss_of_function,-4.86725909398878,0.9121916535919108,Pathogenic,0.5375,ambiguous,https://doi.org/10.1101/2022.10.22.513328
C1288R,5.9718,7.46565,0.9588445584122498,Destabilizing,Uncertain,0.3,,,0.639,cBioPortal,,True,0.3,,,,neutral,neutral,neutral,UP,neutral,neutral,neutral,,,,86.02,H,-0.428,1.2093,-21.1704,loss_of_function,-4.86725909398878,0.9017789599309068,Pathogenic,0.8547,pathogenic,https://doi.org/10.1101/2022.10.22.513328
A1289P,3.97272,9.42925,4.876629344764479,Destabilizing,Destabilizing,4.8,,,,mutations_clinvar,,True,4.8,,,,neutral,neutral,neutral,UP,neutral,neutral,neutral,1371409,Uncertain significance,1,84.17,H,-0.2209,2.5612,-21.1704,loss_of_function,-3.94668153444746,0.8650359412851192,Pathogenic,0.5636,ambiguous,https://doi.org/10.1101/2022.10.22.513328
I1291V,1.26137,1.02551,0.9155023494709164,Neutral,Neutral,0.2,,0.0000039762696229,0.195,"cBioPortal,mutations_clinvar",,True,0.2,,,,neutral,neutral,neutral,DOWN,neutral,neutral,neutral,1388983,Uncertain significance,1,84.69,H,-0.0076,1.7484,-2.0247,loss_of_function,-0.0825901008385257,1.655969335344504e-07,Benign,0.0753,benign,https://doi.org/10.1101/2022.10.22.513328
L1292F,6.57944,2.80136,0.3373823417374499,Uncertain,Uncertain,0.0,,,0.583,"cBioPortal,COSMIC",,True,0.0,,,,neutral,neutral,neutral,UP,neutral,neutral,neutral,,,,84.53,H,-0.2248,0.5411,-6.8887,loss_of_function,-3.37194600266951,0.919042141245354,Pathogenic,0.2963,benign,https://doi.org/10.1101/2022.10.22.513328
E1293K,-0.36473,0.49456,0.310017332047825,Neutral,Neutral,51.6,,,0.271,"cBioPortal,COSMIC,mutations_clinvar",,True,51.6,,,,neutral,neutral,neutral,UP,neutral,neutral,neutral,"2004567, 1338090","Uncertain significance, Uncertain significance","1, 2",83.47,H,0.0474,3.2871,-5.0753,gain_of_function,-0.864295046899839,1.4266921051144412e-06,Benign,0.1134,benign,https://doi.org/10.1101/2022.10.22.513328
L1295S,4.43533,4.65816,4.162306268996498,Destabilizing,Destabilizing,0.0,,,0.692,"COSMIC,mutations_clinvar",,False,0.0,,,,neutral,neutral,neutral,DOWN,neutral,neutral,neutral,1224501,Uncertain significance,1,83.34,H,-0.4098,0.376,-21.1704,loss_of_function,-3.71577115889055,0.9191869690902642,Pathogenic,0.799,pathogenic,https://doi.org/10.1101/2022.10.22.513328
E1296D,1.25283,1.22109,0.7877074066974316,Neutral,Neutral,11.1,,,0.178,"cBioPortal,COSMIC",,False,11.1,,,,neutral,neutral,neutral,DOWN,neutral,neutral,neutral,,,,82.07,H,-0.0254,1.9516,-6.2854,loss_of_function,-0.620858874736571,0.4918969934493841,Uncertain,0.4249,ambiguous,https://doi.org/10.1101/2022.10.22.513328
E1296Q,-0.29678,-1.0534,0.513527615831992,Neutral,Neutral,11.1,,,0.314,cBioPortal,,False,11.1,,,,neutral,neutral,neutral,UP,neutral,neutral,neutral,,,,82.07,H,-0.0137,1.9516,-2.6609,loss_of_function,-0.522625706231741,8.806432947470207e-09,Benign,0.1023,benign,https://doi.org/10.1101/2022.10.22.513328
K1297E,1.10196,-0.30578,0.6301236669600346,Neutral,Neutral,74.0,,,,mutations_clinvar,,False,74.0,,,,neutral,neutral,neutral,DOWN,neutral,neutral,neutral,2067446,Uncertain significance,1,79.99,H,0.0046,2.6881,-1.7329,gain_of_function,-0.570418036729225,1.097941123049522e-05,Benign,0.0816,benign,https://doi.org/10.1101/2022.10.22.513328
R1298T,3.07389,1.76361,1.8883680787576025,Uncertain,Uncertain,31.6,,0.0000119289037337,0.576,"cBioPortal,COSMIC,mutations_clinvar",,True,31.6,,,,neutral,neutral,neutral,DOWN,neutral,neutral,neutral,1478140,Uncertain significance,1,78.43,H,-0.1738,1.8152,-7.7548,loss_of_function,-3.42488713094433,,,0.2496,benign,https://doi.org/10.1101/2022.10.22.513328
K1299N,0.92936,-0.47789,-0.1222807080592919,Neutral,Neutral,80.0,3.1847133758e-05,,0.300,"cBioPortal,COSMIC,mutations_clinvar",,True,80.0,,,,neutral,neutral,neutral,DOWN,neutral,neutral,neutral,2081965,Uncertain significance,1,76.95,T,-0.0249,2.5083,-5.5668,loss_of_function,-1.47157225041476,0.0169799190643169,Benign,0.2044,benign,https://doi.org/10.1101/2022.10.22.513328
I1300M,1.29849,3.10238,1.833663066346895,Uncertain,Neutral,9.5,,,0.371,"cBioPortal,COSMIC",,True,9.5,,,,neutral,neutral,neutral,-,uncertain,uncertain,uncertain,,,,79.62,-,0.037,2.7958,-3.2479,gain_of_function,-0.662029177798733,0.0949518767609957,Benign,0.1169,benign,https://doi.org/10.1101/2022.10.22.513328
I1300V,1.11658,0.91905,1.1631818532643878,Neutral,Neutral,9.5,,,,mutations_clinvar,,True,9.5,,,,neutral,neutral,neutral,DOWN,neutral,neutral,neutral,1408464,Uncertain significance,2,79.62,-,0.088,2.7958,-2.1838,gain_of_function,-0.374881123413072,1.4748944666962144e-08,Benign,0.1018,benign,https://doi.org/10.1101/2022.10.22.513328
S1301T,-0.4759,-0.28776,0.5025937982006087,Neutral,Neutral,77.3,,,,mutations_clinvar,P,True,77.3,0.642,,,neutral,neutral,potentially_damaging,UP,neutral,neutral,neutral,321331,Uncertain significance,2,79.34,-,-0.0227,1.8497,-6.8948,loss_of_function,-1.58936577182568,0.6063893433312186,Uncertain,0.1273,benign,https://doi.org/10.1101/2022.10.22.513328
W1302R,4.07225,5.63673,5.816925353652335,Destabilizing,Destabilizing,5.6,,,0.872,"cBioPortal,mutations_clinvar",,True,5.6,,,,neutral,neutral,neutral,DOWN,neutral,neutral,neutral,237052,Uncertain significance,1,83.7,-,-0.5408,0.1558,-21.1946,loss_of_function,-5.60146468079346,0.9190111630335608,Pathogenic,0.966,pathogenic,https://doi.org/10.1101/2022.10.22.513328
L1303P,1.76392,7.52347,1.3832775166412197,Uncertain,Neutral,5.1,,,,mutations_clinvar,,True,5.1,,,,neutral,neutral,neutral,DOWN,neutral,neutral,neutral,666114,Uncertain significance,1,82.1,G,-0.305,1.0411,-2.2345,loss_of_function,-1.14861166944148,0.6508009963846887,Uncertain,0.1877,benign,https://doi.org/10.1101/2022.10.22.513328
A1304T,-0.11912,0.54184,0.0664465232020339,Neutral,Neutral,70.4,,,0.218,COSMIC,,True,70.4,,,,neutral,neutral,neutral,UP,neutral,neutral,neutral,,,,80.03,G,0.0265,2.7876,-6.3219,gain_of_function,-0.857761284172902,1.545554918898837e-05,Benign,0.0831,benign,https://doi.org/10.1101/2022.10.22.513328
A1304V,-0.39362,-0.41701,-0.2148469574199152,Neutral,Neutral,70.4,,,0.189,cBioPortal,,True,70.4,,,,neutral,neutral,neutral,UP,neutral,neutral,neutral,,,,80.03,G,0.0473,2.7876,-2.8194,gain_of_function,-0.267411783581698,1.1010442503827144e-12,Benign,0.0871,benign,https://doi.org/10.1101/2022.10.22.513328
L1305F,7.10806,3.77517,0.9600799902569328,Destabilizing,Uncertain,0.1,,,,mutations_clinvar,,True,0.1,,,,neutral,neutral,neutral,UP,neutral,neutral,neutral,556224,Pathogenic/Likely pathogenic,2,81.36,G,-0.1662,1.1796,-6.9068,loss_of_function,-2.45164786306791,0.9127055971434606,Pathogenic,0.2163,benign,https://doi.org/10.1101/2022.10.22.513328
F1306L,1.86734,3.00204,0.1600384699838664,Uncertain,Neutral,0.1,,,,mutations_clinvar,,True,0.1,,,,neutral,neutral,neutral,DOWN,neutral,neutral,neutral,2151021,Uncertain significance,1,84.05,G,-0.3364,0.1475,-21.1946,loss_of_function,-5.5454001969219,0.9180562182087182,Pathogenic,0.9577,pathogenic,https://doi.org/10.1101/2022.10.22.513328
Q1307E,1.27318,0.89218,-0.2109183461219216,Neutral,Neutral,45.2,,,,mutations_clinvar,,True,45.2,,,,neutral,neutral,neutral,DOWN,neutral,neutral,neutral,1938943,Uncertain significance,1,78.96,S,0.0249,2.7015,-6.2976,gain_of_function,-1.01151215768153,0.1632014825352185,Benign,0.0993,benign,https://doi.org/10.1101/2022.10.22.513328
L1308F,3.86593,2.12143,,Uncertain,,5.0,,,,mutations_clinvar,,True,5.0,,,,neutral,neutral,neutral,UP,neutral,neutral,neutral,964218,Uncertain significance,1,74.8,-,-0.0698,2.2792,-7.8454,loss_of_function,-4.1960585676832,0.9178276565482044,Pathogenic,0.19,benign,https://doi.org/10.1101/2022.10.22.513328
E1310D,0.67169,0.80952,,Neutral,,92.3,,,0.125,"cBioPortal,mutations_clinvar",,True,92.3,,,,neutral,neutral,neutral,DOWN,neutral,neutral,neutral,1388105,Uncertain significance,1,65.35,T,-0.0397,1.7095,-4.7188,loss_of_function,-0.675565154690855,0.0167837071211009,Benign,0.109,benign,https://doi.org/10.1101/2022.10.22.513328
E1310K,0.30485,0.88673,,Neutral,,92.3,,,0.276,"cBioPortal,COSMIC",,True,92.3,,,,neutral,neutral,neutral,UP,neutral,neutral,neutral,,,,65.35,T,-0.0952,1.7095,-4.5668,loss_of_function,-1.42166631607627,0.0350262076847689,Benign,0.0998,benign,https://doi.org/10.1101/2022.10.22.513328
E1310Q,0.08911,-0.20884,,Neutral,,92.3,,,0.384,"cBioPortal,COSMIC",,True,92.3,,,,neutral,neutral,neutral,UP,neutral,neutral,neutral,,,,65.35,T,-0.0575,1.7095,-6.8887,loss_of_function,-1.32827475408204,0.778635994943369,Pathogenic,0.1224,benign,https://doi.org/10.1101/2022.10.22.513328
S1311C,0.33069,1.31156,,Neutral,,92.4,,,0.281,cBioPortal,,True,92.4,,,,uncertain,,,UP,neutral,neutral,neutral,,,,56.28,T,-0.0456,3.0431,-21.1825,loss_of_function,-1.0204025475796,0.000115481235024,Benign,0.1003,benign,https://doi.org/10.1101/2022.10.22.513328
S1311N,0.29572,0.29422,,Neutral,,92.4,,,,mutations_clinvar,,True,92.4,,,,uncertain,,,UP,neutral,neutral,neutral,1361962,Uncertain significance,1,56.28,T,0.0657,3.0431,-4.8948,gain_of_function,-0.923871470464268,0.0002841653003274,Benign,0.0905,benign,https://doi.org/10.1101/2022.10.22.513328
S1311T,0.20663,-0.17007,,Neutral,,92.4,,,0.130,cBioPortal,,True,92.4,,,,neutral,,,UP,neutral,neutral,neutral,,,,56.28,T,0.1107,3.0431,-2.2801,gain_of_function,-0.331556904510402,2.316945758873292e-18,Benign,0.0695,benign,https://doi.org/10.1101/2022.10.22.513328
D1312Y,1.14501,3.01973,,Uncertain,,61.2,,,0.634,"cBioPortal,COSMIC",,True,61.2,,,,neutral,neutral,neutral,UP,neutral,neutral,neutral,,,,58.64,S,-0.1904,2.1496,-21.1581,loss_of_function,-3.06004332178948,0.8057640020450033,Pathogenic,0.217,benign,https://doi.org/10.1101/2022.10.22.513328
L1313F,0.14884,0.47007,,Neutral,,101.6,,,,mutations_clinvar,,True,101.6,,,,neutral,neutral,neutral,UP,neutral,neutral,neutral,408178,Uncertain significance,2,56.53,T,-0.0362,3.3807,-21.1269,loss_of_function,-1.30171845371804,2.0698223954315875e-06,Benign,0.0873,benign,https://doi.org/10.1101/2022.10.22.513328
L1313I,0.23005,0.61871,,Neutral,,101.6,,,0.134,cBioPortal,,True,101.6,,,,neutral,neutral,neutral,-,uncertain,uncertain,uncertain,,,,56.53,T,0.1053,3.3807,-5.0318,gain_of_function,-1.18543314673747,2.222440383560597e-07,Benign,0.0871,benign,https://doi.org/10.1101/2022.10.22.513328
R1314G,0.68496,1.80136,,Neutral,,100.8,,,0.180,"cBioPortal,COSMIC",,True,100.8,,,,neutral,neutral,neutral,DOWN,neutral,neutral,neutral,,,,64.11,T,-0.0935,2.6659,-1.3723,loss_of_function,-0.182383319942918,1.92004233940069e-21,Benign,0.059,benign,https://doi.org/10.1101/2022.10.22.513328
R1317Q,-0.25529,0.03095,,Neutral,,55.7,6.37226789014e-05,0.0000321920189547,0.155,"COSMIC,FANCA_icope_sentieon_input,mutations_clinvar",,True,55.7,,,,neutral,neutral,neutral,DOWN,neutral,neutral,neutral,321329,Conflicting interpretations of pathogenicity,1,76.16,H,-0.0163,2.8877,-2.1388,loss_of_function,-0.0357235745468363,3.0605201561919887e-08,Benign,0.071,benign,https://doi.org/10.1101/2022.10.22.513328
R1317W,1.08276,0.52551,,Neutral,,55.7,3.1867431485e-05,0.0000064471207159,0.270,"cBioPortal,mutations_clinvar",,True,55.7,,,,neutral,neutral,neutral,UP,neutral,neutral,neutral,408198,Uncertain significance,2,76.16,H,-0.1562,2.8877,-21.1269,loss_of_function,-1.09679593979251,0.2069167369781766,Benign,0.097,benign,https://doi.org/10.1101/2022.10.22.513328
L1318R,0.88876,2.40816,,Uncertain,,15.7,,,,mutations_clinvar,,True,15.7,,,,neutral,neutral,neutral,UP,neutral,neutral,neutral,1515033,Uncertain significance,1,80.58,H,-0.237,2.7898,-21.0559,loss_of_function,-3.21465038089883,0.525204692978773,Uncertain,0.1281,benign,https://doi.org/10.1101/2022.10.22.513328
L1318V,1.92794,0.51429,,Neutral,,15.7,,,,mutations_clinvar,,True,15.7,,,,neutral,neutral,neutral,DOWN,neutral,neutral,neutral,1481681,Uncertain significance,1,80.58,H,0.0332,2.7898,-1.3932,gain_of_function,-0.441415468308392,1.838344331174353e-07,Benign,0.079,benign,https://doi.org/10.1101/2022.10.22.513328
L1319F,6.93313,0.50748,,Uncertain,,0.0,,,,mutations_clinvar,,True,0.0,,,,neutral,neutral,neutral,UP,neutral,neutral,neutral,2135580,Uncertain significance,1,81.45,H,-0.1469,1.3552,-6.2854,loss_of_function,-2.25076597418487,0.8602165022510995,Pathogenic,0.1925,benign,https://doi.org/10.1101/2022.10.22.513328
R1321C,0.14364,1.80306,,Neutral,,32.3,,,,mutations_clinvar,,False,32.3,,,,neutral,neutral,neutral,DOWN,neutral,neutral,neutral,657637,Conflicting interpretations of pathogenicity,1,81.77,H,-0.0843,2.7796,-6.8137,loss_of_function,-0.974361437514315,0.6476866357692138,Uncertain,0.1045,benign,https://doi.org/10.1101/2022.10.22.513328
R1321H,0.2294,0.69082,,Neutral,,32.3,6.37064407212e-05,0.0000192864030858,0.090,"cBioPortal,COSMIC,mutations_clinvar",,False,32.3,,,,neutral,neutral,neutral,DOWN,neutral,neutral,neutral,456125,Conflicting interpretations of pathogenicity,1,81.77,H,-0.0308,2.7796,-4.0064,loss_of_function,-0.702970806390032,0.0030738331450657,Benign,0.0843,benign,https://doi.org/10.1101/2022.10.22.513328
R1321P,0.82869,4.64626,,Uncertain,,32.3,,,,mutations_clinvar,,False,32.3,,,,neutral,neutral,neutral,DOWN,neutral,neutral,neutral,998617,Uncertain significance,1,81.77,H,-0.2226,2.7796,-7.8136,loss_of_function,-1.92986739898284,0.8259810466334326,Pathogenic,0.2161,benign,https://doi.org/10.1101/2022.10.22.513328
R1321S,-0.68905,1.63844,,Neutral,,32.3,,,,mutations_clinvar,,False,32.3,,,,neutral,neutral,neutral,DOWN,neutral,neutral,neutral,1319247,Uncertain significance,2,81.77,H,-0.0515,2.7796,-2.0324,loss_of_function,-0.846904483374528,0.198423144535926,Benign,0.1936,benign,https://doi.org/10.1101/2022.10.22.513328
P1324L,4.47813,1.95578,,Uncertain,,2.1,,,,mutations_clinvar,,False,2.1,,,,neutral,neutral,neutral,UP,neutral,neutral,neutral,430085,Pathogenic/Likely pathogenic,2,82.18,-,-0.1831,1.302,-7.8391,loss_of_function,-4.33899241164935,0.8955125540183393,Pathogenic,0.2423,benign,https://doi.org/10.1101/2022.10.22.513328
P1324S,1.39828,3.02143,,Uncertain,,2.1,,,,mutations_clinvar,,False,2.1,,,,neutral,neutral,neutral,DOWN,neutral,neutral,neutral,1418105,Uncertain significance,1,82.18,-,-0.0981,1.302,-0.7948,loss_of_function,-0.842461909341121,0.0440508107170498,Benign,0.1238,benign,https://doi.org/10.1101/2022.10.22.513328
D1325E,0.54973,-0.00952,,Neutral,,41.1,,,,mutations_clinvar,,False,41.1,,,,neutral,neutral,neutral,UP,neutral,neutral,neutral,1378162,Uncertain significance,1,78.67,H,-0.079,1.2809,-3.2854,loss_of_function,-0.552221503241039,0.1155676852985816,Benign,0.1428,benign,https://doi.org/10.1101/2022.10.22.513328
D1325H,1.8466,-0.20544,,Neutral,,41.1,,,,mutations_clinvar,,False,41.1,,,,neutral,neutral,neutral,UP,neutral,neutral,neutral,974361,Pathogenic,0,78.67,H,-0.1617,1.2809,-6.8703,loss_of_function,-2.21015354368209,0.652569628109695,Uncertain,0.1956,benign,https://doi.org/10.1101/2022.10.22.513328
Q1326E,0.13572,1.31463,,Neutral,,62.7,,,,mutations_clinvar,,True,62.7,,,,neutral,neutral,neutral,DOWN,neutral,neutral,neutral,2181489,Uncertain significance,1,77.49,H,0.0352,2.6229,-2.8642,gain_of_function,-0.349723549844993,0.2507931767711243,Benign,0.0846,benign,https://doi.org/10.1101/2022.10.22.513328
Q1326R,0.28437,0.72517,,Neutral,,62.7,,,0.197,cBioPortal,,True,62.7,,,,neutral,neutral,neutral,UP,neutral,neutral,neutral,,,,77.49,H,0.0126,2.6229,-2.0828,gain_of_function,-0.96732783756148,0.1540371396812296,Benign,0.0797,benign,https://doi.org/10.1101/2022.10.22.513328
H1327D,1.32373,1.62517,,Neutral,,8.8,,,0.336,cBioPortal,,True,8.8,,,,neutral,neutral,neutral,DOWN,neutral,neutral,neutral,,,,80.26,H,-0.12,2.3771,-21.1581,loss_of_function,-2.75457456015431,0.7654406507709907,Pathogenic,0.2762,benign,https://doi.org/10.1101/2022.10.22.513328
T1328A,-1.03917,0.11803,,Neutral,,31.7,0.0671551449506212,0.0661420753822297,0.202,"cBioPortal,COSMIC,mutations_clinvar",,True,31.7,,,,uncertain,,,DOWN,neutral,neutral,neutral,134278,Benign,2,79.85,H,0.0011,2.5118,-4.063,gain_of_function,-0.383549060265204,2.6993768289315577e-05,Benign,0.0701,benign,https://doi.org/10.1101/2022.10.22.513328
T1328I,-2.67991,-1.58912,,Uncertain,,31.7,,,0.219,"cBioPortal,mutations_clinvar",,True,31.7,,,,uncertain,,,UP,neutral,neutral,neutral,134279,not provided,0,79.85,H,-0.0134,2.5118,-1.826,loss_of_function,-0.340975361476281,6.626238467233826e-11,Benign,0.0918,benign,https://doi.org/10.1101/2022.10.22.513328
T1328N,-0.39744,-0.48673,,Neutral,,31.7,,,0.172,cBioPortal,,True,31.7,,,,uncertain,,,-,uncertain,uncertain,uncertain,,,,79.85,H,-0.0659,2.5118,-6.2854,loss_of_function,-1.74328210436189,0.0255945789528316,Benign,0.1287,benign,https://doi.org/10.1101/2022.10.22.513328
L1330M,-0.16467,0.6,,Neutral,,14.8,,,,mutations_clinvar,,True,14.8,,,,neutral,neutral,neutral,-,uncertain,uncertain,uncertain,2062263,Uncertain significance,1,82.96,H,-0.1931,0.3648,-4.5484,loss_of_function,-0.815357115407456,0.2890353874262636,Benign,0.1631,benign,https://doi.org/10.1101/2022.10.22.513328
F1333L,0.5519,2.02313,,Uncertain,,13.7,,,,mutations_clinvar,,False,13.7,,,,neutral,neutral,neutral,DOWN,neutral,neutral,neutral,"1476597, 1337700","Uncertain significance, Uncertain significance","1, 2",83.16,H,-0.0484,2.2133,-2.0062,loss_of_function,-0.388263554448144,3.011736167886201e-07,Benign,0.551,ambiguous,https://doi.org/10.1101/2022.10.22.513328
A1334T,2.2714,2.20884,,Uncertain,,0.0,3.1841049481e-05,0.0000063952521648,0.425,"cBioPortal,COSMIC,mutations_clinvar",,False,0.0,,,,neutral,neutral,neutral,UP,neutral,neutral,neutral,623912,Uncertain significance,2,84.66,H,-0.1882,0.3846,-5.0568,loss_of_function,-0.113799566151413,0.886876632305384,Pathogenic,0.1174,benign,https://doi.org/10.1101/2022.10.22.513328
F1335L,1.61639,3.63946,,Uncertain,,0.4,,,0.826,cBioPortal,,False,0.4,,,,neutral,neutral,neutral,DOWN,neutral,neutral,neutral,,,,87.16,H,-0.2473,0.2486,-5.5422,loss_of_function,-3.04578071589591,0.8962980823881272,Pathogenic,0.9576,pathogenic,https://doi.org/10.1101/2022.10.22.513328
F1335S,6.31342,6.80544,,Destabilizing,,0.4,,,,mutations_clinvar,,False,0.4,,,,neutral,neutral,neutral,DOWN,neutral,neutral,neutral,1949358,Uncertain significance,1,87.16,H,-0.3999,0.2486,-21.1519,loss_of_function,-4.78009144654501,0.9188915422019128,Pathogenic,0.9083,pathogenic,https://doi.org/10.1101/2022.10.22.513328
Y1336D,6.26176,5.09762,,Destabilizing,,0.0,,,,mutations_clinvar,,False,0.0,,,,uncertain,,,DOWN,neutral,neutral,neutral,974362,Uncertain significance,0,86.41,H,-0.3842,0.8313,-21.1519,loss_of_function,-3.54757663075094,0.9166688336415192,Pathogenic,0.8533,pathogenic,https://doi.org/10.1101/2022.10.22.513328
S1337C,-0.42623,0.10714,,Neutral,,10.8,,,,mutations_clinvar,,False,10.8,,,,uncertain,,,UP,neutral,neutral,neutral,546779,Uncertain significance,1,83.12,H,-0.2015,0.5224,-6.2792,loss_of_function,-1.55720342640737,0.8456210250757532,Pathogenic,0.1012,benign,https://doi.org/10.1101/2022.10.22.513328
S1337G,0.72763,1.90986,,Neutral,,10.8,,,,mutations_clinvar,,False,10.8,,,,uncertain,,,DOWN,neutral,neutral,neutral,974060,Pathogenic,0,83.12,H,-0.236,0.5224,-21.1519,loss_of_function,-5.07013565588021,0.9127190077420037,Pathogenic,0.1142,benign,https://doi.org/10.1101/2022.10.22.513328
S1337N,-0.03345,-0.01327,,Neutral,,10.8,,,0.449,"COSMIC,mutations_clinvar",,False,10.8,,,,uncertain,,,UP,neutral,neutral,neutral,974061,Uncertain significance,0,83.12,H,-0.1814,0.5224,-7.8641,loss_of_function,-4.20336526309623,0.8997350916249283,Pathogenic,0.2549,benign,https://doi.org/10.1101/2022.10.22.513328
L1338I,2.18705,2.02755,,Uncertain,,1.0,,,0.358,cBioPortal,,False,1.0,,,,neutral,neutral,neutral,-,uncertain,uncertain,uncertain,,,,83.19,T,-0.1592,0.5079,-5.0568,loss_of_function,-1.78985746154487,0.8906895780464981,Pathogenic,0.1569,benign,https://doi.org/10.1101/2022.10.22.513328
L1339F,2.78253,3.13469,,Uncertain,,13.6,0.00012737230926,0.0000477524512925,0.371,"cBioPortal,COSMIC,mutations_clinvar",,False,13.6,,,,neutral,neutral,neutral,UP,neutral,neutral,neutral,134280,Conflicting interpretations of pathogenicity,1,79.94,G,-0.201,1.5917,-21.1519,loss_of_function,-2.85608050550682,0.911479830299859,Pathogenic,0.2266,benign,https://doi.org/10.1101/2022.10.22.513328
L1339P,5.62908,7.77721,,Destabilizing,,13.6,,,,mutations_clinvar,,False,13.6,,,,neutral,neutral,neutral,DOWN,neutral,neutral,neutral,886317,Uncertain significance,1,79.94,G,-0.3509,1.5917,-21.1519,loss_of_function,-2.59424760242179,0.914677330729245,Pathogenic,0.445,ambiguous,https://doi.org/10.1101/2022.10.22.513328
L1339V,2.11252,1.34388,,Uncertain,,13.6,,,,mutations_clinvar,,False,13.6,,,,neutral,neutral,neutral,DOWN,neutral,neutral,neutral,2152968,Uncertain significance,1,79.94,G,-0.0884,1.5917,-3.6163,loss_of_function,-1.07376561718061,0.5175581786074606,Uncertain,0.1365,benign,https://doi.org/10.1101/2022.10.22.513328
S1340F,0.05416,0.44524,,Neutral,,82.4,,,,mutations_clinvar,,False,82.4,,,,uncertain,,,UP,neutral,neutral,neutral,645201,Uncertain significance,1,75.25,G,-0.0812,2.1007,-5.7615,loss_of_function,-1.98260656946253,0.2735450302002398,Benign,0.1849,benign,https://doi.org/10.1101/2022.10.22.513328
Y1341S,1.83445,2.87517,,Uncertain,,35.4,,,,mutations_clinvar,,True,35.4,,,,uncertain,,,DOWN,neutral,neutral,neutral,1364155,Uncertain significance,1,76.35,G,-0.0801,3.0789,-3.9475,loss_of_function,-0.428624598672346,0.0031045262718306,Benign,0.0818,benign,https://doi.org/10.1101/2022.10.22.513328
F1342C,3.976,3.77517,,Destabilizing,,2.8,,,,mutations_clinvar,,True,2.8,,,,neutral,neutral,neutral,DOWN,neutral,neutral,neutral,2109060,Uncertain significance,1,76.14,-,-0.257,1.6825,-21.1457,loss_of_function,-3.67471097926488,0.7784735133956696,Pathogenic,0.3458,ambiguous,https://doi.org/10.1101/2022.10.22.513328
F1342L,1.68678,2.22823,,Uncertain,,2.8,,,,mutations_clinvar,,True,2.8,,,,neutral,neutral,neutral,DOWN,neutral,neutral,neutral,2058187,Uncertain significance,1,76.14,-,-0.0991,1.6825,-2.3661,loss_of_function,-1.25542839212134,0.0150858799780036,Benign,0.721,pathogenic,https://doi.org/10.1101/2022.10.22.513328
H1343Q,0.29918,0.97381,,Neutral,,83.8,,,,mutations_clinvar,,True,83.8,,,,neutral,neutral,neutral,DOWN,neutral,neutral,neutral,1499615,Uncertain significance,1,69.74,-,0.0987,2.9133,-3.4469,gain_of_function,-0.311189322235681,3.97410341868248e-09,Benign,0.0981,benign,https://doi.org/10.1101/2022.10.22.513328
E1344G,0.48418,1.18299,,Neutral,,85.3,,,,mutations_clinvar,,True,85.3,,,,neutral,neutral,neutral,DOWN,neutral,neutral,neutral,1489838,Likely benign,1,65.03,H,0.0322,3.1891,-5.5422,gain_of_function,-0.463017305970149,0.0138497718284504,Benign,0.0856,benign,https://doi.org/10.1101/2022.10.22.513328
D1345H,0.18164,0.32483,,Neutral,,88.2,,,,mutations_clinvar,,False,88.2,,,,neutral,neutral,neutral,UP,neutral,neutral,neutral,2069135,Uncertain significance,1,64.34,H,-0.0695,2.338,-7.8516,loss_of_function,-1.54342091093835,0.8792022501614517,Pathogenic,0.1636,benign,https://doi.org/10.1101/2022.10.22.513328
D1345Y,-0.37868,0.06293,,Neutral,,88.2,,,,cBioPortal,,False,88.2,,,,neutral,neutral,neutral,UP,neutral,neutral,neutral,,,,64.34,H,-0.1729,2.338,-21.1395,loss_of_function,-3.14679203209477,0.8674318201370566,Pathogenic,0.146,benign,https://doi.org/10.1101/2022.10.22.513328
A1346T,0.51726,-0.03469,,Neutral,,25.3,0.0004777070063694,0.0047750931143157,0.214,"cBioPortal,COSMIC,mutations_clinvar",,False,25.3,,,,neutral,neutral,neutral,UP,neutral,neutral,neutral,134281,Benign/Likely benign,2,60.81,H,0.0225,2.602,-3.758,gain_of_function,-0.561680316301843,0.000121528990883,Benign,0.0772,benign,https://doi.org/10.1101/2022.10.22.513328
A1346V,-0.03424,-1.07619,,Neutral,,25.3,6.36902108146e-05,0.0000557120799707,0.281,"cBioPortal,COSMIC,mutations_clinvar",,False,25.3,,,,neutral,neutral,neutral,UP,neutral,neutral,neutral,1447545,Conflicting interpretations of pathogenicity,1,60.81,H,0.0235,2.602,-4.1451,gain_of_function,-1.10928372410606,0.3234311848396909,Uncertain,0.1024,benign,https://doi.org/10.1101/2022.10.22.513328
A1347T,0.08464,0.51701,,Neutral,,3.4,,0.0000039793709410,0.186,"cBioPortal,mutations_clinvar",,False,3.4,,,,neutral,neutral,neutral,UP,neutral,neutral,neutral,645069,Uncertain significance,1,58.89,H,0.0003,2.3969,-4.4109,gain_of_function,-0.644545260691369,0.0001313000251835,Benign,0.0866,benign,https://doi.org/10.1101/2022.10.22.513328
A1347V,0.43853,-0.6915,,Neutral,,3.4,,,,mutations_clinvar,,False,3.4,,,,neutral,neutral,neutral,UP,neutral,neutral,neutral,835678,Uncertain significance,1,58.89,H,0.0039,2.3969,-4.2854,gain_of_function,-0.48394428427237,9.277101067660564e-08,Benign,0.0892,benign,https://doi.org/10.1101/2022.10.22.513328
R1349S,5e-05,0.64388,,Neutral,,53.8,,,0.344,"cBioPortal,COSMIC",,False,53.8,,,,neutral,neutral,neutral,DOWN,neutral,neutral,neutral,,,,66.63,H,-0.1733,1.651,-5.5422,loss_of_function,-1.57266067057753,0.4263538784768578,Uncertain,0.2512,benign,https://doi.org/10.1101/2022.10.22.513328
E1351D,0.98173,0.07041,,Neutral,,63.7,,,0.300,"cBioPortal,COSMIC,mutations_clinvar",,True,63.7,,,,neutral,neutral,neutral,DOWN,neutral,neutral,neutral,886316,Uncertain significance,2,74.64,T,0.079,2.907,-3.063,gain_of_function,-0.25767401570218,8.231662034352638e-07,Benign,0.0939,benign,https://doi.org/10.1101/2022.10.22.513328
E1351K,0.49209,0.52993,,Neutral,,63.7,,0.0000039792125934,0.252,"cBioPortal,COSMIC",,True,63.7,,,,neutral,neutral,neutral,UP,neutral,neutral,neutral,,,,74.64,T,0.0084,2.907,-5.8703,gain_of_function,-2.95377237202074,0.4278764361869282,Uncertain,0.102,benign,https://doi.org/10.1101/2022.10.22.513328
E1351Q,0.49737,0.33197,,Neutral,,63.7,3.1843077315e-05,0.0000119376377802,0.192,"cBioPortal,COSMIC,mutations_clinvar",,True,63.7,,,,neutral,neutral,neutral,UP,neutral,neutral,neutral,649207,Uncertain significance,1,74.64,T,0.0766,2.907,-2.1979,gain_of_function,-0.824171953578688,0.0523262616113801,Benign,0.1214,benign,https://doi.org/10.1101/2022.10.22.513328
L1354P,2.74971,7.56497,,Uncertain,,0.2,,,,mutations_clinvar,,True,0.2,,,,neutral,neutral,neutral,DOWN,neutral,neutral,neutral,2009472,Uncertain significance,1,82.91,H,-0.4057,0.2595,-7.8702,loss_of_function,-3.00662447969305,0.9029495067568344,Pathogenic,0.4423,ambiguous,https://doi.org/10.1101/2022.10.22.513328
H1355L,-1.54654,0.34524,,Neutral,,28.5,,,,mutations_clinvar,,True,28.5,,,,neutral,neutral,neutral,UP,neutral,neutral,neutral,321327,Conflicting interpretations of pathogenicity,1,82.18,H,-0.0267,2.5719,-5.8703,loss_of_function,-1.26293062215475,0.3492198900151797,Uncertain,0.0962,benign,https://doi.org/10.1101/2022.10.22.513328
H1355P,-1.77733,4.01769,,Uncertain,,28.5,,0.0000079601356407,0.550,"COSMIC,mutations_clinvar",,True,28.5,,,,neutral,neutral,neutral,DOWN,neutral,neutral,neutral,2160753,Uncertain significance,1,82.18,H,-0.1327,2.5719,-4.4109,loss_of_function,-1.26919254068223,0.0468159007953183,Benign,0.0901,benign,https://doi.org/10.1101/2022.10.22.513328
H1355R,-0.753,1.16803,,Neutral,,28.5,,,,mutations_clinvar,,True,28.5,,,,neutral,neutral,neutral,UP,neutral,neutral,neutral,2086248,Uncertain significance,1,82.18,H,0.0014,2.5719,-3.0124,gain_of_function,-0.49141986050764,9.76481308005805e-08,Benign,0.0627,benign,https://doi.org/10.1101/2022.10.22.513328
V1356A,2.12064,2.4949,,Uncertain,,0.0,,,0.448,cBioPortal,,True,0.0,,,,neutral,neutral,neutral,DOWN,neutral,neutral,neutral,,,,83.66,H,-0.1241,1.5251,-5.2854,loss_of_function,-1.0111844626326,0.6232267896762457,Uncertain,0.2238,benign,https://doi.org/10.1101/2022.10.22.513328
A1357P,4.74725,11.03197,,Destabilizing,,0.0,,,,mutations_clinvar,,True,0.0,,,,neutral,neutral,neutral,UP,neutral,neutral,neutral,974068,Pathogenic,0,85.58,H,-0.4307,0.2803,-21.1581,loss_of_function,-5.00952913833377,0.916777079383912,Pathogenic,0.8937,pathogenic,https://doi.org/10.1101/2022.10.22.513328
A1357S,0.70965,1.7915,,Neutral,,0.0,,0.0000039806698671,0.616,COSMIC,,True,0.0,,,,neutral,neutral,neutral,-,uncertain,uncertain,uncertain,,,,85.58,H,-0.2011,0.2803,-6.8703,loss_of_function,-1.96509716737121,0.9096170015409876,Pathogenic,0.2142,benign,https://doi.org/10.1101/2022.10.22.513328
D1359E,0.23112,-0.06327,,Neutral,,16.6,,,0.524,"cBioPortal,COSMIC",,True,16.6,,,,neutral,neutral,neutral,UP,neutral,neutral,neutral,,,,85.35,H,0.0168,2.4104,-4.8642,gain_of_function,-0.945407657532963,0.7862104746051971,Pathogenic,0.2543,benign,https://doi.org/10.1101/2022.10.22.513328
D1359G,1.7187,1.73605,,Neutral,,16.6,,,0.689,cBioPortal,,True,16.6,,,,neutral,neutral,neutral,DOWN,neutral,neutral,neutral,,,,85.35,H,-0.0596,2.4104,-6.8641,loss_of_function,-2.22500081309659,0.6408402109945748,Uncertain,0.1615,benign,https://doi.org/10.1101/2022.10.22.513328
D1359H,0.32847,0.89864,,Neutral,,16.6,,,,mutations_clinvar,,True,16.6,,,,neutral,neutral,neutral,UP,neutral,neutral,neutral,1005782,Uncertain significance,1,85.35,H,-0.0578,2.4104,-6.8641,loss_of_function,-1.56903790919862,0.7433967354703748,Pathogenic,0.203,benign,https://doi.org/10.1101/2022.10.22.513328
D1359Y,0.71972,-0.37619,,Neutral,,16.6,,,,mutations_clinvar,,True,16.6,,,,neutral,neutral,neutral,UP,neutral,neutral,neutral,554319,Uncertain significance,1,85.35,H,-0.1663,2.4104,-21.1519,loss_of_function,-2.55362119619282,0.9148787907246066,Pathogenic,0.1927,benign,https://doi.org/10.1101/2022.10.22.513328
M1360I,2.09698,1.51293,,Uncertain,,1.7,,,,mutations_clinvar,,True,1.7,,,,neutral,neutral,neutral,-,uncertain,uncertain,uncertain,"974069, 558157","Pathogenic, Uncertain significance","0, 1",87.41,H,-0.1311,1.9816,-21.1581,loss_of_function,-2.40561032150214,0.9188480038528036,Pathogenic,0.7527,pathogenic,https://doi.org/10.1101/2022.10.22.513328
M1360V,2.81247,1.07789,,Uncertain,,1.7,,,,mutations_clinvar,,True,1.7,,,,neutral,neutral,neutral,DOWN,neutral,neutral,neutral,1944289,Uncertain significance,1,87.41,H,-0.0954,1.9816,-7.8702,loss_of_function,-0.738043097009348,0.8881375765308086,Pathogenic,0.2026,benign,https://doi.org/10.1101/2022.10.22.513328
Y1361S,5.42089,5.44932,,Destabilizing,,1.0,,,,mutations_clinvar,,True,1.0,,,,uncertain,,,DOWN,neutral,neutral,neutral,974070,Uncertain significance,0,86.09,H,-0.4512,0.0002,-21.1581,loss_of_function,-5.12437345884939,0.8893905396333759,Pathogenic,0.8227,pathogenic,https://doi.org/10.1101/2022.10.22.513328
L1362V,2.09826,2.19388,,Uncertain,,5.9,,,,mutations_clinvar,,True,5.9,,,,neutral,neutral,neutral,DOWN,neutral,neutral,neutral,408203,Uncertain significance,1,83.45,H,-0.0255,2.3128,-4.2854,loss_of_function,-1.00226652787882,0.7300115618632146,Pathogenic,0.1072,benign,https://doi.org/10.1101/2022.10.22.513328
K1363R,0.25472,0.42109,,Neutral,,43.4,,,,mutations_clinvar,,True,43.4,,,,neutral,neutral,neutral,-,uncertain,uncertain,uncertain,1019132,Uncertain significance,1,84.2,H,0.0725,2.5346,-3.5484,gain_of_function,-0.070944042466506,0.0996785075262411,Benign,0.0851,benign,https://doi.org/10.1101/2022.10.22.513328
V1365L,-1.05551,-0.05034,,Neutral,,23.0,,,,mutations_clinvar,,True,23.0,,,,neutral,neutral,neutral,UP,neutral,neutral,neutral,967996,Uncertain significance,1,81.0,H,-0.0486,2.1125,-0.9515,loss_of_function,-0.543448343737825,4.0028404725969257e-07,Benign,0.1058,benign,https://doi.org/10.1101/2022.10.22.513328
Q1366H,0.07841,0.36701,,Neutral,,56.6,,,0.301,"cBioPortal,COSMIC,mutations_clinvar",,True,56.6,,,,neutral,neutral,neutral,UP,neutral,neutral,neutral,998185,Uncertain significance,2,78.63,H,-0.0591,1.8314,-7.8702,loss_of_function,-1.35182101097286,0.0453271642442996,Benign,0.1708,benign,https://doi.org/10.1101/2022.10.22.513328
Q1366K,-0.28474,0.91803,,Neutral,,56.6,,,0.278,"cBioPortal,COSMIC",,True,56.6,,,,neutral,neutral,neutral,UP,neutral,neutral,neutral,,,,78.63,H,-0.0708,1.8314,-3.8704,loss_of_function,-1.10695739932051,0.178831547864256,Benign,0.1004,benign,https://doi.org/10.1101/2022.10.22.513328
Q1366R,-0.13881,0.58027,,Neutral,,56.6,,,0.240,"cBioPortal,COSMIC",,True,56.6,,,,neutral,neutral,neutral,UP,neutral,neutral,neutral,,,,78.63,H,-0.0604,1.8314,-2.1155,loss_of_function,-0.58702770582405,1.8453935262861166e-05,Benign,0.0728,benign,https://doi.org/10.1101/2022.10.22.513328
L1367F,-0.39108,0.91122,,Neutral,,22.5,,,,mutations_clinvar,,True,22.5,,,,neutral,neutral,neutral,UP,neutral,neutral,neutral,2197243,Uncertain significance,1,73.87,H,-0.331,0.1785,-21.1581,loss_of_function,-5.20255095713468,0.8562237095282115,Pathogenic,0.2885,benign,https://doi.org/10.1101/2022.10.22.513328
L1367V,1.30511,2.66088,,Uncertain,,22.5,,,,mutations_clinvar,,True,22.5,,,,neutral,neutral,neutral,DOWN,neutral,neutral,neutral,1467564,Uncertain significance,1,73.87,H,-0.308,0.1785,-21.1581,loss_of_function,-3.17163341562558,0.8954046977478325,Pathogenic,0.1856,benign,https://doi.org/10.1101/2022.10.22.513328
V1369L,-1.25491,-0.69422,,Neutral,,83.9,,,,mutations_clinvar,,True,83.9,,,,neutral,neutral,neutral,UP,neutral,neutral,neutral,1058717,Uncertain significance,1,69.69,H,-0.1083,1.5116,-1.826,loss_of_function,-1.06894488514796,0.0328335329501138,Benign,0.1596,benign,https://doi.org/10.1101/2022.10.22.513328
V1369M,-1.44799,-0.05476,,Neutral,,83.9,,0.0000079684449580,0.487,"cBioPortal,COSMIC,mutations_clinvar",,True,83.9,,,,neutral,neutral,neutral,UP,neutral,neutral,neutral,1018645,Uncertain significance,1,69.69,H,-0.1279,1.5116,-3.8704,loss_of_function,-0.645590114592733,0.1015963457959391,Benign,0.1212,benign,https://doi.org/10.1101/2022.10.22.513328
A1370D,0.95918,0.18129,,Neutral,,63.9,,,0.531,cBioPortal,,False,63.9,,,,neutral,neutral,neutral,UP,neutral,neutral,neutral,,,,63.35,T,-0.1158,2.2009,-1.8613,loss_of_function,-0.454860518558041,1.7952857927063146e-05,Benign,0.1139,benign,https://doi.org/10.1101/2022.10.22.513328
A1370S,-0.23286,0.1966,,Neutral,,63.9,,0.0001394577881198,0.341,"COSMIC,mutations_clinvar",,False,63.9,,,,neutral,neutral,neutral,-,uncertain,uncertain,uncertain,1546326,Likely benign,1,63.35,T,-0.0238,2.2009,-6.7681,loss_of_function,-1.54601731602242,0.6891254590500715,Pathogenic,0.0843,benign,https://doi.org/10.1101/2022.10.22.513328
G1371E,2.74569,1.08231,,Uncertain,,95.8,,0.0000039840002550,0.619,cBioPortal,,True,95.8,,,,neutral,neutral,neutral,UP,neutral,neutral,neutral,,,,58.0,T,-0.3443,0.2734,-7.7681,loss_of_function,-3.27305748116002,0.9081700974166608,Pathogenic,0.4087,ambiguous,https://doi.org/10.1101/2022.10.22.513328
G1371R,1.63266,0.78061,,Neutral,,95.8,,,,mutations_clinvar,,True,95.8,,,,neutral,neutral,neutral,UP,neutral,neutral,neutral,2170261,Uncertain significance,1,58.0,T,-0.3612,0.2734,-7.7681,loss_of_function,-3.01483652571148,0.9181082856963564,Pathogenic,0.3937,ambiguous,https://doi.org/10.1101/2022.10.22.513328
D1372G,0.2201,2.46531,,Uncertain,,61.9,,,0.324,COSMIC,,True,61.9,,,,neutral,neutral,neutral,DOWN,neutral,neutral,neutral,,,,53.54,G,-0.0459,2.5185,-6.1361,loss_of_function,-1.09942364307279,0.0003098735410788,Benign,0.1126,benign,https://doi.org/10.1101/2022.10.22.513328
D1372N,-0.01658,1.03027,,Neutral,,61.9,,,0.246,"cBioPortal,COSMIC",,True,61.9,,,,neutral,neutral,neutral,-,uncertain,uncertain,uncertain,,,,53.54,G,-0.0096,2.5185,-7.721,loss_of_function,-0.765130323572128,0.0003116248521031,Benign,0.0889,benign,https://doi.org/10.1101/2022.10.22.513328
T1373A,-0.50355,-0.39252,,Neutral,,36.4,,,,mutations_clinvar,,True,36.4,,,,uncertain,,,DOWN,neutral,neutral,neutral,429862,Conflicting interpretations of pathogenicity,1,46.96,G,-0.0686,1.7834,-4.5925,loss_of_function,-1.06545678328243,0.8195367570534303,Pathogenic,0.0883,benign,https://doi.org/10.1101/2022.10.22.513328
T1373I,-1.36528,-0.54286,,Neutral,,36.4,,,0.353,COSMIC,,True,36.4,,,,uncertain,,,UP,neutral,neutral,neutral,,,,46.96,G,-0.1098,1.7834,-7.5923,loss_of_function,-2.60855163099079,0.8716864337582433,Pathogenic,0.2029,benign,https://doi.org/10.1101/2022.10.22.513328
T1373K,-0.97645,1.32381,,Neutral,,36.4,,,,mutations_clinvar,,True,36.4,,,,uncertain,,,UP,neutral,neutral,neutral,1319246,Uncertain significance,1,46.96,G,-0.1671,1.7834,-7.5923,loss_of_function,-3.16391882250369,0.9136816662831824,Pathogenic,0.205,benign,https://doi.org/10.1101/2022.10.22.513328
T1373R,-1.03584,1.15986,,Neutral,,36.4,,,,mutations_clinvar,,True,36.4,,,,uncertain,,,UP,neutral,neutral,neutral,1042796,Uncertain significance,1,46.96,G,-0.1699,1.7834,-7.5923,loss_of_function,-2.41524111589265,0.9075862599548142,Pathogenic,0.1349,benign,https://doi.org/10.1101/2022.10.22.513328
S1374I,0.2229,0.7051,,Neutral,,90.1,,,,mutations_clinvar,,True,90.1,,,,uncertain,,,UP,neutral,neutral,neutral,836782,Uncertain significance,2,50.79,G,-0.0833,2.9436,-20.7635,loss_of_function,-1.01058505051437,0.5089566023146992,Uncertain,0.1233,benign,https://doi.org/10.1101/2022.10.22.513328
T1375A,-0.13919,0.10782,,Neutral,,65.3,,,0.245,cBioPortal,,True,65.3,,,,uncertain,,,DOWN,neutral,neutral,neutral,,,,50.56,G,0.0498,2.9237,-1.9428,gain_of_function,-0.359523868791046,2.0908927857454296e-16,Benign,0.0574,benign,https://doi.org/10.1101/2022.10.22.513328
T1375I,-1.20147,0.74626,,Neutral,,65.3,,,,mutations_clinvar,,True,65.3,,,,uncertain,,,UP,neutral,neutral,neutral,1018631,Uncertain significance,1,50.56,G,0.004,2.9237,-5.8496,gain_of_function,-0.674158565029478,0.0002389414539688,Benign,0.1023,benign,https://doi.org/10.1101/2022.10.22.513328
V1376I,-0.85248,-1.03299,,Neutral,,19.3,,0.0000159377789111,0.176,"cBioPortal,mutations_clinvar",,True,19.3,,,,neutral,neutral,neutral,UP,neutral,neutral,neutral,2082754,Uncertain significance,1,47.41,T,0.0619,2.7646,-3.8159,gain_of_function,-0.409348151655215,0.1024514524541268,Benign,0.0828,benign,https://doi.org/10.1101/2022.10.22.513328
P1378L,-0.28831,0.42925,,Neutral,,60.1,,,,mutations_clinvar,,True,60.1,,,,neutral,neutral,neutral,UP,neutral,neutral,neutral,1063615,Conflicting interpretations of pathogenicity,1,44.28,-,-0.0338,2.7915,-5.4346,loss_of_function,-0.69257334402399,,,0.0646,benign,https://doi.org/10.1101/2022.10.22.513328
P1378S,1.03371,2.34626,,Uncertain,,60.1,,,,mutations_clinvar,,True,60.1,,,,neutral,neutral,neutral,DOWN,neutral,neutral,neutral,836996,Uncertain significance,1,44.28,-,0.022,2.7915,-4.1127,gain_of_function,-0.25812841441139,,,0.0701,benign,https://doi.org/10.1101/2022.10.22.513328
P1379T,1.22271,-0.05034,,Neutral,,75.5,,,,mutations_clinvar,,True,75.5,,,,neutral,neutral,neutral,-,uncertain,uncertain,uncertain,2044658,Uncertain significance,1,43.08,-,0.0097,2.8687,-5.5235,gain_of_function,-0.440318894326791,,,0.0603,benign,https://doi.org/10.1101/2022.10.22.513328
A1380P,-1.22637,-0.28503,,Neutral,,111.7,,,,mutations_clinvar,,True,111.7,,,,neutral,neutral,neutral,UP,neutral,neutral,neutral,1407139,Uncertain significance,1,45.22,G,-0.1151,2.8318,-5.3074,loss_of_function,-1.30737794427258,,,0.0955,benign,https://doi.org/10.1101/2022.10.22.513328
A1380S,0.20881,-0.4034,,Neutral,,111.7,,0.0000039841589839,0.233,cBioPortal,,True,111.7,,,,neutral,neutral,neutral,-,uncertain,uncertain,uncertain,,,,45.22,G,0.0526,2.8318,-3.1699,gain_of_function,-0.810810099959459,,,0.0847,benign,https://doi.org/10.1101/2022.10.22.513328
A1380T,0.21499,0.28129,,Neutral,,111.7,,,,mutations_clinvar,,True,111.7,,,,neutral,neutral,neutral,UP,neutral,neutral,neutral,1471330,Uncertain significance,1,45.22,G,0.0438,2.8318,-3.7225,gain_of_function,-0.435691302110927,,,0.0765,benign,https://doi.org/10.1101/2022.10.22.513328
A1380V,0.2126,0.47653,,Neutral,,111.7,,,0.259,cBioPortal,,True,111.7,,,,neutral,neutral,neutral,UP,neutral,neutral,neutral,,,,45.22,G,0.0438,2.8318,-4.3074,gain_of_function,-0.673952385735007,,,0.0852,benign,https://doi.org/10.1101/2022.10.22.513328
R1382T,0.972,0.72959,,Neutral,,88.3,,,,mutations_clinvar,,True,88.3,,,,neutral,neutral,neutral,DOWN,neutral,neutral,neutral,1043138,Uncertain significance,2,35.3,G,-0.0711,2.7545,-4.5699,loss_of_function,-0.581498138294183,,,0.1035,benign,https://doi.org/10.1101/2022.10.22.513328
S1383G,-0.02621,0.58707,,Neutral,,83.6,,,,mutations_clinvar,,True,83.6,,,,uncertain,,,DOWN,neutral,neutral,neutral,955187,Uncertain significance,1,36.74,T,0.0297,2.4495,-3.8309,gain_of_function,-0.496510327573829,,,0.0747,benign,https://doi.org/10.1101/2022.10.22.513328
S1383I,0.02026,-0.15816,,Neutral,,83.6,,,,mutations_clinvar,,True,83.6,,,,uncertain,,,UP,neutral,neutral,neutral,1319518,Uncertain significance,1,36.74,T,-0.0612,2.4495,-7.5313,loss_of_function,-0.972185083845984,,,0.1039,benign,https://doi.org/10.1101/2022.10.22.513328
S1383R,-0.38368,0.13231,,Neutral,,83.6,,,,mutations_clinvar,,True,83.6,,,,uncertain,,,UP,neutral,neutral,neutral,2084285,Uncertain significance,1,36.74,T,-0.0607,2.4495,-4.9464,loss_of_function,-0.406466555859795,,,0.2051,benign,https://doi.org/10.1101/2022.10.22.513328
E1385D,-0.02171,0.38401,,Neutral,,102.7,,,,mutations_clinvar,,False,102.7,,,,neutral,neutral,neutral,DOWN,neutral,neutral,neutral,855510,Uncertain significance,1,40.12,T,0.0808,2.9131,-2.8074,gain_of_function,-0.315080710849483,,,0.1076,benign,https://doi.org/10.1101/2022.10.22.513328
E1385G,-0.04031,2.04286,,Uncertain,,102.7,,,0.222,cBioPortal,,False,102.7,,,,neutral,neutral,neutral,DOWN,neutral,neutral,neutral,,,,40.12,T,0.0103,2.9131,-4.8662,gain_of_function,-1.08530462272417,,,0.0931,benign,https://doi.org/10.1101/2022.10.22.513328
E1385K,-0.15489,-0.75238,,Neutral,,102.7,,,0.217,"cBioPortal,COSMIC",,False,102.7,,,,neutral,neutral,neutral,UP,neutral,neutral,neutral,,,,40.12,T,0.017,2.9131,-4.2813,gain_of_function,-0.592789133418417,,,0.1098,benign,https://doi.org/10.1101/2022.10.22.513328
K1387E,0.17598,1.1619,,Neutral,,90.8,,,,mutations_clinvar,,False,90.8,,,,neutral,neutral,neutral,DOWN,neutral,neutral,neutral,1524572,Uncertain significance,1,36.34,T,0.0319,3.0953,-3.7318,gain_of_function,-0.0829813748865845,,,0.0658,benign,https://doi.org/10.1101/2022.10.22.513328
G1388D,-0.10037,1.1602,,Neutral,,121.5,,0.0000079659059227,,"cBioPortal,COSMIC",,False,121.5,,,,neutral,neutral,neutral,UP,neutral,neutral,neutral,,,,43.23,T,-0.0623,3.084,-3.0539,loss_of_function,-0.357233055066124,0.0014244350849947,Benign,0.0904,benign,https://doi.org/10.1101/2022.10.22.513328
G1388S,-0.03393,1.3034,,Neutral,,121.5,,,,COSMIC,,False,121.5,,,,neutral,neutral,neutral,UP,neutral,neutral,neutral,,,,43.23,T,-0.0133,3.084,-4.118,loss_of_function,-0.328571177150431,0.0676270466695162,Benign,0.097,benign,https://doi.org/10.1101/2022.10.22.513328
Q1389H,0.23091,-0.43741,,Neutral,,43.5,,,,mutations_clinvar,,False,43.5,,,,neutral,neutral,neutral,UP,neutral,neutral,neutral,"803291, 656395","Uncertain significance, Uncertain significance","1, 1",42.65,S,-0.0617,1.532,-2.979,loss_of_function,-1.29085583269457,0.8483638359987783,Pathogenic,0.2775,benign,https://doi.org/10.1101/2022.10.22.513328
G1390V,1.08549,-0.54898,,Neutral,,27.7,,,,mutations_clinvar,,False,27.7,,,,neutral,neutral,neutral,UP,neutral,neutral,neutral,1361923,Uncertain significance,1,48.41,-,-0.1283,2.6598,-3.1559,loss_of_function,-0.478731674669363,0.0827792607143384,Benign,0.1328,benign,https://doi.org/10.1101/2022.10.22.513328
P1392S,2.84821,2.71939,,Uncertain,,18.9,,,,"cBioPortal,mutations_clinvar",,True,18.9,,,,neutral,neutral,neutral,DOWN,neutral,neutral,neutral,1710975,Uncertain significance,1,64.36,H,-0.1313,1.0766,-3.2246,loss_of_function,-1.22231669488052,0.4416747683999477,Uncertain,0.1665,benign,https://doi.org/10.1101/2022.10.22.513328
V1393M,-1.16189,0.53095,,Neutral,,78.4,,,,mutations_clinvar,,True,78.4,,,,neutral,neutral,neutral,UP,neutral,neutral,neutral,997461,Conflicting interpretations of pathogenicity,1,70.47,H,-0.0656,2.4034,-7.7481,loss_of_function,-0.962799402017862,0.5628729091867175,Uncertain,0.1313,benign,https://doi.org/10.1101/2022.10.22.513328
I1396K,1.92079,2.86667,,Uncertain,,23.8,,,,mutations_clinvar,,True,23.8,,,,neutral,neutral,neutral,-,uncertain,uncertain,uncertain,2116378,Uncertain significance,1,80.69,H,-0.3776,1.5238,-21.0691,loss_of_function,-3.90502319418097,0.8581114716154802,Pathogenic,0.7253,pathogenic,https://doi.org/10.1101/2022.10.22.513328
I1396L,-0.7232,0.86837,,Neutral,,23.8,,,,mutations_clinvar,,True,23.8,,,,neutral,neutral,neutral,-,uncertain,uncertain,uncertain,955590,Uncertain significance,1,80.69,H,-0.0672,1.5238,-1.8506,loss_of_function,-0.637140122134233,0.0055429950661132,Benign,0.1114,benign,https://doi.org/10.1101/2022.10.22.513328
I1396M,-0.20488,1.05102,,Neutral,,23.8,,0.0000119294729559,0.476,"COSMIC,mutations_clinvar",,True,23.8,,,,neutral,neutral,neutral,-,uncertain,uncertain,uncertain,1000018,Uncertain significance,1,80.69,H,-0.1032,1.5238,-7.7812,loss_of_function,-0.691051175684496,0.5371571990654482,Uncertain,0.1404,benign,https://doi.org/10.1101/2022.10.22.513328
I1396T,0.78602,2.41769,,Uncertain,,23.8,,,,mutations_clinvar,,True,23.8,,,,neutral,neutral,neutral,DOWN,neutral,neutral,neutral,2012164,Uncertain significance,1,80.69,H,-0.2375,1.5238,-21.0691,loss_of_function,-3.90502319418097,0.9039711888762818,Pathogenic,0.6219,pathogenic,https://doi.org/10.1101/2022.10.22.513328
I1396V,0.0895,0.89898,,Neutral,,23.8,,,,mutations_clinvar,,True,23.8,,,,neutral,neutral,neutral,DOWN,neutral,neutral,neutral,1498705,Uncertain significance,1,80.69,H,-0.0364,1.5238,-3.6114,loss_of_function,-0.624379431653217,1.7134578486347592e-05,Benign,0.1216,benign,https://doi.org/10.1101/2022.10.22.513328
T1397R,-0.03671,-0.01905,,Neutral,,62.4,,0.0000039764909853,,cBioPortal,,True,62.4,,,,uncertain,,,UP,neutral,neutral,neutral,,,,81.61,H,-0.1004,2.3827,-4.7814,loss_of_function,-0.522598934540784,0.0149425267566716,Benign,0.0969,benign,https://doi.org/10.1101/2022.10.22.513328
K1398E,0.34131,0.36735,,Neutral,,61.2,,,,mutations_clinvar,,False,61.2,,,,neutral,neutral,neutral,DOWN,neutral,neutral,neutral,1319517,Uncertain significance,1,82.48,H,0.0439,3.187,-3.0265,gain_of_function,-0.457871275857706,7.591763242411549e-05,Benign,0.0814,benign,https://doi.org/10.1101/2022.10.22.513328
K1398R,-0.04224,0.06803,,Neutral,,61.2,,,,mutations_clinvar,,False,61.2,,,,neutral,neutral,neutral,-,uncertain,uncertain,uncertain,2049844,Uncertain significance,2,82.48,H,0.1337,3.187,-3.3219,gain_of_function,-0.38955821622708,0.0089306924013131,Benign,0.0791,benign,https://doi.org/10.1101/2022.10.22.513328
A1399P,4.86621,10.87177,,Destabilizing,,0.0,,,,mutations_clinvar,,False,0.0,,,,neutral,neutral,neutral,UP,neutral,neutral,neutral,974171,Pathogenic,0,84.79,H,-0.3563,1.0842,-21.0691,loss_of_function,-3.19750560505669,0.9040647086542626,Pathogenic,0.851,pathogenic,https://doi.org/10.1101/2022.10.22.513328
A1399S,1.49569,2.14422,,Uncertain,,0.0,,,0.447,cBioPortal,,False,0.0,,,,neutral,neutral,neutral,-,uncertain,uncertain,uncertain,,,,84.79,H,-0.1118,1.0842,-3.8745,loss_of_function,-0.111369860221675,0.8733872242658445,Pathogenic,0.1822,benign,https://doi.org/10.1101/2022.10.22.513328
A1399T,3.55354,1.99932,,Uncertain,,0.0,,,,mutations_clinvar,,False,0.0,,,,neutral,neutral,neutral,UP,neutral,neutral,neutral,1362014,Uncertain significance,1,84.79,H,-0.1157,1.0842,-3.4594,loss_of_function,-1.25225542485107,0.900427941102435,Pathogenic,0.4,ambiguous,https://doi.org/10.1101/2022.10.22.513328
A1399V,6.76835,2.1102,,Uncertain,,0.0,,0.0000039763644895,0.508,"cBioPortal,mutations_clinvar",,False,0.0,,,,neutral,neutral,neutral,UP,neutral,neutral,neutral,1399364,Uncertain significance,2,84.79,H,-0.2026,1.0842,-21.0691,loss_of_function,-2.8583613727212,0.9187044940261474,Pathogenic,0.6,pathogenic,https://doi.org/10.1101/2022.10.22.513328
R1400C,1.61973,1.4619,,Neutral,,31.2,,0.0000119290934684,0.624,"cBioPortal,mutations_clinvar",,False,31.2,,,,neutral,neutral,neutral,DOWN,neutral,neutral,neutral,554887,Pathogenic/Likely pathogenic,2,85.14,H,-0.2995,1.2305,-21.0691,loss_of_function,-2.9336359504194,0.9174193082890651,Pathogenic,0.201,benign,https://doi.org/10.1101/2022.10.22.513328
R1400H,1.84181,0.42925,,Neutral,,31.2,6.36739891754e-05,0.0000357872804053,0.656,"cBioPortal,mutations_clinvar",,False,31.2,,,,neutral,neutral,neutral,DOWN,neutral,neutral,neutral,408175,Conflicting interpretations of pathogenicity,1,85.14,H,-0.2604,1.2305,-21.0691,loss_of_function,-3.55620812817435,0.9154088520161228,Pathogenic,0.1787,benign,https://doi.org/10.1101/2022.10.22.513328
R1400L,-0.62177,-0.12891,,Neutral,,31.2,,,0.581,cBioPortal,,False,31.2,,,,neutral,neutral,neutral,DOWN,neutral,neutral,neutral,,,,85.14,H,-0.2931,1.2305,-21.0691,loss_of_function,-3.55620812817435,0.8784146977644324,Pathogenic,0.4959,ambiguous,https://doi.org/10.1101/2022.10.22.513328
R1400P,7.99263,8.4983,,Destabilizing,,31.2,,,,mutations_clinvar,,False,31.2,,,,neutral,neutral,neutral,DOWN,neutral,neutral,neutral,803290,Likely pathogenic,2,85.14,H,-0.3649,1.2305,-7.7812,loss_of_function,-3.55620812817435,0.919186190807712,Pathogenic,0.8576,pathogenic,https://doi.org/10.1101/2022.10.22.513328
L1401F,-0.13338,0.42891,,Neutral,,73.4,,0.0000039763328668,0.332,cBioPortal,,False,73.4,,,,neutral,neutral,neutral,UP,neutral,neutral,neutral,,,,85.27,H,-0.1034,2.647,-21.0691,loss_of_function,-1.66529902335012,0.8685145592682344,Pathogenic,0.1071,benign,https://doi.org/10.1101/2022.10.22.513328
L1401V,0.74478,0.16531,,Neutral,,73.4,,0.0000039763328668,0.206,"cBioPortal,COSMIC",,False,73.4,,,,neutral,neutral,neutral,DOWN,neutral,neutral,neutral,,,,85.27,H,-0.0024,2.647,-5.7813,loss_of_function,-0.409587059680175,0.0715819837415752,Benign,0.0747,benign,https://doi.org/10.1101/2022.10.22.513328
L1404P,4.56018,7.25204,,Destabilizing,,28.7,,,0.745,cBioPortal,,False,28.7,,,,neutral,neutral,neutral,DOWN,neutral,neutral,neutral,,,,83.63,H,-0.4412,0.605,-21.0625,loss_of_function,-3.57813401239356,0.899202460198288,Pathogenic,0.7615,pathogenic,https://doi.org/10.1101/2022.10.22.513328
L1406F,3.36974,2.74354,,Uncertain,,7.5,,0.0000159052049783,0.411,"cBioPortal,mutations_clinvar",,False,7.5,,,,neutral,neutral,neutral,UP,neutral,neutral,neutral,1415345,Uncertain significance,2,82.29,H,-0.0319,2.5761,-5.7748,loss_of_function,-0.631214925570201,0.079915087014135,Benign,0.1576,benign,https://doi.org/10.1101/2022.10.22.513328
I1407L,1.11174,-0.52313,,Neutral,,1.5,,,0.335,"cBioPortal,COSMIC",,False,1.5,,,,neutral,neutral,neutral,-,uncertain,uncertain,uncertain,,,,82.25,T,-0.1649,0.7034,-6.1898,loss_of_function,-1.12277652631399,0.8836287727095724,Pathogenic,0.1974,benign,https://doi.org/10.1101/2022.10.22.513328
P1408T,2.34831,-2.80748,,Uncertain,,49.7,9.54988221812e-05,0.0000159053314671,0.584,"cBioPortal,mutations_clinvar",,False,49.7,,,,neutral,neutral,neutral,-,uncertain,uncertain,uncertain,1692226,Uncertain significance,2,79.65,T,-0.1207,1.4207,-4.9674,loss_of_function,-0.290650731972739,0.916097471958581,Pathogenic,0.19,benign,https://doi.org/10.1101/2022.10.22.513328
R1409Q,0.55511,0.53878,,Neutral,,60.4,,,,mutations_clinvar,,False,60.4,,,,neutral,neutral,neutral,DOWN,neutral,neutral,neutral,134283,Benign/Likely benign,2,79.24,T,-0.0832,2.1248,-1.4828,loss_of_function,-0.345722698432132,2.890237560511743e-07,Benign,0.073,benign,https://doi.org/10.1101/2022.10.22.513328
R1409W,0.43388,0.86088,,Neutral,,60.4,0.0001592661018029,0.0001829113118717,0.368,"cBioPortal,COSMIC,mutations_clinvar",,False,60.4,,,,neutral,neutral,neutral,UP,neutral,neutral,neutral,408170,Conflicting interpretations of pathogenicity,1,79.24,T,-0.1582,2.1248,-7.7681,loss_of_function,-0.934618462917753,0.723275331254192,Pathogenic,0.1151,benign,https://doi.org/10.1101/2022.10.22.513328
C1410R,2.19242,3.51667,,Uncertain,,1.4,,,0.739,cBioPortal,,False,1.4,,,,neutral,neutral,neutral,UP,neutral,neutral,neutral,,,,77.64,S,-0.3225,1.6126,-7.7681,loss_of_function,-3.17422662829133,0.9135083842321088,Pathogenic,0.7083,pathogenic,https://doi.org/10.1101/2022.10.22.513328
C1410Y,4.30736,2.39626,,Uncertain,,1.4,,0.0000039763961127,0.593,cBioPortal,,False,1.4,,,,neutral,neutral,neutral,UP,neutral,neutral,neutral,,,,77.64,S,-0.2736,1.6126,-7.7681,loss_of_function,-1.53274161551455,0.9090313625453444,Pathogenic,0.4307,ambiguous,https://doi.org/10.1101/2022.10.22.513328
P1411L,1.55929,1.60816,,Neutral,,44.9,,0.0000994106934095,0.480,"cBioPortal,COSMIC,mutations_clinvar",,True,44.9,,,,neutral,neutral,neutral,UP,neutral,neutral,neutral,554240,Conflicting interpretations of pathogenicity,1,75.28,-,-0.1995,1.0636,-6.7548,loss_of_function,-1.31953275433076,0.9107370699476648,Pathogenic,0.1763,benign,https://doi.org/10.1101/2022.10.22.513328
P1411Q,1.57051,1.75612,,Neutral,,44.9,,0.0000079528554728,0.467,"cBioPortal,COSMIC,mutations_clinvar",,True,44.9,,,,neutral,neutral,neutral,UP,neutral,neutral,neutral,1476772,Uncertain significance,1,75.28,-,-0.1762,1.0636,-6.1699,loss_of_function,-2.05003910225669,0.8533457639254873,Pathogenic,0.1431,benign,https://doi.org/10.1101/2022.10.22.513328
S1414N,1.70902,0.59694,,Neutral,,3.6,,,,mutations_clinvar,,True,3.6,,,,uncertain,,,UP,neutral,neutral,neutral,1337013,Uncertain significance,2,74.18,G,-0.0702,1.5939,-5.406,loss_of_function,-0.773325711275198,0.7855877384471963,Pathogenic,0.1798,benign,https://doi.org/10.1101/2022.10.22.513328
S1414T,-0.92137,0.17789,,Neutral,,3.6,,,,mutations_clinvar,,True,3.6,,,,neutral,,,UP,neutral,neutral,neutral,1447329,Uncertain significance,1,74.18,G,-0.0351,1.5939,-4.7279,loss_of_function,-1.36626005876565,0.5481918649140767,Uncertain,0.1203,benign,https://doi.org/10.1101/2022.10.22.513328
F1415C,3.67526,3.69116,,Destabilizing,,6.3,3.18451054073e-05,0.0000596468904088,0.371,"cBioPortal,mutations_clinvar",,True,6.3,,,,neutral,neutral,neutral,DOWN,neutral,neutral,neutral,648627,Conflicting interpretations of pathogenicity,1,73.88,G,-0.1727,1.6708,-4.406,loss_of_function,-0.857012099022535,0.0717543847540961,Benign,0.2291,benign,https://doi.org/10.1101/2022.10.22.513328
F1415L,0.61833,1.38571,,Neutral,,6.3,,,0.342,cBioPortal,,True,6.3,,,,neutral,neutral,neutral,DOWN,neutral,neutral,neutral,,,,73.88,G,-0.0997,1.6708,-2.2685,loss_of_function,-0.666433105480019,0.0922849757407585,Benign,0.741,pathogenic,https://doi.org/10.1101/2022.10.22.513328
S1416L,-0.22411,-0.32857,,Neutral,,70.1,,,0.150,"cBioPortal,COSMIC",,True,70.1,,,,uncertain,,,UP,neutral,neutral,neutral,,,,73.13,T,-0.0873,1.9001,-3.4732,loss_of_function,-0.928679159374759,0.0213194032179081,Benign,0.0765,benign,https://doi.org/10.1101/2022.10.22.513328
H1417D,-0.28533,1.33503,,Neutral,,73.8,0.0038209259377189,0.0034594921306495,0.221,"cBioPortal,COSMIC,FANCA_icope_sentieon_input,mutations_clinvar",,True,73.8,,,,neutral,neutral,neutral,DOWN,neutral,neutral,neutral,134282,Conflicting interpretations of pathogenicity,1,69.92,T,-0.0186,2.557,-4.5374,loss_of_function,-0.145425265456723,8.744846084692666e-10,Benign,0.0809,benign,https://doi.org/10.1101/2022.10.22.513328
V1418A,2.81286,2.60034,,Uncertain,,2.6,,,,mutations_clinvar,,True,2.6,,,,neutral,neutral,neutral,DOWN,neutral,neutral,neutral,1934118,Uncertain significance,1,70.56,H,-0.0996,2.6614,-20.9742,loss_of_function,-1.24737601432868,0.294710823073694,Benign,0.1617,benign,https://doi.org/10.1101/2022.10.22.513328
V1418M,-0.50726,1.15204,,Neutral,,2.6,3.1843077315e-05,0.0000119290934684,,"cBioPortal,COSMIC,mutations_clinvar",,True,2.6,,,,neutral,neutral,neutral,UP,neutral,neutral,neutral,408168,Likely benign,1,70.56,H,-0.0127,2.6614,-2.0427,loss_of_function,-0.0311185279911059,4.471134912108134e-11,Benign,0.0664,benign,https://doi.org/10.1101/2022.10.22.513328
E1420D,0.23995,0.3034,,Neutral,,88.4,,,,mutations_clinvar,,True,88.4,,,,neutral,neutral,neutral,DOWN,neutral,neutral,neutral,1441452,Uncertain significance,1,72.53,H,-0.0901,2.0639,-20.9882,loss_of_function,-1.71982938734627,0.8993118038342076,Pathogenic,0.1462,benign,https://doi.org/10.1101/2022.10.22.513328
E1420K,0.64936,-0.27143,,Neutral,,88.4,,,0.124,cBioPortal,,True,88.4,,,,neutral,neutral,neutral,UP,neutral,neutral,neutral,,,,72.53,H,-0.0632,2.0639,-4.7004,loss_of_function,-0.572551657579192,0.0064425858953246,Benign,0.0925,benign,https://doi.org/10.1101/2022.10.22.513328
L1422P,4.50394,8.36599,,Destabilizing,,13.4,,,0.760,COSMIC,,True,13.4,,,,neutral,neutral,neutral,DOWN,neutral,neutral,neutral,,,,70.43,H,-0.373,1.3414,-20.9742,loss_of_function,-3.65784083936018,0.9176976181780336,Pathogenic,0.2813,benign,https://doi.org/10.1101/2022.10.22.513328
A1423V,0.54884,0.6932,,Neutral,,81.4,,,0.222,COSMIC,,True,81.4,,,,neutral,neutral,neutral,UP,neutral,neutral,neutral,,,,69.11,H,-0.0484,2.0171,-7.6864,loss_of_function,-1.16984355398946,0.911361170719278,Pathogenic,0.1236,benign,https://doi.org/10.1101/2022.10.22.513328
R1425C,1.03681,0.64456,,Neutral,,23.1,6.37226789014e-05,0.0000320415258175,0.094,"cBioPortal,COSMIC,mutations_clinvar",,False,23.1,,,,neutral,neutral,neutral,DOWN,neutral,neutral,neutral,134284,Uncertain significance,2,64.99,-,-0.1223,2.0327,-0.8021,loss_of_function,-0.0928553986258856,5.238614347048341e-07,Benign,0.0995,benign,https://doi.org/10.1101/2022.10.22.513328
R1425G,3.78815,2.64388,,Uncertain,,23.1,,,,mutations_clinvar,,False,23.1,,,,neutral,neutral,neutral,DOWN,neutral,neutral,neutral,456129,Uncertain significance,2,64.99,-,-0.1737,2.0327,-5.6724,loss_of_function,-0.905633377965874,0.0001142392832104,Benign,0.0815,benign,https://doi.org/10.1101/2022.10.22.513328
R1425H,0.02568,-0.17721,,Neutral,,23.1,,0.0000200225854764,0.140,"cBioPortal,COSMIC,mutations_clinvar",,False,23.1,,,,neutral,neutral,neutral,DOWN,neutral,neutral,neutral,321326,Uncertain significance,2,64.99,-,-0.1013,2.0327,-4.3505,loss_of_function,-0.41126767825967,2.1398558688305625e-07,Benign,0.0777,benign,https://doi.org/10.1101/2022.10.22.513328
R1425L,0.45979,-0.31122,,Neutral,,23.1,,,0.229,COSMIC,,False,23.1,,,,neutral,neutral,neutral,DOWN,neutral,neutral,neutral,,,,64.99,-,-0.1509,2.0327,-7.6723,loss_of_function,-2.36501822697482,0.0497597726275049,Benign,0.1381,benign,https://doi.org/10.1101/2022.10.22.513328
R1425P,4.77555,5.46837,,Destabilizing,,23.1,,,,mutations_clinvar,,False,23.1,,,,neutral,neutral,neutral,DOWN,neutral,neutral,neutral,1396878,Uncertain significance,1,64.99,-,-0.2906,2.0327,-7.6723,loss_of_function,-1.17631646901028,0.0026885704707668,Benign,0.202,benign,https://doi.org/10.1101/2022.10.22.513328
G1426R,-0.70724,-0.06463,,Neutral,,127.5,,,,mutations_clinvar,,False,127.5,,,,neutral,neutral,neutral,UP,neutral,neutral,neutral,2201773,Uncertain significance,1,57.38,T,-0.1828,2.1522,-6.6794,loss_of_function,-0.457242123186412,,,0.1079,benign,https://doi.org/10.1101/2022.10.22.513328
G1426V,0.38801,0.00986,,Neutral,,127.5,,,,mutations_clinvar,,False,127.5,,,,neutral,neutral,neutral,UP,neutral,neutral,neutral,1494392,Uncertain significance,1,57.38,T,-0.1849,2.1522,-5.0945,loss_of_function,-0.762303180171594,,,0.1216,benign,https://doi.org/10.1101/2022.10.22.513328
C1428F,0.31473,4.3517,,Uncertain,,13.7,,,0.121,"cBioPortal,COSMIC",,False,13.7,,,,neutral,neutral,neutral,UP,neutral,neutral,neutral,,,,59.09,-,-0.1901,2.2383,-4.5096,loss_of_function,-0.602581954158068,,,0.0802,benign,https://doi.org/10.1101/2022.10.22.513328
C1428S,0.39113,1.0017,,Neutral,,13.7,,,,mutations_clinvar,,False,13.7,,,,neutral,neutral,neutral,DOWN,neutral,neutral,neutral,1983337,Uncertain significance,1,59.09,-,-0.1949,2.2383,-6.0945,loss_of_function,-0.435309894675189,,,0.1132,benign,https://doi.org/10.1101/2022.10.22.513328
C1428Y,0.36639,0.36395,,Neutral,,13.7,,,0.126,cBioPortal,,False,13.7,,,,neutral,neutral,neutral,UP,neutral,neutral,neutral,,,,59.09,-,-0.1979,2.2383,-4.22,loss_of_function,-0.517748997650539,,,0.0849,benign,https://doi.org/10.1101/2022.10.22.513328
D1429E,1.56976,2.20612,,Uncertain,,20.5,,,0.593,COSMIC,,False,20.5,,,,neutral,neutral,neutral,UP,neutral,neutral,neutral,,,,73.71,-,-0.2111,0.0891,-7.6793,loss_of_function,-2.5623720670058,,,0.7616,pathogenic,https://doi.org/10.1101/2022.10.22.513328
D1429G,5.68684,4.53912,,Destabilizing,,20.5,,,0.710,"cBioPortal,COSMIC",,False,20.5,,,,neutral,neutral,neutral,DOWN,neutral,neutral,neutral,,,,73.71,-,-0.3452,0.0891,-20.9672,loss_of_function,-4.17077335885552,,,0.8089,pathogenic,https://doi.org/10.1101/2022.10.22.513328
D1429H,5.6875,1.47347,,Uncertain,,20.5,,,,mutations_clinvar,,False,20.5,,,,neutral,neutral,neutral,UP,neutral,neutral,neutral,1446351,Likely pathogenic,1,73.71,-,-0.3433,0.0891,-20.9672,loss_of_function,-3.99901148751277,,,0.7224,pathogenic,https://doi.org/10.1101/2022.10.22.513328
D1429N,4.25631,0.81871,,Uncertain,,20.5,,0.0000120249156252,0.502,"cBioPortal,COSMIC,mutations_clinvar",,False,20.5,,,,neutral,neutral,neutral,-,uncertain,uncertain,uncertain,884284,Conflicting interpretations of pathogenicity,1,73.71,-,-0.2329,0.0891,-7.6793,loss_of_function,-2.5623720670058,,,0.6563,pathogenic,https://doi.org/10.1101/2022.10.22.513328
D1429Y,4.62574,1.32245,,Uncertain,,20.5,,,,mutations_clinvar,,False,20.5,,,,neutral,neutral,neutral,UP,neutral,neutral,neutral,2043465,Likely pathogenic,1,73.71,-,-0.379,0.0891,-20.9672,loss_of_function,-3.85488545196616,,,0.6569,pathogenic,https://doi.org/10.1101/2022.10.22.513328
P1430R,1.441,1.33333,,Neutral,,80.2,,,0.584,COSMIC,,True,80.2,,,,neutral,neutral,neutral,UP,neutral,neutral,neutral,,,,76.01,H,-0.2927,0.3318,-7.6793,loss_of_function,-3.95652382374052,,,0.2226,benign,https://doi.org/10.1101/2022.10.22.513328
E1431D,0.50205,-0.00986,,Neutral,,61.0,,,,mutations_clinvar,,True,61.0,,,,neutral,neutral,neutral,DOWN,neutral,neutral,neutral,1043818,Uncertain significance,1,78.83,H,-0.1728,0.2984,-5.3575,loss_of_function,-0.649266799071912,,,0.3001,benign,https://doi.org/10.1101/2022.10.22.513328
E1431K,0.04578,-0.00102,,Neutral,,61.0,,,0.532,"cBioPortal,mutations_clinvar",,True,61.0,,,,neutral,neutral,neutral,UP,neutral,neutral,neutral,1023211,Uncertain significance,1,78.83,H,-0.3087,0.2984,-20.9672,loss_of_function,-4.16926467839622,,,0.2788,benign,https://doi.org/10.1101/2022.10.22.513328
E1431Q,-0.2696,-0.0568,,Neutral,,61.0,,,0.443,"COSMIC,mutations_clinvar",,True,61.0,,,,neutral,neutral,neutral,UP,neutral,neutral,neutral,580557,Uncertain significance,1,78.83,H,-0.1914,0.2984,-7.6793,loss_of_function,-2.5623720670058,,,0.2239,benign,https://doi.org/10.1101/2022.10.22.513328
V1432L,-1.32513,0.02755,,Neutral,,4.9,,,,mutations_clinvar,,True,4.9,,,,neutral,neutral,neutral,UP,neutral,neutral,neutral,1692228,Conflicting interpretations of pathogenicity,1,79.75,H,-0.1192,1.3671,-1.3396,loss_of_function,-0.118949220866234,,,0.1717,benign,https://doi.org/10.1101/2022.10.22.513328
V1432M,-1.66153,1.25748,,Neutral,,4.9,,,,mutations_clinvar,,True,4.9,,,,neutral,neutral,neutral,UP,neutral,neutral,neutral,1900811,Uncertain significance,1,79.75,H,-0.1423,1.3671,-4.0945,loss_of_function,-0.274057564899773,,,0.1831,benign,https://doi.org/10.1101/2022.10.22.513328
S1433N,0.39074,0.24286,,Neutral,,23.8,,,,mutations_clinvar,,True,23.8,,,,uncertain,,,UP,neutral,neutral,neutral,1370009,Uncertain significance,1,78.98,H,-0.0708,2.4502,-20.9672,loss_of_function,-1.55636914547241,,,0.1467,benign,https://doi.org/10.1101/2022.10.22.513328
S1433R,-1.53827,-0.48776,,Neutral,,23.8,,,,mutations_clinvar,,True,23.8,,,,uncertain,,,UP,neutral,neutral,neutral,858254,Uncertain significance,1,78.98,H,-0.0603,2.4502,-4.8721,loss_of_function,-0.419686458982346,,,0.1778,benign,https://doi.org/10.1101/2022.10.22.513328
A1434T,0.54607,0.01293,,Neutral,,75.2,6.373486297e-05,0.0000402842456372,0.197,"cBioPortal,COSMIC,mutations_clinvar",,True,75.2,,,,neutral,neutral,neutral,UP,neutral,neutral,neutral,969882,Conflicting interpretations of pathogenicity,1,79.4,H,-0.1169,1.0826,-3.6795,loss_of_function,-0.0842655563447965,,,0.0756,benign,https://doi.org/10.1101/2022.10.22.513328
A1434V,0.76948,0.18707,,Neutral,,75.2,,0.0000120723374460,0.222,"cBioPortal,mutations_clinvar",,True,75.2,,,,neutral,neutral,neutral,UP,neutral,neutral,neutral,1693688,Uncertain significance,1,79.4,H,-0.2022,1.0826,-20.9672,loss_of_function,-3.4428940644726,,,0.1128,benign,https://doi.org/10.1101/2022.10.22.513328
A1435P,3.79706,5.64762,,Destabilizing,,30.5,,,0.506,COSMIC,,True,30.5,,,,neutral,neutral,neutral,UP,neutral,neutral,neutral,,,,80.19,H,-0.3464,1.1857,-20.9672,loss_of_function,-2.70292618996148,,,0.6704,pathogenic,https://doi.org/10.1101/2022.10.22.513328
A1435T,1.52692,0.25442,,Neutral,,30.5,0.0014669302889215,0.0004113400814615,0.341,"cBioPortal,COSMIC,mutations_clinvar",,True,30.5,,,,neutral,neutral,neutral,UP,neutral,neutral,neutral,414830,Conflicting interpretations of pathogenicity,1,80.19,H,-0.1002,1.1857,-2.2532,loss_of_function,-0.411728281428062,,,0.1141,benign,https://doi.org/10.1101/2022.10.22.513328
L1436H,3.97814,3.91599,,Destabilizing,,0.6,,,,mutations_clinvar,,True,0.6,,,,neutral,neutral,neutral,DOWN,neutral,neutral,neutral,2154401,Uncertain significance,1,79.97,H,-0.4472,0.0891,-20.9672,loss_of_function,-3.43785181656162,,,0.7686,pathogenic,https://doi.org/10.1101/2022.10.22.513328
L1436P,8.47728,10.92483,,Destabilizing,,0.6,,,0.707,COSMIC,,True,0.6,,,,neutral,neutral,neutral,DOWN,neutral,neutral,neutral,,,,79.97,H,-0.4882,0.0891,-20.9672,loss_of_function,-3.67796451837292,,,0.7519,pathogenic,https://doi.org/10.1101/2022.10.22.513328
S1438C,0.99631,0.50748,,Neutral,,75.8,,,0.303,cBioPortal,,True,75.8,,,,uncertain,,,UP,neutral,neutral,neutral,,,,76.47,H,-0.0096,2.5783,-5.7459,loss_of_function,-0.259817985342887,,,0.0722,benign,https://doi.org/10.1101/2022.10.22.513328
S1438N,0.8076,-0.05442,,Neutral,,75.8,,,,mutations_clinvar,,True,75.8,,,,uncertain,,,UP,neutral,neutral,neutral,2162489,Uncertain significance,1,76.47,H,0.0237,2.5783,-4.7459,gain_of_function,-0.422994320009543,,,0.0949,benign,https://doi.org/10.1101/2022.10.22.513328
S1438R,0.3551,-0.09558,,Neutral,,75.8,,,0.192,cBioPortal,,True,75.8,,,,uncertain,,,UP,neutral,neutral,neutral,,,,76.47,H,-0.0449,2.5783,-4.161,loss_of_function,-0.45949464976165,,,0.1622,benign,https://doi.org/10.1101/2022.10.22.513328
R1439T,0.88434,1.07993,,Neutral,,45.9,,0.0000080638658173,0.269,"cBioPortal,COSMIC,mutations_clinvar",,True,45.9,,,,neutral,neutral,neutral,DOWN,neutral,neutral,neutral,134285,Uncertain significance,2,70.28,H,-0.1105,2.4224,-6.2853,loss_of_function,-0.735498672913022,,,0.2559,benign,https://doi.org/10.1101/2022.10.22.513328
Q1440K,-0.05161,1.29626,,Neutral,,51.5,,,0.225,"cBioPortal,COSMIC",,False,51.5,,,,neutral,neutral,neutral,UP,neutral,neutral,neutral,,,,68.17,H,-0.1032,2.4051,-20.5731,loss_of_function,-2.24368723626361,,,0.0977,benign,https://doi.org/10.1101/2022.10.22.513328
Q1441R,-0.09465,-0.04422,,Neutral,,88.5,,,0.182,"cBioPortal,COSMIC",,False,88.5,,,,neutral,neutral,neutral,UP,neutral,neutral,neutral,,,,63.13,H,-0.0197,2.2593,-1.8592,loss_of_function,-0.346707386450474,,,0.0704,benign,https://doi.org/10.1101/2022.10.22.513328
