Mutation,"Stability (FoldX5, alphafold, kcal/mol)","Stability (Rosetta Cartddg2020, alphafold, kcal/mol)","Stability (RaSP, alphafold, kcal/mol)","Stability classification, alphafold, (Rosetta, FoldX)","Stability classification, alphafold, (RaSP, FoldX)",Relative Side Chain Solvent Accessibility in wild-type,gnomAD genome allele frequency,gnomAD exome allele frequency,REVEL score,Mutation sources,PTMs,is site part of phospho-SLiM,PTM residue SASA (%),"Change in stability with PTM (FoldX5, kcal/mol)","Change in binding with PTM (FoldX5, kcal/mol)","Change in binding with mutation (FoldX5, kcal/mol)",PTM effect in regulation,PTM effect in stability,PTM effect in function,AlloSigma2 mutation type,AlloSigma2 predicted consequence - active sites,AlloSigma2 predicted consequence - cofactor sites,AlloSigma2 predicted consequence - pockets and interfaces,ClinVar Variation ID,ClinVar Interpretation,ClinVar Review Status,AlphaFold2 model pLDDT score,AlphaFold2 model secondary structure,DeMaSk delta fitness,DeMaSk Shannon entropy,DeMaSk log2 variant frequency,DeMaSk predicted consequence,GEMME Score,EVE score,EVE classification (25% Uncertain),AlphaMissense pathogenicity score,AlphaMissense classification,References
M1R,2.46891,1.5085,1.4808828072757647,Uncertain,Uncertain,41.4,,,,mutations_clinvar,,False,41.4,,,,neutral,neutral,neutral,UP,neutral,neutral,neutral,1998470,Uncertain significance,1,75.64,-,-0.4401,0.4806,-20.8269,loss_of_function,-2.68915897361935,,,0.5971,pathogenic,https://doi.org/10.1101/2022.10.22.513328
M1T,2.82222,1.05374,1.4315658961780675,Uncertain,Uncertain,41.4,,,,mutations_clinvar,,False,41.4,,,,neutral,neutral,neutral,DOWN,neutral,neutral,destabilizing,929712,Pathogenic,0,75.64,-,-0.3214,0.4806,-20.8269,loss_of_function,-2.68915897361935,,,0.4337,ambiguous,https://doi.org/10.1101/2022.10.22.513328
M1V,2.81747,0.95816,0.6535496428228801,Uncertain,Uncertain,41.4,,,,mutations_clinvar,,False,41.4,,,,neutral,neutral,neutral,DOWN,neutral,neutral,destabilizing,1022962,Uncertain significance,2,75.64,-,-0.2318,0.4806,-7.539,loss_of_function,-1.67692568545389,,,0.1123,benign,https://doi.org/10.1101/2022.10.22.513328
D2G,3.4039,2.18605,2.1006223837147715,Uncertain,Uncertain,26.7,,,0.406,cBioPortal,,False,26.7,,,,neutral,neutral,neutral,DOWN,neutral,neutral,neutral,,,,78.84,H,-0.139,1.5851,-7.5468,loss_of_function,-1.2718711400232,,,0.1363,benign,https://doi.org/10.1101/2022.10.22.513328
D2V,2.19583,0.65714,-0.3860650534929766,Uncertain,Uncertain,26.7,,,,mutations_clinvar,,False,26.7,,,,neutral,neutral,neutral,UP,neutral,neutral,neutral,1319325,Uncertain significance,1,78.84,H,-0.2427,1.5851,-20.8346,loss_of_function,-1.21927513196231,,,0.2079,benign,https://doi.org/10.1101/2022.10.22.513328
D2Y,2.87851,5.45,0.143357711556008,Uncertain,Uncertain,26.7,,,,mutations_clinvar,,False,26.7,,,,neutral,neutral,neutral,UP,neutral,neutral,neutral,1404691,Uncertain significance,1,78.84,H,-0.1627,1.5851,-5.5469,loss_of_function,-1.02177228537618,,,0.1951,benign,https://doi.org/10.1101/2022.10.22.513328
Q3R,0.31155,0.82075,-0.2842370341187616,Neutral,Neutral,101.4,,,,mutations_clinvar,,False,101.4,,,,neutral,neutral,neutral,UP,neutral,neutral,neutral,1969461,Uncertain significance,1,84.21,H,-0.0309,2.364,-5.9386,loss_of_function,-1.17349407861811,,,0.075,benign,https://doi.org/10.1101/2022.10.22.513328
K4N,0.41136,0.10136,0.4082535072767618,Neutral,Neutral,65.6,,3.9771235851e-06,0.311,"cBioPortal,mutations_clinvar",,False,65.6,,,,neutral,neutral,neutral,DOWN,neutral,neutral,neutral,1506003,Uncertain significance,1,84.34,H,-0.1321,1.3564,-5.8073,loss_of_function,-1.01559076625354,0.2345581123043663,Benign,0.1941,benign,https://doi.org/10.1101/2022.10.22.513328
I5V,1.44625,1.2017,1.832123932912788,Neutral,Neutral,0.0,,,,mutations_clinvar,,False,0.0,,,,neutral,neutral,neutral,DOWN,neutral,neutral,neutral,841021,Uncertain significance,2,84.69,H,-0.0903,0.9753,-4.2977,loss_of_function,-0.403555708357306,0.1215029291308801,Benign,0.2148,benign,https://doi.org/10.1101/2022.10.22.513328
L6S,3.09206,3.54932,3.004174710287667,Destabilizing,Destabilizing,30.0,3.18369945877e-05,5.96568537771e-05,0.385,"COSMIC,mutations_clinvar",,False,30.0,,,,neutral,neutral,neutral,DOWN,neutral,neutral,neutral,317257,Uncertain significance,2,84.81,H,-0.1534,2.3708,-6.8948,loss_of_function,-1.15042054033333,0.4053034922064701,Uncertain,0.2985,benign,https://doi.org/10.1101/2022.10.22.513328
L6V,1.68561,1.71871,1.007158932934739,Neutral,Neutral,30.0,,,,mutations_clinvar,,False,30.0,,,,neutral,neutral,neutral,DOWN,neutral,neutral,neutral,1465747,Uncertain significance,1,84.81,H,-0.0105,2.3708,-2.403,loss_of_function,-0.105009467364338,0.0102592474411618,Benign,0.0899,benign,https://doi.org/10.1101/2022.10.22.513328
L8V,2.61477,1.45646,2.045472634032816,Uncertain,Uncertain,15.1,,3.9770603161e-06,0.504,"cBioPortal,COSMIC,mutations_clinvar",,False,15.1,,,,neutral,neutral,neutral,DOWN,neutral,neutral,neutral,954548,Uncertain significance,1,84.51,H,-0.2725,0.5667,-21.2066,loss_of_function,-2.14937018812305,0.6234022693929941,Uncertain,0.1424,benign,https://doi.org/10.1101/2022.10.22.513328
A9S,0.50747,0.99728,1.171689446216318,Neutral,Neutral,15.1,,,0.241,COSMIC,,False,15.1,,,,neutral,neutral,neutral,-,uncertain,uncertain,uncertain,,,,82.85,H,0.0064,2.2522,-1.7608,gain_of_function,-0.188196748945891,0.0092486998789135,Benign,0.1176,benign,https://doi.org/10.1101/2022.10.22.513328
A9T,2.11203,0.99456,0.9846684689874112,Uncertain,Uncertain,15.1,,1.19311809483e-05,0.327,"cBioPortal,COSMIC,mutations_clinvar",,False,15.1,,,,neutral,neutral,neutral,UP,neutral,neutral,neutral,1327061,Uncertain significance,1,82.85,H,-0.031,2.2522,-7.9306,loss_of_function,-1.45788309339233,0.4314150858321612,Uncertain,0.1645,benign,https://doi.org/10.1101/2022.10.22.513328
E11G,-0.53173,1.33435,0.9216770812784716,Neutral,Neutral,61.5,,,,mutations_clinvar,,False,61.5,,,,neutral,neutral,neutral,DOWN,neutral,neutral,neutral,1944196,Uncertain significance,1,78.44,T,0.0061,2.7309,-2.4072,gain_of_function,-0.147935079454317,0.0063473854846505,Benign,0.0717,benign,https://doi.org/10.1101/2022.10.22.513328
T13S,0.39756,0.46327,0.1973716139479431,Neutral,Neutral,46.4,,,0.086,"cBioPortal,COSMIC",,True,46.4,,,,neutral,,,DOWN,neutral,neutral,neutral,,,,71.89,-,0.085,2.9351,-2.3517,gain_of_function,-0.110111427272528,5.1895436452150974e-05,Benign,0.1008,benign,https://doi.org/10.1101/2022.10.22.513328
A14T,-0.22823,0.08061,0.1914448533171381,Neutral,Neutral,55.3,,,,mutations_clinvar,,True,55.3,,,,neutral,neutral,neutral,UP,neutral,neutral,neutral,1040173,Uncertain significance,1,74.87,H,0.0998,3.3419,-1.9366,gain_of_function,-0.0029472589794338,2.7976306517158017e-05,Benign,0.0687,benign,https://doi.org/10.1101/2022.10.22.513328
D15E,0.03999,-0.29116,-0.0431765367514441,Neutral,Neutral,105.8,,,,mutations_clinvar,,True,105.8,,,,neutral,neutral,neutral,UP,neutral,neutral,neutral,1415533,Uncertain significance,1,80.61,H,0.0777,2.9612,-2.8783,gain_of_function,-0.050114827819938,0.0001200404931565,Benign,0.0845,benign,https://doi.org/10.1101/2022.10.22.513328
K16T,0.26696,1.23639,0.3734415687053688,Neutral,Neutral,64.6,,,0.146,cBioPortal,,True,64.6,,,,neutral,neutral,neutral,DOWN,neutral,neutral,neutral,,,,83.13,H,-0.0943,2.666,-21.2821,loss_of_function,-1.44403123821824,0.4152094824464847,Uncertain,0.0989,benign,https://doi.org/10.1101/2022.10.22.513328
L17P,4.89289,11.88912,9.084094267396232,Destabilizing,Destabilizing,0.2,3.1847133758e-05,1.19314656612e-05,0.751,COSMIC,,False,0.2,,,,neutral,neutral,neutral,DOWN,neutral,neutral,neutral,,,,85.12,H,-0.4553,0.4653,-21.3045,loss_of_function,-3.26992864757676,0.9438101502266052,Pathogenic,0.8842,pathogenic,https://doi.org/10.1101/2022.10.22.513328
L17R,6.77726,6.7517,3.258353552186202,Destabilizing,Destabilizing,0.2,,,,mutations_clinvar,,False,0.2,,,,neutral,neutral,neutral,UP,neutral,neutral,neutral,1420910,Uncertain significance,1,85.12,H,-0.3843,0.4653,-8.0167,loss_of_function,-3.26992864757676,0.9248082116894684,Pathogenic,0.6025,pathogenic,https://doi.org/10.1101/2022.10.22.513328
Q18R,-0.12892,-0.22925,0.0699855143925365,Neutral,Neutral,20.0,,,,mutations_clinvar,,False,20.0,,,,neutral,neutral,neutral,UP,neutral,neutral,neutral,1984361,Uncertain significance,1,84.4,H,-0.027,2.2676,-3.4319,loss_of_function,-0.417187634702209,0.0052642758441581,Benign,0.073,benign,https://doi.org/10.1101/2022.10.22.513328
E19K,0.01494,-0.63741,-0.0467805840170121,Neutral,Neutral,85.7,,,0.135,"cBioPortal,COSMIC",,False,85.7,,,,neutral,neutral,neutral,UP,neutral,neutral,neutral,,,,83.34,H,0.0034,2.6343,-1.9294,gain_of_function,-0.109121789989301,0.0005413660336077,Benign,0.0883,benign,https://doi.org/10.1101/2022.10.22.513328
T23S,-0.28989,0.11565,0.5139725087213409,Neutral,Neutral,72.3,,,,mutations_clinvar,,True,72.3,,,,neutral,,,DOWN,neutral,neutral,neutral,2160216,Uncertain significance,1,84.07,H,0.0813,2.8612,-1.7577,gain_of_function,-0.0270946804755635,2.257409597493031e-05,Benign,0.0851,benign,https://doi.org/10.1101/2022.10.22.513328
L24P,5.41635,8.22959,5.738992044822775,Destabilizing,Destabilizing,13.4,,,0.681,"cBioPortal,COSMIC",,True,13.4,,,,neutral,neutral,neutral,DOWN,neutral,neutral,neutral,,,,83.24,S,-0.3195,1.9413,-21.3045,loss_of_function,-2.08716578969003,0.7695472593874895,Pathogenic,0.4796,ambiguous,https://doi.org/10.1101/2022.10.22.513328
D28G,1.54281,4.46395,1.103549355966792,Uncertain,Neutral,56.6,,,,mutations_clinvar,,True,56.6,,,,neutral,neutral,neutral,DOWN,neutral,neutral,neutral,408257,Uncertain significance,1,84.9,H,-0.071,2.3512,-8.0278,loss_of_function,-1.78081385906399,0.0686101297244859,Benign,0.134,benign,https://doi.org/10.1101/2022.10.22.513328
D28N,0.98281,2.28435,0.1373457584153553,Uncertain,Neutral,56.6,,,0.338,cBioPortal,,True,56.6,,,,neutral,neutral,neutral,-,uncertain,uncertain,uncertain,,,,84.9,H,-0.0184,2.3512,-6.4429,loss_of_function,-0.867065553785237,0.065044892321862,Benign,0.1027,benign,https://doi.org/10.1101/2022.10.22.513328
T30A,0.48798,0.12653,0.5069614928943397,Neutral,Neutral,17.8,,,0.152,cBioPortal,,True,17.8,,,,uncertain,,,DOWN,neutral,neutral,neutral,,,,86.78,H,0.061,3.0693,-2.3665,gain_of_function,-0.0389373986998393,0.000345854011306,Benign,0.064,benign,https://doi.org/10.1101/2022.10.22.513328
T30I,0.25687,0.43333,-0.7211045401728222,Neutral,Neutral,17.8,6.37023824691e-05,3.9779779143e-06,0.066,"cBioPortal,COSMIC,mutations_clinvar",,True,17.8,,,,uncertain,,,UP,neutral,neutral,neutral,1001966,Uncertain significance,1,86.78,H,0.0342,3.0693,-2.5471,gain_of_function,-0.241170189651557,0.0002455645154715,Benign,0.1017,benign,https://doi.org/10.1101/2022.10.22.513328
N31D,-0.22865,0.67007,0.2283710914931452,Neutral,Neutral,80.8,,,,mutations_clinvar,,True,80.8,,,,neutral,neutral,neutral,-,uncertain,uncertain,uncertain,1337943,Uncertain significance,1,85.73,H,0.0622,3.2042,-2.7425,gain_of_function,-0.0304748809681552,3.3360754971919554e-05,Benign,0.0595,benign,https://doi.org/10.1101/2022.10.22.513328
N31I,-0.45497,-0.46701,-0.3909067943057009,Neutral,Neutral,80.8,,,,mutations_clinvar,,True,80.8,,,,neutral,neutral,neutral,UP,neutral,neutral,neutral,2176175,Uncertain significance,1,85.73,H,-0.0067,3.2042,-7.0278,loss_of_function,-0.539869345832953,0.0244206221244034,Benign,0.0834,benign,https://doi.org/10.1101/2022.10.22.513328
N31S,-0.44238,-0.00374,0.325261929672429,Neutral,Neutral,80.8,,,,mutations_clinvar,,True,80.8,,,,neutral,neutral,neutral,DOWN,neutral,neutral,neutral,570032,Uncertain significance,1,85.73,H,0.0916,3.2042,-3.5043,gain_of_function,-0.108700518075841,4.105886487326307e-05,Benign,0.0572,benign,https://doi.org/10.1101/2022.10.22.513328
Q34E,0.03272,0.37925,0.5900596706692485,Neutral,Neutral,60.4,,,,mutations_clinvar,,True,60.4,,,,neutral,neutral,neutral,DOWN,neutral,neutral,neutral,1353106,Uncertain significance,1,86.35,H,0.0329,2.6735,-4.2206,gain_of_function,-0.168701216462942,0.0016021385216893,Benign,0.0863,benign,https://doi.org/10.1101/2022.10.22.513328
Q36E,1.10472,0.52551,1.3696774203148283,Neutral,Neutral,15.3,,,,mutations_clinvar,,False,15.3,,,,neutral,neutral,neutral,DOWN,neutral,neutral,neutral,2098767,Uncertain significance,1,84.85,H,0.0708,3.1042,-4.5629,gain_of_function,-0.12904605208599,0.0859534930819422,Benign,0.0676,benign,https://doi.org/10.1101/2022.10.22.513328
Q36K,-0.90559,1.0398,1.6264798554326243,Neutral,Neutral,15.3,,,,mutations_clinvar,,False,15.3,,,,neutral,neutral,neutral,UP,neutral,neutral,neutral,2163334,Uncertain significance,1,84.85,H,0.0472,3.1042,-3.7004,gain_of_function,-1.16081222734039,0.0187035124659111,Benign,0.0919,benign,https://doi.org/10.1101/2022.10.22.513328
V38L,-1.12016,0.14932,0.0262060240927825,Neutral,Neutral,65.5,,,0.175,cBioPortal,,False,65.5,,,,neutral,neutral,neutral,UP,neutral,neutral,neutral,,,,82.96,H,-0.0154,2.5032,-1.4962,loss_of_function,-0.326636607864553,0.0002174179698566,Benign,0.1083,benign,https://doi.org/10.1101/2022.10.22.513328
K41E,0.53191,0.34694,0.0223009637800652,Neutral,Neutral,95.9,,,0.242,cBioPortal,,False,95.9,,,,neutral,neutral,neutral,DOWN,neutral,neutral,neutral,,,,71.71,S,-0.056,2.2708,-6.0768,loss_of_function,-0.364425682481326,,,0.0858,benign,https://doi.org/10.1101/2022.10.22.513328
A45T,-0.13375,0.59286,0.1512772672111051,Neutral,Neutral,60.9,,,0.09,"cBioPortal,COSMIC",,False,60.9,,,,neutral,neutral,neutral,UP,neutral,neutral,neutral,,,,87.31,H,0.0388,2.7296,-2.8501,gain_of_function,-0.180383502335093,0.0043519394541172,Benign,0.076,benign,https://doi.org/10.1101/2022.10.22.513328
A49T,2.44675,2.42075,1.7554051659800578,Uncertain,Uncertain,3.3,,,0.434,"cBioPortal,COSMIC",,False,3.3,,,,neutral,neutral,neutral,UP,neutral,neutral,neutral,,,,88.02,H,-0.0032,2.4383,-5.8379,loss_of_function,-0.877367317230793,0.1386555491712746,Benign,0.2621,benign,https://doi.org/10.1101/2022.10.22.513328
F51L,2.13389,0.97483,2.833342432910829,Uncertain,Uncertain,4.1,,,,mutations_clinvar,,True,4.1,,,,neutral,neutral,neutral,DOWN,neutral,neutral,neutral,2202193,Uncertain significance,1,89.84,H,-0.1225,1.4199,-2.2101,loss_of_function,-0.576950782748693,0.0013265072009096,Benign,0.5272,ambiguous,https://doi.org/10.1101/2022.10.22.513328
G53A,1.23957,1.09762,-0.3167928233933731,Neutral,Neutral,0.9,6.37186185803e-05,0.0004533812697857,0.535,"cBioPortal,mutations_clinvar",,True,0.9,,,,neutral,neutral,neutral,UP,neutral,neutral,neutral,408254,Conflicting interpretations of pathogenicity,1,87.69,T,-0.1813,1.1762,-3.7814,loss_of_function,-1.19263202290044,0.0326952547716013,Benign,0.2701,benign,https://doi.org/10.1101/2022.10.22.513328
S54F,6.17799,0.2898,0.9640633073808696,Uncertain,Uncertain,0.0,,,,FANCI_icope_sentieon_input,,True,0.0,,,,uncertain,,,UP,neutral,neutral,neutral,,,,89.39,S,-0.1104,1.7036,-4.3373,loss_of_function,-0.694783553601125,0.3274476980094592,Uncertain,0.4007,ambiguous,https://doi.org/10.1101/2022.10.22.513328
P55L,1.99376,1.8517,-1.0284421618203714,Neutral,Neutral,32.8,0.0441195208970438,0.0526801409470176,0.221,"cBioPortal,COSMIC,FANCI_icope_sentieon_input,mutations_clinvar",,True,32.8,,,,neutral,neutral,neutral,UP,neutral,neutral,neutral,257480,Benign,2,84.6,-,-0.1451,1.6226,-6.1598,loss_of_function,-1.68657817108889,0.5652493983279855,Uncertain,0.1314,benign,https://doi.org/10.1101/2022.10.22.513328
P55S,2.30316,1.46769,0.068195400226948,Uncertain,Uncertain,32.8,,7.9537410421e-06,0.199,"cBioPortal,COSMIC,mutations_clinvar",,True,32.8,,,,neutral,neutral,neutral,DOWN,neutral,neutral,neutral,2182657,Uncertain significance,1,84.6,-,-0.0842,1.6226,-3.8379,loss_of_function,-1.06737402694145,0.0127071710123289,Benign,0.1334,benign,https://doi.org/10.1101/2022.10.22.513328
A60G,0.54203,1.06293,0.9775844673475698,Neutral,Neutral,65.2,,,,mutations_clinvar,,False,65.2,,,,neutral,neutral,neutral,DOWN,neutral,neutral,neutral,456196,Uncertain significance,1,83.79,H,0.027,3.0132,-5.8125,gain_of_function,-0.474261070992785,0.0460253213414098,Benign,0.0985,benign,https://doi.org/10.1101/2022.10.22.513328
G61E,4.68666,4.09116,4.854429567303611,Destabilizing,Destabilizing,5.2,,,,mutations_clinvar,,False,5.2,,,,neutral,neutral,neutral,UP,neutral,neutral,neutral,1382680,Uncertain significance,1,85.95,H,-0.1974,1.8335,-7.1241,loss_of_function,-2.8461362176534,0.7195906217633709,Pathogenic,0.4407,ambiguous,https://doi.org/10.1101/2022.10.22.513328
R64M,-0.49673,0.0551,0.584756852297584,Neutral,Neutral,5.7,,,0.181,"cBioPortal,COSMIC",,True,5.7,,,,neutral,neutral,neutral,DOWN,neutral,neutral,neutral,,,,89.24,H,-0.2255,1.6185,-21.502,loss_of_function,-4.00597299592404,0.7239712220495933,Pathogenic,0.3844,ambiguous,https://doi.org/10.1101/2022.10.22.513328
R66C,0.83939,1.83946,1.6602696831395791,Neutral,Neutral,35.1,3.18593092902e-05,3.57912653405e-05,0.093,"cBioPortal,COSMIC,mutations_clinvar",,True,35.1,,,,neutral,neutral,neutral,DOWN,neutral,neutral,neutral,317258,Uncertain significance,2,88.45,H,-0.0916,2.7794,-8.2525,loss_of_function,-0.535109995884868,0.0168628221583535,Benign,0.072,benign,https://doi.org/10.1101/2022.10.22.513328
R66H,-0.41571,0.9102,0.4667679392656387,Neutral,Neutral,35.1,6.36983247341e-05,7.9535512606e-06,0.035,"cBioPortal,COSMIC,mutations_clinvar",,True,35.1,,,,neutral,neutral,neutral,DOWN,neutral,neutral,neutral,1025490,Uncertain significance,2,88.45,H,-0.0336,2.7794,-4.5522,loss_of_function,-0.194656914083322,0.0204102215838916,Benign,0.0697,benign,https://doi.org/10.1101/2022.10.22.513328
K67E,0.28285,0.15884,0.4886538821693426,Neutral,Neutral,51.2,,,,mutations_clinvar,,True,51.2,,,,neutral,neutral,neutral,DOWN,neutral,neutral,neutral,1495537,Uncertain significance,1,89.01,H,-0.0067,2.7,-4.1652,loss_of_function,-1.76309341316387,0.0071705176934266,Benign,0.0844,benign,https://doi.org/10.1101/2022.10.22.513328
I68M,0.00109,0.47007,1.5489319520692737,Neutral,Neutral,0.8,,,,mutations_clinvar,,True,0.8,,,,neutral,neutral,neutral,-,uncertain,uncertain,uncertain,2441350,Uncertain significance,1,90.98,H,-0.0461,2.0413,-5.9354,loss_of_function,-0.890932494366714,0.0567165924704788,Benign,0.1047,benign,https://doi.org/10.1101/2022.10.22.513328
I68V,1.28493,0.70238,1.6577626490588055,Neutral,Neutral,0.8,,,,mutations_clinvar,,True,0.8,,,,neutral,neutral,neutral,DOWN,neutral,neutral,neutral,1998759,Uncertain significance,1,90.98,H,0.0229,2.0413,-1.3385,gain_of_function,-0.119648406685528,5.4711266494765374e-05,Benign,0.0731,benign,https://doi.org/10.1101/2022.10.22.513328
Y69C,4.91301,3.56531,3.428685014317595,Destabilizing,Destabilizing,0.0,,,,mutations_clinvar,,True,0.0,,,,uncertain,,,DOWN,neutral,neutral,neutral,1020172,Uncertain significance,2,92.68,H,-0.1761,1.7753,-5.9307,loss_of_function,-2.70124853086252,0.596094578312058,Uncertain,0.2088,benign,https://doi.org/10.1101/2022.10.22.513328
Y69H,3.5388,2.50578,1.7951016775347557,Uncertain,Uncertain,0.0,,,,mutations_clinvar,,True,0.0,,,,uncertain,,,DOWN,neutral,neutral,neutral,2160880,Uncertain significance,1,92.68,H,-0.1169,1.7753,-6.6677,loss_of_function,-2.13951434763256,0.9174308480565204,Pathogenic,0.6021,pathogenic,https://doi.org/10.1101/2022.10.22.513328
T70A,0.59327,-0.1381,0.4385958997703137,Neutral,Neutral,30.3,,,,mutations_clinvar,,True,30.3,,,,uncertain,,,DOWN,neutral,neutral,neutral,1897471,Uncertain significance,1,90.57,H,0.0506,3.1721,-6.2668,gain_of_function,-0.036232709696778,0.0425209845392478,Benign,0.0638,benign,https://doi.org/10.1101/2022.10.22.513328
T70I,-0.73043,-0.64354,-0.2416707698442743,Neutral,Neutral,30.3,,7.9535512606e-06,0.041,"COSMIC,mutations_clinvar",,True,30.3,,,,uncertain,,,UP,neutral,neutral,neutral,1326598,Uncertain significance,2,90.57,H,0.0321,3.1721,-4.8074,gain_of_function,-0.450725597427707,0.0034141531771086,Benign,0.0799,benign,https://doi.org/10.1101/2022.10.22.513328
I73F,0.80834,1.43027,0.8022895407035663,Neutral,Neutral,14.8,,,,mutations_clinvar,,True,14.8,,,,neutral,neutral,neutral,UP,neutral,neutral,neutral,583183,Uncertain significance,2,89.62,H,-0.14,1.8026,-6.2946,loss_of_function,-3.18918620436703,0.0585823049815023,Benign,0.1537,benign,https://doi.org/10.1101/2022.10.22.513328
Q74E,0.43637,1.13333,-0.2587024148537264,Neutral,Neutral,79.0,,,0.074,"cBioPortal,COSMIC",,True,79.0,,,,neutral,neutral,neutral,DOWN,neutral,neutral,neutral,,,,89.08,H,0.0585,2.9266,-3.7756,gain_of_function,-0.643255688398593,0.0076195446742835,Benign,0.0735,benign,https://doi.org/10.1101/2022.10.22.513328
Q74L,-0.22739,0.23878,-0.9589815455356032,Neutral,Neutral,79.0,,,,mutations_clinvar,,True,79.0,,,,neutral,neutral,neutral,UP,neutral,neutral,neutral,1001292,Uncertain significance,1,89.08,H,0.0267,2.9266,-7.2991,gain_of_function,-1.20999112631137,0.2591510455193168,Benign,0.1013,benign,https://doi.org/10.1101/2022.10.22.513328
L75S,2.44195,3.6483,3.900364670229782,Uncertain,Uncertain,8.7,,,0.389,cBioPortal,,True,8.7,,,,neutral,neutral,neutral,DOWN,neutral,neutral,neutral,,,,88.18,H,-0.171,2.102,-5.4873,loss_of_function,-2.9147640390187,0.6356236155207631,Uncertain,0.3909,ambiguous,https://doi.org/10.1101/2022.10.22.513328
V76M,0.22796,0.62245,2.298578907333537,Neutral,Uncertain,0.4,,,,mutations_clinvar,,True,0.4,,,,neutral,neutral,neutral,UP,neutral,neutral,neutral,1469687,Uncertain significance,1,88.58,H,-0.069,2.2411,-5.4873,loss_of_function,-2.41083571220054,0.0368577286149884,Benign,0.1861,benign,https://doi.org/10.1101/2022.10.22.513328
S78L,-0.06717,-0.06395,-0.3614302383569279,Neutral,Neutral,48.4,,5.16980831941e-05,0.207,"cBioPortal,COSMIC,mutations_clinvar",,False,48.4,,,,uncertain,,,UP,neutral,neutral,neutral,997526,Uncertain significance,2,85.53,T,-0.1091,1.9315,-8.2991,loss_of_function,-3.80614988203668,0.6001637378742803,Uncertain,0.1153,benign,https://doi.org/10.1101/2022.10.22.513328
S78T,0.61349,0.51259,0.7945267944707224,Neutral,Neutral,48.4,,,0.164,"cBioPortal,COSMIC",,False,48.4,,,,neutral,,,UP,neutral,neutral,neutral,,,,85.53,T,-0.0061,1.9315,-5.1293,loss_of_function,-2.14014855048559,0.3488053161347931,Uncertain,0.1055,benign,https://doi.org/10.1101/2022.10.22.513328
G79E,2.52162,4.78061,0.0866960202062805,Uncertain,Uncertain,47.6,,,,mutations_clinvar,,False,47.6,,,,neutral,neutral,neutral,UP,neutral,neutral,neutral,456207,Uncertain significance,2,81.66,S,-0.1662,2.0822,-5.4918,loss_of_function,-2.19580724362354,0.0804634932977591,Benign,0.2503,benign,https://doi.org/10.1101/2022.10.22.513328
G79R,1.79276,2.18537,-0.2111098778129522,Uncertain,Neutral,47.6,,,0.365,"cBioPortal,COSMIC",,False,47.6,,,,neutral,neutral,neutral,UP,neutral,neutral,neutral,,,,81.66,S,-0.1856,2.0822,-5.9773,loss_of_function,-1.15572193801774,0.6688792887001114,Uncertain,0.2139,benign,https://doi.org/10.1101/2022.10.22.513328
L81F,2.45361,2.22993,1.3411515590914258,Uncertain,Uncertain,3.2,,,,mutations_clinvar,,False,3.2,,,,neutral,neutral,neutral,UP,neutral,neutral,neutral,1504261,Uncertain significance,1,85.64,S,-0.1043,1.8008,-5.9773,loss_of_function,-3.29098989840046,0.5131685721037993,Uncertain,0.2119,benign,https://doi.org/10.1101/2022.10.22.513328
K83E,-0.27599,-0.14932,-0.1798669196965824,Neutral,Neutral,86.3,,,,mutations_clinvar,,False,86.3,,,,neutral,neutral,neutral,DOWN,neutral,neutral,neutral,1386745,Uncertain significance,1,84.95,H,0.0581,3.4238,-4.5055,gain_of_function,-0.768273853730299,0.0033295186655428,Benign,0.0771,benign,https://doi.org/10.1101/2022.10.22.513328
E84Q,1.17878,0.29728,0.6077870700036142,Neutral,Neutral,89.9,,,0.1,cBioPortal,,False,89.9,,,,neutral,neutral,neutral,UP,neutral,neutral,neutral,,,,86.75,H,0.0202,2.5041,-5.9864,gain_of_function,-0.233044634362949,0.0381029057603074,Benign,0.1416,benign,https://doi.org/10.1101/2022.10.22.513328
I85L,-0.00737,0.86701,0.5681354015625647,Neutral,Neutral,7.1,,,0.063,"cBioPortal,COSMIC",,False,7.1,,,,neutral,neutral,neutral,-,uncertain,uncertain,uncertain,,,,88.18,H,0.0181,2.5699,-3.9819,gain_of_function,-1.29480418896168,0.0015957808503253,Benign,0.1114,benign,https://doi.org/10.1101/2022.10.22.513328
A86S,0.41443,1.2449,1.618018654810262,Neutral,Neutral,6.9,,,0.072,cBioPortal,,False,6.9,,,,neutral,neutral,neutral,-,uncertain,uncertain,uncertain,,,,87.6,H,-0.0547,1.725,-4.23,loss_of_function,-0.198000958708212,0.0587268445804609,Benign,0.1006,benign,https://doi.org/10.1101/2022.10.22.513328
A86V,-0.60262,-0.85136,-0.5597315247639068,Neutral,Neutral,6.9,0.3188521450459653,0.3604568846891132,0.152,"cBioPortal,COSMIC,FANCI_icope_sentieon_input,mutations_clinvar",,False,6.9,,,,neutral,neutral,neutral,UP,neutral,neutral,neutral,257484,Benign,2,87.6,H,-0.0537,1.725,-3.4594,loss_of_function,-0.248501814390893,0.0007519898269939,Benign,0.1245,benign,https://doi.org/10.1101/2022.10.22.513328
E88Q,0.42961,0.02143,0.6884547634146126,Neutral,Neutral,51.5,,,0.167,"cBioPortal,COSMIC",,False,51.5,,,,neutral,neutral,neutral,UP,neutral,neutral,neutral,,,,90.97,H,-0.0195,2.2027,-8.3308,loss_of_function,-2.35481378467729,0.793587372765024,Pathogenic,0.199,benign,https://doi.org/10.1101/2022.10.22.513328
I89N,2.466,3.24082,3.584376376802879,Uncertain,Uncertain,0.3,,,0.463,cBioPortal,,False,0.3,,,,neutral,neutral,neutral,DOWN,neutral,neutral,neutral,,,,91.03,H,-0.3335,1.3777,-21.6276,loss_of_function,-4.61341227641626,0.8905326091755841,Pathogenic,0.4952,ambiguous,https://doi.org/10.1101/2022.10.22.513328
M94V,0.94045,-0.06259,0.5098302315712241,Neutral,Neutral,34.4,,,,mutations_clinvar,,True,34.4,,,,neutral,neutral,neutral,DOWN,neutral,neutral,neutral,2183720,Uncertain significance,1,92.39,H,-0.0542,2.1824,-3.4121,loss_of_function,-2.17502641815202,0.6009831081596526,Uncertain,0.3306,benign,https://doi.org/10.1101/2022.10.22.513328
L95Q,-0.01934,0.30714,0.7745855455011574,Neutral,Neutral,86.7,6.36699350567e-05,0.0001113532602644,0.176,"cBioPortal,mutations_clinvar",,True,86.7,,,,neutral,neutral,neutral,DOWN,neutral,neutral,neutral,456211,Uncertain significance,1,89.49,H,-0.1471,2.2111,-4.6615,loss_of_function,-2.86517872269425,0.4788344238434758,Uncertain,0.21,benign,https://doi.org/10.1101/2022.10.22.513328
E96K,1.88058,1.05,1.054295570646872,Neutral,Neutral,11.9,,,,mutations_clinvar,,True,11.9,,,,neutral,neutral,neutral,UP,neutral,neutral,neutral,221078,Benign/Likely benign,2,89.64,H,-0.1521,1.1578,-5.777,loss_of_function,-4.03757435824485,0.4052054998233597,Uncertain,0.7185,pathogenic,https://doi.org/10.1101/2022.10.22.513328
A97T,0.79663,-0.3466,0.9214204200734338,Neutral,Neutral,0.2,,,0.025,COSMIC,,False,0.2,,,,neutral,neutral,neutral,UP,neutral,neutral,neutral,,,,89.53,H,0.0295,2.5833,-2.0488,gain_of_function,-0.248078199166091,0.0004196329661896,Benign,0.0837,benign,https://doi.org/10.1101/2022.10.22.513328
A97V,-0.36604,0.37789,-0.1147572196120316,Neutral,Neutral,0.2,,,0.099,"COSMIC,mutations_clinvar",,False,0.2,,,,neutral,neutral,neutral,UP,neutral,neutral,neutral,456214,Uncertain significance,1,89.53,H,0.0311,2.5833,-2.3046,gain_of_function,-0.277958205576167,0.0004806810493663,Benign,0.0772,benign,https://doi.org/10.1101/2022.10.22.513328
H98Y,-0.91269,-1.14456,-0.0298801048811941,Neutral,Neutral,52.1,3.18451054073e-05,,0.181,"cBioPortal,COSMIC,mutations_clinvar",,False,52.1,,,,neutral,neutral,neutral,UP,neutral,neutral,neutral,317260,Uncertain significance,2,88.65,T,0.0425,2.5046,-6.375,gain_of_function,-0.180825378659347,0.3539164877819131,Uncertain,0.0841,benign,https://doi.org/10.1101/2022.10.22.513328
H99Y,0.53639,-0.20136,-0.0258021463947089,Neutral,Neutral,67.2,,,0.056,COSMIC,,False,67.2,,,,neutral,neutral,neutral,UP,neutral,neutral,neutral,,,,87.6,T,0.1295,3.4051,-5.5763,gain_of_function,-0.0495834346973167,0.0013570180524732,Benign,0.0693,benign,https://doi.org/10.1101/2022.10.22.513328
P101S,2.85889,1.55476,0.2590384169336784,Uncertain,Uncertain,36.4,,3.9785160135e-06,0.196,"COSMIC,mutations_clinvar",,True,36.4,,,,neutral,neutral,neutral,DOWN,neutral,neutral,neutral,1477981,Uncertain significance,1,87.76,-,-0.0406,1.9985,-2.0713,loss_of_function,-1.09406784006269,0.0059359422601084,Benign,0.1054,benign,https://doi.org/10.1101/2022.10.22.513328
G102R,6.31636,6.01259,6.163199129791221,Destabilizing,Destabilizing,0.0,,,,mutations_clinvar,,True,0.0,,,,neutral,neutral,neutral,UP,neutral,neutral,neutral,864429,Uncertain significance,1,87.06,H,-0.1568,2.4182,-6.3794,loss_of_function,-3.18415585811286,0.1447472769264597,Benign,0.5134,ambiguous,https://doi.org/10.1101/2022.10.22.513328
P103S,2.81259,-1.8119,-0.0397829309854164,Uncertain,Uncertain,58.6,,,0.025,cBioPortal,,True,58.6,,,,neutral,neutral,neutral,DOWN,neutral,neutral,neutral,,,,87.04,H,0.0551,3.0762,-2.757,gain_of_function,-0.108969896611953,0.0010587118057919,Benign,0.0719,benign,https://doi.org/10.1101/2022.10.22.513328
V106D,3.20813,3.68776,2.5964963507202725,Destabilizing,Uncertain,10.7,,,,mutations_clinvar,,True,10.7,,,,neutral,neutral,neutral,DOWN,neutral,neutral,neutral,2243849,Uncertain significance,1,89.71,H,-0.3035,2.2963,-21.6929,loss_of_function,-3.22631258303376,0.6295073926383485,Uncertain,0.3144,benign,https://doi.org/10.1101/2022.10.22.513328
E107G,1.38187,1.37075,1.51942960911022,Neutral,Neutral,48.6,,,,mutations_clinvar,,True,48.6,,,,neutral,neutral,neutral,DOWN,neutral,neutral,neutral,1036866,Uncertain significance,1,89.4,H,-0.035,2.6177,-8.4135,loss_of_function,-2.84639012494747,0.4947136708020361,Uncertain,0.0966,benign,https://doi.org/10.1101/2022.10.22.513328
E107K,0.28145,0.26361,0.4191915915377292,Neutral,Neutral,48.6,,,0.116,"cBioPortal,COSMIC",,True,48.6,,,,neutral,neutral,neutral,UP,neutral,neutral,neutral,,,,89.4,H,-0.0004,2.6177,-2.3692,loss_of_function,-0.470340780434506,0.0561153220790139,Benign,0.1163,benign,https://doi.org/10.1101/2022.10.22.513328
A109G,2.17456,2.57075,2.556200995037765,Uncertain,Uncertain,0.1,,3.18235701272e-05,0.132,"cBioPortal,COSMIC,mutations_clinvar",,False,0.1,,,,neutral,neutral,neutral,DOWN,neutral,neutral,neutral,408237,Uncertain significance,2,91.77,H,-0.0771,1.9387,-6.8286,loss_of_function,-1.8161678356185,0.4195293348459948,Uncertain,0.1396,benign,https://doi.org/10.1101/2022.10.22.513328
A109I,-0.5377,1.26361,0.5453626738772271,Neutral,Neutral,0.1,,,,mutations_clinvar,,False,0.1,,,,neutral,neutral,neutral,UP,neutral,neutral,neutral,1430444,Uncertain significance,1,91.77,H,-0.1114,1.9387,-4.5067,loss_of_function,-2.94135106537093,0.2162692749104844,Benign,0.467,ambiguous,https://doi.org/10.1101/2022.10.22.513328
N110D,1.31069,0.90952,0.9953261100044424,Neutral,Neutral,45.9,,,,mutations_clinvar,,False,45.9,,,,neutral,neutral,neutral,-,uncertain,uncertain,uncertain,450812,Uncertain significance,2,91.25,H,0.0442,3.0007,-2.6063,gain_of_function,-1.03183580553197,0.002336814586641,Benign,0.079,benign,https://doi.org/10.1101/2022.10.22.513328
N110S,0.64833,0.53231,1.2252546147736132,Neutral,Neutral,45.9,,7.9553861942e-06,0.027,"cBioPortal,mutations_clinvar",,False,45.9,,,,neutral,neutral,neutral,DOWN,neutral,neutral,neutral,649239,Uncertain significance,2,91.25,H,0.0805,3.0007,-2.0213,gain_of_function,-0.161414733407686,0.0004868036682474,Benign,0.0592,benign,https://doi.org/10.1101/2022.10.22.513328
E111Q,0.06298,-0.24796,0.7471379061259398,Neutral,Neutral,36.5,,,,mutations_clinvar,,False,36.5,,,,neutral,neutral,neutral,UP,neutral,neutral,neutral,1440389,Uncertain significance,1,89.81,H,0.0801,3.1469,-5.8286,gain_of_function,-1.61953316707548,0.0013588333832597,Benign,0.1211,benign,https://doi.org/10.1101/2022.10.22.513328
I113L,-0.43808,1.32857,1.2291203130333717,Neutral,Neutral,5.7,,,,mutations_clinvar,,False,5.7,,,,neutral,neutral,neutral,-,uncertain,uncertain,uncertain,1495705,Uncertain significance,1,89.66,H,-0.0345,1.9182,-2.5557,loss_of_function,-0.79050313803061,0.0003258109650272,Benign,0.1042,benign,https://doi.org/10.1101/2022.10.22.513328
I113V,1.19155,0.99184,1.9920372407460047,Neutral,Neutral,5.7,,,0.081,"cBioPortal,COSMIC",,False,5.7,,,,neutral,neutral,neutral,DOWN,neutral,neutral,neutral,,,,89.66,H,0.0134,1.9182,-0.9707,gain_of_function,-0.142042193873511,1.75113691540787e-05,Benign,0.063,benign,https://doi.org/10.1101/2022.10.22.513328
R117G,1.78351,1.97007,1.4278546793988167,Neutral,Neutral,57.5,,,,mutations_clinvar,,False,57.5,,,,neutral,neutral,neutral,DOWN,neutral,neutral,neutral,997536,Uncertain significance,1,85.92,H,-0.1511,2.3422,-6.8371,loss_of_function,-1.44993621306024,0.6514175632959178,Uncertain,0.073,benign,https://doi.org/10.1101/2022.10.22.513328
R117T,1.2721,0.79932,0.8274066514419112,Neutral,Neutral,57.5,,,,mutations_clinvar,,False,57.5,,,,neutral,neutral,neutral,DOWN,neutral,neutral,neutral,2178746,Uncertain significance,1,85.92,H,-0.1185,2.3422,-6.422,loss_of_function,-3.09233309788953,0.2838881076958653,Benign,0.0883,benign,https://doi.org/10.1101/2022.10.22.513328
G119D,4.21133,0.91429,0.5164624052198621,Uncertain,Uncertain,50.6,,,0.125,cBioPortal,,False,50.6,,,,neutral,neutral,neutral,UP,neutral,neutral,neutral,,,,80.09,T,-0.1886,1.7502,-3.7655,loss_of_function,-0.835761690138102,0.0520961774603136,Benign,0.136,benign,https://doi.org/10.1101/2022.10.22.513328
G119V,3.16789,3.02551,1.0116418400220697,Destabilizing,Uncertain,50.6,,,0.305,"cBioPortal,COSMIC",,False,50.6,,,,neutral,neutral,neutral,UP,neutral,neutral,neutral,,,,80.09,T,-0.2307,1.7502,-6.8244,loss_of_function,-2.76918629875559,0.4887738903719786,Uncertain,0.2609,benign,https://doi.org/10.1101/2022.10.22.513328
L121P,3.39705,7.84864,6.195684735560276,Destabilizing,Destabilizing,4.7,,,,mutations_clinvar,,False,4.7,,,,neutral,neutral,neutral,DOWN,neutral,neutral,neutral,933569,Uncertain significance,1,82.75,-,-0.1372,2.9528,-3.8163,loss_of_function,-2.1419379654652,0.0340309252915383,Benign,0.2721,benign,https://doi.org/10.1101/2022.10.22.513328
N123K,1.1071,-0.38946,0.0943331376439132,Neutral,Neutral,31.4,,,0.058,cBioPortal,,False,31.4,,,,neutral,neutral,neutral,UP,neutral,neutral,neutral,,,,81.51,S,0.0013,2.771,-6.8662,gain_of_function,-1.92695094791944,0.2928968599893048,Benign,0.223,benign,https://doi.org/10.1101/2022.10.22.513328
S126F,1.44034,2.1949,0.3939504470166993,Uncertain,Neutral,0.4,,,0.311,"cBioPortal,COSMIC",,True,0.4,,,,uncertain,,,UP,neutral,neutral,neutral,,,,88.83,G,-0.1665,2.0578,-21.7098,loss_of_function,-3.46915905294178,0.380212249561952,Uncertain,0.4421,ambiguous,https://doi.org/10.1101/2022.10.22.513328
S126Y,3.45693,4.37993,1.2719723220312795,Destabilizing,Uncertain,0.4,,,0.327,"cBioPortal,COSMIC",,True,0.4,,,,uncertain,,,UP,neutral,neutral,neutral,,,,88.83,G,-0.1713,2.0578,-21.7098,loss_of_function,-3.46915905294178,0.8697021720970439,Pathogenic,0.4032,ambiguous,https://doi.org/10.1101/2022.10.22.513328
L127F,2.65177,1.67075,2.160753744043081,Uncertain,Uncertain,1.3,,,0.187,cBioPortal,,True,1.3,,,,neutral,neutral,neutral,UP,neutral,neutral,neutral,,,,89.53,G,-0.0974,1.7585,-3.858,loss_of_function,-2.64691268914392,0.0926455618566885,Benign,0.1707,benign,https://doi.org/10.1101/2022.10.22.513328
L129F,7.84962,3.45714,1.891452576473072,Destabilizing,Uncertain,0.5,,,0.407,"cBioPortal,COSMIC",,True,0.5,,,,neutral,neutral,neutral,UP,neutral,neutral,neutral,,,,92.37,H,-0.1619,1.1222,-5.0364,loss_of_function,-4.11163489039022,0.7013995630219746,Pathogenic,0.342,ambiguous,https://doi.org/10.1101/2022.10.22.513328
P131H,13.06896,1.54558,-0.4597891816546351,Uncertain,Uncertain,2.8,,,0.539,COSMIC,,True,2.8,,,,neutral,neutral,neutral,UP,neutral,neutral,neutral,,,,92.58,H,-0.2951,0.749,-21.7756,loss_of_function,-5.20457861667072,0.9169921606232112,Pathogenic,0.745,pathogenic,https://doi.org/10.1101/2022.10.22.513328
I132V,0.34208,-0.00034,0.5392211574690383,Neutral,Neutral,32.5,,,,"FANCI_icope_sentieon_input,mutations_clinvar",,True,32.5,,,,neutral,neutral,neutral,DOWN,neutral,neutral,neutral,456222,Uncertain significance,1,93.66,H,0.1012,3.0494,-4.1619,gain_of_function,-0.205382084825112,0.0001185252704517,Benign,0.0591,benign,https://doi.org/10.1101/2022.10.22.513328
I133S,4.12428,4.43741,4.281186690369339,Destabilizing,Destabilizing,0.1,,,0.278,cBioPortal,,True,0.1,,,,neutral,neutral,neutral,DOWN,neutral,neutral,neutral,,,,92.97,H,-0.1853,2.1861,-6.4918,loss_of_function,-3.3046394269938,0.2474410731507653,Benign,0.6267,pathogenic,https://doi.org/10.1101/2022.10.22.513328
L134V,3.30873,3.0466,2.6272717297783075,Destabilizing,Uncertain,2.2,,1.19320351279e-05,0.348,"cBioPortal,COSMIC,mutations_clinvar",,True,2.2,,,,neutral,neutral,neutral,DOWN,neutral,neutral,neutral,813642,Uncertain significance,2,92.86,H,-0.172,0.8249,-6.1739,loss_of_function,-2.37313002105845,0.4533023403578963,Uncertain,0.1658,benign,https://doi.org/10.1101/2022.10.22.513328
A136T,1.51883,2.02857,2.1129721079076305,Uncertain,Uncertain,0.0,,,,mutations_clinvar,,False,0.0,,,,neutral,neutral,neutral,UP,neutral,neutral,neutral,576582,Uncertain significance,2,91.37,H,-0.0137,2.2546,-4.5769,loss_of_function,-0.21809667638397,0.0054899829093627,Benign,0.1034,benign,https://doi.org/10.1101/2022.10.22.513328
A138S,0.18716,0.13639,1.3678648311098525,Neutral,Neutral,17.1,,,,"cBioPortal,COSMIC",,True,17.1,,,,neutral,neutral,neutral,-,uncertain,uncertain,uncertain,,,,88.15,H,0.0386,2.6346,-2.343,gain_of_function,-0.178367539176897,0.0017972902752917,Benign,0.086,benign,https://doi.org/10.1101/2022.10.22.513328
T139M,-0.31976,0.17517,-0.339983063309443,Neutral,Neutral,71.2,,7.9545635331e-06,0.068,"cBioPortal,COSMIC,mutations_clinvar",,True,71.2,,,,uncertain,,,UP,neutral,neutral,neutral,1386397,Uncertain significance,1,87.85,T,-0.1048,2.8269,-21.7265,loss_of_function,-2.02662413750235,0.5671043109532654,Uncertain,0.0918,benign,https://doi.org/10.1101/2022.10.22.513328
K140E,4.35076,2.07415,1.939063067773913,Uncertain,Uncertain,23.5,,,,mutations_clinvar,,True,23.5,,,,neutral,neutral,neutral,DOWN,neutral,neutral,neutral,1511914,Uncertain significance,2,85.4,-,0.0534,3.2879,-2.9798,gain_of_function,-0.504250552916319,,,0.085,benign,https://doi.org/10.1101/2022.10.22.513328
K140R,0.17587,0.43912,0.4626521637476921,Neutral,Neutral,23.5,,,,mutations_clinvar,,True,23.5,,,,neutral,neutral,neutral,-,uncertain,uncertain,uncertain,1194434,Uncertain significance,1,85.4,-,0.1387,3.2879,-4.1497,gain_of_function,-0.248976613716712,,,0.0718,benign,https://doi.org/10.1101/2022.10.22.513328
E142K,0.93314,1.06327,0.7702544570660854,Neutral,Neutral,55.7,,,0.145,COSMIC,,True,55.7,,,,neutral,neutral,neutral,UP,neutral,neutral,neutral,,,,75.88,S,-0.0413,2.2828,-4.3555,loss_of_function,-2.84325043899414,0.4530083846262198,Uncertain,0.1396,benign,https://doi.org/10.1101/2022.10.22.513328
N143K,-0.46727,0.0034,-0.107258239176059,Neutral,Neutral,84.4,,,,mutations_clinvar,,True,84.4,,,,neutral,neutral,neutral,UP,neutral,neutral,neutral,1433877,Uncertain significance,1,74.56,-,0.0647,3.3985,-5.7549,gain_of_function,-0.738794741626076,0.0018421971300862,Benign,0.1263,benign,https://doi.org/10.1101/2022.10.22.513328
N143Y,-0.3791,-0.77517,-0.3252960291590812,Neutral,Neutral,84.4,,,0.031,cBioPortal,,True,84.4,,,,neutral,neutral,neutral,UP,neutral,neutral,neutral,,,,74.56,-,0.0323,3.3985,-4.7549,gain_of_function,-1.9935250324071,0.0919728014692238,Benign,0.0999,benign,https://doi.org/10.1101/2022.10.22.513328
L144M,0.27031,0.88605,1.3391327761071694,Neutral,Neutral,2.6,,,0.088,cBioPortal,,False,2.6,,,,neutral,neutral,neutral,-,uncertain,uncertain,uncertain,,,,78.57,E,-0.0352,2.1526,-5.8455,loss_of_function,-0.131115052456185,0.6942397798897805,Pathogenic,0.0958,benign,https://doi.org/10.1101/2022.10.22.513328
A145T,0.0971,-0.25986,0.0466707958958612,Neutral,Neutral,90.9,,,0.075,"cBioPortal,COSMIC",,False,90.9,,,,neutral,neutral,neutral,UP,neutral,neutral,neutral,,,,72.05,E,0.084,3.2492,-3.3596,gain_of_function,-0.112633760392303,0.0007386407675258,Benign,0.066,benign,https://doi.org/10.1101/2022.10.22.513328
Y146C,1.94153,2.52585,3.373939308745673,Uncertain,Uncertain,24.8,,,,mutations_clinvar,,False,24.8,,,,uncertain,,,DOWN,neutral,neutral,neutral,2154946,Uncertain significance,1,67.11,E,-0.0996,2.5347,-4.6231,loss_of_function,-0.892498802253275,0.3959072371844264,Uncertain,0.0632,benign,https://doi.org/10.1101/2022.10.22.513328
G147E,2.89847,1.5898,0.4725445174412485,Uncertain,Uncertain,122.7,,,0.149,cBioPortal,,False,122.7,,,,neutral,neutral,neutral,UP,neutral,neutral,neutral,,,,67.31,T,-0.151,2.2106,-4.8371,loss_of_function,-0.78735538812066,0.0266992733811709,Benign,0.1224,benign,https://doi.org/10.1101/2022.10.22.513328
G147V,3.50005,3.66497,0.9796290683955086,Destabilizing,Uncertain,122.7,,,0.183,COSMIC,,False,122.7,,,,neutral,neutral,neutral,UP,neutral,neutral,neutral,,,,67.31,T,-0.1863,2.2106,-6.422,loss_of_function,-2.95344491910388,0.6286864435596391,Uncertain,0.1972,benign,https://doi.org/10.1101/2022.10.22.513328
K148R,-0.04111,0.36633,0.0647820961537615,Neutral,Neutral,108.4,,,,mutations_clinvar,,False,108.4,,,,neutral,neutral,neutral,-,uncertain,uncertain,uncertain,1401211,Uncertain significance,1,67.92,T,0.0469,2.4717,-7.4178,gain_of_function,-0.891828909303372,0.7302819854313807,Pathogenic,0.0802,benign,https://doi.org/10.1101/2022.10.22.513328
G149S,-0.24297,-0.42789,-0.2547735902551917,Neutral,Neutral,87.4,,,,mutations_clinvar,,False,87.4,,,,neutral,neutral,neutral,UP,neutral,neutral,neutral,220898,Uncertain significance,1,73.82,E,-0.0865,2.2871,-4.0917,loss_of_function,-1.98838163345021,0.114627633883867,Benign,0.09,benign,https://doi.org/10.1101/2022.10.22.513328
V150E,-0.33987,1.12585,0.8184147171999947,Neutral,Neutral,66.4,,,0.098,"cBioPortal,COSMIC",,False,66.4,,,,neutral,neutral,neutral,-,uncertain,uncertain,uncertain,,,,78.42,E,-0.1471,2.3706,-0.7583,loss_of_function,0.243106406430488,5.178140426862496e-09,Benign,0.0576,benign,https://doi.org/10.1101/2022.10.22.513328
V150I,-0.45248,0.11973,-0.0762769392705103,Neutral,Neutral,66.4,3.18593092902e-05,,0.044,cBioPortal,,False,66.4,,,,neutral,neutral,neutral,UP,neutral,neutral,neutral,,,,78.42,E,0.0175,2.3706,-5.4094,gain_of_function,-2.06374558207324,0.000143625047286,Benign,0.0735,benign,https://doi.org/10.1101/2022.10.22.513328
L151V,0.67804,1.09456,1.0152943673280836,Neutral,Neutral,29.8,,,,mutations_clinvar,,False,29.8,,,,neutral,neutral,neutral,DOWN,neutral,neutral,neutral,435155,Uncertain significance,1,85.29,E,-0.035,2.1523,-3.2622,loss_of_function,-0.377789658490726,0.0453490214361286,Benign,0.0855,benign,https://doi.org/10.1101/2022.10.22.513328
G153V,9.65565,7.44354,4.953954301023971,Destabilizing,Destabilizing,0.0,,,0.793,"cBioPortal,COSMIC",,False,0.0,,,,neutral,neutral,neutral,UP,neutral,neutral,neutral,,,,85.94,H,-0.4177,0.551,-21.8308,loss_of_function,-5.60682012931557,0.6934273474101846,Pathogenic,0.352,ambiguous,https://doi.org/10.1101/2022.10.22.513328
E154K,0.31508,-0.05272,0.790459999960065,Neutral,Neutral,80.3,,,0.112,cBioPortal,,False,80.3,,,,neutral,neutral,neutral,UP,neutral,neutral,neutral,,,,87.19,H,0.0084,2.8499,-4.8387,gain_of_function,-1.04806185164948,0.117442739872736,Benign,0.0975,benign,https://doi.org/10.1101/2022.10.22.513328
E155K,0.2521,0.87857,0.3296869064814894,Neutral,Neutral,42.1,,,,mutations_clinvar,,False,42.1,,,,neutral,neutral,neutral,UP,neutral,neutral,neutral,842439,Uncertain significance,1,87.72,H,-0.1206,1.4067,-4.0913,loss_of_function,-1.82644906353902,0.2123246870250071,Benign,0.1657,benign,https://doi.org/10.1101/2022.10.22.513328
C156R,8.69936,7.5415,5.722368113782088,Destabilizing,Destabilizing,0.0,,,,mutations_clinvar,,False,0.0,,,,neutral,neutral,neutral,UP,neutral,neutral,neutral,2189175,Uncertain significance,1,87.93,H,-0.2992,1.909,-8.5468,loss_of_function,-4.49609483358716,0.0618933035592924,Benign,0.2392,benign,https://doi.org/10.1101/2022.10.22.513328
C156Y,11.61546,9.36497,5.282327515536772,Destabilizing,Destabilizing,0.0,,,,mutations_clinvar,,False,0.0,,,,neutral,neutral,neutral,UP,neutral,neutral,neutral,317261,Uncertain significance,2,87.93,H,-0.2106,1.909,-0.7787,loss_of_function,0.10046012898508,1.3443590914124611e-05,Benign,0.0843,benign,https://doi.org/10.1101/2022.10.22.513328
K158I,0.60894,-0.11361,-0.3345886515766455,Neutral,Neutral,29.7,,,,mutations_clinvar,,False,29.7,,,,neutral,neutral,neutral,-,uncertain,uncertain,uncertain,2082958,Uncertain significance,1,90.96,H,-0.0429,2.6088,-6.9772,loss_of_function,-2.22229023481572,0.6002068991623791,Uncertain,0.2793,benign,https://doi.org/10.1101/2022.10.22.513328
Q159E,-0.11692,0.18503,0.4184882579769106,Neutral,Neutral,42.7,,,,mutations_clinvar,,False,42.7,,,,neutral,neutral,neutral,DOWN,neutral,neutral,neutral,651750,Uncertain significance,1,90.54,H,0.0313,2.7049,-5.1142,gain_of_function,-1.0683071549142,0.115101522306982,Benign,0.0838,benign,https://doi.org/10.1101/2022.10.22.513328
Q159H,-0.01889,-0.38061,0.0477575156536563,Neutral,Neutral,42.7,,,,mutations_clinvar,,False,42.7,,,,neutral,neutral,neutral,UP,neutral,neutral,neutral,2005247,Uncertain significance,1,90.54,H,0.0408,2.7049,-4.0501,gain_of_function,-0.793430507386222,0.0660290444438914,Benign,0.1955,benign,https://doi.org/10.1101/2022.10.22.513328
T163I,-1.27714,1.05238,-0.5116752589566248,Neutral,Neutral,51.8,,,0.113,cBioPortal,,False,51.8,,,,uncertain,,,UP,neutral,neutral,neutral,,,,92.21,H,-0.0317,2.692,-8.6616,loss_of_function,-0.634706601749497,0.4116277651067726,Uncertain,0.1188,benign,https://doi.org/10.1101/2022.10.22.513328
T163N,-0.58118,1.51837,0.4620927228963184,Neutral,Neutral,51.8,,,,mutations_clinvar,,False,51.8,,,,uncertain,,,-,uncertain,uncertain,uncertain,642442,Uncertain significance,1,92.21,H,-0.0357,2.692,-3.6174,loss_of_function,-1.75707251105988,0.0211327906071384,Benign,0.0952,benign,https://doi.org/10.1101/2022.10.22.513328
S166C,0.31984,0.22789,0.3951746220110796,Neutral,Neutral,74.7,,,,mutations_clinvar,,False,74.7,,,,uncertain,,,UP,neutral,neutral,neutral,1438361,Uncertain significance,1,90.19,H,-0.1053,2.4366,-21.9566,loss_of_function,-2.95771051292411,0.8586092957697655,Pathogenic,0.0924,benign,https://doi.org/10.1101/2022.10.22.513328
S166Y,-0.12674,0.49592,-0.4443058300479907,Neutral,Neutral,74.7,,,0.312,cBioPortal,,False,74.7,,,,uncertain,,,UP,neutral,neutral,neutral,,,,90.19,H,-0.0699,2.4366,-8.6687,loss_of_function,-2.63342443238344,0.8613611839195937,Pathogenic,0.1352,benign,https://doi.org/10.1101/2022.10.22.513328
R168K,0.34331,0.52857,0.2429339817583975,Neutral,Neutral,100.5,,,0.057,cBioPortal,,False,100.5,,,,neutral,neutral,neutral,-,uncertain,uncertain,uncertain,,,,87.15,-,0.0304,2.5361,-3.2024,gain_of_function,-0.281845971248141,0.0153462079743646,Benign,0.1011,benign,https://doi.org/10.1101/2022.10.22.513328
W169L,4.3332,2.66122,2.940424126487509,Uncertain,Uncertain,0.0,,,,mutations_clinvar,,False,0.0,,,,neutral,neutral,neutral,DOWN,neutral,neutral,neutral,2254018,Uncertain significance,1,90.35,-,-0.4085,0.3466,-5.8615,loss_of_function,-4.42917266952784,0.8091554776821607,Pathogenic,0.734,pathogenic,https://doi.org/10.1101/2022.10.22.513328
D170V,0.99134,0.36361,0.5422478401594705,Neutral,Neutral,55.0,,,,mutations_clinvar,,False,55.0,,,,neutral,neutral,neutral,UP,neutral,neutral,stabilizing,859516,Uncertain significance,1,87.56,-,-0.0789,2.6907,-8.6687,loss_of_function,-1.74196165884278,0.6290560689847868,Uncertain,0.1563,benign,https://doi.org/10.1101/2022.10.22.513328
Y173H,2.18113,1.12177,1.808808255668786,Uncertain,Uncertain,14.2,,,,mutations_clinvar,,True,14.2,,,,uncertain,,,DOWN,neutral,neutral,neutral,1392652,Uncertain significance,2,89.26,G,0.0292,3.2393,-4.4316,gain_of_function,-0.135186208611943,5.7452378567396064e-05,Benign,0.1214,benign,https://doi.org/10.1101/2022.10.22.513328
Y173N,1.46894,2.07109,2.8757249568154686,Uncertain,Uncertain,14.2,,,0.075,"cBioPortal,COSMIC",,True,14.2,,,,uncertain,,,DOWN,neutral,neutral,neutral,,,,89.26,G,-0.0603,3.2393,-5.22,loss_of_function,-0.83028147707091,0.0094796342921864,Benign,0.1253,benign,https://doi.org/10.1101/2022.10.22.513328
M180L,2.10606,0.9034,0.1124578398614928,Uncertain,Uncertain,6.9,,,,mutations_clinvar,,False,6.9,,,,neutral,neutral,neutral,-,uncertain,uncertain,uncertain,1356566,Uncertain significance,1,92.97,H,-0.0261,1.7856,-3.5166,loss_of_function,-0.98258687510076,0.5745709867706961,Uncertain,0.2318,benign,https://doi.org/10.1101/2022.10.22.513328
M180T,4.62612,2.13878,2.3035933040867507,Uncertain,Uncertain,6.9,,,,mutations_clinvar,,False,6.9,,,,neutral,neutral,neutral,DOWN,neutral,neutral,neutral,317262,Uncertain significance,1,92.97,H,-0.125,1.7856,-5.8791,loss_of_function,-3.73384502916531,0.6921874809026756,Pathogenic,0.3364,benign,https://doi.org/10.1101/2022.10.22.513328
D183G,-0.38461,0.77789,0.9083985219534174,Neutral,Neutral,65.0,,,0.423,cBioPortal,,False,65.0,,,,neutral,neutral,neutral,DOWN,neutral,neutral,neutral,,,,88.59,G,-0.1742,1.2122,-7.7142,loss_of_function,-4.78994384807175,0.935554186814076,Pathogenic,0.4029,ambiguous,https://doi.org/10.1101/2022.10.22.513328
D183N,-0.14433,-0.38673,-0.1721037951809695,Neutral,Neutral,65.0,,,0.283,cBioPortal,,False,65.0,,,,neutral,neutral,neutral,-,uncertain,uncertain,uncertain,,,,88.59,G,-0.1246,1.2122,-6.7142,loss_of_function,-0.850132557127831,0.8317746469282608,Pathogenic,0.3849,ambiguous,https://doi.org/10.1101/2022.10.22.513328
D183V,0.29054,0.17075,-0.208163008583555,Neutral,Neutral,65.0,,,,mutations_clinvar,,False,65.0,,,,neutral,neutral,neutral,UP,neutral,neutral,neutral,2112465,Uncertain significance,1,88.59,G,-0.283,1.2122,-22.002,loss_of_function,-4.78994384807175,0.938730411449145,Pathogenic,0.4612,ambiguous,https://doi.org/10.1101/2022.10.22.513328
V184I,-0.14601,0.46259,0.5058888260536443,Neutral,Neutral,0.0,,3.9779462659e-06,0.082,COSMIC,,False,0.0,,,,neutral,neutral,neutral,UP,neutral,neutral,neutral,,,,90.46,S,0.0103,2.1172,-2.2583,gain_of_function,-0.38097777321672,0.0067073626820263,Benign,0.0772,benign,https://doi.org/10.1101/2022.10.22.513328
V184L,0.41238,3.33503,0.941963959881904,Uncertain,Neutral,0.0,,,,mutations_clinvar,,False,0.0,,,,neutral,neutral,neutral,UP,neutral,neutral,neutral,435156,Uncertain significance,2,90.46,S,-0.0608,2.1172,-3.4323,loss_of_function,-2.25785759614903,0.1403272175845694,Benign,0.3607,ambiguous,https://doi.org/10.1101/2022.10.22.513328
P185S,2.26794,1.85238,-0.1889995302530167,Uncertain,Uncertain,55.9,,,0.033,"cBioPortal,COSMIC,mutations_clinvar",,True,55.9,,,,neutral,neutral,neutral,DOWN,neutral,neutral,neutral,2076105,Uncertain significance,1,88.74,-,0.0065,2.5685,-3.1327,gain_of_function,-1.24615583668077,0.0535634090323232,Benign,0.1445,benign,https://doi.org/10.1101/2022.10.22.513328
L186P,4.16375,7.62143,6.230986385303221,Destabilizing,Destabilizing,0.0,,,,mutations_clinvar,,True,0.0,,,,neutral,neutral,neutral,DOWN,neutral,neutral,neutral,625938,Uncertain significance,1,92.0,-,-0.3158,1.2841,-8.7175,loss_of_function,-5.1935268955469,0.8728541763400821,Pathogenic,0.8612,pathogenic,https://doi.org/10.1101/2022.10.22.513328
T187I,1.63168,1.03878,-0.1273395188288861,Neutral,Neutral,66.5,,,0.149,cBioPortal,,True,66.5,,,,uncertain,,,UP,neutral,neutral,neutral,,,,90.7,-,-0.0082,2.7664,-5.3957,loss_of_function,-2.98925697364551,0.6884423560981813,Pathogenic,0.3277,benign,https://doi.org/10.1101/2022.10.22.513328
A188E,-0.37771,-0.78571,-0.2656489154305536,Neutral,Neutral,93.1,,,,mutations_clinvar,,True,93.1,,,,neutral,neutral,neutral,UP,neutral,neutral,neutral,1039035,Uncertain significance,1,89.42,H,-0.0011,3.4494,-4.7142,loss_of_function,-0.493870435148559,0.0044775050183982,Benign,0.1402,benign,https://doi.org/10.1101/2022.10.22.513328
E189K,1.48913,0.50272,0.3853325142053571,Neutral,Neutral,69.1,,,,mutations_clinvar,,True,69.1,,,,neutral,neutral,neutral,UP,neutral,neutral,neutral,1482704,Uncertain significance,1,90.38,H,-0.0304,2.3891,-4.1327,loss_of_function,-2.69421930945393,0.5495255899821274,Uncertain,0.086,benign,https://doi.org/10.1101/2022.10.22.513328
E189Q,1.24944,0.62449,0.4761658975720328,Neutral,Neutral,69.1,,,,mutations_clinvar,,True,69.1,,,,neutral,neutral,neutral,UP,neutral,neutral,neutral,2057877,Uncertain significance,1,90.38,H,0.0038,2.3891,-7.1327,gain_of_function,-2.36468756555167,0.3027041718222586,Benign,0.1251,benign,https://doi.org/10.1101/2022.10.22.513328
E190K,2.88549,3.98639,3.272509548536736,Uncertain,Uncertain,1.4,,,0.409,"cBioPortal,COSMIC",,True,1.4,,,,neutral,neutral,neutral,UP,neutral,neutral,neutral,,,,92.28,H,-0.0889,1.8088,-5.1327,loss_of_function,-5.02836408962324,0.9028640283873404,Pathogenic,0.7311,pathogenic,https://doi.org/10.1101/2022.10.22.513328
E190Q,0.72328,1.45204,1.4794720309487777,Neutral,Neutral,1.4,,,,mutations_clinvar,,True,1.4,,,,neutral,neutral,neutral,UP,neutral,neutral,neutral,2185424,Uncertain significance,1,92.28,H,-0.032,1.8088,-3.6733,loss_of_function,-1.94312307817152,0.1249487046767843,Benign,0.4751,ambiguous,https://doi.org/10.1101/2022.10.22.513328
V191L,-0.01115,0.82245,0.4976327075640757,Neutral,Neutral,0.0,,,0.142,"cBioPortal,COSMIC",,True,0.0,,,,neutral,neutral,neutral,UP,neutral,neutral,neutral,,,,93.2,H,0.0134,2.8029,-1.263,gain_of_function,-0.219136097274829,3.468685132167766e-08,Benign,0.1384,benign,https://doi.org/10.1101/2022.10.22.513328
V191M,0.15014,0.66259,1.3116538847652215,Neutral,Neutral,0.0,,,,mutations_clinvar,,True,0.0,,,,neutral,neutral,neutral,UP,neutral,neutral,neutral,947332,Uncertain significance,2,93.2,H,-0.0117,2.8029,-4.3923,loss_of_function,-0.175622333259536,0.0010587118057919,Benign,0.0861,benign,https://doi.org/10.1101/2022.10.22.513328
E192K,-0.55413,-0.5085,0.1872092835108241,Neutral,Neutral,56.6,,,0.072,cBioPortal,,False,56.6,,,,neutral,neutral,neutral,UP,neutral,neutral,neutral,,,,92.74,H,0.0355,3.0963,-3.9594,gain_of_function,-0.73017576789257,0.00421908983901,Benign,0.0857,benign,https://doi.org/10.1101/2022.10.22.513328
E192Q,0.07137,-0.56497,0.4096316012638706,Neutral,Neutral,56.6,,,,mutations_clinvar,,False,56.6,,,,neutral,neutral,neutral,UP,neutral,neutral,neutral,2176052,Uncertain significance,1,92.74,H,0.0944,3.0963,-2.1293,gain_of_function,-0.54491839756382,2.0188352265404377e-05,Benign,0.0882,benign,https://doi.org/10.1101/2022.10.22.513328
E196A,-0.40701,-0.23878,0.4285529908242813,Neutral,Neutral,70.8,,,,mutations_clinvar,,False,70.8,,,,neutral,neutral,neutral,DOWN,neutral,neutral,neutral,1926601,Uncertain significance,1,93.49,H,0.0154,2.71,-5.2548,gain_of_function,-0.94165893743951,0.1724381901465798,Benign,0.1045,benign,https://doi.org/10.1101/2022.10.22.513328
S200I,1.54778,-0.31701,-0.3680339464440763,Neutral,Neutral,65.1,,,,mutations_clinvar,,True,65.1,,,,uncertain,,,UP,neutral,neutral,neutral,2416145,Uncertain significance,1,93.49,H,-0.0833,3.0114,-21.9951,loss_of_function,-3.13398349452406,0.2260189966859119,Benign,0.1172,benign,https://doi.org/10.1101/2022.10.22.513328
S200N,0.15528,-0.31088,-0.1829986395821059,Neutral,Neutral,65.1,,,0.076,cBioPortal,,True,65.1,,,,uncertain,,,UP,neutral,neutral,neutral,,,,93.49,H,0.061,3.0114,-5.2479,gain_of_function,-2.49104912106298,0.0080970480408238,Benign,0.0793,benign,https://doi.org/10.1101/2022.10.22.513328
M201I,0.02806,2.25986,0.3486720669406273,Uncertain,Neutral,2.9,,,0.085,"cBioPortal,COSMIC,mutations_clinvar",,True,2.9,,,,neutral,neutral,neutral,-,uncertain,uncertain,uncertain,1979458,Uncertain significance,1,93.94,T,0.0445,3.044,-5.9034,gain_of_function,-0.247194052222843,0.180889489468278,Benign,0.2448,benign,https://doi.org/10.1101/2022.10.22.513328
M201V,0.73623,1.61667,0.3857321155286008,Neutral,Neutral,2.9,,,,mutations_clinvar,,True,2.9,,,,neutral,neutral,neutral,DOWN,neutral,neutral,neutral,456223,Uncertain significance,2,93.94,T,0.017,3.044,-5.0104,gain_of_function,-0.288446473730933,0.1116933402318705,Benign,0.0699,benign,https://doi.org/10.1101/2022.10.22.513328
F202L,1.62732,1.00782,1.2214816739888616,Neutral,Neutral,1.0,,,0.084,"cBioPortal,COSMIC",,True,1.0,,,,neutral,neutral,neutral,DOWN,neutral,neutral,neutral,,,,93.85,G,-0.0678,2.0068,-2.0815,loss_of_function,-0.828021259248652,0.0022739223594887,Benign,0.5934,pathogenic,https://doi.org/10.1101/2022.10.22.513328
S203F,-0.92999,-0.58776,-0.5422816225601396,Neutral,Neutral,79.2,,,0.104,"cBioPortal,COSMIC",,True,79.2,,,,uncertain,,,UP,neutral,neutral,stabilizing,,,,90.05,G,0.0383,3.4513,-6.7108,gain_of_function,-1.27913548405198,0.2071069783888272,Benign,0.1526,benign,https://doi.org/10.1101/2022.10.22.513328
K204N,0.7915,0.02619,0.3898750115925886,Neutral,Neutral,67.1,,,0.114,cBioPortal,,True,67.1,,,,neutral,neutral,neutral,DOWN,neutral,neutral,neutral,,,,89.52,G,0.0066,2.7857,-4.3957,gain_of_function,-2.75549110268351,0.2801336622635784,Benign,0.2894,benign,https://doi.org/10.1101/2022.10.22.513328
M205I,2.23617,-0.87755,1.0236117536413545,Uncertain,Uncertain,0.5,,,0.016,"cBioPortal,COSMIC",,True,0.5,,,,neutral,neutral,neutral,-,uncertain,uncertain,uncertain,,,,90.63,S,-0.0511,1.8611,-3.3017,loss_of_function,-2.10243567278839,0.0003483318739899,Benign,0.2927,benign,https://doi.org/10.1101/2022.10.22.513328
M205R,3.24198,2.73503,3.387955334499523,Uncertain,Destabilizing,0.5,,,,mutations_clinvar,,True,0.5,,,,neutral,neutral,neutral,UP,neutral,neutral,stabilizing,1421524,Uncertain significance,1,90.63,S,-0.3191,1.8611,-22.0156,loss_of_function,-4.1734158911677,0.5914755007444903,Uncertain,0.472,ambiguous,https://doi.org/10.1101/2022.10.22.513328
Q208E,0.12448,0.55,-0.2192355815857455,Neutral,Neutral,60.8,,,0.207,"cBioPortal,COSMIC",,True,60.8,,,,neutral,neutral,neutral,DOWN,neutral,neutral,neutral,,,,89.87,G,-0.0397,1.8547,-3.6835,loss_of_function,-1.77009373433513,0.1308988145779731,Benign,0.1254,benign,https://doi.org/10.1101/2022.10.22.513328
Q208R,-0.1859,0.4432,-0.1672199532411378,Neutral,Neutral,60.8,,,,mutations_clinvar,,True,60.8,,,,neutral,neutral,neutral,UP,neutral,neutral,stabilizing,839791,Uncertain significance,1,89.87,G,-0.1598,1.8547,-22.0156,loss_of_function,-4.16953110688831,0.7366735644849647,Pathogenic,0.3149,benign,https://doi.org/10.1101/2022.10.22.513328
E209K,0.83081,0.91599,0.688679721810902,Neutral,Neutral,41.5,,,0.557,"cBioPortal,COSMIC",,True,41.5,,,,neutral,neutral,neutral,UP,neutral,neutral,stabilizing,,,,90.9,G,-0.1482,1.3651,-8.7413,loss_of_function,-3.41517654500748,0.8171273871712742,Pathogenic,0.6617,pathogenic,https://doi.org/10.1101/2022.10.22.513328
E209Q,0.31359,-0.49456,0.4821384430564329,Neutral,Neutral,41.5,,,,mutations_clinvar,,True,41.5,,,,neutral,neutral,neutral,UP,neutral,neutral,stabilizing,1692562,Uncertain significance,2,90.9,G,-0.0804,1.3651,-5.1565,loss_of_function,-2.58729413137764,0.7471653233676627,Pathogenic,0.423,ambiguous,https://doi.org/10.1101/2022.10.22.513328
I210T,2.81512,2.84014,2.775679827821803,Uncertain,Uncertain,0.4,,,0.343,"cBioPortal,COSMIC",,True,0.4,,,,neutral,neutral,neutral,DOWN,neutral,neutral,neutral,,,,94.68,H,-0.1432,1.754,-6.7414,loss_of_function,-3.96320843877903,0.1474586538358254,Benign,0.5363,ambiguous,https://doi.org/10.1101/2022.10.22.513328
P211L,3.82512,-4.92653,-0.885144434595041,Uncertain,Uncertain,9.9,,,0.868,"cBioPortal,COSMIC",,False,9.9,,,,neutral,neutral,neutral,UP,neutral,neutral,neutral,,,,95.83,H,-0.3631,0.1334,-22.0292,loss_of_function,-6.19646341904769,0.958392980110656,Pathogenic,0.8005,pathogenic,https://doi.org/10.1101/2022.10.22.513328
P212H,2.28766,-3.92041,-0.6036056911983162,Uncertain,Uncertain,48.1,,,0.487,"cBioPortal,COSMIC",,False,48.1,,,,neutral,neutral,neutral,UP,neutral,neutral,neutral,,,,95.78,H,-0.2198,1.5814,-22.0258,loss_of_function,-4.90885589234312,0.9306100020681948,Pathogenic,0.7446,pathogenic,https://doi.org/10.1101/2022.10.22.513328
P212S,2.21776,-3.59082,-0.1158693733604393,Uncertain,Uncertain,48.1,,,0.351,"cBioPortal,mutations_clinvar",,False,48.1,,,,neutral,neutral,neutral,DOWN,neutral,neutral,neutral,1517351,Uncertain significance,1,95.78,H,-0.0818,1.5814,-2.6296,loss_of_function,-2.47086445995777,0.2339136584634429,Benign,0.3457,ambiguous,https://doi.org/10.1101/2022.10.22.513328
L213F,6.66594,3.21122,2.400674978232312,Destabilizing,Uncertain,0.0,,,0.383,COSMIC,,True,0.0,,,,neutral,neutral,neutral,UP,neutral,neutral,stabilizing,,,,96.13,H,-0.158,1.0489,-2.9534,loss_of_function,-3.26537554657204,0.2553858983374877,Benign,0.2142,benign,https://doi.org/10.1101/2022.10.22.513328
Y215C,2.28593,2.42823,1.739378121889858,Uncertain,Uncertain,47.5,,,,mutations_clinvar,P,True,47.5,-0.083,,,damaging,uncertain,potentially_damaging,DOWN,neutral,neutral,neutral,1450449,Uncertain significance,2,96.37,H,-0.2424,1.0991,-6.7279,loss_of_function,-1.68881112202311,0.8915747749525105,Pathogenic,0.4873,ambiguous,https://doi.org/10.1101/2022.10.22.513328
Q216E,-0.02558,0.07041,0.2047513258169492,Neutral,Neutral,23.3,,,,FANCI_icope_sentieon_input,,True,23.3,,,,neutral,neutral,neutral,DOWN,neutral,neutral,neutral,,,,94.58,H,-0.1905,0.44,-7.7313,loss_of_function,-3.38203758334718,0.8860721768920263,Pathogenic,0.279,benign,https://doi.org/10.1101/2022.10.22.513328
L217F,7.44616,3.70306,2.7434390335668546,Destabilizing,Uncertain,0.0,,,,mutations_clinvar,,True,0.0,,,,neutral,neutral,neutral,UP,neutral,neutral,neutral,963033,Uncertain significance,1,95.23,H,-0.2744,0.8413,-22.0156,loss_of_function,-5.01746198643859,0.9570105775939176,Pathogenic,0.3944,ambiguous,https://doi.org/10.1101/2022.10.22.513328
L218V,3.23864,1.86463,2.472893731825917,Uncertain,Uncertain,1.4,,,0.326,cBioPortal,,True,1.4,,,,neutral,neutral,neutral,DOWN,neutral,neutral,neutral,,,,95.32,H,-0.2085,0.4595,-6.7279,loss_of_function,-3.21810846540344,0.7424087089606224,Pathogenic,0.3346,benign,https://doi.org/10.1101/2022.10.22.513328
S221F,6.71197,3.42347,1.4477570231461352,Destabilizing,Uncertain,1.6,,,0.281,cBioPortal,,True,1.6,,,,uncertain,,,UP,neutral,neutral,neutral,,,,92.75,G,-0.1259,1.7798,-8.7312,loss_of_function,-5.05401762726036,0.735623483659132,Pathogenic,0.5693,pathogenic,https://doi.org/10.1101/2022.10.22.513328
S222F,-2.30054,-1.80442,-0.5737648931702322,Uncertain,Uncertain,61.8,,,,mutations_clinvar,P,True,61.8,0.635,,,damaging,uncertain,potentially_damaging,UP,neutral,neutral,neutral,1446137,Uncertain significance,2,89.11,G,-0.1193,2.5884,-22.0224,loss_of_function,-3.39246893506912,0.5495255899821274,Uncertain,0.2747,benign,https://doi.org/10.1101/2022.10.22.513328
K223T,2.98473,0.48129,0.3198061045994838,Uncertain,Uncertain,32.5,,,,mutations_clinvar,,True,32.5,,,,neutral,neutral,neutral,DOWN,neutral,neutral,neutral,2441348,Uncertain significance,1,89.17,G,-0.1044,1.6692,-5.282,loss_of_function,-4.37288625925653,0.3976672294788172,Uncertain,0.5393,ambiguous,https://doi.org/10.1101/2022.10.22.513328
R226T,3.40488,1.55306,1.9045330861443976,Uncertain,Uncertain,31.8,,,0.102,COSMIC,,True,31.8,,,,neutral,neutral,neutral,DOWN,neutral,neutral,neutral,,,,93.02,H,-0.1216,2.3812,-7.7313,loss_of_function,-2.76235191347237,0.0452448549508364,Benign,0.4864,ambiguous,https://doi.org/10.1101/2022.10.22.513328
S228G,0.7764,0.94524,1.211813973869803,Neutral,Neutral,42.6,,7.9620370075e-06,0.043,cBioPortal,,True,42.6,,,,uncertain,,,DOWN,neutral,neutral,neutral,,,,91.86,H,0.0435,3.6078,-22.002,gain_of_function,-1.73171577230017,0.0438195003358037,Benign,0.0626,benign,https://doi.org/10.1101/2022.10.22.513328
L230F,1.33218,1.91361,2.3039785718195818,Neutral,Uncertain,0.7,,,0.313,"cBioPortal,COSMIC",,True,0.7,,,,neutral,neutral,neutral,UP,neutral,neutral,neutral,,,,93.9,H,-0.1295,1.4108,-3.8767,loss_of_function,-3.84750836190404,0.2351632211845475,Benign,0.329,benign,https://doi.org/10.1101/2022.10.22.513328
L230V,2.55099,1.4017,1.877999668481588,Uncertain,Uncertain,0.7,,,,mutations_clinvar,,True,0.7,,,,neutral,neutral,neutral,DOWN,neutral,neutral,neutral,1407286,Uncertain significance,1,93.9,H,-0.1108,1.4108,-4.7347,loss_of_function,-0.89425756693866,0.4112844039561052,Uncertain,0.1531,benign,https://doi.org/10.1101/2022.10.22.513328
I233V,1.94039,1.55612,1.828800197856022,Neutral,Neutral,0.1,,,,mutations_clinvar,,False,0.1,,,,neutral,neutral,neutral,DOWN,neutral,neutral,neutral,1512384,Uncertain significance,2,95.16,H,-0.0463,1.4076,-3.4695,loss_of_function,-0.372410391567484,0.0139153291937875,Benign,0.086,benign,https://doi.org/10.1101/2022.10.22.513328
I234T,2.27757,2.21837,2.610849856525527,Uncertain,Uncertain,5.6,,,,mutations_clinvar,,False,5.6,,,,neutral,neutral,neutral,DOWN,neutral,neutral,neutral,885637,Uncertain significance,1,92.98,H,-0.0316,2.8206,-4.1077,loss_of_function,-0.532789461918007,0.0158312637579023,Benign,0.1031,benign,https://doi.org/10.1101/2022.10.22.513328
A235G,0.87721,0.91803,0.8834305827323641,Neutral,Neutral,81.4,,,0.049,cBioPortal,,False,81.4,,,,neutral,neutral,neutral,DOWN,neutral,neutral,neutral,,,,90.6,H,0.0953,3.6278,-3.5036,gain_of_function,-0.944141971897976,0.0139113201214327,Benign,0.098,benign,https://doi.org/10.1101/2022.10.22.513328
F236A,3.52977,3.3915,4.516365515803011,Destabilizing,Destabilizing,22.7,,,,mutations_clinvar,,False,22.7,,,,neutral,neutral,neutral,DOWN,neutral,neutral,neutral,1349588,Uncertain significance,1,93.64,H,-0.2348,1.5834,-8.7514,loss_of_function,-5.1401835208651,0.7972859436484259,Pathogenic,0.7605,pathogenic,https://doi.org/10.1101/2022.10.22.513328
F236L,1.88853,2.02483,2.923085762604997,Uncertain,Uncertain,22.7,,,,mutations_clinvar,,False,22.7,,,,neutral,neutral,neutral,DOWN,neutral,neutral,neutral,1021342,Uncertain significance,1,93.64,H,-0.12,1.5834,-4.6641,loss_of_function,-4.39039752469194,0.5067228588582782,Uncertain,0.9039,pathogenic,https://doi.org/10.1101/2022.10.22.513328
S238G,0.94387,1.55748,0.8492229522053357,Neutral,Neutral,30.0,6.368615463e-05,0.0001393245545595,0.026,"COSMIC,mutations_clinvar",,False,30.0,,,,uncertain,,,DOWN,neutral,neutral,neutral,1018446,Uncertain significance,2,89.86,H,0.1033,3.1972,-2.8792,gain_of_function,-1.67835868135492,0.0966121641863242,Benign,0.0748,benign,https://doi.org/10.1101/2022.10.22.513328
S238N,1.10546,1.3,0.0666763168842854,Neutral,Neutral,30.0,,,,mutations_clinvar,,False,30.0,,,,uncertain,,,UP,neutral,neutral,stabilizing,1450985,Uncertain significance,2,89.86,H,0.0957,3.1972,-1.8039,gain_of_function,0.0471621153224253,1.3340415442702205e-05,Benign,0.0729,benign,https://doi.org/10.1101/2022.10.22.513328
A239V,0.54777,-0.1415,-0.1304185146859743,Neutral,Neutral,79.3,,,,mutations_clinvar,,False,79.3,,,,neutral,neutral,neutral,UP,neutral,neutral,stabilizing,1439567,Uncertain significance,2,88.73,H,0.0846,3.3603,-5.8473,gain_of_function,-1.24591110748882,0.0005963056869041,Benign,0.0776,benign,https://doi.org/10.1101/2022.10.22.513328
E246K,-0.32993,0.03605,0.269212319830685,Neutral,Neutral,70.4,,,0.093,cBioPortal,,False,70.4,,,,neutral,neutral,neutral,UP,neutral,neutral,stabilizing,,,,76.49,H,-0.0164,2.536,-4.0233,loss_of_function,-1.00315851925572,0.0082689067789378,Benign,0.0698,benign,https://doi.org/10.1101/2022.10.22.513328
E246Q,-0.01221,0.27007,0.2872153381779058,Neutral,Neutral,70.4,,,0.146,"cBioPortal,COSMIC",,False,70.4,,,,neutral,neutral,neutral,UP,neutral,neutral,stabilizing,,,,76.49,H,0.027,2.536,-5.225,gain_of_function,-1.29978193684312,0.023648877808157,Benign,0.1021,benign,https://doi.org/10.1101/2022.10.22.513328
Q248H,-0.24593,2.1949,-0.2480461333955835,Uncertain,Neutral,68.9,,3.9883858205e-06,0.102,COSMIC,,False,68.9,,,,neutral,neutral,neutral,UP,neutral,neutral,stabilizing,,,,64.09,H,0.0489,2.8994,-5.9619,gain_of_function,-1.00352383443656,0.0953543309813314,Benign,0.1122,benign,https://doi.org/10.1101/2022.10.22.513328
S249N,0.33538,-0.2017,-0.1974039822122414,Neutral,Neutral,83.3,,,,mutations_clinvar,,False,83.3,,,,uncertain,,,UP,neutral,neutral,stabilizing,952625,Uncertain significance,1,56.37,H,0.0843,3.1855,-3.815,gain_of_function,-0.260469424844317,0.0009647223109031,Benign,0.0723,benign,https://doi.org/10.1101/2022.10.22.513328
G250V,-0.34652,1.00748,-0.8215942778378127,Neutral,Neutral,101.7,,,0.083,"cBioPortal,COSMIC",,False,101.7,,,,neutral,neutral,neutral,UP,neutral,neutral,stabilizing,,,,47.47,S,-0.0992,3.1473,-6.2479,loss_of_function,-0.407074942570495,0.0026330470125964,Benign,0.0994,benign,https://doi.org/10.1101/2022.10.22.513328
E252D,0.73555,0.35374,0.1338265254190179,Neutral,Neutral,112.1,,,0.062,cBioPortal,,True,112.1,,,,neutral,neutral,neutral,DOWN,neutral,neutral,neutral,,,,47.68,T,0.0633,2.7296,-2.9373,gain_of_function,-0.295599135508429,0.0031651267519854,Benign,0.1013,benign,https://doi.org/10.1101/2022.10.22.513328
E252K,-0.13584,-0.16088,0.2479599654358183,Neutral,Neutral,112.1,,6.78556032762e-05,0.071,"COSMIC,mutations_clinvar",,True,112.1,,,,neutral,neutral,neutral,UP,neutral,neutral,stabilizing,1436945,Uncertain significance,1,47.68,T,0.0007,2.7296,-4.1699,gain_of_function,-0.80987280997646,0.0374414613529781,Benign,0.0872,benign,https://doi.org/10.1101/2022.10.22.513328
E252Q,0.12222,0.02959,0.5207680039055773,Neutral,Neutral,112.1,,,,mutations_clinvar,,True,112.1,,,,neutral,neutral,neutral,UP,neutral,neutral,stabilizing,2169243,Uncertain significance,1,47.68,T,0.0425,2.7296,-5.6845,gain_of_function,-0.520488994152767,0.0130054606821533,Benign,0.1198,benign,https://doi.org/10.1101/2022.10.22.513328
L253Q,-0.17743,-0.0983,0.5018596980292289,Neutral,Neutral,92.1,,,0.091,COSMIC,,True,92.1,,,,neutral,neutral,neutral,DOWN,neutral,neutral,neutral,,,,44.48,T,-0.1587,3.0315,-21.7223,loss_of_function,-1.86428045306674,0.0511887625477456,Benign,0.139,benign,https://doi.org/10.1101/2022.10.22.513328
D255E,0.05085,0.01429,-0.0578067033014656,Neutral,Neutral,107.5,,,0.063,"COSMIC,mutations_clinvar",,True,107.5,,,,neutral,neutral,neutral,UP,neutral,neutral,stabilizing,1928321,Uncertain significance,1,43.71,-,0.0022,2.1032,-2.1898,gain_of_function,-0.233617852914292,5.819827964000708e-06,Benign,0.1462,benign,https://doi.org/10.1101/2022.10.22.513328
V256G,-0.11641,-0.4483,0.8749749756746724,Neutral,Neutral,92.7,,,0.13,cBioPortal,,True,92.7,,,,neutral,neutral,neutral,DOWN,neutral,neutral,destabilizing,,,,42.33,S,-0.1402,2.7852,-6.5117,loss_of_function,-2.29318597643349,0.0795458460199495,Benign,0.1263,benign,https://doi.org/10.1101/2022.10.22.513328
T258A,0.70872,0.41122,0.4840885441094028,Neutral,Neutral,57.9,,,,mutations_clinvar,,True,57.9,,,,uncertain,,,DOWN,neutral,neutral,destabilizing,1450524,Uncertain significance,1,47.8,-,0.0053,2.607,-4.9464,gain_of_function,-0.364702950479902,0.0120800107486756,Benign,0.0812,benign,https://doi.org/10.1101/2022.10.22.513328
V259M,-0.85912,1.19796,0.87297643946704,Neutral,Neutral,54.5,,,,mutations_clinvar,,True,54.5,,,,neutral,neutral,neutral,UP,neutral,neutral,neutral,998243,Uncertain significance,1,52.04,-,0.0044,2.9914,-4.6439,gain_of_function,-0.243460514704488,0.0063940585292683,Benign,0.0845,benign,https://doi.org/10.1101/2022.10.22.513328
P260L,0.45561,0.78639,-0.6723155321884927,Neutral,Neutral,77.2,,,,FANCI_icope_sentieon_input,,True,77.2,,,,neutral,neutral,neutral,UP,neutral,neutral,stabilizing,,,,63.03,-,-0.0852,2.3126,-6.8621,loss_of_function,-2.05018049493493,0.7318542325399011,Pathogenic,0.1816,benign,https://doi.org/10.1101/2022.10.22.513328
P260S,1.21565,0.56156,-0.3899412504618682,Neutral,Neutral,77.2,,,0.095,cBioPortal,,True,77.2,,,,neutral,neutral,neutral,DOWN,neutral,neutral,neutral,,,,63.03,-,-0.0142,2.3126,-2.5644,loss_of_function,-0.900567215186884,0.0459901230411049,Benign,0.1161,benign,https://doi.org/10.1101/2022.10.22.513328
E263K,-0.30105,0.5381,0.4757848748790882,Neutral,Neutral,42.2,,,0.12,"cBioPortal,COSMIC",,False,42.2,,,,neutral,neutral,neutral,UP,neutral,neutral,stabilizing,,,,87.31,H,-0.0668,2.1537,-7.0149,loss_of_function,-4.01831562120499,0.0150160989281493,Benign,0.3052,benign,https://doi.org/10.1101/2022.10.22.513328
L264H,2.83149,2.93265,1.8851490610994783,Uncertain,Uncertain,4.9,,,,mutations_clinvar,,False,4.9,,,,neutral,neutral,neutral,DOWN,neutral,neutral,neutral,2163022,Uncertain significance,1,90.29,H,-0.3055,1.6829,-21.9388,loss_of_function,-4.76161543854699,0.9356561906315513,Pathogenic,0.6871,pathogenic,https://doi.org/10.1101/2022.10.22.513328
R265C,2.8404,1.24626,2.0171995795104505,Uncertain,Uncertain,3.6,,7.15825306811e-05,0.131,"COSMIC,mutations_clinvar",,False,3.6,,,,neutral,neutral,neutral,DOWN,neutral,neutral,neutral,526324,Uncertain significance,1,92.31,H,-0.166,1.9103,-7.1497,loss_of_function,-1.85210051711949,0.0862317801176791,Benign,0.1042,benign,https://doi.org/10.1101/2022.10.22.513328
R265H,1.97552,1.35884,1.3434158007944887,Neutral,Neutral,3.6,,,,mutations_clinvar,,False,3.6,,,,neutral,neutral,neutral,DOWN,neutral,neutral,neutral,1039818,Uncertain significance,1,92.31,H,-0.1206,1.9103,-5.9273,loss_of_function,-1.45848920946185,0.0224982831535612,Benign,0.0918,benign,https://doi.org/10.1101/2022.10.22.513328
H266Y,-0.41716,0.00918,-0.1248573926202833,Neutral,Neutral,66.7,3.18552497452e-05,,0.315,COSMIC,,False,66.7,,,,neutral,neutral,neutral,UP,neutral,neutral,neutral,,,,91.52,H,0.0176,2.2535,-6.7448,gain_of_function,-0.894591694265011,0.3265590780196201,Uncertain,0.2006,benign,https://doi.org/10.1101/2022.10.22.513328
V267A,1.83283,2.44898,2.7782900348221795,Uncertain,Uncertain,1.5,,,,mutations_clinvar,,False,1.5,,,,neutral,neutral,neutral,DOWN,neutral,neutral,neutral,838518,Uncertain significance,2,93.54,H,-0.0894,1.7965,-3.3626,loss_of_function,-1.61880157791349,0.2091394672282629,Benign,0.4955,ambiguous,https://doi.org/10.1101/2022.10.22.513328
G269S,1.71122,0.76803,0.2710951123441113,Neutral,Neutral,11.3,,,,mutations_clinvar,,True,11.3,,,,neutral,neutral,neutral,UP,neutral,neutral,neutral,2143930,Uncertain significance,1,94.27,H,-0.1796,1.2007,-2.7549,loss_of_function,-3.82235932082305,0.4796603927630795,Uncertain,0.7054,pathogenic,https://doi.org/10.1101/2022.10.22.513328
G269V,5.37466,2.45714,-0.0998435648851731,Uncertain,Uncertain,11.3,,,0.608,"cBioPortal,COSMIC",,True,11.3,,,,neutral,neutral,neutral,UP,neutral,neutral,neutral,,,,94.27,H,-0.359,1.2007,-22.0426,loss_of_function,-5.81399355405013,0.943272900073016,Pathogenic,0.9647,pathogenic,https://doi.org/10.1101/2022.10.22.513328
I271F,10.26437,4.74388,4.0343450386560304,Destabilizing,Destabilizing,0.0,,,0.282,"cBioPortal,COSMIC",,True,0.0,,,,neutral,neutral,neutral,UP,neutral,neutral,neutral,,,,96.19,H,-0.2465,1.5187,-22.0426,loss_of_function,-4.33915134896959,0.7988391360288492,Pathogenic,0.7672,pathogenic,https://doi.org/10.1101/2022.10.22.513328
I271V,1.40344,0.01259,1.873283449592941,Neutral,Neutral,0.0,,,,mutations_clinvar,,True,0.0,,,,neutral,neutral,neutral,DOWN,neutral,neutral,neutral,936577,Uncertain significance,2,96.19,H,-0.0218,1.5187,-0.6621,loss_of_function,-0.232542685366456,0.0002584254531936,Benign,0.0486,benign,https://doi.org/10.1101/2022.10.22.513328
I272V,1.11217,1.07245,1.8059935523692443,Neutral,Neutral,0.0,,7.9533614882e-06,0.085,"cBioPortal,COSMIC",,True,0.0,,,,neutral,neutral,neutral,DOWN,neutral,neutral,neutral,,,,96.44,H,-0.0593,1.3758,-5.433,loss_of_function,-0.995782450216989,0.6334301566425676,Uncertain,0.2472,benign,https://doi.org/10.1101/2022.10.22.513328
I275N,3.47724,3.71531,3.4540731914034195,Destabilizing,Destabilizing,0.1,,,0.309,cBioPortal,,False,0.1,,,,neutral,neutral,neutral,DOWN,neutral,neutral,neutral,,,,96.49,H,-0.3037,1.7254,-22.0459,loss_of_function,-4.36911126543608,0.898690526694226,Pathogenic,0.6522,pathogenic,https://doi.org/10.1101/2022.10.22.513328
I275T,3.65643,3.05,3.0218774284283128,Destabilizing,Destabilizing,0.1,0.0007007708479327,0.0005527498309938,0.22,"cBioPortal,FANCI_icope_sentieon_input,mutations_clinvar",,False,0.1,,,,neutral,neutral,neutral,DOWN,neutral,neutral,neutral,449021,Uncertain significance,2,96.49,H,-0.1385,1.7254,-5.2988,loss_of_function,-1.17631083600296,0.1687567662274997,Benign,0.0977,benign,https://doi.org/10.1101/2022.10.22.513328
I279V,1.62024,1.05884,1.6280722970331063,Neutral,Neutral,0.0,,,,mutations_clinvar,,False,0.0,,,,neutral,neutral,neutral,DOWN,neutral,neutral,neutral,1000237,Uncertain significance,1,95.73,H,0.0404,2.2609,-1.8534,gain_of_function,-0.235136632308681,0.0071661760375738,Benign,0.0726,benign,https://doi.org/10.1101/2022.10.22.513328
K280E,1.12783,0.28503,0.6110258303615054,Neutral,Neutral,59.1,,,,mutations_clinvar,,False,59.1,,,,neutral,neutral,neutral,DOWN,neutral,neutral,neutral,1897218,Uncertain significance,1,93.52,H,-0.0479,2.3306,-5.5749,loss_of_function,-2.59719752034607,0.468266663769556,Uncertain,0.3343,benign,https://doi.org/10.1101/2022.10.22.513328
K280Q,0.65229,-0.03946,0.430332368717462,Neutral,Neutral,59.1,,,,mutations_clinvar,,False,59.1,,,,neutral,neutral,neutral,DOWN,neutral,neutral,neutral,1504943,Uncertain significance,1,93.52,H,-0.0127,2.3306,-3.7004,loss_of_function,-0.570015133901319,0.0715819033858337,Benign,0.1406,benign,https://doi.org/10.1101/2022.10.22.513328
K280R,0.43303,0.09864,-0.332679287136019,Neutral,Neutral,59.1,,,,mutations_clinvar,,False,59.1,,,,neutral,neutral,neutral,-,uncertain,uncertain,uncertain,952003,Uncertain significance,1,93.52,H,0.0612,2.3306,-2.0724,gain_of_function,-0.826592598197875,0.0145916593647332,Benign,0.0961,benign,https://doi.org/10.1101/2022.10.22.513328
E284K,0.32822,0.32891,0.3358562982394247,Neutral,Neutral,56.0,9.55657492355e-05,2.78354368971e-05,0.195,"cBioPortal,COSMIC,mutations_clinvar",,False,56.0,,,,neutral,neutral,neutral,UP,neutral,neutral,neutral,998244,Uncertain significance,2,92.37,H,-0.0332,2.3839,-4.5816,loss_of_function,-3.24916637030778,0.1014349709081338,Benign,0.2629,benign,https://doi.org/10.1101/2022.10.22.513328
L289P,8.87664,13.06769,8.879076987609173,Destabilizing,Destabilizing,0.0,,,,mutations_clinvar,,False,0.0,,,,neutral,neutral,neutral,DOWN,neutral,neutral,neutral,929721,Uncertain significance,1,93.7,H,-0.2946,2.2508,-22.0122,loss_of_function,-4.51489369653669,0.925062397967784,Pathogenic,0.9849,pathogenic,https://doi.org/10.1101/2022.10.22.513328
V290M,-1.56573,0.47075,1.0557408940125272,Neutral,Neutral,11.9,0.0154488118748805,0.003873441079155,0.017,"COSMIC,FANCI_icope_sentieon_input,mutations_clinvar",,False,11.9,,,,neutral,neutral,neutral,UP,neutral,neutral,neutral,317267,Benign,2,91.65,H,-0.0857,1.9646,-3.7703,loss_of_function,-0.426084660540987,0.0809539004081354,Benign,0.1143,benign,https://doi.org/10.1101/2022.10.22.513328
H292N,0.22739,1.22857,1.4694010943033071,Neutral,Neutral,22.2,,,0.039,"cBioPortal,COSMIC",,False,22.2,,,,neutral,neutral,neutral,DOWN,neutral,neutral,neutral,,,,85.71,H,0.0902,3.3259,-5.0138,gain_of_function,-0.746338482818699,0.0039485384449678,Benign,0.1044,benign,https://doi.org/10.1101/2022.10.22.513328
H292R,0.32668,0.31939,0.9097143856880172,Neutral,Neutral,22.2,,,,mutations_clinvar,,False,22.2,,,,neutral,neutral,neutral,UP,neutral,neutral,neutral,1415906,Uncertain significance,2,85.71,H,0.0467,3.3259,-7.7142,gain_of_function,-1.13292401417318,0.3396371109400541,Uncertain,0.1053,benign,https://doi.org/10.1101/2022.10.22.513328
K294E,0.62517,0.59694,0.4220132156004813,Neutral,Neutral,72.1,,,,cBioPortal,,False,72.1,,,,neutral,neutral,neutral,DOWN,neutral,neutral,neutral,,,,82.82,H,-0.267,0.8602,-21.9916,loss_of_function,-5.95279702537573,0.5070099789856516,Uncertain,0.8614,pathogenic,https://doi.org/10.1101/2022.10.22.513328
V295A,-0.35473,-0.11701,0.944525381041717,Neutral,Neutral,72.1,,,0.129,"cBioPortal,COSMIC",,False,72.1,,,,neutral,neutral,neutral,DOWN,neutral,neutral,neutral,,,,73.66,H,0.029,3.0054,-1.9584,gain_of_function,0.101085634156913,2.440976709539321e-06,Benign,0.0538,benign,https://doi.org/10.1101/2022.10.22.513328
G296E,7.0461,3.9619,0.6406096882761553,Destabilizing,Uncertain,16.6,,,0.124,COSMIC,,False,16.6,,,,neutral,neutral,neutral,UP,neutral,neutral,neutral,,,,64.74,H,-0.0466,3.3222,-4.4136,loss_of_function,-0.360800964601628,0.003826084143487,Benign,0.1282,benign,https://doi.org/10.1101/2022.10.22.513328
G299E,6.20301,4.2585,1.7367566036265782,Destabilizing,Uncertain,6.0,,,,mutations_clinvar,,False,6.0,,,,neutral,neutral,neutral,UP,neutral,neutral,neutral,1025935,Uncertain significance,1,60.37,S,-0.0873,3.0966,-8.3308,loss_of_function,-2.06581961325576,0.5536663083760123,Uncertain,0.1393,benign,https://doi.org/10.1101/2022.10.22.513328
D300N,-0.06639,1.52721,1.0445899891206225,Neutral,Neutral,21.0,,,0.188,"cBioPortal,COSMIC",,False,21.0,,,,neutral,neutral,neutral,-,uncertain,uncertain,uncertain,,,,56.23,-,0.0502,2.9929,-4.5685,gain_of_function,-0.599477117262226,0.1731406623265973,Benign,0.0768,benign,https://doi.org/10.1101/2022.10.22.513328
D300Y,1.61456,1.8551,0.8488445309402856,Neutral,Neutral,21.0,,,,mutations_clinvar,,False,21.0,,,,neutral,neutral,neutral,UP,neutral,neutral,neutral,1416891,Uncertain significance,2,56.23,-,-0.0458,2.9929,-8.0278,loss_of_function,-1.19937358277388,0.5494795047316615,Uncertain,0.0955,benign,https://doi.org/10.1101/2022.10.22.513328
N302S,0.27134,0.74048,0.5263023890863072,Neutral,Neutral,19.9,,4.78053366691e-05,0.054,"cBioPortal,COSMIC,mutations_clinvar",,False,19.9,,,,neutral,neutral,neutral,DOWN,neutral,neutral,neutral,238331,Uncertain significance,2,54.14,H,0.1172,3.4062,-2.1252,gain_of_function,0.0318044930301484,1.146972903915462e-06,Benign,0.0514,benign,https://doi.org/10.1101/2022.10.22.513328
N304K,-2.02872,1.57211,0.4478163004167901,Uncertain,Uncertain,28.8,,,0.048,cBioPortal,,True,28.8,,,,neutral,neutral,neutral,UP,neutral,neutral,neutral,,,,68.85,H,0.0642,3.5389,-8.3965,gain_of_function,-1.52930718754076,0.1172399452593178,Benign,0.1202,benign,https://doi.org/10.1101/2022.10.22.513328
N304S,0.14845,0.92483,0.817918599969383,Neutral,Neutral,28.8,,,,mutations_clinvar,,True,28.8,,,,neutral,neutral,neutral,DOWN,neutral,neutral,neutral,848286,Uncertain significance,1,68.85,H,0.1158,3.5389,-4.8116,gain_of_function,-0.143389415290472,4.683927769945368e-05,Benign,0.0605,benign,https://doi.org/10.1101/2022.10.22.513328
N304T,-0.21539,-0.32653,0.2656130899243147,Neutral,Neutral,28.8,,,0.045,"cBioPortal,COSMIC",,True,28.8,,,,neutral,neutral,neutral,-,uncertain,uncertain,uncertain,,,,68.85,H,0.0611,3.5389,-5.8116,gain_of_function,-0.212220511124079,5.679320364002001e-05,Benign,0.0683,benign,https://doi.org/10.1101/2022.10.22.513328
S306R,2.20401,1.08776,0.6233030391525665,Uncertain,Uncertain,13.2,,,,mutations_clinvar,,True,13.2,,,,uncertain,,,UP,neutral,neutral,neutral,1450743,Uncertain significance,1,88.95,-,-0.0378,2.8509,-7.7004,loss_of_function,-3.26699814819345,0.1052270021164798,Benign,0.4222,ambiguous,https://doi.org/10.1101/2022.10.22.513328
P307S,3.04614,1.77585,0.7894544876663062,Uncertain,Uncertain,6.8,,7.17325809383e-05,0.466,"cBioPortal,COSMIC,mutations_clinvar",,True,6.8,,,,neutral,neutral,neutral,DOWN,neutral,neutral,neutral,575021,Uncertain significance,2,91.69,H,-0.0969,1.5272,-4.6164,loss_of_function,-1.34613709507931,0.0075099965224847,Benign,0.1508,benign,https://doi.org/10.1101/2022.10.22.513328
P307V,1.58622,-0.11769,-0.8235067413694586,Neutral,Neutral,6.8,,,,mutations_clinvar,,True,6.8,,,,neutral,neutral,neutral,UP,neutral,neutral,neutral,1008088,Uncertain significance,1,91.69,H,-0.1125,1.5272,-7.7038,loss_of_function,-4.63270230601719,0.5694058032312476,Uncertain,0.3123,benign,https://doi.org/10.1101/2022.10.22.513328
S309G,1.52611,1.31973,0.8105186405233741,Neutral,Neutral,0.0,,,,mutations_clinvar,,True,0.0,,,,uncertain,,,DOWN,neutral,neutral,neutral,1520179,Uncertain significance,1,93.19,H,0.0536,2.8703,-6.7347,gain_of_function,-1.76489644698337,0.1732746585070926,Benign,0.0826,benign,https://doi.org/10.1101/2022.10.22.513328
L312P,9.0821,12.09762,8.338868023046127,Destabilizing,Destabilizing,0.0,,,0.803,"cBioPortal,COSMIC",,True,0.0,,,,neutral,neutral,neutral,DOWN,neutral,neutral,neutral,,,,96.16,H,-0.3237,1.9359,-22.0258,loss_of_function,-5.17193106674388,0.8965753145652733,Pathogenic,0.978,pathogenic,https://doi.org/10.1101/2022.10.22.513328
L313F,0.97059,5.17619,1.6295601497801038,Uncertain,Neutral,0.0,,,0.557,"cBioPortal,COSMIC",,True,0.0,,,,neutral,neutral,neutral,UP,neutral,neutral,neutral,,,,95.48,H,-0.1472,1.3584,-6.4161,loss_of_function,-1.12436290645233,0.4906592770697243,Uncertain,0.2151,benign,https://doi.org/10.1101/2022.10.22.513328
T317R,6.08231,4.59762,1.4953103977780997,Destabilizing,Uncertain,0.0,,,,mutations_clinvar,,True,0.0,,,,uncertain,,,UP,neutral,neutral,neutral,1522952,Uncertain significance,1,95.55,T,-0.1871,1.6601,-8.7346,loss_of_function,-3.91966591433117,0.026779143039904,Benign,0.4864,ambiguous,https://doi.org/10.1101/2022.10.22.513328
T317S,1.33262,1.02551,1.808041198789787,Neutral,Neutral,0.0,,,0.037,"cBioPortal,COSMIC",,True,0.0,,,,neutral,,,DOWN,neutral,neutral,neutral,,,,95.55,T,-0.032,1.6601,-2.2918,loss_of_function,-0.325678909711757,2.6125935027953364e-05,Benign,0.1177,benign,https://doi.org/10.1101/2022.10.22.513328
R318I,-0.0666,0.1915,0.1502450679053096,Neutral,Neutral,41.3,,,,mutations_clinvar,,False,41.3,,,,neutral,neutral,neutral,DOWN,neutral,neutral,neutral,2135212,Uncertain significance,1,92.65,T,-0.1683,2.1406,-7.7313,loss_of_function,-0.980248931147824,0.8409409505160987,Pathogenic,0.667,pathogenic,https://doi.org/10.1101/2022.10.22.513328
I319T,3.13334,3.0602,2.278567437670288,Destabilizing,Uncertain,18.2,,,,mutations_clinvar,,False,18.2,,,,neutral,neutral,neutral,DOWN,neutral,neutral,neutral,640052,Uncertain significance,1,94.25,S,-0.1657,1.4915,-6.4094,loss_of_function,-4.06730370096725,0.6309409767926311,Uncertain,0.7099,pathogenic,https://doi.org/10.1101/2022.10.22.513328
I319V,1.91539,1.10068,0.9351168848427244,Neutral,Neutral,18.2,,,,mutations_clinvar,,False,18.2,,,,neutral,neutral,neutral,DOWN,neutral,neutral,neutral,1439025,Uncertain significance,1,94.25,S,-0.0335,1.4915,-2.4645,loss_of_function,-0.298790064608914,0.0265907072111561,Benign,0.1522,benign,https://doi.org/10.1101/2022.10.22.513328
R321I,1.06211,-0.88333,-0.3959640583893786,Neutral,Neutral,81.6,,,0.722,cBioPortal,,False,81.6,,,,neutral,neutral,neutral,DOWN,neutral,neutral,destabilizing,,,,91.84,H,-0.2299,1.3913,-6.2891,loss_of_function,-3.16412997467093,0.3023858346411886,Benign,0.5105,ambiguous,https://doi.org/10.1101/2022.10.22.513328
R321K,0.57304,-0.27891,0.1165672718206922,Neutral,Neutral,81.6,,,0.269,"cBioPortal,COSMIC",,False,81.6,,,,neutral,neutral,neutral,-,uncertain,uncertain,uncertain,,,,91.84,H,-0.0809,1.3913,-4.3631,loss_of_function,-0.809961940121284,0.097905102319412,Benign,0.2177,benign,https://doi.org/10.1101/2022.10.22.513328
D324N,0.04784,0.07075,-0.027230718250733,Neutral,Neutral,105.6,,,0.12,cBioPortal,,False,105.6,,,,neutral,neutral,neutral,-,uncertain,uncertain,uncertain,,,,93.94,H,-0.0678,1.7366,-5.0343,loss_of_function,-2.09565399967436,0.212362772129283,Benign,0.1174,benign,https://doi.org/10.1101/2022.10.22.513328
D324Y,-0.0163,-0.57483,-0.2511463016340703,Neutral,Neutral,105.6,,,,mutations_clinvar,,False,105.6,,,,neutral,neutral,neutral,UP,neutral,neutral,neutral,1470502,Uncertain significance,1,93.94,H,-0.2328,1.7366,-22.0224,loss_of_function,-3.54418172199603,0.6354209113828941,Uncertain,0.1948,benign,https://doi.org/10.1101/2022.10.22.513328
Q325H,0.48673,0.67211,-0.1719230744327726,Neutral,Neutral,63.8,,,0.444,cBioPortal,,False,63.8,,,,neutral,neutral,neutral,UP,neutral,neutral,neutral,,,,93.85,H,-0.0294,2.2018,-8.7278,loss_of_function,-5.59067282002335,0.8271986465913808,Pathogenic,0.3145,benign,https://doi.org/10.1101/2022.10.22.513328
D328H,0.15102,0.62347,-0.4950644156923434,Neutral,Neutral,82.1,,,0.402,"cBioPortal,COSMIC",,False,82.1,,,,neutral,neutral,neutral,UP,neutral,neutral,neutral,,,,93.38,H,-0.1744,1.9836,-22.0292,loss_of_function,-4.75397405718761,0.8870675253613347,Pathogenic,0.5281,ambiguous,https://doi.org/10.1101/2022.10.22.513328
K331N,1.62554,0.92041,0.8968417624551495,Neutral,Neutral,39.3,,,0.362,"cBioPortal,COSMIC",,True,39.3,,,,neutral,neutral,neutral,DOWN,neutral,neutral,neutral,,,,93.61,H,-0.2495,0.9802,-22.0393,loss_of_function,-5.34815163682149,0.9548939008171584,Pathogenic,0.9039,pathogenic,https://doi.org/10.1101/2022.10.22.513328
K331T,1.33076,0.10306,0.6430531265511374,Neutral,Neutral,39.3,,,0.518,cBioPortal,,True,39.3,,,,neutral,neutral,neutral,DOWN,neutral,neutral,neutral,,,,93.61,H,-0.2533,0.9802,-22.0393,loss_of_function,-5.7041459628415,0.9508998757250704,Pathogenic,0.6768,pathogenic,https://doi.org/10.1101/2022.10.22.513328
T332P,2.58248,8.53061,7.522563599454781,Uncertain,Uncertain,63.4,,,,mutations_clinvar,,True,63.4,,,,uncertain,,,-,uncertain,uncertain,uncertain,1372898,Uncertain significance,1,90.92,H,-0.1297,3.0072,-6.4296,loss_of_function,-2.32032867201157,0.3312919073589791,Uncertain,0.237,benign,https://doi.org/10.1101/2022.10.22.513328
S333L,-2.10123,2.18163,-1.1386614038995158,Uncertain,Uncertain,2.4,3.18918229366e-05,1.97088995536e-05,0.067,"cBioPortal,COSMIC,mutations_clinvar",,True,2.4,,,,uncertain,,,UP,neutral,neutral,neutral,1434688,Uncertain significance,2,90.1,H,-0.0315,2.5326,-3.9408,loss_of_function,-0.501417222922992,0.0069881479940416,Benign,0.064,benign,https://doi.org/10.1101/2022.10.22.513328
V334F,2.85931,5.84286,3.1081241794240704,Uncertain,Uncertain,0.7,,,,mutations_clinvar,,True,0.7,,,,neutral,neutral,neutral,UP,neutral,neutral,neutral,1338092,Uncertain significance,1,91.7,H,-0.1985,1.6601,-7.1665,loss_of_function,-3.75102366278807,0.1252147007018298,Benign,0.334,benign,https://doi.org/10.1101/2022.10.22.513328
V335I,-0.41205,-0.32517,-0.1002985739446377,Neutral,Neutral,19.8,,,,mutations_clinvar,,True,19.8,,,,neutral,neutral,neutral,UP,neutral,neutral,neutral,1430679,Uncertain significance,1,90.05,H,0.0992,3.0707,-2.0203,gain_of_function,-0.110840275033811,0.0001111785488214,Benign,0.0682,benign,https://doi.org/10.1101/2022.10.22.513328
Q342H,0.26162,0.35,-0.1381583644302464,Neutral,Neutral,53.8,,,0.238,cBioPortal,,False,53.8,,,,neutral,neutral,neutral,UP,neutral,neutral,neutral,,,,86.09,H,0.0338,2.691,-5.1632,gain_of_function,-1.40651951701223,0.1175950365577899,Benign,0.1627,benign,https://doi.org/10.1101/2022.10.22.513328
G346D,0.91318,-1.28673,0.1930496469559417,Neutral,Neutral,97.9,,,0.063,cBioPortal,,False,97.9,,,,neutral,neutral,neutral,UP,neutral,neutral,neutral,,,,85.0,H,-0.066,3.0478,-3.1335,loss_of_function,-1.71281331404097,0.0512917677747545,Benign,0.164,benign,https://doi.org/10.1101/2022.10.22.513328
S347L,4.15069,0.44286,-0.0431505379839114,Uncertain,Uncertain,2.7,,,0.784,COSMIC,,False,2.7,,,,uncertain,,,UP,neutral,neutral,neutral,,,,90.0,-,-0.1693,1.3017,-8.7547,loss_of_function,-5.09775990071648,0.850006749088508,Pathogenic,0.4651,ambiguous,https://doi.org/10.1101/2022.10.22.513328
S347P,6.05512,2.72449,7.126665926490549,Uncertain,Destabilizing,2.7,,,,mutations_clinvar,,False,2.7,,,,uncertain,,,UP,neutral,neutral,neutral,1524566,Uncertain significance,1,90.0,-,-0.3132,1.3017,-22.0426,loss_of_function,-5.861852920948,0.9513087254004212,Pathogenic,0.9047,pathogenic,https://doi.org/10.1101/2022.10.22.513328
K348T,3.13226,0.16122,0.1231079272680535,Uncertain,Uncertain,41.3,,,0.311,cBioPortal,,False,41.3,,,,neutral,neutral,neutral,DOWN,neutral,neutral,neutral,,,,90.39,H,-0.0345,2.5105,-6.7549,loss_of_function,-2.74211930486104,0.3231521688569068,Uncertain,0.1645,benign,https://doi.org/10.1101/2022.10.22.513328
Q351E,1.57713,0.4881,0.6767352982372934,Neutral,Neutral,34.2,,,,mutations_clinvar,,False,34.2,,,,neutral,neutral,neutral,DOWN,neutral,neutral,neutral,2441349,Uncertain significance,1,88.61,H,0.0098,2.4292,-4.3525,gain_of_function,-2.79298710658746,0.5092090978711736,Uncertain,0.1128,benign,https://doi.org/10.1101/2022.10.22.513328
Q351H,1.48453,0.06497,0.2931087928180503,Neutral,Neutral,34.2,,,,mutations_clinvar,,False,34.2,,,,neutral,neutral,neutral,UP,neutral,neutral,neutral,1991485,Uncertain significance,1,88.61,H,-0.0035,2.4292,-7.7448,loss_of_function,-3.51610876011391,0.7298717967626448,Pathogenic,0.2897,benign,https://doi.org/10.1101/2022.10.22.513328
Q351L,-0.30312,-0.90612,-0.4227033410120473,Neutral,Neutral,34.2,,,,mutations_clinvar,,False,34.2,,,,neutral,neutral,neutral,UP,neutral,neutral,neutral,886652,Uncertain significance,2,88.61,H,-0.0184,2.4292,-7.1598,loss_of_function,-5.13330705264055,0.8161966731865475,Pathogenic,0.1992,benign,https://doi.org/10.1101/2022.10.22.513328
N352S,-0.37956,-0.45272,0.4555231121485503,Neutral,Neutral,71.9,,,,mutations_clinvar,,False,71.9,,,,neutral,neutral,neutral,DOWN,neutral,neutral,neutral,1474290,Uncertain significance,2,87.43,H,0.0419,2.711,-4.3525,gain_of_function,-0.697756976531271,0.0075600227427728,Benign,0.0844,benign,https://doi.org/10.1101/2022.10.22.513328
V354A,1.60556,2.10884,2.165558570558645,Uncertain,Uncertain,7.8,,,0.173,cBioPortal,,False,7.8,,,,neutral,neutral,neutral,DOWN,neutral,neutral,neutral,,,,82.3,S,-0.0153,2.7078,-5.2787,loss_of_function,-0.938626464688566,0.0913039687441339,Benign,0.1724,benign,https://doi.org/10.1101/2022.10.22.513328
P355R,0.21268,1.9051,-0.4163854785307053,Neutral,Neutral,74.9,,,,mutations_clinvar,,True,74.9,,,,neutral,neutral,neutral,UP,neutral,neutral,neutral,1721630,Uncertain significance,1,70.98,-,-0.1112,2.3067,-7.721,loss_of_function,-4.17968595467065,0.5476331171893002,Uncertain,0.1375,benign,https://doi.org/10.1101/2022.10.22.513328
P355S,0.71087,1.06293,-0.2415238541343706,Neutral,Neutral,74.9,,,0.132,cBioPortal,,True,74.9,,,,neutral,neutral,neutral,DOWN,neutral,neutral,neutral,,,,70.98,-,-0.0216,2.3067,-3.9137,loss_of_function,-1.04801731829927,0.0972240848552553,Benign,0.1012,benign,https://doi.org/10.1101/2022.10.22.513328
P355T,0.60095,1.10272,-0.113055911345703,Neutral,Neutral,74.9,,,0.127,COSMIC,,True,74.9,,,,neutral,neutral,neutral,-,uncertain,uncertain,uncertain,,,,70.98,-,-0.04,2.3067,-5.1361,loss_of_function,-0.958025680372447,0.1587260563426573,Benign,0.0933,benign,https://doi.org/10.1101/2022.10.22.513328
H356D,-0.63197,1.11837,0.0914481356750585,Neutral,Neutral,55.5,,,0.079,COSMIC,,True,55.5,,,,neutral,neutral,neutral,DOWN,neutral,neutral,mixed_effects,,,,63.11,-,0.1006,3.802,-3.6088,gain_of_function,-0.493025665959364,0.0021229182254105,Benign,0.0848,benign,https://doi.org/10.1101/2022.10.22.513328
R357I,1.18308,-0.50238,0.166839553644349,Neutral,Neutral,59.4,,,,mutations_clinvar,,True,59.4,,,,neutral,neutral,neutral,DOWN,neutral,neutral,mixed_effects,1058825,Uncertain significance,1,63.54,-,-0.0177,3.7451,-7.1531,loss_of_function,-1.4775063755271,0.0232745235032417,Benign,0.1224,benign,https://doi.org/10.1101/2022.10.22.513328
Y359N,-0.55604,2.53776,1.9285217292826773,Uncertain,Neutral,25.1,,,,mutations_clinvar,,True,25.1,,,,uncertain,,,DOWN,neutral,neutral,neutral,1038626,Uncertain significance,2,74.47,-,-0.0334,3.4369,-3.5036,loss_of_function,-0.438921804788406,1.6224600210726037e-06,Benign,0.0469,benign,https://doi.org/10.1101/2022.10.22.513328
S361L,-1.41869,1.20238,-0.990527918585722,Neutral,Neutral,20.9,,,0.136,"cBioPortal,COSMIC,mutations_clinvar",,True,20.9,,,,uncertain,,,UP,neutral,neutral,neutral,1475501,Uncertain significance,1,89.42,H,0.0145,3.0732,-4.6674,gain_of_function,-1.83030786891767,0.2908349532957971,Benign,0.1544,benign,https://doi.org/10.1101/2022.10.22.513328
T362A,-0.59902,0.49082,0.0724107377915345,Neutral,Neutral,67.3,,,0.051,"COSMIC,mutations_clinvar",,True,67.3,,,,uncertain,,,DOWN,neutral,neutral,neutral,1327078,Uncertain significance,2,89.11,H,0.0811,3.3371,-3.263,gain_of_function,-0.0264222087472095,0.0006640806514436,Benign,0.0587,benign,https://doi.org/10.1101/2022.10.22.513328
T362I,-0.52515,-0.00646,-0.3476966438360446,Neutral,Neutral,67.3,,,0.061,cBioPortal,,True,67.3,,,,uncertain,,,UP,neutral,neutral,stabilizing,,,,89.11,H,0.039,3.3371,-6.4329,gain_of_function,-1.74448125989866,0.0225854381524611,Benign,0.1363,benign,https://doi.org/10.1101/2022.10.22.513328
M363I,0.62663,1.74932,0.3950953898109627,Neutral,Neutral,10.1,,,0.091,"cBioPortal,COSMIC",,True,10.1,,,,neutral,neutral,neutral,-,uncertain,uncertain,uncertain,,,,91.39,H,0.0406,2.858,-3.2988,gain_of_function,-0.607855348608315,0.0021423970302562,Benign,0.4309,ambiguous,https://doi.org/10.1101/2022.10.22.513328
M363T,2.01266,2.58673,1.4133375067570015,Uncertain,Uncertain,10.1,,,,FANCI_icope_sentieon_input,,True,10.1,,,,neutral,neutral,neutral,DOWN,neutral,neutral,neutral,,,,91.39,H,-0.0241,2.858,-5.4363,loss_of_function,-1.15861051480253,0.023733526243833,Benign,0.1634,benign,https://doi.org/10.1101/2022.10.22.513328
I364T,3.04384,2.75374,3.333940719401282,Uncertain,Destabilizing,0.0,,,0.649,"cBioPortal,COSMIC",,True,0.0,,,,neutral,neutral,neutral,DOWN,neutral,neutral,neutral,,,,94.35,H,-0.1184,2.024,-6.7549,loss_of_function,-1.62285490021594,0.2305859134551646,Benign,0.7065,pathogenic,https://doi.org/10.1101/2022.10.22.513328
V368M,3.32451,2.85102,2.176635828641505,Uncertain,Uncertain,0.2,,,,mutations_clinvar,,False,0.2,,,,neutral,neutral,neutral,UP,neutral,neutral,stabilizing,408232,Uncertain significance,2,94.18,H,-0.1446,1.4577,-6.1732,loss_of_function,-3.05097607028119,0.7306915918466049,Pathogenic,0.5177,ambiguous,https://doi.org/10.1101/2022.10.22.513328
S371G,2.83934,2.48571,0.849214035854583,Uncertain,Uncertain,0.0,,0.000235254713069,0.505,"cBioPortal,mutations_clinvar",,False,0.0,,,,uncertain,,,DOWN,neutral,neutral,neutral,317269,Conflicting interpretations of pathogenicity,1,91.79,T,-0.1044,1.1362,-6.4329,loss_of_function,-5.62181457286647,0.6637218886651388,Uncertain,0.3311,benign,https://doi.org/10.1101/2022.10.22.513328
V372I,-0.4026,-0.09252,0.1379147245828116,Neutral,Neutral,64.5,0.0160489109667558,0.0039584974418956,0.195,"COSMIC,FANCI_icope_sentieon_input,mutations_clinvar",,False,64.5,,,,neutral,neutral,neutral,UP,neutral,neutral,stabilizing,317271,Benign,2,87.97,T,0.0753,2.9572,-4.6574,gain_of_function,-0.0454771190376416,0.4201185283256161,Uncertain,0.0873,benign,https://doi.org/10.1101/2022.10.22.513328
H373R,1.34571,1.41293,0.7772250644889785,Neutral,Neutral,39.0,,,,mutations_clinvar,,False,39.0,,,,neutral,neutral,neutral,UP,neutral,neutral,stabilizing,1959449,Uncertain significance,1,87.03,T,0.0528,3.2132,-4.5003,gain_of_function,-3.01953270727328,0.0659811458373653,Benign,0.1489,benign,https://doi.org/10.1101/2022.10.22.513328
S374C,0.61509,0.75136,0.622923544595744,Neutral,Neutral,72.2,,,0.34,COSMIC,,True,72.2,,,,uncertain,,,UP,neutral,neutral,neutral,,,,82.28,T,-0.0898,1.7853,-7.1665,loss_of_function,-0.389135212751557,0.0184216611445928,Benign,0.1171,benign,https://doi.org/10.1101/2022.10.22.513328
V378F,11.55647,8.91531,3.0714171812688527,Destabilizing,Destabilizing,0.0,,,,mutations_clinvar,,True,0.0,,,,neutral,neutral,neutral,UP,neutral,neutral,neutral,1406059,Uncertain significance,1,94.63,H,-0.242,1.2754,-8.7581,loss_of_function,-5.41637683014303,0.9113864745819812,Pathogenic,0.8139,pathogenic,https://doi.org/10.1101/2022.10.22.513328
T379A,1.22872,-0.13571,0.2016076717072307,Neutral,Neutral,2.9,,,0.402,"cBioPortal,COSMIC",,True,2.9,,,,uncertain,,,DOWN,neutral,neutral,neutral,,,,93.75,H,-0.0604,2.1039,-8.7547,loss_of_function,-2.12389592286182,0.6946981639205787,Pathogenic,0.1936,benign,https://doi.org/10.1101/2022.10.22.513328
Q380E,0.08313,0.21224,0.1688481965659477,Neutral,Neutral,52.9,,1.19326046489e-05,0.447,"COSMIC,mutations_clinvar",,True,52.9,,,,neutral,neutral,neutral,DOWN,neutral,neutral,neutral,1496343,Uncertain significance,1,94.26,H,-0.0339,1.9874,-4.9442,loss_of_function,-0.799347355179706,0.0733947973665758,Benign,0.0775,benign,https://doi.org/10.1101/2022.10.22.513328
G381S,9.02438,2.50918,1.1833886271314575,Uncertain,Uncertain,0.0,,,0.581,cBioPortal,,True,0.0,,,,neutral,neutral,neutral,UP,neutral,neutral,neutral,,,,96.11,H,-0.1861,1.0841,-1.9187,loss_of_function,-1.9408427605303,0.0157187886038521,Benign,0.2427,benign,https://doi.org/10.1101/2022.10.22.513328
V383A,1.99046,2.37415,2.698738608634496,Uncertain,Uncertain,0.5,,,,mutations_clinvar,,True,0.5,,,,neutral,neutral,neutral,DOWN,neutral,neutral,neutral,1692553,Uncertain significance,2,97.05,H,-0.1579,1.2945,-7.7515,loss_of_function,-2.85885624581415,0.6887648347881459,Pathogenic,0.319,benign,https://doi.org/10.1101/2022.10.22.513328
V383I,-0.98899,0.28129,0.0028517486636198,Neutral,Neutral,0.5,,3.9773766814e-06,0.208,"cBioPortal,COSMIC,mutations_clinvar",,True,0.5,,,,neutral,neutral,neutral,UP,neutral,neutral,neutral,2055364,Uncertain significance,1,97.05,H,-0.0714,1.2945,-3.4296,loss_of_function,-0.444265518721587,0.1795825344148062,Benign,0.0977,benign,https://doi.org/10.1101/2022.10.22.513328
V383L,-0.92727,1.31429,0.5457775510035753,Neutral,Neutral,0.5,,,0.521,cBioPortal,,True,0.5,,,,neutral,neutral,neutral,UP,neutral,neutral,neutral,,,,97.05,H,-0.1394,1.2945,-3.9967,loss_of_function,-0.802685472973413,0.0299131163162287,Benign,0.2902,benign,https://doi.org/10.1101/2022.10.22.513328
L385R,4.70204,6.04558,3.894687671189896,Destabilizing,Destabilizing,0.0,,,0.866,COSMIC,,True,0.0,,,,neutral,neutral,neutral,UP,neutral,neutral,neutral,,,,97.71,H,-0.4059,1.0081,-22.0393,loss_of_function,-5.52909032141556,0.9233385025509526,Pathogenic,0.8937,pathogenic,https://doi.org/10.1101/2022.10.22.513328
I388T,1.8946,0.80986,1.835626223773792,Neutral,Neutral,37.0,,,,mutations_clinvar,,True,37.0,,,,neutral,neutral,neutral,DOWN,neutral,neutral,neutral,1383311,Uncertain significance,1,94.65,H,-0.0067,3.0798,-3.8902,loss_of_function,-0.550555389418234,0.0099340742983883,Benign,0.1439,benign,https://doi.org/10.1101/2022.10.22.513328
I388V,1.11273,0.42585,0.616015918443189,Neutral,Neutral,37.0,,,,mutations_clinvar,,True,37.0,,,,neutral,neutral,neutral,DOWN,neutral,neutral,neutral,2190818,Uncertain significance,1,94.65,H,0.112,3.0798,-2.5985,gain_of_function,-0.582879309396579,0.0204500855904289,Benign,0.0786,benign,https://doi.org/10.1101/2022.10.22.513328
L389F,1.97758,2.00306,2.2693671993655453,Uncertain,Uncertain,0.0,,,0.691,"cBioPortal,COSMIC",,True,0.0,,,,neutral,neutral,neutral,UP,neutral,neutral,neutral,,,,94.64,H,-0.2217,0.5028,-5.5749,loss_of_function,-3.14757918325209,0.108888924837438,Benign,0.1848,benign,https://doi.org/10.1101/2022.10.22.513328
D391V,1.62975,2.1119,0.4500428818340063,Uncertain,Neutral,31.9,,,0.79,COSMIC,,True,31.9,,,,neutral,neutral,neutral,UP,neutral,neutral,neutral,,,,90.08,H,-0.2336,1.7448,-21.928,loss_of_function,-4.20935461020026,0.8220295579626355,Pathogenic,0.6458,pathogenic,https://doi.org/10.1101/2022.10.22.513328
K396E,0.66336,0.22687,0.149090683989424,Neutral,Neutral,48.4,,,,mutations_clinvar,,False,48.4,,,,neutral,neutral,neutral,DOWN,neutral,neutral,destabilizing,947155,Uncertain significance,1,47.45,-,-0.0826,1.966,-5.8073,loss_of_function,-4.01712457048293,0.8965340144610052,Pathogenic,0.2794,benign,https://doi.org/10.1101/2022.10.22.513328
K396N,0.41991,0.25204,-0.0539876323370996,Neutral,Neutral,48.4,,,0.393,cBioPortal,,False,48.4,,,,neutral,neutral,neutral,DOWN,neutral,neutral,destabilizing,,,,47.45,-,-0.0892,1.966,-8.3922,loss_of_function,-4.20139547512412,0.8655475459254547,Pathogenic,0.6334,pathogenic,https://doi.org/10.1101/2022.10.22.513328
K397N,0.40587,-0.23707,-0.0970306274572146,Neutral,Neutral,101.2,,,0.323,COSMIC,,False,101.2,,,,neutral,neutral,neutral,DOWN,neutral,neutral,stabilizing,,,,37.75,-,-0.0018,2.7257,-4.9588,loss_of_function,-1.87091655883971,0.0155936836205324,Benign,0.202,benign,https://doi.org/10.1101/2022.10.22.513328
V398I,-0.11826,0.69286,0.7202019426400019,Neutral,Neutral,52.0,,,0.158,"cBioPortal,COSMIC",,False,52.0,,,,neutral,neutral,neutral,UP,neutral,neutral,stabilizing,,,,36.86,-,0.0973,3.0666,-2.3133,gain_of_function,-0.0380064820999307,0.000353212559373,Benign,0.0649,benign,https://doi.org/10.1101/2022.10.22.513328
I404T,1.03121,1.3881,1.491731622230944,Neutral,Neutral,52.9,0.0039477873288762,0.0010061962599725,0.095,"COSMIC,mutations_clinvar",,True,52.9,,,,neutral,neutral,neutral,DOWN,neutral,neutral,destabilizing,238307,Benign/Likely benign,2,38.46,-,0.0389,3.4935,-2.4137,gain_of_function,-0.112224181650457,0.0001615518309593,Benign,0.0508,benign,https://doi.org/10.1101/2022.10.22.513328
E405D,-1.16852,0.48639,-0.1151634815449986,Neutral,Neutral,41.8,,,0.166,"cBioPortal,COSMIC",,True,41.8,,,,neutral,neutral,neutral,DOWN,neutral,neutral,destabilizing,,,,39.75,-,0.0177,2.2761,-3.6925,gain_of_function,-0.246562169448301,0.0081997608012365,Benign,0.072,benign,https://doi.org/10.1101/2022.10.22.513328
S407R,-1.43922,-0.06293,-0.5010578521097092,Neutral,Neutral,48.3,,,,mutations_clinvar,P,True,48.3,-0.197,,,damaging,neutral,potentially_damaging,UP,neutral,neutral,neutral,1389562,Uncertain significance,1,36.24,-,-0.017,3.0365,-6.9657,loss_of_function,-1.77515776739893,0.5738095735725297,Uncertain,0.2559,benign,https://doi.org/10.1101/2022.10.22.513328
P408T,0.63991,1.81497,0.0185163343605859,Neutral,Neutral,37.5,,,0.053,"cBioPortal,COSMIC,mutations_clinvar",,True,37.5,,,,neutral,neutral,neutral,-,uncertain,uncertain,uncertain,1366167,Uncertain significance,1,40.89,S,0.0915,3.6498,-3.585,gain_of_function,-0.0317940909278857,0.0006323914880677,Benign,0.0587,benign,https://doi.org/10.1101/2022.10.22.513328
P414L,2.25236,1.32211,0.3337787575951151,Uncertain,Uncertain,8.3,,,,mutations_clinvar,,False,8.3,,,,neutral,neutral,neutral,UP,neutral,neutral,neutral,435157,Uncertain significance,1,83.62,H,-0.1176,1.9363,-6.4429,loss_of_function,-3.05186002067511,0.3086860169325697,Benign,0.1373,benign,https://doi.org/10.1101/2022.10.22.513328
P414S,1.89718,1.19728,0.6695897579641585,Neutral,Neutral,8.3,,,,mutations_clinvar,,False,8.3,,,,neutral,neutral,neutral,DOWN,neutral,neutral,neutral,2271036,Uncertain significance,1,83.62,H,-0.0612,1.9363,-4.9835,loss_of_function,-0.993358505884989,0.5785892128181029,Uncertain,0.1247,benign,https://doi.org/10.1101/2022.10.22.513328
H417R,-0.386,0.78741,0.1491044838376881,Neutral,Neutral,42.4,,,,mutations_clinvar,,False,42.4,,,,neutral,neutral,neutral,UP,neutral,neutral,neutral,646018,Uncertain significance,2,88.65,H,0.0279,2.9516,-4.6527,gain_of_function,-1.29969196173223,0.0037602640447446,Benign,0.0855,benign,https://doi.org/10.1101/2022.10.22.513328
L421F,3.79959,1.24422,1.035395946617898,Uncertain,Uncertain,4.3,,,0.637,"cBioPortal,COSMIC",,False,4.3,,,,neutral,neutral,neutral,UP,neutral,neutral,neutral,,,,94.92,H,-0.1597,1.1467,-5.0376,loss_of_function,-4.39756457646402,0.888875356682163,Pathogenic,0.4175,ambiguous,https://doi.org/10.1101/2022.10.22.513328
G422R,41.82494,14.9966,11.34780575201279,Destabilizing,Destabilizing,0.0,0.0001592356687898,0.0001153494292192,0.899,"cBioPortal,COSMIC,mutations_clinvar",,False,0.0,,,,neutral,neutral,neutral,UP,neutral,neutral,neutral,"929722, 408241","Pathogenic, Uncertain significance","0, 2",96.4,H,-0.3848,0.8082,-22.0393,loss_of_function,-6.43169658990342,0.9604256121201228,Pathogenic,0.9889,pathogenic,https://doi.org/10.1101/2022.10.22.513328
A423V,0.39424,-1.04966,-0.1156967020769172,Neutral,Neutral,24.4,,,0.343,"cBioPortal,COSMIC",,False,24.4,,,,neutral,neutral,neutral,UP,neutral,neutral,neutral,,,,95.83,H,0.0743,3.1619,-4.2854,gain_of_function,-2.65347284776863,0.2886451920338886,Benign,0.1987,benign,https://doi.org/10.1101/2022.10.22.513328
I425V,1.33391,1.05238,1.8861706176513493,Neutral,Neutral,0.0,,,,mutations_clinvar,,False,0.0,,,,neutral,neutral,neutral,DOWN,neutral,neutral,neutral,1319718,Uncertain significance,2,97.6,H,-0.0002,1.8379,-2.1989,loss_of_function,-0.416598422574715,0.0073151685982085,Benign,0.107,benign,https://doi.org/10.1101/2022.10.22.513328
I432V,0.9577,0.93537,1.095730859894209,Neutral,Neutral,22.7,,,,mutations_clinvar,,True,22.7,,,,neutral,neutral,neutral,DOWN,neutral,neutral,neutral,1445387,Uncertain significance,1,89.57,H,0.1139,3.0683,-2.0168,gain_of_function,-0.314320414927393,1.2742398057315856e-05,Benign,0.0946,benign,https://doi.org/10.1101/2022.10.22.513328
M435I,0.75905,0.43435,0.3144849880249994,Neutral,Neutral,55.6,,,,mutations_clinvar,,False,55.6,,,,neutral,neutral,neutral,-,uncertain,uncertain,uncertain,845551,Uncertain significance,2,89.75,G,0.0533,3.0345,-4.0,gain_of_function,-0.170265073945723,0.001523857802703,Benign,0.2638,benign,https://doi.org/10.1101/2022.10.22.513328
I436L,-0.41692,1.56633,0.774859225871857,Neutral,Neutral,9.1,,,0.241,cBioPortal,,False,9.1,,,,neutral,neutral,neutral,-,uncertain,uncertain,uncertain,,,,91.39,G,-0.0197,2.239,-5.433,loss_of_function,-0.777425064476017,0.0799942362146005,Benign,0.1284,benign,https://doi.org/10.1101/2022.10.22.513328
Q438H,2.09313,0.93639,-0.0321387826448082,Uncertain,Uncertain,66.1,,,,mutations_clinvar,,False,66.1,,,,neutral,neutral,neutral,UP,neutral,neutral,neutral,2170049,Uncertain significance,1,90.48,H,0.0776,3.2783,-7.1632,gain_of_function,-3.20079505270571,0.0037013520387037,Benign,0.1947,benign,https://doi.org/10.1101/2022.10.22.513328
L441M,-0.75389,0.37687,1.077507065071727,Neutral,Neutral,0.2,,,,mutations_clinvar,,False,0.2,,,,neutral,neutral,neutral,-,uncertain,uncertain,uncertain,1717441,Uncertain significance,1,92.68,H,-0.0953,1.4687,-5.2921,loss_of_function,-1.28102815731003,0.2215035194450771,Benign,0.1246,benign,https://doi.org/10.1101/2022.10.22.513328
L441V,1.70873,1.13673,1.238414550393059,Neutral,Neutral,0.2,,,0.196,"cBioPortal,COSMIC",,False,0.2,,,,neutral,neutral,neutral,DOWN,neutral,neutral,neutral,,,,92.68,H,-0.1071,1.4687,-5.0511,loss_of_function,-0.510200392997155,0.1479991830809144,Benign,0.1213,benign,https://doi.org/10.1101/2022.10.22.513328
Q443R,0.10344,-0.20408,-0.0069359789086081,Neutral,Neutral,33.3,,,0.562,cBioPortal,,False,33.3,,,,neutral,neutral,neutral,UP,neutral,neutral,neutral,,,,93.55,H,-0.0815,1.7712,-5.1632,loss_of_function,-1.56319335234806,0.3900475995805053,Uncertain,0.1933,benign,https://doi.org/10.1101/2022.10.22.513328
V444I,-0.85805,0.0966,0.2694658289992041,Neutral,Neutral,0.0,,,,mutations_clinvar,,False,0.0,,,,neutral,neutral,neutral,UP,neutral,neutral,neutral,1499325,Uncertain significance,1,93.92,H,0.0115,2.1379,-2.3873,gain_of_function,-0.407375399291652,0.0531501150820298,Benign,0.0871,benign,https://doi.org/10.1101/2022.10.22.513328
L445F,-1.20038,0.03741,1.0016207450336505,Neutral,Neutral,4.6,,,0.25,"cBioPortal,COSMIC,mutations_clinvar",,False,4.6,,,,neutral,neutral,neutral,UP,neutral,neutral,neutral,1428714,Uncertain significance,1,92.71,H,-0.0276,2.5358,-4.2044,loss_of_function,-1.12250991626039,0.0205643710241753,Benign,0.1042,benign,https://doi.org/10.1101/2022.10.22.513328
R447W,0.04624,2.16667,0.0396205193061105,Uncertain,Neutral,25.1,,,0.805,COSMIC,,False,25.1,,,,neutral,neutral,neutral,UP,neutral,neutral,neutral,,,,91.16,H,-0.1998,1.6151,-6.7279,loss_of_function,-4.9579780528003,0.80095937947331,Pathogenic,0.3249,benign,https://doi.org/10.1101/2022.10.22.513328
V449I,-0.90341,0.8619,0.2648233947626599,Neutral,Neutral,15.2,,,0.107,"cBioPortal,mutations_clinvar",,False,15.2,,,,neutral,neutral,neutral,UP,neutral,neutral,neutral,1902792,Uncertain significance,1,88.93,H,-0.005,1.9518,-2.2719,loss_of_function,-0.156407341594222,8.248364515625031e-05,Benign,0.0768,benign,https://doi.org/10.1101/2022.10.22.513328
T450N,-0.4419,0.72075,-0.0514384791924965,Neutral,Neutral,75.3,,,,mutations_clinvar,,False,75.3,,,,uncertain,,,-,uncertain,uncertain,uncertain,1375676,Uncertain significance,1,84.94,H,-0.108,2.1321,-7.7004,loss_of_function,-1.85143638157434,0.8702343820038011,Pathogenic,0.2045,benign,https://doi.org/10.1101/2022.10.22.513328
R451T,2.59311,1.88571,1.0583157321896144,Uncertain,Uncertain,35.0,,,,mutations_clinvar,,True,35.0,,,,neutral,neutral,neutral,DOWN,neutral,neutral,neutral,1960005,Uncertain significance,1,72.51,-,-0.0837,2.7148,-6.311,loss_of_function,-2.9071275699314,0.282030203751234,Benign,0.1501,benign,https://doi.org/10.1101/2022.10.22.513328
A452S,0.27581,0.59456,0.123708972295527,Neutral,Neutral,93.3,,,0.108,COSMIC,,True,93.3,,,,neutral,neutral,neutral,-,uncertain,uncertain,uncertain,,,,59.72,S,0.066,2.9802,-3.2155,gain_of_function,-0.711964175600542,0.0041378387628662,Benign,0.0864,benign,https://doi.org/10.1101/2022.10.22.513328
A452V,0.33854,-0.24354,-0.3358634635845131,Neutral,Neutral,93.3,,,,mutations_clinvar,,True,93.3,,,,neutral,neutral,neutral,UP,neutral,neutral,neutral,424190,Uncertain significance,1,59.72,S,0.035,2.9802,-8.7072,gain_of_function,-3.4642321998856,0.4265030946927102,Uncertain,0.1167,benign,https://doi.org/10.1101/2022.10.22.513328
S454C,-0.23757,0.54728,0.4347801131227491,Neutral,Neutral,33.1,,,,mutations_clinvar,,True,33.1,,,,uncertain,,,UP,neutral,neutral,neutral,2415734,Uncertain significance,1,68.9,S,-0.02,2.5188,-6.7142,loss_of_function,-0.724672105314513,0.0783970525405087,Benign,0.0851,benign,https://doi.org/10.1101/2022.10.22.513328
P455T,0.86535,1.56497,-0.2201592959942538,Neutral,Neutral,29.7,,,,mutations_clinvar,,True,29.7,,,,neutral,neutral,neutral,-,uncertain,uncertain,uncertain,1419058,Uncertain significance,1,74.44,-,-0.043,2.2654,-4.9849,loss_of_function,-2.5946870393924,0.3844921393081977,Uncertain,0.1439,benign,https://doi.org/10.1101/2022.10.22.513328
I456L,-0.58051,0.50952,0.2171740574542446,Neutral,Neutral,13.7,,,,mutations_clinvar,,True,13.7,,,,neutral,neutral,neutral,-,uncertain,uncertain,uncertain,1365038,Uncertain significance,1,84.29,-,0.0,2.4399,-5.188,neutral,-2.31837729934403,0.5448570494708947,Uncertain,0.1282,benign,https://doi.org/10.1101/2022.10.22.513328
H458Q,-1.24039,0.36259,1.096856031691668,Neutral,Neutral,11.9,,,,mutations_clinvar,,True,11.9,,,,neutral,neutral,neutral,DOWN,neutral,neutral,neutral,1013636,Uncertain significance,1,88.19,H,0.0421,2.2463,-2.4991,gain_of_function,-2.5851329009653,0.0310310962964875,Benign,0.4657,ambiguous,https://doi.org/10.1101/2022.10.22.513328
H458R,0.37074,0.82619,0.6890790563853483,Neutral,Neutral,11.9,,,,mutations_clinvar,,True,11.9,,,,neutral,neutral,neutral,UP,neutral,neutral,neutral,1448449,Uncertain significance,1,88.19,H,-0.0434,2.2463,-5.9206,loss_of_function,-1.7145917813585,0.7880895192760531,Pathogenic,0.3444,ambiguous,https://doi.org/10.1101/2022.10.22.513328
L462M,1.73969,1.80612,2.339687707318677,Neutral,Uncertain,0.5,,,0.493,"cBioPortal,COSMIC",,True,0.5,,,,neutral,neutral,neutral,-,uncertain,uncertain,uncertain,,,,94.56,H,-0.1303,1.1691,-6.7448,loss_of_function,-3.71906358436439,0.9301796343419348,Pathogenic,0.2678,benign,https://doi.org/10.1101/2022.10.22.513328
L463F,0.34036,0.68946,1.055163354507478,Neutral,Neutral,0.2,,,0.381,cBioPortal,,True,0.2,,,,neutral,neutral,neutral,UP,neutral,neutral,neutral,,,,94.11,H,-0.1682,0.9078,-2.4083,loss_of_function,-0.804126502480963,0.014836474819288,Benign,0.0881,benign,https://doi.org/10.1101/2022.10.22.513328
S464L,-1.33894,-1.15782,-1.2333560996036257,Neutral,Neutral,46.9,,,0.548,cBioPortal,,True,46.9,,,,uncertain,,,UP,neutral,neutral,neutral,,,,93.13,H,-0.126,2.5093,-22.0359,loss_of_function,-5.1286744462621,0.8697302374300537,Pathogenic,0.1309,benign,https://doi.org/10.1101/2022.10.22.513328
V467I,-0.10185,-1.0449,0.0166032564562251,Neutral,Neutral,0.1,0.0001592661018029,0.0002227862604531,0.168,"cBioPortal,COSMIC,mutations_clinvar",,True,0.1,,,,neutral,neutral,neutral,UP,neutral,neutral,neutral,238308,Uncertain significance,2,90.3,H,0.0017,2.0113,-2.0343,gain_of_function,-0.15209157531903,0.0070221431801223,Benign,0.0662,benign,https://doi.org/10.1101/2022.10.22.513328
M468I,1.38571,0.27755,0.2723379075527898,Neutral,Neutral,71.1,,,,mutations_clinvar,,True,71.1,,,,neutral,neutral,neutral,-,uncertain,uncertain,uncertain,1337817,Uncertain significance,1,87.72,H,0.0944,3.4799,-3.9899,gain_of_function,-0.227027367400558,0.0005411767280749,Benign,0.1246,benign,https://doi.org/10.1101/2022.10.22.513328
Y469C,1.68384,1.16327,3.674714020397972,Neutral,Uncertain,53.2,,,,mutations_clinvar,,True,53.2,,,,uncertain,,,DOWN,neutral,neutral,neutral,1353945,Uncertain significance,1,84.15,H,-0.0447,3.1608,-5.1599,loss_of_function,-0.113306385932975,0.0341842923820493,Benign,0.0817,benign,https://doi.org/10.1101/2022.10.22.513328
P471A,1.83277,1.28469,0.2301970813266463,Neutral,Neutral,27.0,,,,mutations_clinvar,,True,27.0,,,,neutral,neutral,neutral,DOWN,neutral,neutral,neutral,1419007,Uncertain significance,1,80.3,T,-0.1328,1.2123,-5.9171,loss_of_function,-3.92482525438203,0.7579618917126362,Pathogenic,0.4185,ambiguous,https://doi.org/10.1101/2022.10.22.513328
P471R,1.52696,1.73367,0.0788108587002806,Neutral,Neutral,27.0,,,,"FANCI_icope_sentieon_input,mutations_clinvar",,True,27.0,,,,neutral,neutral,neutral,UP,neutral,neutral,neutral,408243,Uncertain significance,2,80.3,T,-0.2089,1.2123,-7.1395,loss_of_function,-5.34057284160316,0.7852447934363687,Pathogenic,0.6612,pathogenic,https://doi.org/10.1101/2022.10.22.513328
V473G,0.66214,1.80408,1.211582242924244,Neutral,Neutral,45.9,,,,mutations_clinvar,,True,45.9,,,,neutral,neutral,neutral,DOWN,neutral,neutral,neutral,581406,Uncertain significance,2,75.66,G,-0.1404,2.9063,-8.7278,loss_of_function,-4.60729632232454,0.2965424206778859,Benign,0.2216,benign,https://doi.org/10.1101/2022.10.22.513328
V473I,-0.11934,-0.17177,-0.2490976469188466,Neutral,Neutral,45.9,,,,mutations_clinvar,,True,45.9,,,,neutral,neutral,neutral,UP,neutral,neutral,neutral,963485,Uncertain significance,1,75.66,G,0.0849,2.9063,-1.8576,gain_of_function,-0.341532726962987,6.966362555114823e-05,Benign,0.0845,benign,https://doi.org/10.1101/2022.10.22.513328
L474I,1.91848,1.19082,1.1191027189430716,Neutral,Neutral,0.4,,,,mutations_clinvar,,True,0.4,,,,neutral,neutral,neutral,-,uncertain,uncertain,uncertain,526395,Uncertain significance,2,79.5,G,-0.0333,1.8136,-3.9307,loss_of_function,-1.24888305534744,0.0740953547804884,Benign,0.119,benign,https://doi.org/10.1101/2022.10.22.513328
Q475K,0.18407,1.75986,0.4001171098041961,Neutral,Neutral,52.9,,,0.34,cBioPortal,,True,52.9,,,,neutral,neutral,neutral,UP,neutral,neutral,neutral,,,,73.91,G,-0.0589,2.1428,-7.1565,loss_of_function,-4.92519059717679,0.7095954358914959,Pathogenic,0.1283,benign,https://doi.org/10.1101/2022.10.22.513328
S476N,-0.04541,-0.02007,0.0986135919124742,Neutral,Neutral,88.9,,,0.183,cBioPortal,,True,88.9,,,,uncertain,,,UP,neutral,neutral,neutral,,,,72.89,G,-0.0005,2.2479,-3.5354,loss_of_function,0.0455139510797255,2.4646871851436377e-05,Benign,0.0695,benign,https://doi.org/10.1101/2022.10.22.513328
S476R,-0.17998,-0.71565,-0.4580476641919617,Neutral,Neutral,88.9,,,0.359,cBioPortal,,True,88.9,,,,uncertain,,,UP,neutral,neutral,neutral,,,,72.89,G,-0.0843,2.2479,-5.9375,loss_of_function,-3.40430746765085,0.07376189709066,Benign,0.2948,benign,https://doi.org/10.1101/2022.10.22.513328
S479Y,-0.18773,-0.0483,-0.7494939073404899,Neutral,Neutral,88.2,,,,mutations_clinvar,,False,88.2,,,,uncertain,,,UP,neutral,neutral,neutral,1007412,Uncertain significance,1,86.83,H,-0.1209,2.6231,-22.0156,loss_of_function,-4.33268507721208,0.8740310398975504,Pathogenic,0.149,benign,https://doi.org/10.1101/2022.10.22.513328
K480E,-0.3413,1.77823,1.22911020311701,Neutral,Neutral,28.3,,,,mutations_clinvar,,False,28.3,,,,neutral,neutral,neutral,DOWN,neutral,neutral,neutral,2416927,Uncertain significance,1,86.78,H,-0.0178,2.7224,-6.7414,loss_of_function,-3.77859777448065,0.6658531555569561,Uncertain,0.2284,benign,https://doi.org/10.1101/2022.10.22.513328
V481G,3.43098,4.02449,4.647203207078442,Destabilizing,Destabilizing,0.7,,,,mutations_clinvar,,False,0.7,,,,neutral,neutral,neutral,DOWN,neutral,neutral,neutral,1319330,Uncertain significance,2,88.56,H,-0.254,1.6729,-8.7481,loss_of_function,-4.88557419467609,0.9122788414222838,Pathogenic,0.5989,pathogenic,https://doi.org/10.1101/2022.10.22.513328
T482A,0.80308,0.4051,0.5310885691137859,Neutral,Neutral,25.4,,,,mutations_clinvar,,True,25.4,,,,uncertain,,,DOWN,neutral,neutral,neutral,1692555,Uncertain significance,1,90.32,H,-0.0005,2.6111,-6.1599,loss_of_function,-0.650968819238284,0.151424728170283,Benign,0.0794,benign,https://doi.org/10.1101/2022.10.22.513328
D486Y,-0.53626,-0.27109,-0.5791731339240686,Neutral,Neutral,77.3,,,0.785,cBioPortal,,True,77.3,,,,neutral,neutral,neutral,UP,neutral,neutral,neutral,,,,90.23,H,-0.214,1.1482,-7.738,loss_of_function,-5.66225473125122,0.7446630173117266,Pathogenic,0.2425,benign,https://doi.org/10.1101/2022.10.22.513328
L488F,0.99984,1.31939,0.4895200124714316,Neutral,Neutral,1.0,,,0.518,cBioPortal,,True,1.0,,,,neutral,neutral,neutral,UP,neutral,neutral,neutral,,,,91.23,G,-0.1234,1.3905,-2.3185,loss_of_function,-1.72058337407804,0.5662000064231643,Uncertain,0.2129,benign,https://doi.org/10.1101/2022.10.22.513328
S489P,-1.51255,0.0534,0.6534088282995743,Neutral,Neutral,25.6,,,,mutations_clinvar,,True,25.6,,,,uncertain,,,UP,neutral,neutral,neutral,854423,Uncertain significance,1,88.96,G,-0.1282,2.3262,-4.2685,loss_of_function,-1.85522618857953,0.0026313499771562,Benign,0.0843,benign,https://doi.org/10.1101/2022.10.22.513328
L491P,4.26656,9.48776,7.220270094060299,Destabilizing,Destabilizing,6.8,,,,mutations_clinvar,,True,6.8,,,,neutral,neutral,neutral,DOWN,neutral,neutral,neutral,853316,Uncertain significance,1,89.4,S,-0.3607,1.5336,-22.0156,loss_of_function,-5.87509719418159,0.9410710599730168,Pathogenic,0.9282,pathogenic,https://doi.org/10.1101/2022.10.22.513328
P492L,1.56141,1.6415,-0.4720718040601562,Neutral,Neutral,58.2,,,0.748,COSMIC,,True,58.2,,,,neutral,neutral,neutral,UP,neutral,neutral,neutral,,,,88.52,-,-0.2233,1.6518,-22.0224,loss_of_function,-5.37294877303667,0.8770881608882937,Pathogenic,0.597,pathogenic,https://doi.org/10.1101/2022.10.22.513328
L493F,1.82536,0.7432,1.3711042370249065,Neutral,Neutral,25.8,,,,mutations_clinvar,,True,25.8,,,,neutral,neutral,neutral,UP,neutral,neutral,neutral,1037909,Uncertain significance,1,88.64,H,-0.0264,2.6445,-5.9273,loss_of_function,-1.2124850310747,0.0264897382838191,Benign,0.1072,benign,https://doi.org/10.1101/2022.10.22.513328
Q494R,0.77547,0.60068,-0.2327377505336419,Neutral,Neutral,86.0,,,,mutations_clinvar,,False,86.0,,,,neutral,neutral,neutral,UP,neutral,neutral,neutral,1337341,Uncertain significance,2,85.49,H,0.0804,3.5124,-4.8312,gain_of_function,-0.486424789565624,0.0006306373842067,Benign,0.0724,benign,https://doi.org/10.1101/2022.10.22.513328
Q497H,0.70534,1.61769,0.3090168251766961,Neutral,Neutral,55.3,,,,mutations_clinvar,,True,55.3,,,,neutral,neutral,neutral,UP,neutral,neutral,neutral,856170,Uncertain significance,1,90.66,H,0.0766,3.1799,-5.585,gain_of_function,-1.34908145786265,0.0635453695269343,Benign,0.1667,benign,https://doi.org/10.1101/2022.10.22.513328
Q497K,-0.42988,1.52415,0.2846119828311988,Neutral,Neutral,55.3,,,,mutations_clinvar,,True,55.3,,,,neutral,neutral,neutral,UP,neutral,neutral,neutral,934813,Uncertain significance,1,90.66,H,0.046,3.1799,-5.2954,gain_of_function,-2.34012027356936,0.0434832898297945,Benign,0.0929,benign,https://doi.org/10.1101/2022.10.22.513328
R498M,-1.2454,-0.02857,0.4712527785846981,Neutral,Neutral,45.4,,,0.343,cBioPortal,,True,45.4,,,,neutral,neutral,neutral,DOWN,neutral,neutral,neutral,,,,89.76,H,-0.0399,2.8172,-6.7549,loss_of_function,-2.96912849084034,0.0533097795608237,Benign,0.1254,benign,https://doi.org/10.1101/2022.10.22.513328
R498S,0.822,0.47517,1.551086174816885,Neutral,Neutral,45.4,,,,mutations_clinvar,,True,45.4,,,,neutral,neutral,neutral,DOWN,neutral,neutral,neutral,1472842,Uncertain significance,1,89.76,H,-0.0611,2.8172,-4.585,loss_of_function,-1.40133028357049,0.0003478349550504,Benign,0.1078,benign,https://doi.org/10.1101/2022.10.22.513328
Q504K,-0.52998,3.09592,1.2768294608202204,Uncertain,Neutral,27.0,,,,mutations_clinvar,,True,27.0,,,,neutral,neutral,neutral,UP,neutral,neutral,stabilizing,1004498,Uncertain significance,1,89.21,H,-0.043,2.2934,-6.7582,loss_of_function,-3.41200460969595,0.8074660808103727,Pathogenic,0.2558,benign,https://doi.org/10.1101/2022.10.22.513328
P505H,2.7851,-2.60204,-1.2865466527067215,Uncertain,Uncertain,19.7,,,0.752,"cBioPortal,COSMIC,mutations_clinvar",,True,19.7,,,,neutral,neutral,neutral,UP,neutral,neutral,stabilizing,1350564,Uncertain significance,1,87.43,H,-0.2564,0.4475,-8.7581,loss_of_function,-6.52370395221254,0.9529318880146148,Pathogenic,0.696,pathogenic,https://doi.org/10.1101/2022.10.22.513328
P505L,1.33229,-2.85612,-1.5389007203169105,Uncertain,Neutral,19.7,,,,mutations_clinvar,,True,19.7,,,,neutral,neutral,neutral,UP,neutral,neutral,stabilizing,1487256,Uncertain significance,1,87.43,H,-0.2664,0.4475,-8.7581,loss_of_function,-6.52370395221254,0.924237550061763,Pathogenic,0.5849,pathogenic,https://doi.org/10.1101/2022.10.22.513328
P505S,3.32095,-2.18401,-0.4592156465571761,Uncertain,Uncertain,19.7,,,,mutations_clinvar,,True,19.7,,,,neutral,neutral,neutral,DOWN,neutral,neutral,neutral,860830,Uncertain significance,1,87.43,H,-0.2005,0.4475,-5.4363,loss_of_function,-5.29203785125775,0.8616796446271914,Pathogenic,0.6243,pathogenic,https://doi.org/10.1101/2022.10.22.513328
L506R,4.86458,4.88605,3.4036014391105804,Destabilizing,Destabilizing,3.6,,,,mutations_clinvar,,True,3.6,,,,neutral,neutral,neutral,UP,neutral,neutral,neutral,1386777,Uncertain significance,1,86.42,H,-0.4355,0.6875,-22.0459,loss_of_function,-6.23133890820154,0.9174900462213234,Pathogenic,0.7561,pathogenic,https://doi.org/10.1101/2022.10.22.513328
L506V,2.30862,2.20952,1.7779526581789773,Uncertain,Uncertain,3.6,,,0.601,"cBioPortal,COSMIC",,True,3.6,,,,neutral,neutral,neutral,DOWN,neutral,neutral,neutral,,,,86.42,H,-0.1817,0.6875,-5.5883,loss_of_function,-3.23461772034758,0.3439514320826544,Uncertain,0.1306,benign,https://doi.org/10.1101/2022.10.22.513328
L507F,3.90011,1.11939,2.527769488530541,Uncertain,Uncertain,0.8,,,,mutations_clinvar,,True,0.8,,,,neutral,neutral,neutral,UP,neutral,neutral,neutral,1347243,Uncertain significance,2,86.24,H,-0.0822,2.0111,-5.4363,loss_of_function,-4.80037427145862,0.2309854779612029,Benign,0.3721,ambiguous,https://doi.org/10.1101/2022.10.22.513328
K508Q,0.40561,0.26599,0.5608160135903384,Neutral,Neutral,50.9,,,,mutations_clinvar,,False,50.9,,,,neutral,neutral,neutral,DOWN,neutral,neutral,neutral,1338114,Uncertain significance,1,81.59,H,-0.0862,1.6127,-5.1733,loss_of_function,-4.28460862990915,0.4911907274968651,Uncertain,0.2909,benign,https://doi.org/10.1101/2022.10.22.513328
V509A,1.01149,2.22959,1.812006413072597,Uncertain,Neutral,33.3,,,0.369,"cBioPortal,COSMIC",,False,33.3,,,,neutral,neutral,neutral,DOWN,neutral,neutral,neutral,,,,81.18,H,-0.0331,2.551,-5.9509,loss_of_function,-1.63216161265093,0.2524859067462247,Benign,0.3001,benign,https://doi.org/10.1101/2022.10.22.513328
V509I,-0.18934,0.44626,0.0566566238335358,Neutral,Neutral,33.3,,,,mutations_clinvar,,False,33.3,,,,neutral,neutral,neutral,UP,neutral,neutral,neutral,1491048,Uncertain significance,2,81.18,H,0.0493,2.551,-2.4363,gain_of_function,-0.0157288408843715,0.0004015989344234,Benign,0.0743,benign,https://doi.org/10.1101/2022.10.22.513328
S510I,-0.83362,2.85102,-0.4508501130239584,Uncertain,Neutral,25.4,,,0.832,cBioPortal,,False,25.4,,,,uncertain,,,UP,neutral,neutral,neutral,,,,82.68,-,-0.2695,0.9913,-22.0426,loss_of_function,-6.03760304132516,0.9183265154756628,Pathogenic,0.6523,pathogenic,https://doi.org/10.1101/2022.10.22.513328
M511L,0.47036,0.44252,-0.5022875539144561,Neutral,Neutral,55.3,,,,mutations_clinvar,,False,55.3,,,,neutral,neutral,neutral,-,uncertain,uncertain,uncertain,661170,Uncertain significance,1,82.4,H,0.0825,3.035,-4.7582,gain_of_function,-0.208149290812008,0.034556687601625,Benign,0.1058,benign,https://doi.org/10.1101/2022.10.22.513328
S512A,-0.12919,-0.19762,0.1288048435457323,Neutral,Neutral,94.4,,,,mutations_clinvar,,False,94.4,,,,uncertain,,,-,uncertain,uncertain,uncertain,435166,Uncertain significance,1,85.19,H,0.0451,2.5737,-4.8513,gain_of_function,-0.444554863051301,0.0297769219836377,Benign,0.0678,benign,https://doi.org/10.1101/2022.10.22.513328
M513I,1.29834,0.83707,0.6963633624668214,Neutral,Neutral,2.4,,,0.113,"cBioPortal,COSMIC",,False,2.4,,,,neutral,neutral,neutral,-,uncertain,uncertain,uncertain,,,,86.53,H,-0.0274,2.0955,-2.8756,loss_of_function,-0.181601270475923,0.0177990774568696,Benign,0.2287,benign,https://doi.org/10.1101/2022.10.22.513328
M513V,2.21186,1.39048,1.067554769610838,Uncertain,Uncertain,2.4,,,,mutations_clinvar,,False,2.4,,,,neutral,neutral,neutral,DOWN,neutral,neutral,neutral,1336519,Uncertain significance,1,86.53,H,-0.0623,2.0955,-3.4363,loss_of_function,-0.185394666804176,0.0084694643426151,Benign,0.061,benign,https://doi.org/10.1101/2022.10.22.513328
R514K,1.31223,1.25476,1.7835447592525278,Neutral,Neutral,11.7,,,0.395,"cBioPortal,COSMIC,mutations_clinvar",,False,11.7,,,,neutral,neutral,neutral,-,uncertain,uncertain,uncertain,2182496,Uncertain significance,1,86.6,H,-0.0573,1.5103,-1.8969,loss_of_function,-0.999509537632391,0.0007527669265769,Benign,0.1715,benign,https://doi.org/10.1101/2022.10.22.513328
D515G,0.93109,0.72313,0.8776623623626839,Neutral,Neutral,64.9,,,,mutations_clinvar,,True,64.9,,,,neutral,neutral,neutral,DOWN,neutral,neutral,neutral,949161,Uncertain significance,1,87.41,H,-0.2972,0.6699,-22.0426,loss_of_function,-6.40650145749708,0.9527837746939976,Pathogenic,0.7296,pathogenic,https://doi.org/10.1101/2022.10.22.513328
D515H,-0.00785,-0.42925,-0.5647438655650389,Neutral,Neutral,64.9,,,0.926,cBioPortal,,True,64.9,,,,neutral,neutral,neutral,UP,neutral,neutral,neutral,,,,87.41,H,-0.2954,0.6699,-22.0426,loss_of_function,-6.40650145749708,0.954372784773914,Pathogenic,0.8772,pathogenic,https://doi.org/10.1101/2022.10.22.513328
L517W,5.73277,3.70306,1.6316430668441035,Destabilizing,Uncertain,0.3,,,,mutations_clinvar,,True,0.3,,,,neutral,neutral,neutral,UP,neutral,neutral,neutral,2126318,Uncertain significance,1,92.62,H,-0.3159,1.4691,-22.0426,loss_of_function,-6.24300054030213,0.9343063434327455,Pathogenic,0.8793,pathogenic,https://doi.org/10.1101/2022.10.22.513328
L519P,3.57905,7.31667,6.873551889567859,Destabilizing,Destabilizing,80.8,,,,mutations_clinvar,,True,80.8,,,,neutral,neutral,neutral,DOWN,neutral,neutral,neutral,526366,Uncertain significance,1,91.31,H,-0.3279,1.1536,-8.7547,loss_of_function,-5.65806520486502,0.929533843883786,Pathogenic,0.6898,pathogenic,https://doi.org/10.1101/2022.10.22.513328
V520A,0.66991,0.80136,1.4151898764322786,Neutral,Neutral,21.5,,,0.711,"cBioPortal,COSMIC",,True,21.5,,,,neutral,neutral,neutral,DOWN,neutral,neutral,neutral,,,,93.49,H,-0.1473,1.3373,-6.4329,loss_of_function,-2.5078579631903,0.2083099794851847,Benign,0.2976,benign,https://doi.org/10.1101/2022.10.22.513328
V520D,3.07796,2.93844,2.5200051449501686,Uncertain,Uncertain,21.5,,,0.781,COSMIC,,True,21.5,,,,neutral,neutral,neutral,DOWN,neutral,neutral,neutral,,,,93.49,H,-0.3935,1.3373,-22.0426,loss_of_function,-5.30517914519688,0.8996561403323557,Pathogenic,0.6742,pathogenic,https://doi.org/10.1101/2022.10.22.513328
L521F,1.49035,2.23197,1.4350827989128174,Uncertain,Neutral,0.7,,,0.722,"cBioPortal,COSMIC",,True,0.7,,,,neutral,neutral,neutral,UP,neutral,neutral,neutral,,,,94.03,H,-0.1941,0.891,-7.1699,loss_of_function,-6.85937240395305,0.9314569599839564,Pathogenic,0.5738,pathogenic,https://doi.org/10.1101/2022.10.22.513328
R522W,-0.35574,0.02517,-0.2277905384236844,Neutral,Neutral,40.9,,7.9577918719e-06,0.747,"cBioPortal,COSMIC,mutations_clinvar",,False,40.9,,,,neutral,neutral,neutral,UP,neutral,neutral,neutral,408244,Uncertain significance,2,91.03,H,-0.3959,0.3341,-22.0426,loss_of_function,-5.18879688561798,0.9280987085843916,Pathogenic,0.4844,ambiguous,https://doi.org/10.1101/2022.10.22.513328
M525V,3.34535,2.13707,1.419252429200371,Uncertain,Uncertain,0.6,0.0022297254252405,0.0022962432346386,0.487,"COSMIC,FANCI_icope_sentieon_input,mutations_clinvar",,False,0.6,,,,neutral,neutral,neutral,DOWN,neutral,neutral,neutral,238309,Conflicting interpretations of pathogenicity,1,92.16,H,-0.1611,1.1883,-6.4363,loss_of_function,-0.956325847741946,0.2095927472219776,Benign,0.1058,benign,https://doi.org/10.1101/2022.10.22.513328
N528T,0.00178,0.23435,-0.0928807275222121,Neutral,Neutral,122.6,,,,mutations_clinvar,,False,122.6,,,,neutral,neutral,neutral,-,uncertain,uncertain,uncertain,1404764,Uncertain significance,1,90.52,S,-0.1568,2.071,-22.0426,loss_of_function,-2.51049340730441,0.0924559428812365,Benign,0.0906,benign,https://doi.org/10.1101/2022.10.22.513328
R533Q,2.22109,-0.2534,2.653085074669788,Uncertain,Uncertain,16.0,,3.9766174892e-06,0.811,"cBioPortal,COSMIC",,True,16.0,,,,neutral,neutral,neutral,DOWN,neutral,neutral,neutral,,,,94.6,H,-0.2848,0.3371,-8.768,loss_of_function,-6.85835195736862,0.9497302312616716,Pathogenic,0.3333,benign,https://doi.org/10.1101/2022.10.22.513328
K534R,0.53317,-0.02041,0.1301091419318184,Neutral,Neutral,18.3,,,0.398,cBioPortal,,True,18.3,,,,neutral,neutral,neutral,-,uncertain,uncertain,uncertain,,,,93.54,H,0.0568,2.4066,-4.3088,gain_of_function,-0.550058437182189,0.0618177061356195,Benign,0.102,benign,https://doi.org/10.1101/2022.10.22.513328
G539V,4.67741,2.82619,2.911548210182389,Uncertain,Uncertain,0.3,,,0.743,cBioPortal,,True,0.3,,,,neutral,neutral,neutral,UP,neutral,neutral,neutral,,,,93.34,H,-0.2947,1.0197,-6.1799,loss_of_function,-6.85801121271258,0.9519315069062876,Pathogenic,0.8245,pathogenic,https://doi.org/10.1101/2022.10.22.513328
L541M,0.46486,0.49354,1.9414462826706649,Neutral,Neutral,6.1,,,0.647,cBioPortal,,True,6.1,,,,neutral,neutral,neutral,-,uncertain,uncertain,uncertain,,,,92.83,H,-0.1183,1.3235,-7.1832,loss_of_function,-3.94149561692207,0.9442058610765024,Pathogenic,0.3442,ambiguous,https://doi.org/10.1101/2022.10.22.513328
L544M,0.46323,1.62109,2.032154688246821,Neutral,Uncertain,0.0,,,0.613,COSMIC,,False,0.0,,,,neutral,neutral,neutral,-,uncertain,uncertain,uncertain,,,,89.57,H,-0.1435,1.0484,-7.1632,loss_of_function,-3.8607482835415,0.829980665275573,Pathogenic,0.5203,ambiguous,https://doi.org/10.1101/2022.10.22.513328
L544P,6.7492,9.06837,9.03392592999792,Destabilizing,Destabilizing,0.0,,,,mutations_clinvar,,False,0.0,,,,neutral,neutral,neutral,DOWN,neutral,neutral,neutral,1703508,Likely pathogenic,1,89.57,H,-0.4054,1.0484,-22.0359,loss_of_function,-6.72787117660832,0.9423680764399603,Pathogenic,0.9898,pathogenic,https://doi.org/10.1101/2022.10.22.513328
K545N,2.54458,0.01293,0.9303512886694432,Uncertain,Uncertain,18.2,,,,mutations_clinvar,,False,18.2,,,,neutral,neutral,neutral,DOWN,neutral,neutral,neutral,1319329,Uncertain significance,1,85.83,T,-0.1207,1.5518,-7.105,loss_of_function,-4.08663315739153,0.5266272327767285,Uncertain,0.85,pathogenic,https://doi.org/10.1101/2022.10.22.513328
N546S,1.26651,0.28776,1.3467293095487294,Neutral,Neutral,15.8,,,,mutations_clinvar,,False,15.8,,,,neutral,neutral,neutral,DOWN,neutral,neutral,neutral,2082155,Uncertain significance,1,81.44,T,-0.0163,2.1228,-5.1516,loss_of_function,-3.24868066041009,0.0659811458373653,Benign,0.2221,benign,https://doi.org/10.1101/2022.10.22.513328
K548E,0.69299,0.33061,0.4008935606275871,Neutral,Neutral,64.2,,7.9526024892e-06,0.352,cBioPortal,,False,64.2,,,,neutral,neutral,neutral,DOWN,neutral,neutral,neutral,,,,65.95,-,-0.1135,1.7315,-7.6329,loss_of_function,-3.7402935418474,0.7686261766396462,Pathogenic,0.5498,ambiguous,https://doi.org/10.1101/2022.10.22.513328
K548T,1.45009,0.31259,0.4015046788603915,Neutral,Neutral,64.2,,,,mutations_clinvar,,False,64.2,,,,neutral,neutral,neutral,DOWN,neutral,neutral,neutral,943694,Uncertain significance,1,65.95,-,-0.1106,1.7315,-7.6329,loss_of_function,-4.02335673604816,0.8062780904095769,Pathogenic,0.5577,ambiguous,https://doi.org/10.1101/2022.10.22.513328
L550S,1.3128,2.51497,1.5203647007666363,Uncertain,Neutral,51.5,,,,mutations_clinvar,,False,51.5,,,,neutral,neutral,neutral,DOWN,neutral,neutral,neutral,1515641,Uncertain significance,1,45.89,-,-0.1272,2.4868,-3.8437,loss_of_function,-3.81102671670231,0.2401977155713104,Benign,0.3275,benign,https://doi.org/10.1101/2022.10.22.513328
S552N,-1.57844,-0.65374,-0.542748187783062,Neutral,Neutral,109.4,,,,mutations_clinvar,,False,109.4,,,,uncertain,,,UP,neutral,neutral,neutral,526328,Uncertain significance,1,33.14,-,0.0014,2.3967,-5.8544,gain_of_function,-4.07714515263761,0.5045199993576617,Uncertain,0.3291,benign,https://doi.org/10.1101/2022.10.22.513328
S552R,-0.27287,0.25578,-0.35996544837543,Neutral,Neutral,109.4,,,,mutations_clinvar,,False,109.4,,,,uncertain,,,UP,neutral,neutral,neutral,"408256, 408246","Uncertain significance, Uncertain significance","1, 1",33.14,-,-0.0713,2.3967,-6.0768,loss_of_function,-2.67232730067889,0.9026654932301365,Pathogenic,0.8814,pathogenic,https://doi.org/10.1101/2022.10.22.513328
L553M,-0.11745,1.68061,0.9625224713969546,Neutral,Neutral,67.4,,,,mutations_clinvar,,False,67.4,,,,neutral,neutral,neutral,-,uncertain,uncertain,uncertain,1432454,Uncertain significance,2,30.65,-,-0.0068,2.3878,-4.5236,loss_of_function,-0.900040038828312,0.3501887231089091,Uncertain,0.1287,benign,https://doi.org/10.1101/2022.10.22.513328
S555Y,0.04575,0.43299,-0.0592286983764228,Neutral,Neutral,109.6,,,,mutations_clinvar,,False,109.6,,,,uncertain,,,UP,neutral,neutral,neutral,1981027,Uncertain significance,1,37.02,T,-0.0673,2.4674,-8.7175,loss_of_function,-3.93160200903966,0.7879159941623448,Pathogenic,0.1854,benign,https://doi.org/10.1101/2022.10.22.513328
C558F,-1.94153,0.99966,-1.406561757488749,Neutral,Neutral,77.8,,,0.312,"cBioPortal,COSMIC",,False,77.8,,,,neutral,neutral,neutral,UP,neutral,neutral,neutral,,,,33.41,T,-0.1379,2.8626,-5.5443,loss_of_function,-3.21333848947358,0.6749399478725602,Uncertain,0.1162,benign,https://doi.org/10.1101/2022.10.22.513328
S559G,-0.11905,0.4949,0.4213510235170864,Neutral,Neutral,91.9,,,,mutations_clinvar,P,False,91.9,0.079,,,damaging,neutral,uncertain,DOWN,neutral,neutral,neutral,2201344,Uncertain significance,1,38.37,T,-0.0295,1.9024,-5.558,loss_of_function,-4.20790782102359,0.455849459819171,Uncertain,0.152,benign,https://doi.org/10.1101/2022.10.22.513328
S559I,0.17293,-0.87687,0.3547170549628198,Neutral,Neutral,91.9,,,,mutations_clinvar,P,False,91.9,0.079,,,damaging,neutral,uncertain,UP,neutral,neutral,neutral,456192,Uncertain significance,1,38.37,T,-0.1075,1.9024,-6.7279,loss_of_function,-3.56250021119984,0.5125014924544624,Uncertain,0.3404,ambiguous,https://doi.org/10.1101/2022.10.22.513328
S559R,0.01408,-0.26156,-0.1519168662867115,Neutral,Neutral,91.9,,,,mutations_clinvar,P,False,91.9,0.079,,,damaging,neutral,uncertain,UP,neutral,neutral,neutral,2063139,Uncertain significance,1,38.37,T,-0.116,1.9024,-5.9206,loss_of_function,-3.60149859225079,0.8925707036165382,Pathogenic,0.8474,pathogenic,https://doi.org/10.1101/2022.10.22.513328
S561F,-0.29062,-1.91088,0.0806828173357682,Neutral,Neutral,106.5,,,0.222,cBioPortal,,False,106.5,,,,uncertain,,,UP,neutral,neutral,stabilizing,,,,34.88,S,-0.0151,2.8717,-6.7142,loss_of_function,-2.9291356224008,0.4561432508375084,Uncertain,0.1467,benign,https://doi.org/10.1101/2022.10.22.513328
H568N,0.20383,-0.47653,-0.0482609561203695,Neutral,Neutral,106.2,,,0.026,"cBioPortal,COSMIC",,False,106.2,,,,neutral,neutral,neutral,DOWN,neutral,neutral,mixed_effects,,,,32.62,-,0.0419,2.8922,-6.6438,gain_of_function,-2.28540350533737,0.0154783336809562,Benign,0.0718,benign,https://doi.org/10.1101/2022.10.22.513328
H568P,-1.56155,-0.82585,1.282605652997432,Neutral,Neutral,106.2,,,,mutations_clinvar,,False,106.2,,,,neutral,neutral,neutral,DOWN,neutral,neutral,mixed_effects,961283,Uncertain significance,1,32.62,-,-0.1146,2.8922,-6.6438,loss_of_function,-3.36990598660778,0.0069185178512103,Benign,0.09,benign,https://doi.org/10.1101/2022.10.22.513328
H568R,-0.11673,0.21122,-0.0838935794732714,Neutral,Neutral,106.2,,0.0003021988945883,0.126,"COSMIC,mutations_clinvar",,False,106.2,,,,neutral,neutral,neutral,UP,neutral,neutral,neutral,526471,Conflicting interpretations of pathogenicity,1,32.62,-,0.0174,2.8922,-5.6438,gain_of_function,-1.22593301910409,0.0059779523652434,Benign,0.0671,benign,https://doi.org/10.1101/2022.10.22.513328
D570A,0.59211,1.05,0.7656718093485732,Neutral,Neutral,93.0,,,0.319,cBioPortal,,False,93.0,,,,neutral,neutral,neutral,DOWN,neutral,neutral,neutral,,,,35.98,-,-0.0742,2.0991,-6.3074,loss_of_function,-4.90192424493146,0.1975617176648788,Benign,0.1724,benign,https://doi.org/10.1101/2022.10.22.513328
D570H,2.04999,1.33673,0.2306793212188818,Uncertain,Uncertain,93.0,,,,mutations_clinvar,,False,93.0,,,,neutral,neutral,neutral,UP,neutral,neutral,neutral,1053040,Uncertain significance,1,35.98,-,-0.0954,2.0991,-8.6292,loss_of_function,-5.92695405926418,0.8706943494185987,Pathogenic,0.2788,benign,https://doi.org/10.1101/2022.10.22.513328
D570N,0.48432,0.67653,0.2692681721680723,Neutral,Neutral,93.0,,,,mutations_clinvar,,False,93.0,,,,neutral,neutral,neutral,-,uncertain,uncertain,uncertain,2189084,Uncertain significance,1,35.98,-,-0.0375,2.0991,-5.6293,loss_of_function,-0.198381340378161,0.3509525247218384,Uncertain,0.1021,benign,https://doi.org/10.1101/2022.10.22.513328
S573N,-0.57257,-0.62415,-0.2752824564682676,Neutral,Neutral,39.9,,,0.082,"cBioPortal,mutations_clinvar",,True,39.9,,,,uncertain,,,UP,neutral,neutral,neutral,884756,Uncertain significance,1,46.78,S,0.0119,2.5,-5.6546,gain_of_function,-2.57361613789765,0.0276494904529201,Benign,0.1189,benign,https://doi.org/10.1101/2022.10.22.513328
H574Q,-0.15466,-0.07313,-0.0599017813914803,Neutral,Neutral,100.3,,,0.137,"cBioPortal,COSMIC",,True,100.3,,,,neutral,neutral,neutral,DOWN,neutral,neutral,destabilizing,,,,42.55,-,0.0902,2.784,-2.7714,gain_of_function,-1.88902148746935,1.1467778340514882e-05,Benign,0.0931,benign,https://doi.org/10.1101/2022.10.22.513328
H574R,-0.05102,0.49184,-0.4348325572021577,Neutral,Neutral,100.3,,,,mutations_clinvar,,True,100.3,,,,neutral,neutral,neutral,UP,neutral,neutral,neutral,2332608,Likely benign,1,42.55,-,0.0305,2.784,-1.1216,gain_of_function,0.2185922187434,2.810186290190947e-09,Benign,0.0526,benign,https://doi.org/10.1101/2022.10.22.513328
Y575S,0.92454,4.58503,0.3483741162496601,Uncertain,Neutral,64.2,,,0.26,"cBioPortal,COSMIC",,True,64.2,,,,uncertain,,,DOWN,neutral,neutral,destabilizing,,,,47.97,-,-0.0951,2.9437,-4.4374,loss_of_function,-2.69539001264499,0.1041588695823744,Benign,0.107,benign,https://doi.org/10.1101/2022.10.22.513328
N576S,0.90038,0.87755,1.0559015047693137,Neutral,Neutral,76.2,,,,mutations_clinvar,,True,76.2,,,,neutral,neutral,neutral,DOWN,neutral,neutral,neutral,456194,Uncertain significance,2,59.34,-,0.0111,2.3009,-3.0,gain_of_function,-0.857429570633774,0.0359310042892529,Benign,0.0521,benign,https://doi.org/10.1101/2022.10.22.513328
S577F,-0.86212,0.54252,-1.2810488991192186,Neutral,Neutral,39.4,,,0.284,"cBioPortal,COSMIC",,True,39.4,,,,uncertain,,,UP,neutral,neutral,neutral,,,,63.07,H,-0.1096,2.6907,-21.9672,loss_of_function,-3.22143518249932,0.8033529032479974,Pathogenic,0.207,benign,https://doi.org/10.1101/2022.10.22.513328
A579T,0.59053,0.4551,0.160819584177061,Neutral,Neutral,70.6,3.18451054073e-05,1.98819805634e-05,0.267,"cBioPortal,COSMIC,mutations_clinvar",,True,70.6,,,,neutral,neutral,neutral,UP,neutral,neutral,neutral,456195,Uncertain significance,2,68.93,H,0.0301,2.7256,-4.499,gain_of_function,-1.18019654062759,0.2538287676926225,Benign,0.1385,benign,https://doi.org/10.1101/2022.10.22.513328
N580S,0.43074,1.39592,1.3163112217144817,Neutral,Neutral,15.0,,,,mutations_clinvar,,True,15.0,,,,neutral,neutral,neutral,DOWN,neutral,neutral,neutral,571958,Uncertain significance,2,72.46,H,-0.0581,1.6963,-5.6582,loss_of_function,-4.11585089687344,0.3150810930978546,Benign,0.1272,benign,https://doi.org/10.1101/2022.10.22.513328
E581D,0.93826,1.20068,1.42668720913586,Neutral,Neutral,54.5,,,,mutations_clinvar,,True,54.5,,,,neutral,neutral,neutral,DOWN,neutral,neutral,neutral,625939,Uncertain significance,2,76.02,H,-0.0027,2.0831,-4.2165,loss_of_function,-3.29411248216372,0.5296397514735026,Uncertain,0.5878,pathogenic,https://doi.org/10.1101/2022.10.22.513328
E581G,1.46065,1.8949,1.755505614382447,Neutral,Neutral,54.5,,,,mutations_clinvar,,True,54.5,,,,neutral,neutral,neutral,DOWN,neutral,neutral,neutral,1062607,Uncertain significance,2,76.02,H,-0.0642,2.0831,-4.506,loss_of_function,-5.45222045938263,0.8251879981936387,Pathogenic,0.4412,ambiguous,https://doi.org/10.1101/2022.10.22.513328
E581K,-0.37895,-0.13844,0.5008492952117094,Neutral,Neutral,54.5,,,,mutations_clinvar,,True,54.5,,,,neutral,neutral,neutral,UP,neutral,neutral,neutral,238310,Uncertain significance,1,76.02,H,-0.0594,2.0831,-4.2836,loss_of_function,-3.40365882253001,0.4197748151824622,Uncertain,0.2551,benign,https://doi.org/10.1101/2022.10.22.513328
C584Y,13.50124,6.47279,2.490341761640481,Destabilizing,Uncertain,0.2,3.18552497452e-05,3.9763328668e-06,0.475,COSMIC,,True,0.2,,,,neutral,neutral,neutral,UP,neutral,neutral,neutral,,,,85.84,H,-0.2583,1.6533,-5.5131,loss_of_function,-4.54279598633092,0.8113753133536319,Pathogenic,0.8852,pathogenic,https://doi.org/10.1101/2022.10.22.513328
L585R,0.92975,0.42211,0.6085083182187792,Neutral,Neutral,52.4,,,,mutations_clinvar,,True,52.4,,,,neutral,neutral,neutral,UP,neutral,neutral,neutral,2181363,Uncertain significance,1,85.47,H,-0.2515,1.837,-6.7279,loss_of_function,-5.17422684847763,0.8123551658737171,Pathogenic,0.2647,benign,https://doi.org/10.1101/2022.10.22.513328
E586D,0.37445,0.67517,0.468659218150349,Neutral,Neutral,53.3,,1.59058374423e-05,0.338,"cBioPortal,COSMIC",,True,53.3,,,,neutral,neutral,neutral,DOWN,neutral,neutral,neutral,,,,86.54,H,-0.1643,0.3333,-4.3288,loss_of_function,-3.53278528205571,0.9241535918028218,Pathogenic,0.7373,pathogenic,https://doi.org/10.1101/2022.10.22.513328
I587M,0.9875,1.48095,1.7205877185689633,Neutral,Neutral,0.7,,,,mutations_clinvar,,False,0.7,,,,neutral,neutral,neutral,-,uncertain,uncertain,uncertain,2195916,Uncertain significance,1,88.96,H,-0.1101,1.316,-5.4026,loss_of_function,-3.49659508236336,0.4577587933546964,Uncertain,0.2375,benign,https://doi.org/10.1101/2022.10.22.513328
D589N,0.06401,-0.06803,-0.1768138186052692,Neutral,Neutral,72.9,,,,mutations_clinvar,,False,72.9,,,,neutral,neutral,neutral,-,uncertain,uncertain,uncertain,577550,Uncertain significance,2,88.57,H,-0.0501,1.9782,-5.9206,loss_of_function,-2.27443312720844,0.0934070913746401,Benign,0.1558,benign,https://doi.org/10.1101/2022.10.22.513328
R592M,0.71831,0.22279,0.5369776188270864,Neutral,Neutral,42.4,,,0.275,cBioPortal,,True,42.4,,,,neutral,neutral,neutral,DOWN,neutral,neutral,neutral,,,,92.51,H,-0.2448,1.4384,-22.0426,loss_of_function,-4.9621410253383,0.9072202581856156,Pathogenic,0.4086,ambiguous,https://doi.org/10.1101/2022.10.22.513328
S596N,1.53828,-0.31497,-0.1406502171613072,Neutral,Neutral,88.1,,,,mutations_clinvar,,True,88.1,,,,uncertain,,,UP,neutral,neutral,neutral,1414558,Uncertain significance,1,91.32,G,0.0433,2.808,-5.0544,gain_of_function,-1.16875190816527,0.0077119678477373,Benign,0.1131,benign,https://doi.org/10.1101/2022.10.22.513328
V601I,-0.48408,0.5398,0.1736461031851011,Neutral,Neutral,0.1,,,,mutations_clinvar,,True,0.1,,,,neutral,neutral,neutral,UP,neutral,neutral,neutral,317279,Uncertain significance,2,94.39,H,-0.1014,0.9339,-2.804,loss_of_function,-0.481613817330074,0.0022569827135938,Benign,0.0814,benign,https://doi.org/10.1101/2022.10.22.513328
R602Q,2.98759,-0.18912,1.6286430698526928,Uncertain,Uncertain,6.7,,7.15791148049e-05,0.499,"cBioPortal,COSMIC,mutations_clinvar",,False,6.7,,,,neutral,neutral,neutral,DOWN,neutral,neutral,neutral,1351975,Uncertain significance,2,95.93,H,-0.3066,0.8369,-22.0459,loss_of_function,-6.5846874970836,0.9556590063492392,Pathogenic,0.6045,pathogenic,https://doi.org/10.1101/2022.10.22.513328
M604I,1.45543,0.32109,-0.1868054406193287,Neutral,Neutral,11.8,,,0.166,COSMIC,,False,11.8,,,,neutral,neutral,neutral,-,uncertain,uncertain,uncertain,,,,92.96,H,0.0548,3.0473,-3.9475,gain_of_function,-0.275938846687439,0.0281472732749924,Benign,0.4003,ambiguous,https://doi.org/10.1101/2022.10.22.513328
M604V,1.93914,0.42687,0.1618110825013191,Neutral,Neutral,11.8,9.54988221812e-05,6.76024973158e-05,0.114,"COSMIC,mutations_clinvar",,False,11.8,,,,neutral,neutral,neutral,DOWN,neutral,neutral,neutral,456197,Uncertain significance,2,92.96,H,0.0266,3.0473,-3.1699,gain_of_function,-1.80077887972161,0.2214644563614198,Benign,0.1284,benign,https://doi.org/10.1101/2022.10.22.513328
L605F,10.16914,3.77347,3.1091260101514098,Destabilizing,Destabilizing,0.0,0.0091377992868059,0.0065537783645778,0.238,"COSMIC,FANCI_icope_sentieon_input,mutations_clinvar",,False,0.0,,,,neutral,neutral,neutral,UP,neutral,neutral,neutral,210985,Benign/Likely benign,2,94.81,H,-0.1544,1.2047,-5.0544,loss_of_function,-3.41117428205527,0.0826895758179733,Benign,0.3811,ambiguous,https://doi.org/10.1101/2022.10.22.513328
D611G,0.70875,2.63435,1.6782930193881307,Uncertain,Neutral,27.0,,,0.396,"cBioPortal,COSMIC",,False,27.0,,,,neutral,neutral,neutral,DOWN,neutral,neutral,neutral,,,,87.58,H,-0.0576,2.3809,-5.9475,loss_of_function,-2.39005707696658,0.4073617150881049,Uncertain,0.3388,benign,https://doi.org/10.1101/2022.10.22.513328
L613F,5.75265,0.1932,1.6182487574495286,Uncertain,Uncertain,0.8,,,,mutations_clinvar,,True,0.8,,,,neutral,neutral,neutral,UP,neutral,neutral,neutral,1502381,Uncertain significance,1,88.26,H,-0.0842,2.0619,-6.7549,loss_of_function,-4.96518170019312,0.5835153042098684,Uncertain,0.471,ambiguous,https://doi.org/10.1101/2022.10.22.513328
R614Q,0.7932,0.17143,1.0194859656848558,Neutral,Neutral,31.8,,1.59158370537e-05,0.147,"cBioPortal,COSMIC,mutations_clinvar",,True,31.8,,,,neutral,neutral,neutral,DOWN,neutral,neutral,neutral,2039331,Uncertain significance,1,85.09,H,-0.0342,2.8758,-5.433,loss_of_function,-3.63874839014629,0.2469021954571923,Benign,0.1407,benign,https://doi.org/10.1101/2022.10.22.513328
S617C,-0.49239,0.62347,0.6263047434846666,Neutral,Neutral,57.6,,,,mutations_clinvar,,True,57.6,,,,uncertain,,,UP,neutral,neutral,neutral,456198,Uncertain significance,2,83.8,G,-0.1311,2.1608,-22.0393,loss_of_function,-3.31572016532646,0.8961718133809156,Pathogenic,0.156,benign,https://doi.org/10.1101/2022.10.22.513328
S617P,-2.5304,0.93639,1.1676298002785142,Uncertain,Uncertain,57.6,,,,mutations_clinvar,,True,57.6,,,,uncertain,,,UP,neutral,neutral,neutral,885699,Uncertain significance,1,83.8,G,-0.1297,2.1608,-1.5816,loss_of_function,-2.56386062115837,0.0446470788938858,Benign,0.1589,benign,https://doi.org/10.1101/2022.10.22.513328
L619Q,3.01534,2.2949,2.7705432655514617,Uncertain,Uncertain,2.4,,0.0001989558795442,0.526,"cBioPortal,mutations_clinvar",,True,2.4,,,,neutral,neutral,neutral,DOWN,neutral,neutral,neutral,317280,Conflicting interpretations of pathogenicity,1,86.06,G,-0.2898,1.624,-22.0426,loss_of_function,-6.15093453519249,0.9533789044739382,Pathogenic,0.9274,pathogenic,https://doi.org/10.1101/2022.10.22.513328
A620P,6.61449,7.66293,5.767149582428286,Destabilizing,Destabilizing,9.1,,,0.307,cBioPortal,,True,9.1,,,,neutral,neutral,neutral,UP,neutral,neutral,neutral,,,,85.99,H,-0.2181,2.64,-22.0426,loss_of_function,-4.36935094553173,0.7960769508324174,Pathogenic,0.9085,pathogenic,https://doi.org/10.1101/2022.10.22.513328
N621K,-0.08082,0.68197,0.2081791010185163,Neutral,Neutral,45.4,,,,mutations_clinvar,,True,45.4,,,,neutral,neutral,neutral,UP,neutral,neutral,neutral,2071959,Uncertain significance,1,86.71,H,0.0415,3.1843,-6.4329,gain_of_function,-1.7063306971596,0.0085637414380722,Benign,0.1798,benign,https://doi.org/10.1101/2022.10.22.513328
S622L,-1.42244,-1.97687,-1.1398088886309847,Neutral,Neutral,26.4,,,0.139,COSMIC,,True,26.4,,,,uncertain,,,UP,neutral,neutral,neutral,,,,89.19,H,-0.0226,2.7205,-5.5816,loss_of_function,-3.7410624929745,0.7027106559647089,Pathogenic,0.1102,benign,https://doi.org/10.1101/2022.10.22.513328
V623I,-0.94438,-0.76701,0.5700067629708391,Neutral,Neutral,0.0,,,,mutations_clinvar,,True,0.0,,,,neutral,neutral,neutral,UP,neutral,neutral,neutral,666051,Uncertain significance,1,92.03,H,-0.0529,1.3546,-0.8902,loss_of_function,-0.0384199581841953,1.8959041674261616e-05,Benign,0.0641,benign,https://doi.org/10.1101/2022.10.22.513328
M624T,3.81388,1.43231,2.809302366167552,Uncertain,Uncertain,0.1,,,,mutations_clinvar,,False,0.1,,,,neutral,neutral,neutral,DOWN,neutral,neutral,neutral,1468308,Uncertain significance,1,92.2,H,-0.1014,2.0731,-6.4262,loss_of_function,-2.29339879869966,0.1784867600420052,Benign,0.5364,ambiguous,https://doi.org/10.1101/2022.10.22.513328
M624V,3.65107,0.44184,1.2106846381812617,Uncertain,Uncertain,0.1,,,,mutations_clinvar,,False,0.1,,,,neutral,neutral,neutral,DOWN,neutral,neutral,neutral,1058907,Uncertain significance,1,92.2,H,-0.0783,2.0731,-6.1632,loss_of_function,-2.72053360125268,0.0460253213414098,Benign,0.2226,benign,https://doi.org/10.1101/2022.10.22.513328
L627V,3.9236,2.18503,2.3383982395989986,Uncertain,Uncertain,0.6,,3.9789909279e-06,0.18,COSMIC,,False,0.6,,,,neutral,neutral,neutral,DOWN,neutral,neutral,neutral,,,,95.54,H,-0.1744,0.7305,-4.9442,loss_of_function,-2.56224593695054,0.303978955354032,Benign,0.1931,benign,https://doi.org/10.1101/2022.10.22.513328
S629P,2.91298,3.75986,6.445419466595681,Uncertain,Uncertain,75.0,,,,mutations_clinvar,,False,75.0,,,,uncertain,,,UP,neutral,neutral,neutral,1414068,Uncertain significance,1,95.04,H,-0.084,2.6949,-2.2597,loss_of_function,-3.88306184856088,0.2699143454678507,Benign,0.2389,benign,https://doi.org/10.1101/2022.10.22.513328
L631F,2.43884,2.58095,1.0453144240904584,Uncertain,Uncertain,0.0,,,,mutations_clinvar,,False,0.0,,,,neutral,neutral,neutral,UP,neutral,neutral,neutral,376943,Benign/Likely benign,2,96.93,H,-0.096,1.6308,-1.2825,loss_of_function,-1.85314763681111,0.0229561047832169,Benign,0.1516,benign,https://doi.org/10.1101/2022.10.22.513328
K632Q,0.9151,0.48299,0.6507721540637265,Neutral,Neutral,52.2,,,0.143,"cBioPortal,COSMIC",,False,52.2,,,,neutral,neutral,neutral,DOWN,neutral,neutral,neutral,,,,96.4,H,0.0257,2.7701,-4.111,gain_of_function,-1.62616284012339,0.0147770386793237,Benign,0.1,benign,https://doi.org/10.1101/2022.10.22.513328
F634I,1.21676,1.33061,2.6968395382320285,Neutral,Uncertain,7.1,,,,mutations_clinvar,,False,7.1,,,,neutral,neutral,neutral,DOWN,neutral,neutral,neutral,317282,Uncertain significance,2,96.43,H,-0.1976,1.3769,-8.7312,loss_of_function,-4.8032270995846,0.13677094620365,Benign,0.3277,benign,https://doi.org/10.1101/2022.10.22.513328
F634L,1.20018,2.16939,2.1647199276873743,Uncertain,Uncertain,7.1,,,0.148,"cBioPortal,COSMIC,mutations_clinvar",,False,7.1,,,,neutral,neutral,neutral,DOWN,neutral,neutral,neutral,2428211,Uncertain significance,1,96.43,H,-0.1597,1.3769,-8.7312,loss_of_function,-4.57978342277107,0.0046963058537642,Benign,0.8997,pathogenic,https://doi.org/10.1101/2022.10.22.513328
Y635C,3.54839,3.31939,3.79554319282762,Destabilizing,Destabilizing,14.6,3.1841049481e-05,2.78580354513e-05,0.486,"cBioPortal,COSMIC,mutations_clinvar",,False,14.6,,,,uncertain,,,DOWN,neutral,neutral,neutral,456199,Uncertain significance,2,96.71,B,-0.2193,1.4076,-7.7582,loss_of_function,-5.4022432468041,0.591213116362948,Uncertain,0.1337,benign,https://doi.org/10.1101/2022.10.22.513328
E636Q,0.52658,0.79286,0.0388650473075297,Neutral,Neutral,12.8,,,,mutations_clinvar,,False,12.8,,,,neutral,neutral,neutral,UP,neutral,neutral,neutral,1018550,Uncertain significance,1,95.1,-,-0.0187,2.1207,-6.7039,loss_of_function,-2.41193789250176,0.5472634479117504,Uncertain,0.2582,benign,https://doi.org/10.1101/2022.10.22.513328
P637S,1.76624,0.80204,-0.4435722937756109,Neutral,Neutral,62.6,,,,mutations_clinvar,,False,62.6,,,,neutral,neutral,neutral,DOWN,neutral,neutral,neutral,2186266,Uncertain significance,1,92.02,-,0.0181,2.7339,-3.832,gain_of_function,-0.77006389034391,0.0280865092832784,Benign,0.1148,benign,https://doi.org/10.1101/2022.10.22.513328
D640H,0.36438,0.50034,0.2980372170288403,Neutral,Neutral,109.6,,,0.447,"cBioPortal,COSMIC",,False,109.6,,,,neutral,neutral,neutral,UP,neutral,neutral,neutral,,,,87.84,T,-0.2004,1.7011,-22.0359,loss_of_function,-5.30584516447948,0.917983258214971,Pathogenic,0.4148,ambiguous,https://doi.org/10.1101/2022.10.22.513328
D640Y,-0.24979,0.15,0.4690411288633622,Neutral,Neutral,109.6,,,0.487,COSMIC,,False,109.6,,,,neutral,neutral,neutral,UP,neutral,neutral,neutral,,,,87.84,T,-0.1683,1.7011,-8.7481,loss_of_function,-4.32458838400636,0.7200804762439528,Pathogenic,0.2776,benign,https://doi.org/10.1101/2022.10.22.513328
L642P,2.74487,2.87381,4.030409537600993,Uncertain,Uncertain,29.3,,,,mutations_clinvar,,False,29.3,,,,neutral,neutral,neutral,DOWN,neutral,neutral,neutral,1484237,Uncertain significance,1,92.04,S,-0.1982,2.4441,-6.5924,loss_of_function,-4.70672545914957,0.5793903174274436,Uncertain,0.4731,ambiguous,https://doi.org/10.1101/2022.10.22.513328
P644S,5.18385,2.76088,1.0776633742192148,Uncertain,Uncertain,0.0,,3.9789592634e-06,0.445,COSMIC,,False,0.0,,,,neutral,neutral,neutral,DOWN,neutral,neutral,neutral,,,,94.64,S,-0.1112,1.4571,-6.1463,loss_of_function,-6.0715853047352,0.7965045909706495,Pathogenic,0.8258,pathogenic,https://doi.org/10.1101/2022.10.22.513328
L647F,2.35342,-0.44796,0.6534077224126169,Uncertain,Uncertain,7.0,,,0.099,"cBioPortal,COSMIC",,False,7.0,,,,neutral,neutral,neutral,UP,neutral,neutral,neutral,,,,92.86,G,-0.1176,1.5008,-3.1699,loss_of_function,-1.32726909434224,0.1381683059806855,Benign,0.1218,benign,https://doi.org/10.1101/2022.10.22.513328
L647S,3.65225,3.62177,3.371765404369643,Destabilizing,Destabilizing,7.0,,,0.368,COSMIC,,False,7.0,,,,neutral,neutral,neutral,DOWN,neutral,neutral,neutral,,,,92.86,G,-0.243,1.5008,-8.7547,loss_of_function,-5.89214048455989,0.9222203199674956,Pathogenic,0.6883,pathogenic,https://doi.org/10.1101/2022.10.22.513328
E648Q,0.06616,0.85442,0.1171407388565498,Neutral,Neutral,70.4,,,0.158,"cBioPortal,COSMIC",,False,70.4,,,,neutral,neutral,neutral,UP,neutral,neutral,neutral,,,,90.59,G,0.0017,2.2907,-5.7549,gain_of_function,-1.89587225764979,0.0800129603825013,Benign,0.151,benign,https://doi.org/10.1101/2022.10.22.513328
C650S,1.54715,1.86463,1.522586358559343,Neutral,Neutral,0.0,,,0.565,"cBioPortal,COSMIC",,False,0.0,,,,neutral,neutral,neutral,DOWN,neutral,neutral,neutral,,,,95.59,G,-0.3159,0.9425,-6.4363,loss_of_function,-1.42197989747812,0.222402433854826,Benign,0.4393,ambiguous,https://doi.org/10.1101/2022.10.22.513328
C650Y,10.44225,10.92857,2.1492688172254835,Destabilizing,Uncertain,0.0,,,0.576,COSMIC,,False,0.0,,,,neutral,neutral,neutral,UP,neutral,neutral,neutral,,,,95.59,G,-0.3403,0.9425,-8.7581,loss_of_function,-6.68206754977484,0.922542495402072,Pathogenic,0.8332,pathogenic,https://doi.org/10.1101/2022.10.22.513328
I651V,0.75758,0.87653,1.1796189415466811,Neutral,Neutral,1.6,,,,mutations_clinvar,,True,1.6,,,,neutral,neutral,neutral,DOWN,neutral,neutral,neutral,1440598,Uncertain significance,2,94.16,E,0.0198,2.0443,-1.9933,gain_of_function,-0.271119302354339,0.006224474019888,Benign,0.0679,benign,https://doi.org/10.1101/2022.10.22.513328
L652R,0.57297,0.04898,1.149561966054759,Neutral,Neutral,49.0,,,,mutations_clinvar,,True,49.0,,,,neutral,neutral,neutral,UP,neutral,neutral,neutral,1444771,Uncertain significance,1,92.44,E,-0.1196,3.2153,-5.7347,loss_of_function,-3.25025098897002,0.0656466123262788,Benign,0.114,benign,https://doi.org/10.1101/2022.10.22.513328
Q654K,-0.48408,0.47109,-0.1804662870087886,Neutral,Neutral,77.7,,,0.175,cBioPortal,,True,77.7,,,,neutral,neutral,neutral,UP,neutral,neutral,neutral,,,,85.93,E,0.0145,2.7979,-4.585,gain_of_function,-0.947478184392444,0.3651573466213048,Uncertain,0.0773,benign,https://doi.org/10.1101/2022.10.22.513328
G655R,3.60238,4.3085,1.1581369350203112,Destabilizing,Uncertain,131.5,6.37145587767e-05,0.0004656197518287,0.121,"cBioPortal,mutations_clinvar",,True,131.5,,,,neutral,neutral,neutral,UP,neutral,neutral,neutral,414868,Conflicting interpretations of pathogenicity,1,83.5,T,-0.1828,2.082,-5.4263,loss_of_function,-1.69113691763374,0.0884234540702474,Benign,0.1596,benign,https://doi.org/10.1101/2022.10.22.513328
D656N,0.18652,-0.0051,0.1544678254826398,Neutral,Neutral,109.5,,3.979275931e-06,0.177,cBioPortal,,True,109.5,,,,neutral,neutral,neutral,-,uncertain,uncertain,uncertain,,,,81.35,T,-0.0126,2.3436,-5.1632,loss_of_function,-0.366588909294541,0.1792738916609444,Benign,0.0698,benign,https://doi.org/10.1101/2022.10.22.513328
I658F,2.51685,0.71735,0.6625254928470283,Uncertain,Uncertain,4.6,,,,mutations_clinvar,,False,4.6,,,,neutral,neutral,neutral,UP,neutral,neutral,neutral,665203,Uncertain significance,1,90.85,E,-0.0904,2.2726,-5.0511,loss_of_function,-3.60243881050433,0.0993007922657598,Benign,0.0921,benign,https://doi.org/10.1101/2022.10.22.513328
I658L,1.73044,0.35782,0.8987074411095147,Neutral,Neutral,4.6,,,,mutations_clinvar,,False,4.6,,,,neutral,neutral,neutral,-,uncertain,uncertain,uncertain,1483272,Uncertain significance,1,90.85,E,-0.0141,2.2726,-4.9442,loss_of_function,-0.361995872805801,0.5730474447879328,Uncertain,0.0981,benign,https://doi.org/10.1101/2022.10.22.513328
I658M,1.41839,1.28367,1.5651827467587789,Neutral,Neutral,4.6,,3.9794659557e-06,0.084,cBioPortal,,False,4.6,,,,neutral,neutral,neutral,-,uncertain,uncertain,uncertain,,,,90.85,E,-0.0341,2.2726,-7.7515,loss_of_function,-2.23853131748815,0.6479130814326276,Uncertain,0.0914,benign,https://doi.org/10.1101/2022.10.22.513328
S659C,-0.13644,0.53844,0.2099478157182638,Neutral,Neutral,67.7,,,0.11,"cBioPortal,COSMIC",,False,67.7,,,,uncertain,,,UP,neutral,neutral,neutral,,,,91.05,E,0.0722,3.3612,-3.8413,gain_of_function,-0.184916898214472,0.0001132378422521,Benign,0.0623,benign,https://doi.org/10.1101/2022.10.22.513328
S659F,-0.57307,-0.78605,-0.8127726512758238,Neutral,Neutral,67.7,,7.9590586025e-06,0.112,"cBioPortal,COSMIC,mutations_clinvar",,False,67.7,,,,uncertain,,,UP,neutral,neutral,neutral,1364287,Uncertain significance,1,91.05,E,0.0517,3.3612,-2.4444,gain_of_function,-0.144531139639744,3.047156454089064e-07,Benign,0.0721,benign,https://doi.org/10.1101/2022.10.22.513328
L660P,1.23017,2.35578,3.506254193606054,Uncertain,Uncertain,31.3,,,0.674,cBioPortal,,False,31.3,,,,neutral,neutral,neutral,DOWN,neutral,neutral,neutral,,,,94.18,E,-0.2857,1.484,-6.4329,loss_of_function,-4.5440646120011,0.8628994276185428,Pathogenic,0.2515,benign,https://doi.org/10.1101/2022.10.22.513328
Q661K,-0.35987,-0.41259,0.0580287649105221,Neutral,Neutral,43.2,,,0.154,cBioPortal,,False,43.2,,,,neutral,neutral,neutral,UP,neutral,neutral,neutral,,,,94.62,S,-0.0128,2.5058,-4.6641,loss_of_function,-2.14607134701072,0.0764645117584208,Benign,0.0875,benign,https://doi.org/10.1101/2022.10.22.513328
Q661R,0.431,-0.11735,-0.1406145848487433,Neutral,Neutral,43.2,,,0.175,cBioPortal,,False,43.2,,,,neutral,neutral,neutral,UP,neutral,neutral,neutral,,,,94.62,S,-0.0241,2.5058,-7.1665,loss_of_function,-4.36051041519116,0.5055739416498141,Uncertain,0.0957,benign,https://doi.org/10.1101/2022.10.22.513328
P663S,2.97422,3.09626,0.5127878110025116,Uncertain,Uncertain,0.7,,,,mutations_clinvar,,False,0.7,,,,neutral,neutral,neutral,DOWN,neutral,neutral,neutral,2173666,Uncertain significance,1,95.76,-,-0.2933,0.3594,-22.0459,loss_of_function,-7.06030388115373,0.945269837764083,Pathogenic,0.7928,pathogenic,https://doi.org/10.1101/2022.10.22.513328
D665N,0.34371,2.13129,0.6950994432383519,Uncertain,Neutral,11.9,,,0.114,"cBioPortal,COSMIC",,False,11.9,,,,neutral,neutral,neutral,-,uncertain,uncertain,uncertain,,,,96.0,H,-0.1129,2.1884,-22.0156,loss_of_function,-2.63910310628911,0.309970350192285,Benign,0.1543,benign,https://doi.org/10.1101/2022.10.22.513328
I671V,1.25481,0.91871,1.5190305887098028,Neutral,Neutral,0.0,0.0050006370238247,0.0042364698498527,0.023,"cBioPortal,COSMIC,FANCI_icope_sentieon_input,mutations_clinvar",,False,0.0,,,,neutral,neutral,neutral,DOWN,neutral,neutral,neutral,238312,Benign/Likely benign,2,96.59,H,0.0387,2.2595,-2.1787,gain_of_function,-0.227542691849374,0.0045365967844523,Benign,0.0717,benign,https://doi.org/10.1101/2022.10.22.513328
H673R,-1.23709,1.01361,0.9904766472057592,Neutral,Neutral,8.5,,,,mutations_clinvar,,False,8.5,,,,neutral,neutral,neutral,UP,neutral,neutral,neutral,1462632,Uncertain significance,1,94.56,H,-0.0113,2.562,-5.3111,loss_of_function,-3.27318308507102,0.0776631288467199,Benign,0.2034,benign,https://doi.org/10.1101/2022.10.22.513328
H673Y,-2.13647,-1.91463,0.2241821131267274,Uncertain,Uncertain,8.5,,2.81619877536e-05,0.268,"cBioPortal,COSMIC,mutations_clinvar",,False,8.5,,,,neutral,neutral,neutral,UP,neutral,neutral,neutral,408259,Uncertain significance,1,94.56,H,0.0495,2.562,-6.048,gain_of_function,-3.1661611034353,0.147909007702336,Benign,0.1205,benign,https://doi.org/10.1101/2022.10.22.513328
C674F,12.45163,4.79082,2.45674711755001,Destabilizing,Uncertain,0.0,,,,mutations_clinvar,,False,0.0,,,,neutral,neutral,neutral,UP,neutral,neutral,neutral,317283,Uncertain significance,2,93.16,H,-0.2416,1.7766,-6.278,loss_of_function,-5.55740799236107,0.7697094284608013,Pathogenic,0.7196,pathogenic,https://doi.org/10.1101/2022.10.22.513328
L675F,2.78116,3.31327,1.9216131775685064,Uncertain,Uncertain,2.5,,,0.39,"cBioPortal,COSMIC",,False,2.5,,,,neutral,neutral,neutral,UP,neutral,neutral,neutral,,,,92.33,H,-0.1347,1.4823,-6.1898,loss_of_function,-1.70293948724174,0.3023403153765537,Benign,0.2092,benign,https://doi.org/10.1101/2022.10.22.513328
A676S,0.15594,0.57789,0.8242131382981849,Neutral,Neutral,33.8,,,,mutations_clinvar,,False,33.8,,,,neutral,neutral,neutral,-,uncertain,uncertain,uncertain,456201,Uncertain significance,1,91.17,H,0.0536,2.8168,-2.7025,gain_of_function,-0.197322706253825,0.0123001334222298,Benign,0.0838,benign,https://doi.org/10.1101/2022.10.22.513328
Y678C,4.77287,3.7034,4.2661472542936725,Destabilizing,Destabilizing,7.4,,,,mutations_clinvar,,False,7.4,,,,uncertain,,,DOWN,neutral,neutral,neutral,408233,Uncertain significance,1,85.69,H,-0.0475,3.0865,-4.3663,loss_of_function,-0.468906075467064,0.00578129083766,Benign,0.1204,benign,https://doi.org/10.1101/2022.10.22.513328
K679N,0.94512,1.29082,0.6465522679426866,Neutral,Neutral,35.8,,,0.058,"cBioPortal,COSMIC",,False,35.8,,,,neutral,neutral,neutral,DOWN,neutral,neutral,neutral,,,,86.59,H,0.0021,2.801,-5.5546,gain_of_function,-2.06252006956689,0.207783147078509,Benign,0.5124,ambiguous,https://doi.org/10.1101/2022.10.22.513328
N680S,0.17932,0.51429,0.1714289454203443,Neutral,Neutral,88.2,,,0.115,COSMIC,,False,88.2,,,,neutral,neutral,neutral,DOWN,neutral,neutral,neutral,,,,85.17,H,0.0808,2.9885,-1.7285,gain_of_function,-0.0615627680072366,4.229177516328338e-05,Benign,0.0646,benign,https://doi.org/10.1101/2022.10.22.513328
T681P,6.206,6.98639,5.1014394008629225,Destabilizing,Destabilizing,51.6,,,,mutations_clinvar,,False,51.6,,,,uncertain,,,-,uncertain,uncertain,uncertain,1317034,Uncertain significance,2,83.41,H,-0.0914,3.4255,-6.4635,loss_of_function,-1.73253069427704,0.2493111809605777,Benign,0.1897,benign,https://doi.org/10.1101/2022.10.22.513328
I683T,0.42414,0.90646,1.6982968125920768,Neutral,Neutral,50.8,,,0.033,"cBioPortal,mutations_clinvar",,False,50.8,,,,neutral,neutral,neutral,DOWN,neutral,neutral,neutral,1932778,Uncertain significance,1,76.42,H,0.06,3.8501,-4.7089,gain_of_function,-0.183152094338182,8.737338776204719e-06,Benign,0.1179,benign,https://doi.org/10.1101/2022.10.22.513328
P684L,1.51492,-2.97721,-1.2291519175786283,Uncertain,Neutral,47.9,,2.00922636748e-05,0.056,"cBioPortal,mutations_clinvar",,False,47.9,,,,neutral,neutral,neutral,UP,neutral,neutral,neutral,1022514,Uncertain significance,1,76.55,H,0.0211,3.3102,-4.0268,gain_of_function,-0.261950799316541,0.0001721855179211,Benign,0.1038,benign,https://doi.org/10.1101/2022.10.22.513328
P684S,1.69451,-2.11429,-0.5042249117458331,Uncertain,Neutral,47.9,,4.0188080215e-06,0.055,cBioPortal,,False,47.9,,,,neutral,neutral,neutral,DOWN,neutral,neutral,neutral,,,,76.55,H,0.0763,3.3102,-2.8252,gain_of_function,-0.19513585075616,0.0007917946801568,Benign,0.0942,benign,https://doi.org/10.1101/2022.10.22.513328
L685S,-0.4421,0.78707,0.9858770116561694,Neutral,Neutral,83.1,,,,mutations_clinvar,,False,83.1,,,,neutral,neutral,neutral,DOWN,neutral,neutral,neutral,886709,Uncertain significance,1,71.58,H,-0.0609,3.2525,-4.6615,loss_of_function,-0.209658557679509,0.0017696786023672,Benign,0.0762,benign,https://doi.org/10.1101/2022.10.22.513328
Q686K,-0.9766,1.10204,-0.0731608633171421,Neutral,Neutral,35.6,0.0041414463204842,0.0012897782063645,0.052,"COSMIC,mutations_clinvar",,False,35.6,,,,neutral,neutral,neutral,UP,neutral,neutral,neutral,215783,Benign,2,66.52,H,0.0724,3.4037,-4.1572,gain_of_function,-0.398088509659982,0.1036971269979623,Benign,0.074,benign,https://doi.org/10.1101/2022.10.22.513328
Q686R,-0.68331,0.86633,-0.3889066567913857,Neutral,Neutral,35.6,,,,mutations_clinvar,,False,35.6,,,,neutral,neutral,neutral,UP,neutral,neutral,neutral,847634,Uncertain significance,1,66.52,H,0.0731,3.4037,-4.3177,gain_of_function,-0.418105804820001,0.0010189419534813,Benign,0.0695,benign,https://doi.org/10.1101/2022.10.22.513328
Q687H,0.32551,0.45102,-0.1089777399153868,Neutral,Neutral,87.0,,,0.071,"cBioPortal,COSMIC",,False,87.0,,,,neutral,neutral,neutral,UP,neutral,neutral,neutral,,,,55.38,T,0.1014,3.4146,-4.971,gain_of_function,-0.623828651348767,0.00245719813188,Benign,0.1074,benign,https://doi.org/10.1101/2022.10.22.513328
G688E,0.2931,-0.76088,0.7398355663064912,Neutral,Neutral,111.4,,,,mutations_clinvar,,False,111.4,,,,neutral,neutral,neutral,UP,neutral,neutral,neutral,1439610,Uncertain significance,1,55.89,T,-0.0577,3.1699,-3.8398,loss_of_function,-0.0301200616511443,,,0.0655,benign,https://doi.org/10.1101/2022.10.22.513328
G688V,-0.04983,-0.52823,1.2552741132005858,Neutral,Neutral,111.4,,,,mutations_clinvar,,False,111.4,,,,neutral,neutral,neutral,UP,neutral,neutral,neutral,456202,Uncertain significance,1,55.89,T,-0.1025,3.1699,-7.2991,loss_of_function,-0.8806843710278,,,0.0853,benign,https://doi.org/10.1101/2022.10.22.513328
E690K,-0.60496,-0.05136,0.0224162143601247,Neutral,Neutral,112.0,,4.0130021269e-06,0.113,"cBioPortal,COSMIC",,False,112.0,,,,neutral,neutral,neutral,UP,neutral,neutral,neutral,,,,50.24,-,-0.0256,2.5135,-5.4346,loss_of_function,-0.688027231034239,0.0535634090323232,Benign,0.0966,benign,https://doi.org/10.1101/2022.10.22.513328
E691K,-0.92616,-0.16803,0.1456744192059678,Neutral,Neutral,104.3,,,,mutations_clinvar,,False,104.3,,,,neutral,neutral,neutral,UP,neutral,neutral,neutral,571747,Uncertain significance,2,49.05,-,-0.0018,2.7873,-5.7083,loss_of_function,-1.50613378062264,0.1495686761895775,Benign,0.0984,benign,https://doi.org/10.1101/2022.10.22.513328
E692K,-1.71742,-0.20918,0.3413657404889614,Neutral,Neutral,52.0,,,,mutations_clinvar,,False,52.0,,,,neutral,neutral,neutral,UP,neutral,neutral,neutral,1945088,Uncertain significance,1,50.28,-,-0.0296,2.553,-6.9307,loss_of_function,-1.50877894479787,0.2965424206778859,Benign,0.1016,benign,https://doi.org/10.1101/2022.10.22.513328
E695A,-0.58006,0.15136,0.4595057872068725,Neutral,Neutral,40.3,,,,mutations_clinvar,,False,40.3,,,,neutral,neutral,neutral,DOWN,neutral,neutral,neutral,2062288,Uncertain significance,1,58.39,H,0.0393,3.0241,-6.2365,gain_of_function,-1.49900811273653,0.0346389139890658,Benign,0.1063,benign,https://doi.org/10.1101/2022.10.22.513328
E695K,-0.92208,0.27653,0.2361581189021638,Neutral,Neutral,40.3,,,,mutations_clinvar,,False,40.3,,,,neutral,neutral,neutral,UP,neutral,neutral,neutral,2167329,Uncertain significance,1,58.39,H,0.0288,3.0241,-3.9735,gain_of_function,-0.91566885367479,0.0524235877702696,Benign,0.1076,benign,https://doi.org/10.1101/2022.10.22.513328
E696K,1.06093,-1.32347,0.0355709509609381,Neutral,Neutral,73.3,,,0.034,"cBioPortal,COSMIC",,True,73.3,,,,neutral,neutral,neutral,UP,neutral,neutral,neutral,,,,66.84,H,0.0161,2.9475,-5.0875,gain_of_function,-1.32195625792649,0.009641309582687,Benign,0.0903,benign,https://doi.org/10.1101/2022.10.22.513328
A697T,0.35778,0.63571,0.1740622382060208,Neutral,Neutral,79.7,,,0.135,cBioPortal,,True,79.7,,,,neutral,neutral,neutral,UP,neutral,neutral,neutral,,,,81.1,H,0.049,3.0007,-5.7511,gain_of_function,-1.09552049635003,0.0022408910003463,Benign,0.0698,benign,https://doi.org/10.1101/2022.10.22.513328
Y699C,4.17786,3.45068,3.4267102382625216,Destabilizing,Destabilizing,5.7,,,,mutations_clinvar,,True,5.7,,,,uncertain,,,DOWN,neutral,neutral,neutral,1020437,Uncertain significance,1,87.43,H,-0.0231,3.4741,-6.566,loss_of_function,-0.596945766490359,0.0774805337955381,Benign,0.0661,benign,https://doi.org/10.1101/2022.10.22.513328
Y699N,3.50343,3.45374,3.0309560677824754,Destabilizing,Destabilizing,5.7,,,,mutations_clinvar,,True,5.7,,,,uncertain,,,DOWN,neutral,neutral,neutral,1397118,Uncertain significance,1,87.43,H,-0.1236,3.4741,-21.8538,loss_of_function,-1.53462200893131,0.0308325941084243,Benign,0.1136,benign,https://doi.org/10.1101/2022.10.22.513328
Y699S,4.65554,4.24796,3.893904370686239,Destabilizing,Destabilizing,5.7,,,,mutations_clinvar,,True,5.7,,,,uncertain,,,DOWN,neutral,neutral,neutral,839233,Uncertain significance,1,87.43,H,-0.0474,3.4741,-4.6592,loss_of_function,-2.03919821510074,0.0300982581328451,Benign,0.083,benign,https://doi.org/10.1101/2022.10.22.513328
E700K,-0.62676,-1.08299,-0.0189125313541527,Neutral,Neutral,82.6,,1.60025604097e-05,0.079,"cBioPortal,COSMIC,mutations_clinvar",,True,82.6,,,,neutral,neutral,neutral,UP,neutral,neutral,neutral,582027,Uncertain significance,1,88.08,H,0.0288,3.0697,-4.7926,gain_of_function,-0.48585027569009,0.0013574716834759,Benign,0.0632,benign,https://doi.org/10.1101/2022.10.22.513328
D704V,-0.18603,-0.51565,-0.4006273231146834,Neutral,Neutral,91.9,,,,mutations_clinvar,,True,91.9,,,,neutral,neutral,neutral,UP,neutral,neutral,neutral,2112240,Uncertain significance,1,94.36,H,0.0054,3.3949,-4.8544,gain_of_function,-1.0690621336268,0.1085064001144968,Benign,0.1042,benign,https://doi.org/10.1101/2022.10.22.513328
I705M,0.08228,1.00102,1.4829384908046,Neutral,Neutral,8.4,,,0.016,"cBioPortal,COSMIC",,True,8.4,,,,neutral,neutral,neutral,-,uncertain,uncertain,uncertain,,,,96.41,H,0.0426,2.7869,-1.9895,gain_of_function,-0.120414668883453,0.0003053422298815,Benign,0.0517,benign,https://doi.org/10.1101/2022.10.22.513328
I705T,2.57215,1.83299,3.0728408364225857,Uncertain,Uncertain,8.4,,,,mutations_clinvar,,True,8.4,,,,neutral,neutral,neutral,DOWN,neutral,neutral,neutral,1487666,Uncertain significance,1,96.41,H,-0.0381,2.7869,-4.7691,loss_of_function,-1.7994904562817,0.0403581248309764,Benign,0.1372,benign,https://doi.org/10.1101/2022.10.22.513328
E707D,1.05471,0.39388,0.3604265865884726,Neutral,Neutral,35.8,,,0.129,COSMIC,,True,35.8,,,,neutral,neutral,neutral,DOWN,neutral,neutral,neutral,,,,95.17,H,0.0385,2.4689,-3.098,gain_of_function,-0.385045672876686,0.0004961272174217,Benign,0.1353,benign,https://doi.org/10.1101/2022.10.22.513328
E707Q,0.11035,-0.51837,0.1570019068655409,Neutral,Neutral,35.8,,,0.095,"cBioPortal,COSMIC",,True,35.8,,,,neutral,neutral,neutral,UP,neutral,neutral,neutral,,,,95.17,H,0.024,2.4689,-4.5955,gain_of_function,-0.798217275233078,0.0180162892318812,Benign,0.1049,benign,https://doi.org/10.1101/2022.10.22.513328
S708F,0.90507,-0.05136,-0.8222264876123786,Neutral,Neutral,33.7,,,0.377,"cBioPortal,COSMIC",,False,33.7,,,,uncertain,,,UP,neutral,neutral,neutral,,,,96.35,H,-0.121,1.7008,-6.361,loss_of_function,-6.21523581287482,0.8739234168739027,Pathogenic,0.668,pathogenic,https://doi.org/10.1101/2022.10.22.513328
S708P,4.80356,7.20612,4.602242732918553,Destabilizing,Destabilizing,33.7,,,0.289,cBioPortal,,False,33.7,,,,uncertain,,,UP,neutral,neutral,neutral,,,,96.35,H,-0.2761,1.7008,-21.9707,loss_of_function,-6.46970400580199,0.9269786662597846,Pathogenic,0.9454,pathogenic,https://doi.org/10.1101/2022.10.22.513328
N711S,0.08873,0.18095,0.7199275456216189,Neutral,Neutral,58.7,,,0.05,cBioPortal,,False,58.7,,,,neutral,neutral,neutral,DOWN,neutral,neutral,neutral,,,,95.62,H,0.0808,3.084,-3.4594,gain_of_function,-0.318681815256857,0.0002787806075628,Benign,0.0574,benign,https://doi.org/10.1101/2022.10.22.513328
N711Y,-0.28806,-0.12245,-0.0084925917798928,Neutral,Neutral,58.7,,,,mutations_clinvar,,False,58.7,,,,neutral,neutral,neutral,UP,neutral,neutral,neutral,408240,Uncertain significance,1,95.62,H,-0.0844,3.084,-21.9566,loss_of_function,-2.86896067436818,0.1359770782623612,Benign,0.0852,benign,https://doi.org/10.1101/2022.10.22.513328
R712I,3.75027,2.84558,1.3937931084079498,Uncertain,Uncertain,5.0,,,0.539,"cBioPortal,COSMIC",,True,5.0,,,,neutral,neutral,neutral,DOWN,neutral,neutral,neutral,,,,96.42,H,-0.2888,1.6194,-21.9495,loss_of_function,-5.51836473662267,0.9326724754019332,Pathogenic,0.92,pathogenic,https://doi.org/10.1101/2022.10.22.513328
K715N,0.64277,0.26054,0.3297186115290923,Neutral,Neutral,77.4,,,0.119,"cBioPortal,COSMIC",,True,77.4,,,,neutral,neutral,neutral,DOWN,neutral,neutral,neutral,,,,93.73,H,-0.0302,2.3559,-3.858,loss_of_function,-3.04420898193461,0.2427364047715374,Benign,0.5928,pathogenic,https://doi.org/10.1101/2022.10.22.513328
S716G,1.79089,0.60374,0.7635611180474885,Neutral,Neutral,0.0,,,,mutations_clinvar,,True,0.0,,,,uncertain,,,DOWN,neutral,neutral,neutral,998824,Uncertain significance,1,93.27,-,0.0271,2.4674,-4.6653,gain_of_function,-4.20116089465383,0.8529000998481231,Pathogenic,0.1593,benign,https://doi.org/10.1101/2022.10.22.513328
S716N,2.15478,0.84558,-0.2378792701894638,Uncertain,Uncertain,0.0,,3.9800044576e-06,0.16,cBioPortal,,True,0.0,,,,uncertain,,,UP,neutral,neutral,neutral,,,,93.27,-,0.0105,2.4674,-5.3434,gain_of_function,-4.20116089465383,0.6544282091358702,Uncertain,0.5976,pathogenic,https://doi.org/10.1101/2022.10.22.513328
E722Q,-0.71138,-0.07279,0.1546470218141921,Neutral,Neutral,90.2,,,0.191,"cBioPortal,COSMIC",,False,90.2,,,,neutral,neutral,neutral,UP,neutral,neutral,neutral,,,,90.03,T,-0.0124,2.1018,-5.1255,loss_of_function,-2.89709521761565,0.4936044222861213,Uncertain,0.1844,benign,https://doi.org/10.1101/2022.10.22.513328
A727E,3.65799,1.14014,1.789392867886867,Uncertain,Uncertain,19.2,,,0.167,COSMIC,,True,19.2,,,,neutral,neutral,neutral,UP,neutral,neutral,neutral,,,,89.87,S,-0.1041,2.4199,-6.3363,loss_of_function,-5.02915655636657,0.9012883393644356,Pathogenic,0.6624,pathogenic,https://doi.org/10.1101/2022.10.22.513328
D728G,2.92873,3.04932,2.211183254426863,Uncertain,Uncertain,49.2,,,,mutations_clinvar,,True,49.2,,,,neutral,neutral,neutral,DOWN,neutral,neutral,neutral,456204,Uncertain significance,2,88.99,-,-0.1195,1.8036,-7.6581,loss_of_function,-5.06350981867194,0.5900748445810349,Uncertain,0.5351,ambiguous,https://doi.org/10.1101/2022.10.22.513328
D728H,1.7072,1.9551,0.7474625436003348,Neutral,Neutral,49.2,,,0.497,"cBioPortal,COSMIC",,True,49.2,,,,neutral,neutral,neutral,UP,neutral,neutral,neutral,,,,88.99,-,-0.1227,1.8036,-8.6581,loss_of_function,-5.06350981867194,0.9299542070127664,Pathogenic,0.6474,pathogenic,https://doi.org/10.1101/2022.10.22.513328
F729I,2.73504,5.46633,2.71882902595318,Uncertain,Uncertain,0.7,,2.78562616897e-05,0.304,"cBioPortal,mutations_clinvar",,True,0.7,,,,neutral,neutral,neutral,DOWN,neutral,neutral,neutral,887962,Uncertain significance,2,89.94,-,-0.1325,1.9908,-7.0444,loss_of_function,-4.2421291533015,0.6473198399363341,Uncertain,0.4867,ambiguous,https://doi.org/10.1101/2022.10.22.513328
S730C,0.84456,1.56599,0.6471929413404767,Neutral,Neutral,55.1,,,0.328,cBioPortal,P,False,55.1,1.017,,,damaging,neutral,uncertain,UP,neutral,neutral,neutral,,,,87.45,-,-0.0686,1.9877,-6.6653,loss_of_function,-3.47290546833389,0.7991200700725624,Pathogenic,0.1151,benign,https://doi.org/10.1101/2022.10.22.513328
S730F,-0.03808,-0.11667,-0.3481904698282301,Neutral,Neutral,55.1,,,0.357,"cBioPortal,COSMIC",P,False,55.1,1.017,,,damaging,neutral,uncertain,UP,neutral,neutral,neutral,,,,87.45,-,-0.0962,1.9877,-6.6653,loss_of_function,-4.60752063467908,0.7400133927185325,Pathogenic,0.2701,benign,https://doi.org/10.1101/2022.10.22.513328
S730P,0.56368,4.08605,4.808639574273458,Uncertain,Uncertain,55.1,,,,mutations_clinvar,P,False,55.1,1.017,,,damaging,neutral,uncertain,UP,neutral,neutral,neutral,657808,Uncertain significance,1,87.45,-,-0.1674,1.9877,-5.858,loss_of_function,-5.74878286358971,0.8872651694538676,Pathogenic,0.6351,pathogenic,https://doi.org/10.1101/2022.10.22.513328
T733A,2.27221,1.30136,0.4634156716230253,Uncertain,Uncertain,51.9,,,,mutations_clinvar,,False,51.9,,,,uncertain,,,DOWN,neutral,neutral,neutral,1376634,Uncertain significance,1,89.38,S,-0.0016,2.5573,-5.415,loss_of_function,-2.55548429209362,0.289448750226664,Benign,0.0995,benign,https://doi.org/10.1101/2022.10.22.513328
S734G,0.1911,1.18673,0.5320361103278389,Neutral,Neutral,43.6,,,,mutations_clinvar,,False,43.6,,,,uncertain,,,DOWN,neutral,neutral,neutral,845421,Uncertain significance,1,88.57,H,0.1013,3.1593,-2.5887,gain_of_function,-0.191553303317641,2.3772068356788355e-05,Benign,0.053,benign,https://doi.org/10.1101/2022.10.22.513328
I735T,0.96877,0.03707,0.6632611617809769,Neutral,Neutral,80.5,,,,mutations_clinvar,,False,80.5,,,,neutral,neutral,neutral,DOWN,neutral,neutral,neutral,408251,Uncertain significance,2,89.44,H,-0.0542,2.5978,-4.5162,loss_of_function,-0.811595385318112,0.0033914603074125,Benign,0.0495,benign,https://doi.org/10.1101/2022.10.22.513328
I735V,0.54395,-0.02483,0.2804495101944598,Neutral,Neutral,80.5,,6.76622301471e-05,0.092,"COSMIC,FANCI_icope_sentieon_input,mutations_clinvar",,False,80.5,,,,neutral,neutral,neutral,DOWN,neutral,neutral,neutral,456205,Uncertain significance,2,89.44,H,0.0752,2.5978,-1.1118,gain_of_function,-0.202408629828603,3.504933228573014e-07,Benign,0.0558,benign,https://doi.org/10.1101/2022.10.22.513328
K738E,1.33005,1.82517,1.4263754395429522,Neutral,Neutral,26.2,,,,mutations_clinvar,,False,26.2,,,,neutral,neutral,neutral,DOWN,neutral,neutral,neutral,1408892,Uncertain significance,1,92.88,H,-0.1106,1.6132,-4.9326,loss_of_function,-3.78679977815298,0.5094956694594291,Uncertain,0.2066,benign,https://doi.org/10.1101/2022.10.22.513328
I741M,0.12987,1.26463,1.3164484632726872,Neutral,Neutral,23.3,,,0.085,"cBioPortal,COSMIC",,False,23.3,,,,neutral,neutral,neutral,-,uncertain,uncertain,uncertain,,,,93.33,H,0.0069,2.553,-4.7663,gain_of_function,-2.53401477459127,0.3074952536389968,Benign,0.082,benign,https://doi.org/10.1101/2022.10.22.513328
C742R,-1.17258,1.1034,-0.3011985777424858,Neutral,Neutral,4.2,,,,mutations_clinvar,,False,4.2,,,,neutral,neutral,neutral,UP,neutral,neutral,neutral,1497110,Uncertain significance,1,94.77,H,-0.2102,2.7913,-7.0037,loss_of_function,-3.40993503586639,0.0168484806107065,Benign,0.2108,benign,https://doi.org/10.1101/2022.10.22.513328
C742S,1.32157,1.08503,1.0704466914105089,Neutral,Neutral,4.2,0.321572130415364,0.3648373093313155,0.075,"cBioPortal,COSMIC,FANCI_icope_sentieon_input,mutations_clinvar",,False,4.2,,,,neutral,neutral,neutral,DOWN,neutral,neutral,neutral,257482,Benign,2,94.77,H,-0.1347,2.7913,-4.2668,loss_of_function,-0.004058156093537,0.0032057485643472,Benign,0.1191,benign,https://doi.org/10.1101/2022.10.22.513328
F744S,1.05272,1.67313,1.704873503092306,Neutral,Neutral,47.7,,,0.12,"COSMIC,mutations_clinvar",,False,47.7,,,,neutral,neutral,neutral,DOWN,neutral,neutral,neutral,1443588,Uncertain significance,1,94.12,H,-0.0005,3.5752,-2.8854,loss_of_function,-0.0175405449918935,5.395840289775814e-07,Benign,0.059,benign,https://doi.org/10.1101/2022.10.22.513328
L745F,3.52305,2.45068,2.357680875973563,Uncertain,Uncertain,3.1,,,,mutations_clinvar,,False,3.1,,,,neutral,neutral,neutral,UP,neutral,neutral,neutral,2418784,Uncertain significance,1,95.77,H,-0.1992,1.6526,-21.9061,loss_of_function,-4.71669137162233,0.9427475140162652,Pathogenic,0.2728,benign,https://doi.org/10.1101/2022.10.22.513328
V746M,-0.27666,1.50238,1.9396196507520496,Neutral,Neutral,1.0,,,,mutations_clinvar,,False,1.0,,,,neutral,neutral,neutral,UP,neutral,neutral,neutral,2156400,Uncertain significance,1,96.28,H,-0.0721,2.1705,-4.8256,loss_of_function,-0.389055572449878,0.431365954581248,Uncertain,0.2111,benign,https://doi.org/10.1101/2022.10.22.513328
V749I,-1.56491,-0.45714,-0.2761508297599185,Neutral,Neutral,0.5,,,0.056,"cBioPortal,COSMIC",,False,0.5,,,,neutral,neutral,neutral,UP,neutral,neutral,neutral,,,,97.52,H,0.0077,2.0638,-1.7948,gain_of_function,-0.193488173273598,0.0012841079299758,Benign,0.0633,benign,https://doi.org/10.1101/2022.10.22.513328
C750R,4.23598,3.48367,2.507574308052758,Destabilizing,Uncertain,0.0,,,,mutations_clinvar,,False,0.0,,,,neutral,neutral,neutral,UP,neutral,neutral,neutral,929727,Pathogenic,0,97.62,H,-0.3286,2.3317,-21.9316,loss_of_function,-4.66293986939177,0.7917718759660739,Pathogenic,0.8041,pathogenic,https://doi.org/10.1101/2022.10.22.513328
V752G,3.06559,3.52279,4.715398458495861,Destabilizing,Destabilizing,4.2,,,,mutations_clinvar,,False,4.2,,,,neutral,neutral,neutral,DOWN,neutral,neutral,neutral,1996129,Uncertain significance,1,97.22,H,-0.2291,1.7226,-4.7655,loss_of_function,-5.85106099761619,0.6445414997856694,Uncertain,0.3532,ambiguous,https://doi.org/10.1101/2022.10.22.513328
I754M,-0.10852,0.78844,1.197457711076807,Neutral,Neutral,0.1,,,0.086,COSMIC,,False,0.1,,,,neutral,neutral,neutral,-,uncertain,uncertain,uncertain,,,,97.85,H,-0.055,1.7059,-1.6209,loss_of_function,-0.258685525569682,0.0004774793377545,Benign,0.0442,benign,https://doi.org/10.1101/2022.10.22.513328
I754T,2.60321,2.93401,2.582670696157561,Uncertain,Uncertain,0.1,,,,mutations_clinvar,,False,0.1,,,,neutral,neutral,neutral,DOWN,neutral,neutral,neutral,2269902,Uncertain significance,1,97.85,H,-0.1494,1.7059,-7.0803,loss_of_function,-3.44648850402511,0.7431020511365608,Pathogenic,0.2402,benign,https://doi.org/10.1101/2022.10.22.513328
Y756D,7.16562,4.75952,5.088167383859301,Destabilizing,Destabilizing,5.5,,,,mutations_clinvar,,False,5.5,,,,uncertain,,,DOWN,neutral,neutral,neutral,1358120,Uncertain significance,1,96.59,H,-0.3477,1.2593,-21.714,loss_of_function,-5.39087595084581,0.9297843163174428,Pathogenic,0.8476,pathogenic,https://doi.org/10.1101/2022.10.22.513328
Y756H,4.40525,1.19932,2.6273610350223384,Uncertain,Uncertain,5.5,,,,mutations_clinvar,,False,5.5,,,,uncertain,,,DOWN,neutral,neutral,neutral,938900,Uncertain significance,2,96.59,H,-0.1468,1.2593,-3.2168,loss_of_function,-1.06144851160159,0.0141782513875924,Benign,0.382,ambiguous,https://doi.org/10.1101/2022.10.22.513328
N757S,2.918,0.70748,1.5676132263400804,Uncertain,Uncertain,0.0,,7.9668578713e-06,0.159,"cBioPortal,mutations_clinvar",,False,0.0,,,,neutral,neutral,neutral,DOWN,neutral,neutral,neutral,1372928,Uncertain significance,1,96.56,H,0.0109,2.3188,-3.3626,gain_of_function,-1.70398534287399,0.0516537182747933,Benign,0.0859,benign,https://doi.org/10.1101/2022.10.22.513328
F758C,3.70494,3.70578,4.541409686325586,Destabilizing,Destabilizing,15.9,,,,mutations_clinvar,,False,15.9,,,,neutral,neutral,neutral,DOWN,neutral,neutral,neutral,582328,Uncertain significance,1,95.52,H,-0.1915,1.6399,-7.5391,loss_of_function,-4.29709799267944,0.2208014192673043,Benign,0.4154,ambiguous,https://doi.org/10.1101/2022.10.22.513328
I760M,-0.1236,0.26531,0.5953317585485063,Neutral,Neutral,29.2,,,0.063,"COSMIC,mutations_clinvar",,False,29.2,,,,neutral,neutral,neutral,-,uncertain,uncertain,uncertain,2000576,Uncertain significance,1,91.4,H,0.0581,3.1532,-5.5622,gain_of_function,-0.736350074738353,0.0195180720050052,Benign,0.0936,benign,https://doi.org/10.1101/2022.10.22.513328
I760T,1.29401,0.56973,1.2183892260571412,Neutral,Neutral,29.2,,,0.07,COSMIC,,False,29.2,,,,neutral,neutral,neutral,DOWN,neutral,neutral,neutral,,,,91.4,H,0.0051,3.1532,-2.9184,gain_of_function,-0.512594444397332,0.0014181538315959,Benign,0.1097,benign,https://doi.org/10.1101/2022.10.22.513328
I760V,0.1928,0.33571,0.5683752974414447,Neutral,Neutral,29.2,,1.99220648822e-05,0.126,"cBioPortal,COSMIC,mutations_clinvar",,False,29.2,,,,neutral,neutral,neutral,DOWN,neutral,neutral,neutral,238315,Uncertain significance,2,91.4,H,0.11,3.1532,-4.3143,gain_of_function,-0.176227609523177,0.0044163737120778,Benign,0.0661,benign,https://doi.org/10.1101/2022.10.22.513328
S761I,6.69442,4.09286,1.6557158958653944,Destabilizing,Uncertain,4.9,,,0.121,cBioPortal,,False,4.9,,,,uncertain,,,UP,neutral,neutral,neutral,,,,87.02,-,-0.0329,2.8144,-8.5659,loss_of_function,-3.52981941610349,0.3854171988327458,Uncertain,0.3419,ambiguous,https://doi.org/10.1101/2022.10.22.513328
S762C,1.88879,0.72109,0.4671949745810927,Neutral,Neutral,105.4,,,0.109,"cBioPortal,COSMIC",,False,105.4,,,,uncertain,,,UP,neutral,neutral,neutral,,,,86.04,T,-0.0266,2.55,-8.5659,loss_of_function,-0.0162986648488581,0.181614414170725,Benign,0.0851,benign,https://doi.org/10.1101/2022.10.22.513328
F763Y,-0.03228,0.25646,1.4066747016309036,Neutral,Neutral,33.0,,,,mutations_clinvar,,False,33.0,,,,neutral,neutral,neutral,-,uncertain,uncertain,uncertain,2047758,Uncertain significance,1,89.1,T,0.0516,3.1388,-1.8783,gain_of_function,-0.807160086441127,0.0004676663227299,Benign,0.1083,benign,https://doi.org/10.1101/2022.10.22.513328
S764R,-0.30724,-0.54626,-0.3437272768639016,Neutral,Neutral,55.0,,,,mutations_clinvar,,False,55.0,,,,uncertain,,,UP,neutral,neutral,neutral,1997582,Uncertain significance,1,92.13,-,-0.1254,1.8588,-6.9772,loss_of_function,-2.43808059942238,0.5071056079827838,Uncertain,0.6379,pathogenic,https://doi.org/10.1101/2022.10.22.513328
N766Y,0.25183,-0.26497,-0.2878562866527878,Neutral,Neutral,96.8,,,0.141,COSMIC,,False,96.8,,,,neutral,neutral,neutral,UP,neutral,neutral,neutral,,,,93.17,H,-0.0502,2.7125,-8.5545,loss_of_function,-2.90702084145767,0.7857968887282193,Pathogenic,0.1111,benign,https://doi.org/10.1101/2022.10.22.513328
R767G,1.95704,2.47551,2.276702157720635,Uncertain,Uncertain,28.6,,,,mutations_clinvar,,False,28.6,,,,neutral,neutral,neutral,DOWN,neutral,neutral,neutral,1722017,Uncertain significance,1,93.81,H,-0.0555,3.3477,-6.2249,loss_of_function,-0.9110557583181,0.0055614950570975,Benign,0.1085,benign,https://doi.org/10.1101/2022.10.22.513328
R767M,0.59613,0.59422,0.1386949354121758,Neutral,Neutral,28.6,,,0.097,"cBioPortal,mutations_clinvar",,False,28.6,,,,neutral,neutral,neutral,DOWN,neutral,neutral,neutral,526326,Uncertain significance,1,93.81,H,-0.0681,3.3477,-21.8346,loss_of_function,-1.53582034279502,0.3930248226816186,Uncertain,0.1967,benign,https://doi.org/10.1101/2022.10.22.513328
F768Y,-0.43193,0.38333,1.0841068058532517,Neutral,Neutral,0.4,,,,mutations_clinvar,,False,0.4,,,,neutral,neutral,neutral,-,uncertain,uncertain,uncertain,1903733,Uncertain significance,1,95.67,H,-0.0201,2.6735,-7.543,loss_of_function,-1.04197450458862,0.6166407173670746,Uncertain,0.2057,benign,https://doi.org/10.1101/2022.10.22.513328
E769A,0.51864,0.19694,0.4286136700302806,Neutral,Neutral,54.9,,,,mutations_clinvar,,False,54.9,,,,neutral,neutral,neutral,DOWN,neutral,neutral,neutral,2036987,Uncertain significance,1,96.36,H,-0.0495,2.0996,-6.9542,loss_of_function,-4.02545210413571,0.6859963872184196,Pathogenic,0.233,benign,https://doi.org/10.1101/2022.10.22.513328
D770G,0.3739,1.07245,1.1709499255604674,Neutral,Neutral,32.0,6.36902108146e-05,3.9790225929e-06,0.05,cBioPortal,,False,32.0,,,,neutral,neutral,neutral,DOWN,neutral,neutral,neutral,,,,96.75,H,0.0109,3.0529,-4.6361,gain_of_function,-1.28128443855971,0.5549507362784049,Uncertain,0.094,benign,https://doi.org/10.1101/2022.10.22.513328
I771T,3.22931,2.84456,2.923227058981718,Uncertain,Uncertain,0.5,,,0.199,"cBioPortal,COSMIC",,False,0.5,,,,neutral,neutral,neutral,DOWN,neutral,neutral,neutral,,,,97.26,H,-0.1076,2.1526,-6.958,loss_of_function,-1.43154376957734,0.0349972245059623,Benign,0.2279,benign,https://doi.org/10.1101/2022.10.22.513328
L772V,1.84492,0.92891,1.354675823435016,Neutral,Neutral,20.4,,7.9569054004e-06,0.18,cBioPortal,,False,20.4,,,,neutral,neutral,neutral,DOWN,neutral,neutral,neutral,,,,96.98,H,-0.0222,2.3449,-4.225,loss_of_function,-0.863693330869297,0.0373925079661387,Benign,0.0996,benign,https://doi.org/10.1101/2022.10.22.513328
S773N,-0.45577,-0.3483,-0.3606244280418552,Neutral,Neutral,48.1,,,,mutations_clinvar,,False,48.1,,,,uncertain,,,UP,neutral,neutral,neutral,456206,Uncertain significance,1,97.37,H,0.0704,3.049,-4.0913,gain_of_function,-0.227598493885458,0.0175892240906739,Benign,0.0832,benign,https://doi.org/10.1101/2022.10.22.513328
F775I,1.82748,2.4068,3.3379103721447656,Uncertain,Uncertain,3.2,,,0.457,"cBioPortal,COSMIC",,False,3.2,,,,neutral,neutral,neutral,DOWN,neutral,neutral,neutral,,,,97.29,H,-0.3088,0.8942,-21.823,loss_of_function,-6.07247379731213,0.948800398443786,Pathogenic,0.6608,pathogenic,https://doi.org/10.1101/2022.10.22.513328
M776I,0.48774,0.06259,0.0563286825170317,Neutral,Neutral,46.1,,,0.014,"COSMIC,mutations_clinvar",,False,46.1,,,,neutral,neutral,neutral,-,uncertain,uncertain,uncertain,936180,Uncertain significance,2,96.66,H,0.0666,3.2537,-5.3536,gain_of_function,-0.0039713692306912,0.0278747685076902,Benign,0.1474,benign,https://doi.org/10.1101/2022.10.22.513328
M776R,0.91518,-0.04762,0.3134449143832424,Neutral,Neutral,46.1,,,,mutations_clinvar,,False,46.1,,,,neutral,neutral,neutral,UP,neutral,neutral,neutral,2010851,Uncertain significance,1,96.66,H,-0.1039,3.2537,-4.9386,loss_of_function,-0.74816971699454,4.956316774361324e-05,Benign,0.0858,benign,https://doi.org/10.1101/2022.10.22.513328
M776V,1.38453,0.14048,0.3231475533816064,Neutral,Neutral,46.1,,,,mutations_clinvar,,False,46.1,,,,neutral,neutral,neutral,DOWN,neutral,neutral,neutral,452060,Uncertain significance,2,96.66,H,0.0264,3.2537,-6.9386,gain_of_function,-1.50459355597617,0.0030519957193077,Benign,0.063,benign,https://doi.org/10.1101/2022.10.22.513328
K779R,0.17531,0.83231,-0.147644592913767,Neutral,Neutral,29.2,,,,mutations_clinvar,,False,29.2,,,,neutral,neutral,neutral,-,uncertain,uncertain,uncertain,1440404,Uncertain significance,1,94.11,H,0.1259,3.2071,-5.2133,gain_of_function,-0.669196831381635,0.0016149257868326,Benign,0.0746,benign,https://doi.org/10.1101/2022.10.22.513328
K780E,0.81801,0.21837,0.7105615463577697,Neutral,Neutral,75.1,,,0.122,COSMIC,,False,75.1,,,,neutral,neutral,neutral,DOWN,neutral,neutral,neutral,,,,94.12,H,-0.0464,2.289,-4.5353,loss_of_function,-0.90757608487325,0.0853003857468161,Benign,0.1503,benign,https://doi.org/10.1101/2022.10.22.513328
L781I,0.88013,0.50272,1.2216429245694571,Neutral,Neutral,0.0,,4.77285201772e-05,0.049,"cBioPortal,mutations_clinvar",,False,0.0,,,,neutral,neutral,neutral,-,uncertain,uncertain,uncertain,835139,Uncertain significance,2,92.95,H,-0.0571,1.5486,-3.8153,loss_of_function,-0.937669589411796,0.0134572151966126,Benign,0.0758,benign,https://doi.org/10.1101/2022.10.22.513328
L781P,6.80319,12.26156,9.335961446233982,Destabilizing,Destabilizing,0.0,,3.9774399605e-06,0.697,"COSMIC,mutations_clinvar",,False,0.0,,,,neutral,neutral,neutral,DOWN,neutral,neutral,neutral,2414972,Uncertain significance,1,92.95,H,-0.3582,1.5486,-21.8034,loss_of_function,-4.34254538131819,0.9086953391356148,Pathogenic,0.8967,pathogenic,https://doi.org/10.1101/2022.10.22.513328
S782A,-0.7061,-1.05782,-0.8218130591140577,Neutral,Neutral,28.2,,,0.106,"cBioPortal,COSMIC",P,False,28.2,0.525,,,damaging,neutral,uncertain,-,uncertain,uncertain,uncertain,,,,92.43,H,0.0786,2.8801,-3.8074,gain_of_function,-0.267712678361803,0.0129265439297148,Benign,0.064,benign,https://doi.org/10.1101/2022.10.22.513328
S782F,-2.4956,0.3551,-1.1777539933032737,Uncertain,Uncertain,28.2,,,0.21,"cBioPortal,COSMIC",P,False,28.2,0.525,,,damaging,uncertain,uncertain,UP,neutral,neutral,neutral,,,,92.43,H,-0.0058,2.8801,-5.0484,loss_of_function,-1.52519238547066,0.1897124946246383,Benign,0.1545,benign,https://doi.org/10.1101/2022.10.22.513328
D783E,-0.23315,0.74184,-0.1508665432867201,Neutral,Neutral,64.7,,,,mutations_clinvar,,False,64.7,,,,neutral,neutral,neutral,UP,neutral,neutral,neutral,435158,Uncertain significance,1,91.25,H,-0.004,1.9855,-1.2829,loss_of_function,-0.63675496898589,6.220537857479181e-05,Benign,0.1346,benign,https://doi.org/10.1101/2022.10.22.513328
D783G,0.21622,1.73163,0.9578402674018318,Neutral,Neutral,64.7,,,,mutations_clinvar,,False,64.7,,,,neutral,neutral,neutral,DOWN,neutral,neutral,neutral,526429,Uncertain significance,1,91.25,H,-0.0918,1.9855,-5.5117,loss_of_function,-2.76302847304742,0.0667028103274996,Benign,0.1522,benign,https://doi.org/10.1101/2022.10.22.513328
I784L,0.48402,1.29796,0.791198181094698,Neutral,Neutral,3.1,,,,mutations_clinvar,,False,3.1,,,,neutral,neutral,neutral,-,uncertain,uncertain,uncertain,1386408,Uncertain significance,2,90.72,H,0.001,2.3499,-3.3785,gain_of_function,-0.970524431551188,0.0015042362255003,Benign,0.1048,benign,https://doi.org/10.1101/2022.10.22.513328
L785V,2.05987,1.29048,1.5467331525016963,Uncertain,Uncertain,13.4,,,0.098,COSMIC,,False,13.4,,,,neutral,neutral,neutral,DOWN,neutral,neutral,neutral,,,,89.8,H,-0.0615,1.9158,-4.1938,loss_of_function,-0.556766681413091,0.0792666621906487,Benign,0.0797,benign,https://doi.org/10.1101/2022.10.22.513328
N786I,0.10323,-0.58299,-0.4698993183342936,Neutral,Neutral,80.4,,,,mutations_clinvar,,False,80.4,,,,neutral,neutral,neutral,UP,neutral,neutral,neutral,2357397,Uncertain significance,1,86.48,H,-0.0931,2.3484,-8.5234,loss_of_function,-1.46501508444783,0.0897310629477793,Benign,0.0916,benign,https://doi.org/10.1101/2022.10.22.513328
A789V,0.74182,2.42619,0.505403898869472,Uncertain,Neutral,76.1,,,0.163,"cBioPortal,mutations_clinvar",,False,76.1,,,,neutral,neutral,neutral,UP,neutral,neutral,neutral,958261,Uncertain significance,1,73.25,H,0.0256,2.6926,-5.3692,gain_of_function,-2.46777587848611,0.0716673741358791,Benign,0.0971,benign,https://doi.org/10.1101/2022.10.22.513328
A792P,1.57724,8.3034,3.731926382181165,Uncertain,Uncertain,78.6,,,0.08,"cBioPortal,COSMIC",,True,78.6,,,,neutral,neutral,neutral,UP,neutral,neutral,neutral,,,,51.41,-,-0.1281,2.7013,-5.5078,loss_of_function,-3.1747961544373,0.0009634107724111,Benign,0.1106,benign,https://doi.org/10.1101/2022.10.22.513328
T794I,-0.45122,-0.46939,-0.170277787127786,Neutral,Neutral,93.6,,,0.101,COSMIC,,True,93.6,,,,uncertain,,,UP,neutral,neutral,neutral,,,,39.93,-,0.0432,3.3522,-5.8826,gain_of_function,-0.468614189534616,0.0305124450829844,Benign,0.0947,benign,https://doi.org/10.1101/2022.10.22.513328
T794N,-0.27571,-0.45986,-0.0814182939070634,Neutral,Neutral,93.6,,,0.086,"cBioPortal,COSMIC",,True,93.6,,,,uncertain,,,-,uncertain,uncertain,uncertain,,,,39.93,-,0.0207,3.3522,-4.4676,gain_of_function,-0.962227282826952,0.006793570853417,Benign,0.0764,benign,https://doi.org/10.1101/2022.10.22.513328
K795N,0.68813,0.23707,-0.1286165242994286,Neutral,Neutral,108.2,,,0.129,"cBioPortal,COSMIC",,True,108.2,,,,neutral,neutral,neutral,DOWN,neutral,neutral,destabilizing,,,,41.57,T,-0.0187,2.5927,-5.8826,loss_of_function,-1.79980442780077,0.0400868644130749,Benign,0.31,benign,https://doi.org/10.1101/2022.10.22.513328
M796I,0.00091,0.17041,0.1340404836455366,Neutral,Neutral,101.0,,,0.034,COSMIC,,True,101.0,,,,neutral,neutral,neutral,-,uncertain,uncertain,uncertain,,,,34.99,T,0.105,3.6293,-4.6049,gain_of_function,-0.119196035557786,0.0044301980261399,Benign,0.0996,benign,https://doi.org/10.1101/2022.10.22.513328
M796T,0.23531,0.38027,0.2221269832968897,Neutral,Neutral,101.0,,,0.065,"cBioPortal,COSMIC",,True,101.0,,,,neutral,neutral,neutral,DOWN,neutral,neutral,destabilizing,,,,34.99,T,0.0586,3.6293,-3.1454,gain_of_function,-0.0804475279831683,9.842209951076932e-06,Benign,0.0612,benign,https://doi.org/10.1101/2022.10.22.513328
A797T,0.50187,1.64524,0.3453199071674262,Neutral,Neutral,81.7,,,0.053,"cBioPortal,COSMIC",,True,81.7,,,,neutral,neutral,neutral,UP,neutral,neutral,neutral,,,,34.67,-,0.0625,2.991,-2.9211,gain_of_function,-0.0880851588413918,9.729664129221583e-05,Benign,0.067,benign,https://doi.org/10.1101/2022.10.22.513328
A797V,0.39004,1.55034,0.2827931014143742,Neutral,Neutral,81.7,,,,mutations_clinvar,,True,81.7,,,,neutral,neutral,neutral,UP,neutral,neutral,neutral,848936,Likely benign,1,34.67,-,0.058,2.991,-4.3883,gain_of_function,-0.881862379762865,0.0005238443936932,Benign,0.0842,benign,https://doi.org/10.1101/2022.10.22.513328
N798K,0.16908,0.13844,0.2713330844911338,Neutral,Neutral,119.5,,,,mutations_clinvar,,True,119.5,,,,neutral,neutral,neutral,UP,neutral,neutral,neutral,2082414,Uncertain significance,1,36.19,-,0.0311,2.9681,-4.5809,gain_of_function,-1.2190160325068,0.0072337453579188,Benign,0.1239,benign,https://doi.org/10.1101/2022.10.22.513328
N798S,0.56669,0.45782,0.4382731348900154,Neutral,Neutral,119.5,,,,mutations_clinvar,,True,119.5,,,,neutral,neutral,neutral,DOWN,neutral,neutral,destabilizing,582330,Uncertain significance,1,36.19,-,0.0741,2.9681,-2.6805,gain_of_function,-0.254946365287741,9.660262793109716e-05,Benign,0.0533,benign,https://doi.org/10.1101/2022.10.22.513328
K799N,0.32951,0.57653,0.0822007206978453,Neutral,Neutral,95.0,,,0.213,"cBioPortal,COSMIC",,True,95.0,,,,neutral,neutral,neutral,DOWN,neutral,neutral,destabilizing,,,,41.33,-,-0.0642,2.0165,-4.4084,loss_of_function,-2.1021463254184,0.2249147946864581,Benign,0.2645,benign,https://doi.org/10.1101/2022.10.22.513328
T800A,-0.20877,0.25408,0.0592476980980138,Neutral,Neutral,89.7,,,,mutations_clinvar,P,False,89.7,0.732,,,damaging,neutral,uncertain,DOWN,neutral,neutral,neutral,953291,Uncertain significance,1,52.22,-,0.0254,2.8159,-4.7793,gain_of_function,-0.239569163020017,0.0014843602873204,Benign,0.0692,benign,https://doi.org/10.1101/2022.10.22.513328
D802N,0.38437,1.47687,0.3200747402379805,Neutral,Neutral,73.0,,,0.199,"cBioPortal,COSMIC",,False,73.0,,,,neutral,neutral,neutral,-,uncertain,uncertain,uncertain,,,,81.32,-,0.0439,2.8715,-3.6015,gain_of_function,-0.349833976565267,0.0004121241122308,Benign,0.0722,benign,https://doi.org/10.1101/2022.10.22.513328
S803G,2.52938,1.14252,0.9764453487133606,Uncertain,Uncertain,6.3,,,0.414,COSMIC,,False,6.3,,,,uncertain,,,DOWN,neutral,neutral,neutral,,,,93.0,-,-0.0666,1.5503,-6.4878,loss_of_function,-5.11536835001654,0.8830268691614969,Pathogenic,0.1324,benign,https://doi.org/10.1101/2022.10.22.513328
S806F,4.16553,1.62245,-0.2565595456671909,Uncertain,Uncertain,4.7,,,0.623,COSMIC,,True,4.7,,,,uncertain,,,UP,neutral,neutral,neutral,,,,94.71,-,-0.2046,1.6466,-21.7675,loss_of_function,-5.89162708147745,0.9325352028886744,Pathogenic,0.9051,pathogenic,https://doi.org/10.1101/2022.10.22.513328
S806P,3.95661,1.70136,4.273834167854523,Uncertain,Destabilizing,4.7,,,0.631,"cBioPortal,COSMIC",,True,4.7,,,,uncertain,,,UP,neutral,neutral,neutral,,,,94.71,-,-0.2041,1.6466,-6.8948,loss_of_function,-5.89162708147745,0.8918057360714776,Pathogenic,0.7395,pathogenic,https://doi.org/10.1101/2022.10.22.513328
M807I,1.54232,0.82381,-0.3995190654679231,Neutral,Neutral,2.4,,,,mutations_clinvar,,True,2.4,,,,neutral,neutral,neutral,-,uncertain,uncertain,uncertain,1491138,Uncertain significance,1,95.51,H,-0.0245,2.2157,-4.4798,loss_of_function,-0.833369475438641,0.0031239922488714,Benign,0.315,benign,https://doi.org/10.1101/2022.10.22.513328
M807V,2.83863,1.43844,0.1241073834005118,Uncertain,Uncertain,2.4,6.3682098962e-05,3.9769337841e-06,0.217,"cBioPortal,COSMIC,mutations_clinvar",,True,2.4,,,,neutral,neutral,neutral,DOWN,neutral,neutral,neutral,1385330,Uncertain significance,2,95.51,H,-0.0719,2.2157,-7.4797,loss_of_function,-0.740825052204507,0.0178393069383147,Benign,0.0845,benign,https://doi.org/10.1101/2022.10.22.513328
K808T,0.02314,0.73503,0.3976058868077453,Neutral,Neutral,80.8,,,0.059,cBioPortal,,True,80.8,,,,neutral,neutral,neutral,DOWN,neutral,neutral,neutral,,,,95.5,H,0.0244,3.1024,-5.8948,gain_of_function,-0.96746166767408,0.001231776338321,Benign,0.1187,benign,https://doi.org/10.1101/2022.10.22.513328
V810A,2.55608,2.11327,2.7978217916826944,Uncertain,Uncertain,0.6,,,0.3,cBioPortal,,False,0.6,,,,neutral,neutral,neutral,DOWN,neutral,neutral,neutral,,,,97.42,H,-0.0598,2.184,-4.5688,loss_of_function,-1.8162363486782,0.2817652007720693,Benign,0.2927,benign,https://doi.org/10.1101/2022.10.22.513328
V810L,0.06521,0.8466,0.7124690784019988,Neutral,Neutral,0.6,,,,mutations_clinvar,,False,0.6,,,,neutral,neutral,neutral,UP,neutral,neutral,neutral,1034843,Uncertain significance,1,97.42,H,-0.0554,2.184,-3.5688,loss_of_function,-0.976067392723674,0.010411678986788,Benign,0.3095,benign,https://doi.org/10.1101/2022.10.22.513328
S812G,0.80812,0.76259,0.5843892947496334,Neutral,Neutral,56.0,6.368615463e-05,3.97721849248e-05,0.036,"cBioPortal,COSMIC,mutations_clinvar",,False,56.0,,,,uncertain,,,DOWN,neutral,neutral,neutral,408252,Uncertain significance,2,96.1,H,0.0683,3.0715,-7.4838,gain_of_function,-1.03822709972867,0.0009194998561208,Benign,0.068,benign,https://doi.org/10.1101/2022.10.22.513328
L814V,3.25505,2.49694,2.049321812577544,Uncertain,Uncertain,0.0,,,,mutations_clinvar,,False,0.0,,,,neutral,neutral,neutral,DOWN,neutral,neutral,neutral,1061228,Uncertain significance,1,97.94,H,-0.0968,1.5443,-4.4004,loss_of_function,-1.08089180873929,0.2354862978519764,Benign,0.2106,benign,https://doi.org/10.1101/2022.10.22.513328
T815I,-1.62697,0.18333,-0.5034699249561153,Neutral,Neutral,51.9,,,0.083,COSMIC,,False,51.9,,,,uncertain,,,UP,neutral,neutral,neutral,,,,95.7,H,-0.0191,2.6528,-5.4878,loss_of_function,-1.70625359812155,0.3092820936390307,Benign,0.1487,benign,https://doi.org/10.1101/2022.10.22.513328
A816G,1.96459,1.95612,2.2165103327220668,Neutral,Uncertain,7.1,0.0038535031847134,0.0021955119281527,0.137,"cBioPortal,mutations_clinvar",,False,7.1,,,,neutral,neutral,neutral,DOWN,neutral,neutral,neutral,1600715,Benign,1,95.68,H,0.0041,2.7577,-5.6805,gain_of_function,-2.52877431093398,0.1051570660245825,Benign,0.1517,benign,https://doi.org/10.1101/2022.10.22.513328
F818C,5.15802,4.52041,4.403355431925931,Destabilizing,Destabilizing,7.1,,,0.579,"cBioPortal,COSMIC",,False,7.1,,,,neutral,neutral,neutral,DOWN,neutral,neutral,neutral,,,,94.72,H,-0.2566,1.7221,-21.7715,loss_of_function,-4.86924262374761,0.4259136729737091,Uncertain,0.835,pathogenic,https://doi.org/10.1101/2022.10.22.513328
R819G,2.03515,1.57279,2.9709841332045386,Uncertain,Uncertain,26.7,,,,mutations_clinvar,,False,26.7,,,,neutral,neutral,neutral,DOWN,neutral,neutral,neutral,570964,Uncertain significance,1,91.81,T,-0.1123,2.6872,-5.4594,loss_of_function,-4.06622967119062,0.3254843510378857,Uncertain,0.4716,ambiguous,https://doi.org/10.1101/2022.10.22.513328
D820N,1.13372,0.15748,0.2663392460738778,Neutral,Neutral,18.2,,,,mutations_clinvar,,False,18.2,,,,neutral,neutral,neutral,-,uncertain,uncertain,uncertain,1484240,Uncertain significance,1,91.55,-,-0.0514,1.8708,-4.2479,loss_of_function,-0.907792255453313,0.2659448088184808,Benign,0.5474,ambiguous,https://doi.org/10.1101/2022.10.22.513328
D820Y,0.62364,1.16973,0.2684263600972264,Neutral,Neutral,18.2,,,,mutations_clinvar,,False,18.2,,,,neutral,neutral,neutral,UP,neutral,neutral,neutral,1379678,Uncertain significance,1,91.55,-,-0.151,1.8708,-8.4177,loss_of_function,-4.15975020291224,0.894067878041834,Pathogenic,0.7555,pathogenic,https://doi.org/10.1101/2022.10.22.513328
S821N,-0.0552,-0.31156,-0.3096589206811617,Neutral,Neutral,99.0,,,,mutations_clinvar,,False,99.0,,,,uncertain,,,UP,neutral,neutral,neutral,1319328,Uncertain significance,1,87.5,-,0.0394,2.6334,-2.6672,gain_of_function,-0.151381499457812,0.000252692879117,Benign,0.0728,benign,https://doi.org/10.1101/2022.10.22.513328
H825Y,-0.22726,-0.19694,0.369795526621649,Neutral,Neutral,22.0,,,,mutations_clinvar,,False,22.0,,,,neutral,neutral,neutral,UP,neutral,neutral,neutral,2199047,Uncertain significance,1,91.42,G,0.0879,2.9553,-5.6063,gain_of_function,-2.14552899051531,0.6246040091642886,Uncertain,0.2799,benign,https://doi.org/10.1101/2022.10.22.513328
E827D,-0.01699,0.22619,0.3793976129625276,Neutral,Neutral,76.9,,,,mutations_clinvar,,True,76.9,,,,neutral,neutral,neutral,DOWN,neutral,neutral,neutral,435159,Uncertain significance,2,91.03,H,0.0049,2.1286,-3.5514,gain_of_function,-0.696635468148446,0.0238511859405409,Benign,0.1222,benign,https://doi.org/10.1101/2022.10.22.513328
S828R,6.40539,0.24728,2.386879214481976,Uncertain,Uncertain,5.9,,,,mutations_clinvar,,True,5.9,,,,uncertain,,,UP,neutral,neutral,neutral,1715683,Uncertain significance,1,92.07,H,-0.0544,2.6544,-7.4051,loss_of_function,-3.04370936946645,0.7504061313408575,Pathogenic,0.9225,pathogenic,https://doi.org/10.1101/2022.10.22.513328
R833G,5.95884,3.30782,2.614061798535708,Destabilizing,Uncertain,30.4,,,,mutations_clinvar,,True,30.4,,,,neutral,neutral,neutral,DOWN,neutral,neutral,neutral,2049757,Uncertain significance,1,94.72,H,-0.2331,1.4284,-6.422,loss_of_function,-4.47368419640846,0.3376039909277778,Uncertain,0.7364,pathogenic,https://doi.org/10.1101/2022.10.22.513328
R833W,4.74709,0.93197,0.192461337154306,Uncertain,Uncertain,30.4,,,0.555,"cBioPortal,COSMIC",,True,30.4,,,,neutral,neutral,neutral,UP,neutral,neutral,neutral,,,,94.72,H,-0.2256,1.4284,-8.4219,loss_of_function,-4.4786199285959,0.8469754718424367,Pathogenic,0.5392,ambiguous,https://doi.org/10.1101/2022.10.22.513328
S834F,0.56585,0.89626,-0.19862132898255,Neutral,Neutral,76.0,,,0.37,"cBioPortal,COSMIC",,True,76.0,,,,uncertain,,,UP,neutral,neutral,neutral,,,,93.08,T,-0.0757,2.3081,-8.4345,loss_of_function,-3.90021618353803,0.7925243296220643,Pathogenic,0.2151,benign,https://doi.org/10.1101/2022.10.22.513328
S835N,-0.23802,-0.39354,-0.3535063901882507,Neutral,Neutral,15.2,,,,mutations_clinvar,,True,15.2,,,,uncertain,,,UP,neutral,neutral,neutral,1507205,Uncertain significance,1,93.63,-,0.0331,2.5209,-1.8648,gain_of_function,-0.187866130459612,0.000323486388482,Benign,0.1062,benign,https://doi.org/10.1101/2022.10.22.513328
N836H,-0.7239,-0.01156,-0.3011325062747755,Neutral,Neutral,59.4,3.18451054073e-05,,0.128,cBioPortal,,True,59.4,,,,neutral,neutral,neutral,UP,neutral,neutral,neutral,,,,91.44,H,0.0865,3.5766,-4.3472,gain_of_function,-1.94722612100782,0.0221343089487276,Benign,0.0774,benign,https://doi.org/10.1101/2022.10.22.513328
N836I,-0.79177,-0.19354,-0.4375208336194097,Neutral,Neutral,59.4,,,,mutations_clinvar,,True,59.4,,,,neutral,neutral,neutral,UP,neutral,neutral,neutral,2223334,Uncertain significance,1,91.44,H,0.0393,3.5766,-4.7342,gain_of_function,-0.581897747917114,0.0130734592527145,Benign,0.1002,benign,https://doi.org/10.1101/2022.10.22.513328
N836S,0.13196,0.87075,0.2814446125090419,Neutral,Neutral,59.4,,,,mutations_clinvar,,True,59.4,,,,neutral,neutral,neutral,DOWN,neutral,neutral,neutral,408253,Uncertain significance,2,91.44,H,0.1265,3.5766,-3.3902,gain_of_function,0.0294420113585248,0.0003087584491078,Benign,0.0512,benign,https://doi.org/10.1101/2022.10.22.513328
E837D,0.4989,0.39558,0.3695869596352036,Neutral,Neutral,47.1,,,,mutations_clinvar,,True,47.1,,,,neutral,neutral,neutral,DOWN,neutral,neutral,neutral,1062787,Uncertain significance,1,92.5,H,0.0212,2.2284,-2.1409,gain_of_function,-0.175476433600661,0.0006780189766414,Benign,0.0682,benign,https://doi.org/10.1101/2022.10.22.513328
R840C,2.30047,1.44184,1.6835916164919762,Uncertain,Uncertain,19.0,3.18532203606e-05,1.88824129206e-05,0.533,"cBioPortal,mutations_clinvar",,False,19.0,,,,neutral,neutral,neutral,DOWN,neutral,neutral,neutral,1974036,Uncertain significance,1,93.7,H,-0.1171,2.3372,-5.2689,loss_of_function,-1.33336056850974,0.5124538594063819,Uncertain,0.0815,benign,https://doi.org/10.1101/2022.10.22.513328
R840H,2.7495,2.47177,0.9146009978239322,Uncertain,Uncertain,19.0,,0.0001447451227187,0.077,"cBioPortal,COSMIC,mutations_clinvar",,False,19.0,,,,neutral,neutral,neutral,DOWN,neutral,neutral,neutral,317286,Uncertain significance,2,93.7,H,-0.0702,2.3372,-3.7384,loss_of_function,-0.834424027835928,0.1155268206784531,Benign,0.0765,benign,https://doi.org/10.1101/2022.10.22.513328
R840L,0.01741,0.23639,0.1520823032934998,Neutral,Neutral,19.0,,,,mutations_clinvar,,False,19.0,,,,neutral,neutral,neutral,DOWN,neutral,neutral,neutral,456208,Uncertain significance,1,93.7,H,-0.1125,2.3372,-5.6314,loss_of_function,-3.49441501503209,0.212248497736229,Benign,0.1633,benign,https://doi.org/10.1101/2022.10.22.513328
V845I,-0.70555,0.13537,-0.0613602903273163,Neutral,Neutral,1.9,,,0.327,"cBioPortal,mutations_clinvar",,False,1.9,,,,neutral,neutral,neutral,UP,neutral,neutral,neutral,638976,Uncertain significance,1,96.49,H,-0.0198,1.8927,-4.0959,loss_of_function,-0.0460086531893902,0.01478127612278,Benign,0.0953,benign,https://doi.org/10.1101/2022.10.22.513328
A846T,2.32795,1.96599,1.1113473597526309,Uncertain,Uncertain,0.4,,,,mutations_clinvar,,False,0.4,,,,neutral,neutral,neutral,UP,neutral,neutral,neutral,1336231,Uncertain significance,1,97.16,H,-0.0313,1.9791,-3.0561,loss_of_function,-0.36956083994602,0.0455579752213442,Benign,0.0948,benign,https://doi.org/10.1101/2022.10.22.513328
Q848H,0.40951,1.44116,-0.1453460067021805,Neutral,Neutral,43.6,,,,mutations_clinvar,,False,43.6,,,,neutral,neutral,neutral,UP,neutral,neutral,neutral,1036366,Uncertain significance,2,95.29,H,-0.0347,1.942,-5.0704,loss_of_function,-1.4757683901991,0.1448953217909226,Benign,0.1618,benign,https://doi.org/10.1101/2022.10.22.513328
Q848R,-0.64986,1.68878,-0.4119298077430361,Neutral,Neutral,43.6,,,,mutations_clinvar,,False,43.6,,,,neutral,neutral,neutral,UP,neutral,neutral,neutral,1420835,Uncertain significance,2,95.29,H,-0.0634,1.942,-4.6919,loss_of_function,-1.42210126806549,0.6855992525213193,Pathogenic,0.0887,benign,https://doi.org/10.1101/2022.10.22.513328
E855G,1.19692,2.16973,0.889194196905447,Uncertain,Neutral,62.8,,,,mutations_clinvar,,True,62.8,,,,neutral,neutral,neutral,DOWN,neutral,neutral,neutral,2198433,Uncertain significance,1,83.17,H,-0.0604,2.3333,-8.262,loss_of_function,-3.48588756462409,0.329321142594262,Uncertain,0.0925,benign,https://doi.org/10.1101/2022.10.22.513328
T856P,5.25337,7.50748,5.522750942908174,Destabilizing,Destabilizing,48.1,,,,mutations_clinvar,,True,48.1,,,,uncertain,,,-,uncertain,uncertain,uncertain,1508551,Uncertain significance,1,81.04,H,-0.1536,2.7375,-6.2526,loss_of_function,-2.60020145062453,0.3277752980361555,Uncertain,0.3063,benign,https://doi.org/10.1101/2022.10.22.513328
H858D,0.9996,1.68571,0.6980407225554371,Neutral,Neutral,58.5,,,,mutations_clinvar,,True,58.5,,,,neutral,neutral,neutral,DOWN,neutral,neutral,neutral,937809,Uncertain significance,1,86.85,S,-0.0021,2.7634,-5.0149,loss_of_function,-2.09648994899503,0.0080003383643803,Benign,0.1231,benign,https://doi.org/10.1101/2022.10.22.513328
H858Y,-0.79331,-0.65476,-0.0795283028372578,Neutral,Neutral,58.5,,,,mutations_clinvar,,True,58.5,,,,neutral,neutral,neutral,UP,neutral,neutral,neutral,929728,Pathogenic,0,86.85,S,0.0748,2.7634,-4.7254,gain_of_function,-0.693921127099516,0.0424443715079426,Benign,0.0672,benign,https://doi.org/10.1101/2022.10.22.513328
P862S,1.8702,1.38605,0.435203585945792,Neutral,Neutral,13.7,,,0.197,cBioPortal,,False,13.7,,,,neutral,neutral,neutral,DOWN,neutral,neutral,neutral,,,,87.24,T,-0.0655,1.9133,-5.4263,loss_of_function,-2.19716694452824,0.1227046726805202,Benign,0.3123,benign,https://doi.org/10.1101/2022.10.22.513328
D863E,0.89155,0.45612,0.1538697808258887,Neutral,Neutral,22.2,,,,mutations_clinvar,,False,22.2,,,,neutral,neutral,neutral,UP,neutral,neutral,neutral,884820,Uncertain significance,1,85.92,T,0.0017,2.137,-2.8998,gain_of_function,-0.682466023347344,0.0018181164157098,Benign,0.1625,benign,https://doi.org/10.1101/2022.10.22.513328
D863G,0.20163,1.50272,0.7966017932632005,Neutral,Neutral,22.2,,,,mutations_clinvar,,False,22.2,,,,neutral,neutral,neutral,DOWN,neutral,neutral,neutral,1513878,Uncertain significance,1,85.92,T,-0.0787,2.137,-5.6724,loss_of_function,-1.28377279591147,0.1460537631589265,Benign,0.1623,benign,https://doi.org/10.1101/2022.10.22.513328
D863N,0.76377,0.83503,-0.0758788245847064,Neutral,Neutral,22.2,3.18532203606e-05,,0.168,cBioPortal,,False,22.2,,,,neutral,neutral,neutral,-,uncertain,uncertain,uncertain,,,,85.92,T,-0.0297,2.137,-4.798,loss_of_function,-1.53187955996368,0.1147272731523495,Benign,0.1294,benign,https://doi.org/10.1101/2022.10.22.513328
G864D,6.68255,2.91973,1.3515812174542725,Uncertain,Uncertain,7.7,,,0.428,"cBioPortal,COSMIC",,False,7.7,,,,neutral,neutral,neutral,UP,neutral,neutral,neutral,,,,86.71,T,-0.1431,2.3675,-5.9773,loss_of_function,-3.5658252371292,0.2176966051728543,Benign,0.6586,pathogenic,https://doi.org/10.1101/2022.10.22.513328
Q865R,0.08377,-0.00034,-0.3917991232581186,Neutral,Neutral,80.9,,,0.182,"cBioPortal,COSMIC",,False,80.9,,,,neutral,neutral,neutral,UP,neutral,neutral,neutral,,,,83.56,T,-0.0233,2.3872,-4.867,loss_of_function,-0.656843928330335,0.1499325327085254,Benign,0.0928,benign,https://doi.org/10.1101/2022.10.22.513328
E868D,0.41289,-0.91565,0.2818369876690524,Neutral,Neutral,70.4,0.005,0.0045850585515787,0.032,"cBioPortal,COSMIC,FANCI_icope_sentieon_input,mutations_clinvar",,True,70.4,,,,neutral,neutral,neutral,DOWN,neutral,neutral,neutral,238317,Benign/Likely benign,2,92.41,H,0.0548,2.5518,-1.4036,gain_of_function,-0.0029463440802793,0.0005299331104258,Benign,0.0685,benign,https://doi.org/10.1101/2022.10.22.513328
E868K,1.12628,0.91088,0.2543624734945426,Neutral,Neutral,70.4,,,0.136,COSMIC,,True,70.4,,,,neutral,neutral,neutral,UP,neutral,neutral,stabilizing,,,,92.41,H,-0.0115,2.5518,-3.3479,loss_of_function,-2.03293469260392,0.0352936748119196,Benign,0.1353,benign,https://doi.org/10.1101/2022.10.22.513328
E868Q,0.76431,0.00884,0.4854284962235139,Neutral,Neutral,70.4,,,,mutations_clinvar,,True,70.4,,,,neutral,neutral,neutral,UP,neutral,neutral,stabilizing,843313,Uncertain significance,1,92.41,H,0.0255,2.5518,-5.8073,gain_of_function,-1.4268720340393,0.1404430061699404,Benign,0.1187,benign,https://doi.org/10.1101/2022.10.22.513328
K869N,0.41151,-0.33946,0.5493455544564021,Neutral,Neutral,59.3,,,0.212,"cBioPortal,COSMIC",,True,59.3,,,,neutral,neutral,neutral,DOWN,neutral,neutral,neutral,,,,93.35,H,-0.0448,2.2927,-5.5892,loss_of_function,-1.65513488817914,0.0776083147627697,Benign,0.4884,ambiguous,https://doi.org/10.1101/2022.10.22.513328
Q872E,-0.06359,0.57245,0.1472569842703486,Neutral,Neutral,65.1,,,,mutations_clinvar,,True,65.1,,,,neutral,neutral,neutral,DOWN,neutral,neutral,neutral,576117,Uncertain significance,2,95.32,H,0.059,2.9573,-4.231,gain_of_function,-1.23029935985054,0.0280713397557509,Benign,0.089,benign,https://doi.org/10.1101/2022.10.22.513328
N873D,0.00056,0.96224,1.9783874720091548,Neutral,Neutral,14.7,,,,mutations_clinvar,,True,14.7,,,,neutral,neutral,neutral,-,uncertain,uncertain,uncertain,1023290,Uncertain significance,1,96.44,H,0.0506,3.192,-4.7987,gain_of_function,-0.634078565641293,0.0079715365775762,Benign,0.1719,benign,https://doi.org/10.1101/2022.10.22.513328
C875R,1.12503,0.33878,0.8163091668216121,Neutral,Neutral,1.9,,,,mutations_clinvar,,True,1.9,,,,neutral,neutral,neutral,UP,neutral,neutral,neutral,1414454,Uncertain significance,1,96.14,H,-0.2715,2.1146,-6.8116,loss_of_function,-2.23082338300185,0.4414329529712677,Uncertain,0.3961,ambiguous,https://doi.org/10.1101/2022.10.22.513328
D876G,1.96117,1.19694,1.6505908406843657,Neutral,Neutral,28.1,,3.19366377108e-05,0.268,"cBioPortal,mutations_clinvar",,True,28.1,,,,neutral,neutral,neutral,DOWN,neutral,neutral,neutral,1373824,Uncertain significance,2,95.06,H,-0.0436,2.5587,-6.4009,loss_of_function,-1.34999618673435,0.0517965144496436,Benign,0.1569,benign,https://doi.org/10.1101/2022.10.22.513328
I877L,-0.21411,0.3619,1.1634994859708716,Neutral,Neutral,0.1,0.0800140207762412,0.0882932320247643,0.132,"cBioPortal,COSMIC,FANCI_icope_sentieon_input,mutations_clinvar",,True,0.1,,,,neutral,neutral,neutral,-,uncertain,uncertain,uncertain,257485,Benign,2,97.5,H,-0.0283,1.9935,-2.6983,loss_of_function,-0.771462254863573,0.0159263107795757,Benign,0.1398,benign,https://doi.org/10.1101/2022.10.22.513328
R879Q,2.40972,1.01259,1.591471734225572,Uncertain,Uncertain,27.0,,,,mutations_clinvar,,True,27.0,,,,neutral,neutral,neutral,DOWN,neutral,neutral,neutral,1431139,Uncertain significance,1,94.57,H,-0.0953,2.1933,-5.0959,loss_of_function,-1.09179299718126,0.0808027473206357,Benign,0.1225,benign,https://doi.org/10.1101/2022.10.22.513328
W883C,1.85856,1.0881,3.408511126438709,Neutral,Uncertain,41.6,,,,mutations_clinvar,,False,41.6,,,,neutral,neutral,neutral,DOWN,neutral,neutral,neutral,1040154,Uncertain significance,1,92.74,H,-0.3012,2.2558,-21.5213,loss_of_function,-3.67532656512916,0.8818600432471252,Pathogenic,0.9084,pathogenic,https://doi.org/10.1101/2022.10.22.513328
R884K,0.73364,1.0034,1.8004262789908323,Neutral,Neutral,6.4,,,0.232,"cBioPortal,COSMIC",,True,6.4,,,,neutral,neutral,neutral,-,uncertain,uncertain,uncertain,,,,94.03,H,-0.0166,2.0529,-3.7053,loss_of_function,-0.768320584260774,0.031172386359578,Benign,0.3179,benign,https://doi.org/10.1101/2022.10.22.513328
R884S,1.87987,1.68299,2.713915834188225,Neutral,Uncertain,6.4,,,,mutations_clinvar,,True,6.4,,,,neutral,neutral,neutral,DOWN,neutral,neutral,neutral,849309,Uncertain significance,1,94.03,H,-0.15,2.0529,-8.2287,loss_of_function,-3.48081882555096,0.7191327138823148,Pathogenic,0.9471,pathogenic,https://doi.org/10.1101/2022.10.22.513328
S887L,-1.93494,-0.85884,-0.9318559284329314,Neutral,Neutral,41.0,,,,"cBioPortal,mutations_clinvar",,True,41.0,,,,uncertain,,,UP,neutral,neutral,neutral,2173448,Uncertain significance,1,89.65,H,-0.0172,2.8214,-6.3443,loss_of_function,-2.38975517082446,0.3664112642273932,Uncertain,0.1778,benign,https://doi.org/10.1101/2022.10.22.513328
P889S,1.59949,1.74014,0.3920685930299439,Neutral,Neutral,41.7,,7.9562090255e-06,0.223,"COSMIC,mutations_clinvar",,True,41.7,,,,neutral,neutral,neutral,DOWN,neutral,neutral,neutral,2178847,Uncertain significance,1,82.88,-,-0.0178,2.3888,-4.6527,loss_of_function,-1.94444248604766,0.0342385649360333,Benign,0.5072,ambiguous,https://doi.org/10.1101/2022.10.22.513328
T890I,-0.66363,0.07211,0.132890982998749,Neutral,Neutral,2.6,,,,mutations_clinvar,,True,2.6,,,,uncertain,,,UP,neutral,neutral,neutral,1319327,Uncertain significance,1,84.68,H,0.0052,2.9317,-5.7549,gain_of_function,-0.958820729002573,0.018457978239308,Benign,0.2087,benign,https://doi.org/10.1101/2022.10.22.513328
S891A,-0.40098,-0.07381,-0.0153028498623697,Neutral,Neutral,92.8,,,,mutations_clinvar,,True,92.8,,,,uncertain,,,-,uncertain,uncertain,uncertain,1496903,Uncertain significance,1,78.64,H,0.1269,3.3182,-2.2402,gain_of_function,-0.199818307528392,6.6818674384916105e-06,Benign,0.0487,benign,https://doi.org/10.1101/2022.10.22.513328
S891L,-1.53872,-1.3949,-0.9435364961103544,Neutral,Neutral,92.8,,1.19346933579e-05,0.07,"cBioPortal,COSMIC",,True,92.8,,,,uncertain,,,UP,neutral,neutral,neutral,,,,78.64,H,0.0301,3.3182,-6.0268,gain_of_function,-0.970673765354097,0.0022820665045853,Benign,0.0756,benign,https://doi.org/10.1101/2022.10.22.513328
V892L,-0.72334,0.75884,-0.3203728720081472,Neutral,Neutral,75.7,,,,mutations_clinvar,,True,75.7,,,,neutral,neutral,neutral,UP,neutral,neutral,neutral,1052677,Uncertain significance,1,78.61,H,-0.0258,2.4693,-2.9269,loss_of_function,-0.910059400719108,0.055230490012725,Benign,0.2988,benign,https://doi.org/10.1101/2022.10.22.513328
E893A,3.16688,2.15544,1.0136915077367608,Uncertain,Uncertain,24.3,,,,mutations_clinvar,,True,24.3,,,,neutral,neutral,neutral,DOWN,neutral,neutral,neutral,2154577,Uncertain significance,1,78.39,H,-0.0262,2.252,-5.143,loss_of_function,-3.27347100513412,0.1842536679115547,Benign,0.4559,ambiguous,https://doi.org/10.1101/2022.10.22.513328
E893K,3.21785,3.33129,1.3758007004745676,Destabilizing,Uncertain,24.3,,,,mutations_clinvar,,True,24.3,,,,neutral,neutral,neutral,UP,neutral,neutral,neutral,1940619,Uncertain significance,1,78.39,H,-0.0461,2.252,-4.7279,loss_of_function,-2.7285193884593,0.4303344511038139,Uncertain,0.5669,pathogenic,https://doi.org/10.1101/2022.10.22.513328
E894G,1.24491,2.1585,1.706095078567134,Uncertain,Neutral,55.7,,,,mutations_clinvar,,True,55.7,,,,neutral,neutral,neutral,DOWN,neutral,neutral,neutral,2260233,Uncertain significance,1,72.75,H,-0.0689,2.2429,-8.3036,loss_of_function,-2.47397203597616,0.3445689977099025,Uncertain,0.1277,benign,https://doi.org/10.1101/2022.10.22.513328
S895A,0.158,0.24014,-0.021182055005538,Neutral,Neutral,81.8,,,,mutations_clinvar,,False,81.8,,,,uncertain,,,-,uncertain,uncertain,uncertain,1509451,Uncertain significance,1,64.68,T,0.1147,3.1725,-2.0,gain_of_function,-0.542687351050689,0.0231977414821716,Benign,0.0587,benign,https://doi.org/10.1101/2022.10.22.513328
S895L,0.31868,0.54626,-0.4309970946202057,Neutral,Neutral,81.8,,2.78476178352e-05,0.06,"cBioPortal,mutations_clinvar",,False,81.8,,,,uncertain,,,UP,neutral,neutral,neutral,653897,Uncertain significance,2,64.68,T,0.024,3.1725,-4.6033,gain_of_function,-0.349755974215405,0.1621618940585755,Benign,0.0595,benign,https://doi.org/10.1101/2022.10.22.513328
G896A,-0.31765,1.33129,0.559838563065071,Neutral,Neutral,102.8,,2.78431871699e-05,0.173,"COSMIC,mutations_clinvar",,False,102.8,,,,neutral,neutral,neutral,UP,neutral,neutral,neutral,969376,Uncertain significance,2,59.23,T,-0.0609,2.5281,-4.5803,loss_of_function,-0.794214667880564,0.1733081957779194,Benign,0.097,benign,https://doi.org/10.1101/2022.10.22.513328
G896R,-1.08,1.33299,-0.1164209348005268,Neutral,Neutral,102.8,,,0.222,cBioPortal,,False,102.8,,,,neutral,neutral,neutral,UP,neutral,neutral,neutral,,,,59.23,T,-0.141,2.5281,-5.2808,loss_of_function,-3.75250381298874,0.5492950089409611,Uncertain,0.1739,benign,https://doi.org/10.1101/2022.10.22.513328
K897N,-1.05928,0.32789,-0.0237315745461652,Neutral,Neutral,97.0,,,0.263,"cBioPortal,COSMIC",,False,97.0,,,,neutral,neutral,neutral,DOWN,neutral,neutral,neutral,,,,55.78,-,-0.0601,2.1329,-5.6958,loss_of_function,-3.17097550457191,0.4731419643320959,Uncertain,0.4598,ambiguous,https://doi.org/10.1101/2022.10.22.513328
K898T,0.76742,1.76973,-0.0340515329054114,Neutral,Neutral,108.0,,,,mutations_clinvar,,True,108.0,,,,neutral,neutral,neutral,DOWN,neutral,neutral,neutral,938670,Uncertain significance,1,53.65,-,-0.0703,2.0788,-5.9909,loss_of_function,-3.82950535695314,0.4616235478344102,Uncertain,0.2259,benign,https://doi.org/10.1101/2022.10.22.513328
E899D,-0.92121,0.89898,0.0376549594565089,Neutral,Neutral,54.3,,,0.113,"cBioPortal,COSMIC,mutations_clinvar",,True,54.3,,,,neutral,neutral,neutral,DOWN,neutral,neutral,destabilizing,1997530,Uncertain significance,1,54.84,-,-0.021,1.7858,-2.4366,loss_of_function,-0.266907357264289,,,0.1045,benign,https://doi.org/10.1101/2022.10.22.513328
E899K,0.72939,0.60714,0.1903170804471532,Neutral,Neutral,54.3,,7.9543104408e-06,0.163,"cBioPortal,COSMIC",,True,54.3,,,,neutral,neutral,neutral,UP,neutral,neutral,neutral,,,,54.84,-,-0.0868,1.7858,-4.2946,loss_of_function,-1.08369561990013,,,0.2678,benign,https://doi.org/10.1101/2022.10.22.513328
G901E,2.25436,4.62517,0.6616465409315253,Uncertain,Uncertain,83.3,,,0.274,COSMIC,,True,83.3,,,,neutral,neutral,neutral,UP,neutral,neutral,neutral,,,,72.42,S,-0.1269,2.5375,-6.0045,loss_of_function,-1.97126923304997,0.0974872543474107,Benign,0.2733,benign,https://doi.org/10.1101/2022.10.22.513328
S903I,1.49011,1.87857,0.5245021040641209,Neutral,Neutral,10.3,,,0.246,"cBioPortal,mutations_clinvar",P,True,10.3,4.677,,,uncertain,damaging,uncertain,UP,neutral,neutral,neutral,1038314,Uncertain significance,1,90.41,-,-0.0638,2.3365,-5.9909,loss_of_function,-3.66833976460862,0.3534858538859491,Uncertain,0.2204,benign,https://doi.org/10.1101/2022.10.22.513328
I904N,3.22217,3.5551,2.326308993120081,Destabilizing,Uncertain,1.6,,,,mutations_clinvar,,True,1.6,,,,neutral,neutral,neutral,DOWN,neutral,neutral,neutral,1958789,Uncertain significance,1,93.18,H,-0.1807,2.3014,-8.3353,loss_of_function,-3.02037918156689,0.7776957549191412,Pathogenic,0.5453,ambiguous,https://doi.org/10.1101/2022.10.22.513328
L906V,1.34548,1.04626,1.485861410495669,Neutral,Neutral,5.5,,,0.131,cBioPortal,,True,5.5,,,,neutral,neutral,neutral,DOWN,neutral,neutral,neutral,,,,93.92,H,-0.0056,2.5554,-4.7593,loss_of_function,-1.80385053906814,0.1972337351859457,Benign,0.0797,benign,https://doi.org/10.1101/2022.10.22.513328
E910Q,0.25979,1.01837,0.8800579472011196,Neutral,Neutral,19.7,,,,mutations_clinvar,,False,19.7,,,,neutral,neutral,neutral,UP,neutral,neutral,neutral,1479726,Uncertain significance,1,96.08,H,-0.0655,1.4855,-4.4179,loss_of_function,-1.7534648043463,0.072717044190609,Benign,0.2315,benign,https://doi.org/10.1101/2022.10.22.513328
Q913H,0.35346,1.6551,0.5751277926513826,Neutral,Neutral,23.4,,,0.15,cBioPortal,,False,23.4,,,,neutral,neutral,neutral,UP,neutral,neutral,neutral,,,,95.67,H,0.0755,3.1488,-5.2521,gain_of_function,-3.06564989382776,0.002951174392861,Benign,0.2157,benign,https://doi.org/10.1101/2022.10.22.513328
Q913P,4.43058,4.99728,7.0614163020503735,Destabilizing,Destabilizing,23.4,,,,mutations_clinvar,,False,23.4,,,,neutral,neutral,neutral,DOWN,neutral,neutral,neutral,2168878,Uncertain significance,1,95.67,H,-0.1811,3.1488,-21.7098,loss_of_function,-4.4084645324502,0.3365179996400891,Uncertain,0.556,ambiguous,https://doi.org/10.1101/2022.10.22.513328
I915L,0.90362,0.85782,1.046456271122343,Neutral,Neutral,0.2,,,0.073,"cBioPortal,COSMIC",,False,0.2,,,,neutral,neutral,neutral,-,uncertain,uncertain,uncertain,,,,96.58,H,-0.0166,2.1346,-2.9344,loss_of_function,-1.86456263670574,0.0658854164480344,Benign,0.1996,benign,https://doi.org/10.1101/2022.10.22.513328
I915V,1.40111,0.93469,0.928380802629752,Neutral,Neutral,0.2,,,0.044,cBioPortal,,False,0.2,,,,neutral,neutral,neutral,DOWN,neutral,neutral,neutral,,,,96.58,H,0.0226,2.1346,-3.0687,gain_of_function,-0.0965816840207749,0.0002609605882396,Benign,0.0858,benign,https://doi.org/10.1101/2022.10.22.513328
F916L,1.6518,1.49864,1.3169887448720186,Neutral,Neutral,3.0,,,,mutations_clinvar,,False,3.0,,,,neutral,neutral,neutral,DOWN,neutral,neutral,neutral,2044372,Uncertain significance,1,93.92,H,-0.0551,2.1765,-2.6545,loss_of_function,-0.629364242684184,0.0769892865522509,Benign,0.3682,ambiguous,https://doi.org/10.1101/2022.10.22.513328
S917N,-0.75612,-0.43571,0.0017246289621902,Neutral,Neutral,28.1,,,,mutations_clinvar,,False,28.1,,,,uncertain,,,UP,neutral,neutral,neutral,1471355,Uncertain significance,1,91.51,H,0.0987,3.2836,-2.7782,gain_of_function,-0.646676586300528,7.461153567336459e-05,Benign,0.0797,benign,https://doi.org/10.1101/2022.10.22.513328
A918D,3.38996,3.99456,3.956412505273658,Destabilizing,Destabilizing,0.0,,,0.213,COSMIC,,False,0.0,,,,neutral,neutral,neutral,UP,neutral,neutral,neutral,,,,91.72,H,-0.1732,2.6777,-21.7056,loss_of_function,-3.70266708828871,0.3125449424522695,Benign,0.4208,ambiguous,https://doi.org/10.1101/2022.10.22.513328
A918T,1.59713,0.59422,1.4332736558485195,Neutral,Neutral,0.0,,,,mutations_clinvar,,False,0.0,,,,neutral,neutral,neutral,UP,neutral,neutral,neutral,1990577,Uncertain significance,1,91.72,H,0.0414,2.6777,-1.4066,gain_of_function,-0.315834611366322,6.996701941439837e-06,Benign,0.0744,benign,https://doi.org/10.1101/2022.10.22.513328
A918V,0.43216,-0.71497,0.5335096534637515,Neutral,Neutral,0.0,,,,mutations_clinvar,,False,0.0,,,,neutral,neutral,neutral,UP,neutral,neutral,neutral,1430189,Uncertain significance,2,91.72,H,0.0334,2.6777,-3.5599,gain_of_function,-0.473631951194617,0.0051070478660031,Benign,0.0793,benign,https://doi.org/10.1101/2022.10.22.513328
F922L,0.87462,1.19558,1.2024801213836265,Neutral,Neutral,17.3,,,0.048,"cBioPortal,mutations_clinvar",,False,17.3,,,,neutral,neutral,neutral,DOWN,neutral,neutral,neutral,1472029,Uncertain significance,1,87.59,H,0.0356,3.2064,-3.4467,gain_of_function,-0.4087308553825,0.0002863119344027,Benign,0.4494,ambiguous,https://doi.org/10.1101/2022.10.22.513328
Y923C,3.83199,3.80612,3.418475123723788,Destabilizing,Destabilizing,9.6,,,,"FANCI_icope_sentieon_input,mutations_clinvar",,False,9.6,,,,uncertain,,,DOWN,neutral,neutral,neutral,317288,Uncertain significance,2,90.92,-,-0.1435,2.0759,-4.9626,loss_of_function,-0.908232947731766,0.4907075682107467,Uncertain,0.0639,benign,https://doi.org/10.1101/2022.10.22.513328
P925L,1.08894,0.11395,-0.970565895865524,Neutral,Neutral,76.3,,,,mutations_clinvar,,False,76.3,,,,neutral,neutral,neutral,UP,neutral,neutral,stabilizing,1692559,Uncertain significance,2,87.51,G,-0.0077,3.1836,-7.3965,loss_of_function,-2.43574017775194,0.1146027267486818,Benign,0.1063,benign,https://doi.org/10.1101/2022.10.22.513328
K926Q,-0.1234,0.17245,0.463452680476733,Neutral,Neutral,35.1,,,,mutations_clinvar,,False,35.1,,,,neutral,neutral,neutral,DOWN,neutral,neutral,neutral,643493,Uncertain significance,1,90.51,G,-0.0256,2.2468,-4.7132,loss_of_function,-0.461184229825232,0.0842598730086515,Benign,0.0874,benign,https://doi.org/10.1101/2022.10.22.513328
K926T,0.85811,1.55884,0.9364497428917734,Neutral,Neutral,35.1,,,,mutations_clinvar,,False,35.1,,,,neutral,neutral,neutral,DOWN,neutral,neutral,neutral,1376700,Uncertain significance,1,90.51,G,-0.0672,2.2468,-8.4135,loss_of_function,-2.23815317652783,0.4325448081454376,Uncertain,0.1765,benign,https://doi.org/10.1101/2022.10.22.513328
I927M,-0.73998,0.31259,0.9516368405740953,Neutral,Neutral,8.6,,,,mutations_clinvar,,False,8.6,,,,neutral,neutral,neutral,-,uncertain,uncertain,uncertain,408258,Uncertain significance,2,90.28,H,0.0246,2.6018,-2.1933,gain_of_function,-0.0097933465048273,0.004453792633369,Benign,0.069,benign,https://doi.org/10.1101/2022.10.22.513328
Q928E,-0.17956,0.32109,0.023239558688185,Neutral,Neutral,48.3,,,,mutations_clinvar,,False,48.3,,,,neutral,neutral,neutral,DOWN,neutral,neutral,neutral,2150353,Uncertain significance,1,90.13,H,0.1176,3.562,-3.6503,gain_of_function,-0.143492702518351,0.0007220222409146,Benign,0.0679,benign,https://doi.org/10.1101/2022.10.22.513328
F930C,5.09188,5.12517,5.128870272210616,Destabilizing,Destabilizing,1.9,,,,mutations_clinvar,,False,1.9,,,,neutral,neutral,neutral,DOWN,neutral,neutral,neutral,2203397,Uncertain significance,1,93.87,H,-0.2054,1.4496,-6.8201,loss_of_function,-2.83115021665061,0.1232562520299043,Benign,0.6839,pathogenic,https://doi.org/10.1101/2022.10.22.513328
R932T,1.40475,0.79626,1.5977696757684912,Neutral,Neutral,41.1,,,0.048,COSMIC,,False,41.1,,,,neutral,neutral,neutral,DOWN,neutral,neutral,neutral,,,,86.72,H,-0.033,3.1786,-4.7415,loss_of_function,-0.550541826641564,0.0004968245877501,Benign,0.1083,benign,https://doi.org/10.1101/2022.10.22.513328
A933T,1.4798,-0.10612,0.4010016600122307,Neutral,Neutral,35.0,,,,mutations_clinvar,,False,35.0,,,,neutral,neutral,neutral,UP,neutral,neutral,stabilizing,2070420,Uncertain significance,1,86.57,H,0.053,2.9102,-3.3354,gain_of_function,-0.551115962551212,0.0551070253709853,Benign,0.1208,benign,https://doi.org/10.1101/2022.10.22.513328
L934M,-0.00558,1.2085,2.443912651097836,Neutral,Uncertain,0.0,,,0.322,"cBioPortal,COSMIC",,False,0.0,,,,neutral,neutral,neutral,-,uncertain,uncertain,uncertain,,,,85.6,H,-0.0137,2.2015,-2.5224,loss_of_function,-0.716349735036453,0.0472599312273863,Benign,0.1309,benign,https://doi.org/10.1101/2022.10.22.513328
T937A,-0.04751,-0.01803,0.3220390762113773,Neutral,Neutral,96.0,,3.9776298099e-06,0.033,COSMIC,,True,96.0,,,,uncertain,,,DOWN,neutral,neutral,neutral,,,,48.81,-,0.0604,3.0908,-2.8728,gain_of_function,-0.21664011720078,0.0005487983888992,Benign,0.0699,benign,https://doi.org/10.1101/2022.10.22.513328
T937R,-0.22527,0.07211,-0.3100307876285196,Neutral,Neutral,96.0,,,,mutations_clinvar,,True,96.0,,,,uncertain,,,UP,neutral,neutral,neutral,1421280,Uncertain significance,1,48.81,-,-0.0425,3.0908,-6.1947,loss_of_function,-1.0115286694811,0.0761762361549588,Benign,0.121,benign,https://doi.org/10.1101/2022.10.22.513328
D938G,-0.16561,1.90986,0.6028644280953771,Neutral,Neutral,87.3,,,,mutations_clinvar,,True,87.3,,,,neutral,neutral,neutral,DOWN,neutral,neutral,neutral,408234,Uncertain significance,1,43.29,S,-0.0022,2.8489,-3.534,loss_of_function,-0.32245937077451,5.836515524962987e-05,Benign,0.0668,benign,https://doi.org/10.1101/2022.10.22.513328
K939N,0.31177,0.06667,0.0480162017972596,Neutral,Neutral,93.8,,,,mutations_clinvar,,True,93.8,,,,neutral,neutral,neutral,DOWN,neutral,neutral,destabilizing,456210,Benign/Likely benign,2,40.52,-,0.0908,3.6407,-3.3219,gain_of_function,0.0120950980019882,2.8828535846789987e-05,Benign,0.1066,benign,https://doi.org/10.1101/2022.10.22.513328
G941R,-1.13522,-0.08299,-0.069369997095306,Neutral,Neutral,101.2,,1.19316554774e-05,0.135,"cBioPortal,COSMIC",,True,101.2,,,,neutral,neutral,neutral,UP,neutral,neutral,stabilizing,,,,47.45,T,-0.0874,3.173,-6.3923,loss_of_function,-0.525426440225237,0.0040516866297416,Benign,0.1347,benign,https://doi.org/10.1101/2022.10.22.513328
E943D,0.79153,0.23707,0.1994256233941482,Neutral,Neutral,102.8,,7.9543737124e-06,0.142,COSMIC,,False,102.8,,,,neutral,neutral,neutral,DOWN,neutral,neutral,neutral,,,,49.72,T,0.0805,2.9224,-3.0367,gain_of_function,-0.289122074705983,,,0.0781,benign,https://doi.org/10.1101/2022.10.22.513328
R944S,0.56243,0.67143,0.0793452203151501,Neutral,Neutral,105.8,0.0039482901356429,0.0009863266491143,0.068,"COSMIC,mutations_clinvar",,False,105.8,,,,neutral,neutral,neutral,DOWN,neutral,neutral,neutral,238319,Benign/Likely benign,2,49.3,T,0.0373,3.865,-4.1983,gain_of_function,-0.314542074573339,,,0.0865,benign,https://doi.org/10.1101/2022.10.22.513328
E945Q,-0.62678,0.22041,0.0589749441024128,Neutral,Neutral,96.0,,,,mutations_clinvar,,False,96.0,,,,neutral,neutral,neutral,UP,neutral,neutral,neutral,435160,Uncertain significance,2,51.36,T,0.0682,2.9314,-4.2907,gain_of_function,-0.215098978191277,,,0.1137,benign,https://doi.org/10.1101/2022.10.22.513328
A947V,0.36426,0.27041,-0.3651785315992983,Neutral,Neutral,64.9,,1.59095067257e-05,0.114,"COSMIC,mutations_clinvar",,True,64.9,,,,neutral,neutral,neutral,UP,neutral,neutral,stabilizing,2421669,Uncertain significance,1,61.0,G,0.1104,3.5189,-3.6411,gain_of_function,-0.0997466818397105,,,0.078,benign,https://doi.org/10.1101/2022.10.22.513328
D948G,0.0022,0.71327,0.9398820956081269,Neutral,Neutral,113.1,,,,mutations_clinvar,,True,113.1,,,,neutral,neutral,neutral,DOWN,neutral,neutral,neutral,1492387,Uncertain significance,1,68.15,G,0.0038,2.9456,-4.0822,gain_of_function,-0.308943017001007,0.015110981323616,Benign,0.0675,benign,https://doi.org/10.1101/2022.10.22.513328
D948N,0.07746,-0.39932,0.1302766110321429,Neutral,Neutral,113.1,,,0.1,"cBioPortal,COSMIC",,True,113.1,,,,neutral,neutral,neutral,-,uncertain,uncertain,uncertain,,,,68.15,G,0.0552,2.9456,-2.7246,gain_of_function,-0.0711078852182683,0.0002071985319024,Benign,0.0762,benign,https://doi.org/10.1101/2022.10.22.513328
V949I,-0.29708,-0.03095,-0.2188555563867605,Neutral,Neutral,38.1,,,,mutations_clinvar,,True,38.1,,,,neutral,neutral,neutral,UP,neutral,neutral,neutral,651294,Uncertain significance,2,78.62,-,0.1125,3.245,-2.5495,gain_of_function,-0.0072751298345256,8.863653753552415e-05,Benign,0.0717,benign,https://doi.org/10.1101/2022.10.22.513328
S950C,1.73064,0.96939,0.7228363017352651,Neutral,Neutral,65.2,,,0.108,cBioPortal,,True,65.2,,,,uncertain,,,UP,neutral,neutral,neutral,,,,85.52,-,0.0229,3.0689,-8.2239,gain_of_function,-1.55702422790375,0.1137090443905018,Benign,0.1123,benign,https://doi.org/10.1101/2022.10.22.513328
S950I,1.84175,1.23673,0.1952562368141758,Neutral,Neutral,65.2,,,,mutations_clinvar,,True,65.2,,,,uncertain,,,UP,neutral,neutral,neutral,526401,Uncertain significance,2,85.52,-,0.0065,3.0689,-5.4166,gain_of_function,-1.32987380695496,0.0303087789673471,Benign,0.167,benign,https://doi.org/10.1101/2022.10.22.513328
S950T,0.86753,-0.07619,0.2140234896823051,Neutral,Neutral,65.2,,,,mutations_clinvar,,True,65.2,,,,neutral,,,UP,neutral,neutral,neutral,1492566,Uncertain significance,1,85.52,-,0.1073,3.0689,-3.4167,gain_of_function,-0.172472660825214,0.0070669946405276,Benign,0.0576,benign,https://doi.org/10.1101/2022.10.22.513328
T952S,1.41027,1.2415,1.0001747801423706,Neutral,Neutral,14.9,,,0.033,"cBioPortal,COSMIC",P,False,14.9,1.971,,,neutral,neutral,uncertain,DOWN,neutral,neutral,neutral,,,,90.92,H,0.0473,2.5868,-3.4695,gain_of_function,-0.192025479193802,0.0762482228873404,Benign,0.1039,benign,https://doi.org/10.1101/2022.10.22.513328
Q953K,0.01499,1.47857,-0.3558102274684332,Neutral,Neutral,59.5,,,0.068,COSMIC,,False,59.5,,,,neutral,neutral,neutral,UP,neutral,neutral,neutral,,,,90.09,H,0.0291,2.9582,-4.6245,gain_of_function,-2.19526411306715,0.0280561744599118,Benign,0.1035,benign,https://doi.org/10.1101/2022.10.22.513328
R954I,0.09399,2.31973,0.8030424478700806,Uncertain,Neutral,5.6,,,0.219,cBioPortal,,False,5.6,,,,neutral,neutral,neutral,DOWN,neutral,neutral,neutral,,,,89.91,H,-0.0566,3.2045,-5.0199,loss_of_function,-0.85835135849744,0.004096479418217,Benign,0.2425,benign,https://doi.org/10.1101/2022.10.22.513328
Q958E,1.05405,2.77483,2.108191190909608,Uncertain,Uncertain,1.0,,,,mutations_clinvar,,False,1.0,,,,neutral,neutral,neutral,DOWN,neutral,neutral,neutral,2138116,Uncertain significance,1,92.17,H,0.0433,2.8982,-6.2431,gain_of_function,-2.44421027776238,0.7546160770719303,Pathogenic,0.199,benign,https://doi.org/10.1101/2022.10.22.513328
Q958H,-0.3764,1.12585,1.2325487951774607,Neutral,Neutral,1.0,,,,mutations_clinvar,,False,1.0,,,,neutral,neutral,neutral,UP,neutral,neutral,neutral,1947517,Uncertain significance,1,92.17,H,0.0588,2.8982,-3.9952,gain_of_function,-0.853503430468349,0.0005449748603696,Benign,0.3272,benign,https://doi.org/10.1101/2022.10.22.513328
R960Q,0.21352,0.62041,1.0595440981091613,Neutral,Neutral,72.0,,,,mutations_clinvar,,False,72.0,,,,neutral,neutral,neutral,DOWN,neutral,neutral,neutral,947573,Uncertain significance,2,95.44,H,-0.084,2.2934,-4.6865,loss_of_function,-2.86689580349577,0.2473996058942375,Benign,0.3245,benign,https://doi.org/10.1101/2022.10.22.513328
R960W,-0.0893,-0.51361,0.1168739329948159,Neutral,Neutral,72.0,,,,mutations_clinvar,,False,72.0,,,,neutral,neutral,neutral,UP,neutral,neutral,neutral,885754,Uncertain significance,2,95.44,H,-0.1453,2.2934,-8.2713,loss_of_function,-3.4515715481598,0.7906988412287225,Pathogenic,0.4843,ambiguous,https://doi.org/10.1101/2022.10.22.513328
R964K,0.14596,-0.12211,0.444285524967884,Neutral,Neutral,87.3,,,,mutations_clinvar,,False,87.3,,,,neutral,neutral,neutral,-,uncertain,uncertain,uncertain,1468860,Uncertain significance,1,94.55,H,-0.0003,2.2001,-3.1565,loss_of_function,-1.46106099564375,0.1832784364135449,Benign,0.5721,pathogenic,https://doi.org/10.1101/2022.10.22.513328
S965F,-0.61683,-1.48571,-1.8002016042805336,Neutral,Neutral,26.8,,,0.27,cBioPortal,,False,26.8,,,,uncertain,,,UP,neutral,neutral,neutral,,,,93.67,H,-0.0278,2.8213,-8.2991,loss_of_function,-2.66718288711252,0.3720649633749345,Uncertain,0.3511,ambiguous,https://doi.org/10.1101/2022.10.22.513328
L966V,3.05415,2.35102,2.231098261211837,Uncertain,Uncertain,0.0,,,0.237,COSMIC,,False,0.0,,,,neutral,neutral,neutral,DOWN,neutral,neutral,neutral,,,,94.75,H,-0.0759,1.748,-3.9819,loss_of_function,-1.38878147232879,0.0044053435082615,Benign,0.12,benign,https://doi.org/10.1101/2022.10.22.513328
L967V,1.37244,0.77415,0.8156676411910515,Neutral,Neutral,54.5,,,0.035,"cBioPortal,COSMIC",,False,54.5,,,,neutral,neutral,neutral,DOWN,neutral,neutral,neutral,,,,94.23,H,0.0576,3.1443,-3.009,gain_of_function,-0.315367659382197,1.3297202124366464e-05,Benign,0.1053,benign,https://doi.org/10.1101/2022.10.22.513328
L969F,4.33035,3.18197,1.4390354725695305,Destabilizing,Uncertain,13.9,,,,mutations_clinvar,,False,13.9,,,,neutral,neutral,neutral,UP,neutral,neutral,neutral,456213,Likely benign,1,91.15,H,0.0102,2.9663,-4.5546,gain_of_function,-2.0826267587685,0.0140442026446617,Benign,0.1523,benign,https://doi.org/10.1101/2022.10.22.513328
L970R,4.49631,5.12177,3.400156182472616,Destabilizing,Destabilizing,5.5,,,,mutations_clinvar,,False,5.5,,,,neutral,neutral,neutral,UP,neutral,neutral,neutral,1437450,Uncertain significance,1,91.49,H,-0.3251,1.8651,-21.6497,loss_of_function,-3.81309910261821,0.846477457807721,Pathogenic,0.5372,ambiguous,https://doi.org/10.1101/2022.10.22.513328
Q973R,-0.23378,-1.45714,0.0635276073008928,Neutral,Neutral,93.0,,,,mutations_clinvar,,False,93.0,,,,neutral,neutral,neutral,UP,neutral,neutral,neutral,1337874,Uncertain significance,2,81.21,-,0.0776,3.467,-4.5633,gain_of_function,-0.839993680174824,0.0183905852283988,Benign,0.0774,benign,https://doi.org/10.1101/2022.10.22.513328
S979I,0.41436,1.0102,0.4296193839650369,Neutral,Neutral,50.3,,,,mutations_clinvar,,False,50.3,,,,uncertain,,,UP,neutral,neutral,neutral,408250,Uncertain significance,1,90.12,H,-0.0419,2.5497,-5.5546,loss_of_function,-1.88619120252615,0.1124766446977593,Benign,0.1656,benign,https://doi.org/10.1101/2022.10.22.513328
S979N,0.74732,0.57959,0.5020684229112884,Neutral,Neutral,50.3,,,,mutations_clinvar,,False,50.3,,,,uncertain,,,UP,neutral,neutral,neutral,1438665,Uncertain significance,1,90.12,H,0.0203,2.5497,-4.9025,gain_of_function,-2.40854431642559,0.3047539308636283,Benign,0.1669,benign,https://doi.org/10.1101/2022.10.22.513328
S979T,0.12446,0.95578,0.406487861689776,Neutral,Neutral,50.3,,,,mutations_clinvar,,False,50.3,,,,neutral,,,UP,neutral,neutral,neutral,1400472,Uncertain significance,2,90.12,H,0.0475,2.5497,-5.777,gain_of_function,-0.22646446295058,0.0907633940402309,Benign,0.0821,benign,https://doi.org/10.1101/2022.10.22.513328
E981K,1.40225,3.09728,0.688839092582107,Uncertain,Neutral,8.0,,,0.442,COSMIC,,True,8.0,,,,neutral,neutral,neutral,UP,neutral,neutral,neutral,,,,93.91,H,-0.0752,1.9226,-4.4897,loss_of_function,-3.02953008528454,0.5358277009596815,Uncertain,0.8599,pathogenic,https://doi.org/10.1101/2022.10.22.513328
L985R,6.07495,6.30782,4.623028095595544,Destabilizing,Destabilizing,0.1,,,0.748,"cBioPortal,COSMIC",,True,0.1,,,,neutral,neutral,neutral,UP,neutral,neutral,neutral,,,,97.11,H,-0.3767,1.3058,-21.6886,loss_of_function,-5.45397782449281,0.9050007659456952,Pathogenic,0.8884,pathogenic,https://doi.org/10.1101/2022.10.22.513328
T987M,-1.61606,-0.47721,-0.6475568182907387,Neutral,Neutral,44.7,,,,mutations_clinvar,,True,44.7,,,,uncertain,,,UP,neutral,neutral,neutral,408238,Uncertain significance,2,95.6,H,-0.0113,3.1042,-8.405,loss_of_function,-2.60989184165233,0.4803403991629705,Uncertain,0.0921,benign,https://doi.org/10.1101/2022.10.22.513328
L989F,11.48436,5.02381,1.0293719100948555,Destabilizing,Uncertain,0.0,,,0.555,"cBioPortal,COSMIC",,True,0.0,,,,neutral,neutral,neutral,UP,neutral,neutral,neutral,,,,97.42,H,-0.1208,1.6453,-6.4051,loss_of_function,-3.8748954801026,0.8587492834476855,Pathogenic,0.3418,ambiguous,https://doi.org/10.1101/2022.10.22.513328
T990I,-1.78586,-1.41837,-0.1839052233345134,Neutral,Neutral,32.9,,,,mutations_clinvar,,True,32.9,,,,uncertain,,,UP,neutral,neutral,neutral,1038279,Uncertain significance,1,95.49,H,0.0106,2.9944,-5.8286,gain_of_function,-1.90887833669045,0.0498783126059023,Benign,0.1427,benign,https://doi.org/10.1101/2022.10.22.513328
S991T,0.23089,-1.08197,-0.0480182499049691,Neutral,Neutral,18.9,,,,mutations_clinvar,,True,18.9,,,,neutral,,,UP,neutral,neutral,neutral,2061818,Uncertain significance,1,92.68,H,0.1407,3.4065,-2.9542,gain_of_function,-0.245206685271296,5.121297435927764e-06,Benign,0.0711,benign,https://doi.org/10.1101/2022.10.22.513328
L992F,-0.40455,2.11259,1.867332014133381,Uncertain,Neutral,0.1,,,0.561,COSMIC,,True,0.1,,,,neutral,neutral,neutral,UP,neutral,neutral,neutral,,,,94.23,H,-0.1433,1.2643,-3.95,loss_of_function,-3.18667050976629,0.2849964832424922,Benign,0.2073,benign,https://doi.org/10.1101/2022.10.22.513328
S993T,0.41609,0.85204,0.2497197334992373,Neutral,Neutral,5.1,,,,mutations_clinvar,,True,5.1,,,,neutral,,,UP,neutral,neutral,neutral,885755,Uncertain significance,2,94.83,H,0.043,2.384,-3.6587,gain_of_function,-0.858725281422101,0.0382623742135785,Benign,0.1219,benign,https://doi.org/10.1101/2022.10.22.513328
E997V,0.64357,-0.10714,0.4151114870396388,Neutral,Neutral,73.5,,,,mutations_clinvar,,True,73.5,,,,neutral,neutral,neutral,-,uncertain,uncertain,uncertain,1063388,Uncertain significance,1,89.48,-,0.0151,2.9681,-7.3793,gain_of_function,-2.43044265951367,0.2496443755824209,Benign,0.1382,benign,https://doi.org/10.1101/2022.10.22.513328
P998L,1.86475,-0.32483,-0.6623943027775631,Neutral,Neutral,48.7,,,0.432,"cBioPortal,COSMIC",,True,48.7,,,,neutral,neutral,neutral,UP,neutral,neutral,neutral,,,,87.5,T,-0.0805,2.3362,-6.3794,loss_of_function,-3.27979788309967,0.2589387978906673,Benign,0.1573,benign,https://doi.org/10.1101/2022.10.22.513328
P998S,2.47677,0.95612,0.2287223262738069,Uncertain,Uncertain,48.7,,3.57878496274e-05,0.257,"cBioPortal,mutations_clinvar",,True,48.7,,,,neutral,neutral,neutral,DOWN,neutral,neutral,neutral,526330,Uncertain significance,2,87.5,T,-0.0228,2.3362,-4.6789,loss_of_function,-2.1843954982386,0.032686564554061,Benign,0.1701,benign,https://doi.org/10.1101/2022.10.22.513328
S999F,-0.33943,0.63401,-0.2753314370118853,Neutral,Neutral,79.7,,,0.095,"cBioPortal,COSMIC",,True,79.7,,,,uncertain,,,UP,neutral,neutral,neutral,,,,87.11,T,-0.0114,2.9487,-7.388,loss_of_function,-1.48717179791452,0.7702221784730843,Pathogenic,0.1224,benign,https://doi.org/10.1101/2022.10.22.513328
S1000T,1.80081,2.04864,0.7519073801033793,Uncertain,Neutral,13.0,,,,mutations_clinvar,P,True,13.0,2.428,,,neutral,uncertain,uncertain,UP,neutral,neutral,neutral,1504090,Uncertain significance,1,93.39,S,0.0187,2.2257,-5.572,gain_of_function,-0.883330222093418,0.7455893353657407,Pathogenic,0.1402,benign,https://doi.org/10.1101/2022.10.22.513328
P1001T,1.82609,0.97653,-0.4035691109287415,Neutral,Neutral,71.8,,,0.087,COSMIC,,True,71.8,,,,neutral,neutral,neutral,-,uncertain,uncertain,uncertain,,,,94.77,H,0.0664,3.451,-4.9199,gain_of_function,-0.218636585595724,0.0042977974128428,Benign,0.0742,benign,https://doi.org/10.1101/2022.10.22.513328
M1006V,3.56363,1.1966,0.6423676661185679,Uncertain,Uncertain,1.6,,,,mutations_clinvar,,True,1.6,,,,neutral,neutral,neutral,DOWN,neutral,neutral,neutral,659410,Uncertain significance,1,97.05,H,-0.0322,2.3955,-2.9401,loss_of_function,-0.304782497460678,0.0038357480382862,Benign,0.1395,benign,https://doi.org/10.1101/2022.10.22.513328
S1008F,-0.55641,-0.0966,-0.5870380891308918,Neutral,Neutral,74.9,,,0.246,"cBioPortal,COSMIC",,True,74.9,,,,uncertain,,,UP,neutral,neutral,neutral,,,,97.01,H,-0.099,2.7899,-21.68,loss_of_function,-3.00634036296265,0.8087347152205747,Pathogenic,0.197,benign,https://doi.org/10.1101/2022.10.22.513328
S1011T,-0.50501,-0.86259,-0.044546224219279,Neutral,Neutral,31.8,,,0.106,"cBioPortal,COSMIC",,True,31.8,,,,neutral,,,UP,neutral,neutral,neutral,,,,97.09,H,0.1261,3.3211,-4.2789,gain_of_function,-0.158576378843957,0.0005617943583557,Benign,0.0661,benign,https://doi.org/10.1101/2022.10.22.513328
K1012N,1.22546,1.02381,0.8750332241363253,Neutral,Neutral,66.6,,,,mutations_clinvar,,True,66.6,,,,neutral,neutral,neutral,DOWN,neutral,neutral,neutral,1719513,Uncertain significance,1,96.75,H,-0.0518,2.1296,-4.009,loss_of_function,-0.631493906116758,0.0147558646979909,Benign,0.6952,pathogenic,https://doi.org/10.1101/2022.10.22.513328
C1014Y,13.45278,5.38537,1.1200304264641352,Destabilizing,Uncertain,0.0,,,,mutations_clinvar,,True,0.0,,,,neutral,neutral,neutral,UP,neutral,neutral,neutral,631744,Likely pathogenic,2,96.66,H,-0.3562,1.4822,-21.6096,loss_of_function,-3.6435505047306,0.925094077766935,Pathogenic,0.8227,pathogenic,https://doi.org/10.1101/2022.10.22.513328
K1015R,-0.04192,-0.74932,-0.0877055057953685,Neutral,Neutral,56.6,,,,mutations_clinvar,,False,56.6,,,,neutral,neutral,neutral,-,uncertain,uncertain,uncertain,1415103,Uncertain significance,2,95.91,H,0.0176,2.0615,-5.7638,gain_of_function,-0.959286984542236,0.0369738289647519,Benign,0.0838,benign,https://doi.org/10.1101/2022.10.22.513328
E1016V,-0.64997,0.16293,-0.3246746680744339,Neutral,Neutral,66.9,,,0.563,COSMIC,,False,66.9,,,,neutral,neutral,neutral,-,uncertain,uncertain,uncertain,,,,93.13,H,-0.0737,2.0025,-7.3575,loss_of_function,-0.577278146646451,0.8697021720970439,Pathogenic,0.6164,pathogenic,https://doi.org/10.1101/2022.10.22.513328
N1017I,-1.26698,2.28333,-0.448692358735363,Uncertain,Neutral,16.2,,,0.175,cBioPortal,,False,16.2,,,,neutral,neutral,neutral,UP,neutral,neutral,neutral,,,,91.07,-,-0.0248,3.0266,-7.3663,loss_of_function,-3.18460662671404,0.1726387083811107,Benign,0.1626,benign,https://doi.org/10.1101/2022.10.22.513328
S1018N,-0.09236,-0.42347,0.3969170402109606,Neutral,Neutral,78.1,,,,mutations_clinvar,,False,78.1,,,,uncertain,,,UP,neutral,neutral,neutral,572022,Uncertain significance,1,89.36,-,0.0442,2.7135,-3.1699,gain_of_function,-0.384390698693398,0.0010544195276885,Benign,0.0841,benign,https://doi.org/10.1101/2022.10.22.513328
S1018R,-0.53368,-0.06224,0.0131802947172482,Neutral,Neutral,78.1,,,,mutations_clinvar,,False,78.1,,,,uncertain,,,UP,neutral,neutral,neutral,1990774,Uncertain significance,1,89.36,-,-0.054,2.7135,-8.3792,loss_of_function,-1.16834848203563,0.0293716710621195,Benign,0.2482,benign,https://doi.org/10.1101/2022.10.22.513328
R1019P,1.70192,6.21599,6.059379725097176,Uncertain,Uncertain,13.3,,,0.289,"cBioPortal,mutations_clinvar",,False,13.3,,,,neutral,neutral,neutral,DOWN,neutral,neutral,neutral,1422456,Uncertain significance,1,88.77,-,-0.1755,3.2664,-7.3663,loss_of_function,-1.62951880512982,3.411525416668862e-05,Benign,0.2405,benign,https://doi.org/10.1101/2022.10.22.513328
R1019Q,1.95624,0.27449,1.3240322593278495,Neutral,Neutral,13.3,9.55353162219e-05,3.57955358989e-05,0.125,"cBioPortal,COSMIC,mutations_clinvar",,False,13.3,,,,neutral,neutral,neutral,DOWN,neutral,neutral,neutral,566139,Uncertain significance,2,88.77,-,0.0088,3.2664,-4.0444,gain_of_function,-0.287341982448369,9.032756129804872e-05,Benign,0.0649,benign,https://doi.org/10.1101/2022.10.22.513328
R1019W,1.99308,-1.5983,0.3193256625334673,Neutral,Neutral,13.3,0.0001274291175534,0.0002346596242264,0.301,"cBioPortal,COSMIC,mutations_clinvar",,False,13.3,,,,neutral,neutral,neutral,UP,neutral,neutral,neutral,435162,Conflicting interpretations of pathogenicity,1,88.77,-,-0.0363,3.2664,-4.4594,loss_of_function,0.136068095544263,1.1453764117853918e-05,Benign,0.0728,benign,https://doi.org/10.1101/2022.10.22.513328
E1020K,-0.09276,0.50034,-0.0363088768674096,Neutral,Neutral,47.3,,,,mutations_clinvar,,False,47.3,,,,neutral,neutral,neutral,UP,neutral,neutral,neutral,2129249,Uncertain significance,1,86.76,-,-0.0461,2.2982,-5.559,loss_of_function,-2.99082287959834,0.0573658758753657,Benign,0.1791,benign,https://doi.org/10.1101/2022.10.22.513328
D1021G,6.61432,3.99966,2.632885214032856,Destabilizing,Uncertain,25.3,,,,mutations_clinvar,,False,25.3,,,,neutral,neutral,neutral,DOWN,neutral,neutral,neutral,1039686,Uncertain significance,1,91.36,-,-0.125,1.7277,-7.375,loss_of_function,-3.999927885291,0.9118302495465216,Pathogenic,0.5173,ambiguous,https://doi.org/10.1101/2022.10.22.513328
D1021N,3.91547,1.12381,0.4149678694559489,Uncertain,Uncertain,25.3,,,0.298,"cBioPortal,mutations_clinvar",,False,25.3,,,,neutral,neutral,neutral,-,uncertain,uncertain,uncertain,1022182,Uncertain significance,1,91.36,-,-0.0604,1.7277,-3.4208,loss_of_function,-2.19132025764433,0.3537729284808837,Uncertain,0.2292,benign,https://doi.org/10.1101/2022.10.22.513328
D1021Y,5.34943,1.23163,0.6692559771353368,Uncertain,Uncertain,25.3,,,,mutations_clinvar,,False,25.3,,,,neutral,neutral,neutral,UP,neutral,neutral,neutral,964885,Uncertain significance,1,91.36,-,-0.164,1.7277,-8.3749,loss_of_function,-4.00157606468137,0.9180052373304224,Pathogenic,0.5586,ambiguous,https://doi.org/10.1101/2022.10.22.513328
A1022S,-0.05365,0.46735,0.1331587356358765,Neutral,Neutral,54.9,,,,mutations_clinvar,,False,54.9,,,,neutral,neutral,neutral,-,uncertain,uncertain,uncertain,952224,Uncertain significance,1,92.53,H,0.0689,2.9774,-2.5937,gain_of_function,-0.301319692122609,0.0014120189463744,Benign,0.0861,benign,https://doi.org/10.1101/2022.10.22.513328
K1026N,1.38099,0.58673,0.6294225762570224,Neutral,Neutral,60.9,,,0.427,COSMIC,,False,60.9,,,,neutral,neutral,neutral,DOWN,neutral,neutral,neutral,,,,96.35,H,-0.1133,1.5894,-6.3354,loss_of_function,-3.29321391312608,0.8085349529280133,Pathogenic,0.7676,pathogenic,https://doi.org/10.1101/2022.10.22.513328
L1028V,1.50893,2.83299,1.9925613260421555,Uncertain,Neutral,0.0,,,0.131,cBioPortal,,False,0.0,,,,neutral,neutral,neutral,DOWN,neutral,neutral,neutral,,,,97.16,H,-0.0636,1.8783,-3.9156,loss_of_function,-0.34380157849913,0.1846027702893665,Benign,0.086,benign,https://doi.org/10.1101/2022.10.22.513328
N1030Y,-0.19431,-1.05476,-0.0881550315146778,Neutral,Neutral,57.9,,7.953045221e-06,0.253,cBioPortal,,False,57.9,,,,neutral,neutral,neutral,UP,neutral,neutral,neutral,,,,96.49,H,-0.0481,2.7256,-8.3749,loss_of_function,-3.30123460002606,0.7015377989443724,Pathogenic,0.1102,benign,https://doi.org/10.1101/2022.10.22.513328
L1031F,4.21662,0.98299,2.1527317527636645,Uncertain,Uncertain,0.1,,,,mutations_clinvar,,False,0.1,,,,neutral,neutral,neutral,UP,neutral,neutral,neutral,1367034,Uncertain significance,1,97.33,H,-0.1522,1.2079,-4.6702,loss_of_function,-2.36040399659905,0.2699576200048515,Benign,0.1678,benign,https://doi.org/10.1101/2022.10.22.513328
S1038L,-0.20812,-0.61803,-1.1429632020451013,Neutral,Neutral,47.3,,,0.098,"cBioPortal,COSMIC,mutations_clinvar",,True,47.3,,,,uncertain,,,UP,neutral,neutral,neutral,1480740,Uncertain significance,1,91.83,H,0.0233,2.9761,-1.1969,gain_of_function,0.334955312590055,9.548239784836649e-09,Benign,0.0511,benign,https://doi.org/10.1101/2022.10.22.513328
Y1039C,2.25802,2.23605,2.914808971302081,Uncertain,Uncertain,47.7,,,,mutations_clinvar,,True,47.7,,,,uncertain,,,DOWN,neutral,neutral,neutral,1046945,Uncertain significance,2,91.92,H,-0.0305,3.2185,-3.4121,loss_of_function,-0.348088632844703,0.0005545816548813,Benign,0.0495,benign,https://doi.org/10.1101/2022.10.22.513328
S1041G,1.82795,1.31939,0.8967950426116885,Neutral,Neutral,19.2,,,0.27,"cBioPortal,COSMIC",,True,19.2,,,,uncertain,,,DOWN,neutral,neutral,neutral,,,,94.15,-,0.0196,2.3706,-4.388,gain_of_function,-2.38909143223019,0.0796577599032848,Benign,0.2149,benign,https://doi.org/10.1101/2022.10.22.513328
S1041R,1.34017,-0.21871,-0.0169932112309323,Neutral,Neutral,19.2,,,0.368,cBioPortal,,True,19.2,,,,uncertain,,,UP,neutral,neutral,neutral,,,,94.15,-,-0.0855,2.3706,-8.3879,loss_of_function,-3.73673448138008,0.7489086014258586,Pathogenic,0.9672,pathogenic,https://doi.org/10.1101/2022.10.22.513328
P1042A,2.16829,0.51156,0.9095522578073562,Uncertain,Uncertain,2.2,,,,mutations_clinvar,,True,2.2,,,,neutral,neutral,neutral,DOWN,neutral,neutral,neutral,1410924,Uncertain significance,1,95.5,S,-0.0074,2.582,-6.04,loss_of_function,-3.16587247897123,0.3722585482618122,Uncertain,0.2151,benign,https://doi.org/10.1101/2022.10.22.513328
P1042R,3.35953,0.76088,5.209196824571711,Uncertain,Destabilizing,2.2,,,,mutations_clinvar,,True,2.2,,,,neutral,neutral,neutral,UP,neutral,neutral,neutral,2171271,Uncertain significance,1,95.5,S,-0.0891,2.582,-8.3618,loss_of_function,-3.38797618796856,0.7582458247889101,Pathogenic,0.7215,pathogenic,https://doi.org/10.1101/2022.10.22.513328
V1043A,1.64436,1.30068,1.3354814335560294,Neutral,Neutral,8.4,,,0.327,COSMIC,,True,8.4,,,,neutral,neutral,neutral,DOWN,neutral,neutral,neutral,,,,97.01,H,-0.0056,2.6792,-2.8569,loss_of_function,-0.784426880910317,0.0172200919496611,Benign,0.1745,benign,https://doi.org/10.1101/2022.10.22.513328
V1043I,-0.45454,0.9983,0.0214405587871402,Neutral,Neutral,8.4,,,,mutations_clinvar,,True,8.4,,,,neutral,neutral,neutral,UP,neutral,neutral,neutral,1337377,Uncertain significance,1,97.01,H,0.0478,2.6792,-5.0268,gain_of_function,-0.991876566997952,0.3674729833146126,Uncertain,0.0982,benign,https://doi.org/10.1101/2022.10.22.513328
I1044L,-0.18324,0.12925,0.2964252788598492,Neutral,Neutral,65.8,,,0.022,"cBioPortal,COSMIC",,True,65.8,,,,neutral,neutral,neutral,-,uncertain,uncertain,uncertain,,,,95.94,H,0.0707,3.2516,-5.9773,gain_of_function,-0.974072779386743,0.0005010284415783,Benign,0.0704,benign,https://doi.org/10.1101/2022.10.22.513328
L1045V,2.90291,0.98776,1.0571897065946303,Uncertain,Uncertain,7.3,,,,mutations_clinvar,,True,7.3,,,,neutral,neutral,neutral,DOWN,neutral,neutral,neutral,1427604,Uncertain significance,2,96.35,H,-0.0614,1.8742,-3.424,loss_of_function,-0.605015362328593,0.0018038112368058,Benign,0.0813,benign,https://doi.org/10.1101/2022.10.22.513328
R1047C,1.47273,1.51769,1.8557743701052856,Neutral,Neutral,42.5,3.18572793883e-05,3.9765858624e-06,0.63,"cBioPortal,COSMIC,mutations_clinvar",,True,42.5,,,,neutral,neutral,neutral,DOWN,neutral,neutral,neutral,1409052,Uncertain significance,2,96.59,H,-0.0665,2.9689,-6.7548,loss_of_function,-3.00200360805769,0.6496883320870211,Uncertain,0.2158,benign,https://doi.org/10.1101/2022.10.22.513328
R1047H,0.47453,1.31701,0.913209191785904,Neutral,Neutral,42.5,,7.9531717249e-06,0.53,COSMIC,,True,42.5,,,,neutral,neutral,neutral,DOWN,neutral,neutral,neutral,,,,96.59,H,-0.0274,2.9689,-6.7548,loss_of_function,-2.30429265538134,0.4233596676536931,Uncertain,0.1873,benign,https://doi.org/10.1101/2022.10.22.513328
D1048Y,-0.62512,-0.18741,-0.4537481220504025,Neutral,Neutral,20.9,,,0.662,"cBioPortal,COSMIC",,True,20.9,,,,neutral,neutral,neutral,UP,neutral,neutral,neutral,,,,96.72,H,-0.1201,2.2039,-8.3618,loss_of_function,-3.4869999418234,0.2062449435756868,Benign,0.2937,benign,https://doi.org/10.1101/2022.10.22.513328
L1049F,2.42884,-0.47041,1.983039043037118,Uncertain,Uncertain,0.0,,,,mutations_clinvar,,False,0.0,,,,neutral,neutral,neutral,UP,neutral,neutral,neutral,1714951,Uncertain significance,1,97.58,H,-0.0916,1.8663,-4.6746,loss_of_function,-1.59489020696517,0.0160355766763953,Benign,0.1433,benign,https://doi.org/10.1101/2022.10.22.513328
I1053V,1.18538,0.67381,1.5968317198308104,Neutral,Neutral,0.0,,,,mutations_clinvar,,False,0.0,,,,neutral,neutral,neutral,DOWN,neutral,neutral,neutral,1423295,Uncertain significance,1,96.07,H,-0.0404,1.5081,-4.114,loss_of_function,-0.53872459314407,0.039272432977832,Benign,0.1138,benign,https://doi.org/10.1101/2022.10.22.513328
G1055R,8.24292,7.38912,4.6530201766406005,Destabilizing,Destabilizing,0.9,,,0.336,"cBioPortal,mutations_clinvar",,False,0.9,,,,neutral,neutral,neutral,UP,neutral,neutral,neutral,2162188,Uncertain significance,1,94.18,H,-0.1014,3.0424,-6.79,loss_of_function,-3.82089659431415,0.6022746507599399,Uncertain,0.4374,ambiguous,https://doi.org/10.1101/2022.10.22.513328
H1056N,0.44326,1.37347,1.152889188727979,Neutral,Neutral,22.8,,,,mutations_clinvar,,False,22.8,,,,neutral,neutral,neutral,DOWN,neutral,neutral,neutral,963481,Uncertain significance,1,93.12,H,0.0522,2.9709,-6.0574,gain_of_function,-1.08587042910643,0.1276008331235886,Benign,0.0833,benign,https://doi.org/10.1101/2022.10.22.513328
L1057P,5.41639,10.40918,6.854381930733687,Destabilizing,Destabilizing,11.2,,,0.877,cBioPortal,,False,11.2,,,,neutral,neutral,neutral,DOWN,neutral,neutral,neutral,,,,93.47,H,-0.3432,1.704,-21.6671,loss_of_function,-4.44658297890599,0.922401811597753,Pathogenic,0.9694,pathogenic,https://doi.org/10.1101/2022.10.22.513328
G1058R,2.86751,4.35238,0.3647110133095949,Uncertain,Uncertain,72.3,,,,mutations_clinvar,,False,72.3,,,,neutral,neutral,neutral,UP,neutral,neutral,neutral,947048,Uncertain significance,1,92.57,-,-0.3462,0.4706,-8.3879,loss_of_function,-4.86934266741635,0.8911329640751666,Pathogenic,0.6685,pathogenic,https://doi.org/10.1101/2022.10.22.513328
I1060T,2.26746,1.68537,2.4375163826970248,Uncertain,Uncertain,8.9,,,,mutations_clinvar,,False,8.9,,,,neutral,neutral,neutral,DOWN,neutral,neutral,neutral,1062139,Uncertain significance,1,90.61,S,-0.1765,1.3715,-6.3794,loss_of_function,-2.22597455259529,0.3787550020873881,Uncertain,0.1398,benign,https://doi.org/10.1101/2022.10.22.513328
Q1062H,0.36306,0.12245,-0.2344335700542071,Neutral,Neutral,105.8,,,0.44,cBioPortal,,False,105.8,,,,neutral,neutral,neutral,UP,neutral,neutral,neutral,,,,82.09,T,-0.0094,2.3978,-8.3397,loss_of_function,-2.80279683361342,0.5837806383556868,Uncertain,0.1713,benign,https://doi.org/10.1101/2022.10.22.513328
D1063V,0.34244,0.56837,0.1995244449482902,Neutral,Neutral,105.7,,,,mutations_clinvar,,False,105.7,,,,neutral,neutral,neutral,UP,neutral,neutral,neutral,1058382,Uncertain significance,2,83.73,T,-0.1705,1.5608,-6.2384,loss_of_function,-1.67039148272624,0.4877095121691216,Uncertain,0.1887,benign,https://doi.org/10.1101/2022.10.22.513328
V1064A,0.8275,1.31769,1.105096080947894,Neutral,Neutral,56.4,3.18572793883e-05,3.9767440011e-06,0.282,cBioPortal,,False,56.4,,,,neutral,neutral,neutral,DOWN,neutral,neutral,neutral,,,,84.87,-,-0.0192,2.6065,-4.2117,loss_of_function,-1.40110904144968,0.203820350496943,Benign,0.1524,benign,https://doi.org/10.1101/2022.10.22.513328
E1065K,-0.34794,0.02551,-0.1245445062541189,Neutral,Neutral,110.3,,,,mutations_clinvar,,False,110.3,,,,neutral,neutral,neutral,UP,neutral,neutral,neutral,2173461,Uncertain significance,1,82.79,-,-0.185,1.6799,-21.632,loss_of_function,-3.87163893099312,0.8559488137898578,Pathogenic,0.1363,benign,https://doi.org/10.1101/2022.10.22.513328
V1066A,1.26775,1.87449,2.0938088481375927,Neutral,Uncertain,16.1,,,,mutations_clinvar,,False,16.1,,,,neutral,neutral,neutral,DOWN,neutral,neutral,neutral,2488515,Uncertain significance,1,85.31,-,-0.0605,2.21,-5.1655,loss_of_function,-2.33027545904265,0.3337840741012602,Uncertain,0.2274,benign,https://doi.org/10.1101/2022.10.22.513328
E1067V,0.53302,0.06293,0.1336954178822219,Neutral,Neutral,105.7,,,0.843,cBioPortal,,False,105.7,,,,neutral,neutral,neutral,-,uncertain,uncertain,uncertain,,,,83.11,-,-0.0808,1.8699,-6.3619,loss_of_function,-1.63626908608308,0.5997320882283075,Uncertain,0.3584,ambiguous,https://doi.org/10.1101/2022.10.22.513328
T1069R,-0.47904,0.45544,-0.366847293125907,Neutral,Neutral,42.4,,,,mutations_clinvar,,True,42.4,,,,uncertain,,,UP,neutral,neutral,neutral,1003432,Uncertain significance,2,83.05,-,-0.0342,3.0688,-4.1744,loss_of_function,-0.860760715518791,0.0005218296801654,Benign,0.1473,benign,https://doi.org/10.1101/2022.10.22.513328
I1074L,0.18073,0.30952,0.1219680614625728,Neutral,Neutral,0.0,,,,mutations_clinvar,,True,0.0,,,,neutral,neutral,neutral,-,uncertain,uncertain,uncertain,651465,Uncertain significance,1,94.29,T,0.0088,2.4204,-3.1184,gain_of_function,-0.124966581381591,0.0046584311918577,Benign,0.0645,benign,https://doi.org/10.1101/2022.10.22.513328
R1078T,0.21462,0.03571,0.2696496151479077,Neutral,Neutral,75.6,,,,mutations_clinvar,,True,75.6,,,,neutral,neutral,neutral,DOWN,neutral,neutral,neutral,1913962,Uncertain significance,1,92.05,T,-0.0926,2.5473,-5.0356,loss_of_function,-2.57416271802254,0.0402118595549764,Benign,0.1415,benign,https://doi.org/10.1101/2022.10.22.513328
T1079K,4.89994,6.51122,3.4163575820114214,Destabilizing,Destabilizing,0.2,,,0.811,COSMIC,,True,0.2,,,,uncertain,,,UP,neutral,neutral,neutral,,,,94.33,T,-0.2079,1.294,-6.7769,loss_of_function,-2.46115537529913,0.9099419140633452,Pathogenic,0.7924,pathogenic,https://doi.org/10.1101/2022.10.22.513328
T1079M,1.97496,4.37687,0.8358667663437183,Uncertain,Neutral,0.2,0.0002229299363057,0.0003064481465857,0.63,"COSMIC,mutations_clinvar",,True,0.2,,,,uncertain,,,UP,neutral,neutral,neutral,238321,Conflicting interpretations of pathogenicity,1,94.33,T,-0.1607,1.294,-5.04,loss_of_function,-1.05440910289062,0.7140175581425783,Pathogenic,0.1745,benign,https://doi.org/10.1101/2022.10.22.513328
A1081G,1.67004,2.4602,1.9892727866092643,Uncertain,Neutral,0.6,,0.0006434029220883,0.531,COSMIC,,True,0.6,,,,neutral,neutral,neutral,DOWN,neutral,neutral,neutral,,,,94.49,I,-0.0015,2.6674,-5.1655,loss_of_function,-2.45734263510788,0.26264405198701,Benign,0.2107,benign,https://doi.org/10.1101/2022.10.22.513328
A1081T,-0.81819,1.40714,1.1290468100973463,Neutral,Neutral,0.6,,,,mutations_clinvar,,True,0.6,,,,neutral,neutral,neutral,UP,neutral,neutral,neutral,317292,Uncertain significance,2,94.49,I,0.0349,2.6674,-2.5025,gain_of_function,-0.669945511379461,0.0707994761711171,Benign,0.1382,benign,https://doi.org/10.1101/2022.10.22.513328
A1081V,-2.40951,1.80544,0.3426957168696787,Uncertain,Uncertain,0.6,,,,mutations_clinvar,,True,0.6,,,,neutral,neutral,neutral,UP,neutral,neutral,neutral,1961619,Uncertain significance,1,94.49,I,0.0224,2.6674,-5.528,gain_of_function,-2.10276418478925,0.383032193905324,Uncertain,0.1415,benign,https://doi.org/10.1101/2022.10.22.513328
P1082T,1.84356,0.40102,0.0571632846408609,Neutral,Neutral,61.0,,,0.346,"cBioPortal,COSMIC",,True,61.0,,,,neutral,neutral,neutral,-,uncertain,uncertain,uncertain,,,,94.82,I,-0.0336,2.3696,-5.0112,loss_of_function,-1.20046728656106,,,0.3491,ambiguous,https://doi.org/10.1101/2022.10.22.513328
T1083A,-0.06993,0.57789,0.3699943759700252,Neutral,Neutral,17.5,,,,mutations_clinvar,,True,17.5,,,,uncertain,,,DOWN,neutral,neutral,neutral,317293,Uncertain significance,2,95.93,I,-0.0097,2.3708,-3.6305,loss_of_function,-0.305728147901673,0.0097505087949302,Benign,0.0634,benign,https://doi.org/10.1101/2022.10.22.513328
C1085F,5.33347,0.48333,1.7093291677167877,Uncertain,Uncertain,0.0,,,0.723,"cBioPortal,mutations_clinvar",,True,0.0,,,,neutral,neutral,neutral,UP,neutral,neutral,neutral,845337,Uncertain significance,1,97.67,H,-0.1376,2.9041,-6.2431,loss_of_function,-1.20598639595037,0.033752834778682,Benign,0.26,benign,https://doi.org/10.1101/2022.10.22.513328
C1085W,13.27214,7.25816,4.506459411285683,Destabilizing,Destabilizing,0.0,3.18654005481e-05,8.36586726157e-05,0.738,"COSMIC,mutations_clinvar",,True,0.0,,,,neutral,neutral,neutral,UP,neutral,neutral,neutral,568595,Uncertain significance,2,97.67,H,-0.2188,2.9041,-21.5309,loss_of_function,-2.8540395897467,0.5170691017695278,Uncertain,0.7766,pathogenic,https://doi.org/10.1101/2022.10.22.513328
L1087F,4.1112,1.33469,2.621581474987638,Uncertain,Uncertain,13.1,,,0.442,"cBioPortal,COSMIC",,True,13.1,,,,neutral,neutral,neutral,UP,neutral,neutral,neutral,,,,97.51,H,-0.0806,2.0464,-5.7638,loss_of_function,-1.79585460452139,0.8306390955775778,Pathogenic,0.1231,benign,https://doi.org/10.1101/2022.10.22.513328
L1087H,5.13013,1.73231,3.276066110515324,Uncertain,Destabilizing,13.1,,,0.743,cBioPortal,,True,13.1,,,,neutral,neutral,neutral,DOWN,neutral,neutral,neutral,,,,97.51,H,-0.1976,2.0464,-7.3487,loss_of_function,-3.28626970205644,0.3800664893714494,Uncertain,0.2129,benign,https://doi.org/10.1101/2022.10.22.513328
Q1091E,1.13592,-0.27381,0.9013567313501436,Neutral,Neutral,7.4,,,,mutations_clinvar,,False,7.4,,,,neutral,neutral,neutral,DOWN,neutral,neutral,neutral,1054001,Uncertain significance,1,96.85,H,0.0116,2.527,-5.7682,gain_of_function,-2.26414625140616,0.5916066996181186,Uncertain,0.1073,benign,https://doi.org/10.1101/2022.10.22.513328
Q1091R,-0.54516,1.13197,0.0468845524419236,Neutral,Neutral,7.4,,,,mutations_clinvar,,False,7.4,,,,neutral,neutral,neutral,UP,neutral,neutral,neutral,1692561,Uncertain significance,2,96.85,H,-0.0129,2.527,-5.3531,loss_of_function,-1.22884736112504,0.2066194285039611,Benign,0.0924,benign,https://doi.org/10.1101/2022.10.22.513328
A1092V,3.62976,1.71633,2.0847798532846937,Uncertain,Uncertain,0.0,,,0.331,"cBioPortal,COSMIC",,False,0.0,,,,neutral,neutral,neutral,UP,neutral,neutral,neutral,,,,97.57,H,0.0281,2.5198,-1.7532,gain_of_function,-0.575929435149848,0.0007522487751699,Benign,0.1888,benign,https://doi.org/10.1101/2022.10.22.513328
E1093K,-1.01845,-0.53878,0.0859186193344302,Neutral,Neutral,50.5,,,,mutations_clinvar,,False,50.5,,,,neutral,neutral,neutral,UP,neutral,neutral,neutral,886757,Uncertain significance,2,96.86,H,-0.0249,2.4392,-3.952,loss_of_function,-2.77621411966972,0.1480593339683321,Benign,0.2443,benign,https://doi.org/10.1101/2022.10.22.513328
V1095I,-0.63904,1.62211,0.0353633306135958,Neutral,Neutral,0.1,,,,mutations_clinvar,,False,0.1,,,,neutral,neutral,neutral,UP,neutral,neutral,neutral,649124,Uncertain significance,1,96.34,H,0.0386,2.4803,-3.2479,gain_of_function,-0.721803082211871,0.0027535522392808,Benign,0.0808,benign,https://doi.org/10.1101/2022.10.22.513328
L1096V,2.97241,3.1381,1.483126117703582,Uncertain,Uncertain,0.0,,,0.684,COSMIC,,False,0.0,,,,neutral,neutral,neutral,DOWN,neutral,neutral,neutral,,,,97.57,H,-0.1498,1.0326,-5.5633,loss_of_function,-1.88825229531344,0.0899161873858159,Benign,0.1511,benign,https://doi.org/10.1101/2022.10.22.513328
I1103L,-0.04284,0.07551,1.3108388856779614,Neutral,Neutral,1.5,,,0.556,"cBioPortal,COSMIC",,False,1.5,,,,neutral,neutral,neutral,-,uncertain,uncertain,uncertain,,,,91.43,H,-0.073,1.4784,-2.1612,loss_of_function,-1.08090428877694,0.0740074776343496,Benign,0.1131,benign,https://doi.org/10.1101/2022.10.22.513328
I1103M,0.57147,1.8585,2.2575587688679097,Neutral,Uncertain,1.5,,,,mutations_clinvar,,False,1.5,,,,neutral,neutral,neutral,-,uncertain,uncertain,uncertain,1407262,Uncertain significance,2,91.43,H,-0.1001,1.4784,-6.3707,loss_of_function,-1.79133804268576,0.1569644262350271,Benign,0.1268,benign,https://doi.org/10.1101/2022.10.22.513328
T1104P,2.68225,10.78299,6.860402266512781,Uncertain,Uncertain,64.8,,,,mutations_clinvar,,False,64.8,,,,uncertain,,,-,uncertain,uncertain,uncertain,456215,Uncertain significance,1,88.17,H,-0.1206,3.1588,-7.3706,loss_of_function,-2.71615328849404,0.2165003450080164,Benign,0.2066,benign,https://doi.org/10.1101/2022.10.22.513328
G1108R,10.36753,12.31156,1.5256383863165035,Destabilizing,Uncertain,11.1,,,0.216,"cBioPortal,COSMIC",,False,11.1,,,,neutral,neutral,neutral,UP,neutral,neutral,neutral,,,,74.01,H,-0.1266,2.7417,-6.3083,loss_of_function,-1.21274521918129,0.7911384753144508,Pathogenic,0.1679,benign,https://doi.org/10.1101/2022.10.22.513328
Q1109H,-0.02928,1.52449,0.4542192254209615,Neutral,Neutral,31.1,,,,mutations_clinvar,,False,31.1,,,,neutral,neutral,neutral,UP,neutral,neutral,neutral,1366763,Uncertain significance,1,74.23,H,0.0348,2.6641,-4.4827,gain_of_function,-1.00074422989375,0.0441240169253096,Benign,0.1184,benign,https://doi.org/10.1101/2022.10.22.513328
L1115S,-0.22234,0.1534,0.7396808488303158,Neutral,Neutral,57.2,,,,mutations_clinvar,,True,57.2,,,,neutral,neutral,neutral,DOWN,neutral,neutral,neutral,1429188,Uncertain significance,1,43.04,T,-0.0312,3.5061,-3.4021,loss_of_function,-0.102350194554392,,,0.071,benign,https://doi.org/10.1101/2022.10.22.513328
S1116T,0.00323,-0.22449,0.112411216827879,Neutral,Neutral,83.7,,,0.125,COSMIC,,True,83.7,,,,neutral,,,UP,neutral,neutral,stabilizing,,,,37.82,S,0.1363,3.4136,-3.9355,gain_of_function,-0.283080868725535,,,0.0668,benign,https://doi.org/10.1101/2022.10.22.513328
E1118D,-0.09957,0.19558,-0.2389495414329218,Neutral,Neutral,111.7,,3.9765858624e-06,0.214,"cBioPortal,mutations_clinvar",,True,111.7,,,,neutral,neutral,neutral,DOWN,neutral,neutral,stabilizing,998519,Uncertain significance,1,35.6,T,0.0921,3.0499,-3.0713,gain_of_function,-0.167164542638311,0.0018690341579077,Benign,0.0826,benign,https://doi.org/10.1101/2022.10.22.513328
E1118Q,-0.29469,0.22415,0.1670007041846205,Neutral,Neutral,111.7,,,0.331,"cBioPortal,COSMIC",,True,111.7,,,,neutral,neutral,neutral,UP,neutral,neutral,neutral,,,,35.6,T,0.0719,3.0499,-5.6958,gain_of_function,-0.237056682252281,0.0612007416092846,Benign,0.097,benign,https://doi.org/10.1101/2022.10.22.513328
A1119S,0.06534,-0.13912,-0.2697227436824451,Neutral,Neutral,92.6,,7.9532982328e-06,0.241,"cBioPortal,COSMIC",,False,92.6,,,,neutral,neutral,neutral,-,uncertain,uncertain,uncertain,,,,33.16,S,0.0866,3.2368,-3.812,gain_of_function,-0.147630189856239,0.0013018700604032,Benign,0.0794,benign,https://doi.org/10.1101/2022.10.22.513328
A1119T,-0.38316,-0.29388,-0.2731492212845127,Neutral,Neutral,92.6,,,,mutations_clinvar,,False,92.6,,,,neutral,neutral,neutral,UP,neutral,neutral,neutral,2163863,Uncertain significance,1,33.16,S,0.0773,3.2368,-4.4641,gain_of_function,-0.119389588102868,0.001551426615903,Benign,0.066,benign,https://doi.org/10.1101/2022.10.22.513328
S1120F,0.05547,0.02279,-0.3903887762207347,Neutral,Neutral,92.5,,,0.36,"cBioPortal,COSMIC",P,False,92.5,0.747,,,damaging,neutral,uncertain,UP,neutral,neutral,neutral,,,,31.56,-,0.0089,3.22,-8.2899,gain_of_function,-1.86644024819348,0.4553597302238069,Uncertain,0.0921,benign,https://doi.org/10.1101/2022.10.22.513328
Q1122E,0.3748,0.33401,-0.3050678721269095,Neutral,Neutral,108.0,,,0.312,cBioPortal,,False,108.0,,,,neutral,neutral,neutral,DOWN,neutral,neutral,stabilizing,,,,29.94,T,0.0278,2.5827,-3.5988,gain_of_function,-0.716961033860955,0.0196715929660313,Benign,0.0669,benign,https://doi.org/10.1101/2022.10.22.513328
Q1122R,-0.40595,0.42143,-0.3183231996420566,Neutral,Neutral,108.0,,,0.378,cBioPortal,,False,108.0,,,,neutral,neutral,neutral,UP,neutral,neutral,neutral,,,,29.94,T,-0.0011,2.5827,-4.0513,loss_of_function,-2.3904567394914,0.1437434091423292,Benign,0.0743,benign,https://doi.org/10.1101/2022.10.22.513328
T1124A,-0.14533,0.33265,0.0929174439340374,Neutral,Neutral,90.5,,,,mutations_clinvar,,False,90.5,,,,uncertain,,,DOWN,neutral,neutral,mixed_effects,1403142,Uncertain significance,1,34.43,-,0.1071,3.5622,-2.2322,gain_of_function,-0.108840246788149,0.0001512130085366,Benign,0.0584,benign,https://doi.org/10.1101/2022.10.22.513328
T1124P,-0.57347,-0.4034,1.1429662480382454,Neutral,Neutral,90.5,,,,mutations_clinvar,,False,90.5,,,,uncertain,,,-,uncertain,uncertain,uncertain,2201199,Uncertain significance,1,34.43,-,-0.0759,3.5622,-5.8875,loss_of_function,-0.853638560835542,0.0006315138516669,Benign,0.066,benign,https://doi.org/10.1101/2022.10.22.513328
T1124S,0.14171,0.10646,0.146066758341769,Neutral,Neutral,90.5,,,,mutations_clinvar,,False,90.5,,,,neutral,,,DOWN,neutral,neutral,mixed_effects,2187065,Uncertain significance,1,34.43,-,0.1353,3.5622,-3.8171,gain_of_function,-0.168986158680548,2.0686426912853902e-05,Benign,0.0779,benign,https://doi.org/10.1101/2022.10.22.513328
P1126R,0.78965,1.06429,-0.7320364662325612,Neutral,Neutral,71.5,,,,mutations_clinvar,,False,71.5,,,,neutral,neutral,neutral,UP,neutral,neutral,stabilizing,526343,Uncertain significance,1,55.62,T,-0.0083,3.2276,-4.1749,loss_of_function,-0.516060797786848,0.0444303800594139,Benign,0.0995,benign,https://doi.org/10.1101/2022.10.22.513328
N1127D,0.69485,0.83878,1.1649694577161396,Neutral,Neutral,11.3,,,,mutations_clinvar,,False,11.3,,,,neutral,neutral,neutral,-,uncertain,uncertain,uncertain,238323,Uncertain significance,1,65.58,T,0.0501,3.1908,-4.8679,gain_of_function,-0.406354259976996,0.0098142514418516,Benign,0.085,benign,https://doi.org/10.1101/2022.10.22.513328
Q1128E,0.11867,-0.21122,0.1477689635851592,Neutral,Neutral,66.6,,,,mutations_clinvar,,False,66.6,,,,neutral,neutral,neutral,DOWN,neutral,neutral,neutral,965111,Uncertain significance,1,72.03,H,0.0816,3.1416,-3.1328,gain_of_function,-0.543159734562665,1.881526632248869e-05,Benign,0.0715,benign,https://doi.org/10.1101/2022.10.22.513328
Q1128H,0.41387,-0.31701,-0.2361329134755668,Neutral,Neutral,66.6,,,0.187,"cBioPortal,COSMIC",,False,66.6,,,,neutral,neutral,neutral,UP,neutral,neutral,stabilizing,,,,72.03,H,0.0876,3.1416,-2.7385,gain_of_function,-0.314693695248575,0.0184009392649286,Benign,0.0663,benign,https://doi.org/10.1101/2022.10.22.513328
V1130D,3.83184,4.29048,3.5833848656522784,Destabilizing,Destabilizing,17.5,,,,mutations_clinvar,,False,17.5,,,,neutral,neutral,neutral,DOWN,neutral,neutral,neutral,238324,Uncertain significance,1,88.2,H,-0.2375,3.0034,-21.5165,loss_of_function,-1.95935057779032,0.1725384230184698,Benign,0.1743,benign,https://doi.org/10.1101/2022.10.22.513328
E1131G,4.31888,2.9983,1.7516095857797334,Uncertain,Uncertain,17.2,,,,mutations_clinvar,,False,17.2,,,,neutral,neutral,neutral,DOWN,neutral,neutral,neutral,2191041,Uncertain significance,1,88.78,H,-0.225,0.5494,-8.3574,loss_of_function,-2.1299009034275,0.9262504932223729,Pathogenic,0.1867,benign,https://doi.org/10.1101/2022.10.22.513328
E1131K,2.41906,1.84388,0.8377129681922285,Uncertain,Uncertain,17.2,,,0.686,cBioPortal,,False,17.2,,,,neutral,neutral,neutral,UP,neutral,neutral,neutral,,,,88.78,H,-0.2162,0.5494,-7.3575,loss_of_function,-5.35196936059518,0.9084446922989136,Pathogenic,0.2579,benign,https://doi.org/10.1101/2022.10.22.513328
I1134F,9.72707,8.01327,3.2149373049658525,Destabilizing,Destabilizing,0.0,,,0.407,COSMIC,,False,0.0,,,,neutral,neutral,neutral,UP,neutral,neutral,neutral,,,,94.73,H,-0.1235,1.9853,-6.3487,loss_of_function,-3.75159236452323,0.4492831172130143,Uncertain,0.2566,benign,https://doi.org/10.1101/2022.10.22.513328
I1134V,1.45346,0.18367,1.5637639078387484,Neutral,Neutral,0.0,,7.9527922254e-06,0.136,"cBioPortal,COSMIC,mutations_clinvar",,False,0.0,,,,neutral,neutral,neutral,DOWN,neutral,neutral,neutral,317294,Uncertain significance,2,94.73,H,0.0174,1.9853,-1.4062,gain_of_function,-0.211383770930189,0.0004332034381874,Benign,0.0546,benign,https://doi.org/10.1101/2022.10.22.513328
I1135F,6.29375,0.5432,0.6593885475708638,Uncertain,Uncertain,6.0,,,,mutations_clinvar,,False,6.0,,,,neutral,neutral,neutral,UP,neutral,neutral,neutral,1717100,Uncertain significance,1,94.82,H,-0.0809,2.5589,-8.3486,loss_of_function,-3.31974011854638,0.5315654647536238,Uncertain,0.2216,benign,https://doi.org/10.1101/2022.10.22.513328
I1135V,0.8272,0.28095,0.7216247383370263,Neutral,Neutral,6.0,,,0.235,cBioPortal,,False,6.0,,,,neutral,neutral,neutral,DOWN,neutral,neutral,neutral,,,,94.82,H,0.0598,2.5589,-3.4418,gain_of_function,-0.0394429955533167,0.0031965659411015,Benign,0.0727,benign,https://doi.org/10.1101/2022.10.22.513328
Q1137H,4.64834,1.83197,0.7367727856762252,Uncertain,Uncertain,4.2,,,,mutations_clinvar,,False,4.2,,,,neutral,neutral,neutral,UP,neutral,neutral,neutral,2190067,Uncertain significance,1,95.66,H,-0.0852,1.4088,-5.3531,loss_of_function,-2.9317245581631,0.251732141359564,Benign,0.4404,ambiguous,https://doi.org/10.1101/2022.10.22.513328
G1139R,-1.65119,-1.4466,-0.6364613155046139,Neutral,Neutral,33.8,,,0.704,cBioPortal,,False,33.8,,,,neutral,neutral,neutral,UP,neutral,neutral,neutral,,,,96.52,H,-0.1768,2.254,-7.3531,loss_of_function,-4.18527690515188,0.8618309450262451,Pathogenic,0.9531,pathogenic,https://doi.org/10.1101/2022.10.22.513328
T1140I,-1.85695,-1.02789,-0.8624363291529069,Neutral,Neutral,25.6,,,,mutations_clinvar,,False,25.6,,,,uncertain,,,UP,neutral,neutral,neutral,435163,Uncertain significance,2,96.53,H,-0.0126,2.7268,-5.5458,loss_of_function,-1.79050017082121,0.1723045975566392,Benign,0.2373,benign,https://doi.org/10.1101/2022.10.22.513328
T1143I,-0.71705,-0.71905,-0.7529323565433854,Neutral,Neutral,42.8,,,,mutations_clinvar,,True,42.8,,,,uncertain,,,UP,neutral,neutral,neutral,526363,Uncertain significance,2,95.67,H,-0.0633,2.332,-8.353,loss_of_function,-3.82033461149743,0.5621182485746089,Uncertain,0.3554,ambiguous,https://doi.org/10.1101/2022.10.22.513328
T1143R,0.03491,0.20306,-0.3985222256696236,Neutral,Neutral,42.8,,,,mutations_clinvar,,True,42.8,,,,uncertain,,,UP,neutral,neutral,neutral,1430840,Uncertain significance,1,95.67,H,-0.1071,2.332,-5.1832,loss_of_function,-3.91523868058065,0.6492549988596441,Uncertain,0.599,pathogenic,https://doi.org/10.1101/2022.10.22.513328
F1145L,0.52551,1.13095,2.5482389661144427,Neutral,Uncertain,0.0,,,,mutations_clinvar,,True,0.0,,,,neutral,neutral,neutral,DOWN,neutral,neutral,neutral,568868,Uncertain significance,1,98.0,H,-0.0488,2.1581,-1.0864,loss_of_function,-0.984233517299847,0.0079189818657183,Benign,0.6356,pathogenic,https://doi.org/10.1101/2022.10.22.513328
F1145Y,1.1797,0.36327,0.4917224930035474,Neutral,Neutral,0.0,,,0.296,cBioPortal,,True,0.0,,,,neutral,neutral,neutral,-,uncertain,uncertain,uncertain,,,,98.0,H,-0.0534,2.1581,-4.7682,loss_of_function,-0.743683564382915,0.001085549624614,Benign,0.1506,benign,https://doi.org/10.1101/2022.10.22.513328
H1146Y,-0.43073,0.98299,-0.241718049030164,Neutral,Neutral,27.8,,,0.585,COSMIC,,True,27.8,,,,neutral,neutral,neutral,UP,neutral,neutral,neutral,,,,95.56,H,0.0702,2.7097,-4.6571,gain_of_function,-1.81298439041596,0.4691448886058249,Uncertain,0.2346,benign,https://doi.org/10.1101/2022.10.22.513328
E1147K,-0.80945,-0.00034,0.2074315718255165,Neutral,Neutral,21.0,,,0.628,"cBioPortal,COSMIC,mutations_clinvar",,True,21.0,,,,neutral,neutral,neutral,UP,neutral,neutral,neutral,1475824,Uncertain significance,1,95.17,H,-0.0883,1.9384,-7.3487,loss_of_function,-4.51226807820491,0.735994532381055,Pathogenic,0.8805,pathogenic,https://doi.org/10.1101/2022.10.22.513328
L1148R,5.4507,3.98878,4.240038571183611,Destabilizing,Destabilizing,0.0,,,,mutations_clinvar,,True,0.0,,,,neutral,neutral,neutral,UP,neutral,neutral,neutral,886758,Uncertain significance,2,96.87,H,-0.4009,1.0404,-21.6453,loss_of_function,-4.68209242974991,0.934205395219724,Pathogenic,0.9288,pathogenic,https://doi.org/10.1101/2022.10.22.513328
L1153V,1.46816,2.24796,2.2306231720095635,Uncertain,Uncertain,0.0,,,,mutations_clinvar,,True,0.0,,,,neutral,neutral,neutral,DOWN,neutral,neutral,neutral,665428,Uncertain significance,2,92.16,-,-0.0975,1.4759,-3.3132,loss_of_function,-0.82392508978296,0.0173668860360708,Benign,0.1018,benign,https://doi.org/10.1101/2022.10.22.513328
P1154S,2.3773,1.92245,0.0129409818884934,Uncertain,Uncertain,45.6,,,0.752,"cBioPortal,COSMIC,mutations_clinvar",,True,45.6,,,,neutral,neutral,neutral,DOWN,neutral,neutral,neutral,1963867,Uncertain significance,1,87.23,-,-0.0508,2.0411,-4.8534,loss_of_function,-1.39666780479984,0.0936833283750899,Benign,0.2653,benign,https://doi.org/10.1101/2022.10.22.513328
S1155L,-0.89442,-0.89932,-1.3925027934425231,Neutral,Neutral,20.4,,1.59058374423e-05,0.293,cBioPortal,,True,20.4,,,,uncertain,,,UP,neutral,neutral,stabilizing,,,,82.28,S,0.0002,2.8369,-3.2106,gain_of_function,-1.08206970508262,0.007990727366275,Benign,0.0787,benign,https://doi.org/10.1101/2022.10.22.513328
G1156R,2.95989,4.92211,1.3814581098032397,Uncertain,Uncertain,40.8,,3.97645936059e-05,0.777,"COSMIC,mutations_clinvar",,True,40.8,,,,neutral,neutral,neutral,UP,neutral,neutral,stabilizing,641227,Uncertain significance,2,85.62,S,-0.31,0.8606,-8.3127,loss_of_function,-4.4649222939029,0.7043252573890391,Pathogenic,0.7126,pathogenic,https://doi.org/10.1101/2022.10.22.513328
C1158F,12.80016,5.11633,0.6164860402689772,Destabilizing,Uncertain,2.1,,,,mutations_clinvar,,True,2.1,,,,neutral,neutral,neutral,UP,neutral,neutral,neutral,456216,Uncertain significance,2,93.14,H,-0.2847,2.1585,-21.6186,loss_of_function,-3.12930523942752,0.8616947777733464,Pathogenic,0.3395,benign,https://doi.org/10.1101/2022.10.22.513328
V1159L,-0.46685,0.99694,0.5260614048401541,Neutral,Neutral,2.9,,,,mutations_clinvar,,False,2.9,,,,neutral,neutral,neutral,UP,neutral,neutral,neutral,1517221,Uncertain significance,1,92.38,H,-0.051,2.3835,-6.3174,loss_of_function,-2.22768592294713,0.1610428785950935,Benign,0.3011,benign,https://doi.org/10.1101/2022.10.22.513328
T1161A,-0.05332,0.18571,0.463861286968858,Neutral,Neutral,33.9,,,,mutations_clinvar,,False,33.9,,,,uncertain,,,DOWN,neutral,neutral,neutral,945591,Uncertain significance,1,94.54,H,0.0408,2.8819,-2.9608,gain_of_function,-0.205153790362872,0.0007687346380484,Benign,0.0681,benign,https://doi.org/10.1101/2022.10.22.513328
K1164N,0.33591,0.97891,0.6107506194156109,Neutral,Neutral,62.6,,,0.442,COSMIC,,True,62.6,,,,neutral,neutral,neutral,DOWN,neutral,neutral,neutral,,,,95.87,H,-0.1452,1.2679,-6.7726,loss_of_function,-4.09754967549704,0.4514891950456899,Uncertain,0.7493,pathogenic,https://doi.org/10.1101/2022.10.22.513328
D1165E,-0.03204,-0.01054,1.480918383745659,Neutral,Neutral,3.4,,,,mutations_clinvar,,True,3.4,,,,neutral,neutral,neutral,UP,neutral,neutral,neutral,2121708,Uncertain significance,1,97.41,H,0.1049,3.2277,-2.3352,gain_of_function,-0.716322509535949,2.914774652001775e-06,Benign,0.1805,benign,https://doi.org/10.1101/2022.10.22.513328
D1165H,-1.76578,-0.42993,0.1313927194779018,Neutral,Neutral,3.4,,3.9767756303e-06,0.314,COSMIC,,True,3.4,,,,neutral,neutral,neutral,UP,neutral,neutral,neutral,,,,97.41,H,-0.058,3.2277,-21.6453,loss_of_function,-3.86750896379845,0.1341471214882695,Benign,0.2693,benign,https://doi.org/10.1101/2022.10.22.513328
C1167F,-1.6489,-0.45884,-1.1782869928584827,Neutral,Neutral,29.3,,,,mutations_clinvar,,True,29.3,,,,neutral,neutral,neutral,UP,neutral,neutral,neutral,1381270,Uncertain significance,1,97.06,H,-0.1134,3.2852,-8.3574,loss_of_function,-2.74311980587456,0.0910125745946415,Benign,0.1984,benign,https://doi.org/10.1101/2022.10.22.513328
C1167G,0.76542,1.79932,1.322851131089522,Neutral,Neutral,29.3,,,,mutations_clinvar,,True,29.3,,,,neutral,neutral,neutral,DOWN,neutral,neutral,neutral,581189,Uncertain significance,2,97.06,H,-0.0957,3.2852,-5.1876,loss_of_function,-0.876382158489821,0.0007177996923993,Benign,0.0719,benign,https://doi.org/10.1101/2022.10.22.513328
M1169I,4.18681,1.21735,0.7861868531394347,Uncertain,Uncertain,0.0,,,0.141,COSMIC,,False,0.0,,,,neutral,neutral,neutral,-,uncertain,uncertain,uncertain,,,,97.57,H,0.0194,2.6761,-4.1876,gain_of_function,-0.287981773172954,0.0105196243528572,Benign,0.2566,benign,https://doi.org/10.1101/2022.10.22.513328
M1169L,0.85686,0.19966,0.285350802570648,Neutral,Neutral,0.0,,,,mutations_clinvar,,False,0.0,,,,neutral,neutral,neutral,-,uncertain,uncertain,uncertain,665796,Uncertain significance,1,97.57,H,0.0624,2.6761,-2.2283,gain_of_function,-1.28760599364084,0.0098696112612132,Benign,0.1297,benign,https://doi.org/10.1101/2022.10.22.513328
M1169T,4.06379,2.77857,2.557797455385029,Uncertain,Uncertain,0.0,,,,mutations_clinvar,,False,0.0,,,,neutral,neutral,neutral,DOWN,neutral,neutral,neutral,1376695,Uncertain significance,1,97.57,H,-0.0229,2.6761,-1.9146,loss_of_function,-0.63698159672647,0.0027323808873289,Benign,0.2154,benign,https://doi.org/10.1101/2022.10.22.513328
M1169V,4.42349,2.19966,1.326015709773722,Uncertain,Uncertain,0.0,,,,mutations_clinvar,,False,0.0,,,,neutral,neutral,neutral,DOWN,neutral,neutral,neutral,435161,Uncertain significance,2,97.57,H,-0.0157,2.6761,-4.7726,loss_of_function,-0.383304865752833,0.0382124768372833,Benign,0.1062,benign,https://doi.org/10.1101/2022.10.22.513328
T1171A,-0.84836,0.06837,0.1902907190524277,Neutral,Neutral,66.0,,,0.185,cBioPortal,,True,66.0,,,,uncertain,,,DOWN,neutral,neutral,neutral,,,,97.66,H,0.0282,2.8091,-4.1096,gain_of_function,-0.43965901570714,0.0137042703740059,Benign,0.0709,benign,https://doi.org/10.1101/2022.10.22.513328
T1171I,-1.37195,-0.70034,-0.7863075325266616,Neutral,Neutral,66.0,,,0.44,cBioPortal,,True,66.0,,,,uncertain,,,UP,neutral,neutral,neutral,,,,97.66,H,-0.0051,2.8091,-5.5502,loss_of_function,-0.659547739213696,0.2983946840382292,Benign,0.1405,benign,https://doi.org/10.1101/2022.10.22.513328
T1171N,-0.86909,0.07517,0.4036972457787274,Neutral,Neutral,66.0,,,0.186,cBioPortal,,True,66.0,,,,uncertain,,,-,uncertain,uncertain,uncertain,,,,97.66,H,-0.0211,2.8091,-2.8657,loss_of_function,-0.765941906018847,0.0023612025545306,Benign,0.0933,benign,https://doi.org/10.1101/2022.10.22.513328
T1172I,-1.69806,0.00034,-0.0175195261493282,Neutral,Neutral,0.1,,,,mutations_clinvar,,True,0.1,,,,uncertain,,,UP,neutral,neutral,neutral,953954,Uncertain significance,1,97.48,H,-0.0013,2.6142,-1.3023,loss_of_function,0.0520187919412671,1.7678497279491662e-06,Benign,0.0571,benign,https://doi.org/10.1101/2022.10.22.513328
T1174A,-0.17698,0.28129,0.5814565481578199,Neutral,Neutral,7.6,,,,mutations_clinvar,,True,7.6,,,,uncertain,,,DOWN,neutral,neutral,neutral,2415679,Uncertain significance,1,96.71,H,-0.0262,2.1959,-3.7137,loss_of_function,-1.00147640830102,0.033053235463886,Benign,0.1129,benign,https://doi.org/10.1101/2022.10.22.513328
T1174I,-0.67258,-0.89388,-0.5054099528164835,Neutral,Neutral,7.6,,,,mutations_clinvar,,True,7.6,,,,uncertain,,,UP,neutral,neutral,neutral,929715,Pathogenic,0,96.71,H,-0.0656,2.1959,-6.3575,loss_of_function,-3.02545093995843,0.70074216225326,Pathogenic,0.5982,pathogenic,https://doi.org/10.1101/2022.10.22.513328
T1174R,0.29394,1.9119,0.0688525073657325,Neutral,Neutral,7.6,,,,mutations_clinvar,,True,7.6,,,,uncertain,,,UP,neutral,neutral,neutral,961949,Uncertain significance,2,96.71,H,-0.2036,2.1959,-21.6453,loss_of_function,-4.19052730845812,0.8958911850818223,Pathogenic,0.495,ambiguous,https://doi.org/10.1101/2022.10.22.513328
L1176F,1.68742,1.09456,0.5873589141864163,Neutral,Neutral,0.0,,,0.161,"cBioPortal,COSMIC",,True,0.0,,,,neutral,neutral,neutral,UP,neutral,neutral,neutral,,,,94.9,H,-0.1465,1.2015,-3.4418,loss_of_function,-0.964056058311313,0.0042723016414501,Benign,0.0907,benign,https://doi.org/10.1101/2022.10.22.513328
L1176V,2.11929,1.12041,1.7709348196058616,Uncertain,Uncertain,0.0,,,,mutations_clinvar,,True,0.0,,,,neutral,neutral,neutral,DOWN,neutral,neutral,neutral,1320864,Uncertain significance,1,94.9,H,-0.1366,1.2015,-6.0268,loss_of_function,-0.715452799895253,0.0296333246919154,Benign,0.0919,benign,https://doi.org/10.1101/2022.10.22.513328
R1178G,1.91945,1.97143,2.15578917654572,Neutral,Uncertain,47.1,,,,mutations_clinvar,,True,47.1,,,,neutral,neutral,neutral,DOWN,neutral,neutral,neutral,2073426,Uncertain significance,1,92.23,H,-0.3724,0.7588,-21.6409,loss_of_function,-5.14419083837712,0.4968336517783536,Uncertain,0.4006,ambiguous,https://doi.org/10.1101/2022.10.22.513328
R1178T,1.22738,0.74524,1.3018134402574726,Neutral,Neutral,47.1,,,,mutations_clinvar,,True,47.1,,,,neutral,neutral,neutral,DOWN,neutral,neutral,neutral,2336776,Uncertain significance,1,92.23,H,-0.3419,0.7588,-21.6409,loss_of_function,-5.14419083837712,0.4694375443191981,Uncertain,0.5399,ambiguous,https://doi.org/10.1101/2022.10.22.513328
Y1179H,3.87741,2.76871,2.806040747096782,Uncertain,Uncertain,0.9,,,0.414,cBioPortal,,True,0.9,,,,uncertain,,,DOWN,neutral,neutral,neutral,,,,89.66,H,-0.1633,1.0702,-3.0268,loss_of_function,-0.779968643301425,0.0484985839473505,Benign,0.2999,benign,https://doi.org/10.1101/2022.10.22.513328
V1183E,2.34538,2.32857,1.9181136748230043,Uncertain,Uncertain,30.1,,,0.683,COSMIC,,True,30.1,,,,neutral,neutral,neutral,-,uncertain,uncertain,uncertain,,,,80.68,H,-0.2149,2.7849,-21.5165,loss_of_function,-3.13768577255014,0.0800691620612733,Benign,0.2517,benign,https://doi.org/10.1101/2022.10.22.513328
V1183G,2.94365,2.94252,3.006240609546033,Uncertain,Uncertain,30.1,,,0.672,"cBioPortal,COSMIC",,True,30.1,,,,neutral,neutral,neutral,DOWN,neutral,neutral,neutral,,,,80.68,H,-0.2168,2.7849,-21.5165,loss_of_function,-1.66856153840765,0.0278973858802468,Benign,0.1079,benign,https://doi.org/10.1101/2022.10.22.513328
C1184Y,6.77613,1.04354,0.8218681362257413,Uncertain,Uncertain,8.8,,,0.291,"cBioPortal,COSMIC",,False,8.8,,,,neutral,neutral,neutral,UP,neutral,neutral,neutral,,,,74.2,-,-0.1818,2.3733,-3.509,loss_of_function,-0.867067819790088,6.419086731216749e-05,Benign,0.1357,benign,https://doi.org/10.1101/2022.10.22.513328
Q1185E,0.10176,2.35102,-0.2507429141469958,Uncertain,Neutral,88.9,,,0.207,cBioPortal,,False,88.9,,,,neutral,neutral,neutral,DOWN,neutral,neutral,neutral,,,,63.23,-,0.0745,3.2943,-7.2761,gain_of_function,-0.35160504144677,0.0055683512326468,Benign,0.1006,benign,https://doi.org/10.1101/2022.10.22.513328
Q1185L,0.31705,1.20544,-0.3422448007673923,Neutral,Neutral,88.9,,,0.276,COSMIC,,False,88.9,,,,neutral,neutral,neutral,UP,neutral,neutral,neutral,,,,63.23,-,0.0658,3.2943,-6.2761,gain_of_function,-1.3260442911642,0.0112419285984085,Benign,0.0945,benign,https://doi.org/10.1101/2022.10.22.513328
S1187Y,-0.17432,0.45884,-0.1186811499968942,Neutral,Neutral,100.6,,,,mutations_clinvar,,False,100.6,,,,uncertain,,,UP,neutral,neutral,neutral,2073395,Uncertain significance,1,51.58,T,0.0219,3.2853,-5.9864,gain_of_function,-2.24832015719117,0.2880208341176723,Benign,0.0972,benign,https://doi.org/10.1101/2022.10.22.513328
G1188R,-1.03965,0.23878,-0.5924157606062835,Neutral,Neutral,102.8,3.1849162367e-05,3.9788009485e-06,0.181,"cBioPortal,mutations_clinvar",,False,102.8,,,,neutral,neutral,neutral,UP,neutral,neutral,neutral,945869,Uncertain significance,2,54.08,S,-0.0648,3.2319,-3.0275,loss_of_function,-0.45532068062242,0.0046208423083564,Benign,0.0661,benign,https://doi.org/10.1101/2022.10.22.513328
G1189E,-0.40156,-0.97721,-0.0874278295228425,Neutral,Neutral,67.2,,,0.334,"cBioPortal,COSMIC",,False,67.2,,,,neutral,neutral,neutral,UP,neutral,neutral,neutral,,,,67.35,-,-0.0623,3.2116,-5.501,loss_of_function,-2.08482526370882,0.0329656033270136,Benign,0.1265,benign,https://doi.org/10.1101/2022.10.22.513328
I1190V,1.38607,0.65476,0.8897650580660882,Neutral,Neutral,1.4,,,,mutations_clinvar,,False,1.4,,,,neutral,neutral,neutral,DOWN,neutral,neutral,neutral,1347546,Uncertain significance,1,79.16,-,0.067,2.622,-3.1565,gain_of_function,-0.422350891250183,0.0053165886746335,Benign,0.1192,benign,https://doi.org/10.1101/2022.10.22.513328
K1192N,0.27405,0.88844,0.3831120774551327,Neutral,Neutral,95.0,,,0.168,COSMIC,,True,95.0,,,,neutral,neutral,neutral,DOWN,neutral,neutral,neutral,,,,84.87,H,0.0421,3.1481,-3.9773,gain_of_function,-0.649093121717697,0.0022969443027084,Benign,0.293,benign,https://doi.org/10.1101/2022.10.22.513328
N1193I,-2.26616,-0.30238,-0.2196774103350435,Uncertain,Uncertain,51.4,,,,mutations_clinvar,,True,51.4,,,,neutral,neutral,neutral,UP,neutral,neutral,neutral,2157615,Uncertain significance,1,87.39,H,-0.03,2.8164,-4.5896,loss_of_function,-0.739039080283933,0.1515776179140765,Benign,0.0706,benign,https://doi.org/10.1101/2022.10.22.513328
N1193S,0.36331,0.52551,0.6064442835184422,Neutral,Neutral,51.4,,,0.255,"cBioPortal,COSMIC",,True,51.4,,,,neutral,neutral,neutral,DOWN,neutral,neutral,neutral,,,,87.39,H,0.0546,2.8164,-3.7665,gain_of_function,-1.98229428800319,0.0021719320094612,Benign,0.1036,benign,https://doi.org/10.1101/2022.10.22.513328
L1197V,3.25469,2.17993,1.7966448628844418,Uncertain,Uncertain,2.7,,,,mutations_clinvar,,False,2.7,,,,neutral,neutral,neutral,DOWN,neutral,neutral,neutral,888031,Uncertain significance,2,93.73,H,-0.1432,0.9458,-2.7072,loss_of_function,-0.816052009049746,0.1209053787830075,Benign,0.1935,benign,https://doi.org/10.1101/2022.10.22.513328
G1202R,11.67608,4.1398,7.079326734437066,Destabilizing,Destabilizing,0.2,,,,mutations_clinvar,,False,0.2,,,,neutral,neutral,neutral,UP,neutral,neutral,neutral,641741,Uncertain significance,1,89.98,I,-0.3813,0.8233,-21.6186,loss_of_function,-2.79777881927598,0.926594680769228,Pathogenic,0.9716,pathogenic,https://doi.org/10.1101/2022.10.22.513328
S1203C,0.93713,0.18878,0.54148559087348,Neutral,Neutral,35.1,,,0.553,"cBioPortal,COSMIC",,True,35.1,,,,uncertain,,,UP,neutral,neutral,neutral,,,,88.96,I,-0.1399,2.043,-21.6276,loss_of_function,-2.8068804108469,0.885741713648059,Pathogenic,0.1529,benign,https://doi.org/10.1101/2022.10.22.513328
H1204L,-1.19546,-0.57245,-0.5514473612109833,Neutral,Neutral,57.4,,,,mutations_clinvar,,True,57.4,,,,neutral,neutral,neutral,UP,neutral,neutral,neutral,2175823,Uncertain significance,1,88.17,I,-0.0448,2.3561,-5.5325,loss_of_function,-2.88710597668486,0.3171153339192675,Benign,0.3075,benign,https://doi.org/10.1101/2022.10.22.513328
P1207A,2.37166,-2.37721,-0.3351425962771387,Uncertain,Uncertain,52.3,,,,mutations_clinvar,,True,52.3,,,,neutral,neutral,neutral,DOWN,neutral,neutral,neutral,1467072,Uncertain significance,1,90.29,H,-0.0261,2.2752,-4.1655,loss_of_function,-2.47407740011591,0.5815222587272395,Uncertain,0.1598,benign,https://doi.org/10.1101/2022.10.22.513328
P1207L,2.35208,-2.69456,-0.9103464001265176,Uncertain,Uncertain,52.3,,,0.663,cBioPortal,,True,52.3,,,,neutral,neutral,neutral,UP,neutral,neutral,neutral,,,,90.29,H,-0.0961,2.2752,-8.3353,loss_of_function,-3.907313058561,0.8261071018297514,Pathogenic,0.1994,benign,https://doi.org/10.1101/2022.10.22.513328
S1211Y,-0.8012,-0.27721,-0.8814101084129911,Neutral,Neutral,58.3,,,0.514,"cBioPortal,COSMIC",,True,58.3,,,,uncertain,,,UP,neutral,neutral,neutral,,,,89.35,H,-0.0962,2.8691,-21.6186,loss_of_function,-3.36060385944084,0.3942947051962757,Uncertain,0.1499,benign,https://doi.org/10.1101/2022.10.22.513328
F1212V,5.47116,4.71122,3.9724941321398046,Destabilizing,Destabilizing,0.2,,,0.628,COSMIC,,True,0.2,,,,neutral,neutral,neutral,DOWN,neutral,neutral,neutral,,,,91.84,H,-0.1911,1.3644,-8.3308,loss_of_function,-3.08150605949258,0.593571159833034,Uncertain,0.3909,ambiguous,https://doi.org/10.1101/2022.10.22.513328
I1213V,1.30729,0.9932,1.2396173615848072,Neutral,Neutral,8.4,,,,mutations_clinvar,,True,8.4,,,,neutral,neutral,neutral,DOWN,neutral,neutral,neutral,948809,Uncertain significance,2,88.74,H,-0.0812,1.0439,-3.7504,loss_of_function,-2.09841491137111,0.7065795819234493,Pathogenic,0.2274,benign,https://doi.org/10.1101/2022.10.22.513328
S1214C,0.13838,0.28537,0.4420967509898216,Neutral,Neutral,65.1,,,0.37,"cBioPortal,COSMIC",,False,65.1,,,,uncertain,,,UP,neutral,neutral,neutral,,,,86.67,H,-0.0645,2.1251,-8.3353,loss_of_function,-0.415162328301939,0.4154549323009501,Uncertain,0.1016,benign,https://doi.org/10.1101/2022.10.22.513328
V1216I,-1.28772,1.05816,0.3674316642758868,Neutral,Neutral,4.0,3.18694626809e-05,7.9533614882e-06,0.197,"cBioPortal,COSMIC,mutations_clinvar",,True,4.0,,,,neutral,neutral,neutral,UP,neutral,neutral,neutral,1440589,Uncertain significance,2,85.19,H,0.0247,2.2625,-2.0455,gain_of_function,-0.132313055776893,0.0252356551321727,Benign,0.0675,benign,https://doi.org/10.1101/2022.10.22.513328
V1216L,-1.0644,3.01054,0.5060773340450827,Uncertain,Neutral,4.0,,,0.457,"COSMIC,mutations_clinvar",,True,4.0,,,,neutral,neutral,neutral,UP,neutral,neutral,neutral,1395883,Uncertain significance,1,85.19,H,-0.0525,2.2625,-4.424,loss_of_function,-1.32452591771474,0.0366264961762017,Benign,0.1781,benign,https://doi.org/10.1101/2022.10.22.513328
N1218S,-0.08341,0.12755,0.6397513730498913,Neutral,Neutral,70.4,,,0.208,"COSMIC,mutations_clinvar",,True,70.4,,,,neutral,neutral,neutral,DOWN,neutral,neutral,neutral,1356358,Uncertain significance,1,78.83,H,0.0667,2.8634,-2.2506,gain_of_function,-0.672382728931513,0.0185308081055985,Benign,0.1013,benign,https://doi.org/10.1101/2022.10.22.513328
K1219R,-0.43037,0.04048,-0.2847138188565729,Neutral,Neutral,37.0,,,,mutations_clinvar,,False,37.0,,,,neutral,neutral,neutral,-,uncertain,uncertain,uncertain,998242,Uncertain significance,2,73.32,H,0.1324,3.2596,-4.8854,gain_of_function,-0.185451506294889,0.006129999196947,Benign,0.0785,benign,https://doi.org/10.1101/2022.10.22.513328
S1220I,-0.2368,2.29966,-0.8026548629542823,Uncertain,Neutral,14.7,,,0.274,"cBioPortal,COSMIC",,False,14.7,,,,uncertain,,,UP,neutral,neutral,neutral,,,,62.95,H,-0.0045,2.9723,-5.8329,loss_of_function,-2.42502475066647,0.0341120426332149,Benign,0.1268,benign,https://doi.org/10.1101/2022.10.22.513328
K1221N,-0.34237,0.20476,0.1534399540964592,Neutral,Neutral,69.4,3.18532203606e-05,,0.143,cBioPortal,,False,69.4,,,,neutral,neutral,neutral,DOWN,neutral,neutral,neutral,,,,57.41,H,0.0775,3.483,-3.09,gain_of_function,-0.0014307843445462,3.48451746776839e-05,Benign,0.0956,benign,https://doi.org/10.1101/2022.10.22.513328
S1222N,0.05038,0.16327,0.1066813147506867,Neutral,Neutral,79.0,,,,mutations_clinvar,,False,79.0,,,,uncertain,,,UP,neutral,neutral,stabilizing,456217,Uncertain significance,1,54.7,H,0.0706,3.0171,-3.4699,gain_of_function,-0.157413507552139,0.0122109343510898,Benign,0.0653,benign,https://doi.org/10.1101/2022.10.22.513328
L1223V,0.72706,1.44592,0.6637204009785554,Neutral,Neutral,53.9,,,,mutations_clinvar,,False,53.9,,,,neutral,neutral,neutral,DOWN,neutral,neutral,neutral,2188314,Uncertain significance,1,51.09,H,0.0592,3.2249,-4.141,gain_of_function,-0.112891463796731,0.0383423325469945,Benign,0.0626,benign,https://doi.org/10.1101/2022.10.22.513328
N1224S,0.17909,0.59048,0.4973487433668638,Neutral,Neutral,61.7,,,0.113,"cBioPortal,COSMIC",,False,61.7,,,,neutral,neutral,neutral,DOWN,neutral,neutral,neutral,,,,43.93,H,0.0998,3.2592,-2.8931,gain_of_function,-0.122478080664333,1.5481161494584448e-06,Benign,0.0599,benign,https://doi.org/10.1101/2022.10.22.513328
N1224T,0.32237,-0.00068,0.3613875466434219,Neutral,Neutral,61.7,,1.59064699567e-05,0.117,"cBioPortal,mutations_clinvar",,False,61.7,,,,neutral,neutral,neutral,-,uncertain,uncertain,uncertain,1407754,Uncertain significance,2,43.93,H,0.0435,3.2592,-4.215,gain_of_function,-0.0467847978269918,0.0005866240002025,Benign,0.0642,benign,https://doi.org/10.1101/2022.10.22.513328
Y1225C,0.65137,1.01224,0.9003221231507025,Neutral,Neutral,94.4,,,,mutations_clinvar,,True,94.4,,,,uncertain,,,DOWN,neutral,neutral,neutral,661398,Uncertain significance,1,35.67,H,0.0288,3.913,-4.3108,gain_of_function,-0.0915334830725449,,,0.0511,benign,https://doi.org/10.1101/2022.10.22.513328
T1226A,-0.35399,-0.71429,0.2378098494869396,Neutral,Neutral,97.1,,,0.087,cBioPortal,,True,97.1,,,,uncertain,,,DOWN,neutral,neutral,destabilizing,,,,32.79,-,0.0959,3.471,-2.7761,gain_of_function,-0.066861369755511,,,0.0599,benign,https://doi.org/10.1101/2022.10.22.513328
T1226M,-0.71366,-1.20204,-0.1399533868133512,Neutral,Neutral,97.1,0.0001275347532203,5.17038404022e-05,0.112,"cBioPortal,COSMIC,mutations_clinvar",,True,97.1,,,,uncertain,,,UP,neutral,neutral,stabilizing,647527,Uncertain significance,1,32.79,-,0.0321,3.471,-6.513,gain_of_function,-0.357287385832802,,,0.0868,benign,https://doi.org/10.1101/2022.10.22.513328
T1226S,-0.43316,-0.01361,0.224097573967415,Neutral,Neutral,97.1,,,,mutations_clinvar,,True,97.1,,,,neutral,,,DOWN,neutral,neutral,destabilizing,2048883,Uncertain significance,1,32.79,-,0.1296,3.471,-3.2907,gain_of_function,-0.0884535531343945,,,0.0765,benign,https://doi.org/10.1101/2022.10.22.513328
G1227E,-0.09792,-0.76224,0.0035977791127472,Neutral,Neutral,121.5,,,0.22,"cBioPortal,COSMIC",,True,121.5,,,,neutral,neutral,neutral,UP,neutral,neutral,stabilizing,,,,31.39,-,-0.0942,2.8817,-5.797,loss_of_function,-0.302336942619691,,,0.0783,benign,https://doi.org/10.1101/2022.10.22.513328
G1227V,0.19155,-0.28367,0.259092001160095,Neutral,Neutral,121.5,,,0.447,"cBioPortal,COSMIC",,True,121.5,,,,neutral,neutral,neutral,UP,neutral,neutral,stabilizing,,,,31.39,-,-0.123,2.8817,-6.1189,loss_of_function,-0.726610738564918,,,0.083,benign,https://doi.org/10.1101/2022.10.22.513328
K1230M,-0.03527,0.61837,-0.1287588908473391,Neutral,Neutral,111.9,,,0.556,"cBioPortal,COSMIC",,False,111.9,,,,neutral,neutral,neutral,DOWN,neutral,neutral,destabilizing,,,,35.44,-,-0.1404,2.0475,-21.4923,loss_of_function,-1.93639085888826,0.6087351859008566,Uncertain,0.1375,benign,https://doi.org/10.1101/2022.10.22.513328
K1232E,-0.75437,-0.46565,-0.2551837767609149,Neutral,Neutral,97.5,,,,mutations_clinvar,,False,97.5,,,,neutral,neutral,neutral,DOWN,neutral,neutral,neutral,1440002,Uncertain significance,2,45.12,-,-0.0344,2.3442,-3.1699,loss_of_function,-0.339691432153777,0.0017505320168137,Benign,0.0976,benign,https://doi.org/10.1101/2022.10.22.513328
K1232N,-0.35368,-0.66224,0.0473590946479685,Neutral,Neutral,97.5,,,,mutations_clinvar,,False,97.5,,,,neutral,neutral,neutral,DOWN,neutral,neutral,neutral,1004182,Uncertain significance,1,45.12,-,-0.0331,2.3442,-4.2143,loss_of_function,-0.47786398738219,0.1914951076502628,Benign,0.1423,benign,https://doi.org/10.1101/2022.10.22.513328
A1234T,0.77396,0.19694,-0.047196698771047,Neutral,Neutral,98.5,,,0.079,"cBioPortal,COSMIC",,False,98.5,,,,neutral,neutral,neutral,UP,neutral,neutral,neutral,,,,57.47,H,0.0846,3.2785,-3.7826,gain_of_function,-0.0598655821029499,0.0161777268131751,Benign,0.0699,benign,https://doi.org/10.1101/2022.10.22.513328
V1236I,-0.88087,0.05204,-0.0089768192209338,Neutral,Neutral,64.3,9.55962016443e-05,0.0001232771030676,0.178,"cBioPortal,mutations_clinvar",,False,64.3,,,,neutral,neutral,neutral,UP,neutral,neutral,stabilizing,408245,Uncertain significance,2,58.05,H,0.1157,3.3878,-4.5078,gain_of_function,-0.0361986871748025,0.0093010996360622,Benign,0.0812,benign,https://doi.org/10.1101/2022.10.22.513328
A1237P,1.64177,9.87857,4.295582556542052,Uncertain,Uncertain,77.1,,,,mutations_clinvar,,False,77.1,,,,neutral,neutral,neutral,UP,neutral,neutral,neutral,1675074,Uncertain significance,2,61.05,H,-0.0677,3.3579,-5.5183,loss_of_function,-0.284757345224691,0.0058509511233127,Benign,0.1148,benign,https://doi.org/10.1101/2022.10.22.513328
A1237T,0.15043,0.03673,-0.0795442821135006,Neutral,Neutral,77.1,,,,mutations_clinvar,,False,77.1,,,,neutral,neutral,neutral,UP,neutral,neutral,neutral,1395384,Uncertain significance,1,61.05,H,0.0964,3.3579,-2.8938,gain_of_function,-0.108619216201685,0.0001503203797277,Benign,0.073,benign,https://doi.org/10.1101/2022.10.22.513328
A1237V,0.29638,0.08401,-0.2906922435951237,Neutral,Neutral,77.1,,,0.153,"cBioPortal,COSMIC",,False,77.1,,,,neutral,neutral,neutral,UP,neutral,neutral,neutral,,,,61.05,H,0.0911,3.3579,-4.5183,gain_of_function,-0.218050242515699,0.0021776010754558,Benign,0.108,benign,https://doi.org/10.1101/2022.10.22.513328
M1240V,1.18898,0.71905,0.1702818001406386,Neutral,Neutral,69.8,,,,mutations_clinvar,,False,69.8,,,,neutral,neutral,neutral,DOWN,neutral,neutral,neutral,884905,Uncertain significance,1,62.41,H,0.0044,2.8758,-4.434,gain_of_function,-0.164816772226161,0.202004109770631,Benign,0.0671,benign,https://doi.org/10.1101/2022.10.22.513328
A1241T,0.72054,-0.05136,0.3251373483600511,Neutral,Neutral,70.3,,,,mutations_clinvar,,False,70.3,,,,neutral,neutral,neutral,UP,neutral,neutral,neutral,317297,Uncertain significance,2,67.16,H,-0.0648,1.7731,-5.9165,loss_of_function,-0.783982828213335,0.5245516148249378,Uncertain,0.1868,benign,https://doi.org/10.1101/2022.10.22.513328
R1242K,0.0941,-0.28741,0.8206922512564863,Neutral,Neutral,59.0,,,,mutations_clinvar,,False,59.0,,,,neutral,neutral,neutral,-,uncertain,uncertain,uncertain,1372070,Uncertain significance,1,65.82,H,-0.0648,1.3612,-0.6696,loss_of_function,-0.30024480834221,1.7859364348720336e-05,Benign,0.0768,benign,https://doi.org/10.1101/2022.10.22.513328
L1244I,0.19971,-0.10646,0.1772473943795005,Neutral,Neutral,91.2,,,,mutations_clinvar,,False,91.2,,,,neutral,neutral,neutral,-,uncertain,uncertain,uncertain,1375057,Uncertain significance,1,68.86,H,-0.0703,1.4688,-4.9681,loss_of_function,-0.928453218147958,0.3209651143850324,Uncertain,0.1843,benign,https://doi.org/10.1101/2022.10.22.513328
R1245L,0.45675,0.07245,-0.0675077229336357,Neutral,Neutral,87.4,,,,mutations_clinvar,,True,87.4,,,,neutral,neutral,neutral,DOWN,neutral,neutral,neutral,1425030,Uncertain significance,1,75.45,H,-0.3285,0.8757,-21.6142,loss_of_function,-3.97018139522231,0.9336194264047049,Pathogenic,0.7832,pathogenic,https://doi.org/10.1101/2022.10.22.513328
R1245W,0.63891,0.23469,-0.1082066710293955,Neutral,Neutral,87.4,,3.9772817665e-06,0.66,"cBioPortal,COSMIC,mutations_clinvar",,True,87.4,,,,neutral,neutral,neutral,UP,neutral,neutral,neutral,1405319,Uncertain significance,1,75.45,H,-0.3438,0.8757,-21.6142,loss_of_function,-3.97018139522231,0.9520532814953716,Pathogenic,0.4966,ambiguous,https://doi.org/10.1101/2022.10.22.513328
E1246A,0.8585,0.86293,0.916904589414524,Neutral,Neutral,6.7,,,,mutations_clinvar,,True,6.7,,,,neutral,neutral,neutral,DOWN,neutral,neutral,neutral,1393464,Uncertain significance,1,75.84,H,-0.1601,0.9181,-7.3309,loss_of_function,-2.2729282395471,0.7450219859304736,Pathogenic,0.419,ambiguous,https://doi.org/10.1101/2022.10.22.513328
E1246K,1.3543,1.82415,1.1604929691436985,Neutral,Neutral,6.7,,,0.61,"cBioPortal,COSMIC",,True,6.7,,,,neutral,neutral,neutral,UP,neutral,neutral,neutral,,,,75.84,H,-0.1821,0.9181,-7.3309,loss_of_function,-2.24855750310263,0.3994281644717435,Uncertain,0.5904,pathogenic,https://doi.org/10.1101/2022.10.22.513328
T1247S,-0.17774,1.06633,1.033975345898548,Neutral,Neutral,31.9,,,0.497,cBioPortal,,True,31.9,,,,neutral,,,DOWN,neutral,neutral,neutral,,,,80.22,H,-0.0456,1.5641,-3.239,loss_of_function,-0.630070387829605,0.0282462611288595,Benign,0.1829,benign,https://doi.org/10.1101/2022.10.22.513328
I1250V,0.99739,0.69728,1.5302504495260822,Neutral,Neutral,6.0,,,,mutations_clinvar,,True,6.0,,,,neutral,neutral,neutral,DOWN,neutral,neutral,neutral,1491576,Uncertain significance,2,88.86,H,-0.1376,0.4862,-4.7415,loss_of_function,-1.02757745203511,0.201118154576001,Benign,0.1378,benign,https://doi.org/10.1101/2022.10.22.513328
P1251S,2.43887,-2.14014,-0.4463665340808409,Uncertain,Uncertain,67.5,,3.9769021523e-06,0.681,cBioPortal,,True,67.5,,,,neutral,neutral,neutral,DOWN,neutral,neutral,neutral,,,,88.49,H,-0.2204,0.2149,-5.1565,loss_of_function,-4.23161507455461,0.7309118862466252,Pathogenic,0.7122,pathogenic,https://doi.org/10.1101/2022.10.22.513328
N1252D,-0.04423,0.13129,0.2882454130668099,Neutral,Neutral,84.0,,,,mutations_clinvar,,False,84.0,,,,neutral,neutral,neutral,-,uncertain,uncertain,uncertain,884906,Uncertain significance,1,92.36,H,-0.0397,2.1587,-3.867,loss_of_function,-0.729766367601389,0.6568766491711266,Uncertain,0.2503,benign,https://doi.org/10.1101/2022.10.22.513328
N1252K,-0.86336,-0.05986,0.0762092350673832,Neutral,Neutral,84.0,,,0.476,"cBioPortal,COSMIC",,False,84.0,,,,neutral,neutral,neutral,UP,neutral,neutral,neutral,,,,92.36,H,-0.0338,2.1587,-2.7117,loss_of_function,-1.91381312020943,0.2436817704070387,Benign,0.4799,ambiguous,https://doi.org/10.1101/2022.10.22.513328
Q1259P,2.99612,9.66361,7.285501735511104,Uncertain,Uncertain,36.0,,,,mutations_clinvar,,True,36.0,,,,neutral,neutral,neutral,DOWN,neutral,neutral,neutral,2154358,Uncertain significance,1,93.54,H,-0.3333,1.4895,-21.6186,loss_of_function,-4.40942229043865,0.9078442092739276,Pathogenic,0.9794,pathogenic,https://doi.org/10.1101/2022.10.22.513328
F1263I,0.50532,2.09048,2.209860984650005,Uncertain,Uncertain,30.1,,,0.506,cBioPortal,,True,30.1,,,,neutral,neutral,neutral,DOWN,neutral,neutral,neutral,,,,92.76,H,-0.0906,2.4619,-7.3309,loss_of_function,-2.89648370667831,0.6785624022739155,Uncertain,0.4753,ambiguous,https://doi.org/10.1101/2022.10.22.513328
F1263L,-0.36929,0.35238,1.551311183667563,Neutral,Neutral,30.1,,,0.571,cBioPortal,,True,30.1,,,,neutral,neutral,neutral,DOWN,neutral,neutral,neutral,,,,92.76,H,-0.0395,2.4619,-4.746,loss_of_function,-2.56545423976912,0.3339724262317152,Uncertain,0.9164,pathogenic,https://doi.org/10.1101/2022.10.22.513328
L1264F,12.15766,3.56122,2.867154401706104,Destabilizing,Uncertain,0.0,,,0.597,cBioPortal,,True,0.0,,,,neutral,neutral,neutral,UP,neutral,neutral,neutral,,,,91.65,H,-0.2409,1.1833,-21.6186,loss_of_function,-3.94922561396293,0.9455983965985166,Pathogenic,0.9073,pathogenic,https://doi.org/10.1101/2022.10.22.513328
L1264H,9.9501,4.09184,3.6564647264440167,Destabilizing,Destabilizing,0.0,,,0.853,cBioPortal,,True,0.0,,,,neutral,neutral,neutral,DOWN,neutral,neutral,neutral,,,,91.65,H,-0.3498,1.1833,-21.6186,loss_of_function,-3.94922561396293,0.930931152662852,Pathogenic,0.9836,pathogenic,https://doi.org/10.1101/2022.10.22.513328
L1264I,1.4212,0.42143,1.6592794273657274,Neutral,Neutral,0.0,,,0.382,"cBioPortal,COSMIC",,True,0.0,,,,neutral,neutral,neutral,-,uncertain,uncertain,uncertain,,,,91.65,H,-0.0868,1.1833,-3.0455,loss_of_function,-2.19124217718462,0.3468044566441019,Uncertain,0.274,benign,https://doi.org/10.1101/2022.10.22.513328
H1266Y,-1.06388,-0.36565,-0.07001012974015,Neutral,Neutral,53.8,,,,mutations_clinvar,,True,53.8,,,,neutral,neutral,neutral,UP,neutral,neutral,neutral,1470898,Uncertain significance,2,89.77,H,0.0834,3.0573,-8.3308,gain_of_function,-1.65319960198107,0.5699013618534154,Uncertain,0.0745,benign,https://doi.org/10.1101/2022.10.22.513328
S1268C,0.55167,0.61395,0.0450130760921158,Neutral,Neutral,17.4,,,0.599,"cBioPortal,COSMIC",,False,17.4,,,,uncertain,,,UP,neutral,neutral,neutral,,,,88.65,H,-0.1325,1.3858,-8.3308,loss_of_function,-2.09086110604218,0.8263458881342493,Pathogenic,0.2068,benign,https://doi.org/10.1101/2022.10.22.513328
K1270M,0.94514,0.9534,0.0335406994465103,Neutral,Neutral,46.4,,,,mutations_clinvar,,False,46.4,,,,neutral,neutral,neutral,DOWN,neutral,neutral,neutral,884907,Uncertain significance,1,84.39,H,-0.2411,0.9598,-21.6186,loss_of_function,-3.49743189717479,0.9452454495651544,Pathogenic,0.418,ambiguous,https://doi.org/10.1101/2022.10.22.513328
K1270R,0.50111,0.74932,-0.1250618349201326,Neutral,Neutral,46.4,,,,mutations_clinvar,,False,46.4,,,,neutral,neutral,neutral,-,uncertain,uncertain,uncertain,1003003,Uncertain significance,1,84.39,H,-0.0688,0.9598,-2.8391,loss_of_function,-0.0350775689713809,0.16564827805266,Benign,0.0586,benign,https://doi.org/10.1101/2022.10.22.513328
S1271F,3.46926,6.42313,2.7699480502459988,Destabilizing,Uncertain,1.6,,7.16047418251e-05,0.628,"cBioPortal,COSMIC,mutations_clinvar",,False,1.6,,,,uncertain,,,UP,neutral,neutral,neutral,690288,Uncertain significance,2,83.76,H,-0.1375,1.5027,-6.009,loss_of_function,-3.95275134286129,0.6872933154579829,Pathogenic,0.5077,ambiguous,https://doi.org/10.1101/2022.10.22.513328
M1276I,1.88129,0.26769,0.8521739128507252,Neutral,Neutral,27.7,,,,mutations_clinvar,,False,27.7,,,,neutral,neutral,neutral,-,uncertain,uncertain,uncertain,1019655,Uncertain significance,1,85.24,T,-0.0681,1.865,-6.7142,loss_of_function,-2.28024609376272,0.9020472888161284,Pathogenic,0.9499,pathogenic,https://doi.org/10.1101/2022.10.22.513328
Q1277R,-0.29799,0.54898,-0.56289742622667,Neutral,Neutral,78.9,,,,mutations_clinvar,,False,78.9,,,,neutral,neutral,neutral,UP,neutral,neutral,neutral,1433757,Uncertain significance,1,80.82,T,-0.0198,2.3883,-4.2072,loss_of_function,-2.24648213468497,0.2796053507090034,Benign,0.1506,benign,https://doi.org/10.1101/2022.10.22.513328
H1278Y,-0.354,-0.59932,-0.4198637810030659,Neutral,Neutral,44.9,9.54988221812e-05,3.97652261051e-05,0.293,"cBioPortal,COSMIC,mutations_clinvar",,False,44.9,,,,neutral,neutral,neutral,UP,neutral,neutral,neutral,456218,Uncertain significance,2,76.09,T,0.023,1.9915,-0.9508,gain_of_function,-0.315790160435155,1.0655443611818929e-05,Benign,0.0833,benign,https://doi.org/10.1101/2022.10.22.513328
M1279T,3.16339,2.14864,1.99195656256081,Uncertain,Uncertain,3.3,,,,mutations_clinvar,,False,3.3,,,,neutral,neutral,neutral,DOWN,neutral,neutral,neutral,2113040,Uncertain significance,1,75.36,-,-0.106,2.0391,-6.7233,loss_of_function,-2.73780495255007,0.8248871109603999,Pathogenic,0.7463,pathogenic,https://doi.org/10.1101/2022.10.22.513328
M1279V,2.07233,0.65136,0.7898960406110256,Uncertain,Uncertain,3.3,,,,mutations_clinvar,,False,3.3,,,,neutral,neutral,neutral,DOWN,neutral,neutral,neutral,1401955,Uncertain significance,1,75.36,-,-0.0693,2.0391,-3.7848,loss_of_function,-1.26040872311459,0.0745713377262444,Benign,0.1063,benign,https://doi.org/10.1101/2022.10.22.513328
