Mutation,"Stability (FoldX5, alphafold, kcal/mol)","Stability (Rosetta Cartddg2020, alphafold, kcal/mol)","Stability (RaSP, alphafold, kcal/mol)","Stability classification, alphafold, (Rosetta, FoldX)","Stability classification, alphafold, (RaSP, FoldX)",Relative Side Chain Solvent Accessibility in wild-type,gnomAD genome allele frequency,gnomAD exome allele frequency,REVEL score,Mutation sources,PTMs,is site part of phospho-SLiM,PTM residue SASA (%),"Change in stability with PTM (FoldX5, kcal/mol)","Change in binding with PTM (FoldX5, kcal/mol)","Change in binding with mutation (FoldX5, kcal/mol)",PTM effect in regulation,PTM effect in stability,PTM effect in function,AlloSigma2 mutation type,AlloSigma2 predicted consequence - active sites,AlloSigma2 predicted consequence - cofactor sites,AlloSigma2 predicted consequence - pockets and interfaces,ClinVar Variation ID,ClinVar Interpretation,ClinVar Review Status,AlphaFold2 model pLDDT score,AlphaFold2 model secondary structure,DeMaSk delta fitness,DeMaSk Shannon entropy,DeMaSk log2 variant frequency,DeMaSk predicted consequence,GEMME Score,EVE score,EVE classification (25% Uncertain),AlphaMissense pathogenicity score,AlphaMissense classification,References
M1I,0.47154,0.66565,0.3924247550954723,Neutral,Neutral,89.7,,,,mutations_clinvar,,False,89.7,,,,neutral,neutral,neutral,-,uncertain,uncertain,uncertain,936826,Likely pathogenic,1,50.73,-,-0.2647,0.4186,-19.1457,loss_of_function,-0.120367849044701,,,0.355,ambiguous,https://doi.org/10.1101/2022.10.22.513328
M1L,0.23208,0.84728,-0.1979269737518529,Neutral,Neutral,89.7,,,,mutations_clinvar,,False,89.7,,,,neutral,neutral,neutral,-,uncertain,uncertain,uncertain,"1988318, 1335392","Likely pathogenic, Likely pathogenic","1, 1",50.73,-,-0.1558,0.4186,-4.273,loss_of_function,-0.120367849044701,,,0.1171,benign,https://doi.org/10.1101/2022.10.22.513328
M1R,0.22133,1.20306,0.4846221327971339,Neutral,Neutral,89.7,,,,mutations_clinvar,,False,89.7,,,,neutral,neutral,neutral,UP,neutral,neutral,neutral,862463,Likely pathogenic,1,50.73,-,-0.4372,0.4186,-19.1457,loss_of_function,-0.180464669443786,,,0.3318,benign,https://doi.org/10.1101/2022.10.22.513328
M1T,0.29037,1.33537,0.5512642119376995,Neutral,Neutral,89.7,,,,mutations_clinvar,,False,89.7,,,,neutral,neutral,neutral,DOWN,neutral,neutral,neutral,566870,Conflicting interpretations of pathogenicity,1,50.73,-,-0.3185,0.4186,-19.1457,loss_of_function,-0.180464669443786,,,0.2755,benign,https://doi.org/10.1101/2022.10.22.513328
M1V,0.43587,0.77007,0.5098328794027429,Neutral,Neutral,89.7,,,,mutations_clinvar,,False,89.7,,,,neutral,neutral,neutral,DOWN,neutral,neutral,neutral,1691887,Likely pathogenic,1,50.73,-,-0.2289,0.4186,-5.8579,loss_of_function,-0.120367849044701,,,0.0993,benign,https://doi.org/10.1101/2022.10.22.513328
A2S,-0.36582,0.05306,-0.4935536993556688,Neutral,Neutral,101.2,,,,mutations_clinvar,,False,101.2,,,,neutral,neutral,neutral,-,uncertain,uncertain,uncertain,241251,Uncertain significance,2,56.38,H,-0.1397,0.8969,-5.9541,loss_of_function,-0.0217337023249116,,,0.1148,benign,https://doi.org/10.1101/2022.10.22.513328
A2T,-0.40806,-0.06939,-0.3754536510682926,Neutral,Neutral,101.2,,3.9858740623e-06,0.095,"cBioPortal,mutations_clinvar",,False,101.2,,,,neutral,neutral,neutral,UP,neutral,neutral,neutral,2121481,Uncertain significance,1,56.38,H,-0.2134,0.8969,-19.242,loss_of_function,-0.0637503793088603,,,0.1722,benign,https://doi.org/10.1101/2022.10.22.513328
A2V,0.2153,-0.06395,-0.3686320613926269,Neutral,Neutral,101.2,,,,mutations_clinvar,,False,101.2,,,,neutral,neutral,neutral,UP,neutral,neutral,neutral,895387,Uncertain significance,2,56.38,H,-0.2105,0.8969,-19.242,loss_of_function,-0.0951941815575374,,,0.3313,benign,https://doi.org/10.1101/2022.10.22.513328
V3M,-0.27592,-0.20884,-0.0746438255431647,Neutral,Neutral,109.9,,3.984063745e-06,0.048,cBioPortal,,False,109.9,,,,neutral,neutral,neutral,UP,neutral,neutral,neutral,,,,58.8,H,0.0045,2.9476,-3.8278,gain_of_function,-0.0392310026516063,,,0.1579,benign,https://doi.org/10.1101/2022.10.22.513328
T4S,-0.08787,1.38469,0.3756944586699018,Neutral,Neutral,63.8,,,0.019,"cBioPortal,COSMIC",P,False,63.8,0.341,,,neutral,neutral,uncertain,DOWN,neutral,neutral,neutral,,,,62.02,H,0.0004,2.1196,-4.2288,gain_of_function,-0.01697214815412,,,0.1023,benign,https://doi.org/10.1101/2022.10.22.513328
E5K,0.06924,0.78878,1.243811871505761,Neutral,Neutral,41.8,,,0.064,cBioPortal,,False,41.8,,,,neutral,neutral,neutral,UP,neutral,neutral,neutral,,,,66.82,H,-0.2264,1.1517,-20.2303,loss_of_function,-0.56394730513713,,,0.2828,benign,https://doi.org/10.1101/2022.10.22.513328
S7G,0.63891,0.91293,0.3136172931025621,Neutral,Neutral,42.5,,,0.032,COSMIC,P,False,42.5,-0.032,,,damaging,neutral,uncertain,DOWN,neutral,neutral,neutral,,,,83.52,H,0.0037,2.2992,-6.2094,gain_of_function,-0.454275922011253,,,0.068,benign,https://doi.org/10.1101/2022.10.22.513328
S7I,-0.84205,-0.87347,-1.0464774459506805,Neutral,Neutral,42.5,,,,mutations_clinvar,P,False,42.5,-0.032,,,damaging,neutral,uncertain,UP,neutral,neutral,neutral,1056471,Uncertain significance,2,83.52,H,-0.1412,2.2992,-20.4972,loss_of_function,-0.750191628169003,,,0.1185,benign,https://doi.org/10.1101/2022.10.22.513328
S7N,-0.4438,-0.6585,-0.5940015548063221,Neutral,Neutral,42.5,,,,mutations_clinvar,P,False,42.5,-0.032,,,damaging,neutral,uncertain,UP,neutral,neutral,neutral,940221,Uncertain significance,2,83.52,H,-0.0013,2.2992,-4.6245,loss_of_function,-0.165911830526774,,,0.083,benign,https://doi.org/10.1101/2022.10.22.513328
S7R,-0.4615,-0.52483,-1.0987810133218594,Neutral,Neutral,42.5,,,,mutations_clinvar,P,False,42.5,-0.032,,,damaging,neutral,uncertain,UP,neutral,neutral,neutral,834650,Uncertain significance,1,83.52,H,-0.081,2.2992,-6.2094,loss_of_function,-0.232966397496773,,,0.2574,benign,https://doi.org/10.1101/2022.10.22.513328
S7T,-0.14549,-0.82449,-0.4692034488466812,Neutral,Neutral,42.5,,,,mutations_clinvar,P,False,42.5,-0.032,,,neutral,neutral,uncertain,UP,neutral,neutral,neutral,1507056,Uncertain significance,1,83.52,H,0.0333,2.2992,-4.0395,gain_of_function,-0.0425150336059978,,,0.081,benign,https://doi.org/10.1101/2022.10.22.513328
L8M,-0.08439,0.3517,1.61056679476504,Neutral,Neutral,7.8,,,,mutations_clinvar,,False,7.8,,,,neutral,neutral,neutral,-,uncertain,uncertain,uncertain,1038064,Uncertain significance,2,87.02,H,-0.1465,0.8302,-3.8074,loss_of_function,-0.478542717856493,,,0.1658,benign,https://doi.org/10.1101/2022.10.22.513328
L9F,-0.29494,-0.20544,0.9482093651292868,Neutral,Neutral,55.5,,,0.071,"cBioPortal,mutations_clinvar",,False,55.5,,,,neutral,neutral,neutral,UP,neutral,neutral,neutral,"2191046, 1044303","Uncertain significance, Uncertain significance","1, 2",87.62,H,-0.0782,1.9983,-4.4179,loss_of_function,-0.350243089851432,,,0.1517,benign,https://doi.org/10.1101/2022.10.22.513328
R10C,1.39204,0.33912,1.3643188593884028,Neutral,Neutral,87.4,,3.9796243235e-06,0.24,cBioPortal,,True,87.4,,,,neutral,neutral,neutral,DOWN,neutral,neutral,neutral,,,,88.05,H,-0.201,2.2833,-20.7389,loss_of_function,-0.784112205124787,,,0.2501,benign,https://doi.org/10.1101/2022.10.22.513328
R10G,1.41202,0.79796,1.3014473147333945,Neutral,Neutral,87.4,,,,mutations_clinvar,,True,87.4,,,,neutral,neutral,neutral,DOWN,neutral,neutral,neutral,1390403,Uncertain significance,2,88.05,H,-0.2275,2.2833,-20.7389,loss_of_function,-0.70887871398678,,,0.1697,benign,https://doi.org/10.1101/2022.10.22.513328
R10H,0.76857,0.17075,0.3266411318108103,Neutral,Neutral,87.4,,,0.184,"cBioPortal,COSMIC",,True,87.4,,,,neutral,neutral,neutral,DOWN,neutral,neutral,neutral,,,,88.05,H,-0.0779,2.2833,-4.2813,loss_of_function,-0.20010995978371,,,0.1858,benign,https://doi.org/10.1101/2022.10.22.513328
Q11R,-0.73096,-0.09932,-0.082563452679315,Neutral,Neutral,57.7,,3.9786743057e-06,0.125,cBioPortal,,True,57.7,,,,neutral,neutral,neutral,UP,neutral,neutral,neutral,,,,88.02,H,-0.0959,2.4786,-20.7553,loss_of_function,-0.673368415377697,,,0.1233,benign,https://doi.org/10.1101/2022.10.22.513328
C12S,1.31382,1.33435,2.356816184468805,Neutral,Uncertain,5.8,,,,mutations_clinvar,,True,5.8,,,,neutral,neutral,neutral,DOWN,neutral,neutral,neutral,1927990,Uncertain significance,1,91.43,-,-0.2047,1.9951,-3.6167,loss_of_function,-0.355653469627131,,,0.3781,ambiguous,https://doi.org/10.1101/2022.10.22.513328
C12Y,6.1764,-1.90034,1.4035142113093786,Uncertain,Uncertain,5.8,,,0.12,"cBioPortal,mutations_clinvar",,True,5.8,,,,neutral,neutral,neutral,UP,neutral,neutral,neutral,1337360,Uncertain significance,2,91.43,-,-0.2371,1.9951,-7.5234,loss_of_function,-0.150123399647919,,,0.1758,benign,https://doi.org/10.1101/2022.10.22.513328
P13A,1.85864,2.17619,-0.1725611753846651,Uncertain,Neutral,60.0,,,,mutations_clinvar,,True,60.0,,,,neutral,neutral,neutral,DOWN,neutral,neutral,neutral,1704773,Uncertain significance,1,91.8,T,-0.3056,0.1723,-21.0224,loss_of_function,-3.00383246321207,,,0.3299,benign,https://doi.org/10.1101/2022.10.22.513328
P13L,1.65533,2.38129,-0.625681995357989,Uncertain,Neutral,60.0,,,0.467,cBioPortal,,True,60.0,,,,neutral,neutral,neutral,UP,neutral,neutral,neutral,,,,91.8,T,-0.3544,0.1723,-21.0224,loss_of_function,-3.23543905246058,,,0.5855,pathogenic,https://doi.org/10.1101/2022.10.22.513328
L15H,3.8841,3.39592,3.015710643970768,Destabilizing,Destabilizing,0.0,,,,mutations_clinvar,,True,0.0,,,,neutral,neutral,neutral,DOWN,neutral,neutral,neutral,1414932,Uncertain significance,1,95.4,E,-0.3408,1.2594,-21.2244,loss_of_function,-1.71385272774729,,,0.8939,pathogenic,https://doi.org/10.1101/2022.10.22.513328
L15P,10.12626,7.58367,7.469218236097361,Destabilizing,Destabilizing,0.0,,,,mutations_clinvar,,True,0.0,,,,neutral,neutral,neutral,DOWN,neutral,neutral,neutral,954129,Uncertain significance,1,95.4,E,-0.3819,1.2594,-21.2244,loss_of_function,-2.27562129738854,,,0.9236,pathogenic,https://doi.org/10.1101/2022.10.22.513328
L16M,0.20042,0.55782,0.2160143246475993,Neutral,Neutral,61.0,,,,mutations_clinvar,,False,61.0,,,,neutral,neutral,neutral,-,uncertain,uncertain,uncertain,2149070,Uncertain significance,1,94.21,E,-0.0864,1.6569,-6.9366,loss_of_function,-1.30665987240748,,,0.3155,benign,https://doi.org/10.1101/2022.10.22.513328
L16V,0.69449,-0.66156,0.4505110339605139,Neutral,Neutral,61.0,,,0.032,cBioPortal,,False,61.0,,,,neutral,neutral,neutral,DOWN,neutral,neutral,neutral,,,,94.21,E,-0.0768,1.6569,-2.5104,loss_of_function,-0.457988489376024,,,0.1369,benign,https://doi.org/10.1101/2022.10.22.513328
P17L,1.27789,1.51088,-0.9433763177288528,Neutral,Neutral,35.3,,,0.292,cBioPortal,,False,35.3,,,,neutral,neutral,neutral,UP,neutral,neutral,neutral,,,,94.74,E,-0.2185,0.7682,-5.141,loss_of_function,-1.35399462131008,,,0.3763,ambiguous,https://doi.org/10.1101/2022.10.22.513328
P17R,2.0203,1.73946,-0.2004257617043353,Uncertain,Uncertain,35.3,,,,mutations_clinvar,,False,35.3,,,,neutral,neutral,neutral,UP,neutral,neutral,neutral,1217241,Uncertain significance,2,94.74,E,-0.2539,0.7682,-7.9482,loss_of_function,-1.15778164479154,,,0.5191,ambiguous,https://doi.org/10.1101/2022.10.22.513328
P17S,1.91445,1.36293,0.1791374039972026,Neutral,Neutral,35.3,,,,mutations_clinvar,,False,35.3,,,,neutral,neutral,neutral,DOWN,neutral,neutral,neutral,1343688,Uncertain significance,1,94.74,E,-0.1757,0.7682,-6.3634,loss_of_function,-1.9650797937957,,,0.5806,pathogenic,https://doi.org/10.1101/2022.10.22.513328
N19K,0.35244,0.3068,1.4187295941584444,Neutral,Neutral,44.7,,,,mutations_clinvar,,False,44.7,,,,neutral,neutral,neutral,UP,neutral,neutral,neutral,1363979,Uncertain significance,1,93.52,S,-0.1299,1.3538,-7.0278,loss_of_function,-1.03984462606085,,,0.83,pathogenic,https://doi.org/10.1101/2022.10.22.513328
N19S,0.96195,-0.59898,1.104865294525577,Neutral,Neutral,44.7,,,,mutations_clinvar,,False,44.7,,,,neutral,neutral,neutral,DOWN,neutral,neutral,neutral,2441351,Uncertain significance,1,93.52,S,-0.0899,1.3538,-5.706,loss_of_function,-0.810705024209252,,,0.3294,benign,https://doi.org/10.1101/2022.10.22.513328
R20Q,-0.34039,-0.40204,0.2561869090102908,Neutral,Neutral,109.4,,3.9777247414e-06,0.039,COSMIC,,True,109.4,,,,neutral,neutral,neutral,DOWN,neutral,neutral,neutral,,,,90.81,T,-0.0291,2.9868,-6.4374,loss_of_function,-0.225609372540719,,,0.1417,benign,https://doi.org/10.1101/2022.10.22.513328
S21W,0.24329,1.96667,-0.749259656437728,Neutral,Neutral,72.0,,7.15973365791e-05,0.149,"cBioPortal,mutations_clinvar",,True,72.0,,,,uncertain,,,UP,neutral,neutral,neutral,2203443,Uncertain significance,1,92.04,T,-0.0864,3.0124,-21.3266,loss_of_function,-0.703491154960098,,,0.1487,benign,https://doi.org/10.1101/2022.10.22.513328
T23I,1.28917,1.1932,-0.4032876398851026,Neutral,Neutral,20.2,,7.9551963342e-06,0.157,"COSMIC,mutations_clinvar",,True,20.2,,,,uncertain,,,UP,neutral,neutral,neutral,2159751,Uncertain significance,1,94.3,-,-0.0975,1.8551,-6.4648,loss_of_function,-1.5046705218301,,,0.6097,pathogenic,https://doi.org/10.1101/2022.10.22.513328
E26Q,0.88088,-0.06327,0.4191069502392958,Neutral,Neutral,33.6,,,0.093,"cBioPortal,COSMIC,mutations_clinvar",,True,33.6,,,,neutral,neutral,neutral,UP,neutral,neutral,neutral,835087,Uncertain significance,2,97.66,E,0.0126,2.4825,-7.0821,gain_of_function,-1.20874987107087,,,0.3113,benign,https://doi.org/10.1101/2022.10.22.513328
G27V,19.05974,16.77823,0.8917274177805595,Destabilizing,Uncertain,25.7,,,0.206,"cBioPortal,COSMIC",,True,25.7,,,,neutral,neutral,neutral,UP,neutral,neutral,neutral,,,,96.74,E,-0.3363,0.5851,-6.5025,loss_of_function,-2.60787104516457,,,0.8729,pathogenic,https://doi.org/10.1101/2022.10.22.513328
F28L,0.16094,0.88231,0.557696036997446,Neutral,Neutral,51.4,,,0.215,"cBioPortal,COSMIC",,False,51.4,,,,neutral,neutral,neutral,DOWN,neutral,neutral,neutral,,,,95.5,E,-0.158,1.1381,-4.0928,loss_of_function,-1.08738398665108,,,0.9725,pathogenic,https://doi.org/10.1101/2022.10.22.513328
I29M,-0.53432,1.77279,1.4631091454919067,Neutral,Neutral,1.3,,,0.169,"cBioPortal,COSMIC",,False,1.3,,,,neutral,neutral,neutral,-,uncertain,uncertain,uncertain,,,,94.45,E,-0.1702,1.5492,-21.3805,loss_of_function,-1.35909093008103,,,0.2681,benign,https://doi.org/10.1101/2022.10.22.513328
S30W,0.78717,-0.04388,-1.4348525319207743,Neutral,Neutral,54.5,,,,mutations_clinvar,,False,54.5,,,,uncertain,,,UP,neutral,neutral,neutral,846059,Uncertain significance,1,90.86,E,-0.1323,2.5168,-21.391,loss_of_function,-1.72787168011658,,,0.3826,ambiguous,https://doi.org/10.1101/2022.10.22.513328
Q32E,0.36375,2.11429,0.3919788719352629,Uncertain,Neutral,36.4,,,0.155,COSMIC,,False,36.4,,,,neutral,neutral,neutral,DOWN,neutral,neutral,destabilizing,,,,83.87,T,0.0073,2.4202,-4.6801,gain_of_function,-0.135597313641186,,,0.0866,benign,https://doi.org/10.1101/2022.10.22.513328
G33R,2.23798,1.14762,0.998141115542966,Uncertain,Uncertain,123.2,,0.0,0.276,cBioPortal,,False,123.2,,,,neutral,neutral,neutral,UP,neutral,neutral,neutral,,,,83.15,T,-0.1671,2.2402,-5.1947,loss_of_function,-0.692342864047876,,,0.5229,ambiguous,https://doi.org/10.1101/2022.10.22.513328
D35Y,-0.11204,-0.69558,0.2457476919265244,Neutral,Neutral,49.8,,,0.392,"cBioPortal,COSMIC",,False,49.8,,,,neutral,neutral,neutral,UP,neutral,neutral,neutral,,,,92.09,E,-0.1638,1.6651,-7.2143,loss_of_function,-2.00058111727373,,,0.3605,ambiguous,https://doi.org/10.1101/2022.10.22.513328
F36L,1.35083,1.1881,2.037377302977206,Neutral,Uncertain,7.5,,,,mutations_clinvar,,False,7.5,,,,neutral,neutral,neutral,DOWN,neutral,neutral,neutral,414861,Benign/Likely benign,2,94.14,E,-0.1284,1.4488,-3.8924,loss_of_function,-0.839323999977479,,,0.9036,pathogenic,https://doi.org/10.1101/2022.10.22.513328
H37L,-0.12793,-0.23878,0.3948085978513888,Neutral,Neutral,43.7,,,,mutations_clinvar,,False,43.7,,,,neutral,neutral,neutral,UP,neutral,neutral,neutral,1337470,Uncertain significance,1,96.19,E,-0.0073,2.7,-4.3874,loss_of_function,-1.69510414902662,,,0.1582,benign,https://doi.org/10.1101/2022.10.22.513328
H37N,0.60935,0.81463,1.4146105215256823,Neutral,Neutral,43.7,,,0.093,"cBioPortal,COSMIC",,False,43.7,,,,neutral,neutral,neutral,DOWN,neutral,neutral,neutral,,,,96.19,E,0.0163,2.7,-8.1946,gain_of_function,-1.26787060539403,,,0.2877,benign,https://doi.org/10.1101/2022.10.22.513328
L38F,3.57041,0.67993,0.5885586245868518,Uncertain,Uncertain,0.0,0.0038228735266008,0.0033692829719784,0.24,"COSMIC,FANCL_icope_sentieon_input,mutations_clinvar",,False,0.0,,,,neutral,neutral,neutral,UP,neutral,neutral,neutral,221092,Conflicting interpretations of pathogenicity,1,97.1,E,-0.0855,1.9531,-5.0395,loss_of_function,-1.15287088517735,,,0.1855,benign,https://doi.org/10.1101/2022.10.22.513328
L38I,3.05656,0.46463,1.4019178512697412,Uncertain,Uncertain,0.0,,,0.037,COSMIC,,False,0.0,,,,neutral,neutral,neutral,-,uncertain,uncertain,uncertain,,,,97.1,E,-0.0085,1.9531,-1.5801,loss_of_function,-0.111557216852406,,,0.0766,benign,https://doi.org/10.1101/2022.10.22.513328
R39S,1.87631,1.82619,1.5221582487201464,Neutral,Neutral,45.0,,,0.175,COSMIC,,False,45.0,,,,neutral,neutral,neutral,DOWN,neutral,neutral,neutral,,,,97.68,E,-0.1254,2.1088,-4.4166,loss_of_function,-1.11848081830076,,,0.4143,ambiguous,https://doi.org/10.1101/2022.10.22.513328
V41L,0.22689,0.82619,-0.288137856155326,Neutral,Neutral,36.8,,,,mutations_clinvar,,False,36.8,,,,neutral,neutral,neutral,UP,neutral,neutral,neutral,1503254,Uncertain significance,1,97.24,E,0.0379,3.0796,-1.451,gain_of_function,-0.0344386073135716,,,0.0679,benign,https://doi.org/10.1101/2022.10.22.513328
V41M,0.60929,1.48061,0.374844016405193,Neutral,Neutral,36.8,,,,mutations_clinvar,,False,36.8,,,,neutral,neutral,neutral,UP,neutral,neutral,neutral,2076526,Uncertain significance,1,97.24,E,0.0023,3.0796,-6.6342,gain_of_function,-0.0331494125586513,,,0.0906,benign,https://doi.org/10.1101/2022.10.22.513328
P43S,3.00849,1.49456,-0.047076535686728,Uncertain,Uncertain,28.2,,,0.605,"cBioPortal,COSMIC",,False,28.2,,,,neutral,neutral,neutral,DOWN,neutral,neutral,neutral,,,,93.28,-,-0.0938,1.6167,-5.6196,loss_of_function,-1.70620092042753,,,0.3376,benign,https://doi.org/10.1101/2022.10.22.513328
D45V,0.75113,0.79252,1.719330401164212,Neutral,Neutral,65.8,,,,mutations_clinvar,,False,65.8,,,,neutral,neutral,neutral,UP,neutral,neutral,neutral,658873,Uncertain significance,1,90.98,T,-0.111,2.2056,-6.2045,loss_of_function,-1.54688966351008,,,0.1944,benign,https://doi.org/10.1101/2022.10.22.513328
L46I,2.20563,4.24116,0.7221897529073359,Uncertain,Uncertain,45.2,,,,mutations_clinvar,,False,45.2,,,,neutral,neutral,neutral,-,uncertain,uncertain,uncertain,1374969,Uncertain significance,1,88.66,-,0.1,3.4441,-7.2094,gain_of_function,-0.738510775911131,,,0.0952,benign,https://doi.org/10.1101/2022.10.22.513328
L46S,1.81024,2.5068,1.8047406177138208,Uncertain,Neutral,45.2,,,0.084,"cBioPortal,COSMIC",,False,45.2,,,,neutral,neutral,neutral,DOWN,neutral,neutral,neutral,,,,88.66,-,-0.0431,3.4441,-4.6245,loss_of_function,-0.177143189232904,,,0.0922,benign,https://doi.org/10.1101/2022.10.22.513328
L48P,1.40203,4.07041,5.536984956078068,Uncertain,Uncertain,1.6,,,0.381,"cBioPortal,COSMIC",,False,1.6,,,,neutral,neutral,neutral,DOWN,neutral,neutral,neutral,,,,91.64,G,-0.228,2.0669,-5.6293,loss_of_function,-1.44624421598495,,,0.3139,benign,https://doi.org/10.1101/2022.10.22.513328
L48V,2.16208,4.10204,1.8886688663952853,Uncertain,Uncertain,1.6,,,,mutations_clinvar,,False,1.6,,,,neutral,neutral,neutral,DOWN,neutral,neutral,neutral,456242,Uncertain significance,2,91.64,G,-0.0469,2.0669,-4.0444,loss_of_function,-0.0897896087219073,,,0.107,benign,https://doi.org/10.1101/2022.10.22.513328
K49N,1.54286,0.99694,0.3608074905114611,Neutral,Neutral,58.0,,1.99084212622e-05,0.085,"cBioPortal,COSMIC",,True,58.0,,,,neutral,neutral,neutral,DOWN,neutral,neutral,neutral,,,,89.36,G,-0.0644,2.1373,-6.6245,loss_of_function,-1.29643906120021,,,0.3352,benign,https://doi.org/10.1101/2022.10.22.513328
A51T,2.00625,4.25238,1.196521460268602,Uncertain,Uncertain,0.0,,,0.179,"cBioPortal,COSMIC",,True,0.0,,,,neutral,neutral,neutral,UP,neutral,neutral,neutral,,,,94.29,-,-0.0879,1.5407,-6.2431,loss_of_function,-0.491709034304601,,,0.2626,benign,https://doi.org/10.1101/2022.10.22.513328
R52I,-0.2228,-0.75272,-0.2231214568428896,Neutral,Neutral,86.8,,,0.223,COSMIC,,True,86.8,,,,neutral,neutral,neutral,DOWN,neutral,neutral,neutral,,,,94.71,E,-0.1334,2.4919,-7.2383,loss_of_function,-1.43845480381822,,,0.2368,benign,https://doi.org/10.1101/2022.10.22.513328
R52K,-0.1872,0.07347,0.8524138214007417,Neutral,Neutral,86.8,,,,mutations_clinvar,,True,86.8,,,,neutral,neutral,neutral,-,uncertain,uncertain,uncertain,1507704,Uncertain significance,1,94.71,E,0.0304,2.4919,-2.4055,gain_of_function,-0.370293651284614,,,0.1082,benign,https://doi.org/10.1101/2022.10.22.513328
L53F,-0.77189,0.41769,0.711189308890591,Neutral,Neutral,9.1,,,,mutations_clinvar,,True,9.1,,,,neutral,neutral,neutral,UP,neutral,neutral,neutral,2110385,Uncertain significance,1,95.76,E,-0.1293,1.4497,-4.5427,loss_of_function,-1.47707166723072,,,0.1284,benign,https://doi.org/10.1101/2022.10.22.513328
C55S,0.77203,1.13027,2.2041569796037885,Neutral,Uncertain,14.2,,,,mutations_clinvar,,True,14.2,,,,neutral,neutral,neutral,DOWN,neutral,neutral,neutral,2111987,Uncertain significance,1,94.39,E,-0.2511,1.617,-5.9069,loss_of_function,-1.3019918623397,,,0.4784,ambiguous,https://doi.org/10.1101/2022.10.22.513328
S56I,0.09119,-0.33333,-0.2656275895317672,Neutral,Neutral,28.6,,,,cBioPortal,,True,28.6,,,,uncertain,,,UP,neutral,neutral,neutral,,,,91.76,-,-0.1686,2.0584,-21.5261,loss_of_function,-2.91363299283451,,,0.7445,pathogenic,https://doi.org/10.1101/2022.10.22.513328
S56T,0.05706,0.73333,-0.0651292296408195,Neutral,Neutral,28.6,,,,mutations_clinvar,,True,28.6,,,,neutral,,,UP,neutral,neutral,neutral,1444258,Uncertain significance,1,91.76,-,0.0015,2.0584,-5.9165,gain_of_function,-1.28427239308398,,,0.205,benign,https://doi.org/10.1101/2022.10.22.513328
Q58H,0.88625,0.40986,-0.0379231185559159,Neutral,Neutral,51.8,,,0.046,COSMIC,,True,51.8,,,,neutral,neutral,neutral,UP,neutral,neutral,neutral,,,,86.76,H,0.0436,2.7075,-3.5351,gain_of_function,-0.505544425695968,,,0.1821,benign,https://doi.org/10.1101/2022.10.22.513328
Q58R,0.79228,0.43265,-0.1399797292231264,Neutral,Neutral,51.8,,,,mutations_clinvar,,True,51.8,,,,neutral,neutral,neutral,UP,neutral,neutral,neutral,1450598,Uncertain significance,1,86.76,H,0.0111,2.7075,-3.8977,gain_of_function,-0.372095838811594,,,0.0894,benign,https://doi.org/10.1101/2022.10.22.513328
T61A,-0.32626,0.30748,0.1411008775338146,Neutral,Neutral,58.4,,,0.027,"cBioPortal,mutations_clinvar",,False,58.4,,,,uncertain,,,DOWN,neutral,neutral,neutral,1951699,Uncertain significance,1,85.3,H,0.0942,3.4943,-3.5305,gain_of_function,-0.0859609123989978,,,0.0625,benign,https://doi.org/10.1101/2022.10.22.513328
T61I,-0.71064,-0.18844,-0.1973519270450591,Neutral,Neutral,58.4,,,0.018,COSMIC,,False,58.4,,,,uncertain,,,UP,neutral,neutral,neutral,,,,85.3,H,0.0593,3.4943,-5.2854,gain_of_function,-0.434378155799428,,,0.1549,benign,https://doi.org/10.1101/2022.10.22.513328
T61R,0.00994,0.25714,-0.1503393099269839,Neutral,Neutral,58.4,,,,mutations_clinvar,,False,58.4,,,,uncertain,,,UP,neutral,neutral,neutral,526421,Uncertain significance,1,85.3,H,0.009,3.4943,-3.3785,gain_of_function,-0.399529169388673,,,0.0926,benign,https://doi.org/10.1101/2022.10.22.513328
S64N,-0.33713,-0.14966,-0.2500542304122988,Neutral,Neutral,59.8,,,,mutations_clinvar,,True,59.8,,,,uncertain,,,UP,neutral,neutral,neutral,1488627,Uncertain significance,1,87.07,T,0.108,3.3678,-2.4663,gain_of_function,0.0626092479109464,,,0.0601,benign,https://doi.org/10.1101/2022.10.22.513328
G65V,4.32823,4.9,1.936485806795406,Destabilizing,Uncertain,118.2,,,0.236,cBioPortal,,True,118.2,,,,neutral,neutral,neutral,UP,neutral,neutral,neutral,,,,87.36,T,-0.1874,2.3027,-8.2991,loss_of_function,-1.64978495139527,,,0.1806,benign,https://doi.org/10.1101/2022.10.22.513328
Y66C,2.13879,3.37653,3.0039261587557933,Uncertain,Uncertain,22.6,,1.19436260849e-05,0.236,"cBioPortal,mutations_clinvar",,True,22.6,,,,uncertain,,,DOWN,neutral,neutral,neutral,1472220,Uncertain significance,1,92.21,-,-0.1411,2.0824,-4.5942,loss_of_function,-1.2870843127328,,,0.1251,benign,https://doi.org/10.1101/2022.10.22.513328
H67R,-0.06668,0.23265,-0.0019120610834921,Neutral,Neutral,64.8,,,,mutations_clinvar,,True,64.8,,,,neutral,neutral,neutral,UP,neutral,neutral,neutral,2195835,Uncertain significance,1,90.41,H,0.0544,3.1805,-3.585,gain_of_function,-0.306235461311078,,,0.0666,benign,https://doi.org/10.1101/2022.10.22.513328
R68G,0.25072,1.07551,0.7975982011348826,Neutral,Neutral,97.3,,,0.034,cBioPortal,,True,97.3,,,,neutral,neutral,neutral,DOWN,neutral,neutral,neutral,,,,92.58,H,-0.068,3.1049,-4.29,loss_of_function,-0.564793153869989,,,0.0679,benign,https://doi.org/10.1101/2022.10.22.513328
R68L,-0.64484,0.35204,-0.3299247194356919,Neutral,Neutral,97.3,,,0.038,"cBioPortal,COSMIC",,True,97.3,,,,neutral,neutral,neutral,DOWN,neutral,neutral,neutral,,,,92.58,H,-0.0474,3.1049,-6.705,loss_of_function,-0.310962132646111,,,0.1013,benign,https://doi.org/10.1101/2022.10.22.513328
R68P,-1.65453,3.1534,2.227340499135268,Uncertain,Uncertain,97.3,,,,mutations_clinvar,,True,97.3,,,,neutral,neutral,neutral,DOWN,neutral,neutral,neutral,456243,Conflicting interpretations of pathogenicity,1,92.58,H,-0.1762,3.1049,-4.5896,loss_of_function,-0.353791339481444,,,0.1335,benign,https://doi.org/10.1101/2022.10.22.513328
R68Q,-0.52893,-0.07381,0.0905112796707696,Neutral,Neutral,97.3,,3.981557426e-06,0.026,"cBioPortal,COSMIC,mutations_clinvar",,True,97.3,,,,neutral,neutral,neutral,DOWN,neutral,neutral,neutral,1026011,Uncertain significance,2,92.58,H,0.0043,3.1049,-2.0232,gain_of_function,0.118199958497014,,,0.0609,benign,https://doi.org/10.1101/2022.10.22.513328
I69K,0.92356,0.91973,0.9708979030193482,Neutral,Neutral,48.2,,,0.31,COSMIC,,True,48.2,,,,neutral,neutral,neutral,-,uncertain,uncertain,uncertain,,,,94.44,H,-0.2298,2.3663,-7.2991,loss_of_function,-1.68179610922506,,,0.5095,ambiguous,https://doi.org/10.1101/2022.10.22.513328
V70I,-0.94499,1.03878,-0.0243323344009271,Neutral,Neutral,13.2,,,,mutations_clinvar,,True,13.2,,,,neutral,neutral,neutral,UP,neutral,neutral,neutral,1398706,Uncertain significance,1,95.01,H,-0.0164,1.8617,-2.8729,loss_of_function,-0.122393632009271,,,0.0734,benign,https://doi.org/10.1101/2022.10.22.513328
Q71H,0.80848,0.52891,-0.2629873166693386,Neutral,Neutral,80.3,,,0.08,"cBioPortal,COSMIC",,True,80.3,,,,neutral,neutral,neutral,UP,neutral,neutral,neutral,,,,93.47,H,0.0077,2.4524,-5.9818,gain_of_function,-0.699177932546671,0.0014367716982606,Benign,0.187,benign,https://doi.org/10.1101/2022.10.22.513328
R73I,-0.7444,0.59966,0.2103887429942941,Neutral,Neutral,52.7,,,0.401,cBioPortal,,True,52.7,,,,neutral,neutral,neutral,DOWN,neutral,neutral,neutral,,,,94.41,H,-0.2449,1.2097,-5.9681,loss_of_function,-1.94784172000589,,,0.7673,pathogenic,https://doi.org/10.1101/2022.10.22.513328
M74I,2.63561,2.58639,0.7108528073704642,Uncertain,Uncertain,10.2,,,0.045,"cBioPortal,COSMIC",,True,10.2,,,,neutral,neutral,neutral,-,uncertain,uncertain,uncertain,,,,94.51,H,-0.0993,1.4863,-5.9909,loss_of_function,-1.38361758955436,0.0002661789351582,Benign,0.4817,ambiguous,https://doi.org/10.1101/2022.10.22.513328
M74V,3.30866,2.7568,1.1020883944005369,Uncertain,Uncertain,10.2,,7.9667309316e-06,0.047,"cBioPortal,COSMIC",,True,10.2,,,,neutral,neutral,neutral,DOWN,neutral,neutral,neutral,,,,94.51,H,-0.211,1.4863,-21.6006,loss_of_function,-1.8756183457839,0.0075865359283757,Benign,0.2138,benign,https://doi.org/10.1101/2022.10.22.513328
Q75R,0.0218,0.67279,-0.709663219609547,Neutral,Neutral,62.4,,,,mutations_clinvar,,True,62.4,,,,neutral,neutral,neutral,UP,neutral,neutral,neutral,1521489,Uncertain significance,1,93.54,H,0.0022,2.6629,-4.8489,gain_of_function,-0.262137778576781,0.0796806616483836,Benign,0.0797,benign,https://doi.org/10.1101/2022.10.22.513328
H76Y,0.69022,-0.18537,-0.1830474743972771,Neutral,Neutral,82.6,,,,mutations_clinvar,,True,82.6,,,,neutral,neutral,neutral,UP,neutral,neutral,neutral,959714,Uncertain significance,1,93.13,H,0.0283,2.4567,-8.3082,gain_of_function,-0.158991020911425,0.5974879625827643,Uncertain,0.1054,benign,https://doi.org/10.1101/2022.10.22.513328
P78R,0.46145,0.52687,-0.7004976101112753,Neutral,Neutral,72.0,,,,mutations_clinvar,,True,72.0,,,,neutral,neutral,neutral,UP,neutral,neutral,neutral,2199165,Uncertain significance,1,91.57,S,-0.0451,3.0008,-7.2991,loss_of_function,-1.01048955512603,0.0203807738331023,Benign,0.1137,benign,https://doi.org/10.1101/2022.10.22.513328
P78S,0.92556,0.48265,-0.4715329479574165,Neutral,Neutral,72.0,,,0.037,COSMIC,,True,72.0,,,,neutral,neutral,neutral,DOWN,neutral,neutral,stabilizing,,,,91.57,S,0.0498,3.0008,-2.4412,gain_of_function,-0.0973257633185219,3.656285790727561e-07,Benign,0.0848,benign,https://doi.org/10.1101/2022.10.22.513328
D79N,2.678,0.55884,0.3196684478646294,Uncertain,Uncertain,45.8,,,,mutations_clinvar,,True,45.8,,,,neutral,neutral,neutral,-,uncertain,uncertain,uncertain,435168,Uncertain significance,1,90.81,S,-0.0751,1.578,-3.6124,loss_of_function,-0.562502003971462,0.0034531983092005,Benign,0.1178,benign,https://doi.org/10.1101/2022.10.22.513328
L80V,1.74787,1.69456,1.0757905273365738,Neutral,Neutral,9.2,,,,mutations_clinvar,,False,9.2,,,,neutral,neutral,neutral,DOWN,neutral,neutral,neutral,408230,Uncertain significance,2,92.46,H,-0.1113,1.3528,-3.7984,loss_of_function,-0.859084961909149,0.1529411285201061,Benign,0.1179,benign,https://doi.org/10.1101/2022.10.22.513328
M81V,0.48852,-0.86633,-0.4553647508259484,Neutral,Neutral,30.6,,,,mutations_clinvar,,False,30.6,,,,neutral,neutral,neutral,DOWN,neutral,neutral,neutral,1422855,Uncertain significance,2,92.56,H,0.0672,3.4111,-1.7763,gain_of_function,-0.119816892518232,1.2277722689379693e-08,Benign,0.0621,benign,https://doi.org/10.1101/2022.10.22.513328
S82I,-1.07817,-0.29966,-1.1410392281152042,Neutral,Neutral,33.5,,,0.322,cBioPortal,,False,33.5,,,,uncertain,,,UP,neutral,neutral,neutral,,,,93.12,H,-0.0748,2.2913,-7.3353,loss_of_function,-1.33728629637815,0.3521419367922919,Uncertain,0.247,benign,https://doi.org/10.1101/2022.10.22.513328
S82N,-0.96445,-0.11701,-0.0504977575687509,Neutral,Neutral,33.5,,,,mutations_clinvar,,False,33.5,,,,uncertain,,,UP,neutral,neutral,neutral,444498,Uncertain significance,1,93.12,H,-0.0092,2.2913,-6.0134,loss_of_function,-0.71398375609836,0.214835450807947,Benign,0.1779,benign,https://doi.org/10.1101/2022.10.22.513328
S82R,-0.73979,0.46122,-0.8119676395800018,Neutral,Neutral,33.5,,,,mutations_clinvar,,False,33.5,,,,uncertain,,,UP,neutral,neutral,neutral,"2201642, 648626","Uncertain significance, Uncertain significance","1, 2",93.12,H,-0.0926,2.2913,-8.3353,loss_of_function,-1.99293381607678,0.45365371087585,Uncertain,0.7405,pathogenic,https://doi.org/10.1101/2022.10.22.513328
M84I,1.74328,0.56565,0.6576722746665167,Neutral,Neutral,0.0,,,,mutations_clinvar,,False,0.0,,,,neutral,neutral,neutral,-,uncertain,uncertain,uncertain,2054645,Uncertain significance,1,95.1,H,0.0076,2.445,-2.3352,gain_of_function,-0.469166277117112,2.769811417679199e-05,Benign,0.3045,benign,https://doi.org/10.1101/2022.10.22.513328
L87M,0.04928,1.2619,1.8058850735389047,Neutral,Neutral,1.3,,,,mutations_clinvar,,True,1.3,,,,neutral,neutral,neutral,-,uncertain,uncertain,uncertain,2048736,Uncertain significance,1,95.79,H,-0.1402,1.0081,-5.7857,loss_of_function,-1.9066520232551,0.5410071980595936,Uncertain,0.1438,benign,https://doi.org/10.1101/2022.10.22.513328
M89I,0.55547,-0.37177,-0.0057748894058939,Neutral,Neutral,75.2,,,,mutations_clinvar,,True,75.2,,,,neutral,neutral,neutral,-,uncertain,uncertain,uncertain,950949,Uncertain significance,1,93.19,H,0.0199,2.7587,-5.5677,gain_of_function,-0.355990292070388,0.0022063615609079,Benign,0.4102,ambiguous,https://doi.org/10.1101/2022.10.22.513328
E92D,1.22562,1.21701,1.044334653872654,Neutral,Neutral,40.0,,,0.196,"cBioPortal,COSMIC",,True,40.0,,,,neutral,neutral,neutral,DOWN,neutral,neutral,neutral,,,,91.94,H,-0.0795,1.2551,-4.3388,loss_of_function,-0.189755648263774,0.0932116008028322,Benign,0.3139,benign,https://doi.org/10.1101/2022.10.22.513328
E92K,-0.51065,0.72789,0.4547065006202377,Neutral,Neutral,40.0,,,,mutations_clinvar,,True,40.0,,,,neutral,neutral,neutral,UP,neutral,neutral,neutral,1368517,Uncertain significance,1,91.94,H,-0.1424,1.2551,-5.6189,loss_of_function,-2.65066643979536,0.7472771335003977,Pathogenic,0.596,pathogenic,https://doi.org/10.1101/2022.10.22.513328
A94F,17.49194,7.13741,3.346981106092464,Destabilizing,Destabilizing,0.0,,,,mutations_clinvar,,False,0.0,,,,neutral,neutral,neutral,UP,neutral,neutral,neutral,2190252,Uncertain significance,1,89.64,H,-0.0651,2.7725,-8.4261,loss_of_function,-1.97186526505183,0.4757556016586629,Uncertain,0.4984,ambiguous,https://doi.org/10.1101/2022.10.22.513328
K96N,1.17252,0.50646,0.6635684292584317,Neutral,Neutral,73.8,9.56449658866e-05,4.7765756729e-05,0.263,"COSMIC,mutations_clinvar",,False,73.8,,,,neutral,neutral,neutral,DOWN,neutral,neutral,neutral,408229,Uncertain significance,2,84.35,H,-0.0508,2.2569,-6.1085,loss_of_function,-1.10377420628628,0.5333920204448597,Uncertain,0.3934,ambiguous,https://doi.org/10.1101/2022.10.22.513328
N97S,0.3146,1.03776,0.4093224771125736,Neutral,Neutral,57.6,,,0.053,COSMIC,,False,57.6,,,,neutral,neutral,neutral,DOWN,neutral,neutral,neutral,,,,79.64,H,0.0559,2.7405,-2.1492,gain_of_function,-0.618890761074912,4.569390256594333e-05,Benign,0.1041,benign,https://doi.org/10.1101/2022.10.22.513328
R98K,-0.7705,0.5466,1.1259872581373238,Neutral,Neutral,22.7,,,0.033,"cBioPortal,COSMIC",,False,22.7,,,,neutral,neutral,neutral,-,uncertain,uncertain,uncertain,,,,71.0,H,0.0898,3.1333,-2.3383,gain_of_function,-0.0550926558100059,0.0001884797533628,Benign,0.0703,benign,https://doi.org/10.1101/2022.10.22.513328
Q99H,0.56308,0.86361,-0.2713442230133056,Neutral,Neutral,58.5,,,0.052,"cBioPortal,COSMIC",,False,58.5,,,,neutral,neutral,neutral,UP,neutral,neutral,stabilizing,,,,62.64,H,0.077,3.2013,-5.8948,gain_of_function,-0.701615566812885,0.0001981265716826,Benign,0.1692,benign,https://doi.org/10.1101/2022.10.22.513328
Q99K,-0.18616,0.96463,-0.1871512983900281,Neutral,Neutral,58.5,,,,mutations_clinvar,,False,58.5,,,,neutral,neutral,neutral,UP,neutral,neutral,stabilizing,1434479,Uncertain significance,1,62.64,H,0.0548,3.2013,-3.9562,gain_of_function,-0.277899472556772,0.0011519668244865,Benign,0.0707,benign,https://doi.org/10.1101/2022.10.22.513328
A103E,-0.436,0.01871,-0.2661752094853464,Neutral,Neutral,96.2,,,,mutations_clinvar,,False,96.2,,,,neutral,neutral,neutral,UP,neutral,neutral,neutral,1433045,Uncertain significance,2,56.42,S,-0.0131,3.2729,-3.8804,loss_of_function,-0.219498077237203,,,0.1293,benign,https://doi.org/10.1101/2022.10.22.513328
A103V,0.31316,-0.05306,-0.6020563311165411,Neutral,Neutral,96.2,,,0.031,"cBioPortal,mutations_clinvar",,False,96.2,,,,neutral,neutral,neutral,UP,neutral,neutral,neutral,1410730,Uncertain significance,1,56.42,S,0.0915,3.2729,-2.9136,gain_of_function,-0.230865623785729,,,0.0674,benign,https://doi.org/10.1101/2022.10.22.513328
P105S,0.91633,0.77415,-0.0001134647358319,Neutral,Neutral,68.8,,,0.07,COSMIC,,False,68.8,,,,neutral,neutral,neutral,DOWN,neutral,neutral,stabilizing,,,,66.08,-,-0.0033,2.5177,-4.1194,loss_of_function,-0.298180014742131,0.0020584215370238,Benign,0.088,benign,https://doi.org/10.1101/2022.10.22.513328
P106L,0.50229,-0.17381,-1.0148737087815909,Neutral,Neutral,28.9,,,,mutations_clinvar,,False,28.9,,,,neutral,neutral,neutral,UP,neutral,neutral,neutral,1037533,Uncertain significance,1,73.53,-,-0.0729,2.4105,-6.2211,loss_of_function,-0.374142027119767,0.0182171615752314,Benign,0.0791,benign,https://doi.org/10.1101/2022.10.22.513328
P107A,1.91176,1.48844,0.2114337837677854,Neutral,Neutral,71.1,,,,mutations_clinvar,,False,71.1,,,,neutral,neutral,neutral,DOWN,neutral,neutral,neutral,456244,Uncertain significance,1,82.5,-,-0.0489,2.05,-4.5699,loss_of_function,-0.850901615732806,0.0042803745693808,Benign,0.0709,benign,https://doi.org/10.1101/2022.10.22.513328
P107S,2.35439,1.6398,0.1012554945500149,Uncertain,Uncertain,71.1,,7.9579185268e-06,0.059,"cBioPortal,COSMIC,mutations_clinvar",,False,71.1,,,,neutral,neutral,neutral,DOWN,neutral,neutral,neutral,1011875,Uncertain significance,1,82.5,-,-0.038,2.05,-2.5038,loss_of_function,-0.435378975012028,0.0578496083863963,Benign,0.0808,benign,https://doi.org/10.1101/2022.10.22.513328
P108S,1.72189,0.71088,0.0637195307148258,Neutral,Neutral,84.0,,,0.096,cBioPortal,,False,84.0,,,,neutral,neutral,neutral,DOWN,neutral,neutral,neutral,,,,85.22,H,-0.0052,2.4111,-2.571,loss_of_function,-0.44101469095673,0.1121864546044997,Benign,0.1132,benign,https://doi.org/10.1101/2022.10.22.513328
Q109H,1.07472,0.04932,-0.4158848027656359,Neutral,Neutral,86.7,,,0.095,"cBioPortal,COSMIC",,False,86.7,,,,neutral,neutral,neutral,UP,neutral,neutral,neutral,,,,87.72,H,0.0548,2.9427,-5.5887,gain_of_function,-0.591032472442591,0.0184703228317212,Benign,0.1046,benign,https://doi.org/10.1101/2022.10.22.513328
F110S,4.18152,5.22619,4.269434391741048,Destabilizing,Destabilizing,14.3,,,0.179,"cBioPortal,COSMIC",,False,14.3,,,,neutral,neutral,neutral,DOWN,neutral,neutral,neutral,,,,88.65,H,-0.1718,1.9225,-6.6438,loss_of_function,-1.64632913095251,0.0003098774455891,Benign,0.4356,ambiguous,https://doi.org/10.1101/2022.10.22.513328
Y111C,2.65987,3.78707,2.649964264478231,Uncertain,Uncertain,37.8,6.37064407212e-05,1.5915330442e-05,0.22,"cBioPortal,mutations_clinvar",,False,37.8,,,,uncertain,,,DOWN,neutral,neutral,neutral,526413,Uncertain significance,1,90.5,H,-0.2407,1.0214,-4.9896,loss_of_function,-1.08483532063659,0.1359116854601992,Benign,0.0968,benign,https://doi.org/10.1101/2022.10.22.513328
Y111H,2.23956,2.12653,1.7043954679790263,Uncertain,Uncertain,37.8,,,0.509,cBioPortal,,False,37.8,,,,uncertain,,,DOWN,neutral,neutral,neutral,,,,90.5,H,-0.1823,1.0214,-5.8826,loss_of_function,-2.08816723486834,0.6954496908842609,Pathogenic,0.2808,benign,https://doi.org/10.1101/2022.10.22.513328
S112L,-0.55598,-0.19388,-1.1286930429482578,Neutral,Neutral,87.2,,,,mutations_clinvar,,False,87.2,,,,uncertain,,,UP,neutral,neutral,neutral,570640,Uncertain significance,1,91.79,H,-0.0657,2.2697,-5.8931,loss_of_function,-1.3037545474694,0.0882554669994819,Benign,0.1052,benign,https://doi.org/10.1101/2022.10.22.513328
S113R,-0.95848,-0.57415,-0.8485618059738137,Neutral,Neutral,67.9,,,,mutations_clinvar,,False,67.9,,,,uncertain,,,UP,neutral,neutral,neutral,1060848,Uncertain significance,1,92.4,H,0.034,3.3832,-3.2121,gain_of_function,-0.496036421376178,1.362158782069744e-06,Benign,0.1441,benign,https://doi.org/10.1101/2022.10.22.513328
I115T,0.78485,1.43299,2.018654715000729,Neutral,Uncertain,48.7,,,0.176,"cBioPortal,mutations_clinvar",,False,48.7,,,,neutral,neutral,neutral,DOWN,neutral,neutral,neutral,408226,Uncertain significance,2,94.95,H,-0.0914,2.3703,-7.7107,loss_of_function,-2.34274061078585,0.64790677331593,Uncertain,0.1099,benign,https://doi.org/10.1101/2022.10.22.513328
I115V,0.80167,0.55272,1.0291954049546015,Neutral,Neutral,48.7,,,,mutations_clinvar,,False,48.7,,,,neutral,neutral,neutral,DOWN,neutral,neutral,neutral,526412,Uncertain significance,2,94.95,H,0.0462,2.3703,-2.6884,gain_of_function,-0.220155860799748,0.000234044106476,Benign,0.0803,benign,https://doi.org/10.1101/2022.10.22.513328
E116G,0.80269,0.50646,0.8840675816203977,Neutral,Neutral,91.0,,,0.071,cBioPortal,,False,91.0,,,,neutral,neutral,neutral,DOWN,neutral,neutral,neutral,,,,96.2,H,0.0163,2.9803,-4.9034,gain_of_function,-0.401188628363675,7.914917015693872e-05,Benign,0.0718,benign,https://doi.org/10.1101/2022.10.22.513328
E117A,1.98302,0.92279,1.3475634396831084,Neutral,Neutral,20.5,,,,mutations_clinvar,,False,20.5,,,,neutral,neutral,neutral,DOWN,neutral,neutral,neutral,1410125,Uncertain significance,1,96.95,H,-0.2107,1.1831,-22.0258,loss_of_function,-4.67574462706728,0.8273235491336972,Pathogenic,0.4266,ambiguous,https://doi.org/10.1101/2022.10.22.513328
E117D,2.05496,0.55272,1.564832341301449,Uncertain,Uncertain,20.5,,,0.123,cBioPortal,,False,20.5,,,,neutral,neutral,neutral,DOWN,neutral,neutral,neutral,,,,96.95,H,-0.0775,1.1831,-2.6506,loss_of_function,-0.269610885855109,0.000155912186762,Benign,0.1629,benign,https://doi.org/10.1101/2022.10.22.513328
E117K,1.73821,2.11122,1.6286530211504564,Uncertain,Neutral,20.5,,,0.335,cBioPortal,,False,20.5,,,,neutral,neutral,neutral,UP,neutral,neutral,neutral,,,,96.95,H,-0.2327,1.1831,-22.0258,loss_of_function,-4.31546265233793,0.8392282448124324,Pathogenic,0.599,pathogenic,https://doi.org/10.1101/2022.10.22.513328
I118M,-0.21969,1.81803,1.7883903495195113,Neutral,Neutral,0.1,,,,mutations_clinvar,,False,0.1,,,,neutral,neutral,neutral,-,uncertain,uncertain,uncertain,1520409,Uncertain significance,1,96.94,H,-0.0522,1.7993,-2.7608,loss_of_function,-0.767879961060402,0.0048194111281021,Benign,0.0675,benign,https://doi.org/10.1101/2022.10.22.513328
G119R,-0.935,-1.23401,-1.2766897772790755,Neutral,Neutral,40.3,,,,mutations_clinvar,,False,40.3,,,,neutral,neutral,neutral,UP,neutral,neutral,neutral,653483,Uncertain significance,1,97.43,H,-0.1996,1.9407,-6.1531,loss_of_function,-0.593510724506456,0.0036052217559309,Benign,0.1129,benign,https://doi.org/10.1101/2022.10.22.513328
L121F,7.87297,1.60068,2.367882818431632,Uncertain,Uncertain,2.8,,,,mutations_clinvar,,True,2.8,,,,neutral,neutral,neutral,UP,neutral,neutral,neutral,2158925,Uncertain significance,1,97.11,H,-0.12,1.7271,-7.7346,loss_of_function,-1.67839926754237,0.5399389619780622,Uncertain,0.2037,benign,https://doi.org/10.1101/2022.10.22.513328
L121R,4.82421,4.82585,4.18410671142767,Destabilizing,Destabilizing,2.8,,,0.524,"cBioPortal,COSMIC",,True,2.8,,,,neutral,neutral,neutral,UP,neutral,neutral,neutral,,,,97.11,H,-0.3397,1.7271,-22.0224,loss_of_function,-4.22705214630214,0.8520423279549318,Pathogenic,0.5028,ambiguous,https://doi.org/10.1101/2022.10.22.513328
G122C,3.60814,3.59048,2.1173106036913216,Destabilizing,Uncertain,50.0,,,0.587,cBioPortal,,True,50.0,,,,neutral,neutral,neutral,UP,neutral,neutral,neutral,,,,97.31,-,-0.4148,0.2983,-22.0224,loss_of_function,-4.60817896411487,0.8945310136735627,Pathogenic,0.5039,ambiguous,https://doi.org/10.1101/2022.10.22.513328
G122V,5.09669,4.61769,3.09981765981166,Destabilizing,Destabilizing,50.0,,,,mutations_clinvar,,True,50.0,,,,neutral,neutral,neutral,UP,neutral,neutral,neutral,1509815,Uncertain significance,1,97.31,-,-0.4419,0.2983,-22.0224,loss_of_function,-3.86612814214418,0.8598277618480934,Pathogenic,0.7421,pathogenic,https://doi.org/10.1101/2022.10.22.513328
D124E,-0.1266,-0.36122,0.2080495748355149,Neutral,Neutral,85.9,,,0.209,"COSMIC,mutations_clinvar",,True,85.9,,,,neutral,neutral,neutral,UP,neutral,neutral,neutral,1491432,Uncertain significance,1,96.91,G,0.0087,2.1584,-1.9052,gain_of_function,-0.827002168369017,0.0107178843377614,Benign,0.1356,benign,https://doi.org/10.1101/2022.10.22.513328
D124Y,0.00188,0.35918,0.5162984373874493,Neutral,Neutral,85.9,,,0.437,cBioPortal,,True,85.9,,,,neutral,neutral,neutral,UP,neutral,neutral,neutral,,,,96.91,G,-0.1262,2.1584,-8.738,loss_of_function,-3.5454726053212,0.8516335132297705,Pathogenic,0.2052,benign,https://doi.org/10.1101/2022.10.22.513328
A129V,0.72112,0.36973,-0.455822545539758,Neutral,Neutral,15.8,,,,mutations_clinvar,,True,15.8,,,,neutral,neutral,neutral,UP,neutral,neutral,neutral,1357581,Uncertain significance,1,94.99,E,0.0194,2.4098,-1.4835,gain_of_function,0.36953554737449,7.28347250020791e-11,Benign,0.0543,benign,https://doi.org/10.1101/2022.10.22.513328
D130Y,2.57422,3.99796,2.0017716180141174,Uncertain,Uncertain,26.3,,,0.444,"cBioPortal,mutations_clinvar",,True,26.3,,,,neutral,neutral,neutral,UP,neutral,neutral,neutral,963774,Uncertain significance,1,89.46,-,-0.2193,1.8855,-22.0691,loss_of_function,-4.25694147050092,0.8725247031374499,Pathogenic,0.7012,pathogenic,https://doi.org/10.1101/2022.10.22.513328
T131I,-0.11211,0.16259,-0.0007955802245213,Neutral,Neutral,109.6,,,,mutations_clinvar,,True,109.6,,,,uncertain,,,UP,neutral,neutral,stabilizing,1336849,Uncertain significance,2,81.37,T,0.0001,2.9881,-7.778,gain_of_function,-0.596764070019103,0.4495700733557755,Uncertain,0.1266,benign,https://doi.org/10.1101/2022.10.22.513328
C132R,-1.35801,-0.38776,-0.7027229214708203,Neutral,Neutral,80.9,,,,mutations_clinvar,,True,80.9,,,,neutral,neutral,neutral,UP,neutral,neutral,stabilizing,662333,Uncertain significance,1,82.38,T,-0.2038,2.9584,-8.7746,loss_of_function,-1.08001318206209,6.90489466395729e-05,Benign,0.1058,benign,https://doi.org/10.1101/2022.10.22.513328
S134G,0.88007,0.53231,0.58754390345821,Neutral,Neutral,59.3,,3.9796876741e-06,0.163,COSMIC,,True,59.3,,,,uncertain,,,DOWN,neutral,neutral,neutral,,,,89.06,S,0.0517,2.8758,-7.2029,gain_of_function,-2.0009148243205,0.2250812326379616,Benign,0.0819,benign,https://doi.org/10.1101/2022.10.22.513328
S134I,0.82235,-0.95578,-0.7405787298351713,Neutral,Neutral,59.3,3.18775900542e-05,7.9597554763e-06,0.17,"cBioPortal,mutations_clinvar",,True,59.3,,,,uncertain,,,UP,neutral,neutral,neutral,945282,Uncertain significance,2,89.06,S,-0.0203,2.8758,-7.2029,loss_of_function,-2.23209101914371,0.5120529585379363,Uncertain,0.2534,benign,https://doi.org/10.1101/2022.10.22.513328
S134T,0.94228,-0.35034,-0.0783496127716681,Neutral,Neutral,59.3,,,0.068,cBioPortal,,True,59.3,,,,neutral,,,UP,neutral,neutral,neutral,,,,89.06,S,0.096,2.8758,-2.1441,gain_of_function,-0.304828435349276,0.0046525599665731,Benign,0.0858,benign,https://doi.org/10.1101/2022.10.22.513328
I136M,0.15351,1.71565,1.614030158270265,Neutral,Neutral,0.0,,3.9798143815e-06,0.142,"cBioPortal,COSMIC,mutations_clinvar",,True,0.0,,,,neutral,neutral,neutral,-,uncertain,uncertain,uncertain,1040692,Uncertain significance,1,96.93,E,-0.0848,1.7235,-7.7911,loss_of_function,-2.24849445616331,0.3741407454476702,Uncertain,0.1292,benign,https://doi.org/10.1101/2022.10.22.513328
I136V,1.39717,1.10748,0.8698480428724183,Neutral,Neutral,0.0,,,0.053,cBioPortal,,True,0.0,,,,neutral,neutral,neutral,DOWN,neutral,neutral,neutral,,,,96.93,E,-0.0159,1.7235,-3.2062,loss_of_function,-0.516227073954804,0.0004235351671585,Benign,0.0887,benign,https://doi.org/10.1101/2022.10.22.513328
K139Q,0.98455,0.68707,0.6580118871050639,Neutral,Neutral,43.0,,,0.155,cBioPortal,,True,43.0,,,,neutral,neutral,neutral,DOWN,neutral,neutral,neutral,,,,98.37,E,-0.0055,2.4556,-4.5465,loss_of_function,-1.03300066858045,0.0369876650208969,Benign,0.1445,benign,https://doi.org/10.1101/2022.10.22.513328
A140P,4.98448,3.78231,6.494402999200061,Destabilizing,Destabilizing,5.9,,,0.347,cBioPortal,,True,5.9,,,,neutral,neutral,neutral,UP,neutral,neutral,neutral,,,,98.11,E,-0.2268,2.5486,-22.0854,loss_of_function,-4.23768901679995,0.7141615862886992,Pathogenic,0.8953,pathogenic,https://doi.org/10.1101/2022.10.22.513328
D142Y,14.78804,9.02109,3.391750693009568,Destabilizing,Destabilizing,5.0,,,0.468,cBioPortal,,False,5.0,,,,neutral,neutral,neutral,UP,neutral,neutral,neutral,,,,97.08,-,-0.3166,0.0919,-8.8008,loss_of_function,-4.64587368330017,0.8783864173485968,Pathogenic,0.7659,pathogenic,https://doi.org/10.1101/2022.10.22.513328
A143G,0.39554,0.56667,0.8052557040935376,Neutral,Neutral,73.0,,,,mutations_clinvar,,False,73.0,,,,neutral,neutral,neutral,DOWN,neutral,neutral,neutral,1406397,Uncertain significance,1,95.41,T,0.0071,2.8066,-5.987,gain_of_function,-2.71009173672438,0.0031499289940228,Benign,0.1002,benign,https://doi.org/10.1101/2022.10.22.513328
A143S,0.18408,0.42755,0.35966780766781,Neutral,Neutral,73.0,,,0.091,"cBioPortal,COSMIC",,False,73.0,,,,neutral,neutral,neutral,-,uncertain,uncertain,uncertain,,,,95.41,T,0.0595,2.8066,-1.3598,gain_of_function,-0.262554071276834,1.7046248741700164e-08,Benign,0.0799,benign,https://doi.org/10.1101/2022.10.22.513328
A143T,0.53003,0.81837,0.3324312101433285,Neutral,Neutral,73.0,,,0.098,cBioPortal,,False,73.0,,,,neutral,neutral,neutral,UP,neutral,neutral,neutral,,,,95.41,T,0.0376,2.8066,-4.4725,gain_of_function,-0.292399646447122,1.1509121030821224e-05,Benign,0.068,benign,https://doi.org/10.1101/2022.10.22.513328
A143V,1.02778,0.7534,0.2872405992313742,Neutral,Neutral,73.0,,,,mutations_clinvar,,False,73.0,,,,neutral,neutral,neutral,UP,neutral,neutral,neutral,1355189,Uncertain significance,2,95.41,T,0.0339,2.8066,-5.7944,gain_of_function,-0.822902518280267,0.0013145681350544,Benign,0.0877,benign,https://doi.org/10.1101/2022.10.22.513328
S144A,0.96964,-0.14286,-0.2924420505456149,Neutral,Neutral,36.4,,,0.11,cBioPortal,,False,36.4,,,,uncertain,,,-,uncertain,uncertain,uncertain,,,,96.85,T,0.0767,2.8155,-3.0163,gain_of_function,-0.523166658487742,0.0003184360928993,Benign,0.0606,benign,https://doi.org/10.1101/2022.10.22.513328
S144T,0.92946,-0.47823,0.0256372898149565,Neutral,Neutral,36.4,,,,mutations_clinvar,,False,36.4,,,,neutral,,,UP,neutral,neutral,neutral,1465232,Uncertain significance,1,96.85,T,0.0565,2.8155,-8.7975,gain_of_function,-1.3048643248837,0.2165006627964368,Benign,0.0868,benign,https://doi.org/10.1101/2022.10.22.513328
R146G,4.11127,1.89014,3.10330179641948,Uncertain,Destabilizing,9.3,,,,mutations_clinvar,,False,9.3,,,,neutral,neutral,neutral,DOWN,neutral,neutral,neutral,898374,Uncertain significance,1,97.17,-,-0.3983,0.5017,-22.0854,loss_of_function,-5.2815188957957,0.8434587640772858,Pathogenic,0.867,pathogenic,https://doi.org/10.1101/2022.10.22.513328
R146I,1.76824,0.52925,0.1640963464140521,Neutral,Neutral,9.3,,,0.5,cBioPortal,,False,9.3,,,,neutral,neutral,neutral,DOWN,neutral,neutral,neutral,,,,97.17,-,-0.3923,0.5017,-22.0854,loss_of_function,-5.65165746226616,0.8828021778702845,Pathogenic,0.8367,pathogenic,https://doi.org/10.1101/2022.10.22.513328
E147G,0.66808,1.69218,2.1305599387773366,Neutral,Uncertain,59.7,,,0.075,cBioPortal,,False,59.7,,,,neutral,neutral,neutral,DOWN,neutral,neutral,neutral,,,,97.69,E,0.0089,3.0605,-7.7976,gain_of_function,-2.25823501804063,0.181731266914957,Benign,0.1153,benign,https://doi.org/10.1101/2022.10.22.513328
E147K,-0.81559,0.98878,1.0449774712217037,Neutral,Neutral,59.7,,,,mutations_clinvar,,False,59.7,,,,neutral,neutral,neutral,UP,neutral,neutral,neutral,2155377,Uncertain significance,1,97.69,E,0.0359,3.0605,-3.2431,gain_of_function,-0.453470322686721,0.0231250715970803,Benign,0.0761,benign,https://doi.org/10.1101/2022.10.22.513328
H148N,3.37322,1.94218,1.8216836565371768,Uncertain,Uncertain,4.8,,,0.618,COSMIC,,False,4.8,,,,neutral,neutral,neutral,DOWN,neutral,neutral,neutral,,,,98.4,E,-0.2891,0.1511,-22.0951,loss_of_function,-5.91175223744637,0.8984368869062132,Pathogenic,0.7611,pathogenic,https://doi.org/10.1101/2022.10.22.513328
H148R,3.26877,2.57007,1.6281769520286982,Uncertain,Uncertain,4.8,,,0.794,cBioPortal,,False,4.8,,,,neutral,neutral,neutral,UP,neutral,neutral,neutral,,,,98.4,E,-0.2459,0.1511,-7.8073,loss_of_function,-4.8351527579212,0.8984644034271405,Pathogenic,0.8322,pathogenic,https://doi.org/10.1101/2022.10.22.513328
L149V,1.40926,0.10442,1.0297963355517257,Neutral,Neutral,46.7,,,0.191,"cBioPortal,COSMIC",,True,46.7,,,,neutral,neutral,neutral,DOWN,neutral,neutral,neutral,,,,98.4,E,0.0351,2.8892,-2.8106,gain_of_function,-0.337216952917356,5.197807760375023e-05,Benign,0.0649,benign,https://doi.org/10.1101/2022.10.22.513328
I150F,10.99572,1.05612,2.16295332436664,Uncertain,Uncertain,0.2,,,0.184,COSMIC,,True,0.2,,,,neutral,neutral,neutral,UP,neutral,neutral,neutral,,,,98.57,E,-0.1411,1.7869,-6.2127,loss_of_function,-1.88041160417914,0.0354861448128166,Benign,0.2399,benign,https://doi.org/10.1101/2022.10.22.513328
L152F,4.88075,0.72415,2.3520915166403435,Uncertain,Uncertain,0.0,,,,mutations_clinvar,,True,0.0,,,,neutral,neutral,neutral,UP,neutral,neutral,neutral,1996300,Uncertain significance,1,97.89,E,-0.0954,1.8427,-4.9903,loss_of_function,-2.55545068155729,0.0498970067572318,Benign,0.2042,benign,https://doi.org/10.1101/2022.10.22.513328
L154S,5.3595,4.74796,4.523659805198823,Destabilizing,Destabilizing,0.0,,,0.643,"cBioPortal,COSMIC",,True,0.0,,,,neutral,neutral,neutral,DOWN,neutral,neutral,neutral,,,,92.97,-,-0.3554,1.0206,-22.1206,loss_of_function,-4.74373676509959,0.8629880903655213,Pathogenic,0.9328,pathogenic,https://doi.org/10.1101/2022.10.22.513328
K157E,0.49602,0.19286,0.6794830022563964,Neutral,Neutral,86.9,,,0.241,COSMIC,,True,86.9,,,,neutral,neutral,neutral,DOWN,neutral,neutral,neutral,,,,88.51,T,-0.0179,2.6067,-4.663,loss_of_function,-1.65356319139012,0.0603198757824031,Benign,0.1398,benign,https://doi.org/10.1101/2022.10.22.513328
Y158C,4.72757,3.85544,4.2300416263486325,Destabilizing,Destabilizing,1.9,,,,mutations_clinvar,,False,1.9,,,,uncertain,,,DOWN,neutral,neutral,neutral,2247574,Uncertain significance,1,91.12,T,-0.2876,1.4605,-22.0983,loss_of_function,-3.33212325587114,0.5517680327920775,Uncertain,0.5356,ambiguous,https://doi.org/10.1101/2022.10.22.513328
Y158D,6.74708,5.04456,5.0631812990333245,Destabilizing,Destabilizing,1.9,,,,mutations_clinvar,,False,1.9,,,,uncertain,,,DOWN,neutral,neutral,neutral,950470,Uncertain significance,1,91.12,T,-0.2633,1.4605,-8.8104,loss_of_function,-3.49319029808266,0.6492338666302455,Uncertain,0.7863,pathogenic,https://doi.org/10.1101/2022.10.22.513328
Y158N,4.93567,4.11054,4.014013821719112,Destabilizing,Destabilizing,1.9,,,0.268,COSMIC,,False,1.9,,,,uncertain,,,DOWN,neutral,neutral,neutral,,,,91.12,T,-0.2423,1.4605,-8.8104,loss_of_function,-3.5521338471708,0.5570359952138946,Uncertain,0.5156,ambiguous,https://doi.org/10.1101/2022.10.22.513328
P159H,3.4184,2.31803,-0.0554359954777305,Uncertain,Uncertain,43.2,,,0.437,"cBioPortal,COSMIC",,True,43.2,,,,neutral,neutral,neutral,UP,neutral,neutral,neutral,,,,92.12,T,-0.302,0.6918,-22.0983,loss_of_function,-4.79580140047737,0.776357278297404,Pathogenic,0.474,ambiguous,https://doi.org/10.1101/2022.10.22.513328
P159L,3.44428,0.7398,-0.562762266481947,Uncertain,Uncertain,43.2,,,,mutations_clinvar,,True,43.2,,,,neutral,neutral,neutral,UP,neutral,neutral,neutral,1970745,Uncertain significance,1,92.12,T,-0.2391,0.6918,-7.8105,loss_of_function,-3.6143533188861,0.7660372238910009,Pathogenic,0.3225,benign,https://doi.org/10.1101/2022.10.22.513328
A160T,0.36561,0.16905,-0.0432319167295924,Neutral,Neutral,74.8,,,,mutations_clinvar,,True,74.8,,,,neutral,neutral,neutral,UP,neutral,neutral,neutral,1691888,Uncertain significance,1,91.89,T,0.0843,3.2155,-2.7134,gain_of_function,-0.0557328958542825,0.0001585235767596,Benign,0.0703,benign,https://doi.org/10.1101/2022.10.22.513328
E161K,-0.30589,0.87381,0.7490354230684728,Neutral,Neutral,49.7,,,0.271,cBioPortal,,True,49.7,,,,neutral,neutral,neutral,UP,neutral,neutral,neutral,,,,91.97,S,-0.0187,2.6201,-5.9935,loss_of_function,-1.90452276053039,0.377517499308125,Uncertain,0.1845,benign,https://doi.org/10.1101/2022.10.22.513328
P163L,1.99765,-0.34048,1.004118395969258,Neutral,Neutral,0.2,,,0.499,"cBioPortal,COSMIC",,True,0.2,,,,neutral,neutral,neutral,UP,neutral,neutral,neutral,,,,95.27,-,-0.2512,0.4396,-5.6374,loss_of_function,-3.67755764208797,0.3722570717220083,Uncertain,0.3277,benign,https://doi.org/10.1101/2022.10.22.513328
P163R,8.72801,4.56122,5.147004804413788,Destabilizing,Destabilizing,0.2,,,,mutations_clinvar,,True,0.2,,,,neutral,neutral,neutral,UP,neutral,neutral,neutral,997630,Uncertain significance,2,95.27,-,-0.2885,0.4396,-8.8072,loss_of_function,-4.26876648056052,0.8752272721707046,Pathogenic,0.7536,pathogenic,https://doi.org/10.1101/2022.10.22.513328
Y165C,2.64122,3.73299,3.924708907780495,Uncertain,Uncertain,24.9,,,,mutations_clinvar,,True,24.9,,,,uncertain,,,DOWN,neutral,neutral,neutral,1373826,Uncertain significance,1,96.46,E,-0.1184,2.1211,-0.8493,loss_of_function,0.451560109118591,1.1469937593415505e-12,Benign,0.0361,benign,https://doi.org/10.1101/2022.10.22.513328
Y165D,4.71775,4.89286,5.323891799362324,Destabilizing,Destabilizing,24.9,3.1849162367e-05,6.36395456136e-05,0.127,"cBioPortal,mutations_clinvar",,True,24.9,,,,uncertain,,,DOWN,neutral,neutral,neutral,898373,Uncertain significance,2,96.46,E,-0.2704,2.1211,-22.1143,loss_of_function,-3.86936483808653,0.0200815020619739,Benign,0.2253,benign,https://doi.org/10.1101/2022.10.22.513328
V167A,2.75382,1.9051,2.8176246161566265,Uncertain,Uncertain,8.4,3.1847133758e-05,3.9772817665e-06,0.124,"cBioPortal,COSMIC,mutations_clinvar",,True,8.4,,,,neutral,neutral,neutral,DOWN,neutral,neutral,neutral,1040785,Uncertain significance,2,98.1,E,-0.0645,1.9413,-1.1023,loss_of_function,-0.762547363228404,2.3085132237052363e-05,Benign,0.1553,benign,https://doi.org/10.1101/2022.10.22.513328
D168G,0.8943,3.88435,1.3055471197256356,Uncertain,Neutral,57.4,,,0.581,"cBioPortal,COSMIC",,True,57.4,,,,neutral,neutral,neutral,DOWN,neutral,neutral,destabilizing,,,,97.67,-,-0.2102,0.8822,-8.8296,loss_of_function,-5.84805900013119,0.8204354197807424,Pathogenic,0.4666,ambiguous,https://doi.org/10.1101/2022.10.22.513328
F169C,4.4872,4.72211,4.209707663182572,Destabilizing,Destabilizing,2.1,,,0.303,cBioPortal,,True,2.1,,,,neutral,neutral,neutral,DOWN,neutral,neutral,neutral,,,,98.31,-,-0.1478,2.1863,-8.8296,loss_of_function,-3.89971786203006,0.3127824070379489,Benign,0.3876,ambiguous,https://doi.org/10.1101/2022.10.22.513328
F169S,5.16836,4.68367,4.82258585053495,Destabilizing,Destabilizing,2.1,,,0.245,cBioPortal,,True,2.1,,,,neutral,neutral,neutral,DOWN,neutral,neutral,neutral,,,,98.31,-,-0.2265,2.1863,-22.1174,loss_of_function,-3.89971786203006,0.5292517431862522,Uncertain,0.7044,pathogenic,https://doi.org/10.1101/2022.10.22.513328
P170S,4.56952,2.22075,0.5977148437257631,Uncertain,Uncertain,0.8,,,0.443,"cBioPortal,COSMIC",,True,0.8,,,,neutral,neutral,neutral,DOWN,neutral,neutral,neutral,,,,97.78,S,-0.236,0.2503,-8.8359,loss_of_function,-6.42374691165395,0.8831549867068398,Pathogenic,0.8498,pathogenic,https://doi.org/10.1101/2022.10.22.513328
P172L,0.82336,0.71973,-0.7310972213840244,Neutral,Neutral,83.7,,,0.11,cBioPortal,,True,83.7,,,,neutral,neutral,neutral,UP,neutral,neutral,neutral,,,,96.63,-,-0.0074,3.0101,-4.1922,loss_of_function,-1.01487351224867,0.6142219055566658,Uncertain,0.113,benign,https://doi.org/10.1101/2022.10.22.513328
A175V,-1.05435,-0.7881,0.0439419046631517,Neutral,Neutral,0.9,3.1849162367e-05,3.97826277221e-05,0.089,"COSMIC,mutations_clinvar",,True,0.9,,,,neutral,neutral,neutral,UP,neutral,neutral,neutral,898372,Uncertain significance,2,94.85,-,0.0585,2.8709,-2.1281,gain_of_function,0.282680261718471,1.5825410278215566e-09,Benign,0.0656,benign,https://doi.org/10.1101/2022.10.22.513328
S176A,-0.14886,0.31667,-0.0481136803754639,Neutral,Neutral,95.5,,,,mutations_clinvar,,True,95.5,,,,uncertain,,,-,uncertain,uncertain,uncertain,2064684,Uncertain significance,1,96.02,-,0.0823,3.0704,-6.5204,gain_of_function,-0.958306352841219,0.1561649005672239,Benign,0.0736,benign,https://doi.org/10.1101/2022.10.22.513328
T178K,0.44716,0.9966,0.3196660947257634,Neutral,Neutral,68.0,,,,mutations_clinvar,P,True,68.0,1.052,,,damaging,neutral,potentially_damaging,UP,neutral,neutral,neutral,898371,Uncertain significance,2,95.63,-,-0.072,2.6942,-5.3892,loss_of_function,-2.05875633542366,0.1079612321771317,Benign,0.1668,benign,https://doi.org/10.1101/2022.10.22.513328
I184T,1.03747,0.47789,1.404652393403825,Neutral,Neutral,58.9,,,0.079,cBioPortal,,True,58.9,,,,neutral,neutral,neutral,DOWN,neutral,neutral,neutral,,,,97.22,H,0.0184,3.429,-5.2823,gain_of_function,-0.359313239097928,0.0028658076834551,Benign,0.0976,benign,https://doi.org/10.1101/2022.10.22.513328
I184V,1.0713,0.23197,0.6680346445536617,Neutral,Neutral,58.9,,,0.092,"cBioPortal,mutations_clinvar",,True,58.9,,,,neutral,neutral,neutral,DOWN,neutral,neutral,neutral,1508368,Uncertain significance,1,97.22,H,0.1381,3.429,-3.7798,gain_of_function,-0.108487998440837,0.00055095879587,Benign,0.0691,benign,https://doi.org/10.1101/2022.10.22.513328
S185T,0.17355,-0.32925,-0.1572701542449067,Neutral,Neutral,41.1,,,,mutations_clinvar,,True,41.1,,,,neutral,,,UP,neutral,neutral,neutral,1326455,Uncertain significance,2,97.19,H,0.0741,2.8057,-5.1668,gain_of_function,-1.48154577755599,0.0012516463197951,Benign,0.0903,benign,https://doi.org/10.1101/2022.10.22.513328
I186V,1.53319,0.92925,0.8614319753688227,Neutral,Neutral,0.5,,,,mutations_clinvar,,True,0.5,,,,neutral,neutral,neutral,DOWN,neutral,neutral,neutral,1038531,Uncertain significance,1,97.28,H,0.0307,2.153,-1.812,gain_of_function,-0.424974649363469,0.0002737736148182,Benign,0.0707,benign,https://doi.org/10.1101/2022.10.22.513328
Y187H,3.90308,2.74966,2.2733073216876485,Uncertain,Uncertain,8.0,,,0.039,cBioPortal,,True,8.0,,,,uncertain,,,DOWN,neutral,neutral,neutral,,,,98.3,H,-0.018,2.582,-1.8229,loss_of_function,-0.122855155385621,2.557911194499007e-06,Benign,0.0656,benign,https://doi.org/10.1101/2022.10.22.513328
Q189L,-0.25508,0.96122,-0.4384066685401833,Neutral,Neutral,32.5,,,0.561,cBioPortal,,True,32.5,,,,neutral,neutral,neutral,UP,neutral,neutral,neutral,,,,98.41,H,-0.1154,1.2248,-4.4688,loss_of_function,-3.79911743796687,0.6014743687084264,Uncertain,0.3119,benign,https://doi.org/10.1101/2022.10.22.513328
L191S,1.69905,1.85544,2.481820093586112,Neutral,Uncertain,48.1,,,0.117,cBioPortal,,True,48.1,,,,neutral,neutral,neutral,DOWN,neutral,neutral,neutral,,,,98.18,H,-0.1114,2.7444,-5.3985,loss_of_function,-1.1208193674271,0.0148033874983694,Benign,0.1321,benign,https://doi.org/10.1101/2022.10.22.513328
A192G,0.76796,0.93605,0.8721958202317392,Neutral,Neutral,80.7,,3.9783893888e-06,0.046,cBioPortal,,True,80.7,,,,neutral,neutral,neutral,DOWN,neutral,neutral,neutral,,,,97.96,H,0.0199,2.949,-6.0444,gain_of_function,-2.01003091122123,0.145487968527483,Benign,0.1244,benign,https://doi.org/10.1101/2022.10.22.513328
A193V,-0.05266,-0.85,0.1317546506635752,Neutral,Neutral,27.4,,,,mutations_clinvar,,True,27.4,,,,neutral,neutral,neutral,UP,neutral,neutral,neutral,1492737,Uncertain significance,1,97.99,H,0.0625,2.9613,-2.9722,gain_of_function,-1.31864914227528,0.0009053668855271,Benign,0.1545,benign,https://doi.org/10.1101/2022.10.22.513328
I194V,0.70572,0.78707,1.2977583799730978,Neutral,Neutral,2.7,,,,mutations_clinvar,,True,2.7,,,,neutral,neutral,neutral,DOWN,neutral,neutral,neutral,840033,Uncertain significance,2,98.35,H,-0.0509,1.3373,-3.1062,loss_of_function,-0.0541204397818042,2.236010608777799e-07,Benign,0.0593,benign,https://doi.org/10.1101/2022.10.22.513328
S196P,2.4323,7.16973,5.324137076247122,Uncertain,Uncertain,79.7,,,0.197,cBioPortal,,True,79.7,,,,uncertain,,,UP,neutral,neutral,neutral,,,,97.03,H,-0.1078,2.8029,-8.8764,loss_of_function,-2.883108852171,0.60224882645047,Uncertain,0.2649,benign,https://doi.org/10.1101/2022.10.22.513328
F200I,3.58221,4.42993,3.9159008017729136,Destabilizing,Destabilizing,0.4,,,,mutations_clinvar,,False,0.4,,,,neutral,neutral,neutral,DOWN,neutral,neutral,neutral,1506562,Uncertain significance,1,98.6,H,-0.2454,0.7774,-7.2884,loss_of_function,-3.72323500191835,0.868875114700927,Pathogenic,0.7145,pathogenic,https://doi.org/10.1101/2022.10.22.513328
V203A,1.39149,1.80918,2.280167524615875,Neutral,Uncertain,11.1,,,0.068,"cBioPortal,mutations_clinvar",,False,11.1,,,,neutral,neutral,neutral,DOWN,neutral,neutral,neutral,1038102,Uncertain significance,1,98.23,H,-0.0337,2.3703,-2.8104,loss_of_function,-0.35289425867296,0.0019813907839137,Benign,0.1195,benign,https://doi.org/10.1101/2022.10.22.513328
V203G,2.92996,3.56633,3.99699719099039,Uncertain,Uncertain,11.1,,,,mutations_clinvar,,False,11.1,,,,neutral,neutral,neutral,DOWN,neutral,neutral,neutral,1415939,Uncertain significance,1,98.23,H,-0.1905,2.3703,-8.8764,loss_of_function,-4.18345572974423,0.7069451387672661,Pathogenic,0.225,benign,https://doi.org/10.1101/2022.10.22.513328
M204T,3.20743,2.41973,2.79263763457995,Uncertain,Uncertain,1.6,,,,mutations_clinvar,,True,1.6,,,,neutral,neutral,neutral,DOWN,neutral,neutral,neutral,1441571,Uncertain significance,2,98.2,H,-0.1753,1.2778,-6.5637,loss_of_function,-1.38047446341831,0.7332219607321785,Pathogenic,0.5379,ambiguous,https://doi.org/10.1101/2022.10.22.513328
D205A,-0.08618,0.6949,0.6592213624921867,Neutral,Neutral,40.1,,,,mutations_clinvar,,True,40.1,,,,neutral,neutral,neutral,DOWN,neutral,neutral,neutral,2078733,Uncertain significance,1,97.3,H,-0.1895,0.8343,-6.0783,loss_of_function,-3.59653577072278,0.4918201362918247,Uncertain,0.5433,ambiguous,https://doi.org/10.1101/2022.10.22.513328
D205G,0.62938,1.64048,1.422290786984176,Neutral,Neutral,40.1,,,,mutations_clinvar,,True,40.1,,,,neutral,neutral,neutral,DOWN,neutral,neutral,neutral,2144710,Uncertain significance,1,97.3,H,-0.2827,0.8343,-22.1734,loss_of_function,-6.25941626305683,0.884102293742316,Pathogenic,0.4748,ambiguous,https://doi.org/10.1101/2022.10.22.513328
D208N,0.51319,1.06088,0.80751914353201,Neutral,Neutral,27.0,,0.0001073891703988,0.699,"cBioPortal,mutations_clinvar",,True,27.0,,,,neutral,neutral,neutral,-,uncertain,uncertain,uncertain,526332,Uncertain significance,2,95.06,H,-0.3019,0.1427,-22.1734,loss_of_function,-4.35285806693505,0.8990167469124206,Pathogenic,0.5662,pathogenic,https://doi.org/10.1101/2022.10.22.513328
D208Y,1.06513,-0.30952,0.0855525945790192,Neutral,Neutral,27.0,,,,mutations_clinvar,,True,27.0,,,,neutral,neutral,neutral,UP,neutral,neutral,neutral,592040,Uncertain significance,0,95.06,H,-0.3124,0.1427,-8.8856,loss_of_function,-5.64124984047979,0.8636975109300036,Pathogenic,0.89,pathogenic,https://doi.org/10.1101/2022.10.22.513328
E209K,-0.24092,-0.30272,0.1999739374625403,Neutral,Neutral,85.0,,,0.116,cBioPortal,,True,85.0,,,,neutral,neutral,neutral,UP,neutral,neutral,neutral,,,,93.65,H,0.0403,3.0608,-2.3938,gain_of_function,-0.689166227988843,0.0002291140394587,Benign,0.0861,benign,https://doi.org/10.1101/2022.10.22.513328
E209Q,-0.39276,-0.16327,0.2864029700704812,Neutral,Neutral,85.0,,,0.051,cBioPortal,,True,85.0,,,,neutral,neutral,neutral,UP,neutral,neutral,neutral,,,,93.65,H,0.0809,3.0608,-4.1308,gain_of_function,-0.296011867593785,0.0014771720121586,Benign,0.0967,benign,https://doi.org/10.1101/2022.10.22.513328
V213L,1.3797,0.66905,0.4818133574582922,Neutral,Neutral,9.8,,,,mutations_clinvar,,True,9.8,,,,neutral,neutral,neutral,UP,neutral,neutral,neutral,1691890,Uncertain significance,2,93.0,E,-0.2115,0.7258,-7.8826,loss_of_function,-2.69406610479319,0.8069452261926916,Pathogenic,0.6804,pathogenic,https://doi.org/10.1101/2022.10.22.513328
L214F,3.40841,1.66803,1.2651041361062945,Uncertain,Uncertain,9.2,,,,mutations_clinvar,,True,9.2,,,,neutral,neutral,neutral,UP,neutral,neutral,neutral,1691891,Uncertain significance,2,91.37,E,-0.1598,1.3018,-7.8672,loss_of_function,-4.58652367591819,0.8821751277556455,Pathogenic,0.5467,ambiguous,https://doi.org/10.1101/2022.10.22.513328
L214P,4.62313,5.81599,5.574092993296921,Destabilizing,Destabilizing,9.2,,,,mutations_clinvar,,True,9.2,,,,neutral,neutral,neutral,DOWN,neutral,neutral,neutral,1319323,Uncertain significance,1,91.37,E,-0.3827,1.3018,-22.155,loss_of_function,-6.31069244910234,0.8990374561397054,Pathogenic,0.9672,pathogenic,https://doi.org/10.1101/2022.10.22.513328
E215K,-0.40369,0.26156,0.3536823878023365,Neutral,Neutral,37.0,,,0.34,cBioPortal,,True,37.0,,,,neutral,neutral,neutral,UP,neutral,neutral,neutral,,,,91.61,E,-0.227,1.2528,-22.1673,loss_of_function,-6.16036983991478,0.8990147661139389,Pathogenic,0.8321,pathogenic,https://doi.org/10.1101/2022.10.22.513328
E217G,0.48529,2.06803,1.7926009802048914,Uncertain,Neutral,57.2,,,,mutations_clinvar,,False,57.2,,,,neutral,neutral,neutral,DOWN,neutral,neutral,destabilizing,947438,Uncertain significance,1,87.02,S,-0.0653,2.226,-7.2976,loss_of_function,-3.92279586725901,0.8831816773948542,Pathogenic,0.1367,benign,https://doi.org/10.1101/2022.10.22.513328
E217K,0.57545,0.81973,0.9738689261430312,Neutral,Neutral,57.2,,,0.185,cBioPortal,,False,57.2,,,,neutral,neutral,neutral,UP,neutral,neutral,neutral,,,,87.02,S,-0.0391,2.226,-2.8826,loss_of_function,-2.53962300543643,0.6378463424869673,Uncertain,0.1264,benign,https://doi.org/10.1101/2022.10.22.513328
E217Q,-0.11852,0.41565,0.8760031230971279,Neutral,Neutral,57.2,0.0001592559561728,2.38629313225e-05,0.092,"cBioPortal,mutations_clinvar",,False,57.2,,,,neutral,neutral,neutral,UP,neutral,neutral,neutral,864195,Uncertain significance,2,87.02,S,-0.0013,2.226,-5.1822,loss_of_function,-0.32609905288042,0.512659520314472,Uncertain,0.1321,benign,https://doi.org/10.1101/2022.10.22.513328
P220L,1.92367,0.61395,-0.6135990501734401,Neutral,Neutral,53.5,,,,mutations_clinvar,,True,53.5,,,,neutral,neutral,neutral,UP,neutral,neutral,neutral,2040389,Uncertain significance,1,96.35,-,-0.0698,2.4626,-6.5607,loss_of_function,-1.00647128416404,0.0002901410169754,Benign,0.0732,benign,https://doi.org/10.1101/2022.10.22.513328
R221L,0.33816,0.45884,-0.0757447082060347,Neutral,Neutral,36.3,,,,mutations_clinvar,,True,36.3,,,,neutral,neutral,neutral,DOWN,neutral,neutral,neutral,1462236,Uncertain significance,1,97.07,T,-0.1761,1.5826,-4.4934,loss_of_function,-2.13094665677329,0.5017800328760473,Uncertain,0.3833,ambiguous,https://doi.org/10.1101/2022.10.22.513328
R221Q,0.87952,0.76531,0.968196779469247,Neutral,Neutral,36.3,,,,mutations_clinvar,,True,36.3,,,,neutral,neutral,neutral,DOWN,neutral,neutral,neutral,847507,Uncertain significance,2,97.07,T,-0.1708,1.5826,-8.8856,loss_of_function,-4.75069252983121,0.8724639133084712,Pathogenic,0.2162,benign,https://doi.org/10.1101/2022.10.22.513328
R221W,0.20365,-0.43197,-0.2227283373616101,Neutral,Neutral,36.3,6.37186185803e-05,2.78411938304e-05,0.406,"cBioPortal,mutations_clinvar",,True,36.3,,,,neutral,neutral,neutral,UP,neutral,neutral,neutral,838259,Uncertain significance,2,97.07,T,-0.2087,1.5826,-7.8856,loss_of_function,-1.81583915202758,0.8208701193675707,Pathogenic,0.2109,benign,https://doi.org/10.1101/2022.10.22.513328
T224A,0.00104,1.14388,0.5249543999731884,Neutral,Neutral,23.8,,,,mutations_clinvar,,True,23.8,,,,uncertain,,,DOWN,neutral,neutral,mixed_effects,241252,Benign/Likely benign,2,98.35,-,-0.0233,2.2834,-4.7127,loss_of_function,-1.14508434470622,0.0797277153424174,Benign,0.0846,benign,https://doi.org/10.1101/2022.10.22.513328
T224K,-0.67845,0.57857,0.4738378490334782,Neutral,Neutral,23.8,,,,mutations_clinvar,,True,23.8,,,,uncertain,,,UP,neutral,neutral,neutral,1439358,Uncertain significance,1,98.35,-,-0.11,2.2834,-5.4232,loss_of_function,-2.91823248969168,0.2190250115510039,Benign,0.1766,benign,https://doi.org/10.1101/2022.10.22.513328
R226C,4.49033,2.6466,2.060457102342147,Uncertain,Uncertain,2.7,,1.19322249622e-05,0.74,"cBioPortal,mutations_clinvar",,True,2.7,,,,neutral,neutral,neutral,DOWN,neutral,neutral,neutral,2175210,Uncertain significance,1,97.24,E,-0.3192,0.2532,-7.3007,loss_of_function,-5.34753662446231,0.839676345336968,Pathogenic,0.5711,pathogenic,https://doi.org/10.1101/2022.10.22.513328
R226H,4.78437,3.11259,1.2658791288001674,Destabilizing,Uncertain,2.7,,2.38648296051e-05,0.71,"cBioPortal,mutations_clinvar",,True,2.7,,,,neutral,neutral,neutral,DOWN,neutral,neutral,neutral,897200,Uncertain significance,2,97.24,E,-0.2801,0.2532,-7.3007,loss_of_function,-5.08459394434371,0.8845008247257078,Pathogenic,0.6102,pathogenic,https://doi.org/10.1101/2022.10.22.513328
R226L,3.05715,0.50782,0.0823346845776246,Uncertain,Uncertain,2.7,,,,mutations_clinvar,,True,2.7,,,,neutral,neutral,neutral,DOWN,neutral,neutral,neutral,1720021,Uncertain significance,1,97.24,E,-0.3128,0.2532,-7.3007,loss_of_function,-6.1586554501235,0.8786931089784977,Pathogenic,0.8971,pathogenic,https://doi.org/10.1101/2022.10.22.513328
R226Q,4.72986,2.62143,1.568417207984845,Uncertain,Uncertain,2.7,,7.9541839007e-06,0.274,cBioPortal,,True,2.7,,,,neutral,neutral,neutral,DOWN,neutral,neutral,neutral,,,,97.24,E,-0.361,0.2532,-22.1734,loss_of_function,-7.22130085914619,0.8989627620587411,Pathogenic,0.7044,pathogenic,https://doi.org/10.1101/2022.10.22.513328
R226W,8.73921,2.13299,0.4147214387258974,Uncertain,Uncertain,2.7,6.37186185803e-05,2.78411938304e-05,0.406,"cBioPortal,COSMIC",,True,2.7,,,,neutral,neutral,neutral,UP,neutral,neutral,neutral,,,,97.24,E,-0.404,0.2532,-22.1734,loss_of_function,-6.2542745873147,0.8985707858627918,Pathogenic,0.5947,pathogenic,https://doi.org/10.1101/2022.10.22.513328
R227G,5.49081,4.88605,2.6706849228500538,Destabilizing,Uncertain,10.5,,,,mutations_clinvar,,True,10.5,,,,neutral,neutral,neutral,DOWN,neutral,neutral,neutral,1000349,Uncertain significance,2,95.6,E,-0.35,1.0319,-22.1734,loss_of_function,-6.44706822369991,0.897752380776884,Pathogenic,0.9478,pathogenic,https://doi.org/10.1101/2022.10.22.513328
R227T,2.78939,1.24014,1.5318369068309874,Uncertain,Uncertain,10.5,,,,mutations_clinvar,,True,10.5,,,,neutral,neutral,neutral,DOWN,neutral,neutral,neutral,1902235,Uncertain significance,1,95.6,E,-0.3195,1.0319,-22.1734,loss_of_function,-5.64153185476687,0.8988397120591323,Pathogenic,0.9293,pathogenic,https://doi.org/10.1101/2022.10.22.513328
A229T,3.18971,1.77143,1.729799090350903,Uncertain,Uncertain,1.4,,,0.277,cBioPortal,,True,1.4,,,,neutral,neutral,neutral,UP,neutral,neutral,neutral,,,,93.87,E,-0.0393,2.0711,-6.2946,loss_of_function,-0.984050358037403,0.8486132662147433,Pathogenic,0.1361,benign,https://doi.org/10.1101/2022.10.22.513328
G231D,2.62547,-0.97925,1.002922259778615,Uncertain,Uncertain,62.4,,,,mutations_clinvar,,False,62.4,,,,neutral,neutral,neutral,UP,neutral,neutral,neutral,571432,Uncertain significance,2,88.28,E,-0.2471,1.2551,-6.2885,loss_of_function,-2.83312883792432,0.487245996600068,Uncertain,0.4664,ambiguous,https://doi.org/10.1101/2022.10.22.513328
G231R,1.05852,-0.25272,0.2099712660241531,Neutral,Neutral,62.4,,,0.47,cBioPortal,,False,62.4,,,,neutral,neutral,neutral,UP,neutral,neutral,neutral,,,,88.28,E,-0.2647,1.2551,-6.5515,loss_of_function,-2.29084190052881,0.4951445144939228,Uncertain,0.5449,ambiguous,https://doi.org/10.1101/2022.10.22.513328
N232D,-0.04189,0.72211,-0.0168658452779674,Neutral,Neutral,86.7,,,0.145,cBioPortal,,False,86.7,,,,neutral,neutral,neutral,-,uncertain,uncertain,uncertain,,,,83.86,T,-0.0589,1.997,-4.7004,loss_of_function,-1.75849361424858,0.4771189556222248,Uncertain,0.1226,benign,https://doi.org/10.1101/2022.10.22.513328
N232T,-0.00307,-0.54252,0.2440780890032284,Neutral,Neutral,86.7,,,0.159,cBioPortal,,False,86.7,,,,neutral,neutral,neutral,-,uncertain,uncertain,uncertain,,,,83.86,T,-0.0775,1.997,-5.1699,loss_of_function,-0.682376294152149,0.1898166369840787,Benign,0.1132,benign,https://doi.org/10.1101/2022.10.22.513328
V234L,-1.46351,1.85816,0.7196086750357374,Neutral,Neutral,9.9,,,,mutations_clinvar,,False,9.9,,,,neutral,neutral,neutral,UP,neutral,neutral,neutral,2319471,Uncertain significance,1,91.65,E,-0.0673,2.1488,-5.2823,loss_of_function,-1.04520264950728,0.2146746968810616,Benign,0.2239,benign,https://doi.org/10.1101/2022.10.22.513328
S235P,2.69592,4.10918,3.14323038369305,Uncertain,Uncertain,3.3,,,,mutations_clinvar,,False,3.3,,,,uncertain,,,UP,neutral,neutral,neutral,1423883,Uncertain significance,2,94.64,E,-0.3077,1.3674,-22.1612,loss_of_function,-5.54675692021032,0.8944275223831062,Pathogenic,0.9851,pathogenic,https://doi.org/10.1101/2022.10.22.513328
I236V,1.81055,1.06905,1.4335730189864515,Neutral,Neutral,0.1,,,,mutations_clinvar,,False,0.1,,,,neutral,neutral,neutral,DOWN,neutral,neutral,neutral,219754,Uncertain significance,2,97.0,E,-0.0231,1.5956,-2.3036,loss_of_function,-0.165554349805477,0.0016268458785775,Benign,0.0643,benign,https://doi.org/10.1101/2022.10.22.513328
I238V,1.39255,0.22755,0.5946132826293618,Neutral,Neutral,0.0,,,,mutations_clinvar,,False,0.0,,,,neutral,neutral,neutral,DOWN,neutral,neutral,neutral,435167,Uncertain significance,1,98.09,E,0.005,1.8776,-1.8953,gain_of_function,-0.287721287387627,4.017795241496846e-05,Benign,0.0634,benign,https://doi.org/10.1101/2022.10.22.513328
V240A,2.95791,3.08571,3.128697556863851,Uncertain,Uncertain,0.9,,,,mutations_clinvar,,False,0.9,,,,neutral,neutral,neutral,DOWN,neutral,neutral,neutral,1478644,Uncertain significance,1,98.35,-,-0.2305,1.3048,-22.1488,loss_of_function,-4.80099973523261,0.8601838860492026,Pathogenic,0.5725,pathogenic,https://doi.org/10.1101/2022.10.22.513328
P242H,9.23693,2.07755,2.6612375641505928,Uncertain,Uncertain,11.2,,,0.833,cBioPortal,,False,11.2,,,,neutral,neutral,neutral,UP,neutral,neutral,neutral,,,,98.09,T,-0.152,1.5007,-7.2761,loss_of_function,-3.22444864131334,0.7750025178237163,Pathogenic,0.6408,pathogenic,https://doi.org/10.1101/2022.10.22.513328
H244R,-0.26922,0.57177,0.1461593554916546,Neutral,Neutral,72.2,,,,mutations_clinvar,,False,72.2,,,,neutral,neutral,neutral,UP,neutral,neutral,neutral,2253217,Uncertain significance,1,97.13,S,-0.0326,2.3431,-5.5453,loss_of_function,-2.47662441794523,0.4385046825439829,Uncertain,0.3546,ambiguous,https://doi.org/10.1101/2022.10.22.513328
H244Y,0.35534,-0.26122,0.1887715805450668,Neutral,Neutral,72.2,,,,mutations_clinvar,,False,72.2,,,,neutral,neutral,neutral,UP,neutral,neutral,neutral,2441352,Uncertain significance,1,97.13,S,0.0268,2.3431,-6.5453,gain_of_function,-1.20221917251693,0.1258220476723882,Benign,0.1566,benign,https://doi.org/10.1101/2022.10.22.513328
P245S,2.83947,2.98469,0.5122713622417304,Uncertain,Uncertain,12.8,,,0.748,cBioPortal,,False,12.8,,,,neutral,neutral,neutral,DOWN,neutral,neutral,neutral,,,,97.55,T,-0.2278,0.3411,-8.8733,loss_of_function,-3.78105672513554,0.6134932376851936,Uncertain,0.6156,pathogenic,https://doi.org/10.1101/2022.10.22.513328
T246I,-1.22851,2.37619,0.0670355407493472,Uncertain,Neutral,46.0,,,,mutations_clinvar,,False,46.0,,,,uncertain,,,UP,neutral,neutral,neutral,1474080,Uncertain significance,1,97.4,T,-0.0175,2.8576,-8.8702,loss_of_function,-2.29223790550629,0.1279267198374504,Benign,0.1932,benign,https://doi.org/10.1101/2022.10.22.513328
M247V,2.10131,-0.23537,0.0592443895766919,Uncertain,Uncertain,66.1,,,,mutations_clinvar,,False,66.1,,,,neutral,neutral,neutral,DOWN,neutral,neutral,neutral,698894,Benign,1,96.86,S,-0.0423,2.4026,-5.063,loss_of_function,-0.875283527771765,0.1692723410899189,Benign,0.1079,benign,https://doi.org/10.1101/2022.10.22.513328
L248F,-0.2265,0.90204,0.5553992552081027,Neutral,Neutral,30.3,,,,mutations_clinvar,,False,30.3,,,,neutral,neutral,neutral,UP,neutral,neutral,neutral,1518965,Uncertain significance,1,97.2,-,-0.1308,1.3888,-3.738,loss_of_function,-1.6628171004672,0.0146768200895422,Benign,0.2963,benign,https://doi.org/10.1101/2022.10.22.513328
E250D,0.05376,0.11735,0.4521710356271619,Neutral,Neutral,96.0,,,,mutations_clinvar,,False,96.0,,,,neutral,neutral,neutral,DOWN,neutral,neutral,neutral,2003993,Uncertain significance,1,96.12,E,-0.0505,1.5231,-3.4811,loss_of_function,-0.567171041044722,0.0893533684516174,Benign,0.1371,benign,https://doi.org/10.1101/2022.10.22.513328
F252C,0.86789,1.2534,1.519464051379975,Neutral,Neutral,78.2,,,,mutations_clinvar,,False,78.2,,,,neutral,neutral,neutral,DOWN,neutral,neutral,neutral,220759,Benign/Likely benign,2,95.84,E,-0.0469,2.8901,-1.7349,loss_of_function,0.0053168796960159,2.397611900660102e-10,Benign,0.047,benign,https://doi.org/10.1101/2022.10.22.513328
F252L,0.1722,-0.02823,0.2518779784407349,Neutral,Neutral,78.2,,,,mutations_clinvar,,False,78.2,,,,neutral,neutral,neutral,DOWN,neutral,neutral,neutral,1386060,Uncertain significance,1,95.84,E,-0.0035,2.8901,-5.4047,loss_of_function,-0.738030741203389,1.2393192769840307e-05,Benign,0.3797,ambiguous,https://doi.org/10.1101/2022.10.22.513328
L254F,1.35813,0.8517,0.7024189659628668,Neutral,Neutral,17.9,,,,mutations_clinvar,,False,17.9,,,,neutral,neutral,neutral,UP,neutral,neutral,neutral,1483000,Uncertain significance,1,93.07,E,-0.1172,1.5089,-3.2526,loss_of_function,-2.52005866221325,0.2907418483835192,Benign,0.1901,benign,https://doi.org/10.1101/2022.10.22.513328
G255R,11.62868,8.3915,1.9878763628766272,Destabilizing,Uncertain,0.1,,,,mutations_clinvar,,False,0.1,,,,neutral,neutral,neutral,UP,neutral,neutral,neutral,1390848,Uncertain significance,1,92.65,S,-0.4485,0.1222,-22.155,loss_of_function,-6.83218909621364,0.8963152514966988,Pathogenic,0.9816,pathogenic,https://doi.org/10.1101/2022.10.22.513328
A256G,0.57267,1.80204,1.4215719007846557,Neutral,Neutral,7.0,,,,mutations_clinvar,,False,7.0,,,,neutral,neutral,neutral,DOWN,neutral,neutral,neutral,863913,Uncertain significance,1,90.46,-,-0.1548,1.9435,-22.1519,loss_of_function,-5.08110927542967,0.865176797842081,Pathogenic,0.3107,benign,https://doi.org/10.1101/2022.10.22.513328
V260L,0.58067,0.65068,-0.1092059122912564,Neutral,Neutral,14.4,,,,mutations_clinvar,,False,14.4,,,,neutral,neutral,neutral,UP,neutral,neutral,neutral,801715,Uncertain significance,1,94.7,H,-0.1319,1.4099,-4.6007,loss_of_function,-1.926784933246,0.6008756985851776,Uncertain,0.4297,ambiguous,https://doi.org/10.1101/2022.10.22.513328
P262L,1.76112,-3.4483,-1.563733063198457,Uncertain,Neutral,51.5,,,0.416,cBioPortal,,False,51.5,,,,neutral,neutral,neutral,UP,neutral,neutral,neutral,,,,97.19,H,-0.0783,2.2363,-4.1388,loss_of_function,-1.60838338300262,0.2870690251800194,Benign,0.2158,benign,https://doi.org/10.1101/2022.10.22.513328
S268N,0.06859,-0.15952,-0.3939938035133827,Neutral,Neutral,83.0,,,,mutations_clinvar,,False,83.0,,,,uncertain,,,UP,neutral,neutral,neutral,2118248,Uncertain significance,1,97.12,H,0.0708,2.9041,-1.4026,gain_of_function,-0.552341931133212,3.2395010506415362e-09,Benign,0.1929,benign,https://doi.org/10.1101/2022.10.22.513328
N270K,-0.05267,1.12959,1.846591040868884,Neutral,Neutral,8.1,,,,mutations_clinvar,,False,8.1,,,,neutral,neutral,neutral,UP,neutral,neutral,neutral,1503324,Uncertain significance,1,98.37,H,-0.1492,1.079,-5.8423,loss_of_function,-2.58268016729775,0.1367269444193168,Benign,0.5609,ambiguous,https://doi.org/10.1101/2022.10.22.513328
I271M,-0.6205,0.21463,0.8103607147723076,Neutral,Neutral,56.6,,,0.044,cBioPortal,,False,56.6,,,,neutral,neutral,neutral,-,uncertain,uncertain,uncertain,,,,96.77,G,0.0688,3.0743,-2.035,gain_of_function,-0.258837204840542,4.696793921447939e-06,Benign,0.0808,benign,https://doi.org/10.1101/2022.10.22.513328
I271T,0.89033,1.33673,1.3046570745186474,Neutral,Neutral,56.6,,,0.179,cBioPortal,,False,56.6,,,,neutral,neutral,neutral,DOWN,neutral,neutral,neutral,,,,96.77,G,-0.0222,3.0743,-6.8423,loss_of_function,-2.06896044455359,0.2040402949947806,Benign,0.4655,ambiguous,https://doi.org/10.1101/2022.10.22.513328
H272D,0.52381,0.70612,0.4918059888747611,Neutral,Neutral,77.3,,,,mutations_clinvar,,False,77.3,,,,neutral,neutral,neutral,DOWN,neutral,neutral,destabilizing,1481675,Uncertain significance,1,96.94,G,-0.0239,2.5534,-5.511,loss_of_function,-2.07912590462742,0.2067067492533388,Benign,0.3591,ambiguous,https://doi.org/10.1101/2022.10.22.513328
D275V,0.02153,-0.00884,0.5032391786730591,Neutral,Neutral,53.9,,,,mutations_clinvar,,False,53.9,,,,neutral,neutral,neutral,UP,neutral,neutral,neutral,1337794,Uncertain significance,1,97.8,-,-0.0837,2.5182,-6.4982,loss_of_function,-2.38224133290319,0.4785451251685476,Uncertain,0.1661,benign,https://doi.org/10.1101/2022.10.22.513328
E277V,0.54197,0.18776,0.1324539950880027,Neutral,Neutral,96.4,,,0.183,cBioPortal,,True,96.4,,,,neutral,neutral,neutral,-,uncertain,uncertain,uncertain,,,,96.59,T,-0.0265,2.5969,-8.8296,loss_of_function,-3.36511630601512,0.5935943200639302,Uncertain,0.2318,benign,https://doi.org/10.1101/2022.10.22.513328
N278K,-1.29284,-0.80612,-0.1390090486998452,Neutral,Neutral,55.5,,,0.045,cBioPortal,,True,55.5,,,,neutral,neutral,neutral,UP,neutral,neutral,neutral,,,,97.45,S,0.0733,3.2928,-2.1715,gain_of_function,-1.21195179911254,0.000144578821496,Benign,0.1127,benign,https://doi.org/10.1101/2022.10.22.513328
S279N,1.84016,0.75102,0.6637402710752163,Neutral,Neutral,40.4,,,0.123,cBioPortal,,True,40.4,,,,uncertain,,,UP,neutral,neutral,neutral,,,,96.76,-,-0.013,2.2767,-6.5078,loss_of_function,-0.988285204655754,0.0194004654643061,Benign,0.1149,benign,https://doi.org/10.1101/2022.10.22.513328
L281S,4.76048,3.55986,4.498250531617485,Destabilizing,Destabilizing,2.7,,,,mutations_clinvar,,False,2.7,,,,neutral,neutral,neutral,DOWN,neutral,neutral,neutral,1035640,Uncertain significance,2,97.08,H,-0.1475,2.3675,-5.6598,loss_of_function,-2.46685543339246,0.7419816396587202,Pathogenic,0.5645,pathogenic,https://doi.org/10.1101/2022.10.22.513328
Q282H,0.29441,1.27109,0.0660775499291566,Neutral,Neutral,51.9,,,0.099,"cBioPortal,mutations_clinvar",,False,51.9,,,,neutral,neutral,neutral,UP,neutral,neutral,neutral,526339,Likely benign,1,97.67,H,0.0601,2.901,-3.7885,gain_of_function,-1.39569773666937,0.0106514248658952,Benign,0.2243,benign,https://doi.org/10.1101/2022.10.22.513328
Q282R,0.14828,1.28401,-0.1765029418901881,Neutral,Neutral,51.9,,,,mutations_clinvar,,False,51.9,,,,neutral,neutral,neutral,UP,neutral,neutral,neutral,1406505,Uncertain significance,2,97.67,H,0.0181,2.901,-6.0255,gain_of_function,-1.05956514824579,0.3187642168807997,Benign,0.1035,benign,https://doi.org/10.1101/2022.10.22.513328
N283H,10.47275,4.64626,2.678733334636754,Destabilizing,Uncertain,0.9,,,0.583,cBioPortal,,False,0.9,,,,neutral,neutral,neutral,UP,neutral,neutral,neutral,,,,98.42,H,-0.3068,0.2874,-22.1174,loss_of_function,-6.6137244177924,0.8969080938691669,Pathogenic,0.8028,pathogenic,https://doi.org/10.1101/2022.10.22.513328
L284F,-0.76943,-0.70646,1.6419423728521356,Neutral,Neutral,0.0,,,0.313,cBioPortal,,True,0.0,,,,neutral,neutral,neutral,UP,neutral,neutral,neutral,,,,98.08,H,-0.2007,0.7349,-5.6566,loss_of_function,-2.42214017886486,0.4847931631465741,Uncertain,0.3148,benign,https://doi.org/10.1101/2022.10.22.513328
D286Y,-0.95094,-0.79354,0.1051822340772684,Neutral,Neutral,53.3,,,,mutations_clinvar,,True,53.3,,,,neutral,neutral,neutral,UP,neutral,neutral,neutral,897198,Uncertain significance,1,97.66,H,-0.0251,3.1179,-6.2384,loss_of_function,-2.47523844907105,0.3187959613019949,Benign,0.1357,benign,https://doi.org/10.1101/2022.10.22.513328
V287G,3.47359,3.99558,4.072904454939638,Destabilizing,Destabilizing,0.2,,,,mutations_clinvar,,True,0.2,,,,neutral,neutral,neutral,DOWN,neutral,neutral,neutral,956027,Uncertain significance,2,98.02,H,-0.3188,1.7099,-22.1111,loss_of_function,-4.41850580241944,0.8477973241890626,Pathogenic,0.5367,ambiguous,https://doi.org/10.1101/2022.10.22.513328
L288S,5.773,4.78571,4.842717337671618,Destabilizing,Destabilizing,0.1,,,,mutations_clinvar,,True,0.1,,,,neutral,neutral,neutral,DOWN,neutral,neutral,neutral,656401,Uncertain significance,1,97.34,H,-0.4163,0.3587,-22.1174,loss_of_function,-5.77549376451338,0.8866315768432034,Pathogenic,0.9045,pathogenic,https://doi.org/10.1101/2022.10.22.513328
E289D,0.19805,-0.12891,0.0575188871301829,Neutral,Neutral,50.1,,,,mutations_clinvar,,True,50.1,,,,neutral,neutral,neutral,DOWN,neutral,neutral,neutral,2289261,Uncertain significance,1,96.91,T,-0.0388,1.662,-3.6941,loss_of_function,-0.684783853139837,0.0697728569863141,Benign,0.2065,benign,https://doi.org/10.1101/2022.10.22.513328
E289K,-1.40841,0.60102,0.1167008894215343,Neutral,Neutral,50.1,,,0.213,cBioPortal,,True,50.1,,,,neutral,neutral,neutral,UP,neutral,neutral,neutral,,,,96.91,T,-0.1036,1.662,-5.3639,loss_of_function,-1.84420054979238,0.511134725245744,Uncertain,0.251,benign,https://doi.org/10.1101/2022.10.22.513328
E289Q,-0.75991,-0.00204,0.1801185331014126,Neutral,Neutral,50.1,,,0.164,cBioPortal,,True,50.1,,,,neutral,neutral,neutral,UP,neutral,neutral,neutral,,,,96.91,T,-0.0548,1.662,-5.5014,loss_of_function,-1.39567265949847,0.2958251329595877,Benign,0.1704,benign,https://doi.org/10.1101/2022.10.22.513328
I290T,1.48519,1.75238,2.5478011884030707,Neutral,Uncertain,24.5,,,,mutations_clinvar,,True,24.5,,,,neutral,neutral,neutral,DOWN,neutral,neutral,neutral,2015450,Uncertain significance,1,94.96,-,-0.0743,2.2799,-2.7148,loss_of_function,-0.415227808696576,0.1151538312813843,Benign,0.0667,benign,https://doi.org/10.1101/2022.10.22.513328
P293L,1.98404,6.20408,-0.4758315152035258,Uncertain,Neutral,13.6,,3.9862553914e-06,0.618,cBioPortal,,False,13.6,,,,neutral,neutral,neutral,UP,neutral,neutral,neutral,,,,88.22,-,-0.2814,0.2879,-8.8168,loss_of_function,-3.91236153810201,0.8110736138888014,Pathogenic,0.3663,ambiguous,https://doi.org/10.1101/2022.10.22.513328
A294V,0.09391,-0.76395,-0.3384806459442918,Neutral,Neutral,49.4,,,,mutations_clinvar,,False,49.4,,,,neutral,neutral,neutral,UP,neutral,neutral,neutral,574187,Uncertain significance,2,82.17,-,0.0195,2.6893,-6.495,gain_of_function,-0.889737585468325,0.0018780835591153,Benign,0.1027,benign,https://doi.org/10.1101/2022.10.22.513328
R295C,1.58001,1.31837,1.5678061497315885,Neutral,Neutral,64.7,3.19366377108e-05,2.79044551456e-05,0.179,"cBioPortal,mutations_clinvar",,False,64.7,,,,neutral,neutral,neutral,DOWN,neutral,neutral,neutral,1497573,Uncertain significance,1,76.3,T,-0.1539,2.0228,-6.817,loss_of_function,-1.35136982590538,0.4643359875804441,Uncertain,0.1614,benign,https://doi.org/10.1101/2022.10.22.513328
R295H,1.64253,1.23946,0.8153488254777066,Neutral,Neutral,64.7,3.19182891797e-05,9.56838605248e-05,0.095,"cBioPortal,mutations_clinvar",,False,64.7,,,,neutral,neutral,neutral,DOWN,neutral,neutral,neutral,216702,Uncertain significance,2,76.3,T,-0.1081,2.0228,-5.495,loss_of_function,-1.26212013253869,0.4057870121225543,Uncertain,0.1352,benign,https://doi.org/10.1101/2022.10.22.513328
A296D,0.3605,-0.30238,-0.1061471287178944,Neutral,Neutral,100.0,,,0.033,cBioPortal,,False,100.0,,,,neutral,neutral,neutral,UP,neutral,neutral,neutral,,,,72.79,T,-0.0621,2.9952,-5.647,loss_of_function,-1.20532534200503,0.0471468856321441,Benign,0.112,benign,https://doi.org/10.1101/2022.10.22.513328
I297T,0.40489,0.47109,0.7683528577041593,Neutral,Neutral,85.7,,,0.103,cBioPortal,,False,85.7,,,,neutral,neutral,neutral,DOWN,neutral,neutral,destabilizing,,,,70.91,T,0.0175,3.2241,-1.7521,gain_of_function,-0.127265196225564,1.8849423216426603e-11,Benign,0.0812,benign,https://doi.org/10.1101/2022.10.22.513328
E299K,0.33005,-0.2983,0.2105556838157879,Neutral,Neutral,91.1,,,0.083,cBioPortal,,False,91.1,,,,neutral,neutral,neutral,UP,neutral,neutral,neutral,,,,73.98,-,0.0001,2.696,-3.6845,gain_of_function,-1.00280736513202,0.0026432644684938,Benign,0.1153,benign,https://doi.org/10.1101/2022.10.22.513328
S301C,0.12383,0.65986,0.6831561859055235,Neutral,Neutral,74.5,,,,mutations_clinvar,,False,74.5,,,,uncertain,,,UP,neutral,neutral,neutral,1047666,Uncertain significance,1,70.05,G,-0.0291,2.4808,-7.8201,loss_of_function,-2.23471050136098,0.7547813284887814,Pathogenic,0.1042,benign,https://doi.org/10.1101/2022.10.22.513328
S301F,-0.27194,0.32755,-0.434911599563193,Neutral,Neutral,74.5,,,0.205,cBioPortal,,False,74.5,,,,uncertain,,,UP,neutral,neutral,neutral,,,,70.05,G,-0.0618,2.4808,-8.82,loss_of_function,-3.57329226873646,0.6701743502012432,Uncertain,0.2,benign,https://doi.org/10.1101/2022.10.22.513328
S301Y,-0.15894,0.21531,-0.401408435415001,Neutral,Neutral,74.5,,,,mutations_clinvar,,False,74.5,,,,uncertain,,,UP,neutral,neutral,neutral,2041835,Uncertain significance,1,70.05,G,-0.0585,2.4808,-7.2352,loss_of_function,-2.79544556816409,0.765716345850481,Pathogenic,0.162,benign,https://doi.org/10.1101/2022.10.22.513328
F303C,3.34241,3.31088,3.922540879104949,Destabilizing,Destabilizing,6.4,,,,mutations_clinvar,,False,6.4,,,,neutral,neutral,neutral,DOWN,neutral,neutral,neutral,2093479,Uncertain significance,1,71.39,T,-0.1048,2.6519,-8.791,loss_of_function,-3.10500280560307,0.8591406498347252,Pathogenic,0.3701,ambiguous,https://doi.org/10.1101/2022.10.22.513328
T304I,0.44214,1.28367,-0.3466541586417371,Neutral,Neutral,12.9,,,,mutations_clinvar,,False,12.9,,,,uncertain,,,UP,neutral,neutral,neutral,1463984,Uncertain significance,1,74.32,-,-0.0011,2.9207,-6.7911,loss_of_function,-1.84061791808624,0.0135694658243837,Benign,0.166,benign,https://doi.org/10.1101/2022.10.22.513328
M305L,-0.07413,0.04116,-0.2088934014254795,Neutral,Neutral,40.3,,,,mutations_clinvar,,False,40.3,,,,neutral,neutral,neutral,-,uncertain,uncertain,uncertain,1381209,Uncertain significance,2,81.77,-,0.0718,2.8847,-4.144,gain_of_function,-0.685029524880413,0.0080846741312612,Benign,0.1265,benign,https://doi.org/10.1101/2022.10.22.513328
M305T,0.13779,1.07857,1.0325097317507077,Neutral,Neutral,40.3,,,,mutations_clinvar,,False,40.3,,,,neutral,neutral,neutral,DOWN,neutral,neutral,neutral,2178528,Uncertain significance,1,81.77,-,-0.0205,2.8847,-5.2029,loss_of_function,-1.02735108569676,0.0067792023144355,Benign,0.1188,benign,https://doi.org/10.1101/2022.10.22.513328
M305V,0.50429,-0.00306,0.2509630695840514,Neutral,Neutral,40.3,,,,mutations_clinvar,,False,40.3,,,,neutral,neutral,neutral,DOWN,neutral,neutral,neutral,958108,Uncertain significance,2,81.77,-,0.0196,2.8847,-1.618,gain_of_function,-0.136268090129015,0.0011093566956621,Benign,0.0641,benign,https://doi.org/10.1101/2022.10.22.513328
G308E,3.05491,2.16531,6.100935791748854,Uncertain,Destabilizing,2.6,,,,mutations_clinvar,,False,2.6,,,,neutral,neutral,neutral,UP,neutral,neutral,neutral,1497680,Uncertain significance,1,93.22,T,-0.3716,0.7693,-22.0756,loss_of_function,-5.5735454274142,0.8969748257249476,Pathogenic,0.9523,pathogenic,https://doi.org/10.1101/2022.10.22.513328
I309V,1.11545,1.4432,1.743196027443922,Neutral,Neutral,21.3,,,0.58,cBioPortal,,False,21.3,,,,neutral,neutral,neutral,DOWN,neutral,neutral,neutral,,,,95.35,T,-0.1781,0.1268,-6.2029,loss_of_function,-2.69305937716075,0.611699824040057,Uncertain,0.379,ambiguous,https://doi.org/10.1101/2022.10.22.513328
C310S,0.4347,0.89558,0.3697718350773948,Neutral,Neutral,30.6,,,0.908,cBioPortal,,False,30.6,,,,neutral,neutral,neutral,DOWN,neutral,neutral,neutral,,,,95.6,T,-0.476,0.0695,-22.0756,loss_of_function,-4.0390100457222,0.8990347713035542,Pathogenic,0.9892,pathogenic,https://doi.org/10.1101/2022.10.22.513328
A312S,-1.02451,0.42211,0.2261241182453149,Neutral,Neutral,50.5,,,,mutations_clinvar,,True,50.5,,,,neutral,neutral,neutral,-,uncertain,uncertain,uncertain,1444918,Uncertain significance,1,92.17,-,-0.0664,1.4498,-1.5591,loss_of_function,-0.276734286411175,5.736071410421219e-06,Benign,0.0933,benign,https://doi.org/10.1101/2022.10.22.513328
G317S,2.51378,0.95238,1.32986004776715,Uncertain,Uncertain,101.1,,,,mutations_clinvar,,True,101.1,,,,neutral,neutral,neutral,UP,neutral,neutral,neutral,408228,Uncertain significance,2,85.78,T,-0.1147,1.9265,-3.1177,loss_of_function,-1.0691893470406,3.945220540413649e-07,Benign,0.1155,benign,https://doi.org/10.1101/2022.10.22.513328
G317V,4.73373,4.82993,2.3344122235537528,Destabilizing,Uncertain,101.1,,,,mutations_clinvar,,True,101.1,,,,neutral,neutral,neutral,UP,neutral,neutral,neutral,2325789,Uncertain significance,1,85.78,T,-0.2922,1.9265,-22.0493,loss_of_function,-3.29490318630385,0.0963291361545451,Benign,0.4046,ambiguous,https://doi.org/10.1101/2022.10.22.513328
T318I,-0.72137,-0.52211,0.1284987377315277,Neutral,Neutral,61.3,,,0.06,cBioPortal,,True,61.3,,,,uncertain,,,UP,neutral,neutral,neutral,,,,88.79,B,-0.0088,2.9468,-8.7614,loss_of_function,-1.71573517544009,0.0067493261321835,Benign,0.0888,benign,https://doi.org/10.1101/2022.10.22.513328
D321E,0.38954,1.24082,1.161839069098394,Neutral,Neutral,31.0,,,,mutations_clinvar,,True,31.0,,,,neutral,neutral,neutral,UP,neutral,neutral,neutral,241253,Conflicting interpretations of pathogenicity,1,89.86,-,-0.1261,0.8512,-4.7682,loss_of_function,-1.74762315639932,0.0724276730662273,Benign,0.4342,ambiguous,https://doi.org/10.1101/2022.10.22.513328
D321N,1.43889,0.71088,0.380860076062619,Neutral,Neutral,31.0,,,0.545,cBioPortal,,True,31.0,,,,neutral,neutral,neutral,-,uncertain,uncertain,uncertain,,,,89.86,-,-0.1514,0.8512,-5.4462,loss_of_function,-0.238410233315577,0.244501344084408,Benign,0.1398,benign,https://doi.org/10.1101/2022.10.22.513328
V323L,1.1373,1.46259,0.4056520671960345,Neutral,Neutral,5.5,,,,mutations_clinvar,,False,5.5,,,,neutral,neutral,neutral,UP,neutral,neutral,neutral,408225,Uncertain significance,1,93.08,E,-0.0581,2.1794,-4.0133,loss_of_function,-1.88587691447097,0.2021699013815543,Benign,0.4247,ambiguous,https://doi.org/10.1101/2022.10.22.513328
V323M,0.35543,1.0,1.159459323171847,Neutral,Neutral,5.5,,,,mutations_clinvar,,False,5.5,,,,neutral,neutral,neutral,UP,neutral,neutral,neutral,1347514,Uncertain significance,1,93.08,E,-0.0812,2.1794,-6.7682,loss_of_function,-0.347382677896358,0.7981154598450747,Pathogenic,0.261,benign,https://doi.org/10.1101/2022.10.22.513328
C324S,1.52813,0.98231,1.2761724682254396,Neutral,Neutral,0.0,,,,mutations_clinvar,,False,0.0,,,,neutral,neutral,neutral,DOWN,neutral,neutral,neutral,1351862,Uncertain significance,1,94.15,-,-0.4823,0.0001,-22.0526,loss_of_function,-4.00245388416047,0.8972813179034114,Pathogenic,0.9879,pathogenic,https://doi.org/10.1101/2022.10.22.513328
S327F,-0.51212,0.4415,-0.0653021152238042,Neutral,Neutral,59.9,,,,mutations_clinvar,,False,59.9,,,,uncertain,,,UP,neutral,neutral,neutral,2365564,Uncertain significance,1,88.77,T,-0.1153,2.6317,-22.0258,loss_of_function,-1.07097239909806,0.3306612299134568,Uncertain,0.138,benign,https://doi.org/10.1101/2022.10.22.513328
Q328H,0.77108,-0.11122,-0.4418838190222218,Neutral,Neutral,93.2,,,,mutations_clinvar,,False,93.2,,,,neutral,neutral,neutral,UP,neutral,neutral,neutral,2174990,Uncertain significance,1,90.93,T,0.0316,2.6489,-4.8346,gain_of_function,-0.701281337833622,5.445941466074959e-05,Benign,0.1292,benign,https://doi.org/10.1101/2022.10.22.513328
C329R,2.14482,0.27551,1.4702393820678157,Uncertain,Uncertain,10.1,,,0.869,cBioPortal,,False,10.1,,,,neutral,neutral,neutral,UP,neutral,neutral,neutral,,,,91.61,T,-0.5438,0.0001,-22.0459,loss_of_function,-6.63565431339372,0.8988869045113452,Pathogenic,0.9899,pathogenic,https://doi.org/10.1101/2022.10.22.513328
Q331P,3.22282,5.64116,5.773088026997826,Destabilizing,Destabilizing,27.8,,,,mutations_clinvar,,False,27.8,,,,neutral,neutral,neutral,DOWN,neutral,neutral,neutral,1032785,Uncertain significance,1,93.11,-,-0.3321,1.5255,-22.0459,loss_of_function,-4.51091166159621,0.8936466777612724,Pathogenic,0.8614,pathogenic,https://doi.org/10.1101/2022.10.22.513328
Y339H,2.29314,1.0551,1.7114505865597476,Uncertain,Uncertain,31.1,,,0.583,cBioPortal,,False,31.1,,,,uncertain,,,DOWN,neutral,neutral,neutral,,,,94.8,H,-0.0775,2.2645,-7.7582,loss_of_function,-0.920513277916163,0.749259894181529,Pathogenic,0.1932,benign,https://doi.org/10.1101/2022.10.22.513328
W341L,0.6253,1.4432,2.3292857621901075,Neutral,Uncertain,50.6,,,0.737,cBioPortal,,False,50.6,,,,neutral,neutral,neutral,DOWN,neutral,neutral,neutral,,,,95.18,H,-0.5124,0.1149,-22.0393,loss_of_function,-2.18941595967322,0.8488510545090434,Pathogenic,0.9146,pathogenic,https://doi.org/10.1101/2022.10.22.513328
W341R,1.9486,2.57279,3.50863351277824,Uncertain,Uncertain,50.6,,,,mutations_clinvar,,False,50.6,,,,neutral,neutral,neutral,DOWN,neutral,neutral,neutral,1035033,Uncertain significance,1,95.18,H,-0.5488,0.1149,-22.0393,loss_of_function,-6.34599766526009,0.8882952989034121,Pathogenic,0.9903,pathogenic,https://doi.org/10.1101/2022.10.22.513328
L342V,2.37981,1.85102,2.337804424251108,Uncertain,Uncertain,0.0,,,,mutations_clinvar,,False,0.0,,,,neutral,neutral,neutral,DOWN,neutral,neutral,neutral,1394014,Uncertain significance,1,95.34,H,-0.2201,0.3898,-7.7515,loss_of_function,-0.606032751748472,0.8620678360781975,Pathogenic,0.4861,ambiguous,https://doi.org/10.1101/2022.10.22.513328
R349T,0.66098,0.76361,0.5411896125662388,Neutral,Neutral,93.4,,,0.576,cBioPortal,,True,93.4,,,,neutral,neutral,neutral,DOWN,neutral,neutral,neutral,,,,93.72,E,-0.2614,0.727,-5.2921,loss_of_function,-2.96641289860855,0.2308892754136472,Benign,0.6468,pathogenic,https://doi.org/10.1101/2022.10.22.513328
Q350H,0.94039,1.0551,0.4162137080779438,Neutral,Neutral,60.4,,,,mutations_clinvar,,True,60.4,,,,neutral,neutral,neutral,UP,neutral,neutral,neutral,947751,Uncertain significance,2,91.84,E,-0.1178,1.0987,-6.1666,loss_of_function,-2.12150022132029,0.4552460093188758,Uncertain,0.5288,ambiguous,https://doi.org/10.1101/2022.10.22.513328
Q350L,-0.73525,0.92075,-0.3616442079501963,Neutral,Neutral,60.4,,,0.409,cBioPortal,,True,60.4,,,,neutral,neutral,neutral,UP,neutral,neutral,neutral,,,,91.84,E,-0.1438,1.0987,-7.7515,loss_of_function,-2.60244728793653,0.7176546386821697,Pathogenic,0.3811,ambiguous,https://doi.org/10.1101/2022.10.22.513328
S351N,-0.5125,-0.06939,-0.3587478982641962,Neutral,Neutral,64.5,,,,mutations_clinvar,P,True,64.5,-0.373,,,damaging,neutral,potentially_damaging,UP,neutral,neutral,neutral,660117,Uncertain significance,1,91.15,E,-0.1406,0.8383,-5.5783,loss_of_function,-3.07269454508292,0.5880828241907349,Uncertain,0.6128,pathogenic,https://doi.org/10.1101/2022.10.22.513328
I354V,0.33556,0.25136,0.8569265010070942,Neutral,Neutral,38.6,,,,mutations_clinvar,,True,38.6,,,,neutral,neutral,neutral,DOWN,neutral,neutral,neutral,1915702,Uncertain significance,1,92.83,E,0.0553,2.3959,-1.3718,gain_of_function,-0.187610307620523,8.520684808048543e-05,Benign,0.0635,benign,https://doi.org/10.1101/2022.10.22.513328
I355M,0.1941,0.9068,1.0266655623565493,Neutral,Neutral,2.6,,,,mutations_clinvar,,True,2.6,,,,neutral,neutral,neutral,-,uncertain,uncertain,uncertain,1306615,Uncertain significance,2,94.19,E,-0.0502,1.936,-4.8278,loss_of_function,-0.26740830289388,0.0713450304526869,Benign,0.082,benign,https://doi.org/10.1101/2022.10.22.513328
F356C,2.06987,1.90748,1.716498471357928,Uncertain,Uncertain,54.5,,,,mutations_clinvar,,True,54.5,,,,neutral,neutral,neutral,DOWN,neutral,neutral,neutral,241248,Uncertain significance,1,95.23,E,-0.2847,0.6379,-7.7313,loss_of_function,-3.40851789200974,0.8493906087115228,Pathogenic,0.7336,pathogenic,https://doi.org/10.1101/2022.10.22.513328
E358G,1.2833,1.89932,1.0339628709939286,Neutral,Neutral,58.2,,,0.484,cBioPortal,,True,58.2,,,,neutral,neutral,neutral,DOWN,neutral,neutral,neutral,,,,95.55,E,-0.1592,2.0221,-22.0088,loss_of_function,-4.33530734286523,0.8699054582510979,Pathogenic,0.3227,benign,https://doi.org/10.1101/2022.10.22.513328
P360A,3.04617,1.26497,-0.1749937132722068,Uncertain,Uncertain,10.0,,3.987590618e-06,0.876,"cBioPortal,mutations_clinvar",,True,10.0,,,,neutral,neutral,neutral,DOWN,neutral,neutral,neutral,1378618,Uncertain significance,1,93.82,T,-0.3108,0.1703,-22.0054,loss_of_function,-5.3406794220152,0.8948332214390505,Pathogenic,0.7383,pathogenic,https://doi.org/10.1101/2022.10.22.513328
P360S,4.08051,1.97585,1.0469857926106756,Uncertain,Uncertain,10.0,,,0.907,cBioPortal,,True,10.0,,,,neutral,neutral,neutral,DOWN,neutral,neutral,neutral,,,,93.82,T,-0.3105,0.1703,-22.0054,loss_of_function,-5.3406794220152,0.8600341881749356,Pathogenic,0.9376,pathogenic,https://doi.org/10.1101/2022.10.22.513328
P360T,4.08052,2.28639,0.4288456271522373,Uncertain,Uncertain,10.0,,,,mutations_clinvar,,True,10.0,,,,neutral,neutral,neutral,-,uncertain,uncertain,uncertain,1440583,Uncertain significance,2,93.82,T,-0.2549,0.1703,-8.7175,loss_of_function,-4.0980584030874,0.8854552399761544,Pathogenic,0.8522,pathogenic,https://doi.org/10.1101/2022.10.22.513328
S363N,-0.29802,-0.56429,-0.2789167529748243,Neutral,Neutral,79.0,,,,mutations_clinvar,,True,79.0,,,,uncertain,,,UP,neutral,neutral,neutral,641689,Uncertain significance,1,94.34,-,-0.0457,1.7136,-2.7566,loss_of_function,-0.533315100953237,0.0022015072694116,Benign,0.1252,benign,https://doi.org/10.1101/2022.10.22.513328
I366F,1.92342,0.92721,1.1092523468514814,Neutral,Neutral,2.5,,,,mutations_clinvar,,False,2.5,,,,neutral,neutral,neutral,UP,neutral,neutral,neutral,2443130,Uncertain significance,0,95.12,E,-0.2402,1.5776,-21.8689,loss_of_function,-2.58603578868164,0.8157591777858101,Pathogenic,0.3579,ambiguous,https://doi.org/10.1101/2022.10.22.513328
L368S,4.71442,4.26463,4.564655643396624,Destabilizing,Destabilizing,0.0,,,0.49,cBioPortal,,False,0.0,,,,neutral,neutral,neutral,DOWN,neutral,neutral,neutral,,,,93.21,E,-0.2152,1.7848,-8.4345,loss_of_function,-2.47629492165971,0.0941883391308148,Benign,0.713,pathogenic,https://doi.org/10.1101/2022.10.22.513328
M370T,2.35118,1.46803,1.5111643847474732,Uncertain,Uncertain,34.4,,,,mutations_clinvar,,False,34.4,,,,neutral,neutral,neutral,DOWN,neutral,neutral,neutral,1432654,Uncertain significance,1,83.49,-,-0.0573,2.4905,-5.3083,loss_of_function,-0.519147898180064,,,0.2636,benign,https://doi.org/10.1101/2022.10.22.513328
G372A,-0.16014,0.31565,-0.30718144898008,Neutral,Neutral,134.7,,,,mutations_clinvar,,False,134.7,,,,neutral,neutral,neutral,UP,neutral,neutral,neutral,241246,Likely benign,2,56.25,-,0.0185,3.3019,-2.9696,gain_of_function,-0.128559545738672,,,0.0838,benign,https://doi.org/10.1101/2022.10.22.513328
G372E,-0.15774,0.04728,-0.6534128710387777,Neutral,Neutral,134.7,,,0.043,cBioPortal,,False,134.7,,,,neutral,neutral,neutral,UP,neutral,neutral,neutral,,,,56.25,-,-0.0581,3.3019,-6.2915,loss_of_function,-0.138769715577762,,,0.1132,benign,https://doi.org/10.1101/2022.10.22.513328
R373T,0.6238,0.26667,0.2796779533559967,Neutral,Neutral,91.5,,,,mutations_clinvar,,False,91.5,,,,neutral,neutral,neutral,DOWN,neutral,neutral,neutral,2065032,Uncertain significance,1,40.84,-,-0.0854,2.5837,-4.2888,loss_of_function,-0.426134488111368,,,0.1676,benign,https://doi.org/10.1101/2022.10.22.513328
K374R,0.1649,1.42823,-0.2173882941744642,Neutral,Neutral,107.9,,,,mutations_clinvar,,False,107.9,,,,neutral,neutral,neutral,-,uncertain,uncertain,uncertain,1413174,Uncertain significance,1,36.19,-,-0.1016,0.6824,-4.2705,loss_of_function,-0.617415220124089,,,0.072,benign,https://doi.org/10.1101/2022.10.22.513328
H375D,0.06995,1.07925,-0.1395841774930017,Neutral,Neutral,89.6,,,,mutations_clinvar,,False,89.6,,,,neutral,neutral,neutral,DOWN,neutral,neutral,stabilizing,1897752,Uncertain significance,1,29.78,-,-0.1429,1.9553,-18.0427,loss_of_function,-0.0129425949113026,,,0.0895,benign,https://doi.org/10.1101/2022.10.22.513328
H375P,-0.24532,0.44694,1.2263004552749457,Neutral,Neutral,89.6,,,,mutations_clinvar,,False,89.6,,,,neutral,neutral,neutral,DOWN,neutral,neutral,stabilizing,1114122,Likely benign,1,29.78,-,-0.259,1.9553,-18.0427,loss_of_function,-0.0129425949113026,,,0.0709,benign,https://doi.org/10.1101/2022.10.22.513328
H375R,-0.09173,1.20952,-0.1995326440573697,Neutral,Neutral,89.6,,,0.055,cBioPortal,,False,89.6,,,,neutral,neutral,neutral,UP,neutral,neutral,neutral,,,,29.78,-,-0.0592,1.9553,-3.7549,loss_of_function,-0.0129425949113026,,,0.0659,benign,https://doi.org/10.1101/2022.10.22.513328
