Mutation,"Stability (FoldX5, alphafold, kcal/mol)","Stability (Rosetta Cartddg2020, alphafold, kcal/mol)","Stability (RaSP, alphafold, kcal/mol)","Stability classification, alphafold, (Rosetta, FoldX)","Stability classification, alphafold, (RaSP, FoldX)","Local Int. (Binding with RAF1_6XI7, heterodimer, FoldX5, kcal/mol)","Local Int. (Binding with RAF1_6XI7, heterodimer, Rosetta Talaris 2014, kcal/mol)",Local Int. classification (RAF1_6XI7),Relative Side Chain Solvent Accessibility in wild-type,gnomAD genome allele frequency,gnomAD exome allele frequency,REVEL score,Mutation sources,PTMs,is site part of phospho-SLiM,PTM residue SASA (%),"Change in stability with PTM (FoldX5, kcal/mol)","Change in binding with PTM (FoldX5, kcal/mol)","Change in binding with mutation (FoldX5, kcal/mol)",PTM effect in regulation,PTM effect in stability,PTM effect in function,AlloSigma2 mutation type,AlloSigma2 predicted consequence - active sites,AlloSigma2 predicted consequence - cofactor sites,AlloSigma2 predicted consequence - pockets and interfaces,ClinVar Variation ID,ClinVar Interpretation,ClinVar Review Status,AlphaFold2 model pLDDT score,AlphaFold2 model secondary structure,DeMaSk delta fitness,DeMaSk Shannon entropy,DeMaSk log2 variant frequency,DeMaSk predicted consequence,GEMME Score,EVE score,EVE classification (25% Uncertain),AlphaMissense pathogenicity score,AlphaMissense classification,References
T2I,0.03168,-0.49898,-0.3601575456451339,Neutral,Neutral,,,Uncertain,43.1,,,0.648,COSMIC,P,False,43.1,0.196,,,damaging,neutral,uncertain,UP,neutral,neutral,neutral,,,,95.52,E,-0.1376,1.4301,-6.6689,loss_of_function,-1.11304164917027,,,0.6352,pathogenic,https://doi.org/10.1101/2022.10.22.513328
T2P,-1.26087,0.62585,1.4545981536050272,Neutral,Neutral,,,Uncertain,43.1,,,,clinvar,P,False,43.1,0.196,,,damaging,neutral,uncertain,-,uncertain,uncertain,uncertain,1744676,Uncertain significance,1,95.52,E,-0.276,1.4301,-6.6689,loss_of_function,-1.52008625698222,,,0.4026,ambiguous,https://doi.org/10.1101/2022.10.22.513328
T2S,0.26715,0.53946,0.2567226336165334,Neutral,Neutral,,,Uncertain,43.1,,,,clinvar,P,False,43.1,0.196,,,neutral,neutral,uncertain,DOWN,neutral,neutral,stabilizing,1711023,Uncertain significance,0,95.52,E,-0.0776,1.4301,-7.0839,loss_of_function,-0.233331364583272,,,0.2361,benign,https://doi.org/10.1101/2022.10.22.513328
E3G,1.09464,1.29014,2.0203316797271262,Neutral,Uncertain,,,Uncertain,38.0,,,0.784,COSMIC,,True,38.0,,,,neutral,neutral,neutral,DOWN,neutral,neutral,stabilizing,,,,97.83,E,-0.3146,0.3355,-22.0592,loss_of_function,-4.49881514439165,,,0.8717,pathogenic,https://doi.org/10.1101/2022.10.22.513328
E3K,-0.75167,-0.25782,0.7598797237004664,Neutral,Neutral,,,Uncertain,38.0,,,0.552,"cBioPortal,COSMIC",,True,38.0,,,,neutral,neutral,neutral,UP,neutral,neutral,neutral,,,,97.83,E,-0.2329,0.3355,-6.7715,loss_of_function,-1.21368329190759,,,0.9711,pathogenic,https://doi.org/10.1101/2022.10.22.513328
Y4C,4.01976,4.56361,4.538757374414417,Destabilizing,Destabilizing,,,,2.5,,,0.796,cBioPortal,P,True,2.5,2.208,,,uncertain,uncertain,uncertain,DOWN,neutral,neutral,mixed_effects,,,,98.48,E,-0.3358,0.1976,-8.7746,loss_of_function,-3.06678504249908,0.6639647476257515,Uncertain,0.8191,pathogenic,https://doi.org/10.1101/2022.10.22.513328
Y4F,0.07898,0.49388,0.2521266027605706,Neutral,Neutral,,,,2.5,,,,clinvar,P,True,2.5,2.208,,,uncertain,uncertain,uncertain,-,uncertain,uncertain,uncertain,1711001,Uncertain significance,0,98.48,E,-0.1895,0.1976,-6.1898,loss_of_function,-1.93528620489505,0.1818180586173162,Benign,0.3196,benign,https://doi.org/10.1101/2022.10.22.513328
Y4N,4.14646,4.43946,3.974212257962178,Destabilizing,Destabilizing,,,,2.5,,,,clinvar,P,True,2.5,2.208,,,uncertain,uncertain,uncertain,DOWN,neutral,neutral,mixed_effects,1711028,Uncertain significance,0,98.48,E,-0.4262,0.1976,-22.0625,loss_of_function,-5.83586871217079,0.9195071921764436,Pathogenic,0.9163,pathogenic,https://doi.org/10.1101/2022.10.22.513328
K5E,1.58361,1.5398,0.7914873073852063,Neutral,Neutral,,,Uncertain,52.5,,,0.892,"cBioPortal,COSMIC,clinvar",,True,52.5,,,,neutral,neutral,neutral,DOWN,neutral,neutral,mixed_effects,12596,Pathogenic/Likely pathogenic,2,98.33,E,-0.2544,0.2097,-7.7911,loss_of_function,-4.82322553470742,0.5570124483252736,Uncertain,0.9889,pathogenic,https://doi.org/10.1101/2022.10.22.513328
K5N,0.49198,0.13503,0.5069588436610878,Neutral,Neutral,,,Uncertain,52.5,,,0.764,"cBioPortal,COSMIC,clinvar",,True,52.5,,,,neutral,neutral,neutral,DOWN,neutral,neutral,mixed_effects,"372705, 12594","Pathogenic, Pathogenic","1, 3",98.33,E,-0.2528,0.2097,-8.791,loss_of_function,-4.6449725416167,0.6110894820870125,Uncertain,0.992,pathogenic,https://doi.org/10.1101/2022.10.22.513328
K5Q,0.62552,-0.03946,0.5889982424809805,Neutral,Neutral,,,Uncertain,52.5,,,,clinvar,,True,52.5,,,,neutral,neutral,neutral,DOWN,neutral,neutral,mixed_effects,2010214,Likely pathogenic,1,98.33,E,-0.2287,0.2097,-7.7911,loss_of_function,-2.01500251009914,0.5197256401745602,Uncertain,0.9157,pathogenic,https://doi.org/10.1101/2022.10.22.513328
K5R,-0.81815,-0.14388,-0.1852082981691771,Neutral,Neutral,,,Uncertain,52.5,,,0.829,COSMIC,,True,52.5,,,,neutral,neutral,neutral,-,uncertain,uncertain,uncertain,,,,98.33,E,-0.155,0.2097,-6.2062,loss_of_function,-1.53995088862022,0.0443321802776617,Benign,0.2689,benign,https://doi.org/10.1101/2022.10.22.513328
L6F,3.9898,3.62211,2.113941627601617,Destabilizing,Uncertain,0.00954,-0.21099,Neutral,0.2,,,,clinvar,,True,0.2,,,,neutral,neutral,neutral,UP,neutral,neutral,neutral,1711006,Uncertain significance,0,98.61,E,-0.2503,0.3705,-8.7943,loss_of_function,-3.63819232647177,0.7252756293692392,Pathogenic,0.9459,pathogenic,https://doi.org/10.1101/2022.10.22.513328
L6H,4.24367,4.15544,3.159873587843843,Destabilizing,Destabilizing,0.00682,-0.07444,Neutral,0.2,,,0.856,COSMIC,,True,0.2,,,,neutral,neutral,neutral,DOWN,neutral,neutral,neutral,,,,98.61,E,-0.427,0.3705,-22.0821,loss_of_function,-5.65418829861231,0.9423641141757096,Pathogenic,0.9983,pathogenic,https://doi.org/10.1101/2022.10.22.513328
L6P,6.97162,4.3051,6.810063125313583,Destabilizing,Destabilizing,-0.0141,0.12104,Neutral,0.2,,,0.853,cBioPortal,,True,0.2,,,,neutral,neutral,neutral,DOWN,neutral,neutral,neutral,,,,98.61,E,-0.468,0.3705,-22.0821,loss_of_function,-7.99243135652297,0.9456232425365364,Pathogenic,0.9985,pathogenic,https://doi.org/10.1101/2022.10.22.513328
L6V,1.04822,2.00136,0.9503755734049336,Uncertain,Neutral,0.0081,-0.28256,Neutral,0.2,3.1849162367e-05,,0.493,"cBioPortal,clinvar",,True,0.2,,,,neutral,neutral,neutral,DOWN,neutral,neutral,neutral,1038615,Uncertain significance,1,98.61,E,-0.2221,0.3705,-7.7944,loss_of_function,-1.96251057084066,0.2104135731201619,Benign,0.3356,benign,https://doi.org/10.1101/2022.10.22.513328
V7A,3.68058,2.00374,2.6946319721734424,Uncertain,Uncertain,,,,1.8,,,0.721,"cBioPortal,COSMIC",,True,1.8,,,,neutral,neutral,neutral,DOWN,neutral,neutral,neutral,,,,98.29,E,-0.3351,0.1643,-22.0854,loss_of_function,-3.55519417766637,0.1549156409582973,Benign,0.9404,pathogenic,https://doi.org/10.1101/2022.10.22.513328
V7E,6.99654,3.62075,3.680567310422034,Destabilizing,Destabilizing,,,,1.8,,,,clinvar,,True,1.8,,,,neutral,neutral,neutral,-,uncertain,uncertain,uncertain,2503842,Likely pathogenic,1,98.29,E,-0.459,0.1643,-22.0854,loss_of_function,-5.59194548958667,0.944281877404918,Pathogenic,0.9965,pathogenic,https://doi.org/10.1101/2022.10.22.513328
V7G,5.46982,4.15986,4.386390714200578,Destabilizing,Destabilizing,,,,1.8,,,0.883,COSMIC,,True,1.8,,,,neutral,neutral,neutral,DOWN,neutral,neutral,neutral,,,,98.29,E,-0.4609,0.1643,-22.0854,loss_of_function,-5.15668486752764,0.8648956485976258,Pathogenic,0.9333,pathogenic,https://doi.org/10.1101/2022.10.22.513328
V7M,2.88759,2.13095,2.1255738159799686,Uncertain,Uncertain,,,,1.8,,,0.818,"COSMIC,clinvar",,True,1.8,,,,neutral,neutral,neutral,UP,neutral,neutral,neutral,1049331,Uncertain significance,0,98.29,E,-0.277,0.1643,-8.7975,loss_of_function,-0.425526618350838,0.8384470077808848,Pathogenic,0.9941,pathogenic,https://doi.org/10.1101/2022.10.22.513328
V8E,3.71196,4.20646,3.305773359416894,Destabilizing,Destabilizing,,,,0.1,,,0.900,"cBioPortal,COSMIC",,True,0.1,,,,neutral,neutral,neutral,-,uncertain,uncertain,uncertain,,,,98.17,E,-0.4116,0.6786,-22.0821,loss_of_function,-7.54134178337929,0.9234679007235544,Pathogenic,0.9968,pathogenic,https://doi.org/10.1101/2022.10.22.513328
V8I,-0.59672,0.77857,-0.3529901872686075,Neutral,Neutral,,,,0.1,,,0.325,"COSMIC,clinvar",,True,0.1,,,,neutral,neutral,neutral,UP,neutral,neutral,neutral,1049359,Uncertain significance,0,98.17,E,-0.1321,0.6786,-4.2095,loss_of_function,-1.49802971154045,0.0139424493091136,Benign,0.4242,ambiguous,https://doi.org/10.1101/2022.10.22.513328
V9D,-0.80799,2.05374,3.773738407544034,Uncertain,Uncertain,,,,0.1,,,0.929,COSMIC,,False,0.1,,,,neutral,neutral,neutral,DOWN,neutral,neutral,stabilizing,,,,97.43,E,-0.4696,0.5129,-22.0918,loss_of_function,-7.85627167112779,0.9303432071738976,Pathogenic,0.9964,pathogenic,https://doi.org/10.1101/2022.10.22.513328
V9I,0.46919,0.56871,0.0921332530842233,Neutral,Neutral,,,,0.1,,,0.449,"cBioPortal,COSMIC",,False,0.1,,,,neutral,neutral,neutral,UP,neutral,neutral,neutral,,,,97.43,E,-0.1627,0.5129,-7.2191,loss_of_function,-2.47561201025108,0.3304281097400106,Uncertain,0.5632,ambiguous,https://doi.org/10.1101/2022.10.22.513328
G10E,18.83178,9.78571,7.235781338159406,Destabilizing,Destabilizing,,,,0.1,,,0.975,COSMIC,,False,0.1,,,,neutral,neutral,neutral,UP,neutral,neutral,stabilizing,,,,97.52,-,-0.4324,0.1097,-22.0983,loss_of_function,-8.25939729236002,0.9452799934237768,Pathogenic,0.9996,pathogenic,https://doi.org/10.1101/2022.10.22.513328
G10R,31.36296,17.95646,7.479599645819055,Destabilizing,Destabilizing,,,,0.1,,,0.961,COSMIC,,False,0.1,,,,neutral,neutral,neutral,UP,neutral,neutral,stabilizing,,,,97.52,-,-0.4494,0.1097,-22.0983,loss_of_function,-6.90710518658411,0.9014890449931892,Pathogenic,0.9996,pathogenic,https://doi.org/10.1101/2022.10.22.513328
G10V,14.3739,5.87619,5.979973783677821,Destabilizing,Destabilizing,,,,0.1,,,0.975,"cBioPortal,COSMIC",,False,0.1,,,,neutral,neutral,neutral,UP,neutral,neutral,stabilizing,,,,97.52,-,-0.4596,0.1097,-22.0983,loss_of_function,-6.86093190795248,0.945766478291214,Pathogenic,0.9988,pathogenic,https://doi.org/10.1101/2022.10.22.513328
A11G,0.52103,1.09932,1.5247139276525874,Neutral,Neutral,,,Uncertain,21.9,,,0.299,"cBioPortal,COSMIC",,False,21.9,,,,neutral,neutral,neutral,DOWN,neutral,neutral,destabilizing,,,,96.21,S,-0.0737,1.7185,-2.2055,loss_of_function,-1.99986961012867,0.0050039918522312,Benign,0.3471,ambiguous,https://doi.org/10.1101/2022.10.22.513328
A11P,-3.02434,0.61735,2.986762969560829,Uncertain,Uncertain,,,Uncertain,21.9,,,0.484,COSMIC,,False,21.9,,,,neutral,neutral,neutral,UP,neutral,neutral,neutral,,,,96.21,S,-0.2252,1.7185,-6.8201,loss_of_function,-1.4915564832261,0.2582978988802581,Benign,0.848,pathogenic,https://doi.org/10.1101/2022.10.22.513328
A11S,-0.21852,0.64014,0.9411580777765644,Neutral,Neutral,,,Uncertain,21.9,,,,clinvar,,False,21.9,,,,neutral,neutral,neutral,-,uncertain,uncertain,uncertain,1711016,Uncertain significance,0,96.21,S,-0.0563,1.7185,-4.4279,loss_of_function,-1.05714600257163,0.005861603886479,Benign,0.233,benign,https://doi.org/10.1101/2022.10.22.513328
A11T,1.00869,0.10476,0.5673984333240603,Neutral,Neutral,,,Uncertain,21.9,,,0.391,"cBioPortal,COSMIC",,False,21.9,,,,neutral,neutral,neutral,UP,neutral,neutral,neutral,,,,96.21,S,-0.067,1.7185,-5.3607,loss_of_function,-1.25025003512244,0.0368965485512481,Benign,0.7824,pathogenic,https://doi.org/10.1101/2022.10.22.513328
A11V,0.79611,1.00544,-0.1840412922722106,Neutral,Neutral,,,Uncertain,21.9,,,0.646,COSMIC,,False,21.9,,,,neutral,neutral,neutral,UP,neutral,neutral,neutral,,,,96.21,S,-0.1495,1.7185,-22.1079,loss_of_function,-4.20744061759776,0.1434419952865181,Benign,0.9289,pathogenic,https://doi.org/10.1101/2022.10.22.513328
G12A,-0.58266,-0.91156,-0.4889955854737321,Neutral,Neutral,,,,17.2,,0.0000000000000000,0.841,"cBioPortal,COSMIC,clinvar",,False,17.2,,,,neutral,neutral,neutral,UP,neutral,neutral,stabilizing,45122,Pathogenic/Likely pathogenic,0,94.86,T,-0.3555,0.2997,-22.1238,loss_of_function,-2.32093068831046,0.0893772809306169,Benign,0.9575,pathogenic,https://doi.org/10.1101/2022.10.22.513328
G12C,-0.15547,-0.0517,0.3042528754133161,Neutral,Neutral,,,,17.2,,0.0000000000000000,0.853,"cBioPortal,COSMIC,clinvar",,False,17.2,,,,neutral,neutral,neutral,UP,neutral,neutral,stabilizing,"1701193, 12578","Pathogenic, Pathogenic/Likely pathogenic","1, 0",94.86,T,-0.4152,0.2997,-22.1238,loss_of_function,-0.113264559826222,0.4712883555745557,Uncertain,0.9975,pathogenic,https://doi.org/10.1101/2022.10.22.513328
G12D,-0.19981,-0.55612,-0.0335718472106538,Neutral,Neutral,,,,17.2,,", 0.0000040107809793",0.875,"cBioPortal,COSMIC,clinvar",,False,17.2,,,,neutral,neutral,neutral,UP,neutral,neutral,stabilizing,12582,Pathogenic,2,94.86,T,-0.3361,0.2997,-6.5141,loss_of_function,-0.840299952274075,0.7405333701653121,Pathogenic,0.9984,pathogenic,https://doi.org/10.1101/2022.10.22.513328
G12E,-0.52967,-0.7983,0.1006858641469149,Neutral,Neutral,,,,17.2,,,,"cBioPortal,COSMIC",,False,17.2,,,,neutral,neutral,neutral,UP,neutral,neutral,stabilizing,,,,94.86,T,-0.4151,0.2997,-22.1238,loss_of_function,-3.55186540913129,0.3096995556478188,Benign,0.9972,pathogenic,https://doi.org/10.1101/2022.10.22.513328
G12F,-0.78094,-0.46667,-0.2645800832336054,Neutral,Neutral,,,,17.2,,,,"cBioPortal,COSMIC",,False,17.2,,,,neutral,neutral,neutral,UP,neutral,neutral,stabilizing,,,,94.86,T,-0.4534,0.2997,-22.1238,loss_of_function,-4.70860283172621,0.8845565555946493,Pathogenic,0.9987,pathogenic,https://doi.org/10.1101/2022.10.22.513328
G12H,-0.20025,-0.12993,-0.2477868343124634,Neutral,Neutral,,,,17.2,,,,"cBioPortal,COSMIC",,False,17.2,,,,neutral,neutral,neutral,UP,neutral,neutral,stabilizing,,,,94.86,T,-0.4281,0.2997,-22.1238,loss_of_function,-4.78890053172518,0.8748912780007632,Pathogenic,0.9998,pathogenic,https://doi.org/10.1101/2022.10.22.513328
G12I,0.07629,-0.96361,0.2710820453275564,Neutral,Neutral,,,,17.2,,,,"cBioPortal,COSMIC",,False,17.2,,,,neutral,neutral,neutral,UP,neutral,neutral,stabilizing,,,,94.86,T,-0.499,0.2997,-22.1238,loss_of_function,-4.49117155427879,0.8634814706463803,Pathogenic,0.9985,pathogenic,https://doi.org/10.1101/2022.10.22.513328
G12L,-0.68367,-0.33503,-0.4185229935281354,Neutral,Neutral,,,,17.2,,,,"cBioPortal,COSMIC",,False,17.2,,,,neutral,neutral,neutral,UP,neutral,neutral,stabilizing,,,,94.86,T,-0.4673,0.2997,-22.1238,loss_of_function,-3.977702425268,0.8605441004191787,Pathogenic,0.9988,pathogenic,https://doi.org/10.1101/2022.10.22.513328
G12N,-0.11814,0.31293,-0.2562126257396613,Neutral,Neutral,,,,17.2,,,,COSMIC,,False,17.2,,,,neutral,neutral,neutral,UP,neutral,neutral,stabilizing,,,,94.86,T,-0.4161,0.2997,-22.1238,loss_of_function,-4.0361416865946,0.8628410546190863,Pathogenic,0.9993,pathogenic,https://doi.org/10.1101/2022.10.22.513328
G12R,-0.4614,0.2102,-0.1122339312150916,Neutral,Neutral,,,,17.2,,0.0000000000000000,0.821,"cBioPortal,COSMIC,clinvar",,False,17.2,,,,neutral,neutral,neutral,UP,neutral,neutral,stabilizing,12579,Pathogenic/Likely pathogenic,2,94.86,T,-0.351,0.2997,-6.2511,loss_of_function,-1.18144156272303,0.4204074411778689,Uncertain,0.9977,pathogenic,https://doi.org/10.1101/2022.10.22.513328
G12S,-0.11122,-0.87313,-0.1590941005030061,Neutral,Neutral,,,,17.2,,0.0000000000000000,0.790,"cBioPortal,COSMIC,clinvar",,False,17.2,,,,neutral,neutral,neutral,UP,neutral,neutral,stabilizing,12584,Pathogenic,2,94.86,T,-0.2936,0.2997,-8.8359,loss_of_function,-0.0373998381710096,0.2714175583950745,Benign,0.985,pathogenic,https://doi.org/10.1101/2022.10.22.513328
G12V,-0.12286,-0.42517,-0.0483686650763875,Neutral,Neutral,,,,17.2,,0.0000000000000000,0.910,"cBioPortal,COSMIC,clinvar",,False,17.2,,,,neutral,neutral,neutral,UP,neutral,neutral,stabilizing,12583,Pathogenic,2,94.86,T,-0.3745,0.2997,-8.8359,loss_of_function,-0.823374577447571,0.7943394343181043,Pathogenic,0.9949,pathogenic,https://doi.org/10.1101/2022.10.22.513328
G12W,-0.77457,-0.80646,-0.5699834878769805,Neutral,Neutral,,,,17.2,,,,COSMIC,,False,17.2,,,,neutral,neutral,neutral,UP,neutral,neutral,stabilizing,,,,94.86,T,-0.4531,0.2997,-22.1238,loss_of_function,-5.60930123565957,0.9255216590641367,Pathogenic,0.9976,pathogenic,https://doi.org/10.1101/2022.10.22.513328
G12Y,-0.7499,-0.25748,-0.1431030478088146,Neutral,Neutral,,,,17.2,,,,"cBioPortal,COSMIC",,False,17.2,,,,neutral,neutral,neutral,UP,neutral,neutral,stabilizing,,,,94.86,T,-0.4537,0.2997,-22.1238,loss_of_function,-5.59191233262973,0.8972756170664371,Pathogenic,0.9992,pathogenic,https://doi.org/10.1101/2022.10.22.513328
G13A,2.18885,1.53231,0.670029010458077,Uncertain,Uncertain,,,Uncertain,52.7,,,0.772,"cBioPortal,COSMIC,clinvar",,False,52.7,,,,neutral,neutral,neutral,UP,neutral,neutral,stabilizing,375967,Pathogenic,0,94.74,T,-0.284,0.2297,-6.8392,loss_of_function,-1.51387760286508,0.064653229525206,Benign,0.9148,pathogenic,https://doi.org/10.1101/2022.10.22.513328
G13C,1.57609,1.68537,1.2829101219179453,Neutral,Neutral,,,Uncertain,52.7,,0.0000000000000000,0.868,"cBioPortal,COSMIC,clinvar",,False,52.7,,,,neutral,neutral,neutral,UP,neutral,neutral,stabilizing,45123,Pathogenic/Likely pathogenic,2,94.74,T,-0.3539,0.2297,-8.8391,loss_of_function,-2.36759565355875,0.1933890614372986,Benign,0.9889,pathogenic,https://doi.org/10.1101/2022.10.22.513328
G13D,1.78257,1.12211,0.23880907366842,Neutral,Neutral,,,Uncertain,52.7,,0.0000000000000000,0.832,"cBioPortal,COSMIC,clinvar",,False,52.7,,,,neutral,neutral,neutral,UP,neutral,neutral,stabilizing,12580,Conflicting interpretations of pathogenicity,1,94.74,T,-0.3442,0.2297,-6.8392,loss_of_function,-1.04223933891285,0.601398893972096,Uncertain,0.998,pathogenic,https://doi.org/10.1101/2022.10.22.513328
G13E,1.55709,1.19014,0.553367208591023,Neutral,Neutral,,,Uncertain,52.7,,,,"cBioPortal,COSMIC",,False,52.7,,,,neutral,neutral,neutral,UP,neutral,neutral,stabilizing,,,,94.74,T,-0.4215,0.2297,-22.1269,loss_of_function,-5.12000892022101,0.6995881956617427,Pathogenic,0.9977,pathogenic,https://doi.org/10.1101/2022.10.22.513328
G13F,0.83532,0.15374,-0.352045903694631,Neutral,Neutral,,,Uncertain,52.7,,,,"cBioPortal,COSMIC",,False,52.7,,,,neutral,neutral,neutral,UP,neutral,neutral,stabilizing,,,,94.74,T,-0.4598,0.2297,-22.1269,loss_of_function,-5.11783136592485,0.7282624685281,Pathogenic,0.996,pathogenic,https://doi.org/10.1101/2022.10.22.513328
G13H,1.58785,0.55714,-0.3513266112070129,Neutral,Neutral,,,Uncertain,52.7,,,,cBioPortal,,False,52.7,,,,neutral,neutral,neutral,UP,neutral,neutral,stabilizing,,,,94.74,T,-0.4345,0.2297,-22.1269,loss_of_function,-5.96174335441125,0.8603491140355946,Pathogenic,0.9995,pathogenic,https://doi.org/10.1101/2022.10.22.513328
G13I,3.32162,4.63061,0.9137874126015288,Destabilizing,Uncertain,,,Uncertain,52.7,,,,COSMIC,,False,52.7,,,,neutral,neutral,neutral,UP,neutral,neutral,stabilizing,,,,94.74,T,-0.5055,0.2297,-22.1269,loss_of_function,-7.0789495924285,0.9063749533750508,Pathogenic,0.9978,pathogenic,https://doi.org/10.1101/2022.10.22.513328
G13K,1.64557,0.74592,0.308336478108735,Neutral,Neutral,,,Uncertain,52.7,,,,COSMIC,,False,52.7,,,,neutral,neutral,neutral,UP,neutral,neutral,stabilizing,,,,94.74,T,-0.4545,0.2297,-22.1269,loss_of_function,-5.145204813724,0.8016541194992259,Pathogenic,0.9992,pathogenic,https://doi.org/10.1101/2022.10.22.513328
G13N,0.95815,0.48299,-0.0518334152598182,Neutral,Neutral,,,Uncertain,52.7,,,,COSMIC,,False,52.7,,,,neutral,neutral,neutral,UP,neutral,neutral,stabilizing,,,,94.74,T,-0.4225,0.2297,-22.1269,loss_of_function,-4.13143483126168,0.2906087649103566,Benign,0.9979,pathogenic,https://doi.org/10.1101/2022.10.22.513328
G13P,4.02615,18.69728,4.425545858694313,Destabilizing,Destabilizing,,,Uncertain,52.7,,,,"cBioPortal,COSMIC",,False,52.7,,,,neutral,neutral,neutral,UP,neutral,neutral,stabilizing,,,,94.74,T,-0.5196,0.2297,-22.1269,loss_of_function,-8.13085050141702,0.8993190955234545,Pathogenic,0.9996,pathogenic,https://doi.org/10.1101/2022.10.22.513328
G13R,1.57779,1.21633,0.0629086064544026,Neutral,Neutral,,,Uncertain,52.7,,,0.891,"cBioPortal,COSMIC,clinvar",,False,52.7,,,,neutral,neutral,neutral,UP,neutral,neutral,stabilizing,"1691382, 12593","Pathogenic, Pathogenic","1, 1",94.74,T,-0.4385,0.2297,-22.1269,loss_of_function,-4.6840573351246,0.4717390540843263,Uncertain,0.9972,pathogenic,https://doi.org/10.1101/2022.10.22.513328
G13S,2.00994,0.90442,0.686394924946955,Uncertain,Uncertain,,,Uncertain,52.7,,,0.746,"COSMIC,clinvar",,False,52.7,,,,neutral,neutral,neutral,UP,neutral,neutral,stabilizing,375968,Pathogenic,0,94.74,T,-0.2949,0.2297,-7.8391,loss_of_function,-1.23192406824078,0.0567403193791081,Benign,0.9754,pathogenic,https://doi.org/10.1101/2022.10.22.513328
G13V,3.75298,5.03673,0.9583247302394028,Destabilizing,Uncertain,,,Uncertain,52.7,,,0.906,"cBioPortal,COSMIC,clinvar",,False,52.7,,,,neutral,neutral,neutral,UP,neutral,neutral,stabilizing,45124,Pathogenic,1,94.74,T,-0.4487,0.2297,-22.1269,loss_of_function,-4.65608121788781,0.8376876009324135,Pathogenic,0.9948,pathogenic,https://doi.org/10.1101/2022.10.22.513328
G13Y,1.38576,0.1619,-0.1949093029814808,Neutral,Neutral,,,Uncertain,52.7,,,,COSMIC,,False,52.7,,,,neutral,neutral,neutral,UP,neutral,neutral,stabilizing,,,,94.74,T,-0.4602,0.2297,-22.1269,loss_of_function,-5.71837595347581,0.7519310524549897,Pathogenic,0.9973,pathogenic,https://doi.org/10.1101/2022.10.22.513328
V14A,1.323,0.47959,1.845549532815477,Neutral,Neutral,,,,0.2,,,0.906,COSMIC,,False,0.2,,,,neutral,neutral,neutral,DOWN,neutral,neutral,stabilizing,,,,97.27,S,-0.3348,0.1701,-22.1332,loss_of_function,-3.52605351459509,0.161536523486279,Benign,0.9533,pathogenic,https://doi.org/10.1101/2022.10.22.513328
V14G,2.86635,2.25408,3.363294082564636,Uncertain,Uncertain,,,,0.2,,,0.895,COSMIC,,False,0.2,,,,neutral,neutral,neutral,DOWN,neutral,neutral,stabilizing,,,,97.27,S,-0.4606,0.1701,-22.1332,loss_of_function,-6.10793686627755,0.8254336126217162,Pathogenic,0.8874,pathogenic,https://doi.org/10.1101/2022.10.22.513328
V14I,2.37812,1.13741,0.7450119066369104,Uncertain,Uncertain,,,,0.2,,0.0000000000000000,0.803,"cBioPortal,COSMIC,clinvar",,False,0.2,,,,neutral,neutral,neutral,UP,neutral,neutral,stabilizing,12589,Pathogenic,3,97.27,S,-0.2025,0.1701,-8.8454,loss_of_function,-3.27635909883217,0.4484873006153677,Uncertain,0.8548,pathogenic,https://doi.org/10.1101/2022.10.22.513328
V14L,4.15427,3.27313,1.3047241317539575,Destabilizing,Uncertain,,,,0.2,,,0.927,"cBioPortal,COSMIC",,False,0.2,,,,neutral,neutral,neutral,UP,neutral,neutral,stabilizing,,,,97.27,S,-0.2676,0.1701,-8.8454,loss_of_function,-4.26245200592962,0.926771003594801,Pathogenic,0.998,pathogenic,https://doi.org/10.1101/2022.10.22.513328
G15C,5.06157,1.31599,1.434727697286662,Uncertain,Uncertain,,,Uncertain,43.8,,,0.974,"COSMIC,clinvar",,False,43.8,,,,neutral,neutral,neutral,UP,neutral,neutral,stabilizing,1711020,Uncertain significance,0,97.16,S,-0.3689,0.0672,-8.8454,loss_of_function,-8.17017934975342,0.9002708440773577,Pathogenic,0.9996,pathogenic,https://doi.org/10.1101/2022.10.22.513328
G15D,4.80128,0.85306,0.7013058869176727,Uncertain,Uncertain,,,Uncertain,43.8,,,0.961,COSMIC,,False,43.8,,,,neutral,neutral,neutral,UP,neutral,neutral,stabilizing,,,,97.16,S,-0.4372,0.0672,-22.1332,loss_of_function,-5.83010748250156,0.5916425806881458,Uncertain,0.9998,pathogenic,https://doi.org/10.1101/2022.10.22.513328
G15S,5.16627,1.55442,1.402066133276011,Uncertain,Uncertain,,,Uncertain,43.8,,,0.963,"cBioPortal,COSMIC",,False,43.8,,,,neutral,neutral,neutral,UP,neutral,neutral,stabilizing,,,,97.16,S,-0.3828,0.0672,-22.1332,loss_of_function,-6.31532451199633,0.7445973893876798,Pathogenic,0.9993,pathogenic,https://doi.org/10.1101/2022.10.22.513328
G15V,8.2975,6.24116,1.605239938512509,Destabilizing,Uncertain,,,Uncertain,43.8,,,,clinvar,,False,43.8,,,,neutral,neutral,neutral,UP,neutral,neutral,stabilizing,452631,Likely pathogenic,1,97.16,S,-0.4637,0.0672,-22.1332,loss_of_function,-8.48138806787886,0.9297188259949952,Pathogenic,0.9996,pathogenic,https://doi.org/10.1101/2022.10.22.513328
K16R,1.51354,0.11054,0.4888543841596754,Neutral,Neutral,,,,5.5,,,0.894,COSMIC,,False,5.5,,,,neutral,neutral,neutral,-,uncertain,uncertain,uncertain,,,,97.61,H,-0.2462,0.1028,-22.1395,loss_of_function,-4.93704763059172,0.8216516217023745,Pathogenic,0.9759,pathogenic,https://doi.org/10.1101/2022.10.22.513328
S17G,1.49264,0.79048,0.7008861880238734,Neutral,Neutral,0.03052,-0.13792,Neutral,36.5,,,0.877,COSMIC,,False,36.5,,,,uncertain,,,DOWN,neutral,neutral,neutral,,,,96.61,H,-0.2666,0.2453,-22.1395,loss_of_function,-6.71000485152091,0.9241131727715696,Pathogenic,0.9901,pathogenic,https://doi.org/10.1101/2022.10.22.513328
S17I,-0.38994,-0.3085,-0.8196880950130148,Neutral,Neutral,-0.11714,0.03527,Neutral,36.5,,,,clinvar,,False,36.5,,,,uncertain,,,UP,neutral,neutral,neutral,1711022,Uncertain significance,0,96.61,H,-0.3386,0.2453,-22.1395,loss_of_function,-6.37407369706225,0.9075613008119208,Pathogenic,0.9991,pathogenic,https://doi.org/10.1101/2022.10.22.513328
S17N,0.04835,-0.17007,-0.0442286588877421,Neutral,Neutral,-0.01604,-0.11711,Neutral,36.5,,,0.785,COSMIC,,False,36.5,,,,uncertain,,,UP,neutral,neutral,neutral,,,,96.61,H,-0.2119,0.2453,-8.8516,loss_of_function,-6.00155038992629,0.8944324784805604,Pathogenic,0.9988,pathogenic,https://doi.org/10.1101/2022.10.22.513328
S17T,0.00418,-0.45782,-0.1647000277578203,Neutral,Neutral,0.0035,0.22239,Neutral,36.5,,,0.470,"cBioPortal,COSMIC",,False,36.5,,,,neutral,,,UP,neutral,neutral,neutral,,,,96.61,H,-0.1641,0.2453,-5.6818,loss_of_function,-0.382012858799001,0.1853286263478518,Benign,0.5823,pathogenic,https://doi.org/10.1101/2022.10.22.513328
A18D,1.57507,1.15238,1.1925889653618031,Neutral,Neutral,-0.17184,0.18334,Neutral,27.9,,,0.876,"cBioPortal,COSMIC",,True,27.9,,,,neutral,neutral,neutral,UP,neutral,neutral,neutral,,,,97.02,H,-0.3716,0.5462,-22.1395,loss_of_function,-4.8684349513345,0.9094963231112456,Pathogenic,0.9993,pathogenic,https://doi.org/10.1101/2022.10.22.513328
A18G,1.18447,1.41973,1.9307757609164,Neutral,Neutral,0.03012,0.05214,Neutral,27.9,,,0.759,"cBioPortal,COSMIC",,True,27.9,,,,neutral,neutral,neutral,DOWN,neutral,neutral,neutral,,,,97.02,H,-0.2833,0.5462,-22.1395,loss_of_function,-5.84051203342226,0.8792426921505189,Pathogenic,0.9652,pathogenic,https://doi.org/10.1101/2022.10.22.513328
A18S,0.5407,1.09796,1.0869611174639964,Neutral,Neutral,0.0046,0.2169,Neutral,27.9,,,0.480,cBioPortal,,True,27.9,,,,neutral,neutral,neutral,-,uncertain,uncertain,uncertain,,,,97.02,H,-0.2545,0.5462,-22.1395,loss_of_function,-2.7364146265123,0.2334718575201672,Benign,0.6932,pathogenic,https://doi.org/10.1101/2022.10.22.513328
A18T,0.71355,0.3085,0.6120615576107347,Neutral,Neutral,-0.05628,0.01635,Neutral,27.9,,,0.692,"cBioPortal,COSMIC",,True,27.9,,,,neutral,neutral,neutral,UP,neutral,neutral,neutral,,,,97.02,H,-0.1825,0.5462,-6.8517,loss_of_function,-1.15821717023009,0.5789323773728691,Uncertain,0.9855,pathogenic,https://doi.org/10.1101/2022.10.22.513328
A18V,1.17008,-0.37619,-0.2913308523814883,Neutral,Neutral,0.0203,0.20768,Neutral,27.9,,,0.840,"cBioPortal,COSMIC,clinvar",,True,27.9,,,,neutral,neutral,neutral,UP,neutral,neutral,neutral,1695421,Pathogenic,1,97.02,H,-0.1897,0.5462,-8.8516,loss_of_function,-5.05930723147734,0.8600870057859396,Pathogenic,0.9951,pathogenic,https://doi.org/10.1101/2022.10.22.513328
L19F,7.172,1.14252,2.676658841523597,Uncertain,Uncertain,0.00536,-0.02134,Neutral,0.2,,0.0000000000000000,0.797,"cBioPortal,COSMIC,clinvar",,True,0.2,,,,neutral,neutral,neutral,UP,neutral,neutral,neutral,"376034, 217822","Likely pathogenic, Pathogenic/Likely pathogenic","0, 0",98.06,H,-0.3421,0.1129,-22.1426,loss_of_function,-3.80587413741421,0.4388964063429238,Uncertain,0.9811,pathogenic,https://doi.org/10.1101/2022.10.22.513328
T20A,-0.62098,0.70374,1.9261877135788927,Neutral,Neutral,0.22702,0.26204,Neutral,0.0,,,,clinvar,,True,0.0,,,,uncertain,,,DOWN,neutral,neutral,neutral,1098601,Uncertain significance,1,97.18,H,-0.3182,0.0446,-22.1426,loss_of_function,-3.36984061056552,0.8575660179636415,Pathogenic,0.9423,pathogenic,https://doi.org/10.1101/2022.10.22.513328
T20M,1.61186,0.74694,1.840364089518561,Neutral,Neutral,0.0436,0.54551,Neutral,0.0,,,0.839,"cBioPortal,COSMIC",,True,0.0,,,,uncertain,,,UP,neutral,neutral,stabilizing,,,,97.18,H,-0.363,0.0446,-22.1426,loss_of_function,-1.28926645368682,0.8818241290791629,Pathogenic,0.9773,pathogenic,https://doi.org/10.1101/2022.10.22.513328
T20P,3.22928,6.67551,6.221643756039256,Destabilizing,Destabilizing,-0.04184,0.21461,Neutral,0.0,,,,"cBioPortal,COSMIC",,True,0.0,,,,uncertain,,,-,uncertain,uncertain,uncertain,,,,97.18,H,-0.4147,0.0446,-8.8547,loss_of_function,-6.49274917124417,0.9453340110297432,Pathogenic,0.992,pathogenic,https://doi.org/10.1101/2022.10.22.513328
T20R,5.34579,5.82381,4.760670029885688,Destabilizing,Destabilizing,0.33692,1.44047,Uncertain,0.0,,,0.902,"cBioPortal,COSMIC",,True,0.0,,,,uncertain,,,UP,neutral,neutral,stabilizing,,,,97.18,H,-0.3363,0.0446,-8.8547,loss_of_function,-4.97142134684015,0.9093753471182904,Pathogenic,0.9965,pathogenic,https://doi.org/10.1101/2022.10.22.513328
T20S,1.35122,1.77211,2.6610678077231844,Neutral,Uncertain,-0.01856,-0.27282,Neutral,0.0,,,0.786,COSMIC,,True,0.0,,,,neutral,,,DOWN,neutral,neutral,neutral,,,,97.18,H,-0.2819,0.0446,-22.1426,loss_of_function,-2.09575996723923,0.8121572777257151,Pathogenic,0.9402,pathogenic,https://doi.org/10.1101/2022.10.22.513328
I21K,0.11934,1.33095,1.43853882643273,Neutral,Neutral,1.17406,0.24402,Uncertain,24.1,,,0.899,"COSMIC,clinvar",,True,24.1,,,,neutral,neutral,neutral,-,uncertain,uncertain,uncertain,1711024,Uncertain significance,0,95.69,H,-0.4918,0.3415,-22.1395,loss_of_function,-4.02913994871318,0.9344217181503583,Pathogenic,0.9989,pathogenic,https://doi.org/10.1101/2022.10.22.513328
I21R,0.4812,0.74388,1.0058669542544405,Neutral,Neutral,1.05748,0.43301,Uncertain,24.1,,,0.883,"cBioPortal,COSMIC",,True,24.1,,,,neutral,neutral,neutral,UP,neutral,neutral,stabilizing,,,,95.69,H,-0.5186,0.3415,-22.1395,loss_of_function,-3.85092298351218,0.9405120957291466,Pathogenic,0.9965,pathogenic,https://doi.org/10.1101/2022.10.22.513328
Q22E,1.51315,2.05918,0.7309334366730763,Uncertain,Neutral,0.0556,-0.0319,Neutral,6.7,,,,clinvar,,True,6.7,,,,neutral,neutral,neutral,DOWN,neutral,neutral,destabilizing,40451,Pathogenic,1,97.24,H,-0.2267,0.1083,-8.8547,loss_of_function,-4.03584237650149,0.920798239762228,Pathogenic,0.8995,pathogenic,https://doi.org/10.1101/2022.10.22.513328
Q22H,5.32587,2.52347,0.3832922109676984,Uncertain,Uncertain,-0.00576,-0.01763,Neutral,6.7,,,0.806,"cBioPortal,COSMIC",,True,6.7,,,,neutral,neutral,neutral,UP,neutral,neutral,stabilizing,,,,97.24,H,-0.2905,0.1083,-22.1426,loss_of_function,-4.60651217854924,0.8462258622854864,Pathogenic,0.9933,pathogenic,https://doi.org/10.1101/2022.10.22.513328
Q22K,0.7008,4.29796,0.6641637821330504,Uncertain,Neutral,0.07178,-0.11087,Neutral,6.7,,,0.805,"cBioPortal,COSMIC,clinvar",,True,6.7,,,,neutral,neutral,neutral,UP,neutral,neutral,stabilizing,376325,Likely pathogenic,1,97.24,H,-0.3226,0.1083,-22.1426,loss_of_function,-2.01135980115193,0.8343149520408669,Pathogenic,0.9799,pathogenic,https://doi.org/10.1101/2022.10.22.513328
Q22L,-0.99402,0.18367,-1.04812236985935,Neutral,Neutral,0.00984,0.41605,Neutral,6.7,,,0.888,"cBioPortal,COSMIC,clinvar",,True,6.7,,,,neutral,neutral,neutral,UP,neutral,neutral,stabilizing,40453,Pathogenic,1,97.24,H,-0.3084,0.1083,-22.1426,loss_of_function,-3.7988741702114,0.8775043088866152,Pathogenic,0.9697,pathogenic,https://doi.org/10.1101/2022.10.22.513328
Q22P,4.96348,11.43776,5.899844676686305,Destabilizing,Destabilizing,-0.08554,-0.03191,Neutral,6.7,,,,clinvar,,True,6.7,,,,neutral,neutral,neutral,DOWN,neutral,neutral,destabilizing,1711025,Uncertain significance,0,97.24,H,-0.463,0.1083,-22.1426,loss_of_function,-6.5710936805294,0.9453781395079828,Pathogenic,0.9979,pathogenic,https://doi.org/10.1101/2022.10.22.513328
Q22R,-0.35452,1.28741,0.0017907775963005,Neutral,Neutral,0.24024,0.13693,Neutral,6.7,,,0.749,"cBioPortal,COSMIC,clinvar",,True,6.7,,,,neutral,neutral,neutral,UP,neutral,neutral,stabilizing,40452,Pathogenic,3,97.24,H,-0.2415,0.1083,-6.5329,loss_of_function,-1.49078788164416,0.1767480956166232,Benign,0.9015,pathogenic,https://doi.org/10.1101/2022.10.22.513328
L23I,2.30933,2.99422,0.9256811353910274,Uncertain,Uncertain,0.12584,0.28987,Neutral,1.2,,,0.564,COSMIC,,True,1.2,,,,neutral,neutral,neutral,-,uncertain,uncertain,uncertain,,,,97.18,H,-0.1541,0.6865,-7.2761,loss_of_function,-2.05382661732339,0.4792183768457173,Uncertain,0.8151,pathogenic,https://doi.org/10.1101/2022.10.22.513328
L23P,8.96352,11.55612,7.630715814528092,Destabilizing,Destabilizing,0.90322,0.26685,Neutral,1.2,,,0.897,cBioPortal,,True,1.2,,,,neutral,neutral,neutral,DOWN,neutral,neutral,stabilizing,,,,97.18,H,-0.3715,0.6865,-8.8609,loss_of_function,-6.34347720830129,0.9349851829843052,Pathogenic,0.9996,pathogenic,https://doi.org/10.1101/2022.10.22.513328
L23R,3.92537,5.16327,3.4472295227664165,Destabilizing,Destabilizing,0.58496,0.26643,Neutral,1.2,,,0.870,"cBioPortal,COSMIC,clinvar",,True,1.2,,,,neutral,neutral,neutral,UP,neutral,neutral,stabilizing,180860,Likely pathogenic,1,97.18,H,-0.3683,0.6865,-8.8609,loss_of_function,-5.7313536990213,0.8640912400856031,Pathogenic,0.9836,pathogenic,https://doi.org/10.1101/2022.10.22.513328
L23V,2.77844,0.87517,1.389889368510282,Uncertain,Uncertain,0.44104,0.02522,Neutral,1.2,,,0.679,cBioPortal,,True,1.2,,,,neutral,neutral,neutral,DOWN,neutral,neutral,stabilizing,,,,97.18,H,-0.2663,0.6865,-22.1488,loss_of_function,-3.45608197356204,0.6970757053669145,Pathogenic,0.839,pathogenic,https://doi.org/10.1101/2022.10.22.513328
I24L,0.49011,1.52313,1.0041664318293857,Neutral,Neutral,0.0001,0.26478,Neutral,15.2,,,0.529,cBioPortal,,True,15.2,,,,neutral,neutral,neutral,-,uncertain,uncertain,uncertain,,,,95.55,H,-0.1783,0.5947,-6.8611,loss_of_function,-0.349541122539198,0.0572206181335664,Benign,0.7623,pathogenic,https://doi.org/10.1101/2022.10.22.513328
I24N,2.18869,2.57687,3.1109030886403186,Uncertain,Uncertain,1.0512,0.03005,Uncertain,15.2,,,0.824,"cBioPortal,COSMIC",,True,15.2,,,,neutral,neutral,neutral,DOWN,neutral,neutral,stabilizing,,,,95.55,H,-0.4082,0.5947,-22.1488,loss_of_function,-4.40303032979496,0.739966135819151,Pathogenic,0.9901,pathogenic,https://doi.org/10.1101/2022.10.22.513328
Q25H,-0.20628,-0.59762,-0.2607127545259602,Neutral,Neutral,0.44712,-0.2692,Neutral,62.1,,,0.595,"cBioPortal,COSMIC",,False,62.1,,,,neutral,neutral,neutral,UP,neutral,neutral,stabilizing,,,,93.13,H,-0.19,0.4642,-8.8609,loss_of_function,-0.879157889145659,0.0974046623282506,Benign,0.957,pathogenic,https://doi.org/10.1101/2022.10.22.513328
Q25L,-1.47255,-0.35918,-0.6457228350780592,Neutral,Neutral,-0.66044,-0.41378,Neutral,62.1,,,,clinvar,,False,62.1,,,,neutral,neutral,neutral,UP,neutral,neutral,stabilizing,1711029,Uncertain significance,0,93.13,H,-0.1925,0.4642,-5.8611,loss_of_function,-2.86875136642828,0.554158992357318,Uncertain,0.8573,pathogenic,https://doi.org/10.1101/2022.10.22.513328
Q25R,-0.60366,0.23129,-0.1268942671338702,Neutral,Neutral,0.7097,0.13618,Neutral,62.1,,,,clinvar,,False,62.1,,,,neutral,neutral,neutral,UP,neutral,neutral,stabilizing,1050562,Uncertain significance,0,93.13,H,-0.2125,0.4642,-7.2761,loss_of_function,-1.51693093995958,0.1280340618695809,Benign,0.8662,pathogenic,https://doi.org/10.1101/2022.10.22.513328
N26H,0.35907,0.23878,0.2674092629107916,Neutral,Neutral,-0.07638,-0.2531,Neutral,56.0,,,,clinvar,,False,56.0,,,,neutral,neutral,neutral,UP,neutral,neutral,stabilizing,1333392,Uncertain significance,1,93.56,S,-0.1287,1.3127,-5.6973,loss_of_function,-2.90903406219247,0.2181038979293296,Benign,0.5681,pathogenic,https://doi.org/10.1101/2022.10.22.513328
N26I,2.88118,5.13469,1.0549806178997636,Uncertain,Uncertain,-1.5053,-0.39624,Uncertain,56.0,,,0.822,COSMIC,,False,56.0,,,,neutral,neutral,neutral,UP,neutral,neutral,stabilizing,,,,93.56,S,-0.2579,1.3127,-22.155,loss_of_function,-5.85761687615773,0.9027004592791696,Pathogenic,0.9778,pathogenic,https://doi.org/10.1101/2022.10.22.513328
N26K,-0.02763,0.8881,0.5269958665520436,Neutral,Neutral,-0.49662,-0.48603,Neutral,56.0,,,0.227,cBioPortal,,False,56.0,,,,neutral,neutral,neutral,UP,neutral,neutral,stabilizing,,,,93.56,S,-0.1431,1.3127,-8.8671,loss_of_function,-3.11596598211834,0.4662319261252224,Uncertain,0.9265,pathogenic,https://doi.org/10.1101/2022.10.22.513328
N26S,0.6426,1.0983,1.030570218334418,Neutral,Neutral,0.2203,0.32505,Neutral,56.0,,,0.180,"cBioPortal,COSMIC",,False,56.0,,,,neutral,neutral,neutral,DOWN,neutral,neutral,neutral,,,,93.56,S,-0.0773,1.3127,-2.4922,loss_of_function,-2.6823740278758,0.2819932502372393,Benign,0.3258,benign,https://doi.org/10.1101/2022.10.22.513328
N26T,1.28594,1.70714,1.2747246722638672,Neutral,Neutral,-0.04054,0.02645,Neutral,56.0,,,,clinvar,,False,56.0,,,,neutral,neutral,neutral,-,uncertain,uncertain,uncertain,1711031,Uncertain significance,0,93.56,S,-0.2272,1.3127,-22.155,loss_of_function,-4.82680410352632,0.9099056541593372,Pathogenic,0.8321,pathogenic,https://doi.org/10.1101/2022.10.22.513328
N26Y,0.67266,0.90102,0.4591976533239866,Neutral,Neutral,-0.52724,-0.68836,Neutral,56.0,,,0.846,"cBioPortal,COSMIC,clinvar",,False,56.0,,,,neutral,neutral,neutral,UP,neutral,neutral,stabilizing,195235,Uncertain significance,2,93.56,S,-0.1725,1.3127,-7.2823,loss_of_function,-1.53878818711441,0.8917556086888891,Pathogenic,0.7651,pathogenic,https://doi.org/10.1101/2022.10.22.513328
H27L,-0.27435,-0.34354,-0.614282681887055,Neutral,Neutral,-0.2276,0.0896,Neutral,67.7,,,0.489,"COSMIC,clinvar",,False,67.7,,,,neutral,neutral,neutral,UP,neutral,neutral,stabilizing,1711033,Uncertain significance,0,91.49,-,-0.1904,0.8477,-6.8734,loss_of_function,-0.352248925673568,0.806501225849866,Pathogenic,0.6179,pathogenic,https://doi.org/10.1101/2022.10.22.513328
H27R,-0.68164,-1.07619,-0.3437465038015475,Neutral,Neutral,0.06162,-0.08937,Neutral,67.7,,,,clinvar,,False,67.7,,,,neutral,neutral,neutral,UP,neutral,neutral,stabilizing,1711032,Uncertain significance,0,91.49,-,-0.1791,0.8477,-7.2884,loss_of_function,-1.93407833457099,0.2912485196265736,Benign,0.721,pathogenic,https://doi.org/10.1101/2022.10.22.513328
H27Y,-0.37497,-0.31769,-0.3265381197461181,Neutral,Neutral,-0.05234,0.11768,Neutral,67.7,,,0.574,"cBioPortal,COSMIC",,False,67.7,,,,neutral,neutral,neutral,UP,neutral,neutral,stabilizing,,,,91.49,-,-0.1108,0.8477,-6.5515,loss_of_function,-1.18776160546213,0.0946778730261713,Benign,0.5198,ambiguous,https://doi.org/10.1101/2022.10.22.513328
F28L,1.23674,2.2051,1.6274000372852422,Uncertain,Neutral,-0.00636,-0.16782,Neutral,26.4,,,0.897,"cBioPortal,COSMIC,clinvar",,False,26.4,,,,neutral,neutral,neutral,DOWN,neutral,neutral,stabilizing,1711035,Uncertain significance,0,90.66,-,-0.351,0.0438,-22.1704,loss_of_function,-5.7681598255447,0.8089277947223651,Pathogenic,0.9999,pathogenic,https://doi.org/10.1101/2022.10.22.513328
F28S,2.74333,2.5534,3.5891799034774974,Uncertain,Uncertain,0.0049,-0.2498,Neutral,26.4,,,0.918,COSMIC,,False,26.4,,,,neutral,neutral,neutral,DOWN,neutral,neutral,stabilizing,,,,90.66,-,-0.3561,0.0438,-8.8825,loss_of_function,-5.6137499367129,0.63103026610105,Uncertain,0.9993,pathogenic,https://doi.org/10.1101/2022.10.22.513328
V29M,-0.62241,1.05238,0.3087464266126821,Neutral,Neutral,-0.4137,-0.1039,Neutral,52.6,,,0.777,COSMIC,,False,52.6,,,,neutral,neutral,neutral,UP,neutral,neutral,stabilizing,,,,82.26,-,-0.2273,0.5424,-5.8857,loss_of_function,-1.6139757220486,0.4060140124744096,Uncertain,0.9643,pathogenic,https://doi.org/10.1101/2022.10.22.513328
D30E,-0.13733,1.02041,0.1497424810088182,Neutral,Neutral,-0.08044,-0.13062,Neutral,90.8,,,0.400,"COSMIC,clinvar",,False,90.8,,,,neutral,neutral,neutral,UP,neutral,neutral,stabilizing,1711037,Uncertain significance,0,81.97,-,-0.1003,1.0039,-2.4564,loss_of_function,-0.51016504293244,0.0003712782963232,Benign,0.4268,ambiguous,https://doi.org/10.1101/2022.10.22.513328
D30N,0.09409,1.48265,0.2477592699175473,Neutral,Neutral,0.0704,-0.1023,Neutral,90.8,,,0.556,cBioPortal,,False,90.8,,,,neutral,neutral,neutral,-,uncertain,uncertain,uncertain,,,,81.97,-,-0.2227,1.0039,-22.1704,loss_of_function,-2.11658860584906,0.1202202099985428,Benign,0.7478,pathogenic,https://doi.org/10.1101/2022.10.22.513328
E31K,0.37449,-0.92959,0.2651512602018091,Neutral,Neutral,0.29008,0.92131,Neutral,101.6,,,0.254,"cBioPortal,COSMIC",,False,101.6,,,,neutral,neutral,neutral,UP,neutral,neutral,stabilizing,,,,85.88,S,-0.1952,0.6184,-4.4903,loss_of_function,-0.931055783561909,0.8452200087663956,Pathogenic,0.95,pathogenic,https://doi.org/10.1101/2022.10.22.513328
E31Q,0.29093,-0.89456,0.4166182726679668,Neutral,Neutral,0.1612,0.92515,Neutral,101.6,,,0.312,COSMIC,,False,101.6,,,,neutral,neutral,neutral,UP,neutral,neutral,stabilizing,,,,85.88,S,-0.2359,0.6184,-22.1704,loss_of_function,-2.65371461720871,0.5940403373879923,Uncertain,0.8531,pathogenic,https://doi.org/10.1101/2022.10.22.513328
Y32S,1.00658,1.73571,0.3118802811869559,Neutral,Neutral,0.004,-0.04557,Neutral,59.0,,,,clinvar,P,False,59.0,-0.356,,,uncertain,neutral,uncertain,DOWN,neutral,neutral,stabilizing,1711040,Uncertain significance,0,79.81,-,-0.4386,0.1941,-22.1704,loss_of_function,-4.72845544529032,0.8524618873908008,Pathogenic,0.9947,pathogenic,https://doi.org/10.1101/2022.10.22.513328
D33E,0.03448,-0.52721,0.3624615096102812,Neutral,Neutral,-0.09448,-0.16925,Neutral,104.7,,,0.540,"cBioPortal,COSMIC",,True,104.7,,,,neutral,neutral,neutral,UP,neutral,neutral,stabilizing,,,,84.91,-,-0.278,0.1664,-22.1704,loss_of_function,-2.5194957406464,0.5322982786235608,Uncertain,0.9955,pathogenic,https://doi.org/10.1101/2022.10.22.513328
P34L,1.0871,-0.26565,-0.2375954095581406,Neutral,Neutral,-0.0051,0.23148,Neutral,47.6,,,0.867,"cBioPortal,COSMIC,clinvar",,True,47.6,,,,neutral,neutral,neutral,UP,neutral,neutral,neutral,40454,Pathogenic,3,86.47,-,-0.3681,0.0872,-22.1765,loss_of_function,-4.43132261625227,0.8475121179078589,Pathogenic,0.9976,pathogenic,https://doi.org/10.1101/2022.10.22.513328
P34Q,1.26503,0.13639,0.7150544010091076,Neutral,Neutral,0.00478,-0.06937,Neutral,47.6,,,0.899,"cBioPortal,COSMIC",,True,47.6,,,,neutral,neutral,neutral,UP,neutral,neutral,neutral,,,,86.47,-,-0.3478,0.0872,-22.1765,loss_of_function,-5.02613175242041,0.8808119548942999,Pathogenic,0.9993,pathogenic,https://doi.org/10.1101/2022.10.22.513328
P34R,0.6882,0.54354,0.3275555637128996,Neutral,Neutral,0.11644,0.0419,Neutral,47.6,,,0.905,"cBioPortal,COSMIC,clinvar",,True,47.6,,,,neutral,neutral,neutral,UP,neutral,neutral,neutral,12590,Pathogenic/Likely pathogenic,2,86.47,-,-0.3213,0.0872,-8.8886,loss_of_function,-1.37631606009498,0.8778181134311146,Pathogenic,0.9972,pathogenic,https://doi.org/10.1101/2022.10.22.513328
P34S,1.07366,0.98231,0.734598702837011,Neutral,Neutral,-0.014,-0.24658,Neutral,47.6,,,0.757,"cBioPortal,COSMIC",,True,47.6,,,,neutral,neutral,neutral,DOWN,neutral,neutral,mixed_effects,,,,86.47,-,-0.2512,0.0872,-8.8886,loss_of_function,-2.12687061644048,0.7654480560895941,Pathogenic,0.9979,pathogenic,https://doi.org/10.1101/2022.10.22.513328
P34T,1.62802,0.76156,0.33488547636431,Neutral,Neutral,0.0516,0.00382,Neutral,47.6,,,0.833,COSMIC,,True,47.6,,,,neutral,neutral,neutral,-,uncertain,uncertain,uncertain,,,,86.47,-,-0.3312,0.0872,-22.1765,loss_of_function,-3.32015562471011,0.8812771388711661,Pathogenic,0.9972,pathogenic,https://doi.org/10.1101/2022.10.22.513328
T35A,0.4815,0.26259,0.7994999125468955,Neutral,Neutral,0.12694,-0.11516,Neutral,17.9,,,0.928,COSMIC,,True,17.9,,,,uncertain,,,DOWN,neutral,neutral,stabilizing,,,,84.27,-,-0.3074,0.1639,-22.1795,loss_of_function,-4.03621425811627,0.8785986756895445,Pathogenic,0.9821,pathogenic,https://doi.org/10.1101/2022.10.22.513328
T35I,0.4367,-0.70714,-0.6698359143660559,Neutral,Neutral,-0.04688,0.02834,Neutral,17.9,,,0.942,COSMIC,,True,17.9,,,,uncertain,,,UP,neutral,neutral,stabilizing,,,,84.27,-,-0.2655,0.1639,-8.8916,loss_of_function,-3.73826913056585,0.9000691101015965,Pathogenic,0.9987,pathogenic,https://doi.org/10.1101/2022.10.22.513328
I36K,0.02197,1.19048,0.5771533600369416,Neutral,Neutral,0.64714,0.62801,Neutral,73.8,,,,clinvar,,True,73.8,,,,neutral,neutral,neutral,-,uncertain,uncertain,uncertain,1710976,Uncertain significance,0,83.3,S,-0.491,0.3537,-22.2006,loss_of_function,-4.37855287240077,0.6259023482042329,Uncertain,0.9989,pathogenic,https://doi.org/10.1101/2022.10.22.513328
I36L,0.2556,1.11122,0.2171392334015642,Neutral,Neutral,0.17846,-0.08226,Neutral,73.8,,,0.631,"cBioPortal,COSMIC",,True,73.8,,,,neutral,neutral,neutral,-,uncertain,uncertain,uncertain,,,,83.3,S,-0.1915,0.3537,-5.1055,loss_of_function,-2.30279796079157,0.2357030842220076,Benign,0.9488,pathogenic,https://doi.org/10.1101/2022.10.22.513328
I36M,0.12316,2.20034,0.5407499406016641,Uncertain,Neutral,0.48468,0.43859,Neutral,73.8,,,0.864,"cBioPortal,COSMIC,clinvar",,True,73.8,,,,neutral,neutral,neutral,-,uncertain,uncertain,uncertain,163768,Pathogenic/Likely pathogenic,2,83.3,S,-0.2166,0.3537,-8.9128,loss_of_function,-3.41924951656744,0.7135676196662977,Pathogenic,0.9755,pathogenic,https://doi.org/10.1101/2022.10.22.513328
I36V,0.29537,-0.09048,0.4966131726005224,Neutral,Neutral,0.96306,0.55292,Neutral,73.8,,,,clinvar,,True,73.8,,,,neutral,neutral,neutral,DOWN,neutral,neutral,neutral,2505054,Uncertain significance,1,83.3,S,-0.1592,0.3537,-6.5909,loss_of_function,-1.58111846968519,0.1050573046913223,Benign,0.7678,pathogenic,https://doi.org/10.1101/2022.10.22.513328
E37K,-0.77823,-0.10442,1.118925786863781,Neutral,Neutral,0.9759,2.21836,Uncertain,46.0,,,0.809,COSMIC,,True,46.0,,,,neutral,neutral,neutral,UP,neutral,neutral,stabilizing,,,,87.32,E,-0.2377,0.3146,-7.3487,loss_of_function,-3.73993226910624,0.6790069141856587,Uncertain,0.9973,pathogenic,https://doi.org/10.1101/2022.10.22.513328
D38N,-0.3845,-0.19864,0.062382102793404,Neutral,Neutral,0.82568,1.05341,Uncertain,64.8,,,0.626,COSMIC,,True,64.8,,,,neutral,neutral,neutral,-,uncertain,uncertain,uncertain,,,,93.08,E,-0.2179,0.1669,-6.1351,loss_of_function,-2.24185472982945,0.2806023176267474,Benign,0.9968,pathogenic,https://doi.org/10.1101/2022.10.22.513328
D38Y,-0.80786,-0.50952,-0.154157527209427,Neutral,Neutral,1.7746,2.70403,Destabilizing,64.8,,,0.948,"cBioPortal,COSMIC",,True,64.8,,,,neutral,neutral,neutral,UP,neutral,neutral,stabilizing,,,,93.08,E,-0.3783,0.1669,-22.2302,loss_of_function,-4.63464978821861,0.9154484351612396,Pathogenic,0.9964,pathogenic,https://doi.org/10.1101/2022.10.22.513328
S39Y,0.00159,-3.01224,-0.8127993017369134,Uncertain,Neutral,0.61436,0.31127,Neutral,57.1,,,0.850,COSMIC,P,True,57.1,0.945,,,uncertain,neutral,potentially_damaging,UP,neutral,neutral,stabilizing,,,,94.09,E,-0.3598,0.0382,-22.2302,loss_of_function,-5.02283260795464,0.9198966281457506,Pathogenic,0.9731,pathogenic,https://doi.org/10.1101/2022.10.22.513328
R41G,1.74542,1.56054,2.597784088165295,Neutral,Uncertain,1.85242,1.00917,Destabilizing,60.5,,,,clinvar,,True,60.5,,,,neutral,neutral,neutral,DOWN,neutral,neutral,mixed_effects,2444789,Uncertain significance,1,96.98,E,-0.3588,0.2019,-8.9424,loss_of_function,-3.77492091315619,0.791967695177549,Pathogenic,0.9957,pathogenic,https://doi.org/10.1101/2022.10.22.513328
R41K,0.02839,0.1381,1.0483452025300544,Neutral,Neutral,1.3655,0.98845,Uncertain,60.5,,,0.622,"cBioPortal,COSMIC",,True,60.5,,,,neutral,neutral,neutral,-,uncertain,uncertain,uncertain,,,,96.98,E,-0.2137,0.2019,-8.9424,loss_of_function,-0.594259778902281,0.1186292594323192,Benign,0.9016,pathogenic,https://doi.org/10.1101/2022.10.22.513328
V44E,1.69889,3.77891,3.7931227742261,Uncertain,Uncertain,1.56222,0.18733,Uncertain,10.0,,,0.886,COSMIC,,False,10.0,,,,neutral,neutral,neutral,-,uncertain,uncertain,uncertain,,,,97.59,E,-0.3873,0.9522,-22.239,loss_of_function,-3.82976374650595,0.7926442084318276,Pathogenic,0.9681,pathogenic,https://doi.org/10.1101/2022.10.22.513328
V44I,2.0078,2.03435,0.8385033129894037,Uncertain,Uncertain,0.089,0.00978,Neutral,10.0,,,0.263,"cBioPortal,COSMIC",,False,10.0,,,,neutral,neutral,neutral,UP,neutral,neutral,stabilizing,,,,97.59,E,-0.1192,0.9522,-6.6293,loss_of_function,-1.70816625525752,0.1479530393015159,Benign,0.3388,benign,https://doi.org/10.1101/2022.10.22.513328
V44L,0.65695,1.92109,1.710402188172078,Neutral,Neutral,0.43846,0.24779,Neutral,10.0,,,0.494,cBioPortal,,False,10.0,,,,neutral,neutral,neutral,UP,neutral,neutral,stabilizing,,,,97.59,E,-0.264,0.9522,-22.239,loss_of_function,-2.44911781861425,0.2960966035045851,Benign,0.8818,pathogenic,https://doi.org/10.1101/2022.10.22.513328
I46M,4.65787,2.83435,2.2814982326767503,Uncertain,Uncertain,0.01886,-0.203,Neutral,0.9,,,0.632,cBioPortal,,False,0.9,,,,neutral,neutral,neutral,-,uncertain,uncertain,uncertain,,,,97.85,E,-0.2746,0.4622,-22.2419,loss_of_function,-2.89580543385313,0.7893578366910439,Pathogenic,0.707,pathogenic,https://doi.org/10.1101/2022.10.22.513328
D47G,0.56119,3.02211,1.7127916365013585,Uncertain,Neutral,-0.7641,-0.38033,Neutral,59.1,,,,clinvar,,False,59.1,,,,neutral,neutral,neutral,DOWN,neutral,neutral,stabilizing,633282,Uncertain significance,1,97.44,T,-0.2692,0.1933,-7.9541,loss_of_function,-1.96634800509816,0.7077594455760412,Pathogenic,0.9425,pathogenic,https://doi.org/10.1101/2022.10.22.513328
D47Y,0.6718,3.22959,0.8196046602565599,Uncertain,Neutral,-0.82034,0.27163,Neutral,59.1,,,0.814,cBioPortal,,False,59.1,,,,neutral,neutral,neutral,UP,neutral,neutral,neutral,,,,97.44,T,-0.3759,0.1933,-22.2419,loss_of_function,-6.17469167343397,0.935470178755712,Pathogenic,0.9892,pathogenic,https://doi.org/10.1101/2022.10.22.513328
G48A,2.50156,1.47721,1.2500894430568683,Uncertain,Uncertain,0.45226,-0.17596,Neutral,99.3,,,0.656,COSMIC,,True,99.3,,,,neutral,neutral,neutral,UP,neutral,neutral,neutral,,,,96.98,T,-0.1838,1.3801,-7.9541,loss_of_function,-1.46026210230263,0.6468473379009922,Uncertain,0.569,pathogenic,https://doi.org/10.1101/2022.10.22.513328
E49K,0.17177,1.2915,0.2584858705853748,Neutral,Neutral,-0.56088,0.0246,Neutral,49.0,,,0.450,COSMIC,,True,49.0,,,,neutral,neutral,neutral,UP,neutral,neutral,neutral,,,,96.84,E,-0.2189,0.6084,-8.9541,loss_of_function,-1.95532829362633,0.1317615908456917,Benign,0.6656,pathogenic,https://doi.org/10.1101/2022.10.22.513328
T50A,0.31544,0.56667,0.33364343211848,Neutral,Neutral,0.4042,0.46092,Neutral,46.9,,,0.411,"COSMIC,clinvar",,True,46.9,,,,uncertain,,,DOWN,neutral,neutral,neutral,583307,Uncertain significance,1,97.86,E,-0.1233,1.4312,-8.957,loss_of_function,-1.52726950940848,0.0550738569803874,Benign,0.3672,ambiguous,https://doi.org/10.1101/2022.10.22.513328
T50I,-0.50131,-0.46463,-0.9572006526241422,Neutral,Neutral,-1.0749,-0.43245,Uncertain,46.9,3.1849162367e-05,,0.563,"cBioPortal,COSMIC,clinvar",,True,46.9,,,,uncertain,,,UP,neutral,neutral,neutral,984504,Uncertain significance,1,97.86,E,-0.1284,1.4312,-4.8696,loss_of_function,-0.555725942185542,0.0691563154441176,Benign,0.4446,ambiguous,https://doi.org/10.1101/2022.10.22.513328
T50P,-0.93677,-0.03333,0.975678017790944,Neutral,Neutral,-0.51244,0.22911,Neutral,46.9,,,0.619,COSMIC,,True,46.9,,,,uncertain,,,-,uncertain,uncertain,uncertain,,,,97.86,E,-0.2758,1.4312,-6.6352,loss_of_function,-1.92907430094882,0.009884887804841,Benign,0.3756,ambiguous,https://doi.org/10.1101/2022.10.22.513328
T50S,0.70873,0.82143,0.4964410194167656,Neutral,Neutral,0.46988,0.15246,Neutral,46.9,,,,clinvar,,True,46.9,,,,neutral,,,DOWN,neutral,neutral,neutral,180858,Uncertain significance,1,97.86,E,-0.0717,1.4312,-5.9571,loss_of_function,-1.77286019324476,0.0350056805081432,Benign,0.4998,ambiguous,https://doi.org/10.1101/2022.10.22.513328
C51R,12.42383,5.86156,2.115335677056891,Destabilizing,Uncertain,-0.02358,-0.2049,Neutral,0.0,,,0.816,COSMIC,,True,0.0,,,,neutral,neutral,neutral,UP,neutral,neutral,stabilizing,,,,98.12,E,-0.3859,0.9342,-7.957,loss_of_function,-4.41408084126276,0.9164665421201236,Pathogenic,0.9937,pathogenic,https://doi.org/10.1101/2022.10.22.513328
C51W,20.10328,11.49422,1.636632481461699,Destabilizing,Uncertain,0.28136,-0.07831,Neutral,0.0,,,,clinvar,,True,0.0,,,,neutral,neutral,neutral,UP,neutral,neutral,stabilizing,1774834,Uncertain significance,1,98.12,E,-0.4037,0.9342,-22.2448,loss_of_function,-3.54578770801376,0.8992260341620941,Pathogenic,0.9921,pathogenic,https://doi.org/10.1101/2022.10.22.513328
L52F,1.7615,1.21769,0.5192774232188191,Neutral,Neutral,1.28032,0.50536,Uncertain,22.4,,,0.486,"cBioPortal,COSMIC,clinvar",,True,22.4,,,,neutral,neutral,neutral,UP,neutral,neutral,stabilizing,543983,Uncertain significance,1,98.31,E,-0.205,0.7837,-7.3721,loss_of_function,-2.15415031310517,0.677902139157459,Uncertain,0.87,pathogenic,https://doi.org/10.1101/2022.10.22.513328
L52R,1.88959,2.41463,0.9858567663920792,Uncertain,Neutral,1.01488,-0.02672,Uncertain,22.4,,,0.779,cBioPortal,,True,22.4,,,,neutral,neutral,neutral,UP,neutral,neutral,stabilizing,,,,98.31,E,-0.4276,0.7837,-22.2448,loss_of_function,-2.10692800948064,0.5977095903065328,Uncertain,0.9639,pathogenic,https://doi.org/10.1101/2022.10.22.513328
D54N,-0.08325,0.61837,0.3048216700889578,Neutral,Neutral,0.49428,-0.2819,Neutral,17.1,,,0.576,COSMIC,,True,17.1,,,,neutral,neutral,neutral,-,uncertain,uncertain,uncertain,,,,98.11,E,-0.2127,0.3792,-8.957,loss_of_function,-2.96493062799772,0.5337996068993994,Uncertain,0.9888,pathogenic,https://doi.org/10.1101/2022.10.22.513328
I55S,6.12581,4.4466,5.285482487368915,Destabilizing,Destabilizing,0.07774,-0.17227,Neutral,0.0,,,,clinvar,,True,0.0,,,,neutral,neutral,neutral,DOWN,neutral,neutral,destabilizing,981549,Uncertain significance,0,98.26,E,-0.399,0.7376,-22.2448,loss_of_function,-5.46132270435046,0.9268493819525158,Pathogenic,0.9983,pathogenic,https://doi.org/10.1101/2022.10.22.513328
D57N,0.23659,0.23027,0.8685988034575606,Neutral,Neutral,0.27594,0.05492,Neutral,0.7,,,0.838,"cBioPortal,COSMIC",,True,0.7,,,,neutral,neutral,neutral,-,uncertain,uncertain,uncertain,,,,95.31,E,-0.3046,0.1175,-22.2448,loss_of_function,-3.49558490942837,0.8139876108802774,Pathogenic,0.9996,pathogenic,https://doi.org/10.1101/2022.10.22.513328
D57Y,8.80924,3.9034,1.7170535345184257,Destabilizing,Uncertain,0.18202,0.73007,Neutral,0.7,,,0.863,COSMIC,,True,0.7,,,,neutral,neutral,neutral,UP,neutral,neutral,stabilizing,,,,95.31,E,-0.31,0.1175,-7.957,loss_of_function,-5.657836209662,0.8443797840439135,Pathogenic,0.9993,pathogenic,https://doi.org/10.1101/2022.10.22.513328
T58I,1.35915,0.96905,-0.1763886544390497,Neutral,Neutral,-0.00298,-0.02193,Neutral,1.3,,,0.921,"cBioPortal,COSMIC,clinvar",,True,1.3,,,,uncertain,,,UP,neutral,neutral,stabilizing,12588,Pathogenic,3,94.05,E,-0.2751,0.0628,-8.957,loss_of_function,-4.1262356877236,0.677878358751348,Uncertain,0.9994,pathogenic,https://doi.org/10.1101/2022.10.22.513328
T58K,5.48363,6.11531,2.633277431029536,Destabilizing,Uncertain,0.39566,0.25775,Neutral,1.3,,,0.843,cBioPortal,,True,1.3,,,,uncertain,,,UP,neutral,neutral,stabilizing,,,,94.05,E,-0.4001,0.0628,-22.2448,loss_of_function,-3.40220591540814,0.9127188780839915,Pathogenic,0.9984,pathogenic,https://doi.org/10.1101/2022.10.22.513328
T58R,5.68371,5.49048,1.5746514385370685,Destabilizing,Uncertain,0.93296,0.13257,Neutral,1.3,,,0.873,COSMIC,,True,1.3,,,,uncertain,,,UP,neutral,neutral,stabilizing,,,,94.05,E,-0.403,0.0628,-22.2448,loss_of_function,-8.12625964835929,0.938435692847523,Pathogenic,0.9981,pathogenic,https://doi.org/10.1101/2022.10.22.513328
A59E,2.98257,6.11939,2.61143572322038,Uncertain,Uncertain,-0.28824,0.05883,Neutral,4.1,,,0.886,"cBioPortal,COSMIC",,False,4.1,,,,neutral,neutral,neutral,UP,neutral,neutral,stabilizing,,,,90.74,-,-0.3874,0.2241,-22.2448,loss_of_function,-5.21148481256443,0.8534651904167729,Pathogenic,0.999,pathogenic,https://doi.org/10.1101/2022.10.22.513328
A59G,1.59366,2.47007,1.5889590117871684,Uncertain,Neutral,0.0255,0.01032,Neutral,4.1,,,0.704,"cBioPortal,COSMIC",,False,4.1,,,,neutral,neutral,neutral,DOWN,neutral,neutral,neutral,,,,90.74,-,-0.2406,0.2241,-7.957,loss_of_function,-1.62522269083407,0.4921784840594705,Uncertain,0.9813,pathogenic,https://doi.org/10.1101/2022.10.22.513328
A59L,4.47268,1.84524,1.2225897784170887,Uncertain,Uncertain,-0.07462,0.05689,Neutral,4.1,,,,clinvar,,False,4.1,,,,neutral,neutral,neutral,UP,neutral,neutral,stabilizing,2431456,Likely pathogenic,1,90.74,-,-0.3644,0.2241,-22.2448,loss_of_function,-6.01921314238994,0.930063370334658,Pathogenic,0.9945,pathogenic,https://doi.org/10.1101/2022.10.22.513328
A59S,0.78171,0.9432,1.2336612936484717,Neutral,Neutral,-0.02142,0.16326,Neutral,4.1,,,0.783,"COSMIC,clinvar",,False,4.1,,,,neutral,neutral,neutral,-,uncertain,uncertain,uncertain,222075,Pathogenic/Likely pathogenic,2,90.74,-,-0.2067,0.2241,-6.9571,loss_of_function,-1.50642114240818,0.4974388398198532,Uncertain,0.93,pathogenic,https://doi.org/10.1101/2022.10.22.513328
A59T,2.34652,0.51531,1.3162462642991748,Uncertain,Uncertain,0.02188,0.29359,Neutral,4.1,,,0.869,"cBioPortal,COSMIC,clinvar",,False,4.1,,,,neutral,neutral,neutral,UP,neutral,neutral,stabilizing,12581,Pathogenic/Likely pathogenic,0,90.74,-,-0.211,0.2241,-6.6352,loss_of_function,-0.282382783696857,0.1661906077776127,Benign,0.9964,pathogenic,https://doi.org/10.1101/2022.10.22.513328
A59V,2.7994,-0.12687,0.9574609447901544,Uncertain,Uncertain,0.02406,0.08333,Neutral,4.1,,,0.841,"COSMIC,clinvar",,False,4.1,,,,neutral,neutral,neutral,UP,neutral,neutral,stabilizing,132969,not provided,0,90.74,-,-0.2148,0.2241,-7.957,loss_of_function,-5.2022262320691,0.7687085556827958,Pathogenic,0.9986,pathogenic,https://doi.org/10.1101/2022.10.22.513328
G60A,3.61003,-0.11361,0.8870367864947473,Uncertain,Uncertain,,,,0.0,,,0.921,COSMIC,,False,0.0,,,,neutral,neutral,neutral,UP,neutral,neutral,neutral,,,,82.99,-,-0.312,0.042,-8.9541,loss_of_function,-5.13263082847909,0.7943319231157621,Pathogenic,0.9976,pathogenic,https://doi.org/10.1101/2022.10.22.513328
G60D,8.04715,-0.60204,2.56397729988989,Uncertain,Uncertain,,,,0.0,,,0.934,"cBioPortal,COSMIC,clinvar",,False,0.0,,,,neutral,neutral,neutral,UP,neutral,neutral,neutral,1704608,Uncertain significance,1,82.99,-,-0.4401,0.042,-22.2419,loss_of_function,-5.3190405447388,0.8596925176062378,Pathogenic,0.9997,pathogenic,https://doi.org/10.1101/2022.10.22.513328
G60R,12.82076,1.32483,4.965238782044561,Uncertain,Destabilizing,,,,0.0,,,0.938,"cBioPortal,COSMIC,clinvar",,False,0.0,,,,neutral,neutral,neutral,UP,neutral,neutral,neutral,12586,Pathogenic,3,82.99,-,-0.3886,0.042,-8.9541,loss_of_function,-5.01432225126925,0.8927157570101061,Pathogenic,0.9998,pathogenic,https://doi.org/10.1101/2022.10.22.513328
G60S,6.45192,-0.61395,1.4565110016202416,Uncertain,Uncertain,,,,0.0,,,0.943,"cBioPortal,COSMIC,clinvar",,False,0.0,,,,neutral,neutral,neutral,UP,neutral,neutral,neutral,12597,Pathogenic,2,82.99,-,-0.3857,0.042,-22.2419,loss_of_function,-5.68629011127746,0.7775535776256459,Pathogenic,0.9985,pathogenic,https://doi.org/10.1101/2022.10.22.513328
G60V,12.00262,-0.5,3.520710719123919,Uncertain,Destabilizing,,,,0.0,,0.0000039788642730,0.879,"cBioPortal,COSMIC,clinvar",,False,0.0,,,,neutral,neutral,neutral,UP,neutral,neutral,neutral,163766,Pathogenic/Likely pathogenic,2,82.99,-,-0.4666,0.042,-22.2419,loss_of_function,-7.01235045219571,0.9182694044245804,Pathogenic,0.9994,pathogenic,https://doi.org/10.1101/2022.10.22.513328
Q61A,-0.45313,0.18741,0.6843094202757068,Neutral,Neutral,,,Uncertain,44.7,,,,"cBioPortal,COSMIC",,False,44.7,,,,neutral,neutral,neutral,DOWN,neutral,neutral,stabilizing,,,,83.13,S,-0.2695,0.3306,-22.2419,loss_of_function,-4.815831223155,0.8504561261883874,Pathogenic,0.8824,pathogenic,https://doi.org/10.1101/2022.10.22.513328
Q61D,-0.1663,0.47449,0.9871722292228186,Neutral,Neutral,,,Uncertain,44.7,,,,cBioPortal,,False,44.7,,,,neutral,neutral,neutral,DOWN,neutral,neutral,stabilizing,,,,83.13,S,-0.356,0.3306,-22.2419,loss_of_function,-3.54019078265913,0.8182513592494991,Pathogenic,0.9932,pathogenic,https://doi.org/10.1101/2022.10.22.513328
Q61E,-0.14724,0.10816,0.7774405208890758,Neutral,Neutral,,,Uncertain,44.7,,,0.714,"cBioPortal,COSMIC,clinvar",,False,44.7,,,,neutral,neutral,neutral,DOWN,neutral,neutral,stabilizing,376324,Likely pathogenic,0,83.13,S,-0.2746,0.3306,-22.2419,loss_of_function,-3.07764875924501,0.4729217653277713,Uncertain,0.807,pathogenic,https://doi.org/10.1101/2022.10.22.513328
Q61H,0.06588,-0.41837,0.1478337184172584,Neutral,Neutral,,,Uncertain,44.7,,0.0000039791809254,"0.644, 0.647","cBioPortal,COSMIC,clinvar",,False,44.7,,,,neutral,neutral,neutral,UP,neutral,neutral,stabilizing,"177881, 45117","Conflicting interpretations of pathogenicity, Pathogenic/Likely pathogenic","1, 0",83.13,S,-0.2027,0.3306,-8.9541,loss_of_function,-1.9176913240353,0.8250367523348278,Pathogenic,0.9977,pathogenic,https://doi.org/10.1101/2022.10.22.513328
Q61K,-0.3736,-0.32755,0.7829336665036343,Neutral,Neutral,,,Uncertain,44.7,,,0.630,"cBioPortal,COSMIC,clinvar",,False,44.7,,,,neutral,neutral,neutral,UP,neutral,neutral,stabilizing,177777,Pathogenic,1,83.13,S,-0.3026,0.3306,-22.2419,loss_of_function,-2.06465991325995,0.7278054636649745,Pathogenic,0.9779,pathogenic,https://doi.org/10.1101/2022.10.22.513328
Q61L,-1.17082,-0.64048,-0.4190718749720246,Neutral,Neutral,,,Uncertain,44.7,,,0.885,"cBioPortal,COSMIC,clinvar",,False,44.7,,,,neutral,neutral,neutral,UP,neutral,neutral,stabilizing,45116,Pathogenic,1,83.13,S,-0.2155,0.3306,-7.9541,loss_of_function,-1.63128163086409,0.8142359043336835,Pathogenic,0.9647,pathogenic,https://doi.org/10.1101/2022.10.22.513328
Q61P,-1.01032,3.26531,3.711202920084689,Uncertain,Uncertain,,,Uncertain,44.7,,,0.896,"cBioPortal,COSMIC,clinvar",,False,44.7,,,,neutral,neutral,neutral,DOWN,neutral,neutral,stabilizing,375966,Pathogenic/Likely pathogenic,0,83.13,S,-0.4431,0.3306,-22.2419,loss_of_function,-5.2704662620564,0.8363282489241931,Pathogenic,0.9973,pathogenic,https://doi.org/10.1101/2022.10.22.513328
Q61R,-0.42808,-0.31667,0.2420801597284894,Neutral,Neutral,,,Uncertain,44.7,,,0.799,"cBioPortal,COSMIC,clinvar",,False,44.7,,,,neutral,neutral,neutral,UP,neutral,neutral,stabilizing,45115,Conflicting interpretations of pathogenicity,1,83.13,S,-0.2283,0.3306,-7.9541,loss_of_function,-3.79886177270959,0.6831610551852557,Pathogenic,0.9866,pathogenic,https://doi.org/10.1101/2022.10.22.513328
E62D,0.20842,0.10204,-0.0402387597550435,Neutral,Neutral,,,Uncertain,97.7,,,0.559,COSMIC,,True,97.7,,,,neutral,neutral,neutral,DOWN,neutral,neutral,stabilizing,,,,80.94,G,-0.1973,0.1025,-6.6293,loss_of_function,-2.2343141472213,0.2837980914997509,Benign,0.9527,pathogenic,https://doi.org/10.1101/2022.10.22.513328
E62G,0.4547,1.06088,0.8074168005877871,Neutral,Neutral,,,Uncertain,97.7,,,0.837,"cBioPortal,COSMIC",,True,97.7,,,,neutral,neutral,neutral,DOWN,neutral,neutral,stabilizing,,,,80.94,G,-0.337,0.1025,-22.239,loss_of_function,-5.27727993349961,0.8233081105917613,Pathogenic,0.9768,pathogenic,https://doi.org/10.1101/2022.10.22.513328
E62K,-0.25536,0.62993,0.2784954871966461,Neutral,Neutral,,,Uncertain,97.7,,,0.734,"cBioPortal,COSMIC",,True,97.7,,,,neutral,neutral,neutral,UP,neutral,neutral,stabilizing,,,,80.94,G,-0.2654,0.1025,-8.9511,loss_of_function,-5.26718575638752,0.9083450085565676,Pathogenic,0.9936,pathogenic,https://doi.org/10.1101/2022.10.22.513328
E62Q,-0.07041,0.69966,0.3636021321873306,Neutral,Neutral,,,Uncertain,97.7,,,0.750,COSMIC,,True,97.7,,,,neutral,neutral,neutral,UP,neutral,neutral,stabilizing,,,,80.94,G,-0.2837,0.1025,-22.239,loss_of_function,-3.49464798098289,0.5626221609046813,Uncertain,0.9792,pathogenic,https://doi.org/10.1101/2022.10.22.513328
E63D,0.51228,0.02959,0.2428242754106596,Neutral,Neutral,,,Uncertain,87.7,,,0.459,"cBioPortal,clinvar",,True,87.7,,,,neutral,neutral,neutral,DOWN,neutral,neutral,stabilizing,"636802, 636788","Likely pathogenic, Conflicting interpretations of pathogenicity","1, 1",84.1,G,-0.171,0.361,-6.1497,loss_of_function,-0.617412757301071,0.1390460584827695,Benign,0.972,pathogenic,https://doi.org/10.1101/2022.10.22.513328
E63K,-0.19945,-0.1483,0.2592900593621627,Neutral,Neutral,,,Uncertain,87.7,,,0.799,"cBioPortal,COSMIC,clinvar",,True,87.7,,,,neutral,neutral,neutral,UP,neutral,neutral,neutral,2498256,Uncertain significance,0,84.1,G,-0.3095,0.361,-22.2448,loss_of_function,-3.89026202044672,0.8284354729925721,Pathogenic,0.9966,pathogenic,https://doi.org/10.1101/2022.10.22.513328
Y64D,2.48794,2.28333,2.8622611533927014,Uncertain,Uncertain,,,Uncertain,44.6,,,0.886,"cBioPortal,COSMIC",P,True,44.6,-0.383,,,damaging,uncertain,potentially_damaging,DOWN,neutral,neutral,stabilizing,,,,82.63,G,-0.431,0.3832,-22.2448,loss_of_function,-5.72300977669713,0.8820334615226595,Pathogenic,0.9979,pathogenic,https://doi.org/10.1101/2022.10.22.513328
Y64H,1.5338,0.88129,1.7682248447061977,Neutral,Neutral,,,Uncertain,44.6,,,0.876,"cBioPortal,COSMIC",P,True,44.6,-0.383,,,damaging,neutral,potentially_damaging,DOWN,neutral,neutral,stabilizing,,,,82.63,G,-0.3245,0.3832,-22.2448,loss_of_function,-3.50612576172014,0.765005643825688,Pathogenic,0.9994,pathogenic,https://doi.org/10.1101/2022.10.22.513328
Y64N,1.6986,1.12007,2.4125403410897936,Neutral,Uncertain,,,Uncertain,44.6,,,0.855,"cBioPortal,COSMIC,clinvar",P,True,44.6,-0.383,,,damaging,neutral,potentially_damaging,DOWN,neutral,neutral,stabilizing,986027,Uncertain significance,1,82.63,G,-0.3422,0.3832,-8.957,loss_of_function,-5.1879135189787,0.7376036347179571,Pathogenic,0.9948,pathogenic,https://doi.org/10.1101/2022.10.22.513328
Y64S,2.37894,1.67075,3.037108148946717,Uncertain,Uncertain,,,Uncertain,44.6,,,,clinvar,P,True,44.6,-0.383,,,uncertain,uncertain,potentially_damaging,DOWN,neutral,neutral,stabilizing,985491,Uncertain significance,1,82.63,G,-0.3537,0.3832,-8.957,loss_of_function,-3.87425162197169,0.8226757887953536,Pathogenic,0.9972,pathogenic,https://doi.org/10.1101/2022.10.22.513328
S65I,-0.21452,1.36803,-0.3051212257522651,Neutral,Neutral,,,Uncertain,59.7,,,0.600,"COSMIC,clinvar",,True,59.7,,,,uncertain,,,UP,neutral,neutral,stabilizing,438796,Likely pathogenic,3,81.12,G,-0.3237,0.4131,-22.2419,loss_of_function,-3.59623333236725,0.6213522468032265,Uncertain,0.9398,pathogenic,https://doi.org/10.1101/2022.10.22.513328
S65N,-0.02259,0.71735,0.0884518503175257,Neutral,Neutral,,,Uncertain,59.7,,,0.456,"cBioPortal,COSMIC",,True,59.7,,,,uncertain,,,UP,neutral,neutral,stabilizing,,,,81.12,G,-0.197,0.4131,-8.9541,loss_of_function,-2.0404215355094,0.4378558397258835,Uncertain,0.9144,pathogenic,https://doi.org/10.1101/2022.10.22.513328
A66S,0.25799,-0.02381,0.1308441698765095,Neutral,Neutral,,,Uncertain,104.2,,,0.521,"cBioPortal,COSMIC,clinvar",,True,104.2,,,,neutral,neutral,neutral,-,uncertain,uncertain,uncertain,985492,Uncertain significance,1,83.68,G,-0.2193,0.1431,-7.957,loss_of_function,-2.7543677092168,0.0259759537961465,Benign,0.7436,pathogenic,https://doi.org/10.1101/2022.10.22.513328
M67I,1.27833,-0.0398,0.3699062151885696,Neutral,Neutral,-0.00256,0.18098,Neutral,60.7,,,0.716,COSMIC,,True,60.7,,,,neutral,neutral,neutral,-,uncertain,uncertain,uncertain,,,,84.49,G,-0.228,0.2521,-8.9656,loss_of_function,-2.94207000195659,0.4467264875959131,Uncertain,0.9941,pathogenic,https://doi.org/10.1101/2022.10.22.513328
M67L,1.01733,-0.44592,-0.1177264363290353,Neutral,Neutral,-0.00702,0.08683,Neutral,60.7,,,0.511,COSMIC,,True,60.7,,,,neutral,neutral,neutral,-,uncertain,uncertain,uncertain,,,,84.49,G,-0.1789,0.2521,-5.7958,loss_of_function,-2.17335107607781,0.012045176136878,Benign,0.7607,pathogenic,https://doi.org/10.1101/2022.10.22.513328
R68K,1.33109,0.3619,1.0953284040591282,Neutral,Neutral,-0.01528,0.10754,Neutral,14.3,,,0.740,COSMIC,,True,14.3,,,,neutral,neutral,neutral,-,uncertain,uncertain,uncertain,,,,88.98,H,-0.212,0.2207,-8.9599,loss_of_function,-3.23884567828263,0.5458973786874043,Uncertain,0.9347,pathogenic,https://doi.org/10.1101/2022.10.22.513328
R68M,0.06542,-0.30476,0.7758484146503408,Neutral,Neutral,-0.04664,0.0492,Neutral,14.3,,,0.820,"cBioPortal,COSMIC",,True,14.3,,,,neutral,neutral,neutral,DOWN,neutral,neutral,neutral,,,,88.98,H,-0.3579,0.2207,-22.2477,loss_of_function,-4.43785257118465,0.7342163994768335,Pathogenic,0.9979,pathogenic,https://doi.org/10.1101/2022.10.22.513328
R68S,1.11406,1.46701,2.0784360398563755,Neutral,Uncertain,-0.0442,0.11523,Neutral,14.3,,,0.788,"cBioPortal,COSMIC",,True,14.3,,,,neutral,neutral,neutral,DOWN,neutral,neutral,neutral,,,,88.98,H,-0.3223,0.2207,-8.9599,loss_of_function,-0.376630983200944,0.6685275184741035,Uncertain,0.9985,pathogenic,https://doi.org/10.1101/2022.10.22.513328
R68W,0.49481,-1.56463,-0.2635508137191383,Neutral,Neutral,0.04572,-0.29593,Neutral,14.3,,,0.795,COSMIC,,True,14.3,,,,neutral,neutral,neutral,UP,neutral,neutral,stabilizing,,,,88.98,H,-0.3314,0.2207,-7.375,loss_of_function,-3.26128594567906,0.1184997224540735,Benign,0.9906,pathogenic,https://doi.org/10.1101/2022.10.22.513328
D69G,0.89328,1.45544,1.4320101053579504,Neutral,Neutral,,,Uncertain,47.0,,,0.761,COSMIC,,True,47.0,,,,neutral,neutral,neutral,DOWN,neutral,neutral,neutral,,,,92.21,H,-0.2858,0.805,-22.2535,loss_of_function,-4.05975292791371,0.7088545567345768,Pathogenic,0.9951,pathogenic,https://doi.org/10.1101/2022.10.22.513328
Q70P,0.19782,5.67755,3.571421430371804,Uncertain,Uncertain,0.0,0.06282,Neutral,75.1,,,0.814,COSMIC,,True,75.1,,,,neutral,neutral,neutral,DOWN,neutral,neutral,neutral,,,,91.6,H,-0.4428,0.3336,-22.2477,loss_of_function,-4.27466236286948,0.8163588882996451,Pathogenic,0.9888,pathogenic,https://doi.org/10.1101/2022.10.22.513328
Y71C,3.01839,3.03503,3.382103355570192,Destabilizing,Destabilizing,-0.02396,-0.05806,Neutral,6.2,,,0.892,"cBioPortal,COSMIC",,True,6.2,,,,uncertain,,,DOWN,neutral,neutral,stabilizing,,,,91.78,H,-0.336,0.2065,-8.9628,loss_of_function,-2.44862276054133,0.4505392957815627,Uncertain,0.998,pathogenic,https://doi.org/10.1101/2022.10.22.513328
Y71D,4.9869,5.25952,4.233663443533486,Destabilizing,Destabilizing,-0.18792,-0.19497,Neutral,6.2,,,,clinvar,,True,6.2,,,,uncertain,,,DOWN,neutral,neutral,stabilizing,228267,Likely pathogenic,2,91.78,H,-0.4473,0.2065,-22.2506,loss_of_function,-5.94825016994197,0.8971311270005284,Pathogenic,0.9975,pathogenic,https://doi.org/10.1101/2022.10.22.513328
Y71H,3.62949,2.56633,2.3070376346524566,Uncertain,Uncertain,-0.01152,-0.32449,Neutral,6.2,,,,clinvar,,True,6.2,,,,uncertain,,,DOWN,neutral,neutral,stabilizing,31940,Pathogenic,0,91.78,H,-0.273,0.2065,-8.9628,loss_of_function,-3.4373455474134,0.1967523943351106,Benign,0.9986,pathogenic,https://doi.org/10.1101/2022.10.22.513328
M72I,1.36116,1.52857,0.9478508927972868,Neutral,Neutral,4e-05,-0.04776,Neutral,0.0,,,0.658,"cBioPortal,COSMIC,clinvar",,True,0.0,,,,neutral,neutral,neutral,-,uncertain,uncertain,uncertain,132970,not provided,0,93.98,H,-0.2057,0.2955,-5.3779,loss_of_function,-1.52981328088949,0.0608365760692389,Benign,0.9776,pathogenic,https://doi.org/10.1101/2022.10.22.513328
M72K,3.86178,5.0034,4.325186470448264,Destabilizing,Destabilizing,0.00714,0.19882,Neutral,0.0,,,0.835,cBioPortal,,True,0.0,,,,neutral,neutral,neutral,UP,neutral,neutral,stabilizing,,,,93.98,H,-0.3642,0.2955,-7.9628,loss_of_function,-4.81744983491022,0.7033152416423438,Pathogenic,0.9981,pathogenic,https://doi.org/10.1101/2022.10.22.513328
M72L,1.55714,1.91224,0.3878411310091201,Neutral,Neutral,-0.00044,0.0519,Neutral,0.0,,,0.658,"cBioPortal,clinvar",,True,0.0,,,,neutral,neutral,neutral,-,uncertain,uncertain,uncertain,"1016209, 179141","Likely pathogenic, Pathogenic/Likely pathogenic","1, 2",93.98,H,-0.183,0.2955,-7.3779,loss_of_function,-1.59724718853438,0.1572276038752479,Benign,0.8556,pathogenic,https://doi.org/10.1101/2022.10.22.513328
M72V,2.4453,3.33095,1.2726467677659716,Uncertain,Uncertain,-0.00024,0.00293,Neutral,0.0,,,0.777,COSMIC,,True,0.0,,,,neutral,neutral,neutral,DOWN,neutral,neutral,stabilizing,,,,93.98,H,-0.3239,0.2955,-22.2506,loss_of_function,-3.23905126181468,0.1636025354329607,Benign,0.9091,pathogenic,https://doi.org/10.1101/2022.10.22.513328
R73M,0.50416,0.86224,0.4838012052059165,Neutral,Neutral,,,Uncertain,74.0,,,0.799,"cBioPortal,COSMIC",,False,74.0,,,,neutral,neutral,neutral,DOWN,neutral,neutral,stabilizing,,,,95.42,H,-0.2716,0.4215,-8.9628,loss_of_function,-3.04522809446727,0.7842395683417264,Pathogenic,0.9973,pathogenic,https://doi.org/10.1101/2022.10.22.513328
R73S,0.80125,0.84048,1.079905018019414,Neutral,Neutral,,,Uncertain,74.0,,,0.769,COSMIC,,False,74.0,,,,neutral,neutral,neutral,DOWN,neutral,neutral,stabilizing,,,,95.42,H,-0.3717,0.4215,-22.2506,loss_of_function,-4.19180453764471,0.4825152953256523,Uncertain,0.9982,pathogenic,https://doi.org/10.1101/2022.10.22.513328
T74A,0.0888,0.45272,-0.0797613927626039,Neutral,Neutral,0.00312,-0.19857,Neutral,72.2,,0.0000039793709410,0.714,"cBioPortal,COSMIC",,False,72.2,,,,uncertain,,,DOWN,neutral,neutral,stabilizing,,,,93.41,H,-0.1717,0.8506,-7.9628,loss_of_function,-1.85039429557636,0.2389140383305781,Benign,0.5658,pathogenic,https://doi.org/10.1101/2022.10.22.513328
T74I,-0.99635,-0.52109,-0.6559672183450543,Neutral,Neutral,-0.027,0.30229,Neutral,72.2,,,,clinvar,,False,72.2,,,,uncertain,,,UP,neutral,neutral,stabilizing,981550,Likely pathogenic,0,93.41,H,-0.1908,0.8506,-6.6409,loss_of_function,-1.31110908844692,0.1697058681238556,Benign,0.9265,pathogenic,https://doi.org/10.1101/2022.10.22.513328
T74P,1.37113,5.0551,3.565680022980248,Uncertain,Uncertain,-0.08338,0.06504,Neutral,72.2,,,0.858,"cBioPortal,COSMIC,clinvar",,False,72.2,,,,uncertain,,,-,uncertain,uncertain,uncertain,929160,Conflicting interpretations of pathogenicity,1,93.41,H,-0.4089,0.8506,-22.2506,loss_of_function,-4.3931308006864,0.764527368600819,Pathogenic,0.9059,pathogenic,https://doi.org/10.1101/2022.10.22.513328
E76D,0.38387,0.45714,0.980652351173277,Neutral,Neutral,,,Uncertain,36.7,,,0.419,COSMIC,,True,36.7,,,,neutral,neutral,neutral,DOWN,neutral,neutral,stabilizing,,,,97.87,S,-0.1331,0.7635,-5.9629,loss_of_function,-0.827354592426825,0.0726717276804139,Benign,0.6021,pathogenic,https://doi.org/10.1101/2022.10.22.513328
E76G,1.84159,4.13571,2.14630853364219,Uncertain,Uncertain,,,Uncertain,36.7,,,0.760,"cBioPortal,COSMIC",,True,36.7,,,,neutral,neutral,neutral,DOWN,neutral,neutral,stabilizing,,,,97.87,S,-0.2003,0.7635,-7.3779,loss_of_function,-3.2643258876853,0.6723589619641241,Uncertain,0.866,pathogenic,https://doi.org/10.1101/2022.10.22.513328
G77A,1.76645,0.00204,2.826182474740897,Neutral,Uncertain,,,,0.0,,0.0000039799094173,0.669,COSMIC,,True,0.0,,,,neutral,neutral,neutral,UP,neutral,neutral,neutral,,,,98.57,E,-0.3054,0.1148,-8.9628,loss_of_function,-3.24495895322574,0.2549962755328426,Benign,0.9534,pathogenic,https://doi.org/10.1101/2022.10.22.513328
G77D,12.94128,5.78367,8.134715873109041,Destabilizing,Destabilizing,,,,0.0,,,0.876,COSMIC,,True,0.0,,,,neutral,neutral,neutral,UP,neutral,neutral,neutral,,,,98.57,E,-0.3524,0.1148,-6.3779,loss_of_function,-4.03805063649075,0.8992850735861168,Pathogenic,0.9995,pathogenic,https://doi.org/10.1101/2022.10.22.513328
G77S,3.55832,1.73878,4.569052359458244,Uncertain,Destabilizing,,,,0.0,,,0.891,"cBioPortal,COSMIC,clinvar",,True,0.0,,,,neutral,neutral,neutral,UP,neutral,neutral,neutral,1191328,Uncertain significance,1,98.57,E,-0.379,0.1148,-22.2506,loss_of_function,-3.65113107490455,0.5227659201136896,Uncertain,0.9949,pathogenic,https://doi.org/10.1101/2022.10.22.513328
G77V,5.7747,5.87891,7.020644081642618,Destabilizing,Destabilizing,,,,0.0,,,0.790,"cBioPortal,clinvar",,True,0.0,,,,neutral,neutral,neutral,UP,neutral,neutral,neutral,1714092,Uncertain significance,1,98.57,E,-0.4599,0.1148,-22.2506,loss_of_function,-3.98983127529163,0.2868081794701938,Benign,0.9977,pathogenic,https://doi.org/10.1101/2022.10.22.513328
L79H,5.06577,4.95714,2.68300886086293,Destabilizing,Uncertain,,,,0.3,,,0.913,cBioPortal,,True,0.3,,,,neutral,neutral,neutral,DOWN,neutral,neutral,neutral,,,,98.77,E,-0.4178,0.4798,-22.2535,loss_of_function,-6.03860397609898,0.9207725377150966,Pathogenic,0.9979,pathogenic,https://doi.org/10.1101/2022.10.22.513328
L79I,0.88841,1.55578,1.4804963523344716,Neutral,Neutral,,,,0.3,,,0.515,"cBioPortal,COSMIC",,True,0.3,,,,neutral,neutral,neutral,-,uncertain,uncertain,uncertain,,,,98.77,E,-0.1623,0.4798,-5.1584,loss_of_function,-1.64917075964266,0.019770960970132,Benign,0.4379,ambiguous,https://doi.org/10.1101/2022.10.22.513328
C80S,1.80635,1.71735,2.345292785903299,Neutral,Uncertain,,,,1.0,,,0.652,COSMIC,,True,1.0,,,,neutral,neutral,neutral,DOWN,neutral,neutral,neutral,,,,98.63,E,-0.3774,1.1519,-22.2535,loss_of_function,-4.62244234893685,0.9126312711997924,Pathogenic,0.9635,pathogenic,https://doi.org/10.1101/2022.10.22.513328
A83V,1.15387,0.48537,-0.4105184710932946,Neutral,Neutral,,,,2.8,,,0.735,cBioPortal,,True,2.8,,,,neutral,neutral,neutral,UP,neutral,neutral,stabilizing,,,,98.65,E,-0.2226,0.9323,-22.2535,loss_of_function,-7.15019103621682,0.7850417297669388,Pathogenic,0.9917,pathogenic,https://doi.org/10.1101/2022.10.22.513328
I84M,0.86205,-0.70408,1.1215560328273135,Neutral,Neutral,,,,0.7,,,0.696,"cBioPortal,COSMIC",,True,0.7,,,,neutral,neutral,neutral,-,uncertain,uncertain,uncertain,,,,98.65,T,-0.1303,1.1506,-6.3779,loss_of_function,-0.29272154447797,0.2915592586266445,Benign,0.4002,ambiguous,https://doi.org/10.1101/2022.10.22.513328
I84V,0.71981,0.17449,0.3912807736678236,Neutral,Neutral,,,,0.7,,,0.294,"cBioPortal,clinvar",,True,0.7,,,,neutral,neutral,neutral,DOWN,neutral,neutral,stabilizing,1318518,Uncertain significance,2,98.65,T,-0.063,1.1506,-2.1049,loss_of_function,-0.465005430794092,8.36298168350426e-05,Benign,0.1012,benign,https://doi.org/10.1101/2022.10.22.513328
N86K,0.37051,1.86497,1.0519510977575854,Neutral,Neutral,,,Uncertain,55.1,,,0.359,COSMIC,,False,55.1,,,,neutral,neutral,neutral,UP,neutral,neutral,stabilizing,,,,98.14,-,-0.1798,1.6561,-22.2477,loss_of_function,-2.88099530276575,0.1748004053880582,Benign,0.9308,pathogenic,https://doi.org/10.1101/2022.10.22.513328
K88E,-0.80141,0.74558,0.3337001440971715,Neutral,Neutral,,,Uncertain,71.7,,,0.409,cBioPortal,,True,71.7,,,,neutral,neutral,neutral,DOWN,neutral,neutral,neutral,,,,97.99,H,-0.1001,1.8226,-6.6409,loss_of_function,-0.603632828072489,0.0500874610097369,Benign,0.6898,pathogenic,https://doi.org/10.1101/2022.10.22.513328
S89L,2.46965,0.64116,0.4480083893742798,Uncertain,Uncertain,,,,0.4,,,,cBioPortal,P,True,0.4,6.493,,,uncertain,uncertain,uncertain,UP,neutral,neutral,neutral,,,,98.21,H,-0.3305,0.299,-22.2506,loss_of_function,-6.57285270548875,0.92951064570864,Pathogenic,0.9894,pathogenic,https://doi.org/10.1101/2022.10.22.513328
F90Y,1.30135,0.96224,0.4016065893013676,Neutral,Neutral,,,,16.8,,,,clinvar,,True,16.8,,,,neutral,neutral,neutral,-,uncertain,uncertain,uncertain,1965797,Uncertain significance,1,98.66,H,-0.2279,0.3028,-5.5063,loss_of_function,-0.165036073521342,0.1438566313608429,Benign,0.4159,ambiguous,https://doi.org/10.1101/2022.10.22.513328
E91G,1.2901,0.76939,0.925895347019154,Neutral,Neutral,,,Uncertain,69.4,,,0.616,COSMIC,,True,69.4,,,,neutral,neutral,neutral,DOWN,neutral,neutral,neutral,,,,97.96,H,-0.1723,1.1561,-8.9656,loss_of_function,-3.28372011721662,0.5667605202732144,Uncertain,0.3485,ambiguous,https://doi.org/10.1101/2022.10.22.513328
D92A,0.39018,-0.36429,0.8284885587201037,Neutral,Neutral,,,Uncertain,22.7,,,0.611,cBioPortal,,True,22.7,,,,neutral,neutral,neutral,DOWN,neutral,neutral,neutral,,,,97.35,T,-0.1356,1.4044,-5.7958,loss_of_function,-0.622301390425812,0.0559938185468028,Benign,0.8158,pathogenic,https://doi.org/10.1101/2022.10.22.513328
D92V,1.93238,0.09456,0.4791841944572172,Neutral,Neutral,,,Uncertain,22.7,,,0.782,cBioPortal,,True,22.7,,,,neutral,neutral,neutral,UP,neutral,neutral,stabilizing,,,,97.35,T,-0.1937,1.4044,-7.9657,loss_of_function,-1.32301470471784,0.186870257112665,Benign,0.9094,pathogenic,https://doi.org/10.1101/2022.10.22.513328
D92Y,0.82797,-0.20102,-0.0035868657546256,Neutral,Neutral,,,Uncertain,22.7,,,0.755,"cBioPortal,COSMIC",,True,22.7,,,,neutral,neutral,neutral,UP,neutral,neutral,stabilizing,,,,97.35,T,-0.2645,1.4044,-22.2535,loss_of_function,-3.72333295843188,0.5231818105546006,Uncertain,0.8823,pathogenic,https://doi.org/10.1101/2022.10.22.513328
I93F,1.72637,2.89932,0.577248640683547,Uncertain,Neutral,,,,1.0,,,0.846,"cBioPortal,COSMIC",,True,1.0,,,,neutral,neutral,neutral,UP,neutral,neutral,stabilizing,,,,98.27,H,-0.2276,0.9989,-8.9656,loss_of_function,-3.33377592009628,0.6727812704600898,Uncertain,0.9006,pathogenic,https://doi.org/10.1101/2022.10.22.513328
H94P,-0.29513,5.38605,3.783217557239849,Uncertain,Uncertain,,,Uncertain,61.1,,,0.460,cBioPortal,,True,61.1,,,,neutral,neutral,neutral,DOWN,neutral,neutral,stabilizing,,,,97.53,H,-0.107,2.9923,-6.9658,loss_of_function,-0.0765153588578881,0.003837450929271,Benign,0.2063,benign,https://doi.org/10.1101/2022.10.22.513328
H95D,0.15838,-0.07687,0.6615629819523555,Neutral,Neutral,,,Uncertain,79.9,,,0.354,cBioPortal,,True,79.9,,,,neutral,neutral,neutral,DOWN,neutral,neutral,neutral,,,,95.62,H,0.0356,3.1659,-4.8783,gain_of_function,-1.70093246141172,8.326694427562621e-06,Benign,0.4311,ambiguous,https://doi.org/10.1101/2022.10.22.513328
H95L,-0.52611,-0.45,-0.4125125442178917,Neutral,Neutral,,,Uncertain,79.9,,,0.316,"cBioPortal,COSMIC",,True,79.9,,,,neutral,neutral,neutral,UP,neutral,neutral,stabilizing,,,,95.62,H,0.0419,3.1659,-3.1329,gain_of_function,-0.270828392977902,1.5185032421513706e-06,Benign,0.0852,benign,https://doi.org/10.1101/2022.10.22.513328
H95N,0.26016,-0.19286,0.512763237320247,Neutral,Neutral,,,Uncertain,79.9,,,,clinvar,,True,79.9,,,,neutral,neutral,neutral,DOWN,neutral,neutral,neutral,2061689,Uncertain significance,1,95.62,H,0.0747,3.1659,-5.1584,gain_of_function,0.450328641278538,3.682408573257103e-06,Benign,0.1118,benign,https://doi.org/10.1101/2022.10.22.513328
H95Y,0.1309,-0.18469,-0.1790489387270338,Neutral,Neutral,,,Uncertain,79.9,,,,clinvar,,True,79.9,,,,neutral,neutral,neutral,UP,neutral,neutral,stabilizing,1803539,Uncertain significance,1,95.62,H,0.0953,3.1659,-7.9657,gain_of_function,-0.258474344463708,0.001529138658799,Benign,0.1196,benign,https://doi.org/10.1101/2022.10.22.513328
R97I,-2.21508,-1.30714,0.5725200014140149,Uncertain,Uncertain,,,,16.4,,,0.648,"cBioPortal,COSMIC",,True,16.4,,,,neutral,neutral,neutral,DOWN,neutral,neutral,mixed_effects,,,,97.25,H,-0.3383,1.098,-22.2535,loss_of_function,-2.58776743083581,0.2021058542686161,Benign,0.8784,pathogenic,https://doi.org/10.1101/2022.10.22.513328
R97K,-0.19381,1.21395,2.429992172853203,Neutral,Uncertain,,,,16.4,,,,clinvar,,True,16.4,,,,neutral,neutral,neutral,-,uncertain,uncertain,uncertain,163761,Likely pathogenic,0,97.25,H,-0.1211,1.098,-6.9658,loss_of_function,-0.731138143592885,0.1573994805802601,Benign,0.4248,ambiguous,https://doi.org/10.1101/2022.10.22.513328
E98K,-0.65429,1.39898,0.2111219980143641,Neutral,Neutral,,,Uncertain,43.4,,,0.577,COSMIC,,True,43.4,,,,neutral,neutral,neutral,UP,neutral,neutral,stabilizing,,,,96.72,H,-0.1619,1.228,-8.9656,loss_of_function,-1.66640734246299,0.1043875139247474,Benign,0.8232,pathogenic,https://doi.org/10.1101/2022.10.22.513328
Q99E,0.20795,0.87245,0.592490464479628,Neutral,Neutral,,,,17.8,,,0.468,"cBioPortal,COSMIC",,True,17.8,,,,neutral,neutral,neutral,DOWN,neutral,neutral,neutral,,,,95.53,H,-0.2076,0.2109,-6.96,loss_of_function,-0.647573921371713,0.4622317735674148,Uncertain,0.65,pathogenic,https://doi.org/10.1101/2022.10.22.513328
V103A,1.28191,1.27755,2.3825332545464626,Neutral,Uncertain,,,,10.7,,,0.725,cBioPortal,,False,10.7,,,,neutral,neutral,neutral,DOWN,neutral,neutral,stabilizing,,,,96.34,H,-0.2547,0.2222,-7.375,loss_of_function,-0.577353246062086,0.1498141128455122,Benign,0.9661,pathogenic,https://doi.org/10.1101/2022.10.22.513328
K104N,1.57027,1.48605,0.6512143272009896,Neutral,Neutral,,,Uncertain,21.5,,,0.633,COSMIC,,False,21.5,,,,neutral,neutral,neutral,DOWN,neutral,neutral,stabilizing,,,,96.21,H,-0.3311,0.1052,-22.2477,loss_of_function,-2.88151200839628,0.6874065855057953,Pathogenic,0.9979,pathogenic,https://doi.org/10.1101/2022.10.22.513328
E107K,0.78086,0.75748,0.1230434522657791,Neutral,Neutral,,,Uncertain,78.9,,,0.454,COSMIC,,False,78.9,,,,neutral,neutral,neutral,UP,neutral,neutral,neutral,,,,93.66,S,-0.2464,1.0465,-22.2477,loss_of_function,-2.88305647555014,0.1405730958669748,Benign,0.3296,benign,https://doi.org/10.1101/2022.10.22.513328
D108E,0.60648,0.92245,0.1892673447732895,Neutral,Neutral,,,Uncertain,83.2,,,,clinvar,,False,83.2,,,,neutral,neutral,neutral,UP,neutral,neutral,destabilizing,1518585,Uncertain significance,1,93.3,-,0.0325,2.4504,-2.5171,gain_of_function,-0.530129712992611,0.0132000122224853,Benign,0.1397,benign,https://doi.org/10.1101/2022.10.22.513328
D108N,0.18008,1.12415,0.0989300164813694,Neutral,Neutral,,,Uncertain,83.2,,,0.131,"cBioPortal,COSMIC",,False,83.2,,,,neutral,neutral,neutral,-,uncertain,uncertain,uncertain,,,,93.3,-,0.0006,2.4504,-4.5006,gain_of_function,-0.510885008208985,0.0259759537961465,Benign,0.133,benign,https://doi.org/10.1101/2022.10.22.513328
D108Y,0.57393,1.46361,0.060268266464904,Neutral,Neutral,,,Uncertain,83.2,,,,clinvar,,False,83.2,,,,neutral,neutral,neutral,UP,neutral,neutral,destabilizing,1163347,Uncertain significance,2,93.3,-,-0.0718,2.4504,-3.3453,loss_of_function,-2.34742439399038,0.0976351236216302,Benign,0.283,benign,https://doi.org/10.1101/2022.10.22.513328
V109E,3.53652,3.47483,1.940842110285244,Destabilizing,Uncertain,,,,3.0,,,,clinvar,,False,3.0,,,,neutral,neutral,neutral,-,uncertain,uncertain,uncertain,1729613,Uncertain significance,1,97.7,-,-0.3864,0.9623,-22.2477,loss_of_function,-5.27505707972678,0.8619458700851509,Pathogenic,0.9901,pathogenic,https://doi.org/10.1101/2022.10.22.513328
V109I,0.20616,0.08163,-0.1306223476434659,Neutral,Neutral,,,,3.0,,,0.457,"cBioPortal,clinvar",,False,3.0,,,,neutral,neutral,neutral,UP,neutral,neutral,neutral,1908428,Uncertain significance,1,97.7,-,-0.1184,0.9623,-6.6381,loss_of_function,-1.13745343099582,0.0435983902761453,Benign,0.1769,benign,https://doi.org/10.1101/2022.10.22.513328
V109L,2.69933,1.79388,0.3600911811351037,Uncertain,Uncertain,,,,3.0,,,0.699,COSMIC,,False,3.0,,,,neutral,neutral,neutral,UP,neutral,neutral,neutral,,,,97.7,-,-0.1953,0.9623,-8.9599,loss_of_function,-1.29050966896739,0.3741850700564608,Uncertain,0.9117,pathogenic,https://doi.org/10.1101/2022.10.22.513328
P110H,16.99726,4.46599,1.617995515681471,Destabilizing,Uncertain,,,,7.1,,,0.899,cBioPortal,,False,7.1,,,,neutral,neutral,neutral,UP,neutral,neutral,neutral,,,,98.58,-,-0.3616,0.0532,-22.2477,loss_of_function,-5.09304357663913,0.8051207373342235,Pathogenic,0.9967,pathogenic,https://doi.org/10.1101/2022.10.22.513328
P110S,4.05841,2.66735,1.118794026008697,Uncertain,Uncertain,,,,7.1,,,0.889,"cBioPortal,COSMIC",,False,7.1,,,,neutral,neutral,neutral,DOWN,neutral,neutral,neutral,,,,98.58,-,-0.3225,0.0532,-22.2477,loss_of_function,-3.53728216015306,0.3857203886061628,Uncertain,0.9883,pathogenic,https://doi.org/10.1101/2022.10.22.513328
M111L,1.14519,3.15476,-0.0024243075221497,Uncertain,Neutral,,,,2.4,,,0.484,"cBioPortal,COSMIC",,False,2.4,,,,neutral,neutral,neutral,-,uncertain,uncertain,uncertain,,,,98.78,E,-0.1196,0.9051,-5.96,loss_of_function,-0.729398962087524,0.1449056395140727,Benign,0.374,ambiguous,https://doi.org/10.1101/2022.10.22.513328
M111T,1.23579,2.49592,1.972609479283008,Uncertain,Neutral,,,,2.4,,,,clinvar,,False,2.4,,,,neutral,neutral,neutral,DOWN,neutral,neutral,stabilizing,1512544,Uncertain significance,1,98.78,E,-0.2218,0.9051,-8.9599,loss_of_function,-2.00378625757624,0.5743244183481286,Uncertain,0.8647,pathogenic,https://doi.org/10.1101/2022.10.22.513328
M111V,1.35867,2.07925,0.5775128024035803,Uncertain,Neutral,,,,2.4,,,0.587,COSMIC,,False,2.4,,,,neutral,neutral,neutral,DOWN,neutral,neutral,stabilizing,,,,98.78,E,-0.1787,0.9051,-4.7901,loss_of_function,-1.84374565940763,0.0312747596459248,Benign,0.2374,benign,https://doi.org/10.1101/2022.10.22.513328
V112I,-0.0549,0.95476,0.6835265660762846,Neutral,Neutral,,,,0.0,,0.0000039828260541,0.212,COSMIC,,False,0.0,,,,neutral,neutral,neutral,UP,neutral,neutral,neutral,,,,98.88,E,-0.0974,0.9684,-2.6381,loss_of_function,-0.929020261809924,0.0305053899138076,Benign,0.1984,benign,https://doi.org/10.1101/2022.10.22.513328
V114I,-0.54888,1.08946,0.2086606840256549,Neutral,Neutral,,,,0.0,,,0.565,COSMIC,,False,0.0,,,,neutral,neutral,neutral,UP,neutral,neutral,neutral,,,,98.92,E,-0.15,0.5154,-4.7726,loss_of_function,-0.887749950348747,0.082560486269658,Benign,0.2658,benign,https://doi.org/10.1101/2022.10.22.513328
V114L,-0.05395,1.54354,0.7694847834180124,Neutral,Neutral,,,,0.0,,,0.782,cBioPortal,,False,0.0,,,,neutral,neutral,neutral,UP,neutral,neutral,neutral,,,,98.92,E,-0.2261,0.5154,-6.9425,loss_of_function,-2.18147262315737,0.0614760324821368,Benign,0.9378,pathogenic,https://doi.org/10.1101/2022.10.22.513328
G115E,9.04013,1.82211,2.9004241331239755,Uncertain,Uncertain,,,,0.0,,,0.922,"cBioPortal,COSMIC",,False,0.0,,,,neutral,neutral,neutral,UP,neutral,neutral,neutral,,,,98.87,E,-0.4095,0.3665,-22.2302,loss_of_function,-6.78643069360505,0.6066895417471749,Uncertain,0.9992,pathogenic,https://doi.org/10.1101/2022.10.22.513328
G115R,16.8311,2.83095,3.68209862560756,Uncertain,Destabilizing,,,,0.0,,,0.940,COSMIC,,False,0.0,,,,neutral,neutral,neutral,UP,neutral,neutral,neutral,,,,98.87,E,-0.4264,0.3665,-22.2302,loss_of_function,-7.20436407310466,0.8184652066582864,Pathogenic,0.9982,pathogenic,https://doi.org/10.1101/2022.10.22.513328
N116H,6.73089,0.86803,1.9892755799215305,Uncertain,Uncertain,,,,1.7,,,0.878,"COSMIC,clinvar",,False,1.7,,,,neutral,neutral,neutral,UP,neutral,neutral,neutral,1219824,Likely pathogenic,1,98.77,E,-0.3241,0.1057,-22.2273,loss_of_function,-5.63936887048699,0.8416703982894715,Pathogenic,0.9978,pathogenic,https://doi.org/10.1101/2022.10.22.513328
N116S,1.60466,2.22279,2.379666906504907,Uncertain,Uncertain,,,,1.7,,,,clinvar,,False,1.7,,,,neutral,neutral,neutral,DOWN,neutral,neutral,destabilizing,156338,not provided,0,98.77,E,-0.2212,0.1057,-8.9394,loss_of_function,-3.70608139982086,0.6015850369010638,Uncertain,0.9548,pathogenic,https://doi.org/10.1101/2022.10.22.513328
K117E,0.70902,1.49082,1.112275418639701,Neutral,Neutral,,,Uncertain,34.4,,,0.874,COSMIC,,False,34.4,,,,neutral,neutral,neutral,DOWN,neutral,neutral,neutral,,,,98.14,-,-0.338,0.1017,-22.2273,loss_of_function,-6.10291554891706,0.8579769913436497,Pathogenic,0.9995,pathogenic,https://doi.org/10.1101/2022.10.22.513328
K117I,2.77134,5.47177,-0.1021704553941921,Uncertain,Uncertain,,,Uncertain,34.4,,,0.883,cBioPortal,,False,34.4,,,,neutral,neutral,neutral,-,uncertain,uncertain,uncertain,,,,98.14,-,-0.2836,0.1017,-8.9394,loss_of_function,-7.70872100511935,0.9175697265627194,Pathogenic,0.9995,pathogenic,https://doi.org/10.1101/2022.10.22.513328
K117N,0.59368,0.37585,0.3423220618632761,Neutral,Neutral,,,Uncertain,34.4,,0.0000039820330668,0.764,"cBioPortal,COSMIC,clinvar",,False,34.4,,,,neutral,neutral,neutral,DOWN,neutral,neutral,neutral,"375965, 375964","Pathogenic, Pathogenic","1, 0",98.14,-,-0.2635,0.1017,-8.9394,loss_of_function,-4.77837558575346,0.5977626105898363,Uncertain,0.9996,pathogenic,https://doi.org/10.1101/2022.10.22.513328
K117Q,0.23843,0.63197,0.3794452958238098,Neutral,Neutral,,,Uncertain,34.4,,,0.918,cBioPortal,,False,34.4,,,,neutral,neutral,neutral,DOWN,neutral,neutral,neutral,,,,98.14,-,-0.3123,0.1017,-22.2273,loss_of_function,-4.34336643398753,0.7743005263308386,Pathogenic,0.9965,pathogenic,https://doi.org/10.1101/2022.10.22.513328
K117R,-0.43661,0.42721,-0.5118814960434098,Neutral,Neutral,,,Uncertain,34.4,,,0.884,"cBioPortal,COSMIC",,False,34.4,,,,neutral,neutral,neutral,-,uncertain,uncertain,uncertain,,,,98.14,-,-0.1738,0.1017,-7.9395,loss_of_function,-0.618129854411794,0.5199594695764508,Uncertain,0.8518,pathogenic,https://doi.org/10.1101/2022.10.22.513328
K117T,3.92747,3.02857,0.8743349170835903,Destabilizing,Uncertain,,,Uncertain,34.4,,,0.904,cBioPortal,,False,34.4,,,,neutral,neutral,neutral,DOWN,neutral,neutral,neutral,,,,98.14,-,-0.3351,0.1017,-22.2273,loss_of_function,-8.60030099639044,0.8952375438776082,Pathogenic,0.9979,pathogenic,https://doi.org/10.1101/2022.10.22.513328
K117Y,-0.73875,-0.68299,-0.778494298620882,Neutral,Neutral,,,Uncertain,34.4,,,,COSMIC,,False,34.4,,,,neutral,neutral,neutral,UP,neutral,neutral,stabilizing,,,,98.14,-,-0.3691,0.1017,-22.2273,loss_of_function,-9.10870764258734,0.9379964265214612,Pathogenic,0.9986,pathogenic,https://doi.org/10.1101/2022.10.22.513328
C118R,0.4175,-0.67211,-0.5309568399506098,Neutral,Neutral,,,,6.5,,,,clinvar,,False,6.5,,,,neutral,neutral,neutral,UP,neutral,neutral,neutral,1047419,Uncertain significance,1,98.3,T,-0.4543,0.9829,-22.2273,loss_of_function,-3.4218918205233,0.4705758472324097,Uncertain,0.9042,pathogenic,https://doi.org/10.1101/2022.10.22.513328
C118S,0.33443,0.76293,0.2568636042453337,Neutral,Neutral,,,,6.5,,,0.552,"cBioPortal,COSMIC",,False,6.5,,,,neutral,neutral,neutral,DOWN,neutral,neutral,stabilizing,,,,98.3,T,-0.3019,0.9829,-4.416,loss_of_function,-0.260312349052453,0.0180815544416414,Benign,0.3464,ambiguous,https://doi.org/10.1101/2022.10.22.513328
D119E,-0.11418,0.02551,0.7360627170979139,Neutral,Neutral,,,Uncertain,26.8,,,0.904,cBioPortal,,False,26.8,,,,neutral,neutral,neutral,UP,neutral,neutral,stabilizing,,,,97.84,T,-0.2896,0.0424,-22.2244,loss_of_function,-3.65698704448883,0.4761046150771698,Uncertain,0.9944,pathogenic,https://doi.org/10.1101/2022.10.22.513328
D119G,0.60223,1.78537,1.626914272199225,Neutral,Neutral,,,Uncertain,26.8,,,0.924,"cBioPortal,COSMIC",,False,26.8,,,,neutral,neutral,neutral,DOWN,neutral,neutral,stabilizing,,,,97.84,T,-0.3559,0.0424,-22.2244,loss_of_function,-7.67280631369792,0.6797799771045382,Pathogenic,0.9984,pathogenic,https://doi.org/10.1101/2022.10.22.513328
D119H,0.11514,-0.37993,-0.2812750924313262,Neutral,Neutral,,,Uncertain,26.8,,,0.924,cBioPortal,,False,26.8,,,,neutral,neutral,neutral,UP,neutral,neutral,stabilizing,,,,97.84,T,-0.354,0.0424,-22.2244,loss_of_function,-5.72718301080215,0.6857459390411498,Pathogenic,0.9978,pathogenic,https://doi.org/10.1101/2022.10.22.513328
D119N,-0.23223,0.64456,0.5229268860580405,Neutral,Neutral,,,Uncertain,26.8,,,0.873,"cBioPortal,COSMIC,clinvar",,False,26.8,,,,neutral,neutral,neutral,-,uncertain,uncertain,uncertain,40460,Likely pathogenic,2,97.84,T,-0.3114,0.0424,-22.2244,loss_of_function,-5.36477570910833,0.6351238592689878,Uncertain,0.9951,pathogenic,https://doi.org/10.1101/2022.10.22.513328
D119Y,-1.76171,-0.63741,-0.87032029686262,Neutral,Neutral,,,Uncertain,26.8,,,0.944,cBioPortal,,False,26.8,,,,neutral,neutral,neutral,UP,neutral,neutral,stabilizing,,,,97.84,T,-0.3897,0.0424,-22.2244,loss_of_function,-7.48687184210991,0.9172952663443242,Pathogenic,0.995,pathogenic,https://doi.org/10.1101/2022.10.22.513328
L120S,0.64956,1.19184,1.843267610488827,Neutral,Neutral,,,Uncertain,38.5,,,0.948,cBioPortal,,False,38.5,,,,neutral,neutral,neutral,DOWN,neutral,neutral,stabilizing,,,,96.9,-,-0.3533,0.2566,-7.9395,loss_of_function,-1.18570900921224,0.6925068632928258,Pathogenic,0.9847,pathogenic,https://doi.org/10.1101/2022.10.22.513328
P121H,1.31847,0.39592,-1.0279531314463102,Neutral,Neutral,,,Uncertain,90.2,,,0.512,"cBioPortal,COSMIC",,False,90.2,,,,neutral,neutral,neutral,UP,neutral,neutral,stabilizing,,,,96.09,S,-0.061,2.4926,-7.3368,loss_of_function,-0.919119866745311,0.0268211619488329,Benign,0.3495,ambiguous,https://doi.org/10.1101/2022.10.22.513328
S122C,0.79549,0.66224,0.6110833964002262,Neutral,Neutral,,,Uncertain,82.6,,,,clinvar,,False,82.6,,,,uncertain,,,UP,neutral,neutral,stabilizing,1717054,Uncertain significance,1,96.27,-,0.0049,2.9117,-8.9306,gain_of_function,-0.630573585707601,0.0278284702112321,Benign,0.1029,benign,https://doi.org/10.1101/2022.10.22.513328
S122F,0.10889,-0.43912,-0.5964173414703089,Neutral,Neutral,,,Uncertain,82.6,,,0.494,"cBioPortal,COSMIC",,False,82.6,,,,uncertain,,,UP,neutral,neutral,stabilizing,,,,96.27,-,-0.0905,2.9117,-22.2185,loss_of_function,-4.20449552229194,0.0420791463133327,Benign,0.2559,benign,https://doi.org/10.1101/2022.10.22.513328
S122P,-1.1427,3.94456,3.2191682574226737,Uncertain,Uncertain,,,Uncertain,82.6,,,0.446,cBioPortal,,False,82.6,,,,uncertain,,,UP,neutral,neutral,stabilizing,,,,96.27,-,-0.0981,2.9117,-8.9306,loss_of_function,-2.87937308766738,0.0062186190203703,Benign,0.5089,ambiguous,https://doi.org/10.1101/2022.10.22.513328
R123I,1.79495,1.13435,0.4699805437801801,Neutral,Neutral,,,Uncertain,28.8,,,0.809,COSMIC,,False,28.8,,,,neutral,neutral,neutral,DOWN,neutral,neutral,stabilizing,,,,98.11,-,-0.3826,0.6155,-22.2302,loss_of_function,-4.43483035018695,0.6455799524557251,Uncertain,0.9797,pathogenic,https://doi.org/10.1101/2022.10.22.513328
R123K,1.09124,1.00918,0.8943389305535806,Neutral,Neutral,,,Uncertain,28.8,,,0.701,cBioPortal,,False,28.8,,,,neutral,neutral,neutral,-,uncertain,uncertain,uncertain,,,,98.11,-,-0.1705,0.6155,-7.9424,loss_of_function,-1.96411153305904,0.2846800765332435,Benign,0.677,pathogenic,https://doi.org/10.1101/2022.10.22.513328
T124I,-0.39232,0.98095,-0.0963306592409979,Neutral,Neutral,,,Uncertain,57.3,,,0.339,"cBioPortal,clinvar",,False,57.3,,,,uncertain,,,UP,neutral,neutral,neutral,452452,Uncertain significance,1,98.21,-,-0.0346,2.5651,-6.9425,loss_of_function,-0.662766853539423,0.0111343002858142,Benign,0.2261,benign,https://doi.org/10.1101/2022.10.22.513328
V125I,-0.80985,0.08912,0.3921679805457428,Neutral,Neutral,,,,1.8,,,0.455,COSMIC,,False,1.8,,,,neutral,neutral,neutral,UP,neutral,neutral,neutral,,,,98.23,S,-0.1584,0.4438,-5.1352,loss_of_function,-0.490809994268465,0.0158048746445021,Benign,0.1509,benign,https://doi.org/10.1101/2022.10.22.513328
D126E,1.54051,0.50544,-0.1402131469979217,Neutral,Neutral,,,Uncertain,78.6,,,0.325,COSMIC,,False,78.6,,,,neutral,neutral,neutral,UP,neutral,neutral,neutral,,,,97.4,-,0.0235,2.334,-2.1743,gain_of_function,-0.0474032849796537,0.0007140369757358,Benign,0.1885,benign,https://doi.org/10.1101/2022.10.22.513328
D126V,4.20716,0.76361,0.1280391349185911,Uncertain,Uncertain,,,Uncertain,78.6,,,0.606,"cBioPortal,COSMIC",,False,78.6,,,,neutral,neutral,neutral,UP,neutral,neutral,neutral,,,,97.4,-,-0.1131,2.334,-8.9424,loss_of_function,-2.29456246230331,0.3411509414970269,Uncertain,0.5267,ambiguous,https://doi.org/10.1101/2022.10.22.513328
T127I,-0.81557,0.40952,-0.7276375162221949,Neutral,Neutral,,,Uncertain,45.8,,,0.479,COSMIC,,False,45.8,,,,uncertain,,,UP,neutral,neutral,stabilizing,,,,97.81,H,0.0056,2.9573,-6.1351,gain_of_function,-0.879991088089999,0.0017812448053648,Benign,0.2106,benign,https://doi.org/10.1101/2022.10.22.513328
T127R,-0.33052,0.42619,-0.4754319603261031,Neutral,Neutral,,,Uncertain,45.8,,,,clinvar,,False,45.8,,,,uncertain,,,UP,neutral,neutral,stabilizing,2498003,Uncertain significance,1,97.81,H,-0.0493,2.9573,-5.1352,loss_of_function,-1.69497906665418,0.0008588151635536,Benign,0.2247,benign,https://doi.org/10.1101/2022.10.22.513328
A130I,5.06984,2.16837,1.7721440170723484,Uncertain,Uncertain,,,,1.4,,,,"cBioPortal,clinvar",,False,1.4,,,,neutral,neutral,neutral,UP,neutral,neutral,neutral,1046139,Uncertain significance,2,98.54,H,-0.1671,1.3948,-5.6264,loss_of_function,-1.56276984121403,0.2307992582577669,Benign,0.871,pathogenic,https://doi.org/10.1101/2022.10.22.513328
A130P,2.37856,8.47551,6.645408980806564,Uncertain,Uncertain,,,,1.4,,,0.873,cBioPortal,,False,1.4,,,,neutral,neutral,neutral,UP,neutral,neutral,neutral,,,,98.54,H,-0.2659,1.3948,-8.9482,loss_of_function,-4.9859297447071,0.8610344631489997,Pathogenic,0.9889,pathogenic,https://doi.org/10.1101/2022.10.22.513328
A130S,1.50499,1.8398,1.6152942681763884,Neutral,Neutral,,,,1.4,3.1901997065e-05,,0.695,cBioPortal,,False,1.4,,,,neutral,neutral,neutral,-,uncertain,uncertain,uncertain,,,,98.54,H,-0.1011,1.3948,-7.3634,loss_of_function,-2.57104814435047,0.5568025332703754,Uncertain,0.4131,ambiguous,https://doi.org/10.1101/2022.10.22.513328
A130T,2.6471,2.49932,1.3647777107778158,Uncertain,Uncertain,,,,1.4,,0.0000039813989043,0.813,cBioPortal,,False,1.4,,,,neutral,neutral,neutral,UP,neutral,neutral,neutral,,,,98.54,H,-0.1151,1.3948,-8.9482,loss_of_function,-2.60149912262992,0.6059058776068221,Uncertain,0.7992,pathogenic,https://doi.org/10.1101/2022.10.22.513328
A130V,3.85325,2.37993,0.2960182739827321,Uncertain,Uncertain,,,,1.4,,0.0000199069945216,0.633,"cBioPortal,COSMIC,clinvar",,False,1.4,,,,neutral,neutral,neutral,UP,neutral,neutral,neutral,180861,Uncertain significance,2,98.54,H,-0.0901,1.3948,-4.6264,loss_of_function,-0.875404736745715,0.2245752026343404,Benign,0.7055,pathogenic,https://doi.org/10.1101/2022.10.22.513328
Q131H,1.06307,0.37891,-0.0136269662047683,Neutral,Neutral,,,Uncertain,56.0,,,0.363,cBioPortal,,False,56.0,,,,neutral,neutral,neutral,UP,neutral,neutral,stabilizing,,,,98.62,H,0.0164,2.4504,-4.2421,gain_of_function,-0.730428864883921,0.0040577481321874,Benign,0.2372,benign,https://doi.org/10.1101/2022.10.22.513328
Q131K,-0.42099,0.2551,0.0887685379941072,Neutral,Neutral,,,Uncertain,56.0,,,0.300,cBioPortal,,False,56.0,,,,neutral,neutral,neutral,UP,neutral,neutral,stabilizing,,,,98.62,H,-0.012,2.4504,-3.5163,loss_of_function,-0.687499945541376,0.0013283503006882,Benign,0.1543,benign,https://doi.org/10.1101/2022.10.22.513328
D132A,-0.33997,0.49422,-0.1335179448858764,Neutral,Neutral,,,Uncertain,48.0,,,0.289,cBioPortal,,False,48.0,,,,neutral,neutral,neutral,DOWN,neutral,neutral,neutral,,,,98.64,H,-0.0505,2.2041,-3.5443,loss_of_function,-0.526350841975278,0.019270829660122,Benign,0.2027,benign,https://doi.org/10.1101/2022.10.22.513328
A134G,1.97711,2.16871,2.170417924095288,Uncertain,Uncertain,,,,3.7,,,,clinvar,,False,3.7,,,,neutral,neutral,neutral,DOWN,neutral,neutral,neutral,1677688,Uncertain significance,1,98.68,H,-0.2159,0.436,-6.9277,loss_of_function,-2.51556330278949,0.0805424928182415,Benign,0.3927,ambiguous,https://doi.org/10.1101/2022.10.22.513328
A134T,3.75698,4.40408,2.170371672295842,Destabilizing,Uncertain,,,,3.7,,,0.916,"COSMIC,clinvar",,False,3.7,,,,neutral,neutral,neutral,UP,neutral,neutral,stabilizing,632871,Uncertain significance,1,98.68,H,-0.1951,0.436,-7.3428,loss_of_function,-1.28808840305824,0.6103983699864399,Uncertain,0.9599,pathogenic,https://doi.org/10.1101/2022.10.22.513328
A134V,4.42017,4.97007,1.872813317858864,Destabilizing,Uncertain,,,,3.7,,,0.873,COSMIC,,False,3.7,,,,neutral,neutral,neutral,UP,neutral,neutral,stabilizing,,,,98.68,H,-0.1951,0.436,-7.9277,loss_of_function,-3.45617738699395,0.280535895922563,Benign,0.9713,pathogenic,https://doi.org/10.1101/2022.10.22.513328
R135G,1.349,0.87313,1.161104988094244,Neutral,Neutral,,,Uncertain,80.1,,,0.576,cBioPortal,,False,80.1,,,,neutral,neutral,neutral,DOWN,neutral,neutral,neutral,,,,98.38,H,-0.1984,1.8334,-6.9218,loss_of_function,-1.11039999152858,0.6914149974285367,Pathogenic,0.1749,benign,https://doi.org/10.1101/2022.10.22.513328
R135I,0.76379,-0.17551,0.3316694641015982,Neutral,Neutral,,,Uncertain,80.1,,,0.586,cBioPortal,,False,80.1,,,,neutral,neutral,neutral,DOWN,neutral,neutral,neutral,,,,98.38,H,-0.2026,1.8334,-8.9217,loss_of_function,-2.15923858670779,0.5379107570151199,Uncertain,0.2149,benign,https://doi.org/10.1101/2022.10.22.513328
R135K,0.57481,-0.08095,0.2743540744138262,Neutral,Neutral,,,Uncertain,80.1,,,0.295,COSMIC,,False,80.1,,,,neutral,neutral,neutral,-,uncertain,uncertain,uncertain,,,,98.38,H,-0.0262,1.8334,-1.6272,loss_of_function,-0.282489345211981,0.0001010812959023,Benign,0.079,benign,https://doi.org/10.1101/2022.10.22.513328
R135T,1.32632,-0.00476,0.8178361488239574,Neutral,Neutral,,,Uncertain,80.1,,,0.480,"cBioPortal,COSMIC",,False,80.1,,,,neutral,neutral,neutral,DOWN,neutral,neutral,neutral,,,,98.38,H,-0.173,1.8334,-7.9218,loss_of_function,-0.973106925958574,0.0942265848446119,Benign,0.1905,benign,https://doi.org/10.1101/2022.10.22.513328
S136N,0.3361,-0.06293,-0.0061305038464382,Neutral,Neutral,,,Uncertain,69.9,,0.0000119440064975,0.274,"COSMIC,clinvar",,False,69.9,,,,uncertain,,,UP,neutral,neutral,stabilizing,503538,Uncertain significance,2,97.9,H,-0.0278,1.9829,-4.1055,loss_of_function,0.225636808266415,0.1148990296744896,Benign,0.1233,benign,https://doi.org/10.1101/2022.10.22.513328
S136R,-0.47899,0.00986,-0.6388302566347548,Neutral,Neutral,,,Uncertain,69.9,,,0.446,cBioPortal,,False,69.9,,,,uncertain,,,UP,neutral,neutral,stabilizing,,,,97.9,H,-0.1086,1.9829,-5.9129,loss_of_function,-0.492873283162713,0.0457315434669353,Benign,0.5343,ambiguous,https://doi.org/10.1101/2022.10.22.513328
G138E,2.83426,0.50306,0.8598129030235521,Uncertain,Uncertain,,,Uncertain,102.2,,0.0000039814940158,0.654,COSMIC,,False,102.2,,,,neutral,neutral,neutral,UP,neutral,neutral,stabilizing,,,,97.88,T,-0.3299,1.2301,-22.2125,loss_of_function,-2.62251035801976,0.4660019522986653,Uncertain,0.4271,ambiguous,https://doi.org/10.1101/2022.10.22.513328
G138R,1.29948,-0.05748,0.4802249080693821,Neutral,Neutral,,,Uncertain,102.2,,0.0000039815574260,0.878,COSMIC,,False,102.2,,,,neutral,neutral,neutral,UP,neutral,neutral,stabilizing,,,,97.88,T,-0.2689,1.2301,-6.9248,loss_of_function,-0.776369902149658,0.0452996108997304,Benign,0.3821,ambiguous,https://doi.org/10.1101/2022.10.22.513328
G138V,3.89353,4.73129,2.549515002183683,Destabilizing,Uncertain,,,Uncertain,102.2,,,0.705,cBioPortal,,False,102.2,,,,neutral,neutral,neutral,UP,neutral,neutral,stabilizing,,,,97.88,T,-0.3571,1.2301,-22.2125,loss_of_function,-2.57060398396903,0.8325231383885873,Pathogenic,0.7305,pathogenic,https://doi.org/10.1101/2022.10.22.513328
P140H,2.7202,1.25986,-0.0881494815436662,Uncertain,Uncertain,,,Uncertain,31.0,,,0.756,cBioPortal,,False,31.0,,,,neutral,neutral,neutral,UP,neutral,neutral,neutral,,,,98.74,-,-0.1587,1.4082,-6.9218,loss_of_function,-1.98589961762702,0.7946979395444493,Pathogenic,0.7178,pathogenic,https://doi.org/10.1101/2022.10.22.513328
P140S,3.1247,1.49014,0.6453286620626377,Uncertain,Uncertain,,,Uncertain,31.0,,,0.532,"cBioPortal,COSMIC,clinvar",,False,31.0,,,,neutral,neutral,neutral,DOWN,neutral,neutral,stabilizing,2036506,Uncertain significance,1,98.74,-,-0.1167,1.4082,-6.3369,loss_of_function,-1.57370161088956,0.4493633749889019,Uncertain,0.5804,pathogenic,https://doi.org/10.1101/2022.10.22.513328
E143G,3.21052,2.87789,2.202616797244368,Uncertain,Uncertain,,,Uncertain,21.8,,,0.895,COSMIC,,False,21.8,,,,neutral,neutral,neutral,DOWN,neutral,neutral,neutral,,,,98.76,E,-0.3091,0.4041,-22.2096,loss_of_function,-6.34472666897224,0.7470792691340213,Pathogenic,0.9637,pathogenic,https://doi.org/10.1101/2022.10.22.513328
E143K,1.67233,1.20544,1.193015365691645,Neutral,Neutral,,,Uncertain,21.8,,,0.883,COSMIC,,False,21.8,,,,neutral,neutral,neutral,UP,neutral,neutral,stabilizing,,,,98.76,E,-0.2232,0.4041,-6.1145,loss_of_function,-1.85092010043823,0.1499778139447491,Benign,0.9727,pathogenic,https://doi.org/10.1101/2022.10.22.513328
T144P,5.82921,2.63639,6.1721068398677055,Uncertain,Destabilizing,,,,0.0,,,0.907,"cBioPortal,COSMIC",P,False,0.0,11.342,,,uncertain,neutral,uncertain,-,uncertain,uncertain,uncertain,,,,98.82,E,-0.4464,0.4406,-22.2096,loss_of_function,-8.4143780509012,0.930433377245776,Pathogenic,0.9903,pathogenic,https://doi.org/10.1101/2022.10.22.513328
S145L,5.26817,2.96429,0.698234950407079,Uncertain,Uncertain,,,,0.0,,,0.860,COSMIC,,False,0.0,,,,uncertain,,,UP,neutral,neutral,neutral,,,,98.44,B,-0.3519,0.0643,-22.2066,loss_of_function,-6.68252173570257,0.905914251050744,Pathogenic,0.9966,pathogenic,https://doi.org/10.1101/2022.10.22.513328
A146I,-0.49893,2.11939,1.2123101775938732,Uncertain,Neutral,,,,4.2,,,,"cBioPortal,COSMIC",,False,4.2,,,,neutral,neutral,neutral,UP,neutral,neutral,neutral,,,,98.03,T,-0.2964,0.1729,-8.9187,loss_of_function,-6.89397066857537,0.866268513558803,Pathogenic,0.9983,pathogenic,https://doi.org/10.1101/2022.10.22.513328
A146P,-1.2424,2.11259,5.260550871776342,Uncertain,Uncertain,,,,4.2,,,0.935,"cBioPortal,COSMIC,clinvar",,False,4.2,,,,neutral,neutral,neutral,UP,neutral,neutral,neutral,375963,Pathogenic/Likely pathogenic,2,98.03,T,-0.446,0.1729,-22.2066,loss_of_function,-6.75903417615348,0.8259814963981049,Pathogenic,0.9965,pathogenic,https://doi.org/10.1101/2022.10.22.513328
A146S,1.65732,1.12755,1.3458798256166988,Neutral,Neutral,,,,4.2,,,0.875,"COSMIC,clinvar",,False,4.2,,,,neutral,neutral,neutral,-,uncertain,uncertain,uncertain,40461,Conflicting interpretations of pathogenicity,1,98.03,T,-0.2214,0.1729,-8.9187,loss_of_function,-3.28756337366875,0.412334144913287,Uncertain,0.8072,pathogenic,https://doi.org/10.1101/2022.10.22.513328
A146T,1.41668,1.77313,1.4147128410318948,Neutral,Neutral,,,,4.2,,,0.909,"cBioPortal,COSMIC,clinvar",,False,4.2,,,,neutral,neutral,neutral,UP,neutral,neutral,neutral,197243,Conflicting interpretations of pathogenicity,1,98.03,T,-0.2193,0.1729,-7.3339,loss_of_function,-0.440423669262927,0.1627431847111211,Benign,0.9895,pathogenic,https://doi.org/10.1101/2022.10.22.513328
A146V,-0.92024,1.25102,0.8905679318827037,Neutral,Neutral,,,,4.2,,,0.890,"cBioPortal,COSMIC,clinvar",,False,4.2,,,,neutral,neutral,neutral,UP,neutral,neutral,neutral,375962,Pathogenic,1,98.03,T,-0.2163,0.1729,-7.3339,loss_of_function,-3.45321083677975,0.5156448822970013,Uncertain,0.993,pathogenic,https://doi.org/10.1101/2022.10.22.513328
K147E,1.03908,1.05714,0.616048572213175,Neutral,Neutral,,,Uncertain,60.9,,,0.894,"cBioPortal,COSMIC,clinvar",,False,60.9,,,,neutral,neutral,neutral,DOWN,neutral,neutral,stabilizing,31941,Pathogenic/Likely pathogenic,2,97.4,T,-0.3413,0.0643,-22.2066,loss_of_function,-5.66041912132658,0.7718161493557043,Pathogenic,0.9892,pathogenic,https://doi.org/10.1101/2022.10.22.513328
K147M,-0.17999,0.83163,0.0887993630560612,Neutral,Neutral,,,Uncertain,60.9,,,,clinvar,,False,60.9,,,,neutral,neutral,neutral,DOWN,neutral,neutral,stabilizing,1803998,Likely pathogenic,1,97.4,T,-0.3265,0.0643,-22.2066,loss_of_function,-3.14727612695531,0.6601595398334242,Uncertain,0.9312,pathogenic,https://doi.org/10.1101/2022.10.22.513328
K147N,0.73124,1.83503,0.6183557500247927,Neutral,Neutral,,,Uncertain,60.9,,,0.707,"cBioPortal,COSMIC",,False,60.9,,,,neutral,neutral,neutral,DOWN,neutral,neutral,stabilizing,,,,97.4,T,-0.3347,0.0643,-22.2066,loss_of_function,-4.93533005028187,0.7362604287524125,Pathogenic,0.9964,pathogenic,https://doi.org/10.1101/2022.10.22.513328
K147R,0.1845,0.3119,-0.0615109628935872,Neutral,Neutral,,,Uncertain,60.9,,,0.686,"cBioPortal,clinvar",,False,60.9,,,,neutral,neutral,neutral,-,uncertain,uncertain,uncertain,431103,Pathogenic,1,97.4,T,-0.1822,0.0643,-8.9187,loss_of_function,-2.05272404489395,0.1301746541383023,Benign,0.2383,benign,https://doi.org/10.1101/2022.10.22.513328
K147T,1.0748,1.23265,0.577619285543208,Neutral,Neutral,,,Uncertain,60.9,,,0.916,"cBioPortal,COSMIC",,False,60.9,,,,neutral,neutral,neutral,DOWN,neutral,neutral,stabilizing,,,,97.4,T,-0.3384,0.0643,-22.2066,loss_of_function,-5.29437037466759,0.738593719753269,Pathogenic,0.9867,pathogenic,https://doi.org/10.1101/2022.10.22.513328
T148R,0.39927,1.1449,-0.2588170826840058,Neutral,Neutral,0.04224,0.13292,Neutral,58.8,,,,clinvar,P,False,58.8,4.0,,,damaging,damaging,uncertain,UP,neutral,neutral,neutral,2089677,Uncertain significance,1,97.2,T,-0.1927,1.6087,-8.9157,loss_of_function,-2.64626469079745,0.2592784935171253,Benign,0.7066,pathogenic,https://doi.org/10.1101/2022.10.22.513328
R149G,-0.82758,-0.34592,1.910018455832777,Neutral,Neutral,0.93708,-0.28231,Neutral,47.2,,,0.675,"cBioPortal,COSMIC",,True,47.2,,,,neutral,neutral,neutral,DOWN,neutral,neutral,stabilizing,,,,97.39,T,-0.2966,0.6928,-5.5939,loss_of_function,-1.33605118604779,0.1403726995516104,Benign,0.6972,pathogenic,https://doi.org/10.1101/2022.10.22.513328
R149K,-0.69013,0.60816,0.819754820285456,Neutral,Neutral,1.2342,0.02179,Uncertain,47.2,,,0.390,"cBioPortal,COSMIC",,True,47.2,,,,neutral,neutral,neutral,-,uncertain,uncertain,uncertain,,,,97.39,T,-0.1456,0.6928,-4.4564,loss_of_function,-0.529632769632614,0.1779021824244706,Benign,0.4533,ambiguous,https://doi.org/10.1101/2022.10.22.513328
R151S,1.48651,0.03878,1.9761888840831148,Neutral,Neutral,,-0.03719,Uncertain,53.4,,,0.345,cBioPortal,,True,53.4,,,,neutral,neutral,neutral,DOWN,neutral,neutral,stabilizing,,,,98.43,T,-0.1954,1.5905,-8.7779,loss_of_function,-0.435933680358667,0.0001800878005327,Benign,0.5049,ambiguous,https://doi.org/10.1101/2022.10.22.513328
R151T,2.44007,2.22959,1.927142650559465,Uncertain,Uncertain,,0.04544,Uncertain,53.4,,,0.358,"cBioPortal,COSMIC",,True,53.4,,,,neutral,neutral,neutral,DOWN,neutral,neutral,stabilizing,,,,98.43,T,-0.2675,1.5905,-22.0658,loss_of_function,-3.19816826701716,0.0029890802763241,Benign,0.6343,pathogenic,https://doi.org/10.1101/2022.10.22.513328
E153A,0.99142,0.15612,0.5235117506346229,Neutral,Neutral,,0.98667,Uncertain,40.6,,,,clinvar,,False,40.6,,,,neutral,neutral,neutral,DOWN,neutral,neutral,stabilizing,981551,Likely pathogenic,0,97.98,H,-0.1854,1.4599,-22.0658,loss_of_function,-3.15801893404279,0.6411677585710276,Uncertain,0.8267,pathogenic,https://doi.org/10.1101/2022.10.22.513328
E153V,0.64613,0.00782,-0.042598468743088,Neutral,Neutral,,0.19172,Uncertain,40.6,,,,clinvar,,False,40.6,,,,neutral,neutral,neutral,-,uncertain,uncertain,uncertain,637030,Likely pathogenic,1,97.98,H,-0.1987,1.4599,-22.0658,loss_of_function,-3.11511136840506,0.2598263525206958,Benign,0.9115,pathogenic,https://doi.org/10.1101/2022.10.22.513328
D154N,0.4668,0.62279,0.4766115950818678,Neutral,Neutral,-0.05314,-0.15038,Neutral,55.7,,,0.190,COSMIC,,True,55.7,,,,neutral,neutral,neutral,-,uncertain,uncertain,uncertain,,,,98.5,H,-0.0706,1.6498,-4.0232,loss_of_function,-1.42224137323799,0.0613739603343152,Benign,0.5153,ambiguous,https://doi.org/10.1101/2022.10.22.513328
A155D,5.06572,4.04864,3.24092348268212,Destabilizing,Destabilizing,0.07082,-0.16973,Neutral,0.3,,,0.824,"cBioPortal,COSMIC",,True,0.3,,,,neutral,neutral,neutral,UP,neutral,neutral,neutral,,,,98.81,H,-0.3251,1.0472,-22.0625,loss_of_function,-7.26085912452117,0.9379898498854348,Pathogenic,0.9969,pathogenic,https://doi.org/10.1101/2022.10.22.513328
F156L,1.93413,2.97789,2.626089761481393,Uncertain,Uncertain,0.04252,0.25002,Neutral,0.1,,,0.866,cBioPortal,,True,0.1,,,,neutral,neutral,neutral,DOWN,neutral,neutral,stabilizing,,,,98.7,H,-0.2669,0.1589,-7.7714,loss_of_function,-4.08267497058086,0.6156841245568101,Uncertain,0.9988,pathogenic,https://doi.org/10.1101/2022.10.22.513328
Y157D,3.56964,3.52381,2.943298651149692,Destabilizing,Uncertain,1.63754,0.14866,Uncertain,21.1,,,0.733,cBioPortal,P,True,21.1,0.333,,,damaging,damaging,potentially_damaging,DOWN,neutral,neutral,stabilizing,,,,98.6,H,-0.3611,1.1332,-22.0592,loss_of_function,-1.96368589228109,0.2041657827696988,Benign,0.8177,pathogenic,https://doi.org/10.1101/2022.10.22.513328
T158A,0.15399,0.39524,0.515155058842033,Neutral,Neutral,-0.0014,-0.0595,Neutral,23.7,,,0.375,"cBioPortal,COSMIC",P,True,23.7,0.795,,,damaging,neutral,potentially_damaging,DOWN,neutral,neutral,mixed_effects,,,,98.83,H,-0.0525,2.0244,-5.7682,loss_of_function,-0.284570439322667,0.0097228447460031,Benign,0.1255,benign,https://doi.org/10.1101/2022.10.22.513328
L159S,3.73994,5.17449,5.174465217775977,Destabilizing,Destabilizing,,,,0.0,,,0.854,"cBioPortal,COSMIC",,True,0.0,,,,neutral,neutral,neutral,DOWN,neutral,neutral,stabilizing,,,,98.84,H,-0.3746,0.8087,-22.0559,loss_of_function,-2.79948873769492,0.6723710287746881,Uncertain,0.9872,pathogenic,https://doi.org/10.1101/2022.10.22.513328
V160A,2.39148,2.01803,2.964284885478868,Uncertain,Uncertain,,,,0.0,,,0.581,cBioPortal,,True,0.0,,,,neutral,neutral,neutral,DOWN,neutral,neutral,stabilizing,,,,98.72,H,-0.2521,0.3277,-8.7647,loss_of_function,-0.67949038385147,0.638211242776539,Uncertain,0.9231,pathogenic,https://doi.org/10.1101/2022.10.22.513328
V160M,2.59576,4.4983,2.608095780109785,Uncertain,Uncertain,,,,0.0,3.18572793883e-05,0.0000199077871300,0.620,"cBioPortal,clinvar",,True,0.0,,,,neutral,neutral,neutral,UP,neutral,neutral,neutral,496492,Uncertain significance,2,98.72,H,-0.2618,0.3277,-8.7647,loss_of_function,-2.93667067320057,0.8565390664709172,Pathogenic,0.9779,pathogenic,https://doi.org/10.1101/2022.10.22.513328
R161G,1.49723,2.99558,2.7045519367094566,Uncertain,Uncertain,,,Uncertain,43.7,,,0.798,"cBioPortal,COSMIC",,True,43.7,,,,neutral,neutral,neutral,DOWN,neutral,neutral,stabilizing,,,,98.66,H,-0.4028,0.451,-22.0459,loss_of_function,-3.76900757079104,0.7567350318150816,Pathogenic,0.9361,pathogenic,https://doi.org/10.1101/2022.10.22.513328
R161Q,0.19239,0.7915,1.393883157124656,Neutral,Neutral,,,Uncertain,43.7,,,0.793,cBioPortal,,True,43.7,,,,neutral,neutral,neutral,DOWN,neutral,neutral,stabilizing,,,,98.66,H,-0.2743,0.451,-8.7581,loss_of_function,-0.910730836247214,0.7132442571935796,Pathogenic,0.5947,pathogenic,https://doi.org/10.1101/2022.10.22.513328
E162K,-0.01461,-0.29694,0.0757058428977797,Neutral,Neutral,,,Uncertain,26.1,,,,COSMIC,,True,26.1,,,,neutral,neutral,neutral,UP,neutral,neutral,neutral,,,,98.61,H,-0.18,0.9321,-7.1699,loss_of_function,-2.03634794592204,0.5171109118644398,Uncertain,0.7931,pathogenic,https://doi.org/10.1101/2022.10.22.513328
E162Q,-0.24497,-0.19252,-0.1819629882450507,Neutral,Neutral,,,Uncertain,26.1,,,0.420,COSMIC,,True,26.1,,,,neutral,neutral,neutral,UP,neutral,neutral,neutral,,,,98.61,H,-0.1177,0.9321,-4.6674,loss_of_function,-1.89995289562825,0.4266868620913134,Uncertain,0.4245,ambiguous,https://doi.org/10.1101/2022.10.22.513328
I163S,3.44514,4.57347,4.261497546442808,Destabilizing,Destabilizing,,,,1.3,,,0.920,"cBioPortal,COSMIC",,True,1.3,,,,neutral,neutral,neutral,DOWN,neutral,neutral,stabilizing,,,,98.49,H,-0.3587,0.3163,-6.7515,loss_of_function,-2.76484201179281,0.4425895378346459,Uncertain,0.969,pathogenic,https://doi.org/10.1101/2022.10.22.513328
R164Q,0.53552,0.55782,1.1202299136208596,Neutral,Neutral,,,Uncertain,21.0,,0.0000199069945216,0.396,"cBioPortal,COSMIC,clinvar",,False,21.0,,,,neutral,neutral,neutral,DOWN,neutral,neutral,stabilizing,987793,Uncertain significance,1,97.84,H,-0.2252,0.854,-6.3957,loss_of_function,-0.494907657187409,0.5744159793901724,Uncertain,0.523,ambiguous,https://doi.org/10.1101/2022.10.22.513328
Y166H,1.49489,0.9,0.7557784417683913,Neutral,Neutral,,,Uncertain,26.1,,0.0000079621637976,0.248,"cBioPortal,clinvar",,False,26.1,,,,uncertain,,,DOWN,neutral,neutral,stabilizing,386200,Likely benign,2,96.69,H,-0.0147,2.6151,-1.7806,loss_of_function,-0.0799494792882393,9.6161335853548e-05,Benign,0.1373,benign,https://doi.org/10.1101/2022.10.22.513328
Y166N,2.24334,2.21463,1.6859426068909606,Uncertain,Uncertain,,,Uncertain,26.1,,,,clinvar,,False,26.1,,,,uncertain,,,DOWN,neutral,neutral,stabilizing,46539,Likely benign,1,96.69,H,-0.1291,2.6151,-7.4387,loss_of_function,-0.106328366787156,0.0203205049977429,Benign,0.1834,benign,https://doi.org/10.1101/2022.10.22.513328
R167I,0.08583,1.64014,-0.0421060585562049,Neutral,Neutral,,,Uncertain,38.0,,,0.412,cBioPortal,,False,38.0,,,,neutral,neutral,neutral,DOWN,neutral,neutral,stabilizing,,,,95.17,H,-0.2344,2.1808,-21.4067,loss_of_function,-1.2219163407956,0.0759941379527083,Benign,0.6481,pathogenic,https://doi.org/10.1101/2022.10.22.513328
R167T,0.85101,2.7602,0.8268450435081534,Uncertain,Neutral,,,Uncertain,38.0,,,0.273,"cBioPortal,clinvar",,False,38.0,,,,neutral,neutral,neutral,DOWN,neutral,neutral,stabilizing,981552,Likely benign,0,95.17,H,-0.1302,2.1808,-5.797,loss_of_function,-1.32299203778453,0.0079572195099751,Benign,0.6307,pathogenic,https://doi.org/10.1101/2022.10.22.513328
K170N,-0.13154,0.44252,0.2871332388816666,Neutral,Neutral,,,Uncertain,59.9,,,0.144,COSMIC,,True,59.9,,,,neutral,neutral,neutral,DOWN,neutral,neutral,stabilizing,,,,88.64,H,-0.0345,2.3686,-4.9425,loss_of_function,-0.265314933270755,,,0.2332,benign,https://doi.org/10.1101/2022.10.22.513328
K170Q,0.29307,0.08401,0.1522411041674054,Neutral,Neutral,,,Uncertain,59.9,,,0.130,"cBioPortal,COSMIC",,True,59.9,,,,neutral,neutral,neutral,DOWN,neutral,neutral,stabilizing,,,,88.64,H,-0.0139,2.3686,-4.6206,loss_of_function,-0.557239285685751,,,0.1226,benign,https://doi.org/10.1101/2022.10.22.513328
I171M,-0.52799,0.59286,0.3115923582830332,Neutral,Neutral,,,Uncertain,70.5,3.18857215739e-05,0.0000159231865481,0.119,cBioPortal,,True,70.5,,,,neutral,neutral,neutral,-,uncertain,uncertain,uncertain,,,,87.66,H,0.0727,3.228,-4.0568,gain_of_function,-0.0043399536173391,,,0.0728,benign,https://doi.org/10.1101/2022.10.22.513328
I171T,0.36202,0.56293,0.7751902973998284,Neutral,Neutral,,,Uncertain,70.5,,,,clinvar,,True,70.5,,,,neutral,neutral,neutral,DOWN,neutral,neutral,stabilizing,372611,Uncertain significance,1,87.66,H,0.0056,3.228,-4.1637,gain_of_function,-0.121823632586645,,,0.1085,benign,https://doi.org/10.1101/2022.10.22.513328
K176Q,0.1939,0.09184,0.3302274311034747,Neutral,Neutral,,,Uncertain,89.1,,,0.108,"cBioPortal,COSMIC",,True,89.1,,,,neutral,neutral,neutral,DOWN,neutral,neutral,stabilizing,,,,63.99,T,0.0303,2.8971,-5.4918,gain_of_function,-0.106035406997863,,,0.0971,benign,https://doi.org/10.1101/2022.10.22.513328
K176R,-0.29195,-0.06633,-0.0696523162196249,Neutral,Neutral,,,Uncertain,89.1,,,0.077,COSMIC,,True,89.1,,,,neutral,neutral,neutral,-,uncertain,uncertain,uncertain,,,,63.99,T,0.1035,2.8971,-4.0064,gain_of_function,-0.152121564901613,,,0.0796,benign,https://doi.org/10.1101/2022.10.22.513328
K176T,0.35263,-0.38878,0.1775548808544053,Neutral,Neutral,,,Uncertain,89.1,,,0.214,COSMIC,,True,89.1,,,,neutral,neutral,neutral,DOWN,neutral,neutral,stabilizing,,,,63.99,T,0.0075,2.8971,-5.4918,gain_of_function,-0.0865069902968224,,,0.0825,benign,https://doi.org/10.1101/2022.10.22.513328
