Mutation,"Stability (FoldX5, alphafold, kcal/mol)","Stability (Rosetta Cartddg2020, alphafold, kcal/mol)","Stability (RaSP, alphafold, kcal/mol)","Stability classification, alphafold, (Rosetta, FoldX)","Stability classification, alphafold, (RaSP, FoldX)",Relative Side Chain Solvent Accessibility in wild-type,gnomAD genome allele frequency,gnomAD exome allele frequency,REVEL score,Mutation sources,PTMs,is site part of phospho-SLiM,PTM residue SASA (%),"Change in stability with PTM (FoldX5, kcal/mol)","Change in binding with PTM (FoldX5, kcal/mol)","Change in binding with mutation (FoldX5, kcal/mol)",PTM effect in regulation,PTM effect in stability,PTM effect in function,AlloSigma2 mutation type,AlloSigma2 predicted consequence - active sites,AlloSigma2 predicted consequence - cofactor sites,AlloSigma2 predicted consequence - pockets and interfaces,ClinVar Variation ID,ClinVar Interpretation,ClinVar Review Status,AlphaFold2 model pLDDT score,AlphaFold2 model secondary structure,DeMaSk delta fitness,DeMaSk Shannon entropy,DeMaSk log2 variant frequency,DeMaSk predicted consequence,GEMME Score,EVE score,EVE classification (25% Uncertain),AlphaMissense pathogenicity score,AlphaMissense classification,References
M1L,0.03137,-0.60442,-0.2156414894098735,Neutral,Neutral,32.9,,,,COSMIC,,True,32.9,,,,neutral,neutral,neutral,-,uncertain,uncertain,uncertain,,,,54.65,-,-0.184,0.1987,-5.8454,loss_of_function,-0.622844766970437,,,0.1603,benign,https://doi.org/10.1101/2022.10.22.513328
M1T,1.38186,1.22585,1.256049118500779,Neutral,Neutral,32.9,,,,mutations_clinvar,,True,32.9,,,,neutral,neutral,neutral,DOWN,neutral,neutral,mixed_effects,1806008,Uncertain significance,1,54.65,-,-0.3438,0.1987,-20.1332,loss_of_function,-0.925934114640027,,,0.7002,pathogenic,https://doi.org/10.1101/2022.10.22.513328
M1V,0.23476,1.07415,0.5856429954226463,Neutral,Neutral,32.9,,,,"COSMIC,mutations_clinvar",,True,32.9,,,,neutral,neutral,neutral,DOWN,neutral,neutral,mixed_effects,844646,Uncertain significance,2,54.65,-,-0.322,0.1987,-20.1332,loss_of_function,-0.622844766970437,,,0.1301,benign,https://doi.org/10.1101/2022.10.22.513328
P2L,0.28484,-0.86667,-0.2654911951060584,Neutral,Neutral,55.3,,,0.516,cBioPortal,,True,55.3,,,,neutral,neutral,neutral,UP,neutral,neutral,stabilizing,,,,76.76,-,-0.2474,1.2856,-20.1457,loss_of_function,-0.326163846468623,,,0.2152,benign,https://doi.org/10.1101/2022.10.22.513328
P2S,0.65674,0.73231,0.1740630458086606,Neutral,Neutral,55.3,,,0.345,"cBioPortal,mutations_clinvar",,True,55.3,,,,neutral,neutral,neutral,DOWN,neutral,neutral,neutral,2397767,Uncertain significance,1,76.76,-,-0.1984,1.2856,-20.1457,loss_of_function,-0.308598170134104,,,0.1541,benign,https://doi.org/10.1101/2022.10.22.513328
R4L,0.19529,1.35816,-0.3107317441395169,Neutral,Neutral,11.9,,5.0859008656e-06,0.456,cBioPortal,,True,11.9,,,,neutral,neutral,neutral,DOWN,neutral,neutral,neutral,,,,81.93,-,-0.1225,2.3012,-6.9424,loss_of_function,-0.810008644548524,,,0.7107,pathogenic,https://doi.org/10.1101/2022.10.22.513328
R4P,0.71904,0.68537,2.059996249014592,Neutral,Uncertain,11.9,,,,mutations_clinvar,,True,11.9,,,,neutral,neutral,neutral,DOWN,neutral,neutral,neutral,1311835,Uncertain significance,1,81.93,-,-0.33,2.3012,-20.2303,loss_of_function,-1.09021766884726,,,0.6721,pathogenic,https://doi.org/10.1101/2022.10.22.513328
R4Q,0.12998,1.43333,0.927113890914536,Neutral,Neutral,11.9,,,0.353,"cBioPortal,COSMIC",,True,11.9,,,,neutral,neutral,neutral,DOWN,neutral,neutral,neutral,,,,81.93,-,-0.1626,2.3012,-20.2303,loss_of_function,-0.962930764906548,,,0.671,pathogenic,https://doi.org/10.1101/2022.10.22.513328
S6L,-0.79738,-1.13946,-0.5193643261756214,Neutral,Neutral,52.5,,,0.521,"cBioPortal,COSMIC",,True,52.5,,,,uncertain,,,UP,neutral,neutral,neutral,,,,84.05,S,-0.0898,2.0875,-7.3397,loss_of_function,-1.06537558164887,,,0.8583,pathogenic,https://doi.org/10.1101/2022.10.22.513328
S7L,1.45496,0.13741,-0.9600453136969168,Neutral,Neutral,8.2,,,0.514,cBioPortal,,True,8.2,,,,uncertain,,,UP,neutral,neutral,neutral,,,,82.6,S,-0.1329,2.3559,-20.6276,loss_of_function,-0.444141699735878,,,0.9264,pathogenic,https://doi.org/10.1101/2022.10.22.513328
G8A,1.2793,1.53707,0.181749010808207,Neutral,Neutral,0.8,,,0.359,cBioPortal,,False,0.8,,,,neutral,neutral,neutral,UP,neutral,neutral,neutral,,,,83.67,-,-0.0584,2.7106,-7.3836,loss_of_function,-0.972743062876099,,,0.8763,pathogenic,https://doi.org/10.1101/2022.10.22.513328
G8D,4.97843,6.25748,1.6356792052913698,Destabilizing,Uncertain,0.8,,,0.522,"cBioPortal,COSMIC",,False,0.8,,,,neutral,neutral,neutral,UP,neutral,neutral,neutral,,,,83.67,-,-0.1106,2.7106,-5.7987,loss_of_function,-0.697132647725959,,,0.9772,pathogenic,https://doi.org/10.1101/2022.10.22.513328
E9G,3.15283,3.72347,2.791944728289636,Destabilizing,Uncertain,6.6,,,0.613,"cBioPortal,COSMIC",,False,6.6,,,,neutral,neutral,neutral,DOWN,neutral,neutral,neutral,,,,91.45,S,-0.0919,1.8876,-6.4093,loss_of_function,-1.91857073780705,,,0.9505,pathogenic,https://doi.org/10.1101/2022.10.22.513328
E9Q,1.6475,0.9602,1.419517451038785,Neutral,Neutral,6.6,,,0.397,cBioPortal,,False,6.6,,,,neutral,neutral,neutral,UP,neutral,neutral,neutral,,,,91.45,S,-0.0336,1.8876,-5.4094,loss_of_function,-1.90716443514142,,,0.9416,pathogenic,https://doi.org/10.1101/2022.10.22.513328
L10P,5.85574,8.80612,7.511714860178534,Destabilizing,Destabilizing,3.1,,,0.808,"cBioPortal,COSMIC,mutations_clinvar",,False,3.1,,,,neutral,neutral,neutral,DOWN,neutral,neutral,neutral,2500565,Uncertain significance,1,93.81,B,-0.227,2.1775,-7.4261,loss_of_function,-2.29487276214733,,,0.9865,pathogenic,https://doi.org/10.1101/2022.10.22.513328
L10Q,3.34995,2.42245,2.8132597866862894,Uncertain,Uncertain,3.1,,,0.697,cBioPortal,,False,3.1,,,,neutral,neutral,neutral,DOWN,neutral,neutral,neutral,,,,93.81,B,-0.1592,2.1775,-6.4262,loss_of_function,-1.02575769697975,,,0.9735,pathogenic,https://doi.org/10.1101/2022.10.22.513328
L10R,2.36193,2.49966,3.318375068336753,Uncertain,Uncertain,3.1,,,0.806,"cBioPortal,COSMIC",,False,3.1,,,,neutral,neutral,neutral,UP,neutral,neutral,neutral,,,,93.81,B,-0.2916,2.1775,-20.714,loss_of_function,-2.29487276214733,,,0.9526,pathogenic,https://doi.org/10.1101/2022.10.22.513328
W11C,0.48782,2.03265,5.229737593763448,Uncertain,Uncertain,56.4,,,0.896,cBioPortal,,False,56.4,,,,neutral,neutral,neutral,DOWN,neutral,neutral,destabilizing,,,,92.3,T,-0.4602,0.4861,-20.7553,loss_of_function,-3.90037457222502,,,0.9948,pathogenic,https://doi.org/10.1101/2022.10.22.513328
W11G,1.99583,3.13912,5.787062667350569,Uncertain,Uncertain,56.4,,,0.895,"cBioPortal,COSMIC",,False,56.4,,,,neutral,neutral,neutral,DOWN,neutral,neutral,destabilizing,,,,92.3,T,-0.4417,0.4861,-7.4675,loss_of_function,-3.90037457222502,,,0.9473,pathogenic,https://doi.org/10.1101/2022.10.22.513328
W11L,-1.02734,0.88844,3.6475033023437766,Neutral,Uncertain,56.4,,,0.800,"cBioPortal,COSMIC",,False,56.4,,,,neutral,neutral,neutral,DOWN,neutral,neutral,destabilizing,,,,92.3,T,-0.4717,0.4861,-20.7553,loss_of_function,-3.90037457222502,,,0.9608,pathogenic,https://doi.org/10.1101/2022.10.22.513328
W11R,0.24922,2.01769,4.4795420555061005,Uncertain,Uncertain,56.4,,,0.911,cBioPortal,,False,56.4,,,,neutral,neutral,neutral,DOWN,neutral,neutral,destabilizing,,,,92.3,T,-0.4403,0.4861,-7.4675,loss_of_function,-3.90037457222502,,,0.9979,pathogenic,https://doi.org/10.1101/2022.10.22.513328
W11S,0.7959,2.0483,5.348369714654784,Uncertain,Uncertain,56.4,,,0.813,"cBioPortal,COSMIC",,False,56.4,,,,neutral,neutral,neutral,DOWN,neutral,neutral,destabilizing,,,,92.3,T,-0.5224,0.4861,-20.7553,loss_of_function,-3.90037457222502,,,0.9843,pathogenic,https://doi.org/10.1101/2022.10.22.513328
G12C,2.10749,1.29116,1.4654232366599336,Uncertain,Uncertain,111.5,,,0.656,COSMIC,,False,111.5,,,,neutral,neutral,neutral,UP,neutral,neutral,neutral,,,,89.88,T,-0.1544,2.3226,-7.4756,loss_of_function,-1.27003602229487,,,0.9118,pathogenic,https://doi.org/10.1101/2022.10.22.513328
G12D,2.09229,0.2398,0.5516343495275335,Uncertain,Uncertain,111.5,,,0.579,"cBioPortal,COSMIC",,False,111.5,,,,neutral,neutral,neutral,UP,neutral,neutral,neutral,,,,89.88,T,-0.1345,2.3226,-3.4757,loss_of_function,-0.799098169058362,,,0.9413,pathogenic,https://doi.org/10.1101/2022.10.22.513328
G12V,4.37683,5.00816,1.9715589838624883,Destabilizing,Uncertain,111.5,,,0.659,"cBioPortal,COSMIC",,False,111.5,,,,neutral,neutral,neutral,UP,neutral,neutral,neutral,,,,89.88,T,-0.1814,2.3226,-7.4756,loss_of_function,-1.00544174319169,,,0.9446,pathogenic,https://doi.org/10.1101/2022.10.22.513328
I13S,1.98434,1.61463,1.9762013118459096,Neutral,Neutral,56.3,,,0.372,cBioPortal,,False,56.3,,,,neutral,neutral,neutral,DOWN,neutral,neutral,neutral,,,,89.79,B,-0.0457,3.6447,-5.4346,loss_of_function,-0.421792627596565,,,0.331,benign,https://doi.org/10.1101/2022.10.22.513328
I13T,1.07862,1.0449,1.4533571705551602,Neutral,Neutral,56.3,,,0.360,"cBioPortal,COSMIC",,False,56.3,,,,neutral,neutral,neutral,DOWN,neutral,neutral,neutral,,,,89.79,B,0.0323,3.6447,-6.4346,gain_of_function,-0.615822249928533,,,0.3645,ambiguous,https://doi.org/10.1101/2022.10.22.513328
I13V,0.76865,0.30068,0.8003207576799084,Neutral,Neutral,56.3,,,,mutations_clinvar,,False,56.3,,,,neutral,neutral,neutral,DOWN,neutral,neutral,neutral,1470592,Uncertain significance,1,89.79,B,0.1597,3.6447,-3.4346,gain_of_function,-0.424049551365671,,,0.0919,benign,https://doi.org/10.1101/2022.10.22.513328
H14Q,0.22566,1.05272,1.313361935747681,Neutral,Neutral,24.0,,,,mutations_clinvar,,False,24.0,,,,neutral,neutral,neutral,DOWN,neutral,neutral,neutral,1739523,Uncertain significance,1,86.52,S,0.0506,2.5248,-5.8579,gain_of_function,-0.757207268329424,,,0.561,ambiguous,https://doi.org/10.1101/2022.10.22.513328
H14Y,-0.6817,-0.1568,-0.2489214919283311,Neutral,Neutral,24.0,,,0.601,"cBioPortal,COSMIC,mutations_clinvar",,False,24.0,,,,neutral,neutral,neutral,UP,neutral,neutral,neutral,650566,Uncertain significance,1,86.52,S,0.0492,2.5248,-5.4429,gain_of_function,-0.161394472842717,,,0.2589,benign,https://doi.org/10.1101/2022.10.22.513328
L15F,0.15921,0.81497,0.3064655455514253,Neutral,Neutral,17.7,,,,mutations_clinvar,,False,17.7,,,,neutral,neutral,neutral,UP,neutral,neutral,neutral,1741804,Uncertain significance,1,89.89,S,-0.0345,2.5812,-6.375,loss_of_function,-0.689012681429565,,,0.3626,ambiguous,https://doi.org/10.1101/2022.10.22.513328
L15S,1.35441,2.21122,2.6694397399652714,Uncertain,Uncertain,17.7,,,0.553,cBioPortal,,False,17.7,,,,neutral,neutral,neutral,DOWN,neutral,neutral,neutral,,,,89.89,S,-0.1098,2.5812,-2.1271,loss_of_function,-0.598982351375013,,,0.7696,pathogenic,https://doi.org/10.1101/2022.10.22.513328
L15W,1.38766,1.37857,0.2321598803496904,Neutral,Neutral,17.7,,,,mutations_clinvar,,False,17.7,,,,neutral,neutral,neutral,UP,neutral,neutral,neutral,1741046,Uncertain significance,1,89.89,S,-0.2066,2.5812,-20.6628,loss_of_function,-1.46688327215716,,,0.6945,pathogenic,https://doi.org/10.1101/2022.10.22.513328
M16I,2.2221,1.24558,1.2687778503264404,Uncertain,Uncertain,0.1,,,0.468,"cBioPortal,COSMIC",,True,0.1,,,,neutral,neutral,neutral,-,uncertain,uncertain,uncertain,,,,93.63,-,0.0164,2.8255,-7.4675,gain_of_function,-0.795887652378263,,,0.9865,pathogenic,https://doi.org/10.1101/2022.10.22.513328
M16T,4.70059,2.86395,2.5569786612002803,Uncertain,Uncertain,0.1,,,0.550,cBioPortal,,True,0.1,,,,neutral,neutral,neutral,DOWN,neutral,neutral,mixed_effects,,,,93.63,-,-0.0213,2.8255,-4.2977,loss_of_function,-0.774172511130841,,,0.9928,pathogenic,https://doi.org/10.1101/2022.10.22.513328
M16V,3.36252,2.15408,1.5864394675709543,Uncertain,Uncertain,0.1,,,0.534,COSMIC,,True,0.1,,,,neutral,neutral,neutral,DOWN,neutral,neutral,mixed_effects,,,,93.63,-,-0.0076,2.8255,-5.8826,loss_of_function,-0.823636183566685,,,0.8924,pathogenic,https://doi.org/10.1101/2022.10.22.513328
P17H,2.42866,1.19422,-0.6595746074104863,Uncertain,Uncertain,58.5,,,0.581,cBioPortal,,True,58.5,,,,neutral,neutral,neutral,UP,neutral,neutral,neutral,,,,93.23,-,-0.1796,1.9558,-20.8876,loss_of_function,-1.36509713029085,,,0.9217,pathogenic,https://doi.org/10.1101/2022.10.22.513328
P17S,2.18016,1.39864,-0.3051638194558703,Uncertain,Uncertain,58.5,,,0.498,"cBioPortal,COSMIC",,True,58.5,,,,neutral,neutral,neutral,DOWN,neutral,neutral,neutral,,,,93.23,-,-0.051,1.9558,-3.352,loss_of_function,-0.985745698241708,,,0.8298,pathogenic,https://doi.org/10.1101/2022.10.22.513328
P18L,0.87363,0.12313,-0.525576242544285,Neutral,Neutral,85.8,,,0.566,"cBioPortal,COSMIC",,True,85.8,,,,neutral,neutral,neutral,UP,neutral,neutral,neutral,,,,92.5,S,-0.0315,2.9396,-7.6509,loss_of_function,-1.14594338940232,,,0.3456,ambiguous,https://doi.org/10.1101/2022.10.22.513328
P18S,1.79589,0.8466,0.1883371669666017,Neutral,Neutral,85.8,,,,mutations_clinvar,,True,85.8,,,,neutral,neutral,neutral,DOWN,neutral,neutral,neutral,2567737,Uncertain significance,1,92.5,S,0.04,2.9396,-3.2587,gain_of_function,-0.735796891176833,,,0.1502,benign,https://doi.org/10.1101/2022.10.22.513328
R19I,0.10741,-0.73571,0.0198456400617053,Neutral,Neutral,60.5,,,0.295,cBioPortal,,True,60.5,,,,neutral,neutral,neutral,DOWN,neutral,neutral,neutral,,,,96.4,E,-0.0541,3.2989,-6.2479,loss_of_function,-0.396441603743397,,,0.3549,ambiguous,https://doi.org/10.1101/2022.10.22.513328
R19K,-0.21713,-0.34082,1.2642660074793677,Neutral,Neutral,60.5,,,0.162,"cBioPortal,COSMIC",,True,60.5,,,,neutral,neutral,neutral,-,uncertain,uncertain,uncertain,,,,96.4,E,0.0946,3.2989,-4.3735,gain_of_function,-0.0180182655441593,,,0.0889,benign,https://doi.org/10.1101/2022.10.22.513328
I20M,-0.25927,0.77653,1.2346321927409534,Neutral,Neutral,12.7,,,0.511,"cBioPortal,COSMIC",,True,12.7,,,,neutral,neutral,neutral,-,uncertain,uncertain,uncertain,,,,97.33,E,-0.1818,1.4411,-21.7013,loss_of_function,-0.884658543005511,,,0.2889,benign,https://doi.org/10.1101/2022.10.22.513328
L21I,0.75588,0.0966,0.3254899291154806,Neutral,Neutral,71.1,,,,COSMIC,,False,71.1,,,,neutral,neutral,neutral,-,uncertain,uncertain,uncertain,,,,97.86,E,0.1292,3.6629,-5.4346,gain_of_function,-0.143662156665918,,,0.0671,benign,https://doi.org/10.1101/2022.10.22.513328
C24S,2.27615,1.41259,2.581520074419349,Uncertain,Uncertain,0.0,,,0.795,"cBioPortal,COSMIC",,False,0.0,,,,neutral,neutral,neutral,DOWN,neutral,neutral,neutral,,,,98.35,E,-0.3435,1.4958,-21.8152,loss_of_function,-2.29664085696831,,,0.9353,pathogenic,https://doi.org/10.1101/2022.10.22.513328
P27L,2.33672,1.35068,-1.083165070732182,Uncertain,Uncertain,24.7,,,0.838,COSMIC,,False,24.7,,,,neutral,neutral,neutral,UP,neutral,neutral,neutral,,,,96.96,T,-0.3744,0.0001,-21.8461,loss_of_function,-4.04139133553862,,,0.9915,pathogenic,https://doi.org/10.1101/2022.10.22.513328
P27T,2.77798,1.39762,-0.053122858575223,Uncertain,Uncertain,24.7,,,0.893,"cBioPortal,COSMIC",,False,24.7,,,,neutral,neutral,neutral,-,uncertain,uncertain,uncertain,,,,96.96,T,-0.3375,0.0001,-21.8461,loss_of_function,-4.32358541568819,,,0.9938,pathogenic,https://doi.org/10.1101/2022.10.22.513328
G29E,3.68119,1.13673,1.4878275112109107,Uncertain,Uncertain,109.2,,,0.844,cBioPortal,,False,109.2,,,,neutral,neutral,neutral,UP,neutral,neutral,neutral,,,,95.9,S,-0.4045,0.3993,-21.8461,loss_of_function,-2.3640076326063,,,0.9965,pathogenic,https://doi.org/10.1101/2022.10.22.513328
M30I,-0.14191,-0.1602,-0.1475357997558957,Neutral,Neutral,31.4,,,0.346,"cBioPortal,COSMIC",,True,31.4,,,,neutral,neutral,neutral,-,uncertain,uncertain,uncertain,,,,97.02,-,-0.0319,1.9342,-0.8511,loss_of_function,-0.0666170511532853,,,0.2357,benign,https://doi.org/10.1101/2022.10.22.513328
I31L,0.0467,0.66395,0.3856500293864073,Neutral,Neutral,65.9,,,,mutations_clinvar,,True,65.9,,,,neutral,neutral,neutral,-,uncertain,uncertain,uncertain,860562,Uncertain significance,2,97.93,E,0.0059,2.3705,-2.7771,gain_of_function,-0.0837305743798717,,,0.0754,benign,https://doi.org/10.1101/2022.10.22.513328
I31M,0.53283,1.53401,0.8573660475022227,Neutral,Neutral,65.9,,,0.286,"cBioPortal,COSMIC,mutations_clinvar",,True,65.9,,,,neutral,neutral,neutral,-,uncertain,uncertain,uncertain,1296992,Uncertain significance,3,97.93,E,-0.0093,2.3705,-4.6515,loss_of_function,-0.0494871477340536,,,0.0698,benign,https://doi.org/10.1101/2022.10.22.513328
T33I,-0.61893,-0.28503,-0.6674532386186421,Neutral,Neutral,45.1,,,,mutations_clinvar,,True,45.1,,,,uncertain,,,UP,neutral,neutral,neutral,1768548,Uncertain significance,1,97.49,E,0.0166,3.1007,-6.5584,gain_of_function,-0.0932025678827029,,,0.1401,benign,https://doi.org/10.1101/2022.10.22.513328
E35Q,-0.06879,0.38776,0.5682892205520792,Neutral,Neutral,48.1,,,,mutations_clinvar,,True,48.1,,,,neutral,neutral,neutral,UP,neutral,neutral,neutral,1386000,Uncertain significance,1,97.89,E,0.0843,3.1452,-4.9773,gain_of_function,-0.4374847588367,,,0.1977,benign,https://doi.org/10.1101/2022.10.22.513328
C36R,0.66788,4.94014,3.4412074681828413,Uncertain,Uncertain,6.7,,4.0306653016e-06,0.854,cBioPortal,,True,6.7,,,,neutral,neutral,neutral,UP,neutral,neutral,neutral,,,,97.4,E,-0.3839,1.7273,-21.8576,loss_of_function,-3.93798868637736,,,0.9864,pathogenic,https://doi.org/10.1101/2022.10.22.513328
C36Y,5.02087,6.82313,2.6009739565210825,Destabilizing,Uncertain,6.7,,,0.723,"cBioPortal,COSMIC",,True,6.7,,,,neutral,neutral,neutral,UP,neutral,neutral,neutral,,,,97.4,E,-0.262,1.7273,-7.5698,loss_of_function,-2.51358981053273,,,0.9442,pathogenic,https://doi.org/10.1101/2022.10.22.513328
L37F,0.01678,0.35918,0.4988662053232745,Neutral,Neutral,65.9,,,0.295,COSMIC,,True,65.9,,,,neutral,neutral,neutral,UP,neutral,neutral,neutral,,,,96.72,E,-0.0234,2.8242,-8.5697,loss_of_function,-2.27090466425032,,,0.1205,benign,https://doi.org/10.1101/2022.10.22.513328
R38C,5.36809,2.03469,1.144184404783695,Uncertain,Uncertain,0.1,,0.0,0.737,"cBioPortal,COSMIC,mutations_clinvar",,True,0.1,,,,neutral,neutral,neutral,DOWN,neutral,neutral,neutral,376493,Uncertain significance,2,94.48,T,-0.12,2.2379,-4.0463,loss_of_function,-1.41150906244249,,,0.9708,pathogenic,https://doi.org/10.1101/2022.10.22.513328
R38G,5.60177,2.86939,1.9274034432042253,Uncertain,Uncertain,0.1,,,0.777,"COSMIC,mutations_clinvar",,True,0.1,,,,neutral,neutral,neutral,DOWN,neutral,neutral,neutral,376496,Likely pathogenic,0,94.48,T,-0.1594,2.2379,-6.5698,loss_of_function,-1.40088756429716,,,0.9853,pathogenic,https://doi.org/10.1101/2022.10.22.513328
R38H,7.58748,2.76224,1.4470514962103256,Uncertain,Uncertain,0.1,,4.0214908471e-06,0.654,"cBioPortal,COSMIC,mutations_clinvar",,True,0.1,,,,neutral,neutral,neutral,DOWN,neutral,neutral,neutral,376492,Likely pathogenic,0,94.48,T,-0.0896,2.2379,-5.7625,loss_of_function,-1.77242830821667,,,0.9569,pathogenic,https://doi.org/10.1101/2022.10.22.513328
R38L,3.98486,0.9966,-0.0249853861423715,Uncertain,Uncertain,0.1,,,0.822,"cBioPortal,COSMIC,mutations_clinvar",,True,0.1,,,,neutral,neutral,neutral,DOWN,neutral,neutral,neutral,376495,Likely pathogenic,0,94.48,T,-0.1264,2.2379,-6.5698,loss_of_function,-1.6921851485057,,,0.9881,pathogenic,https://doi.org/10.1101/2022.10.22.513328
R38P,5.25641,2.35884,4.997528262229537,Uncertain,Destabilizing,0.1,,,0.797,cBioPortal,,True,0.1,,,,neutral,neutral,neutral,DOWN,neutral,neutral,neutral,,,,94.48,T,-0.2601,2.2379,-5.3999,loss_of_function,-1.83039626415657,,,0.9855,pathogenic,https://doi.org/10.1101/2022.10.22.513328
R38S,5.46576,1.90034,1.229991735581375,Uncertain,Uncertain,0.1,,,0.703,"cBioPortal,COSMIC,mutations_clinvar",,True,0.1,,,,neutral,neutral,neutral,DOWN,neutral,neutral,neutral,376494,Likely pathogenic,0,94.48,T,-0.1153,2.2379,-4.7625,loss_of_function,-1.42847358665518,,,0.9958,pathogenic,https://doi.org/10.1101/2022.10.22.513328
E39D,2.00231,0.82959,0.6248259493882216,Uncertain,Uncertain,34.0,,,0.251,"cBioPortal,COSMIC",,True,34.0,,,,neutral,neutral,neutral,DOWN,neutral,neutral,neutral,,,,93.64,T,0.0435,2.4963,-2.6157,gain_of_function,-0.459386947695509,,,0.3281,benign,https://doi.org/10.1101/2022.10.22.513328
E39G,3.00824,1.92449,1.5697496941046718,Uncertain,Uncertain,34.0,,,0.791,"cBioPortal,COSMIC",,True,34.0,,,,neutral,neutral,neutral,DOWN,neutral,neutral,neutral,,,,93.64,T,-0.047,2.4963,-8.5697,loss_of_function,-1.54463878356113,,,0.8641,pathogenic,https://doi.org/10.1101/2022.10.22.513328
E39K,1.67244,1.32653,0.5754918512760651,Neutral,Neutral,34.0,,,0.553,"cBioPortal,COSMIC",,True,34.0,,,,neutral,neutral,neutral,UP,neutral,neutral,neutral,,,,93.64,T,-0.03,2.4963,-5.9849,loss_of_function,-1.17584186526105,,,0.9753,pathogenic,https://doi.org/10.1101/2022.10.22.513328
A40T,0.76602,1.92109,0.3417707051619234,Neutral,Neutral,23.9,,,0.380,"cBioPortal,COSMIC",,True,23.9,,,,neutral,neutral,neutral,UP,neutral,neutral,neutral,,,,96.09,-,-0.022,2.1162,-3.7157,loss_of_function,-0.21213293771056,,,0.1613,benign,https://doi.org/10.1101/2022.10.22.513328
T41A,0.12765,1.64966,0.4194735911380348,Neutral,Neutral,33.5,,4.0191310639e-06,0.526,COSMIC,,False,33.5,,,,uncertain,,,DOWN,neutral,neutral,neutral,,,,96.88,B,-0.1772,1.5612,-21.8614,loss_of_function,-0.0675325084349096,,,0.1554,benign,https://doi.org/10.1101/2022.10.22.513328
T41I,1.47311,1.20476,-0.0678558055765748,Neutral,Neutral,33.5,,,,COSMIC,,False,33.5,,,,uncertain,,,UP,neutral,neutral,neutral,,,,96.88,B,-0.1272,1.5612,-6.9886,loss_of_function,-1.22470149909191,,,0.8165,pathogenic,https://doi.org/10.1101/2022.10.22.513328
I45T,2.97475,3.11395,2.3942758800851007,Uncertain,Uncertain,1.9,,,0.826,cBioPortal,,False,1.9,,,,neutral,neutral,neutral,DOWN,neutral,neutral,neutral,,,,98.08,H,-0.2945,0.9489,-21.8651,loss_of_function,-3.65720949479083,,,0.9213,pathogenic,https://doi.org/10.1101/2022.10.22.513328
H47Q,-0.10333,0.80918,0.6282989473342279,Neutral,Neutral,58.6,,,,mutations_clinvar,,False,58.6,,,,neutral,neutral,neutral,DOWN,neutral,neutral,neutral,456528,Uncertain significance,1,97.58,H,0.1335,3.2168,-2.0979,gain_of_function,-0.041869701204895,,,0.0687,benign,https://doi.org/10.1101/2022.10.22.513328
H47R,0.09884,0.61327,0.0072544257942297,Neutral,Neutral,58.6,,,,mutations_clinvar,,False,58.6,,,,neutral,neutral,neutral,UP,neutral,neutral,neutral,403906,Uncertain significance,2,97.58,H,0.0476,3.2168,-5.5736,gain_of_function,-0.10482755309385,,,0.0696,benign,https://doi.org/10.1101/2022.10.22.513328
H47Y,-0.37475,1.13367,0.049254506601713,Neutral,Neutral,58.6,,,,mutations_clinvar,,False,58.6,,,,neutral,neutral,neutral,UP,neutral,neutral,neutral,864664,Uncertain significance,1,97.58,H,0.0969,3.2168,-8.5735,gain_of_function,-0.829044889194206,,,0.0989,benign,https://doi.org/10.1101/2022.10.22.513328
E48K,-0.0957,-0.06088,0.1516255443590664,Neutral,Neutral,52.9,,,0.341,cBioPortal,,False,52.9,,,,neutral,neutral,neutral,UP,neutral,neutral,neutral,,,,97.35,H,0.0186,3.058,-6.5812,gain_of_function,-0.534625829944563,,,0.2531,benign,https://doi.org/10.1101/2022.10.22.513328
F50L,1.3769,1.86837,2.312321196600878,Neutral,Uncertain,10.8,,,,mutations_clinvar,,False,10.8,,,,neutral,neutral,neutral,DOWN,neutral,neutral,neutral,425316,Uncertain significance,1,97.25,H,-0.1918,0.9657,-7.5998,loss_of_function,-2.51854923066483,,,0.9835,pathogenic,https://doi.org/10.1101/2022.10.22.513328
K51R,0.03772,0.47347,-0.1475161177767858,Neutral,Neutral,50.0,,,0.140,"COSMIC,mutations_clinvar",,True,50.0,,,,neutral,neutral,neutral,-,uncertain,uncertain,uncertain,1774583,Uncertain significance,1,96.48,H,0.112,2.9346,-3.015,gain_of_function,-0.0813365056163841,,,0.0614,benign,https://doi.org/10.1101/2022.10.22.513328
K51T,0.79954,0.75782,0.3529409304522418,Neutral,Neutral,50.0,,,,COSMIC,,True,50.0,,,,neutral,neutral,neutral,DOWN,neutral,neutral,neutral,,,,96.48,H,0.0134,2.9346,-5.0149,gain_of_function,-0.379464196101893,,,0.1418,benign,https://doi.org/10.1101/2022.10.22.513328
E52Q,-0.4532,-0.02925,0.224471893629079,Neutral,Neutral,35.3,,,,mutations_clinvar,,True,35.3,,,,neutral,neutral,neutral,UP,neutral,neutral,neutral,456530,Uncertain significance,1,96.84,H,0.0416,2.5373,-2.3905,gain_of_function,-0.866587622045842,,,0.2912,benign,https://doi.org/10.1101/2022.10.22.513328
E52V,-0.65033,-0.00986,-0.3361886046926077,Neutral,Neutral,35.3,,,0.801,COSMIC,,True,35.3,,,,neutral,neutral,neutral,-,uncertain,uncertain,uncertain,,,,96.84,H,-0.0257,2.5373,-7.5998,loss_of_function,-1.35767370136577,,,0.3307,benign,https://doi.org/10.1101/2022.10.22.513328
R54K,0.06276,0.06088,0.1942226369929206,Neutral,Neutral,78.3,,,0.304,COSMIC,,True,78.3,,,,neutral,neutral,neutral,-,uncertain,uncertain,uncertain,,,,95.54,G,0.061,2.833,-2.5518,gain_of_function,-0.293320455656764,,,0.0775,benign,https://doi.org/10.1101/2022.10.22.513328
Y56C,1.44261,3.94864,2.405100559623166,Uncertain,Uncertain,35.6,,,0.684,cBioPortal,,False,35.6,,,,uncertain,,,DOWN,neutral,neutral,neutral,,,,95.75,S,-0.1374,2.2888,-7.5961,loss_of_function,-1.50073328019161,,,0.2615,benign,https://doi.org/10.1101/2022.10.22.513328
P57H,1.79754,1.22279,-0.1740360733344104,Neutral,Neutral,72.1,,,0.799,COSMIC,,False,72.1,,,,neutral,neutral,neutral,UP,neutral,neutral,neutral,,,,95.73,T,-0.3009,0.6928,-21.8839,loss_of_function,-2.54417056709984,,,0.9728,pathogenic,https://doi.org/10.1101/2022.10.22.513328
P57L,1.38727,1.00986,-0.2550884841864342,Neutral,Neutral,72.1,,,0.842,"cBioPortal,COSMIC",,False,72.1,,,,neutral,neutral,neutral,UP,neutral,neutral,neutral,,,,95.73,T,-0.3109,0.6928,-21.8839,loss_of_function,-3.62397198393004,,,0.8691,pathogenic,https://doi.org/10.1101/2022.10.22.513328
P57S,1.86211,0.99456,0.3351580131868581,Neutral,Neutral,72.1,,,0.713,COSMIC,,False,72.1,,,,neutral,neutral,neutral,DOWN,neutral,neutral,neutral,,,,95.73,T,-0.194,0.6928,-8.5961,loss_of_function,-1.93252721708358,,,0.9059,pathogenic,https://doi.org/10.1101/2022.10.22.513328
L58F,0.30677,0.20238,0.6502742533933659,Neutral,Neutral,48.7,,,0.700,COSMIC,,False,48.7,,,,neutral,neutral,neutral,UP,neutral,neutral,neutral,,,,95.73,T,-0.1914,0.7819,-4.6856,loss_of_function,-0.956556057298489,,,0.2829,benign,https://doi.org/10.1101/2022.10.22.513328
L58P,5.11565,6.43878,5.526118359855068,Destabilizing,Destabilizing,48.7,,,0.944,COSMIC,,False,48.7,,,,neutral,neutral,neutral,DOWN,neutral,neutral,neutral,,,,95.73,T,-0.3613,0.7819,-8.5923,loss_of_function,-1.63130299445931,,,0.9832,pathogenic,https://doi.org/10.1101/2022.10.22.513328
H59P,-1.65946,3.85204,3.631992120631133,Uncertain,Uncertain,58.4,,,,"COSMIC,mutations_clinvar",,False,58.4,,,,neutral,neutral,neutral,DOWN,neutral,neutral,neutral,936841,Uncertain significance,1,93.81,G,-0.2128,1.9325,-8.5886,loss_of_function,-1.83118033883443,,,0.5079,ambiguous,https://doi.org/10.1101/2022.10.22.513328
H59Y,-0.72198,-1.14014,-0.4854531973693482,Neutral,Neutral,58.4,,4.024177257e-06,0.108,"cBioPortal,mutations_clinvar",,False,58.4,,,,neutral,neutral,neutral,UP,neutral,neutral,neutral,935567,Uncertain significance,1,93.81,G,0.0124,1.9325,-1.974,gain_of_function,-0.0056441589603331,,,0.0469,benign,https://doi.org/10.1101/2022.10.22.513328
Q60K,-0.47544,0.04932,0.0228648934907871,Neutral,Neutral,70.9,3.18532203606e-05,4.42780662561e-05,0.180,"COSMIC,mutations_clinvar",,False,70.9,,,,neutral,neutral,neutral,UP,neutral,neutral,neutral,526635,Conflicting interpretations of pathogenicity,1,93.58,G,0.0437,3.2261,-6.5887,gain_of_function,-0.474122263070063,,,0.1154,benign,https://doi.org/10.1101/2022.10.22.513328
Q60P,0.24098,3.94456,1.9020095202349767,Uncertain,Neutral,70.9,,,,mutations_clinvar,,False,70.9,,,,neutral,neutral,neutral,DOWN,neutral,neutral,destabilizing,1780320,Uncertain significance,1,93.58,G,-0.0876,3.2261,-4.7814,loss_of_function,-0.357407928627188,,,0.0782,benign,https://doi.org/10.1101/2022.10.22.513328
L61F,0.14849,0.45374,0.4386165989849855,Neutral,Neutral,63.5,,,,mutations_clinvar,,False,63.5,,,,neutral,neutral,neutral,UP,neutral,neutral,neutral,1780737,Uncertain significance,1,96.92,G,0.0138,3.0307,-5.0075,gain_of_function,-1.39575733472783,,,0.1378,benign,https://doi.org/10.1101/2022.10.22.513328
L61I,1.17717,1.45986,0.150628516631443,Neutral,Neutral,63.5,,,,mutations_clinvar,,False,63.5,,,,neutral,neutral,neutral,-,uncertain,uncertain,uncertain,1516099,Uncertain significance,1,96.92,G,0.0692,3.0307,-5.7851,gain_of_function,-1.00754536903256,,,0.1304,benign,https://doi.org/10.1101/2022.10.22.513328
L62I,0.86651,1.48912,1.0100586141016317,Neutral,Neutral,6.9,,,0.575,"cBioPortal,COSMIC",,False,6.9,,,,neutral,neutral,neutral,-,uncertain,uncertain,uncertain,,,,96.05,-,-0.1723,0.34,-4.5925,loss_of_function,-1.67471504996319,,,0.419,ambiguous,https://doi.org/10.1101/2022.10.22.513328
Q63H,0.44027,0.55578,-0.37805464782452,Neutral,Neutral,58.8,,,,mutations_clinvar,,False,58.8,,,,neutral,neutral,neutral,UP,neutral,neutral,neutral,1404089,Uncertain significance,2,95.15,-,0.0787,3.0875,-3.505,gain_of_function,-0.830335180244365,,,0.2924,benign,https://doi.org/10.1101/2022.10.22.513328
D64H,0.99976,0.18776,0.4013386841227584,Neutral,Neutral,81.5,,,0.557,cBioPortal,,False,81.5,,,,neutral,neutral,neutral,UP,neutral,neutral,neutral,,,,94.23,-,-0.1081,1.8717,-7.0075,loss_of_function,-0.621493726909371,,,0.4147,ambiguous,https://doi.org/10.1101/2022.10.22.513328
D64N,0.65632,0.59252,0.4181938919185796,Neutral,Neutral,81.5,,,0.341,"cBioPortal,COSMIC",,False,81.5,,,,neutral,neutral,neutral,-,uncertain,uncertain,uncertain,,,,94.23,-,-0.0592,1.8717,-5.7851,loss_of_function,-0.12350802678052,,,0.1366,benign,https://doi.org/10.1101/2022.10.22.513328
E65D,1.57023,1.71769,0.8797949711719268,Neutral,Neutral,39.8,,,,mutations_clinvar,,True,39.8,,,,neutral,neutral,neutral,DOWN,neutral,neutral,neutral,1783381,Uncertain significance,1,95.18,G,0.0436,2.8289,-8.5923,gain_of_function,-1.14908628207646,,,0.3079,benign,https://doi.org/10.1101/2022.10.22.513328
E65K,-0.42056,0.75034,0.103828542668905,Neutral,Neutral,39.8,,4.0201974721e-06,0.458,"cBioPortal,COSMIC",,True,39.8,,,,neutral,neutral,neutral,UP,neutral,neutral,neutral,,,,95.18,G,0.0067,2.8289,-4.7851,gain_of_function,-1.05753976419833,,,0.3714,ambiguous,https://doi.org/10.1101/2022.10.22.513328
S66C,0.41018,1.25442,0.8947209689204657,Neutral,Neutral,84.0,,,0.441,"cBioPortal,COSMIC",,True,84.0,,,,uncertain,,,UP,neutral,neutral,neutral,,,,94.57,G,0.0067,2.6969,-4.6893,gain_of_function,-0.733817577279839,,,0.1024,benign,https://doi.org/10.1101/2022.10.22.513328
S66F,0.09468,1.3119,-0.0054492828278968,Neutral,Neutral,84.0,,,0.520,"cBioPortal,COSMIC",,True,84.0,,,,uncertain,,,UP,neutral,neutral,neutral,,,,94.57,G,-0.1086,2.6969,-21.8839,loss_of_function,-1.25824583328632,,,0.2595,benign,https://doi.org/10.1101/2022.10.22.513328
S66Y,0.22925,1.28503,-0.0067124198926044,Neutral,Neutral,84.0,,,,COSMIC,,True,84.0,,,,uncertain,,,UP,neutral,neutral,neutral,,,,94.57,G,-0.1134,2.6969,-21.8839,loss_of_function,-1.65682285930164,,,0.2345,benign,https://doi.org/10.1101/2022.10.22.513328
S67F,-1.17581,-0.42789,-0.767873595242286,Neutral,Neutral,44.2,,,0.594,"cBioPortal,COSMIC",,True,44.2,,,,uncertain,,,UP,neutral,neutral,neutral,,,,95.68,G,-0.0307,2.7184,-7.0186,loss_of_function,-1.42055060317068,,,0.2809,benign,https://doi.org/10.1101/2022.10.22.513328
S67P,1.21298,7.04558,5.176964085477849,Uncertain,Uncertain,44.2,,,0.748,COSMIC,,True,44.2,,,,uncertain,,,UP,neutral,neutral,neutral,,,,95.68,G,-0.182,2.7184,-21.8913,loss_of_function,-2.51670390873727,,,0.8856,pathogenic,https://doi.org/10.1101/2022.10.22.513328
I69M,0.89824,0.93095,2.0544728042880034,Neutral,Uncertain,11.0,,,0.534,cBioPortal,,True,11.0,,,,neutral,neutral,neutral,-,uncertain,uncertain,uncertain,,,,96.72,E,-0.0029,2.3209,-2.4988,loss_of_function,-1.01871324119189,,,0.684,pathogenic,https://doi.org/10.1101/2022.10.22.513328
I69N,2.8666,3.91803,3.444401568278969,Uncertain,Uncertain,11.0,,,0.777,"cBioPortal,COSMIC",,True,11.0,,,,neutral,neutral,neutral,DOWN,neutral,neutral,neutral,,,,96.72,E,-0.1722,2.3209,-7.0223,loss_of_function,-1.62578436228026,,,0.9725,pathogenic,https://doi.org/10.1101/2022.10.22.513328
F70L,2.15809,2.46122,2.250602345114262,Uncertain,Uncertain,0.5,,,0.712,COSMIC,,True,0.5,,,,neutral,neutral,neutral,DOWN,neutral,neutral,neutral,,,,98.12,E,-0.2283,0.4582,-5.6036,loss_of_function,-0.446188995378333,,,0.9661,pathogenic,https://doi.org/10.1101/2022.10.22.513328
F70V,4.18502,3.00238,3.20460813389303,Destabilizing,Destabilizing,0.5,,,0.926,cBioPortal,,True,0.5,,,,neutral,neutral,neutral,DOWN,neutral,neutral,neutral,,,,98.12,E,-0.2575,0.4582,-5.0187,loss_of_function,-1.75764156528876,,,0.9312,pathogenic,https://doi.org/10.1101/2022.10.22.513328
V71I,-0.24692,0.13776,0.3705155425562106,Neutral,Neutral,1.9,6.37308010962e-05,1.20479024602e-05,0.284,"cBioPortal,COSMIC,mutations_clinvar",,True,1.9,,,,neutral,neutral,neutral,UP,neutral,neutral,neutral,456536,Conflicting interpretations of pathogenicity,1,97.32,E,0.0716,2.9925,-6.026,gain_of_function,-0.446264492525155,,,0.1144,benign,https://doi.org/10.1101/2022.10.22.513328
V71L,0.09706,1.08367,0.6622152249647623,Neutral,Neutral,1.9,,,0.411,cBioPortal,,True,1.9,,,,neutral,neutral,neutral,UP,neutral,neutral,neutral,,,,97.32,E,0.0116,2.9925,-5.0261,gain_of_function,-0.488525100138661,,,0.4635,ambiguous,https://doi.org/10.1101/2022.10.22.513328
S72G,1.79884,0.66667,0.9523701850841988,Neutral,Neutral,2.7,,,0.368,"cBioPortal,COSMIC,mutations_clinvar",,True,2.7,,,,uncertain,,,DOWN,neutral,neutral,neutral,567407,Uncertain significance,1,97.74,E,-0.0092,1.9877,-3.1192,loss_of_function,-0.613356824878966,,,0.0785,benign,https://doi.org/10.1101/2022.10.22.513328
T74A,1.13588,2.54116,1.430831076247459,Uncertain,Neutral,0.2,,,0.595,COSMIC,,True,0.2,,,,uncertain,,,DOWN,neutral,neutral,neutral,,,,95.14,B,-0.1756,1.5803,-21.8951,loss_of_function,-1.65491918925614,,,0.7907,pathogenic,https://doi.org/10.1101/2022.10.22.513328
Q75E,1.23675,2.4585,1.5215202675174329,Uncertain,Neutral,0.9,,,0.341,"cBioPortal,COSMIC",,True,0.9,,,,neutral,neutral,neutral,DOWN,neutral,neutral,neutral,,,,92.65,T,-0.009,2.2944,-5.5999,loss_of_function,-1.34068505776906,,,0.2682,benign,https://doi.org/10.1101/2022.10.22.513328
Q75H,9.14794,1.67143,0.7543359657075507,Uncertain,Uncertain,0.9,,,0.392,"cBioPortal,COSMIC",,True,0.9,,,,neutral,neutral,neutral,UP,neutral,neutral,neutral,,,,92.65,T,-0.0026,2.2944,-5.1405,loss_of_function,-1.62791896642752,,,0.7398,pathogenic,https://doi.org/10.1101/2022.10.22.513328
Q75L,-2.14219,-1.69762,-0.3812064726771696,Uncertain,Uncertain,0.9,,,0.654,cBioPortal,,True,0.9,,,,neutral,neutral,neutral,UP,neutral,neutral,neutral,,,,92.65,T,-0.0212,2.2944,-5.278,loss_of_function,-1.87414563687809,,,0.4211,ambiguous,https://doi.org/10.1101/2022.10.22.513328
Q75P,3.36014,5.01667,5.922496366730067,Destabilizing,Destabilizing,0.9,,,0.757,"cBioPortal,COSMIC",,True,0.9,,,,neutral,neutral,neutral,DOWN,neutral,neutral,neutral,,,,92.65,T,-0.1877,2.2944,-7.5998,loss_of_function,-2.56079710586264,,,0.5986,pathogenic,https://doi.org/10.1101/2022.10.22.513328
A77T,0.51736,0.55476,0.397885572030407,Neutral,Neutral,61.5,,,0.704,COSMIC,,True,61.5,,,,neutral,neutral,neutral,UP,neutral,neutral,neutral,,,,92.22,S,-0.1342,1.0388,-6.278,loss_of_function,-1.60268586350999,,,0.9522,pathogenic,https://doi.org/10.1101/2022.10.22.513328
A77V,0.61397,3.02687,-0.2012426593110078,Uncertain,Neutral,61.5,,,0.659,cBioPortal,,True,61.5,,,,neutral,neutral,neutral,UP,neutral,neutral,neutral,,,,92.22,S,-0.2109,1.0388,-21.8876,loss_of_function,-3.27864008251157,,,0.9744,pathogenic,https://doi.org/10.1101/2022.10.22.513328
E78K,-0.95799,0.52789,0.3888233436227645,Neutral,Neutral,27.0,,,0.773,"cBioPortal,COSMIC",,False,27.0,,,,neutral,neutral,neutral,UP,neutral,neutral,neutral,,,,91.82,-,-0.0738,1.9381,-4.5013,loss_of_function,-1.53038363983195,,,0.7141,pathogenic,https://doi.org/10.1101/2022.10.22.513328
E78Q,0.32384,-0.36122,0.1513951203426911,Neutral,Neutral,27.0,,,0.599,cBioPortal,,False,27.0,,,,neutral,neutral,neutral,UP,neutral,neutral,neutral,,,,91.82,-,-0.0371,1.9381,-7.0037,loss_of_function,-1.20640844552358,,,0.4683,ambiguous,https://doi.org/10.1101/2022.10.22.513328
R79K,-0.12057,-0.38333,0.6027256943309106,Neutral,Neutral,64.7,,,0.275,cBioPortal,,False,64.7,,,,neutral,neutral,neutral,-,uncertain,uncertain,uncertain,,,,93.77,E,0.0769,3.1011,-4.2817,gain_of_function,-0.404485106286484,,,0.1183,benign,https://doi.org/10.1101/2022.10.22.513328
R79M,-0.91938,-0.51497,0.1930357696901491,Neutral,Neutral,64.7,,,0.564,COSMIC,,False,64.7,,,,neutral,neutral,neutral,DOWN,neutral,neutral,neutral,,,,93.77,E,-0.0181,3.1011,-7.6036,loss_of_function,-0.904666156703365,,,0.417,ambiguous,https://doi.org/10.1101/2022.10.22.513328
E80K,1.04267,1.12075,0.2984527240209145,Neutral,Neutral,6.2,,,0.871,"cBioPortal,COSMIC",,False,6.2,,,,neutral,neutral,neutral,UP,neutral,neutral,neutral,,,,93.31,E,-0.1625,1.2019,-8.6072,loss_of_function,-2.80254181544916,,,0.9681,pathogenic,https://doi.org/10.1101/2022.10.22.513328
E81A,0.55481,1.3415,0.9342816403212008,Neutral,Neutral,18.0,,,0.816,"cBioPortal,COSMIC",,False,18.0,,,,neutral,neutral,neutral,DOWN,neutral,neutral,neutral,,,,94.96,E,-0.1724,0.7673,-7.0223,loss_of_function,-2.42766688659394,,,0.7646,pathogenic,https://doi.org/10.1101/2022.10.22.513328
E81K,-0.6541,1.48741,1.187129557987204,Neutral,Neutral,18.0,,,0.849,"cBioPortal,COSMIC,mutations_clinvar",,False,18.0,,,,neutral,neutral,neutral,UP,neutral,neutral,stabilizing,376478,Pathogenic,2,94.96,E,-0.1944,0.7673,-7.0223,loss_of_function,-2.77898380712063,,,0.9621,pathogenic,https://doi.org/10.1101/2022.10.22.513328
E81V,-0.69739,-0.22075,-0.0269695280982706,Neutral,Neutral,18.0,,,0.826,cBioPortal,,False,18.0,,,,neutral,neutral,neutral,-,uncertain,uncertain,uncertain,,,,94.96,E,-0.1886,0.7673,-7.6073,loss_of_function,-2.56929646020029,,,0.7749,pathogenic,https://doi.org/10.1101/2022.10.22.513328
F83C,3.24494,2.61293,4.634960431406556,Uncertain,Destabilizing,6.1,,,0.470,cBioPortal,,False,6.1,,,,neutral,neutral,neutral,DOWN,neutral,neutral,destabilizing,,,,92.37,-,-0.1668,2.7051,-21.8987,loss_of_function,-1.9640326865613,,,0.8593,pathogenic,https://doi.org/10.1101/2022.10.22.513328
F83K,2.96674,4.49728,5.020606075252463,Uncertain,Uncertain,6.1,,,,"cBioPortal,COSMIC",,False,6.1,,,,neutral,neutral,neutral,DOWN,neutral,neutral,destabilizing,,,,92.37,-,-0.2979,2.7051,-21.8987,loss_of_function,-2.31767215774945,,,0.9919,pathogenic,https://doi.org/10.1101/2022.10.22.513328
F83L,1.2234,0.39932,2.458142371534721,Neutral,Uncertain,6.1,,,"0.215, 0.249, 0.251","cBioPortal,COSMIC",,False,6.1,,,,neutral,neutral,neutral,DOWN,neutral,neutral,destabilizing,,,,92.37,-,-0.016,2.7051,-4.5236,loss_of_function,-1.62885723595862,,,0.9759,pathogenic,https://doi.org/10.1101/2022.10.22.513328
F83S,4.1086,3.29694,5.207983443820907,Destabilizing,Destabilizing,6.1,,,0.315,"cBioPortal,COSMIC,mutations_clinvar",,False,6.1,,,,neutral,neutral,neutral,DOWN,neutral,neutral,destabilizing,585023,Pathogenic,0,92.37,-,-0.1098,2.7051,-8.6109,loss_of_function,-1.86217136549801,,,0.9364,pathogenic,https://doi.org/10.1101/2022.10.22.513328
F83V,2.79932,2.06837,3.761672130783818,Uncertain,Uncertain,6.1,,,0.307,cBioPortal,,False,6.1,,,,neutral,neutral,neutral,DOWN,neutral,neutral,destabilizing,,,,92.37,-,-0.0478,2.7051,-4.4411,loss_of_function,-1.63839507405867,,,0.8246,pathogenic,https://doi.org/10.1101/2022.10.22.513328
F83Y,-0.65082,-0.4881,1.0831260922161847,Neutral,Neutral,6.1,,,0.177,COSMIC,,False,6.1,,,,neutral,neutral,neutral,-,uncertain,uncertain,uncertain,,,,92.37,-,0.0088,2.7051,-2.4411,gain_of_function,-0.0723838963486549,,,0.1047,benign,https://doi.org/10.1101/2022.10.22.513328
D84H,1.24709,2.37585,0.6343524317208332,Uncertain,Neutral,56.5,,,0.877,"cBioPortal,COSMIC",,True,56.5,,,,neutral,neutral,neutral,UP,neutral,neutral,neutral,,,,89.65,-,-0.2986,0.6269,-21.9024,loss_of_function,-3.28854813028866,,,0.9888,pathogenic,https://doi.org/10.1101/2022.10.22.513328
D84N,0.95402,0.82993,0.655515891452946,Neutral,Neutral,56.5,,,0.625,"cBioPortal,COSMIC",,True,56.5,,,,neutral,neutral,neutral,-,uncertain,uncertain,uncertain,,,,89.65,-,-0.1801,0.6269,-7.0297,loss_of_function,-1.53705720387334,,,0.9002,pathogenic,https://doi.org/10.1101/2022.10.22.513328
E85G,1.31868,1.75204,2.6703945833776923,Neutral,Uncertain,21.2,,,0.928,cBioPortal,,True,21.2,,,,neutral,neutral,neutral,DOWN,neutral,neutral,neutral,,,,94.31,T,-0.26,0.1284,-7.6146,loss_of_function,-2.67253156504223,,,0.9758,pathogenic,https://doi.org/10.1101/2022.10.22.513328
E85K,0.34925,1.62381,2.05569933521065,Neutral,Uncertain,21.2,,,0.877,COSMIC,,True,21.2,,,,neutral,neutral,neutral,UP,neutral,neutral,neutral,,,,94.31,T,-0.3291,0.1284,-21.9024,loss_of_function,-2.11195445427508,,,0.993,pathogenic,https://doi.org/10.1101/2022.10.22.513328
T86S,-0.90467,0.02619,0.0907212204248703,Neutral,Neutral,89.6,,,0.255,"cBioPortal,COSMIC",,True,89.6,,,,neutral,,,DOWN,neutral,neutral,neutral,,,,92.55,T,0.0316,2.333,-1.9709,gain_of_function,-0.160993054023784,,,0.0648,benign,https://doi.org/10.1101/2022.10.22.513328
R87T,1.59271,1.45238,1.254067456227325,Neutral,Neutral,12.9,,,0.768,"cBioPortal,COSMIC",,True,12.9,,,,neutral,neutral,neutral,DOWN,neutral,neutral,destabilizing,,,,93.04,S,-0.3265,0.9401,-21.9024,loss_of_function,-2.46671614993276,,,0.9882,pathogenic,https://doi.org/10.1101/2022.10.22.513328
R88G,2.23794,2.64048,1.96869515187304,Uncertain,Uncertain,29.1,,,0.833,cBioPortal,,True,29.1,,,,neutral,neutral,neutral,DOWN,neutral,neutral,neutral,,,,94.28,B,-0.3607,0.9,-21.9024,loss_of_function,-3.24391803400199,,,0.9922,pathogenic,https://doi.org/10.1101/2022.10.22.513328
R88L,0.3471,1.33912,0.3160091819045246,Neutral,Neutral,29.1,,,0.874,COSMIC,,True,29.1,,,,neutral,neutral,neutral,DOWN,neutral,neutral,neutral,,,,94.28,B,-0.2481,0.9,-6.2928,loss_of_function,-1.87147696507997,,,0.9716,pathogenic,https://doi.org/10.1101/2022.10.22.513328
R88P,-0.15546,1.33741,2.0934387232226723,Neutral,Uncertain,29.1,,,0.901,cBioPortal,,True,29.1,,,,neutral,neutral,neutral,DOWN,neutral,neutral,neutral,,,,94.28,B,-0.3996,0.9,-8.6146,loss_of_function,-3.0366830711215,,,0.993,pathogenic,https://doi.org/10.1101/2022.10.22.513328
R88Q,1.06814,1.56735,0.8949925242398743,Neutral,Neutral,29.1,,,0.806,"cBioPortal,COSMIC,mutations_clinvar",,True,29.1,,,,neutral,neutral,neutral,DOWN,neutral,neutral,neutral,376049,Pathogenic,2,94.28,B,-0.2191,0.9,-6.0297,loss_of_function,-2.2884259723903,,,0.8807,pathogenic,https://doi.org/10.1101/2022.10.22.513328
C90F,5.66412,3.20272,2.351594802269729,Destabilizing,Uncertain,0.0,,,0.818,cBioPortal,,True,0.0,,,,neutral,neutral,neutral,UP,neutral,neutral,neutral,,,,93.5,G,-0.2576,1.556,-5.4485,loss_of_function,-2.3318002145071,,,0.9688,pathogenic,https://doi.org/10.1101/2022.10.22.513328
C90G,1.19705,1.30544,2.2654009021232504,Neutral,Uncertain,0.0,,,0.870,"cBioPortal,COSMIC",,True,0.0,,,,neutral,neutral,neutral,DOWN,neutral,neutral,neutral,,,,93.5,G,-0.2642,1.556,-7.0334,loss_of_function,-2.51681095454147,,,0.8811,pathogenic,https://doi.org/10.1101/2022.10.22.513328
C90R,1.40992,2.29558,3.277639719464701,Uncertain,Uncertain,0.0,,,0.862,"cBioPortal,COSMIC,mutations_clinvar",,True,0.0,,,,neutral,neutral,neutral,UP,neutral,neutral,neutral,1794794,Uncertain significance,1,93.5,G,-0.3104,1.556,-4.3705,loss_of_function,-1.87355682178961,,,0.9897,pathogenic,https://doi.org/10.1101/2022.10.22.513328
C90S,1.02681,0.99218,1.567219287792589,Neutral,Neutral,0.0,,,0.806,"cBioPortal,COSMIC",,True,0.0,,,,neutral,neutral,neutral,DOWN,neutral,neutral,neutral,,,,93.5,G,-0.2431,1.556,-3.2261,loss_of_function,-1.40015293957955,,,0.9073,pathogenic,https://doi.org/10.1101/2022.10.22.513328
C90Y,9.63101,5.53401,3.068807772886154,Destabilizing,Destabilizing,0.0,,,0.849,"cBioPortal,COSMIC",,True,0.0,,,,neutral,neutral,neutral,UP,neutral,neutral,neutral,,,,93.5,G,-0.3509,1.556,-21.9061,loss_of_function,-2.59359575305994,,,0.9915,pathogenic,https://doi.org/10.1101/2022.10.22.513328
D91A,-0.02985,2.03776,0.4592625652866711,Uncertain,Neutral,27.7,,,0.853,COSMIC,,False,27.7,,,,neutral,neutral,neutral,DOWN,neutral,neutral,neutral,,,,92.46,G,-0.2869,0.6529,-21.9024,loss_of_function,-2.33594193284089,,,0.9955,pathogenic,https://doi.org/10.1101/2022.10.22.513328
D91N,-0.97335,1.73673,0.3606425263753804,Neutral,Neutral,27.7,,,,mutations_clinvar,,False,27.7,,,,neutral,neutral,neutral,-,uncertain,uncertain,uncertain,995383,Pathogenic,0,92.46,G,-0.1807,0.6529,-7.6146,loss_of_function,-1.89100805212758,,,0.9877,pathogenic,https://doi.org/10.1101/2022.10.22.513328
L92F,6.72698,2.47721,1.747936267189466,Uncertain,Uncertain,0.0,,,0.651,COSMIC,,False,0.0,,,,neutral,neutral,neutral,UP,neutral,neutral,neutral,,,,93.74,S,-0.1336,1.6282,-8.6146,loss_of_function,-2.17780496688613,,,0.9774,pathogenic,https://doi.org/10.1101/2022.10.22.513328
L92I,2.70446,2.5398,1.6461852499363454,Uncertain,Uncertain,0.0,,,,mutations_clinvar,,False,0.0,,,,neutral,neutral,neutral,-,uncertain,uncertain,uncertain,834298,Uncertain significance,1,93.74,S,-0.0407,1.6282,-2.0449,loss_of_function,-1.24781701579328,,,0.4265,ambiguous,https://doi.org/10.1101/2022.10.22.513328
R93G,0.14458,1.53435,2.641947910131362,Neutral,Uncertain,7.6,,,0.645,COSMIC,,False,7.6,,,,neutral,neutral,neutral,DOWN,neutral,neutral,neutral,,,,92.34,-,-0.2233,1.6535,-8.5583,loss_of_function,-2.72142361891332,,,0.9222,pathogenic,https://doi.org/10.1101/2022.10.22.513328
R93L,0.55152,-0.03197,0.0248008272452349,Neutral,Neutral,7.6,,,0.860,"cBioPortal,COSMIC",,False,7.6,,,,neutral,neutral,neutral,DOWN,neutral,neutral,neutral,,,,92.34,-,-0.1904,1.6535,-8.5583,loss_of_function,-2.11795001579221,,,0.9346,pathogenic,https://doi.org/10.1101/2022.10.22.513328
R93P,6.43396,2.41905,3.773682858128529,Uncertain,Destabilizing,7.6,,,0.818,"cBioPortal,COSMIC",,False,7.6,,,,neutral,neutral,neutral,DOWN,neutral,neutral,neutral,,,,92.34,-,-0.33,1.6535,-8.5583,loss_of_function,-2.60856159345708,,,0.9812,pathogenic,https://doi.org/10.1101/2022.10.22.513328
R93Q,1.2966,0.84864,1.1086344128878114,Neutral,Neutral,7.6,,,0.591,"cBioPortal,COSMIC,mutations_clinvar",,False,7.6,,,,neutral,neutral,neutral,DOWN,neutral,neutral,neutral,419128,Pathogenic,2,92.34,-,-0.1315,1.6535,-2.4499,loss_of_function,-1.26988672555258,,,0.6421,pathogenic,https://doi.org/10.1101/2022.10.22.513328
R93W,-0.96348,-0.52789,0.0290141143338962,Neutral,Neutral,7.6,,,0.597,"cBioPortal,COSMIC,mutations_clinvar",,False,7.6,,,,neutral,neutral,neutral,UP,neutral,neutral,neutral,1198826,Pathogenic/Likely pathogenic,2,92.34,-,-0.2734,1.6535,-21.8461,loss_of_function,-3.16482138704201,,,0.8801,pathogenic,https://doi.org/10.1101/2022.10.22.513328
L94F,3.6584,1.89422,1.5659410496096606,Uncertain,Uncertain,0.0,,,0.574,COSMIC,,False,0.0,,,,neutral,neutral,neutral,UP,neutral,neutral,neutral,,,,96.75,B,-0.1894,1.0192,-8.5583,loss_of_function,-3.91566819727207,,,0.9445,pathogenic,https://doi.org/10.1101/2022.10.22.513328
Q96E,0.18558,-0.07891,-0.0497801184193841,Neutral,Neutral,59.1,,,0.337,COSMIC,,False,59.1,,,,neutral,neutral,neutral,DOWN,neutral,neutral,destabilizing,,,,96.98,S,0.0354,2.944,-8.6146,gain_of_function,-1.29806629438986,,,0.1768,benign,https://doi.org/10.1101/2022.10.22.513328
P97H,1.96395,1.87381,0.3637541702716507,Neutral,Neutral,26.9,,,0.661,"cBioPortal,COSMIC",,False,26.9,,,,neutral,neutral,neutral,UP,neutral,neutral,neutral,,,,97.13,S,-0.1268,1.7936,-7.6146,loss_of_function,-1.25953687863718,,,0.8332,pathogenic,https://doi.org/10.1101/2022.10.22.513328
P97L,1.92119,2.53401,-0.773762167515144,Uncertain,Neutral,26.9,,,0.618,cBioPortal,,False,26.9,,,,neutral,neutral,neutral,UP,neutral,neutral,neutral,,,,97.13,S,-0.1419,1.7936,-8.6146,loss_of_function,-1.55988008717627,,,0.7168,pathogenic,https://doi.org/10.1101/2022.10.22.513328
P97S,2.01508,2.02245,0.6552229319675851,Uncertain,Uncertain,26.9,,,0.501,cBioPortal,,False,26.9,,,,neutral,neutral,neutral,DOWN,neutral,neutral,neutral,,,,97.13,S,-0.0701,1.7936,-4.1553,loss_of_function,-1.08056649270378,,,0.3913,ambiguous,https://doi.org/10.1101/2022.10.22.513328
L99F,1.29037,1.03537,1.5240277451406752,Neutral,Neutral,0.0,,,0.708,COSMIC,,False,0.0,,,,neutral,neutral,neutral,UP,neutral,neutral,neutral,,,,98.51,E,-0.2052,0.5639,-3.4448,loss_of_function,-2.32349707377289,,,0.6167,pathogenic,https://doi.org/10.1101/2022.10.22.513328
V101L,-0.46872,0.03673,-0.0151690173960761,Neutral,Neutral,1.0,,,,mutations_clinvar,,False,1.0,,,,neutral,neutral,neutral,UP,neutral,neutral,neutral,1003976,Uncertain significance,1,98.08,E,-0.1138,1.3869,-0.6489,loss_of_function,-0.269441779738457,,,0.3715,ambiguous,https://doi.org/10.1101/2022.10.22.513328
I102F,1.63516,0.72109,0.8430297574618664,Neutral,Neutral,18.4,,,0.599,"cBioPortal,COSMIC",,False,18.4,,,,neutral,neutral,neutral,UP,neutral,neutral,neutral,,,,97.14,E,-0.146,1.8112,-7.6183,loss_of_function,-2.30115730644093,,,0.4549,ambiguous,https://doi.org/10.1101/2022.10.22.513328
I102N,2.14358,2.2381,1.9744146928519704,Uncertain,Uncertain,18.4,,,0.637,COSMIC,,False,18.4,,,,neutral,neutral,neutral,DOWN,neutral,neutral,neutral,,,,97.14,E,-0.2273,1.8112,-8.6182,loss_of_function,-2.51816449139633,,,0.7472,pathogenic,https://doi.org/10.1101/2022.10.22.513328
I102T,0.5491,0.63844,1.549331881200176,Neutral,Neutral,18.4,,,0.593,COSMIC,,False,18.4,,,,neutral,neutral,neutral,DOWN,neutral,neutral,neutral,,,,97.14,E,-0.1306,1.8112,-5.2965,loss_of_function,-1.37102976817061,,,0.1324,benign,https://doi.org/10.1101/2022.10.22.513328
E103G,0.92665,1.59422,1.4239771441867073,Neutral,Neutral,61.0,,,0.747,"cBioPortal,COSMIC",,False,61.0,,,,neutral,neutral,neutral,DOWN,neutral,neutral,neutral,,,,95.74,-,-0.0722,2.1355,-7.0186,loss_of_function,-2.19547382570277,,,0.9234,pathogenic,https://doi.org/10.1101/2022.10.22.513328
E103K,-0.19802,0.33367,0.6224791626071086,Neutral,Neutral,61.0,,,0.730,COSMIC,,False,61.0,,,,neutral,neutral,neutral,UP,neutral,neutral,neutral,,,,95.74,-,-0.0664,2.1355,-6.6036,loss_of_function,-1.58116941961628,,,0.9119,pathogenic,https://doi.org/10.1101/2022.10.22.513328
P104A,1.5829,1.36497,0.0408952849339627,Neutral,Neutral,38.4,,,0.500,COSMIC,,False,38.4,,,,neutral,neutral,neutral,DOWN,neutral,neutral,destabilizing,,,,93.07,-,-0.0778,1.8021,-5.7738,loss_of_function,-1.91034898538094,,,0.7547,pathogenic,https://doi.org/10.1101/2022.10.22.513328
P104L,3.01296,1.20884,-0.2644634871010126,Uncertain,Uncertain,38.4,,,0.708,"cBioPortal,COSMIC,mutations_clinvar",,False,38.4,,,,neutral,neutral,neutral,UP,neutral,neutral,neutral,217291,Pathogenic/Likely pathogenic,2,93.07,-,-0.1358,1.8021,-7.5811,loss_of_function,-2.91367624212082,,,0.943,pathogenic,https://doi.org/10.1101/2022.10.22.513328
P104R,1.57699,1.71735,-0.094681786997578,Neutral,Neutral,38.4,,,0.507,"cBioPortal,COSMIC,mutations_clinvar",,False,38.4,,,,neutral,neutral,neutral,UP,neutral,neutral,neutral,1480334,Uncertain significance,1,93.07,-,-0.1219,1.8021,-0.7357,loss_of_function,-1.3220974518068,,,0.9699,pathogenic,https://doi.org/10.1101/2022.10.22.513328
P104S,2.64363,1.77687,0.2845784154966957,Uncertain,Uncertain,38.4,,,0.591,"cBioPortal,COSMIC",,False,38.4,,,,neutral,neutral,neutral,DOWN,neutral,neutral,destabilizing,,,,93.07,-,-0.0749,1.8021,-5.2593,loss_of_function,-1.8337866971384,,,0.9664,pathogenic,https://doi.org/10.1101/2022.10.22.513328
P104T,2.47,1.74184,0.2535590818538896,Uncertain,Uncertain,38.4,,,0.634,"cBioPortal,COSMIC",,False,38.4,,,,neutral,neutral,neutral,-,uncertain,uncertain,uncertain,,,,93.07,-,-0.1718,1.8021,-21.8689,loss_of_function,-2.32270200338733,,,0.9415,pathogenic,https://doi.org/10.1101/2022.10.22.513328
V105A,0.21209,0.0619,0.4701950807437416,Neutral,Neutral,81.1,,,,mutations_clinvar,,False,81.1,,,,neutral,neutral,neutral,DOWN,neutral,neutral,stabilizing,2099242,Uncertain significance,1,90.21,-,0.0166,3.0404,-5.0224,gain_of_function,-0.40443923188582,,,0.1451,benign,https://doi.org/10.1101/2022.10.22.513328
V105I,0.01077,0.2983,0.0224214245363341,Neutral,Neutral,81.1,,,0.201,COSMIC,,False,81.1,,,,neutral,neutral,neutral,UP,neutral,neutral,neutral,,,,90.21,-,0.0771,3.0404,-5.8,gain_of_function,-0.118683916885445,,,0.0697,benign,https://doi.org/10.1101/2022.10.22.513328
G106A,2.29243,1.60374,1.8880669701970925,Uncertain,Uncertain,101.5,,,0.658,"cBioPortal,COSMIC",,False,101.5,,,,neutral,neutral,neutral,UP,neutral,neutral,neutral,,,,86.8,S,-0.1453,1.7241,-6.6184,loss_of_function,-1.23705739897228,,,0.9289,pathogenic,https://doi.org/10.1101/2022.10.22.513328
G106C,3.81173,4.85646,2.228973220765688,Destabilizing,Uncertain,101.5,,,0.662,"cBioPortal,COSMIC",,False,101.5,,,,neutral,neutral,neutral,UP,neutral,neutral,neutral,,,,86.8,S,-0.1833,1.7241,-2.3516,loss_of_function,-1.29872063583656,,,0.959,pathogenic,https://doi.org/10.1101/2022.10.22.513328
G106D,2.42583,0.62415,1.1551073756548442,Uncertain,Uncertain,101.5,,,0.759,"cBioPortal,COSMIC,mutations_clinvar",,False,101.5,,,,neutral,neutral,neutral,UP,neutral,neutral,neutral,1677187,Uncertain significance,1,86.8,S,-0.1981,1.7241,-5.1589,loss_of_function,-1.52879808255696,,,0.9852,pathogenic,https://doi.org/10.1101/2022.10.22.513328
G106R,3.55468,4.8619,1.4413267440924726,Destabilizing,Uncertain,101.5,,,0.741,"cBioPortal,COSMIC,mutations_clinvar",,False,101.5,,,,neutral,neutral,neutral,UP,neutral,neutral,neutral,376480,Likely pathogenic,0,86.8,S,-0.2999,1.7241,-21.9061,loss_of_function,-1.97606110439341,,,0.9937,pathogenic,https://doi.org/10.1101/2022.10.22.513328
G106S,4.10888,0.74218,1.718964687292061,Uncertain,Uncertain,101.5,,,0.709,"cBioPortal,COSMIC,mutations_clinvar",,False,101.5,,,,neutral,neutral,neutral,UP,neutral,neutral,neutral,1708931,Uncertain significance,1,86.8,S,-0.1482,1.7241,-6.0334,loss_of_function,-1.31495178615369,,,0.911,pathogenic,https://doi.org/10.1101/2022.10.22.513328
G106V,4.66739,6.32959,2.585605272458685,Destabilizing,Uncertain,101.5,,,0.740,"cBioPortal,COSMIC,mutations_clinvar",,False,101.5,,,,neutral,neutral,neutral,UP,neutral,neutral,neutral,376479,Conflicting interpretations of pathogenicity,1,86.8,S,-0.2291,1.7241,-6.0334,loss_of_function,-1.84519531788618,,,0.9822,pathogenic,https://doi.org/10.1101/2022.10.22.513328
N107H,0.94373,1.14456,0.5134421861817003,Neutral,Neutral,71.8,,,0.465,"cBioPortal,COSMIC",,False,71.8,,,,neutral,neutral,neutral,UP,neutral,neutral,stabilizing,,,,89.46,-,-0.1202,2.3038,-21.9061,loss_of_function,-2.66384605513761,,,0.5892,pathogenic,https://doi.org/10.1101/2022.10.22.513328
N107I,1.48355,1.13878,0.9139363718079936,Neutral,Neutral,71.8,,,0.606,"cBioPortal,COSMIC",,False,71.8,,,,neutral,neutral,neutral,UP,neutral,neutral,stabilizing,,,,89.46,-,-0.0824,2.3038,-5.6184,loss_of_function,-1.85293969153777,,,0.7594,pathogenic,https://doi.org/10.1101/2022.10.22.513328
N107K,1.59604,1.30816,0.8287805657125316,Neutral,Neutral,71.8,,,0.347,COSMIC,,False,71.8,,,,neutral,neutral,neutral,UP,neutral,neutral,stabilizing,,,,89.46,-,-0.0374,2.3038,-6.0334,loss_of_function,-2.23292999857699,,,0.9648,pathogenic,https://doi.org/10.1101/2022.10.22.513328
N107S,0.56789,1.45748,0.94676376730593,Neutral,Neutral,71.8,,,0.328,"cBioPortal,COSMIC,mutations_clinvar",,False,71.8,,,,neutral,neutral,neutral,DOWN,neutral,neutral,destabilizing,1251941,Uncertain significance,1,89.46,-,0.0003,2.3038,-5.1589,gain_of_function,-1.36678639446238,,,0.3007,benign,https://doi.org/10.1101/2022.10.22.513328
N107T,0.13624,1.50782,0.996878380321788,Neutral,Neutral,71.8,,,0.386,"cBioPortal,COSMIC",,False,71.8,,,,neutral,neutral,neutral,-,uncertain,uncertain,uncertain,,,,89.46,-,-0.0588,2.3038,-7.0334,loss_of_function,-1.6180476200761,,,0.7026,pathogenic,https://doi.org/10.1101/2022.10.22.513328
N107Y,1.1585,0.77347,0.715654330037406,Neutral,Neutral,71.8,,,0.578,"cBioPortal,COSMIC",,False,71.8,,,,neutral,neutral,neutral,UP,neutral,neutral,stabilizing,,,,89.46,-,-0.1559,2.3038,-21.9061,loss_of_function,-3.33099368149204,,,0.7162,pathogenic,https://doi.org/10.1101/2022.10.22.513328
R108C,0.87335,0.68571,1.296984645833041,Neutral,Neutral,68.0,,,0.480,"cBioPortal,COSMIC",,False,68.0,,,,neutral,neutral,neutral,DOWN,neutral,neutral,neutral,,,,90.67,H,-0.2274,2.0606,-21.9061,loss_of_function,-1.68121274182843,,,0.7998,pathogenic,https://doi.org/10.1101/2022.10.22.513328
R108H,1.05997,1.17959,0.4301599864983052,Neutral,Neutral,68.0,,,0.466,"cBioPortal,COSMIC,mutations_clinvar",,False,68.0,,,,neutral,neutral,neutral,DOWN,neutral,neutral,neutral,280875,Conflicting interpretations of pathogenicity,1,90.67,H,-0.1124,2.0606,-7.0334,loss_of_function,-1.76008991619296,,,0.5884,pathogenic,https://doi.org/10.1101/2022.10.22.513328
R108L,-0.51273,0.09932,-0.3042815430545326,Neutral,Neutral,68.0,,,0.508,"cBioPortal,COSMIC",,False,68.0,,,,neutral,neutral,neutral,DOWN,neutral,neutral,neutral,,,,90.67,H,-0.1481,2.0606,-7.6183,loss_of_function,-1.59665888814415,,,0.8498,pathogenic,https://doi.org/10.1101/2022.10.22.513328
R108P,-0.0527,0.84456,3.724426844524189,Neutral,Uncertain,68.0,,,0.593,COSMIC,,False,68.0,,,,neutral,neutral,neutral,DOWN,neutral,neutral,neutral,,,,90.67,H,-0.2673,2.0606,-3.6184,loss_of_function,-1.2660937629088,,,0.9538,pathogenic,https://doi.org/10.1101/2022.10.22.513328
R108S,1.00663,0.79048,1.122450917941491,Neutral,Neutral,68.0,,,0.396,"cBioPortal,COSMIC",,False,68.0,,,,neutral,neutral,neutral,DOWN,neutral,neutral,neutral,,,,90.67,H,-0.1343,2.0606,-5.2965,loss_of_function,-1.47943571703054,,,0.9757,pathogenic,https://doi.org/10.1101/2022.10.22.513328
E109D,0.7898,-0.01735,0.2375981811223743,Neutral,Neutral,87.4,,,,mutations_clinvar,,False,87.4,,,,neutral,neutral,neutral,DOWN,neutral,neutral,neutral,403917,Uncertain significance,1,90.37,H,0.067,2.9189,-5.6184,gain_of_function,-0.837675575343281,,,0.3755,ambiguous,https://doi.org/10.1101/2022.10.22.513328
E109K,1.47975,0.21633,0.242848168105868,Neutral,Neutral,87.4,,,0.418,"cBioPortal,COSMIC",,False,87.4,,,,neutral,neutral,neutral,UP,neutral,neutral,stabilizing,,,,90.37,H,0.0056,2.9189,-6.6184,gain_of_function,-1.41626024649158,,,0.6878,pathogenic,https://doi.org/10.1101/2022.10.22.513328
E110K,1.63008,1.91395,0.8700136886718831,Neutral,Neutral,24.7,,,0.532,"cBioPortal,COSMIC",,False,24.7,,,,neutral,neutral,neutral,UP,neutral,neutral,stabilizing,,,,92.28,H,-0.1152,1.4008,-2.9289,loss_of_function,-1.30624456978011,,,0.9923,pathogenic,https://doi.org/10.1101/2022.10.22.513328
E110Q,1.44934,1.4949,0.7331125088732132,Neutral,Neutral,24.7,,,0.420,cBioPortal,,False,24.7,,,,neutral,neutral,neutral,UP,neutral,neutral,stabilizing,,,,92.28,H,-0.0846,1.4008,-6.6293,loss_of_function,-1.16808037396685,,,0.9749,pathogenic,https://doi.org/10.1101/2022.10.22.513328
K111E,1.33658,2.03503,0.7895596565593516,Uncertain,Neutral,34.5,,,0.506,"cBioPortal,COSMIC,mutations_clinvar",,False,34.5,,,,neutral,neutral,neutral,DOWN,neutral,neutral,neutral,376482,Pathogenic,1,91.82,H,-0.1075,1.7639,-7.0407,loss_of_function,-1.51682668034381,,,0.9793,pathogenic,https://doi.org/10.1101/2022.10.22.513328
K111N,0.82204,1.61837,0.9273245320020316,Neutral,Neutral,34.5,,,"0.307, 0.313","cBioPortal,COSMIC,mutations_clinvar",,False,34.5,,,,neutral,neutral,neutral,DOWN,neutral,neutral,neutral,376483,Uncertain significance,1,91.82,H,-0.092,1.7639,-5.3038,loss_of_function,-1.45720010601683,,,0.9825,pathogenic,https://doi.org/10.1101/2022.10.22.513328
K111Q,0.43628,1.67347,0.7089670179227744,Neutral,Neutral,34.5,,,0.400,"cBioPortal,COSMIC",,False,34.5,,,,neutral,neutral,neutral,DOWN,neutral,neutral,neutral,,,,91.82,H,-0.073,1.7639,-5.3038,loss_of_function,-1.5966520634003,,,0.9303,pathogenic,https://doi.org/10.1101/2022.10.22.513328
K111R,0.82056,1.35374,0.1767007712658552,Neutral,Neutral,34.5,,,0.293,"cBioPortal,COSMIC,mutations_clinvar",,False,34.5,,,,neutral,neutral,neutral,-,uncertain,uncertain,uncertain,376484,Likely pathogenic,0,91.82,H,0.0062,1.7639,-2.6484,gain_of_function,-1.22207978215485,,,0.3563,ambiguous,https://doi.org/10.1101/2022.10.22.513328
I112F,1.09513,1.15238,0.5995074465498834,Neutral,Neutral,42.0,,,0.393,"cBioPortal,COSMIC",,False,42.0,,,,neutral,neutral,neutral,UP,neutral,neutral,neutral,,,,92.33,H,-0.1345,2.7232,-21.8034,loss_of_function,-1.34564765778525,,,0.4393,ambiguous,https://doi.org/10.1101/2022.10.22.513328
I112N,1.16063,1.34184,1.4844455887764192,Neutral,Neutral,42.0,,,0.413,"COSMIC,mutations_clinvar",,False,42.0,,,,neutral,neutral,neutral,DOWN,neutral,neutral,neutral,218236,Pathogenic,0,92.33,H,-0.1224,2.7232,-4.5157,loss_of_function,-0.798113399934442,,,0.7592,pathogenic,https://doi.org/10.1101/2022.10.22.513328
I112S,1.28185,1.79116,1.926531824228079,Neutral,Neutral,42.0,,,0.484,cBioPortal,,False,42.0,,,,neutral,neutral,neutral,DOWN,neutral,neutral,neutral,,,,92.33,H,-0.128,2.7232,-4.9307,loss_of_function,-0.846021119007462,,,0.8507,pathogenic,https://doi.org/10.1101/2022.10.22.513328
I112T,0.74824,1.30442,1.3508569554310994,Neutral,Neutral,42.0,,,0.390,cBioPortal,,False,42.0,,,,neutral,neutral,neutral,DOWN,neutral,neutral,neutral,,,,92.33,H,-0.0431,2.7232,-4.6088,loss_of_function,-0.859485494344854,,,0.8711,pathogenic,https://doi.org/10.1101/2022.10.22.513328
L113F,0.21588,-0.44694,0.3368707143249755,Neutral,Neutral,36.9,,,0.421,cBioPortal,,False,36.9,,,,neutral,neutral,neutral,UP,neutral,neutral,stabilizing,,,,94.34,H,-0.1125,1.7301,-6.3074,loss_of_function,-1.33365562300719,,,0.5416,ambiguous,https://doi.org/10.1101/2022.10.22.513328
N114D,2.08118,0.60714,0.9577726079773202,Uncertain,Uncertain,32.2,,,0.273,COSMIC,,False,32.2,,,,neutral,neutral,neutral,-,uncertain,uncertain,uncertain,,,,94.83,H,-0.0755,1.6734,-2.1216,loss_of_function,-1.24259098052016,,,0.6947,pathogenic,https://doi.org/10.1101/2022.10.22.513328
N114S,2.27399,1.38571,1.3010357780453432,Uncertain,Uncertain,32.2,,1.91001900469e-05,0.339,"cBioPortal,COSMIC,mutations_clinvar",,False,32.2,,,,neutral,neutral,neutral,DOWN,neutral,neutral,neutral,403919,Uncertain significance,1,94.83,H,-0.0577,1.6734,-5.1699,loss_of_function,-0.659951813464526,,,0.2034,benign,https://doi.org/10.1101/2022.10.22.513328
R115L,-0.22634,-1.2415,0.2004898592743748,Neutral,Neutral,32.4,,,0.618,"cBioPortal,COSMIC,mutations_clinvar",,False,32.4,,,,neutral,neutral,neutral,DOWN,neutral,neutral,neutral,1703510,Conflicting interpretations of pathogenicity,1,92.6,H,-0.0792,2.7099,-5.8147,loss_of_function,-1.99231482122022,,,0.8697,pathogenic,https://doi.org/10.1101/2022.10.22.513328
R115P,3.05932,8.33367,6.661701467724708,Destabilizing,Destabilizing,32.4,,,0.736,"cBioPortal,COSMIC,mutations_clinvar",,False,32.4,,,,neutral,neutral,neutral,DOWN,neutral,neutral,neutral,1172582,Likely pathogenic,1,92.6,H,-0.3009,2.7099,-21.9098,loss_of_function,-2.84252995530778,,,0.9976,pathogenic,https://doi.org/10.1101/2022.10.22.513328
R115Q,0.40876,-0.43129,1.1829694564455902,Neutral,Neutral,32.4,,,0.245,"cBioPortal,COSMIC",,False,32.4,,,,neutral,neutral,neutral,DOWN,neutral,neutral,neutral,,,,92.6,H,-0.0496,2.7099,-5.4521,loss_of_function,-1.55389521801137,,,0.3873,ambiguous,https://doi.org/10.1101/2022.10.22.513328
E116K,0.1231,0.48367,0.3713527168986208,Neutral,Neutral,26.4,,,0.460,"cBioPortal,COSMIC",,False,26.4,,,,neutral,neutral,neutral,UP,neutral,neutral,neutral,,,,95.21,H,-0.0025,2.5812,-2.1252,loss_of_function,-1.33819226726233,,,0.9075,pathogenic,https://doi.org/10.1101/2022.10.22.513328
I117T,3.29921,2.50272,3.3531235721510844,Uncertain,Destabilizing,0.0,,,,mutations_clinvar,,False,0.0,,,,neutral,neutral,neutral,DOWN,neutral,neutral,neutral,2567725,Uncertain significance,1,97.27,H,-0.2781,0.3923,-8.6292,loss_of_function,-2.81062161755298,,,0.9324,pathogenic,https://doi.org/10.1101/2022.10.22.513328
G118D,4.78755,3.78197,1.4057963440713537,Destabilizing,Uncertain,12.6,,,0.484,"cBioPortal,COSMIC,mutations_clinvar",,False,12.6,,,,neutral,neutral,neutral,UP,neutral,neutral,neutral,156446,Pathogenic,2,95.7,H,-0.215,1.7329,-8.6256,loss_of_function,-1.50854968233263,,,0.9889,pathogenic,https://doi.org/10.1101/2022.10.22.513328
G118V,2.86342,6.18503,-0.1533173915611158,Uncertain,Uncertain,12.6,,,0.482,cBioPortal,,False,12.6,,,,neutral,neutral,neutral,UP,neutral,neutral,neutral,,,,95.7,H,-0.3093,1.7329,-21.9134,loss_of_function,-2.1494038327442,,,0.9534,pathogenic,https://doi.org/10.1101/2022.10.22.513328
F119S,3.44302,2.38571,3.728798693388817,Uncertain,Destabilizing,10.2,,,0.312,cBioPortal,,False,10.2,,,,neutral,neutral,neutral,DOWN,neutral,neutral,neutral,,,,94.71,H,-0.0574,3.0494,-4.5455,loss_of_function,-1.09432467619519,,,0.6893,pathogenic,https://doi.org/10.1101/2022.10.22.513328
A120V,3.3772,0.0534,0.5901346005428854,Uncertain,Uncertain,0.0,,,0.173,"cBioPortal,COSMIC",,False,0.0,,,,neutral,neutral,neutral,UP,neutral,neutral,neutral,,,,97.48,H,-0.087,1.4751,-5.4667,loss_of_function,0.269624269134601,,,0.2967,benign,https://doi.org/10.1101/2022.10.22.513328
I121L,-0.15621,1.58844,1.149786850787292,Neutral,Neutral,0.0,,,,mutations_clinvar,,False,0.0,,,,neutral,neutral,neutral,-,uncertain,uncertain,uncertain,2497880,Uncertain significance,1,96.64,H,-0.1471,0.8153,-4.7334,loss_of_function,-1.14949933292049,,,0.3705,ambiguous,https://doi.org/10.1101/2022.10.22.513328
I121M,-0.22886,2.14592,2.081055713728862,Uncertain,Uncertain,0.0,,,0.425,COSMIC,,False,0.0,,,,neutral,neutral,neutral,-,uncertain,uncertain,uncertain,,,,96.64,H,-0.1676,0.8153,-7.6402,loss_of_function,-1.55747357927821,,,0.4268,ambiguous,https://doi.org/10.1101/2022.10.22.513328
I121V,0.86093,0.52415,1.295966015430792,Neutral,Neutral,0.0,,,,mutations_clinvar,,False,0.0,,,,neutral,neutral,neutral,DOWN,neutral,neutral,neutral,246688,Uncertain significance,1,96.64,H,-0.1063,0.8153,-4.5528,loss_of_function,-1.00132038301267,,,0.0839,benign,https://doi.org/10.1101/2022.10.22.513328
G122A,4.76303,2.22347,0.5256770902660015,Uncertain,Uncertain,32.8,,,0.541,"cBioPortal,COSMIC",,False,32.8,,,,neutral,neutral,neutral,UP,neutral,neutral,neutral,,,,91.88,T,-0.2723,0.368,-7.0516,loss_of_function,-2.67592154115313,,,0.73,pathogenic,https://doi.org/10.1101/2022.10.22.513328
G122D,5.74161,2.54864,0.6534003498274323,Uncertain,Uncertain,32.8,,,0.646,"cBioPortal,COSMIC",,False,32.8,,,,neutral,neutral,neutral,UP,neutral,neutral,neutral,,,,91.88,T,-0.3305,0.368,-6.6366,loss_of_function,-2.7777003054902,,,0.9693,pathogenic,https://doi.org/10.1101/2022.10.22.513328
G122S,5.49267,2.04762,0.9358285509241416,Uncertain,Uncertain,32.8,,8.0227847086e-06,0.454,"cBioPortal,mutations_clinvar",,False,32.8,,,,neutral,neutral,neutral,UP,neutral,neutral,neutral,1733597,Uncertain significance,1,91.88,T,-0.2744,0.368,-6.3147,loss_of_function,-1.99765950897798,,,0.5038,ambiguous,https://doi.org/10.1101/2022.10.22.513328
M123I,0.80273,0.06701,0.7544482755210865,Neutral,Neutral,9.5,,,0.210,"cBioPortal,COSMIC",,False,9.5,,,,neutral,neutral,neutral,-,uncertain,uncertain,uncertain,,,,91.42,S,-0.0614,1.823,-4.6402,loss_of_function,-1.01082788816387,,,0.4495,ambiguous,https://doi.org/10.1101/2022.10.22.513328
M123V,1.38651,-0.22177,1.0172452873917093,Neutral,Neutral,9.5,,,,mutations_clinvar,,False,9.5,,,,neutral,neutral,neutral,DOWN,neutral,neutral,neutral,854763,Uncertain significance,2,91.42,S,-0.0956,1.823,-5.0553,loss_of_function,-1.03684763453482,,,0.1623,benign,https://doi.org/10.1101/2022.10.22.513328
P124A,2.39685,0.81769,-0.2008105515949837,Uncertain,Uncertain,1.9,,,0.173,"cBioPortal,COSMIC",,False,1.9,,,,neutral,neutral,neutral,DOWN,neutral,neutral,neutral,,,,92.14,-,-0.0637,2.004,-6.633,loss_of_function,-1.3813566152254,,,0.3756,ambiguous,https://doi.org/10.1101/2022.10.22.513328
P124E,4.82026,2.70306,1.5567925152582174,Uncertain,Uncertain,1.9,,,,"cBioPortal,COSMIC",,False,1.9,,,,neutral,neutral,neutral,UP,neutral,neutral,neutral,,,,92.14,-,-0.1163,2.004,-8.6329,loss_of_function,-1.70635849263542,,,0.9484,pathogenic,https://doi.org/10.1101/2022.10.22.513328
P124L,3.48684,0.92415,-0.2839173477293533,Uncertain,Uncertain,1.9,,,0.380,"cBioPortal,COSMIC",,False,1.9,,,,neutral,neutral,neutral,UP,neutral,neutral,neutral,,,,92.14,-,-0.1904,2.004,-21.9207,loss_of_function,-2.76009644739184,,,0.8432,pathogenic,https://doi.org/10.1101/2022.10.22.513328
P124Q,5.33425,1.04184,0.7307311987953349,Uncertain,Uncertain,1.9,,,0.237,"cBioPortal,COSMIC",,False,1.9,,,,neutral,neutral,neutral,UP,neutral,neutral,neutral,,,,92.14,-,-0.0972,2.004,-7.6329,loss_of_function,-1.62048109838864,,,0.8435,pathogenic,https://doi.org/10.1101/2022.10.22.513328
P124S,3.54594,0.86905,0.5741513697357006,Uncertain,Uncertain,1.9,,,0.189,COSMIC,,False,1.9,,,,neutral,neutral,neutral,DOWN,neutral,neutral,neutral,,,,92.14,-,-0.0464,2.004,-3.3111,loss_of_function,-1.35423483311985,,,0.5952,pathogenic,https://doi.org/10.1101/2022.10.22.513328
P124T,2.03564,1.23946,0.4080711477319099,Uncertain,Uncertain,1.9,,,0.221,COSMIC,,False,1.9,,,,neutral,neutral,neutral,-,uncertain,uncertain,uncertain,,,,92.14,-,-0.0695,2.004,-5.4631,loss_of_function,-1.95472246440408,,,0.705,pathogenic,https://doi.org/10.1101/2022.10.22.513328
V125E,2.89795,4.29252,2.954841399194105,Uncertain,Uncertain,3.2,,,0.483,"cBioPortal,COSMIC",,False,3.2,,,,neutral,neutral,neutral,-,uncertain,uncertain,uncertain,,,,93.34,T,-0.3235,1.6273,-21.9171,loss_of_function,-3.48423020620338,,,0.966,pathogenic,https://doi.org/10.1101/2022.10.22.513328
V125L,0.20534,0.42993,0.3357147722229731,Neutral,Neutral,3.2,,,0.168,cBioPortal,,False,3.2,,,,neutral,neutral,neutral,UP,neutral,neutral,neutral,,,,93.34,T,-0.0911,1.6273,-0.5419,loss_of_function,-1.24092232656243,,,0.3292,benign,https://doi.org/10.1101/2022.10.22.513328
V125M,0.60638,2.04728,1.088741880336784,Uncertain,Neutral,3.2,,,,mutations_clinvar,,False,3.2,,,,neutral,neutral,neutral,UP,neutral,neutral,neutral,1064232,Uncertain significance,1,93.34,T,-0.1415,1.6273,-8.6292,loss_of_function,-1.59133652805008,,,0.4191,ambiguous,https://doi.org/10.1101/2022.10.22.513328
E127K,-0.61586,3.26122,0.4182816262694672,Uncertain,Neutral,13.7,,,0.564,cBioPortal,,True,13.7,,,,neutral,neutral,neutral,UP,neutral,neutral,neutral,,,,91.5,H,-0.1621,1.0241,-5.3291,loss_of_function,-2.33506372971588,,,0.843,pathogenic,https://doi.org/10.1101/2022.10.22.513328
D129G,1.48438,1.9932,1.2140863033046907,Neutral,Neutral,32.1,,,,mutations_clinvar,,True,32.1,,,,neutral,neutral,neutral,DOWN,neutral,neutral,neutral,526634,Uncertain significance,2,91.25,H,-0.1063,1.9141,-7.0732,loss_of_function,-1.63931405649421,,,0.6146,pathogenic,https://doi.org/10.1101/2022.10.22.513328
D129H,1.849,1.14796,-0.074686604308235,Neutral,Neutral,32.1,,,0.501,"cBioPortal,COSMIC",,True,32.1,,,,neutral,neutral,neutral,UP,neutral,neutral,stabilizing,,,,91.25,H,-0.1075,1.9141,-7.6581,loss_of_function,-1.94952551578141,,,0.8272,pathogenic,https://doi.org/10.1101/2022.10.22.513328
M130T,0.50304,1.27279,0.2997998352154207,Neutral,Neutral,81.5,,,0.189,"COSMIC,mutations_clinvar",,True,81.5,,,,neutral,neutral,neutral,DOWN,neutral,neutral,neutral,1473477,Uncertain significance,2,89.88,H,-0.0152,2.882,-4.1311,loss_of_function,-0.244938900396007,,,0.1285,benign,https://doi.org/10.1101/2022.10.22.513328
V131A,0.65171,1.57007,1.2760726753494596,Neutral,Neutral,30.9,,,0.262,COSMIC,,True,30.9,,,,neutral,neutral,neutral,DOWN,neutral,neutral,neutral,,,,91.22,-,-0.0215,2.7165,-6.6617,loss_of_function,-1.54139565923962,,,0.2253,benign,https://doi.org/10.1101/2022.10.22.513328
V131F,0.79723,0.74864,0.2546846680067932,Neutral,Neutral,30.9,,,0.366,cBioPortal,,True,30.9,,,,neutral,neutral,neutral,UP,neutral,neutral,mixed_effects,,,,91.22,-,-0.0957,2.7165,-6.0768,loss_of_function,-1.71609483905591,,,0.1867,benign,https://doi.org/10.1101/2022.10.22.513328
V131L,-0.22298,0.50986,0.17509949375347,Neutral,Neutral,30.9,,,0.260,cBioPortal,,True,30.9,,,,neutral,neutral,neutral,UP,neutral,neutral,mixed_effects,,,,91.22,-,0.0056,2.7165,-1.2188,gain_of_function,-0.201317731045303,,,0.1329,benign,https://doi.org/10.1101/2022.10.22.513328
K132N,-0.02503,-0.17857,0.0903997320478311,Neutral,Neutral,104.8,,,,mutations_clinvar,,True,104.8,,,,neutral,neutral,neutral,DOWN,neutral,neutral,mixed_effects,1992749,Uncertain significance,1,91.02,-,-0.0002,2.651,-3.3113,loss_of_function,-0.874512999194762,,,0.8669,pathogenic,https://doi.org/10.1101/2022.10.22.513328
D133N,2.33834,-0.0949,0.4567185708309668,Uncertain,Uncertain,58.2,,,0.190,cBioPortal,,True,58.2,,,,neutral,neutral,neutral,-,uncertain,uncertain,uncertain,,,,91.99,-,-0.04,1.8581,-1.7862,loss_of_function,-1.08530548782837,,,0.32,benign,https://doi.org/10.1101/2022.10.22.513328
D133V,2.9652,0.10476,0.8462323982285563,Uncertain,Uncertain,58.2,,,0.606,COSMIC,,True,58.2,,,,neutral,neutral,neutral,UP,neutral,neutral,stabilizing,,,,91.99,-,-0.1555,1.8581,-8.6687,loss_of_function,-2.26240531571512,,,0.5863,pathogenic,https://doi.org/10.1101/2022.10.22.513328
D133Y,1.0798,0.60204,0.9501600734399274,Neutral,Neutral,58.2,,,0.626,cBioPortal,,True,58.2,,,,neutral,neutral,neutral,UP,neutral,neutral,stabilizing,,,,91.99,-,-0.2213,1.8581,-21.9566,loss_of_function,-3.60298705795561,,,0.6638,pathogenic,https://doi.org/10.1101/2022.10.22.513328
P134A,1.40123,0.79898,-0.0856565213593857,Neutral,Neutral,49.3,,,,mutations_clinvar,,True,49.3,,,,neutral,neutral,neutral,DOWN,neutral,neutral,neutral,1736998,Uncertain significance,1,93.95,H,-0.0028,2.5426,-4.4139,loss_of_function,-0.351404348222159,,,0.0661,benign,https://doi.org/10.1101/2022.10.22.513328
P134S,1.47514,1.47347,0.457903831357771,Neutral,Neutral,49.3,3.19081046586e-05,3.60802424592e-05,0.057,"COSMIC,mutations_clinvar",,True,49.3,,,,neutral,neutral,neutral,DOWN,neutral,neutral,neutral,456546,Uncertain significance,1,93.95,H,0.0044,2.5426,-3.0768,gain_of_function,-0.346116604515981,,,0.1053,benign,https://doi.org/10.1101/2022.10.22.513328
E135K,0.09892,0.81088,0.4511237002495144,Neutral,Neutral,24.4,,,,mutations_clinvar,,True,24.4,,,,neutral,neutral,neutral,UP,neutral,neutral,stabilizing,156447,Pathogenic,0,96.57,H,-0.329,0.1324,-21.9566,loss_of_function,-4.77586274797911,,,0.9881,pathogenic,https://doi.org/10.1101/2022.10.22.513328
V136I,0.83913,0.83707,0.4220182144113082,Neutral,Neutral,0.8,,,0.223,"cBioPortal,COSMIC",,True,0.8,,,,neutral,neutral,neutral,UP,neutral,neutral,neutral,,,,96.28,H,-0.0885,1.1006,-3.2801,loss_of_function,-0.287801092768207,,,0.0964,benign,https://doi.org/10.1101/2022.10.22.513328
Q137K,-0.75307,2.58469,1.2513286638596226,Uncertain,Neutral,23.9,,,0.193,COSMIC,,False,23.9,,,,neutral,neutral,neutral,UP,neutral,neutral,stabilizing,,,,95.55,H,0.0206,2.7689,-2.8651,gain_of_function,-1.5148407457314,,,0.3456,ambiguous,https://doi.org/10.1101/2022.10.22.513328
Q137L,-0.11597,-0.10884,0.0413683551970711,Neutral,Neutral,23.9,,,0.186,"cBioPortal,COSMIC",,False,23.9,,,,neutral,neutral,neutral,UP,neutral,neutral,stabilizing,,,,95.55,H,0.0154,2.7689,-6.6724,gain_of_function,-1.96195846441334,,,0.144,benign,https://doi.org/10.1101/2022.10.22.513328
D138N,0.93422,1.22381,0.2761467314663668,Neutral,Neutral,20.1,,,0.226,COSMIC,,False,20.1,,,,neutral,neutral,neutral,-,uncertain,uncertain,uncertain,,,,96.15,H,-0.0666,1.8635,-7.0874,loss_of_function,-0.831363851158422,,,0.3244,benign,https://doi.org/10.1101/2022.10.22.513328
D138Y,0.41316,1.13776,0.0443592839194456,Neutral,Neutral,20.1,,,0.519,"cBioPortal,COSMIC",,False,20.1,,,,neutral,neutral,neutral,UP,neutral,neutral,mixed_effects,,,,96.15,H,-0.1398,1.8635,-6.0874,loss_of_function,-1.01832586168938,,,0.5941,pathogenic,https://doi.org/10.1101/2022.10.22.513328
F139L,1.67298,2.42449,2.315591410086101,Uncertain,Uncertain,2.4,,,0.474,cBioPortal,,True,2.4,,,,neutral,neutral,neutral,DOWN,neutral,neutral,neutral,,,,97.85,H,-0.3201,0.3674,-21.9566,loss_of_function,-3.61703287082927,,,0.998,pathogenic,https://doi.org/10.1101/2022.10.22.513328
R140Q,3.26398,3.09252,1.2233338178040267,Destabilizing,Uncertain,1.8,,4.0084658799e-06,0.747,"cBioPortal,COSMIC",,True,1.8,,,,neutral,neutral,neutral,DOWN,neutral,neutral,neutral,,,,97.47,H,-0.3682,0.1624,-21.9531,loss_of_function,-3.58234018719782,,,0.9685,pathogenic,https://doi.org/10.1101/2022.10.22.513328
R141I,-0.10311,-0.19286,0.5994936766637526,Neutral,Neutral,21.4,,,0.276,COSMIC,,True,21.4,,,,neutral,neutral,neutral,DOWN,neutral,neutral,neutral,,,,96.69,H,-0.0569,3.2365,-5.6653,loss_of_function,-0.927537684358142,,,0.8985,pathogenic,https://doi.org/10.1101/2022.10.22.513328
R141K,0.09705,0.05204,1.067178925841247,Neutral,Neutral,21.4,,,,mutations_clinvar,,True,21.4,,,,neutral,neutral,neutral,-,uncertain,uncertain,uncertain,1365721,Uncertain significance,1,96.69,H,0.0886,3.2365,-4.4174,gain_of_function,-0.0620657331795678,,,0.1761,benign,https://doi.org/10.1101/2022.10.22.513328
N142K,-0.35891,0.5534,-0.0062699473596056,Neutral,Neutral,62.1,,,0.105,"cBioPortal,COSMIC",,False,62.1,,,,neutral,neutral,neutral,UP,neutral,neutral,stabilizing,,,,97.09,H,-0.0385,1.9984,-0.7441,loss_of_function,-1.08285743831677,,,0.4271,ambiguous,https://doi.org/10.1101/2022.10.22.513328
N142S,-0.06345,0.64354,0.3467342988400618,Neutral,Neutral,62.1,,,,mutations_clinvar,,False,62.1,,,,neutral,neutral,neutral,DOWN,neutral,neutral,neutral,2453442,Uncertain significance,1,97.09,H,-0.022,1.9984,-4.025,loss_of_function,-0.497423798513478,,,0.1029,benign,https://doi.org/10.1101/2022.10.22.513328
N142T,-0.94907,0.79354,0.1675562990781842,Neutral,Neutral,62.1,,,0.155,COSMIC,,False,62.1,,,,neutral,neutral,neutral,-,uncertain,uncertain,uncertain,,,,97.09,H,-0.0872,1.9984,-7.0839,loss_of_function,-0.609182897084516,,,0.2086,benign,https://doi.org/10.1101/2022.10.22.513328
I143S,3.95049,2.95408,3.95883082161258,Uncertain,Destabilizing,1.2,,,0.544,cBioPortal,,False,1.2,,,,neutral,neutral,neutral,DOWN,neutral,neutral,neutral,,,,98.28,T,-0.2451,1.6021,-7.6688,loss_of_function,-3.87822773563088,,,0.8164,pathogenic,https://doi.org/10.1101/2022.10.22.513328
I143T,3.67909,2.74966,2.663001547824283,Uncertain,Uncertain,1.2,,,0.371,"cBioPortal,COSMIC",,False,1.2,,,,neutral,neutral,neutral,DOWN,neutral,neutral,neutral,,,,98.28,T,-0.1508,1.6021,-5.499,loss_of_function,-2.59790503948663,,,0.7266,pathogenic,https://doi.org/10.1101/2022.10.22.513328
I143V,1.8032,0.96429,1.0479672512133411,Neutral,Neutral,1.2,,,0.251,"cBioPortal,COSMIC",,False,1.2,,,,neutral,neutral,neutral,DOWN,neutral,neutral,neutral,,,,98.28,T,-0.0373,1.6021,-5.2094,loss_of_function,-0.0765072154994225,,,0.0959,benign,https://doi.org/10.1101/2022.10.22.513328
L144M,0.60242,1.13741,1.4150118961453642,Neutral,Neutral,0.3,,,0.199,cBioPortal,,True,0.3,,,,neutral,neutral,neutral,-,uncertain,uncertain,uncertain,,,,98.28,H,0.0252,2.81,-5.8651,gain_of_function,-0.762673719180876,,,0.2361,benign,https://doi.org/10.1101/2022.10.22.513328
N145S,0.16348,-0.11565,0.364503407787905,Neutral,Neutral,90.4,,,0.109,COSMIC,,True,90.4,,,,neutral,neutral,neutral,DOWN,neutral,neutral,neutral,,,,97.73,H,0.1269,3.5751,-3.2801,gain_of_function,-0.0320629913375146,,,0.0661,benign,https://doi.org/10.1101/2022.10.22.513328
V146I,-0.29336,0.42007,0.5088277453885925,Neutral,Neutral,7.2,,4.81031331174e-05,0.260,"cBioPortal,COSMIC,mutations_clinvar",,True,7.2,,,,neutral,neutral,neutral,UP,neutral,neutral,neutral,526641,Uncertain significance,2,98.48,H,0.0371,2.4316,-2.6724,gain_of_function,-0.314972501910292,,,0.0945,benign,https://doi.org/10.1101/2022.10.22.513328
C147G,1.90703,1.95952,3.4338630570892583,Neutral,Uncertain,0.0,,,,mutations_clinvar,,True,0.0,,,,neutral,neutral,neutral,DOWN,neutral,neutral,neutral,1740295,Uncertain significance,1,98.37,H,-0.2114,1.9458,-3.7147,loss_of_function,-1.94119647746471,,,0.6245,pathogenic,https://doi.org/10.1101/2022.10.22.513328
C147R,6.45399,5.73231,2.9221554093338167,Destabilizing,Uncertain,0.0,,,0.595,cBioPortal,,True,0.0,,,,neutral,neutral,neutral,UP,neutral,neutral,neutral,,,,98.37,H,-0.2863,1.9458,-6.6689,loss_of_function,-1.70075964971651,,,0.9959,pathogenic,https://doi.org/10.1101/2022.10.22.513328
C147Y,19.42134,8.47449,2.201521553484171,Destabilizing,Uncertain,0.0,,,0.595,COSMIC,,True,0.0,,,,neutral,neutral,neutral,UP,neutral,neutral,neutral,,,,98.37,H,-0.2475,1.9458,-8.6687,loss_of_function,-2.57389272956647,,,0.9949,pathogenic,https://doi.org/10.1101/2022.10.22.513328
K148N,1.20034,1.98299,0.9072346815723608,Neutral,Neutral,58.7,,,0.067,cBioPortal,,True,58.7,,,,neutral,neutral,neutral,DOWN,neutral,neutral,neutral,,,,97.03,H,-0.0844,2.0323,-8.6581,loss_of_function,-1.24648434530978,,,0.8713,pathogenic,https://doi.org/10.1101/2022.10.22.513328
E149K,-0.35072,0.62517,0.4205975923087174,Neutral,Neutral,63.1,,,0.228,cBioPortal,,True,63.1,,,,neutral,neutral,neutral,UP,neutral,neutral,neutral,,,,96.96,H,-0.1177,1.5483,-6.0768,loss_of_function,-1.4426372515381,,,0.2658,benign,https://doi.org/10.1101/2022.10.22.513328
E149V,0.17602,0.12721,0.0667048080469562,Neutral,Neutral,63.1,,,0.373,COSMIC,,True,63.1,,,,neutral,neutral,neutral,-,uncertain,uncertain,uncertain,,,,96.96,H,-0.1899,1.5483,-21.9495,loss_of_function,-1.21505513258728,,,0.2492,benign,https://doi.org/10.1101/2022.10.22.513328
A150V,1.74106,1.38299,0.9811274296099968,Neutral,Neutral,0.2,,,,mutations_clinvar,,True,0.2,,,,neutral,neutral,neutral,UP,neutral,neutral,neutral,1998145,Uncertain significance,1,97.54,H,0.0658,3.0011,-3.0471,gain_of_function,-0.276938564929368,,,0.176,benign,https://doi.org/10.1101/2022.10.22.513328
V151A,0.79665,0.89048,1.3663497207036337,Neutral,Neutral,7.3,,,,mutations_clinvar,,False,7.3,,,,neutral,neutral,neutral,DOWN,neutral,neutral,neutral,873163,Likely pathogenic,0,96.6,H,0.0068,2.7386,-1.5141,gain_of_function,-0.988788409806936,,,0.251,benign,https://doi.org/10.1101/2022.10.22.513328
V151L,0.48089,1.13571,0.4725049051887076,Neutral,Neutral,7.3,,,,mutations_clinvar,,False,7.3,,,,neutral,neutral,neutral,UP,neutral,neutral,neutral,1741202,Uncertain significance,1,96.6,H,-0.0093,2.7386,-4.5455,loss_of_function,-0.122634577374588,,,0.3551,ambiguous,https://doi.org/10.1101/2022.10.22.513328
V151M,0.19141,0.77687,1.0598012740728693,Neutral,Neutral,7.3,,,0.211,"cBioPortal,COSMIC",,False,7.3,,,,neutral,neutral,neutral,UP,neutral,neutral,neutral,,,,96.6,H,-0.0083,2.7386,-2.5669,loss_of_function,-0.139171596339455,,,0.1805,benign,https://doi.org/10.1101/2022.10.22.513328
L153F,0.30689,-0.08333,0.7329597964598108,Neutral,Neutral,59.6,,,,mutations_clinvar,,False,59.6,,,,neutral,neutral,neutral,UP,neutral,neutral,neutral,1741625,Uncertain significance,1,95.49,H,0.034,3.3637,-7.066,gain_of_function,-0.665932907571116,,,0.081,benign,https://doi.org/10.1101/2022.10.22.513328
L153I,0.18091,-0.21531,0.5692075545552863,Neutral,Neutral,59.6,,,,mutations_clinvar,,False,59.6,,,,neutral,neutral,neutral,-,uncertain,uncertain,uncertain,1741617,Uncertain significance,1,95.49,H,0.0903,3.3637,-7.651,gain_of_function,-0.356481320712733,,,0.0705,benign,https://doi.org/10.1101/2022.10.22.513328
L153V,0.84934,0.09932,0.8317692572467758,Neutral,Neutral,59.6,,,0.109,cBioPortal,,False,59.6,,,,neutral,neutral,neutral,DOWN,neutral,neutral,neutral,,,,95.49,H,0.0592,3.3637,-6.651,gain_of_function,-0.555081457835185,,,0.0644,benign,https://doi.org/10.1101/2022.10.22.513328
R154K,2.96912,0.87007,2.124097800260643,Uncertain,Uncertain,5.1,,,0.411,"cBioPortal,mutations_clinvar",,False,5.1,,,,neutral,neutral,neutral,-,uncertain,uncertain,uncertain,983092,Uncertain significance,1,94.95,H,-0.1656,1.4455,-21.9388,loss_of_function,-1.16089769742322,,,0.7883,pathogenic,https://doi.org/10.1101/2022.10.22.513328
R154M,2.07618,-0.4568,0.8421914346489162,Uncertain,Uncertain,5.1,,,0.622,COSMIC,,False,5.1,,,,neutral,neutral,neutral,DOWN,neutral,neutral,neutral,,,,94.95,H,-0.1615,1.4455,-5.8437,loss_of_function,-1.53078557052755,,,0.9942,pathogenic,https://doi.org/10.1101/2022.10.22.513328
R154T,3.87027,1.20102,1.907295781209688,Uncertain,Uncertain,5.1,,,0.593,COSMIC,,False,5.1,,,,neutral,neutral,neutral,DOWN,neutral,neutral,neutral,,,,94.95,H,-0.2073,1.4455,-7.651,loss_of_function,-2.24739025245954,,,0.996,pathogenic,https://doi.org/10.1101/2022.10.22.513328
D155H,0.55559,-1.3381,-0.295176785536545,Neutral,Neutral,33.5,,,,mutations_clinvar,,True,33.5,,,,neutral,neutral,neutral,UP,neutral,neutral,neutral,1484875,Uncertain significance,1,92.98,H,-0.012,2.8778,-6.3291,loss_of_function,-1.21221072364001,,,0.2711,benign,https://doi.org/10.1101/2022.10.22.513328
L156F,-0.0433,0.67381,0.6703576008346376,Neutral,Neutral,84.8,,,,mutations_clinvar,,True,84.8,,,,neutral,neutral,neutral,UP,neutral,neutral,neutral,456547,Uncertain significance,1,91.78,T,0.0394,3.5097,-8.6365,gain_of_function,-0.215436125877826,,,0.0851,benign,https://doi.org/10.1101/2022.10.22.513328
L156H,-0.09068,1.02381,0.966020435530046,Neutral,Neutral,84.8,,,0.160,cBioPortal,,True,84.8,,,,neutral,neutral,neutral,DOWN,neutral,neutral,neutral,,,,91.78,T,-0.0542,3.5097,-5.6366,loss_of_function,-0.745399900953448,,,0.0825,benign,https://doi.org/10.1101/2022.10.22.513328
L156V,0.79504,0.27109,0.7848911965590205,Neutral,Neutral,84.8,,,,mutations_clinvar,,True,84.8,,,,neutral,neutral,neutral,DOWN,neutral,neutral,neutral,2189737,Uncertain significance,1,91.78,T,0.0819,3.5097,-4.8293,gain_of_function,-0.0099733116776377,,,0.0592,benign,https://doi.org/10.1101/2022.10.22.513328
N157D,-0.11506,0.52789,0.2765411015524749,Neutral,Neutral,88.0,,,0.068,"cBioPortal,COSMIC",,True,88.0,,,,neutral,neutral,neutral,-,uncertain,uncertain,uncertain,,,,92.25,T,0.0428,3.1756,-6.0371,gain_of_function,-0.523758515387205,,,0.083,benign,https://doi.org/10.1101/2022.10.22.513328
N157S,0.34117,0.59048,0.5512116548875192,Neutral,Neutral,88.0,,,,mutations_clinvar,,True,88.0,,,,neutral,neutral,neutral,DOWN,neutral,neutral,neutral,580643,Uncertain significance,1,92.25,T,0.0871,3.1756,-3.8672,gain_of_function,-0.177813020639166,,,0.0616,benign,https://doi.org/10.1101/2022.10.22.513328
S158L,2.40024,0.13571,-0.4858923210474625,Uncertain,Uncertain,30.4,,,0.186,"cBioPortal,COSMIC",,True,30.4,,,,uncertain,,,UP,neutral,neutral,neutral,,,,89.72,T,-0.0135,2.7483,-4.2965,loss_of_function,-0.840594610824134,,,0.1263,benign,https://doi.org/10.1101/2022.10.22.513328
P159L,1.99302,-0.0085,-0.7906374190188431,Neutral,Neutral,40.2,,,,mutations_clinvar,,True,40.2,,,,neutral,neutral,neutral,UP,neutral,neutral,neutral,403905,Uncertain significance,1,94.1,T,-0.0568,2.5262,-5.1589,loss_of_function,-1.05198897602458,,,0.0911,benign,https://doi.org/10.1101/2022.10.22.513328
H160N,0.0318,1.62551,1.089139222967988,Neutral,Neutral,40.1,,,0.140,COSMIC,,True,40.1,,,,neutral,neutral,neutral,DOWN,neutral,neutral,neutral,,,,95.37,H,0.128,3.7824,-5.8293,gain_of_function,-0.17713277271001,,,0.0811,benign,https://doi.org/10.1101/2022.10.22.513328
H160R,-0.41722,2.02721,0.3951112363471015,Uncertain,Neutral,40.1,,,0.233,cBioPortal,,True,40.1,,,,neutral,neutral,neutral,UP,neutral,neutral,stabilizing,,,,95.37,H,0.0972,3.7824,-6.0516,gain_of_function,-0.919050373324323,,,0.1262,benign,https://doi.org/10.1101/2022.10.22.513328
H160Y,-1.4112,0.58469,-0.1506659016023764,Neutral,Neutral,40.1,,,0.216,cBioPortal,,True,40.1,,,,neutral,neutral,neutral,UP,neutral,neutral,stabilizing,,,,95.37,H,0.1655,3.7824,-5.3147,gain_of_function,-0.657989247021981,,,0.083,benign,https://doi.org/10.1101/2022.10.22.513328
S161G,0.49856,0.91054,1.0239483971292676,Neutral,Neutral,21.8,,,,mutations_clinvar,,False,21.8,,,,uncertain,,,DOWN,neutral,neutral,neutral,2074541,Uncertain significance,1,95.66,H,0.0667,2.9346,-5.3219,gain_of_function,-0.807971952871512,,,0.0799,benign,https://doi.org/10.1101/2022.10.22.513328
S161R,-2.3249,0.68197,-0.3453596122015995,Uncertain,Uncertain,21.8,,,0.361,cBioPortal,,False,21.8,,,,uncertain,,,UP,neutral,neutral,neutral,,,,95.66,H,-0.0231,2.9346,-6.3219,loss_of_function,-0.98983892131023,,,0.5399,ambiguous,https://doi.org/10.1101/2022.10.22.513328
R162K,1.22625,0.57517,1.0378816183231447,Neutral,Neutral,15.4,,,0.231,"cBioPortal,COSMIC,mutations_clinvar",,False,15.4,,,,neutral,neutral,neutral,-,uncertain,uncertain,uncertain,452946,Uncertain significance,1,95.98,H,0.0158,2.3611,-2.8998,gain_of_function,-0.0610898107194974,,,0.095,benign,https://doi.org/10.1101/2022.10.22.513328
R162T,2.86724,1.07551,1.1269725042912593,Uncertain,Uncertain,15.4,,,0.246,cBioPortal,,False,15.4,,,,neutral,neutral,neutral,DOWN,neutral,neutral,neutral,,,,95.98,H,-0.196,2.3611,-21.9424,loss_of_function,-1.66873320680715,,,0.4657,ambiguous,https://doi.org/10.1101/2022.10.22.513328
A163T,2.65869,1.50578,1.3567930075928645,Uncertain,Uncertain,0.1,,,0.400,"cBioPortal,COSMIC",,False,0.1,,,,neutral,neutral,neutral,UP,neutral,neutral,neutral,,,,96.96,H,-0.0117,2.5021,-8.6509,loss_of_function,-1.40466795634152,,,0.7554,pathogenic,https://doi.org/10.1101/2022.10.22.513328
Y165H,3.60551,2.6119,0.9243509594434408,Uncertain,Uncertain,2.0,3.18714941356e-05,8.0178959437e-06,0.319,"cBioPortal,COSMIC,mutations_clinvar",,True,2.0,,,,uncertain,,,DOWN,neutral,neutral,neutral,2041413,Uncertain significance,1,97.29,H,-0.1011,1.8223,-4.4031,loss_of_function,-1.05125199336755,,,0.8057,pathogenic,https://doi.org/10.1101/2022.10.22.513328
Y167C,3.13312,3.55374,4.072752220607938,Destabilizing,Destabilizing,25.9,,,,mutations_clinvar,,True,25.9,,,,uncertain,,,DOWN,neutral,neutral,neutral,584649,Uncertain significance,2,97.94,S,-0.1744,1.7194,-4.5779,loss_of_function,-0.267672709137654,,,0.4913,ambiguous,https://doi.org/10.1101/2022.10.22.513328
P168L,1.79102,3.74014,-0.2018711952626595,Uncertain,Neutral,9.4,,,0.497,cBioPortal,,True,9.4,,,,neutral,neutral,neutral,UP,neutral,neutral,neutral,,,,98.17,-,-0.278,1.0536,-21.9531,loss_of_function,-2.40046505744076,,,0.9655,pathogenic,https://doi.org/10.1101/2022.10.22.513328
P168S,2.92696,3.3381,0.6385248251441106,Uncertain,Uncertain,9.4,,,0.413,cBioPortal,,True,9.4,,,,neutral,neutral,neutral,DOWN,neutral,neutral,neutral,,,,98.17,-,-0.1325,1.0536,-3.0506,loss_of_function,-1.30104422284337,,,0.7954,pathogenic,https://doi.org/10.1101/2022.10.22.513328
P169Q,3.60398,1.37177,0.8070171079069923,Uncertain,Uncertain,8.5,,,0.345,COSMIC,,False,8.5,,,,neutral,neutral,neutral,UP,neutral,neutral,neutral,,,,98.16,-,-0.0725,2.3291,-8.6581,loss_of_function,-1.91242257091661,,,0.8792,pathogenic,https://doi.org/10.1101/2022.10.22.513328
N170S,1.16261,1.34456,1.2976071122749913,Neutral,Neutral,30.1,,,0.046,"cBioPortal,COSMIC",,False,30.1,,,,neutral,neutral,neutral,DOWN,neutral,neutral,neutral,,,,98.08,-,0.056,2.9158,-5.278,gain_of_function,-0.527856833619419,,,0.0721,benign,https://doi.org/10.1101/2022.10.22.513328
N170T,1.15371,1.16497,1.3068299638968108,Neutral,Neutral,30.1,,,0.096,COSMIC,,False,30.1,,,,neutral,neutral,neutral,-,uncertain,uncertain,uncertain,,,,98.08,-,-0.0024,2.9158,-7.0149,loss_of_function,-1.41399780913545,,,0.1307,benign,https://doi.org/10.1101/2022.10.22.513328
E172Q,0.73997,-0.0585,0.5321770030329281,Neutral,Neutral,30.3,,,0.282,"cBioPortal,COSMIC",,True,30.3,,,,neutral,neutral,neutral,UP,neutral,neutral,stabilizing,,,,96.32,-,-0.0371,1.9408,-7.0625,loss_of_function,-1.4291057165131,,,0.8474,pathogenic,https://doi.org/10.1101/2022.10.22.513328
S173Y,-0.16559,0.42109,-0.6578600702733856,Neutral,Neutral,31.4,,,0.340,COSMIC,,True,31.4,,,,uncertain,,,UP,neutral,neutral,stabilizing,,,,93.37,S,-0.0851,2.9996,-21.7995,loss_of_function,-1.72986753382616,,,0.4218,ambiguous,https://doi.org/10.1101/2022.10.22.513328
P175L,1.10122,1.7483,-0.554505269722862,Neutral,Neutral,55.5,,,,mutations_clinvar,,True,55.5,,,,neutral,neutral,neutral,UP,neutral,neutral,stabilizing,959302,Uncertain significance,1,96.3,-,-0.0073,3.1077,-5.9503,loss_of_function,-0.653958846349601,,,0.0769,benign,https://doi.org/10.1101/2022.10.22.513328
P175S,1.24142,0.64388,0.2084565883908568,Neutral,Neutral,55.5,,,0.137,"cBioPortal,COSMIC",,True,55.5,,,,neutral,neutral,neutral,DOWN,neutral,neutral,neutral,,,,96.3,-,0.0553,3.1077,-3.2874,gain_of_function,-0.0150934448368147,,,0.0781,benign,https://doi.org/10.1101/2022.10.22.513328
L177F,5.5668,3.52483,2.135893121439225,Destabilizing,Uncertain,1.8,,,0.188,"cBioPortal,COSMIC",,False,1.8,,,,neutral,neutral,neutral,UP,neutral,neutral,stabilizing,,,,95.37,-,0.0012,2.9426,-5.8948,gain_of_function,-1.43218929621469,,,0.6413,pathogenic,https://doi.org/10.1101/2022.10.22.513328
K179E,-0.63093,1.0898,-0.1883562285586526,Neutral,Neutral,93.8,,,0.166,"cBioPortal,COSMIC",,False,93.8,,,,neutral,neutral,neutral,DOWN,neutral,neutral,neutral,,,,92.52,H,0.098,3.7613,-2.7838,gain_of_function,-0.586476331436638,,,0.1144,benign,https://doi.org/10.1101/2022.10.22.513328
K179T,0.33857,1.11599,0.1577960685932167,Neutral,Neutral,93.8,,,0.099,COSMIC,,False,93.8,,,,neutral,neutral,neutral,DOWN,neutral,neutral,neutral,,,,92.52,H,0.0959,3.7613,-3.7569,gain_of_function,-0.721353852853022,,,0.1225,benign,https://doi.org/10.1101/2022.10.22.513328
H180R,0.19334,1.62007,0.2801807435534414,Neutral,Neutral,22.4,,,,COSMIC,,False,22.4,,,,neutral,neutral,neutral,UP,neutral,neutral,stabilizing,,,,92.39,H,0.0685,3.4937,-6.4757,gain_of_function,-1.11188305734244,,,0.6086,pathogenic,https://doi.org/10.1101/2022.10.22.513328
Y182H,0.27575,0.9102,0.7448634935022255,Neutral,Neutral,52.7,,,0.176,"cBioPortal,COSMIC",,False,52.7,,,,uncertain,,,DOWN,neutral,neutral,neutral,,,,96.41,H,0.0811,3.8629,-5.4958,gain_of_function,-0.0353515444320277,,,0.0915,benign,https://doi.org/10.1101/2022.10.22.513328
N183S,-0.31463,0.15204,0.5351352886225025,Neutral,Neutral,72.6,,,,mutations_clinvar,,False,72.6,,,,neutral,neutral,neutral,DOWN,neutral,neutral,neutral,1129752,Likely benign,1,94.89,T,0.1211,3.4535,-2.2224,gain_of_function,-0.023292181941971,,,0.0501,benign,https://doi.org/10.1101/2022.10.22.513328
N183T,0.04026,0.40374,0.3842102139749964,Neutral,Neutral,72.6,,,0.110,cBioPortal,,False,72.6,,,,neutral,neutral,neutral,-,uncertain,uncertain,uncertain,,,,94.89,T,0.0647,3.4535,-3.5622,gain_of_function,-0.124324608945905,,,0.0569,benign,https://doi.org/10.1101/2022.10.22.513328
K184E,1.80506,2.4051,0.9340596172034434,Uncertain,Neutral,36.7,,,0.405,COSMIC,,False,36.7,,,,neutral,neutral,neutral,DOWN,neutral,neutral,neutral,,,,94.13,T,-0.0364,2.5664,-7.5698,loss_of_function,-1.19164670183116,,,0.6662,pathogenic,https://doi.org/10.1101/2022.10.22.513328
D186G,0.44072,2.71463,0.8934097616131736,Uncertain,Neutral,71.8,,,0.223,cBioPortal,,False,71.8,,,,neutral,neutral,neutral,DOWN,neutral,neutral,neutral,,,,94.53,B,0.0703,3.6313,-3.4291,gain_of_function,-1.50799440254669,,,0.4984,ambiguous,https://doi.org/10.1101/2022.10.22.513328
D186N,0.24389,1.50306,-0.2040488840453547,Neutral,Neutral,71.8,,,0.180,"cBioPortal,COSMIC",,False,71.8,,,,neutral,neutral,neutral,-,uncertain,uncertain,uncertain,,,,94.53,B,0.1162,3.6313,-3.1322,gain_of_function,-0.706536452954712,,,0.3937,ambiguous,https://doi.org/10.1101/2022.10.22.513328
K187E,0.51597,0.71973,0.3464409176923388,Neutral,Neutral,99.2,,,,mutations_clinvar,,False,99.2,,,,neutral,neutral,neutral,DOWN,neutral,neutral,destabilizing,640302,Uncertain significance,1,94.31,T,0.0337,3.1398,-4.1699,gain_of_function,-0.4519770539081,0.033968112309928,Benign,0.3349,benign,https://doi.org/10.1101/2022.10.22.513328
K187T,0.91384,2.25272,0.8024563024451372,Uncertain,Neutral,99.2,,,,mutations_clinvar,,False,99.2,,,,neutral,neutral,neutral,DOWN,neutral,neutral,destabilizing,526638,Uncertain significance,2,94.31,T,0.0346,3.1398,-4.5622,gain_of_function,-0.706818264714816,0.0662337135309321,Benign,0.4117,ambiguous,https://doi.org/10.1101/2022.10.22.513328
G188E,3.99641,1.12619,1.2231651844910592,Uncertain,Uncertain,13.4,,,,mutations_clinvar,,False,13.4,,,,neutral,neutral,neutral,UP,neutral,neutral,neutral,584650,Uncertain significance,1,95.49,T,-0.0891,2.9347,-5.7587,loss_of_function,-0.8758572681844,0.0418559323796247,Benign,0.6104,pathogenic,https://doi.org/10.1101/2022.10.22.513328
V193M,0.72487,2.21837,0.9968665323192656,Uncertain,Neutral,11.6,,,0.202,COSMIC,,False,11.6,,,,neutral,neutral,neutral,UP,neutral,neutral,neutral,,,,98.23,E,-0.0367,3.4995,-21.8538,loss_of_function,-1.40444351022901,0.1309169262662141,Benign,0.4214,ambiguous,https://doi.org/10.1101/2022.10.22.513328
V196I,-0.67533,0.3034,0.1771344023646648,Neutral,Neutral,20.0,,4.0106844634e-06,0.143,"cBioPortal,mutations_clinvar",,True,20.0,,,,neutral,neutral,neutral,UP,neutral,neutral,stabilizing,1010336,Uncertain significance,1,93.5,E,0.035,2.4231,-2.9243,gain_of_function,-1.09625612220284,,,0.3267,benign,https://doi.org/10.1101/2022.10.22.513328
I197M,0.38583,0.79796,1.5556716676154176,Neutral,Neutral,18.2,,,,COSMIC,,True,18.2,,,,neutral,neutral,neutral,-,uncertain,uncertain,uncertain,,,,90.83,E,0.0336,2.9722,-7.098,gain_of_function,-1.19859252097539,,,0.2301,benign,https://doi.org/10.1101/2022.10.22.513328
S199C,0.05567,1.09218,0.7118932715696477,Neutral,Neutral,91.0,,,0.475,"cBioPortal,COSMIC",,True,91.0,,,,uncertain,,,UP,neutral,neutral,stabilizing,,,,80.66,T,-0.0184,2.6276,-8.3618,loss_of_function,-0.645887490247991,,,0.221,benign,https://doi.org/10.1101/2022.10.22.513328
S199P,-1.39301,-1.2398,0.0851478782924675,Neutral,Neutral,91.0,,,0.487,cBioPortal,,True,91.0,,,,uncertain,,,UP,neutral,neutral,stabilizing,,,,80.66,T,-0.1162,2.6276,-7.3619,loss_of_function,-1.04539593502459,,,0.8965,pathogenic,https://doi.org/10.1101/2022.10.22.513328
S199Y,-0.13918,-0.6932,-0.0643294533201849,Neutral,Neutral,91.0,,,0.338,"cBioPortal,mutations_clinvar",,True,91.0,,,,uncertain,,,UP,neutral,neutral,stabilizing,1750771,Uncertain significance,1,80.66,T,-0.0457,2.6276,-7.3619,loss_of_function,-0.606269834182301,,,0.5989,pathogenic,https://doi.org/10.1101/2022.10.22.513328
P200L,0.85567,0.99626,-0.6290088338054367,Neutral,Neutral,85.0,,,0.303,COSMIC,,True,85.0,,,,neutral,neutral,neutral,UP,neutral,neutral,neutral,,,,84.17,T,-0.0408,2.7322,-5.7415,loss_of_function,-1.06958192121777,,,0.3412,ambiguous,https://doi.org/10.1101/2022.10.22.513328
N201S,0.61543,0.11054,0.7241098854616351,Neutral,Neutral,87.2,,,0.144,COSMIC,,True,87.2,,,,neutral,neutral,neutral,DOWN,neutral,neutral,neutral,,,,87.73,T,0.0607,2.8376,-2.9513,gain_of_function,-0.149118523870436,,,0.0525,benign,https://doi.org/10.1101/2022.10.22.513328
K204N,1.32652,0.8017,0.1181996445635052,Neutral,Neutral,30.4,,,0.199,COSMIC,,False,30.4,,,,neutral,neutral,neutral,DOWN,neutral,neutral,neutral,,,,93.79,E,0.0178,3.0326,-6.651,gain_of_function,-1.06056213990069,0.0431784360208681,Benign,0.9903,pathogenic,https://doi.org/10.1101/2022.10.22.513328
K204R,-0.46296,0.37959,-0.0560279746701458,Neutral,Neutral,30.4,,,,mutations_clinvar,,False,30.4,,,,neutral,neutral,neutral,-,uncertain,uncertain,uncertain,1000854,Uncertain significance,1,93.79,E,0.1163,3.0326,-3.9506,gain_of_function,-0.68043121378222,0.0027512034656292,Benign,0.1617,benign,https://doi.org/10.1101/2022.10.22.513328
K204T,0.71961,0.8466,0.5417213842753194,Neutral,Neutral,30.4,,,,mutations_clinvar,,False,30.4,,,,neutral,neutral,neutral,DOWN,neutral,neutral,neutral,945370,Uncertain significance,2,93.79,E,0.0208,3.0326,-5.3291,gain_of_function,-1.34377950841584,0.0504339464989599,Benign,0.9032,pathogenic,https://doi.org/10.1101/2022.10.22.513328
Y207C,1.92914,2.80816,3.434871991410442,Uncertain,Uncertain,21.4,,,0.297,cBioPortal,,True,21.4,,,,uncertain,,,DOWN,neutral,neutral,neutral,,,,94.42,E,-0.1319,2.3518,-7.651,loss_of_function,-1.91405673572309,0.133948811334846,Benign,0.9181,pathogenic,https://doi.org/10.1101/2022.10.22.513328
T208S,0.64323,1.19694,0.4830352732364679,Neutral,Neutral,50.9,,,,mutations_clinvar,,True,50.9,,,,neutral,,,DOWN,neutral,neutral,neutral,571068,Uncertain significance,1,96.78,E,0.0318,2.3387,-2.028,gain_of_function,-0.107875018553257,0.0080715378460597,Benign,0.4122,ambiguous,https://doi.org/10.1101/2022.10.22.513328
N212S,0.20198,-0.19116,0.9486945524614048,Neutral,Neutral,66.5,,8.01841027e-06,0.066,"cBioPortal,COSMIC,mutations_clinvar",,True,66.5,,,,neutral,neutral,neutral,DOWN,neutral,neutral,neutral,935521,Uncertain significance,2,97.81,E,0.0809,2.9739,-1.4456,gain_of_function,0.0913559019881955,0.0012092395714786,Benign,0.055,benign,https://doi.org/10.1101/2022.10.22.513328
H213N,-0.85254,1.08639,0.948788285592649,Neutral,Neutral,17.4,,,0.193,"cBioPortal,COSMIC",,False,17.4,,,,neutral,neutral,neutral,DOWN,neutral,neutral,neutral,,,,97.38,T,0.072,3.277,-7.6864,gain_of_function,-1.63581826327522,0.1230772704377934,Benign,0.3745,ambiguous,https://doi.org/10.1101/2022.10.22.513328
H213P,0.95658,4.2466,5.150824839578393,Uncertain,Uncertain,17.4,,,0.406,COSMIC,,False,17.4,,,,neutral,neutral,neutral,DOWN,neutral,neutral,neutral,,,,97.38,T,-0.0545,3.277,-1.8039,loss_of_function,-0.954533963278879,0.0176316036922292,Benign,0.2391,benign,https://doi.org/10.1101/2022.10.22.513328
D214Y,-1.22923,-1.20034,-0.0429068331000009,Neutral,Neutral,65.6,,,0.509,cBioPortal,,False,65.6,,,,neutral,neutral,neutral,UP,neutral,neutral,stabilizing,,,,97.38,T,-0.0056,3.3219,-6.091,loss_of_function,-1.51694489140569,0.0893551377119557,Benign,0.2712,benign,https://doi.org/10.1101/2022.10.22.513328
C215G,1.42489,1.82245,1.6961617235343645,Neutral,Neutral,22.6,,,0.193,"cBioPortal,COSMIC",,False,22.6,,,,neutral,neutral,neutral,DOWN,neutral,neutral,neutral,,,,96.8,-,-0.0981,3.3969,-7.6794,loss_of_function,-1.01252532300238,0.0327435246906324,Benign,0.1959,benign,https://doi.org/10.1101/2022.10.22.513328
C215Y,-0.77033,-1.10646,-0.7855709758522256,Neutral,Neutral,22.6,,,,mutations_clinvar,,False,22.6,,,,neutral,neutral,neutral,UP,neutral,neutral,stabilizing,1016397,Uncertain significance,2,96.8,-,-0.0971,3.3969,-5.3575,loss_of_function,-0.112469682947203,0.0138118767862626,Benign,0.1283,benign,https://doi.org/10.1101/2022.10.22.513328
P217A,3.47634,1.09762,-0.2004003728769166,Uncertain,Uncertain,5.7,,,0.294,cBioPortal,,False,5.7,,,,neutral,neutral,neutral,DOWN,neutral,neutral,neutral,,,,97.12,H,-0.1491,1.0142,-5.527,loss_of_function,-2.15665783421665,0.0379184856211258,Benign,0.5709,pathogenic,https://doi.org/10.1101/2022.10.22.513328
P217S,3.91314,2.41429,0.4678213584717478,Uncertain,Uncertain,5.7,,4.0090122596e-06,0.418,"cBioPortal,mutations_clinvar",,False,5.7,,,,neutral,neutral,neutral,DOWN,neutral,neutral,neutral,2006458,Uncertain significance,1,97.12,H,-0.1531,1.0142,-6.375,loss_of_function,-2.30538839519082,0.1955174403197873,Benign,0.913,pathogenic,https://doi.org/10.1101/2022.10.22.513328
E218K,0.63363,1.3381,0.4542929883725721,Neutral,Neutral,43.5,,,,mutations_clinvar,,False,43.5,,,,neutral,neutral,neutral,UP,neutral,neutral,stabilizing,156448,Pathogenic,0,94.98,H,0.075,3.5715,-4.7831,gain_of_function,-1.45172946074208,0.0387037734756564,Benign,0.5387,ambiguous,https://doi.org/10.1101/2022.10.22.513328
I221V,1.10117,1.02959,0.8415111952141843,Neutral,Neutral,2.2,,,,mutations_clinvar,,False,2.2,,,,neutral,neutral,neutral,DOWN,neutral,neutral,neutral,1014981,Uncertain significance,1,95.78,H,0.0417,2.3964,-4.0531,gain_of_function,-0.916762957221751,0.0583710953326278,Benign,0.1681,benign,https://doi.org/10.1101/2022.10.22.513328
A222V,1.89668,1.90136,0.2877568443412359,Neutral,Neutral,3.0,,,0.271,COSMIC,,False,3.0,,,,neutral,neutral,neutral,UP,neutral,neutral,stabilizing,,,,93.51,H,0.0692,3.1398,-4.8791,gain_of_function,-1.54230380299199,0.1209895449713124,Benign,0.6368,pathogenic,https://doi.org/10.1101/2022.10.22.513328
E223G,1.81591,1.58163,1.3181171517087804,Neutral,Neutral,44.9,,,,mutations_clinvar,,False,44.9,,,,neutral,neutral,neutral,DOWN,neutral,neutral,neutral,1754896,Uncertain significance,1,93.34,H,0.0386,3.4331,-8.6933,gain_of_function,-1.32272766660173,0.1546806801973326,Benign,0.7848,pathogenic,https://doi.org/10.1101/2022.10.22.513328
E223K,-0.61927,0.63469,0.057427041230933,Neutral,Neutral,44.9,,,,COSMIC,,False,44.9,,,,neutral,neutral,neutral,UP,neutral,neutral,stabilizing,,,,93.34,H,0.0593,3.4331,-5.3716,gain_of_function,-1.43277697099511,0.0453816585220825,Benign,0.887,pathogenic,https://doi.org/10.1101/2022.10.22.513328
A224S,0.89162,1.52041,2.2182895009012515,Neutral,Uncertain,3.4,,,0.242,"cBioPortal,COSMIC",,False,3.4,,,,neutral,neutral,neutral,-,uncertain,uncertain,uncertain,,,,92.28,H,-0.0417,1.908,-4.9896,loss_of_function,-0.261590737853661,0.0658937224020912,Benign,0.2766,benign,https://doi.org/10.1101/2022.10.22.513328
I225M,0.82522,2.16769,1.0968443585925045,Uncertain,Neutral,1.1,,,0.206,"cBioPortal,COSMIC",,True,1.1,,,,neutral,neutral,neutral,-,uncertain,uncertain,uncertain,,,,88.69,H,-0.0902,1.6035,-6.683,loss_of_function,-1.3764398550498,0.1126501108936666,Benign,0.8261,pathogenic,https://doi.org/10.1101/2022.10.22.513328
R226S,0.72344,0.98571,2.859037615710954,Neutral,Uncertain,49.2,,,0.255,"cBioPortal,COSMIC",,True,49.2,,,,neutral,neutral,neutral,DOWN,neutral,neutral,neutral,,,,89.54,H,-0.0848,2.62,-5.6759,loss_of_function,-1.01103156009331,0.0644000101251554,Benign,0.9793,pathogenic,https://doi.org/10.1101/2022.10.22.513328
K228N,1.51753,1.63367,0.6796473972085959,Neutral,Neutral,37.4,,,0.274,cBioPortal,,True,37.4,,,,neutral,neutral,neutral,DOWN,neutral,neutral,neutral,,,,85.01,H,-0.0397,2.4614,-7.6183,loss_of_function,-1.60446562833797,0.2416635994339487,Benign,0.9914,pathogenic,https://doi.org/10.1101/2022.10.22.513328
K228R,0.33506,0.00816,-0.1417873603643971,Neutral,Neutral,37.4,,,,mutations_clinvar,,True,37.4,,,,neutral,neutral,neutral,-,uncertain,uncertain,uncertain,1755725,Uncertain significance,1,85.01,H,0.0714,2.4614,-2.4485,gain_of_function,-0.75719464115589,0.0026139739068072,Benign,0.2984,benign,https://doi.org/10.1101/2022.10.22.513328
R230G,1.65466,1.38231,0.95491729476863,Neutral,Neutral,94.7,,4.0087551212e-06,0.411,cBioPortal,,True,94.7,,,,neutral,neutral,neutral,DOWN,neutral,neutral,destabilizing,,,,82.2,G,-0.1155,2.8117,-8.3127,loss_of_function,-2.51908297800076,0.088603805665761,Benign,0.9188,pathogenic,https://doi.org/10.1101/2022.10.22.513328
R230Q,0.83021,-0.04048,0.4137117222262348,Neutral,Neutral,94.7,,,,COSMIC,,True,94.7,,,,neutral,neutral,neutral,DOWN,neutral,neutral,destabilizing,,,,82.2,G,-0.0416,2.8117,-5.7279,loss_of_function,-1.12843972824903,0.0310241142272587,Benign,0.7029,pathogenic,https://doi.org/10.1101/2022.10.22.513328
S231I,-0.07021,0.64694,-0.1431449660310391,Neutral,Neutral,96.5,,,0.316,cBioPortal,,True,96.5,,,,uncertain,,,UP,neutral,neutral,stabilizing,,,,76.2,G,0.0039,2.934,-3.497,gain_of_function,-1.30912745793645,0.0165349620430525,Benign,0.701,pathogenic,https://doi.org/10.1101/2022.10.22.513328
L233S,-0.68834,-0.21871,0.7587528501133817,Neutral,Neutral,102.3,,,,mutations_clinvar,,False,102.3,,,,neutral,neutral,neutral,DOWN,neutral,neutral,destabilizing,1756474,Uncertain significance,1,81.05,T,-0.0313,3.6701,-6.3923,loss_of_function,-0.572236459022956,0.0032994320269581,Benign,0.1787,benign,https://doi.org/10.1101/2022.10.22.513328
S235C,2.39719,0.92177,1.1354667989070124,Uncertain,Uncertain,71.6,,,0.536,cBioPortal,,False,71.6,,,,uncertain,,,UP,neutral,neutral,neutral,,,,85.5,-,-0.0316,3.2231,-21.6971,loss_of_function,-1.88758477806589,,,0.2922,benign,https://doi.org/10.1101/2022.10.22.513328
S235F,1.8838,1.5034,0.3914115049919964,Neutral,Neutral,71.6,,,0.620,COSMIC,,False,71.6,,,,uncertain,,,UP,neutral,neutral,neutral,,,,85.5,-,0.0137,3.2231,-7.4093,gain_of_function,-0.763230749918165,,,0.9017,pathogenic,https://doi.org/10.1101/2022.10.22.513328
S235T,1.13195,0.01565,0.4559136046475676,Neutral,Neutral,71.6,,,0.308,"cBioPortal,COSMIC",,False,71.6,,,,neutral,,,UP,neutral,neutral,neutral,,,,85.5,-,0.118,3.2231,-4.0875,gain_of_function,-0.0880342313594622,,,0.088,benign,https://doi.org/10.1101/2022.10.22.513328
S236Y,-0.2659,-0.21088,-0.3033514925416769,Neutral,Neutral,109.5,,,0.274,COSMIC,,False,109.5,,,,uncertain,,,UP,neutral,neutral,neutral,,,,85.78,H,0.0378,3.6009,-8.5583,gain_of_function,-0.787739962367915,,,0.2433,benign,https://doi.org/10.1101/2022.10.22.513328
L239P,6.9737,12.15544,8.603542201041932,Destabilizing,Destabilizing,37.2,,,0.379,COSMIC,,False,37.2,,,,neutral,neutral,neutral,DOWN,neutral,neutral,neutral,,,,85.68,H,-0.0846,3.5578,-4.4094,loss_of_function,-1.85987940126957,,,0.9873,pathogenic,https://doi.org/10.1101/2022.10.22.513328
L239R,0.89257,2.20952,1.1043028703619977,Uncertain,Neutral,37.2,,,0.316,"cBioPortal,COSMIC",,False,37.2,,,,neutral,neutral,neutral,UP,neutral,neutral,neutral,,,,85.68,H,-0.0864,3.5578,-5.4094,loss_of_function,-2.12443212372097,,,0.5549,ambiguous,https://doi.org/10.1101/2022.10.22.513328
K240T,0.95451,0.29898,0.280409986587159,Neutral,Neutral,81.5,,,,mutations_clinvar,,False,81.5,,,,neutral,neutral,neutral,DOWN,neutral,neutral,neutral,1408065,Uncertain significance,1,87.0,H,0.0118,2.8735,-4.2362,gain_of_function,-1.03293126681151,,,0.3008,benign,https://doi.org/10.1101/2022.10.22.513328
L241H,0.73482,0.55374,0.3376613897303315,Neutral,Neutral,75.0,,,,mutations_clinvar,,False,75.0,,,,neutral,neutral,neutral,DOWN,neutral,neutral,neutral,1757815,Uncertain significance,1,87.04,H,-0.0591,3.3992,-4.5999,loss_of_function,-0.346540768599588,,,0.1362,benign,https://doi.org/10.1101/2022.10.22.513328
V243A,1.36321,1.37449,2.303906866459862,Neutral,Uncertain,8.5,,,0.134,"cBioPortal,COSMIC",,False,8.5,,,,neutral,neutral,neutral,DOWN,neutral,neutral,neutral,,,,87.23,H,-0.0053,2.7768,-4.5648,loss_of_function,-0.809939514071238,,,0.7946,pathogenic,https://doi.org/10.1101/2022.10.22.513328
L244S,0.67539,0.8398,0.9227681283085176,Neutral,Neutral,64.1,,,0.101,COSMIC,,False,64.1,,,,neutral,neutral,neutral,DOWN,neutral,neutral,neutral,,,,86.67,H,-0.0483,3.3712,-4.3285,loss_of_function,-0.270102465201993,0.0024891971768077,Benign,0.1025,benign,https://doi.org/10.1101/2022.10.22.513328
Y246N,1.71772,2.7466,1.6844153416034515,Uncertain,Neutral,28.9,,,0.257,cBioPortal,P,False,28.9,-0.912,,,damaging,neutral,uncertain,DOWN,neutral,neutral,neutral,,,,86.98,H,-0.0391,3.401,-3.9798,loss_of_function,-1.03340189221941,0.0169438914260943,Benign,0.8907,pathogenic,https://doi.org/10.1101/2022.10.22.513328
G248C,-0.11398,-0.27041,0.203234040136892,Neutral,Neutral,99.7,,,0.415,cBioPortal,,False,99.7,,,,neutral,neutral,neutral,UP,neutral,neutral,neutral,,,,85.93,H,-0.0905,2.9426,-6.1375,loss_of_function,-0.185101538340449,0.0408109166244272,Benign,0.5091,ambiguous,https://doi.org/10.1101/2022.10.22.513328
G248S,-0.83285,-0.69728,-0.2817825446891714,Neutral,Neutral,99.7,,,,mutations_clinvar,,False,99.7,,,,neutral,neutral,neutral,UP,neutral,neutral,neutral,523491,Uncertain significance,2,85.93,H,-0.0198,2.9426,-2.8447,loss_of_function,-0.161695685655641,0.0039351649496031,Benign,0.1932,benign,https://doi.org/10.1101/2022.10.22.513328
Y250C,2.92969,2.8466,3.243871293219552,Uncertain,Uncertain,30.0,,,0.747,cBioPortal,,True,30.0,,,,uncertain,,,DOWN,neutral,neutral,neutral,,,,95.07,E,-0.3455,0.8258,-22.0088,loss_of_function,-2.91220102300479,0.4919465183939806,Uncertain,0.9732,pathogenic,https://doi.org/10.1101/2022.10.22.513328
Y250F,-0.33879,0.10374,0.0222884590257593,Neutral,Neutral,30.0,,,0.205,"cBioPortal,COSMIC",,True,30.0,,,,uncertain,,,-,uncertain,uncertain,uncertain,,,,95.07,E,-0.1157,0.8258,-3.0487,loss_of_function,-1.35329220397242,0.041127330106045,Benign,0.5128,ambiguous,https://doi.org/10.1101/2022.10.22.513328
L252F,0.82065,1.69286,1.4359357023697397,Neutral,Neutral,0.0,,,0.654,"cBioPortal,COSMIC",,True,0.0,,,,neutral,neutral,neutral,UP,neutral,neutral,neutral,,,,98.03,E,-0.2463,0.2674,-6.1497,loss_of_function,-3.04918532481568,0.3998228837068668,Uncertain,0.9288,pathogenic,https://doi.org/10.1101/2022.10.22.513328
C255Y,22.93638,7.48367,5.119886690828371,Destabilizing,Destabilizing,0.9,,,,mutations_clinvar,,False,0.9,,,,neutral,neutral,neutral,UP,neutral,neutral,stabilizing,403918,Uncertain significance,1,98.41,T,-0.2706,2.4357,-22.019,loss_of_function,-2.92924508105871,0.3424016781288732,Uncertain,0.9987,pathogenic,https://doi.org/10.1101/2022.10.22.513328
G256E,24.95386,18.14116,9.51147020224936,Destabilizing,Destabilizing,0.0,,,0.891,cBioPortal,,False,0.0,,,,neutral,neutral,neutral,UP,neutral,neutral,stabilizing,,,,97.85,T,-0.2949,0.8632,-8.7312,loss_of_function,-2.6787125239935,0.7015566866100011,Pathogenic,0.9996,pathogenic,https://doi.org/10.1101/2022.10.22.513328
C257Y,7.75587,1.74796,-0.2391034364816513,Uncertain,Uncertain,9.6,,,0.460,cBioPortal,,False,9.6,,,,neutral,neutral,neutral,UP,neutral,neutral,neutral,,,,98.17,S,-0.2671,2.4733,-22.0156,loss_of_function,-2.05770584038216,0.0557870617350397,Benign,0.739,pathogenic,https://doi.org/10.1101/2022.10.22.513328
D258N,1.37611,1.0085,-0.1061261265543744,Neutral,Neutral,14.4,,,0.181,"cBioPortal,COSMIC",,False,14.4,,,,neutral,neutral,neutral,-,uncertain,uncertain,uncertain,,,,98.06,S,0.0592,3.0953,-4.6439,gain_of_function,-0.730638659144759,0.0174409372169402,Benign,0.4769,ambiguous,https://doi.org/10.1101/2022.10.22.513328
E259D,1.19378,1.23537,0.9907096484882943,Neutral,Neutral,23.3,,,0.605,cBioPortal,,False,23.3,,,,neutral,neutral,neutral,DOWN,neutral,neutral,neutral,,,,98.37,-,-0.1007,1.0051,-3.9764,loss_of_function,-1.68795443177677,0.0215255843471488,Benign,0.6322,pathogenic,https://doi.org/10.1101/2022.10.22.513328
Y260H,3.18631,3.00884,2.733831080322908,Destabilizing,Uncertain,3.2,,,0.673,cBioPortal,,True,3.2,,,,uncertain,,,DOWN,neutral,neutral,neutral,,,,98.24,E,-0.2756,0.9027,-22.019,loss_of_function,-2.01725284888659,0.5541448698795979,Uncertain,0.9901,pathogenic,https://doi.org/10.1101/2022.10.22.513328
F261V,5.79943,5.01122,3.267307622738425,Destabilizing,Destabilizing,1.2,,,0.077,"cBioPortal,COSMIC",,True,1.2,,,,neutral,neutral,neutral,DOWN,neutral,neutral,neutral,,,,98.04,E,-0.1657,1.3956,-3.924,loss_of_function,-0.440480749797379,0.0457398850236623,Benign,0.2128,benign,https://doi.org/10.1101/2022.10.22.513328
L262I,1.32432,0.69966,0.9885760517841492,Neutral,Neutral,1.7,,,0.204,"cBioPortal,COSMIC",,True,1.7,,,,neutral,neutral,neutral,-,uncertain,uncertain,uncertain,,,,96.45,-,0.0377,2.5828,-3.8767,gain_of_function,-1.51746013183573,0.0433874231924978,Benign,0.281,benign,https://doi.org/10.1101/2022.10.22.513328
E263G,1.38912,1.54762,1.3985886983350742,Neutral,Neutral,38.9,,,,mutations_clinvar,,True,38.9,,,,neutral,neutral,neutral,DOWN,neutral,neutral,destabilizing,1761031,Conflicting interpretations of pathogenicity,1,96.01,S,-0.0895,1.5881,-0.5238,loss_of_function,-0.727128576335427,0.0065383499231416,Benign,0.1647,benign,https://doi.org/10.1101/2022.10.22.513328
E263Q,0.41949,0.43912,0.2905155723940245,Neutral,Neutral,38.9,,,0.303,cBioPortal,,True,38.9,,,,neutral,neutral,neutral,UP,neutral,neutral,neutral,,,,96.01,S,-0.0679,1.5881,-6.7381,loss_of_function,-1.1524808029708,0.0145620685882251,Benign,0.1547,benign,https://doi.org/10.1101/2022.10.22.513328
P266H,2.44555,0.88469,-0.2507395933287243,Uncertain,Uncertain,27.6,,,0.497,cBioPortal,,False,27.6,,,,neutral,neutral,neutral,UP,neutral,neutral,neutral,,,,98.2,-,-0.2116,0.8782,-7.7346,loss_of_function,-2.77811437695642,0.3002298513201171,Benign,0.5538,ambiguous,https://doi.org/10.1101/2022.10.22.513328
P266S,2.49742,1.53503,0.3426484746337188,Uncertain,Uncertain,27.6,,4.0202944464e-06,0.337,"cBioPortal,COSMIC",,False,27.6,,,,neutral,neutral,neutral,DOWN,neutral,neutral,neutral,,,,98.2,-,-0.1615,0.8782,-5.5648,loss_of_function,-1.68766227036816,0.0877939977168355,Benign,0.4365,ambiguous,https://doi.org/10.1101/2022.10.22.513328
P266T,3.96692,2.12755,0.038769929808885,Uncertain,Uncertain,27.6,,,0.449,cBioPortal,,False,27.6,,,,neutral,neutral,neutral,-,uncertain,uncertain,uncertain,,,,98.2,-,-0.1817,0.8782,-7.1497,loss_of_function,-2.13418042389554,0.2513270994694868,Benign,0.5952,pathogenic,https://doi.org/10.1101/2022.10.22.513328
L267M,-0.00518,1.21293,1.5177931189564142,Neutral,Neutral,0.0,,,0.299,"cBioPortal,COSMIC",,False,0.0,,,,neutral,neutral,neutral,-,uncertain,uncertain,uncertain,,,,98.14,G,-0.159,0.8118,-5.9273,loss_of_function,-0.972295931050045,0.0252898244316762,Benign,0.2437,benign,https://doi.org/10.1101/2022.10.22.513328
Q269K,0.11551,1.62619,1.6441674049359656,Neutral,Neutral,7.2,,,0.345,COSMIC,,False,7.2,,,,neutral,neutral,neutral,UP,neutral,neutral,neutral,,,,98.2,G,-0.1381,1.2404,-6.4128,loss_of_function,-2.23663146113719,0.1823434689473582,Benign,0.5634,ambiguous,https://doi.org/10.1101/2022.10.22.513328
K271R,-0.00348,0.42483,0.0978949453072808,Neutral,Neutral,38.7,,,0.199,cBioPortal,,False,38.7,,,,neutral,neutral,neutral,-,uncertain,uncertain,uncertain,,,,97.85,H,0.0353,2.2068,-4.9307,gain_of_function,-1.07256591052068,0.0306259116133377,Benign,0.1387,benign,https://doi.org/10.1101/2022.10.22.513328
Y272H,3.57521,3.02721,1.998328237220483,Destabilizing,Uncertain,18.9,,,,mutations_clinvar,,True,18.9,,,,uncertain,,,DOWN,neutral,neutral,neutral,1353380,Uncertain significance,1,98.29,H,-0.2204,0.6235,-6.1632,loss_of_function,-1.7505964339306,0.044132175137683,Benign,0.9115,pathogenic,https://doi.org/10.1101/2022.10.22.513328
I273L,-0.02103,4.98912,1.584980430494869,Uncertain,Neutral,0.0,,,,mutations_clinvar,,True,0.0,,,,neutral,neutral,neutral,-,uncertain,uncertain,uncertain,1762303,Uncertain significance,1,98.4,H,-0.1424,0.9451,-6.1497,loss_of_function,-0.491865993390249,0.1358911565141397,Benign,0.2879,benign,https://doi.org/10.1101/2022.10.22.513328
I273V,1.41471,0.51667,1.6404436579650097,Neutral,Neutral,0.0,,2.01491033649e-05,0.130,"cBioPortal,COSMIC,mutations_clinvar",,True,0.0,,,,neutral,neutral,neutral,DOWN,neutral,neutral,neutral,571273,Conflicting interpretations of pathogenicity,1,98.4,H,-0.0851,0.9451,-2.7347,loss_of_function,-0.0789673758788223,0.0118919122787512,Benign,0.0565,benign,https://doi.org/10.1101/2022.10.22.513328
R274I,4.7086,1.02007,0.4894452140737759,Uncertain,Uncertain,7.3,,,,mutations_clinvar,,True,7.3,,,,neutral,neutral,neutral,DOWN,neutral,neutral,neutral,1762515,Uncertain significance,1,97.21,H,-0.2378,2.1774,-22.0224,loss_of_function,-3.84527922901857,0.7101605815717642,Pathogenic,0.9943,pathogenic,https://doi.org/10.1101/2022.10.22.513328
R274K,3.89413,0.96769,1.702450603842414,Uncertain,Uncertain,7.3,,,0.518,"cBioPortal,COSMIC",,True,7.3,,,,neutral,neutral,neutral,-,uncertain,uncertain,uncertain,,,,97.21,H,-0.0139,2.1774,-5.4128,loss_of_function,-0.415824728918953,0.1360067685907945,Benign,0.7648,pathogenic,https://doi.org/10.1101/2022.10.22.513328
R274T,4.03042,1.74966,1.6741429752618855,Uncertain,Uncertain,7.3,,,0.689,cBioPortal,,True,7.3,,,,neutral,neutral,neutral,DOWN,neutral,neutral,neutral,,,,97.21,H,-0.1455,2.1774,-8.7346,loss_of_function,-0.995684620702192,0.4733580616831494,Uncertain,0.9954,pathogenic,https://doi.org/10.1101/2022.10.22.513328
S275T,-0.75007,-0.65374,-0.3905092983929603,Neutral,Neutral,49.9,,,0.117,cBioPortal,,True,49.9,,,,neutral,,,UP,neutral,neutral,neutral,,,,95.63,H,0.0902,2.9064,-3.8278,gain_of_function,-0.714272353179916,0.0044015310821556,Benign,0.0805,benign,https://doi.org/10.1101/2022.10.22.513328
I277L,0.79592,0.97007,1.1873685127178797,Neutral,Neutral,6.6,,,0.222,cBioPortal,,False,6.6,,,,neutral,neutral,neutral,-,uncertain,uncertain,uncertain,,,,96.89,H,-0.0435,1.7277,-0.8671,loss_of_function,-0.883600325894465,0.0058552076228238,Benign,0.1053,benign,https://doi.org/10.1101/2022.10.22.513328
M278V,1.11136,0.62891,0.29175398521675,Neutral,Neutral,29.6,,,,mutations_clinvar,,False,29.6,,,,neutral,neutral,neutral,DOWN,neutral,neutral,neutral,1762950,Uncertain significance,1,92.85,H,0.0531,3.4446,-5.143,gain_of_function,-0.15400302858761,0.003328012562673,Benign,0.0957,benign,https://doi.org/10.1101/2022.10.22.513328
L279F,0.22882,0.34762,0.2421723588445901,Neutral,Neutral,29.5,,,,mutations_clinvar,,False,29.5,,,,neutral,neutral,neutral,UP,neutral,neutral,neutral,1392894,Uncertain significance,2,91.1,H,-0.0311,3.485,-22.0122,loss_of_function,-1.30858395752038,0.0131956287156172,Benign,0.1323,benign,https://doi.org/10.1101/2022.10.22.513328
L279H,0.32082,0.99626,0.8296203659450859,Neutral,Neutral,29.5,,,0.345,cBioPortal,,False,29.5,,,,neutral,neutral,neutral,DOWN,neutral,neutral,neutral,,,,91.1,H,-0.0621,3.485,-6.7245,loss_of_function,-0.85525951907772,0.0055213562751109,Benign,0.1789,benign,https://doi.org/10.1101/2022.10.22.513328
L279I,2.6168,1.2432,0.5968704540154892,Uncertain,Uncertain,29.5,,,0.157,"cBioPortal,COSMIC",,False,29.5,,,,neutral,neutral,neutral,-,uncertain,uncertain,uncertain,,,,91.1,H,0.1092,3.485,-6.1395,gain_of_function,-0.112403480632712,0.0093392784339749,Benign,0.0765,benign,https://doi.org/10.1101/2022.10.22.513328
G280E,2.28411,-0.01769,0.3703986535654896,Uncertain,Uncertain,104.2,,,,mutations_clinvar,,False,104.2,,,,neutral,neutral,neutral,UP,neutral,neutral,neutral,1763225,Uncertain significance,1,92.25,T,-0.1076,2.6935,-5.0275,loss_of_function,-1.07437645406873,0.0120555305248667,Benign,0.4388,ambiguous,https://doi.org/10.1101/2022.10.22.513328
M282I,0.74653,0.07993,-0.1608259446667004,Neutral,Neutral,47.5,,,0.206,"cBioPortal,COSMIC",,False,47.5,,,,neutral,neutral,neutral,-,uncertain,uncertain,uncertain,,,,97.21,-,0.0859,3.3473,-3.2496,gain_of_function,-0.617433761896654,0.000307088984115,Benign,0.3431,ambiguous,https://doi.org/10.1101/2022.10.22.513328
M282V,1.45962,0.28265,0.0630720421103958,Neutral,Neutral,47.5,,,0.130,"cBioPortal,COSMIC",,False,47.5,,,,neutral,neutral,neutral,DOWN,neutral,neutral,mixed_effects,,,,97.21,-,0.0532,3.3473,-3.3839,gain_of_function,-0.73487182864575,0.0016118601199332,Benign,0.1412,benign,https://doi.org/10.1101/2022.10.22.513328
P283A,2.17399,1.30714,0.0462442904845417,Uncertain,Uncertain,2.1,,,,mutations_clinvar,,False,2.1,,,,neutral,neutral,neutral,DOWN,neutral,neutral,neutral,2130187,Uncertain significance,1,98.27,-,-0.2149,0.3888,-7.1565,loss_of_function,-2.49882504304221,0.3405525273076599,Uncertain,0.934,pathogenic,https://doi.org/10.1101/2022.10.22.513328
P283H,10.6616,4.59048,2.169621515844576,Destabilizing,Uncertain,2.1,,,0.598,COSMIC,,False,2.1,,,,neutral,neutral,neutral,UP,neutral,neutral,neutral,,,,98.27,-,-0.2618,0.3888,-8.7413,loss_of_function,-3.1310921817338,0.8344110127123335,Pathogenic,0.9996,pathogenic,https://doi.org/10.1101/2022.10.22.513328
P283S,3.62675,2.82823,1.2483475315213322,Uncertain,Uncertain,2.1,,,0.559,cBioPortal,,False,2.1,,,,neutral,neutral,neutral,DOWN,neutral,neutral,neutral,,,,98.27,-,-0.2109,0.3888,-6.4195,loss_of_function,-3.00153019828314,0.6018878170509749,Uncertain,0.9974,pathogenic,https://doi.org/10.1101/2022.10.22.513328
N284K,0.00915,1.7381,1.9783374590117768,Neutral,Neutral,18.8,,,0.041,cBioPortal,,False,18.8,,,,neutral,neutral,neutral,UP,neutral,neutral,neutral,,,,98.53,E,0.0136,2.7968,-4.9307,gain_of_function,-1.08895543732987,0.0075265301140369,Benign,0.7908,pathogenic,https://doi.org/10.1101/2022.10.22.513328
N284S,2.01753,2.22857,2.4626903110148874,Uncertain,Uncertain,18.8,,,,mutations_clinvar,,False,18.8,,,,neutral,neutral,neutral,DOWN,neutral,neutral,neutral,2061472,Uncertain significance,1,98.53,E,0.0457,2.7968,-5.1531,gain_of_function,-1.01893011222388,0.0105830397615409,Benign,0.0787,benign,https://doi.org/10.1101/2022.10.22.513328
L285F,5.39294,1.73299,2.073566474679299,Uncertain,Uncertain,0.0,,,0.361,cBioPortal,,False,0.0,,,,neutral,neutral,neutral,UP,neutral,neutral,neutral,,,,98.46,E,-0.154,1.1164,-3.3772,loss_of_function,-1.58511930885738,0.0412811701428028,Benign,0.6167,pathogenic,https://doi.org/10.1101/2022.10.22.513328
L285S,6.23076,5.3085,4.948462249810494,Destabilizing,Destabilizing,0.0,,,0.762,COSMIC,,False,0.0,,,,neutral,neutral,neutral,DOWN,neutral,neutral,neutral,,,,98.46,E,-0.3461,1.1164,-22.0224,loss_of_function,-2.84005680912236,0.875470419016696,Pathogenic,0.9975,pathogenic,https://doi.org/10.1101/2022.10.22.513328
M286L,-0.22885,0.75986,-0.4695798005208562,Neutral,Neutral,4.3,,,0.184,cBioPortal,,False,4.3,,,,neutral,neutral,neutral,-,uncertain,uncertain,uncertain,,,,97.4,E,0.0228,2.3898,-4.8278,gain_of_function,-1.42937537832884,0.0629958378396318,Benign,0.6528,pathogenic,https://doi.org/10.1101/2022.10.22.513328
M286T,2.25307,1.57483,1.4490522448336276,Uncertain,Uncertain,4.3,,,,mutations_clinvar,,False,4.3,,,,neutral,neutral,neutral,DOWN,neutral,neutral,neutral,1763920,Uncertain significance,1,97.4,E,-0.0461,2.3898,-1.3085,loss_of_function,-1.48359776224577,0.0455816192342097,Benign,0.9713,pathogenic,https://doi.org/10.1101/2022.10.22.513328
L287F,5.22619,1.22415,0.8321630374936603,Uncertain,Uncertain,3.0,,,0.447,"cBioPortal,COSMIC",,False,3.0,,,,neutral,neutral,neutral,UP,neutral,neutral,stabilizing,,,,95.74,E,-0.1053,1.8529,-7.112,loss_of_function,-2.90040372996556,0.2186165842500835,Benign,0.9545,pathogenic,https://doi.org/10.1101/2022.10.22.513328
M288I,0.94923,-0.04864,0.4215963750019846,Neutral,Neutral,23.4,,,,mutations_clinvar,,False,23.4,,,,neutral,neutral,neutral,-,uncertain,uncertain,uncertain,2567738,Uncertain significance,1,93.77,E,-0.0438,1.9977,-4.3356,loss_of_function,-1.00192533467413,0.0255979246827225,Benign,0.5953,pathogenic,https://doi.org/10.1101/2022.10.22.513328
M288L,0.13995,-0.17449,-0.0270335604473653,Neutral,Neutral,23.4,,,,mutations_clinvar,,False,23.4,,,,neutral,neutral,neutral,-,uncertain,uncertain,uncertain,2453454,Uncertain significance,1,93.77,E,-0.0112,1.9977,-4.406,loss_of_function,-0.822905201977712,0.0090184449254113,Benign,0.2531,benign,https://doi.org/10.1101/2022.10.22.513328
M288T,1.56007,1.4517,1.7311672187645322,Neutral,Neutral,23.4,,,,mutations_clinvar,,False,23.4,,,,neutral,neutral,neutral,DOWN,neutral,neutral,neutral,1439258,Uncertain significance,2,93.77,E,-0.1082,1.9977,-6.406,loss_of_function,-1.51852559437928,0.0974988088089288,Benign,0.5723,pathogenic,https://doi.org/10.1101/2022.10.22.513328
A289T,0.28037,0.09116,0.1095158160647513,Neutral,Neutral,43.8,,,0.150,"cBioPortal,COSMIC",,True,43.8,,,,neutral,neutral,neutral,UP,neutral,neutral,stabilizing,,,,94.09,E,0.0675,3.1492,-4.8005,gain_of_function,-0.0399882176657324,0.0009914960934403,Benign,0.1281,benign,https://doi.org/10.1101/2022.10.22.513328
K290E,2.7706,3.15068,1.5727612759930445,Uncertain,Uncertain,27.8,,,0.297,cBioPortal,,True,27.8,,,,neutral,neutral,neutral,DOWN,neutral,neutral,neutral,,,,95.18,H,0.0205,3.2476,-8.7003,gain_of_function,-2.36786322373524,0.3610104487082122,Uncertain,0.6198,pathogenic,https://doi.org/10.1101/2022.10.22.513328
E291A,0.86902,0.18946,0.3537973177839648,Neutral,Neutral,93.1,,,0.210,COSMIC,,True,93.1,,,,neutral,neutral,neutral,DOWN,neutral,neutral,neutral,,,,93.95,H,0.0429,3.0163,-5.375,gain_of_function,-0.803009357019272,0.0906692351502449,Benign,0.2695,benign,https://doi.org/10.1101/2022.10.22.513328
S292I,-0.34923,-0.24184,-0.7295824200543283,Neutral,Neutral,61.9,,,0.409,cBioPortal,,True,61.9,,,,uncertain,,,UP,neutral,neutral,neutral,,,,93.79,H,-0.0092,2.9231,-5.8826,loss_of_function,-1.22660908770497,0.0369310549395583,Benign,0.3043,benign,https://doi.org/10.1101/2022.10.22.513328
L293V,2.77267,1.03231,1.9112761577719648,Uncertain,Uncertain,0.0,,,0.138,"cBioPortal,COSMIC",,True,0.0,,,,neutral,neutral,neutral,DOWN,neutral,neutral,neutral,,,,94.81,H,-0.0296,2.1405,-1.9792,loss_of_function,-0.860727517049789,0.0018904037000952,Benign,0.1061,benign,https://doi.org/10.1101/2022.10.22.513328
Y294C,2.77206,2.6051,3.072386553229711,Uncertain,Uncertain,14.4,,,,mutations_clinvar,P,True,14.4,3.6,,,uncertain,uncertain,uncertain,DOWN,neutral,neutral,neutral,1764771,Uncertain significance,1,95.6,H,-0.0461,3.2104,-6.3183,loss_of_function,-1.03870951882228,0.0529237930583316,Benign,0.1889,benign,https://doi.org/10.1101/2022.10.22.513328
S295C,-0.03983,0.47925,0.6395082279176508,Neutral,Neutral,82.9,,,,mutations_clinvar,,True,82.9,,,,uncertain,,,UP,neutral,neutral,neutral,1764870,Uncertain significance,1,93.82,T,0.0514,3.3464,-7.651,gain_of_function,-0.182571455417185,0.1272771718771119,Benign,0.0724,benign,https://doi.org/10.1101/2022.10.22.513328
S295F,-0.4214,0.48673,-0.1695441591298485,Neutral,Neutral,82.9,,4.0082088116e-06,0.094,"cBioPortal,COSMIC",,True,82.9,,,,uncertain,,,UP,neutral,neutral,neutral,,,,93.82,T,0.0306,3.3464,-6.3291,gain_of_function,-1.39403151866466,0.0687681827779513,Benign,0.1699,benign,https://doi.org/10.1101/2022.10.22.513328
Q296E,0.53206,1.07483,-0.0618430966865346,Neutral,Neutral,68.2,,,0.186,"cBioPortal,COSMIC",,True,68.2,,,,neutral,neutral,neutral,DOWN,neutral,neutral,neutral,,,,91.02,T,0.0973,3.3033,-2.9613,gain_of_function,-1.25545934248562,0.0051054422396117,Benign,0.149,benign,https://doi.org/10.1101/2022.10.22.513328
P298T,2.15858,1.55578,-0.1065153253229284,Uncertain,Uncertain,39.9,,,0.579,COSMIC,,True,39.9,,,,neutral,neutral,neutral,-,uncertain,uncertain,uncertain,,,,87.86,-,-0.0054,2.6937,-5.3434,loss_of_function,-1.53087317179157,0.0257655180243388,Benign,0.4306,ambiguous,https://doi.org/10.1101/2022.10.22.513328
M299I,0.32121,-0.3415,-0.2937675026579184,Neutral,Neutral,76.0,,,0.098,COSMIC,,True,76.0,,,,neutral,neutral,neutral,-,uncertain,uncertain,uncertain,,,,84.07,-,0.1198,3.7793,-4.3923,gain_of_function,-0.0080771921578534,0.0041094728338478,Benign,0.0879,benign,https://doi.org/10.1101/2022.10.22.513328
M299T,0.55534,0.10918,0.4003391301274628,Neutral,Neutral,76.0,,,,mutations_clinvar,,True,76.0,,,,neutral,neutral,neutral,DOWN,neutral,neutral,neutral,2561318,Uncertain significance,1,84.07,-,0.066,3.7793,-4.3923,gain_of_function,-0.0608519858332063,0.0011957493219892,Benign,0.0583,benign,https://doi.org/10.1101/2022.10.22.513328
M299V,0.5473,-0.44864,-0.1160171371115376,Neutral,Neutral,76.0,,0.0001242554692448,0.157,"cBioPortal,mutations_clinvar",,True,76.0,,,,neutral,neutral,neutral,DOWN,neutral,neutral,neutral,1157452,Likely benign,1,84.07,-,0.0881,3.7793,-4.3183,gain_of_function,-0.0305518246543856,0.0025495001793553,Benign,0.0508,benign,https://doi.org/10.1101/2022.10.22.513328
D300E,0.77111,0.81497,1.1814899545395614,Neutral,Neutral,17.5,,,,mutations_clinvar,,True,17.5,,,,neutral,neutral,neutral,UP,neutral,neutral,neutral,1765454,Uncertain significance,1,78.92,-,0.1145,3.3203,-2.1382,gain_of_function,-0.0884298043619871,0.0033565525305298,Benign,0.1319,benign,https://doi.org/10.1101/2022.10.22.513328
D300H,2.83283,0.79388,0.4467256239417722,Uncertain,Uncertain,17.5,,,0.539,cBioPortal,,True,17.5,,,,neutral,neutral,neutral,UP,neutral,neutral,neutral,,,,78.92,-,0.033,3.3203,-5.4918,gain_of_function,-1.57164461085006,0.0111777667154287,Benign,0.2709,benign,https://doi.org/10.1101/2022.10.22.513328
D300V,0.85288,0.84286,0.2537474256013255,Neutral,Neutral,17.5,,,0.580,"cBioPortal,COSMIC",,True,17.5,,,,neutral,neutral,neutral,UP,neutral,neutral,neutral,,,,78.92,-,-0.0078,3.3203,-6.0768,loss_of_function,-0.98929708016524,0.0034332758621608,Benign,0.1851,benign,https://doi.org/10.1101/2022.10.22.513328
C301G,0.24246,0.03061,0.4906976656697209,Neutral,Neutral,86.7,,,,mutations_clinvar,,True,86.7,,,,neutral,neutral,neutral,DOWN,neutral,neutral,stabilizing,2397832,Uncertain significance,1,84.76,-,-0.0296,3.9349,-3.9578,loss_of_function,-0.288790207829092,0.005589075005231,Benign,0.0589,benign,https://doi.org/10.1101/2022.10.22.513328
M304V,2.16761,-0.34626,0.250193128347746,Uncertain,Uncertain,45.6,,,,mutations_clinvar,,False,45.6,,,,neutral,neutral,neutral,DOWN,neutral,neutral,neutral,1005328,Uncertain significance,2,95.12,-,0.0685,3.5647,-4.2907,gain_of_function,-0.585958126232371,0.0036907168577394,Benign,0.0625,benign,https://doi.org/10.1101/2022.10.22.513328
S308F,0.81392,-0.25442,-0.9166348364886012,Neutral,Neutral,9.6,,,0.259,COSMIC,,False,9.6,,,,uncertain,,,UP,neutral,neutral,stabilizing,,,,92.26,G,0.0583,3.6917,-7.1258,gain_of_function,-0.776799191021853,0.01286888419318,Benign,0.392,ambiguous,https://doi.org/10.1101/2022.10.22.513328
R310C,0.60743,1.33605,0.931165925825046,Neutral,Neutral,56.1,,4.0093337289e-06,0.508,"cBioPortal,COSMIC,mutations_clinvar",,True,56.1,,,,neutral,neutral,neutral,DOWN,neutral,neutral,mixed_effects,1465786,Uncertain significance,1,80.97,S,-0.1502,2.9046,-21.9882,loss_of_function,-1.61075926267343,0.3358810123326319,Uncertain,0.8733,pathogenic,https://doi.org/10.1101/2022.10.22.513328
R310H,0.51746,1.00782,0.1626040548146495,Neutral,Neutral,56.1,,,0.476,"cBioPortal,COSMIC",,True,56.1,,,,neutral,neutral,neutral,DOWN,neutral,neutral,mixed_effects,,,,80.97,S,-0.0244,2.9046,-5.0,loss_of_function,-2.16259275682024,0.3253269190163914,Uncertain,0.6787,pathogenic,https://doi.org/10.1101/2022.10.22.513328
I311S,0.12346,0.19456,0.4562792355835693,Neutral,Neutral,106.0,,,,mutations_clinvar,,True,106.0,,,,neutral,neutral,neutral,DOWN,neutral,neutral,mixed_effects,1766597,Uncertain significance,1,68.39,-,-0.021,3.8162,-3.683,loss_of_function,-0.160433464593016,0.0043988705872198,Benign,0.3721,ambiguous,https://doi.org/10.1101/2022.10.22.513328
I311T,0.04321,-0.10408,0.2840954160727854,Neutral,Neutral,106.0,,,,mutations_clinvar,,True,106.0,,,,neutral,neutral,neutral,DOWN,neutral,neutral,mixed_effects,2096884,Uncertain significance,1,68.39,-,0.0636,3.8162,-3.3976,gain_of_function,-0.177174429461754,0.0029830811606957,Benign,0.3943,ambiguous,https://doi.org/10.1101/2022.10.22.513328
I311V,0.08717,-0.27925,0.106094720408349,Neutral,Neutral,106.0,,1.20266510587e-05,0.223,"COSMIC,mutations_clinvar",,True,106.0,,,,neutral,neutral,neutral,DOWN,neutral,neutral,mixed_effects,526636,Uncertain significance,1,68.39,-,0.1718,3.8162,-4.1594,gain_of_function,-0.676924552463925,0.0049149466368669,Benign,0.0853,benign,https://doi.org/10.1101/2022.10.22.513328
A314S,0.2254,0.49184,0.4629017180546579,Neutral,Neutral,46.3,,,0.284,cBioPortal,,True,46.3,,,,neutral,neutral,neutral,-,uncertain,uncertain,uncertain,,,,52.2,T,0.0811,3.1462,-3.2514,gain_of_function,-0.147201769239112,0.0016916797762617,Benign,0.121,benign,https://doi.org/10.1101/2022.10.22.513328
P316A,0.57854,1.32279,0.1144213217854206,Neutral,Neutral,65.1,,,0.155,"cBioPortal,COSMIC",,True,65.1,,,,neutral,neutral,neutral,DOWN,neutral,neutral,mixed_effects,,,,34.06,T,-0.0533,2.0129,-4.7691,loss_of_function,-0.337544764590203,0.009026251748544,Benign,0.0758,benign,https://doi.org/10.1101/2022.10.22.513328
P316L,0.4058,0.7949,-0.5457535519695444,Neutral,Neutral,65.1,,,0.273,COSMIC,,True,65.1,,,,neutral,neutral,neutral,UP,neutral,neutral,stabilizing,,,,34.06,T,-0.0936,2.0129,-3.1214,loss_of_function,-1.07945328133579,0.0009345453182872,Benign,0.1811,benign,https://doi.org/10.1101/2022.10.22.513328
P316T,0.79,1.42993,0.0097466730406764,Neutral,Neutral,65.1,,,,mutations_clinvar,,True,65.1,,,,neutral,neutral,neutral,-,uncertain,uncertain,uncertain,641722,Uncertain significance,2,34.06,T,-0.0647,2.0129,-4.676,loss_of_function,-1.01790943750497,0.0030029464371441,Benign,0.0953,benign,https://doi.org/10.1101/2022.10.22.513328
Y317C,0.58883,1.84728,1.2172868984977008,Neutral,Neutral,94.5,,,,mutations_clinvar,P,True,94.5,0.051,,,damaging,neutral,potentially_damaging,DOWN,neutral,neutral,stabilizing,1767204,Uncertain significance,1,38.04,T,-0.0069,3.5346,-4.4954,loss_of_function,-0.103451742953947,0.0066969012797917,Benign,0.1016,benign,https://doi.org/10.1101/2022.10.22.513328
M318I,0.60691,1.25034,0.1922722585264979,Neutral,Neutral,93.2,,,,mutations_clinvar,,True,93.2,,,,neutral,neutral,neutral,-,uncertain,uncertain,uncertain,577897,Uncertain significance,2,36.95,T,0.0481,3.0011,-4.4139,gain_of_function,-0.8564845182226,0.0071063456296872,Benign,0.346,ambiguous,https://doi.org/10.1101/2022.10.22.513328
M318T,0.81661,0.57585,0.387449819828875,Neutral,Neutral,93.2,,4.0092694309e-06,0.378,cBioPortal,,True,93.2,,,,neutral,neutral,neutral,DOWN,neutral,neutral,stabilizing,,,,36.95,T,-0.0097,3.0011,-5.2023,loss_of_function,-0.801397920442406,0.0019890814164242,Benign,0.2599,benign,https://doi.org/10.1101/2022.10.22.513328
M318V,0.77295,1.35986,0.2675630095545367,Neutral,Neutral,93.2,,,0.299,"cBioPortal,mutations_clinvar",,True,93.2,,,,neutral,neutral,neutral,DOWN,neutral,neutral,stabilizing,2031542,Uncertain significance,1,36.95,T,0.012,3.0011,-5.2023,gain_of_function,-0.197379947929101,0.0047561797589713,Benign,0.0897,benign,https://doi.org/10.1101/2022.10.22.513328
N319D,0.34989,0.52755,0.1391337995249281,Neutral,Neutral,120.0,,,,mutations_clinvar,,False,120.0,,,,neutral,neutral,neutral,-,uncertain,uncertain,uncertain,1002337,Uncertain significance,1,34.99,T,0.0728,3.504,-6.0804,gain_of_function,-0.875441134204494,0.0105629164090299,Benign,0.3106,benign,https://doi.org/10.1101/2022.10.22.513328
G320A,0.57202,-0.01803,0.0192855174303996,Neutral,Neutral,108.8,,,0.306,cBioPortal,,False,108.8,,,,neutral,neutral,neutral,UP,neutral,neutral,stabilizing,,,,38.47,S,-0.0262,2.8914,-4.3255,loss_of_function,-0.858493129602232,0.0074765555572153,Benign,0.1512,benign,https://doi.org/10.1101/2022.10.22.513328
G320E,1.78537,0.23503,0.015676269201299,Neutral,Neutral,108.8,,,0.311,COSMIC,,False,108.8,,,,neutral,neutral,neutral,UP,neutral,neutral,stabilizing,,,,38.47,S,-0.0976,2.8914,-6.6474,loss_of_function,-1.02729794896907,0.0055577542415775,Benign,0.5082,ambiguous,https://doi.org/10.1101/2022.10.22.513328
G320R,-0.27287,-0.42279,-0.3956675228540979,Neutral,Neutral,108.8,,,0.319,COSMIC,,False,108.8,,,,neutral,neutral,neutral,UP,neutral,neutral,stabilizing,,,,38.47,S,-0.0995,2.8914,-3.6933,loss_of_function,-1.06399212533426,0.0045401656621218,Benign,0.5254,ambiguous,https://doi.org/10.1101/2022.10.22.513328
G320V,0.83364,0.45272,-0.0216972746559263,Neutral,Neutral,108.8,,,0.368,"cBioPortal,COSMIC",,False,108.8,,,,neutral,neutral,neutral,UP,neutral,neutral,stabilizing,,,,38.47,S,-0.1218,2.8914,-6.0625,loss_of_function,-1.44383291255446,0.013932979857491,Benign,0.223,benign,https://doi.org/10.1101/2022.10.22.513328
E321D,-1.05969,-0.20646,-0.0145480180718898,Neutral,Neutral,114.7,,,0.267,"cBioPortal,COSMIC",,False,114.7,,,,neutral,neutral,neutral,DOWN,neutral,neutral,stabilizing,,,,42.17,-,0.0829,3.0399,-4.6935,gain_of_function,-0.123883714172943,0.0061250414636673,Benign,0.0577,benign,https://doi.org/10.1101/2022.10.22.513328
T322A,0.14878,0.64932,0.4227056980039223,Neutral,Neutral,76.8,,1.20304128838e-05,0.118,cBioPortal,,True,76.8,,,,uncertain,,,DOWN,neutral,neutral,stabilizing,,,,56.49,-,0.1014,3.6014,-4.0426,gain_of_function,-0.0120474302986467,0.00569246486451,Benign,0.0573,benign,https://doi.org/10.1101/2022.10.22.513328
T322I,-0.43535,0.05952,-0.449623932220714,Neutral,Neutral,76.8,,,0.107,"cBioPortal,COSMIC",,True,76.8,,,,uncertain,,,UP,neutral,neutral,stabilizing,,,,56.49,-,0.065,3.6014,-6.1015,gain_of_function,-0.762288103726518,0.006435115765242,Benign,0.0937,benign,https://doi.org/10.1101/2022.10.22.513328
S323F,-0.13202,-0.29048,-0.4752345309093214,Neutral,Neutral,97.4,,,0.233,cBioPortal,,True,97.4,,,,uncertain,,,UP,neutral,neutral,stabilizing,,,,76.22,-,0.0392,3.4622,-6.7142,gain_of_function,-0.392040765797625,0.0306363956951316,Benign,0.1638,benign,https://doi.org/10.1101/2022.10.22.513328
S323T,-0.00864,-0.3619,-0.1675297484208082,Neutral,Neutral,97.4,,,0.020,COSMIC,,True,97.4,,,,neutral,,,UP,neutral,neutral,stabilizing,,,,76.22,-,0.1404,3.4622,-4.0138,gain_of_function,-0.0044823778264304,0.0046533403782998,Benign,0.0568,benign,https://doi.org/10.1101/2022.10.22.513328
T324A,0.03594,0.66667,0.8269656736568831,Neutral,Neutral,43.0,,,0.083,"cBioPortal,COSMIC",,True,43.0,,,,uncertain,,,DOWN,neutral,neutral,neutral,,,,88.13,-,0.0797,3.369,-4.112,gain_of_function,-0.0081313705142043,0.0109812906617769,Benign,0.059,benign,https://doi.org/10.1101/2022.10.22.513328
T324I,-1.16632,0.06633,-0.9631771725920024,Neutral,Neutral,43.0,,,0.182,"COSMIC,mutations_clinvar",,True,43.0,,,,uncertain,,,UP,neutral,neutral,stabilizing,1965268,Uncertain significance,1,88.13,-,0.0498,3.369,-4.8896,gain_of_function,-0.164661833408515,0.025534255931533,Benign,0.1192,benign,https://doi.org/10.1101/2022.10.22.513328
K325E,0.6925,0.91259,0.7069432958313321,Neutral,Neutral,47.3,,,,mutations_clinvar,,True,47.3,,,,neutral,neutral,neutral,DOWN,neutral,neutral,neutral,2495988,Uncertain significance,1,93.61,E,0.0719,3.6482,-5.8651,gain_of_function,-0.692454245162332,0.0266563614196991,Benign,0.5448,ambiguous,https://doi.org/10.1101/2022.10.22.513328
K325R,0.06845,0.30612,-0.3341706445123432,Neutral,Neutral,47.3,,,0.310,"cBioPortal,COSMIC",,True,47.3,,,,neutral,neutral,neutral,-,uncertain,uncertain,uncertain,,,,93.61,E,0.1761,3.6482,-3.3149,gain_of_function,-0.11050245607056,0.0086246423708688,Benign,0.0783,benign,https://doi.org/10.1101/2022.10.22.513328
S326F,-1.33978,-1.38231,-1.0364667006245345,Neutral,Neutral,37.6,,,0.454,"cBioPortal,COSMIC",,True,37.6,,,,uncertain,,,UP,neutral,neutral,stabilizing,,,,95.77,E,-0.0999,1.9504,-6.7211,loss_of_function,-0.744468501704537,0.2259534780738922,Benign,0.4287,ambiguous,https://doi.org/10.1101/2022.10.22.513328
S326Y,-1.31568,-1.46054,-0.901413395996275,Neutral,Neutral,37.6,,,,COSMIC,,True,37.6,,,,uncertain,,,UP,neutral,neutral,stabilizing,,,,95.77,E,-0.1068,1.9504,-7.1361,loss_of_function,-1.88202640134041,0.093554240858181,Benign,0.3616,ambiguous,https://doi.org/10.1101/2022.10.22.513328
L327F,8.46774,4.06599,1.5575402078094909,Destabilizing,Uncertain,0.0,,,0.557,cBioPortal,,True,0.0,,,,neutral,neutral,neutral,UP,neutral,neutral,stabilizing,,,,97.64,G,-0.1787,1.8807,-21.9951,loss_of_function,-1.36723243955937,0.1783906080931794,Benign,0.8861,pathogenic,https://doi.org/10.1101/2022.10.22.513328
W328C,4.26159,4.68946,3.952694402357456,Destabilizing,Destabilizing,9.2,,,0.760,COSMIC,,True,9.2,,,,neutral,neutral,neutral,DOWN,neutral,neutral,neutral,,,,97.28,G,-0.3642,0.7349,-6.4396,loss_of_function,-2.91511415297624,0.2781587405719474,Benign,0.9887,pathogenic,https://doi.org/10.1101/2022.10.22.513328
W328R,3.29067,4.38367,3.179817674362485,Destabilizing,Destabilizing,9.2,,,0.772,cBioPortal,,True,9.2,,,,neutral,neutral,neutral,DOWN,neutral,neutral,neutral,,,,97.28,G,-0.424,0.7349,-8.7614,loss_of_function,-2.75786772500816,0.2269302819180368,Benign,0.9977,pathogenic,https://doi.org/10.1101/2022.10.22.513328
W328S,3.99128,4.4415,4.376220532397231,Destabilizing,Destabilizing,9.2,,,0.750,"cBioPortal,COSMIC",,True,9.2,,,,neutral,neutral,neutral,DOWN,neutral,neutral,neutral,,,,97.28,G,-0.4383,0.7349,-8.7614,loss_of_function,-2.21040213716587,0.0954695946962962,Benign,0.9733,pathogenic,https://doi.org/10.1101/2022.10.22.513328
V329F,-0.46647,0.49218,-0.0756408239419192,Neutral,Neutral,65.9,,,,mutations_clinvar,,False,65.9,,,,neutral,neutral,neutral,UP,neutral,neutral,stabilizing,1768425,Uncertain significance,1,95.98,G,-0.0624,3.2283,-8.7779,loss_of_function,-0.74083484008123,0.0233370677057748,Benign,0.1164,benign,https://doi.org/10.1101/2022.10.22.513328
V329I,0.41081,-0.19728,-0.0802139706685212,Neutral,Neutral,65.9,,4.0126478661e-06,0.088,cBioPortal,,False,65.9,,,,neutral,neutral,neutral,UP,neutral,neutral,stabilizing,,,,95.98,G,0.0873,3.2283,-7.1931,gain_of_function,-0.135336308998722,0.0053318498051039,Benign,0.0697,benign,https://doi.org/10.1101/2022.10.22.513328
S332I,0.21677,0.99116,-0.3418201676585369,Neutral,Neutral,48.5,,,,mutations_clinvar,P,False,48.5,0.32,,,damaging,neutral,uncertain,UP,neutral,neutral,neutral,526639,Uncertain significance,2,96.67,S,0.0258,3.409,-7.7681,gain_of_function,-0.880842520206207,0.028483242498963,Benign,0.3076,benign,https://doi.org/10.1101/2022.10.22.513328
S332N,1.1235,0.34966,0.1577512991506136,Neutral,Neutral,48.5,,,,mutations_clinvar,P,False,48.5,0.32,,,damaging,neutral,uncertain,UP,neutral,neutral,neutral,947186,Uncertain significance,2,96.67,S,0.1052,3.409,-3.7682,gain_of_function,-0.0837228032300899,0.0196911170141108,Benign,0.1102,benign,https://doi.org/10.1101/2022.10.22.513328
S332R,0.26075,-0.26361,-0.6631613005994541,Neutral,Neutral,48.5,,,0.328,cBioPortal,P,False,48.5,0.32,,,damaging,neutral,uncertain,UP,neutral,neutral,neutral,,,,96.67,S,0.0257,3.409,-5.3087,gain_of_function,-0.67074676223712,0.0073438498988069,Benign,0.6447,pathogenic,https://doi.org/10.1101/2022.10.22.513328
S332T,1.37201,0.15714,0.0662276617164309,Neutral,Neutral,48.5,,,,mutations_clinvar,P,False,48.5,0.32,,,neutral,neutral,uncertain,UP,neutral,neutral,neutral,1768731,Uncertain significance,1,96.67,S,0.1376,3.409,-3.5983,gain_of_function,-0.126438736994254,0.0027750089809123,Benign,0.0801,benign,https://doi.org/10.1101/2022.10.22.513328
A333S,0.36761,-0.07143,0.0689587834142768,Neutral,Neutral,65.7,,,,mutations_clinvar,,False,65.7,,,,neutral,neutral,neutral,-,uncertain,uncertain,uncertain,842924,Uncertain significance,1,97.34,E,0.0809,3.2234,-4.6708,gain_of_function,-0.0511324641964067,0.0045256769834102,Benign,0.0663,benign,https://doi.org/10.1101/2022.10.22.513328
A333V,0.64967,-0.03537,-0.4219733408339154,Neutral,Neutral,65.7,,4.0157094554e-06,0.129,"cBioPortal,mutations_clinvar",,False,65.7,,,,neutral,neutral,neutral,UP,neutral,neutral,neutral,836035,Uncertain significance,2,97.34,E,0.0733,3.2234,-5.5883,gain_of_function,-0.0988354866361301,0.0127945481246495,Benign,0.0852,benign,https://doi.org/10.1101/2022.10.22.513328
L334F,-1.26896,0.19422,1.8081701489046376,Neutral,Neutral,7.7,,,0.277,cBioPortal,,False,7.7,,,,neutral,neutral,neutral,UP,neutral,neutral,neutral,,,,98.24,E,-0.0909,1.653,-0.6955,loss_of_function,-1.27287071613833,0.0049225978113786,Benign,0.2291,benign,https://doi.org/10.1101/2022.10.22.513328
R335G,2.56693,3.19218,1.9524344905429705,Uncertain,Uncertain,47.9,,,0.665,"cBioPortal,COSMIC",,False,47.9,,,,neutral,neutral,neutral,DOWN,neutral,neutral,neutral,,,,98.09,E,-0.0819,3.2014,-8.7547,loss_of_function,-1.88691780032719,0.2664099295043285,Benign,0.9167,pathogenic,https://doi.org/10.1101/2022.10.22.513328
R335I,0.54159,0.79796,0.1772639394196301,Neutral,Neutral,47.9,,,0.674,COSMIC,,False,47.9,,,,neutral,neutral,neutral,DOWN,neutral,neutral,neutral,,,,98.09,E,-0.0641,3.2014,-6.4329,loss_of_function,-1.70298530412716,0.2425885005274617,Benign,0.9472,pathogenic,https://doi.org/10.1101/2022.10.22.513328
I336M,0.76269,1.77891,1.9947381098178183,Neutral,Neutral,0.1,,,0.552,COSMIC,,False,0.1,,,,neutral,neutral,neutral,-,uncertain,uncertain,uncertain,,,,98.58,E,-0.0591,2.0017,-7.7615,loss_of_function,-0.147628664519013,0.0968649123017527,Benign,0.2972,benign,https://doi.org/10.1101/2022.10.22.513328
K337I,2.7477,0.90986,0.2437721302384632,Uncertain,Uncertain,23.7,,,0.413,cBioPortal,,False,23.7,,,,neutral,neutral,neutral,-,uncertain,uncertain,uncertain,,,,98.6,E,0.0319,3.3551,-5.7748,gain_of_function,-0.996109061996971,0.2782854588029441,Benign,0.9683,pathogenic,https://doi.org/10.1101/2022.10.22.513328
K337N,2.17539,0.97279,1.6171492909269631,Uncertain,Uncertain,23.7,,,0.160,"cBioPortal,COSMIC",,False,23.7,,,,neutral,neutral,neutral,DOWN,neutral,neutral,neutral,,,,98.6,E,0.055,3.3551,-5.1898,gain_of_function,-0.959680950780155,0.1297813605640485,Benign,0.9231,pathogenic,https://doi.org/10.1101/2022.10.22.513328
L339F,0.96366,1.61701,0.367125079525808,Neutral,Neutral,14.4,,,0.415,"cBioPortal,COSMIC",,False,14.4,,,,neutral,neutral,neutral,UP,neutral,neutral,neutral,,,,98.41,E,-0.0116,2.9054,-7.738,loss_of_function,-1.2468163912542,0.2238683682406924,Benign,0.3297,benign,https://doi.org/10.1101/2022.10.22.513328
L339I,0.63226,-0.09354,0.0082148605597209,Neutral,Neutral,14.4,,4.0212321055e-06,0.183,"cBioPortal,COSMIC",,False,14.4,,,,neutral,neutral,neutral,-,uncertain,uncertain,uncertain,,,,98.41,E,0.0713,2.9054,-3.1234,gain_of_function,-0.640798406454608,0.0355419705377205,Benign,0.1332,benign,https://doi.org/10.1101/2022.10.22.513328
L339V,1.55278,0.2915,0.2485075108816409,Neutral,Neutral,14.4,,,0.234,"cBioPortal,COSMIC",,False,14.4,,,,neutral,neutral,neutral,DOWN,neutral,neutral,neutral,,,,98.41,E,0.0396,2.9054,-2.2145,gain_of_function,-1.15356474318392,0.0233450956675981,Benign,0.1375,benign,https://doi.org/10.1101/2022.10.22.513328
C340R,-0.02294,-0.13095,-0.6057053506800603,Neutral,Neutral,17.9,,,,mutations_clinvar,,False,17.9,,,,neutral,neutral,neutral,UP,neutral,neutral,neutral,1751267,Uncertain significance,1,98.2,E,-0.1369,3.509,-5.5783,loss_of_function,-2.08381350163654,0.063686335416743,Benign,0.9726,pathogenic,https://doi.org/10.1101/2022.10.22.513328
A341V,-1.69937,-1.05068,0.1352749860809565,Neutral,Neutral,0.0,,,0.424,COSMIC,,False,0.0,,,,neutral,neutral,neutral,UP,neutral,neutral,neutral,,,,97.88,E,-0.0032,2.2834,-3.6223,loss_of_function,-1.82615452063583,0.0831706427553237,Benign,0.9711,pathogenic,https://doi.org/10.1101/2022.10.22.513328
T342A,0.30093,-0.20986,0.1601148052303119,Neutral,Neutral,56.5,,4.0308277708e-06,0.396,COSMIC,,True,56.5,,,,uncertain,,,DOWN,neutral,neutral,neutral,,,,95.97,S,0.0041,2.6365,-5.7245,gain_of_function,-1.68351049248467,0.0963744777736284,Benign,0.6478,pathogenic,https://doi.org/10.1101/2022.10.22.513328
T342I,0.13891,-0.52007,-0.058131570685842,Neutral,Neutral,56.5,,,0.522,"cBioPortal,COSMIC",,True,56.5,,,,uncertain,,,UP,neutral,neutral,neutral,,,,95.97,S,-0.0371,2.6365,-8.7244,loss_of_function,-2.35949847665455,0.2680861819303295,Benign,0.9691,pathogenic,https://doi.org/10.1101/2022.10.22.513328
T342P,3.0937,1.57245,4.046578735909558,Uncertain,Destabilizing,56.5,,,0.654,COSMIC,,True,56.5,,,,uncertain,,,-,uncertain,uncertain,uncertain,,,,95.97,S,-0.1674,2.6365,-7.1395,loss_of_function,-3.24724701476312,0.5178334058237385,Uncertain,0.942,pathogenic,https://doi.org/10.1101/2022.10.22.513328
T342S,0.05525,0.2932,0.4069803279625761,Neutral,Neutral,56.5,,,0.361,"cBioPortal,COSMIC",,True,56.5,,,,neutral,,,DOWN,neutral,neutral,neutral,,,,95.97,S,0.0636,2.6365,-1.1699,gain_of_function,-1.16317674535846,0.0320131251436878,Benign,0.5654,pathogenic,https://doi.org/10.1101/2022.10.22.513328
Y343C,1.21438,1.52177,1.71137897817648,Neutral,Neutral,45.5,,,0.523,COSMIC,,True,45.5,,,,uncertain,,,DOWN,neutral,neutral,neutral,,,,94.13,-,-0.086,2.8974,-8.5077,loss_of_function,-2.1568252821573,0.1751141897404171,Benign,0.9186,pathogenic,https://doi.org/10.1101/2022.10.22.513328
Y343F,0.32548,0.0051,0.1763694180879382,Neutral,Neutral,45.5,,,0.379,"cBioPortal,COSMIC",,True,45.5,,,,uncertain,,,-,uncertain,uncertain,uncertain,,,,94.13,-,0.0471,2.8974,-8.5077,gain_of_function,-1.66132715674549,0.1702327627389327,Benign,0.36,ambiguous,https://doi.org/10.1101/2022.10.22.513328
Y343N,0.84819,1.58333,1.04758997029978,Neutral,Neutral,45.5,,,0.481,cBioPortal,,True,45.5,,,,uncertain,,,DOWN,neutral,neutral,neutral,,,,94.13,-,-0.0849,2.8974,-3.8639,loss_of_function,-1.67177796435266,0.0181173510057063,Benign,0.952,pathogenic,https://doi.org/10.1101/2022.10.22.513328
V344A,2.45609,1.72177,2.0493038947595577,Uncertain,Uncertain,2.7,,,0.523,"cBioPortal,COSMIC,mutations_clinvar",,True,2.7,,,,neutral,neutral,neutral,DOWN,neutral,neutral,neutral,376499,Likely pathogenic,0,93.07,-,-0.1083,1.823,-7.5545,loss_of_function,-3.35121642230769,0.5308936778783269,Uncertain,0.9893,pathogenic,https://doi.org/10.1101/2022.10.22.513328
V344E,2.47894,3.30136,3.277852567439957,Uncertain,Uncertain,2.7,,,0.704,"cBioPortal,COSMIC",,True,2.7,,,,neutral,neutral,neutral,-,uncertain,uncertain,uncertain,,,,93.07,-,-0.3051,1.823,-21.8423,loss_of_function,-3.69785078660954,0.9587737679031162,Pathogenic,0.9983,pathogenic,https://doi.org/10.1101/2022.10.22.513328
V344G,3.80378,4.15476,4.213828543915895,Destabilizing,Destabilizing,2.7,,,0.675,"cBioPortal,COSMIC,mutations_clinvar",,True,2.7,,,,neutral,neutral,neutral,DOWN,neutral,neutral,neutral,376497,Likely pathogenic,0,93.07,-,-0.2392,1.823,-8.5545,loss_of_function,-3.89109443578182,0.8614057731773838,Pathogenic,0.9853,pathogenic,https://doi.org/10.1101/2022.10.22.513328
V344K,3.00625,8.07177,4.044287365363803,Destabilizing,Destabilizing,2.7,,,,cBioPortal,,True,2.7,,,,neutral,neutral,neutral,UP,neutral,neutral,neutral,,,,93.07,-,-0.3441,1.823,-21.8423,loss_of_function,-4.23035292553669,0.6068136792342584,Uncertain,0.9982,pathogenic,https://doi.org/10.1101/2022.10.22.513328
V344M,-0.72323,2.31156,0.7585787140735458,Uncertain,Neutral,2.7,,,0.355,"cBioPortal,COSMIC,mutations_clinvar",,True,2.7,,,,neutral,neutral,neutral,UP,neutral,neutral,neutral,376498,Pathogenic,2,93.07,-,-0.1099,1.823,-5.9696,loss_of_function,-1.9534518934454,0.2016926384431065,Benign,0.9801,pathogenic,https://doi.org/10.1101/2022.10.22.513328
N345D,-0.21581,1.06905,0.1485374400813333,Neutral,Neutral,94.4,,,0.565,"cBioPortal,COSMIC",,True,94.4,,,,neutral,neutral,neutral,-,uncertain,uncertain,uncertain,,,,91.7,-,-0.1371,1.2616,-6.7648,loss_of_function,-1.7692601755683,0.21443800339681,Benign,0.9889,pathogenic,https://doi.org/10.1101/2022.10.22.513328
N345H,0.12638,0.19048,-0.0649576248573496,Neutral,Neutral,94.4,,,0.619,"cBioPortal,COSMIC,mutations_clinvar",,True,94.4,,,,neutral,neutral,neutral,UP,neutral,neutral,neutral,376490,Likely pathogenic,0,91.7,-,-0.149,1.2616,-8.7647,loss_of_function,-2.58187917988717,0.1420370528741928,Benign,0.9474,pathogenic,https://doi.org/10.1101/2022.10.22.513328
N345I,-0.15433,0.82687,0.1761982841425202,Neutral,Neutral,94.4,,,0.682,"cBioPortal,COSMIC,mutations_clinvar",,True,94.4,,,,neutral,neutral,neutral,UP,neutral,neutral,neutral,376488,Likely pathogenic,0,91.7,-,-0.2621,1.2616,-22.0526,loss_of_function,-2.21565227655195,0.43372234224719,Uncertain,0.9748,pathogenic,https://doi.org/10.1101/2022.10.22.513328
N345K,-0.40815,1.10986,0.3878217790200305,Neutral,Neutral,94.4,,,0.497,"cBioPortal,COSMIC,mutations_clinvar",,True,94.4,,,,neutral,neutral,neutral,UP,neutral,neutral,neutral,"376051, 376050","Likely pathogenic, Pathogenic","0, 2",91.7,-,-0.1157,1.2616,-2.5751,loss_of_function,-2.56068852902385,0.278249241433553,Benign,0.9973,pathogenic,https://doi.org/10.1101/2022.10.22.513328
N345S,0.51484,1.39082,0.3027979501462996,Neutral,Neutral,94.4,,,0.481,"cBioPortal,COSMIC",,True,94.4,,,,neutral,neutral,neutral,DOWN,neutral,neutral,mixed_effects,,,,91.7,-,-0.0978,1.2616,-5.5949,loss_of_function,-2.1825157806273,0.1525144309316522,Benign,0.7443,pathogenic,https://doi.org/10.1101/2022.10.22.513328
N345T,0.3999,1.34184,0.4372955203504625,Neutral,Neutral,94.4,,,0.637,"cBioPortal,COSMIC,mutations_clinvar",,True,94.4,,,,neutral,neutral,neutral,-,uncertain,uncertain,uncertain,376489,Pathogenic,1,91.7,-,-0.1503,1.2616,-6.1799,loss_of_function,-2.24180191962249,0.1752308126997523,Benign,0.9282,pathogenic,https://doi.org/10.1101/2022.10.22.513328
N345Y,-0.62518,-0.22585,0.0542048926513649,Neutral,Neutral,94.4,,,0.707,"cBioPortal,COSMIC",,True,94.4,,,,neutral,neutral,neutral,UP,neutral,neutral,neutral,,,,91.7,-,-0.2526,1.2616,-22.0526,loss_of_function,-3.35419005872304,0.4647695335216625,Uncertain,0.9667,pathogenic,https://doi.org/10.1101/2022.10.22.513328
V346A,2.28818,1.54762,1.9813478204406527,Uncertain,Uncertain,6.4,,,0.366,"cBioPortal,COSMIC",,True,6.4,,,,neutral,neutral,neutral,DOWN,neutral,neutral,neutral,,,,90.94,-,-0.028,2.3785,-1.8327,loss_of_function,-1.41271230068952,0.0360176726866178,Benign,0.9773,pathogenic,https://doi.org/10.1101/2022.10.22.513328
V346E,5.65337,3.62891,2.8880076915426565,Destabilizing,Uncertain,6.4,,,0.652,"cBioPortal,COSMIC",,True,6.4,,,,neutral,neutral,neutral,-,uncertain,uncertain,uncertain,,,,90.94,-,-0.255,2.3785,-22.0393,loss_of_function,-2.39724671251394,0.2230724397198277,Benign,0.9959,pathogenic,https://doi.org/10.1101/2022.10.22.513328
V346G,3.54775,3.28163,3.7170357933160254,Destabilizing,Destabilizing,6.4,,,0.613,"cBioPortal,COSMIC",,True,6.4,,,,neutral,neutral,neutral,DOWN,neutral,neutral,neutral,,,,90.94,-,-0.1891,2.3785,-8.7514,loss_of_function,-2.65791361400303,0.3676077283073251,Uncertain,0.9623,pathogenic,https://doi.org/10.1101/2022.10.22.513328
V346L,-0.02176,0.66429,0.3237918333653106,Neutral,Neutral,6.4,,,0.255,"cBioPortal,COSMIC",,True,6.4,,,,neutral,neutral,neutral,UP,neutral,neutral,stabilizing,,,,90.94,-,-0.0369,2.3785,-3.4661,loss_of_function,-1.537552854869,0.0946335209957899,Benign,0.9677,pathogenic,https://doi.org/10.1101/2022.10.22.513328
N347I,1.45181,0.93912,1.234061051496655,Neutral,Neutral,69.6,,4.0640163861e-06,0.499,cBioPortal,,True,69.6,,,,neutral,neutral,neutral,UP,neutral,neutral,stabilizing,,,,89.87,-,-0.1332,1.9188,-8.6292,loss_of_function,-1.8411220621387,0.0350604211995373,Benign,0.8353,pathogenic,https://doi.org/10.1101/2022.10.22.513328
N347K,1.28724,1.75238,0.998978275627966,Neutral,Neutral,69.6,,,0.145,"cBioPortal,COSMIC",,True,69.6,,,,neutral,neutral,neutral,UP,neutral,neutral,stabilizing,,,,89.87,-,-0.078,1.9188,-7.0444,loss_of_function,-1.41496476899603,0.0004836515523183,Benign,0.9808,pathogenic,https://doi.org/10.1101/2022.10.22.513328
I348F,-0.19146,0.24014,-0.0695708925746446,Neutral,Neutral,76.9,,,0.404,COSMIC,,True,76.9,,,,neutral,neutral,neutral,UP,neutral,neutral,neutral,,,,85.08,T,-0.0096,3.1909,-5.7726,loss_of_function,-1.20356659984275,,,0.8056,pathogenic,https://doi.org/10.1101/2022.10.22.513328
I348T,0.55099,0.24184,0.3268483129370403,Neutral,Neutral,76.9,,,,mutations_clinvar,,True,76.9,,,,neutral,neutral,neutral,DOWN,neutral,neutral,neutral,1774804,Uncertain significance,1,85.08,T,0.0074,3.1909,-3.1481,gain_of_function,-1.38572844504189,,,0.9584,pathogenic,https://doi.org/10.1101/2022.10.22.513328
R349Q,0.33847,0.06122,0.4395200026151619,Neutral,Neutral,97.5,,,0.323,COSMIC,,True,97.5,,,,neutral,neutral,neutral,DOWN,neutral,neutral,destabilizing,,,,84.52,T,-0.0446,2.9333,-8.4957,loss_of_function,-1.34115886418103,,,0.8377,pathogenic,https://doi.org/10.1101/2022.10.22.513328
D350G,1.05279,1.87381,1.290624825330778,Neutral,Neutral,60.3,,,0.664,"cBioPortal,COSMIC,mutations_clinvar",,True,60.3,,,,neutral,neutral,neutral,DOWN,neutral,neutral,neutral,521363,Uncertain significance,1,86.88,T,-0.0397,2.6433,-7.1665,loss_of_function,-2.06712679321199,0.0438305825659694,Benign,0.9749,pathogenic,https://doi.org/10.1101/2022.10.22.513328
D350H,0.86066,0.51769,0.111517112088455,Neutral,Neutral,60.3,,,0.545,"cBioPortal,COSMIC",,True,60.3,,,,neutral,neutral,neutral,UP,neutral,neutral,stabilizing,,,,86.88,T,-0.1138,2.6433,-22.0393,loss_of_function,-2.84565092036004,0.1310798425270267,Benign,0.992,pathogenic,https://doi.org/10.1101/2022.10.22.513328
D350N,0.96038,0.62075,0.2000424222173186,Neutral,Neutral,60.3,,,0.229,"cBioPortal,COSMIC,mutations_clinvar",,True,60.3,,,,neutral,neutral,neutral,-,uncertain,uncertain,uncertain,418658,Pathogenic/Likely pathogenic,2,86.88,T,0.0098,2.6433,-6.1666,gain_of_function,-1.28954316723898,0.0252637729672534,Benign,0.9361,pathogenic,https://doi.org/10.1101/2022.10.22.513328
D350V,1.03612,-0.12007,0.3439152751920438,Neutral,Neutral,60.3,,,0.692,"cBioPortal,COSMIC",,True,60.3,,,,neutral,neutral,neutral,UP,neutral,neutral,stabilizing,,,,86.88,T,-0.0735,2.6433,-6.7515,loss_of_function,-2.21366230481664,0.0396325592389153,Benign,0.9885,pathogenic,https://doi.org/10.1101/2022.10.22.513328
I351M,0.92238,1.78095,0.978105200861264,Neutral,Neutral,18.4,,,0.513,cBioPortal,,True,18.4,,,,neutral,neutral,neutral,-,uncertain,uncertain,uncertain,,,,89.32,-,0.0811,3.5147,-7.566,gain_of_function,-1.69333872527095,0.0106482459043592,Benign,0.2252,benign,https://doi.org/10.1101/2022.10.22.513328
I351T,2.25046,2.11293,2.037329375832676,Uncertain,Uncertain,18.4,,,0.437,cBioPortal,,True,18.4,,,,neutral,neutral,neutral,DOWN,neutral,neutral,neutral,,,,89.32,-,0.0391,3.5147,-2.7587,gain_of_function,-1.14144702699818,0.00231716340561,Benign,0.2631,benign,https://doi.org/10.1101/2022.10.22.513328
D352G,0.33016,2.51429,0.9459851797459828,Uncertain,Neutral,72.7,,,0.639,cBioPortal,,False,72.7,,,,neutral,neutral,neutral,DOWN,neutral,neutral,neutral,,,,88.36,-,0.032,3.2965,-4.8845,gain_of_function,-2.03968873571441,0.0058688937592582,Benign,0.9337,pathogenic,https://doi.org/10.1101/2022.10.22.513328
D352H,0.19625,0.54456,-0.1722181902010472,Neutral,Neutral,72.7,,,0.688,cBioPortal,,False,72.7,,,,neutral,neutral,neutral,UP,neutral,neutral,neutral,,,,88.36,-,0.015,3.2965,-8.5848,gain_of_function,-2.5571705340768,0.0928384070000931,Benign,0.9859,pathogenic,https://doi.org/10.1101/2022.10.22.513328
D352V,0.2182,1.13571,0.239304027873563,Neutral,Neutral,72.7,,,,mutations_clinvar,,False,72.7,,,,neutral,neutral,neutral,UP,neutral,neutral,neutral,1006152,Uncertain significance,1,88.36,-,0.0062,3.2965,-2.9125,gain_of_function,-1.57944583361287,0.0757518315799275,Benign,0.9875,pathogenic,https://doi.org/10.1101/2022.10.22.513328
D352Y,-0.31414,0.79694,-0.1389350040595005,Neutral,Neutral,72.7,,,0.750,COSMIC,,False,72.7,,,,neutral,neutral,neutral,UP,neutral,neutral,neutral,,,,88.36,-,-0.0207,3.2965,-8.5848,loss_of_function,-1.28197634098835,0.1074901165632377,Benign,0.9763,pathogenic,https://doi.org/10.1101/2022.10.22.513328
I354F,9.63942,3.91463,3.010896342358522,Destabilizing,Destabilizing,0.0,,0.0,0.693,cBioPortal,,False,0.0,,,,neutral,neutral,neutral,UP,neutral,neutral,stabilizing,,,,97.52,E,-0.1526,1.7188,-7.2384,loss_of_function,-1.90431885762091,0.0875231921039368,Benign,0.9613,pathogenic,https://doi.org/10.1101/2022.10.22.513328
I354T,2.19543,2.6551,3.0064420735694566,Uncertain,Uncertain,0.0,,,0.863,COSMIC,,False,0.0,,,,neutral,neutral,neutral,DOWN,neutral,neutral,neutral,,,,97.52,E,-0.1571,1.7188,-8.8232,loss_of_function,-3.355285124826,0.3155553499833604,Benign,0.9947,pathogenic,https://doi.org/10.1101/2022.10.22.513328
Y355C,2.80611,3.76054,3.62883345697417,Uncertain,Uncertain,3.4,,,,mutations_clinvar,P,True,3.4,1.491,,,uncertain,uncertain,uncertain,DOWN,neutral,neutral,destabilizing,1347407,Uncertain significance,2,98.44,E,-0.0835,2.7985,-6.232,loss_of_function,-2.0783831923235,0.1205719325777003,Benign,0.8712,pathogenic,https://doi.org/10.1101/2022.10.22.513328
Y355H,3.11867,2.62959,2.0509006483744274,Uncertain,Uncertain,3.4,,,0.649,cBioPortal,P,True,3.4,1.491,,,uncertain,damaging,uncertain,DOWN,neutral,neutral,destabilizing,,,,98.44,E,-0.0085,2.7985,-3.8628,loss_of_function,-1.75959559842235,0.0994309005445965,Benign,0.9808,pathogenic,https://doi.org/10.1101/2022.10.22.513328
V356A,3.82857,2.79694,3.3987135228368706,Uncertain,Destabilizing,0.0,,,0.872,"cBioPortal,COSMIC",,True,0.0,,,,neutral,neutral,neutral,DOWN,neutral,neutral,neutral,,,,98.63,E,-0.2045,0.848,-8.8296,loss_of_function,-3.40031257367568,0.5309842882819231,Uncertain,0.9707,pathogenic,https://doi.org/10.1101/2022.10.22.513328
V356F,5.70122,2.93571,3.101492632912505,Uncertain,Destabilizing,0.0,,,0.836,cBioPortal,,True,0.0,,,,neutral,neutral,neutral,UP,neutral,neutral,stabilizing,,,,98.63,E,-0.3495,0.848,-22.1174,loss_of_function,-3.55880978714424,0.2216109277879785,Benign,0.9906,pathogenic,https://doi.org/10.1101/2022.10.22.513328
V356I,-0.41023,-0.00068,0.5938205799978624,Neutral,Neutral,0.0,,,0.500,"COSMIC,mutations_clinvar",,True,0.0,,,,neutral,neutral,neutral,UP,neutral,neutral,stabilizing,156449,Pathogenic,0,98.63,E,-0.1139,0.848,-3.7004,loss_of_function,-1.60696186260319,0.0306652444712121,Benign,0.1641,benign,https://doi.org/10.1101/2022.10.22.513328
V356L,1.09459,2.3119,1.3074399566628931,Uncertain,Neutral,0.0,,,0.561,cBioPortal,,True,0.0,,,,neutral,neutral,neutral,UP,neutral,neutral,stabilizing,,,,98.63,E,-0.1827,0.848,-4.4374,loss_of_function,-2.22736741585071,0.1673518510663185,Benign,0.8722,pathogenic,https://doi.org/10.1101/2022.10.22.513328
R357G,2.39133,2.53401,2.8071853767567525,Uncertain,Uncertain,26.0,,,0.632,"cBioPortal,COSMIC",,True,26.0,,,,neutral,neutral,neutral,DOWN,neutral,neutral,neutral,,,,98.63,E,-0.2671,1.9292,-22.1206,loss_of_function,-2.60169797621193,0.3295834277628026,Uncertain,0.9867,pathogenic,https://doi.org/10.1101/2022.10.22.513328
R357L,-2.08173,-1.5983,0.0709276581566481,Uncertain,Uncertain,26.0,,,0.811,"cBioPortal,COSMIC",,True,26.0,,,,neutral,neutral,neutral,DOWN,neutral,neutral,neutral,,,,98.63,E,-0.1613,1.9292,-7.8328,loss_of_function,-1.86151726301516,0.143813555701077,Benign,0.9555,pathogenic,https://doi.org/10.1101/2022.10.22.513328
R357Q,-0.1307,-1.15578,1.373295405252707,Neutral,Neutral,26.0,,,0.546,"cBioPortal,COSMIC",,True,26.0,,,,neutral,neutral,neutral,DOWN,neutral,neutral,neutral,,,,98.63,E,-0.1004,1.9292,-1.3251,loss_of_function,-1.55597985936925,0.0496835471093508,Benign,0.7296,pathogenic,https://doi.org/10.1101/2022.10.22.513328
T358I,1.5865,1.8966,-0.2651402323353496,Neutral,Neutral,0.0,,,0.554,"cBioPortal,COSMIC",,True,0.0,,,,uncertain,,,UP,neutral,neutral,neutral,,,,98.73,E,-0.1124,1.6482,-5.663,loss_of_function,-2.95722491250576,0.0241660694772476,Benign,0.9879,pathogenic,https://doi.org/10.1101/2022.10.22.513328
G359A,1.19997,-0.0983,0.8547222420750502,Neutral,Neutral,0.0,,,0.642,cBioPortal,,False,0.0,,,,neutral,neutral,neutral,UP,neutral,neutral,neutral,,,,98.51,E,-0.2458,0.5503,-5.1356,loss_of_function,-2.47800381255145,0.0395417445481766,Benign,0.6948,pathogenic,https://doi.org/10.1101/2022.10.22.513328
G359D,4.05716,3.22653,3.6225279153248207,Destabilizing,Destabilizing,0.0,,,0.778,COSMIC,,False,0.0,,,,neutral,neutral,neutral,UP,neutral,neutral,neutral,,,,98.51,E,-0.3927,0.5503,-22.1238,loss_of_function,-3.55839332282504,0.3680914931274162,Uncertain,0.999,pathogenic,https://doi.org/10.1101/2022.10.22.513328
G359R,8.66063,0.78163,4.773920365810307,Uncertain,Destabilizing,0.0,,,0.811,"cBioPortal,COSMIC",,False,0.0,,,,neutral,neutral,neutral,UP,neutral,neutral,neutral,,,,98.51,E,-0.3412,0.5503,-8.8359,loss_of_function,-4.62183252374501,0.2856781208711721,Benign,0.9978,pathogenic,https://doi.org/10.1101/2022.10.22.513328
I360M,0.38961,2.15306,2.6744151394980498,Uncertain,Uncertain,0.0,,,0.454,"cBioPortal,mutations_clinvar",,False,0.0,,,,neutral,neutral,neutral,-,uncertain,uncertain,uncertain,1786281,Uncertain significance,1,98.69,E,-0.1294,1.1859,-6.836,loss_of_function,-2.14159529419078,0.1050987969553653,Benign,0.5074,ambiguous,https://doi.org/10.1101/2022.10.22.513328
I360N,3.67369,4.03503,3.520864365866772,Destabilizing,Destabilizing,0.0,,,,mutations_clinvar,,False,0.0,,,,neutral,neutral,neutral,DOWN,neutral,neutral,neutral,1785831,Uncertain significance,1,98.69,E,-0.3537,1.1859,-22.1238,loss_of_function,-5.99913337116938,0.6977897528723569,Pathogenic,0.9954,pathogenic,https://doi.org/10.1101/2022.10.22.513328
I360V,1.65791,0.97789,1.1380481655806012,Neutral,Neutral,0.0,,,0.195,cBioPortal,,False,0.0,,,,neutral,neutral,neutral,DOWN,neutral,neutral,neutral,,,,98.69,E,-0.0747,1.1859,-5.0287,loss_of_function,-1.14943851736472,0.0120440676870173,Benign,0.1229,benign,https://doi.org/10.1101/2022.10.22.513328
Y361C,3.44215,2.90476,3.9939859108320586,Uncertain,Destabilizing,10.7,,,0.553,"cBioPortal,mutations_clinvar",P,False,10.7,0.768,,,uncertain,damaging,uncertain,DOWN,neutral,neutral,neutral,1006390,Uncertain significance,2,98.64,E,-0.2497,1.026,-6.8329,loss_of_function,-0.182972568535082,0.1615506175069384,Benign,0.6335,pathogenic,https://doi.org/10.1101/2022.10.22.513328
H362Y,-2.38639,-1.19388,-1.1069110492234302,Uncertain,Uncertain,2.2,,,0.816,COSMIC,,False,2.2,,,,neutral,neutral,neutral,UP,neutral,neutral,neutral,,,,98.26,E,-0.1758,0.2123,-7.8297,loss_of_function,-2.49364888405874,0.1246293847896377,Benign,0.7314,pathogenic,https://doi.org/10.1101/2022.10.22.513328
G363A,5.01944,0.84184,1.9342238164152448,Uncertain,Uncertain,4.8,,,0.833,"cBioPortal,COSMIC",,False,4.8,,,,neutral,neutral,neutral,UP,neutral,neutral,neutral,,,,95.23,T,-0.3079,0.08,-8.8264,loss_of_function,-3.85202829145423,0.3478553666391575,Uncertain,0.9097,pathogenic,https://doi.org/10.1101/2022.10.22.513328
G364A,-0.39775,-1.73776,-0.1741000401357884,Neutral,Neutral,42.4,,,0.413,"cBioPortal,COSMIC",,False,42.4,,,,neutral,neutral,neutral,UP,neutral,neutral,stabilizing,,,,92.33,T,-0.0646,2.5577,-5.8265,loss_of_function,-1.44705809192627,0.0130978793748433,Benign,0.2753,benign,https://doi.org/10.1101/2022.10.22.513328
G364E,-0.2814,-0.45816,-0.643196396042926,Neutral,Neutral,42.4,,,0.444,"cBioPortal,COSMIC",,False,42.4,,,,neutral,neutral,neutral,UP,neutral,neutral,stabilizing,,,,92.33,T,-0.1206,2.5577,-5.1261,loss_of_function,-1.69565236969078,0.0127901235264697,Benign,0.8854,pathogenic,https://doi.org/10.1101/2022.10.22.513328
G364R,-1.31616,-0.51293,-0.4279198013042756,Neutral,Neutral,42.4,,,0.605,"cBioPortal,COSMIC,mutations_clinvar",,False,42.4,,,,neutral,neutral,neutral,UP,neutral,neutral,stabilizing,809567,Pathogenic/Likely pathogenic,2,92.33,T,-0.2242,2.5577,-22.1143,loss_of_function,-2.79104164920597,0.0368839157132943,Benign,0.9086,pathogenic,https://doi.org/10.1101/2022.10.22.513328
E365K,-0.55515,-0.01361,0.0660370788122838,Neutral,Neutral,61.2,,,0.485,"cBioPortal,COSMIC,mutations_clinvar",,False,61.2,,,,neutral,neutral,neutral,UP,neutral,neutral,stabilizing,419222,Pathogenic,2,94.85,E,-0.1142,1.4079,-2.8556,loss_of_function,-2.28936533346806,0.1707019668481396,Benign,0.921,pathogenic,https://doi.org/10.1101/2022.10.22.513328
E365Q,-0.26192,-0.94388,0.1371225882221421,Neutral,Neutral,61.2,,,0.383,"cBioPortal,COSMIC",,False,61.2,,,,neutral,neutral,neutral,UP,neutral,neutral,stabilizing,,,,94.85,E,-0.079,1.4079,-5.663,loss_of_function,-2.16085431752313,0.1148018507596002,Benign,0.7296,pathogenic,https://doi.org/10.1101/2022.10.22.513328
E365V,0.11449,-1.28299,-0.3611272467116039,Neutral,Neutral,61.2,,,0.763,"cBioPortal,COSMIC",,False,61.2,,,,neutral,neutral,neutral,-,uncertain,uncertain,uncertain,,,,94.85,E,-0.1359,1.4079,-8.8328,loss_of_function,-3.49673482229964,0.3989323452259682,Uncertain,0.8547,pathogenic,https://doi.org/10.1101/2022.10.22.513328
P366H,1.71747,1.62517,0.5515382512867972,Neutral,Neutral,44.8,,,0.530,COSMIC,,False,44.8,,,,neutral,neutral,neutral,UP,neutral,neutral,stabilizing,,,,97.71,E,-0.1072,2.81,-22.1111,loss_of_function,-1.90031280751564,0.4245080320288785,Uncertain,0.4524,ambiguous,https://doi.org/10.1101/2022.10.22.513328
P366L,1.37669,0.17585,-0.003536359260256,Neutral,Neutral,44.8,,,0.205,COSMIC,,False,44.8,,,,neutral,neutral,neutral,UP,neutral,neutral,stabilizing,,,,97.71,E,-0.012,2.81,-1.5014,loss_of_function,-0.582087212870937,0.0194817743544835,Benign,0.1335,benign,https://doi.org/10.1101/2022.10.22.513328
P366R,1.24106,0.89558,0.5905808038895061,Neutral,Neutral,44.8,,,0.358,"cBioPortal,COSMIC",,False,44.8,,,,neutral,neutral,neutral,UP,neutral,neutral,stabilizing,,,,97.71,E,-0.0586,2.81,-6.5014,loss_of_function,-1.1536629079258,0.0363289542870023,Benign,0.5515,ambiguous,https://doi.org/10.1101/2022.10.22.513328
C368Y,6.87452,7.46769,0.0798004614005459,Destabilizing,Uncertain,13.4,,,,mutations_clinvar,,False,13.4,,,,neutral,neutral,neutral,UP,neutral,neutral,stabilizing,1793083,Uncertain significance,1,98.05,S,-0.448,0.5134,-22.1206,loss_of_function,-3.52301723354042,0.4874530582681532,Uncertain,0.9827,pathogenic,https://doi.org/10.1101/2022.10.22.513328
D369H,0.00372,-0.4017,-0.0151085104219689,Neutral,Neutral,113.2,,,0.470,cBioPortal,,False,113.2,,,,neutral,neutral,neutral,UP,neutral,neutral,neutral,,,,97.98,-,-0.0717,2.3678,-8.8328,loss_of_function,-2.88305621883601,0.0333987868038227,Benign,0.7401,pathogenic,https://doi.org/10.1101/2022.10.22.513328
N370D,-0.17866,-0.53571,0.4587959452613122,Neutral,Neutral,16.7,,,0.310,cBioPortal,,False,16.7,,,,neutral,neutral,neutral,-,uncertain,uncertain,uncertain,,,,98.22,-,-0.0249,3.3321,-22.1238,loss_of_function,-1.81906787063643,0.0293804245531093,Benign,0.4909,ambiguous,https://doi.org/10.1101/2022.10.22.513328
N370I,-0.47862,-0.16122,0.031184865499918,Neutral,Neutral,16.7,,,0.350,cBioPortal,,False,16.7,,,,neutral,neutral,neutral,UP,neutral,neutral,stabilizing,,,,98.22,-,0.0189,3.3321,-4.3125,gain_of_function,-0.222061475664856,0.0016479560593547,Benign,0.198,benign,https://doi.org/10.1101/2022.10.22.513328
N370K,-0.5199,1.82517,0.9027454921470146,Neutral,Neutral,16.7,,,0.188,cBioPortal,,False,16.7,,,,neutral,neutral,neutral,UP,neutral,neutral,stabilizing,,,,98.22,-,0.0547,3.3321,-6.5141,gain_of_function,-1.86566203501214,0.0166553078955075,Benign,0.8656,pathogenic,https://doi.org/10.1101/2022.10.22.513328
N370S,-0.22458,0.6034,0.9269095835418448,Neutral,Neutral,16.7,,,0.246,"cBioPortal,COSMIC",,False,16.7,,,,neutral,neutral,neutral,DOWN,neutral,neutral,neutral,,,,98.22,-,0.1004,3.3321,-4.0812,gain_of_function,-1.45181820115344,0.0044034324226091,Benign,0.0812,benign,https://doi.org/10.1101/2022.10.22.513328
V371M,0.40484,0.97415,0.4409121769486229,Neutral,Neutral,31.4,,,0.519,COSMIC,,True,31.4,,,,neutral,neutral,neutral,UP,neutral,neutral,stabilizing,,,,98.57,E,-0.0607,2.3107,-5.1101,loss_of_function,-1.27330195854254,0.0322934201128139,Benign,0.1937,benign,https://doi.org/10.1101/2022.10.22.513328
T373A,2.31813,1.84286,0.265429948802427,Uncertain,Uncertain,0.0,,,,mutations_clinvar,,True,0.0,,,,uncertain,,,DOWN,neutral,neutral,neutral,1796498,Uncertain significance,1,98.63,-,-0.1156,1.3978,-6.8329,loss_of_function,-2.09303067352543,0.3388500257735666,Uncertain,0.9237,pathogenic,https://doi.org/10.1101/2022.10.22.513328
T373N,1.83926,3.90136,0.9628265344613292,Uncertain,Neutral,0.0,,,0.724,"COSMIC,mutations_clinvar",,True,0.0,,,,uncertain,,,-,uncertain,uncertain,uncertain,1796761,Uncertain significance,1,98.63,-,-0.1661,1.3978,-5.8329,loss_of_function,-3.45148917096534,0.7727297647633617,Pathogenic,0.9837,pathogenic,https://doi.org/10.1101/2022.10.22.513328
Q374H,0.05827,-0.16837,-0.2213767757983248,Neutral,Neutral,88.6,,,0.489,cBioPortal,,True,88.6,,,,neutral,neutral,neutral,UP,neutral,neutral,stabilizing,,,,97.72,-,0.0667,3.1092,-6.2479,gain_of_function,-1.4087192056076,0.0173074940470229,Benign,0.3682,ambiguous,https://doi.org/10.1101/2022.10.22.513328
V376I,0.96667,1.79014,0.8096255880973993,Neutral,Neutral,15.7,,,0.328,cBioPortal,,True,15.7,,,,neutral,neutral,neutral,UP,neutral,neutral,stabilizing,,,,97.06,B,0.0294,2.3844,-3.3315,gain_of_function,-1.44700109034163,0.1014298749564469,Benign,0.2529,benign,https://doi.org/10.1101/2022.10.22.513328
P377H,2.33217,0.56429,-0.4476434564127535,Uncertain,Uncertain,53.0,,,0.494,COSMIC,,True,53.0,,,,neutral,neutral,neutral,UP,neutral,neutral,stabilizing,,,,94.59,-,-0.065,3.2683,-22.1015,loss_of_function,-2.06128633621856,0.0647542781478552,Benign,0.8132,pathogenic,https://doi.org/10.1101/2022.10.22.513328
P377L,1.73156,1.24694,-0.3681945578748569,Neutral,Neutral,53.0,,,0.414,"COSMIC,mutations_clinvar",,True,53.0,,,,neutral,neutral,neutral,UP,neutral,neutral,stabilizing,2057234,Uncertain significance,1,94.59,-,0.0081,3.2683,-5.8138,gain_of_function,-1.36855114016492,0.0213649417903421,Benign,0.4833,ambiguous,https://doi.org/10.1101/2022.10.22.513328
P377R,2.03124,1.95476,-0.3310716209195286,Uncertain,Uncertain,53.0,0.0001592356687898,6.01761959016e-05,0.527,"COSMIC,mutations_clinvar",,True,53.0,,,,neutral,neutral,neutral,UP,neutral,neutral,stabilizing,403909,Uncertain significance,2,94.59,-,-0.0232,3.2683,-7.8137,loss_of_function,-1.93931424877013,0.0344115704681271,Benign,0.9411,pathogenic,https://doi.org/10.1101/2022.10.22.513328
C378F,2.78368,6.55646,-0.1257561471455981,Uncertain,Uncertain,2.2,,,0.517,"cBioPortal,COSMIC",,False,2.2,,,,neutral,neutral,neutral,UP,neutral,neutral,neutral,,,,92.25,T,-0.1275,3.014,-6.2384,loss_of_function,-0.731111783569921,0.0147291107874725,Benign,0.7863,pathogenic,https://doi.org/10.1101/2022.10.22.513328
C378R,2.8162,5.34048,0.0940543842801999,Uncertain,Uncertain,2.2,,,0.817,"cBioPortal,COSMIC,mutations_clinvar",,False,2.2,,,,neutral,neutral,neutral,UP,neutral,neutral,neutral,917489,Pathogenic,2,92.25,T,-0.1695,3.014,-3.042,loss_of_function,-1.59619789272753,0.0716530201877473,Benign,0.9927,pathogenic,https://doi.org/10.1101/2022.10.22.513328
C378W,7.2449,14.68946,-0.1911132375504037,Destabilizing,Uncertain,2.2,,,0.557,"cBioPortal,COSMIC",,False,2.2,,,,neutral,neutral,neutral,UP,neutral,neutral,neutral,,,,92.25,T,-0.1438,3.014,-8.8232,loss_of_function,-2.33448396729895,0.0377157613933965,Benign,0.9744,pathogenic,https://doi.org/10.1101/2022.10.22.513328
C378Y,3.57877,10.7966,0.6944933669386263,Destabilizing,Uncertain,2.2,,,0.650,"cBioPortal,COSMIC,mutations_clinvar",,False,2.2,,,,neutral,neutral,neutral,UP,neutral,neutral,neutral,39704,Pathogenic,2,92.25,T,-0.1398,3.014,-6.8233,loss_of_function,-1.61643627184513,0.0296204193203194,Benign,0.9484,pathogenic,https://doi.org/10.1101/2022.10.22.513328
S379C,-0.25985,0.3619,1.044483773604732,Neutral,Neutral,74.0,,,,mutations_clinvar,,False,74.0,,,,uncertain,,,UP,neutral,neutral,neutral,1382588,Uncertain significance,1,92.16,T,-0.0361,2.2165,-4.4247,loss_of_function,-1.50550643290442,0.2737823229884673,Benign,0.4895,ambiguous,https://doi.org/10.1101/2022.10.22.513328
S379F,-0.8184,-0.46531,-0.2893929720596061,Neutral,Neutral,74.0,,,0.800,cBioPortal,,False,74.0,,,,uncertain,,,UP,neutral,neutral,neutral,,,,92.16,T,-0.0861,2.2165,-8.8168,loss_of_function,-0.635889115331304,0.2986778688343059,Benign,0.9348,pathogenic,https://doi.org/10.1101/2022.10.22.513328
S379T,0.37434,-0.47211,0.3438988810002447,Neutral,Neutral,74.0,,,0.404,"cBioPortal,COSMIC",,False,74.0,,,,neutral,,,UP,neutral,neutral,neutral,,,,92.16,T,0.0196,2.2165,-5.232,gain_of_function,-1.02589271116307,0.013384050454194,Benign,0.4632,ambiguous,https://doi.org/10.1101/2022.10.22.513328
N380I,-0.09886,0.64116,-0.1350619905302952,Neutral,Neutral,79.9,,,,mutations_clinvar,,False,79.9,,,,neutral,neutral,neutral,UP,neutral,neutral,neutral,584652,Uncertain significance,1,94.89,-,-0.0758,2.5524,-8.8136,loss_of_function,-3.6780478790434,0.5373885734807137,Uncertain,0.7995,pathogenic,https://doi.org/10.1101/2022.10.22.513328
N380S,0.47089,1.10918,0.4194412754423915,Neutral,Neutral,79.9,,1.60509779058e-05,0.287,"cBioPortal,COSMIC,mutations_clinvar",,False,79.9,,,,neutral,neutral,neutral,DOWN,neutral,neutral,neutral,958503,Uncertain significance,1,94.89,-,0.0343,2.5524,-2.9809,gain_of_function,-1.82229213606529,0.0349052859686982,Benign,0.1791,benign,https://doi.org/10.1101/2022.10.22.513328
P381A,1.63258,1.80544,0.5578756437287397,Neutral,Neutral,12.0,,,0.608,"cBioPortal,COSMIC",,False,12.0,,,,neutral,neutral,neutral,DOWN,neutral,neutral,neutral,,,,96.71,-,-0.0153,2.3969,-4.2352,loss_of_function,-1.98318869068409,0.1085309392489549,Benign,0.9664,pathogenic,https://doi.org/10.1101/2022.10.22.513328
R382K,-0.10487,-0.03571,0.6987846787852536,Neutral,Neutral,58.3,,,,mutations_clinvar,,False,58.3,,,,neutral,neutral,neutral,-,uncertain,uncertain,uncertain,156450,Conflicting interpretations of pathogenicity,0,98.11,E,0.0997,3.3236,-3.8297,gain_of_function,-0.849985725382818,0.0086209118284921,Benign,0.2379,benign,https://doi.org/10.1101/2022.10.22.513328
W383R,5.76733,5.35408,6.869915089497813,Destabilizing,Destabilizing,1.4,,,0.910,"cBioPortal,COSMIC",,False,1.4,,,,neutral,neutral,neutral,DOWN,neutral,neutral,destabilizing,,,,98.38,E,-0.4848,0.8156,-22.1174,loss_of_function,-7.4155739920511,0.9314678376377384,Pathogenic,0.9999,pathogenic,https://doi.org/10.1101/2022.10.22.513328
N384S,0.27463,0.92789,1.3431024316687006,Neutral,Neutral,58.8,,,0.376,cBioPortal,,False,58.8,,,,neutral,neutral,neutral,DOWN,neutral,neutral,neutral,,,,97.75,E,0.0103,2.4106,-5.1261,gain_of_function,-0.841958641785002,0.0580159091522555,Benign,0.0987,benign,https://doi.org/10.1101/2022.10.22.513328
E385D,1.55198,1.19864,1.1919108725827592,Neutral,Neutral,29.0,,,0.626,COSMIC,,False,29.0,,,,neutral,neutral,neutral,DOWN,neutral,neutral,neutral,,,,98.45,E,0.0001,2.1385,-4.6598,gain_of_function,-1.59282264733647,0.1016904130693478,Benign,0.5353,ambiguous,https://doi.org/10.1101/2022.10.22.513328
E385K,-0.0413,1.21735,1.207577469808783,Neutral,Neutral,29.0,,,0.808,"cBioPortal,COSMIC,mutations_clinvar",,False,29.0,,,,neutral,neutral,neutral,UP,neutral,neutral,neutral,1710584,Uncertain significance,1,98.45,E,-0.0532,2.1385,-4.0748,loss_of_function,-2.16592428723953,0.0751682665461538,Benign,0.8778,pathogenic,https://doi.org/10.1101/2022.10.22.513328
W386L,1.52007,2.41497,1.7441011097158732,Uncertain,Neutral,33.0,,,0.796,cBioPortal,,False,33.0,,,,neutral,neutral,neutral,DOWN,neutral,neutral,neutral,,,,98.43,E,-0.1346,3.3043,-5.511,loss_of_function,-1.19073018713496,0.162536430611849,Benign,0.7682,pathogenic,https://doi.org/10.1101/2022.10.22.513328
N388K,-0.92251,-0.23946,-0.0330067933401412,Neutral,Neutral,80.0,,,0.156,COSMIC,,False,80.0,,,,neutral,neutral,neutral,UP,neutral,neutral,neutral,,,,98.19,E,0.0126,2.7589,-4.4406,gain_of_function,-0.636098579687175,0.0025691148871206,Benign,0.2922,benign,https://doi.org/10.1101/2022.10.22.513328
D390N,-0.01307,-0.33673,0.270104298540349,Neutral,Neutral,110.6,,,0.549,"cBioPortal,COSMIC",,False,110.6,,,,neutral,neutral,neutral,-,uncertain,uncertain,uncertain,,,,97.85,E,-0.1146,1.2207,-4.9037,loss_of_function,-1.20822514735081,0.033866790229626,Benign,0.2433,benign,https://doi.org/10.1101/2022.10.22.513328
I391M,0.89988,2.17177,1.853541652702953,Uncertain,Neutral,6.1,0.0941945773524721,0.0621082735841457,0.236,"cBioPortal,COSMIC,mutations_clinvar",,False,6.1,,,,neutral,neutral,neutral,-,uncertain,uncertain,uncertain,135038,Benign,3,97.81,E,-0.1149,1.1886,-4.0319,loss_of_function,-0.0031252729465753,0.0332139241953934,Benign,0.0808,benign,https://doi.org/10.1101/2022.10.22.513328
I391V,1.24974,0.9915,1.0030430668580408,Neutral,Neutral,6.1,,,,mutations_clinvar,,False,6.1,,,,neutral,neutral,neutral,DOWN,neutral,neutral,neutral,2567719,Uncertain significance,1,97.81,E,-0.075,1.1886,-5.1388,loss_of_function,-1.5339885329509,0.0175936090714057,Benign,0.0862,benign,https://doi.org/10.1101/2022.10.22.513328
Y392C,1.52068,1.55544,1.5657736208311812,Neutral,Neutral,45.3,,,,mutations_clinvar,,True,45.3,,,,uncertain,,,DOWN,neutral,neutral,neutral,2152288,Uncertain significance,1,97.98,E,-0.053,3.2749,-8.8391,loss_of_function,-1.38730314059617,0.1126947560228214,Benign,0.0754,benign,https://doi.org/10.1101/2022.10.22.513328
Y392H,1.43594,0.99762,0.5173003019243846,Neutral,Neutral,45.3,,,0.448,"cBioPortal,COSMIC",,True,45.3,,,,uncertain,,,DOWN,neutral,neutral,neutral,,,,97.98,E,0.0218,3.2749,-6.5173,gain_of_function,-0.0272896055987838,0.0367053135988004,Benign,0.1577,benign,https://doi.org/10.1101/2022.10.22.513328
P394S,4.5421,-1.40816,0.6629354770759582,Uncertain,Uncertain,1.4,,,0.180,cBioPortal,,True,1.4,,,,neutral,neutral,neutral,DOWN,neutral,neutral,neutral,,,,98.19,G,0.0358,2.8599,-2.6298,gain_of_function,0.19647540219496,0.0117132720537065,Benign,0.1706,benign,https://doi.org/10.1101/2022.10.22.513328
D395G,2.2155,2.16122,1.847193908122882,Uncertain,Uncertain,26.8,,,0.830,cBioPortal,,True,26.8,,,,neutral,neutral,neutral,DOWN,neutral,neutral,neutral,,,,98.47,G,-0.2699,0.9717,-22.1301,loss_of_function,-6.13044258695221,0.805407834602847,Pathogenic,0.9667,pathogenic,https://doi.org/10.1101/2022.10.22.513328
D395N,0.2317,0.19694,0.1233643904848486,Neutral,Neutral,26.8,,,0.397,COSMIC,,True,26.8,,,,neutral,neutral,neutral,-,uncertain,uncertain,uncertain,,,,98.47,G,-0.1256,0.9717,-2.5756,loss_of_function,-1.99080492621851,0.0298316690261179,Benign,0.6385,pathogenic,https://doi.org/10.1101/2022.10.22.513328
D395Y,2.08175,0.16769,-0.2554738778848475,Uncertain,Uncertain,26.8,,,0.777,cBioPortal,,True,26.8,,,,neutral,neutral,neutral,UP,neutral,neutral,neutral,,,,98.47,G,-0.3037,0.9717,-22.1301,loss_of_function,-4.39691601076183,0.7969959338128253,Pathogenic,0.9357,pathogenic,https://doi.org/10.1101/2022.10.22.513328
L396F,4.8011,1.67483,2.58549304419556,Uncertain,Uncertain,0.0,,,0.713,COSMIC,,False,0.0,,,,neutral,neutral,neutral,UP,neutral,neutral,neutral,,,,98.5,-,-0.1703,1.242,-8.8422,loss_of_function,-4.06285002107022,0.0865602378492502,Benign,0.7313,pathogenic,https://doi.org/10.1101/2022.10.22.513328
R398C,1.27364,1.68912,2.191862500701485,Neutral,Uncertain,7.8,,,0.896,cBioPortal,,False,7.8,,,,neutral,neutral,neutral,DOWN,neutral,neutral,mixed_effects,,,,98.54,T,-0.2962,0.5332,-7.8454,loss_of_function,-1.46911960628483,0.5337010608693588,Uncertain,0.7745,pathogenic,https://doi.org/10.1101/2022.10.22.513328
R398H,0.85987,1.94218,1.5530181512694945,Neutral,Neutral,7.8,,4.0178392061e-06,0.788,"cBioPortal,COSMIC,mutations_clinvar",,False,7.8,,,,neutral,neutral,neutral,DOWN,neutral,neutral,mixed_effects,403916,Uncertain significance,1,98.54,T,-0.252,0.5332,-6.8455,loss_of_function,-2.90681598483686,0.386175687599596,Uncertain,0.6602,pathogenic,https://doi.org/10.1101/2022.10.22.513328
R398P,-0.72757,2.21667,7.131635157889755,Uncertain,Uncertain,7.8,,,,mutations_clinvar,,False,7.8,,,,neutral,neutral,neutral,DOWN,neutral,neutral,mixed_effects,1745488,Uncertain significance,1,98.54,T,-0.4265,0.5332,-7.2605,loss_of_function,-3.61012544243771,0.2756499621646356,Benign,0.9572,pathogenic,https://doi.org/10.1101/2022.10.22.513328
A399S,0.17516,1.04796,0.4550435543303333,Neutral,Neutral,0.0,,,0.241,COSMIC,,False,0.0,,,,neutral,neutral,neutral,-,uncertain,uncertain,uncertain,,,,98.5,T,-0.0484,1.711,-2.7549,loss_of_function,-0.337099901008744,0.0009288919100377,Benign,0.1016,benign,https://doi.org/10.1101/2022.10.22.513328
A399T,2.86683,2.39354,0.3146828488847791,Uncertain,Uncertain,0.0,,,0.248,"cBioPortal,COSMIC",,False,0.0,,,,neutral,neutral,neutral,UP,neutral,neutral,neutral,,,,98.5,T,-0.1533,1.711,-22.1301,loss_of_function,-2.51914866712723,0.0300881423635377,Benign,0.5835,pathogenic,https://doi.org/10.1101/2022.10.22.513328
A400V,-1.28521,0.86156,0.5961834556951212,Neutral,Neutral,0.0,3.18593092902e-05,,0.877,COSMIC,,False,0.0,,,,neutral,neutral,neutral,UP,neutral,neutral,neutral,,,,98.65,-,-0.1008,1.3684,-6.2605,loss_of_function,-3.29385010220396,0.1448529303968112,Benign,0.768,pathogenic,https://doi.org/10.1101/2022.10.22.513328
R401Q,0.83727,0.21565,1.004199499790548,Neutral,Neutral,9.7,,,0.642,"cBioPortal,COSMIC,mutations_clinvar",,False,9.7,,,,neutral,neutral,neutral,DOWN,neutral,neutral,neutral,2397827,Uncertain significance,1,98.63,E,-0.2448,0.6204,-6.0381,loss_of_function,-3.23559162337358,0.0832793655135744,Benign,0.7044,pathogenic,https://doi.org/10.1101/2022.10.22.513328
L402F,3.61169,0.4017,0.7356858445202502,Uncertain,Uncertain,0.0,,,0.917,"cBioPortal,COSMIC",,False,0.0,,,,neutral,neutral,neutral,UP,neutral,neutral,neutral,,,,98.67,E,-0.2474,0.3489,-7.8454,loss_of_function,-4.73140068122086,0.1029774049900227,Benign,0.7156,pathogenic,https://doi.org/10.1101/2022.10.22.513328
L402H,3.34751,2.22517,2.0307530387865644,Uncertain,Uncertain,0.0,,,,COSMIC,,False,0.0,,,,neutral,neutral,neutral,DOWN,neutral,neutral,neutral,,,,98.67,E,-0.4292,0.3489,-22.1332,loss_of_function,-6.68309711942448,0.8843512142794823,Pathogenic,0.9978,pathogenic,https://doi.org/10.1101/2022.10.22.513328
L402V,1.5106,1.78435,1.665928650880047,Neutral,Neutral,0.0,,,0.704,cBioPortal,,False,0.0,,,,neutral,neutral,neutral,DOWN,neutral,neutral,neutral,,,,98.67,E,-0.2125,0.3489,-5.5236,loss_of_function,-1.22685946947328,0.0843188429852985,Benign,0.2238,benign,https://doi.org/10.1101/2022.10.22.513328
S405F,15.61858,4.25442,0.8215919203766011,Destabilizing,Uncertain,0.1,,,0.842,"cBioPortal,COSMIC",,False,0.1,,,,uncertain,,,UP,neutral,neutral,neutral,,,,98.58,E,-0.1743,1.9967,-22.1363,loss_of_function,-3.89393359180641,0.6853481477410736,Pathogenic,0.9956,pathogenic,https://doi.org/10.1101/2022.10.22.513328
I406V,1.22879,0.65068,0.6103977651674791,Neutral,Neutral,0.1,,,0.421,"cBioPortal,COSMIC",,False,0.1,,,,neutral,neutral,neutral,DOWN,neutral,neutral,neutral,,,,98.32,E,-0.0258,1.5703,-2.3829,loss_of_function,-0.188537758979386,0.0140417838539811,Benign,0.135,benign,https://doi.org/10.1101/2022.10.22.513328
C407F,12.50092,5.46156,0.9205199085424478,Destabilizing,Uncertain,0.0,,,0.558,"cBioPortal,COSMIC",,False,0.0,,,,neutral,neutral,neutral,UP,neutral,neutral,stabilizing,,,,97.64,E,-0.2555,1.5506,-4.9292,loss_of_function,-1.64859444630086,0.2462456686115635,Benign,0.9697,pathogenic,https://doi.org/10.1101/2022.10.22.513328
C407R,13.65395,5.27211,3.386996521044414,Destabilizing,Destabilizing,0.0,,,0.855,cBioPortal,,False,0.0,,,,neutral,neutral,neutral,UP,neutral,neutral,stabilizing,,,,97.64,E,-0.4015,1.5506,-22.1238,loss_of_function,-3.80719498284666,0.7530839604692803,Pathogenic,0.999,pathogenic,https://doi.org/10.1101/2022.10.22.513328
C407W,31.18918,8.3102,2.859398211512276,Destabilizing,Uncertain,0.0,,,0.498,"cBioPortal,COSMIC",,False,0.0,,,,neutral,neutral,neutral,UP,neutral,neutral,stabilizing,,,,97.64,E,-0.2785,1.5506,-8.8359,loss_of_function,-2.0433014994737,0.4493047214820058,Uncertain,0.9979,pathogenic,https://doi.org/10.1101/2022.10.22.513328
C407Y,18.90962,5.5,2.281525004000326,Destabilizing,Uncertain,0.0,,,,COSMIC,,False,0.0,,,,neutral,neutral,neutral,UP,neutral,neutral,stabilizing,,,,97.64,E,-0.243,1.5506,-0.6512,loss_of_function,-1.60498590383316,0.2374340116478734,Benign,0.9923,pathogenic,https://doi.org/10.1101/2022.10.22.513328
V409I,0.47295,0.47279,-0.2237517972348374,Neutral,Neutral,4.3,,,0.341,COSMIC,,False,4.3,,,,neutral,neutral,neutral,UP,neutral,neutral,neutral,,,,94.53,E,-0.0644,1.3519,-3.0812,loss_of_function,-1.48280032752697,0.0234174830314655,Benign,0.1423,benign,https://doi.org/10.1101/2022.10.22.513328
V409L,0.77221,1.0068,0.09404535223485,Neutral,Neutral,4.3,,,0.589,COSMIC,,False,4.3,,,,neutral,neutral,neutral,UP,neutral,neutral,neutral,,,,94.53,E,-0.1456,1.3519,-6.2511,loss_of_function,-1.72531370206047,0.0322355186781777,Benign,0.7758,pathogenic,https://doi.org/10.1101/2022.10.22.513328
G411A,-0.41954,-0.48129,0.1430797540615475,Neutral,Neutral,73.4,,,,mutations_clinvar,,False,73.4,,,,neutral,neutral,neutral,UP,neutral,neutral,neutral,1984625,Uncertain significance,1,80.94,E,-0.0246,2.9155,-4.4469,loss_of_function,-1.4319619707814,0.0113374692390787,Benign,0.3747,ambiguous,https://doi.org/10.1101/2022.10.22.513328
G411D,0.14772,0.01088,0.5503947036594361,Neutral,Neutral,73.4,,,0.449,"cBioPortal,COSMIC",,False,73.4,,,,neutral,neutral,neutral,UP,neutral,neutral,neutral,,,,80.94,E,-0.083,2.9155,-4.0843,loss_of_function,-1.53285545193834,0.0224528611656011,Benign,0.9791,pathogenic,https://doi.org/10.1101/2022.10.22.513328
G411S,-0.51687,-1.57449,0.5056382289756752,Neutral,Neutral,73.4,,,,COSMIC,,False,73.4,,,,neutral,neutral,neutral,UP,neutral,neutral,neutral,,,,80.94,E,-0.0286,2.9155,-4.0843,loss_of_function,-1.40631860636292,0.0041977026761731,Benign,0.3672,ambiguous,https://doi.org/10.1101/2022.10.22.513328
G411V,-0.30895,-0.79966,-0.0127751822814381,Neutral,Neutral,73.4,,,0.508,cBioPortal,,False,73.4,,,,neutral,neutral,neutral,UP,neutral,neutral,neutral,,,,80.94,E,-0.1338,2.9155,-8.8391,loss_of_function,-2.4252268397419,0.0258408430831279,Benign,0.6026,pathogenic,https://doi.org/10.1101/2022.10.22.513328
R412L,-0.70975,-0.55204,-0.1367314933293528,Neutral,Neutral,65.0,,,,mutations_clinvar,,False,65.0,,,,neutral,neutral,neutral,DOWN,neutral,neutral,destabilizing,1350446,Uncertain significance,1,73.37,-,-0.0844,2.7326,-7.2605,loss_of_function,-2.60591531513807,0.1826647913718032,Benign,0.974,pathogenic,https://doi.org/10.1101/2022.10.22.513328
R412Q,0.22478,0.27551,0.9500958432271884,Neutral,Neutral,65.0,,,0.469,"cBioPortal,COSMIC",,False,65.0,,,,neutral,neutral,neutral,DOWN,neutral,neutral,destabilizing,,,,73.37,-,-0.0391,2.7326,-3.8011,loss_of_function,-1.69307125837035,0.0760639468804783,Benign,0.896,pathogenic,https://doi.org/10.1101/2022.10.22.513328
K413N,0.06033,0.15986,-0.1831809008249607,Neutral,Neutral,111.6,,,0.466,COSMIC,,False,111.6,,,,neutral,neutral,neutral,DOWN,neutral,neutral,stabilizing,,,,70.39,S,-0.1083,1.6404,-6.2668,loss_of_function,-1.66908024179246,0.0140163208383726,Benign,0.9897,pathogenic,https://doi.org/10.1101/2022.10.22.513328
G414R,2.24478,4.16429,1.409153482099737,Uncertain,Uncertain,121.8,,,0.317,cBioPortal,,False,121.8,,,,neutral,neutral,neutral,UP,neutral,neutral,stabilizing,,,,68.54,S,-0.1479,2.4423,-5.071,loss_of_function,-0.983150382255816,0.0042926529538176,Benign,0.9895,pathogenic,https://doi.org/10.1101/2022.10.22.513328
A415V,1.65774,0.29966,-0.1371369358781093,Neutral,Neutral,118.7,,,0.390,"COSMIC,mutations_clinvar",,False,118.7,,,,neutral,neutral,neutral,UP,neutral,neutral,stabilizing,809568,Uncertain significance,2,70.66,S,0.0583,3.0405,-5.2224,gain_of_function,-2.39073758975532,0.0271969072170035,Benign,0.3186,benign,https://doi.org/10.1101/2022.10.22.513328
E417K,-0.16654,2.27721,0.4534211443462371,Uncertain,Neutral,41.9,,,0.428,"cBioPortal,COSMIC",,False,41.9,,,,neutral,neutral,neutral,UP,neutral,neutral,mixed_effects,,,,88.17,E,0.0252,2.8383,-1.3328,gain_of_function,-0.188512574471869,0.0057072496759711,Benign,0.9706,pathogenic,https://doi.org/10.1101/2022.10.22.513328
E417Q,-0.32708,0.71531,0.3230248801604501,Neutral,Neutral,41.9,,,0.435,COSMIC,,False,41.9,,,,neutral,neutral,neutral,UP,neutral,neutral,mixed_effects,,,,88.17,E,0.059,2.8383,-4.4048,gain_of_function,-1.05705814995013,0.0399978541668245,Benign,0.8886,pathogenic,https://doi.org/10.1101/2022.10.22.513328
E418D,-0.05403,1.02857,0.7720940450273445,Neutral,Neutral,47.2,,,0.425,"cBioPortal,COSMIC",,False,47.2,,,,neutral,neutral,neutral,DOWN,neutral,neutral,neutral,,,,90.4,E,0.0937,3.171,-4.9417,gain_of_function,-0.989059583093689,0.0217491176075541,Benign,0.6058,pathogenic,https://doi.org/10.1101/2022.10.22.513328
E418K,-0.10456,0.97721,0.7896129606389951,Neutral,Neutral,47.2,,,0.519,"cBioPortal,COSMIC,mutations_clinvar",,False,47.2,,,,neutral,neutral,neutral,UP,neutral,neutral,mixed_effects,45464,Uncertain significance,1,90.4,E,0.0463,3.171,-3.2048,gain_of_function,-1.78386783278433,0.0566582339997348,Benign,0.9665,pathogenic,https://doi.org/10.1101/2022.10.22.513328
E418Q,0.15936,0.11973,0.546947230658657,Neutral,Neutral,47.2,,,0.482,COSMIC,,False,47.2,,,,neutral,neutral,neutral,UP,neutral,neutral,mixed_effects,,,,90.4,E,0.0864,3.171,-5.0413,gain_of_function,-1.66101922545565,0.063580457298931,Benign,0.8731,pathogenic,https://doi.org/10.1101/2022.10.22.513328
H419N,0.76995,1.62721,2.1229193986450063,Neutral,Uncertain,30.5,,,0.282,"cBioPortal,COSMIC",,False,30.5,,,,neutral,neutral,neutral,DOWN,neutral,neutral,neutral,,,,94.3,E,0.0584,2.8972,-3.4973,gain_of_function,-1.70288528568714,0.0586988927951944,Benign,0.4879,ambiguous,https://doi.org/10.1101/2022.10.22.513328
H419Q,0.38763,1.01361,1.85428949979284,Neutral,Neutral,30.5,,,0.484,COSMIC,,False,30.5,,,,neutral,neutral,neutral,DOWN,neutral,neutral,neutral,,,,94.3,E,0.0696,2.8972,-8.8547,gain_of_function,-1.24743212627234,0.0362763783754048,Benign,0.8895,pathogenic,https://doi.org/10.1101/2022.10.22.513328
C420G,0.96635,-0.14864,0.6183538954612119,Neutral,Neutral,66.5,,,0.731,"cBioPortal,mutations_clinvar",,False,66.5,,,,neutral,neutral,neutral,DOWN,neutral,neutral,neutral,376469,Likely pathogenic,0,93.16,E,-0.1738,2.6401,-8.864,loss_of_function,-2.90544653793376,0.1078417933358855,Benign,0.7989,pathogenic,https://doi.org/10.1101/2022.10.22.513328
C420R,-1.03291,-0.97143,-0.8540543270844275,Neutral,Neutral,66.5,,,0.788,"cBioPortal,COSMIC,mutations_clinvar",,False,66.5,,,,neutral,neutral,neutral,UP,neutral,neutral,mixed_effects,31945,Pathogenic,2,93.16,E,-0.2336,2.6401,-8.864,loss_of_function,-2.3523721184587,0.0315215678848967,Benign,0.9797,pathogenic,https://doi.org/10.1101/2022.10.22.513328
P421L,0.48083,0.56701,-1.3823176555740817,Neutral,Neutral,6.9,,,0.623,"cBioPortal,COSMIC",,False,6.9,,,,neutral,neutral,neutral,UP,neutral,neutral,mixed_effects,,,,95.77,E,-0.2016,1.1015,-7.8391,loss_of_function,-2.07182992861254,0.0296534091978515,Benign,0.8088,pathogenic,https://doi.org/10.1101/2022.10.22.513328
P421R,6.70768,5.86939,0.0676445075185583,Destabilizing,Uncertain,6.9,,,0.890,cBioPortal,,False,6.9,,,,neutral,neutral,neutral,UP,neutral,neutral,mixed_effects,,,,95.77,E,-0.2146,1.1015,-6.2542,loss_of_function,-3.42396148852015,0.0853980201584048,Benign,0.9832,pathogenic,https://doi.org/10.1101/2022.10.22.513328
P421S,3.52334,2.20204,0.9295326742328758,Uncertain,Uncertain,6.9,,,0.812,COSMIC,,False,6.9,,,,neutral,neutral,neutral,DOWN,neutral,neutral,neutral,,,,95.77,E,-0.1445,1.1015,-6.2542,loss_of_function,-1.84778049431103,0.0132883585242601,Benign,0.7366,pathogenic,https://doi.org/10.1101/2022.10.22.513328
P421T,2.57842,1.39558,-0.1477122925734192,Uncertain,Uncertain,6.9,,,0.821,COSMIC,,False,6.9,,,,neutral,neutral,neutral,-,uncertain,uncertain,uncertain,,,,95.77,E,-0.1617,1.1015,-7.2542,loss_of_function,-2.36788896641375,0.0633955669738122,Benign,0.8239,pathogenic,https://doi.org/10.1101/2022.10.22.513328
L422W,4.54044,4.6102,2.8679790141526817,Destabilizing,Uncertain,19.8,,,0.917,"cBioPortal,COSMIC",,False,19.8,,,,neutral,neutral,neutral,UP,neutral,neutral,neutral,,,,95.69,E,-0.3079,1.5628,-22.155,loss_of_function,-5.45407077158097,0.831401648912159,Pathogenic,0.9968,pathogenic,https://doi.org/10.1101/2022.10.22.513328
A423T,0.83826,1.62891,0.9557232080501868,Neutral,Neutral,8.2,,,,mutations_clinvar,,False,8.2,,,,neutral,neutral,neutral,UP,neutral,neutral,neutral,1764478,Uncertain significance,1,97.65,E,-0.1354,1.0145,-6.063,loss_of_function,-2.32000018994154,0.4896541365069809,Uncertain,0.9197,pathogenic,https://doi.org/10.1101/2022.10.22.513328
W424L,2.07654,1.78435,1.0646964548129765,Uncertain,Uncertain,4.9,,,0.836,"cBioPortal,COSMIC",,False,4.9,,,,neutral,neutral,neutral,DOWN,neutral,neutral,neutral,,,,98.19,E,-0.5179,0.0618,-22.1612,loss_of_function,-4.63186178013456,0.8586766759068007,Pathogenic,0.994,pathogenic,https://doi.org/10.1101/2022.10.22.513328
W424R,4.64845,4.58095,3.516517444189997,Destabilizing,Destabilizing,4.9,,,0.903,COSMIC,,False,4.9,,,,neutral,neutral,neutral,DOWN,neutral,neutral,neutral,,,,98.19,E,-0.5543,0.0618,-22.1612,loss_of_function,-3.66975037501469,0.8469568028399237,Pathogenic,0.9995,pathogenic,https://doi.org/10.1101/2022.10.22.513328
I427V,1.48751,1.02347,0.8579149024823962,Neutral,Neutral,8.5,,,,mutations_clinvar,,False,8.5,,,,neutral,neutral,neutral,DOWN,neutral,neutral,neutral,1973047,Uncertain significance,1,98.46,E,0.0031,1.9204,-3.0406,gain_of_function,-0.0833334432434764,0.0070068412390147,Benign,0.0661,benign,https://doi.org/10.1101/2022.10.22.513328
L429F,1.29488,1.1432,2.102804921066429,Neutral,Uncertain,0.5,,,0.760,COSMIC,,False,0.5,,,,neutral,neutral,neutral,UP,neutral,neutral,neutral,,,,98.56,S,-0.1245,1.6128,-6.5515,loss_of_function,-2.61809862540547,0.1475014899832716,Benign,0.6165,pathogenic,https://doi.org/10.1101/2022.10.22.513328
F430L,1.88103,2.01054,1.9010153223605248,Uncertain,Neutral,0.1,,,0.915,cBioPortal,,False,0.1,,,,neutral,neutral,neutral,DOWN,neutral,neutral,neutral,,,,98.29,B,-0.21,0.7095,-6.5484,loss_of_function,-2.16515119215645,0.1345415092094177,Benign,0.9896,pathogenic,https://doi.org/10.1101/2022.10.22.513328
D431V,4.38704,2.51259,1.0686115031918066,Uncertain,Uncertain,50.8,,,,mutations_clinvar,,True,50.8,,,,neutral,neutral,neutral,UP,neutral,neutral,neutral,1721772,Uncertain significance,1,96.68,-,-0.3001,0.2984,-8.8764,loss_of_function,-5.86051911148147,0.9305924998297356,Pathogenic,0.9832,pathogenic,https://doi.org/10.1101/2022.10.22.513328
Y432C,3.13414,2.99286,2.431569613136497,Uncertain,Uncertain,24.2,,,0.905,cBioPortal,,True,24.2,,,,uncertain,,,DOWN,neutral,neutral,mixed_effects,,,,97.02,T,-0.2467,1.1164,-7.8765,loss_of_function,-3.29901806560743,0.47376538433473,Uncertain,0.5571,ambiguous,https://doi.org/10.1101/2022.10.22.513328
Y432N,3.6259,2.86088,1.8923118066434088,Uncertain,Uncertain,24.2,,,0.859,COSMIC,,True,24.2,,,,uncertain,,,DOWN,neutral,neutral,mixed_effects,,,,97.02,T,-0.3421,1.1164,-22.1642,loss_of_function,-4.52617923979345,0.4792678802498363,Uncertain,0.8282,pathogenic,https://doi.org/10.1101/2022.10.22.513328
T435I,-1.7838,-0.48061,-0.4609816058683241,Neutral,Neutral,24.4,,,,mutations_clinvar,,True,24.4,,,,uncertain,,,UP,neutral,neutral,stabilizing,1408353,Uncertain significance,2,97.45,B,-0.0442,2.3287,-4.5546,loss_of_function,-0.0848721519956775,0.0017374673418601,Benign,0.1248,benign,https://doi.org/10.1101/2022.10.22.513328
L436V,1.46514,2.28946,1.4351051153250187,Uncertain,Neutral,5.3,,,,mutations_clinvar,,True,5.3,,,,neutral,neutral,neutral,DOWN,neutral,neutral,neutral,1374306,Uncertain significance,1,97.88,B,-0.2995,0.3264,-22.1642,loss_of_function,-3.37829653806987,0.5715017252810283,Uncertain,0.4509,ambiguous,https://doi.org/10.1101/2022.10.22.513328
S438F,-0.10587,-0.93163,-1.4312604240629905,Neutral,Neutral,30.9,,,0.574,COSMIC,,False,30.9,,,,uncertain,,,UP,neutral,neutral,stabilizing,,,,95.45,-,-0.0948,2.1254,-8.8764,loss_of_function,-1.32000624458146,0.2948372831821699,Benign,0.3878,ambiguous,https://doi.org/10.1101/2022.10.22.513328
G439V,4.70866,5.93435,0.6023206316093299,Destabilizing,Uncertain,80.8,,,0.895,COSMIC,,False,80.8,,,,neutral,neutral,neutral,UP,neutral,neutral,stabilizing,,,,95.76,E,-0.3974,0.7895,-22.1612,loss_of_function,-6.35029858519059,0.4284538205623842,Uncertain,0.9544,pathogenic,https://doi.org/10.1101/2022.10.22.513328
M441I,0.93992,0.09218,0.1355303960787834,Neutral,Neutral,39.6,,,0.375,cBioPortal,,False,39.6,,,,neutral,neutral,neutral,-,uncertain,uncertain,uncertain,,,,96.94,E,0.0737,3.1695,-2.4472,gain_of_function,-0.547707497092732,0.0043246556629559,Benign,0.2587,benign,https://doi.org/10.1101/2022.10.22.513328
M441V,1.36407,0.66871,0.2951316544936117,Neutral,Neutral,39.6,,,,mutations_clinvar,,False,39.6,,,,neutral,neutral,neutral,DOWN,neutral,neutral,neutral,584653,Uncertain significance,2,96.94,E,0.0402,3.1695,-2.7237,gain_of_function,-0.159008821160541,0.001473116134082,Benign,0.0815,benign,https://doi.org/10.1101/2022.10.22.513328
A442P,0.84475,0.87721,0.3189557893681943,Neutral,Neutral,60.3,,,,mutations_clinvar,,False,60.3,,,,neutral,neutral,neutral,UP,neutral,neutral,neutral,570411,Uncertain significance,1,97.59,E,-0.0819,3.3903,-8.8733,loss_of_function,-3.20113303246343,0.0383629808759078,Benign,0.5615,ambiguous,https://doi.org/10.1101/2022.10.22.513328
A442T,-0.08676,-0.13401,-0.2608665297389445,Neutral,Neutral,60.3,,,,mutations_clinvar,,False,60.3,,,,neutral,neutral,neutral,UP,neutral,neutral,neutral,1038379,Uncertain significance,1,97.59,E,0.103,3.3903,-2.201,gain_of_function,-1.05889432731924,0.0019019732451925,Benign,0.2168,benign,https://doi.org/10.1101/2022.10.22.513328
A442V,-0.11793,-0.37993,-0.6485325584031082,Neutral,Neutral,60.3,,,0.460,"cBioPortal,COSMIC",,False,60.3,,,,neutral,neutral,neutral,UP,neutral,neutral,neutral,,,,97.59,E,0.0932,3.3903,-4.7035,gain_of_function,-1.29706395691698,0.0096949786100337,Benign,0.3012,benign,https://doi.org/10.1101/2022.10.22.513328
L443S,4.6987,3.11429,3.433407847075177,Destabilizing,Destabilizing,2.7,,,0.928,COSMIC,,False,2.7,,,,neutral,neutral,neutral,DOWN,neutral,neutral,neutral,,,,98.05,E,-0.4086,0.4447,-22.1612,loss_of_function,-4.89002708824762,0.6721975752862891,Uncertain,0.9785,pathogenic,https://doi.org/10.1101/2022.10.22.513328
N444I,0.34009,-0.1,0.3974316554403839,Neutral,Neutral,8.1,,,0.562,cBioPortal,,False,8.1,,,,neutral,neutral,neutral,UP,neutral,neutral,neutral,,,,98.3,E,-0.139,2.6055,-22.1612,loss_of_function,-2.15187349896141,0.1032662816061236,Benign,0.361,ambiguous,https://doi.org/10.1101/2022.10.22.513328
L445F,2.96981,2.57347,2.1974538437337503,Uncertain,Uncertain,0.0,,,0.786,COSMIC,,False,0.0,,,,neutral,neutral,neutral,UP,neutral,neutral,neutral,,,,98.32,-,-0.051,2.4291,-6.8734,loss_of_function,-3.37269741164262,0.2268987178127963,Benign,0.9317,pathogenic,https://doi.org/10.1101/2022.10.22.513328
W446C,4.05722,4.73946,5.508587971155183,Destabilizing,Destabilizing,7.5,,,0.867,cBioPortal,,False,7.5,,,,neutral,neutral,neutral,DOWN,neutral,neutral,neutral,,,,97.63,E,-0.4902,0.238,-22.1612,loss_of_function,-4.24843806848256,0.6215486576241291,Uncertain,0.9905,pathogenic,https://doi.org/10.1101/2022.10.22.513328
W446L,1.71785,1.98197,3.64663781311152,Neutral,Uncertain,7.5,,,0.825,COSMIC,,False,7.5,,,,neutral,neutral,neutral,DOWN,neutral,neutral,neutral,,,,97.63,E,-0.4237,0.238,-6.8734,loss_of_function,-4.2394370724082,0.2441797402117088,Benign,0.9696,pathogenic,https://doi.org/10.1101/2022.10.22.513328
P447L,1.59324,0.52857,-0.7192525240270586,Neutral,Neutral,73.8,,,,mutations_clinvar,,False,73.8,,,,neutral,neutral,neutral,UP,neutral,neutral,neutral,1770353,Uncertain significance,1,96.1,E,-0.1944,1.9735,-22.1519,loss_of_function,-1.75392662869248,0.2589081147000248,Benign,0.4156,ambiguous,https://doi.org/10.1101/2022.10.22.513328
P447S,1.84963,0.89422,-0.1174967592910553,Neutral,Neutral,73.8,,,0.454,cBioPortal,,False,73.8,,,,neutral,neutral,neutral,DOWN,neutral,neutral,neutral,,,,96.1,E,-0.0415,1.9735,-1.7981,loss_of_function,-0.148581198750291,0.0339797087180151,Benign,0.2769,benign,https://doi.org/10.1101/2022.10.22.513328
V448A,1.52652,2.35986,2.2686922596689527,Uncertain,Uncertain,17.3,,,0.523,"cBioPortal,COSMIC,mutations_clinvar",,False,17.3,,,,neutral,neutral,neutral,DOWN,neutral,neutral,neutral,1770414,Uncertain significance,1,94.35,-,-0.0409,2.4351,-5.3892,loss_of_function,-1.63489869553888,0.0248355666968119,Benign,0.7133,pathogenic,https://doi.org/10.1101/2022.10.22.513328
V448I,-1.08608,0.31259,0.0067189299499337,Neutral,Neutral,17.3,,,,mutations_clinvar,,False,17.3,,,,neutral,neutral,neutral,UP,neutral,neutral,stabilizing,403904,Uncertain significance,1,94.35,-,0.0235,2.4351,-5.3892,gain_of_function,-1.69918362918148,0.0602735982274039,Benign,0.1219,benign,https://doi.org/10.1101/2022.10.22.513328
V448L,-1.75226,1.4068,0.3403240887179604,Neutral,Neutral,17.3,,,,COSMIC,,False,17.3,,,,neutral,neutral,neutral,UP,neutral,neutral,stabilizing,,,,94.35,-,-0.0473,2.4351,-6.5267,loss_of_function,-1.06469769036785,0.0057882563392948,Benign,0.4672,ambiguous,https://doi.org/10.1101/2022.10.22.513328
P449A,2.25949,1.37993,-0.136066120320823,Uncertain,Uncertain,45.4,,,0.473,cBioPortal,,False,45.4,,,,neutral,neutral,neutral,DOWN,neutral,neutral,neutral,,,,90.21,-,-0.0915,1.492,-2.8651,loss_of_function,-2.42357087500235,0.1693605185150151,Benign,0.6234,pathogenic,https://doi.org/10.1101/2022.10.22.513328
P449L,1.8926,0.21939,-0.7867008228945155,Neutral,Neutral,45.4,,,0.617,"cBioPortal,COSMIC,mutations_clinvar",,False,45.4,,,,neutral,neutral,neutral,UP,neutral,neutral,stabilizing,1804026,Pathogenic,1,90.21,-,-0.1657,1.492,-7.8423,loss_of_function,-3.26307705204068,0.3836473270868975,Uncertain,0.8296,pathogenic,https://doi.org/10.1101/2022.10.22.513328
P449R,2.20358,1.42789,-0.4126856566091003,Uncertain,Uncertain,45.4,,,0.573,"cBioPortal,COSMIC",,False,45.4,,,,neutral,neutral,neutral,UP,neutral,neutral,stabilizing,,,,90.21,-,-0.2597,1.492,-22.1301,loss_of_function,-3.99584992338178,0.2760821520938738,Benign,0.9371,pathogenic,https://doi.org/10.1101/2022.10.22.513328
P449S,2.77543,1.6085,0.1187049120328576,Uncertain,Uncertain,45.4,,,0.490,"cBioPortal,COSMIC,mutations_clinvar",,False,45.4,,,,neutral,neutral,neutral,DOWN,neutral,neutral,neutral,864863,Pathogenic/Likely pathogenic,2,90.21,-,-0.1018,1.492,-4.9355,loss_of_function,-2.28555432029658,0.1303886554991477,Benign,0.7727,pathogenic,https://doi.org/10.1101/2022.10.22.513328
P449T,2.88108,1.4068,-0.1069956547156608,Uncertain,Uncertain,45.4,,,0.536,"cBioPortal,COSMIC,mutations_clinvar",,False,45.4,,,,neutral,neutral,neutral,-,uncertain,uncertain,uncertain,1333250,Pathogenic/Likely pathogenic,2,90.21,-,-0.1135,1.492,-4.8423,loss_of_function,-2.40220256973814,0.16324534905647,Benign,0.7681,pathogenic,https://doi.org/10.1101/2022.10.22.513328
H450D,-0.4881,-0.40544,-0.2062484659594327,Neutral,Neutral,108.5,,,0.492,"cBioPortal,COSMIC",,False,108.5,,,,neutral,neutral,neutral,DOWN,neutral,neutral,neutral,,,,83.83,T,-0.0224,2.3174,-0.9446,loss_of_function,-1.48105754006842,0.0112000279013124,Benign,0.503,ambiguous,https://doi.org/10.1101/2022.10.22.513328
H450P,-1.1619,-1.03197,1.0173401260399677,Neutral,Neutral,108.5,,,,mutations_clinvar,,False,108.5,,,,neutral,neutral,neutral,DOWN,neutral,neutral,neutral,1770538,Uncertain significance,1,83.83,T,-0.1706,2.3174,-7.2605,loss_of_function,-2.13184191493021,0.0287185202320504,Benign,0.1344,benign,https://doi.org/10.1101/2022.10.22.513328
H450R,-0.55634,0.27041,-0.0488937030216996,Neutral,Neutral,108.5,,,,COSMIC,,False,108.5,,,,neutral,neutral,neutral,UP,neutral,neutral,stabilizing,,,,83.83,T,-0.0386,2.3174,-6.2605,loss_of_function,-1.74831091021653,0.0066714611830693,Benign,0.2336,benign,https://doi.org/10.1101/2022.10.22.513328
G451A,3.65356,2.10272,1.5115637675316465,Uncertain,Uncertain,87.8,,,0.323,cBioPortal,,False,87.8,,,,neutral,neutral,neutral,UP,neutral,neutral,stabilizing,,,,79.78,T,-0.1019,2.1913,-6.5298,loss_of_function,-2.30345908109444,0.0754409041076472,Benign,0.4972,ambiguous,https://doi.org/10.1101/2022.10.22.513328
G451K,3.6262,1.68776,1.002371811009142,Uncertain,Uncertain,87.8,,,,cBioPortal,,False,87.8,,,,neutral,neutral,neutral,UP,neutral,neutral,stabilizing,,,,79.78,T,-0.2062,2.1913,-8.8516,loss_of_function,-2.20562066402042,0.1317741904863733,Benign,0.9798,pathogenic,https://doi.org/10.1101/2022.10.22.513328
G451R,3.01668,2.50578,0.9139106042336924,Uncertain,Uncertain,87.8,,,0.614,"cBioPortal,COSMIC",,False,87.8,,,,neutral,neutral,neutral,UP,neutral,neutral,stabilizing,,,,79.78,T,-0.2581,2.1913,-22.1395,loss_of_function,-2.63161192217753,0.2038856963662167,Benign,0.9593,pathogenic,https://doi.org/10.1101/2022.10.22.513328
G451V,5.12645,6.95918,2.4023839555372355,Destabilizing,Uncertain,87.8,,,0.610,"cBioPortal,COSMIC",,False,87.8,,,,neutral,neutral,neutral,UP,neutral,neutral,stabilizing,,,,79.78,T,-0.2683,2.1913,-22.1395,loss_of_function,-2.83566341553006,0.1540491667259107,Benign,0.7802,pathogenic,https://doi.org/10.1101/2022.10.22.513328
E453A,-0.04664,0.74286,0.075326872711528,Neutral,Neutral,104.8,,,0.609,"cBioPortal,COSMIC",,False,104.8,,,,neutral,neutral,neutral,DOWN,neutral,neutral,destabilizing,,,,82.42,-,-0.0108,2.4592,-5.8642,loss_of_function,-1.93566315891142,,,0.8091,pathogenic,https://doi.org/10.1101/2022.10.22.513328
E453D,0.06863,0.21735,-0.090227351606586,Neutral,Neutral,104.8,,,0.284,"cBioPortal,COSMIC,mutations_clinvar",,False,104.8,,,,neutral,neutral,neutral,DOWN,neutral,neutral,destabilizing,376472,Likely pathogenic,0,82.42,-,0.0392,2.4592,-2.7767,gain_of_function,-0.956714251812138,,,0.1924,benign,https://doi.org/10.1101/2022.10.22.513328
E453G,-0.15429,1.28129,0.7045684883672428,Neutral,Neutral,104.8,,,0.613,"cBioPortal,COSMIC",,False,104.8,,,,neutral,neutral,neutral,DOWN,neutral,neutral,destabilizing,,,,82.42,-,-0.0192,2.4592,-2.4719,loss_of_function,-1.90483937629271,,,0.6972,pathogenic,https://doi.org/10.1101/2022.10.22.513328
E453K,-0.09911,-0.04626,-0.1984047414683126,Neutral,Neutral,104.8,,,0.544,"cBioPortal,COSMIC,mutations_clinvar",,False,104.8,,,,neutral,neutral,neutral,UP,neutral,neutral,stabilizing,376470,Pathogenic,2,82.42,-,-0.043,2.4592,-7.8641,loss_of_function,-2.90419720886424,,,0.9092,pathogenic,https://doi.org/10.1101/2022.10.22.513328
E453Q,0.02633,0.12381,0.0131708978478961,Neutral,Neutral,104.8,,,0.307,"cBioPortal,COSMIC,mutations_clinvar",,False,104.8,,,,neutral,neutral,neutral,UP,neutral,neutral,stabilizing,376471,Likely pathogenic,0,82.42,-,0.0285,2.4592,-3.5423,gain_of_function,-1.66551189864466,,,0.7453,pathogenic,https://doi.org/10.1101/2022.10.22.513328
E453V,0.24235,0.09048,-0.2434398892275691,Neutral,Neutral,104.8,,,0.750,COSMIC,,False,104.8,,,,neutral,neutral,neutral,-,uncertain,uncertain,uncertain,,,,82.42,-,-0.0262,2.4592,-6.2792,loss_of_function,-2.17448776215144,,,0.8855,pathogenic,https://doi.org/10.1101/2022.10.22.513328
D454G,0.91638,0.82109,1.3558763380547336,Neutral,Neutral,89.9,,,0.545,"cBioPortal,COSMIC",,False,89.9,,,,neutral,neutral,neutral,DOWN,neutral,neutral,destabilizing,,,,89.6,S,-0.1204,1.6678,-5.3985,loss_of_function,-2.46275182740061,0.0371613104171389,Benign,0.7325,pathogenic,https://doi.org/10.1101/2022.10.22.513328
D454H,0.59719,-0.58061,0.5669088136105677,Neutral,Neutral,89.9,,,0.640,"cBioPortal,COSMIC",,False,89.9,,,,neutral,neutral,neutral,UP,neutral,neutral,stabilizing,,,,89.6,S,-0.1312,1.6678,-7.8579,loss_of_function,-2.89544117020825,0.1818356004038683,Benign,0.924,pathogenic,https://doi.org/10.1101/2022.10.22.513328
D454N,0.64907,0.03776,0.4090861891457431,Neutral,Neutral,89.9,,,0.251,"cBioPortal,COSMIC",,False,89.9,,,,neutral,neutral,neutral,-,uncertain,uncertain,uncertain,,,,89.6,S,-0.0818,1.6678,-6.536,loss_of_function,-1.92754167605046,0.0875089686139168,Benign,0.5792,pathogenic,https://doi.org/10.1101/2022.10.22.513328
D454Y,0.15405,0.19694,0.7912788354034639,Neutral,Neutral,89.9,,,0.744,"cBioPortal,COSMIC",,False,89.9,,,,neutral,neutral,neutral,UP,neutral,neutral,stabilizing,,,,89.6,S,-0.2397,1.6678,-22.1457,loss_of_function,-3.60589149678557,0.4014971758435108,Uncertain,0.8101,pathogenic,https://doi.org/10.1101/2022.10.22.513328
L456R,4.04272,4.87381,4.088334000909804,Destabilizing,Destabilizing,4.0,,,0.803,"cBioPortal,COSMIC",,False,4.0,,,,neutral,neutral,neutral,UP,neutral,neutral,neutral,,,,97.35,-,-0.3448,0.8856,-7.861,loss_of_function,-4.52102308778924,0.7777652823349379,Pathogenic,0.9865,pathogenic,https://doi.org/10.1101/2022.10.22.513328
N457K,-0.35873,1.03299,2.755854170632103,Neutral,Uncertain,12.5,,,0.625,"cBioPortal,COSMIC",,False,12.5,,,,neutral,neutral,neutral,UP,neutral,neutral,stabilizing,,,,96.15,-,-0.1451,1.1478,-6.2854,loss_of_function,-3.17497491050543,0.2699645551815225,Benign,0.9888,pathogenic,https://doi.org/10.1101/2022.10.22.513328
P458A,2.66898,1.66531,-0.3071639549176808,Uncertain,Uncertain,19.9,,,,mutations_clinvar,,False,19.9,,,,neutral,neutral,neutral,DOWN,neutral,neutral,neutral,1771071,Uncertain significance,1,95.84,T,-0.2092,0.4177,-6.5453,loss_of_function,-0.470452700761652,0.3163553164195924,Benign,0.6891,pathogenic,https://doi.org/10.1101/2022.10.22.513328
I459S,1.66213,1.08095,1.8325879291831288,Neutral,Neutral,29.9,,,0.708,"cBioPortal,COSMIC",,False,29.9,,,,neutral,neutral,neutral,DOWN,neutral,neutral,destabilizing,,,,93.06,T,-0.1778,2.2711,-6.5422,loss_of_function,-1.77894056321428,0.0885102967660084,Benign,0.7574,pathogenic,https://doi.org/10.1101/2022.10.22.513328
I459T,1.27165,0.0102,1.438752381368127,Neutral,Neutral,29.9,,,0.667,cBioPortal,,False,29.9,,,,neutral,neutral,neutral,DOWN,neutral,neutral,destabilizing,,,,93.06,T,-0.0856,2.2711,-4.7767,loss_of_function,-1.76041701395812,0.0505657384782304,Benign,0.4064,ambiguous,https://doi.org/10.1101/2022.10.22.513328
I459V,0.98626,0.39184,0.6156040194140217,Neutral,Neutral,29.9,,,0.364,"cBioPortal,COSMIC",,False,29.9,,,,neutral,neutral,neutral,DOWN,neutral,neutral,destabilizing,,,,93.06,T,0.0175,2.2711,-6.5422,gain_of_function,-1.30756955588219,0.0513893502944284,Benign,0.0878,benign,https://doi.org/10.1101/2022.10.22.513328
G460D,10.2693,0.16871,2.9641093407994394,Uncertain,Uncertain,28.8,,,0.853,"cBioPortal,COSMIC",,False,28.8,,,,neutral,neutral,neutral,UP,neutral,neutral,neutral,,,,93.28,S,-0.349,0.2021,-7.2792,loss_of_function,-2.75163176048766,0.3742565379618985,Uncertain,0.9959,pathogenic,https://doi.org/10.1101/2022.10.22.513328
G460S,5.35359,0.75714,2.213346677142651,Uncertain,Uncertain,28.8,,,0.720,"cBioPortal,COSMIC",,False,28.8,,,,neutral,neutral,neutral,UP,neutral,neutral,neutral,,,,93.28,S,-0.2976,0.2021,-7.8641,loss_of_function,-3.06366439798788,0.2500754466116697,Benign,0.8572,pathogenic,https://doi.org/10.1101/2022.10.22.513328
V461G,1.27992,2.19082,2.2632451924901043,Uncertain,Uncertain,21.1,,,0.566,cBioPortal,,False,21.1,,,,neutral,neutral,neutral,DOWN,neutral,neutral,neutral,,,,95.21,-,-0.2547,1.5284,-6.2854,loss_of_function,-2.42857233502855,0.0227582194169063,Benign,0.2713,benign,https://doi.org/10.1101/2022.10.22.513328
V461I,-0.30807,-0.14592,0.062207690710212,Neutral,Neutral,21.1,,,,COSMIC,,False,21.1,,,,neutral,neutral,neutral,UP,neutral,neutral,neutral,,,,95.21,-,-0.06,1.5284,-5.4109,loss_of_function,-0.147815549368357,0.0013457061849507,Benign,0.0695,benign,https://doi.org/10.1101/2022.10.22.513328
T462A,-0.27875,0.49184,0.4119425178211855,Neutral,Neutral,14.8,,,,mutations_clinvar,,False,14.8,,,,uncertain,,,DOWN,neutral,neutral,neutral,584654,Uncertain significance,1,95.95,B,-0.0445,2.0357,-4.4078,loss_of_function,-0.107192644234776,0.0445223349715714,Benign,0.082,benign,https://doi.org/10.1101/2022.10.22.513328
T462S,0.72675,0.93435,0.881124643297951,Neutral,Neutral,14.8,,,0.326,"cBioPortal,COSMIC",,False,14.8,,,,neutral,,,DOWN,neutral,neutral,neutral,,,,95.95,B,-0.014,2.0357,-5.5453,loss_of_function,-0.115361470939004,0.0289160403760347,Benign,0.1135,benign,https://doi.org/10.1101/2022.10.22.513328
G463R,2.9856,4.15,0.5113120588109856,Uncertain,Uncertain,97.2,,,0.606,COSMIC,,False,97.2,,,,neutral,neutral,neutral,UP,neutral,neutral,neutral,,,,94.15,S,-0.1105,2.7501,-3.2885,loss_of_function,-1.80664192587502,0.5146100934311093,Uncertain,0.9333,pathogenic,https://doi.org/10.1101/2022.10.22.513328
P466L,0.75037,1.18367,-1.086148642675573,Neutral,Neutral,49.2,,,0.600,cBioPortal,,False,49.2,,,,neutral,neutral,neutral,UP,neutral,neutral,stabilizing,,,,91.7,S,-0.2193,0.8378,-6.5484,loss_of_function,-3.06693315516524,0.1004420551827324,Benign,0.2637,benign,https://doi.org/10.1101/2022.10.22.513328
P466S,1.7028,1.39966,-0.2336956206133716,Neutral,Neutral,49.2,,,0.586,"cBioPortal,COSMIC",,False,49.2,,,,neutral,neutral,neutral,DOWN,neutral,neutral,mixed_effects,,,,91.7,S,-0.174,0.8378,-7.2854,loss_of_function,-2.55698463144063,0.1428023955227015,Benign,0.3737,ambiguous,https://doi.org/10.1101/2022.10.22.513328
N467K,-0.09132,0.68605,0.6657449571691332,Neutral,Neutral,72.2,,,0.154,cBioPortal,,True,72.2,,,,neutral,neutral,neutral,UP,neutral,neutral,stabilizing,,,,91.46,-,-0.0458,2.2267,-6.2823,loss_of_function,-1.87542415100099,0.0398046573654205,Benign,0.7902,pathogenic,https://doi.org/10.1101/2022.10.22.513328
E469A,0.60033,-0.04728,0.2566916592561752,Neutral,Neutral,97.8,,,0.628,cBioPortal,,True,97.8,,,,neutral,neutral,neutral,DOWN,neutral,neutral,stabilizing,,,,93.2,S,-0.0955,1.7056,-8.864,loss_of_function,-2.25865524477395,0.0694603665075433,Benign,0.9311,pathogenic,https://doi.org/10.1101/2022.10.22.513328
E469G,-0.10876,0.60578,0.6389657328916556,Neutral,Neutral,97.8,,,0.458,cBioPortal,,True,97.8,,,,neutral,neutral,neutral,DOWN,neutral,neutral,stabilizing,,,,93.2,S,-0.1094,1.7056,-6.5422,loss_of_function,-2.50898438138947,0.0267480112855289,Benign,0.8972,pathogenic,https://doi.org/10.1101/2022.10.22.513328
E469K,0.34118,0.04014,-0.0290687347633955,Neutral,Neutral,97.8,,,0.445,"cBioPortal,COSMIC",,True,97.8,,,,neutral,neutral,neutral,UP,neutral,neutral,neutral,,,,93.2,S,-0.1124,1.7056,-7.8641,loss_of_function,-2.13459200950088,0.0138190414685913,Benign,0.9796,pathogenic,https://doi.org/10.1101/2022.10.22.513328
T470I,1.87315,1.01293,-0.5292586728631354,Neutral,Neutral,16.9,,,,mutations_clinvar,,True,16.9,,,,uncertain,,,UP,neutral,neutral,neutral,1771969,Uncertain significance,1,95.95,S,-0.0414,2.4865,-6.8642,loss_of_function,-2.81218748664661,0.0928834737775762,Benign,0.7451,pathogenic,https://doi.org/10.1101/2022.10.22.513328
T470S,0.98199,1.1881,0.7347499187735992,Neutral,Neutral,16.9,,,,mutations_clinvar,,True,16.9,,,,neutral,,,DOWN,neutral,neutral,neutral,1771951,Uncertain significance,1,95.95,S,0.0485,2.4865,-1.4212,gain_of_function,-0.338609605938425,0.0012143248398492,Benign,0.1992,benign,https://doi.org/10.1101/2022.10.22.513328
P471A,2.03817,0.43946,0.0724193985559457,Uncertain,Uncertain,17.4,,,0.381,"cBioPortal,COSMIC",,True,17.4,,,,neutral,neutral,neutral,DOWN,neutral,neutral,neutral,,,,97.01,-,-0.0382,1.9775,-1.1707,loss_of_function,-0.516889578569509,0.0346294988535546,Benign,0.6572,pathogenic,https://doi.org/10.1101/2022.10.22.513328
P471L,0.60698,3.36088,-1.3953049542380525,Uncertain,Neutral,17.4,,,0.576,"cBioPortal,COSMIC,mutations_clinvar",,True,17.4,,,,neutral,neutral,neutral,UP,neutral,neutral,neutral,376359,not provided,0,97.01,-,-0.1159,1.9775,-6.836,loss_of_function,-1.8698695405126,0.2025038656248209,Benign,0.9848,pathogenic,https://doi.org/10.1101/2022.10.22.513328
P471Q,1.7895,3.60204,-0.1113498791529155,Uncertain,Neutral,17.4,,,0.585,cBioPortal,,True,17.4,,,,neutral,neutral,neutral,UP,neutral,neutral,neutral,,,,97.01,-,-0.1736,1.9775,-22.1238,loss_of_function,-3.84139261041418,0.3120564642448251,Benign,0.9971,pathogenic,https://doi.org/10.1101/2022.10.22.513328
C472Y,4.63493,0.77211,-0.7427352021319167,Uncertain,Uncertain,18.3,,,0.694,"cBioPortal,COSMIC",,True,18.3,,,,neutral,neutral,neutral,UP,neutral,neutral,neutral,,,,98.29,E,-0.2972,2.1528,-22.1457,loss_of_function,-4.04056291117118,0.2606401829395072,Benign,0.917,pathogenic,https://doi.org/10.1101/2022.10.22.513328
E474A,0.67445,0.71599,0.5602849585930838,Neutral,Neutral,50.5,,,0.617,"cBioPortal,COSMIC",,True,50.5,,,,neutral,neutral,neutral,DOWN,neutral,neutral,neutral,,,,98.52,E,0.0377,3.0028,-6.1497,gain_of_function,-2.20911879728655,0.1840758698776369,Benign,0.8729,pathogenic,https://doi.org/10.1101/2022.10.22.513328
E474D,1.34728,0.98129,0.5009633396191562,Neutral,Neutral,50.5,,,,mutations_clinvar,,True,50.5,,,,neutral,neutral,neutral,DOWN,neutral,neutral,neutral,1772295,Uncertain significance,1,98.52,E,0.0734,3.0028,-5.8867,gain_of_function,-0.975245431192194,0.038921563949289,Benign,0.7739,pathogenic,https://doi.org/10.1101/2022.10.22.513328
E474K,-0.40246,0.52279,0.2080598007104522,Neutral,Neutral,50.5,,,,cBioPortal,,True,50.5,,,,neutral,neutral,neutral,UP,neutral,neutral,neutral,,,,98.52,E,0.012,3.0028,-6.8867,gain_of_function,-2.67525051392782,0.1290860197535024,Benign,0.97,pathogenic,https://doi.org/10.1101/2022.10.22.513328
L475F,4.14597,-0.01599,2.283769999115828,Uncertain,Uncertain,0.0,,4.01706449e-06,0.529,"cBioPortal,COSMIC,mutations_clinvar",,True,0.0,,,,neutral,neutral,neutral,UP,neutral,neutral,neutral,1772366,Uncertain significance,1,98.38,E,-0.1099,1.7671,-6.4676,loss_of_function,-2.81812170190442,0.0448664464170062,Benign,0.6544,pathogenic,https://doi.org/10.1101/2022.10.22.513328
L475V,1.69788,0.92891,1.6614527362321343,Neutral,Neutral,0.0,,,0.323,COSMIC,,True,0.0,,,,neutral,neutral,neutral,DOWN,neutral,neutral,neutral,,,,98.38,E,-0.069,1.7671,-2.9758,loss_of_function,-1.32268025642401,0.0052264408576182,Benign,0.106,benign,https://doi.org/10.1101/2022.10.22.513328
E476K,-0.52652,1.47551,0.5027873446680011,Neutral,Neutral,28.3,,,0.508,COSMIC,,True,28.3,,,,neutral,neutral,neutral,UP,neutral,neutral,neutral,,,,98.48,E,0.0371,3.1056,-3.8115,gain_of_function,-2.15690148634023,0.1758540044171334,Benign,0.9388,pathogenic,https://doi.org/10.1101/2022.10.22.513328
E476Q,-0.2459,0.83401,0.2931892181834983,Neutral,Neutral,28.3,,,,COSMIC,,True,28.3,,,,neutral,neutral,neutral,UP,neutral,neutral,neutral,,,,98.48,E,0.0812,3.1056,-4.8704,gain_of_function,-1.80203218399063,0.2521072838905124,Benign,0.4514,ambiguous,https://doi.org/10.1101/2022.10.22.513328
D478N,0.17844,-0.0449,0.903996069947444,Neutral,Neutral,19.0,,,0.264,cBioPortal,,True,19.0,,,,neutral,neutral,neutral,-,uncertain,uncertain,uncertain,,,,95.65,-,0.0665,3.2192,-5.4553,gain_of_function,-0.251314442568065,0.1747775373089229,Benign,0.2244,benign,https://doi.org/10.1101/2022.10.22.513328
D478Y,-0.59262,-0.43673,0.3250883768868967,Neutral,Neutral,19.0,,,,mutations_clinvar,,True,19.0,,,,neutral,neutral,neutral,UP,neutral,neutral,stabilizing,645595,Uncertain significance,1,95.65,-,-0.0153,3.2192,-6.1334,loss_of_function,-2.03271924240296,0.1189421303135599,Benign,0.5986,pathogenic,https://doi.org/10.1101/2022.10.22.513328
W479C,0.7024,1.77143,2.157182916173829,Neutral,Uncertain,61.6,,,0.326,cBioPortal,,True,61.6,,,,neutral,neutral,neutral,DOWN,neutral,neutral,destabilizing,,,,92.64,-,-0.0888,3.6726,-5.4429,loss_of_function,0.0521053222776092,0.0045291969809536,Benign,0.1875,benign,https://doi.org/10.1101/2022.10.22.513328
F480L,1.92781,2.58844,2.3303270645071006,Uncertain,Uncertain,17.7,,,,mutations_clinvar,,True,17.7,,,,neutral,neutral,neutral,DOWN,neutral,neutral,mixed_effects,1772656,Likely benign,1,92.87,-,-0.045,2.4164,-4.9876,loss_of_function,-0.334373396076078,0.0412916762567631,Benign,0.9756,pathogenic,https://doi.org/10.1101/2022.10.22.513328
S481G,-1.07761,-0.61088,0.2410752181221209,Neutral,Neutral,88.4,,,0.285,COSMIC,,True,88.4,,,,uncertain,,,DOWN,neutral,neutral,neutral,,,,89.57,S,0.0932,3.0732,-2.6329,gain_of_function,-0.323073401284171,0.0077217735173892,Benign,0.0573,benign,https://doi.org/10.1101/2022.10.22.513328
S481I,2.94118,4.66871,0.4796285003668638,Uncertain,Uncertain,88.4,,,0.574,COSMIC,,True,88.4,,,,uncertain,,,UP,neutral,neutral,stabilizing,,,,89.57,S,-0.0105,3.0732,-8.8422,loss_of_function,-1.49070075508489,0.1055108735373774,Benign,0.2902,benign,https://doi.org/10.1101/2022.10.22.513328
S482T,1.23126,0.12381,0.1084998127180825,Neutral,Neutral,11.1,,,,mutations_clinvar,,True,11.1,,,,neutral,,,UP,neutral,neutral,stabilizing,1772793,Uncertain significance,1,90.98,S,0.1325,3.4322,-5.0224,gain_of_function,-0.837850415372489,0.0085001757353824,Benign,0.0728,benign,https://doi.org/10.1101/2022.10.22.513328
V483A,0.8248,1.58776,0.822563815126017,Neutral,Neutral,45.9,,,,mutations_clinvar,,True,45.9,,,,neutral,neutral,neutral,DOWN,neutral,neutral,neutral,957162,Uncertain significance,1,94.54,-,0.049,3.3777,-4.7612,gain_of_function,0.0439657491921826,0.0026598504830756,Benign,0.0814,benign,https://doi.org/10.1101/2022.10.22.513328
V483L,-0.45124,0.17347,-0.0599959742298761,Neutral,Neutral,45.9,,,,mutations_clinvar,,True,45.9,,,,neutral,neutral,neutral,UP,neutral,neutral,stabilizing,653249,Uncertain significance,1,94.54,-,0.0589,3.3777,-2.6989,gain_of_function,-0.119176621547579,0.0064289961455966,Benign,0.1104,benign,https://doi.org/10.1101/2022.10.22.513328
V483M,-0.14353,1.18639,0.3680677017496814,Neutral,Neutral,45.9,,,,mutations_clinvar,,True,45.9,,,,neutral,neutral,neutral,UP,neutral,neutral,stabilizing,2453432,Uncertain significance,1,94.54,-,0.0287,3.3777,-6.8486,gain_of_function,-0.297134043598862,0.0225089599583396,Benign,0.0817,benign,https://doi.org/10.1101/2022.10.22.513328
V484A,3.2528,3.02177,2.822756651327976,Destabilizing,Uncertain,2.8,,,,mutations_clinvar,,True,2.8,,,,neutral,neutral,neutral,DOWN,neutral,neutral,neutral,1772966,Uncertain significance,1,97.01,E,-0.1193,1.7193,-7.8454,loss_of_function,-3.08716582410738,0.4940123869774794,Uncertain,0.8588,pathogenic,https://doi.org/10.1101/2022.10.22.513328
V484I,-0.28431,0.47313,0.2719681496838261,Neutral,Neutral,2.8,,,,mutations_clinvar,,True,2.8,,,,neutral,neutral,neutral,UP,neutral,neutral,stabilizing,1304195,Uncertain significance,1,97.01,E,-0.0207,1.7193,-1.1451,loss_of_function,-0.0487915151920553,0.0402466059742936,Benign,0.1092,benign,https://doi.org/10.1101/2022.10.22.513328
K485T,1.27648,-0.43435,0.3448071185132428,Neutral,Neutral,43.1,,,,mutations_clinvar,,True,43.1,,,,neutral,neutral,neutral,DOWN,neutral,neutral,neutral,1773011,Uncertain significance,1,97.65,E,0.065,3.5235,-5.5236,gain_of_function,-0.736178115558474,0.0042605201690458,Benign,0.2833,benign,https://doi.org/10.1101/2022.10.22.513328
P487Q,5.46461,2.86871,1.9233555173831192,Uncertain,Uncertain,3.9,,,0.772,COSMIC,,True,3.9,,,,neutral,neutral,neutral,UP,neutral,neutral,stabilizing,,,,97.54,-,-0.3169,0.4201,-22.1395,loss_of_function,-3.78380242109883,0.3996490631870242,Uncertain,0.9883,pathogenic,https://doi.org/10.1101/2022.10.22.513328
D488V,6.25111,2.15952,1.0580364014224015,Uncertain,Uncertain,77.9,,,0.516,COSMIC,,True,77.9,,,,neutral,neutral,neutral,UP,neutral,neutral,stabilizing,,,,95.61,-,-0.0173,3.2401,-6.5014,loss_of_function,-1.4602607173405,0.0333503409921747,Benign,0.3093,benign,https://doi.org/10.1101/2022.10.22.513328
M489I,1.43391,0.90306,0.3435971404668198,Neutral,Neutral,36.1,,,0.251,"COSMIC,mutations_clinvar",,True,36.1,,,,neutral,neutral,neutral,-,uncertain,uncertain,uncertain,1360478,Uncertain significance,1,95.83,H,0.1044,3.5601,-3.4594,gain_of_function,-1.27097285689525,0.008769882259098,Benign,0.1862,benign,https://doi.org/10.1101/2022.10.22.513328
M489T,2.62266,1.35952,1.124912627446454,Uncertain,Uncertain,36.1,,,,mutations_clinvar,,True,36.1,,,,neutral,neutral,neutral,DOWN,neutral,neutral,neutral,1773265,Uncertain significance,1,95.83,H,0.0414,3.5601,-5.2668,gain_of_function,-0.28725889452447,0.0039104437541201,Benign,0.136,benign,https://doi.org/10.1101/2022.10.22.513328
M489V,2.48742,1.0102,0.6336999521776804,Uncertain,Uncertain,36.1,,,,mutations_clinvar,,True,36.1,,,,neutral,neutral,neutral,DOWN,neutral,neutral,neutral,1439027,Uncertain significance,1,95.83,H,0.0679,3.5601,-4.3408,gain_of_function,-1.31893709169561,0.006405130052989,Benign,0.0734,benign,https://doi.org/10.1101/2022.10.22.513328
I492M,-0.2254,2.17755,1.435388003433508,Uncertain,Neutral,3.1,,,,mutations_clinvar,,True,3.1,,,,neutral,neutral,neutral,-,uncertain,uncertain,uncertain,965858,Uncertain significance,1,97.72,H,-0.0325,2.0865,-4.0839,loss_of_function,-1.09863150700994,0.0398554094652515,Benign,0.1728,benign,https://doi.org/10.1101/2022.10.22.513328
E493G,1.40043,0.82993,1.6903886930654513,Neutral,Neutral,35.0,,,0.574,cBioPortal,,True,35.0,,,,neutral,neutral,neutral,DOWN,neutral,neutral,neutral,,,,96.92,H,0.0203,3.177,-7.6617,gain_of_function,-1.97783213441463,0.0840715753178384,Benign,0.4225,ambiguous,https://doi.org/10.1101/2022.10.22.513328
E493K,-0.23278,-0.33469,0.950040036128462,Neutral,Neutral,35.0,,,0.431,"cBioPortal,COSMIC",,True,35.0,,,,neutral,neutral,neutral,UP,neutral,neutral,neutral,,,,96.92,H,0.0378,3.177,-4.9613,gain_of_function,-1.326564484591,0.0164651584108114,Benign,0.3975,ambiguous,https://doi.org/10.1101/2022.10.22.513328
E494D,0.29651,0.4398,0.3904096635966225,Neutral,Neutral,91.7,,,,mutations_clinvar,,True,91.7,,,,neutral,neutral,neutral,DOWN,neutral,neutral,neutral,2447333,Uncertain significance,1,96.55,H,0.0562,2.6799,-3.4386,gain_of_function,-0.0287764783704765,0.0092092794789508,Benign,0.0705,benign,https://doi.org/10.1101/2022.10.22.513328
E494G,0.7788,0.73197,0.8425599108824396,Neutral,Neutral,91.7,,,,mutations_clinvar,,True,91.7,,,,neutral,neutral,neutral,DOWN,neutral,neutral,neutral,403908,Uncertain significance,1,96.55,H,-0.0307,2.6799,-8.6864,loss_of_function,-0.445356854877655,0.0545613071371063,Benign,0.2758,benign,https://doi.org/10.1101/2022.10.22.513328
E494K,-0.0539,-0.19796,-0.040075475775449,Neutral,Neutral,91.7,,,0.249,"cBioPortal,COSMIC",,True,91.7,,,,neutral,neutral,neutral,UP,neutral,neutral,neutral,,,,96.55,H,-0.0032,2.6799,-4.0426,loss_of_function,-1.31114598875112,0.0495790076839052,Benign,0.4503,ambiguous,https://doi.org/10.1101/2022.10.22.513328
E494Q,-0.27636,-0.06361,0.1881072624699392,Neutral,Neutral,91.7,,,,mutations_clinvar,,True,91.7,,,,neutral,neutral,neutral,UP,neutral,neutral,neutral,2106618,Uncertain significance,1,96.55,H,0.0466,2.6799,-3.9861,gain_of_function,-0.747515675675016,0.0089585580082252,Benign,0.2413,benign,https://doi.org/10.1101/2022.10.22.513328
E494V,0.40901,-0.19218,-0.1842198890776525,Neutral,Neutral,91.7,,,0.328,"cBioPortal,COSMIC",,True,91.7,,,,neutral,neutral,neutral,-,uncertain,uncertain,uncertain,,,,96.55,H,-0.0181,2.6799,-8.6864,loss_of_function,-1.44925792847587,0.0816220116378124,Benign,0.4954,ambiguous,https://doi.org/10.1101/2022.10.22.513328
H495L,-0.38698,0.18776,0.2139570012196306,Neutral,Neutral,12.8,,,0.456,"cBioPortal,COSMIC",,False,12.8,,,,neutral,neutral,neutral,UP,neutral,neutral,neutral,,,,96.59,H,-0.0023,2.7608,-4.506,loss_of_function,-1.00498898043013,0.0014172256702683,Benign,0.4342,ambiguous,https://doi.org/10.1101/2022.10.22.513328
H495R,1.32168,0.65,0.5092628093058627,Neutral,Neutral,12.8,,,0.445,cBioPortal,,False,12.8,,,,neutral,neutral,neutral,UP,neutral,neutral,neutral,,,,96.59,H,0.0017,2.7608,-6.354,gain_of_function,-1.41403021339556,0.0216948885492635,Benign,0.5827,pathogenic,https://doi.org/10.1101/2022.10.22.513328
H495Y,-1.60846,0.48878,-0.082384156215563,Neutral,Neutral,12.8,,,0.287,"cBioPortal,COSMIC",,False,12.8,,,,neutral,neutral,neutral,UP,neutral,neutral,neutral,,,,96.59,H,0.0875,2.7608,-2.1841,gain_of_function,-0.783363491975073,0.0015317539356594,Benign,0.1559,benign,https://doi.org/10.1101/2022.10.22.513328
A496V,3.99041,2.01701,1.2589321832990925,Uncertain,Uncertain,3.1,,,0.291,"cBioPortal,COSMIC",,False,3.1,,,,neutral,neutral,neutral,UP,neutral,neutral,neutral,,,,95.26,H,-0.045,1.8829,-4.5885,loss_of_function,-0.722092523524563,0.0928083939979462,Benign,0.8361,pathogenic,https://doi.org/10.1101/2022.10.22.513328
N497H,-0.02423,0.0381,-0.2886525883716062,Neutral,Neutral,89.3,,,,mutations_clinvar,,False,89.3,,,,neutral,neutral,neutral,UP,neutral,neutral,neutral,526640,Uncertain significance,2,93.11,H,0.0655,3.4236,-5.7083,gain_of_function,-1.00277685337883,0.0073572046879746,Benign,0.1372,benign,https://doi.org/10.1101/2022.10.22.513328
N497S,-0.0413,0.13197,0.2552066505775069,Neutral,Neutral,89.3,,1.6034763367e-05,0.119,"COSMIC,mutations_clinvar",,False,89.3,,,,neutral,neutral,neutral,DOWN,neutral,neutral,neutral,246681,Uncertain significance,1,93.11,H,0.1071,3.4236,-4.4282,gain_of_function,-0.15540212203322,0.0072617168017824,Benign,0.0832,benign,https://doi.org/10.1101/2022.10.22.513328
N497Y,-0.17964,-0.26054,-0.3654704437750439,Neutral,Neutral,89.3,,,0.440,COSMIC,,False,89.3,,,,neutral,neutral,neutral,UP,neutral,neutral,neutral,,,,93.11,H,0.0235,3.4236,-6.9307,gain_of_function,-1.52353788428567,0.0152062428874349,Benign,0.1963,benign,https://doi.org/10.1101/2022.10.22.513328
W498C,0.92547,1.38571,2.687652525197858,Neutral,Uncertain,62.6,,,,mutations_clinvar,,False,62.6,,,,neutral,neutral,neutral,DOWN,neutral,neutral,neutral,936426,Uncertain significance,1,93.74,H,-0.1339,3.3431,-8.3397,loss_of_function,-0.193196357773504,0.0615845913079937,Benign,0.681,pathogenic,https://doi.org/10.1101/2022.10.22.513328
S499C,0.21508,-0.57789,-0.4891241288171299,Neutral,Neutral,0.0,,,0.132,"cBioPortal,mutations_clinvar",,False,0.0,,,,uncertain,,,UP,neutral,neutral,neutral,1450269,Uncertain significance,2,90.35,H,0.0942,3.6901,-5.4594,gain_of_function,-0.196745828432964,,,0.065,benign,https://doi.org/10.1101/2022.10.22.513328
S499F,2.50596,0.27109,-0.1534923797453569,Uncertain,Uncertain,0.0,,,0.144,"cBioPortal,COSMIC",,False,0.0,,,,uncertain,,,UP,neutral,neutral,neutral,,,,90.35,H,0.0696,3.6901,-4.8745,gain_of_function,-0.286027076341118,,,0.3157,benign,https://doi.org/10.1101/2022.10.22.513328
S499T,0.25475,-0.39184,-0.6172222641524228,Neutral,Neutral,0.0,,,,mutations_clinvar,,False,0.0,,,,neutral,,,UP,neutral,neutral,neutral,1773885,Uncertain significance,1,90.35,H,0.1632,3.6901,-3.6521,gain_of_function,-0.0043185007109067,,,0.0669,benign,https://doi.org/10.1101/2022.10.22.513328
V500L,-0.84326,-0.36531,-0.0494964807543069,Neutral,Neutral,51.0,,,,mutations_clinvar,,False,51.0,,,,neutral,neutral,neutral,UP,neutral,neutral,neutral,"1773928, 1773927","Uncertain significance, Uncertain significance","1, 1",85.14,H,0.0602,3.4741,-4.1779,gain_of_function,-0.0325606384834348,,,0.1064,benign,https://doi.org/10.1101/2022.10.22.513328
S501T,0.22511,-0.16088,-0.2745803142413561,Neutral,Neutral,79.2,,,,mutations_clinvar,,False,79.2,,,,neutral,,,UP,neutral,neutral,neutral,864310,Uncertain significance,2,84.66,H,0.1196,3.2703,-4.6361,gain_of_function,-0.574970244216815,,,0.1411,benign,https://doi.org/10.1101/2022.10.22.513328
R502G,2.01768,2.12347,1.7981269171107188,Uncertain,Uncertain,47.8,,,,mutations_clinvar,,False,47.8,,,,neutral,neutral,neutral,DOWN,neutral,neutral,neutral,1774060,Uncertain significance,1,83.31,H,-0.0624,3.2515,-5.8437,loss_of_function,-1.10188311650244,,,0.5946,pathogenic,https://doi.org/10.1101/2022.10.22.513328
R502Q,-0.19074,1.0051,0.7482775047162316,Neutral,Neutral,47.8,3.18572793883e-05,4.009108695e-06,0.308,"COSMIC,mutations_clinvar",,False,47.8,,,,neutral,neutral,neutral,DOWN,neutral,neutral,neutral,1428224,Uncertain significance,1,83.31,H,0.0039,3.2515,-4.7442,gain_of_function,-0.702148760245941,,,0.2077,benign,https://doi.org/10.1101/2022.10.22.513328
E503K,0.00881,2.43605,0.8840133186524265,Uncertain,Neutral,18.0,,,0.318,"cBioPortal,COSMIC",,False,18.0,,,,neutral,neutral,neutral,UP,neutral,neutral,neutral,,,,79.79,H,0.0,2.7493,-4.6546,neutral,-1.60872154490298,,,0.7526,pathogenic,https://doi.org/10.1101/2022.10.22.513328
F506C,1.36829,0.84966,2.168382405366991,Neutral,Uncertain,40.7,,,0.325,cBioPortal,,False,40.7,,,,neutral,neutral,neutral,DOWN,neutral,neutral,destabilizing,,,,61.32,S,0.0086,3.7021,-5.5038,gain_of_function,-0.100815861461731,,,0.2075,benign,https://doi.org/10.1101/2022.10.22.513328
Y508C,0.43493,2.56327,0.6706075227728916,Uncertain,Neutral,95.1,,,,mutations_clinvar,P,False,95.1,-0.692,,,damaging,neutral,uncertain,DOWN,neutral,neutral,neutral,1774472,Uncertain significance,1,56.87,H,0.0051,3.7312,-5.6805,gain_of_function,-0.308086138599692,,,0.1283,benign,https://doi.org/10.1101/2022.10.22.513328
S509F,-0.32473,-0.01735,-0.133224937964379,Neutral,Neutral,95.2,,,0.252,"cBioPortal,COSMIC",P,False,95.2,-0.59,,,damaging,neutral,uncertain,UP,neutral,neutral,neutral,,,,58.82,H,0.0264,3.4233,-8.5312,gain_of_function,-0.225559399149637,,,0.1727,benign,https://doi.org/10.1101/2022.10.22.513328
S509T,0.00877,-0.41395,0.1321035209305193,Neutral,Neutral,95.2,,,,mutations_clinvar,P,False,95.2,-0.59,,,neutral,neutral,uncertain,UP,neutral,neutral,neutral,1360248,Uncertain significance,1,58.82,H,0.1321,3.4233,-4.9464,gain_of_function,-0.0401023861356125,,,0.0712,benign,https://doi.org/10.1101/2022.10.22.513328
S509Y,-0.22209,-0.19252,-0.1331076543025061,Neutral,Neutral,95.2,,,0.237,cBioPortal,P,False,95.2,-0.59,,,uncertain,neutral,uncertain,UP,neutral,neutral,neutral,,,,58.82,H,0.0318,3.4233,-6.5314,gain_of_function,-0.729443843917509,,,0.1856,benign,https://doi.org/10.1101/2022.10.22.513328
H510N,0.20617,0.15544,0.3313196567724596,Neutral,Neutral,61.4,3.1849162367e-05,2.00695208201e-05,0.133,"cBioPortal,COSMIC,mutations_clinvar",,False,61.4,,,,neutral,neutral,neutral,DOWN,neutral,neutral,neutral,456529,Uncertain significance,2,59.2,H,0.1214,3.6601,-4.9228,gain_of_function,-0.226317409331978,,,0.0669,benign,https://doi.org/10.1101/2022.10.22.513328
H510Q,-0.76214,-0.06701,0.4171390412328685,Neutral,Neutral,61.4,,,,mutations_clinvar,,False,61.4,,,,neutral,neutral,neutral,DOWN,neutral,neutral,neutral,1774610,Uncertain significance,1,59.2,H,0.1599,3.6601,-4.9228,gain_of_function,-0.0277431345886817,,,0.0988,benign,https://doi.org/10.1101/2022.10.22.513328
H510Y,-0.62066,-0.72211,-0.1824606200907352,Neutral,Neutral,61.4,,,,mutations_clinvar,,False,61.4,,,,neutral,neutral,neutral,UP,neutral,neutral,neutral,1774553,Uncertain significance,1,59.2,H,0.1512,3.6601,-5.9228,gain_of_function,-0.0021173515657541,,,0.0871,benign,https://doi.org/10.1101/2022.10.22.513328
A511T,-0.26891,0.83435,0.6342521973963194,Neutral,Neutral,13.4,,4.0157094554e-06,0.060,"cBioPortal,COSMIC,mutations_clinvar",,False,13.4,,,,neutral,neutral,neutral,UP,neutral,neutral,neutral,2037754,Uncertain significance,1,58.98,H,0.1386,3.8724,-3.9149,gain_of_function,-0.0003728511991062,,,0.067,benign,https://doi.org/10.1101/2022.10.22.513328
G512A,0.3063,-0.56939,0.1028275194151401,Neutral,Neutral,108.1,,,,mutations_clinvar,,False,108.1,,,,neutral,neutral,neutral,UP,neutral,neutral,neutral,1377039,Uncertain significance,2,60.93,T,-0.056,2.5699,-4.3654,loss_of_function,-0.310799166681591,,,0.1263,benign,https://doi.org/10.1101/2022.10.22.513328
G512E,0.17793,0.17959,0.1732030752643837,Neutral,Neutral,108.1,,,0.293,COSMIC,,False,108.1,,,,neutral,neutral,neutral,UP,neutral,neutral,neutral,,,,60.93,T,-0.1164,2.5699,-4.5353,loss_of_function,-0.922764455809808,,,0.4722,ambiguous,https://doi.org/10.1101/2022.10.22.513328
G512R,-0.06361,-1.33061,-0.5493959268945975,Neutral,Neutral,108.1,,,0.275,"cBioPortal,COSMIC",,False,108.1,,,,neutral,neutral,neutral,UP,neutral,neutral,neutral,,,,60.93,T,-0.1457,2.5699,-6.9503,loss_of_function,-1.14189104979148,,,0.6249,pathogenic,https://doi.org/10.1101/2022.10.22.513328
S514R,-1.61686,0.22143,-0.2096934419014101,Neutral,Neutral,50.2,,,,mutations_clinvar,,False,50.2,,,,uncertain,,,UP,neutral,neutral,stabilizing,1420012,Uncertain significance,1,74.3,-,0.0435,3.5537,-4.4374,gain_of_function,-0.934363037024907,,,0.8473,pathogenic,https://doi.org/10.1101/2022.10.22.513328
N515D,0.45567,0.31293,0.001456047482507,Neutral,Neutral,101.2,,,0.181,COSMIC,,False,101.2,,,,neutral,neutral,neutral,-,uncertain,uncertain,uncertain,,,,80.13,T,0.0927,3.6083,-4.0539,gain_of_function,-0.49716926322452,,,0.202,benign,https://doi.org/10.1101/2022.10.22.513328
N515K,-0.05056,0.65646,-0.0818130555303414,Neutral,Neutral,101.2,,,0.128,COSMIC,,False,101.2,,,,neutral,neutral,neutral,UP,neutral,neutral,stabilizing,,,,80.13,T,0.0947,3.6083,-3.6705,gain_of_function,-0.28568569718393,,,0.3668,ambiguous,https://doi.org/10.1101/2022.10.22.513328
N515S,-0.60801,-0.11599,0.1766592020019169,Neutral,Neutral,101.2,,5.51445635944e-05,0.141,"COSMIC,mutations_clinvar",,False,101.2,,,,neutral,neutral,neutral,DOWN,neutral,neutral,destabilizing,403903,Uncertain significance,1,80.13,T,0.1314,3.6083,-2.9925,gain_of_function,-0.0552369559218071,,,0.0553,benign,https://doi.org/10.1101/2022.10.22.513328
R516G,5.09168,3.38299,2.7697545217393302,Destabilizing,Uncertain,11.6,,,0.350,cBioPortal,,False,11.6,,,,neutral,neutral,neutral,DOWN,neutral,neutral,neutral,,,,86.45,T,-0.074,3.1663,-6.5812,loss_of_function,-2.65970641044908,,,0.616,pathogenic,https://doi.org/10.1101/2022.10.22.513328
R516K,3.56792,1.80204,1.6951693974855864,Uncertain,Uncertain,11.6,,,0.305,COSMIC,,False,11.6,,,,neutral,neutral,neutral,-,uncertain,uncertain,uncertain,,,,86.45,T,0.0833,3.1663,-4.1889,gain_of_function,-1.2269562181355,,,0.2591,benign,https://doi.org/10.1101/2022.10.22.513328
A518G,0.758,1.49218,1.292867873681662,Neutral,Neutral,17.8,,,0.160,"COSMIC,mutations_clinvar",,False,17.8,,,,neutral,neutral,neutral,DOWN,neutral,neutral,neutral,847139,Uncertain significance,1,66.76,-,0.067,3.291,-2.9794,gain_of_function,-1.24758100455054,,,0.1316,benign,https://doi.org/10.1101/2022.10.22.513328
R519G,1.50813,0.43878,2.266282110012571,Neutral,Uncertain,32.2,,,0.339,"cBioPortal,COSMIC",,False,32.2,,,,neutral,neutral,neutral,DOWN,neutral,neutral,destabilizing,,,,65.46,-,-0.0616,3.3434,-7.3398,loss_of_function,-1.37604445244769,,,0.2663,benign,https://doi.org/10.1101/2022.10.22.513328
R519T,1.99574,-0.03027,1.2330611109838523,Neutral,Neutral,32.2,,,0.255,COSMIC,,False,32.2,,,,neutral,neutral,neutral,DOWN,neutral,neutral,destabilizing,,,,65.46,-,-0.02,3.3434,-5.1699,loss_of_function,-0.72910411918328,,,0.3332,benign,https://doi.org/10.1101/2022.10.22.513328
D520N,-0.04029,0.51973,-0.0970413213619725,Neutral,Neutral,125.3,,,0.148,COSMIC,,False,125.3,,,,neutral,neutral,neutral,-,uncertain,uncertain,uncertain,,,,61.69,T,0.0634,3.0768,-3.4819,gain_of_function,-1.08869900540111,,,0.1747,benign,https://doi.org/10.1101/2022.10.22.513328
D520V,0.34384,1.06667,0.1697269198346518,Neutral,Neutral,125.3,,,0.357,"cBioPortal,COSMIC",,False,125.3,,,,neutral,neutral,neutral,UP,neutral,neutral,neutral,,,,61.69,T,-0.0223,3.0768,-4.5325,loss_of_function,-1.19084037847172,,,0.3417,ambiguous,https://doi.org/10.1101/2022.10.22.513328
N521S,0.1339,0.1534,0.5303986256705564,Neutral,Neutral,119.0,,,0.101,COSMIC,,False,119.0,,,,neutral,neutral,neutral,DOWN,neutral,neutral,neutral,,,,61.86,T,0.1354,3.6141,-2.3086,gain_of_function,-0.0482338473251163,0.001706268303166,Benign,0.0586,benign,https://doi.org/10.1101/2022.10.22.513328
E522A,0.4908,1.02687,0.0722958780643212,Neutral,Neutral,66.4,,,0.128,"cBioPortal,COSMIC",,False,66.4,,,,neutral,neutral,neutral,DOWN,neutral,neutral,destabilizing,,,,68.76,-,0.0979,3.5428,-4.1052,gain_of_function,-0.0212758282447393,0.0079633213573473,Benign,0.0947,benign,https://doi.org/10.1101/2022.10.22.513328
E522G,0.75279,1.97279,0.7335044526030504,Neutral,Neutral,66.4,,,0.163,COSMIC,,False,66.4,,,,neutral,neutral,neutral,DOWN,neutral,neutral,destabilizing,,,,68.76,-,0.0658,3.5428,-5.3531,gain_of_function,-0.329949022585976,0.0350753719744622,Benign,0.1048,benign,https://doi.org/10.1101/2022.10.22.513328
E522K,0.27902,0.92075,-0.0339445801916155,Neutral,Neutral,66.4,,,0.192,"cBioPortal,COSMIC",,False,66.4,,,,neutral,neutral,neutral,UP,neutral,neutral,neutral,,,,68.76,-,0.0674,3.5428,-5.7682,gain_of_function,-0.368776932238266,0.0161553440341025,Benign,0.159,benign,https://doi.org/10.1101/2022.10.22.513328
L523F,1.70708,0.23946,1.1594647673896477,Neutral,Neutral,23.5,3.1887755102e-05,4.0583756757e-06,0.183,"cBioPortal,mutations_clinvar",,False,23.5,,,,neutral,neutral,neutral,UP,neutral,neutral,neutral,1775427,Uncertain significance,2,79.87,-,0.0243,3.2144,-6.2668,gain_of_function,-0.469519955377368,0.0207895602016631,Benign,0.1882,benign,https://doi.org/10.1101/2022.10.22.513328
L523I,0.73987,0.58776,0.9188842757328364,Neutral,Neutral,23.5,,,0.188,COSMIC,,False,23.5,,,,neutral,neutral,neutral,-,uncertain,uncertain,uncertain,,,,79.87,-,0.0998,3.2144,-3.0969,gain_of_function,-0.0640023190363692,0.0012697467677702,Benign,0.0919,benign,https://doi.org/10.1101/2022.10.22.513328
L523S,3.01561,2.82789,3.240942600490403,Uncertain,Destabilizing,23.5,,,0.223,COSMIC,,False,23.5,,,,neutral,neutral,neutral,DOWN,neutral,neutral,mixed_effects,,,,79.87,-,-0.071,3.2144,-5.9448,loss_of_function,-0.82906364568358,0.0079992313980446,Benign,0.4156,ambiguous,https://doi.org/10.1101/2022.10.22.513328
R524K,0.37005,0.98435,-0.005645105299365,Neutral,Neutral,87.3,,,0.165,"COSMIC,mutations_clinvar",,False,87.3,,,,neutral,neutral,neutral,-,uncertain,uncertain,uncertain,132954,not provided,0,88.03,-,0.1029,3.3276,-3.273,gain_of_function,-0.266404109828573,0.0043689568403935,Benign,0.073,benign,https://doi.org/10.1101/2022.10.22.513328
R524M,0.72546,1.29218,0.2769413734020803,Neutral,Neutral,87.3,,,0.134,COSMIC,,False,87.3,,,,neutral,neutral,neutral,DOWN,neutral,neutral,neutral,,,,88.03,-,-0.0673,3.3276,-21.3156,loss_of_function,-0.0888220911918717,0.0089585580082252,Benign,0.1964,benign,https://doi.org/10.1101/2022.10.22.513328
E525K,1.05847,0.77381,0.4928347796726201,Neutral,Neutral,81.7,,,0.234,COSMIC,,False,81.7,,,,neutral,neutral,neutral,UP,neutral,neutral,neutral,,,,90.83,H,0.0654,3.3678,-3.0,gain_of_function,-0.230069558193668,0.0053609662201492,Benign,0.1772,benign,https://doi.org/10.1101/2022.10.22.513328
N526D,-0.49054,-0.0602,0.0651323765271838,Neutral,Neutral,101.3,,,0.083,COSMIC,,False,101.3,,,,neutral,neutral,neutral,-,uncertain,uncertain,uncertain,,,,92.48,H,0.084,3.5325,-4.3923,gain_of_function,-0.379143487766155,0.0101244755535357,Benign,0.1316,benign,https://doi.org/10.1101/2022.10.22.513328
N526K,-0.4776,-0.12279,-0.1337915646085175,Neutral,Neutral,101.3,,,0.056,cBioPortal,,False,101.3,,,,neutral,neutral,neutral,UP,neutral,neutral,neutral,,,,92.48,H,0.0879,3.5325,-3.6333,gain_of_function,-0.35721174262626,0.001901646289172,Benign,0.2031,benign,https://doi.org/10.1101/2022.10.22.513328
D527G,2.97055,4.41701,1.3313257029981995,Uncertain,Uncertain,22.9,,4.0442276738e-06,0.569,"cBioPortal,mutations_clinvar",,False,22.9,,,,neutral,neutral,neutral,DOWN,neutral,neutral,neutral,1059613,Uncertain significance,1,92.8,H,0.0,3.0413,-6.5597,neutral,-1.47177590577007,0.1824103817181689,Benign,0.4454,ambiguous,https://doi.org/10.1101/2022.10.22.513328
D527N,2.4411,2.23741,0.128144918782474,Uncertain,Uncertain,22.9,,,0.217,"cBioPortal,COSMIC",,False,22.9,,,,neutral,neutral,neutral,-,uncertain,uncertain,uncertain,,,,92.8,H,0.0526,3.0413,-4.9747,gain_of_function,-0.677370849697971,0.0368211525371539,Benign,0.2282,benign,https://doi.org/10.1101/2022.10.22.513328
E529D,0.39752,-0.08673,0.2876684391363182,Neutral,Neutral,84.3,,,,mutations_clinvar,,True,84.3,,,,neutral,neutral,neutral,DOWN,neutral,neutral,neutral,1775813,Uncertain significance,1,94.74,H,0.0431,2.5584,-3.8163,gain_of_function,-0.122589731157856,0.0091433774002653,Benign,0.0931,benign,https://doi.org/10.1101/2022.10.22.513328
E529G,1.04691,0.56327,1.074762808162686,Neutral,Neutral,84.3,,,0.443,cBioPortal,,True,84.3,,,,neutral,neutral,neutral,DOWN,neutral,neutral,neutral,,,,94.74,H,-0.0401,2.5584,-8.3397,loss_of_function,-2.38153780961633,0.0821710588458512,Benign,0.1756,benign,https://doi.org/10.1101/2022.10.22.513328
E529K,0.33898,-0.32551,0.1058055940886432,Neutral,Neutral,84.3,,,0.358,COSMIC,,True,84.3,,,,neutral,neutral,neutral,UP,neutral,neutral,neutral,,,,94.74,H,-0.0194,2.5584,-5.0179,loss_of_function,-0.954523577691411,0.0070226191070985,Benign,0.2691,benign,https://doi.org/10.1101/2022.10.22.513328
Q530K,-0.06276,-0.25816,0.1903852974448727,Neutral,Neutral,51.0,,,0.325,cBioPortal,,True,51.0,,,,neutral,neutral,neutral,UP,neutral,neutral,neutral,,,,95.89,H,0.0095,2.7029,-3.8447,gain_of_function,-1.79519488211451,0.0381612000881034,Benign,0.216,benign,https://doi.org/10.1101/2022.10.22.513328
Q530R,0.39097,-0.24116,-0.196481077976402,Neutral,Neutral,51.0,,,0.431,COSMIC,,True,51.0,,,,neutral,neutral,neutral,UP,neutral,neutral,neutral,,,,95.89,H,0.0054,2.7029,-4.9442,gain_of_function,-1.83423672521534,0.0328977252049761,Benign,0.2265,benign,https://doi.org/10.1101/2022.10.22.513328
L531P,6.98924,11.71361,8.434949229168364,Destabilizing,Destabilizing,0.0,,,0.940,COSMIC,,True,0.0,,,,neutral,neutral,neutral,DOWN,neutral,neutral,neutral,,,,96.4,H,-0.4258,0.8333,-22.1519,loss_of_function,-4.94451519394201,0.6898842637863429,Pathogenic,0.9961,pathogenic,https://doi.org/10.1101/2022.10.22.513328
L531V,3.24197,1.9619,1.9608014676633885,Uncertain,Uncertain,0.0,,,0.525,"cBioPortal,COSMIC",,True,0.0,,,,neutral,neutral,neutral,DOWN,neutral,neutral,neutral,,,,96.4,H,-0.1706,0.8333,-6.0568,loss_of_function,-1.52381998751231,0.0322879020755847,Benign,0.2763,benign,https://doi.org/10.1101/2022.10.22.513328
A533G,0.82658,1.0534,0.8433503464557207,Neutral,Neutral,69.2,,,,mutations_clinvar,,False,69.2,,,,neutral,neutral,neutral,DOWN,neutral,neutral,neutral,961663,Uncertain significance,2,95.54,H,-0.0179,2.5833,-6.858,loss_of_function,-1.6591534025888,0.0047821409815428,Benign,0.1069,benign,https://doi.org/10.1101/2022.10.22.513328
A533T,0.75363,0.17109,0.1503028914791015,Neutral,Neutral,69.2,,,,mutations_clinvar,,False,69.2,,,,neutral,neutral,neutral,UP,neutral,neutral,stabilizing,567019,Uncertain significance,1,95.54,H,0.0109,2.5833,-5.688,gain_of_function,-0.223592235917624,0.0049115499489347,Benign,0.0731,benign,https://doi.org/10.1101/2022.10.22.513328
A533V,0.51318,0.08639,-0.2252068752190639,Neutral,Neutral,69.2,,,0.198,COSMIC,,False,69.2,,,,neutral,neutral,neutral,UP,neutral,neutral,stabilizing,,,,95.54,H,0.0146,2.5833,-5.536,gain_of_function,-1.4699287981189,0.01889616689718,Benign,0.0831,benign,https://doi.org/10.1101/2022.10.22.513328
I534L,0.16328,0.51156,0.697555307416188,Neutral,Neutral,0.8,,,,mutations_clinvar,,False,0.8,,,,neutral,neutral,neutral,-,uncertain,uncertain,uncertain,2078400,Uncertain significance,1,96.57,H,-0.0724,1.4986,-2.4008,loss_of_function,-0.0214264133748453,0.0156553971025919,Benign,0.1041,benign,https://doi.org/10.1101/2022.10.22.513328
I534T,2.60976,2.04354,2.9248290055843693,Uncertain,Uncertain,0.8,,,0.635,COSMIC,,False,0.8,,,,neutral,neutral,neutral,DOWN,neutral,neutral,neutral,,,,96.57,H,-0.1599,1.4986,-5.4171,loss_of_function,-2.3954483271251,0.2993397203911123,Benign,0.7906,pathogenic,https://doi.org/10.1101/2022.10.22.513328
I534V,1.25532,0.92075,1.383516307831732,Neutral,Neutral,0.8,,,,mutations_clinvar,,False,0.8,,,,neutral,neutral,neutral,DOWN,neutral,neutral,neutral,1776169,Uncertain significance,1,96.57,H,-0.0425,1.4986,-4.353,loss_of_function,-0.085244413265022,0.0247631229578579,Benign,0.0791,benign,https://doi.org/10.1101/2022.10.22.513328
S535F,2.41447,-0.64626,-0.1699251958778541,Uncertain,Uncertain,5.0,,,0.202,"cBioPortal,COSMIC",,False,5.0,,,,uncertain,,,UP,neutral,neutral,stabilizing,,,,95.67,H,-0.0068,2.9944,-7.2946,loss_of_function,-1.43383782366626,0.0082295041914279,Benign,0.2803,benign,https://doi.org/10.1101/2022.10.22.513328
T536A,0.25536,0.59966,0.1970289946738607,Neutral,Neutral,84.8,,,0.220,"cBioPortal,COSMIC,mutations_clinvar",,False,84.8,,,,uncertain,,,DOWN,neutral,neutral,neutral,1776285,Uncertain significance,1,94.66,H,0.0147,2.7343,-5.414,gain_of_function,-0.111597926476948,0.0008801389771058,Benign,0.0575,benign,https://doi.org/10.1101/2022.10.22.513328
T536I,1.09923,0.45544,-0.0582501148434311,Neutral,Neutral,84.8,,,,COSMIC,,False,84.8,,,,uncertain,,,UP,neutral,neutral,stabilizing,,,,94.66,H,-0.0289,2.7343,-8.8733,loss_of_function,-1.40702130044979,0.0279775325040957,Benign,0.0958,benign,https://doi.org/10.1101/2022.10.22.513328
R537Q,1.35606,0.93027,1.1230217918551757,Neutral,Neutral,41.2,,,0.344,"cBioPortal,COSMIC,mutations_clinvar",,False,41.2,,,,neutral,neutral,neutral,DOWN,neutral,neutral,mixed_effects,1034256,Uncertain significance,1,96.21,S,-0.1421,1.7186,-5.7035,loss_of_function,-2.31896599727947,0.1297611632377407,Benign,0.3597,ambiguous,https://doi.org/10.1101/2022.10.22.513328
D538G,2.78487,3.05884,2.668612688426044,Uncertain,Uncertain,5.9,,,0.763,COSMIC,,False,5.9,,,,neutral,neutral,neutral,DOWN,neutral,neutral,neutral,,,,96.67,-,-0.1501,1.539,-8.8794,loss_of_function,-3.45157760583689,0.4965327102453674,Uncertain,0.9959,pathogenic,https://doi.org/10.1101/2022.10.22.513328
D538N,0.7823,1.1483,1.4929822945168136,Neutral,Neutral,5.9,,,0.675,"cBioPortal,COSMIC",,False,5.9,,,,neutral,neutral,neutral,-,uncertain,uncertain,uncertain,,,,96.67,-,-0.0924,1.539,-6.2946,loss_of_function,-0.371874413760316,0.2922373048613801,Benign,0.9812,pathogenic,https://doi.org/10.1101/2022.10.22.513328
D538Y,1.53442,0.51497,2.591885193499332,Neutral,Uncertain,5.9,,,0.855,"cBioPortal,COSMIC",,False,5.9,,,,neutral,neutral,neutral,UP,neutral,neutral,neutral,,,,96.67,-,-0.1839,1.539,-8.8794,loss_of_function,-3.10547354461622,0.9219760371149004,Pathogenic,0.9776,pathogenic,https://doi.org/10.1101/2022.10.22.513328
P539L,2.75471,0.56905,-1.162680135614586,Uncertain,Uncertain,5.6,,,0.890,COSMIC,,False,5.6,,,,neutral,neutral,neutral,UP,neutral,neutral,neutral,,,,96.16,T,-0.1024,2.0932,-6.2823,loss_of_function,-2.88185929534355,0.1425286739331575,Benign,0.9103,pathogenic,https://doi.org/10.1101/2022.10.22.513328
P539R,3.09037,2.41429,-0.485308860523162,Uncertain,Uncertain,5.6,,,0.893,"cBioPortal,COSMIC,mutations_clinvar",,False,5.6,,,,neutral,neutral,neutral,UP,neutral,neutral,neutral,376243,Likely pathogenic,1,96.16,T,-0.119,2.0932,-5.4078,loss_of_function,-2.5805139935996,0.0691792788642967,Benign,0.9692,pathogenic,https://doi.org/10.1101/2022.10.22.513328
P539S,2.79786,1.88776,0.8429715641265234,Uncertain,Uncertain,5.6,,,0.771,"cBioPortal,COSMIC,mutations_clinvar",,False,5.6,,,,neutral,neutral,neutral,DOWN,neutral,neutral,neutral,1312239,Uncertain significance,1,96.16,T,-0.0423,2.0932,-4.1124,loss_of_function,-1.44477321896063,0.046811172973853,Benign,0.7964,pathogenic,https://doi.org/10.1101/2022.10.22.513328
P539T,2.63531,1.50714,0.3476763605695904,Uncertain,Uncertain,5.6,,,0.894,COSMIC,,False,5.6,,,,neutral,neutral,neutral,-,uncertain,uncertain,uncertain,,,,96.16,T,-0.0736,2.0932,-7.8672,loss_of_function,-1.30964992262712,0.067102025737437,Benign,0.7898,pathogenic,https://doi.org/10.1101/2022.10.22.513328
L540F,2.67211,1.36531,1.9311512352905675,Uncertain,Uncertain,17.0,,,0.574,"cBioPortal,COSMIC",,True,17.0,,,,neutral,neutral,neutral,UP,neutral,neutral,neutral,,,,94.86,T,-0.0862,1.9815,-5.6973,loss_of_function,-2.63123645358568,0.2264257244472963,Benign,0.9432,pathogenic,https://doi.org/10.1101/2022.10.22.513328
L540I,1.24573,1.71701,1.419311287150287,Neutral,Neutral,17.0,,,0.394,COSMIC,,True,17.0,,,,neutral,neutral,neutral,-,uncertain,uncertain,uncertain,,,,94.86,T,-0.0222,1.9815,-4.7798,loss_of_function,-2.28739247403607,0.48389194869902,Uncertain,0.742,pathogenic,https://doi.org/10.1101/2022.10.22.513328
L540R,1.45049,2.55204,2.558867318821131,Uncertain,Uncertain,17.0,,,0.746,cBioPortal,,True,17.0,,,,neutral,neutral,neutral,UP,neutral,neutral,neutral,,,,94.86,T,-0.3169,1.9815,-22.155,loss_of_function,-4.31463838852195,0.7901216524740307,Pathogenic,0.9914,pathogenic,https://doi.org/10.1101/2022.10.22.513328
L540V,2.65149,1.56156,1.7805719078446949,Uncertain,Uncertain,17.0,,,0.454,"cBioPortal,mutations_clinvar",,True,17.0,,,,neutral,neutral,neutral,DOWN,neutral,neutral,destabilizing,1496185,Uncertain significance,1,94.86,T,-0.0675,1.9815,-6.5453,loss_of_function,-2.08989918996302,0.3077712199320963,Benign,0.7544,pathogenic,https://doi.org/10.1101/2022.10.22.513328
S541F,-2.44052,-0.21939,-0.9412531476506693,Uncertain,Uncertain,11.7,,,0.414,COSMIC,,True,11.7,,,,uncertain,,,UP,neutral,neutral,stabilizing,,,,94.49,S,-0.0137,2.8631,-6.2977,loss_of_function,-1.35081352061886,0.056218688822187,Benign,0.3954,ambiguous,https://doi.org/10.1101/2022.10.22.513328
S541P,4.45871,3.28367,4.525339171544576,Destabilizing,Destabilizing,11.7,,,0.655,COSMIC,,True,11.7,,,,uncertain,,,UP,neutral,neutral,stabilizing,,,,94.49,S,-0.1701,2.8631,-22.1704,loss_of_function,-2.40338684606303,0.2585280891392846,Benign,0.9902,pathogenic,https://doi.org/10.1101/2022.10.22.513328
S541T,0.50862,-0.12313,-0.2374658463096274,Neutral,Neutral,11.7,,,0.294,COSMIC,,True,11.7,,,,neutral,,,UP,neutral,neutral,stabilizing,,,,94.49,S,0.0933,2.8631,-2.4397,gain_of_function,-1.19324489495475,0.0425428655504242,Benign,0.2031,benign,https://doi.org/10.1101/2022.10.22.513328
S541Y,-2.02329,0.4551,-0.8049539301923697,Uncertain,Uncertain,11.7,,,0.249,COSMIC,,True,11.7,,,,uncertain,,,UP,neutral,neutral,stabilizing,,,,94.49,S,-0.0008,2.8631,-2.8166,loss_of_function,-0.306159995862106,0.0201321078532151,Benign,0.3173,benign,https://doi.org/10.1101/2022.10.22.513328
E542A,0.07746,0.40102,0.4190115347807394,Neutral,Neutral,107.0,,,0.638,"cBioPortal,COSMIC,mutations_clinvar",,True,107.0,,,,neutral,neutral,neutral,DOWN,neutral,neutral,mixed_effects,376473,Pathogenic/Likely pathogenic,0,90.77,-,-0.1142,1.5031,-8.8916,loss_of_function,-2.85708906095011,0.3308020343647496,Uncertain,0.8686,pathogenic,https://doi.org/10.1101/2022.10.22.513328
E542G,0.33704,1.15374,1.1658221265531683,Neutral,Neutral,107.0,,,0.547,"cBioPortal,COSMIC,mutations_clinvar",,True,107.0,,,,neutral,neutral,neutral,DOWN,neutral,neutral,mixed_effects,376475,Likely pathogenic,2,90.77,-,-0.14,1.5031,-8.8916,loss_of_function,-2.29657146816119,0.4607090916981921,Uncertain,0.8304,pathogenic,https://doi.org/10.1101/2022.10.22.513328
E542K,-0.32279,0.22993,0.2274408681504786,Neutral,Neutral,107.0,,,0.439,"cBioPortal,COSMIC,mutations_clinvar",,True,107.0,,,,neutral,neutral,neutral,UP,neutral,neutral,stabilizing,31944,Pathogenic,3,90.77,-,-0.1282,1.5031,-7.3068,loss_of_function,-2.71269419895575,0.0997509160897583,Benign,0.9409,pathogenic,https://doi.org/10.1101/2022.10.22.513328
E542Q,0.00046,0.18776,0.3216662633726447,Neutral,Neutral,107.0,,,0.318,"cBioPortal,COSMIC,mutations_clinvar",,True,107.0,,,,neutral,neutral,neutral,UP,neutral,neutral,stabilizing,376244,Pathogenic/Likely pathogenic,0,90.77,-,-0.0519,1.5031,-2.0716,loss_of_function,-1.84135964235094,0.1525839314762352,Benign,0.8153,pathogenic,https://doi.org/10.1101/2022.10.22.513328
E542R,-0.2533,0.44184,0.1782159919968307,Neutral,Neutral,107.0,,,,COSMIC,,True,107.0,,,,neutral,neutral,neutral,UP,neutral,neutral,stabilizing,,,,90.77,-,-0.1886,1.5031,-7.3068,loss_of_function,-2.5298251516385,0.2156062794593307,Benign,0.9354,pathogenic,https://doi.org/10.1101/2022.10.22.513328
E542V,0.03662,0.18912,-0.0394422506126795,Neutral,Neutral,107.0,,0.0,0.665,"cBioPortal,COSMIC,mutations_clinvar",,True,107.0,,,,neutral,neutral,neutral,-,uncertain,uncertain,uncertain,376474,Likely pathogenic,0,90.77,-,-0.1224,1.5031,-7.8917,loss_of_function,-2.56549954813869,0.2548849234147273,Benign,0.8856,pathogenic,https://doi.org/10.1101/2022.10.22.513328
I543F,1.71106,0.89116,1.388215379010867,Neutral,Neutral,5.8,,,0.494,COSMIC,,True,5.8,,,,neutral,neutral,neutral,UP,neutral,neutral,stabilizing,,,,93.32,-,-0.1125,1.928,-3.1639,loss_of_function,-2.0636871721419,0.0282329084936839,Benign,0.5373,ambiguous,https://doi.org/10.1101/2022.10.22.513328
I543N,3.0702,2.35918,2.5103971124854785,Uncertain,Uncertain,5.8,,,0.750,COSMIC,,True,5.8,,,,neutral,neutral,neutral,DOWN,neutral,neutral,destabilizing,,,,93.32,-,-0.2857,1.928,-22.1795,loss_of_function,-4.17444193288151,0.4438582715963,Uncertain,0.9293,pathogenic,https://doi.org/10.1101/2022.10.22.513328
I543V,1.00467,0.65578,0.8918018046128559,Neutral,Neutral,5.8,,,0.298,COSMIC,,True,5.8,,,,neutral,neutral,neutral,DOWN,neutral,neutral,destabilizing,,,,93.32,-,-0.0118,1.928,-6.0844,loss_of_function,-0.158357882166601,0.0270503289002187,Benign,0.1795,benign,https://doi.org/10.1101/2022.10.22.513328
T544I,2.62396,1.61701,-0.0110888762110561,Uncertain,Uncertain,67.3,,,0.456,COSMIC,,True,67.3,,,,uncertain,,,UP,neutral,neutral,stabilizing,,,,95.26,-,-0.0854,2.8585,-22.1856,loss_of_function,-2.36938898477343,0.0778211535020905,Benign,0.982,pathogenic,https://doi.org/10.1101/2022.10.22.513328
T544N,-0.69717,1.22483,0.1883085804792728,Neutral,Neutral,67.3,,,0.164,"cBioPortal,COSMIC,mutations_clinvar",,True,67.3,,,,uncertain,,,-,uncertain,uncertain,uncertain,1296990,Uncertain significance,3,95.26,-,-0.0422,2.8585,-7.8978,loss_of_function,-2.19859120199254,0.019209932588825,Benign,0.707,pathogenic,https://doi.org/10.1101/2022.10.22.513328
T544P,0.66714,1.55,3.984865267067479,Neutral,Uncertain,67.3,,,0.608,COSMIC,,True,67.3,,,,uncertain,,,-,uncertain,uncertain,uncertain,,,,95.26,-,-0.2238,2.8585,-22.1856,loss_of_function,-2.36031530158399,0.0359900618363522,Benign,0.7787,pathogenic,https://doi.org/10.1101/2022.10.22.513328
T544S,-0.48181,0.1551,0.4785716919893279,Neutral,Neutral,67.3,,,,mutations_clinvar,,True,67.3,,,,neutral,,,DOWN,neutral,neutral,neutral,1504953,Uncertain significance,1,95.26,-,0.0759,2.8585,-2.7686,gain_of_function,-0.26824387267209,0.0013438619293844,Benign,0.3047,benign,https://doi.org/10.1101/2022.10.22.513328
E545A,0.99802,0.93027,0.4045553428246473,Neutral,Neutral,76.4,,0.0,0.715,"cBioPortal,COSMIC,mutations_clinvar",,True,76.4,,,,neutral,neutral,neutral,DOWN,neutral,neutral,neutral,"222469, 13659","Pathogenic, Pathogenic","0, 1",94.27,H,-0.2527,0.7352,-22.1856,loss_of_function,-3.28218023116157,0.2378089407495305,Benign,0.9665,pathogenic,https://doi.org/10.1101/2022.10.22.513328
E545D,0.96301,0.6949,0.2359880508126599,Neutral,Neutral,76.4,,,0.356,"cBioPortal,COSMIC,mutations_clinvar",,True,76.4,,,,neutral,neutral,neutral,DOWN,neutral,neutral,neutral,"376245, 217293","Likely pathogenic, Pathogenic/Likely pathogenic","0, 2",94.27,H,-0.1235,0.7352,-3.5759,loss_of_function,-1.7337436790331,0.0325232714942698,Benign,0.8674,pathogenic,https://doi.org/10.1101/2022.10.22.513328
E545G,1.57773,1.69966,1.007427526964611,Neutral,Neutral,76.4,,0.0,0.737,"cBioPortal,COSMIC,mutations_clinvar",,True,76.4,,,,neutral,neutral,neutral,DOWN,neutral,neutral,neutral,13656,Pathogenic/Likely pathogenic,0,94.27,H,-0.2785,0.7352,-22.1856,loss_of_function,-4.48470171577367,0.3594682989064663,Uncertain,0.9385,pathogenic,https://doi.org/10.1101/2022.10.22.513328
E545K,0.71881,0.97891,0.2846092184709103,Neutral,Neutral,76.4,,4.0324206621e-06,0.654,"cBioPortal,COSMIC,mutations_clinvar",,True,76.4,,,,neutral,neutral,neutral,UP,neutral,neutral,stabilizing,13655,Pathogenic/Likely pathogenic,2,94.27,H,-0.2018,0.7352,-7.8978,loss_of_function,-2.96327646880938,0.1292369072971255,Benign,0.9878,pathogenic,https://doi.org/10.1101/2022.10.22.513328
E545L,0.81917,1.08571,-0.2080430787044257,Neutral,Neutral,76.4,,,,COSMIC,,True,76.4,,,,neutral,neutral,neutral,UP,neutral,neutral,stabilizing,,,,94.27,H,-0.2292,0.7352,-6.8978,loss_of_function,-2.57724005548238,0.1499163114785884,Benign,0.9864,pathogenic,https://doi.org/10.1101/2022.10.22.513328
E545Q,0.71706,0.34184,0.4127838597677608,Neutral,Neutral,76.4,,,0.389,"cBioPortal,COSMIC,mutations_clinvar",,True,76.4,,,,neutral,neutral,neutral,UP,neutral,neutral,stabilizing,375896,Pathogenic/Likely pathogenic; drug response,0,94.27,H,-0.1574,0.7352,-8.8977,loss_of_function,-2.75090262385919,0.2516152357350356,Benign,0.954,pathogenic,https://doi.org/10.1101/2022.10.22.513328
E545R,0.75042,1.42381,0.2033960052173256,Neutral,Neutral,76.4,,,,cBioPortal,,True,76.4,,,,neutral,neutral,neutral,UP,neutral,neutral,stabilizing,,,,94.27,H,-0.3352,0.7352,-22.1856,loss_of_function,-3.48171960011309,0.1924427972161725,Benign,0.9848,pathogenic,https://doi.org/10.1101/2022.10.22.513328
E545V,1.21401,1.03639,0.3070278019158512,Neutral,Neutral,76.4,,,0.730,"cBioPortal,COSMIC,mutations_clinvar",,True,76.4,,,,neutral,neutral,neutral,-,uncertain,uncertain,uncertain,375897,Pathogenic,0,94.27,H,-0.193,0.7352,-7.8978,loss_of_function,-3.3234679483564,0.1603040665749504,Benign,0.9598,pathogenic,https://doi.org/10.1101/2022.10.22.513328
Q546E,-0.44303,-0.33503,-0.4193629216898176,Neutral,Neutral,93.4,,,0.197,"cBioPortal,COSMIC,mutations_clinvar",,True,93.4,,,,neutral,neutral,neutral,DOWN,neutral,neutral,neutral,13654,Pathogenic/Likely pathogenic,0,94.99,H,-0.0266,2.1426,-6.3159,loss_of_function,-2.08736217782841,0.0832317853431291,Benign,0.5152,ambiguous,https://doi.org/10.1101/2022.10.22.513328
Q546H,0.81171,-0.12279,-0.4054770478012443,Neutral,Neutral,93.4,,,"0.399, 0.400","cBioPortal,COSMIC,mutations_clinvar",,True,93.4,,,,neutral,neutral,neutral,UP,neutral,neutral,stabilizing,376491,Likely pathogenic,0,94.99,H,-0.0048,2.1426,-2.8348,loss_of_function,-2.49303919239927,0.3552738811063753,Uncertain,0.9691,pathogenic,https://doi.org/10.1101/2022.10.22.513328
Q546K,0.31883,-0.1966,-0.3709723199709691,Neutral,Neutral,93.4,,,0.338,"cBioPortal,COSMIC,mutations_clinvar",,True,93.4,,,,neutral,neutral,neutral,UP,neutral,neutral,stabilizing,13657,Conflicting interpretations of pathogenicity,1,94.99,H,-0.056,2.1426,-6.5789,loss_of_function,-3.29808375666672,0.2584072320785275,Benign,0.8848,pathogenic,https://doi.org/10.1101/2022.10.22.513328
Q546L,0.25937,-0.29422,-0.4406359615250199,Neutral,Neutral,93.4,,,0.635,"cBioPortal,COSMIC,mutations_clinvar",,True,93.4,,,,neutral,neutral,neutral,UP,neutral,neutral,stabilizing,375899,Pathogenic/Likely pathogenic,0,94.99,H,-0.0485,2.1426,-7.9008,loss_of_function,-3.3747831226656,0.4145569609518926,Uncertain,0.8491,pathogenic,https://doi.org/10.1101/2022.10.22.513328
Q546P,-1.01815,3.70782,1.6278190014071083,Uncertain,Neutral,93.4,,,0.734,"cBioPortal,COSMIC,mutations_clinvar",,True,93.4,,,,neutral,neutral,neutral,DOWN,neutral,neutral,neutral,375898,Pathogenic/Likely pathogenic,0,94.99,H,-0.2083,2.1426,-8.9007,loss_of_function,-3.91809755943235,0.4882471873088557,Uncertain,0.8971,pathogenic,https://doi.org/10.1101/2022.10.22.513328
Q546R,0.43914,0.22959,-0.422638354797849,Neutral,Neutral,93.4,,,0.646,"cBioPortal,COSMIC,mutations_clinvar",,True,93.4,,,,neutral,neutral,neutral,UP,neutral,neutral,stabilizing,45466,Pathogenic,2,94.99,H,-0.0664,2.1426,-8.9007,loss_of_function,-3.77997109984477,0.6729823384994973,Uncertain,0.9392,pathogenic,https://doi.org/10.1101/2022.10.22.513328
E547D,0.84579,0.75204,1.4021949716562117,Neutral,Neutral,15.5,,,0.330,"cBioPortal,COSMIC",,True,15.5,,,,neutral,neutral,neutral,DOWN,neutral,neutral,neutral,,,,96.43,H,-0.1044,0.8753,-2.3617,loss_of_function,-1.52035144484057,0.007538260461905,Benign,0.6258,pathogenic,https://doi.org/10.1101/2022.10.22.513328
E547K,0.84438,1.62653,1.5841521193295518,Neutral,Neutral,15.5,,,0.728,"cBioPortal,COSMIC",,True,15.5,,,,neutral,neutral,neutral,UP,neutral,neutral,stabilizing,,,,96.43,H,-0.2619,0.8753,-22.1886,loss_of_function,-3.75053588630241,0.3714431461915015,Uncertain,0.9948,pathogenic,https://doi.org/10.1101/2022.10.22.513328
E547L,-0.02983,0.84626,0.5123590788157869,Neutral,Neutral,15.5,,,,COSMIC,,True,15.5,,,,neutral,neutral,neutral,UP,neutral,neutral,stabilizing,,,,96.43,H,-0.2943,0.8753,-22.1886,loss_of_function,-5.11863264184482,0.7231677657864247,Pathogenic,0.9971,pathogenic,https://doi.org/10.1101/2022.10.22.513328
E547Q,1.03339,0.51088,1.1244780097713507,Neutral,Neutral,15.5,,,0.622,cBioPortal,,True,15.5,,,,neutral,neutral,neutral,UP,neutral,neutral,stabilizing,,,,96.43,H,-0.1327,0.8753,-6.5789,loss_of_function,-2.79998125845511,0.096935163371403,Benign,0.9447,pathogenic,https://doi.org/10.1101/2022.10.22.513328
K548T,1.53524,2.41905,1.3408782785086784,Uncertain,Neutral,25.1,,,0.752,"cBioPortal,COSMIC",,True,25.1,,,,neutral,neutral,neutral,DOWN,neutral,neutral,neutral,,,,96.87,H,-0.2291,1.2511,-22.1916,loss_of_function,-3.67512796880823,0.7889316735461431,Pathogenic,0.987,pathogenic,https://doi.org/10.1101/2022.10.22.513328
D549A,0.50575,0.3915,0.0127511517364692,Neutral,Neutral,28.7,,,0.535,COSMIC,,False,28.7,,,,neutral,neutral,neutral,DOWN,neutral,neutral,neutral,,,,95.26,H,-0.0799,2.0712,-6.9039,loss_of_function,-1.93778866979374,0.0216911525862586,Benign,0.7647,pathogenic,https://doi.org/10.1101/2022.10.22.513328
D549H,-0.48242,0.57109,-0.2618367921683168,Neutral,Neutral,28.7,,,0.608,"cBioPortal,COSMIC",,False,28.7,,,,neutral,neutral,neutral,UP,neutral,neutral,stabilizing,,,,95.26,H,-0.0875,2.0712,-6.5819,loss_of_function,-1.46207086379637,0.0275655953854446,Benign,0.908,pathogenic,https://doi.org/10.1101/2022.10.22.513328
D549N,0.06903,0.23333,0.0394990456008448,Neutral,Neutral,28.7,,,0.284,"cBioPortal,COSMIC,mutations_clinvar",,False,28.7,,,,neutral,neutral,neutral,-,uncertain,uncertain,uncertain,375900,Pathogenic,0,95.26,H,-0.0328,2.0712,-4.2034,loss_of_function,-1.86172589659328,0.0116435748481909,Benign,0.6313,pathogenic,https://doi.org/10.1101/2022.10.22.513328
D549V,1.26794,2.71735,-0.0835248664349985,Uncertain,Neutral,28.7,,,0.681,cBioPortal,,False,28.7,,,,neutral,neutral,neutral,UP,neutral,neutral,stabilizing,,,,95.26,H,-0.1371,2.0712,-8.9037,loss_of_function,-3.05545962457675,0.0295773344827641,Benign,0.712,pathogenic,https://doi.org/10.1101/2022.10.22.513328
F550S,3.91719,3.62721,4.34301951401627,Destabilizing,Destabilizing,18.3,,,0.551,COSMIC,,False,18.3,,,,neutral,neutral,neutral,DOWN,neutral,neutral,neutral,,,,95.11,H,-0.164,2.0777,-7.9038,loss_of_function,-2.83051576733021,0.0515235296418481,Benign,0.9286,pathogenic,https://doi.org/10.1101/2022.10.22.513328
F550Y,2.91715,1.32517,1.2729884906579974,Uncertain,Uncertain,18.3,,,0.252,"cBioPortal,COSMIC",,False,18.3,,,,neutral,neutral,neutral,-,uncertain,uncertain,uncertain,,,,95.11,H,-0.0768,2.0777,-7.9038,loss_of_function,-2.41197796560101,0.0448474714417866,Benign,0.2497,benign,https://doi.org/10.1101/2022.10.22.513328
L551P,8.47276,9.34932,10.18198493676076,Destabilizing,Destabilizing,0.0,,,0.909,COSMIC,,False,0.0,,,,neutral,neutral,neutral,DOWN,neutral,neutral,neutral,,,,96.69,H,-0.3397,1.7714,-22.1916,loss_of_function,-4.88295914717979,0.7408230867616589,Pathogenic,0.9987,pathogenic,https://doi.org/10.1101/2022.10.22.513328
L551V,2.60852,0.95952,2.433238105347876,Uncertain,Uncertain,0.0,3.18918229366e-05,,0.366,cBioPortal,,False,0.0,,,,neutral,neutral,neutral,DOWN,neutral,neutral,neutral,,,,96.69,H,-0.0659,1.7714,-2.4445,loss_of_function,-0.183632337980435,0.0068072885021558,Benign,0.2949,benign,https://doi.org/10.1101/2022.10.22.513328
W552C,4.12094,3.77347,6.307063477563648,Destabilizing,Destabilizing,1.7,,,0.780,"cBioPortal,COSMIC",,False,1.7,,,,neutral,neutral,neutral,DOWN,neutral,neutral,neutral,,,,96.0,H,-0.4996,0.137,-22.1916,loss_of_function,-7.22910897524861,0.978419994898845,Pathogenic,0.9985,pathogenic,https://doi.org/10.1101/2022.10.22.513328
W552G,5.20336,4.72415,8.126995070316687,Destabilizing,Destabilizing,1.7,,,0.869,COSMIC,,False,1.7,,,,neutral,neutral,neutral,DOWN,neutral,neutral,neutral,,,,96.0,H,-0.5489,0.137,-22.1916,loss_of_function,-6.34380606860852,0.893607373678329,Pathogenic,0.9913,pathogenic,https://doi.org/10.1101/2022.10.22.513328
W552R,3.34818,4.31599,6.182558060434499,Destabilizing,Destabilizing,1.7,,,0.750,cBioPortal,,False,1.7,,,,neutral,neutral,neutral,DOWN,neutral,neutral,neutral,,,,96.0,H,-0.4717,0.137,-7.3189,loss_of_function,-4.43218629623982,0.5190816014097142,Uncertain,0.9991,pathogenic,https://doi.org/10.1101/2022.10.22.513328
S553N,8.27069,1.36735,0.1011251353178627,Uncertain,Uncertain,6.8,,,0.238,COSMIC,,False,6.8,,,,uncertain,,,UP,neutral,neutral,neutral,,,,92.69,H,0.0432,2.8535,-5.8978,gain_of_function,-1.34441688245834,0.0091965385331161,Benign,0.103,benign,https://doi.org/10.1101/2022.10.22.513328
S553T,3.82366,1.51735,0.0654438069008583,Uncertain,Uncertain,6.8,,,0.283,COSMIC,,False,6.8,,,,neutral,,,UP,neutral,neutral,neutral,,,,92.69,H,0.094,2.8535,-2.143,gain_of_function,-1.15872117494376,0.0099327228060252,Benign,0.0879,benign,https://doi.org/10.1101/2022.10.22.513328
H554Q,1.59255,-0.18265,1.612086396850483,Neutral,Neutral,13.0,,,,mutations_clinvar,,False,13.0,,,,neutral,neutral,neutral,DOWN,neutral,neutral,neutral,1777510,Uncertain significance,1,94.2,T,0.0239,2.4027,-8.8977,gain_of_function,-1.78548295722448,0.0089407470330074,Benign,0.4646,ambiguous,https://doi.org/10.1101/2022.10.22.513328
H554Y,0.35977,-1.11054,-0.1186246308273619,Neutral,Neutral,13.0,,,,mutations_clinvar,,False,13.0,,,,neutral,neutral,neutral,UP,neutral,neutral,neutral,665413,Uncertain significance,1,94.2,T,0.0386,2.4027,-5.3129,gain_of_function,-0.161855542514701,0.0022864617886185,Benign,0.2353,benign,https://doi.org/10.1101/2022.10.22.513328
R555K,2.37654,3.17891,2.5630908143907307,Uncertain,Uncertain,5.6,,,0.685,"COSMIC,mutations_clinvar",,False,5.6,,,,neutral,neutral,neutral,-,uncertain,uncertain,uncertain,132955,not provided,0,95.15,H,-0.2029,0.1877,-6.5789,loss_of_function,-2.96995854753292,0.1948825978176809,Benign,0.8211,pathogenic,https://doi.org/10.1101/2022.10.22.513328
Y557H,2.5938,1.54014,1.281872535225055,Uncertain,Uncertain,33.4,,,0.229,cBioPortal,,True,33.4,,,,uncertain,,,DOWN,neutral,neutral,neutral,,,,94.15,H,-0.0152,2.7542,-4.3713,loss_of_function,-0.142999578000904,0.0054994422516794,Benign,0.1119,benign,https://doi.org/10.1101/2022.10.22.513328
I561V,1.307,0.98435,1.1389771160310658,Neutral,Neutral,10.8,,,,mutations_clinvar,,True,10.8,,,,neutral,neutral,neutral,DOWN,neutral,neutral,neutral,2447330,Uncertain significance,1,97.07,S,0.0833,2.8484,-4.0475,gain_of_function,-0.0906101662795411,0.010184217102891,Benign,0.0753,benign,https://doi.org/10.1101/2022.10.22.513328
P562A,2.16636,1.73571,0.127026427388523,Uncertain,Uncertain,24.7,,,0.624,cBioPortal,,True,24.7,,,,neutral,neutral,neutral,DOWN,neutral,neutral,neutral,,,,97.97,G,-0.2182,0.3622,-7.3159,loss_of_function,-1.152424987203,0.1706257905609372,Benign,0.4686,ambiguous,https://doi.org/10.1101/2022.10.22.513328
P562L,3.01696,2.65782,-0.1900363874624216,Uncertain,Uncertain,24.7,,,0.681,"cBioPortal,COSMIC",,True,24.7,,,,neutral,neutral,neutral,UP,neutral,neutral,neutral,,,,97.97,G,-0.3428,0.3622,-22.1886,loss_of_function,-3.88822268777548,0.876572638205305,Pathogenic,0.9026,pathogenic,https://doi.org/10.1101/2022.10.22.513328
P562S,2.64176,2.17143,0.4920587457715575,Uncertain,Uncertain,24.7,,,0.563,cBioPortal,,True,24.7,,,,neutral,neutral,neutral,DOWN,neutral,neutral,neutral,,,,97.97,G,-0.2117,0.3622,-6.0935,loss_of_function,-2.97026529188011,0.1467374523578561,Benign,0.591,pathogenic,https://doi.org/10.1101/2022.10.22.513328
E563D,1.30194,-0.49932,0.5409756106816607,Neutral,Neutral,46.0,,4.0193895351e-06,0.239,"cBioPortal,mutations_clinvar",,True,46.0,,,,neutral,neutral,neutral,DOWN,neutral,neutral,neutral,1778069,Uncertain significance,1,96.82,G,0.035,2.44,-3.257,gain_of_function,-0.13616896062987,0.0036954976232033,Benign,0.0959,benign,https://doi.org/10.1101/2022.10.22.513328
E563K,1.03126,0.39728,0.2551045623807246,Neutral,Neutral,46.0,,,0.239,COSMIC,,True,46.0,,,,neutral,neutral,neutral,UP,neutral,neutral,neutral,,,,96.82,G,-0.0369,2.44,-6.3159,loss_of_function,-1.73315370478142,0.0198051557498533,Benign,0.4257,ambiguous,https://doi.org/10.1101/2022.10.22.513328
L565V,3.38103,4.90068,1.645024649152654,Destabilizing,Uncertain,0.1,,,0.768,cBioPortal,,False,0.1,,,,neutral,neutral,neutral,DOWN,neutral,neutral,neutral,,,,98.48,H,-0.3206,0.0981,-22.1916,loss_of_function,-3.74467292684273,0.8746533828043452,Pathogenic,0.792,pathogenic,https://doi.org/10.1101/2022.10.22.513328
P566L,4.23233,2.79218,-0.3218721149073583,Uncertain,Uncertain,4.2,,,0.626,COSMIC,,False,4.2,,,,neutral,neutral,neutral,UP,neutral,neutral,neutral,,,,98.02,H,-0.1781,1.4159,-8.9037,loss_of_function,-4.12534106526381,0.5263847908567169,Uncertain,0.9631,pathogenic,https://doi.org/10.1101/2022.10.22.513328
P566S,3.21245,1.62721,0.657845398493416,Uncertain,Uncertain,4.2,,,,mutations_clinvar,,False,4.2,,,,neutral,neutral,neutral,DOWN,neutral,neutral,neutral,1778232,Uncertain significance,1,98.02,H,-0.0979,1.4159,-2.7954,loss_of_function,-0.840384194480489,0.0830620503824115,Benign,0.5749,pathogenic,https://doi.org/10.1101/2022.10.22.513328
K567R,0.72552,0.89966,-0.3541621054741695,Neutral,Neutral,5.8,,,0.333,"cBioPortal,COSMIC",,False,5.8,,,,neutral,neutral,neutral,-,uncertain,uncertain,uncertain,,,,97.94,H,-0.0413,1.2588,-2.8378,loss_of_function,-1.18009919597535,0.0154752452789354,Benign,0.1556,benign,https://doi.org/10.1101/2022.10.22.513328
K567T,2.22527,1.26224,0.6535879791600296,Uncertain,Uncertain,5.8,,,0.784,cBioPortal,,False,5.8,,,,neutral,neutral,neutral,DOWN,neutral,neutral,neutral,,,,97.94,H,-0.1606,1.2588,-8.9037,loss_of_function,-3.38489066717498,0.4300970970891111,Uncertain,0.9676,pathogenic,https://doi.org/10.1101/2022.10.22.513328
L569I,1.23946,1.53061,1.1914989729182597,Neutral,Neutral,0.3,,,0.568,"cBioPortal,COSMIC",,False,0.3,,,,neutral,neutral,neutral,-,uncertain,uncertain,uncertain,,,,98.33,H,-0.1865,0.3135,-6.9039,loss_of_function,-2.79351151360853,0.2696449758456462,Benign,0.5116,ambiguous,https://doi.org/10.1101/2022.10.22.513328
L570M,0.11923,1.06837,0.5706700633398911,Neutral,Neutral,37.1,,,0.276,cBioPortal,,False,37.1,,,,neutral,neutral,neutral,-,uncertain,uncertain,uncertain,,,,96.95,T,-0.0019,2.5278,-6.0965,loss_of_function,-0.379711138264834,0.0202748584803446,Benign,0.1633,benign,https://doi.org/10.1101/2022.10.22.513328
N575K,0.65614,1.04626,0.8662215688573266,Neutral,Neutral,50.6,,,0.308,cBioPortal,,False,50.6,,,,neutral,neutral,neutral,UP,neutral,neutral,stabilizing,,,,97.9,T,-0.0911,1.7044,-5.743,loss_of_function,-3.27993868795002,0.0831299039523485,Benign,0.9145,pathogenic,https://doi.org/10.1101/2022.10.22.513328
S576Y,0.03765,-0.2068,-0.2783777755016975,Neutral,Neutral,35.9,,,0.474,"cBioPortal,COSMIC",,False,35.9,,,,uncertain,,,UP,neutral,neutral,stabilizing,,,,97.57,-,-0.1498,2.3191,-22.1976,loss_of_function,-3.63111221127438,0.3099869024246518,Benign,0.7278,pathogenic,https://doi.org/10.1101/2022.10.22.513328
R577T,2.30946,1.64626,1.4976942222407632,Uncertain,Uncertain,28.7,,,0.533,cBioPortal,,False,28.7,,,,neutral,neutral,neutral,DOWN,neutral,neutral,neutral,,,,97.48,H,-0.1727,1.8918,-8.9128,loss_of_function,-2.74595925906371,0.19259631717764,Benign,0.9942,pathogenic,https://doi.org/10.1101/2022.10.22.513328
E579K,2.91457,3.24422,1.9298061463043747,Uncertain,Uncertain,15.2,,,0.450,"cBioPortal,COSMIC",,False,15.2,,,,neutral,neutral,neutral,UP,neutral,neutral,neutral,,,,97.25,H,-0.1151,1.7339,-8.9068,loss_of_function,-3.26471248598914,0.1426709510160246,Benign,0.9481,pathogenic,https://doi.org/10.1101/2022.10.22.513328
V580I,0.67161,-0.23197,-0.3057695922422543,Neutral,Neutral,7.0,,,,mutations_clinvar,,False,7.0,,,,neutral,neutral,neutral,UP,neutral,neutral,neutral,1779130,Uncertain significance,1,98.28,H,-0.093,1.1722,-5.4535,loss_of_function,-0.153003445712796,0.086068387156436,Benign,0.1512,benign,https://doi.org/10.1101/2022.10.22.513328
A581S,0.912,1.45646,1.5314115217627484,Neutral,Neutral,0.8,,,0.149,"cBioPortal,COSMIC",,False,0.8,,,,neutral,neutral,neutral,-,uncertain,uncertain,uncertain,,,,98.33,H,-0.0615,1.5678,-2.7261,loss_of_function,-0.0036834565015829,0.0065417440509848,Benign,0.1259,benign,https://doi.org/10.1101/2022.10.22.513328
Q582H,3.62676,2.84592,0.766367855326246,Uncertain,Uncertain,3.0,,,0.518,cBioPortal,,False,3.0,,,,neutral,neutral,neutral,UP,neutral,neutral,neutral,,,,97.5,H,-0.0858,1.5993,-8.9187,loss_of_function,-3.85346444038488,0.1670521830799651,Benign,0.9084,pathogenic,https://doi.org/10.1101/2022.10.22.513328
M583I,2.52198,0.97347,1.6469183224752892,Uncertain,Uncertain,0.0,,,,mutations_clinvar,,False,0.0,,,,neutral,neutral,neutral,-,uncertain,uncertain,uncertain,"1038463, 999157","Uncertain significance, Uncertain significance","1, 2",98.36,H,-0.041,2.0156,-4.1085,loss_of_function,-0.322081943422175,0.0107742697700253,Benign,0.7818,pathogenic,https://doi.org/10.1101/2022.10.22.513328
M583T,3.7647,0.4881,2.9389662828420176,Uncertain,Uncertain,0.0,,,0.484,COSMIC,,False,0.0,,,,neutral,neutral,neutral,DOWN,neutral,neutral,neutral,,,,98.36,H,-0.1075,2.0156,-6.5939,loss_of_function,-0.593758463219675,0.0372975926168828,Benign,0.7271,pathogenic,https://doi.org/10.1101/2022.10.22.513328
M583V,3.42099,0.72687,1.9687507998089289,Uncertain,Uncertain,0.0,,,,mutations_clinvar,,False,0.0,,,,neutral,neutral,neutral,DOWN,neutral,neutral,neutral,456533,Uncertain significance,2,98.36,H,-0.0697,2.0156,-3.4565,loss_of_function,-1.1908444174848,0.007911812450646,Benign,0.2762,benign,https://doi.org/10.1101/2022.10.22.513328
D589G,-0.80048,1.02415,0.565598456120539,Neutral,Neutral,91.6,,,0.253,"cBioPortal,mutations_clinvar",,False,91.6,,,,neutral,neutral,neutral,DOWN,neutral,neutral,neutral,403910,Uncertain significance,1,96.54,T,0.0397,3.4588,-6.3068,gain_of_function,-0.823335100955083,0.0296026700962799,Benign,0.2025,benign,https://doi.org/10.1101/2022.10.22.513328
D589H,-1.40922,-1.6466,-0.3218633379893981,Neutral,Neutral,91.6,,,0.358,"cBioPortal,COSMIC",,False,91.6,,,,neutral,neutral,neutral,UP,neutral,neutral,neutral,,,,96.54,T,0.0445,3.4588,-5.7218,gain_of_function,-1.4725420425429,0.0729957973476782,Benign,0.2945,benign,https://doi.org/10.1101/2022.10.22.513328
D589N,-1.06844,-0.24864,-0.2828886216022708,Neutral,Neutral,91.6,,,0.148,cBioPortal,,False,91.6,,,,neutral,neutral,neutral,-,uncertain,uncertain,uncertain,,,,96.54,T,0.0955,3.4588,-4.0844,gain_of_function,-0.681778935918951,0.0153050828389111,Benign,0.1195,benign,https://doi.org/10.1101/2022.10.22.513328
P592L,1.13257,-0.12041,-1.380011657479877,Neutral,Neutral,46.0,,,,mutations_clinvar,,False,46.0,,,,neutral,neutral,neutral,UP,neutral,neutral,neutral,1779867,Uncertain significance,1,98.14,-,0.0138,3.1668,-2.8694,gain_of_function,-0.307959259307103,0.0024111585649911,Benign,0.0712,benign,https://doi.org/10.1101/2022.10.22.513328
P592S,1.59055,0.43741,0.2406704756959288,Neutral,Neutral,46.0,,,,mutations_clinvar,,False,46.0,,,,neutral,neutral,neutral,DOWN,neutral,neutral,mixed_effects,1410504,Uncertain significance,2,98.14,-,0.0498,3.1668,-5.4323,gain_of_function,-0.0438603725799649,0.0127713366570363,Benign,0.0865,benign,https://doi.org/10.1101/2022.10.22.513328
I593M,-0.77571,0.72211,1.0078262228234491,Neutral,Neutral,4.0,,,0.301,COSMIC,,False,4.0,,,,neutral,neutral,neutral,-,uncertain,uncertain,uncertain,,,,98.21,-,-0.0905,1.459,-4.1369,loss_of_function,-0.354177099371208,0.0215107623936238,Benign,0.1176,benign,https://doi.org/10.1101/2022.10.22.513328
I593V,0.68695,-0.06088,0.6977521121138014,Neutral,Neutral,4.0,,8.0847279489e-06,0.267,"COSMIC,mutations_clinvar",,False,4.0,,,,neutral,neutral,neutral,DOWN,neutral,neutral,neutral,1779895,Uncertain significance,1,98.21,-,-0.0419,1.459,-3.5342,loss_of_function,-1.1949241394794,0.0021142958632343,Benign,0.0673,benign,https://doi.org/10.1101/2022.10.22.513328
K594E,0.2323,0.14762,0.2872319157584935,Neutral,Neutral,82.3,,,0.231,"cBioPortal,COSMIC",,False,82.3,,,,neutral,neutral,neutral,DOWN,neutral,neutral,neutral,,,,97.78,-,-0.0213,2.5292,-3.9406,loss_of_function,-0.0470764210177804,0.0029518766170283,Benign,0.2016,benign,https://doi.org/10.1101/2022.10.22.513328
Q597L,-1.3227,1.1898,-0.7940371410778857,Neutral,Neutral,40.4,,,0.234,COSMIC,,False,40.4,,,,neutral,neutral,neutral,UP,neutral,neutral,neutral,,,,97.78,H,0.0938,3.5598,-5.5729,gain_of_function,-0.305850962382454,0.0106879323087011,Benign,0.1057,benign,https://doi.org/10.1101/2022.10.22.513328
Q597P,0.41123,4.64082,3.915265440504468,Uncertain,Uncertain,40.4,,,0.436,"cBioPortal,COSMIC",,False,40.4,,,,neutral,neutral,neutral,DOWN,neutral,neutral,neutral,,,,97.78,H,-0.0728,3.5598,-7.8948,loss_of_function,-1.79261653242159,0.0805735747732366,Benign,0.7863,pathogenic,https://doi.org/10.1101/2022.10.22.513328
A598D,7.41683,4.05952,3.7800405317320616,Destabilizing,Destabilizing,0.0,,,,mutations_clinvar,,False,0.0,,,,neutral,neutral,neutral,UP,neutral,neutral,neutral,1780219,Uncertain significance,1,98.61,H,-0.3737,0.5253,-22.1825,loss_of_function,-6.34718885602893,0.9055288091569094,Pathogenic,0.9971,pathogenic,https://doi.org/10.1101/2022.10.22.513328
E600K,-0.77558,2.25612,0.7875272664026683,Uncertain,Neutral,9.6,,,0.677,"cBioPortal,COSMIC",,False,9.6,,,,neutral,neutral,neutral,UP,neutral,neutral,neutral,,,,98.52,G,-0.3066,0.3883,-22.1825,loss_of_function,-4.71961986016782,0.6919149177279267,Pathogenic,0.9686,pathogenic,https://doi.org/10.1101/2022.10.22.513328
E600V,-0.33245,-0.61871,0.1653677216141685,Neutral,Neutral,9.6,,,0.857,"cBioPortal,COSMIC",,False,9.6,,,,neutral,neutral,neutral,-,uncertain,uncertain,uncertain,,,,98.52,G,-0.23,0.3883,-8.8947,loss_of_function,-4.34109137383927,0.5387901664427233,Uncertain,0.8734,pathogenic,https://doi.org/10.1101/2022.10.22.513328
L601F,3.64551,3.77313,1.7431896823834083,Destabilizing,Uncertain,0.0,,,0.658,cBioPortal,,False,0.0,,,,neutral,neutral,neutral,UP,neutral,neutral,neutral,,,,98.73,G,-0.3429,0.1059,-22.1825,loss_of_function,-6.41474620693575,0.5990890399432167,Uncertain,0.9118,pathogenic,https://doi.org/10.1101/2022.10.22.513328
D603G,1.7241,1.23027,1.6656901161166695,Neutral,Neutral,4.0,,,0.479,cBioPortal,,False,4.0,,,,neutral,neutral,neutral,DOWN,neutral,neutral,neutral,,,,97.69,S,-0.2428,0.376,-6.0905,loss_of_function,-3.66906520902467,0.156339704131095,Benign,0.9525,pathogenic,https://doi.org/10.1101/2022.10.22.513328
D603H,14.46927,0.51973,0.3364266632277046,Uncertain,Uncertain,4.0,,,0.543,"cBioPortal,COSMIC",,False,4.0,,,,neutral,neutral,neutral,UP,neutral,neutral,neutral,,,,97.69,S,-0.2553,0.376,-8.8977,loss_of_function,-3.79770503314375,0.2898737903080013,Benign,0.9868,pathogenic,https://doi.org/10.1101/2022.10.22.513328
D603N,1.224,-0.72789,0.3206931367086474,Neutral,Neutral,4.0,,,0.418,"COSMIC,mutations_clinvar",,False,4.0,,,,neutral,neutral,neutral,-,uncertain,uncertain,uncertain,1304089,Uncertain significance,1,97.69,S,-0.2127,0.376,-8.8977,loss_of_function,-2.8800416871486,0.1515213864961461,Benign,0.9457,pathogenic,https://doi.org/10.1101/2022.10.22.513328
C604R,1.60947,3.23571,1.8578644676959224,Uncertain,Neutral,8.4,,,0.587,"cBioPortal,COSMIC,mutations_clinvar",,False,8.4,,,,neutral,neutral,neutral,UP,neutral,neutral,neutral,1439550,Uncertain significance,1,96.77,T,-0.3648,1.9528,-22.1856,loss_of_function,-3.35943981473768,0.2486261599393224,Benign,0.9861,pathogenic,https://doi.org/10.1101/2022.10.22.513328
C604Y,7.03836,1.2517,1.1495057437524925,Uncertain,Uncertain,8.4,,,0.362,COSMIC,,False,8.4,,,,neutral,neutral,neutral,UP,neutral,neutral,neutral,,,,96.77,T,-0.2107,1.9528,-1.5759,loss_of_function,-1.88957924069777,0.1596416850599264,Benign,0.8485,pathogenic,https://doi.org/10.1101/2022.10.22.513328
Y606C,4.26527,4.06939,4.215215590428184,Destabilizing,Destabilizing,5.0,,,0.573,"cBioPortal,COSMIC",,False,5.0,,,,uncertain,,,DOWN,neutral,neutral,neutral,,,,98.48,-,-0.2525,1.1101,-8.9007,loss_of_function,-3.26449389653776,0.3606976203467652,Uncertain,0.6684,pathogenic,https://doi.org/10.1101/2022.10.22.513328
P607Q,2.02014,2.89252,-0.002037970010994,Uncertain,Uncertain,7.6,,,0.459,"cBioPortal,COSMIC",,False,7.6,,,,neutral,neutral,neutral,UP,neutral,neutral,neutral,,,,98.5,-,-0.1804,1.1701,-8.9007,loss_of_function,-4.33695586319875,0.1413294674928405,Benign,0.952,pathogenic,https://doi.org/10.1101/2022.10.22.513328
P607S,2.98199,2.98129,0.6074715644726808,Uncertain,Uncertain,7.6,,,,mutations_clinvar,,False,7.6,,,,neutral,neutral,neutral,DOWN,neutral,neutral,neutral,1306083,Uncertain significance,1,98.5,-,-0.1398,1.1701,-6.5789,loss_of_function,-1.62143892557146,0.0172582727207152,Benign,0.7394,pathogenic,https://doi.org/10.1101/2022.10.22.513328
D608E,6.28966,1.29728,1.7783355490788946,Uncertain,Uncertain,0.5,,,,mutations_clinvar,,False,0.5,,,,neutral,neutral,neutral,UP,neutral,neutral,neutral,2084950,Uncertain significance,1,98.71,-,-0.1855,0.2596,-5.7339,loss_of_function,-2.79331536675175,0.3929344047330519,Uncertain,0.9597,pathogenic,https://doi.org/10.1101/2022.10.22.513328
D608H,14.49276,2.55476,1.8009058415791617,Uncertain,Uncertain,0.5,,,0.635,cBioPortal,,False,0.5,,,,neutral,neutral,neutral,UP,neutral,neutral,neutral,,,,98.71,-,-0.3339,0.2596,-22.1916,loss_of_function,-6.25933935581199,0.8077158439884389,Pathogenic,0.9885,pathogenic,https://doi.org/10.1101/2022.10.22.513328
P609H,2.5571,1.85918,-0.7862167788293961,Uncertain,Uncertain,44.1,,,0.276,"cBioPortal,COSMIC",,False,44.1,,,,neutral,neutral,neutral,UP,neutral,neutral,stabilizing,,,,98.33,H,-0.0288,2.7859,-6.3159,loss_of_function,-2.18928984054213,0.0548273766831035,Benign,0.3229,benign,https://doi.org/10.1101/2022.10.22.513328
P609S,2.76894,2.13061,-0.0115441940394922,Uncertain,Uncertain,44.1,,,0.165,"cBioPortal,COSMIC",,False,44.1,,,,neutral,neutral,neutral,DOWN,neutral,neutral,neutral,,,,98.33,H,0.0123,2.7859,-5.9009,gain_of_function,-1.56573014748663,0.0162813808457569,Benign,0.2726,benign,https://doi.org/10.1101/2022.10.22.513328
M610T,1.47276,-0.20884,1.4769854635080684,Neutral,Neutral,27.0,,,,mutations_clinvar,,False,27.0,,,,neutral,neutral,neutral,DOWN,neutral,neutral,neutral,1780907,Uncertain significance,1,98.29,H,0.0188,3.2995,-4.994,gain_of_function,-1.07750043153415,0.0015702143449174,Benign,0.0947,benign,https://doi.org/10.1101/2022.10.22.513328
M610V,0.80945,-0.66224,0.4761971090213579,Neutral,Neutral,27.0,,,,mutations_clinvar,,False,27.0,,,,neutral,neutral,neutral,DOWN,neutral,neutral,neutral,403911,Uncertain significance,1,98.29,H,0.04,3.2995,-5.0935,gain_of_function,-0.13004639807136,0.0030003590329353,Benign,0.0484,benign,https://doi.org/10.1101/2022.10.22.513328
V611A,2.53211,2.48503,1.9674677243774163,Uncertain,Uncertain,1.7,,,0.644,cBioPortal,,False,1.7,,,,neutral,neutral,neutral,DOWN,neutral,neutral,neutral,,,,98.8,H,-0.2413,0.3965,-7.9008,loss_of_function,-3.46958731008605,0.6625042843788944,Uncertain,0.9045,pathogenic,https://doi.org/10.1101/2022.10.22.513328
V611I,-0.25986,-0.28707,-0.1648022912645436,Neutral,Neutral,1.7,,,,mutations_clinvar,,False,1.7,,,,neutral,neutral,neutral,UP,neutral,neutral,neutral,1780968,Uncertain significance,1,98.8,H,-0.1607,0.3965,-4.7309,loss_of_function,-0.127372280205066,0.0257987237881491,Benign,0.0924,benign,https://doi.org/10.1101/2022.10.22.513328
R612Q,4.28186,1.72959,2.208416689061637,Uncertain,Uncertain,5.7,,,0.770,"cBioPortal,COSMIC",,False,5.7,,,,neutral,neutral,neutral,DOWN,neutral,neutral,neutral,,,,98.81,H,-0.3251,0.643,-22.1825,loss_of_function,-5.65848224822583,0.9916535289952562,Pathogenic,0.9764,pathogenic,https://doi.org/10.1101/2022.10.22.513328
G613S,-0.78759,-0.68061,0.5735198930258639,Neutral,Neutral,6.4,,,,mutations_clinvar,,False,6.4,,,,neutral,neutral,neutral,UP,neutral,neutral,neutral,135036,not provided,0,98.64,H,-0.0407,2.6399,-1.4854,loss_of_function,0.495681346742194,0.0005244209983342,Benign,0.0644,benign,https://doi.org/10.1101/2022.10.22.513328
F614I,3.51339,2.78027,2.5109790270339154,Uncertain,Uncertain,4.6,,,0.525,"cBioPortal,COSMIC",,False,4.6,,,,neutral,neutral,neutral,DOWN,neutral,neutral,neutral,,,,98.8,H,-0.1953,1.3229,-7.3098,loss_of_function,-1.5437972872658,0.2357762095783761,Benign,0.8405,pathogenic,https://doi.org/10.1101/2022.10.22.513328
A615S,2.50647,2.24694,2.088252551956498,Uncertain,Uncertain,0.0,,,,mutations_clinvar,,False,0.0,,,,neutral,neutral,neutral,-,uncertain,uncertain,uncertain,1304385,Uncertain significance,1,98.85,H,-0.1668,0.6774,-7.3098,loss_of_function,-0.611413482948698,0.61920742851077,Uncertain,0.3934,ambiguous,https://doi.org/10.1101/2022.10.22.513328
V616I,-0.16967,0.84116,-0.1198912167823629,Neutral,Neutral,2.0,,,,mutations_clinvar,,False,2.0,,,,neutral,neutral,neutral,UP,neutral,neutral,neutral,2147306,Uncertain significance,1,98.83,H,-0.0631,1.2945,-1.7923,loss_of_function,-0.0767818356204436,0.0601429470935126,Benign,0.1111,benign,https://doi.org/10.1101/2022.10.22.513328
R617Q,0.42276,-0.26361,0.8551345092879564,Neutral,Neutral,49.6,,1.20604954452e-05,0.156,"cBioPortal,COSMIC,mutations_clinvar",,False,49.6,,,,neutral,neutral,neutral,DOWN,neutral,neutral,neutral,802027,Uncertain significance,2,98.65,H,-0.0378,2.8307,-5.3159,loss_of_function,-0.0146408269816262,0.0051591160666361,Benign,0.0684,benign,https://doi.org/10.1101/2022.10.22.513328
R617W,-0.01365,-1.21837,-0.1223209271907899,Neutral,Neutral,49.6,3.19345979434e-05,4.0200358587e-06,0.406,"cBioPortal,COSMIC",,False,49.6,,,,neutral,neutral,neutral,UP,neutral,neutral,neutral,,,,98.65,H,-0.0991,2.8307,-8.9007,loss_of_function,-1.3945931333205,0.3642920557227556,Uncertain,0.2121,benign,https://doi.org/10.1101/2022.10.22.513328
E620K,-0.49162,0.88741,0.0417751700519969,Neutral,Neutral,53.6,,,0.287,"cBioPortal,COSMIC",,False,53.6,,,,neutral,neutral,neutral,UP,neutral,neutral,neutral,,,,98.26,H,0.0427,3.1335,-3.2312,gain_of_function,-0.818978316506277,0.0501122312275927,Benign,0.3618,ambiguous,https://doi.org/10.1101/2022.10.22.513328
K621I,-0.10724,-0.77041,-0.2004121917956969,Neutral,Neutral,72.6,,,,mutations_clinvar,,False,72.6,,,,neutral,neutral,neutral,-,uncertain,uncertain,uncertain,1900334,Uncertain significance,1,97.92,H,-0.0689,2.4311,-8.8671,loss_of_function,-1.6163549513433,0.0332706988992076,Benign,0.2446,benign,https://doi.org/10.1101/2022.10.22.513328
Y622D,1.24448,2.17143,2.314934620420932,Uncertain,Uncertain,43.8,,,0.273,cBioPortal,,True,43.8,,,,uncertain,,,DOWN,neutral,neutral,neutral,,,,98.2,H,-0.0433,3.4867,-2.2224,loss_of_function,-0.976068620706123,,,0.1502,benign,https://doi.org/10.1101/2022.10.22.513328
T624A,1.06779,1.25034,0.6884624575758391,Neutral,Neutral,57.7,,4.0252139401e-06,0.302,cBioPortal,,True,57.7,,,,uncertain,,,DOWN,neutral,neutral,neutral,,,,97.88,-,-0.0568,2.0624,-7.3068,loss_of_function,-0.170533219264399,0.0441919840551424,Benign,0.1895,benign,https://doi.org/10.1101/2022.10.22.513328
T624S,-0.22387,0.43435,0.7185965558871099,Neutral,Neutral,57.7,,,0.208,cBioPortal,,True,57.7,,,,neutral,,,DOWN,neutral,neutral,neutral,,,,97.88,-,0.0113,2.0624,-1.0589,gain_of_function,-0.34107057609959,0.003695178711911,Benign,0.1055,benign,https://doi.org/10.1101/2022.10.22.513328
D625N,1.70453,1.43741,0.5083850793414182,Neutral,Neutral,38.4,,,,mutations_clinvar,,True,38.4,,,,neutral,neutral,neutral,-,uncertain,uncertain,uncertain,2441860,Uncertain significance,1,98.21,H,-0.1839,0.4309,-4.251,loss_of_function,-1.72171943458201,0.0629015157897599,Benign,0.2444,benign,https://doi.org/10.1101/2022.10.22.513328
D626N,1.1319,1.94422,0.7093123900380307,Neutral,Neutral,17.0,,,,mutations_clinvar,,False,17.0,,,,neutral,neutral,neutral,-,uncertain,uncertain,uncertain,135037,not provided,0,97.6,H,-0.0532,1.8869,-4.8826,loss_of_function,-1.6269371722773,0.0824535935481294,Benign,0.5904,pathogenic,https://doi.org/10.1101/2022.10.22.513328
L628R,4.80358,4.1466,3.4668493136919145,Destabilizing,Destabilizing,0.0,,,0.900,cBioPortal,,False,0.0,,,,neutral,neutral,neutral,UP,neutral,neutral,neutral,,,,98.62,H,-0.4571,0.4601,-22.1916,loss_of_function,-6.8038194513952,0.9361725733174892,Pathogenic,0.9916,pathogenic,https://doi.org/10.1101/2022.10.22.513328
L628V,2.58018,1.61156,1.6780097627898398,Uncertain,Uncertain,0.0,,,0.595,"cBioPortal,COSMIC",,False,0.0,,,,neutral,neutral,neutral,DOWN,neutral,neutral,neutral,,,,98.62,H,-0.2012,0.4601,-5.3189,loss_of_function,-2.03546800333152,0.1139512682203903,Benign,0.185,benign,https://doi.org/10.1101/2022.10.22.513328
S629C,0.11885,-0.40918,0.5613447692259116,Neutral,Neutral,26.8,,,0.416,"cBioPortal,COSMIC",,False,26.8,,,,uncertain,,,UP,neutral,neutral,neutral,,,,97.85,H,-0.0416,2.2614,-6.3189,loss_of_function,-1.69860523921084,0.1183254540811448,Benign,0.1443,benign,https://doi.org/10.1101/2022.10.22.513328
V636L,-0.36738,0.09796,-0.123091182003191,Neutral,Neutral,0.3,,,0.731,"cBioPortal,COSMIC",,False,0.3,,,,neutral,neutral,neutral,UP,neutral,neutral,neutral,,,,98.76,H,-0.2494,0.2828,-7.3159,loss_of_function,-3.72174252314404,0.5633004195339818,Uncertain,0.9616,pathogenic,https://doi.org/10.1101/2022.10.22.513328
Q637R,1.75179,1.80714,0.4221612552970555,Neutral,Neutral,7.3,,,0.909,cBioPortal,,False,7.3,,,,neutral,neutral,neutral,UP,neutral,neutral,neutral,,,,98.57,H,-0.3193,0.1305,-22.1886,loss_of_function,-8.37796966873627,0.976077783017566,Pathogenic,0.9811,pathogenic,https://doi.org/10.1101/2022.10.22.513328
V638A,1.78524,0.57109,2.05331534015689,Neutral,Uncertain,0.0,,,0.221,COSMIC,,False,0.0,,,,neutral,neutral,neutral,DOWN,neutral,neutral,neutral,,,,98.69,H,-0.1488,1.0747,-2.0,loss_of_function,-1.43725210140471,0.0049648935026157,Benign,0.5745,pathogenic,https://doi.org/10.1101/2022.10.22.513328
E642K,4.15542,4.59864,2.336081708697403,Destabilizing,Uncertain,8.2,,,0.916,"cBioPortal,COSMIC",,False,8.2,,,,neutral,neutral,neutral,UP,neutral,neutral,neutral,,,,98.49,-,-0.2642,0.1131,-8.9007,loss_of_function,-5.01464936637348,0.9695506897571048,Pathogenic,0.9951,pathogenic,https://doi.org/10.1101/2022.10.22.513328
Q643H,0.0402,2.61122,0.0412537765044063,Uncertain,Neutral,7.9,,,0.330,"cBioPortal,COSMIC",,False,7.9,,,,neutral,neutral,neutral,UP,neutral,neutral,neutral,,,,98.0,S,-0.088,2.3113,-22.1886,loss_of_function,-1.7521613577449,0.0209441267071173,Benign,0.4879,ambiguous,https://doi.org/10.1101/2022.10.22.513328
Q643R,-0.04467,2.66531,0.0212810913664768,Uncertain,Neutral,7.9,,,0.255,COSMIC,,False,7.9,,,,neutral,neutral,neutral,UP,neutral,neutral,neutral,,,,98.0,S,-0.1187,2.3113,-22.1886,loss_of_function,-2.25444372144705,0.0135294611802948,Benign,0.5937,pathogenic,https://doi.org/10.1101/2022.10.22.513328
L648S,1.55748,1.57551,1.408889768995431,Neutral,Neutral,63.1,,,0.163,COSMIC,,False,63.1,,,,neutral,neutral,neutral,DOWN,neutral,neutral,neutral,,,,98.68,H,-0.1251,2.6066,-5.5819,loss_of_function,-0.739757792135291,0.0006007032467608,Benign,0.0732,benign,https://doi.org/10.1101/2022.10.22.513328
V650A,2.15579,1.05612,2.6263403038796294,Uncertain,Uncertain,1.2,,,0.095,"cBioPortal,mutations_clinvar",,False,1.2,,,,neutral,neutral,neutral,DOWN,neutral,neutral,neutral,526632,Uncertain significance,2,98.81,H,-0.0506,2.1637,-2.3803,loss_of_function,-0.0396551876318857,0.0007618934522478,Benign,0.0994,benign,https://doi.org/10.1101/2022.10.22.513328
R651S,1.23471,2.01156,2.372203778867976,Uncertain,Uncertain,30.3,,,0.498,cBioPortal,,False,30.3,,,,neutral,neutral,neutral,DOWN,neutral,neutral,neutral,,,,98.85,H,-0.0672,2.8059,-5.5789,loss_of_function,-2.47907409990143,0.086271846869308,Benign,0.8935,pathogenic,https://doi.org/10.1101/2022.10.22.513328
F652S,5.50234,5.07619,5.27371433546473,Destabilizing,Destabilizing,4.0,,,,mutations_clinvar,,False,4.0,,,,neutral,neutral,neutral,DOWN,neutral,neutral,neutral,1308804,Uncertain significance,1,98.81,H,-0.3933,0.377,-22.1886,loss_of_function,-5.2652183197083,0.8446510772245346,Pathogenic,0.9873,pathogenic,https://doi.org/10.1101/2022.10.22.513328
L654V,3.04805,2.92857,2.029820894186457,Uncertain,Uncertain,0.0,,,,mutations_clinvar,,False,0.0,,,,neutral,neutral,neutral,DOWN,neutral,neutral,neutral,1783422,Uncertain significance,1,98.88,H,-0.1935,0.5995,-6.3129,loss_of_function,-1.60429456259611,0.1682031727212881,Benign,0.2465,benign,https://doi.org/10.1101/2022.10.22.513328
A657S,0.66683,2.34252,2.1167151416248933,Uncertain,Uncertain,0.0,,,0.434,COSMIC,,False,0.0,,,,neutral,neutral,neutral,-,uncertain,uncertain,uncertain,,,,98.82,H,-0.1712,0.446,-3.994,loss_of_function,-0.473125686170991,0.00480243138392,Benign,0.1905,benign,https://doi.org/10.1101/2022.10.22.513328
A657V,2.15232,4.77823,1.7957825501969773,Uncertain,Uncertain,0.0,,,0.750,"cBioPortal,mutations_clinvar",,False,0.0,,,,neutral,neutral,neutral,UP,neutral,neutral,neutral,1783616,Uncertain significance,1,98.82,H,-0.267,0.446,-22.1886,loss_of_function,-4.89478127297672,0.2165198868898491,Benign,0.9567,pathogenic,https://doi.org/10.1101/2022.10.22.513328
L658F,10.17992,3.97211,3.175480734339116,Destabilizing,Destabilizing,0.0,,,0.628,"cBioPortal,COSMIC,mutations_clinvar",,False,0.0,,,,neutral,neutral,neutral,UP,neutral,neutral,neutral,2113249,Uncertain significance,1,98.68,H,-0.1779,0.9644,-5.3159,loss_of_function,-3.57969326844491,0.181009377967384,Benign,0.8937,pathogenic,https://doi.org/10.1101/2022.10.22.513328
Q661E,0.03599,0.93537,1.9175239226402123,Neutral,Neutral,12.9,,4.2492075228e-06,0.321,"cBioPortal,mutations_clinvar",,False,12.9,,,,neutral,neutral,neutral,DOWN,neutral,neutral,neutral,1783814,Uncertain significance,1,98.62,H,-0.0579,1.9462,-8.9037,loss_of_function,-2.26123911495757,0.4186526067377122,Uncertain,0.4254,ambiguous,https://doi.org/10.1101/2022.10.22.513328
Q661K,-0.51919,-0.15646,1.724423561901928,Neutral,Neutral,12.9,,,0.241,COSMIC,,False,12.9,,,,neutral,neutral,neutral,UP,neutral,neutral,neutral,,,,98.62,H,-0.0597,1.9462,-3.7746,loss_of_function,-0.975577581241463,0.0218504536291408,Benign,0.4372,ambiguous,https://doi.org/10.1101/2022.10.22.513328
I663S,4.03083,3.91939,3.968375514147231,Destabilizing,Destabilizing,0.9,,,0.880,cBioPortal,,False,0.9,,,,neutral,neutral,neutral,DOWN,neutral,neutral,neutral,,,,98.86,H,-0.3483,0.4941,-7.9068,loss_of_function,-4.74970307266921,0.9117398662158585,Pathogenic,0.971,pathogenic,https://doi.org/10.1101/2022.10.22.513328
F666L,-0.02558,0.06497,0.6964065372427649,Neutral,Neutral,30.4,,,0.688,cBioPortal,,False,30.4,,,,neutral,neutral,neutral,DOWN,neutral,neutral,neutral,,,,98.86,H,-0.1228,1.659,-6.5849,loss_of_function,-1.93914297283453,0.0834086551625261,Benign,0.971,pathogenic,https://doi.org/10.1101/2022.10.22.513328
F666Y,-0.88737,-0.31531,0.5595548151626342,Neutral,Neutral,30.4,,,,mutations_clinvar,,False,30.4,,,,neutral,neutral,neutral,-,uncertain,uncertain,uncertain,2016587,Uncertain significance,1,98.86,H,-0.0895,1.659,-2.8408,loss_of_function,-1.23641672795557,0.0097547203303419,Benign,0.1411,benign,https://doi.org/10.1101/2022.10.22.513328
F667L,2.01063,2.33878,2.515638682656129,Uncertain,Uncertain,0.1,,,0.260,"cBioPortal,COSMIC",,False,0.1,,,,neutral,neutral,neutral,DOWN,neutral,neutral,neutral,,,,98.92,H,-0.1457,1.0782,-0.6031,loss_of_function,-1.07350286710943,0.0211562330472266,Benign,0.8584,pathogenic,https://doi.org/10.1101/2022.10.22.513328
S673T,1.35031,0.53878,0.0480989037483481,Neutral,Neutral,8.8,,,0.517,"cBioPortal,COSMIC",,False,8.8,,,,neutral,,,UP,neutral,neutral,neutral,,,,97.99,H,-0.2165,0.5912,-22.1946,loss_of_function,-2.54835232911312,0.2816657000041662,Benign,0.7022,pathogenic,https://doi.org/10.1101/2022.10.22.513328
E674D,1.59978,-0.09048,1.2480722432160498,Neutral,Neutral,2.6,,,0.473,"cBioPortal,COSMIC",,False,2.6,,,,neutral,neutral,neutral,DOWN,neutral,neutral,neutral,,,,97.53,T,-0.1858,0.2423,-6.9069,loss_of_function,-2.53124317721174,0.1817955544619159,Benign,0.941,pathogenic,https://doi.org/10.1101/2022.10.22.513328
E674Q,1.1181,1.14354,0.7057485244822181,Neutral,Neutral,2.6,,,0.753,"cBioPortal,COSMIC",,False,2.6,,,,neutral,neutral,neutral,UP,neutral,neutral,neutral,,,,97.53,T,-0.1977,0.2423,-7.9068,loss_of_function,-2.88679734048882,0.3891621646232939,Uncertain,0.9398,pathogenic,https://doi.org/10.1101/2022.10.22.513328
M675I,0.50443,0.91599,0.4022654850802709,Neutral,Neutral,7.1,,,0.385,cBioPortal,,False,7.1,,,,neutral,neutral,neutral,-,uncertain,uncertain,uncertain,,,,96.84,T,-0.085,1.4401,-2.3583,loss_of_function,-0.149735407961876,0.0330808748131305,Benign,0.7737,pathogenic,https://doi.org/10.1101/2022.10.22.513328
N677D,-1.04153,-0.08129,1.3778808489371892,Neutral,Neutral,38.7,,,0.103,COSMIC,,False,38.7,,,,neutral,neutral,neutral,-,uncertain,uncertain,uncertain,,,,94.18,-,0.0178,2.82,-4.5176,gain_of_function,-0.915269940350386,0.0054061085427463,Benign,0.1952,benign,https://doi.org/10.1101/2022.10.22.513328
N677S,1.89178,1.02789,1.721286901675421,Neutral,Neutral,38.7,,,,mutations_clinvar,,False,38.7,,,,neutral,neutral,neutral,DOWN,neutral,neutral,neutral,1784753,Uncertain significance,1,94.18,-,0.0419,2.82,-6.3249,gain_of_function,-0.829809151257329,0.0242659761223735,Benign,0.0755,benign,https://doi.org/10.1101/2022.10.22.513328
K678E,0.15548,-0.29966,0.3795286428643613,Neutral,Neutral,48.4,,,0.345,"cBioPortal,COSMIC",,False,48.4,,,,neutral,neutral,neutral,DOWN,neutral,neutral,neutral,,,,94.51,T,-0.0876,2.084,-8.9098,loss_of_function,-2.35924035803607,0.0237316788821392,Benign,0.2779,benign,https://doi.org/10.1101/2022.10.22.513328
V680I,-0.14191,2.11497,0.4711632481334293,Uncertain,Neutral,3.9,,,,mutations_clinvar,,True,3.9,,,,neutral,neutral,neutral,UP,neutral,neutral,neutral,1722173,Uncertain significance,1,96.61,T,-0.0783,1.2461,-3.9099,loss_of_function,-0.338436707559182,0.0030525360660303,Benign,0.0939,benign,https://doi.org/10.1101/2022.10.22.513328
V680L,-1.07102,2.07721,1.292778993120544,Uncertain,Neutral,3.9,,,0.413,cBioPortal,,True,3.9,,,,neutral,neutral,neutral,UP,neutral,neutral,neutral,,,,96.61,T,-0.1506,1.2461,-5.3249,loss_of_function,-1.64086128402804,0.0122245643114333,Benign,0.5148,ambiguous,https://doi.org/10.1101/2022.10.22.513328
S681T,-0.2196,0.25306,0.4618996144291598,Neutral,Neutral,8.7,,,,mutations_clinvar,,True,8.7,,,,neutral,,,UP,neutral,neutral,stabilizing,1038606,Uncertain significance,1,95.85,H,-0.0028,1.9931,-5.588,loss_of_function,-0.899041095951668,0.0292573838391395,Benign,0.1485,benign,https://doi.org/10.1101/2022.10.22.513328
Q682H,0.38543,0.88776,0.2571697549502405,Neutral,Neutral,54.1,,,0.324,"cBioPortal,COSMIC",,True,54.1,,,,neutral,neutral,neutral,UP,neutral,neutral,stabilizing,,,,96.16,H,-0.0764,2.438,-22.1976,loss_of_function,-2.16419491492275,0.0682179601994524,Benign,0.2208,benign,https://doi.org/10.1101/2022.10.22.513328
Q682K,-0.58191,0.46395,0.4581463514015943,Neutral,Neutral,54.1,,,0.246,"cBioPortal,COSMIC",,True,54.1,,,,neutral,neutral,neutral,UP,neutral,neutral,stabilizing,,,,96.16,H,-0.0326,2.438,-7.3249,loss_of_function,-1.49862722968629,0.0345085889092871,Benign,0.1224,benign,https://doi.org/10.1101/2022.10.22.513328
R683M,-0.97843,-1.01088,0.3079080210478674,Neutral,Neutral,16.5,,,0.807,"cBioPortal,COSMIC",,True,16.5,,,,neutral,neutral,neutral,DOWN,neutral,neutral,neutral,,,,98.13,H,-0.2667,1.2089,-22.1976,loss_of_function,-5.32953336545608,0.9355488040869352,Pathogenic,0.9226,pathogenic,https://doi.org/10.1101/2022.10.22.513328
R683T,1.35122,0.3017,0.9736615512609788,Neutral,Neutral,16.5,,,,mutations_clinvar,,True,16.5,,,,neutral,neutral,neutral,DOWN,neutral,neutral,neutral,660732,Uncertain significance,1,98.13,H,-0.2355,1.2089,-8.9098,loss_of_function,-5.46908773202437,0.6598443287263654,Uncertain,0.9068,pathogenic,https://doi.org/10.1101/2022.10.22.513328
F684L,1.54609,3.02687,1.701514664377327,Uncertain,Neutral,0.0,,,0.752,"cBioPortal,COSMIC",,True,0.0,,,,neutral,neutral,neutral,DOWN,neutral,neutral,neutral,,,,98.48,H,-0.2483,0.369,-7.9098,loss_of_function,-3.42613805296129,0.2623101290951903,Benign,0.9978,pathogenic,https://doi.org/10.1101/2022.10.22.513328
G685A,0.21971,0.60816,-0.6154351238269823,Neutral,Neutral,0.0,,,0.555,cBioPortal,,False,0.0,,,,neutral,neutral,neutral,UP,neutral,neutral,neutral,,,,98.08,H,-0.185,1.0983,-3.1025,loss_of_function,-1.95486204939904,0.0528171935973285,Benign,0.507,ambiguous,https://doi.org/10.1101/2022.10.22.513328
G685C,2.98083,3.45136,0.999654405793464,Uncertain,Uncertain,0.0,,,0.811,"cBioPortal,COSMIC",,False,0.0,,,,neutral,neutral,neutral,UP,neutral,neutral,neutral,,,,98.08,H,-0.2743,1.0983,-8.9098,loss_of_function,-2.2346084158162,0.6103535786256398,Uncertain,0.9179,pathogenic,https://doi.org/10.1101/2022.10.22.513328
G685D,7.05366,5.21735,3.563561711525804,Destabilizing,Destabilizing,0.0,,,0.759,COSMIC,,False,0.0,,,,neutral,neutral,neutral,UP,neutral,neutral,neutral,,,,98.08,H,-0.3427,1.0983,-22.1976,loss_of_function,-2.69294225384448,0.541433750683899,Uncertain,0.9987,pathogenic,https://doi.org/10.1101/2022.10.22.513328
G685V,5.70564,5.53741,1.670919894327455,Destabilizing,Uncertain,0.0,,,0.740,cBioPortal,,False,0.0,,,,neutral,neutral,neutral,UP,neutral,neutral,neutral,,,,98.08,H,-0.3692,1.0983,-22.1976,loss_of_function,-3.19985411134768,0.6722579370955467,Uncertain,0.9825,pathogenic,https://doi.org/10.1101/2022.10.22.513328
L686M,0.72005,0.80714,1.7888461376697402,Neutral,Neutral,0.0,,,,mutations_clinvar,,False,0.0,,,,neutral,neutral,neutral,-,uncertain,uncertain,uncertain,1035797,Uncertain significance,1,98.5,H,-0.1902,0.6377,-8.9098,loss_of_function,-1.84543026637616,0.1905938316673154,Benign,0.5982,pathogenic,https://doi.org/10.1101/2022.10.22.513328
Y691C,3.32728,4.68061,4.111023468271641,Destabilizing,Destabilizing,0.0,,,,mutations_clinvar,,True,0.0,,,,uncertain,,,DOWN,neutral,neutral,neutral,664405,Uncertain significance,2,98.8,H,-0.3655,0.62,-22.2006,loss_of_function,-6.17427296051788,0.8450011296053432,Pathogenic,0.8401,pathogenic,https://doi.org/10.1101/2022.10.22.513328
R693C,5.16163,2.33265,2.3461255546892543,Uncertain,Uncertain,2.1,,,0.508,"cBioPortal,COSMIC,mutations_clinvar",,True,2.1,,,,neutral,neutral,neutral,DOWN,neutral,neutral,neutral,403913,Uncertain significance,1,97.85,H,-0.3745,0.4788,-22.2006,loss_of_function,-3.14631287062128,0.4914925354068418,Uncertain,0.9768,pathogenic,https://doi.org/10.1101/2022.10.22.513328
R693H,5.11651,1.62959,1.389354073088204,Uncertain,Uncertain,2.1,,4.0136786167e-06,0.541,"cBioPortal,COSMIC",,True,2.1,,,,neutral,neutral,neutral,DOWN,neutral,neutral,neutral,,,,97.85,H,-0.2595,0.4788,-7.3279,loss_of_function,-2.81765105101275,0.4955336128337133,Uncertain,0.8999,pathogenic,https://doi.org/10.1101/2022.10.22.513328
A694S,0.40363,1.65476,1.4731278131095116,Neutral,Neutral,2.0,6.37104994903e-05,0.0001444738743077,0.212,"COSMIC,mutations_clinvar",,True,2.0,,,,neutral,neutral,neutral,-,uncertain,uncertain,uncertain,572793,Uncertain significance,1,98.21,H,-0.1195,1.0537,-4.8254,loss_of_function,-0.373184273663198,0.0055013443460669,Benign,0.1662,benign,https://doi.org/10.1101/2022.10.22.513328
A694T,2.52634,1.39864,1.2524749608575207,Uncertain,Uncertain,2.0,,,0.306,"cBioPortal,mutations_clinvar",,True,2.0,,,,neutral,neutral,neutral,UP,neutral,neutral,neutral,1497559,Uncertain significance,1,98.21,H,-0.2141,1.0537,-22.2006,loss_of_function,-2.70563720176243,0.0705370795443978,Benign,0.7107,pathogenic,https://doi.org/10.1101/2022.10.22.513328
A694V,2.21048,2.17245,0.529299284090707,Uncertain,Uncertain,2.0,,4.0131309645e-06,0.305,"cBioPortal,mutations_clinvar",,True,2.0,,,,neutral,neutral,neutral,UP,neutral,neutral,neutral,1785570,Uncertain significance,1,98.21,H,-0.1433,1.0537,-8.9128,loss_of_function,-2.33892732056373,0.0505274437679788,Benign,0.8658,pathogenic,https://doi.org/10.1101/2022.10.22.513328
G696E,13.74551,4.28367,1.2221792764773305,Destabilizing,Uncertain,40.3,,,0.522,COSMIC,,False,40.3,,,,neutral,neutral,neutral,UP,neutral,neutral,stabilizing,,,,96.0,T,-0.0927,3.0153,-7.9068,loss_of_function,-3.13055679498457,0.2617875030805338,Benign,0.9758,pathogenic,https://doi.org/10.1101/2022.10.22.513328
G696R,13.65364,3.55612,0.0483219223317382,Destabilizing,Uncertain,40.3,,,0.601,"cBioPortal,COSMIC,mutations_clinvar",,False,40.3,,,,neutral,neutral,neutral,UP,neutral,neutral,stabilizing,1334878,Uncertain significance,0,96.0,T,-0.1096,3.0153,-7.9068,loss_of_function,-3.33759695524053,0.4649275316707688,Uncertain,0.9429,pathogenic,https://doi.org/10.1101/2022.10.22.513328
M697I,0.6381,0.16905,0.0394961384993836,Neutral,Neutral,51.8,,1.60491746712e-05,0.217,COSMIC,,False,51.8,,,,neutral,neutral,neutral,-,uncertain,uncertain,uncertain,,,,95.17,T,0.0815,3.502,-6.9069,gain_of_function,-0.501183111193548,0.0131523478688327,Benign,0.2058,benign,https://doi.org/10.1101/2022.10.22.513328
M697L,0.9137,-0.17347,-0.0621570011737315,Neutral,Neutral,51.8,,,0.179,COSMIC,,False,51.8,,,,neutral,neutral,neutral,-,uncertain,uncertain,uncertain,,,,95.17,T,0.1124,3.502,-7.3219,gain_of_function,-0.99719616710189,0.021758481799598,Benign,0.0974,benign,https://doi.org/10.1101/2022.10.22.513328
L699M,0.50785,1.69796,1.404581899941893,Neutral,Neutral,3.8,,,0.339,"cBioPortal,COSMIC",,True,3.8,,,,neutral,neutral,neutral,-,uncertain,uncertain,uncertain,,,,98.09,H,-0.0348,1.9142,-1.4783,loss_of_function,-1.9726270870254,0.1027797278999919,Benign,0.3714,ambiguous,https://doi.org/10.1101/2022.10.22.513328
H701P,-0.76896,7.53401,5.542332588551286,Uncertain,Uncertain,56.0,,,0.401,"COSMIC,mutations_clinvar",,True,56.0,,,,neutral,neutral,neutral,DOWN,neutral,neutral,neutral,376052,Likely pathogenic,0,97.95,H,-0.0977,3.0097,-5.4444,loss_of_function,-2.70616362150286,0.0117132720537065,Benign,0.2747,benign,https://doi.org/10.1101/2022.10.22.513328
H701Y,-0.65921,-0.70204,-0.2776103103410265,Neutral,Neutral,56.0,,,0.215,"COSMIC,mutations_clinvar",,True,56.0,,,,neutral,neutral,neutral,UP,neutral,neutral,neutral,2453441,Uncertain significance,1,97.95,H,0.0083,3.0097,-22.1916,gain_of_function,-2.43003625641513,0.0410784968619617,Benign,0.139,benign,https://doi.org/10.1101/2022.10.22.513328
L702Q,2.84873,3.15068,3.399090227559747,Uncertain,Uncertain,0.0,,,0.952,COSMIC,,False,0.0,,,,neutral,neutral,neutral,DOWN,neutral,neutral,neutral,,,,98.64,H,-0.3894,0.5503,-22.1916,loss_of_function,-6.28256471275961,0.8411891679396744,Pathogenic,0.952,pathogenic,https://doi.org/10.1101/2022.10.22.513328
N703S,1.299,0.7068,1.6049268008973934,Neutral,Neutral,15.9,,,0.133,COSMIC,,False,15.9,,,,neutral,neutral,neutral,DOWN,neutral,neutral,neutral,,,,98.04,H,0.1239,3.4886,-2.2979,gain_of_function,-0.0022518715561487,0.0060440092931748,Benign,0.0482,benign,https://doi.org/10.1101/2022.10.22.513328
Q705K,2.73553,3.14456,3.889136587119881,Uncertain,Uncertain,0.0,,,0.902,COSMIC,,False,0.0,,,,neutral,neutral,neutral,UP,neutral,neutral,neutral,,,,98.66,H,-0.2478,0.1867,-8.9098,loss_of_function,-5.28066785801009,0.8833560706584258,Pathogenic,0.9882,pathogenic,https://doi.org/10.1101/2022.10.22.513328
E707K,-1.06587,-0.05102,0.0241942151723106,Neutral,Neutral,33.6,,,0.656,"COSMIC,mutations_clinvar",,False,33.6,,,,neutral,neutral,neutral,UP,neutral,neutral,neutral,948059,Uncertain significance,1,96.37,H,-0.1221,1.4654,-5.4505,loss_of_function,-2.09689020966607,0.13821951153938,Benign,0.8936,pathogenic,https://doi.org/10.1101/2022.10.22.513328
E707V,0.50651,-0.67075,-0.6403141050834399,Neutral,Neutral,33.6,,,0.868,COSMIC,,False,33.6,,,,neutral,neutral,neutral,-,uncertain,uncertain,uncertain,,,,96.37,H,-0.131,1.4654,-8.9098,loss_of_function,-2.27426616008829,0.427632822873448,Uncertain,0.7512,pathogenic,https://doi.org/10.1101/2022.10.22.513328
E710Q,0.28477,0.49796,0.5381510566674258,Neutral,Neutral,17.1,,,0.315,"cBioPortal,COSMIC",,False,17.1,,,,neutral,neutral,neutral,UP,neutral,neutral,neutral,,,,94.89,H,0.0359,2.8371,-8.9037,gain_of_function,-1.39534939920898,0.0490470799927014,Benign,0.5401,ambiguous,https://doi.org/10.1101/2022.10.22.513328
K711E,3.0388,3.43469,1.197299308396881,Destabilizing,Uncertain,14.1,,,,mutations_clinvar,,False,14.1,,,,neutral,neutral,neutral,DOWN,neutral,neutral,neutral,1786408,Uncertain significance,1,95.57,H,-0.2197,0.5199,-6.5819,loss_of_function,-2.74287810527331,0.2798997128064037,Benign,0.988,pathogenic,https://doi.org/10.1101/2022.10.22.513328
K711M,0.06467,1.27007,-0.3589460698525365,Neutral,Neutral,14.1,,,0.794,cBioPortal,,False,14.1,,,,neutral,neutral,neutral,DOWN,neutral,neutral,neutral,,,,95.57,H,-0.2845,0.5199,-22.1916,loss_of_function,-2.47121928182992,0.6547016389870995,Uncertain,0.9518,pathogenic,https://doi.org/10.1101/2022.10.22.513328
K711N,1.4339,2.42585,0.8932128621313273,Uncertain,Neutral,14.1,,,0.570,"cBioPortal,COSMIC",,False,14.1,,,,neutral,neutral,neutral,DOWN,neutral,neutral,neutral,,,,95.57,H,-0.2198,0.5199,-7.9038,loss_of_function,-2.74390808115174,0.608964984889663,Uncertain,0.9877,pathogenic,https://doi.org/10.1101/2022.10.22.513328
K711Q,0.86197,1.19966,0.5046667718759257,Neutral,Neutral,14.1,,,0.638,cBioPortal,,False,14.1,,,,neutral,neutral,neutral,DOWN,neutral,neutral,neutral,,,,95.57,H,-0.194,0.5199,-6.5819,loss_of_function,-2.73465877399106,0.4050711604960851,Uncertain,0.952,pathogenic,https://doi.org/10.1101/2022.10.22.513328
K711T,1.3481,1.98605,0.760808066604057,Neutral,Neutral,14.1,,,0.825,COSMIC,,False,14.1,,,,neutral,neutral,neutral,DOWN,neutral,neutral,neutral,,,,95.57,H,-0.2235,0.5199,-7.9038,loss_of_function,-2.52086269055068,0.3381015056378598,Uncertain,0.9611,pathogenic,https://doi.org/10.1101/2022.10.22.513328
L712F,-0.45548,0.41973,1.6224484140483126,Neutral,Neutral,0.1,,,0.736,"cBioPortal,COSMIC",,False,0.1,,,,neutral,neutral,neutral,UP,neutral,neutral,neutral,,,,97.51,H,-0.1742,1.0048,-5.3189,loss_of_function,-1.3713691035236,0.2426877395081422,Benign,0.7418,pathogenic,https://doi.org/10.1101/2022.10.22.513328
L712I,5.47978,2.2381,1.611737794902978,Uncertain,Uncertain,0.1,,,0.635,"cBioPortal,COSMIC",,False,0.1,,,,neutral,neutral,neutral,-,uncertain,uncertain,uncertain,,,,97.51,H,-0.128,1.0048,-7.9038,loss_of_function,-2.1650367312082,0.163944494568359,Benign,0.6824,pathogenic,https://doi.org/10.1101/2022.10.22.513328
L712P,6.7762,11.7619,9.254607776099496,Destabilizing,Destabilizing,0.1,,,0.946,COSMIC,,False,0.1,,,,neutral,neutral,neutral,DOWN,neutral,neutral,neutral,,,,97.51,H,-0.4102,1.0048,-22.1916,loss_of_function,-5.90813627704684,0.965189826202204,Pathogenic,0.9997,pathogenic,https://doi.org/10.1101/2022.10.22.513328
I713V,0.90682,0.61395,0.5454942053425834,Neutral,Neutral,30.3,,,,mutations_clinvar,,False,30.3,,,,neutral,neutral,neutral,DOWN,neutral,neutral,neutral,1805974,Uncertain significance,1,96.37,H,0.0071,2.023,-4.0935,gain_of_function,-0.33366241779241,0.0013302247609561,Benign,0.0703,benign,https://doi.org/10.1101/2022.10.22.513328
N714D,2.1147,1.14524,2.151419790439335,Uncertain,Uncertain,5.0,,,0.359,COSMIC,,True,5.0,,,,neutral,neutral,neutral,-,uncertain,uncertain,uncertain,,,,94.0,H,0.0276,3.0819,-7.3189,gain_of_function,-1.58215237308867,0.0206859535411955,Benign,0.3416,ambiguous,https://doi.org/10.1101/2022.10.22.513328
N714K,-2.19842,0.29966,1.0954805296389365,Uncertain,Uncertain,5.0,,,0.230,"cBioPortal,COSMIC",,True,5.0,,,,neutral,neutral,neutral,UP,neutral,neutral,neutral,,,,94.0,H,0.0467,3.0819,-3.582,gain_of_function,-0.940838768619148,0.0017659011340491,Benign,0.4765,ambiguous,https://doi.org/10.1101/2022.10.22.513328
L715S,4.35055,4.19388,4.241059135256007,Destabilizing,Destabilizing,0.2,,,0.915,COSMIC,,True,0.2,,,,neutral,neutral,neutral,DOWN,neutral,neutral,neutral,,,,95.64,H,-0.203,1.8326,-6.9039,loss_of_function,-3.01744513248217,0.50532209955532,Uncertain,0.9729,pathogenic,https://doi.org/10.1101/2022.10.22.513328
T716I,1.26612,-0.06293,-0.9237329272186734,Neutral,Neutral,2.8,,,,mutations_clinvar,,True,2.8,,,,uncertain,,,UP,neutral,neutral,neutral,1691390,Uncertain significance,1,96.12,H,-0.1022,1.9395,-8.9068,loss_of_function,-4.75133424630923,0.8284148258173047,Pathogenic,0.9928,pathogenic,https://doi.org/10.1101/2022.10.22.513328
D717Y,0.12388,0.68912,-0.7953319092673128,Neutral,Neutral,26.7,,,0.753,COSMIC,,True,26.7,,,,neutral,neutral,neutral,UP,neutral,neutral,neutral,,,,93.79,H,-0.1841,2.2754,-22.1886,loss_of_function,-3.03235474870447,0.5196942909083051,Uncertain,0.6398,pathogenic,https://doi.org/10.1101/2022.10.22.513328
L719F,1.19685,1.10306,1.8559718146547888,Neutral,Neutral,0.9,,,,COSMIC,,True,0.9,,,,neutral,neutral,neutral,UP,neutral,neutral,neutral,,,,94.71,H,-0.1721,1.9627,-22.1916,loss_of_function,-5.17183028694024,0.3775039107340698,Uncertain,0.8788,pathogenic,https://doi.org/10.1101/2022.10.22.513328
L719V,2.14894,1.11463,1.8383587092316969,Uncertain,Uncertain,0.9,,,0.370,"cBioPortal,COSMIC",,True,0.9,,,,neutral,neutral,neutral,DOWN,neutral,neutral,neutral,,,,94.71,H,-0.0431,1.9627,-1.4363,loss_of_function,-1.69847970539618,0.0215404148602061,Benign,0.3395,benign,https://doi.org/10.1101/2022.10.22.513328
K720R,0.2936,0.23231,-0.1755687008191181,Neutral,Neutral,29.5,,,,mutations_clinvar,,True,29.5,,,,neutral,neutral,neutral,-,uncertain,uncertain,uncertain,2567733,Uncertain significance,1,91.19,H,-0.0637,1.0567,-3.582,loss_of_function,-2.29301646186069,0.0734243562308091,Benign,0.1383,benign,https://doi.org/10.1101/2022.10.22.513328
E722D,0.59095,0.65102,0.5613964803847821,Neutral,Neutral,59.0,,,0.266,COSMIC,,True,59.0,,,,neutral,neutral,neutral,DOWN,neutral,neutral,neutral,,,,91.84,T,0.0906,3.1301,-4.8138,gain_of_function,-1.13613440573171,0.0139233497514447,Benign,0.1914,benign,https://doi.org/10.1101/2022.10.22.513328
E722K,-0.36766,0.10782,0.7785129959121018,Neutral,Neutral,59.0,,,0.439,"cBioPortal,COSMIC",,True,59.0,,,,neutral,neutral,neutral,UP,neutral,neutral,neutral,,,,91.84,T,0.0394,3.1301,-3.8138,gain_of_function,-1.40597283559073,0.0098343810235781,Benign,0.5965,pathogenic,https://doi.org/10.1101/2022.10.22.513328
D725E,0.13387,0.80476,0.3557047814647751,Neutral,Neutral,93.6,,,0.417,cBioPortal,,True,93.6,,,,neutral,neutral,neutral,UP,neutral,neutral,neutral,,,,93.7,T,0.0397,2.5991,-3.7761,gain_of_function,-1.18397486347567,0.0070116923342552,Benign,0.1977,benign,https://doi.org/10.1101/2022.10.22.513328
D725G,0.33786,1.56565,1.2487357412748803,Neutral,Neutral,93.6,,,0.539,"cBioPortal,COSMIC",,True,93.6,,,,neutral,neutral,neutral,DOWN,neutral,neutral,neutral,,,,93.7,T,-0.0413,2.5991,-6.683,loss_of_function,-2.75859319414485,0.0677841217307375,Benign,0.4992,ambiguous,https://doi.org/10.1101/2022.10.22.513328
D725N,0.2651,0.61122,0.3680572118444497,Neutral,Neutral,93.6,,,0.341,"cBioPortal,COSMIC,mutations_clinvar",,True,93.6,,,,neutral,neutral,neutral,-,uncertain,uncertain,uncertain,1804027,Likely pathogenic,1,93.7,T,0.0201,2.5991,-3.3611,gain_of_function,-1.28757651290814,0.0296178824859755,Benign,0.3897,ambiguous,https://doi.org/10.1101/2022.10.22.513328
D725Y,0.21825,0.53946,0.3306970658229358,Neutral,Neutral,93.6,,,0.620,COSMIC,,True,93.6,,,,neutral,neutral,neutral,UP,neutral,neutral,neutral,,,,93.7,T,-0.1532,2.5991,-21.9707,loss_of_function,-3.18756397809326,0.5583682297520985,Uncertain,0.7291,pathogenic,https://doi.org/10.1101/2022.10.22.513328
E726A,0.45783,0.14422,0.3690035489253401,Neutral,Neutral,52.3,,,0.500,"COSMIC,mutations_clinvar",,True,52.3,,,,neutral,neutral,neutral,DOWN,neutral,neutral,neutral,376477,Likely pathogenic,0,94.77,S,0.0721,3.2078,-3.1077,gain_of_function,-1.17825893140443,0.0099396006617311,Benign,0.4318,ambiguous,https://doi.org/10.1101/2022.10.22.513328
E726G,1.94468,1.50544,1.4338037706484896,Neutral,Neutral,52.3,,,0.599,"cBioPortal,COSMIC",,True,52.3,,,,neutral,neutral,neutral,DOWN,neutral,neutral,neutral,,,,94.77,S,0.0375,3.2078,-4.8447,gain_of_function,-1.73213597815228,0.0242034873710096,Benign,0.419,ambiguous,https://doi.org/10.1101/2022.10.22.513328
E726K,0.50873,0.21769,0.377012524137767,Neutral,Neutral,52.3,,,0.442,"cBioPortal,COSMIC,mutations_clinvar",,True,52.3,,,,neutral,neutral,neutral,UP,neutral,neutral,neutral,376476,Pathogenic,3,94.77,S,0.054,3.2078,-2.3422,gain_of_function,-0.101744765184159,0.0056060133197305,Benign,0.6471,pathogenic,https://doi.org/10.1101/2022.10.22.513328
T727I,0.3268,0.12891,0.491931230258652,Neutral,Neutral,86.2,,,0.379,"cBioPortal,COSMIC",,True,86.2,,,,uncertain,,,UP,neutral,neutral,neutral,,,,94.49,-,0.0158,3.0894,-6.5204,gain_of_function,-1.24219096933381,0.0073724968576835,Benign,0.305,benign,https://doi.org/10.1101/2022.10.22.513328
T727K,0.47102,0.31939,0.3917294237187957,Neutral,Neutral,86.2,,,0.419,cBioPortal,,True,86.2,,,,uncertain,,,UP,neutral,neutral,neutral,,,,94.49,-,-0.0269,3.0894,-3.6724,loss_of_function,-0.956005218394992,0.0021559809561258,Benign,0.678,pathogenic,https://doi.org/10.1101/2022.10.22.513328
Q728R,0.18355,-0.10918,-0.0047593573907955,Neutral,Neutral,51.3,,,,mutations_clinvar,,True,51.3,,,,neutral,neutral,neutral,UP,neutral,neutral,neutral,985836,Uncertain significance,1,92.54,H,0.0377,2.927,-2.6609,gain_of_function,-1.43679550666262,0.0155020022915495,Benign,0.4799,ambiguous,https://doi.org/10.1101/2022.10.22.513328
K729N,0.35287,0.05306,0.2776200225277658,Neutral,Neutral,102.1,,,0.398,"cBioPortal,COSMIC",,True,102.1,,,,neutral,neutral,neutral,DOWN,neutral,neutral,neutral,,,,94.83,H,-0.0026,2.7283,-5.1668,loss_of_function,-1.40493681173161,,,0.8534,pathogenic,https://doi.org/10.1101/2022.10.22.513328
Q731H,9.22894,1.34626,1.6783801981605797,Uncertain,Uncertain,4.8,,,0.518,cBioPortal,,True,4.8,,,,neutral,neutral,neutral,UP,neutral,neutral,neutral,,,,95.25,H,0.089,3.3007,-5.3479,gain_of_function,-1.50744046963952,,,0.7665,pathogenic,https://doi.org/10.1101/2022.10.22.513328
Q731R,1.37623,1.89898,1.7074400379922885,Neutral,Neutral,4.8,,,0.320,"cBioPortal,COSMIC",,True,4.8,,,,neutral,neutral,neutral,UP,neutral,neutral,neutral,,,,95.25,H,0.0682,3.3007,-3.415,gain_of_function,-0.787721101155279,,,0.6163,pathogenic,https://doi.org/10.1101/2022.10.22.513328
M732I,0.59853,-0.94184,0.0535012362017078,Neutral,Neutral,30.2,,,0.344,"cBioPortal,COSMIC",,True,30.2,,,,neutral,neutral,neutral,-,uncertain,uncertain,uncertain,,,,96.22,H,0.047,3.0891,-6.2192,gain_of_function,-1.1717777237017,,,0.7544,pathogenic,https://doi.org/10.1101/2022.10.22.513328
K733M,-0.61279,0.78537,-0.0256010486965402,Neutral,Neutral,78.2,,,0.453,cBioPortal,,True,78.2,,,,neutral,neutral,neutral,DOWN,neutral,neutral,neutral,,,,96.07,H,-0.0282,2.5627,-8.8072,loss_of_function,-1.3078071388262,0.7006942032166048,Pathogenic,0.508,ambiguous,https://doi.org/10.1101/2022.10.22.513328
K733R,0.1648,0.17959,-0.2176084512384118,Neutral,Neutral,78.2,0.0002232712426639,0.000442492115595,0.269,"cBioPortal,COSMIC,mutations_clinvar",,True,78.2,,,,neutral,neutral,neutral,-,uncertain,uncertain,uncertain,456537,Benign,3,96.07,H,0.0713,2.5627,-4.2838,gain_of_function,-0.0931443795337325,0.0247078656813683,Benign,0.0761,benign,https://doi.org/10.1101/2022.10.22.513328
F734S,3.28234,3.65782,4.260310540561942,Destabilizing,Destabilizing,16.1,,,0.424,COSMIC,,False,16.1,,,,neutral,neutral,neutral,DOWN,neutral,neutral,neutral,,,,95.84,H,-0.0476,3.262,-6.4594,loss_of_function,-1.30213476437034,0.0654683197156908,Benign,0.9032,pathogenic,https://doi.org/10.1101/2022.10.22.513328
L735S,5.11743,4.13333,4.3674879578051495,Destabilizing,Destabilizing,0.6,,,,mutations_clinvar,,False,0.6,,,,neutral,neutral,neutral,DOWN,neutral,neutral,neutral,1186706,Uncertain significance,1,95.86,H,-0.2979,1.646,-22.1395,loss_of_function,-3.60581329066013,0.8722469857693673,Pathogenic,0.9921,pathogenic,https://doi.org/10.1101/2022.10.22.513328
V736A,0.12432,1.02721,1.5319819418672294,Neutral,Neutral,37.6,,,,mutations_clinvar,,False,37.6,,,,neutral,neutral,neutral,DOWN,neutral,neutral,neutral,1787707,Uncertain significance,1,94.96,H,0.0358,3.3721,-7.2542,gain_of_function,-1.5368068036412,0.0034776927487399,Benign,0.1582,benign,https://doi.org/10.1101/2022.10.22.513328
V736G,0.77503,2.51565,2.3890693931201032,Uncertain,Uncertain,37.6,,,,mutations_clinvar,,False,37.6,,,,neutral,neutral,neutral,DOWN,neutral,neutral,neutral,1787708,Uncertain significance,1,94.96,H,-0.093,3.3721,-7.8391,loss_of_function,-1.7918988327753,0.0052951051661626,Benign,0.2015,benign,https://doi.org/10.1101/2022.10.22.513328
E737K,0.3028,0.63946,0.2587661208206643,Neutral,Neutral,63.6,,,0.508,"cBioPortal,COSMIC",,False,63.6,,,,neutral,neutral,neutral,UP,neutral,neutral,neutral,,,,94.92,H,0.045,3.1561,-3.1887,gain_of_function,-0.612979026335772,0.037609996472822,Benign,0.5879,pathogenic,https://doi.org/10.1101/2022.10.22.513328
Q738E,0.36533,0.36361,1.4305037023557268,Neutral,Neutral,16.2,,,0.342,cBioPortal,,False,16.2,,,,neutral,neutral,neutral,DOWN,neutral,neutral,neutral,,,,93.7,H,0.062,2.9557,-3.6163,gain_of_function,-1.01582914926866,0.0630640392826424,Benign,0.1551,benign,https://doi.org/10.1101/2022.10.22.513328
M739I,1.32755,1.72687,0.857639590657836,Neutral,Neutral,0.7,3.18938572431e-05,,0.322,cBioPortal,,True,0.7,,,,neutral,neutral,neutral,-,uncertain,uncertain,uncertain,,,,94.83,H,-0.019,2.1801,-2.7662,loss_of_function,-0.884442652229922,0.0096673360681211,Benign,0.7085,pathogenic,https://doi.org/10.1101/2022.10.22.513328
M739T,4.39637,3.07891,2.7439425234441104,Destabilizing,Uncertain,0.7,,,0.534,cBioPortal,,True,0.7,,,,neutral,neutral,neutral,DOWN,neutral,neutral,neutral,,,,94.83,H,-0.0919,2.1801,-6.4886,loss_of_function,-3.41270246870086,0.4317197058189468,Uncertain,0.9207,pathogenic,https://doi.org/10.1101/2022.10.22.513328
M739V,2.81086,2.34184,1.457606853384428,Uncertain,Uncertain,0.7,,,,mutations_clinvar,,True,0.7,,,,neutral,neutral,neutral,DOWN,neutral,neutral,neutral,1787820,Uncertain significance,1,94.83,H,-0.0615,2.1801,-4.8106,loss_of_function,-0.968198103332566,0.0040730867294979,Benign,0.2295,benign,https://doi.org/10.1101/2022.10.22.513328
R740K,-0.30852,-0.72857,0.2319810951796658,Neutral,Neutral,65.3,,,,mutations_clinvar,,True,65.3,,,,neutral,neutral,neutral,-,uncertain,uncertain,uncertain,584655,Uncertain significance,2,95.7,T,0.0386,2.5535,-1.9061,gain_of_function,-0.0510428711513808,0.0023981183599456,Benign,0.0639,benign,https://doi.org/10.1101/2022.10.22.513328
R740S,0.05153,0.25476,0.788584973048996,Neutral,Neutral,65.3,,,,mutations_clinvar,,True,65.3,,,,neutral,neutral,neutral,DOWN,neutral,neutral,neutral,1970733,Uncertain significance,1,95.7,T,-0.0795,2.5535,-3.4434,loss_of_function,-0.445557700068859,0.0045906489373855,Benign,0.2175,benign,https://doi.org/10.1101/2022.10.22.513328
R740W,0.01516,-0.72687,-0.2522716439316841,Neutral,Neutral,65.3,,,0.655,cBioPortal,,True,65.3,,,,neutral,neutral,neutral,UP,neutral,neutral,neutral,,,,95.7,T,-0.1919,2.5535,-22.0886,loss_of_function,-2.8355021290973,0.2119953073577269,Benign,0.2876,benign,https://doi.org/10.1101/2022.10.22.513328
R741Q,0.47763,0.30476,1.6510968415695142,Neutral,Neutral,21.9,,,0.294,"cBioPortal,COSMIC,mutations_clinvar",,True,21.9,,,,neutral,neutral,neutral,DOWN,neutral,neutral,neutral,1787955,Uncertain significance,1,92.41,S,-0.0936,1.9672,-0.6904,loss_of_function,0.123404597320371,0.0003584793420055,Benign,0.1276,benign,https://doi.org/10.1101/2022.10.22.513328
D743E,1.90916,1.57857,1.486804725843471,Neutral,Neutral,1.2,,,0.382,cBioPortal,,False,1.2,,,,neutral,neutral,neutral,UP,neutral,neutral,neutral,,,,88.84,H,0.0752,3.0817,-5.5267,gain_of_function,-1.35137197594978,0.069076288805399,Benign,0.8246,pathogenic,https://doi.org/10.1101/2022.10.22.513328
F744I,1.27945,2.95476,2.9456840250251046,Uncertain,Uncertain,1.3,,,0.284,"cBioPortal,COSMIC",,False,1.3,,,,neutral,neutral,neutral,DOWN,neutral,neutral,neutral,,,,92.71,H,-0.1501,1.7442,-6.0381,loss_of_function,-1.99750687738029,0.1316412054727302,Benign,0.728,pathogenic,https://doi.org/10.1101/2022.10.22.513328
F744L,1.19257,1.38469,2.556111482456538,Neutral,Uncertain,1.3,,,"0.304, 0.370","cBioPortal,COSMIC",,False,1.3,,,,neutral,neutral,neutral,DOWN,neutral,neutral,neutral,,,,92.71,H,-0.1133,1.7442,-6.2605,loss_of_function,-2.00368545159012,0.1701441104100775,Benign,0.9647,pathogenic,https://doi.org/10.1101/2022.10.22.513328
D746V,-0.15695,0.30408,-0.1416221165430481,Neutral,Neutral,66.9,,,0.697,"cBioPortal,COSMIC",,False,66.9,,,,neutral,neutral,neutral,UP,neutral,neutral,neutral,,,,93.07,H,-0.1898,1.4951,-8.8485,loss_of_function,-2.31702426592269,0.0657188877874186,Benign,0.4218,ambiguous,https://doi.org/10.1101/2022.10.22.513328
D746Y,-0.16045,0.83707,-0.15689583105634,Neutral,Neutral,66.9,,,0.778,"cBioPortal,COSMIC",,False,66.9,,,,neutral,neutral,neutral,UP,neutral,neutral,neutral,,,,93.07,H,-0.2556,1.4951,-22.1363,loss_of_function,-2.79516224823198,0.2897252739112203,Benign,0.5749,pathogenic,https://doi.org/10.1101/2022.10.22.513328
A747T,-0.28104,0.37313,0.8957695962161094,Neutral,Neutral,2.3,,,,mutations_clinvar,,False,2.3,,,,neutral,neutral,neutral,UP,neutral,neutral,neutral,2495968,Uncertain significance,1,94.71,H,-0.0592,1.6582,-2.737,loss_of_function,-1.07415914526607,0.0345056443185538,Benign,0.1788,benign,https://doi.org/10.1101/2022.10.22.513328
A747V,0.83623,-0.49422,0.1245151443512965,Neutral,Neutral,2.3,,,0.618,COSMIC,,False,2.3,,,,neutral,neutral,neutral,UP,neutral,neutral,neutral,,,,94.71,H,-0.0712,1.6582,-5.6756,loss_of_function,-1.5683919347005,0.0591765599479471,Benign,0.3383,benign,https://doi.org/10.1101/2022.10.22.513328
L748I,3.55547,4.31293,2.8632033185106067,Destabilizing,Uncertain,0.3,,,0.412,"cBioPortal,COSMIC",,False,0.3,,,,neutral,neutral,neutral,-,uncertain,uncertain,uncertain,,,,97.33,S,-0.1203,0.9352,-5.145,loss_of_function,-1.87215619920045,0.1686552675400348,Benign,0.4555,ambiguous,https://doi.org/10.1101/2022.10.22.513328
L748V,4.376,2.19626,3.246909495754277,Uncertain,Destabilizing,0.3,,,0.490,cBioPortal,,False,0.3,,,,neutral,neutral,neutral,DOWN,neutral,neutral,neutral,,,,97.33,S,-0.1593,0.9352,-5.6756,loss_of_function,-1.82501438003313,0.3344517001193797,Uncertain,0.4431,ambiguous,https://doi.org/10.1101/2022.10.22.513328
Q749H,4.27685,2.0585,0.3261570237128036,Uncertain,Uncertain,20.6,,,0.514,"cBioPortal,COSMIC",,False,20.6,,,,neutral,neutral,neutral,UP,neutral,neutral,neutral,,,,97.51,S,-0.0394,1.9724,-6.5576,loss_of_function,-2.22466232338713,0.1129808752577314,Benign,0.7223,pathogenic,https://doi.org/10.1101/2022.10.22.513328
G750A,2.82629,0.45612,0.8578023573435156,Uncertain,Uncertain,99.8,,,0.366,COSMIC,,True,99.8,,,,neutral,neutral,neutral,UP,neutral,neutral,neutral,,,,96.94,S,-0.0736,2.5725,-7.8703,loss_of_function,-0.868223424612994,0.0298981452385991,Benign,0.1636,benign,https://doi.org/10.1101/2022.10.22.513328
F751L,1.97703,1.37143,1.4317802883763264,Neutral,Neutral,4.0,,,,mutations_clinvar,,True,4.0,,,,neutral,neutral,neutral,DOWN,neutral,neutral,destabilizing,1788446,Uncertain significance,1,98.29,E,-0.0731,1.8899,-1.0,loss_of_function,-1.40217261999024,0.02862761533781,Benign,0.9516,pathogenic,https://doi.org/10.1101/2022.10.22.513328
L752P,-0.15722,1.43537,3.097954882270911,Neutral,Uncertain,19.0,,,,mutations_clinvar,,True,19.0,,,,neutral,neutral,neutral,DOWN,neutral,neutral,neutral,1788516,Uncertain significance,1,98.58,E,-0.1149,3.2123,-4.1216,loss_of_function,-1.31772983941973,0.0017072942459609,Benign,0.1993,benign,https://doi.org/10.1101/2022.10.22.513328
L752V,1.9868,0.63163,0.9493106384769842,Neutral,Neutral,19.0,,,0.177,"cBioPortal,COSMIC",,True,19.0,,,,neutral,neutral,neutral,DOWN,neutral,neutral,neutral,,,,98.58,E,0.0621,3.2123,-3.353,gain_of_function,-0.132742108619071,0.0125220127593054,Benign,0.0682,benign,https://doi.org/10.1101/2022.10.22.513328
P754T,4.74656,1.61735,0.7473653355871529,Uncertain,Uncertain,0.5,,,,mutations_clinvar,,True,0.5,,,,neutral,neutral,neutral,-,uncertain,uncertain,uncertain,2447334,Uncertain significance,1,98.71,T,-0.3183,0.2274,-22.1825,loss_of_function,-4.80178323951928,0.5626061099673606,Uncertain,0.9823,pathogenic,https://doi.org/10.1101/2022.10.22.513328
L755V,2.27639,2.0551,2.059533527749021,Uncertain,Uncertain,8.2,,,0.667,cBioPortal,,True,8.2,,,,neutral,neutral,neutral,DOWN,neutral,neutral,destabilizing,,,,98.59,T,-0.2173,0.3406,-6.3098,loss_of_function,-1.95171039139319,0.0895220716063717,Benign,0.4988,ambiguous,https://doi.org/10.1101/2022.10.22.513328
N756Y,-1.15517,2.03435,0.6317194907323828,Uncertain,Neutral,43.6,,,,mutations_clinvar,,False,43.6,,,,neutral,neutral,neutral,UP,neutral,neutral,neutral,1788704,Uncertain significance,1,98.33,E,-0.1746,1.3798,-8.8947,loss_of_function,-3.14574025913845,0.2405766608975321,Benign,0.3949,ambiguous,https://doi.org/10.1101/2022.10.22.513328
P757L,0.5926,-0.32823,-0.738599761408914,Neutral,Neutral,13.6,,,0.689,"cBioPortal,COSMIC",,False,13.6,,,,neutral,neutral,neutral,UP,neutral,neutral,neutral,,,,98.24,E,-0.2227,0.8428,-7.3098,loss_of_function,-4.21289450886712,0.0871538520028993,Benign,0.8824,pathogenic,https://doi.org/10.1101/2022.10.22.513328
P757S,2.16185,1.78095,0.988241087922935,Uncertain,Uncertain,13.6,,,,mutations_clinvar,,False,13.6,,,,neutral,neutral,neutral,DOWN,neutral,neutral,neutral,1788736,Uncertain significance,1,98.24,E,-0.1674,0.8428,-6.0874,loss_of_function,-3.01781879177174,0.0090716650017893,Benign,0.8085,pathogenic,https://doi.org/10.1101/2022.10.22.513328
P757T,2.44745,1.42823,0.7017028912695824,Uncertain,Uncertain,13.6,,,,mutations_clinvar,,False,13.6,,,,neutral,neutral,neutral,-,uncertain,uncertain,uncertain,1788731,Uncertain significance,1,98.24,E,-0.182,0.8428,-6.5729,loss_of_function,-3.27413442730496,0.046672998152147,Benign,0.7767,pathogenic,https://doi.org/10.1101/2022.10.22.513328
A758T,0.21781,0.17007,1.039895180780216,Neutral,Neutral,19.2,,,,mutations_clinvar,,False,19.2,,,,neutral,neutral,neutral,UP,neutral,neutral,neutral,1788810,Uncertain significance,1,98.3,E,0.0002,2.4337,-5.0783,gain_of_function,-0.895532862643322,0.0034184990470981,Benign,0.1269,benign,https://doi.org/10.1101/2022.10.22.513328
H759N,0.91018,0.35884,0.8268081738776883,Neutral,Neutral,26.5,,,0.480,"cBioPortal,COSMIC",,False,26.5,,,,neutral,neutral,neutral,DOWN,neutral,neutral,neutral,,,,98.64,E,0.0535,3.054,-7.3037,gain_of_function,-1.62045881497774,0.0325482899159447,Benign,0.3313,benign,https://doi.org/10.1101/2022.10.22.513328
Q760E,1.00264,0.19014,1.3691142980246556,Neutral,Neutral,47.1,,,0.374,COSMIC,,False,47.1,,,,neutral,neutral,neutral,DOWN,neutral,neutral,neutral,,,,98.49,E,0.0452,2.9105,-6.0874,gain_of_function,-1.12124576736313,0.0055261318061739,Benign,0.1976,benign,https://doi.org/10.1101/2022.10.22.513328
Q760K,-0.15547,-0.38061,1.0988583619371874,Neutral,Neutral,47.1,,,0.377,COSMIC,,False,47.1,,,,neutral,neutral,neutral,UP,neutral,neutral,neutral,,,,98.49,E,0.0296,2.9105,-3.6469,gain_of_function,-1.19413322857519,0.0021988719330292,Benign,0.1896,benign,https://doi.org/10.1101/2022.10.22.513328
N763K,-0.32173,-0.35476,0.0176560676897785,Neutral,Neutral,78.8,,,,mutations_clinvar,,False,78.8,,,,neutral,neutral,neutral,UP,neutral,neutral,neutral,1789052,Uncertain significance,1,98.14,S,0.0343,2.9651,-3.9009,gain_of_function,-1.24067473348979,0.0051913226186583,Benign,0.1272,benign,https://doi.org/10.1101/2022.10.22.513328
N763S,-0.14503,-0.19116,0.4424116223589031,Neutral,Neutral,78.8,,,,mutations_clinvar,,False,78.8,,,,neutral,neutral,neutral,DOWN,neutral,neutral,neutral,1789037,Uncertain significance,1,98.14,S,0.0629,2.9651,-4.8134,gain_of_function,-0.439501946087426,0.0069380800846403,Benign,0.0685,benign,https://doi.org/10.1101/2022.10.22.513328
L766F,2.79756,-0.2483,0.8765268981271087,Uncertain,Uncertain,10.8,,,0.548,"cBioPortal,COSMIC",,False,10.8,,,,neutral,neutral,neutral,UP,neutral,neutral,neutral,,,,96.08,T,-0.0535,2.4275,-7.3189,loss_of_function,-0.83453557849834,0.0868848568585641,Benign,0.4522,ambiguous,https://doi.org/10.1101/2022.10.22.513328
L766I,0.97519,1.39966,0.9972244022667722,Neutral,Neutral,10.8,,,0.379,"cBioPortal,COSMIC,mutations_clinvar",,False,10.8,,,,neutral,neutral,neutral,-,uncertain,uncertain,uncertain,2453436,Uncertain significance,1,96.08,T,0.026,2.4275,-3.3803,gain_of_function,-0.905163880082166,0.0040026649589888,Benign,0.1217,benign,https://doi.org/10.1101/2022.10.22.513328
E767Q,0.36983,0.01973,0.5458072375682066,Neutral,Neutral,79.9,,,0.420,cBioPortal,,False,79.9,,,,neutral,neutral,neutral,UP,neutral,neutral,neutral,,,,95.67,T,-0.0753,1.5731,-7.9068,loss_of_function,-1.5695194294668,0.1117869938997915,Benign,0.2591,benign,https://doi.org/10.1101/2022.10.22.513328
E768Q,-0.14823,0.20816,0.2573742420721608,Neutral,Neutral,54.1,,,0.303,"cBioPortal,COSMIC",,False,54.1,,,,neutral,neutral,neutral,UP,neutral,neutral,stabilizing,,,,96.47,T,0.038,2.5259,-2.8815,gain_of_function,-0.956988581799452,0.0169132050670696,Benign,0.2816,benign,https://doi.org/10.1101/2022.10.22.513328
R770L,0.43897,0.31293,0.1711228912913193,Neutral,Neutral,49.8,,,0.731,COSMIC,,True,49.8,,,,neutral,neutral,neutral,DOWN,neutral,neutral,neutral,,,,97.67,E,-0.2467,1.7969,-22.1916,loss_of_function,-3.05961143927611,0.1054940355033676,Benign,0.9533,pathogenic,https://doi.org/10.1101/2022.10.22.513328
R770Q,0.30144,0.55612,0.8248430227130218,Neutral,Neutral,49.8,,2.01055137361e-05,0.585,"cBioPortal,COSMIC,mutations_clinvar",,True,49.8,,,,neutral,neutral,neutral,DOWN,neutral,neutral,neutral,872914,Uncertain significance,1,97.67,E,-0.1512,1.7969,-8.9037,loss_of_function,-2.74315564053815,0.0926208892816957,Benign,0.6021,pathogenic,https://doi.org/10.1101/2022.10.22.513328
S773F,-0.30857,0.86293,-0.7468832223823679,Neutral,Neutral,106.9,,,0.706,"cBioPortal,COSMIC",,True,106.9,,,,uncertain,,,UP,neutral,neutral,stabilizing,,,,88.19,S,-0.2402,1.2837,-22.1916,loss_of_function,-4.97681827320526,0.649834943104971,Uncertain,0.9408,pathogenic,https://doi.org/10.1101/2022.10.22.513328
S773P,-0.63407,-0.68061,-0.3736332168190098,Neutral,Neutral,106.9,,,0.624,COSMIC,,True,106.9,,,,uncertain,,,UP,neutral,neutral,stabilizing,,,,88.19,S,-0.3156,1.2837,-22.1916,loss_of_function,-3.00151809685307,0.0453164681133948,Benign,0.822,pathogenic,https://doi.org/10.1101/2022.10.22.513328
A775T,0.17185,0.36327,-0.1245034065637934,Neutral,Neutral,106.6,,,0.554,COSMIC,,True,106.6,,,,neutral,neutral,neutral,UP,neutral,neutral,stabilizing,,,,86.47,T,-0.2362,0.8134,-22.1886,loss_of_function,-3.93074845289414,0.8205907586161544,Pathogenic,0.9894,pathogenic,https://doi.org/10.1101/2022.10.22.513328
R777K,-0.09896,0.21122,1.4327474462456964,Neutral,Neutral,18.1,,,0.436,"cBioPortal,COSMIC",,True,18.1,,,,neutral,neutral,neutral,-,uncertain,uncertain,uncertain,,,,91.87,-,-0.0714,1.2994,-0.8565,loss_of_function,-1.31651344529097,0.0171350848143694,Benign,0.4407,ambiguous,https://doi.org/10.1101/2022.10.22.513328
R777M,-0.5026,3.3551,0.134944255860252,Uncertain,Neutral,18.1,,,0.801,"cBioPortal,COSMIC",,True,18.1,,,,neutral,neutral,neutral,DOWN,neutral,neutral,neutral,,,,91.87,-,-0.2584,1.2994,-22.1886,loss_of_function,-2.67893820805432,0.282596960402389,Benign,0.9837,pathogenic,https://doi.org/10.1101/2022.10.22.513328
R777S,0.89852,1.93333,1.89173263125406,Neutral,Neutral,18.1,,,0.619,"cBioPortal,mutations_clinvar",,True,18.1,,,,neutral,neutral,neutral,DOWN,neutral,neutral,neutral,424494,Uncertain significance,1,91.87,-,-0.2906,1.2994,-22.1886,loss_of_function,-3.38652509225487,0.5627405240839439,Uncertain,0.9975,pathogenic,https://doi.org/10.1101/2022.10.22.513328
P778S,4.22489,2.04082,1.0539974169080957,Uncertain,Uncertain,5.0,,,0.902,"cBioPortal,COSMIC",,True,5.0,,,,neutral,neutral,neutral,DOWN,neutral,neutral,neutral,,,,96.48,-,-0.3271,0.0001,-22.1856,loss_of_function,-7.68376228835877,0.98010727940855,Pathogenic,0.9998,pathogenic,https://doi.org/10.1101/2022.10.22.513328
L779M,-0.17687,1.18333,1.4960855311914905,Neutral,Neutral,0.5,,,0.645,"cBioPortal,COSMIC",,True,0.5,,,,neutral,neutral,neutral,-,uncertain,uncertain,uncertain,,,,98.37,E,-0.2272,0.2348,-8.8977,loss_of_function,-3.62780313647299,0.2748947605383659,Benign,0.7603,pathogenic,https://doi.org/10.1101/2022.10.22.513328
L779R,5.92652,5.81497,3.5738877548851664,Destabilizing,Destabilizing,0.5,,,0.922,COSMIC,,True,0.5,,,,neutral,neutral,neutral,UP,neutral,neutral,neutral,,,,98.37,E,-0.4778,0.2348,-22.1856,loss_of_function,-7.69207290169933,0.9594276516373657,Pathogenic,0.9981,pathogenic,https://doi.org/10.1101/2022.10.22.513328
W780C,2.71608,2.10612,6.078742191576814,Uncertain,Uncertain,19.1,,,0.707,"cBioPortal,COSMIC",,True,19.1,,,,neutral,neutral,neutral,DOWN,neutral,neutral,neutral,,,,98.36,E,-0.3638,0.7649,-6.9039,loss_of_function,-3.81255833834901,0.1434941731491932,Benign,0.9857,pathogenic,https://doi.org/10.1101/2022.10.22.513328
W780R,2.33824,1.28061,5.601237225066311,Uncertain,Uncertain,19.1,,,0.802,cBioPortal,,True,19.1,,,,neutral,neutral,neutral,DOWN,neutral,neutral,neutral,,,,98.36,E,-0.4058,0.7649,-5.7339,loss_of_function,-2.20002887774778,0.1066962002592829,Benign,0.9938,pathogenic,https://doi.org/10.1101/2022.10.22.513328
L781W,7.43691,3.98401,1.9308237873708805,Destabilizing,Uncertain,0.4,,,0.904,COSMIC,,False,0.4,,,,neutral,neutral,neutral,UP,neutral,neutral,neutral,,,,98.57,E,-0.3183,1.4519,-22.1916,loss_of_function,-4.42839445048562,0.9761671528657324,Pathogenic,0.998,pathogenic,https://doi.org/10.1101/2022.10.22.513328
N782S,0.66816,0.44966,2.095481062183459,Neutral,Uncertain,3.0,,,0.299,COSMIC,,False,3.0,,,,neutral,neutral,neutral,DOWN,neutral,neutral,neutral,,,,98.56,E,-0.0282,2.0731,-6.5819,loss_of_function,-0.856681958090873,0.0021095735041848,Benign,0.0853,benign,https://doi.org/10.1101/2022.10.22.513328
W783L,5.46162,4.6017,3.986984658045361,Destabilizing,Destabilizing,1.5,,,0.785,cBioPortal,,False,1.5,,,,neutral,neutral,neutral,DOWN,neutral,neutral,neutral,,,,98.75,E,-0.2821,1.7133,-5.7309,loss_of_function,-2.40246925513407,0.2965656684291388,Benign,0.992,pathogenic,https://doi.org/10.1101/2022.10.22.513328
E784D,0.47454,0.24728,0.5015017028590502,Neutral,Neutral,41.4,,,0.422,"cBioPortal,COSMIC",,False,41.4,,,,neutral,neutral,neutral,DOWN,neutral,neutral,neutral,,,,98.51,E,0.0421,2.6456,-5.5668,gain_of_function,-0.231488014078025,0.0220925216826451,Benign,0.1845,benign,https://doi.org/10.1101/2022.10.22.513328
P786A,1.47344,1.39082,-0.0788033287126327,Neutral,Neutral,37.1,,,,mutations_clinvar,,False,37.1,,,,neutral,neutral,neutral,DOWN,neutral,neutral,neutral,2453439,Uncertain significance,1,98.01,-,0.044,3.0097,-3.6724,gain_of_function,-0.800079528990681,0.0264353929193999,Benign,0.2659,benign,https://doi.org/10.1101/2022.10.22.513328
D787E,1.02268,1.28265,1.6292112398817016,Neutral,Neutral,17.3,,,0.574,cBioPortal,,False,17.3,,,,neutral,neutral,neutral,UP,neutral,neutral,neutral,,,,97.46,-,0.0203,2.3338,-2.8042,gain_of_function,-1.36211024593505,0.0491381164330824,Benign,0.96,pathogenic,https://doi.org/10.1101/2022.10.22.513328
D787Y,1.86114,1.93027,1.1276763129283456,Neutral,Neutral,17.3,,,0.915,cBioPortal,,False,17.3,,,,neutral,neutral,neutral,UP,neutral,neutral,neutral,,,,97.46,-,-0.1784,2.3338,-22.1363,loss_of_function,-2.04020689524986,0.6909981385863005,Pathogenic,0.9914,pathogenic,https://doi.org/10.1101/2022.10.22.513328
I788F,0.98375,1.10782,0.4768342396675834,Neutral,Neutral,44.8,,,,mutations_clinvar,,False,44.8,,,,neutral,neutral,neutral,UP,neutral,neutral,neutral,1480045,Uncertain significance,1,95.83,T,0.0305,3.5462,-4.3125,gain_of_function,-1.38574296046414,0.0053088545244374,Benign,0.1425,benign,https://doi.org/10.1101/2022.10.22.513328
I788T,1.68026,0.6034,1.0086308471715637,Neutral,Neutral,44.8,,,0.390,COSMIC,,False,44.8,,,,neutral,neutral,neutral,DOWN,neutral,neutral,mixed_effects,,,,95.83,T,0.0358,3.5462,-3.9781,gain_of_function,-0.956287759065475,0.0031433404951027,Benign,0.249,benign,https://doi.org/10.1101/2022.10.22.513328
I788V,1.26267,0.54048,0.4416343695050745,Neutral,Neutral,44.8,,4.0145164916e-06,0.336,COSMIC,,False,44.8,,,,neutral,neutral,neutral,DOWN,neutral,neutral,mixed_effects,,,,95.83,T,0.1506,3.5462,-3.4437,gain_of_function,-1.03009946135064,0.0033745512587584,Benign,0.0595,benign,https://doi.org/10.1101/2022.10.22.513328
M789L,-0.16782,-0.77483,0.5453017925330996,Neutral,Neutral,0.1,,,0.331,"cBioPortal,COSMIC",,False,0.1,,,,neutral,neutral,neutral,-,uncertain,uncertain,uncertain,,,,96.97,T,0.1239,3.4371,-3.8913,gain_of_function,-1.03276708724748,0.0105127738589536,Benign,0.3981,ambiguous,https://doi.org/10.1101/2022.10.22.513328
M789V,2.78855,0.74524,1.6878323695844497,Uncertain,Uncertain,0.1,,,,mutations_clinvar,,False,0.1,,,,neutral,neutral,neutral,DOWN,neutral,neutral,neutral,1051843,Uncertain significance,1,96.97,T,0.053,3.4371,-5.0381,gain_of_function,-1.5249960463436,0.1291765175780252,Benign,0.7045,pathogenic,https://doi.org/10.1101/2022.10.22.513328
S790P,2.42901,2.41633,2.8853315586495354,Uncertain,Uncertain,16.3,,,,mutations_clinvar,,False,16.3,,,,uncertain,,,UP,neutral,neutral,neutral,1429104,Uncertain significance,2,97.22,G,-0.1902,1.9071,-8.8609,loss_of_function,-2.13565161609547,0.1274859095117264,Benign,0.9911,pathogenic,https://doi.org/10.1101/2022.10.22.513328
E791Q,0.24537,0.22415,0.7553097298215394,Neutral,Neutral,40.0,,,0.231,"cBioPortal,COSMIC",,False,40.0,,,,neutral,neutral,neutral,UP,neutral,neutral,neutral,,,,96.25,G,0.0012,2.2707,-5.4918,gain_of_function,-1.21237826337151,0.0281459208645841,Benign,0.5904,pathogenic,https://doi.org/10.1101/2022.10.22.513328
L793Q,1.65083,1.98673,1.943948646802952,Neutral,Neutral,27.6,,,0.499,cBioPortal,,False,27.6,,,,neutral,neutral,neutral,DOWN,neutral,neutral,neutral,,,,96.64,T,-0.1358,2.5499,-8.5468,loss_of_function,-2.78199892628166,,,0.4719,ambiguous,https://doi.org/10.1101/2022.10.22.513328
F794L,1.37542,0.72313,1.4750478765405013,Neutral,Neutral,21.8,,,,mutations_clinvar,,False,21.8,,,,neutral,neutral,neutral,DOWN,neutral,neutral,mixed_effects,1675938,Uncertain significance,1,96.68,-,-0.0341,2.4887,-4.1632,loss_of_function,-0.885772373415485,,,0.9739,pathogenic,https://doi.org/10.1101/2022.10.22.513328
F794Y,1.69996,0.78571,0.5781905234185458,Neutral,Neutral,21.8,,,,mutations_clinvar,,False,21.8,,,,neutral,neutral,neutral,-,uncertain,uncertain,uncertain,1059107,Uncertain significance,1,96.68,-,-0.0077,2.4887,-1.7709,loss_of_function,-0.822299573809656,,,0.3061,benign,https://doi.org/10.1101/2022.10.22.513328
Q795E,-0.1059,0.02925,-0.2228590066452646,Neutral,Neutral,68.5,,,0.299,cBioPortal,,False,68.5,,,,neutral,neutral,neutral,DOWN,neutral,neutral,neutral,,,,97.83,S,0.0855,3.2591,-4.479,gain_of_function,-0.26584856094063,,,0.0957,benign,https://doi.org/10.1101/2022.10.22.513328
E798K,0.07964,0.90748,0.3721920853402277,Neutral,Neutral,18.0,3.18755578223e-05,,0.449,"cBioPortal,COSMIC,mutations_clinvar",,False,18.0,,,,neutral,neutral,neutral,UP,neutral,neutral,neutral,971035,Uncertain significance,1,98.67,E,-0.031,2.4073,-4.5707,loss_of_function,-1.51921369794076,0.0017165556212069,Benign,0.8385,pathogenic,https://doi.org/10.1101/2022.10.22.513328
E798Q,-0.13243,-0.31429,-0.0414729767498023,Neutral,Neutral,18.0,,,0.377,cBioPortal,,False,18.0,,,,neutral,neutral,neutral,UP,neutral,neutral,neutral,,,,98.67,E,0.0171,2.4073,-4.8509,gain_of_function,-1.64392910576398,0.0067154642256365,Benign,0.383,ambiguous,https://doi.org/10.1101/2022.10.22.513328
I799F,0.28509,1.51939,1.9382842444078745,Neutral,Neutral,2.2,,,0.671,COSMIC,,False,2.2,,,,neutral,neutral,neutral,UP,neutral,neutral,neutral,,,,98.81,E,-0.1962,1.1807,-6.0874,loss_of_function,-2.31723932945006,0.0928759663982559,Benign,0.7512,pathogenic,https://doi.org/10.1101/2022.10.22.513328
F801C,5.02634,3.36735,5.2128859958154745,Destabilizing,Destabilizing,0.0,,,0.933,cBioPortal,,False,0.0,,,,neutral,neutral,neutral,DOWN,neutral,neutral,neutral,,,,98.61,E,-0.3524,0.7034,-22.1856,loss_of_function,-5.09491045333447,0.6815908375391252,Pathogenic,0.9924,pathogenic,https://doi.org/10.1101/2022.10.22.513328
N803I,1.3931,0.25068,0.1855203959701229,Neutral,Neutral,13.5,,,0.721,cBioPortal,,False,13.5,,,,neutral,neutral,neutral,UP,neutral,neutral,neutral,,,,96.25,E,-0.19,1.117,-5.3129,loss_of_function,-2.19678814389966,0.1922056709468567,Benign,0.901,pathogenic,https://doi.org/10.1101/2022.10.22.513328
G804R,3.9111,3.18673,0.8498206749577444,Destabilizing,Uncertain,30.7,,,0.894,cBioPortal,,False,30.7,,,,neutral,neutral,neutral,UP,neutral,neutral,neutral,,,,93.17,S,-0.4539,0.0651,-22.1856,loss_of_function,-6.25778246659785,0.9973841480543604,Pathogenic,0.9995,pathogenic,https://doi.org/10.1101/2022.10.22.513328
D805N,-0.07688,0.14728,0.3929614659266234,Neutral,Neutral,40.4,,,0.862,COSMIC,,False,40.4,,,,neutral,neutral,neutral,-,uncertain,uncertain,uncertain,,,,93.24,S,-0.3075,0.0826,-22.1856,loss_of_function,-3.71244149612416,0.9808898488817864,Pathogenic,0.9982,pathogenic,https://doi.org/10.1101/2022.10.22.513328
R808Q,0.74889,2.60816,1.1623434932097334,Uncertain,Neutral,23.3,,4.0771727253e-06,0.914,"COSMIC,mutations_clinvar",,False,23.3,,,,neutral,neutral,neutral,DOWN,neutral,neutral,neutral,1468873,Uncertain significance,1,97.01,H,-0.3784,0.065,-22.1886,loss_of_function,-4.61319704892002,0.5427660259262714,Uncertain,0.9816,pathogenic,https://doi.org/10.1101/2022.10.22.513328
R808W,-0.40285,1.15782,-0.8144017106368895,Neutral,Neutral,23.3,,4.0739835411e-06,0.866,"cBioPortal,COSMIC,mutations_clinvar",,False,23.3,,,,neutral,neutral,neutral,UP,neutral,neutral,neutral,403912,Uncertain significance,2,97.01,H,-0.4214,0.065,-22.1886,loss_of_function,-7.45252637371706,0.9877475619817534,Pathogenic,0.9977,pathogenic,https://doi.org/10.1101/2022.10.22.513328
Q809H,3.12283,1.39286,0.9492235826083506,Uncertain,Uncertain,5.8,,,0.918,COSMIC,,False,5.8,,,,neutral,neutral,neutral,UP,neutral,neutral,neutral,,,,94.63,H,-0.2947,0.065,-22.1886,loss_of_function,-7.77004489399889,0.9944637096834954,Pathogenic,0.9999,pathogenic,https://doi.org/10.1101/2022.10.22.513328
D810H,2.91965,1.25918,-0.2108742489371073,Uncertain,Uncertain,11.1,,,0.970,cBioPortal,,False,11.1,,,,neutral,neutral,neutral,UP,neutral,neutral,neutral,,,,96.48,H,-0.3518,0.065,-22.1886,loss_of_function,-7.77052709891792,0.997330020420248,Pathogenic,0.9999,pathogenic,https://doi.org/10.1101/2022.10.22.513328
D810N,1.51093,0.9085,0.3945229497799202,Neutral,Neutral,11.1,,,0.908,cBioPortal,,False,11.1,,,,neutral,neutral,neutral,-,uncertain,uncertain,uncertain,,,,96.48,H,-0.2413,0.065,-8.9007,loss_of_function,-4.66789608279203,0.997731641775912,Pathogenic,0.9996,pathogenic,https://doi.org/10.1101/2022.10.22.513328
D810Y,3.26031,-0.06361,-0.8045316955635134,Uncertain,Uncertain,11.1,,,0.966,cBioPortal,,False,11.1,,,,neutral,neutral,neutral,UP,neutral,neutral,neutral,,,,96.48,H,-0.3874,0.065,-22.1886,loss_of_function,-7.77052709891792,0.9977637247059749,Pathogenic,0.9994,pathogenic,https://doi.org/10.1101/2022.10.22.513328
M811I,0.00472,-0.00136,0.3146345621219681,Neutral,Neutral,8.9,,,0.850,"cBioPortal,COSMIC",,True,8.9,,,,neutral,neutral,neutral,-,uncertain,uncertain,uncertain,,,,98.11,H,-0.2379,0.1414,-8.9007,loss_of_function,-2.7222708713349,0.2630604105744568,Benign,0.9863,pathogenic,https://doi.org/10.1101/2022.10.22.513328
Q815E,2.95138,3.32075,1.4751971384510087,Uncertain,Uncertain,10.7,,,0.909,cBioPortal,,True,10.7,,,,neutral,neutral,neutral,DOWN,neutral,neutral,neutral,,,,98.45,H,-0.2289,0.0867,-8.8977,loss_of_function,-3.62339988710159,0.843317451473516,Pathogenic,0.8397,pathogenic,https://doi.org/10.1101/2022.10.22.513328
I816M,0.013,0.51633,1.3087741674892173,Neutral,Neutral,0.1,,,0.463,"cBioPortal,COSMIC",,True,0.1,,,,neutral,neutral,neutral,-,uncertain,uncertain,uncertain,,,,98.56,H,-0.0578,1.6353,-0.9118,loss_of_function,-0.829522975158121,0.0025387654904192,Benign,0.2499,benign,https://doi.org/10.1101/2022.10.22.513328
I816N,3.40085,2.08844,2.9517810298063853,Uncertain,Uncertain,0.1,,,0.898,"cBioPortal,COSMIC",,True,0.1,,,,neutral,neutral,neutral,DOWN,neutral,neutral,neutral,,,,98.56,H,-0.3127,1.6353,-22.1825,loss_of_function,-4.33083166042536,0.5009612699151914,Uncertain,0.9715,pathogenic,https://doi.org/10.1101/2022.10.22.513328
I816S,4.43963,3.20748,4.268724787375264,Destabilizing,Destabilizing,0.1,,,0.881,"cBioPortal,COSMIC",,True,0.1,,,,neutral,neutral,neutral,DOWN,neutral,neutral,neutral,,,,98.56,H,-0.3161,1.6353,-22.1825,loss_of_function,-3.26495385405199,0.1243565388196069,Benign,0.9674,pathogenic,https://doi.org/10.1101/2022.10.22.513328
I816T,3.60613,2.20952,3.001370906861686,Uncertain,Destabilizing,0.1,,,0.791,cBioPortal,,True,0.1,,,,neutral,neutral,neutral,DOWN,neutral,neutral,neutral,,,,98.56,H,-0.1533,1.6353,-6.5729,loss_of_function,-1.56821074011615,0.0395518251161811,Benign,0.9048,pathogenic,https://doi.org/10.1101/2022.10.22.513328
R818C,0.93019,1.08639,1.8102066608476524,Neutral,Neutral,50.1,,,0.838,"cBioPortal,COSMIC",,True,50.1,,,,neutral,neutral,neutral,DOWN,neutral,neutral,neutral,,,,98.36,H,-0.1794,1.8617,-8.8977,loss_of_function,-2.55794605610293,0.5194446478308155,Uncertain,0.4186,ambiguous,https://doi.org/10.1101/2022.10.22.513328
R818H,0.47088,0.21429,0.8640177690696949,Neutral,Neutral,50.1,,8.0767615417e-06,0.665,"cBioPortal,COSMIC,mutations_clinvar",,True,50.1,,,,neutral,neutral,neutral,DOWN,neutral,neutral,neutral,456540,Uncertain significance,1,98.36,H,-0.1219,1.8617,-5.3129,loss_of_function,-1.98350272125766,0.171388617561307,Benign,0.2493,benign,https://doi.org/10.1101/2022.10.22.513328
R818L,-0.48003,0.0568,0.2010091405181369,Neutral,Neutral,50.1,,4.0383807708e-06,0.716,cBioPortal,,True,50.1,,,,neutral,neutral,neutral,DOWN,neutral,neutral,neutral,,,,98.36,H,-0.2407,1.8617,-22.1856,loss_of_function,-1.75407626294562,0.0806725757947438,Benign,0.7185,pathogenic,https://doi.org/10.1101/2022.10.22.513328
I819M,1.23828,2.65646,1.5923029236111297,Uncertain,Neutral,3.2,,,,mutations_clinvar,,True,3.2,,,,neutral,neutral,neutral,-,uncertain,uncertain,uncertain,2562483,Uncertain significance,1,98.25,H,-0.1209,1.3369,-7.8978,loss_of_function,-1.78064204675089,0.1084791128651912,Benign,0.6142,pathogenic,https://doi.org/10.1101/2022.10.22.513328
M820V,5.33464,2.37891,1.7811057938019992,Uncertain,Uncertain,0.1,,,,mutations_clinvar,,True,0.1,,,,neutral,neutral,neutral,DOWN,neutral,neutral,neutral,1480032,Uncertain significance,1,98.63,H,-0.3381,0.1378,-22.1825,loss_of_function,-2.74180574261733,0.4508312157385791,Uncertain,0.9854,pathogenic,https://doi.org/10.1101/2022.10.22.513328
I823V,1.17518,0.50408,1.241034973626978,Neutral,Neutral,11.2,,,0.449,COSMIC,,False,11.2,,,,neutral,neutral,neutral,DOWN,neutral,neutral,neutral,,,,97.17,H,-0.0942,1.0769,-6.8978,loss_of_function,-2.12624780158017,0.1338346944482656,Benign,0.3374,benign,https://doi.org/10.1101/2022.10.22.513328
Q825H,-0.35584,0.42347,0.263541857777026,Neutral,Neutral,10.4,,,,mutations_clinvar,,False,10.4,,,,neutral,neutral,neutral,UP,neutral,neutral,stabilizing,1791825,Uncertain significance,1,94.32,H,-0.128,1.0847,-7.8978,loss_of_function,-2.85075695750882,0.081010005174959,Benign,0.8655,pathogenic,https://doi.org/10.1101/2022.10.22.513328
N826D,0.85591,0.55272,0.2744522103231667,Neutral,Neutral,80.1,,,,mutations_clinvar,,False,80.1,,,,neutral,neutral,neutral,-,uncertain,uncertain,uncertain,1791838,Uncertain significance,1,92.16,H,0.022,2.8817,-4.8074,gain_of_function,-1.0277081679439,0.0113433548071663,Benign,0.3401,ambiguous,https://doi.org/10.1101/2022.10.22.513328
N826S,0.15577,-0.2881,0.5000262855711026,Neutral,Neutral,80.1,,,0.227,COSMIC,,False,80.1,,,,neutral,neutral,neutral,DOWN,neutral,neutral,neutral,,,,92.16,H,0.0595,2.8817,-3.9879,gain_of_function,-0.305760043059348,0.0086807946526159,Benign,0.1343,benign,https://doi.org/10.1101/2022.10.22.513328
Q827H,-0.79544,0.69252,-0.0001350345578704,Neutral,Neutral,41.3,,,0.583,COSMIC,,False,41.3,,,,neutral,neutral,neutral,UP,neutral,neutral,stabilizing,,,,92.81,T,-0.0319,1.962,-4.8948,loss_of_function,-2.83268532747275,0.0039043721635656,Benign,0.4043,ambiguous,https://doi.org/10.1101/2022.10.22.513328
G828S,2.79786,1.35102,1.1404655013075005,Uncertain,Uncertain,44.5,,,0.741,COSMIC,,False,44.5,,,,neutral,neutral,neutral,UP,neutral,neutral,stabilizing,,,,93.25,T,-0.2222,0.9352,-6.3098,loss_of_function,-2.41788676075384,0.34331789631401,Uncertain,0.7718,pathogenic,https://doi.org/10.1101/2022.10.22.513328
L829F,0.75768,2.30136,0.3921397500430024,Uncertain,Neutral,20.7,,,0.768,"cBioPortal,mutations_clinvar",,False,20.7,,,,neutral,neutral,neutral,UP,neutral,neutral,stabilizing,2453445,Uncertain significance,1,94.17,-,-0.2128,0.7274,-7.8948,loss_of_function,-3.85758154529249,0.3755286541295718,Uncertain,0.6777,pathogenic,https://doi.org/10.1101/2022.10.22.513328
L829I,0.59968,0.3881,0.9962075406536974,Neutral,Neutral,20.7,,,0.618,cBioPortal,,False,20.7,,,,neutral,neutral,neutral,-,uncertain,uncertain,uncertain,,,,94.17,-,-0.1505,0.7274,-7.3098,loss_of_function,-1.63966257011693,0.1273665993447126,Benign,0.429,ambiguous,https://doi.org/10.1101/2022.10.22.513328
D830N,1.44982,1.22857,1.9314234779707984,Neutral,Neutral,12.8,,,0.717,cBioPortal,,False,12.8,,,,neutral,neutral,neutral,-,uncertain,uncertain,uncertain,,,,95.2,-,-0.2132,0.2147,-6.0874,loss_of_function,-2.53510101117268,0.1390959617667159,Benign,0.859,pathogenic,https://doi.org/10.1101/2022.10.22.513328
D830V,2.58872,3.19592,1.8745918797990424,Uncertain,Uncertain,12.8,,,,mutations_clinvar,,False,12.8,,,,neutral,neutral,neutral,UP,neutral,neutral,stabilizing,2155039,Uncertain significance,1,95.2,-,-0.3079,0.2147,-8.8947,loss_of_function,-7.66400420065113,0.9741715074806276,Pathogenic,0.9882,pathogenic,https://doi.org/10.1101/2022.10.22.513328
L831V,2.24697,2.91531,1.8206876348140129,Uncertain,Uncertain,0.6,,,0.783,"cBioPortal,COSMIC",,False,0.6,,,,neutral,neutral,neutral,DOWN,neutral,neutral,neutral,,,,97.01,-,-0.2679,0.6703,-22.1825,loss_of_function,-2.80241163915946,0.8006856958514426,Pathogenic,0.8696,pathogenic,https://doi.org/10.1101/2022.10.22.513328
R832Q,1.32941,0.42755,1.416794484419678,Neutral,Neutral,25.1,,8.0864277397e-06,0.641,cBioPortal,,False,25.1,,,,neutral,neutral,neutral,DOWN,neutral,neutral,neutral,,,,95.74,-,-0.2618,0.5942,-8.8916,loss_of_function,-2.85415659976847,0.1759840314175852,Benign,0.4515,ambiguous,https://doi.org/10.1101/2022.10.22.513328
P835S,2.61557,1.95,0.3896401652078596,Uncertain,Uncertain,7.9,,,0.794,"cBioPortal,COSMIC",,True,7.9,,,,neutral,neutral,neutral,DOWN,neutral,neutral,neutral,,,,97.63,-,-0.2136,0.4957,-8.8825,loss_of_function,-2.58908694194626,0.3061009958136931,Benign,0.9874,pathogenic,https://doi.org/10.1101/2022.10.22.513328
Y836C,2.83436,4.24116,4.3248440233444825,Uncertain,Uncertain,6.1,,,0.957,COSMIC,,True,6.1,,,,uncertain,,,DOWN,neutral,neutral,destabilizing,,,,98.32,-,-0.4224,0.0001,-22.1734,loss_of_function,-6.39884171765597,0.995396131729896,Pathogenic,0.9971,pathogenic,https://doi.org/10.1101/2022.10.22.513328
C838S,2.01179,1.41156,2.2790071034735493,Uncertain,Uncertain,0.9,,,,mutations_clinvar,,True,0.9,,,,neutral,neutral,neutral,DOWN,neutral,neutral,neutral,1047124,Uncertain significance,1,98.61,E,-0.389,0.2842,-8.8856,loss_of_function,-2.3567215438246,0.6293270962685267,Uncertain,0.9927,pathogenic,https://doi.org/10.1101/2022.10.22.513328
L839V,1.40399,1.52245,1.4025959720988603,Neutral,Neutral,2.0,,,0.622,COSMIC,,True,2.0,,,,neutral,neutral,neutral,DOWN,neutral,neutral,neutral,,,,98.76,E,-0.1547,1.0079,-6.0783,loss_of_function,-1.23353076256257,0.0513288639601799,Benign,0.4325,ambiguous,https://doi.org/10.1101/2022.10.22.513328
I841V,1.51703,1.06837,1.5382314191985853,Neutral,Neutral,0.6,,,,COSMIC,,False,0.6,,,,neutral,neutral,neutral,DOWN,neutral,neutral,neutral,,,,98.22,E,-0.0821,1.3191,-8.8886,loss_of_function,-3.11659235212353,0.0054140592592764,Benign,0.0898,benign,https://doi.org/10.1101/2022.10.22.513328
G842S,1.90368,-0.36122,1.249421696959601,Neutral,Neutral,36.4,,,0.756,"cBioPortal,COSMIC,mutations_clinvar",,False,36.4,,,,neutral,neutral,neutral,UP,neutral,neutral,neutral,565987,Uncertain significance,1,96.17,E,-0.3038,0.9286,-22.1765,loss_of_function,-4.23548651292568,0.4284538205623842,Uncertain,0.8294,pathogenic,https://doi.org/10.1101/2022.10.22.513328
D843E,-0.06105,0.01156,0.3156378905588586,Neutral,Neutral,67.2,,,0.503,"cBioPortal,COSMIC",,False,67.2,,,,neutral,neutral,neutral,UP,neutral,neutral,neutral,,,,95.45,T,-0.0048,2.3108,-7.3037,loss_of_function,-1.31890800775416,0.0067212756996421,Benign,0.3504,ambiguous,https://doi.org/10.1101/2022.10.22.513328
C844R,-0.57361,-0.44082,-0.452914973591933,Neutral,Neutral,50.8,,,,mutations_clinvar,,False,50.8,,,,neutral,neutral,neutral,UP,neutral,neutral,neutral,996913,Uncertain significance,2,96.48,T,-0.1958,2.6353,-1.3652,loss_of_function,-0.0399680664840117,0.0034734948814172,Benign,0.2334,benign,https://doi.org/10.1101/2022.10.22.513328
G846V,16.47292,8.1619,8.975358928294765,Destabilizing,Destabilizing,0.0,,,0.931,COSMIC,,False,0.0,,,,neutral,neutral,neutral,UP,neutral,neutral,neutral,,,,98.41,E,-0.4701,0.0001,-22.1734,loss_of_function,-7.44812458202165,0.997177257686744,Pathogenic,0.9998,pathogenic,https://doi.org/10.1101/2022.10.22.513328
L847V,1.98369,1.42313,2.047372644945077,Neutral,Uncertain,2.2,,,,mutations_clinvar,,False,2.2,,,,neutral,neutral,neutral,DOWN,neutral,neutral,neutral,1792789,Uncertain significance,1,98.74,E,-0.1367,1.1603,-5.3038,loss_of_function,-1.5012915556798,0.0318003835547624,Benign,0.2415,benign,https://doi.org/10.1101/2022.10.22.513328
I848S,4.1252,2.22245,2.9553391381314973,Uncertain,Uncertain,20.9,,,0.918,COSMIC,,False,20.9,,,,neutral,neutral,neutral,DOWN,neutral,neutral,neutral,,,,98.73,E,-0.4625,0.0437,-22.1765,loss_of_function,-5.69945189346999,0.9902534107710884,Pathogenic,0.9996,pathogenic,https://doi.org/10.1101/2022.10.22.513328
I848T,3.16863,1.63912,1.7592592079784868,Uncertain,Uncertain,20.9,,,,mutations_clinvar,,False,20.9,,,,neutral,neutral,neutral,DOWN,neutral,neutral,neutral,1314311,Uncertain significance,1,98.73,E,-0.3793,0.0437,-22.1765,loss_of_function,-5.69945189346999,0.9931026652257262,Pathogenic,0.9975,pathogenic,https://doi.org/10.1101/2022.10.22.513328
E849K,-0.68139,1.55238,0.5554206372408271,Neutral,Neutral,54.6,,,0.915,"cBioPortal,COSMIC",,False,54.6,,,,neutral,neutral,neutral,UP,neutral,neutral,neutral,,,,98.57,E,-0.3018,0.4404,-22.1765,loss_of_function,-6.86865370112377,0.9621602089442532,Pathogenic,0.987,pathogenic,https://doi.org/10.1101/2022.10.22.513328
V851A,1.94152,2.11122,1.9404301712595065,Uncertain,Neutral,14.1,,,0.924,"cBioPortal,COSMIC",,False,14.1,,,,neutral,neutral,neutral,DOWN,neutral,neutral,destabilizing,,,,97.8,-,-0.3416,0.098,-22.1765,loss_of_function,-5.41592324488421,0.921212997034116,Pathogenic,0.995,pathogenic,https://doi.org/10.1101/2022.10.22.513328
R852Q,1.02674,-1.48469,0.5340316264755585,Neutral,Neutral,44.6,,4.0191956786e-06,0.318,"cBioPortal,COSMIC,mutations_clinvar",,True,44.6,,,,neutral,neutral,neutral,DOWN,neutral,neutral,stabilizing,1355477,Uncertain significance,1,95.51,T,-0.0327,2.8675,-4.9818,loss_of_function,-1.78778524363537,0.0294282720256003,Benign,0.244,benign,https://doi.org/10.1101/2022.10.22.513328
N853S,1.73385,0.7,0.6736296157540977,Neutral,Neutral,86.1,,,,mutations_clinvar,,True,86.1,,,,neutral,neutral,neutral,DOWN,neutral,neutral,neutral,962585,Uncertain significance,1,95.59,T,0.041,2.6054,-2.622,gain_of_function,-0.0977877273737837,0.0732309167083221,Benign,0.0813,benign,https://doi.org/10.1101/2022.10.22.513328
H855D,1.99417,1.61599,1.21664587897227,Neutral,Neutral,28.4,,,0.428,cBioPortal,,True,28.4,,,,neutral,neutral,neutral,DOWN,neutral,neutral,destabilizing,,,,96.45,E,-0.0089,2.4869,-1.3652,loss_of_function,-1.00204492427668,0.0012730145877312,Benign,0.6045,pathogenic,https://doi.org/10.1101/2022.10.22.513328
H855Y,-0.01256,-0.66701,-0.5055676862096731,Neutral,Neutral,28.4,,,0.457,"cBioPortal,mutations_clinvar",,True,28.4,,,,neutral,neutral,neutral,UP,neutral,neutral,neutral,1793139,Uncertain significance,1,96.45,E,0.0457,2.4869,-5.4293,gain_of_function,-0.256542844433501,0.0147954377782133,Benign,0.102,benign,https://doi.org/10.1101/2022.10.22.513328
T856A,0.837,0.63367,0.6397646755229704,Neutral,Neutral,15.6,,,0.909,COSMIC,,True,15.6,,,,uncertain,,,DOWN,neutral,neutral,neutral,,,,95.69,E,-0.3205,0.0219,-22.1765,loss_of_function,-4.43505691756944,0.9890325472639288,Pathogenic,0.9971,pathogenic,https://doi.org/10.1101/2022.10.22.513328
T856N,1.66447,1.40646,0.5960650377055107,Neutral,Neutral,15.6,,,0.840,cBioPortal,,True,15.6,,,,uncertain,,,-,uncertain,uncertain,uncertain,,,,95.69,E,-0.3761,0.0219,-22.1765,loss_of_function,-6.47134085891471,0.7271819462075727,Pathogenic,0.9932,pathogenic,https://doi.org/10.1101/2022.10.22.513328
I857V,1.46296,0.67993,1.2746898386761647,Neutral,Neutral,2.7,,4.0194541581e-06,0.300,cBioPortal,,True,2.7,,,,neutral,neutral,neutral,DOWN,neutral,neutral,neutral,,,,94.5,H,-0.0987,0.8172,-3.0814,loss_of_function,-1.22069932534438,0.0044370313514841,Benign,0.2162,benign,https://doi.org/10.1101/2022.10.22.513328
Q859H,0.72601,1.13299,-0.0288727628309842,Neutral,Neutral,59.5,,,,mutations_clinvar,,True,59.5,,,,neutral,neutral,neutral,UP,neutral,neutral,neutral,2453448,Uncertain significance,1,92.46,H,-0.0604,1.8187,-7.8887,loss_of_function,-2.48111061103257,0.0074668589906024,Benign,0.7714,pathogenic,https://doi.org/10.1101/2022.10.22.513328
G865D,3.62367,1.51156,0.4156855331735493,Uncertain,Uncertain,103.5,,,0.681,"cBioPortal,COSMIC",,True,103.5,,,,neutral,neutral,neutral,UP,neutral,neutral,neutral,,,,68.49,-,-0.1539,2.355,-7.8734,loss_of_function,-2.80973854954032,0.4137876495394846,Uncertain,0.9734,pathogenic,https://doi.org/10.1101/2022.10.22.513328
G865S,2.41465,0.98435,0.963586979885811,Uncertain,Uncertain,103.5,,,0.479,"cBioPortal,COSMIC",,True,103.5,,,,neutral,neutral,neutral,UP,neutral,neutral,neutral,,,,68.49,-,-0.0714,2.355,-2.3499,loss_of_function,-3.17902156243563,0.1579418938844267,Benign,0.5345,ambiguous,https://doi.org/10.1101/2022.10.22.513328
L866F,-0.36365,0.36429,0.2675955017993447,Neutral,Neutral,46.9,,,0.298,"cBioPortal,COSMIC",,True,46.9,,,,neutral,neutral,neutral,UP,neutral,neutral,neutral,,,,67.18,B,0.0063,2.8811,-3.7829,gain_of_function,-2.30209194966973,0.0135728034979044,Benign,0.5916,pathogenic,https://doi.org/10.1101/2022.10.22.513328
L866W,-0.45048,0.64592,0.3617427064973472,Neutral,Neutral,46.9,,,0.656,"cBioPortal,COSMIC,mutations_clinvar",,True,46.9,,,,neutral,neutral,neutral,UP,neutral,neutral,neutral,802030,Likely pathogenic,1,67.18,B,-0.1866,2.8811,-22.1581,loss_of_function,-3.37823871697995,0.0558338249787252,Benign,0.8418,pathogenic,https://doi.org/10.1101/2022.10.22.513328
G868S,3.9006,0.49762,1.6261411054831394,Uncertain,Uncertain,117.6,,,0.644,cBioPortal,,False,117.6,,,,neutral,neutral,neutral,UP,neutral,neutral,neutral,,,,59.37,S,-0.1486,1.5556,-3.0692,loss_of_function,-1.50547280710933,0.0063324200416745,Benign,0.6534,pathogenic,https://doi.org/10.1101/2022.10.22.513328
G868V,5.09446,5.01224,2.404234258805748,Destabilizing,Uncertain,117.6,,,,mutations_clinvar,,False,117.6,,,,neutral,neutral,neutral,UP,neutral,neutral,neutral,1793704,Uncertain significance,1,59.37,S,-0.2591,1.5556,-8.8764,loss_of_function,-3.37118432487815,0.0891667533515337,Benign,0.9309,pathogenic,https://doi.org/10.1101/2022.10.22.513328
Q871L,0.00583,0.23061,-0.535034975021661,Neutral,Neutral,92.1,,,,mutations_clinvar,,False,92.1,,,,neutral,neutral,neutral,UP,neutral,neutral,neutral,1402400,Uncertain significance,1,68.87,-,-0.0935,1.7042,-8.8168,loss_of_function,-2.38847921227818,,,0.8495,pathogenic,https://doi.org/10.1101/2022.10.22.513328
F872L,1.26694,1.14524,0.8910511656113124,Neutral,Neutral,33.7,,,"0.499, 0.581","cBioPortal,COSMIC",,False,33.7,,,,neutral,neutral,neutral,DOWN,neutral,neutral,neutral,,,,76.28,B,-0.1804,0.968,-5.4171,loss_of_function,-1.86591869467189,0.0031433404951027,Benign,0.9837,pathogenic,https://doi.org/10.1101/2022.10.22.513328
S874R,1.17913,1.13673,-0.350411693869524,Neutral,Neutral,30.3,,,,mutations_clinvar,P,False,30.3,1.368,,,damaging,neutral,uncertain,UP,neutral,neutral,neutral,1793966,Uncertain significance,1,87.13,T,-0.1489,1.4556,-4.3007,loss_of_function,0.137686747930336,0.1584909006971821,Benign,0.9736,pathogenic,https://doi.org/10.1101/2022.10.22.513328
H875R,-0.39463,0.72449,0.421754809076395,Neutral,Neutral,53.7,,,,mutations_clinvar,,False,53.7,,,,neutral,neutral,neutral,UP,neutral,neutral,neutral,2111379,Uncertain significance,1,91.87,T,-0.0209,2.5123,-6.3007,loss_of_function,-1.28738456900873,0.0009599665983249,Benign,0.1954,benign,https://doi.org/10.1101/2022.10.22.513328
H875Y,-1.70469,0.42585,-0.3374381437207052,Neutral,Neutral,53.7,,,0.398,"COSMIC,mutations_clinvar",,False,53.7,,,,neutral,neutral,neutral,UP,neutral,neutral,neutral,1501737,Uncertain significance,1,91.87,T,-0.0374,2.5123,-22.1734,loss_of_function,-2.81682471927242,0.0144967815644128,Benign,0.11,benign,https://doi.org/10.1101/2022.10.22.513328
T876A,0.26941,0.16871,-0.1439946506986744,Neutral,Neutral,9.9,,,,mutations_clinvar,P,False,9.9,5.318,,,uncertain,damaging,uncertain,DOWN,neutral,neutral,neutral,647816,Uncertain significance,1,93.91,H,-0.0128,2.1896,-0.9788,loss_of_function,-0.0729869756780796,0.0066288937379415,Benign,0.0787,benign,https://doi.org/10.1101/2022.10.22.513328
T876I,-1.02033,1.13537,-0.897081291543621,Neutral,Neutral,9.9,,,,mutations_clinvar,P,False,9.9,5.318,,,uncertain,damaging,uncertain,UP,neutral,neutral,neutral,1794009,Uncertain significance,1,93.91,H,-0.1469,2.1896,-22.1734,loss_of_function,-2.42129708256481,0.0244103045287642,Benign,0.4355,ambiguous,https://doi.org/10.1101/2022.10.22.513328
T876P,5.13605,8.89184,3.880291813097448,Destabilizing,Destabilizing,9.9,,,0.531,cBioPortal,P,False,9.9,5.318,,,uncertain,neutral,uncertain,-,uncertain,uncertain,uncertain,,,,93.91,H,-0.2005,2.1896,-5.5638,loss_of_function,-2.00695758891353,0.0081798100759523,Benign,0.6788,pathogenic,https://doi.org/10.1101/2022.10.22.513328
H878N,1.64686,0.86803,2.0176622430806046,Neutral,Uncertain,13.4,,,0.449,"cBioPortal,COSMIC",,False,13.4,,,,neutral,neutral,neutral,DOWN,neutral,neutral,neutral,,,,96.58,H,-0.0765,1.5858,-6.2977,loss_of_function,-2.32642841777749,0.1295189814539687,Benign,0.6312,pathogenic,https://doi.org/10.1101/2022.10.22.513328
H878Y,0.01839,-1.3432,-0.0195004690929001,Neutral,Neutral,13.4,,,0.336,cBioPortal,,False,13.4,,,,neutral,neutral,neutral,UP,neutral,neutral,neutral,,,,96.58,H,-0.0311,1.5858,-4.2388,loss_of_function,-1.34229174735366,0.0336363036113221,Benign,0.4079,ambiguous,https://doi.org/10.1101/2022.10.22.513328
Q879K,-0.12466,0.07619,0.0490168187434281,Neutral,Neutral,61.9,,,0.401,COSMIC,,False,61.9,,,,neutral,neutral,neutral,UP,neutral,neutral,neutral,,,,95.11,H,-0.0071,2.4967,-3.3908,loss_of_function,-1.31541616412516,0.0016102006947038,Benign,0.2087,benign,https://doi.org/10.1101/2022.10.22.513328
Q879R,0.13292,0.14082,-0.2793916165727755,Neutral,Neutral,61.9,,,0.379,"cBioPortal,COSMIC",,False,61.9,,,,neutral,neutral,neutral,UP,neutral,neutral,neutral,,,,95.11,H,-0.0175,2.4967,-5.7127,loss_of_function,-1.46151324556927,0.0043501297520229,Benign,0.2451,benign,https://doi.org/10.1101/2022.10.22.513328
W880C,5.15294,4.85612,6.565273344959497,Destabilizing,Destabilizing,11.5,,,,mutations_clinvar,,False,11.5,,,,neutral,neutral,neutral,DOWN,neutral,neutral,neutral,1794196,Uncertain significance,1,96.33,H,-0.4959,0.1756,-22.1704,loss_of_function,-7.1423089434187,0.9829680682130172,Pathogenic,0.9982,pathogenic,https://doi.org/10.1101/2022.10.22.513328
K882R,-0.18785,0.11054,-0.2222048192043807,Neutral,Neutral,61.0,,,,mutations_clinvar,,True,61.0,,,,neutral,neutral,neutral,-,uncertain,uncertain,uncertain,1794236,Uncertain significance,1,96.37,H,-0.0799,0.8634,-3.2679,loss_of_function,-0.0123744725035294,0.0163786702334786,Benign,0.0826,benign,https://doi.org/10.1101/2022.10.22.513328
D883G,0.49107,1.19864,1.0992781149503563,Neutral,Neutral,59.0,,,0.626,cBioPortal,,True,59.0,,,,neutral,neutral,neutral,DOWN,neutral,neutral,neutral,,,,95.99,H,-0.0887,2.1507,-7.8826,loss_of_function,-2.35786032911036,0.0781155022620484,Benign,0.3814,ambiguous,https://doi.org/10.1101/2022.10.22.513328
D883H,-0.27809,0.5881,-0.0432908907977214,Neutral,Neutral,59.0,,,0.565,COSMIC,,True,59.0,,,,neutral,neutral,neutral,UP,neutral,neutral,neutral,,,,95.99,H,-0.1598,2.1507,-22.1704,loss_of_function,-2.21388473745137,0.0342972525779687,Benign,0.6581,pathogenic,https://doi.org/10.1101/2022.10.22.513328
D883N,0.04955,0.38333,0.1859512323732964,Neutral,Neutral,59.0,,,,mutations_clinvar,,True,59.0,,,,neutral,neutral,neutral,-,uncertain,uncertain,uncertain,1794267,Uncertain significance,1,95.99,H,-0.0361,2.1507,-6.2977,loss_of_function,-1.48858016991103,0.0151747481802432,Benign,0.2123,benign,https://doi.org/10.1101/2022.10.22.513328
K884R,0.25778,0.8966,-0.1117418877116804,Neutral,Neutral,40.5,,,,mutations_clinvar,,True,40.5,,,,neutral,neutral,neutral,-,uncertain,uncertain,uncertain,526637,Uncertain significance,2,96.64,H,0.0338,2.123,-3.7127,gain_of_function,-0.85056927308683,0.027001640636694,Benign,0.0695,benign,https://doi.org/10.1101/2022.10.22.513328
N885K,0.17259,3.28741,1.4390682750946897,Uncertain,Neutral,10.3,,,,mutations_clinvar,,True,10.3,,,,neutral,neutral,neutral,UP,neutral,neutral,neutral,1794363,Uncertain significance,1,97.2,S,-0.221,0.4115,-7.8826,loss_of_function,-3.8934699245996,0.2180488539965912,Benign,0.9467,pathogenic,https://doi.org/10.1101/2022.10.22.513328
K886E,1.3712,1.51939,0.1331735990354282,Neutral,Neutral,78.9,,,0.453,"cBioPortal,COSMIC",,True,78.9,,,,neutral,neutral,neutral,DOWN,neutral,neutral,mixed_effects,,,,94.8,-,-0.0107,2.7517,-5.8796,loss_of_function,-1.62534286439604,0.0981995828653051,Benign,0.2357,benign,https://doi.org/10.1101/2022.10.22.513328
K886R,-0.47656,0.33503,-0.1973801417446008,Neutral,Neutral,78.9,,,,mutations_clinvar,,True,78.9,,,,neutral,neutral,neutral,-,uncertain,uncertain,uncertain,1794393,Uncertain significance,1,94.8,-,0.0895,2.7517,-4.1247,gain_of_function,-0.0949603677426112,0.0386971905919209,Benign,0.07,benign,https://doi.org/10.1101/2022.10.22.513328
G887R,5.56722,4.55952,1.3625729282476484,Destabilizing,Uncertain,123.0,,,0.725,"cBioPortal,COSMIC",,False,123.0,,,,neutral,neutral,neutral,UP,neutral,neutral,neutral,,,,94.88,T,-0.208,1.9997,-8.8794,loss_of_function,-1.88041309227279,0.1863785543156533,Benign,0.8289,pathogenic,https://doi.org/10.1101/2022.10.22.513328
E888Q,0.86291,0.44252,0.5375745304094944,Neutral,Neutral,113.6,,,0.448,cBioPortal,,False,113.6,,,,neutral,neutral,neutral,UP,neutral,neutral,neutral,,,,91.54,T,-0.0521,1.8229,-7.8734,loss_of_function,-1.80535013969804,0.0448285072933916,Benign,0.2176,benign,https://doi.org/10.1101/2022.10.22.513328
I889L,-0.05751,-0.64864,-0.1193149438143348,Neutral,Neutral,72.1,,,0.244,"cBioPortal,COSMIC",,False,72.1,,,,neutral,neutral,neutral,-,uncertain,uncertain,uncertain,,,,94.79,H,0.0458,2.9346,-5.1388,gain_of_function,-0.940551916063133,0.0009517145043323,Benign,0.0565,benign,https://doi.org/10.1101/2022.10.22.513328
I889M,0.10073,-0.62415,0.2613947873879296,Neutral,Neutral,72.1,,2.02033262756e-05,0.132,"COSMIC,mutations_clinvar",,False,72.1,,,,neutral,neutral,neutral,-,uncertain,uncertain,uncertain,640626,Uncertain significance,1,94.79,H,0.046,2.9346,-3.9812,gain_of_function,-0.0210197991591806,0.0011953397852686,Benign,0.0476,benign,https://doi.org/10.1101/2022.10.22.513328
I889T,1.20784,0.29592,0.381723871800661,Neutral,Neutral,72.1,,,,mutations_clinvar,,False,72.1,,,,neutral,neutral,neutral,DOWN,neutral,neutral,neutral,424179,Uncertain significance,1,94.79,H,-0.0232,2.9346,-4.5173,loss_of_function,0.037839892885997,0.0011594528320108,Benign,0.0606,benign,https://doi.org/10.1101/2022.10.22.513328
Y890D,2.95098,3.19898,3.9893968903102217,Uncertain,Uncertain,22.5,,,,mutations_clinvar,,False,22.5,,,,uncertain,,,DOWN,neutral,neutral,neutral,1997328,Uncertain significance,1,97.5,H,-0.348,1.2798,-22.1395,loss_of_function,-1.48120173025931,0.635816221115915,Uncertain,0.9373,pathogenic,https://doi.org/10.1101/2022.10.22.513328
D891Y,-0.28128,0.78741,0.2469870440113919,Neutral,Neutral,70.4,,,0.806,cBioPortal,,False,70.4,,,,neutral,neutral,neutral,UP,neutral,neutral,neutral,,,,96.6,H,-0.2006,2.0943,-22.1581,loss_of_function,-2.34927616571667,0.1980869194701603,Benign,0.5594,ambiguous,https://doi.org/10.1101/2022.10.22.513328
A892V,0.14073,-0.50136,-0.175220478447956,Neutral,Neutral,82.7,,,0.257,cBioPortal,,False,82.7,,,,neutral,neutral,neutral,UP,neutral,neutral,neutral,,,,95.57,H,-0.0084,2.5182,-8.8794,loss_of_function,-1.67686227510763,0.0155569971149787,Benign,0.1,benign,https://doi.org/10.1101/2022.10.22.513328
A893V,1.5617,1.43571,0.637111694032946,Neutral,Neutral,2.8,,,0.872,"cBioPortal,mutations_clinvar",,False,2.8,,,,neutral,neutral,neutral,UP,neutral,neutral,neutral,1794626,Uncertain significance,1,97.49,H,-0.2062,0.2579,-6.8796,loss_of_function,-3.33608158846782,0.3235059570615393,Uncertain,0.9335,pathogenic,https://doi.org/10.1101/2022.10.22.513328
D895E,0.07679,0.6466,0.0038716772839447,Neutral,Neutral,40.2,,,,mutations_clinvar,,False,40.2,,,,neutral,neutral,neutral,UP,neutral,neutral,neutral,1794714,Uncertain significance,1,97.37,H,-0.0372,1.5853,-0.5804,loss_of_function,-0.430105883513379,0.0041034449217329,Benign,0.4769,ambiguous,https://doi.org/10.1101/2022.10.22.513328
D895N,-0.21716,1.36361,0.0348790553141614,Neutral,Neutral,40.2,,,0.482,cBioPortal,,False,40.2,,,,neutral,neutral,neutral,-,uncertain,uncertain,uncertain,,,,97.37,H,-0.0793,1.5853,-4.5577,loss_of_function,-2.35859338986807,0.0859633266880136,Benign,0.4822,ambiguous,https://doi.org/10.1101/2022.10.22.513328
T898A,0.47697,0.16395,0.7452114783304516,Neutral,Neutral,9.9,,,0.847,COSMIC,,False,9.9,,,,uncertain,,,DOWN,neutral,neutral,neutral,,,,98.36,H,-0.2792,0.4704,-22.1704,loss_of_function,-1.9297482546442,0.2993018829736681,Benign,0.615,pathogenic,https://doi.org/10.1101/2022.10.22.513328
R899C,2.1195,1.34422,1.9094342311594763,Uncertain,Uncertain,25.4,,8.0309674103e-06,0.577,"COSMIC,mutations_clinvar",,False,25.4,,,,neutral,neutral,neutral,DOWN,neutral,neutral,neutral,2201677,Uncertain significance,1,98.23,H,-0.1817,1.7477,-7.3007,loss_of_function,-2.03297333457278,0.2043965450282343,Benign,0.4519,ambiguous,https://doi.org/10.1101/2022.10.22.513328
R899H,1.79691,1.43401,0.9907971962298896,Neutral,Neutral,25.4,,,0.573,"cBioPortal,COSMIC,mutations_clinvar",,False,25.4,,,,neutral,neutral,neutral,DOWN,neutral,neutral,neutral,1504759,Uncertain significance,2,98.23,H,-0.1363,1.7477,-6.0783,loss_of_function,-1.02226886781245,0.0151119530499786,Benign,0.3412,ambiguous,https://doi.org/10.1101/2022.10.22.513328
R899L,0.80602,0.4619,0.0524756849923402,Neutral,Neutral,25.4,,,,mutations_clinvar,,False,25.4,,,,neutral,neutral,neutral,DOWN,neutral,neutral,neutral,2453434,Uncertain significance,1,98.23,H,-0.141,1.7477,-0.5911,loss_of_function,-0.965047454856606,0.0088667866344585,Benign,0.6762,pathogenic,https://doi.org/10.1101/2022.10.22.513328
S900T,1.27682,0.86633,-0.3801920309306761,Neutral,Neutral,0.0,,,0.875,"cBioPortal,COSMIC",,False,0.0,,,,neutral,,,UP,neutral,neutral,neutral,,,,98.31,H,-0.197,0.0656,-8.8856,loss_of_function,-3.13937269622387,0.842525050019503,Pathogenic,0.8164,pathogenic,https://doi.org/10.1101/2022.10.22.513328
C901F,6.06716,7.14796,2.098415805208941,Destabilizing,Uncertain,0.0,,,0.881,"cBioPortal,COSMIC,mutations_clinvar",,False,0.0,,,,neutral,neutral,neutral,UP,neutral,neutral,neutral,2505160,Likely pathogenic,1,98.13,H,-0.4841,0.0219,-22.1734,loss_of_function,-6.97516273434938,0.9820367775375586,Pathogenic,0.9981,pathogenic,https://doi.org/10.1101/2022.10.22.513328
G903A,-0.26731,0.04524,-0.9798454030082416,Neutral,Neutral,0.0,,,0.811,cBioPortal,,False,0.0,,,,neutral,neutral,neutral,UP,neutral,neutral,neutral,,,,98.12,H,-0.3035,0.1307,-8.8886,loss_of_function,-4.30285848008267,0.2296559049882933,Benign,0.9296,pathogenic,https://doi.org/10.1101/2022.10.22.513328
G903E,19.16776,7.82381,2.555041214395441,Destabilizing,Uncertain,0.0,,,0.910,cBioPortal,,False,0.0,,,,neutral,neutral,neutral,UP,neutral,neutral,neutral,,,,98.12,H,-0.4309,0.1307,-22.1765,loss_of_function,-6.89423619198944,0.9929549866637664,Pathogenic,0.9999,pathogenic,https://doi.org/10.1101/2022.10.22.513328
G903R,26.73934,11.85884,4.227645289452091,Destabilizing,Destabilizing,0.0,,,0.878,COSMIC,,False,0.0,,,,neutral,neutral,neutral,UP,neutral,neutral,neutral,,,,98.12,H,-0.3801,0.1307,-8.8886,loss_of_function,-7.25673430275837,0.9888918704976174,Pathogenic,0.9998,pathogenic,https://doi.org/10.1101/2022.10.22.513328
C905S,0.55161,1.67177,2.3614130938843467,Neutral,Uncertain,0.0,,,0.715,"cBioPortal,COSMIC",,True,0.0,,,,neutral,neutral,neutral,DOWN,neutral,neutral,neutral,,,,95.85,H,-0.3786,0.2132,-5.5638,loss_of_function,-2.41596646660985,0.0532940295386011,Benign,0.8981,pathogenic,https://doi.org/10.1101/2022.10.22.513328
V906I,0.99411,1.77347,0.6120377926115445,Neutral,Neutral,0.0,,,0.464,"cBioPortal,COSMIC",,True,0.0,,,,neutral,neutral,neutral,UP,neutral,neutral,neutral,,,,97.54,H,-0.202,0.1225,-7.8856,loss_of_function,-2.52703016722017,0.1116186425251275,Benign,0.5052,ambiguous,https://doi.org/10.1101/2022.10.22.513328
V906L,2.0971,3.01803,1.6607450974144031,Uncertain,Uncertain,0.0,,,0.819,"cBioPortal,mutations_clinvar",,True,0.0,,,,neutral,neutral,neutral,UP,neutral,neutral,neutral,"1804220, 1339248","Uncertain significance, Uncertain significance","1, 1",97.54,H,-0.2671,0.1225,-7.8856,loss_of_function,-3.90223182392984,0.9518844881684156,Pathogenic,0.9967,pathogenic,https://doi.org/10.1101/2022.10.22.513328
A907P,7.19916,10.40408,7.926331802106774,Destabilizing,Destabilizing,0.0,,,0.872,COSMIC,,True,0.0,,,,neutral,neutral,neutral,UP,neutral,neutral,neutral,,,,97.44,H,-0.4506,0.1209,-22.1734,loss_of_function,-7.00463760749729,0.959373239858274,Pathogenic,0.9996,pathogenic,https://doi.org/10.1101/2022.10.22.513328
A907T,0.95534,0.15034,1.2678308432547436,Neutral,Neutral,0.0,,,0.810,"cBioPortal,COSMIC",,True,0.0,,,,neutral,neutral,neutral,UP,neutral,neutral,neutral,,,,97.44,H,-0.232,0.1209,-8.8856,loss_of_function,-4.23079346807871,0.8350203825535288,Pathogenic,0.9819,pathogenic,https://doi.org/10.1101/2022.10.22.513328
A907V,0.17126,-0.73061,0.0788205374599937,Neutral,Neutral,0.0,,,0.509,"cBioPortal,COSMIC",,True,0.0,,,,neutral,neutral,neutral,UP,neutral,neutral,neutral,,,,97.44,H,-0.229,0.1209,-8.8856,loss_of_function,-1.31675802001994,0.4693098337496397,Uncertain,0.9829,pathogenic,https://doi.org/10.1101/2022.10.22.513328
T908S,2.0685,1.46497,2.333445165064142,Uncertain,Uncertain,0.3,,,0.576,cBioPortal,,True,0.3,,,,neutral,,,DOWN,neutral,neutral,neutral,,,,95.13,H,-0.1581,0.3917,-4.1339,loss_of_function,-2.02945577723612,0.4424709780264144,Uncertain,0.9486,pathogenic,https://doi.org/10.1101/2022.10.22.513328
F909C,4.27439,3.16293,4.338323658228105,Destabilizing,Destabilizing,0.2,,,0.754,"cBioPortal,COSMIC",,True,0.2,,,,neutral,neutral,neutral,DOWN,neutral,neutral,neutral,,,,94.93,H,-0.3322,0.9233,-22.1765,loss_of_function,-4.06947988264945,0.3389107869586676,Uncertain,0.9932,pathogenic,https://doi.org/10.1101/2022.10.22.513328
F909L,1.81027,1.67279,2.1202878500299627,Neutral,Uncertain,0.2,,,"0.632, 0.832","cBioPortal,COSMIC,mutations_clinvar",,True,0.2,,,,neutral,neutral,neutral,DOWN,neutral,neutral,neutral,995381,Pathogenic,0,94.93,H,-0.1971,0.9233,-7.8887,loss_of_function,-4.59789009610204,0.855630442343414,Pathogenic,0.9997,pathogenic,https://doi.org/10.1101/2022.10.22.513328
I910T,2.65874,2.62619,3.196798679063053,Uncertain,Uncertain,0.6,,,0.908,cBioPortal,,True,0.6,,,,neutral,neutral,neutral,DOWN,neutral,neutral,neutral,,,,96.46,H,-0.3046,0.8552,-22.1734,loss_of_function,-5.03426613727136,0.9309748628464816,Pathogenic,0.9892,pathogenic,https://doi.org/10.1101/2022.10.22.513328
I910V,1.24925,0.40476,1.2095226888740835,Neutral,Neutral,0.6,,,,mutations_clinvar,,True,0.6,,,,neutral,neutral,neutral,DOWN,neutral,neutral,neutral,456542,Uncertain significance,1,96.46,H,-0.0814,0.8552,-0.3779,loss_of_function,-0.962918499927561,0.0035275537831827,Benign,0.2029,benign,https://doi.org/10.1101/2022.10.22.513328
G914E,0.47718,0.41054,-0.6721004910591205,Neutral,Neutral,40.3,,,0.924,cBioPortal,,False,40.3,,,,neutral,neutral,neutral,UP,neutral,neutral,neutral,,,,74.83,-,-0.3552,0.953,-22.1704,loss_of_function,-5.80419103737076,0.9498029096777688,Pathogenic,0.9996,pathogenic,https://doi.org/10.1101/2022.10.22.513328
G914R,0.69095,0.64048,-1.14818776271578,Neutral,Neutral,40.3,,,0.871,"cBioPortal,COSMIC,mutations_clinvar",,False,40.3,,,,neutral,neutral,neutral,UP,neutral,neutral,neutral,39703,Pathogenic,3,74.83,-,-0.2925,0.953,-6.5607,loss_of_function,-3.19827493239061,0.2793367771654904,Benign,0.9956,pathogenic,https://doi.org/10.1101/2022.10.22.513328
R916C,3.6816,2.01259,2.5045125309385687,Uncertain,Uncertain,3.1,,,0.967,"cBioPortal,COSMIC",,False,3.1,,,,neutral,neutral,neutral,DOWN,neutral,neutral,destabilizing,,,,89.08,-,-0.4123,0.0657,-22.1704,loss_of_function,-7.25858657021412,0.9985413017159516,Pathogenic,0.9994,pathogenic,https://doi.org/10.1101/2022.10.22.513328
R916H,6.20361,2.20476,1.5550011623654516,Uncertain,Uncertain,3.1,,,0.981,"cBioPortal,COSMIC,mutations_clinvar",,False,3.1,,,,neutral,neutral,neutral,DOWN,neutral,neutral,destabilizing,1706085,Uncertain significance,1,89.08,-,-0.3732,0.0657,-22.1704,loss_of_function,-7.25858657021412,0.9972107594456018,Pathogenic,0.999,pathogenic,https://doi.org/10.1101/2022.10.22.513328
R916S,5.36777,2.63639,3.331045473379779,Uncertain,Destabilizing,3.1,,,0.967,COSMIC,,False,3.1,,,,neutral,neutral,neutral,DOWN,neutral,neutral,destabilizing,,,,89.08,-,-0.404,0.0657,-22.1704,loss_of_function,-7.25858657021412,0.9969132469396278,Pathogenic,0.9999,pathogenic,https://doi.org/10.1101/2022.10.22.513328
H917N,-0.35618,0.73878,0.585837741467996,Neutral,Neutral,56.2,,,,COSMIC,,False,56.2,,,,neutral,neutral,neutral,DOWN,neutral,neutral,destabilizing,,,,88.09,-,-0.183,0.3278,-4.4903,loss_of_function,-3.30160700382148,0.0197523109097171,Benign,0.9979,pathogenic,https://doi.org/10.1101/2022.10.22.513328
H917P,3.31266,4.19864,4.234306033923665,Destabilizing,Destabilizing,56.2,,,0.954,cBioPortal,,False,56.2,,,,neutral,neutral,neutral,DOWN,neutral,neutral,destabilizing,,,,88.09,-,-0.362,0.3278,-8.8825,loss_of_function,-6.74244323502361,0.9657216229134628,Pathogenic,0.9983,pathogenic,https://doi.org/10.1101/2022.10.22.513328
H917Q,0.20709,1.29864,0.7564984619416298,Neutral,Neutral,56.2,,,0.920,cBioPortal,,False,56.2,,,,neutral,neutral,neutral,DOWN,neutral,neutral,destabilizing,,,,88.09,-,-0.2348,0.3278,-22.1704,loss_of_function,-6.17346808813426,0.897513545366907,Pathogenic,0.9999,pathogenic,https://doi.org/10.1101/2022.10.22.513328
N920D,2.19869,2.79082,0.5865961415886611,Uncertain,Uncertain,6.3,,,,mutations_clinvar,,False,6.3,,,,neutral,neutral,neutral,-,uncertain,uncertain,uncertain,421698,Likely pathogenic,1,93.15,T,-0.3278,0.0437,-22.1734,loss_of_function,-4.36520516800266,0.9882218086828188,Pathogenic,0.9999,pathogenic,https://doi.org/10.1101/2022.10.22.513328
D925H,1.45693,0.26463,0.2222583404083811,Neutral,Neutral,34.0,,,0.533,cBioPortal,,False,34.0,,,,neutral,neutral,neutral,UP,neutral,neutral,neutral,,,,97.46,T,-0.1473,2.2859,-22.1704,loss_of_function,-2.11555493563907,0.0058552076228238,Benign,0.4717,ambiguous,https://doi.org/10.1101/2022.10.22.513328
D926N,1.71539,0.95442,0.6703406939582026,Neutral,Neutral,49.0,,4.0214585026e-06,0.227,"cBioPortal,COSMIC,mutations_clinvar",,False,49.0,,,,neutral,neutral,neutral,-,uncertain,uncertain,uncertain,1001006,Uncertain significance,1,96.64,T,-0.0121,2.1719,-1.9638,loss_of_function,-0.0740014510987155,0.0115883147930828,Benign,0.0922,benign,https://doi.org/10.1101/2022.10.22.513328
G927R,25.13764,12.81361,7.368512628197304,Destabilizing,Destabilizing,0.0,,,0.973,COSMIC,,False,0.0,,,,neutral,neutral,neutral,UP,neutral,neutral,neutral,,,,97.47,S,-0.4542,0.0614,-22.1704,loss_of_function,-7.23587127499866,0.997606873274406,Pathogenic,0.9996,pathogenic,https://doi.org/10.1101/2022.10.22.513328
G927V,18.77774,10.83639,5.0644285965819975,Destabilizing,Destabilizing,0.0,,,0.992,cBioPortal,,False,0.0,,,,neutral,neutral,neutral,UP,neutral,neutral,neutral,,,,97.47,S,-0.4644,0.0614,-22.1704,loss_of_function,-7.23587127499866,0.9975083861791776,Pathogenic,0.9998,pathogenic,https://doi.org/10.1101/2022.10.22.513328
Q928H,2.90141,0.77211,0.6466342013916881,Uncertain,Uncertain,10.0,,,0.534,cBioPortal,,False,10.0,,,,neutral,neutral,neutral,UP,neutral,neutral,neutral,,,,98.23,-,-0.1927,0.3479,-7.2946,loss_of_function,-1.89801946675652,0.0657134343015602,Benign,0.9374,pathogenic,https://doi.org/10.1101/2022.10.22.513328
L929M,0.26423,0.59966,1.4694390069744847,Neutral,Neutral,0.0,,,0.663,cBioPortal,,False,0.0,,,,neutral,neutral,neutral,-,uncertain,uncertain,uncertain,,,,98.36,E,-0.1658,0.7348,-5.8796,loss_of_function,-2.02943102838319,0.0092284236612506,Benign,0.6377,pathogenic,https://doi.org/10.1101/2022.10.22.513328
F930V,5.54576,2.37211,3.4494292401416176,Uncertain,Destabilizing,0.1,,,0.863,cBioPortal,,False,0.1,,,,neutral,neutral,neutral,DOWN,neutral,neutral,neutral,,,,98.46,E,-0.2891,0.2414,-7.2946,loss_of_function,-1.57440678705006,0.6057692489708515,Uncertain,0.9963,pathogenic,https://doi.org/10.1101/2022.10.22.513328
H931Y,6.10147,0.89422,-0.9506552303852822,Uncertain,Uncertain,0.0,,,0.948,COSMIC,,False,0.0,,,,neutral,neutral,neutral,UP,neutral,neutral,neutral,,,,97.39,E,-0.2624,0.066,-22.1612,loss_of_function,-4.32287077432583,0.985955890810906,Pathogenic,0.9992,pathogenic,https://doi.org/10.1101/2022.10.22.513328
I932T,0.91575,0.70306,2.181990867610402,Neutral,Uncertain,32.1,,,0.955,cBioPortal,,False,32.1,,,,neutral,neutral,neutral,DOWN,neutral,neutral,neutral,,,,96.06,-,-0.3576,0.2786,-22.1612,loss_of_function,-7.18543641173981,0.990181359435406,Pathogenic,0.9957,pathogenic,https://doi.org/10.1101/2022.10.22.513328
D933H,0.59899,1.00884,0.0751393341405703,Neutral,Neutral,74.1,,,0.946,cBioPortal,,False,74.1,,,,neutral,neutral,neutral,UP,neutral,neutral,stabilizing,,,,90.83,-,-0.3519,0.0618,-22.1612,loss_of_function,-6.77618160874381,0.9987725405931772,Pathogenic,0.9999,pathogenic,https://doi.org/10.1101/2022.10.22.513328
D939G,-0.1949,0.47483,2.707546070102572,Neutral,Uncertain,19.6,,,0.477,"cBioPortal,COSMIC,mutations_clinvar",,False,19.6,,,,neutral,neutral,neutral,DOWN,neutral,neutral,neutral,1098323,Pathogenic/Likely pathogenic,2,71.08,T,-0.1719,0.8243,-0.2786,loss_of_function,-0.63615953898358,0.0008244784544719,Benign,0.7704,pathogenic,https://doi.org/10.1101/2022.10.22.513328
D939H,3.21995,0.44558,0.9976104757413944,Uncertain,Uncertain,19.6,,,0.832,cBioPortal,,False,19.6,,,,neutral,neutral,neutral,UP,neutral,neutral,neutral,,,,71.08,T,-0.2139,0.8243,-8.8671,loss_of_function,-5.66991369833696,0.1130793798525948,Benign,0.9821,pathogenic,https://doi.org/10.1101/2022.10.22.513328
K943E,0.87218,0.78741,-0.1734271292811617,Neutral,Neutral,74.7,,,0.490,COSMIC,,True,74.7,,,,neutral,neutral,neutral,DOWN,neutral,neutral,neutral,,,,57.78,T,-0.0181,2.484,-2.4922,loss_of_function,-1.9363374386696,0.454449410008733,Uncertain,0.9833,pathogenic,https://doi.org/10.1101/2022.10.22.513328
K943T,1.00253,0.66735,0.2757796270341056,Neutral,Neutral,74.7,,,0.412,"cBioPortal,COSMIC",,True,74.7,,,,neutral,neutral,neutral,DOWN,neutral,neutral,neutral,,,,57.78,T,-0.0164,2.484,-2.738,loss_of_function,-1.34390625541562,0.2374177284692964,Benign,0.8912,pathogenic,https://doi.org/10.1101/2022.10.22.513328
F945C,1.97594,1.16497,1.4616682391681906,Neutral,Neutral,74.1,,,0.878,cBioPortal,,True,74.1,,,,neutral,neutral,neutral,DOWN,neutral,neutral,neutral,,,,61.74,T,-0.349,0.7397,-22.1581,loss_of_function,-3.66780577575191,0.7326873736658607,Pathogenic,0.9936,pathogenic,https://doi.org/10.1101/2022.10.22.513328
G946R,1.81814,0.65578,0.7835945394365851,Neutral,Neutral,110.1,,,,mutations_clinvar,,True,110.1,,,,neutral,neutral,neutral,UP,neutral,neutral,stabilizing,1796649,Uncertain significance,1,60.69,T,-0.4419,0.1945,-22.1581,loss_of_function,-4.84724338411563,0.9805908240471888,Pathogenic,0.9972,pathogenic,https://doi.org/10.1101/2022.10.22.513328
K948E,0.20329,-0.02721,-0.3025323175516803,Neutral,Neutral,105.2,,,0.778,"cBioPortal,COSMIC",,True,105.2,,,,neutral,neutral,neutral,DOWN,neutral,neutral,destabilizing,,,,54.48,-,-0.1926,1.6773,-22.1581,loss_of_function,-2.45317374096883,0.2385927828817674,Benign,0.9808,pathogenic,https://doi.org/10.1101/2022.10.22.513328
K948T,1.81031,0.62959,-0.0607268831107987,Neutral,Neutral,105.2,,,0.778,cBioPortal,,True,105.2,,,,neutral,neutral,neutral,DOWN,neutral,neutral,destabilizing,,,,54.48,-,-0.1219,1.6773,-8.8702,loss_of_function,-1.79572391841768,0.027805362025641,Benign,0.8838,pathogenic,https://doi.org/10.1101/2022.10.22.513328
R949Q,0.02434,0.22143,0.3248297997281951,Neutral,Neutral,95.7,,,0.850,COSMIC,,False,95.7,,,,neutral,neutral,neutral,DOWN,neutral,neutral,destabilizing,,,,59.64,-,-0.3801,0.0441,-22.1581,loss_of_function,-6.35371738962025,0.9827198683236592,Pathogenic,0.9984,pathogenic,https://doi.org/10.1101/2022.10.22.513328
E950A,1.64994,-0.39898,1.2676471268026328,Neutral,Neutral,17.0,,,0.931,"cBioPortal,COSMIC",,False,17.0,,,,neutral,neutral,neutral,DOWN,neutral,neutral,mixed_effects,,,,60.19,-,-0.3054,0.161,-22.155,loss_of_function,-6.16694866160688,0.9918988156052034,Pathogenic,0.9992,pathogenic,https://doi.org/10.1101/2022.10.22.513328
E950K,1.08644,,1.8526816604159195,,Neutral,17.0,,,0.913,cBioPortal,,False,17.0,,,,neutral,neutral,neutral,UP,neutral,neutral,neutral,,,,60.19,-,-0.3274,0.161,-22.155,loss_of_function,-6.16694866160688,0.9908653247115212,Pathogenic,0.9997,pathogenic,https://doi.org/10.1101/2022.10.22.513328
R951C,0.87653,0.78844,0.9577361487188863,Neutral,Neutral,64.2,,,0.841,"cBioPortal,COSMIC",,False,64.2,,,,neutral,neutral,neutral,DOWN,neutral,neutral,destabilizing,,,,66.24,-,-0.4102,0.0883,-22.155,loss_of_function,-5.48717606114448,0.9645291287627074,Pathogenic,0.9929,pathogenic,https://doi.org/10.1101/2022.10.22.513328
R951H,0.92316,-0.61599,0.0507595159465684,Neutral,Neutral,64.2,,,0.786,"cBioPortal,COSMIC,mutations_clinvar",,False,64.2,,,,neutral,neutral,neutral,DOWN,neutral,neutral,destabilizing,1306646,Uncertain significance,1,66.24,-,-0.3033,0.0883,-8.8671,loss_of_function,-4.04085361635201,0.8529931226210906,Pathogenic,0.9636,pathogenic,https://doi.org/10.1101/2022.10.22.513328
V952A,2.45337,2.7449,2.303723651896884,Uncertain,Uncertain,1.9,,,0.742,cBioPortal,,False,1.9,,,,neutral,neutral,neutral,DOWN,neutral,neutral,neutral,,,,69.82,-,-0.236,0.3412,-5.8673,loss_of_function,-2.27305512235587,0.2596865947891784,Benign,0.9686,pathogenic,https://doi.org/10.1101/2022.10.22.513328
P953L,2.61283,-0.19422,-0.6106124145039066,Uncertain,Uncertain,9.9,,,0.958,COSMIC,,False,9.9,,,,neutral,neutral,neutral,UP,neutral,neutral,neutral,,,,72.65,S,-0.3739,0.0222,-22.155,loss_of_function,-7.06539573970661,0.9579526914557928,Pathogenic,0.9959,pathogenic,https://doi.org/10.1101/2022.10.22.513328
P953S,2.17931,1.16122,0.2952345103136555,Uncertain,Uncertain,9.9,,,0.960,cBioPortal,,False,9.9,,,,neutral,neutral,neutral,DOWN,neutral,neutral,neutral,,,,72.65,S,-0.3249,0.0222,-22.155,loss_of_function,-5.44224941416148,0.9873030062625212,Pathogenic,0.9968,pathogenic,https://doi.org/10.1101/2022.10.22.513328
F954Y,-0.04655,1.00374,0.728287062404443,Neutral,Neutral,0.9,,,,mutations_clinvar,,False,0.9,,,,neutral,neutral,neutral,-,uncertain,uncertain,uncertain,1514560,Uncertain significance,1,78.53,S,-0.3387,0.0222,-22.155,loss_of_function,-4.32287077432583,0.9866646185265068,Pathogenic,0.9797,pathogenic,https://doi.org/10.1101/2022.10.22.513328
L956F,1.23125,1.56156,1.3380954518562378,Neutral,Neutral,0.1,,,0.715,"cBioPortal,COSMIC",,False,0.1,,,,neutral,neutral,neutral,UP,neutral,neutral,stabilizing,,,,86.68,-,-0.2807,0.0442,-8.8671,loss_of_function,-2.66007027183762,0.1866918148993367,Benign,0.9667,pathogenic,https://doi.org/10.1101/2022.10.22.513328
T957I,0.84494,0.69388,-0.254649057188166,Neutral,Neutral,64.8,,,0.955,"cBioPortal,COSMIC",P,True,64.8,0.428,,,damaging,neutral,potentially_damaging,UP,neutral,neutral,stabilizing,,,,88.07,-,-0.3211,0.2949,-22.155,loss_of_function,-6.37148577437092,0.6102234408405223,Uncertain,0.9981,pathogenic,https://doi.org/10.1101/2022.10.22.513328
T957P,-0.79237,0.74864,4.514607024229119,Neutral,Uncertain,64.8,,,0.949,cBioPortal,P,True,64.8,0.428,,,damaging,neutral,potentially_damaging,-,uncertain,uncertain,uncertain,,,,88.07,-,-0.3785,0.2949,-6.2823,loss_of_function,-4.1360631384914,0.2028232399921724,Benign,0.8085,pathogenic,https://doi.org/10.1101/2022.10.22.513328
Q958H,0.72004,0.75918,-0.3714941207417543,Neutral,Neutral,52.7,,,0.505,cBioPortal,,True,52.7,,,,neutral,neutral,neutral,UP,neutral,neutral,stabilizing,,,,90.68,H,0.0296,2.4568,-1.7723,gain_of_function,-1.55444356842118,0.0066271737896242,Benign,0.4231,ambiguous,https://doi.org/10.1101/2022.10.22.513328
Q958K,0.02904,0.42687,-0.2010692857964041,Neutral,Neutral,52.7,,,0.481,"cBioPortal,COSMIC,mutations_clinvar",,True,52.7,,,,neutral,neutral,neutral,UP,neutral,neutral,stabilizing,639426,Uncertain significance,1,90.68,H,-0.1066,2.4568,-22.1581,loss_of_function,-2.98137514481912,0.0064301083613422,Benign,0.2627,benign,https://doi.org/10.1101/2022.10.22.513328
Q958R,0.17099,0.41224,-0.1889076243011722,Neutral,Neutral,52.7,,,0.506,"cBioPortal,COSMIC",,True,52.7,,,,neutral,neutral,neutral,UP,neutral,neutral,stabilizing,,,,90.68,H,-0.0322,2.4568,-7.8703,loss_of_function,-2.45642831352199,0.0152536062033157,Benign,0.3075,benign,https://doi.org/10.1101/2022.10.22.513328
L961S,3.72898,3.39558,3.885051716045246,Destabilizing,Destabilizing,13.9,,,,mutations_clinvar,,True,13.9,,,,neutral,neutral,neutral,DOWN,neutral,neutral,neutral,1956191,Uncertain significance,1,95.51,H,-0.2196,1.7612,-8.8702,loss_of_function,-2.25095170182757,0.2800087309209092,Benign,0.9844,pathogenic,https://doi.org/10.1101/2022.10.22.513328
G967E,5.00598,2.12143,1.5303179503969937,Uncertain,Uncertain,19.4,,,0.753,cBioPortal,,True,19.4,,,,neutral,neutral,neutral,UP,neutral,neutral,neutral,,,,93.66,T,-0.4251,0.1921,-22.1488,loss_of_function,-3.96724942000168,0.3604057455705913,Uncertain,0.9784,pathogenic,https://doi.org/10.1101/2022.10.22.513328
G967R,5.13244,2.15476,0.6338124029852849,Uncertain,Uncertain,19.4,,,0.879,cBioPortal,,True,19.4,,,,neutral,neutral,neutral,UP,neutral,neutral,neutral,,,,93.66,T,-0.3743,0.1921,-8.8609,loss_of_function,-4.04142785779801,0.5362577833467576,Uncertain,0.9921,pathogenic,https://doi.org/10.1101/2022.10.22.513328
A968G,1.01018,1.48061,1.1074665966657709,Neutral,Neutral,46.8,,,,mutations_clinvar,,True,46.8,,,,neutral,neutral,neutral,DOWN,neutral,neutral,neutral,1797480,Uncertain significance,1,94.42,-,0.0738,3.4933,-5.2915,gain_of_function,0.0091826075668923,0.0249553394420901,Benign,0.1255,benign,https://doi.org/10.1101/2022.10.22.513328
Q969K,0.27559,0.65884,-0.1968311903315922,Neutral,Neutral,109.6,,,0.409,"cBioPortal,COSMIC",,False,109.6,,,,neutral,neutral,neutral,UP,neutral,neutral,neutral,,,,87.89,S,0.0494,3.1026,-3.251,gain_of_function,-0.870480102297184,0.0046049486751624,Benign,0.1358,benign,https://doi.org/10.1101/2022.10.22.513328
Q969R,0.04711,1.11054,-0.2035008569511959,Neutral,Neutral,109.6,,,0.541,cBioPortal,,False,109.6,,,,neutral,neutral,neutral,UP,neutral,neutral,neutral,,,,87.89,S,0.0454,3.1026,-4.3099,gain_of_function,-0.92798360899013,0.0141038128878948,Benign,0.1853,benign,https://doi.org/10.1101/2022.10.22.513328
E970K,-0.6146,1.15748,0.2910661908232309,Neutral,Neutral,75.0,,,0.581,"cBioPortal,COSMIC,mutations_clinvar",,False,75.0,,,,neutral,neutral,neutral,UP,neutral,neutral,neutral,1057635,Pathogenic/Likely pathogenic,2,91.11,S,-0.0002,2.5548,-1.1898,loss_of_function,-1.56143580052642,,,0.5289,ambiguous,https://doi.org/10.1101/2022.10.22.513328
E970Q,-0.10561,0.48844,0.3467350790867668,Neutral,Neutral,75.0,,,0.515,COSMIC,,False,75.0,,,,neutral,neutral,neutral,UP,neutral,neutral,neutral,,,,91.11,S,0.0301,2.5548,-4.9674,gain_of_function,-1.09148657317597,,,0.2915,benign,https://doi.org/10.1101/2022.10.22.513328
C971G,1.31496,1.55918,1.6305178999061378,Neutral,Neutral,2.2,,,,mutations_clinvar,,False,2.2,,,,neutral,neutral,neutral,DOWN,neutral,neutral,neutral,1797590,Uncertain significance,1,92.68,G,-0.1825,2.3497,-5.3327,loss_of_function,-2.22108672484945,,,0.1522,benign,https://doi.org/10.1101/2022.10.22.513328
C971R,1.43006,9.67109,1.659982055614189,Uncertain,Neutral,2.2,,,0.351,"cBioPortal,COSMIC",,False,2.2,,,,neutral,neutral,neutral,UP,neutral,neutral,neutral,,,,92.68,G,-0.2592,2.3497,-8.6545,loss_of_function,-1.71160804730936,,,0.5945,pathogenic,https://doi.org/10.1101/2022.10.22.513328
T972I,-1.0564,0.22687,-0.3407241848090769,Neutral,Neutral,45.7,,,0.305,"cBioPortal,COSMIC,mutations_clinvar",,False,45.7,,,,uncertain,,,UP,neutral,neutral,neutral,456544,Uncertain significance,1,90.38,G,-0.0079,2.8289,-6.4692,loss_of_function,-1.33682512347665,,,0.1605,benign,https://doi.org/10.1101/2022.10.22.513328
K973N,0.17284,0.35816,0.3935387165032145,Neutral,Neutral,75.3,,,0.321,cBioPortal,,False,75.3,,,,neutral,neutral,neutral,DOWN,neutral,neutral,destabilizing,,,,90.19,G,-0.0109,2.4147,-1.1464,loss_of_function,-1.4773953640777,0.1318970455761671,Benign,0.7186,pathogenic,https://doi.org/10.1101/2022.10.22.513328
T974R,0.95029,2.00918,0.5835107899388311,Uncertain,Neutral,21.7,,,0.726,COSMIC,,True,21.7,,,,uncertain,,,UP,neutral,neutral,neutral,,,,94.08,S,-0.1319,2.154,-6.836,loss_of_function,-2.45368332764748,0.085886353131286,Benign,0.7665,pathogenic,https://doi.org/10.1101/2022.10.22.513328
R975K,-0.04435,-0.42789,0.1516730071021788,Neutral,Neutral,99.5,,,0.247,"cBioPortal,COSMIC",,True,99.5,,,,neutral,neutral,neutral,-,uncertain,uncertain,uncertain,,,,95.19,H,0.0272,2.4726,-2.6831,gain_of_function,-0.132966782357613,0.0005791611907899,Benign,0.0586,benign,https://doi.org/10.1101/2022.10.22.513328
R975S,0.26582,-0.02007,0.4654423875264935,Neutral,Neutral,99.5,,,0.283,"cBioPortal,COSMIC",,True,99.5,,,,neutral,neutral,neutral,DOWN,neutral,neutral,neutral,,,,95.19,H,-0.1094,2.4726,-7.8328,loss_of_function,-1.37299613315847,0.0059347274419331,Benign,0.3647,ambiguous,https://doi.org/10.1101/2022.10.22.513328
E976Q,1.30073,-0.00408,0.5591184821473885,Neutral,Neutral,45.1,,,0.302,cBioPortal,,True,45.1,,,,neutral,neutral,neutral,UP,neutral,neutral,stabilizing,,,,96.03,H,-0.0512,1.7999,-7.2761,loss_of_function,-1.88992902162159,0.1105252453045143,Benign,0.5729,pathogenic,https://doi.org/10.1101/2022.10.22.513328
E978G,0.93048,1.03503,0.9499322814301648,Neutral,Neutral,76.2,,,0.610,COSMIC,,True,76.2,,,,neutral,neutral,neutral,DOWN,neutral,neutral,neutral,,,,94.16,H,-0.0054,2.6008,-2.3096,loss_of_function,-1.63975090591082,0.0244333899321824,Benign,0.2511,benign,https://doi.org/10.1101/2022.10.22.513328
E978K,0.37462,-0.25238,-0.0571525852212889,Neutral,Neutral,76.2,,,0.468,"cBioPortal,COSMIC",,True,76.2,,,,neutral,neutral,neutral,UP,neutral,neutral,stabilizing,,,,94.16,H,-0.0066,2.6008,-3.2792,loss_of_function,-1.30946812654542,0.003966201824557,Benign,0.3059,benign,https://doi.org/10.1101/2022.10.22.513328
E978Q,0.23713,-0.42347,0.1601751436491777,Neutral,Neutral,76.2,,,0.403,"cBioPortal,COSMIC",,True,76.2,,,,neutral,neutral,neutral,UP,neutral,neutral,stabilizing,,,,94.16,H,0.0427,2.6008,-3.3096,gain_of_function,-0.885219008559365,0.0041144436534366,Benign,0.1452,benign,https://doi.org/10.1101/2022.10.22.513328
R979G,1.17482,2.6585,1.685295479047634,Uncertain,Neutral,56.7,,,0.736,"cBioPortal,COSMIC",,True,56.7,,,,neutral,neutral,neutral,DOWN,neutral,neutral,neutral,,,,95.91,H,-0.2236,2.4039,-22.155,loss_of_function,-3.16745163621217,0.2583727184658272,Benign,0.5531,ambiguous,https://doi.org/10.1101/2022.10.22.513328
Q981E,0.16021,1.73878,2.200508469426751,Neutral,Uncertain,7.7,,,0.323,"cBioPortal,COSMIC",,True,7.7,,,,neutral,neutral,neutral,DOWN,neutral,neutral,neutral,,,,95.72,H,-0.0754,1.6654,-7.2792,loss_of_function,-1.65494463062665,0.0408490369671357,Benign,0.5582,ambiguous,https://doi.org/10.1101/2022.10.22.513328
Q981H,2.1762,2.73061,1.3244442306375093,Uncertain,Uncertain,7.7,,,0.649,cBioPortal,,True,7.7,,,,neutral,neutral,neutral,UP,neutral,neutral,stabilizing,,,,95.72,H,-0.1473,1.6654,-22.1519,loss_of_function,-5.12585295573212,0.7281798890122777,Pathogenic,0.9643,pathogenic,https://doi.org/10.1101/2022.10.22.513328
Q981R,0.77506,2.34626,0.4047119766711343,Uncertain,Neutral,7.7,,,0.343,cBioPortal,,True,7.7,,,,neutral,neutral,neutral,UP,neutral,neutral,stabilizing,,,,95.72,H,-0.0697,1.6654,-0.9513,loss_of_function,-1.68296892359168,0.0470410085826336,Benign,0.5616,ambiguous,https://doi.org/10.1101/2022.10.22.513328
E982D,0.59016,0.38333,1.0383235112229223,Neutral,Neutral,52.3,,,0.371,COSMIC,,True,52.3,,,,neutral,neutral,neutral,DOWN,neutral,neutral,neutral,,,,95.59,H,0.0591,2.7376,-3.91,gain_of_function,-1.26747026073462,0.0432846447323159,Benign,0.1266,benign,https://doi.org/10.1101/2022.10.22.513328
E982G,1.01613,1.24388,1.755972987538324,Neutral,Neutral,52.3,,,0.526,COSMIC,,True,52.3,,,,neutral,neutral,neutral,DOWN,neutral,neutral,neutral,,,,95.59,H,0.0035,2.7376,-3.0313,gain_of_function,-0.712558060629569,0.2000201125791695,Benign,0.2842,benign,https://doi.org/10.1101/2022.10.22.513328
E982K,-0.01161,0.67483,0.6587702330158631,Neutral,Neutral,52.3,,,0.521,"cBioPortal,COSMIC",,True,52.3,,,,neutral,neutral,neutral,UP,neutral,neutral,stabilizing,,,,95.59,H,0.0028,2.7376,-3.91,gain_of_function,-1.68883742809802,0.0189467442757564,Benign,0.4675,ambiguous,https://doi.org/10.1101/2022.10.22.513328
E982Q,0.28697,-0.2102,0.5689078216808965,Neutral,Neutral,52.3,,,0.443,"cBioPortal,COSMIC",,True,52.3,,,,neutral,neutral,neutral,UP,neutral,neutral,stabilizing,,,,95.59,H,0.0615,2.7376,-2.096,gain_of_function,-0.890373417693263,0.0094875154218022,Benign,0.2224,benign,https://doi.org/10.1101/2022.10.22.513328
M983I,1.00743,1.46156,0.4858437908608148,Neutral,Neutral,10.5,,,0.419,"cBioPortal,COSMIC",,True,10.5,,,,neutral,neutral,neutral,-,uncertain,uncertain,uncertain,,,,97.39,H,-0.0097,2.4355,-5.5392,loss_of_function,-0.242612066577089,0.0091102092435084,Benign,0.7782,pathogenic,https://doi.org/10.1101/2022.10.22.513328
M983K,1.34036,3.25782,2.5438551673309355,Uncertain,Uncertain,10.5,,,,mutations_clinvar,,True,10.5,,,,neutral,neutral,neutral,UP,neutral,neutral,stabilizing,1913713,Uncertain significance,1,97.39,H,-0.1668,2.4355,-7.861,loss_of_function,-2.18373428212912,0.0464174273034672,Benign,0.8185,pathogenic,https://doi.org/10.1101/2022.10.22.513328
C984Y,20.77732,5.16599,2.357559688157301,Destabilizing,Uncertain,0.0,,,0.876,COSMIC,,True,0.0,,,,neutral,neutral,neutral,UP,neutral,neutral,neutral,,,,97.26,H,-0.4933,0.0222,-22.1488,loss_of_function,-6.64513695490839,0.9878088434262556,Pathogenic,0.9998,pathogenic,https://doi.org/10.1101/2022.10.22.513328
Y985H,3.02593,,2.231474173027389,,Uncertain,1.5,,,,mutations_clinvar,,True,1.5,,,,uncertain,,,DOWN,neutral,neutral,neutral,986151,Uncertain significance,1,97.22,H,-0.2194,1.5194,-22.1363,loss_of_function,-2.60198574690365,0.0535047787527757,Benign,0.4966,ambiguous,https://doi.org/10.1101/2022.10.22.513328
Y985S,3.51328,4.0932,4.588049578787641,Destabilizing,Destabilizing,1.5,,,0.409,COSMIC,,True,1.5,,,,uncertain,,,DOWN,neutral,neutral,neutral,,,,97.22,H,-0.2405,1.5194,-7.2636,loss_of_function,-1.76729558153328,0.0029567147208126,Benign,0.4336,ambiguous,https://doi.org/10.1101/2022.10.22.513328
K986N,-0.14178,1.10986,0.4464362700888891,Neutral,Neutral,31.0,,,0.553,"cBioPortal,COSMIC",,True,31.0,,,,neutral,neutral,neutral,DOWN,neutral,neutral,neutral,,,,97.43,H,-0.0058,2.7413,-6.0413,loss_of_function,-0.701513377758755,0.0623072086040131,Benign,0.6825,pathogenic,https://doi.org/10.1101/2022.10.22.513328
A987T,2.63101,2.08741,1.3714360104364869,Uncertain,Uncertain,0.0,,,0.734,COSMIC,,True,0.0,,,,neutral,neutral,neutral,UP,neutral,neutral,neutral,,,,98.38,H,-0.3029,0.0851,-22.1332,loss_of_function,-2.92417663585686,0.8049754919509352,Pathogenic,0.9947,pathogenic,https://doi.org/10.1101/2022.10.22.513328
L989I,0.67971,0.3,1.257427005256502,Neutral,Neutral,3.5,,,0.447,COSMIC,,True,3.5,,,,neutral,neutral,neutral,-,uncertain,uncertain,uncertain,,,,98.22,H,-0.0306,1.9396,-5.6756,loss_of_function,-0.946040943307786,0.0199438941636946,Benign,0.3167,benign,https://doi.org/10.1101/2022.10.22.513328
L989V,2.0809,1.05136,1.7349326618677017,Uncertain,Uncertain,3.5,,,0.532,"cBioPortal,COSMIC",,True,3.5,,,,neutral,neutral,neutral,DOWN,neutral,neutral,neutral,,,,98.22,H,-0.078,1.9396,-7.8454,loss_of_function,-1.57205522388118,0.0797594668176077,Benign,0.2747,benign,https://doi.org/10.1101/2022.10.22.513328
A990G,1.50172,2.40646,1.9723459314442384,Uncertain,Neutral,1.7,,,0.569,"COSMIC,mutations_clinvar",,True,1.7,,,,neutral,neutral,neutral,DOWN,neutral,neutral,neutral,1011496,Uncertain significance,1,98.03,H,-0.1784,1.6866,-22.1363,loss_of_function,-3.7978483476288,0.1399448007711138,Benign,0.5504,ambiguous,https://doi.org/10.1101/2022.10.22.513328
A990T,0.85393,0.6983,0.9322352873105466,Neutral,Neutral,1.7,,,0.419,COSMIC,,True,1.7,,,,neutral,neutral,neutral,UP,neutral,neutral,stabilizing,,,,98.03,H,-0.0734,1.6866,-6.0413,loss_of_function,-0.293890498560781,0.0137380561694406,Benign,0.2619,benign,https://doi.org/10.1101/2022.10.22.513328
R992L,0.41197,0.26497,0.8138283932795459,Neutral,Neutral,16.1,,,0.929,"cBioPortal,COSMIC",,False,16.1,,,,neutral,neutral,neutral,DOWN,neutral,neutral,neutral,,,,98.16,H,-0.3355,0.8294,-22.1363,loss_of_function,-6.07724615097912,0.9231014607777196,Pathogenic,0.9982,pathogenic,https://doi.org/10.1101/2022.10.22.513328
R992P,5.31612,9.9551,8.045936653564345,Destabilizing,Destabilizing,16.1,,,0.915,"cBioPortal,COSMIC",,False,16.1,,,,neutral,neutral,neutral,DOWN,neutral,neutral,neutral,,,,98.16,H,-0.4751,0.8294,-22.1363,loss_of_function,-6.27584668115315,0.9194404862746368,Pathogenic,0.9998,pathogenic,https://doi.org/10.1101/2022.10.22.513328
R992Q,1.42777,1.60544,2.1586047280082226,Neutral,Uncertain,16.1,,,0.842,"COSMIC,mutations_clinvar",,False,16.1,,,,neutral,neutral,neutral,DOWN,neutral,neutral,neutral,582675,Uncertain significance,1,98.16,H,-0.2399,0.8294,-8.8485,loss_of_function,-6.27584668115315,0.9602249014093514,Pathogenic,0.9587,pathogenic,https://doi.org/10.1101/2022.10.22.513328
Q993H,-1.06653,0.74116,0.0875627107023474,Neutral,Neutral,53.8,,,0.579,cBioPortal,,False,53.8,,,,neutral,neutral,neutral,UP,neutral,neutral,stabilizing,,,,96.81,T,-0.1255,1.9014,-22.1363,loss_of_function,-1.17804503438402,0.0252225781622355,Benign,0.2285,benign,https://doi.org/10.1101/2022.10.22.513328
Q993R,-0.57098,1.04966,-0.1430568085745698,Neutral,Neutral,53.8,,,0.329,"cBioPortal,COSMIC",,False,53.8,,,,neutral,neutral,neutral,UP,neutral,neutral,stabilizing,,,,96.81,T,-0.0486,1.9014,-1.0673,loss_of_function,-0.450011701673087,0.0014230710738976,Benign,0.1606,benign,https://doi.org/10.1101/2022.10.22.513328
H994Y,0.12544,-0.20578,-0.2465827993877639,Neutral,Neutral,45.0,3.18390219052e-05,4.0203590985e-06,0.711,"COSMIC,mutations_clinvar",,False,45.0,,,,neutral,neutral,neutral,UP,neutral,neutral,stabilizing,1209560,Uncertain significance,1,97.58,T,-0.0429,1.5379,-5.6787,loss_of_function,-1.5868102483684,0.1334307410011079,Benign,0.5809,pathogenic,https://doi.org/10.1101/2022.10.22.513328
A995D,0.18032,2.96531,3.94597281371068,Uncertain,Uncertain,4.1,,,0.642,COSMIC,,False,4.1,,,,neutral,neutral,neutral,UP,neutral,neutral,neutral,,,,97.97,H,-0.3083,1.2332,-22.1363,loss_of_function,-3.77303990975823,0.6201746479176203,Uncertain,0.9931,pathogenic,https://doi.org/10.1101/2022.10.22.513328
A995V,0.3629,0.38571,1.781549887760109,Neutral,Neutral,4.1,,,0.565,cBioPortal,,False,4.1,,,,neutral,neutral,neutral,UP,neutral,neutral,neutral,,,,97.97,H,-0.1265,1.2332,-8.8485,loss_of_function,-3.50649605491997,0.5018470245723776,Uncertain,0.9772,pathogenic,https://doi.org/10.1101/2022.10.22.513328
N996I,-0.6449,-0.57313,-0.4203660818652138,Neutral,Neutral,52.0,,,0.742,"COSMIC,mutations_clinvar",,False,52.0,,,,neutral,neutral,neutral,UP,neutral,neutral,neutral,1798456,Uncertain significance,1,97.44,H,-0.034,2.9208,-7.2636,loss_of_function,-1.31221362882205,0.6238417244224551,Uncertain,0.5221,ambiguous,https://doi.org/10.1101/2022.10.22.513328
N996K,-0.55503,-0.0966,-0.1245561261297967,Neutral,Neutral,52.0,,,0.378,cBioPortal,,False,52.0,,,,neutral,neutral,neutral,UP,neutral,neutral,neutral,,,,97.44,H,0.0182,2.9208,-6.2636,gain_of_function,-1.07279089616188,0.0451710732484567,Benign,0.7185,pathogenic,https://doi.org/10.1101/2022.10.22.513328
N996S,0.88131,0.70136,0.288411941852853,Neutral,Neutral,52.0,,,0.254,"cBioPortal,COSMIC",,False,52.0,,,,neutral,neutral,neutral,DOWN,neutral,neutral,neutral,,,,97.44,H,0.068,2.9208,-3.0157,gain_of_function,-0.386200852293942,0.0522257687265029,Benign,0.0727,benign,https://doi.org/10.1101/2022.10.22.513328
L997F,2.32327,1.43673,0.9487310629071466,Uncertain,Uncertain,13.4,,,0.666,cBioPortal,,False,13.4,,,,neutral,neutral,neutral,UP,neutral,neutral,neutral,,,,98.01,H,-0.2278,0.3906,-4.7612,loss_of_function,-3.40020084770552,0.1781015125925405,Benign,0.8456,pathogenic,https://doi.org/10.1101/2022.10.22.513328
L997H,3.16307,2.73503,1.9226271551909475,Uncertain,Uncertain,13.4,,,0.875,cBioPortal,,False,13.4,,,,neutral,neutral,neutral,DOWN,neutral,neutral,neutral,,,,98.01,H,-0.4254,0.3906,-22.1363,loss_of_function,-4.14845307131309,0.6631779332498496,Uncertain,0.9606,pathogenic,https://doi.org/10.1101/2022.10.22.513328
L997I,1.32657,0.9102,0.4616397084142948,Neutral,Neutral,13.4,,,0.572,"cBioPortal,COSMIC",,False,13.4,,,,neutral,neutral,neutral,-,uncertain,uncertain,uncertain,,,,98.01,H,-0.1893,0.3906,-8.8485,loss_of_function,-2.20153794787478,0.0828926112634219,Benign,0.5096,ambiguous,https://doi.org/10.1101/2022.10.22.513328
F998L,0.76121,0.50068,1.69370383525797,Neutral,Neutral,0.7,,,0.352,cBioPortal,,False,0.7,,,,neutral,neutral,neutral,DOWN,neutral,neutral,neutral,,,,98.4,H,-0.1381,1.3122,-3.3251,loss_of_function,-0.446029371334372,0.0042594164656867,Benign,0.9452,pathogenic,https://doi.org/10.1101/2022.10.22.513328
F998S,4.89174,4.5034,5.151740801604686,Destabilizing,Destabilizing,0.7,,,0.860,COSMIC,,False,0.7,,,,neutral,neutral,neutral,DOWN,neutral,neutral,neutral,,,,98.4,H,-0.307,1.3122,-22.1363,loss_of_function,-5.63486018391982,0.8657818138423421,Pathogenic,0.9984,pathogenic,https://doi.org/10.1101/2022.10.22.513328
N1000D,4.40645,1.93571,2.564978467100812,Uncertain,Uncertain,4.5,,,0.549,COSMIC,,False,4.5,,,,neutral,neutral,neutral,-,uncertain,uncertain,uncertain,,,,98.14,H,-0.1435,2.0443,-22.1332,loss_of_function,-2.03272910120225,0.0968103135641968,Benign,0.8895,pathogenic,https://doi.org/10.1101/2022.10.22.513328
L1001F,6.1737,2.01156,2.0578439505372392,Uncertain,Uncertain,0.0,,,0.718,COSMIC,,False,0.0,,,,neutral,neutral,neutral,UP,neutral,neutral,neutral,,,,98.52,H,-0.3503,0.0225,-22.1301,loss_of_function,-5.09734011160623,0.9669294369629104,Pathogenic,0.985,pathogenic,https://doi.org/10.1101/2022.10.22.513328
L1001H,6.66522,3.93163,3.3481574071533604,Destabilizing,Destabilizing,0.0,,,0.877,COSMIC,,False,0.0,,,,neutral,neutral,neutral,DOWN,neutral,neutral,neutral,,,,98.52,H,-0.4593,0.0225,-22.1301,loss_of_function,-4.86470820435603,0.8832228356195795,Pathogenic,0.9977,pathogenic,https://doi.org/10.1101/2022.10.22.513328
L1001I,1.82871,2.27449,1.7281829532469062,Uncertain,Neutral,0.0,,,0.519,"cBioPortal,COSMIC",,False,0.0,,,,neutral,neutral,neutral,-,uncertain,uncertain,uncertain,,,,98.52,H,-0.291,0.0225,-22.1301,loss_of_function,-3.11295541369294,0.4808994521341702,Uncertain,0.842,pathogenic,https://doi.org/10.1101/2022.10.22.513328
L1001R,6.76564,6.49048,4.605409682105599,Destabilizing,Destabilizing,0.0,,,0.904,cBioPortal,,False,0.0,,,,neutral,neutral,neutral,UP,neutral,neutral,neutral,,,,98.52,H,-0.4971,0.0225,-22.1301,loss_of_function,-6.59362472978734,0.9812293124182824,Pathogenic,0.9968,pathogenic,https://doi.org/10.1101/2022.10.22.513328
L1001V,3.1969,3.34694,2.150162614635077,Destabilizing,Uncertain,0.0,,,0.643,COSMIC,,False,0.0,,,,neutral,neutral,neutral,DOWN,neutral,neutral,neutral,,,,98.52,H,-0.3273,0.0225,-22.1301,loss_of_function,-3.31796554192497,0.8632769039958086,Pathogenic,0.914,pathogenic,https://doi.org/10.1101/2022.10.22.513328
F1002L,1.77792,1.55646,2.9649441458691896,Neutral,Uncertain,1.3,,,0.445,"cBioPortal,COSMIC",,False,1.3,,,,neutral,neutral,neutral,DOWN,neutral,neutral,neutral,,,,98.19,H,-0.2548,0.2214,-6.5204,loss_of_function,-1.66649296468013,0.0517406454862419,Benign,0.9924,pathogenic,https://doi.org/10.1101/2022.10.22.513328
F1002S,5.95985,5.14762,6.766507111850407,Destabilizing,Destabilizing,1.3,,,0.899,COSMIC,,False,1.3,,,,neutral,neutral,neutral,DOWN,neutral,neutral,neutral,,,,98.19,H,-0.4074,0.2214,-22.1301,loss_of_function,-5.42369459745118,0.9679809425875184,Pathogenic,0.997,pathogenic,https://doi.org/10.1101/2022.10.22.513328
F1002V,3.5552,2.72993,4.622384882667985,Uncertain,Destabilizing,1.3,,,0.783,cBioPortal,,False,1.3,,,,neutral,neutral,neutral,DOWN,neutral,neutral,neutral,,,,98.19,H,-0.3666,0.2214,-22.1301,loss_of_function,-3.26839494707448,0.8763928563657577,Pathogenic,0.9889,pathogenic,https://doi.org/10.1101/2022.10.22.513328
S1003L,-1.11729,-1.74184,-1.7373531524518775,Neutral,Neutral,1.8,,,0.545,"cBioPortal,COSMIC",,False,1.8,,,,uncertain,,,UP,neutral,neutral,neutral,,,,97.49,H,-0.1415,1.609,-8.8422,loss_of_function,-2.6332287596187,0.0474078030088215,Benign,0.6616,pathogenic,https://doi.org/10.1101/2022.10.22.513328
S1003P,4.00162,10.63776,7.30777945839635,Destabilizing,Destabilizing,1.8,,,0.826,COSMIC,,False,1.8,,,,uncertain,,,UP,neutral,neutral,neutral,,,,97.49,H,-0.2853,1.609,-22.1301,loss_of_function,-5.10607211448554,0.4367082902026769,Uncertain,0.9978,pathogenic,https://doi.org/10.1101/2022.10.22.513328
M1004I,3.48699,3.60204,2.0857892193181606,Destabilizing,Uncertain,0.2,,,"0.434, 0.437","cBioPortal,COSMIC,mutations_clinvar",,False,0.2,,,,neutral,neutral,neutral,-,uncertain,uncertain,uncertain,"2069684, 1209066","Uncertain significance, Pathogenic/Likely pathogenic","1, 2",98.51,T,-0.1486,1.0533,-7.8423,loss_of_function,-2.13135878100023,0.2601891147518924,Benign,0.9826,pathogenic,https://doi.org/10.1101/2022.10.22.513328
M1004R,3.77027,5.51224,2.907237378788925,Destabilizing,Uncertain,0.2,,,0.881,"cBioPortal,COSMIC",,False,0.2,,,,neutral,neutral,neutral,UP,neutral,neutral,neutral,,,,98.51,T,-0.3941,1.0533,-22.1301,loss_of_function,-5.51170681335761,0.9392669243049568,Pathogenic,0.9891,pathogenic,https://doi.org/10.1101/2022.10.22.513328
M1004V,4.3876,4.18912,2.1967707444532216,Destabilizing,Uncertain,0.2,,,0.666,"cBioPortal,COSMIC,mutations_clinvar",,False,0.2,,,,neutral,neutral,neutral,DOWN,neutral,neutral,neutral,1704826,Uncertain significance,1,98.51,T,-0.1858,1.0533,-8.8422,loss_of_function,-2.36825629767856,0.5388127563900114,Uncertain,0.7226,pathogenic,https://doi.org/10.1101/2022.10.22.513328
M1005I,2.07225,1.04082,0.9763789318445284,Uncertain,Uncertain,2.2,,,0.712,COSMIC,,False,2.2,,,,neutral,neutral,neutral,-,uncertain,uncertain,uncertain,,,,97.95,T,-0.2935,0.271,-22.1301,loss_of_function,-3.13816883463355,0.9183500584642073,Pathogenic,0.9956,pathogenic,https://doi.org/10.1101/2022.10.22.513328
M1005V,2.64151,0.32449,1.267481174680102,Uncertain,Uncertain,2.2,,,0.819,"cBioPortal,COSMIC",,False,2.2,,,,neutral,neutral,neutral,DOWN,neutral,neutral,neutral,,,,97.95,T,-0.3256,0.271,-22.1301,loss_of_function,-3.0909255931123,0.9066463718544386,Pathogenic,0.9331,pathogenic,https://doi.org/10.1101/2022.10.22.513328
L1006F,5.28503,4.54388,2.193624250798873,Destabilizing,Uncertain,0.0,,,0.682,COSMIC,,False,0.0,,,,neutral,neutral,neutral,UP,neutral,neutral,neutral,,,,94.65,G,-0.1122,1.8732,-8.8391,loss_of_function,-3.25465212401333,0.9071929539171456,Pathogenic,0.9763,pathogenic,https://doi.org/10.1101/2022.10.22.513328
L1006H,6.83053,4.31259,3.198112027353276,Destabilizing,Destabilizing,0.0,,,0.870,"cBioPortal,COSMIC",,False,0.0,,,,neutral,neutral,neutral,DOWN,neutral,neutral,neutral,,,,94.65,G,-0.289,1.8732,-22.1269,loss_of_function,-4.24124519676789,0.9538805179027834,Pathogenic,0.9909,pathogenic,https://doi.org/10.1101/2022.10.22.513328
L1006I,1.25342,1.1,1.6185106690100777,Neutral,Neutral,0.0,,,0.366,"cBioPortal,COSMIC",,False,0.0,,,,neutral,neutral,neutral,-,uncertain,uncertain,uncertain,,,,94.65,G,-0.0205,1.8732,-2.4994,loss_of_function,-1.57362525530431,0.1451637405788443,Benign,0.4888,ambiguous,https://doi.org/10.1101/2022.10.22.513328
L1006P,7.54185,8.32687,7.596353301528135,Destabilizing,Destabilizing,0.0,,,0.897,COSMIC,,False,0.0,,,,neutral,neutral,neutral,DOWN,neutral,neutral,neutral,,,,94.65,G,-0.2622,1.8732,-8.8391,loss_of_function,-4.58154474897295,0.950804057193342,Pathogenic,0.9971,pathogenic,https://doi.org/10.1101/2022.10.22.513328
L1006R,2.46415,3.43401,4.414672204509771,Uncertain,Uncertain,0.0,,,0.854,cBioPortal,,False,0.0,,,,neutral,neutral,neutral,UP,neutral,neutral,neutral,,,,94.65,G,-0.2305,1.8732,-3.2542,loss_of_function,-1.82961343236394,0.5705872518170022,Uncertain,0.9238,pathogenic,https://doi.org/10.1101/2022.10.22.513328
G1007A,2.6223,-1.12483,0.1685336931932252,Uncertain,Uncertain,28.5,,,0.369,cBioPortal,,False,28.5,,,,neutral,neutral,neutral,UP,neutral,neutral,neutral,,,,90.33,G,-0.0624,2.3638,-1.8998,loss_of_function,-0.536595618096767,0.0033111201016778,Benign,0.37,ambiguous,https://doi.org/10.1101/2022.10.22.513328
G1007D,4.68933,2.04864,0.8761959484455406,Uncertain,Uncertain,28.5,,,0.409,"cBioPortal,COSMIC",,False,28.5,,,,neutral,neutral,neutral,UP,neutral,neutral,neutral,,,,90.33,G,-0.153,2.3638,-7.8423,loss_of_function,-1.9787544890054,0.0152667887279736,Benign,0.9475,pathogenic,https://doi.org/10.1101/2022.10.22.513328
G1007R,7.43632,3.30204,0.1934426187576826,Destabilizing,Uncertain,28.5,,,0.730,"cBioPortal,COSMIC",,False,28.5,,,,neutral,neutral,neutral,UP,neutral,neutral,neutral,,,,90.33,G,-0.1743,2.3638,-8.8422,loss_of_function,-2.44748289923547,0.0451939996487317,Benign,0.9708,pathogenic,https://doi.org/10.1101/2022.10.22.513328
G1007V,1.93091,-0.82245,0.1107535554693972,Neutral,Neutral,28.5,,,0.665,COSMIC,,False,28.5,,,,neutral,neutral,neutral,UP,neutral,neutral,neutral,,,,90.33,G,-0.2524,2.3638,-22.1301,loss_of_function,-1.74346289053652,0.0781347345145444,Benign,0.8349,pathogenic,https://doi.org/10.1101/2022.10.22.513328
S1008C,0.76302,1.31088,-0.0862722720564429,Neutral,Neutral,0.5,,,0.440,COSMIC,,False,0.5,,,,uncertain,,,UP,neutral,neutral,neutral,,,,91.98,G,-0.0707,1.8039,-3.7549,loss_of_function,-0.144263683836571,0.0027436291468347,Benign,0.0976,benign,https://doi.org/10.1101/2022.10.22.513328
S1008F,5.75444,3.42279,-0.1049912972951599,Destabilizing,Uncertain,0.5,,,0.767,COSMIC,,False,0.5,,,,uncertain,,,UP,neutral,neutral,neutral,,,,91.98,G,-0.192,1.8039,-22.1301,loss_of_function,-4.54775151279688,0.5845408752257676,Uncertain,0.9736,pathogenic,https://doi.org/10.1101/2022.10.22.513328
S1008P,8.41835,6.71769,3.823242006787962,Destabilizing,Destabilizing,0.5,,,0.816,COSMIC,,False,0.5,,,,uncertain,,,UP,neutral,neutral,neutral,,,,91.98,G,-0.2674,1.8039,-22.1301,loss_of_function,-4.78742476969272,0.5595574561570803,Uncertain,0.9808,pathogenic,https://doi.org/10.1101/2022.10.22.513328
G1009E,1.77639,0.22109,0.6989167082604427,Neutral,Neutral,110.6,,,0.752,COSMIC,,False,110.6,,,,neutral,neutral,neutral,UP,neutral,neutral,stabilizing,,,,89.41,-,-0.3619,0.0853,-7.8423,loss_of_function,-2.88160714031612,0.0565255591691938,Benign,0.9666,pathogenic,https://doi.org/10.1101/2022.10.22.513328
M1010I,1.4926,1.38027,1.0570975029935763,Neutral,Neutral,0.0,,,0.347,"cBioPortal,COSMIC",,False,0.0,,,,neutral,neutral,neutral,-,uncertain,uncertain,uncertain,,,,91.47,-,-0.1084,1.1966,-2.5538,loss_of_function,-0.0535647287675463,0.0002901645219702,Benign,0.8171,pathogenic,https://doi.org/10.1101/2022.10.22.513328
M1010T,3.62872,2.44728,2.7811581072963047,Uncertain,Uncertain,0.0,,,0.760,cBioPortal,,False,0.0,,,,neutral,neutral,neutral,DOWN,neutral,neutral,neutral,,,,91.47,-,-0.2622,1.1966,-22.1269,loss_of_function,-4.84952298196816,0.5901713508801355,Uncertain,0.9972,pathogenic,https://doi.org/10.1101/2022.10.22.513328
P1011L,1.22165,0.32585,-0.9992200051065198,Neutral,Neutral,49.8,,,0.682,COSMIC,,False,49.8,,,,neutral,neutral,neutral,UP,neutral,neutral,stabilizing,,,,86.73,T,-0.351,0.27,-22.1269,loss_of_function,-6.61920409744981,0.7228561284623983,Pathogenic,0.978,pathogenic,https://doi.org/10.1101/2022.10.22.513328
P1011S,2.0408,1.16939,-0.326696729524254,Uncertain,Uncertain,49.8,,,0.652,COSMIC,,False,49.8,,,,neutral,neutral,neutral,DOWN,neutral,neutral,neutral,,,,86.73,T,-0.2239,0.27,-6.8392,loss_of_function,-3.12630141843074,0.0568244941003406,Benign,0.9678,pathogenic,https://doi.org/10.1101/2022.10.22.513328
E1012G,3.61942,1.87619,1.519642434158376,Uncertain,Uncertain,11.0,,,0.801,COSMIC,,False,11.0,,,,neutral,neutral,neutral,DOWN,neutral,neutral,mixed_effects,,,,89.69,T,-0.3345,0.1232,-22.1269,loss_of_function,-3.56540759069451,0.5388580099199622,Uncertain,0.9921,pathogenic,https://doi.org/10.1101/2022.10.22.513328
E1012K,1.6338,2.21361,0.946132686663156,Uncertain,Neutral,11.0,,,0.792,COSMIC,,False,11.0,,,,neutral,neutral,neutral,UP,neutral,neutral,neutral,,,,89.69,T,-0.3307,0.1232,-22.1269,loss_of_function,-1.85302187487574,0.9078218247636992,Pathogenic,0.9989,pathogenic,https://doi.org/10.1101/2022.10.22.513328
E1012Q,3.15466,-0.43095,0.5784486633307728,Uncertain,Uncertain,11.0,,,0.629,"cBioPortal,COSMIC",,False,11.0,,,,neutral,neutral,neutral,UP,neutral,neutral,neutral,,,,89.69,T,-0.2003,0.1232,-6.2542,loss_of_function,-2.13532999819144,0.2580966489150738,Benign,0.9581,pathogenic,https://doi.org/10.1101/2022.10.22.513328
Q1014R,-1.10872,0.87619,-0.0242456046134548,Neutral,Neutral,30.6,,,0.336,"cBioPortal,COSMIC",,False,30.6,,,,neutral,neutral,neutral,UP,neutral,neutral,stabilizing,,,,87.92,S,-0.0774,1.8426,-5.6598,loss_of_function,-1.47763752720725,0.3091766496219038,Benign,0.737,pathogenic,https://doi.org/10.1101/2022.10.22.513328
S1015F,-0.26428,-0.79456,0.0375346813961569,Neutral,Neutral,51.1,,,0.756,COSMIC,,True,51.1,,,,uncertain,,,UP,neutral,neutral,stabilizing,,,,90.02,S,-0.2596,1.0684,-22.1238,loss_of_function,-2.67514204388909,0.6644620650204239,Uncertain,0.9695,pathogenic,https://doi.org/10.1101/2022.10.22.513328
S1015P,3.49703,5.54286,2.9417388894808374,Destabilizing,Uncertain,51.1,,,0.802,COSMIC,,True,51.1,,,,uncertain,,,UP,neutral,neutral,stabilizing,,,,90.02,S,-0.335,1.0684,-22.1238,loss_of_function,-3.83583847450744,0.8898801243817628,Pathogenic,0.999,pathogenic,https://doi.org/10.1101/2022.10.22.513328
S1015Y,-0.50034,-0.84592,0.0710706034103869,Neutral,Neutral,51.1,,,0.670,"cBioPortal,COSMIC",,True,51.1,,,,uncertain,,,UP,neutral,neutral,stabilizing,,,,90.02,S,-0.2645,1.0684,-22.1238,loss_of_function,-2.78105172755277,0.7967878235509382,Pathogenic,0.9264,pathogenic,https://doi.org/10.1101/2022.10.22.513328
F1016C,1.96397,2.36667,2.402184738210269,Uncertain,Uncertain,29.8,,,0.532,"cBioPortal,COSMIC",,True,29.8,,,,neutral,neutral,neutral,DOWN,neutral,neutral,neutral,,,,91.99,H,-0.1629,2.7596,-22.1174,loss_of_function,-1.59765348612495,0.2356141177369788,Benign,0.8986,pathogenic,https://doi.org/10.1101/2022.10.22.513328
F1016L,0.16734,0.96701,0.7266332921140508,Neutral,Neutral,29.8,,,0.332,COSMIC,,True,29.8,,,,neutral,neutral,neutral,DOWN,neutral,neutral,neutral,,,,91.99,H,-0.0113,2.7596,-4.5818,loss_of_function,-0.598849361785784,0.002058676797862,Benign,0.9672,pathogenic,https://doi.org/10.1101/2022.10.22.513328
F1016S,2.39733,2.52211,2.4563243332362075,Uncertain,Uncertain,29.8,,,0.336,cBioPortal,,True,29.8,,,,neutral,neutral,neutral,DOWN,neutral,neutral,neutral,,,,91.99,H,-0.0723,2.7596,-2.2298,loss_of_function,-0.998728715053874,0.0243432644233577,Benign,0.9375,pathogenic,https://doi.org/10.1101/2022.10.22.513328
D1017A,-0.27022,0.01156,0.2556002863388384,Neutral,Neutral,100.1,,,0.594,cBioPortal,,True,100.1,,,,neutral,neutral,neutral,DOWN,neutral,neutral,neutral,,,,90.45,H,-0.1506,1.4096,-8.8296,loss_of_function,-3.04412534730451,0.0870971726354593,Benign,0.9275,pathogenic,https://doi.org/10.1101/2022.10.22.513328
D1017E,-0.23179,-0.10238,-0.147897011861825,Neutral,Neutral,100.1,,,0.355,"cBioPortal,COSMIC",,True,100.1,,,,neutral,neutral,neutral,UP,neutral,neutral,stabilizing,,,,90.45,H,-0.0731,1.4096,-4.4374,loss_of_function,-1.59799948341974,0.0224644559458695,Benign,0.6665,pathogenic,https://doi.org/10.1101/2022.10.22.513328
D1017H,0.3753,0.49082,-0.114174516518179,Neutral,Neutral,100.1,,,0.535,"cBioPortal,COSMIC",,True,100.1,,,,neutral,neutral,neutral,UP,neutral,neutral,stabilizing,,,,90.45,H,-0.2277,1.4096,-22.1174,loss_of_function,-3.87258890833481,0.4188731049960127,Uncertain,0.9766,pathogenic,https://doi.org/10.1101/2022.10.22.513328
D1017N,0.08145,0.14388,0.2105951635928227,Neutral,Neutral,100.1,,,0.408,"cBioPortal,COSMIC",,True,100.1,,,,neutral,neutral,neutral,-,uncertain,uncertain,uncertain,,,,90.45,H,-0.1003,1.4096,-5.5078,loss_of_function,-1.67640625728603,0.0726234657714893,Benign,0.8397,pathogenic,https://doi.org/10.1101/2022.10.22.513328
D1017V,0.2051,0.76054,0.1815766538387087,Neutral,Neutral,100.1,,,0.800,COSMIC,,True,100.1,,,,neutral,neutral,neutral,UP,neutral,neutral,stabilizing,,,,90.45,H,-0.2654,1.4096,-22.1174,loss_of_function,-3.96736509746921,0.7053540364335087,Pathogenic,0.9783,pathogenic,https://doi.org/10.1101/2022.10.22.513328
D1017Y,0.084,0.69932,-0.0366134433537773,Neutral,Neutral,100.1,,,0.683,COSMIC,,True,100.1,,,,neutral,neutral,neutral,UP,neutral,neutral,stabilizing,,,,90.45,H,-0.2634,1.4096,-22.1174,loss_of_function,-3.98309884515872,0.8899072585954277,Pathogenic,0.9787,pathogenic,https://doi.org/10.1101/2022.10.22.513328
D1018N,1.05276,2.20204,1.418201792761589,Uncertain,Neutral,8.1,,,0.503,COSMIC,,True,8.1,,,,neutral,neutral,neutral,-,uncertain,uncertain,uncertain,,,,91.2,H,-0.2975,0.1878,-22.1206,loss_of_function,-2.71068084565387,0.7908060053794653,Pathogenic,0.994,pathogenic,https://doi.org/10.1101/2022.10.22.513328
I1019F,11.42349,3.77925,2.657916842672008,Destabilizing,Uncertain,0.0,,,0.807,COSMIC,,True,0.0,,,,neutral,neutral,neutral,UP,neutral,neutral,neutral,,,,94.82,H,-0.2964,0.9805,-22.1206,loss_of_function,-5.25823464623908,0.8743699015143243,Pathogenic,0.9957,pathogenic,https://doi.org/10.1101/2022.10.22.513328
I1019T,3.42401,2.22755,3.667000462942472,Uncertain,Destabilizing,0.0,,,,mutations_clinvar,,True,0.0,,,,neutral,neutral,neutral,DOWN,neutral,neutral,neutral,855764,Uncertain significance,1,94.82,H,-0.2928,0.9805,-22.1206,loss_of_function,-2.88972289423895,0.9271821245971996,Pathogenic,0.969,pathogenic,https://doi.org/10.1101/2022.10.22.513328
I1019V,1.10301,0.51633,1.777130549305263,Neutral,Neutral,0.0,,,0.227,"cBioPortal,COSMIC",,True,0.0,,,,neutral,neutral,neutral,DOWN,neutral,neutral,neutral,,,,94.82,H,-0.0917,0.9805,-4.663,loss_of_function,-0.283704063418016,0.0184548893859176,Benign,0.2135,benign,https://doi.org/10.1101/2022.10.22.513328
A1020S,0.11389,0.70204,0.228492099573922,Neutral,Neutral,49.8,,,0.324,cBioPortal,,True,49.8,,,,neutral,neutral,neutral,-,uncertain,uncertain,uncertain,,,,93.62,H,-0.0085,2.2711,-5.0255,loss_of_function,-0.386120548282388,0.0013808810524211,Benign,0.1444,benign,https://doi.org/10.1101/2022.10.22.513328
A1020T,0.89364,0.3483,0.0009638521283056,Neutral,Neutral,49.8,,,0.364,"cBioPortal,COSMIC",,True,49.8,,,,neutral,neutral,neutral,UP,neutral,neutral,stabilizing,,,,93.62,H,-0.0258,2.2711,-7.2479,loss_of_function,-1.87195498915312,0.0092804731709113,Benign,0.3587,ambiguous,https://doi.org/10.1101/2022.10.22.513328
A1020V,0.67313,0.20306,-0.3536299526237896,Neutral,Neutral,49.8,,,0.450,COSMIC,,True,49.8,,,,neutral,neutral,neutral,UP,neutral,neutral,stabilizing,,,,93.62,H,-0.0987,2.2711,-22.1206,loss_of_function,-2.87295471446535,0.0616770550442694,Benign,0.6234,pathogenic,https://doi.org/10.1101/2022.10.22.513328
Y1021C,3.36517,3.73503,2.925456187006951,Destabilizing,Uncertain,13.1,,,0.857,"cBioPortal,COSMIC,mutations_clinvar",,True,13.1,,,,uncertain,,,DOWN,neutral,neutral,neutral,376246,Pathogenic,1,93.94,H,-0.4081,0.1522,-22.1206,loss_of_function,-6.3324399240509,0.9741126467957728,Pathogenic,0.9834,pathogenic,https://doi.org/10.1101/2022.10.22.513328
Y1021F,0.11887,0.07041,-0.1889539044950511,Neutral,Neutral,13.1,,,0.555,"cBioPortal,COSMIC",,True,13.1,,,,uncertain,,,-,uncertain,uncertain,uncertain,,,,93.94,H,-0.1902,0.1522,-5.511,loss_of_function,-2.2100408205836,0.143934879068357,Benign,0.4404,ambiguous,https://doi.org/10.1101/2022.10.22.513328
Y1021H,2.53632,3.14524,1.4785164735822651,Uncertain,Uncertain,13.1,,,0.691,"cBioPortal,COSMIC,mutations_clinvar",,True,13.1,,,,uncertain,,,DOWN,neutral,neutral,neutral,1691391,Pathogenic/Likely pathogenic,2,93.94,H,-0.3452,0.1522,-22.1206,loss_of_function,-2.61445340916455,0.4291864278922848,Uncertain,0.9886,pathogenic,https://doi.org/10.1101/2022.10.22.513328
Y1021N,3.29642,3.98401,2.646387321059001,Destabilizing,Uncertain,13.1,,,0.700,"cBioPortal,COSMIC",,True,13.1,,,,uncertain,,,DOWN,neutral,neutral,neutral,,,,93.94,H,-0.4306,0.1522,-22.1206,loss_of_function,-5.14771566977587,0.9216488577452842,Pathogenic,0.9894,pathogenic,https://doi.org/10.1101/2022.10.22.513328
Y1021S,3.61726,3.81122,3.089811207622009,Destabilizing,Destabilizing,13.1,,,0.796,cBioPortal,,True,13.1,,,,uncertain,,,DOWN,neutral,neutral,neutral,,,,93.94,H,-0.4422,0.1522,-22.1206,loss_of_function,-6.3324399240509,0.986965306255475,Pathogenic,0.9881,pathogenic,https://doi.org/10.1101/2022.10.22.513328
I1022V,1.16338,-0.03741,1.0882998267842197,Neutral,Neutral,0.2,,,0.262,COSMIC,,True,0.2,,,,neutral,neutral,neutral,DOWN,neutral,neutral,neutral,,,,95.93,H,-0.1303,0.617,-5.663,loss_of_function,-1.42861095774004,0.0060701998899834,Benign,0.2306,benign,https://doi.org/10.1101/2022.10.22.513328
R1023L,0.91059,1.06429,-0.14757105450594,Neutral,Neutral,16.5,,,0.709,COSMIC,,True,16.5,,,,neutral,neutral,neutral,DOWN,neutral,neutral,neutral,,,,95.98,H,-0.2387,1.1432,-8.8328,loss_of_function,-2.5463262112013,0.6531725534382791,Uncertain,0.995,pathogenic,https://doi.org/10.1101/2022.10.22.513328
R1023Q,2.63428,1.02279,1.2608759786377548,Uncertain,Uncertain,16.5,,,0.554,"cBioPortal,COSMIC",,True,16.5,,,,neutral,neutral,neutral,DOWN,neutral,neutral,neutral,,,,95.98,H,-0.2029,1.1432,-7.2479,loss_of_function,-2.1542718167129,0.1349692131886077,Benign,0.7763,pathogenic,https://doi.org/10.1101/2022.10.22.513328
K1024R,0.04292,-0.35782,-0.2772748514602902,Neutral,Neutral,59.1,,,0.426,COSMIC,,True,59.1,,,,neutral,neutral,neutral,-,uncertain,uncertain,uncertain,,,,94.3,H,-0.0278,1.7368,-8.8232,loss_of_function,-2.18641436117748,0.1746094049281734,Benign,0.1656,benign,https://doi.org/10.1101/2022.10.22.513328
T1025A,0.91783,-1.34966,0.3970078356167195,Neutral,Neutral,0.0,,,0.587,"cBioPortal,COSMIC,mutations_clinvar",,True,0.0,,,,uncertain,,,DOWN,neutral,neutral,neutral,45467,Pathogenic/Likely pathogenic,2,95.09,H,-0.1224,1.2676,-5.8297,loss_of_function,-1.84587636733043,0.1224515195033386,Benign,0.8203,pathogenic,https://doi.org/10.1101/2022.10.22.513328
T1025I,0.01135,-0.54762,-0.5423504061654105,Neutral,Neutral,0.0,,,0.673,"cBioPortal,COSMIC,mutations_clinvar",,True,0.0,,,,uncertain,,,UP,neutral,neutral,neutral,1343269,Uncertain significance,1,95.09,H,-0.2314,1.2676,-22.1174,loss_of_function,-3.7892410911027,0.7086138134844292,Pathogenic,0.9881,pathogenic,https://doi.org/10.1101/2022.10.22.513328
T1025N,1.7743,1.58912,0.8249790892630077,Neutral,Neutral,0.0,,,0.439,"cBioPortal,COSMIC",,True,0.0,,,,uncertain,,,-,uncertain,uncertain,uncertain,,,,95.09,H,-0.2611,1.2676,-22.1174,loss_of_function,-3.02004271507158,0.4467030429877801,Uncertain,0.9033,pathogenic,https://doi.org/10.1101/2022.10.22.513328
T1025P,4.55533,9.52959,6.069221616463782,Destabilizing,Destabilizing,0.0,,,0.851,COSMIC,,True,0.0,,,,uncertain,,,-,uncertain,uncertain,uncertain,,,,95.09,H,-0.3698,1.2676,-22.1174,loss_of_function,-3.7570942899372,0.9421609741261556,Pathogenic,0.9888,pathogenic,https://doi.org/10.1101/2022.10.22.513328
T1025S,1.70164,0.45068,1.671838008657234,Neutral,Neutral,0.0,,,"0.410, 0.414","cBioPortal,COSMIC,mutations_clinvar",,True,0.0,,,,neutral,,,DOWN,neutral,neutral,neutral,495324,Likely pathogenic,0,95.09,H,-0.0619,1.2676,-1.0883,loss_of_function,-1.75041800165485,0.1475916088550649,Benign,0.876,pathogenic,https://doi.org/10.1101/2022.10.22.513328
L1026I,2.48949,3.10408,2.210977649887967,Uncertain,Uncertain,0.1,,,0.640,"cBioPortal,COSMIC",,True,0.1,,,,neutral,neutral,neutral,-,uncertain,uncertain,uncertain,,,,97.62,T,-0.2802,0.1387,-22.1174,loss_of_function,-2.12254558199871,0.864663716196433,Pathogenic,0.894,pathogenic,https://doi.org/10.1101/2022.10.22.513328
L1026P,7.79963,11.72075,9.349221976712265,Destabilizing,Destabilizing,0.1,,,0.934,COSMIC,,True,0.1,,,,neutral,neutral,neutral,DOWN,neutral,neutral,neutral,,,,97.62,T,-0.4895,0.1387,-22.1174,loss_of_function,-6.25443619437182,0.9677516877440666,Pathogenic,0.9998,pathogenic,https://doi.org/10.1101/2022.10.22.513328
A1027T,2.67006,1.67857,0.6998898302173806,Uncertain,Uncertain,10.5,,,0.497,COSMIC,,True,10.5,,,,neutral,neutral,neutral,UP,neutral,neutral,neutral,,,,97.24,T,-0.1695,1.5338,-22.1143,loss_of_function,-1.76762816692058,0.4407492720547122,Uncertain,0.9015,pathogenic,https://doi.org/10.1101/2022.10.22.513328
A1027V,3.79703,3.45612,0.0643084742492722,Destabilizing,Uncertain,10.5,,,0.435,"cBioPortal,COSMIC",,True,10.5,,,,neutral,neutral,neutral,UP,neutral,neutral,neutral,,,,97.24,T,-0.0655,1.5338,-2.3188,loss_of_function,-1.72246741850664,0.0593200830717707,Benign,0.8942,pathogenic,https://doi.org/10.1101/2022.10.22.513328
L1028F,2.25969,2.20986,1.45485647752311,Uncertain,Uncertain,7.3,,,0.645,COSMIC,,True,7.3,,,,neutral,neutral,neutral,UP,neutral,neutral,stabilizing,,,,96.72,T,-0.1986,0.9336,-8.8264,loss_of_function,-3.67382207386938,0.0371549820369435,Benign,0.9357,pathogenic,https://doi.org/10.1101/2022.10.22.513328
D1029E,-0.09343,0.85,0.3638564337840438,Neutral,Neutral,83.0,,,0.216,"cBioPortal,COSMIC",,True,83.0,,,,neutral,neutral,neutral,UP,neutral,neutral,stabilizing,,,,94.66,T,-0.0214,1.854,-2.3188,loss_of_function,-0.139183706717454,0.000928653736706,Benign,0.1485,benign,https://doi.org/10.1101/2022.10.22.513328
D1029H,1.00183,1.74592,0.2456933674780304,Neutral,Neutral,83.0,,,0.468,"cBioPortal,COSMIC",,True,83.0,,,,neutral,neutral,neutral,UP,neutral,neutral,stabilizing,,,,94.66,T,-0.1058,1.854,-6.2416,loss_of_function,-2.04699340641595,0.0560306359521429,Benign,0.8565,pathogenic,https://doi.org/10.1101/2022.10.22.513328
D1029N,-0.54008,1.36429,0.4903062820703363,Neutral,Neutral,83.0,,,0.320,"cBioPortal,COSMIC",,True,83.0,,,,neutral,neutral,neutral,-,uncertain,uncertain,uncertain,,,,94.66,T,-0.061,1.854,-5.8265,loss_of_function,-1.55558054438289,0.0494913639385973,Benign,0.479,ambiguous,https://doi.org/10.1101/2022.10.22.513328
D1029Y,0.14216,1.21395,0.5837044908842709,Neutral,Neutral,83.0,,,0.669,"cBioPortal,COSMIC",,True,83.0,,,,neutral,neutral,neutral,UP,neutral,neutral,stabilizing,,,,94.66,T,-0.2224,1.854,-22.1143,loss_of_function,-2.69686581881672,0.5224166500202758,Uncertain,0.8833,pathogenic,https://doi.org/10.1101/2022.10.22.513328
K1030E,1.84329,0.52755,0.8534991752557308,Neutral,Neutral,54.4,,,0.505,COSMIC,,True,54.4,,,,neutral,neutral,neutral,DOWN,neutral,neutral,neutral,,,,95.26,S,-0.113,1.66,-6.2447,loss_of_function,-1.14884905092286,0.0657898620484904,Benign,0.7924,pathogenic,https://doi.org/10.1101/2022.10.22.513328
T1031A,0.02882,0.82687,0.4960769770008477,Neutral,Neutral,81.7,,,0.471,"cBioPortal,COSMIC",,True,81.7,,,,uncertain,,,DOWN,neutral,neutral,neutral,,,,94.78,-,-0.0972,1.7083,-8.8296,loss_of_function,-0.875811653857091,0.2981301257051613,Benign,0.1906,benign,https://doi.org/10.1101/2022.10.22.513328
T1031I,1.82557,1.60612,0.3771831732562686,Neutral,Neutral,81.7,,,0.588,COSMIC,,True,81.7,,,,uncertain,,,UP,neutral,neutral,stabilizing,,,,94.78,-,-0.1231,1.7083,-8.8296,loss_of_function,-1.81182431210776,0.1488806297700145,Benign,0.8147,pathogenic,https://doi.org/10.1101/2022.10.22.513328
T1031S,-0.66774,-0.08639,0.3749394653145949,Neutral,Neutral,81.7,,,0.356,COSMIC,,True,81.7,,,,neutral,,,DOWN,neutral,neutral,neutral,,,,94.78,-,-0.0217,1.7083,-1.1502,loss_of_function,-0.0215010037752672,0.0038078476159274,Benign,0.0541,benign,https://doi.org/10.1101/2022.10.22.513328
E1032D,-0.18892,0.81156,0.7868041289501693,Neutral,Neutral,35.2,,,0.418,"cBioPortal,COSMIC",,True,35.2,,,,neutral,neutral,neutral,DOWN,neutral,neutral,neutral,,,,94.85,H,-0.0613,1.3243,-2.0192,loss_of_function,-0.648591278301943,0.0126013077115066,Benign,0.2217,benign,https://doi.org/10.1101/2022.10.22.513328
E1032K,0.75478,2.26361,0.738044445026357,Uncertain,Neutral,35.2,,,0.569,COSMIC,,True,35.2,,,,neutral,neutral,neutral,UP,neutral,neutral,neutral,,,,94.85,H,-0.1524,1.3243,-8.8264,loss_of_function,-1.82775700010395,0.2202798684702885,Benign,0.6515,pathogenic,https://doi.org/10.1101/2022.10.22.513328
E1032Q,0.60549,1.3602,0.5563733664845127,Neutral,Neutral,35.2,,,0.508,cBioPortal,,True,35.2,,,,neutral,neutral,neutral,UP,neutral,neutral,neutral,,,,94.85,H,-0.0812,1.3243,-4.5786,loss_of_function,-0.214350126564455,0.1867599752177351,Benign,0.4108,ambiguous,https://doi.org/10.1101/2022.10.22.513328
Q1033R,0.5834,-0.03333,-0.0673640775013029,Neutral,Neutral,56.6,,,0.362,"cBioPortal,COSMIC",,True,56.6,,,,neutral,neutral,neutral,UP,neutral,neutral,neutral,,,,94.11,H,-0.0572,2.1503,-7.2384,loss_of_function,-1.86497437713046,0.0259475529511273,Benign,0.1403,benign,https://doi.org/10.1101/2022.10.22.513328
E1034A,1.16797,1.28503,0.1395152820310524,Neutral,Neutral,56.6,,,0.568,cBioPortal,,True,56.6,,,,neutral,neutral,neutral,DOWN,neutral,neutral,neutral,,,,96.91,H,-0.1151,1.3343,-6.0128,loss_of_function,-2.7020072116378,0.0498764372431079,Benign,0.2929,benign,https://doi.org/10.1101/2022.10.22.513328
E1034G,2.28477,2.32653,1.048040560905665,Uncertain,Uncertain,56.6,,,0.859,COSMIC,,True,56.6,,,,neutral,neutral,neutral,DOWN,neutral,neutral,neutral,,,,96.91,H,-0.1551,1.3343,-8.82,loss_of_function,-3.35252238777041,0.129015638302106,Benign,0.4951,ambiguous,https://doi.org/10.1101/2022.10.22.513328
E1034K,1.28994,1.75068,0.2162973773833215,Neutral,Neutral,56.6,,,0.477,"cBioPortal,COSMIC",,True,56.6,,,,neutral,neutral,neutral,UP,neutral,neutral,neutral,,,,96.91,H,-0.1266,1.3343,-3.9622,loss_of_function,-2.08248294913142,0.0327743087693987,Benign,0.641,pathogenic,https://doi.org/10.1101/2022.10.22.513328
E1034L,0.90835,1.08061,-0.306956498687303,Neutral,Neutral,56.6,,,,COSMIC,,True,56.6,,,,neutral,neutral,neutral,UP,neutral,neutral,neutral,,,,96.91,H,-0.1839,1.3343,-8.82,loss_of_function,-3.03342306035441,0.2931335385684471,Benign,0.6994,pathogenic,https://doi.org/10.1101/2022.10.22.513328
A1035T,4.90652,3.31327,1.7891307188718943,Destabilizing,Uncertain,0.0,,,0.811,"cBioPortal,COSMIC",,True,0.0,,,,neutral,neutral,neutral,UP,neutral,neutral,neutral,,,,96.64,H,-0.3064,0.0455,-22.1079,loss_of_function,-3.17310606007903,0.968958262992052,Pathogenic,0.9959,pathogenic,https://doi.org/10.1101/2022.10.22.513328
A1035V,5.06956,3.49422,1.485055008222558,Destabilizing,Uncertain,0.0,,0.0,0.752,"cBioPortal,COSMIC,mutations_clinvar",,True,0.0,,,,neutral,neutral,neutral,UP,neutral,neutral,neutral,1172583,Pathogenic,1,96.64,H,-0.3034,0.0455,-22.1079,loss_of_function,-4.97218598641543,0.8674868958555813,Pathogenic,0.998,pathogenic,https://doi.org/10.1101/2022.10.22.513328
L1036M,-0.00694,1.43061,1.46743986117763,Neutral,Neutral,0.0,,,,mutations_clinvar,,False,0.0,,,,neutral,neutral,neutral,-,uncertain,uncertain,uncertain,1727691,Uncertain significance,1,95.7,H,-0.1084,1.3372,-5.4982,loss_of_function,-1.67078557484671,0.1018127512431438,Benign,0.1987,benign,https://doi.org/10.1101/2022.10.22.513328
L1036S,5.66441,4.45612,4.409419807948298,Destabilizing,Destabilizing,0.0,,,0.682,"cBioPortal,COSMIC",,False,0.0,,,,neutral,neutral,neutral,DOWN,neutral,neutral,neutral,,,,95.7,H,-0.2533,1.3372,-7.8201,loss_of_function,-0.254358564540248,0.0659977366256753,Benign,0.8079,pathogenic,https://doi.org/10.1101/2022.10.22.513328
L1036W,6.1495,4.35272,2.0058885558889226,Destabilizing,Uncertain,0.0,,,0.772,cBioPortal,,False,0.0,,,,neutral,neutral,neutral,UP,neutral,neutral,neutral,,,,95.7,H,-0.3284,1.3372,-22.1079,loss_of_function,-4.24511505026853,0.7353159519067907,Pathogenic,0.8293,pathogenic,https://doi.org/10.1101/2022.10.22.513328
E1037D,0.93244,0.44898,0.6886112093490667,Neutral,Neutral,53.7,,,0.214,COSMIC,,False,53.7,,,,neutral,neutral,neutral,DOWN,neutral,neutral,neutral,,,,95.0,H,0.0086,2.2107,-4.2966,gain_of_function,-0.0838491204912702,0.0361283270669303,Benign,0.0674,benign,https://doi.org/10.1101/2022.10.22.513328
E1037G,1.78221,1.03503,1.154544551860636,Neutral,Neutral,53.7,,,0.368,COSMIC,,False,53.7,,,,neutral,neutral,neutral,DOWN,neutral,neutral,neutral,,,,95.0,H,-0.0745,2.2107,-8.82,loss_of_function,-2.94382181974544,0.4127991616464821,Uncertain,0.3033,benign,https://doi.org/10.1101/2022.10.22.513328
E1037K,-0.26431,-0.09252,0.2386155818143243,Neutral,Neutral,53.7,,,0.339,"cBioPortal,COSMIC",,False,53.7,,,,neutral,neutral,neutral,UP,neutral,neutral,neutral,,,,95.0,H,-0.0302,2.2107,-0.8718,loss_of_function,-0.881952971860355,0.0119589541497592,Benign,0.5453,ambiguous,https://doi.org/10.1101/2022.10.22.513328
E1037Q,-0.08255,0.14592,0.2346464423595951,Neutral,Neutral,53.7,,,0.283,"cBioPortal,COSMIC",,False,53.7,,,,neutral,neutral,neutral,UP,neutral,neutral,neutral,,,,95.0,H,0.0008,2.2107,-4.4983,gain_of_function,-0.821773572871916,0.0129157025636051,Benign,0.2338,benign,https://doi.org/10.1101/2022.10.22.513328
Y1038C,3.66312,2.31769,1.7455840268337193,Uncertain,Uncertain,16.2,,,0.817,COSMIC,P,True,16.2,3.667,,,uncertain,neutral,uncertain,DOWN,neutral,neutral,neutral,,,,94.8,H,-0.1414,2.3135,-8.82,loss_of_function,-2.38067360442836,0.5729951072271267,Uncertain,0.8486,pathogenic,https://doi.org/10.1101/2022.10.22.513328
F1039L,1.62051,2.18061,2.629543245929247,Uncertain,Uncertain,0.0,,,0.879,COSMIC,,True,0.0,,,,neutral,neutral,neutral,DOWN,neutral,neutral,neutral,,,,94.91,H,-0.3546,0.0001,-22.1047,loss_of_function,-3.57320991825514,0.4500229429299264,Uncertain,0.9985,pathogenic,https://doi.org/10.1101/2022.10.22.513328
F1039S,5.40582,5.87449,6.27632586137401,Destabilizing,Destabilizing,0.0,,,,COSMIC,,True,0.0,,,,neutral,neutral,neutral,DOWN,neutral,neutral,neutral,,,,94.91,H,-0.4276,0.0001,-22.1047,loss_of_function,-6.57300796631941,0.9873863767798844,Pathogenic,0.9994,pathogenic,https://doi.org/10.1101/2022.10.22.513328
M1040I,1.03423,0.85612,-0.2461046396830596,Neutral,Neutral,10.8,,,0.310,"cBioPortal,COSMIC",,True,10.8,,,,neutral,neutral,neutral,-,uncertain,uncertain,uncertain,,,,92.69,H,-0.0319,2.2644,-6.8138,loss_of_function,-0.903375629455773,0.0014695823958391,Benign,0.5692,pathogenic,https://doi.org/10.1101/2022.10.22.513328
M1040K,3.20742,0.82313,1.0692037537197256,Uncertain,Uncertain,10.8,,,0.421,cBioPortal,,True,10.8,,,,neutral,neutral,neutral,UP,neutral,neutral,neutral,,,,92.69,H,-0.1529,2.2644,-2.0589,loss_of_function,-1.0590431986942,0.0025762044098226,Benign,0.2172,benign,https://doi.org/10.1101/2022.10.22.513328
M1040L,1.5578,0.25646,-0.2197899628503091,Neutral,Neutral,10.8,,,0.268,"cBioPortal,COSMIC",,True,10.8,,,,neutral,neutral,neutral,-,uncertain,uncertain,uncertain,,,,92.69,H,-0.001,2.2644,-7.2288,loss_of_function,-0.854690865994949,0.0015715624309797,Benign,0.1987,benign,https://doi.org/10.1101/2022.10.22.513328
M1040T,2.95654,0.95408,1.3415427022665285,Uncertain,Uncertain,10.8,,,0.267,"cBioPortal,COSMIC",,True,10.8,,,,neutral,neutral,neutral,DOWN,neutral,neutral,neutral,,,,92.69,H,-0.0729,2.2644,-4.2902,loss_of_function,0.130447022649852,0.0020737789519756,Benign,0.1196,benign,https://doi.org/10.1101/2022.10.22.513328
M1040V,2.2629,0.52619,0.1459613660114495,Uncertain,Uncertain,10.8,,,0.258,"cBioPortal,COSMIC",,True,10.8,,,,neutral,neutral,neutral,DOWN,neutral,neutral,neutral,,,,92.69,H,-0.142,2.2644,-22.1015,loss_of_function,-1.42790546382806,0.0182318005294886,Benign,0.1547,benign,https://doi.org/10.1101/2022.10.22.513328
K1041N,0.30122,0.45136,0.8871672375312334,Neutral,Neutral,73.7,,,0.252,COSMIC,,True,73.7,,,,neutral,neutral,neutral,DOWN,neutral,neutral,neutral,,,,92.83,H,0.029,3.0264,-4.3543,gain_of_function,-0.967629536230125,0.0041911827971551,Benign,0.7301,pathogenic,https://doi.org/10.1101/2022.10.22.513328
M1043I,6.8111,1.4932,0.8256579444273032,Uncertain,Uncertain,0.0,,,0.372,"cBioPortal,COSMIC,mutations_clinvar",,False,0.0,,,,neutral,neutral,neutral,-,uncertain,uncertain,uncertain,"217292, 179173","Pathogenic, Pathogenic/Likely pathogenic","2, 2",90.79,H,-0.1489,0.9485,-6.0064,loss_of_function,-2.20041697835255,0.0010758858066877,Benign,0.9613,pathogenic,https://doi.org/10.1101/2022.10.22.513328
M1043L,0.88545,-0.41395,0.0752050765263417,Neutral,Neutral,0.0,,,0.323,"cBioPortal,COSMIC,mutations_clinvar",,False,0.0,,,,neutral,neutral,neutral,-,uncertain,uncertain,uncertain,"1333708, 376487","Likely pathogenic, Likely pathogenic","1, 0",90.79,H,-0.1078,0.9485,-4.4215,loss_of_function,-1.34383529967013,0.0001654717225358,Benign,0.4348,ambiguous,https://doi.org/10.1101/2022.10.22.513328
M1043T,3.35716,2.61224,2.4972406007898043,Uncertain,Uncertain,0.0,,,0.610,"cBioPortal,COSMIC,mutations_clinvar",,False,0.0,,,,neutral,neutral,neutral,DOWN,neutral,neutral,neutral,376486,Likely pathogenic,0,90.79,H,-0.2848,0.9485,-22.1015,loss_of_function,-4.67318938482506,0.0105055007192359,Benign,0.9825,pathogenic,https://doi.org/10.1101/2022.10.22.513328
M1043V,6.44878,1.22381,1.2582967827546612,Uncertain,Uncertain,0.0,,,0.435,"cBioPortal,COSMIC,mutations_clinvar",,False,0.0,,,,neutral,neutral,neutral,DOWN,neutral,neutral,neutral,376485,Likely pathogenic,0,90.79,H,-0.2631,0.9485,-22.1015,loss_of_function,-2.76363422844475,0.0072184974433743,Benign,0.6697,pathogenic,https://doi.org/10.1101/2022.10.22.513328
N1044D,0.97359,1.29524,1.4796803000721406,Neutral,Neutral,33.8,,,0.339,COSMIC,,False,33.8,,,,neutral,neutral,neutral,-,uncertain,uncertain,uncertain,,,,89.48,H,-0.0118,2.3334,-1.547,loss_of_function,-1.38609522088462,0.0158800891671238,Benign,0.422,ambiguous,https://doi.org/10.1101/2022.10.22.513328
N1044H,1.70774,1.14388,0.2784073149446153,Neutral,Neutral,33.8,,,0.447,"cBioPortal,COSMIC",,False,33.8,,,,neutral,neutral,neutral,UP,neutral,neutral,neutral,,,,89.48,H,-0.0363,2.3334,-6.0064,loss_of_function,-1.64787780190333,0.0138465419871629,Benign,0.2639,benign,https://doi.org/10.1101/2022.10.22.513328
N1044I,0.85205,0.14354,0.5699435339190497,Neutral,Neutral,33.8,,,0.665,"cBioPortal,COSMIC",,False,33.8,,,,neutral,neutral,neutral,UP,neutral,neutral,neutral,,,,89.48,H,-0.096,2.3334,-8.8136,loss_of_function,-2.48867828976151,0.153152360525496,Benign,0.723,pathogenic,https://doi.org/10.1101/2022.10.22.513328
N1044K,-0.1621,0.47687,0.7355411946423912,Neutral,Neutral,33.8,,,0.418,"cBioPortal,COSMIC,mutations_clinvar",,False,33.8,,,,neutral,neutral,neutral,UP,neutral,neutral,neutral,663332,Uncertain significance,1,89.48,H,-0.0371,2.3334,-6.4918,loss_of_function,-1.87474594940507,0.0797137356286816,Benign,0.8008,pathogenic,https://doi.org/10.1101/2022.10.22.513328
N1044S,0.54659,1.27721,1.3409466825652143,Neutral,Neutral,33.8,,,0.390,"cBioPortal,COSMIC,mutations_clinvar",,False,33.8,,,,neutral,neutral,neutral,DOWN,neutral,neutral,neutral,419390,Pathogenic,2,89.48,H,0.0092,2.3334,-3.9558,gain_of_function,-1.67627024247046,0.0105127738589536,Benign,0.1866,benign,https://doi.org/10.1101/2022.10.22.513328
N1044T,0.96284,1.43469,0.9299541417518212,Neutral,Neutral,33.8,,,0.436,COSMIC,,False,33.8,,,,neutral,neutral,neutral,-,uncertain,uncertain,uncertain,,,,89.48,H,-0.0469,2.3334,-5.2288,loss_of_function,-1.93844807468116,0.0389414213416899,Benign,0.3232,benign,https://doi.org/10.1101/2022.10.22.513328
N1044Y,1.06356,0.39218,-0.1583818208811638,Neutral,Neutral,33.8,,,0.703,"cBioPortal,COSMIC",,False,33.8,,,,neutral,neutral,neutral,UP,neutral,neutral,neutral,,,,89.48,H,-0.0721,2.3334,-6.0064,loss_of_function,-1.53652819128591,0.0158896921165295,Benign,0.4017,ambiguous,https://doi.org/10.1101/2022.10.22.513328
D1045A,-0.62256,-0.01837,-0.152876269777209,Neutral,Neutral,70.5,,,0.565,"cBioPortal,COSMIC",,False,70.5,,,,neutral,neutral,neutral,DOWN,neutral,neutral,neutral,,,,86.97,H,-0.1739,1.0673,-7.2288,loss_of_function,-1.89454239592718,0.0274006114757447,Benign,0.7192,pathogenic,https://doi.org/10.1101/2022.10.22.513328
D1045H,-0.51985,-0.02959,-0.3038720720416277,Neutral,Neutral,70.5,,,0.591,cBioPortal,,False,70.5,,,,neutral,neutral,neutral,UP,neutral,neutral,neutral,,,,86.97,H,-0.1832,1.0673,-7.2288,loss_of_function,-2.64613282297119,0.0262996126848481,Benign,0.8966,pathogenic,https://doi.org/10.1101/2022.10.22.513328
D1045N,-0.7417,0.0483,-0.1655162470089494,Neutral,Neutral,70.5,,,0.377,"cBioPortal,COSMIC",,False,70.5,,,,neutral,neutral,neutral,-,uncertain,uncertain,uncertain,,,,86.97,H,-0.1368,1.0673,-6.4918,loss_of_function,-1.24862424993553,0.0070866999645086,Benign,0.5596,ambiguous,https://doi.org/10.1101/2022.10.22.513328
D1045V,-0.2433,-0.40714,-0.4095197205089113,Neutral,Neutral,70.5,,,0.608,"cBioPortal,COSMIC",,False,70.5,,,,neutral,neutral,neutral,UP,neutral,neutral,neutral,,,,86.97,H,-0.2968,1.0673,-22.1015,loss_of_function,-2.25238054733731,0.0289408214461047,Benign,0.7576,pathogenic,https://doi.org/10.1101/2022.10.22.513328
D1045Y,-1.10577,-0.81701,-0.2830211021354051,Neutral,Neutral,70.5,,,0.682,COSMIC,,False,70.5,,,,neutral,neutral,neutral,UP,neutral,neutral,neutral,,,,86.97,H,-0.2948,1.0673,-22.1015,loss_of_function,-3.65553872768648,0.09106688059432,Benign,0.8493,pathogenic,https://doi.org/10.1101/2022.10.22.513328
A1046E,2.27076,3.62857,2.0853668104533307,Uncertain,Uncertain,24.7,,,0.760,COSMIC,,False,24.7,,,,neutral,neutral,neutral,UP,neutral,neutral,neutral,,,,85.12,H,-0.3961,0.1217,-22.1015,loss_of_function,-5.80311433830594,0.887928404984487,Pathogenic,0.9986,pathogenic,https://doi.org/10.1101/2022.10.22.513328
A1046T,2.32631,2.10136,1.4254219883992048,Uncertain,Uncertain,24.7,,,0.782,COSMIC,,False,24.7,,,,neutral,neutral,neutral,UP,neutral,neutral,neutral,,,,85.12,H,-0.2316,0.1217,-8.8136,loss_of_function,-2.43577342319024,0.7409814160150202,Pathogenic,0.9686,pathogenic,https://doi.org/10.1101/2022.10.22.513328
A1046V,2.28801,3.5983,0.6373712071899235,Uncertain,Uncertain,24.7,,,0.787,COSMIC,,False,24.7,,,,neutral,neutral,neutral,UP,neutral,neutral,neutral,,,,85.12,H,-0.2964,0.1217,-22.1015,loss_of_function,-3.75649181937535,0.5636139038883308,Uncertain,0.9792,pathogenic,https://doi.org/10.1101/2022.10.22.513328
H1047C,2.90903,2.10544,2.1670675203461243,Uncertain,Uncertain,7.8,,,,cBioPortal,,False,7.8,,,,neutral,neutral,neutral,DOWN,neutral,neutral,neutral,,,,84.38,H,-0.2081,1.552,-22.0983,loss_of_function,-4.43346697740102,0.2865253028491134,Benign,0.4315,ambiguous,https://doi.org/10.1101/2022.10.22.513328
H1047I,2.18302,2.26531,1.198163711604228,Uncertain,Uncertain,7.8,,,,"cBioPortal,COSMIC,mutations_clinvar",,False,7.8,,,,neutral,neutral,neutral,UP,neutral,neutral,neutral,1047316,Uncertain significance,1,84.38,H,-0.1588,1.552,-6.2256,loss_of_function,-1.41483499246178,0.037789651233824,Benign,0.7575,pathogenic,https://doi.org/10.1101/2022.10.22.513328
H1047L,0.69728,0.88231,0.7103356083182005,Neutral,Neutral,7.8,,4.0278079863e-06,0.359,"cBioPortal,COSMIC,mutations_clinvar",,False,7.8,,,,neutral,neutral,neutral,UP,neutral,neutral,neutral,13653,Pathogenic,2,84.38,H,-0.0932,1.552,-0.5252,loss_of_function,-1.39186960795608,0.009350598552124,Benign,0.438,ambiguous,https://doi.org/10.1101/2022.10.22.513328
H1047N,2.28121,1.68605,1.4458805103634782,Uncertain,Uncertain,7.8,,,0.307,COSMIC,,False,7.8,,,,neutral,neutral,neutral,DOWN,neutral,neutral,neutral,,,,84.38,H,-0.1603,1.552,-22.0983,loss_of_function,-3.94418612245981,0.4553041559731189,Uncertain,0.5633,ambiguous,https://doi.org/10.1101/2022.10.22.513328
H1047P,5.23169,7.09252,7.310333314348629,Destabilizing,Destabilizing,7.8,,,0.612,COSMIC,,False,7.8,,,,neutral,neutral,neutral,DOWN,neutral,neutral,neutral,,,,84.38,H,-0.3168,1.552,-22.0983,loss_of_function,-5.34825302517288,0.3790147468618767,Uncertain,0.9129,pathogenic,https://doi.org/10.1101/2022.10.22.513328
H1047Q,2.20481,2.12007,1.853437728736408,Uncertain,Uncertain,7.8,,,0.428,"cBioPortal,COSMIC,mutations_clinvar",,False,7.8,,,,neutral,neutral,neutral,DOWN,neutral,neutral,neutral,376481,Likely pathogenic,0,84.38,H,-0.0459,1.552,-7.2256,loss_of_function,-2.5232133601574,0.0862858922009977,Benign,0.6438,pathogenic,https://doi.org/10.1101/2022.10.22.513328
H1047R,4.12843,2.9483,1.214563105389023,Uncertain,Uncertain,7.8,,4.0278079863e-06,0.455,"cBioPortal,COSMIC,mutations_clinvar",,False,7.8,,,,neutral,neutral,neutral,UP,neutral,neutral,neutral,13652,Pathogenic,3,84.38,H,-0.1899,1.552,-22.0983,loss_of_function,-2.38484704997027,0.0774705459838722,Benign,0.5381,ambiguous,https://doi.org/10.1101/2022.10.22.513328
H1047T,3.02398,1.79218,1.878072036829588,Uncertain,Uncertain,7.8,,,,COSMIC,,False,7.8,,,,neutral,neutral,neutral,DOWN,neutral,neutral,neutral,,,,84.38,H,-0.1365,1.552,-8.8104,loss_of_function,-3.32426564059836,0.0991755594355268,Benign,0.8267,pathogenic,https://doi.org/10.1101/2022.10.22.513328
H1047Y,1.18767,0.52007,0.1815482294748577,Neutral,Neutral,7.8,,,0.401,"cBioPortal,COSMIC,mutations_clinvar",,False,7.8,,,,neutral,neutral,neutral,UP,neutral,neutral,neutral,39705,Pathogenic,2,84.38,H,-0.0295,1.552,-3.3187,loss_of_function,-1.13276045592267,0.0011692220806861,Benign,0.2301,benign,https://doi.org/10.1101/2022.10.22.513328
H1048D,0.76484,0.09796,0.2049918893776425,Neutral,Neutral,98.7,,,0.322,COSMIC,,False,98.7,,,,neutral,neutral,neutral,DOWN,neutral,neutral,neutral,,,,81.71,T,-0.023,2.5916,-6.0064,loss_of_function,-1.07223672975457,,,0.4712,ambiguous,https://doi.org/10.1101/2022.10.22.513328
H1048L,0.76744,0.5932,0.1550262718868372,Neutral,Neutral,98.7,,,0.410,COSMIC,,False,98.7,,,,neutral,neutral,neutral,UP,neutral,neutral,neutral,,,,81.71,T,-0.0297,2.5916,-6.8138,loss_of_function,-2.45253586031894,,,0.2311,benign,https://doi.org/10.1101/2022.10.22.513328
H1048N,0.2266,-0.38401,0.0154963597864088,Neutral,Neutral,98.7,,,0.353,COSMIC,,False,98.7,,,,neutral,neutral,neutral,DOWN,neutral,neutral,neutral,,,,81.71,T,0.015,2.5916,-6.4918,gain_of_function,-1.42898133556145,,,0.1748,benign,https://doi.org/10.1101/2022.10.22.513328
H1048Q,0.32525,0.01905,0.512886104620231,Neutral,Neutral,98.7,,,0.397,COSMIC,,False,98.7,,,,neutral,neutral,neutral,DOWN,neutral,neutral,neutral,,,,81.71,T,0.0535,2.5916,-6.4918,gain_of_function,-1.50675376178754,,,0.2488,benign,https://doi.org/10.1101/2022.10.22.513328
H1048R,-0.79609,0.35136,0.0206717298655362,Neutral,Neutral,98.7,,,0.298,"cBioPortal,COSMIC,mutations_clinvar",,False,98.7,,,,neutral,neutral,neutral,UP,neutral,neutral,neutral,450316,Pathogenic/Likely pathogenic,2,81.71,T,0.0135,2.5916,-0.9872,gain_of_function,-1.22370924813292,,,0.197,benign,https://doi.org/10.1101/2022.10.22.513328
H1048T,1.48474,1.30782,0.8947450447031369,Neutral,Neutral,98.7,,,,COSMIC,,False,98.7,,,,neutral,neutral,neutral,DOWN,neutral,neutral,neutral,,,,81.71,T,-0.0256,2.5916,-5.8138,loss_of_function,-1.84690284074867,,,0.4008,ambiguous,https://doi.org/10.1101/2022.10.22.513328
H1048Y,0.66503,0.26122,0.3276217410902582,Neutral,Neutral,98.7,,,0.449,"cBioPortal,COSMIC",,False,98.7,,,,neutral,neutral,neutral,UP,neutral,neutral,neutral,,,,81.71,T,0.0381,2.5916,-8.8136,gain_of_function,-2.01765264788096,,,0.1827,benign,https://doi.org/10.1101/2022.10.22.513328
G1049A,2.3237,2.80034,1.80077301753021,Uncertain,Uncertain,71.3,,,0.471,"cBioPortal,COSMIC",,False,71.3,,,,neutral,neutral,neutral,UP,neutral,neutral,neutral,,,,76.31,S,-0.207,1.9122,-22.1015,loss_of_function,-3.04881426939778,0.1734876075206748,Benign,0.7839,pathogenic,https://doi.org/10.1101/2022.10.22.513328
G1049C,3.33272,5.27245,1.968248093949298,Destabilizing,Uncertain,71.3,,,0.696,"cBioPortal,COSMIC,mutations_clinvar",,False,71.3,,,,neutral,neutral,neutral,UP,neutral,neutral,neutral,1511013,Likely pathogenic,1,76.31,S,-0.2668,1.9122,-22.1015,loss_of_function,-3.08822167007672,0.6445405019672653,Uncertain,0.8701,pathogenic,https://doi.org/10.1101/2022.10.22.513328
G1049D,2.36579,2.71633,1.120330168300671,Uncertain,Uncertain,71.3,,,0.538,"cBioPortal,COSMIC",,False,71.3,,,,neutral,neutral,neutral,UP,neutral,neutral,neutral,,,,76.31,S,-0.1833,1.9122,-5.6438,loss_of_function,-1.19697060371313,0.0132001929816595,Benign,0.9584,pathogenic,https://doi.org/10.1101/2022.10.22.513328
G1049R,3.07531,4.77109,0.9766991248247566,Destabilizing,Uncertain,71.3,,,0.391,"cBioPortal,COSMIC,mutations_clinvar",,False,71.3,,,,neutral,neutral,neutral,UP,neutral,neutral,neutral,376053,Likely pathogenic,0,76.31,S,-0.2077,1.9122,-7.2288,loss_of_function,-1.19801265327837,0.0814685945199806,Benign,0.9553,pathogenic,https://doi.org/10.1101/2022.10.22.513328
G1049S,3.14962,1.10782,1.4644696833769233,Uncertain,Uncertain,71.3,,,0.505,"cBioPortal,COSMIC,mutations_clinvar",,False,71.3,,,,neutral,neutral,neutral,UP,neutral,neutral,neutral,376247,Pathogenic,2,76.31,S,-0.14,1.9122,-7.8137,loss_of_function,-2.58171521280159,0.1192421330658663,Benign,0.7359,pathogenic,https://doi.org/10.1101/2022.10.22.513328
G1050D,5.46044,1.94184,1.6609296899869108,Uncertain,Uncertain,43.2,,,0.542,COSMIC,,False,43.2,,,,neutral,neutral,neutral,UP,neutral,neutral,neutral,,,,73.61,-,-0.328,1.252,-22.1015,loss_of_function,-2.80857603297689,0.0356026172528105,Benign,0.9791,pathogenic,https://doi.org/10.1101/2022.10.22.513328
G1050S,4.62857,2.15442,1.583894385579631,Uncertain,Uncertain,43.2,,,0.348,"cBioPortal,COSMIC",,False,43.2,,,,neutral,neutral,neutral,UP,neutral,neutral,neutral,,,,73.61,-,-0.1631,1.252,-0.4431,loss_of_function,-0.715781536313853,0.0016883421210503,Benign,0.5291,ambiguous,https://doi.org/10.1101/2022.10.22.513328
T1052A,0.38484,0.46054,0.0313001059200718,Neutral,Neutral,94.2,,,0.461,COSMIC,,True,94.2,,,,uncertain,,,DOWN,neutral,neutral,destabilizing,,,,64.06,-,-0.116,1.4474,-7.8137,loss_of_function,-1.50735425714422,0.1840489061632592,Benign,0.7463,pathogenic,https://doi.org/10.1101/2022.10.22.513328
T1052I,-0.15792,-0.61293,-0.6787167136733779,Neutral,Neutral,94.2,,,0.745,COSMIC,,True,94.2,,,,uncertain,,,UP,neutral,neutral,neutral,,,,64.06,-,-0.1419,1.4474,-7.8137,loss_of_function,-1.86264069792548,0.3344717981498385,Uncertain,0.9915,pathogenic,https://doi.org/10.1101/2022.10.22.513328
T1052K,-0.14488,-0.03129,-0.1600934347445642,Neutral,Neutral,94.2,,,0.427,"cBioPortal,COSMIC",,True,94.2,,,,uncertain,,,UP,neutral,neutral,neutral,,,,64.06,-,-0.1646,1.4474,-1.0589,loss_of_function,-1.22829351561573,0.0406898483207685,Benign,0.8487,pathogenic,https://doi.org/10.1101/2022.10.22.513328
T1053A,0.50582,-0.30748,0.6284059515910884,Neutral,Neutral,24.6,,,0.779,COSMIC,,True,24.6,,,,uncertain,,,DOWN,neutral,neutral,mixed_effects,,,,54.46,-,-0.2251,0.2292,-7.2288,loss_of_function,-2.13223803598528,0.2926665397289112,Benign,0.9549,pathogenic,https://doi.org/10.1101/2022.10.22.513328
T1053I,-1.13868,-0.61463,-0.4691796804093789,Neutral,Neutral,24.6,,,,COSMIC,,True,24.6,,,,uncertain,,,UP,neutral,neutral,neutral,,,,54.46,-,-0.2591,0.2292,-8.8136,loss_of_function,-2.31708624712485,0.5607012119639159,Uncertain,0.9894,pathogenic,https://doi.org/10.1101/2022.10.22.513328
M1055I,2.37451,-0.10952,0.8451254216813994,Uncertain,Uncertain,14.3,,,0.403,"cBioPortal,COSMIC",,True,14.3,,,,neutral,neutral,neutral,-,uncertain,uncertain,uncertain,,,,53.24,H,-0.063,1.776,-4.1037,loss_of_function,-1.27303611392739,0.0039940349040912,Benign,0.9293,pathogenic,https://doi.org/10.1101/2022.10.22.513328
M1055L,0.45878,-0.45408,0.2968535245796544,Neutral,Neutral,14.3,,,0.393,"cBioPortal,COSMIC",,True,14.3,,,,neutral,neutral,neutral,-,uncertain,uncertain,uncertain,,,,53.24,H,-0.0206,1.776,-2.2495,loss_of_function,-1.04528511422647,0.0020647043238803,Benign,0.4422,ambiguous,https://doi.org/10.1101/2022.10.22.513328
D1056G,0.95053,1.05,0.6248737421191702,Neutral,Neutral,97.3,,,0.833,COSMIC,,True,97.3,,,,neutral,neutral,neutral,DOWN,neutral,neutral,neutral,,,,53.1,H,-0.2787,0.8736,-22.0951,loss_of_function,-6.46721689076139,0.9515768752274202,Pathogenic,0.9981,pathogenic,https://doi.org/10.1101/2022.10.22.513328
D1056N,0.63659,0.42755,0.1611671781443169,Neutral,Neutral,97.3,,,0.448,COSMIC,,True,97.3,,,,neutral,neutral,neutral,-,uncertain,uncertain,uncertain,,,,53.1,H,-0.1237,0.8736,-0.4237,loss_of_function,-2.04966327807377,0.1052752212114426,Benign,0.9802,pathogenic,https://doi.org/10.1101/2022.10.22.513328
W1057R,0.2532,0.81429,0.7010112234405754,Neutral,Neutral,81.8,,,0.813,COSMIC,,True,81.8,,,,neutral,neutral,neutral,DOWN,neutral,neutral,neutral,,,,55.85,H,-0.5467,0.1408,-22.0918,loss_of_function,-5.79498127128733,0.9797462628693548,Pathogenic,0.9999,pathogenic,https://doi.org/10.1101/2022.10.22.513328
I1058F,-0.32543,2.79014,0.9015399365679004,Uncertain,Neutral,10.2,,,0.356,"cBioPortal,COSMIC",,True,10.2,,,,neutral,neutral,neutral,UP,neutral,neutral,stabilizing,,,,58.4,H,-0.0666,2.4231,-3.1005,loss_of_function,-0.885566502023914,0.0002088200641139,Benign,0.5176,ambiguous,https://doi.org/10.1101/2022.10.22.513328
I1058L,-0.38053,0.82075,0.4331940904521897,Neutral,Neutral,10.2,,,0.325,"cBioPortal,COSMIC,mutations_clinvar",,True,10.2,,,,neutral,neutral,neutral,-,uncertain,uncertain,uncertain,809569,Uncertain significance,1,58.4,H,0.0117,2.4231,-2.5915,gain_of_function,-0.854395957534289,0.0004046260871917,Benign,0.2947,benign,https://doi.org/10.1101/2022.10.22.513328
I1058M,-0.61835,1.38673,0.982712055140528,Neutral,Neutral,10.2,,,0.385,cBioPortal,,True,10.2,,,,neutral,neutral,neutral,-,uncertain,uncertain,uncertain,,,,58.4,H,0.0118,2.4231,-1.47,gain_of_function,-0.796672248075295,0.0007143157033178,Benign,0.4457,ambiguous,https://doi.org/10.1101/2022.10.22.513328
F1059L,2.1101,-0.14048,1.1130351765117077,Uncertain,Uncertain,24.5,,,0.550,"cBioPortal,COSMIC",,True,24.5,,,,neutral,neutral,neutral,DOWN,neutral,neutral,neutral,,,,58.83,H,-0.0633,2.2998,-6.4789,loss_of_function,-1.22689625801657,0.1618908285513629,Benign,0.9912,pathogenic,https://doi.org/10.1101/2022.10.22.513328
H1060Y,-0.58512,-0.52993,-0.2988788422734245,Neutral,Neutral,91.1,,,,COSMIC,,True,91.1,,,,neutral,neutral,neutral,UP,neutral,neutral,stabilizing,,,,58.23,H,-0.2681,0.0001,-22.0886,loss_of_function,-3.14736329522353,0.9841739173548136,Pathogenic,0.9953,pathogenic,https://doi.org/10.1101/2022.10.22.513328
T1061I,-0.70398,-1.60306,-0.4731739832798631,Neutral,Neutral,58.2,,,,COSMIC,,True,58.2,,,,uncertain,,,UP,neutral,neutral,stabilizing,,,,56.64,H,-0.0842,1.9597,-5.7482,loss_of_function,-1.24824889812182,0.0043127197639253,Benign,0.8999,pathogenic,https://doi.org/10.1101/2022.10.22.513328
I1062T,1.62594,2.14864,1.3901200427726348,Uncertain,Neutral,22.7,,,0.679,COSMIC,,True,22.7,,,,neutral,neutral,neutral,DOWN,neutral,neutral,neutral,,,,55.96,H,-0.1923,2.0682,-22.0292,loss_of_function,-3.26195017007865,0.1266230696597629,Benign,0.9801,pathogenic,https://doi.org/10.1101/2022.10.22.513328
I1062V,1.25397,0.58673,0.7698085643266067,Neutral,Neutral,22.7,,,0.295,COSMIC,,True,22.7,,,,neutral,neutral,neutral,DOWN,neutral,neutral,neutral,,,,55.96,H,0.0266,2.0682,-1.0904,gain_of_function,-0.950493909443056,0.0009761870034179,Benign,0.1756,benign,https://doi.org/10.1101/2022.10.22.513328
Q1064E,-0.09145,-0.05034,-0.3212766753910506,Neutral,Neutral,88.2,,,0.324,cBioPortal,,True,88.2,,,,neutral,neutral,neutral,DOWN,neutral,neutral,neutral,,,,46.42,H,-0.1859,1.274,-21.8764,loss_of_function,-2.79989096180168,0.4427617762204623,Uncertain,0.2302,benign,https://doi.org/10.1101/2022.10.22.513328
Q1064H,0.26099,0.57483,-0.5289728368149738,Neutral,Neutral,88.2,,,0.203,"cBioPortal,COSMIC",,True,88.2,,,,neutral,neutral,neutral,UP,neutral,neutral,stabilizing,,,,46.42,H,-0.0836,1.274,-2.6114,loss_of_function,-0.437794443400443,0.0009390287136834,Benign,0.1764,benign,https://doi.org/10.1101/2022.10.22.513328
Q1064R,-0.39314,-0.51224,-0.6745734280713295,Neutral,Neutral,88.2,,,0.288,COSMIC,,True,88.2,,,,neutral,neutral,neutral,UP,neutral,neutral,stabilizing,,,,46.42,H,-0.1277,1.274,-5.2668,loss_of_function,-1.59217597954225,0.0252399162240224,Benign,0.3537,ambiguous,https://doi.org/10.1101/2022.10.22.513328
H1065L,-0.48432,0.46905,-0.3537782322661659,Neutral,Neutral,70.6,,,0.448,"cBioPortal,COSMIC,mutations_clinvar",,True,70.6,,,,neutral,neutral,neutral,UP,neutral,neutral,stabilizing,577141,Uncertain significance,1,47.85,H,-0.1955,1.5286,-20.1457,loss_of_function,-1.48095595305259,0.0026079025207164,Benign,0.3432,ambiguous,https://doi.org/10.1101/2022.10.22.513328
H1065N,0.03067,1.20204,0.3385039131495249,Neutral,Neutral,70.6,,,0.280,cBioPortal,,True,70.6,,,,neutral,neutral,neutral,DOWN,neutral,neutral,neutral,,,,47.85,H,-0.0533,1.5286,-0.7083,loss_of_function,-1.03942870504633,0.001099149526241,Benign,0.164,benign,https://doi.org/10.1101/2022.10.22.513328
H1065Y,-0.24526,1.07755,-0.1281018023186081,Neutral,Neutral,70.6,,,0.384,"cBioPortal,COSMIC",,True,70.6,,,,neutral,neutral,neutral,UP,neutral,neutral,stabilizing,,,,47.85,H,-0.1175,1.5286,-20.1457,loss_of_function,-2.38924734313638,0.0066323350238395,Benign,0.2011,benign,https://doi.org/10.1101/2022.10.22.513328
A1066L,-0.27193,0.96463,-0.7504805113560337,Neutral,Neutral,81.5,,,,cBioPortal,,True,81.5,,,,neutral,neutral,neutral,UP,neutral,neutral,stabilizing,,,,40.18,H,-0.2043,1.7734,-18.8113,loss_of_function,-0.371097079925862,,,0.2585,benign,https://doi.org/10.1101/2022.10.22.513328
A1066S,0.14294,0.92517,0.1760499497548384,Neutral,Neutral,81.5,,,0.179,"cBioPortal,COSMIC",,True,81.5,,,,neutral,neutral,neutral,-,uncertain,uncertain,uncertain,,,,40.18,H,-0.0425,1.7734,-2.7162,loss_of_function,-0.214325728248475,,,0.0892,benign,https://doi.org/10.1101/2022.10.22.513328
A1066T,0.37165,1.12721,-0.0439324675706165,Neutral,Neutral,81.5,,,0.231,"cBioPortal,COSMIC",,True,81.5,,,,neutral,neutral,neutral,UP,neutral,neutral,stabilizing,,,,40.18,H,-0.0577,1.7734,-4.5236,loss_of_function,-0.0108324962833069,,,0.1013,benign,https://doi.org/10.1101/2022.10.22.513328
A1066V,0.21338,-0.18571,-0.1030946928052151,Neutral,Neutral,81.5,,0.0,0.254,"cBioPortal,COSMIC,mutations_clinvar",,True,81.5,,,,neutral,neutral,neutral,UP,neutral,neutral,stabilizing,648601,Conflicting interpretations of pathogenicity,1,40.18,H,-0.1276,1.7734,-18.8113,loss_of_function,-0.263446473660558,,,0.1878,benign,https://doi.org/10.1101/2022.10.22.513328
L1067F,0.64649,0.96939,0.2901037526589034,Neutral,Neutral,88.3,,,0.235,"cBioPortal,COSMIC",,True,88.3,,,,neutral,neutral,neutral,UP,neutral,neutral,stabilizing,,,,34.36,T,-0.2653,0.7458,-18.4972,loss_of_function,-0.163903746955644,,,0.0809,benign,https://doi.org/10.1101/2022.10.22.513328
L1067W,1.26708,0.72823,0.0708608251320902,Neutral,Neutral,88.3,,,,mutations_clinvar,,True,88.3,,,,neutral,neutral,neutral,UP,neutral,neutral,stabilizing,2453450,Uncertain significance,1,34.36,T,-0.3644,0.7458,-18.4972,loss_of_function,-0.198483070327161,,,0.1842,benign,https://doi.org/10.1101/2022.10.22.513328
N1068I,0.34134,0.85952,-0.0539634791679194,Neutral,Neutral,88.9,,,,mutations_clinvar,,False,88.9,,,,neutral,neutral,neutral,UP,neutral,neutral,stabilizing,946615,Uncertain significance,1,29.31,-,-0.3019,0.6279,-18.4171,loss_of_function,-0.371363540570581,,,0.4032,ambiguous,https://doi.org/10.1101/2022.10.22.513328
N1068K,-0.22877,0.60442,0.1276271875789503,Neutral,Neutral,88.9,,,0.290,cBioPortal,,False,88.9,,,,neutral,neutral,neutral,UP,neutral,neutral,stabilizing,,,,29.31,-,-0.2548,0.6279,-18.4171,loss_of_function,-0.371363540570581,,,0.368,ambiguous,https://doi.org/10.1101/2022.10.22.513328
N1068Y,0.42607,0.45442,0.1156326619656639,Neutral,Neutral,88.9,,,0.400,"cBioPortal,COSMIC",,False,88.9,,,,neutral,neutral,neutral,UP,neutral,neutral,stabilizing,,,,29.31,-,-0.2923,0.6279,-18.4171,loss_of_function,-0.371363540570581,,,0.2424,benign,https://doi.org/10.1101/2022.10.22.513328
