Mutation,"Stability (FoldX5, xray, kcal/mol)","Stability (Rosetta Cartddg2020, xray, kcal/mol)","Stability (RaSP, xray, kcal/mol)","Stability classification, xray, (Rosetta, FoldX)","Stability classification, xray, (RaSP, FoldX)",Relative Side Chain Solvent Accessibility in wild-type,gnomAD genome allele frequency,gnomAD exome allele frequency,REVEL score,Mutation sources,PTMs,is site part of phospho-SLiM,PTM residue SASA (%),"Change in stability with PTM (FoldX5, kcal/mol)","Change in binding with PTM (FoldX5, kcal/mol)","Change in binding with mutation (FoldX5, kcal/mol)",PTM effect in regulation,PTM effect in stability,PTM effect in function,ClinVar Variation ID,ClinVar Interpretation,ClinVar Review Status,DeMaSk delta fitness,DeMaSk Shannon entropy,DeMaSk log2 variant frequency,DeMaSk predicted consequence,GEMME Score,EVE score,EVE classification (25% Uncertain),AlphaMissense pathogenicity score,AlphaMissense classification,References
W86C,0.2465,0.51224,1.5366003934713337,Neutral,Neutral,94.9,,,0.703,"cBioPortal,COSMIC",,False,94.9,,,,neutral,neutral,neutral,,,,-0.2934,2.3044,-20.8727,loss_of_function,-2.79099961700262,,,0.8026,pathogenic,https://doi.org/10.1101/2022.10.22.513328
C91H,5.4087,-0.00238,-0.5217696620500828,Uncertain,Uncertain,34.1,,,,literature,,True,34.1,,,,neutral,neutral,neutral,,,,-0.5865,0.1059,-21.85,loss_of_function,-6.45606790369165,,,0.9827,pathogenic,https://doi.org/10.1101/2022.10.22.513328
C91W,4.72847,-0.00238,-1.1671975394344314,Uncertain,Uncertain,34.1,,,,clinvar,,True,34.1,,,,neutral,neutral,neutral,1028333,Uncertain significance,1,-0.4101,0.1059,-8.5621,loss_of_function,-6.45606790369165,,,0.9112,pathogenic,https://doi.org/10.1101/2022.10.22.513328
P92S,2.68842,-2.92789,-0.110963697045765,Uncertain,Uncertain,52.9,,7.9607059554e-06,0.29,"cBioPortal,COSMIC",,True,52.9,,,,neutral,neutral,neutral,,,,0.0769,3.3511,-3.433,gain_of_function,0.0610665988948814,,,0.1134,benign,https://doi.org/10.1101/2022.10.22.513328
I93M,-0.03891,0.39694,0.4260618532730709,Neutral,Neutral,78.1,,,0.153,COSMIC,,True,78.1,,,,neutral,neutral,neutral,,,,0.0014,2.5925,-6.5698,gain_of_function,-0.525159448520151,,,0.1012,benign,https://doi.org/10.1101/2022.10.22.513328
I93V,0.91536,0.48367,0.2977465388064687,Neutral,Neutral,78.1,,,,clinvar,,True,78.1,,,,neutral,neutral,neutral,1485384,Uncertain significance,1,0.0681,2.5925,-2.4201,gain_of_function,-0.0036111808599732,,,0.0594,benign,https://doi.org/10.1101/2022.10.22.513328
C94W,4.25535,0.0,-0.785811438032506,Uncertain,Uncertain,10.1,,,,literature,,True,10.1,,,,neutral,neutral,neutral,,,,-0.4743,0.1455,-21.8576,loss_of_function,-6.34262104642235,,,0.9761,pathogenic,https://doi.org/10.1101/2022.10.22.513328
C94Y,2.94679,0.0,-0.3179562374633865,Uncertain,Uncertain,10.1,,,0.95,cBioPortal,,True,10.1,,,,neutral,neutral,neutral,,,,-0.4805,0.1455,-21.8576,loss_of_function,-6.34262104642235,,,0.9861,pathogenic,https://doi.org/10.1101/2022.10.22.513328
K95Q,0.64515,0.38571,0.832929423623705,Neutral,Neutral,40.7,,,,clinvar,,False,40.7,,,,neutral,neutral,neutral,289971,Uncertain significance,2,-0.0647,1.8693,-5.5698,loss_of_function,-1.71413163004761,,,0.1741,benign,https://doi.org/10.1101/2022.10.22.513328
G96V,-0.2591,-0.6932,-0.9051137098079244,Neutral,Neutral,91.0,,,0.254,cBioPortal,,False,91.0,,,,neutral,neutral,neutral,,,,-0.1,2.9499,-2.8465,loss_of_function,-0.0566003860587248,,,0.0848,benign,https://doi.org/10.1101/2022.10.22.513328
L97P,4.78591,7.84728,6.529651877653167,Destabilizing,Destabilizing,71.9,,,,clinvar,,False,71.9,,,,neutral,neutral,neutral,992679,Likely pathogenic,1,-0.2614,2.603,-21.8461,loss_of_function,-3.94479202177693,,,0.8755,pathogenic,https://doi.org/10.1101/2022.10.22.513328
A100D,0.40057,0.56939,0.0775942670715368,Neutral,Neutral,76.0,,,,clinvar,,False,76.0,,,,neutral,neutral,neutral,1413500,Uncertain significance,1,-0.0452,3.2533,-7.0,loss_of_function,-1.93806267980943,,,0.831,pathogenic,https://doi.org/10.1101/2022.10.22.513328
A100V,0.41313,0.11395,-0.235934994242194,Neutral,Neutral,76.0,,,0.284,cBioPortal,,False,76.0,,,,neutral,neutral,neutral,,,,0.0883,3.2533,-3.1926,gain_of_function,0.0733748276330279,,,0.0979,benign,https://doi.org/10.1101/2022.10.22.513328
N102S,0.78908,0.7381,0.8157286051720349,Neutral,Neutral,29.8,,,,clinvar,,False,29.8,,,,neutral,neutral,neutral,862929,Uncertain significance,2,0.0588,2.944,-5.2517,gain_of_function,-2.60657233401713,,,0.0727,benign,https://doi.org/10.1101/2022.10.22.513328
L103F,-0.0149,0.62347,0.0989236594861653,Neutral,Neutral,75.0,,,0.321,cBioPortal,,False,75.0,,,,neutral,neutral,neutral,,,,0.0772,3.617,-3.1549,gain_of_function,-0.0481881295097676,,,0.0566,benign,https://doi.org/10.1101/2022.10.22.513328
L105P,3.29654,10.47857,7.430852325242851,Destabilizing,Destabilizing,23.5,,,,"literature,clinvar",,False,23.5,,,,neutral,neutral,neutral,556092,Pathogenic/Likely pathogenic,2,-0.2526,2.7006,-21.8913,loss_of_function,-3.77527665874708,,,0.905,pathogenic,https://doi.org/10.1101/2022.10.22.513328
K106T,-0.11638,-0.76633,0.3141976049929817,Neutral,Neutral,60.0,,,0.39,cBioPortal,,False,60.0,,,,neutral,neutral,neutral,,,,0.0287,3.146,-5.8293,gain_of_function,-1.9224902701946,,,0.1548,benign,https://doi.org/10.1101/2022.10.22.513328
N110S,0.21384,0.72721,0.7261724536149922,Neutral,Neutral,28.1,,,,clinvar,,False,28.1,,,,neutral,neutral,neutral,879893,Conflicting interpretations of pathogenicity,1,0.0476,2.6386,-1.9326,gain_of_function,-0.0060513271505535,,,0.0596,benign,https://doi.org/10.1101/2022.10.22.513328
A112V,0.31902,-0.17585,-0.1745848252190185,Neutral,Neutral,67.0,,3.9898179845e-06,0.204,COSMIC,,False,67.0,,,,neutral,neutral,neutral,,,,0.0338,2.7518,-4.8293,gain_of_function,-0.688436390648087,,,0.094,benign,https://doi.org/10.1101/2022.10.22.513328
R113C,1.12541,0.38231,1.2704332334534576,Neutral,Neutral,72.8,0.00025490695896,8.77766960852e-05,0.53,"cBioPortal,COSMIC,clinvar",,False,72.8,,,,neutral,neutral,neutral,593055,Conflicting interpretations of pathogenicity,1,-0.0358,3.2547,-5.8756,loss_of_function,-1.71148242046632,,,0.2751,benign,https://doi.org/10.1101/2022.10.22.513328
R113H,0.93844,-0.24864,0.2154459682789294,Neutral,Neutral,72.8,,,,clinvar,,False,72.8,,,,neutral,neutral,neutral,593413,Conflicting interpretations of pathogenicity,1,0.0114,3.2547,-4.2907,gain_of_function,-0.270642178374788,,,0.0895,benign,https://doi.org/10.1101/2022.10.22.513328
V114M,-0.75892,-0.17721,0.2420925061453366,Neutral,Neutral,52.8,0.00060540402753,0.0007508287072167,0.648,"cBioPortal,COSMIC,clinvar",,False,52.8,,,,neutral,neutral,neutral,281705,Uncertain significance,2,-0.1115,1.7658,-5.2548,loss_of_function,-0.20133896181996,,,0.151,benign,https://doi.org/10.1101/2022.10.22.513328
V117M,-0.80556,0.48435,0.1887158215474615,Neutral,Neutral,85.4,,,,clinvar,,False,85.4,,,,neutral,neutral,neutral,305197,Conflicting interpretations of pathogenicity,1,0.047,3.3753,-3.2121,gain_of_function,-0.0189866949009536,,,0.0721,benign,https://doi.org/10.1101/2022.10.22.513328
I119M,0.62851,1.92177,0.9275862385701312,Neutral,Neutral,7.6,,,0.301,"cBioPortal,COSMIC",,False,7.6,,,,neutral,neutral,neutral,,,,0.0774,3.4824,-7.721,gain_of_function,-1.4951521796674,,,0.0923,benign,https://doi.org/10.1101/2022.10.22.513328
L121P,4.15089,9.67653,6.843421149026902,Destabilizing,Destabilizing,63.8,,,0.721,"cBioPortal,clinvar",,False,63.8,,,,neutral,neutral,neutral,556008,Uncertain significance,1,-0.2275,2.9823,-22.0526,loss_of_function,-4.01613091120972,,,0.8409,pathogenic,https://doi.org/10.1101/2022.10.22.513328
N123Y,-0.45847,-0.22721,-0.2123939910419842,Neutral,Neutral,31.2,,,0.274,"cBioPortal,COSMIC",,False,31.2,,,,neutral,neutral,neutral,,,,-0.0768,3.1724,-22.0526,loss_of_function,-1.97469387707608,,,0.1025,benign,https://doi.org/10.1101/2022.10.22.513328
I127T,1.56029,0.78129,1.133324724369575,Neutral,Neutral,68.2,,,,clinvar,,False,68.2,,,,neutral,neutral,neutral,948953,Uncertain significance,1,-0.1175,2.004,-6.2094,loss_of_function,-3.10132778357759,,,0.3609,ambiguous,https://doi.org/10.1101/2022.10.22.513328
A128T,1.2858,2.21769,0.4823848106287964,Uncertain,Neutral,18.3,,,0.674,cBioPortal,,False,18.3,,,,neutral,neutral,neutral,,,,-0.0007,2.4738,-5.987,loss_of_function,-1.93499218021472,,,0.103,benign,https://doi.org/10.1101/2022.10.22.513328
P129Q,2.31995,0.86599,0.3535674552590856,Uncertain,Uncertain,24.5,,,0.49,cBioPortal,,False,24.5,,,,neutral,neutral,neutral,,,,0.0146,3.0612,-4.7912,gain_of_function,-1.99524489378806,,,0.1155,benign,https://doi.org/10.1101/2022.10.22.513328
A131V,-0.19471,0.29082,-0.1987992011987727,Neutral,Neutral,98.7,,,0.217,cBioPortal,,False,98.7,,,,neutral,neutral,neutral,,,,0.0972,3.4563,-5.094,gain_of_function,-0.992019750827366,,,0.0814,benign,https://doi.org/10.1101/2022.10.22.513328
V132A,1.95613,2.35476,1.812151073548606,Uncertain,Neutral,5.2,,,,literature,,False,5.2,,,,neutral,neutral,neutral,,,,-0.2031,0.8621,-8.7975,loss_of_function,-3.0686478875734,,,0.38,ambiguous,https://doi.org/10.1101/2022.10.22.513328
V132M,-0.3082,2.35578,0.8876308839036084,Uncertain,Neutral,5.2,,,,clinvar,,False,5.2,,,,neutral,neutral,neutral,879894,Uncertain significance,2,-0.2077,0.8621,-7.7976,loss_of_function,-2.45526579472486,,,0.3162,benign,https://doi.org/10.1101/2022.10.22.513328
C133Y,26.59102,0.0,0.2877852599714287,Uncertain,Uncertain,0.0,,,,literature,,False,0.0,,,,neutral,neutral,neutral,,,,-0.495,0.0001,-22.0854,loss_of_function,-6.90147359744479,,,0.9853,pathogenic,https://doi.org/10.1101/2022.10.22.513328
V137A,1.19347,2.06701,1.427034773917129,Uncertain,Neutral,19.7,,,0.431,"cBioPortal,COSMIC",,False,19.7,,,,neutral,neutral,neutral,,,,-0.0256,2.5216,-3.9364,loss_of_function,-1.1740446782478,,,0.271,benign,https://doi.org/10.1101/2022.10.22.513328
H138R,-0.05591,0.34218,0.0484900083643147,Neutral,Neutral,52.8,,,0.202,cBioPortal,,False,52.8,,,,neutral,neutral,neutral,,,,0.0802,3.4561,-3.509,gain_of_function,-0.0673363028221289,,,0.0541,benign,https://doi.org/10.1101/2022.10.22.513328
L139P,5.8424,8.71531,8.44207431665969,Destabilizing,Destabilizing,28.6,,,,"literature,clinvar",,False,28.6,,,,neutral,neutral,neutral,203424,Likely pathogenic,2,-0.2885,2.3218,-22.0854,loss_of_function,-4.29406525457134,,,0.7819,pathogenic,https://doi.org/10.1101/2022.10.22.513328
E141D,1.04989,0.72279,1.0957312032765054,Neutral,Neutral,15.7,,,0.356,cBioPortal,,False,15.7,,,,neutral,neutral,neutral,,,,-0.0106,2.9892,-22.0918,loss_of_function,-3.32364675012908,,,0.6389,pathogenic,https://doi.org/10.1101/2022.10.22.513328
E141K,-1.84607,-1.2415,1.280131304651077,Neutral,Neutral,15.7,,3.9797827039e-06,0.324,cBioPortal,,False,15.7,,,,neutral,neutral,neutral,,,,0.0331,2.9892,-2.5004,gain_of_function,-1.17067002149875,,,0.1062,benign,https://doi.org/10.1101/2022.10.22.513328
D143Y,-1.77689,0.32415,-0.7666520915686753,Neutral,Neutral,24.2,,,,clinvar,,False,24.2,,,,neutral,neutral,neutral,596245,Uncertain significance,1,-0.1701,1.685,-8.8104,loss_of_function,-3.5465434700382,,,0.7896,pathogenic,https://doi.org/10.1101/2022.10.22.513328
M144I,0.5255,0.15272,-0.3425860300955358,Neutral,Neutral,41.1,,,0.243,"cBioPortal,COSMIC",,False,41.1,,,,neutral,neutral,neutral,,,,-0.0154,2.2701,-3.6813,loss_of_function,-0.942074770857266,,,0.2628,benign,https://doi.org/10.1101/2022.10.22.513328
V145L,-0.34694,1.13571,0.0240992166087899,Neutral,Neutral,12.7,,,0.522,COSMIC,,False,12.7,,,,neutral,neutral,neutral,,,,-0.0122,2.6006,-2.6208,loss_of_function,-1.12114746705773,,,0.2075,benign,https://doi.org/10.1101/2022.10.22.513328
V145M,-0.57528,1.50578,0.7331812281668062,Neutral,Neutral,12.7,,3.9806064852e-06,0.688,"cBioPortal,COSMIC",,False,12.7,,,,neutral,neutral,neutral,,,,-0.0334,2.6006,-5.0032,loss_of_function,-2.24228920623415,,,0.1859,benign,https://doi.org/10.1101/2022.10.22.513328
V147M,0.96,2.08027,3.51616201315973,Uncertain,Uncertain,0.0,,,,clinvar,,False,0.0,,,,neutral,neutral,neutral,1433923,Uncertain significance,1,-0.1405,1.5601,-7.2256,loss_of_function,-1.96693746621444,,,0.5449,ambiguous,https://doi.org/10.1101/2022.10.22.513328
R150C,0.92478,1.50272,1.7685701179484017,Neutral,Neutral,37.9,,,,clinvar,,True,37.9,,,,neutral,neutral,neutral,592194,Uncertain significance,2,-0.1456,2.9608,-22.0983,loss_of_function,-2.90698980835218,,,0.1721,benign,https://doi.org/10.1101/2022.10.22.513328
R150H,0.60299,0.90646,1.092714614962829,Neutral,Neutral,37.9,,1.99173033565e-05,0.366,"COSMIC,clinvar",,True,37.9,,,,neutral,neutral,neutral,2362866,Uncertain significance,1,-0.0103,2.9608,-3.256,loss_of_function,-0.392545028766585,,,0.0656,benign,https://doi.org/10.1101/2022.10.22.513328
R150L,-0.74905,-0.20986,-0.0086660938154559,Neutral,Neutral,37.9,,,0.444,"cBioPortal,COSMIC",,True,37.9,,,,neutral,neutral,neutral,,,,-0.0552,2.9608,-5.6406,loss_of_function,-1.18677938286094,,,0.1142,benign,https://doi.org/10.1101/2022.10.22.513328
V152A,1.31693,1.32891,1.1840095380930475,Neutral,Neutral,26.1,,,0.641,cBioPortal,,True,26.1,,,,neutral,neutral,neutral,,,,0.0533,3.4086,-4.4854,gain_of_function,-1.48486171647019,,,0.2356,benign,https://doi.org/10.1101/2022.10.22.513328
S154R,-0.19035,0.31667,-0.5626778833014645,Neutral,Neutral,25.7,,7.9711762268e-06,0.258,"cBioPortal,COSMIC",,True,25.7,,,,uncertain,,,,,,-0.0003,3.016,-3.3283,loss_of_function,-0.886124647653838,,,0.2052,benign,https://doi.org/10.1101/2022.10.22.513328
P155Q,2.53797,1.81429,-0.1605691078548526,Uncertain,Uncertain,29.8,,,0.748,cBioPortal,,True,29.8,,,,neutral,neutral,neutral,,,,-0.155,1.3536,-7.232,loss_of_function,-3.69134400602177,,,0.5568,ambiguous,https://doi.org/10.1101/2022.10.22.513328
P155R,2.16952,1.97653,-0.333325726556995,Uncertain,Uncertain,29.8,,,,clinvar,,True,29.8,,,,neutral,neutral,neutral,992680,Likely pathogenic,1,-0.1994,1.3536,-7.8169,loss_of_function,-4.30713294527124,,,0.5761,pathogenic,https://doi.org/10.1101/2022.10.22.513328
P155S,3.30581,1.65476,0.2137679447989421,Uncertain,Uncertain,29.8,,,0.789,COSMIC,,True,29.8,,,,neutral,neutral,neutral,,,,-0.1088,1.3536,-3.817,loss_of_function,-2.27171627828074,,,0.2002,benign,https://doi.org/10.1101/2022.10.22.513328
S156C,0.31239,1.04762,0.8539517952194505,Neutral,Neutral,71.2,,,0.414,COSMIC,,True,71.2,,,,uncertain,,,,,,-0.028,3.2849,-22.1079,loss_of_function,-2.87161847599242,,,0.4441,ambiguous,https://doi.org/10.1101/2022.10.22.513328
E157K,-0.15386,-0.75816,-0.0025892021181816,Neutral,Neutral,16.5,,,0.679,"cBioPortal,clinvar",,False,16.5,,,,neutral,neutral,neutral,1173965,Likely pathogenic,1,-0.1076,1.6993,-6.8201,loss_of_function,-3.20233668284672,,,0.5792,pathogenic,https://doi.org/10.1101/2022.10.22.513328
A158T,1.29855,1.7051,0.9776592598214012,Neutral,Neutral,8.7,,,,clinvar,,False,8.7,,,,neutral,neutral,neutral,1025440,Uncertain significance,1,-0.0333,2.1655,-6.8201,loss_of_function,-2.13850595695244,,,0.1721,benign,https://doi.org/10.1101/2022.10.22.513328
C159R,18.7904,0.0,0.4117841732980631,Uncertain,Uncertain,0.0,,,,"literature,clinvar",,False,0.0,,,,neutral,neutral,neutral,167709,Pathogenic/Likely pathogenic,2,-0.5399,0.0455,-22.1079,loss_of_function,-7.32469008755268,,,0.9877,pathogenic,https://doi.org/10.1101/2022.10.22.513328
C159Y,26.31744,0.0,0.4447878773230374,Uncertain,Uncertain,0.0,,,,clinvar,,False,0.0,,,,neutral,neutral,neutral,2166808,Likely pathogenic,1,-0.4909,0.0455,-22.1079,loss_of_function,-7.32469008755268,,,0.995,pathogenic,https://doi.org/10.1101/2022.10.22.513328
L163M,0.37216,1.47245,1.142289554777689,Neutral,Neutral,38.0,,,0.412,COSMIC,,False,38.0,,,,neutral,neutral,neutral,,,,-0.0315,2.1457,-4.9968,loss_of_function,-1.8832293762964,,,0.171,benign,https://doi.org/10.1101/2022.10.22.513328
L163P,3.18298,7.94898,6.170049099602843,Destabilizing,Destabilizing,38.0,,,,"literature,clinvar",,False,38.0,,,,neutral,neutral,neutral,553935,Conflicting interpretations of pathogenicity,1,-0.3047,2.1457,-22.0918,loss_of_function,-3.1731071101179,,,0.6266,pathogenic,https://doi.org/10.1101/2022.10.22.513328
G164D,2.89661,3.19422,1.4577384244906628,Uncertain,Uncertain,82.4,,,0.865,COSMIC,,False,82.4,,,,neutral,neutral,neutral,,,,-0.1923,1.7487,-4.4594,loss_of_function,-2.72964331045135,,,0.3864,ambiguous,https://doi.org/10.1101/2022.10.22.513328
G164V,4.54107,6.51531,2.619327701386403,Destabilizing,Uncertain,82.4,,,,clinvar,,False,82.4,,,,neutral,neutral,neutral,1511980,Likely pathogenic,1,-0.2409,1.7487,-8.7812,loss_of_function,-3.69397052596789,,,0.784,pathogenic,https://doi.org/10.1101/2022.10.22.513328
T166I,-0.34014,0.07959,-0.2089966879762667,Neutral,Neutral,92.9,,,,clinvar,,False,92.9,,,,uncertain,,,1694047,Uncertain significance,1,0.0581,3.5161,-5.9307,gain_of_function,-1.67303487090657,,,0.1585,benign,https://doi.org/10.1101/2022.10.22.513328
G168E,10.93819,4.73197,2.6059769138352067,Destabilizing,Uncertain,19.7,,,0.849,"cBioPortal,COSMIC",,False,19.7,,,,neutral,neutral,neutral,,,,-0.154,2.139,-4.1165,loss_of_function,-2.15013629674024,,,0.7376,pathogenic,https://doi.org/10.1101/2022.10.22.513328
G168R,14.79263,6.05952,2.289527802033776,Destabilizing,Uncertain,19.7,,,,"literature,clinvar",,False,19.7,,,,neutral,neutral,neutral,982662,Pathogenic/Likely pathogenic,2,-0.1868,2.139,-7.232,loss_of_function,-3.11279812597664,,,0.6798,pathogenic,https://doi.org/10.1101/2022.10.22.513328
G168V,12.71196,4.54116,3.630714908954944,Destabilizing,Destabilizing,19.7,,,0.883,COSMIC,,False,19.7,,,,neutral,neutral,neutral,,,,-0.1933,2.139,-6.495,loss_of_function,-2.9014427947497,,,0.7445,pathogenic,https://doi.org/10.1101/2022.10.22.513328
H169N,-0.65498,-0.10544,0.4543491698318708,Neutral,Neutral,78.5,,,,clinvar,,False,78.5,,,,neutral,neutral,neutral,1745083,Uncertain significance,1,0.104,3.4431,-4.4128,gain_of_function,-0.176444405633198,,,0.0877,benign,https://doi.org/10.1101/2022.10.22.513328
W170G,4.16089,4.13435,6.011747411609585,Destabilizing,Destabilizing,30.6,,,0.819,"cBioPortal,COSMIC",,False,30.6,,,,neutral,neutral,neutral,,,,-0.176,3.3143,-6.4026,loss_of_function,-2.61804616219245,,,0.4442,ambiguous,https://doi.org/10.1101/2022.10.22.513328
I172M,0.13585,1.06497,1.5898835938097458,Neutral,Neutral,5.8,,,0.402,cBioPortal,,False,5.8,,,,neutral,neutral,neutral,,,,0.0113,2.7698,-7.8105,gain_of_function,-0.925821680041436,,,0.196,benign,https://doi.org/10.1101/2022.10.22.513328
I172V,0.8019,0.38707,0.7288165053486603,Neutral,Neutral,5.8,,,0.216,"cBioPortal,COSMIC",,False,5.8,,,,neutral,neutral,neutral,,,,0.0784,2.7698,-3.6011,gain_of_function,-0.162541543215094,,,0.1009,benign,https://doi.org/10.1101/2022.10.22.513328
S174T,0.58639,0.13061,0.1074575972870095,Neutral,Neutral,62.6,,,0.499,cBioPortal,,False,62.6,,,,neutral,,,,,,0.1145,3.2402,-5.0875,gain_of_function,-1.82353229969369,,,0.1575,benign,https://doi.org/10.1101/2022.10.22.513328
W176R,2.93974,4.78912,5.928091819806231,Uncertain,Uncertain,9.8,,,0.837,"cBioPortal,COSMIC",,False,9.8,,,,neutral,neutral,neutral,,,,-0.5445,0.1662,-22.1111,loss_of_function,-4.47011433705301,,,0.994,pathogenic,https://doi.org/10.1101/2022.10.22.513328
N177Y,-0.72837,-0.78265,-0.2835651176366371,Neutral,Neutral,85.2,,,,clinvar,,False,85.2,,,,neutral,neutral,neutral,286802,Uncertain significance,1,-0.0753,2.4544,-8.8296,loss_of_function,-3.62178337085272,,,0.6279,pathogenic,https://doi.org/10.1101/2022.10.22.513328
I178N,2.79779,3.43469,2.560196932931576,Uncertain,Uncertain,7.2,,,,"literature,clinvar",,False,7.2,,,,neutral,neutral,neutral,552601,Conflicting interpretations of pathogenicity,1,-0.2418,1.6649,-8.8296,loss_of_function,-2.40510627766943,,,0.8433,pathogenic,https://doi.org/10.1101/2022.10.22.513328
S179F,-0.47861,0.28776,-0.4343091124931064,Neutral,Neutral,93.8,,,,clinvar,,False,93.8,,,,uncertain,,,642425,Uncertain significance,1,-0.0107,3.0361,-8.8296,loss_of_function,-3.07891757432179,,,0.404,ambiguous,https://doi.org/10.1101/2022.10.22.513328
P181T,1.83647,0.37721,0.3495642559402423,Neutral,Neutral,31.1,,,,clinvar,,False,31.1,,,,neutral,neutral,neutral,1747419,Uncertain significance,1,-0.1813,0.7771,-5.2416,loss_of_function,-1.04343805553762,,,0.235,benign,https://doi.org/10.1101/2022.10.22.513328
T182A,-0.1163,0.28163,0.3257386797930423,Neutral,Neutral,116.0,,,0.208,"COSMIC,clinvar",,False,116.0,,,,uncertain,,,2122708,Uncertain significance,1,0.0745,3.2542,-3.0632,gain_of_function,-0.0860256878548927,,,0.0499,benign,https://doi.org/10.1101/2022.10.22.513328
T182S,-0.16501,-0.21701,-0.0848652994371301,Neutral,Neutral,116.0,,,0.174,COSMIC,,False,116.0,,,,neutral,,,,,,0.1068,3.2542,-3.837,gain_of_function,-0.0516614731481892,,,0.0625,benign,https://doi.org/10.1101/2022.10.22.513328
P184L,0.83473,1.42857,-0.4883716566458074,Neutral,Neutral,89.6,,,,clinvar,,False,89.6,,,,neutral,neutral,neutral,502573,Conflicting interpretations of pathogenicity,1,-0.1186,1.9701,-7.232,loss_of_function,-3.46556761826415,,,0.1011,benign,https://doi.org/10.1101/2022.10.22.513328
P186L,1.81976,0.48299,-0.4625049539584869,Neutral,Neutral,34.4,,,,"literature,clinvar",,True,34.4,,,,neutral,neutral,neutral,371341,Pathogenic,2,-0.2109,1.0001,-7.8391,loss_of_function,-3.87079293664446,,,0.1318,benign,https://doi.org/10.1101/2022.10.22.513328
P186Q,1.16327,0.74796,0.2295101678981936,Neutral,Neutral,34.4,,,0.687,COSMIC,,True,34.4,,,,neutral,neutral,neutral,,,,-0.1838,1.0001,-6.5173,loss_of_function,-3.76147044786966,,,0.2035,benign,https://doi.org/10.1101/2022.10.22.513328
P187S,1.78672,0.64048,-0.0525969134426512,Neutral,Neutral,89.6,,,,clinvar,,True,89.6,,,,neutral,neutral,neutral,195087,Benign,2,-0.0135,2.4165,-4.3093,loss_of_function,-0.342262292507997,,,0.0659,benign,https://doi.org/10.1101/2022.10.22.513328
P187T,1.6187,0.63776,-0.0512570105751264,Neutral,Neutral,89.6,,,,clinvar,,True,89.6,,,,neutral,neutral,neutral,288553,Uncertain significance,1,-0.0251,2.4165,-4.189,loss_of_function,-0.432868058817761,,,0.0598,benign,https://doi.org/10.1101/2022.10.22.513328
K189N,0.24642,0.78163,0.3578941650120709,Neutral,Neutral,78.9,0.0005109687968388,2.01756627705e-05,0.192,COSMIC,,True,78.9,,,,neutral,neutral,neutral,,,,0.0545,3.3538,-5.2605,gain_of_function,-1.30732975024307,,,0.1844,benign,https://doi.org/10.1101/2022.10.22.513328
K189Q,0.02549,-0.44898,0.4489714080734397,Neutral,Neutral,78.9,0.0046494327692022,0.0001080413644081,0.178,COSMIC,,True,78.9,,,,neutral,neutral,neutral,,,,0.0829,3.3538,-3.4192,gain_of_function,-0.175696587474665,,,0.0712,benign,https://doi.org/10.1101/2022.10.22.513328
P190L,-0.23108,0.35034,-0.84814222832712,Neutral,Neutral,81.6,,,,clinvar,,True,81.6,,,,neutral,neutral,neutral,2144929,Uncertain significance,1,-0.0661,2.4632,-5.8486,loss_of_function,-2.99704499804697,,,0.0715,benign,https://doi.org/10.1101/2022.10.22.513328
P190T,0.82346,0.72449,-0.1636490857313405,Neutral,Neutral,81.6,7.53977229888e-05,6.31020991965e-05,0.615,COSMIC,,True,81.6,,,,neutral,neutral,neutral,,,,-0.0302,2.4632,-6.0413,loss_of_function,-2.26967858113237,,,0.0794,benign,https://doi.org/10.1101/2022.10.22.513328
S192R,-0.76175,0.19286,-0.5690054996746974,Neutral,Neutral,82.1,,,,clinvar,,True,82.1,,,,uncertain,,,496963,Uncertain significance,1,0.0499,3.6463,-4.8486,gain_of_function,-0.185324663700885,,,0.101,benign,https://doi.org/10.1101/2022.10.22.513328
S192T,0.03069,-0.27517,-0.2331178746989004,Neutral,Neutral,82.1,,,,clinvar,,True,82.1,,,,neutral,,,1206066,Likely benign,0,0.16,3.6463,-3.4911,gain_of_function,-0.624608267143887,,,0.0679,benign,https://doi.org/10.1101/2022.10.22.513328
P193H,0.59334,0.91837,-0.394547744822582,Neutral,Neutral,88.9,,,0.565,"cBioPortal,COSMIC",,True,88.9,,,,neutral,neutral,neutral,,,,-0.1249,2.6193,-22.1332,loss_of_function,-3.25037023038437,,,0.1409,benign,https://doi.org/10.1101/2022.10.22.513328
G197R,1.87486,1.0119,1.325647740087163,Neutral,Neutral,128.6,,0.0,0.275,COSMIC,,False,128.6,,,,neutral,neutral,neutral,,,,-0.157,2.3682,-5.5173,loss_of_function,-3.00957678919096,0.1054695659888886,Benign,0.1702,benign,https://doi.org/10.1101/2022.10.22.513328
A198P,1.45435,7.27211,5.189637490586758,Uncertain,Uncertain,15.0,,,,"literature,clinvar",,False,15.0,,,,neutral,neutral,neutral,203425,Conflicting interpretations of pathogenicity,1,-0.1401,2.7012,-7.8486,loss_of_function,-2.65797041747941,0.0091744999024491,Benign,0.5197,ambiguous,https://doi.org/10.1101/2022.10.22.513328
V200F,-0.7192,1.08844,0.4468415907060535,Neutral,Neutral,43.8,,,0.074,cBioPortal,,False,43.8,,,,neutral,neutral,neutral,,,,-0.0748,2.8805,-4.948,loss_of_function,-2.41507133107759,0.0460955196921195,Benign,0.1261,benign,https://doi.org/10.1101/2022.10.22.513328
S201G,0.99984,1.31088,0.8825462668180262,Neutral,Neutral,6.6,,,0.129,"cBioPortal,COSMIC",,False,6.6,,,,uncertain,,,,,,0.0525,2.8838,-7.1931,gain_of_function,-0.612281008008675,0.0035035851976952,Benign,0.1016,benign,https://doi.org/10.1101/2022.10.22.513328
R202C,0.76742,1.08061,2.163946202339627,Neutral,Uncertain,27.1,,,,"literature,clinvar",,False,27.1,,,,neutral,neutral,neutral,496912,Uncertain significance,2,-0.298,1.3069,-22.1395,loss_of_function,-4.79858735848314,0.6514499089478353,Uncertain,0.3282,benign,https://doi.org/10.1101/2022.10.22.513328
R202H,1.01121,1.10034,1.259814538441164,Neutral,Neutral,27.1,,,,clinvar,,False,27.1,,,,neutral,neutral,neutral,1173966,Conflicting interpretations of pathogenicity,1,-0.183,1.3069,-7.2667,loss_of_function,-2.50551331059986,0.0145614866750545,Benign,0.0883,benign,https://doi.org/10.1101/2022.10.22.513328
L204F,6.99451,1.91156,1.5366107707350525,Uncertain,Uncertain,0.0,,,,clinvar,,False,0.0,,,,neutral,neutral,neutral,879895,Uncertain significance,2,-0.3316,0.2273,-22.155,loss_of_function,-4.02924845858601,0.8198099402843283,Pathogenic,0.6998,pathogenic,https://doi.org/10.1101/2022.10.22.513328
L204H,5.09683,4.05816,3.0456083548976145,Destabilizing,Destabilizing,0.0,,,,clinvar,,False,0.0,,,,neutral,neutral,neutral,1479787,Likely pathogenic,1,-0.4405,0.2273,-22.155,loss_of_function,-4.62529873033463,0.8789819489691376,Pathogenic,0.988,pathogenic,https://doi.org/10.1101/2022.10.22.513328
T207N,1.79379,1.37721,0.5250041917271794,Neutral,Neutral,0.8,,,,clinvar,,False,0.8,,,,uncertain,,,992683,Likely pathogenic,1,-0.1891,1.2602,-7.8641,loss_of_function,-5.71873063868228,0.5484602968725582,Uncertain,0.8671,pathogenic,https://doi.org/10.1101/2022.10.22.513328
L209P,2.05181,3.76769,6.59421678832167,Uncertain,Uncertain,1.8,,,0.846,COSMIC,,False,1.8,,,,neutral,neutral,neutral,,,,-0.2328,2.0834,-6.8642,loss_of_function,-3.7343833605693,0.0074601376908933,Benign,0.8038,pathogenic,https://doi.org/10.1101/2022.10.22.513328
W211R,3.28107,3.21327,5.185341939462265,Destabilizing,Destabilizing,7.6,,,,"literature,clinvar",,False,7.6,,,,neutral,neutral,neutral,2136982,Likely pathogenic,2,-0.262,2.5019,-8.864,loss_of_function,-6.13832495713018,0.7676562854951584,Pathogenic,0.9467,pathogenic,https://doi.org/10.1101/2022.10.22.513328
D212G,1.19949,1.28707,1.87136487545318,Neutral,Neutral,2.0,,,0.876,"cBioPortal,COSMIC",,False,2.0,,,,neutral,neutral,neutral,,,,-0.3574,0.0222,-22.1519,loss_of_function,-7.93638553048376,0.8691469145440018,Pathogenic,0.971,pathogenic,https://doi.org/10.1101/2022.10.22.513328
D212H,3.33855,1.43639,1.0311346246138922,Uncertain,Uncertain,2.0,,,,clinvar,,False,2.0,,,,neutral,neutral,neutral,992686,Likely pathogenic,1,-0.3555,0.0222,-22.1519,loss_of_function,-7.93638553048376,0.8814078877425496,Pathogenic,0.9879,pathogenic,https://doi.org/10.1101/2022.10.22.513328
L216P,10.41574,6.73571,5.466873007721992,Destabilizing,Destabilizing,56.4,,,0.585,COSMIC,,True,56.4,,,,neutral,neutral,neutral,,,,-0.1927,3.3667,-22.1581,loss_of_function,-3.3303751437038,0.1771884305685677,Benign,0.6303,pathogenic,https://doi.org/10.1101/2022.10.22.513328
L216R,-0.06495,0.24864,0.6573967391343363,Neutral,Neutral,56.4,,,,"literature,clinvar",,True,56.4,,,,neutral,neutral,neutral,1173967,Pathogenic,1,-0.1085,3.3667,-6.2854,loss_of_function,-1.32027915465106,0.0002016616249512,Benign,0.0609,benign,https://doi.org/10.1101/2022.10.22.513328
G218V,4.29178,4.68571,1.934925902381045,Destabilizing,Uncertain,88.6,,,0.61,COSMIC,,True,88.6,,,,neutral,neutral,neutral,,,,-0.4342,0.3899,-22.1612,loss_of_function,-5.92408797463996,0.8137213550144268,Pathogenic,0.722,pathogenic,https://doi.org/10.1101/2022.10.22.513328
T219M,-1.18138,-0.96803,-0.0751395304497076,Neutral,Neutral,9.5,,1.22151826577e-05,0.065,"cBioPortal,COSMIC,clinvar",,True,9.5,,,,uncertain,,,500955,Uncertain significance,1,-0.1185,1.7893,-5.7035,loss_of_function,-0.763712653922239,0.0017002113536792,Benign,0.0875,benign,https://doi.org/10.1101/2022.10.22.513328
P221T,4.99684,1.02483,0.1066401633536234,Uncertain,Uncertain,15.7,,,,clinvar,,True,15.7,,,,neutral,neutral,neutral,1443653,Uncertain significance,1,-0.1237,1.4053,-5.2915,loss_of_function,-1.68820412452922,0.0006846872229061,Benign,0.1304,benign,https://doi.org/10.1101/2022.10.22.513328
C223G,1.74276,0.0,1.2635441824804587,Neutral,Neutral,7.7,,,,clinvar,,True,7.7,,,,neutral,neutral,neutral,992687,Likely pathogenic,1,-0.4806,0.0439,-22.1673,loss_of_function,-7.72712890850795,,,0.9029,pathogenic,https://doi.org/10.1101/2022.10.22.513328
C223S,1.55669,0.0,0.5014873067908684,Neutral,Neutral,7.7,,,,clinvar,,True,7.7,,,,neutral,neutral,neutral,1173968,Pathogenic,1,-0.4111,0.0439,-8.8794,loss_of_function,-4.30148260797754,,,0.9784,pathogenic,https://doi.org/10.1101/2022.10.22.513328
C223Y,3.5557,0.0,-0.2452829108887438,Uncertain,Uncertain,7.7,,,,clinvar,,True,7.7,,,,neutral,neutral,neutral,1684031,Pathogenic,1,-0.4236,0.0439,-8.8794,loss_of_function,-7.72712890850795,,,0.9755,pathogenic,https://doi.org/10.1101/2022.10.22.513328
L227M,1.59423,2.8966,1.6241883172177558,Uncertain,Neutral,0.0,,,,literature,,False,0.0,,,,neutral,neutral,neutral,,,,-0.12,1.2146,-5.5607,loss_of_function,-2.82543439244973,0.0786465466218886,Benign,0.4048,ambiguous,https://doi.org/10.1101/2022.10.22.513328
L227P,5.03954,10.26463,6.5747220294638105,Destabilizing,Destabilizing,0.0,,,,"literature,clinvar",,False,0.0,,,,neutral,neutral,neutral,553073,Conflicting interpretations of pathogenicity,1,-0.3908,1.2146,-22.1704,loss_of_function,-5.04144062737349,0.7115055462748656,Pathogenic,0.8983,pathogenic,https://doi.org/10.1101/2022.10.22.513328
C228G,1.37098,0.0,1.9718492776403,Neutral,Neutral,0.0,,,,"literature,clinvar",,False,0.0,,,,neutral,neutral,neutral,917750,Uncertain significance,0,-0.4128,0.0438,-8.8825,loss_of_function,-7.83341490015352,0.8801720107504529,Pathogenic,0.9442,pathogenic,https://doi.org/10.1101/2022.10.22.513328
C228R,12.74986,0.0,0.7830663516853881,Uncertain,Uncertain,0.0,,,,clinvar,,False,0.0,,,,neutral,neutral,neutral,631662,Uncertain significance,1,-0.5404,0.0438,-22.1704,loss_of_function,-7.83341490015352,0.875208928174557,Pathogenic,0.9781,pathogenic,https://doi.org/10.1101/2022.10.22.513328
C229F,22.52026,0.0,1.1596474865268935,Uncertain,Uncertain,0.0,,,,clinvar,,False,0.0,,,,neutral,neutral,neutral,558825,Uncertain significance,0,-0.4821,0.0438,-22.1704,loss_of_function,-5.96276428936754,0.8435817958062006,Pathogenic,0.9844,pathogenic,https://doi.org/10.1101/2022.10.22.513328
R230C,3.54107,1.31327,1.7828893253408125,Uncertain,Uncertain,3.6,,4.0547554172e-06,0.934,"cBioPortal,COSMIC,clinvar",,False,3.6,,,,neutral,neutral,neutral,370432,Pathogenic/Likely pathogenic,2,-0.3565,0.6723,-22.1734,loss_of_function,-4.98974271806341,0.8702638701840394,Pathogenic,0.6181,pathogenic,https://doi.org/10.1101/2022.10.22.513328
R230H,4.24787,2.15544,1.146394078054147,Uncertain,Uncertain,3.6,0.0007646721468171,0.0002026753141467,0.892,"cBioPortal,COSMIC,clinvar",,False,3.6,,,,neutral,neutral,neutral,288072,Conflicting interpretations of pathogenicity,1,-0.2265,0.6723,-4.3621,loss_of_function,-3.73248976110971,0.0173547669308767,Benign,0.2076,benign,https://doi.org/10.1101/2022.10.22.513328
R230S,3.72436,2.01122,1.8594969755783968,Uncertain,Uncertain,3.6,,,,clinvar,,False,3.6,,,,neutral,neutral,neutral,2163567,Likely pathogenic,1,-0.2804,0.6723,-8.8856,loss_of_function,-4.11126397061351,0.4930177968468879,Uncertain,0.9214,pathogenic,https://doi.org/10.1101/2022.10.22.513328
R231Q,0.50927,0.66293,0.7272564222068506,Neutral,Neutral,84.2,,,,clinvar,,False,84.2,,,,neutral,neutral,neutral,1163921,Uncertain significance,2,0.038,3.5979,-4.2966,gain_of_function,0.0482049987275666,3.06918725770938e-05,Benign,0.0604,benign,https://doi.org/10.1101/2022.10.22.513328
R231W,0.31402,0.61224,-0.1249266867610593,Neutral,Neutral,84.2,,,,clinvar,,False,84.2,,,,neutral,neutral,neutral,1988496,Uncertain significance,1,-0.0959,3.5979,-22.1079,loss_of_function,-1.98066917312294,0.0062533143286569,Benign,0.097,benign,https://doi.org/10.1101/2022.10.22.513328
G232A,2.35836,1.62653,2.1195250011012847,Uncertain,Uncertain,107.1,,,,clinvar,,False,107.1,,,,neutral,neutral,neutral,992128,Uncertain significance,0,0.0097,3.291,-4.4919,gain_of_function,-0.546379803034617,0.0001537414368333,Benign,0.1014,benign,https://doi.org/10.1101/2022.10.22.513328
S233C,3.45095,-0.38605,-0.3439568747623422,Uncertain,Uncertain,1.0,,,0.184,cBioPortal,P,False,1.0,17.726,,,uncertain,neutral,uncertain,,,,-0.1186,2.3006,-22.1079,loss_of_function,-3.11470234523453,0.5425819054412034,Uncertain,0.3904,ambiguous,https://doi.org/10.1101/2022.10.22.513328
S233F,42.95474,3.6449,-0.1956571875707563,Destabilizing,Uncertain,1.0,,,,clinvar,P,False,1.0,17.726,,,uncertain,neutral,uncertain,838902,Conflicting interpretations of pathogenicity,1,-0.0784,2.3006,-8.82,loss_of_function,-3.57067329314731,0.0716866321704911,Benign,0.4006,ambiguous,https://doi.org/10.1101/2022.10.22.513328
G234D,2.4308,2.22925,1.2742510556472764,Uncertain,Uncertain,113.4,,,,literature,,False,113.4,,,,neutral,neutral,neutral,,,,-0.185,1.9126,-5.9773,loss_of_function,-2.53364841449282,,,0.1502,benign,https://doi.org/10.1101/2022.10.22.513328
P236L,5.79281,2.01361,-0.0775860660011529,Uncertain,Uncertain,11.0,,8.0971004283e-06,0.204,"cBioPortal,COSMIC",,False,11.0,,,,neutral,neutral,neutral,,,,-0.0913,2.2425,-6.7944,loss_of_function,-2.8513650682442,,,0.139,benign,https://doi.org/10.1101/2022.10.22.513328
A238T,0.26887,0.22993,0.0774865362349508,Neutral,Neutral,116.6,,1.61744249992e-05,0.007,"cBioPortal,clinvar",,False,116.6,,,,neutral,neutral,neutral,1054223,Uncertain significance,1,0.1228,3.645,-2.9053,gain_of_function,-0.122465807755488,1.8420154745940616e-06,Benign,0.0697,benign,https://doi.org/10.1101/2022.10.22.513328
R240Q,0.54836,0.11905,0.770954665515984,Neutral,Neutral,61.7,,,,clinvar,,False,61.7,,,,neutral,neutral,neutral,459634,Benign/Likely benign,2,0.0262,3.4198,-3.3986,gain_of_function,0.0172898750671732,9.19213173204486e-06,Benign,0.0684,benign,https://doi.org/10.1101/2022.10.22.513328
G242D,6.1072,3.26293,3.58223027494091,Destabilizing,Destabilizing,2.2,,,,clinvar,,False,2.2,,,,neutral,neutral,neutral,1173969,Likely pathogenic,1,-0.1185,2.7935,-8.8296,loss_of_function,-2.86473810690261,0.0648458086075696,Benign,0.4572,ambiguous,https://doi.org/10.1101/2022.10.22.513328
A243V,5.12706,3.80272,0.5397632772184036,Destabilizing,Uncertain,0.0,,0.0,0.522,"cBioPortal,literature",,False,0.0,,,,neutral,neutral,neutral,,,,-0.2857,0.2418,-22.1765,loss_of_function,-6.8285801075841,0.7808009916593249,Pathogenic,0.6882,pathogenic,https://doi.org/10.1101/2022.10.22.513328
G244A,2.55448,1.26395,2.083008662740625,Uncertain,Uncertain,38.5,,,,clinvar,,False,38.5,,,,neutral,neutral,neutral,1524692,Likely pathogenic,1,-0.2746,0.3576,-7.3037,loss_of_function,-3.80258746317423,0.3070331848479841,Benign,0.3265,benign,https://doi.org/10.1101/2022.10.22.513328
G244R,4.69238,1.17245,1.7212446150475904,Uncertain,Uncertain,38.5,6.37145587767e-05,2.82071533341e-05,0.732,"cBioPortal,COSMIC,literature,clinvar",,False,38.5,,,,neutral,neutral,neutral,2987,Conflicting interpretations of pathogenicity,1,-0.3511,0.3576,-7.3037,loss_of_function,-4.85767664745791,0.4466101112974134,Uncertain,0.4572,ambiguous,https://doi.org/10.1101/2022.10.22.513328
Y245H,0.96399,0.55714,0.8662439763624291,Neutral,Neutral,52.8,9.55657492355e-05,2.8168560667e-05,0.012,"cBioPortal,clinvar",,False,52.8,,,,uncertain,,,291201,Uncertain significance,2,-0.0414,2.48,-4.5699,loss_of_function,-0.23302224271185,0.0001030278299761,Benign,0.1271,benign,https://doi.org/10.1101/2022.10.22.513328
Y245S,1.35314,1.12109,1.6543499754781958,Neutral,Neutral,52.8,,,,clinvar,,False,52.8,,,,uncertain,,,877959,Uncertain significance,1,-0.2283,2.48,-22.1795,loss_of_function,-2.27605924135855,0.0503966106613323,Benign,0.1974,benign,https://doi.org/10.1101/2022.10.22.513328
G247D,11.0339,5.75102,8.71570984522438,Destabilizing,Destabilizing,0.0,,,,"literature,clinvar",,False,0.0,,,,neutral,neutral,neutral,813476,Likely pathogenic,1,-0.4397,0.0434,-22.1886,loss_of_function,-8.20941025576315,0.8812265115963411,Pathogenic,0.9813,pathogenic,https://doi.org/10.1101/2022.10.22.513328
G247S,4.50065,2.89694,4.801703286414883,Uncertain,Destabilizing,0.0,,,,clinvar,,False,0.0,,,,neutral,neutral,neutral,100731,Pathogenic/Likely pathogenic,2,-0.3853,0.0434,-22.1886,loss_of_function,-5.39075813428147,0.4289893115838514,Uncertain,0.8086,pathogenic,https://doi.org/10.1101/2022.10.22.513328
E248D,2.91703,-0.58673,0.2401340217880454,Uncertain,Uncertain,22.8,,,0.419,"cBioPortal,COSMIC",,False,22.8,,,,neutral,neutral,neutral,,,,0.0333,2.3084,-1.2144,gain_of_function,-1.70553331203483,4.260257121177943e-07,Benign,0.219,benign,https://doi.org/10.1101/2022.10.22.513328
E248K,1.45653,1.3415,0.1691351935140245,Neutral,Neutral,22.8,3.18593092902e-05,0.0,0.659,"cBioPortal,COSMIC,literature,clinvar",,False,22.8,,,,neutral,neutral,neutral,496823,Conflicting interpretations of pathogenicity,1,-0.13,2.3084,-22.1886,loss_of_function,-5.48610574360959,0.2887781695368744,Benign,0.3388,benign,https://doi.org/10.1101/2022.10.22.513328
E248Q,0.97522,-0.36973,0.1220294896844959,Neutral,Neutral,22.8,,,,"literature,clinvar",,False,22.8,,,,neutral,neutral,neutral,1452305,Pathogenic,1,-0.0805,2.3084,-22.1886,loss_of_function,-3.04444148910456,0.0904936521217193,Benign,0.1486,benign,https://doi.org/10.1101/2022.10.22.513328
S250R,0.48801,0.56667,-0.0848510079353892,Neutral,Neutral,24.6,,,,"literature,clinvar",,False,24.6,,,,uncertain,,,"553926, 371576","Likely pathogenic, Pathogenic/Likely pathogenic","1, 2",-0.041,2.468,-1.4245,loss_of_function,-1.37394724435163,,,0.5817,pathogenic,https://doi.org/10.1101/2022.10.22.513328
K251R,0.25329,-0.4432,0.2155582833998759,Neutral,Neutral,31.0,,,0.748,cBioPortal,,False,31.0,,,,neutral,neutral,neutral,,,,0.0498,2.3476,-4.6193,gain_of_function,-1.1415410101586,0.0046193428466217,Benign,0.0878,benign,https://doi.org/10.1101/2022.10.22.513328
C252R,20.7843,0.0,4.530226323050175,Uncertain,Destabilizing,0.0,,,,clinvar,,False,0.0,,,,neutral,neutral,neutral,992688,Likely pathogenic,1,-0.5425,0.0217,-22.1886,loss_of_function,-8.27502910791284,0.8808698585549275,Pathogenic,0.9907,pathogenic,https://doi.org/10.1101/2022.10.22.513328
D253E,4.4355,3.09626,4.406534698629434,Destabilizing,Destabilizing,0.0,,,,clinvar,,False,0.0,,,,neutral,neutral,neutral,997803,Pathogenic,1,-0.2843,0.0983,-22.1886,loss_of_function,-3.91784607217427,0.8539468640255126,Pathogenic,0.9848,pathogenic,https://doi.org/10.1101/2022.10.22.513328
D253H,8.77274,3.82993,5.214025406363733,Destabilizing,Destabilizing,0.0,,,,clinvar,,False,0.0,,,,neutral,neutral,neutral,93320,Pathogenic/Likely pathogenic,2,-0.3487,0.0983,-22.1886,loss_of_function,-8.27071294640502,0.8615565493342172,Pathogenic,0.9865,pathogenic,https://doi.org/10.1101/2022.10.22.513328
P255S,4.0418,2.61633,1.0237648070713914,Uncertain,Uncertain,4.8,,,,literature,,False,4.8,,,,neutral,neutral,neutral,,,,-0.2385,0.1709,-7.9008,loss_of_function,-5.81538148189613,0.1486664687826638,Benign,0.7648,pathogenic,https://doi.org/10.1101/2022.10.22.513328
L256P,1.25497,0.88946,5.834209167090704,Neutral,Uncertain,35.9,,,,clinvar,,False,35.9,,,,neutral,neutral,neutral,2139959,Uncertain significance,1,-0.1596,2.7802,-5.0935,loss_of_function,-2.82376014349231,0.0196053722985585,Benign,0.3255,benign,https://doi.org/10.1101/2022.10.22.513328
R257W,1.77515,0.04388,0.5181312713212427,Neutral,Neutral,29.2,,,0.474,"cBioPortal,COSMIC",,False,29.2,,,,neutral,neutral,neutral,,,,-0.114,2.33,-2.7923,loss_of_function,-1.27908829847524,8.848514486926371e-05,Benign,0.103,benign,https://doi.org/10.1101/2022.10.22.513328
T258I,1.61199,2.70884,-0.8107586584387483,Uncertain,Neutral,0.0,,,,literature,,False,0.0,,,,uncertain,,,,,,-0.193,0.8968,-7.9008,loss_of_function,-3.36806521847306,0.5039250742260107,Uncertain,0.7462,pathogenic,https://doi.org/10.1101/2022.10.22.513328
T258P,4.88646,9.54558,6.970553465723204,Destabilizing,Destabilizing,0.0,,,,clinvar,,False,0.0,,,,uncertain,,,195084,Uncertain significance,1,-0.4043,0.8968,-22.1886,loss_of_function,-7.1500928259131,0.8241441438392076,Pathogenic,0.8172,pathogenic,https://doi.org/10.1101/2022.10.22.513328
L259V,1.52991,0.76565,1.5588060625166211,Neutral,Neutral,1.1,,,0.382,"cBioPortal,COSMIC",,False,1.1,,,,neutral,neutral,neutral,,,,-0.0272,2.1387,-1.483,loss_of_function,-1.16843272708326,1.2831668837862108e-07,Benign,0.0875,benign,https://doi.org/10.1101/2022.10.22.513328
E260Q,0.27147,0.22313,0.4599433296608674,Neutral,Neutral,55.4,,,0.748,"cBioPortal,COSMIC",,False,55.4,,,,neutral,neutral,neutral,,,,-0.0129,2.1221,-5.5789,loss_of_function,-1.35894288630262,0.0025582298020026,Benign,0.0897,benign,https://doi.org/10.1101/2022.10.22.513328
L263F,2.2467,0.37517,0.1888359944825285,Uncertain,Uncertain,1.3,,,0.722,"cBioPortal,COSMIC",,False,1.3,,,,neutral,neutral,neutral,,,,-0.138,1.2838,-3.254,loss_of_function,-2.50913889361631,0.003367801446937,Benign,0.1437,benign,https://doi.org/10.1101/2022.10.22.513328
S264N,0.70383,0.31224,-0.1515908328239484,Neutral,Neutral,57.1,,,0.171,cBioPortal,,False,57.1,,,,uncertain,,,,,,0.0424,2.768,-4.5055,gain_of_function,-1.20466821609325,4.4435041330901645e-06,Benign,0.0884,benign,https://doi.org/10.1101/2022.10.22.513328
L266P,5.752,10.6966,7.487719135268544,Destabilizing,Destabilizing,6.7,,,,clinvar,,False,6.7,,,,neutral,neutral,neutral,992689,Likely pathogenic,1,-0.3304,1.8722,-22.1825,loss_of_function,-5.58704464507495,0.7124801734840149,Pathogenic,0.3815,ambiguous,https://doi.org/10.1101/2022.10.22.513328
L266V,2.88823,2.91088,2.1679066458331007,Uncertain,Uncertain,6.7,,,,clinvar,,False,6.7,,,,neutral,neutral,neutral,2056572,Uncertain significance,1,-0.0617,1.8722,-3.4354,loss_of_function,-0.182206998514633,6.903559035627995e-05,Benign,0.1078,benign,https://doi.org/10.1101/2022.10.22.513328
A269P,-0.42826,6.28571,5.504516919832698,Uncertain,Uncertain,3.0,,,0.474,"cBioPortal,COSMIC",,False,3.0,,,,neutral,neutral,neutral,,,,-0.1781,3.0821,-22.1765,loss_of_function,-3.05764194514442,0.1988307190992259,Benign,0.1765,benign,https://doi.org/10.1101/2022.10.22.513328
G270C,1.84965,4.92075,0.1831733945442809,Uncertain,Neutral,10.8,,,0.743,cBioPortal,,False,10.8,,,,neutral,neutral,neutral,,,,-0.1694,2.9745,-22.1704,loss_of_function,-3.37199282863199,0.4982335933633355,Uncertain,0.4149,ambiguous,https://doi.org/10.1101/2022.10.22.513328
G270S,0.83702,2.45578,-0.1343850035839033,Uncertain,Neutral,10.8,6.37551801084e-05,0.0002278049989209,0.612,"cBioPortal,clinvar",,False,10.8,,,,neutral,neutral,neutral,305199,Conflicting interpretations of pathogenicity,1,-0.022,2.9745,-3.8383,loss_of_function,-1.17943312306404,0.0065244360684102,Benign,0.1432,benign,https://doi.org/10.1101/2022.10.22.513328
M274V,2.46904,0.26735,1.0017652544144855,Uncertain,Uncertain,8.3,,,,clinvar,,False,8.3,,,,neutral,neutral,neutral,1378173,Uncertain significance,2,-0.055,2.2797,-5.3339,loss_of_function,-2.18040036174451,1.6552697113242857e-06,Benign,0.0818,benign,https://doi.org/10.1101/2022.10.22.513328
V275L,-0.46038,3.38912,0.4250108821844717,Uncertain,Neutral,0.0,,,,clinvar,,False,0.0,,,,neutral,neutral,neutral,992129,Uncertain significance,1,-0.2172,1.4592,-22.2096,loss_of_function,-2.71759877682287,0.0219433571958298,Benign,0.4943,ambiguous,https://doi.org/10.1101/2022.10.22.513328
Y276C,4.91916,3.54592,5.135477013168925,Destabilizing,Destabilizing,0.3,,,,clinvar,,True,0.3,,,,uncertain,,,992690,Likely pathogenic,1,-0.2429,1.953,-22.2096,loss_of_function,-5.81577720499837,0.834444762930219,Pathogenic,0.7025,pathogenic,https://doi.org/10.1101/2022.10.22.513328
Y276H,4.50148,2.75748,3.2042624457384155,Uncertain,Destabilizing,0.3,,,,clinvar,,True,0.3,,,,uncertain,,,498329,Uncertain significance,1,-0.1799,1.953,-22.2096,loss_of_function,-4.06716979979396,0.8409310529925555,Pathogenic,0.9475,pathogenic,https://doi.org/10.1101/2022.10.22.513328
W277R,3.50709,3.59354,4.996683645753868,Destabilizing,Destabilizing,1.0,,,,literature,,True,1.0,,,,neutral,neutral,neutral,,,,-0.4418,1.2874,-22.2096,loss_of_function,-6.38502858162422,0.8349003333704808,Pathogenic,0.992,pathogenic,https://doi.org/10.1101/2022.10.22.513328
T278I,3.49846,0.5085,-0.1217811174043326,Uncertain,Uncertain,0.0,,,,clinvar,,True,0.0,,,,uncertain,,,2114769,Uncertain significance,1,-0.3035,0.4897,-22.2096,loss_of_function,-6.18517656296913,0.5614573519668817,Uncertain,0.9458,pathogenic,https://doi.org/10.1101/2022.10.22.513328
G279E,33.83408,15.22687,2.7461557258614087,Destabilizing,Uncertain,5.3,,,,clinvar,,True,5.3,,,,neutral,neutral,neutral,167711,Uncertain significance,1,-0.4431,0.0001,-22.2096,loss_of_function,-8.31522300514913,0.8794850240806458,Pathogenic,0.9931,pathogenic,https://doi.org/10.1101/2022.10.22.513328
D280A,2.67453,7.81327,0.6371664071951383,Uncertain,Uncertain,1.9,,,,"literature,clinvar",,True,1.9,,,,neutral,neutral,neutral,1076908,Pathogenic,1,-0.3485,0.0001,-22.2096,loss_of_function,-8.29613835246643,0.8804270355789336,Pathogenic,0.9961,pathogenic,https://doi.org/10.1101/2022.10.22.513328
D280E,4.46259,2.51803,0.7716688802997423,Uncertain,Uncertain,1.9,,,,clinvar,,True,1.9,,,,neutral,neutral,neutral,1505419,Likely pathogenic,1,-0.2935,0.0001,-22.2096,loss_of_function,-4.97980058912326,0.8814106492674401,Pathogenic,0.9958,pathogenic,https://doi.org/10.1101/2022.10.22.513328
I281V,1.39391,0.68673,1.3108792210001623,Neutral,Neutral,2.2,,,0.517,"cBioPortal,COSMIC",,True,2.2,,,,neutral,neutral,neutral,,,,-0.0168,1.819,-5.1115,loss_of_function,-2.34408992725592,0.0152953513727378,Benign,0.3034,benign,https://doi.org/10.1101/2022.10.22.513328
P282F,10.63934,1.31871,-0.3153065836815422,Uncertain,Uncertain,4.0,,,,literature,,True,4.0,,,,neutral,neutral,neutral,,,,-0.2543,1.4597,-22.2096,loss_of_function,-6.81079786122775,0.7902514654423317,Pathogenic,0.9864,pathogenic,https://doi.org/10.1101/2022.10.22.513328
P282H,14.47754,0.12279,0.163295523251688,Uncertain,Uncertain,4.0,,,0.769,cBioPortal,,True,4.0,,,,neutral,neutral,neutral,,,,-0.2319,1.4597,-22.2096,loss_of_function,-6.81079786122775,0.8629375102048114,Pathogenic,0.9502,pathogenic,https://doi.org/10.1101/2022.10.22.513328
P282S,3.36388,-2.14932,0.9542498325552896,Uncertain,Uncertain,4.0,,,0.695,cBioPortal,,True,4.0,,,,neutral,neutral,neutral,,,,-0.12,1.4597,-7.9218,loss_of_function,-3.52087668803725,0.4082837669315031,Uncertain,0.7083,pathogenic,https://doi.org/10.1101/2022.10.22.513328
A283P,-1.29569,0.83878,4.709712758633421,Neutral,Uncertain,2.1,,,0.63,cBioPortal,,False,2.1,,,,neutral,neutral,neutral,,,,-0.2095,1.5838,-1.3145,loss_of_function,-2.17529353150217,0.0009027058493763,Benign,0.1857,benign,https://doi.org/10.1101/2022.10.22.513328
A283T,4.88908,2.38571,1.2850032650048933,Uncertain,Uncertain,2.1,,1.98997054844e-05,0.688,"cBioPortal,COSMIC,literature,clinvar",,False,2.1,,,,neutral,neutral,neutral,813478,Pathogenic,2,-0.1654,1.5838,-22.2096,loss_of_function,-3.30803204696785,0.6131897824379862,Uncertain,0.6594,pathogenic,https://doi.org/10.1101/2022.10.22.513328
V286F,0.26969,2.11803,-0.0257503444759182,Uncertain,Neutral,21.8,,,0.489,COSMIC,,False,21.8,,,,neutral,neutral,neutral,,,,-0.2707,1.7095,-22.2096,loss_of_function,-3.45860965227136,0.3739475908438076,Uncertain,0.4753,ambiguous,https://doi.org/10.1101/2022.10.22.513328
V286I,-0.69461,-0.3051,-0.4702570861989807,Neutral,Neutral,21.8,,,,clinvar,,False,21.8,,,,neutral,neutral,neutral,1311866,Uncertain significance,1,-0.0244,1.7095,-1.7027,loss_of_function,-0.177648371258307,5.98282643418045e-06,Benign,0.0716,benign,https://doi.org/10.1101/2022.10.22.513328
W287C,3.26826,3.79864,5.088220348635025,Destabilizing,Destabilizing,9.7,,,,clinvar,,False,9.7,,,,neutral,neutral,neutral,992130,Uncertain significance,0,-0.5048,0.0814,-22.2096,loss_of_function,-5.5409616679176,0.8745210911827727,Pathogenic,0.9895,pathogenic,https://doi.org/10.1101/2022.10.22.513328
H288Y,-0.29568,-0.14116,-0.1695072092093108,Neutral,Neutral,53.0,,,0.267,cBioPortal,,True,53.0,,,,neutral,neutral,neutral,,,,-0.012,2.7897,-22.2125,loss_of_function,-2.30747570386295,0.0009978522251573,Benign,0.1253,benign,https://doi.org/10.1101/2022.10.22.513328
T290N,-0.75459,0.90782,0.3348068798399556,Neutral,Neutral,74.8,,3.9779779143e-06,0.523,"cBioPortal,COSMIC",,True,74.8,,,,uncertain,,,,,,-0.1742,1.3248,-6.1174,loss_of_function,-2.79021706545278,0.0189401652260132,Benign,0.106,benign,https://doi.org/10.1101/2022.10.22.513328
T290S,-0.91756,0.30204,0.553629510776884,Neutral,Neutral,74.8,,,0.26,"cBioPortal,COSMIC",,True,74.8,,,,neutral,,,,,,-0.0599,1.3248,-1.7154,loss_of_function,-0.175211503018741,7.80890413377863e-06,Benign,0.0663,benign,https://doi.org/10.1101/2022.10.22.513328
R291C,0.87679,1.12755,1.5666986418654885,Neutral,Neutral,36.0,6.37186185803e-05,1.19333640949e-05,0.709,"cBioPortal,COSMIC",,True,36.0,,,,neutral,neutral,neutral,,,,-0.2815,1.4896,-22.2155,loss_of_function,-4.1923553792242,0.86688390803846,Pathogenic,0.6026,pathogenic,https://doi.org/10.1101/2022.10.22.513328
R291H,1.10379,0.79592,0.6424467051002877,Neutral,Neutral,36.0,0.0015610066900287,0.0010977646965237,0.748,"cBioPortal,COSMIC,literature,clinvar",,True,36.0,,,,neutral,neutral,neutral,195085,Conflicting interpretations of pathogenicity,1,-0.1593,1.4896,-5.9278,loss_of_function,-3.12703819906401,0.1330311598069097,Benign,0.232,benign,https://doi.org/10.1101/2022.10.22.513328
R291L,-0.27374,1.49592,-0.0988213520844277,Neutral,Neutral,36.0,,,0.704,cBioPortal,,True,36.0,,,,neutral,neutral,neutral,,,,-0.2751,1.4896,-22.2155,loss_of_function,-3.56915817778794,0.6457864576464194,Uncertain,0.624,pathogenic,https://doi.org/10.1101/2022.10.22.513328
R291S,1.27096,1.48639,1.5147994540698388,Neutral,Neutral,36.0,,,0.625,"cBioPortal,COSMIC",,True,36.0,,,,neutral,neutral,neutral,,,,-0.2054,1.4896,-8.9276,loss_of_function,-2.58714417395558,0.6632111757062847,Uncertain,0.8589,pathogenic,https://doi.org/10.1101/2022.10.22.513328
Q292K,0.2915,-0.11837,-0.3933937059547776,Neutral,Neutral,99.6,,,,clinvar,,True,99.6,,,,neutral,neutral,neutral,203426,not provided,0,0.0344,2.9599,-3.5999,gain_of_function,-0.392301933760999,7.712415186649971e-05,Benign,0.0757,benign,https://doi.org/10.1101/2022.10.22.513328
Q294K,2.41085,0.65306,1.8013920076055951,Uncertain,Uncertain,1.7,,,,"literature,clinvar",,True,1.7,,,,neutral,neutral,neutral,2994,Pathogenic,2,-0.1561,1.9215,-22.2155,loss_of_function,-4.33985605645733,0.63493115072896,Uncertain,0.7862,pathogenic,https://doi.org/10.1101/2022.10.22.513328
Q294R,5.1783,0.03265,0.783246265223085,Uncertain,Uncertain,1.7,,,,clinvar,,True,1.7,,,,neutral,neutral,neutral,992691,Likely pathogenic,1,-0.1547,1.9215,-22.2155,loss_of_function,-5.31266113990224,0.6145741066572061,Uncertain,0.7003,pathogenic,https://doi.org/10.1101/2022.10.22.513328
R296Q,0.11145,-0.72075,1.162349615467183,Neutral,Neutral,44.1,0.0119875023911241,0.0035794112266245,0.194,"COSMIC,clinvar",,True,44.1,,,,neutral,neutral,neutral,195091,Conflicting interpretations of pathogenicity,1,0.0524,3.7712,-4.5999,gain_of_function,-0.0180430478139585,8.510587207212542e-06,Benign,0.0686,benign,https://doi.org/10.1101/2022.10.22.513328
R296W,0.49103,-1.03401,0.0072809794351824,Neutral,Neutral,44.1,,7.9545635331e-06,0.494,"cBioPortal,COSMIC,clinvar",,True,44.1,,,,neutral,neutral,neutral,594872,Uncertain significance,1,-0.0804,3.7712,-22.2096,loss_of_function,-2.09608738071416,0.0163960021939913,Benign,0.0913,benign,https://doi.org/10.1101/2022.10.22.513328
A297V,2.0221,-0.97959,0.393497734976439,Uncertain,Uncertain,7.4,,,,clinvar,,True,7.4,,,,neutral,neutral,neutral,2197736,Uncertain significance,1,0.0743,3.0753,-2.7183,gain_of_function,-1.13177830814736,0.0006708829838775,Benign,0.2467,benign,https://doi.org/10.1101/2022.10.22.513328
L298P,8.28172,8.87313,7.546959066202361,Destabilizing,Destabilizing,0.9,,,,clinvar,,True,0.9,,,,neutral,neutral,neutral,992692,Likely pathogenic,1,-0.3462,1.7019,-22.2155,loss_of_function,-6.6337252911012,0.8082409172617895,Pathogenic,0.9849,pathogenic,https://doi.org/10.1101/2022.10.22.513328
T299N,-0.46155,0.53537,0.4795973088567112,Neutral,Neutral,62.6,,1.1930137117e-05,0.227,cBioPortal,,True,62.6,,,,uncertain,,,,,,0.0199,3.2804,-3.3428,gain_of_function,-0.137983417444448,3.80776377195998e-06,Benign,0.0577,benign,https://doi.org/10.1101/2022.10.22.513328
T300I,-1.06361,-0.4966,-1.0168100140223513,Neutral,Neutral,39.0,,,,"cBioPortal,COSMIC",,True,39.0,,,,uncertain,,,,,,0.0255,3.1446,-5.6058,gain_of_function,-1.48811441419472,0.0156540467452584,Benign,0.1898,benign,https://doi.org/10.1101/2022.10.22.513328
V301I,0.17507,-0.52211,0.158143270998044,Neutral,Neutral,0.4,0.0029004908522981,0.0010140939170272,0.28,"cBioPortal,COSMIC,clinvar",,True,0.4,,,,neutral,neutral,neutral,305201,Benign/Likely benign,2,0.0493,2.517,-1.8088,gain_of_function,-0.0940180482087487,1.5217744941830468e-08,Benign,0.067,benign,https://doi.org/10.1101/2022.10.22.513328
A303S,-0.0609,0.33639,0.1432748136222889,Neutral,Neutral,74.4,,,0.225,"cBioPortal,COSMIC",,True,74.4,,,,neutral,neutral,neutral,,,,0.0878,3.2593,-3.9706,gain_of_function,-0.724826259569203,4.127947914503643e-06,Benign,0.0731,benign,https://doi.org/10.1101/2022.10.22.513328
A303T,0.39415,0.04694,-0.149226393334656,Neutral,Neutral,74.4,,3.9766807441e-06,0.241,"cBioPortal,COSMIC",,True,74.4,,,,neutral,neutral,neutral,,,,0.076,3.2593,-5.1175,gain_of_function,-0.309556395234608,9.49638985004153e-06,Benign,0.0692,benign,https://doi.org/10.1101/2022.10.22.513328
L304F,1.18372,2.34184,1.6007397721204355,Uncertain,Neutral,14.7,,,,clinvar,,True,14.7,,,,neutral,neutral,neutral,1067199,Likely pathogenic,1,-0.086,2.1631,-8.9247,loss_of_function,-4.13509089889653,0.6056842382433276,Uncertain,0.2659,benign,https://doi.org/10.1101/2022.10.22.513328
L304P,6.29265,8.52925,9.385389650091986,Destabilizing,Destabilizing,14.7,,,,literature,,True,14.7,,,,neutral,neutral,neutral,2989,Pathogenic,2,-0.2359,2.1631,-8.9247,loss_of_function,-5.45814283060009,0.7991407795570381,Pathogenic,0.9462,pathogenic,https://doi.org/10.1101/2022.10.22.513328
L304V,0.83451,0.55714,1.484549336714553,Neutral,Neutral,14.7,,,,clinvar,,True,14.7,,,,neutral,neutral,neutral,1488811,Likely pathogenic,1,-0.0398,2.1631,-4.4013,loss_of_function,-2.5715000340148,0.0234169630063721,Benign,0.1526,benign,https://doi.org/10.1101/2022.10.22.513328
P311S,0.85635,-0.42755,-0.0889521630523743,Neutral,Neutral,95.5,,,0.317,"cBioPortal,COSMIC",,False,95.5,,,,neutral,neutral,neutral,,,,0.0384,3.0069,-4.7846,gain_of_function,-0.859325279227462,2.758412863815045e-05,Benign,0.074,benign,https://doi.org/10.1101/2022.10.22.513328
V312M,-0.04151,1.93707,0.9215053873616192,Neutral,Neutral,26.6,,,,clinvar,,False,26.6,,,,neutral,neutral,neutral,595089,Uncertain significance,1,-0.0827,2.2274,-7.9336,loss_of_function,-1.15205341840903,0.0402618959240265,Benign,0.1193,benign,https://doi.org/10.1101/2022.10.22.513328
P313L,1.63106,0.81905,-0.5312044937380656,Neutral,Neutral,37.9,,,0.842,cBioPortal,,False,37.9,,,,neutral,neutral,neutral,,,,-0.1502,1.5774,-6.3487,loss_of_function,-0.799437950136952,0.0177252453025424,Benign,0.1057,benign,https://doi.org/10.1101/2022.10.22.513328
V314A,3.79177,2.45578,3.4612882521031723,Uncertain,Destabilizing,0.5,,,,clinvar,,False,0.5,,,,neutral,neutral,neutral,2164444,Likely pathogenic,1,-0.2292,1.3227,-22.2214,loss_of_function,-4.75793615698785,0.5973937956203349,Uncertain,0.4937,ambiguous,https://doi.org/10.1101/2022.10.22.513328
V314M,0.84555,2.3619,2.147861145793972,Uncertain,Uncertain,0.5,,,,"literature,clinvar",,False,0.5,,,,neutral,neutral,neutral,556090,Conflicting interpretations of pathogenicity,1,-0.163,1.3227,-7.3487,loss_of_function,-2.42135652176206,0.2611867815335496,Benign,0.4349,ambiguous,https://doi.org/10.1101/2022.10.22.513328
Y315H,2.80115,2.73435,2.738971938162976,Uncertain,Uncertain,5.7,,,,literature,,False,5.7,,,,uncertain,,,,,,-0.2435,1.2623,-22.2214,loss_of_function,-3.75642405641215,0.7803187932457594,Pathogenic,0.6018,pathogenic,https://doi.org/10.1101/2022.10.22.513328
A317V,2.26623,-0.28435,0.412378229575791,Uncertain,Uncertain,1.3,,3.9767440011e-06,0.653,"cBioPortal,COSMIC",,False,1.3,,,,neutral,neutral,neutral,,,,-0.1154,1.1363,-4.9337,loss_of_function,-2.85072386924501,0.0502316554737956,Benign,0.4299,ambiguous,https://doi.org/10.1101/2022.10.22.513328
V318M,2.94526,0.68776,1.181109345572093,Uncertain,Uncertain,0.6,,,,clinvar,,False,0.6,,,,neutral,neutral,neutral,225625,Pathogenic,0,-0.1188,1.7625,-6.6117,loss_of_function,-2.22202630342154,0.0996865749050863,Benign,0.4762,ambiguous,https://doi.org/10.1101/2022.10.22.513328
G319R,40.7751,17.04626,7.727477230798283,Destabilizing,Destabilizing,0.0,,,,clinvar,,False,0.0,,,,neutral,neutral,neutral,555444,Conflicting interpretations of pathogenicity,1,-0.4601,0.0001,-22.2214,loss_of_function,-8.31551708677003,0.8766104882709582,Pathogenic,0.9931,pathogenic,https://doi.org/10.1101/2022.10.22.513328
G319S,12.17436,0.56327,4.100173763073819,Uncertain,Destabilizing,0.0,,,,clinvar,,False,0.0,,,,neutral,neutral,neutral,992693,Likely pathogenic,1,-0.3895,0.0001,-22.2214,loss_of_function,-8.03825821454605,0.8783448532227485,Pathogenic,0.9512,pathogenic,https://doi.org/10.1101/2022.10.22.513328
N320D,-0.50282,-3.62721,1.6012700566444822,Uncertain,Neutral,5.7,,,,"literature,clinvar",,False,5.7,,,,neutral,neutral,neutral,556246,Conflicting interpretations of pathogenicity,1,-0.3301,0.0213,-22.2214,loss_of_function,-4.53591255023515,0.8151649275029511,Pathogenic,0.9806,pathogenic,https://doi.org/10.1101/2022.10.22.513328
H321Y,1.78086,-1.97177,-0.4380282576640126,Neutral,Neutral,10.6,,,,"literature,clinvar",,True,10.6,,,,neutral,neutral,neutral,1472402,Likely pathogenic,1,-0.2688,0.0001,-22.2214,loss_of_function,-4.27152293564565,0.8081753679228789,Pathogenic,0.9838,pathogenic,https://doi.org/10.1101/2022.10.22.513328
E322K,2.0898,4.17755,4.636312518588766,Uncertain,Uncertain,2.0,,,0.947,"cBioPortal,COSMIC",,True,2.0,,,,neutral,neutral,neutral,,,,-0.3284,0.1536,-22.2214,loss_of_function,-7.55844009436443,0.8749096972882859,Pathogenic,0.9818,pathogenic,https://doi.org/10.1101/2022.10.22.513328
S323I,6.18293,1.28912,-0.4859241400190867,Uncertain,Uncertain,3.3,,,0.71,cBioPortal,,True,3.3,,,,uncertain,,,,,,-0.1544,1.5151,-8.9336,loss_of_function,-3.34263558756805,0.2576670860286716,Benign,0.791,pathogenic,https://doi.org/10.1101/2022.10.22.513328
T324P,4.42824,3.64592,3.537077552008364,Destabilizing,Destabilizing,5.9,,,,literature,,True,5.9,,,,uncertain,,,,,,-0.2504,2.5709,-22.2214,loss_of_function,-4.82680638017152,0.3318692339052457,Uncertain,0.3141,benign,https://doi.org/10.1101/2022.10.22.513328
P325A,5.17327,1.37279,-0.3999820457282016,Uncertain,Uncertain,3.9,,,,"literature,clinvar",,True,3.9,,,,neutral,neutral,neutral,633427,Pathogenic/Likely pathogenic,2,-0.3276,0.0001,-22.2214,loss_of_function,-6.15066761727644,0.8033699667537314,Pathogenic,0.7904,pathogenic,https://doi.org/10.1101/2022.10.22.513328
P325S,5.59643,2.12449,0.2274820109537795,Uncertain,Uncertain,3.9,,,,clinvar,,True,3.9,,,,neutral,neutral,neutral,2020354,Likely pathogenic,1,-0.3273,0.0001,-22.2214,loss_of_function,-5.99037583883554,0.8074825113272439,Pathogenic,0.9331,pathogenic,https://doi.org/10.1101/2022.10.22.513328
N327S,1.60595,2.07143,1.977893856642823,Uncertain,Neutral,11.4,,,0.807,cBioPortal,,True,11.4,,,,neutral,neutral,neutral,,,,-0.2244,0.8082,-22.2214,loss_of_function,-4.48419483764766,0.4941552195271473,Uncertain,0.3005,benign,https://doi.org/10.1101/2022.10.22.513328
F329C,2.83572,5.27721,4.990249868722154,Uncertain,Uncertain,0.0,,,,clinvar,,True,0.0,,,,neutral,neutral,neutral,305202,Uncertain significance,1,-0.3545,0.6833,-22.2214,loss_of_function,-5.62470419855243,0.8761852209153755,Pathogenic,0.992,pathogenic,https://doi.org/10.1101/2022.10.22.513328
P330A,2.90113,1.58265,-0.554968233522265,Uncertain,Uncertain,3.5,,,,clinvar,,False,3.5,,,,neutral,neutral,neutral,598046,Uncertain significance,1,-0.1323,1.039,-2.6871,loss_of_function,-2.93318114687478,0.0312966052173356,Benign,0.2848,benign,https://doi.org/10.1101/2022.10.22.513328
P331S,5.20498,1.31667,1.1911605607684852,Uncertain,Uncertain,0.1,3.18755578223e-05,2.78436301729e-05,0.749,"cBioPortal,COSMIC,clinvar",,False,0.1,,,,neutral,neutral,neutral,878122,Uncertain significance,2,-0.151,1.0344,-6.3279,loss_of_function,-3.14054504491025,0.2503194043092079,Benign,0.4969,ambiguous,https://doi.org/10.1101/2022.10.22.513328
P332A,2.51182,1.42347,-0.0136822031562011,Uncertain,Uncertain,33.3,,,,clinvar,,False,33.3,,,,neutral,neutral,neutral,1957383,Likely pathogenic,1,-0.1139,1.4085,-5.743,loss_of_function,-2.54463281334369,0.1463317266854847,Benign,0.2184,benign,https://doi.org/10.1101/2022.10.22.513328
P332H,2.55835,1.78741,0.0020894814050842,Uncertain,Uncertain,33.3,,,,clinvar,,False,33.3,,,,neutral,neutral,neutral,2155669,Likely pathogenic,1,-0.1382,1.4085,-2.9129,loss_of_function,-2.50830159856062,0.0811883595237331,Benign,0.4327,ambiguous,https://doi.org/10.1101/2022.10.22.513328
P332L,2.13061,0.67687,-0.3109149138976208,Uncertain,Uncertain,33.3,0.0001593473134043,7.9545635331e-05,0.651,"cBioPortal,clinvar",,False,33.3,,,,neutral,neutral,neutral,501715,Conflicting interpretations of pathogenicity,1,-0.2466,1.4085,-22.2006,loss_of_function,-3.58954212208921,0.5352625199603782,Uncertain,0.3124,benign,https://doi.org/10.1101/2022.10.22.513328
P332R,2.47028,-0.00748,0.3790568422227469,Uncertain,Uncertain,33.3,,,,"literature,clinvar",,False,33.3,,,,neutral,neutral,neutral,403463,Conflicting interpretations of pathogenicity,1,-0.1846,1.4085,-5.9129,loss_of_function,-2.88834541666212,0.1049651840889204,Benign,0.4232,ambiguous,https://doi.org/10.1101/2022.10.22.513328
I334T,2.11745,2.34694,2.422086960888311,Uncertain,Uncertain,2.1,,,,clinvar,,False,2.1,,,,neutral,neutral,neutral,992695,Likely pathogenic,1,-0.1126,2.0135,-5.4323,loss_of_function,-2.63183282543595,,,0.1644,benign,https://doi.org/10.1101/2022.10.22.513328
G336S,2.97689,0.72245,1.617369451781414,Uncertain,Uncertain,110.1,,,,literature,,False,110.1,,,,neutral,neutral,neutral,,,,-0.0632,2.5431,-4.143,loss_of_function,-2.56629491908427,,,0.2774,benign,https://doi.org/10.1101/2022.10.22.513328
N337S,-0.02717,-0.05816,0.3575550913242598,Neutral,Neutral,106.5,,,,clinvar,,False,106.5,,,,neutral,neutral,neutral,966461,Uncertain significance,1,0.0483,2.8115,-4.9099,gain_of_function,-2.48891687633138,,,0.1237,benign,https://doi.org/10.1101/2022.10.22.513328
H338Q,-0.11843,1.1881,0.6311651483612415,Neutral,Neutral,35.3,,,0.221,COSMIC,,False,35.3,,,,neutral,neutral,neutral,,,,0.1541,3.4853,-2.8965,gain_of_function,-0.0866597917124141,,,0.1026,benign,https://doi.org/10.1101/2022.10.22.513328
S340T,-0.84231,0.06565,-0.4521228357614992,Neutral,Neutral,5.4,,,0.332,cBioPortal,,False,5.4,,,,neutral,,,,,,0.0736,2.7425,-4.1204,gain_of_function,-0.648229850104307,0.0151427625314997,Benign,0.1442,benign,https://doi.org/10.1101/2022.10.22.513328
R341C,0.08002,1.46054,1.3000580808922926,Neutral,Neutral,79.8,,,,clinvar,,False,79.8,,,,neutral,neutral,neutral,291287,Uncertain significance,2,-0.1488,2.9318,-22.2125,loss_of_function,-1.96104976960819,0.0029077198635956,Benign,0.141,benign,https://doi.org/10.1101/2022.10.22.513328
R341H,0.37486,0.56599,0.1247902971897935,Neutral,Neutral,79.8,,2.38729956631e-05,0.158,"cBioPortal,COSMIC,clinvar",,False,79.8,,,,neutral,neutral,neutral,1209798,Uncertain significance,2,-0.022,2.9318,-5.0179,loss_of_function,-0.28661438485065,6.725196420113234e-07,Benign,0.0599,benign,https://doi.org/10.1101/2022.10.22.513328
W342C,3.4515,5.17041,4.052126258492709,Destabilizing,Destabilizing,17.0,,,,clinvar,,False,17.0,,,,neutral,neutral,neutral,550557,Uncertain significance,1,-0.5029,0.1022,-22.2185,loss_of_function,-5.67578429833976,0.8798487155309052,Pathogenic,0.9951,pathogenic,https://doi.org/10.1101/2022.10.22.513328
L343R,4.88341,4.40068,2.7509379605569464,Destabilizing,Uncertain,0.5,,,,literature,,False,0.5,,,,neutral,neutral,neutral,,,,-0.4718,0.3018,-22.2214,loss_of_function,-7.01887672099189,0.8214953488512339,Pathogenic,0.9182,pathogenic,https://doi.org/10.1101/2022.10.22.513328
A346V,0.53529,-1.72313,0.1427261885752678,Neutral,Neutral,24.2,3.18714941356e-05,3.18458660085e-05,0.582,"cBioPortal,COSMIC,clinvar",,False,24.2,,,,neutral,neutral,neutral,291288,Uncertain significance,2,0.0089,2.5987,-6.9366,gain_of_function,-2.77750492363566,0.0062890449077508,Benign,0.1677,benign,https://doi.org/10.1101/2022.10.22.513328
A348V,-0.31654,0.84218,1.5276152366558038,Neutral,Neutral,0.0,,,0.749,cBioPortal,,False,0.0,,,,neutral,neutral,neutral,,,,-0.0171,2.1869,-4.6176,loss_of_function,-2.66361167848841,0.0005907644909602,Benign,0.1838,benign,https://doi.org/10.1101/2022.10.22.513328
A350T,2.06243,1.3585,0.6047000027723667,Uncertain,Uncertain,18.7,,,0.232,"cBioPortal,COSMIC",,False,18.7,,,,neutral,neutral,neutral,,,,0.0632,3.1203,-5.1293,gain_of_function,-0.286787634856468,0.0030498572478502,Benign,0.0842,benign,https://doi.org/10.1101/2022.10.22.513328
E352A,-0.14123,-3.34694,-0.0644912661422175,Uncertain,Neutral,69.2,,,,clinvar,,False,69.2,,,,neutral,neutral,neutral,581009,Uncertain significance,1,0.0645,3.0998,-2.6483,gain_of_function,-1.08378315058019,3.186278982982227e-08,Benign,0.0796,benign,https://doi.org/10.1101/2022.10.22.513328
P353L,1.36503,-3.65748,-0.7221741017313066,Uncertain,Neutral,29.1,,,,clinvar,,False,29.1,,,,neutral,neutral,neutral,879582,Conflicting interpretations of pathogenicity,1,0.0201,3.405,-5.9337,gain_of_function,-1.07427502343233,0.0021354303469599,Benign,0.1,benign,https://doi.org/10.1101/2022.10.22.513328
A357D,-0.23075,-0.12279,-0.1061702740721293,Neutral,Neutral,102.8,,,0.265,"cBioPortal,COSMIC",,False,102.8,,,,neutral,neutral,neutral,,,,-0.0318,3.2486,-4.2898,loss_of_function,-0.816379476708704,9.330657231675282e-05,Benign,0.0937,benign,https://doi.org/10.1101/2022.10.22.513328
A357V,0.50498,0.00748,-0.113689345760421,Neutral,Neutral,102.8,,,0.137,"cBioPortal,COSMIC",,False,102.8,,,,neutral,neutral,neutral,,,,0.0747,3.2486,-5.7638,gain_of_function,-1.40906631227765,0.0038456255098002,Benign,0.0823,benign,https://doi.org/10.1101/2022.10.22.513328
E358G,2.37648,1.42789,1.143071634428792,Uncertain,Uncertain,38.8,,,0.308,"cBioPortal,COSMIC",,False,38.8,,,,neutral,neutral,neutral,,,,0.0177,2.9197,-3.5384,gain_of_function,-1.33573544980599,0.0025766200901923,Benign,0.1038,benign,https://doi.org/10.1101/2022.10.22.513328
E358K,1.91446,0.6585,0.456140168883028,Neutral,Neutral,38.8,,1.19636305631e-05,0.373,"cBioPortal,COSMIC",,False,38.8,,,,neutral,neutral,neutral,,,,0.0101,2.9197,-5.7608,gain_of_function,-1.37380281765708,0.0047497373752789,Benign,0.0961,benign,https://doi.org/10.1101/2022.10.22.513328
A359D,7.64802,7.18946,4.014956382197299,Destabilizing,Destabilizing,0.0,,,,"literature,clinvar",,False,0.0,,,,neutral,neutral,neutral,203427,Pathogenic,1,-0.1385,2.2583,-7.3457,loss_of_function,-3.35028703802498,0.184254351100389,Benign,0.6354,pathogenic,https://doi.org/10.1101/2022.10.22.513328
A359V,4.83483,3.25782,0.6948600945835781,Destabilizing,Uncertain,0.0,,,,clinvar,,False,0.0,,,,neutral,neutral,neutral,1501459,Likely pathogenic,1,0.001,2.2583,-2.3458,gain_of_function,-2.61707851352833,0.0145614866750545,Benign,0.3118,benign,https://doi.org/10.1101/2022.10.22.513328
R361C,0.90873,0.51565,1.3381914508326131,Neutral,Neutral,71.6,6.37633105911e-05,3.19246578076e-05,0.449,"COSMIC,clinvar",,True,71.6,,,,neutral,neutral,neutral,1032424,Uncertain significance,1,-0.1,3.4625,-22.2214,loss_of_function,-1.73091906932731,0.0743823111741587,Benign,0.1097,benign,https://doi.org/10.1101/2022.10.22.513328
R361H,0.50161,-0.00544,0.0872640327479401,Neutral,Neutral,71.6,3.18755578223e-05,4.78908089556e-05,0.342,"cBioPortal,COSMIC,clinvar",,True,71.6,,,,neutral,neutral,neutral,965430,Uncertain significance,2,0.0394,3.4625,-2.5587,gain_of_function,-0.151701564471479,3.409707911519011e-06,Benign,0.0541,benign,https://doi.org/10.1101/2022.10.22.513328
T362A,-0.18196,0.5398,0.5439904250164542,Neutral,Neutral,14.6,,,0.835,cBioPortal,,True,14.6,,,,uncertain,,,,,,-0.1439,1.2064,-8.9306,loss_of_function,-3.27985886225561,0.5570742864271991,Uncertain,0.186,benign,https://doi.org/10.1101/2022.10.22.513328
T362I,-0.91711,-0.64694,-0.8274358951241356,Neutral,Neutral,14.6,,,0.933,COSMIC,,True,14.6,,,,uncertain,,,,,,-0.2376,1.2064,-22.2185,loss_of_function,-4.01289965173981,0.6495337607399759,Uncertain,0.5339,ambiguous,https://doi.org/10.1101/2022.10.22.513328
L363R,7.59618,5.66633,4.295407391476916,Destabilizing,Destabilizing,0.4,,,,"literature,clinvar",,True,0.4,,,,neutral,neutral,neutral,1173970,Pathogenic,2,-0.3288,1.856,-22.2214,loss_of_function,-6.1649378095694,0.8148166552557807,Pathogenic,0.8786,pathogenic,https://doi.org/10.1101/2022.10.22.513328
R364G,1.20148,1.46463,2.881603647894161,Neutral,Uncertain,47.5,,,,clinvar,,True,47.5,,,,neutral,neutral,neutral,992697,Likely pathogenic,1,-0.192,2.0153,-8.9453,loss_of_function,-5.0367682108658,0.5328404698729239,Uncertain,0.1768,benign,https://doi.org/10.1101/2022.10.22.513328
R364K,-0.71005,0.07721,1.2516686742432237,Neutral,Neutral,47.5,,,,clinvar,,True,47.5,,,,neutral,neutral,neutral,1803947,Likely pathogenic,1,-0.0142,2.0153,-2.5531,loss_of_function,-2.16381697358818,0.0027289071861152,Benign,0.145,benign,https://doi.org/10.1101/2022.10.22.513328
Y369C,3.63863,4.61837,3.730944237716792,Destabilizing,Destabilizing,0.6,,,,"literature,clinvar",,True,0.6,,,,uncertain,,,288073,Conflicting interpretations of pathogenicity,1,-0.3881,0.3746,-22.2185,loss_of_function,-6.38742503843987,0.8786184253136347,Pathogenic,0.8343,pathogenic,https://doi.org/10.1101/2022.10.22.513328
Y369H,3.36717,3.27415,1.988455560850968,Destabilizing,Uncertain,0.6,,,,clinvar,,True,0.6,,,,uncertain,,,992700,Likely pathogenic,1,-0.2574,0.3746,-8.9306,loss_of_function,-4.60257320982695,0.8746208416390198,Pathogenic,0.8756,pathogenic,https://doi.org/10.1101/2022.10.22.513328
A370G,1.00302,2.27381,1.894942290543331,Uncertain,Neutral,1.4,,,0.586,"cBioPortal,COSMIC",,True,1.4,,,,neutral,neutral,neutral,,,,-0.0835,1.9855,-8.9306,loss_of_function,-5.13157390960761,0.0269569076513719,Benign,0.1892,benign,https://doi.org/10.1101/2022.10.22.513328
L371P,5.15344,4.41701,7.951513307183486,Destabilizing,Destabilizing,3.9,,,,clinvar,,True,3.9,,,,neutral,neutral,neutral,1173971,Likely pathogenic,1,-0.2824,2.3954,-22.2214,loss_of_function,-4.89526900738686,0.124210329015742,Benign,0.7322,pathogenic,https://doi.org/10.1101/2022.10.22.513328
L371V,3.10821,0.18367,1.3793577455170238,Uncertain,Uncertain,3.9,,,0.409,"cBioPortal,COSMIC",,True,3.9,,,,neutral,neutral,neutral,,,,-0.0011,2.3954,-1.0089,loss_of_function,-0.957475840304719,9.988938453475309e-09,Benign,0.0626,benign,https://doi.org/10.1101/2022.10.22.513328
P373S,3.81253,1.65884,0.501199756250443,Uncertain,Uncertain,1.6,,,0.644,"COSMIC,literature,clinvar",,True,1.6,,,,neutral,neutral,neutral,496822,Pathogenic,1,-0.0564,2.2062,-8.9098,loss_of_function,-2.51643971241963,0.0176829100319138,Benign,0.2423,benign,https://doi.org/10.1101/2022.10.22.513328
R378C,0.17304,1.91905,1.5816367244615894,Neutral,Neutral,20.0,,2.00635613624e-05,0.898,"COSMIC,clinvar",,True,20.0,,,,neutral,neutral,neutral,1347154,Likely pathogenic,1,-0.3576,0.6625,-22.2125,loss_of_function,-6.71497207755132,0.8729185776373716,Pathogenic,0.3619,ambiguous,https://doi.org/10.1101/2022.10.22.513328
R378H,1.32168,0.88878,0.8592343059783869,Neutral,Neutral,20.0,6.37308010962e-05,7.22265023112e-05,0.943,"cBioPortal,COSMIC,clinvar",,True,20.0,,,,neutral,neutral,neutral,554977,Conflicting interpretations of pathogenicity,1,-0.2507,0.6625,-8.9247,loss_of_function,-6.47467506880227,0.7818169668796111,Pathogenic,0.1603,benign,https://doi.org/10.1101/2022.10.22.513328
R378L,-1.50668,-0.62381,-0.4805915520282106,Neutral,Neutral,20.0,,,,literature,,True,20.0,,,,neutral,neutral,neutral,,,,-0.3512,0.6625,-22.2125,loss_of_function,-5.1425011051723,0.4504194402480367,Uncertain,0.5349,ambiguous,https://doi.org/10.1101/2022.10.22.513328
R378S,1.47332,2.09898,1.9395470408917364,Uncertain,Neutral,20.0,,,,clinvar,,True,20.0,,,,neutral,neutral,neutral,2145477,Likely pathogenic,1,-0.2815,0.6625,-8.9247,loss_of_function,-6.39862151148962,0.814533368379246,Pathogenic,0.8448,pathogenic,https://doi.org/10.1101/2022.10.22.513328
L379F,7.20421,0.48027,1.0043314219005557,Uncertain,Uncertain,0.0,,,,clinvar,,True,0.0,,,,neutral,neutral,neutral,496881,Uncertain significance,1,-0.2034,1.6243,-22.2125,loss_of_function,-4.20792643959012,0.2719984402381268,Benign,0.5481,ambiguous,https://doi.org/10.1101/2022.10.22.513328
S381P,4.78334,1.1949,5.121858021109526,Uncertain,Destabilizing,0.3,,,,"literature,clinvar",,True,0.3,,,,uncertain,,,2136988,Pathogenic,1,-0.3924,0.4501,-22.2125,loss_of_function,-6.8284380488781,0.881029040777275,Pathogenic,0.9694,pathogenic,https://doi.org/10.1101/2022.10.22.513328
L382F,3.08659,1.19524,1.1963542356858303,Uncertain,Uncertain,0.0,,,,clinvar,,True,0.0,,,,neutral,neutral,neutral,966866,Conflicting interpretations of pathogenicity,1,-0.1743,1.1151,-7.3398,loss_of_function,-3.68779630619679,0.5631455263832388,Uncertain,0.7538,pathogenic,https://doi.org/10.1101/2022.10.22.513328
L382V,2.0987,2.51701,0.8917607148525802,Uncertain,Uncertain,0.0,,,,clinvar,,True,0.0,,,,neutral,neutral,neutral,2103537,Likely pathogenic,1,-0.1322,1.1151,-3.6029,loss_of_function,-2.30912282985802,0.0459892273866687,Benign,0.1628,benign,https://doi.org/10.1101/2022.10.22.513328
N383S,4.00532,4.7983,2.746424040375991,Destabilizing,Uncertain,0.0,,,,clinvar,,True,0.0,,,,neutral,neutral,neutral,1173972,Pathogenic/Likely pathogenic,2,-0.2828,0.1727,-22.2125,loss_of_function,-5.50869663222291,0.6475836590801078,Uncertain,0.5278,ambiguous,https://doi.org/10.1101/2022.10.22.513328
M384I,5.46944,2.85238,0.7608938360073558,Uncertain,Uncertain,0.2,,,,"literature,clinvar",,False,0.2,,,,neutral,neutral,neutral,2986,Pathogenic,1,-0.1805,1.5034,-22.2185,loss_of_function,-4.08114118421234,0.8296730719401013,Pathogenic,0.972,pathogenic,https://doi.org/10.1101/2022.10.22.513328
N385I,1.71798,1.48503,0.129780502576069,Neutral,Neutral,1.0,,,,clinvar,,False,1.0,,,,neutral,neutral,neutral,1918617,Likely pathogenic,1,-0.2074,0.9304,-5.3458,loss_of_function,-3.63196502747058,0.0978027508907609,Benign,0.8713,pathogenic,https://doi.org/10.1101/2022.10.22.513328
N385S,0.54495,0.62245,2.2284904404566426,Neutral,Uncertain,1.0,,,,"literature,clinvar",,False,1.0,,,,neutral,neutral,neutral,2988,Conflicting interpretations of pathogenicity,1,-0.1453,0.9304,-8.9306,loss_of_function,-5.82947913569036,0.7812625839154792,Pathogenic,0.6422,pathogenic,https://doi.org/10.1101/2022.10.22.513328
F386V,4.12385,1.99898,3.308686480833794,Uncertain,Destabilizing,0.3,,,0.879,cBioPortal,,False,0.3,,,,neutral,neutral,neutral,,,,-0.173,1.4174,-5.7578,loss_of_function,-2.28675787594088,0.0732832098779248,Benign,0.7503,pathogenic,https://doi.org/10.1101/2022.10.22.513328
R389C,1.09248,0.53061,1.6115805338131566,Neutral,Neutral,44.9,3.18654005481e-05,0.0001403998587979,0.626,"cBioPortal,COSMIC,clinvar",,False,44.9,,,,neutral,neutral,neutral,289909,Uncertain significance,2,-0.0582,3.124,-7.9277,loss_of_function,-2.30851711338563,0.0098967414563361,Benign,0.4475,ambiguous,https://doi.org/10.1101/2022.10.22.513328
R389H,1.03445,0.08776,0.827373006530987,Neutral,Neutral,44.9,,1.60441535105e-05,0.514,"COSMIC,clinvar",,False,44.9,,,,neutral,neutral,neutral,557533,Uncertain significance,2,-0.0111,3.124,-6.3428,loss_of_function,-1.73923483166886,9.5796608680441e-05,Benign,0.1188,benign,https://doi.org/10.1101/2022.10.22.513328
R389S,1.11941,0.11463,1.4717095341300117,Neutral,Neutral,44.9,,,0.497,"cBioPortal,COSMIC",,False,44.9,,,,neutral,neutral,neutral,,,,-0.03,3.124,-4.0209,loss_of_function,-1.79972496322364,8.463237307445785e-06,Benign,0.311,benign,https://doi.org/10.1101/2022.10.22.513328
E390Q,0.15322,0.01293,0.2156189445163037,Neutral,Neutral,77.2,,,,clinvar,,True,77.2,,,,neutral,neutral,neutral,2002397,Uncertain significance,1,0.1033,3.3274,-4.5384,gain_of_function,-1.77428422600232,0.0010523337118781,Benign,0.2173,benign,https://doi.org/10.1101/2022.10.22.513328
N391H,12.81286,3.27449,2.81023145606889,Destabilizing,Uncertain,0.1,,,,clinvar,,True,0.1,,,,neutral,neutral,neutral,1173973,Pathogenic,2,-0.3107,0.2506,-22.2185,loss_of_function,-8.01188400984381,0.8435656774224657,Pathogenic,0.9721,pathogenic,https://doi.org/10.1101/2022.10.22.513328
N391T,2.08745,2.09286,1.521129139819109,Uncertain,Uncertain,0.1,,,,literature,,True,0.1,,,,neutral,neutral,neutral,,,,-0.3252,0.2506,-22.2185,loss_of_function,-6.87650833947723,0.87353549287013,Pathogenic,0.9512,pathogenic,https://doi.org/10.1101/2022.10.22.513328
W393G,6.55652,6.96565,7.096141147645549,Destabilizing,Destabilizing,0.3,,,,"literature,clinvar",,True,0.3,,,,neutral,neutral,neutral,2991,Pathogenic,2,-0.4322,0.6706,-8.9365,loss_of_function,-5.94811577462131,,,0.8589,pathogenic,https://doi.org/10.1101/2022.10.22.513328
I396N,2.75718,3.41531,2.810587210760717,Uncertain,Uncertain,13.6,,,0.864,COSMIC,,True,13.6,,,,neutral,neutral,neutral,,,,-0.2498,2.3206,-22.2244,loss_of_function,-3.10131337670008,0.3759685649748335,Uncertain,0.7542,pathogenic,https://doi.org/10.1101/2022.10.22.513328
T399A,0.26897,0.55918,-0.1543154357377962,Neutral,Neutral,53.6,,,,clinvar,,True,53.6,,,,uncertain,,,284239,Uncertain significance,1,-0.1298,1.3044,-7.9336,loss_of_function,-2.82600687692417,0.2307850207124815,Benign,0.3179,benign,https://doi.org/10.1101/2022.10.22.513328
T399M,-0.6945,0.44898,-0.7291061046230762,Neutral,Neutral,53.6,,8.0197606903e-06,0.804,"cBioPortal,COSMIC",,True,53.6,,,,uncertain,,,,,,-0.2474,1.3044,-22.2214,loss_of_function,-3.78040715309814,0.795186693615878,Pathogenic,0.4594,ambiguous,https://doi.org/10.1101/2022.10.22.513328
P401A,2.48922,1.68163,0.0840299999362625,Uncertain,Uncertain,3.7,,,,clinvar,,True,3.7,,,,neutral,neutral,neutral,2187146,Uncertain significance,1,-0.2433,0.1232,-7.9336,loss_of_function,-4.58754096780543,0.3809603097248209,Uncertain,0.6715,pathogenic,https://doi.org/10.1101/2022.10.22.513328
P401R,7.41357,16.62211,1.6407443817992786,Destabilizing,Uncertain,3.7,,,,clinvar,,True,3.7,,,,neutral,neutral,neutral,992701,Conflicting interpretations of pathogenicity,1,-0.3861,0.1232,-22.2214,loss_of_function,-5.96948599028476,0.8785550581391595,Pathogenic,0.9292,pathogenic,https://doi.org/10.1101/2022.10.22.513328
A402T,1.98315,1.37823,0.7685342983010757,Neutral,Neutral,7.3,,4.0100089824e-06,0.728,"cBioPortal,COSMIC,clinvar",,False,7.3,,,,neutral,neutral,neutral,2140559,Uncertain significance,1,-0.0412,1.9921,-5.2332,loss_of_function,-2.01467200706224,0.0276466900698026,Benign,0.2447,benign,https://doi.org/10.1101/2022.10.22.513328
Q404R,7.86379,4.57381,2.3154726856300822,Destabilizing,Uncertain,0.0,,,0.93,"cBioPortal,COSMIC",,False,0.0,,,,neutral,neutral,neutral,,,,-0.0844,1.9491,-8.9365,loss_of_function,-6.30161278530346,0.8518836834506923,Pathogenic,0.9624,pathogenic,https://doi.org/10.1101/2022.10.22.513328
V409G,3.60798,3.87789,3.660578852331965,Destabilizing,Destabilizing,2.7,0.0012533744697262,0.0478097396410085,0.733,COSMIC,,False,2.7,,,,neutral,neutral,neutral,,,,-0.2296,1.8932,-7.9366,loss_of_function,-3.58006550517912,0.2943404478813745,Benign,0.3657,ambiguous,https://doi.org/10.1101/2022.10.22.513328
G410E,-0.81378,-0.8449,-1.0603080170499268,Neutral,Neutral,100.7,,,0.233,cBioPortal,,False,100.7,,,,neutral,neutral,neutral,,,,-0.0416,3.3403,-3.7667,loss_of_function,0.147794278865227,0.0001604945897809,Benign,0.0699,benign,https://doi.org/10.1101/2022.10.22.513328
E411D,1.20226,1.51122,0.8866028754563526,Neutral,Neutral,19.6,,,,clinvar,,False,19.6,,,,neutral,neutral,neutral,992702,Likely pathogenic,1,-0.0942,2.0876,-22.2214,loss_of_function,-3.82566444056193,0.1390618323238571,Benign,0.7408,pathogenic,https://doi.org/10.1101/2022.10.22.513328
E411G,2.15168,3.1017,1.3966599894969316,Uncertain,Uncertain,19.6,,5.26324312944e-05,0.632,"cBioPortal,COSMIC",,False,19.6,,,,neutral,neutral,neutral,,,,-0.0813,2.0876,-7.9336,loss_of_function,-4.93601592231555,0.0279324360127502,Benign,0.5019,ambiguous,https://doi.org/10.1101/2022.10.22.513328
A414S,0.31624,0.4432,0.6190155650413753,Neutral,Neutral,50.2,,,0.399,COSMIC,,False,50.2,,,,neutral,neutral,neutral,,,,0.0848,3.1605,-2.7869,gain_of_function,-1.59024088998935,0.0001302492521567,Benign,0.0912,benign,https://doi.org/10.1101/2022.10.22.513328
A415V,2.56409,1.80068,1.2593369586215992,Uncertain,Uncertain,0.1,,,,literature,,False,0.1,,,,neutral,neutral,neutral,,,,-0.2203,0.9555,-22.2244,loss_of_function,-5.2129085363268,0.5385524300598472,Uncertain,0.5566,ambiguous,https://doi.org/10.1101/2022.10.22.513328
R418Q,1.08561,0.76429,0.7087107137681017,Neutral,Neutral,53.0,9.55779278705e-05,6.04658287446e-05,0.134,"cBioPortal,COSMIC,clinvar",,False,53.0,,,,neutral,neutral,neutral,1594805,Conflicting interpretations of pathogenicity,1,-0.0117,3.0791,-4.6887,loss_of_function,-0.118429370251223,1.081618453098719e-07,Benign,0.0681,benign,https://doi.org/10.1101/2022.10.22.513328
H423R,1.70341,2.5449,1.899774956225173,Uncertain,Neutral,1.6,,,,"literature,clinvar",,False,1.6,,,,neutral,neutral,neutral,2136989,Pathogenic,1,-0.2805,0.5742,-22.2185,loss_of_function,-6.67382423261142,0.8682338598582249,Pathogenic,0.9651,pathogenic,https://doi.org/10.1101/2022.10.22.513328
H423Y,6.14034,0.83639,-0.6599051991051746,Uncertain,Uncertain,1.6,,,,"literature,clinvar",,False,1.6,,,,neutral,neutral,neutral,2992,Pathogenic,2,-0.125,0.5742,-4.4072,loss_of_function,-2.43966124688246,0.0264134200795544,Benign,0.6378,pathogenic,https://doi.org/10.1101/2022.10.22.513328
G426S,1.64966,3.13741,1.890227138954685,Uncertain,Neutral,0.0,,,,"literature,clinvar",,False,0.0,,,,neutral,neutral,neutral,432163,Pathogenic/Likely pathogenic,2,-0.1979,1.0188,-3.0481,loss_of_function,-2.90548843513808,0.0376780098038332,Benign,0.5009,ambiguous,https://doi.org/10.1101/2022.10.22.513328
H427L,7.69334,1.22245,1.946954097172701,Uncertain,Uncertain,0.5,,,,clinvar,,False,0.5,,,,neutral,neutral,neutral,197160,Conflicting interpretations of pathogenicity,1,-0.275,0.0427,-8.9276,loss_of_function,-8.03055114067517,0.8659460287707529,Pathogenic,0.989,pathogenic,https://doi.org/10.1101/2022.10.22.513328
H427N,6.12776,1.58639,2.4953261718455644,Uncertain,Uncertain,0.5,,,,clinvar,,False,0.5,,,,neutral,neutral,neutral,1470150,Likely pathogenic,1,-0.2319,0.0427,-8.9276,loss_of_function,-7.27239352646117,0.7953790772173408,Pathogenic,0.9917,pathogenic,https://doi.org/10.1101/2022.10.22.513328
H427R,18.36286,5.56361,3.515605984871608,Destabilizing,Destabilizing,0.5,,,,clinvar,,False,0.5,,,,neutral,neutral,neutral,569207,Conflicting interpretations of pathogenicity,1,-0.3294,0.0427,-22.2155,loss_of_function,-8.03055114067517,0.8666236082441663,Pathogenic,0.993,pathogenic,https://doi.org/10.1101/2022.10.22.513328
H427Y,21.24446,-1.12279,1.982640014707833,Uncertain,Uncertain,0.5,,,,clinvar,,False,0.5,,,,neutral,neutral,neutral,2131195,Likely pathogenic,1,-0.2648,0.0427,-22.2155,loss_of_function,-4.82112558037164,0.8761745744794494,Pathogenic,0.9905,pathogenic,https://doi.org/10.1101/2022.10.22.513328
I428T,1.99465,2.56667,2.448286936098826,Uncertain,Uncertain,5.7,,,0.88,"cBioPortal,COSMIC",,False,5.7,,,,neutral,neutral,neutral,,,,-0.3394,0.4794,-22.2155,loss_of_function,-4.19635967214338,0.4585837025620207,Uncertain,0.947,pathogenic,https://doi.org/10.1101/2022.10.22.513328
P429L,6.59463,4.03503,0.5765076504847779,Destabilizing,Uncertain,0.0,,,,clinvar,,False,0.0,,,,neutral,neutral,neutral,551462,Conflicting interpretations of pathogenicity,1,-0.2616,0.454,-7.9247,loss_of_function,-2.90668260726467,0.2104943338219086,Benign,0.8381,pathogenic,https://doi.org/10.1101/2022.10.22.513328
P430S,4.22672,1.86735,1.398065849499776,Uncertain,Uncertain,0.0,,,,clinvar,,False,0.0,,,,neutral,neutral,neutral,1501508,Likely pathogenic,1,-0.1919,0.5677,-5.9248,loss_of_function,-2.92287564189227,0.1496412309306877,Benign,0.6489,pathogenic,https://doi.org/10.1101/2022.10.22.513328
C433R,22.89306,-0.00102,3.155429818707902,Uncertain,Destabilizing,0.0,,,,"literature,clinvar",,False,0.0,,,,neutral,neutral,neutral,813420,Likely pathogenic,2,-0.5107,0.3687,-22.2036,loss_of_function,-5.56525352191755,0.8705213583809719,Pathogenic,0.9956,pathogenic,https://doi.org/10.1101/2022.10.22.513328
C433W,28.48054,-0.00034,3.1997394232045,Uncertain,Destabilizing,0.0,,,,clinvar,,False,0.0,,,,neutral,neutral,neutral,93313,Likely pathogenic,1,-0.4555,0.3687,-22.2036,loss_of_function,-4.11790692530499,0.8782456841276151,Pathogenic,0.9982,pathogenic,https://doi.org/10.1101/2022.10.22.513328
L434P,3.98222,5.18537,6.063639370973843,Destabilizing,Destabilizing,18.9,,,,literature,,False,18.9,,,,neutral,neutral,neutral,,,,-0.3674,1.4708,-22.2006,loss_of_function,-5.89300023117524,0.3516384550357006,Uncertain,0.9066,pathogenic,https://doi.org/10.1101/2022.10.22.513328
S436I,1.46934,1.76565,-0.6840616709987191,Neutral,Neutral,21.3,,,0.452,COSMIC,,False,21.3,,,,uncertain,,,,,,-0.0351,2.5594,-4.3983,loss_of_function,-2.11656122244968,0.0013652680623525,Benign,0.4604,ambiguous,https://doi.org/10.1101/2022.10.22.513328
S438R,21.3595,13.49388,3.922579723014899,Destabilizing,Destabilizing,0.0,,,0.879,"COSMIC,literature,clinvar",,False,0.0,,,,uncertain,,,2983,Pathogenic,0,-0.221,0.8401,-7.3339,loss_of_function,-3.6975199996616,0.1008588171162692,Benign,0.9826,pathogenic,https://doi.org/10.1101/2022.10.22.513328
R443L,-0.85017,-0.01531,0.3587045815974876,Neutral,Neutral,38.0,,,,clinvar,,False,38.0,,,,neutral,neutral,neutral,529234,Uncertain significance,1,-0.0854,2.7263,-7.3339,loss_of_function,-3.4669232891827,0.0750607776216832,Benign,0.2082,benign,https://doi.org/10.1101/2022.10.22.513328
R443P,4.01952,8.6068,7.55138021891393,Destabilizing,Destabilizing,38.0,,,,clinvar,,False,38.0,,,,neutral,neutral,neutral,1052225,Uncertain significance,1,-0.3009,2.7263,-22.2066,loss_of_function,-3.92278883850158,0.6142696920410154,Uncertain,0.8364,pathogenic,https://doi.org/10.1101/2022.10.22.513328
R443Q,-0.16034,0.63061,1.309283313982075,Neutral,Neutral,38.0,9.55840183521e-05,6.02264514575e-05,0.368,"cBioPortal,COSMIC",,False,38.0,,,,neutral,neutral,neutral,,,,-0.0445,2.7263,-4.7489,loss_of_function,-0.306704873525839,0.0016858615273978,Benign,0.07,benign,https://doi.org/10.1101/2022.10.22.513328
I444N,4.40823,3.40374,3.948676486458524,Destabilizing,Destabilizing,0.3,,,,clinvar,,False,0.3,,,,neutral,neutral,neutral,2136990,Pathogenic,1,-0.4108,0.5704,-22.2125,loss_of_function,-7.33571124515543,0.8787932799049475,Pathogenic,0.9795,pathogenic,https://doi.org/10.1101/2022.10.22.513328
V445I,-0.6796,0.38741,0.4107253383471532,Neutral,Neutral,0.9,,,,clinvar,,False,0.9,,,,neutral,neutral,neutral,2197894,Uncertain significance,1,-0.0574,1.3196,-1.1428,loss_of_function,-0.0776694720358246,2.7550516162725143e-05,Benign,0.0729,benign,https://doi.org/10.1101/2022.10.22.513328
A446G,1.21016,1.81905,2.2777029828323028,Neutral,Uncertain,7.3,,,,clinvar,,False,7.3,,,,neutral,neutral,neutral,502788,Uncertain significance,2,-0.0432,2.3357,-7.3457,loss_of_function,-1.44228042812798,0.0001171722950078,Benign,0.0971,benign,https://doi.org/10.1101/2022.10.22.513328
R447K,1.09681,1.62211,1.3586028351160295,Neutral,Neutral,8.7,,,,clinvar,,False,8.7,,,,neutral,neutral,neutral,1173975,Likely pathogenic,1,-0.2263,0.0638,-8.9306,loss_of_function,-3.33631423437072,0.2862142288301987,Benign,0.8132,pathogenic,https://doi.org/10.1101/2022.10.22.513328
Y448C,4.70478,4.20714,4.405882517171444,Destabilizing,Destabilizing,0.6,,,,"literature,clinvar",,False,0.6,,,,uncertain,,,242451,Pathogenic/Likely pathogenic,2,-0.3326,0.9778,-22.2155,loss_of_function,-6.39408950926231,0.825496532673665,Pathogenic,0.8823,pathogenic,https://doi.org/10.1101/2022.10.22.513328
E449K,1.14663,3.26667,1.9945805104016727,Uncertain,Neutral,6.6,,3.9764909853e-06,0.862,COSMIC,,False,6.6,,,,neutral,neutral,neutral,,,,-0.1647,1.0839,-6.9188,loss_of_function,-3.35735188325804,0.129286242258155,Benign,0.5512,ambiguous,https://doi.org/10.1101/2022.10.22.513328
E449Q,0.60691,0.81259,1.3682043508654966,Neutral,Neutral,6.6,,,,clinvar,,False,6.6,,,,neutral,neutral,neutral,597454,Uncertain significance,1,-0.1018,1.0839,-4.275,loss_of_function,-2.1362782193921,0.0187979225124756,Benign,0.2778,benign,https://doi.org/10.1101/2022.10.22.513328
L452P,7.00941,10.35952,7.419526048806344,Destabilizing,Destabilizing,2.0,,,,literature,,False,2.0,,,,neutral,neutral,neutral,,,,-0.396,1.1596,-22.2036,loss_of_function,-6.89405143864953,0.0064280051595429,Benign,0.9237,pathogenic,https://doi.org/10.1101/2022.10.22.513328
L452V,1.01255,0.46565,1.3478822702713502,Neutral,Neutral,2.0,,,,clinvar,,False,2.0,,,,neutral,neutral,neutral,1383609,Uncertain significance,1,-0.1207,1.1596,-2.161,loss_of_function,-0.281984853865692,2.114738858152923e-12,Benign,0.065,benign,https://doi.org/10.1101/2022.10.22.513328
A453D,8.23339,4.96497,3.091046619877765,Destabilizing,Destabilizing,3.1,,,,literature,,False,3.1,,,,neutral,neutral,neutral,,,,-0.1987,2.4284,-22.2036,loss_of_function,-4.7988856230744,0.6370944809308992,Uncertain,0.6875,pathogenic,https://doi.org/10.1101/2022.10.22.513328
A454D,3.07553,2.45034,2.063380514573732,Uncertain,Uncertain,8.7,,,,clinvar,,False,8.7,,,,neutral,neutral,neutral,992704,Likely pathogenic,1,-0.2955,1.3762,-22.2036,loss_of_function,-3.69078648807354,0.7097126040916899,Pathogenic,0.861,pathogenic,https://doi.org/10.1101/2022.10.22.513328
A454T,3.52535,0.77551,1.199568400384785,Uncertain,Uncertain,8.7,,,,clinvar,,False,8.7,,,,neutral,neutral,neutral,968813,Uncertain significance,1,-0.1844,1.3762,-22.2036,loss_of_function,-2.04837048893624,0.2507187878680499,Benign,0.2943,benign,https://doi.org/10.1101/2022.10.22.513328
A454V,4.26792,0.3449,0.4452928620156776,Uncertain,Uncertain,8.7,,,,"literature,clinvar",,False,8.7,,,,neutral,neutral,neutral,554055,Conflicting interpretations of pathogenicity,1,-0.1086,1.3762,-7.9158,loss_of_function,-3.77753266588542,0.2922749596780171,Benign,0.4562,ambiguous,https://doi.org/10.1101/2022.10.22.513328
F457S,5.73723,5.30442,5.471728651474408,Destabilizing,Destabilizing,0.0,,,0.946,cBioPortal,,False,0.0,,,,neutral,neutral,neutral,,,,-0.2662,1.0221,-8.9157,loss_of_function,-3.84275201287333,0.6444384067645191,Uncertain,0.9316,pathogenic,https://doi.org/10.1101/2022.10.22.513328
G458D,20.30388,8.79898,2.246811818849817,Destabilizing,Uncertain,0.0,,,0.982,"cBioPortal,COSMIC,literature",,True,0.0,,,,neutral,neutral,neutral,,,,-0.4293,0.1571,-22.2006,loss_of_function,-8.03532613071413,0.8809698129650634,Pathogenic,0.994,pathogenic,https://doi.org/10.1101/2022.10.22.513328
H459R,6.01887,1.41054,0.704677003218482,Uncertain,Uncertain,28.3,,,,clinvar,,True,28.3,,,,neutral,neutral,neutral,992706,Likely pathogenic,1,-0.3332,0.0001,-22.2006,loss_of_function,-8.05587967682855,0.8788055078990094,Pathogenic,0.9885,pathogenic,https://doi.org/10.1101/2022.10.22.513328
H459Y,6.5398,-1.03844,-0.7700172261121613,Uncertain,Uncertain,28.3,,,,clinvar,,True,28.3,,,,neutral,neutral,neutral,992705,Likely pathogenic,1,-0.2687,0.0001,-22.2006,loss_of_function,-4.83858981089462,0.8170483610736629,Pathogenic,0.985,pathogenic,https://doi.org/10.1101/2022.10.22.513328
T460P,2.54805,5.5619,3.351534396019551,Uncertain,Uncertain,14.8,,,,clinvar,,True,14.8,,,,uncertain,,,197685,Conflicting interpretations of pathogenicity,1,-0.399,0.9555,-22.2006,loss_of_function,-7.21222294884977,0.8387194235482331,Pathogenic,0.7386,pathogenic,https://doi.org/10.1101/2022.10.22.513328
H461P,10.01067,4.88197,5.140832992811723,Destabilizing,Destabilizing,12.4,,,,literature,,True,12.4,,,,neutral,neutral,neutral,,,,-0.4601,0.0001,-22.2036,loss_of_function,-8.07459835669375,0.876269729722679,Pathogenic,0.9731,pathogenic,https://doi.org/10.1101/2022.10.22.513328
D463N,1.67622,1.39932,0.4000128535331199,Neutral,Neutral,8.3,,,0.912,COSMIC,,True,8.3,,,,neutral,neutral,neutral,,,,-0.2939,0.2321,-22.2036,loss_of_function,-3.7000548696203,0.4566409179739594,Uncertain,0.9795,pathogenic,https://doi.org/10.1101/2022.10.22.513328
E464K,0.41877,1.64116,0.3347712959425802,Neutral,Neutral,8.1,,,0.79,"cBioPortal,COSMIC",,True,8.1,,,,neutral,neutral,neutral,,,,-0.1141,1.6336,-6.9129,loss_of_function,-4.09800010312473,0.0966188818170038,Benign,0.7024,pathogenic,https://doi.org/10.1101/2022.10.22.513328
F465L,2.20069,2.66871,1.5704484917190864,Uncertain,Uncertain,3.4,,,,clinvar,,True,3.4,,,,neutral,neutral,neutral,"1493413, 1346088","Likely pathogenic, Likely pathogenic","1, 1",-0.1953,0.8012,-5.3279,loss_of_function,-2.75895648599525,0.0265952467296241,Benign,0.9783,pathogenic,https://doi.org/10.1101/2022.10.22.513328
F465S,4.18947,4.97721,4.552173508786992,Destabilizing,Destabilizing,3.4,,,,"literature,clinvar",,True,3.4,,,,neutral,neutral,neutral,864212,Pathogenic/Likely pathogenic,2,-0.3544,0.8012,-22.2006,loss_of_function,-5.33814238048387,0.8708620336530086,Pathogenic,0.9739,pathogenic,https://doi.org/10.1101/2022.10.22.513328
V467F,9.78297,5.04558,2.100299836766601,Destabilizing,Uncertain,0.0,,,0.59,COSMIC,,True,0.0,,,,neutral,neutral,neutral,,,,-0.1854,1.8994,-8.9128,loss_of_function,-5.3048240288086,0.6934072741208939,Pathogenic,0.3675,ambiguous,https://doi.org/10.1101/2022.10.22.513328
Y469C,3.93171,4.13265,4.116756231576564,Destabilizing,Destabilizing,5.0,,,,clinvar,,True,5.0,,,,uncertain,,,992707,Conflicting interpretations of pathogenicity,1,-0.367,0.6035,-22.2006,loss_of_function,-5.5728656738672,0.881352950030733,Pathogenic,0.7356,pathogenic,https://doi.org/10.1101/2022.10.22.513328
Y469S,3.78644,5.39422,4.654991986711227,Destabilizing,Destabilizing,5.0,,,,"literature,clinvar",,True,5.0,,,,uncertain,,,2996,Pathogenic,1,-0.401,0.6035,-22.2006,loss_of_function,-4.67990049995693,0.6709344571708749,Uncertain,0.7444,pathogenic,https://doi.org/10.1101/2022.10.22.513328
D470E,2.96266,2.18776,2.4213056149390493,Uncertain,Uncertain,7.4,,,,clinvar,,False,7.4,,,,neutral,neutral,neutral,1721487,Uncertain significance,1,-0.1003,1.0395,-3.1055,loss_of_function,-2.35945540355387,0.0152036334925303,Benign,0.4837,ambiguous,https://doi.org/10.1101/2022.10.22.513328
D470N,3.70288,3.27619,1.549646630537853,Destabilizing,Uncertain,7.4,,,0.779,cBioPortal,,False,7.4,,,,neutral,neutral,neutral,,,,-0.1385,1.0395,-6.3279,loss_of_function,-2.54497750939423,0.0716498392808488,Benign,0.3232,benign,https://doi.org/10.1101/2022.10.22.513328
E471K,0.22665,0.46633,0.9278095436181982,Neutral,Neutral,32.8,,,0.74,"cBioPortal,COSMIC",,False,32.8,,,,neutral,neutral,neutral,,,,0.0253,3.0277,-4.734,gain_of_function,-2.62951394264056,0.0476273374679065,Benign,0.2013,benign,https://doi.org/10.1101/2022.10.22.513328
R476G,3.65113,3.10884,1.5405389821856543,Destabilizing,Uncertain,44.0,,,,clinvar,,False,44.0,,,,neutral,neutral,neutral,992708,Likely pathogenic,1,-0.2614,1.2581,-8.9007,loss_of_function,-4.20795529745611,0.6778631216109225,Uncertain,0.6229,pathogenic,https://doi.org/10.1101/2022.10.22.513328
R476L,1.53092,0.52585,-0.2169218699814579,Neutral,Neutral,44.0,,,0.876,cBioPortal,,False,44.0,,,,neutral,neutral,neutral,,,,-0.2183,1.2581,-6.9008,loss_of_function,-3.32267454133098,0.5495091902098921,Uncertain,0.3901,ambiguous,https://doi.org/10.1101/2022.10.22.513328
R476Q,1.78052,-0.08946,0.7042798363261638,Neutral,Neutral,44.0,,3.57872804053e-05,0.801,"cBioPortal,literature,clinvar",,False,44.0,,,,neutral,neutral,neutral,385606,Conflicting interpretations of pathogenicity,1,-0.1906,1.2581,-6.9008,loss_of_function,-2.7874820419042,0.3049855169220593,Benign,0.1322,benign,https://doi.org/10.1101/2022.10.22.513328
R476W,1.33286,1.17347,-0.2216705869200352,Neutral,Neutral,44.0,,,,"literature,clinvar",,False,44.0,,,,neutral,neutral,neutral,93315,Pathogenic/Likely pathogenic,2,-0.3116,1.2581,-22.1886,loss_of_function,-3.22510489776516,0.8465452635516966,Pathogenic,0.228,benign,https://doi.org/10.1101/2022.10.22.513328
P477L,6.00029,1.89184,-0.2411047848056313,Uncertain,Uncertain,14.4,,,,"literature,clinvar",,False,14.4,,,,neutral,neutral,neutral,189075,Pathogenic/Likely pathogenic,2,-0.2811,1.0343,-22.2006,loss_of_function,-4.59297451599888,0.647688403128402,Uncertain,0.743,pathogenic,https://doi.org/10.1101/2022.10.22.513328
P477Q,4.3664,2.60204,0.6314589787755844,Uncertain,Uncertain,14.4,,,,clinvar,,False,14.4,,,,neutral,neutral,neutral,1489165,Likely pathogenic,1,-0.2607,1.0343,-22.2006,loss_of_function,-5.93885860176231,0.8445762762069036,Pathogenic,0.9023,pathogenic,https://doi.org/10.1101/2022.10.22.513328
P477T,4.58257,2.02925,0.2674255095569372,Uncertain,Uncertain,14.4,,,,clinvar,,False,14.4,,,,neutral,neutral,neutral,1173976,Likely pathogenic,1,-0.1661,1.0343,-6.9129,loss_of_function,-3.06807988007539,0.355285348917821,Uncertain,0.626,pathogenic,https://doi.org/10.1101/2022.10.22.513328
V480I,0.0564,0.81633,0.4090568933222549,Neutral,Neutral,5.9,,,0.433,COSMIC,,False,5.9,,,,neutral,neutral,neutral,,,,-0.054,1.3956,-1.8331,loss_of_function,-1.1519255823978,0.0001946500518921,Benign,0.091,benign,https://doi.org/10.1101/2022.10.22.513328
F482L,1.4302,2.29558,2.092141052895636,Uncertain,Uncertain,3.5,,,,literature,,False,3.5,,,,neutral,neutral,neutral,,,,-0.1605,1.2905,-7.3249,loss_of_function,-3.74625601414944,0.2074466225103522,Benign,0.9515,pathogenic,https://doi.org/10.1101/2022.10.22.513328
A484E,6.37009,1.52449,1.4477390006769777,Uncertain,Uncertain,0.5,,,,"literature,clinvar",,False,0.5,,,,neutral,neutral,neutral,2995,Pathogenic/Likely pathogenic,2,-0.2619,1.5849,-22.1976,loss_of_function,-5.41007905034525,0.70807600359544,Pathogenic,0.979,pathogenic,https://doi.org/10.1101/2022.10.22.513328
A484T,1.67104,-0.15578,1.1543603390717598,Neutral,Neutral,0.5,,,0.605,"cBioPortal,COSMIC",,False,0.5,,,,neutral,neutral,neutral,,,,-0.077,1.5849,-4.9099,loss_of_function,-2.2028201925208,0.0043710111530426,Benign,0.4635,ambiguous,https://doi.org/10.1101/2022.10.22.513328
A484V,1.81418,-2.14388,0.3588489796574096,Uncertain,Neutral,0.5,,,,clinvar,,False,0.5,,,,neutral,neutral,neutral,2136993,Pathogenic,1,-0.0944,1.5849,-8.9098,loss_of_function,-3.32144709617405,0.1095784088549461,Benign,0.7735,pathogenic,https://doi.org/10.1101/2022.10.22.513328
S486N,7.50168,3.09728,0.165871729536553,Destabilizing,Uncertain,0.2,,,,clinvar,,True,0.2,,,,uncertain,,,1512256,Likely pathogenic,1,-0.2911,0.1249,-22.1976,loss_of_function,-5.58248306612228,0.5605973912866462,Uncertain,0.9882,pathogenic,https://doi.org/10.1101/2022.10.22.513328
S486R,18.65394,11.36633,1.2544691371925238,Destabilizing,Uncertain,0.2,,,,"literature,clinvar",,True,0.2,,,,uncertain,,,662004,Pathogenic/Likely pathogenic,2,-0.3626,0.1249,-22.1976,loss_of_function,-7.00438382922476,0.869958720658322,Pathogenic,0.9969,pathogenic,https://doi.org/10.1101/2022.10.22.513328
A487V,-1.39417,0.63776,-0.7829026869903416,Neutral,Neutral,0.8,0.0025806040525041,0.0028074472907736,0.372,"cBioPortal,clinvar",,True,0.8,,,,neutral,neutral,neutral,235490,Conflicting interpretations of pathogenicity,1,-0.0317,1.8096,-0.662,loss_of_function,-0.447609044698324,4.8570400212919946e-12,Benign,0.0981,benign,https://doi.org/10.1101/2022.10.22.513328
T488A,0.70682,-0.94422,0.3141116224919021,Neutral,Neutral,0.0,,,0.978,"cBioPortal,literature",,True,0.0,,,,uncertain,,,,,,-0.2752,0.5153,-22.1946,loss_of_function,-3.52926431796343,0.4088782589796938,Uncertain,0.5737,pathogenic,https://doi.org/10.1101/2022.10.22.513328
Y490N,3.6488,2.07823,3.674781393771532,Uncertain,Destabilizing,25.0,,,,"literature,clinvar",,True,25.0,,,,uncertain,,,93316,Uncertain significance,1,-0.3424,1.1152,-22.1856,loss_of_function,-3.71674660864208,0.2606495411319446,Benign,0.7377,pathogenic,https://doi.org/10.1101/2022.10.22.513328
I491L,0.4345,1.42415,0.233535672402893,Neutral,Neutral,58.4,,,,clinvar,,True,58.4,,,,neutral,neutral,neutral,992131,Uncertain significance,0,0.0741,3.3947,-7.8978,gain_of_function,-2.30568311902712,0.0334050018221972,Benign,0.1218,benign,https://doi.org/10.1101/2022.10.22.513328
I491V,0.3628,0.03333,0.447246115020779,Neutral,Neutral,58.4,,,,clinvar,,True,58.4,,,,neutral,neutral,neutral,992132,Uncertain significance,0,0.1372,3.3947,-3.3433,gain_of_function,-0.446688177464224,0.0001497865363517,Benign,0.0809,benign,https://doi.org/10.1101/2022.10.22.513328
G492A,2.79089,0.62041,1.807505203637622,Uncertain,Uncertain,34.3,,,0.246,"cBioPortal,COSMIC",,True,34.3,,,,neutral,neutral,neutral,,,,-0.0329,2.9166,-6.0995,loss_of_function,-0.765013849359353,0.0006400834782599,Benign,0.1079,benign,https://doi.org/10.1101/2022.10.22.513328
G492R,1.98342,0.7915,1.1330159767078296,Neutral,Neutral,34.3,,,,clinvar,,True,34.3,,,,neutral,neutral,neutral,2024216,Uncertain significance,1,-0.1136,2.9166,-6.9069,loss_of_function,-2.07385515260348,0.0020851003098614,Benign,0.1456,benign,https://doi.org/10.1101/2022.10.22.513328
G492S,2.34287,0.92551,1.528345282197732,Uncertain,Uncertain,34.3,0.0008287116720852,0.0009346760850197,0.253,"cBioPortal,clinvar",,True,34.3,,,,neutral,neutral,neutral,445832,Uncertain significance,2,-0.027,2.9166,-3.7776,loss_of_function,0.197304140267937,2.2046006260928677e-05,Benign,0.0673,benign,https://doi.org/10.1101/2022.10.22.513328
L493F,1.52448,0.76463,0.7765909208590249,Neutral,Neutral,8.9,,,,clinvar,,True,8.9,,,,neutral,neutral,neutral,828093,Uncertain significance,0,-0.08,2.0347,-5.4444,loss_of_function,-2.90239853051517,0.1140763506753665,Benign,0.4492,ambiguous,https://doi.org/10.1101/2022.10.22.513328
L493I,3.73041,1.19524,1.1247201132806768,Uncertain,Uncertain,8.9,,,0.476,"cBioPortal,COSMIC",,True,8.9,,,,neutral,neutral,neutral,,,,-0.0252,2.0347,-6.3189,loss_of_function,-2.15053221183571,0.1409704005183254,Benign,0.3139,benign,https://doi.org/10.1101/2022.10.22.513328
N494I,4.84811,1.40034,0.9299985051340356,Uncertain,Uncertain,3.3,,,,literature,,False,3.3,,,,neutral,neutral,neutral,,,,-0.3308,0.5236,-22.1946,loss_of_function,-5.55452782486556,0.8498535368379889,Pathogenic,0.9589,pathogenic,https://doi.org/10.1101/2022.10.22.513328
G496S,0.06705,0.86939,2.591761587828677,Neutral,Uncertain,0.0,,,,"literature,clinvar",,False,0.0,,,,neutral,neutral,neutral,558472,Uncertain significance,1,-0.1661,1.3931,-3.5638,loss_of_function,-2.16783861460185,0.0120425523334334,Benign,0.2562,benign,https://doi.org/10.1101/2022.10.22.513328
Y497H,2.95809,2.96463,2.701463977553179,Uncertain,Uncertain,2.1,,,,clinvar,,False,2.1,,,,uncertain,,,992709,Likely pathogenic,1,-0.3015,0.629,-22.1673,loss_of_function,-3.77227379296311,0.8501573088917032,Pathogenic,0.8979,pathogenic,https://doi.org/10.1101/2022.10.22.513328
R498C,4.82482,-0.15884,1.9939733619394904,Uncertain,Uncertain,0.7,3.18613394507e-05,1.19500963974e-05,0.934,"cBioPortal,COSMIC,literature,clinvar",,False,0.7,,,,neutral,neutral,neutral,198095,Pathogenic/Likely pathogenic,2,-0.319,0.343,-8.8794,loss_of_function,-5.53549212364963,0.8343183350621248,Pathogenic,0.8677,pathogenic,https://doi.org/10.1101/2022.10.22.513328
R498H,10.08911,1.78333,1.7515499912949255,Uncertain,Uncertain,0.7,,,,clinvar,,False,0.7,,,,neutral,neutral,neutral,167712,Pathogenic/Likely pathogenic,2,-0.3477,0.343,-22.1673,loss_of_function,-5.75437215812403,0.7908102755504659,Pathogenic,0.7643,pathogenic,https://doi.org/10.1101/2022.10.22.513328
R498L,4.92899,-0.64898,0.0979525804834902,Uncertain,Uncertain,0.7,,,,"literature,clinvar",,False,0.7,,,,neutral,neutral,neutral,2980,Pathogenic/Likely pathogenic,2,-0.3126,0.343,-8.8794,loss_of_function,-5.17103450447797,0.7927149894467526,Pathogenic,0.965,pathogenic,https://doi.org/10.1101/2022.10.22.513328
R498P,8.22664,3.61497,6.104908810396325,Destabilizing,Destabilizing,0.7,,,,clinvar,,False,0.7,,,,neutral,neutral,neutral,1507898,Likely pathogenic,1,-0.4522,0.343,-8.8794,loss_of_function,-6.81905279140512,0.8602588210513034,Pathogenic,0.9972,pathogenic,https://doi.org/10.1101/2022.10.22.513328
Y500H,4.28721,1.44014,2.6015747012086385,Uncertain,Uncertain,0.0,,,,clinvar,,False,0.0,,,,uncertain,,,"1475471, 557879","Pathogenic/Likely pathogenic, Conflicting interpretations of pathogenicity","2, 1",-0.3319,0.2989,-22.1612,loss_of_function,-4.14550934813989,0.7772860456274849,Pathogenic,0.9596,pathogenic,https://doi.org/10.1101/2022.10.22.513328
Y500N,6.10495,3.62211,4.024342414440456,Destabilizing,Destabilizing,0.0,,,,clinvar,,False,0.0,,,,uncertain,,,225626,Pathogenic,0,-0.3444,0.2989,-7.8734,loss_of_function,-6.87847426088091,0.8337840660442863,Pathogenic,0.973,pathogenic,https://doi.org/10.1101/2022.10.22.513328
D503N,2.97124,1.36293,0.8445300986013127,Uncertain,Uncertain,2.0,,,0.722,"cBioPortal,COSMIC",,False,2.0,,,,neutral,neutral,neutral,,,,-0.1733,0.6464,-6.0413,loss_of_function,-2.70614421180278,0.0582931687597618,Benign,0.6399,pathogenic,https://doi.org/10.1101/2022.10.22.513328
G504E,13.55342,5.15612,4.752484078709862,Destabilizing,Destabilizing,0.2,,,0.795,cBioPortal,,False,0.2,,,,neutral,neutral,neutral,,,,-0.3233,0.4987,-7.7279,loss_of_function,-2.62297138830223,0.307649872442188,Benign,0.7146,pathogenic,https://doi.org/10.1101/2022.10.22.513328
N505K,-0.63243,0.72517,0.9980108113782488,Neutral,Neutral,57.2,,,0.352,COSMIC,,False,57.2,,,,neutral,neutral,neutral,,,,-0.0257,2.5257,-7.7346,loss_of_function,-2.7416637253576,,,0.1605,benign,https://doi.org/10.1101/2022.10.22.513328
Y506C,3.44248,4.58061,2.582741820778983,Destabilizing,Uncertain,34.5,,,,clinvar,,False,34.5,,,,uncertain,,,305205,Uncertain significance,1,-0.2681,1.666,-21.9882,loss_of_function,-4.17257213579577,,,0.2954,benign,https://doi.org/10.1101/2022.10.22.513328
G508R,2.06701,1.28435,1.0240389756124184,Uncertain,Uncertain,121.6,0.1976179832684079,0.1913769367275968,0.496,"cBioPortal,COSMIC,clinvar",,False,121.6,,,,neutral,neutral,neutral,93317,Benign,2,-0.1176,2.8686,-6.817,loss_of_function,-0.22910723241001,,,0.1115,benign,https://doi.org/10.1101/2022.10.22.513328
S509T,2.1209,-0.07789,0.5570960556434223,Uncertain,Uncertain,0.5,,,,clinvar,,False,0.5,,,,neutral,,,992710,Likely pathogenic,1,-0.0133,1.6985,-2.3283,loss_of_function,-1.71777740017848,0.0068923982231815,Benign,0.1881,benign,https://doi.org/10.1101/2022.10.22.513328
S510F,7.00436,-0.06769,-1.202036973536345,Uncertain,Uncertain,13.9,3.1847133758e-05,0.0007954563533099,0.735,"cBioPortal,COSMIC,clinvar",P,False,13.9,1.722,,,uncertain,damaging,uncertain,549947,Conflicting interpretations of pathogenicity,1,-0.1329,1.6216,-7.2605,loss_of_function,-4.35109430777375,0.5404463726937677,Uncertain,0.6212,pathogenic,https://doi.org/10.1101/2022.10.22.513328
S510P,0.61858,2.38776,4.26877179632244,Uncertain,Uncertain,13.9,,,0.712,"cBioPortal,COSMIC",P,False,13.9,1.722,,,uncertain,neutral,uncertain,,,,-0.2113,1.6216,-7.8454,loss_of_function,-3.91314961557751,0.3356184294104776,Uncertain,0.5228,ambiguous,https://doi.org/10.1101/2022.10.22.513328
V512M,-0.65436,-0.21327,1.0244998309387825,Neutral,Neutral,10.7,0.0021023125437982,0.0004812242982477,0.188,"cBioPortal,COSMIC,clinvar",,False,10.7,,,,neutral,neutral,neutral,498027,Likely benign,2,0.0566,3.4738,-3.1081,gain_of_function,-0.752706505970457,1.0742551180418064e-08,Benign,0.0814,benign,https://doi.org/10.1101/2022.10.22.513328
H516L,-1.70996,-0.81054,-0.2284512840506164,Neutral,Neutral,3.7,,,,clinvar,,True,3.7,,,,neutral,neutral,neutral,2056200,Likely pathogenic,1,-0.2098,1.4837,-22.1332,loss_of_function,-2.89739476155606,0.5344413865475668,Uncertain,0.5101,ambiguous,https://doi.org/10.1101/2022.10.22.513328
H516Q,1.25199,1.07381,1.605991039125121,Neutral,Neutral,3.7,,,,"literature,clinvar",,True,3.7,,,,neutral,neutral,neutral,1526231,Uncertain significance,1,-0.0523,1.4837,-7.2605,loss_of_function,-2.98467501140304,0.3557316618082164,Uncertain,0.6676,pathogenic,https://doi.org/10.1101/2022.10.22.513328
H516R,0.20237,1.04218,1.5131481077085924,Neutral,Neutral,3.7,,,,clinvar,,True,3.7,,,,neutral,neutral,neutral,663763,Conflicting interpretations of pathogenicity,1,-0.1964,1.4837,-22.1332,loss_of_function,-4.92917140417167,0.780718622086417,Pathogenic,0.8324,pathogenic,https://doi.org/10.1101/2022.10.22.513328
H516Y,-2.13022,-2.67381,-0.6402013639088566,Uncertain,Uncertain,3.7,,,0.78,"COSMIC,clinvar",,True,3.7,,,,neutral,neutral,neutral,2183560,Likely pathogenic,1,-0.0392,1.4837,-3.9875,loss_of_function,-2.06590415353239,0.0049912314791346,Benign,0.3255,benign,https://doi.org/10.1101/2022.10.22.513328
E517K,0.56216,0.50714,0.3445358740044896,Neutral,Neutral,6.3,,,0.765,cBioPortal,,True,6.3,,,,neutral,neutral,neutral,,,,-0.125,1.4795,-6.2605,loss_of_function,-2.58414629654005,0.1621282145170272,Benign,0.2885,benign,https://doi.org/10.1101/2022.10.22.513328
E517V,1.0429,-0.38163,-0.0905156638137588,Neutral,Neutral,6.3,,,,"literature,clinvar",,True,6.3,,,,neutral,neutral,neutral,198094,Conflicting interpretations of pathogenicity,1,-0.1243,1.4795,-7.8454,loss_of_function,-2.78590823806705,0.099932920752803,Benign,0.4514,ambiguous,https://doi.org/10.1101/2022.10.22.513328
T518I,4.16025,2.52109,-1.7724263070168416,Uncertain,Uncertain,0.5,,,,clinvar,,True,0.5,,,,uncertain,,,992711,Likely pathogenic,1,-0.2468,1.102,-22.1332,loss_of_function,-3.8719323846132,0.582537287165385,Uncertain,0.9433,pathogenic,https://doi.org/10.1101/2022.10.22.513328
Y519C,4.65303,4.35476,4.012539273185833,Destabilizing,Destabilizing,13.1,,,,"literature,clinvar",,True,13.1,,,,uncertain,,,437453,Conflicting interpretations of pathogenicity,1,-0.2046,1.6279,-8.8485,loss_of_function,-4.91115767222741,0.6341831630978345,Uncertain,0.3916,ambiguous,https://doi.org/10.1101/2022.10.22.513328
I520L,1.28133,1.98741,0.4281508774579218,Neutral,Neutral,3.2,,,,literature,,True,3.2,,,,neutral,neutral,neutral,2506220,Uncertain significance,1,-0.0252,2.258,-6.8486,loss_of_function,-1.72073696124838,0.133148715738449,Benign,0.2158,benign,https://doi.org/10.1101/2022.10.22.513328
L521R,8.42067,4.14048,4.317353471505139,Destabilizing,Destabilizing,0.9,,,,clinvar,,True,0.9,,,,neutral,neutral,neutral,372512,Likely pathogenic,1,-0.3136,2.017,-22.1363,loss_of_function,-5.22732271844194,0.8459419971760751,Pathogenic,0.8617,pathogenic,https://doi.org/10.1101/2022.10.22.513328
N522K,0.9584,1.0466,1.1394077633511823,Neutral,Neutral,35.0,,,,clinvar,,True,35.0,,,,neutral,neutral,neutral,500003,Uncertain significance,1,-0.1951,0.7459,-8.8485,loss_of_function,-3.57382455528514,0.5431329285631301,Uncertain,0.9219,pathogenic,https://doi.org/10.1101/2022.10.22.513328
L523M,0.5694,1.50544,2.4080477114822187,Neutral,Uncertain,0.3,,1.98963796548e-05,0.685,COSMIC,,False,0.3,,,,neutral,neutral,neutral,,,,-0.1779,0.6798,-7.2636,loss_of_function,-2.44080777023622,0.1661096669625482,Benign,0.433,ambiguous,https://doi.org/10.1101/2022.10.22.513328
L523V,2.27152,2.06803,2.6669717022621,Uncertain,Uncertain,0.3,,,0.66,cBioPortal,,False,0.3,,,,neutral,neutral,neutral,,,,-0.1786,0.6798,-4.8486,loss_of_function,-2.36010408010815,0.0973965084539099,Benign,0.2411,benign,https://doi.org/10.1101/2022.10.22.513328
Q525H,0.03624,-0.01497,-0.4917602633103257,Neutral,Neutral,71.9,,,,literature,,False,71.9,,,,neutral,neutral,neutral,,,,-0.016,2.266,-7.2573,loss_of_function,-2.13311164640598,0.0001331025487634,Benign,0.1619,benign,https://doi.org/10.1101/2022.10.22.513328
Q525K,-0.3322,-0.03912,-0.3278033308456696,Neutral,Neutral,71.9,,,0.168,COSMIC,,False,71.9,,,,neutral,neutral,neutral,,,,-0.0281,2.266,-3.3505,loss_of_function,-0.759891732971333,5.869219920099576e-07,Benign,0.0853,benign,https://doi.org/10.1101/2022.10.22.513328
P529L,1.17318,1.20714,-0.1581145013813978,Neutral,Neutral,93.0,,1.59177371345e-05,0.339,COSMIC,,False,93.0,,,,neutral,neutral,neutral,,,,-0.0019,3.1837,-6.2479,loss_of_function,-0.381883623297099,0.0029688814813576,Benign,0.098,benign,https://doi.org/10.1101/2022.10.22.513328
G530A,2.23475,1.61429,1.912607437136441,Uncertain,Uncertain,124.0,,,,clinvar,,False,124.0,,,,neutral,neutral,neutral,289948,Conflicting interpretations of pathogenicity,1,-0.0413,2.7777,-5.232,loss_of_function,-0.762326147955528,0.0010826912617642,Benign,0.1322,benign,https://doi.org/10.1101/2022.10.22.513328
G530E,3.73578,1.33163,1.6371812449648415,Uncertain,Uncertain,124.0,,,0.522,cBioPortal,,False,124.0,,,,neutral,neutral,neutral,,,,-0.0955,2.7777,-4.1731,loss_of_function,-0.115249546710019,0.0004379633925517,Benign,0.1075,benign,https://doi.org/10.1101/2022.10.22.513328
A531G,0.84106,0.95374,0.9035336290164838,Neutral,Neutral,40.6,,,,clinvar,,False,40.6,,,,neutral,neutral,neutral,1468251,Uncertain significance,1,0.0827,3.6027,-5.5236,gain_of_function,-0.485662532640548,,,0.0837,benign,https://doi.org/10.1101/2022.10.22.513328
I532T,0.45361,0.41531,0.447452766459202,Neutral,Neutral,95.6,,,,clinvar,,False,95.6,,,,neutral,neutral,neutral,2201074,Uncertain significance,1,0.0501,3.6708,-3.415,gain_of_function,0.170828636240169,7.139257726614425e-10,Benign,0.0605,benign,https://doi.org/10.1101/2022.10.22.513328
P533L,4.28656,0.54592,0.0327443235687313,Uncertain,Uncertain,9.2,,,,clinvar,,False,9.2,,,,neutral,neutral,neutral,198092,Conflicting interpretations of pathogenicity,1,-0.2285,0.7182,-6.2094,loss_of_function,-3.36727104252699,0.0214205629293399,Benign,0.2144,benign,https://doi.org/10.1101/2022.10.22.513328
P533Q,4.17909,0.81054,0.7922167225064691,Uncertain,Uncertain,9.2,,3.97937094104e-05,0.788,"cBioPortal,COSMIC,clinvar",,False,9.2,,,,neutral,neutral,neutral,1173978,Pathogenic,1,-0.2214,0.7182,-8.7943,loss_of_function,-5.45354961658899,0.8517594124061838,Pathogenic,0.383,ambiguous,https://doi.org/10.1101/2022.10.22.513328
W535R,6.52093,6.71735,5.161353778374473,Destabilizing,Destabilizing,2.4,,,,"literature,clinvar",,False,2.4,,,,neutral,neutral,neutral,557963,Likely pathogenic,2,-0.5202,0.4307,-22.1206,loss_of_function,-6.28705096696696,0.8705244385406363,Pathogenic,0.964,pathogenic,https://doi.org/10.1101/2022.10.22.513328
Y539C,5.9914,3.60884,2.8795243459290707,Destabilizing,Uncertain,8.3,,3.9780728624e-06,0.958,cBioPortal,,True,8.3,,,,uncertain,,,,,,-0.4179,0.0451,-22.1206,loss_of_function,-6.46466621587302,0.8597141339051642,Pathogenic,0.9099,pathogenic,https://doi.org/10.1101/2022.10.22.513328
Y539H,4.65378,2.70136,1.1634440543044644,Uncertain,Uncertain,8.3,,,,literature,,True,8.3,,,,uncertain,,,,,,-0.355,0.0451,-22.1206,loss_of_function,-3.88191937621361,0.7558149990762126,Pathogenic,0.8985,pathogenic,https://doi.org/10.1101/2022.10.22.513328
R540M,1.01793,1.15748,0.8508822389781767,Neutral,Neutral,50.6,,,0.531,"cBioPortal,COSMIC",,True,50.6,,,,neutral,neutral,neutral,,,,-0.1604,2.3602,-22.1206,loss_of_function,-3.498412827527,0.4819525699863437,Uncertain,0.2204,benign,https://doi.org/10.1101/2022.10.22.513328
A541T,4.62875,0.82211,1.6341656965595204,Uncertain,Uncertain,0.0,,,0.653,cBioPortal,,True,0.0,,,,neutral,neutral,neutral,,,,-0.1091,1.1665,-3.663,loss_of_function,-1.76646391084747,0.0282709511949532,Benign,0.2533,benign,https://doi.org/10.1101/2022.10.22.513328
R542L,0.62387,-0.01463,0.3442490027320333,Neutral,Neutral,50.6,,,0.289,"cBioPortal,COSMIC",,True,50.6,,,,neutral,neutral,neutral,,,,-0.1252,2.1652,-5.0255,loss_of_function,-1.05413730851291,0.0010835230536751,Benign,0.1507,benign,https://doi.org/10.1101/2022.10.22.513328
R542Q,1.38572,1.15578,1.5540687782971796,Neutral,Neutral,50.6,0.0060859036451695,0.0016072821018794,0.438,"cBioPortal,clinvar",,True,50.6,,,,neutral,neutral,neutral,305207,Benign/Likely benign,2,-0.1,2.1652,-5.511,loss_of_function,-2.00494609672939,0.0035362176119461,Benign,0.078,benign,https://doi.org/10.1101/2022.10.22.513328
E543V,0.06488,0.27993,0.2840863322392956,Neutral,Neutral,73.9,,,0.756,"cBioPortal,COSMIC",,True,73.9,,,,neutral,neutral,neutral,,,,-0.0182,2.6871,-8.8296,loss_of_function,-2.870551349594,0.0635280376985995,Benign,0.2671,benign,https://doi.org/10.1101/2022.10.22.513328
N549K,1.26439,2.87789,1.1373597346908138,Uncertain,Neutral,51.8,,,,literature,,False,51.8,,,,neutral,neutral,neutral,,,,-0.0908,2.6161,-22.1143,loss_of_function,-3.78569925435997,0.0029663838826301,Benign,0.4379,ambiguous,https://doi.org/10.1101/2022.10.22.513328
L551P,2.03472,5.60612,3.8089875536642457,Uncertain,Uncertain,24.7,,,,literature,,False,24.7,,,,neutral,neutral,neutral,,,,-0.2378,2.8737,-22.1111,loss_of_function,-5.33632392032635,0.1179057652035629,Benign,0.3703,ambiguous,https://doi.org/10.1101/2022.10.22.513328
P552S,3.34958,2.31156,0.6147797598496163,Uncertain,Uncertain,18.0,,,0.706,"cBioPortal,COSMIC",,False,18.0,,,,neutral,neutral,neutral,,,,-0.2215,0.4063,-8.8232,loss_of_function,-3.0550164998689,0.5565348746424821,Uncertain,0.5081,ambiguous,https://doi.org/10.1101/2022.10.22.513328
A554P,-1.82702,5.48605,3.61789582459432,Uncertain,Uncertain,7.4,,,,clinvar,,True,7.4,,,,neutral,neutral,neutral,992713,Uncertain significance,1,-0.2653,2.1313,-22.1111,loss_of_function,-5.30695372169318,0.09486352789957,Benign,0.5292,ambiguous,https://doi.org/10.1101/2022.10.22.513328
A554T,-0.19441,0.97823,0.5152483971648921,Neutral,Neutral,7.4,,1.19292832091e-05,0.328,"cBioPortal,COSMIC,clinvar",,True,7.4,,,,neutral,neutral,neutral,877136,Uncertain significance,2,-0.0348,2.1313,-6.5014,loss_of_function,-0.0378656255141417,0.0003829353123659,Benign,0.0931,benign,https://doi.org/10.1101/2022.10.22.513328
A554V,1.00546,2.50238,-0.2099961265867012,Uncertain,Neutral,7.4,,,0.499,"cBioPortal,COSMIC",,True,7.4,,,,neutral,neutral,neutral,,,,-0.1115,2.1313,-22.1111,loss_of_function,-4.87601062625983,0.0357965270541141,Benign,0.1629,benign,https://doi.org/10.1101/2022.10.22.513328
N557Y,-0.10385,0.04728,-0.2036616220480097,Neutral,Neutral,65.3,,,0.379,cBioPortal,,True,65.3,,,,neutral,neutral,neutral,,,,-0.0578,3.3811,-22.1079,loss_of_function,-1.65382788572982,0.0082766834764156,Benign,0.1457,benign,https://doi.org/10.1101/2022.10.22.513328
L558P,8.50104,14.12585,10.88230952925315,Destabilizing,Destabilizing,0.0,,,,clinvar,,True,0.0,,,,neutral,neutral,neutral,225624,Pathogenic,0,-0.3965,1.1494,-22.1111,loss_of_function,-5.94332855694178,0.8626890489734915,Pathogenic,0.9819,pathogenic,https://doi.org/10.1101/2022.10.22.513328
V559A,2.19229,2.0551,2.9014068034762754,Uncertain,Uncertain,0.0,,,,clinvar,,True,0.0,,,,neutral,neutral,neutral,992133,Uncertain significance,0,-0.0625,2.2159,-5.6534,loss_of_function,-2.29817718487929,0.0037027863764432,Benign,0.2568,benign,https://doi.org/10.1101/2022.10.22.513328
V559E,4.61885,5.04932,4.449957681936799,Destabilizing,Destabilizing,0.0,,,,clinvar,,True,0.0,,,,neutral,neutral,neutral,2498326,Pathogenic,1,-0.2703,2.2159,-22.1111,loss_of_function,-5.21586941444035,0.3916456561208357,Uncertain,0.9203,pathogenic,https://doi.org/10.1101/2022.10.22.513328
V559I,0.98731,-0.61871,0.4841558156835124,Neutral,Neutral,0.0,,,,clinvar,,True,0.0,,,,neutral,neutral,neutral,596316,Conflicting interpretations of pathogenicity,1,0.0246,2.2159,-1.2309,gain_of_function,-1.02670432180921,1.883920692263951e-07,Benign,0.0916,benign,https://doi.org/10.1101/2022.10.22.513328
V559L,2.50201,1.0085,1.2522314043196816,Uncertain,Uncertain,0.0,,,,clinvar,,True,0.0,,,,neutral,neutral,neutral,554842,Uncertain significance,1,-0.0476,2.2159,-2.6139,loss_of_function,-1.04932047003539,1.0981981661302883e-06,Benign,0.2296,benign,https://doi.org/10.1101/2022.10.22.513328
R561C,1.51444,1.4551,1.462763088882217,Neutral,Neutral,48.6,,7.9527922254e-06,0.754,"cBioPortal,COSMIC,clinvar",,True,48.6,,,,neutral,neutral,neutral,1499870,Uncertain significance,1,-0.167,2.7281,-22.1015,loss_of_function,-2.54204951250906,0.5712100782925305,Uncertain,0.2765,benign,https://doi.org/10.1101/2022.10.22.513328
R563Q,0.49266,0.9381,1.3585574454000449,Neutral,Neutral,48.8,,2.78354368971e-05,0.351,"COSMIC,clinvar",,True,48.8,,,,neutral,neutral,neutral,2426145,Uncertain significance,1,0.0558,3.733,-3.256,gain_of_function,-0.581689710135259,1.030087485860987e-09,Benign,0.0773,benign,https://doi.org/10.1101/2022.10.22.513328
R563W,0.71762,1.04184,-0.1472200333766421,Neutral,Neutral,48.8,,3.9765542362e-06,0.537,cBioPortal,,True,48.8,,,,neutral,neutral,neutral,,,,-0.0003,3.733,-5.8106,loss_of_function,-0.450190704222579,0.0006701778194745,Benign,0.1863,benign,https://doi.org/10.1101/2022.10.22.513328
D565N,2.82061,0.28027,-0.1549794056783382,Uncertain,Uncertain,61.5,,,,clinvar,,False,61.5,,,,neutral,neutral,neutral,2160147,Uncertain significance,1,-0.0526,1.7235,-1.8251,loss_of_function,-0.0367044001457417,0.0002615021424047,Benign,0.1075,benign,https://doi.org/10.1101/2022.10.22.513328
D565Y,3.94228,0.82449,-0.1532127917425024,Uncertain,Uncertain,61.5,,,,literature,,False,61.5,,,,neutral,neutral,neutral,,,,-0.1666,1.7235,-8.8136,loss_of_function,-2.94477258231824,0.6404585288839449,Uncertain,0.6487,pathogenic,https://doi.org/10.1101/2022.10.22.513328
M566I,0.28614,0.49626,0.3754741019647656,Neutral,Neutral,43.4,,,,clinvar,,False,43.4,,,,neutral,neutral,neutral,877137,Uncertain significance,1,0.0469,3.0555,-5.6438,gain_of_function,-1.74443844420887,4.3745565067458535e-09,Benign,0.122,benign,https://doi.org/10.1101/2022.10.22.513328
Q567K,0.30544,-0.24762,-0.215692662353113,Neutral,Neutral,102.0,,3.9764593606e-06,0.154,cBioPortal,,False,102.0,,,,neutral,neutral,neutral,,,,0.0882,3.5506,-3.7231,gain_of_function,-0.233436102498582,1.4771196772302463e-06,Benign,0.0813,benign,https://doi.org/10.1101/2022.10.22.513328
Q570H,0.68967,1.07381,-0.3907203919795582,Neutral,Neutral,48.0,,,0.734,cBioPortal,,False,48.0,,,,neutral,neutral,neutral,,,,0.0034,2.419,-6.2256,gain_of_function,-2.79501561836378,0.1823457182635924,Benign,0.4434,ambiguous,https://doi.org/10.1101/2022.10.22.513328
Q570P,3.83791,12.19728,7.1133871903047,Destabilizing,Destabilizing,48.0,,,,clinvar,,False,48.0,,,,neutral,neutral,neutral,252490,Uncertain significance,1,-0.2502,2.419,-22.0983,loss_of_function,-3.88741602820484,0.7461539143232662,Pathogenic,0.7822,pathogenic,https://doi.org/10.1101/2022.10.22.513328
F572L,1.66296,1.05136,2.941988070580853,Neutral,Uncertain,4.0,,,,literature,,False,4.0,,,,neutral,neutral,neutral,,,,-0.1813,1.1445,-8.7714,loss_of_function,-3.89402209300776,0.0996627602501593,Benign,0.9864,pathogenic,https://doi.org/10.1101/2022.10.22.513328
W573S,3.13999,4.39354,5.128108352854941,Destabilizing,Destabilizing,13.1,,,,clinvar,,False,13.1,,,,neutral,neutral,neutral,1526024,Uncertain significance,2,-0.3766,2.1411,-22.0292,loss_of_function,-3.2736662745808,0.4375997007731091,Uncertain,0.6141,pathogenic,https://doi.org/10.1101/2022.10.22.513328
F574C,1.88547,1.88912,2.174396278346101,Neutral,Uncertain,53.0,,,0.725,"cBioPortal,COSMIC",,False,53.0,,,,neutral,neutral,neutral,,,,-0.1587,2.8019,-22.0559,loss_of_function,-2.74596597525819,0.1408072535936941,Benign,0.83,pathogenic,https://doi.org/10.1101/2022.10.22.513328
F574V,1.40308,0.82109,1.1454637199351307,Neutral,Neutral,53.0,,,,clinvar,,False,53.0,,,,neutral,neutral,neutral,2070825,Uncertain significance,1,-0.0529,2.8019,-7.1832,loss_of_function,-2.15593885753149,0.0037780433265913,Benign,0.4978,ambiguous,https://doi.org/10.1101/2022.10.22.513328
Y576D,6.81902,4.77483,4.847118985177684,Destabilizing,Destabilizing,19.4,,,0.687,cBioPortal,,False,19.4,,,,uncertain,,,,,,-0.268,2.145,-22.0625,loss_of_function,-2.73131607075026,0.1295938598583546,Benign,0.7656,pathogenic,https://doi.org/10.1101/2022.10.22.513328
H577D,3.06491,1.89898,3.5074465344939822,Uncertain,Destabilizing,12.0,,,,literature,,False,12.0,,,,neutral,neutral,neutral,,,,-0.0893,2.761,-22.0592,loss_of_function,-2.91960890586619,0.5848390803857653,Uncertain,0.8239,pathogenic,https://doi.org/10.1101/2022.10.22.513328
H577R,0.87409,1.58571,1.8967752642113689,Neutral,Neutral,12.0,,,,clinvar,,False,12.0,,,,neutral,neutral,neutral,550112,Conflicting interpretations of pathogenicity,1,0.0077,2.761,-5.1865,gain_of_function,-2.08661650193613,0.0139054212153541,Benign,0.1879,benign,https://doi.org/10.1101/2022.10.22.513328
H577Y,-0.09241,-1.52551,-0.3090658401726243,Neutral,Neutral,12.0,,,,clinvar,,False,12.0,,,,neutral,neutral,neutral,2159240,Uncertain significance,1,0.0885,2.761,-1.9901,gain_of_function,-0.991566222144157,0.0001700036612236,Benign,0.1466,benign,https://doi.org/10.1101/2022.10.22.513328
K578N,2.20518,-0.23265,0.395720325313238,Uncertain,Uncertain,0.0,,,,"literature,clinvar",,False,0.0,,,,neutral,neutral,neutral,203428,not provided,0,-0.1196,1.4894,-5.7682,loss_of_function,-3.31532044154247,0.1206166633211875,Benign,0.9931,pathogenic,https://doi.org/10.1101/2022.10.22.513328
G579S,5.04453,1.12857,1.6978378984757383,Uncertain,Uncertain,3.7,,,,"literature,clinvar",,False,3.7,,,,neutral,neutral,neutral,2982,Pathogenic/Likely pathogenic,2,-0.0357,2.7901,-3.2044,loss_of_function,-1.54682231590813,0.0025694366438541,Benign,0.4752,ambiguous,https://doi.org/10.1101/2022.10.22.513328
P581L,1.37999,2.77109,-0.7887135258153849,Uncertain,Neutral,24.7,,,0.582,COSMIC,,False,24.7,,,,neutral,neutral,neutral,,,,-0.0691,2.4625,-6.422,loss_of_function,-0.855678869050199,0.0089262186701877,Benign,0.1382,benign,https://doi.org/10.1101/2022.10.22.513328
P581S,2.36831,2.42279,0.2966707267872431,Uncertain,Uncertain,24.7,,,0.397,"cBioPortal,COSMIC",,False,24.7,,,,neutral,neutral,neutral,,,,-0.0141,2.4625,-5.2521,loss_of_function,-1.42251488072871,0.0002888317345915,Benign,0.2151,benign,https://doi.org/10.1101/2022.10.22.513328
S583A,-0.07669,0.4983,0.0584841954452047,Neutral,Neutral,115.8,,,,clinvar,,False,115.8,,,,uncertain,,,1480186,Uncertain significance,1,0.085,2.9442,-3.7004,gain_of_function,-0.916461900054287,8.011738435655332e-05,Benign,0.0664,benign,https://doi.org/10.1101/2022.10.22.513328
E584K,0.08311,0.09388,0.1996013717355882,Neutral,Neutral,97.0,,,0.387,"cBioPortal,COSMIC",,False,97.0,,,,neutral,neutral,neutral,,,,0.0259,2.9764,-3.6865,gain_of_function,-0.951894023805117,0.0002791518248191,Benign,0.0869,benign,https://doi.org/10.1101/2022.10.22.513328
P585T,0.82309,0.72891,-0.1586951232022049,Neutral,Neutral,83.1,,,0.388,COSMIC,,True,83.1,,,,neutral,neutral,neutral,,,,0.0464,3.1757,-3.8756,gain_of_function,-0.750432202567543,0.0039212630720187,Benign,0.0891,benign,https://doi.org/10.1101/2022.10.22.513328
C586R,4.86779,0.0,1.7905162446271972,Uncertain,Uncertain,2.0,,,0.903,COSMIC,,True,2.0,,,,neutral,neutral,neutral,,,,-0.5134,0.3305,-22.0426,loss_of_function,-6.6707812375781,0.8801794798984697,Pathogenic,0.9431,pathogenic,https://doi.org/10.1101/2022.10.22.513328
G587S,1.11431,-0.40102,0.7432089246762216,Neutral,Neutral,96.3,,,0.086,COSMIC,,True,96.3,,,,neutral,neutral,neutral,,,,-0.0332,2.9139,-4.9408,loss_of_function,-0.642365602239753,2.672698060371813e-05,Benign,0.0789,benign,https://doi.org/10.1101/2022.10.22.513328
T588K,-0.7267,-0.03333,-0.1221856460830456,Neutral,Neutral,80.7,,,,clinvar,,True,80.7,,,,uncertain,,,2084008,Uncertain significance,1,-0.0044,3.4493,-5.7482,loss_of_function,-1.32754840497495,8.472686934405483e-06,Benign,0.1,benign,https://doi.org/10.1101/2022.10.22.513328
T588M,-0.96787,0.26769,-0.3025813830145935,Neutral,Neutral,80.7,0.0121407176088203,0.0035946021257116,0.113,"cBioPortal,COSMIC,clinvar",,True,80.7,,,,uncertain,,,235264,Benign/Likely benign,2,0.034,3.4493,-5.7482,gain_of_function,-0.411511103552856,0.0006272145138214,Benign,0.0751,benign,https://doi.org/10.1101/2022.10.22.513328
T588R,-0.56808,0.38912,-0.3453994385586029,Neutral,Neutral,80.7,,,0.132,"cBioPortal,COSMIC",,True,80.7,,,,uncertain,,,,,,-0.0106,3.4493,-6.4262,loss_of_function,-1.34919310174161,5.1675743287667305e-05,Benign,0.085,benign,https://doi.org/10.1101/2022.10.22.513328
R591C,-0.7516,0.61531,2.676976367059924,Neutral,Uncertain,15.5,6.37104994903e-05,1.1948002294e-05,0.718,"COSMIC,clinvar",,True,15.5,,,,neutral,neutral,neutral,550895,Uncertain significance,2,-0.2708,1.597,-22.0393,loss_of_function,-3.2016961381368,0.2562822366854232,Benign,0.3057,benign,https://doi.org/10.1101/2022.10.22.513328
R591H,5.43698,2.55748,2.470701326674638,Uncertain,Uncertain,15.5,6.372673974e-05,6.7718831412e-05,0.53,"COSMIC,clinvar",,True,15.5,,,,neutral,neutral,neutral,596113,Uncertain significance,2,-0.1558,1.597,-7.1665,loss_of_function,-3.16728754455047,0.040406184672856,Benign,0.1347,benign,https://doi.org/10.1101/2022.10.22.513328
R591L,-1.7445,-0.87041,0.9088687318235402,Neutral,Neutral,15.5,,,0.541,COSMIC,,True,15.5,,,,neutral,neutral,neutral,,,,-0.1847,1.597,-6.4296,loss_of_function,-2.62331430804839,0.0031858485808981,Benign,0.1962,benign,https://doi.org/10.1101/2022.10.22.513328
R591S,0.40133,1.60714,2.9796055616389614,Neutral,Uncertain,15.5,,,0.609,cBioPortal,,True,15.5,,,,neutral,neutral,neutral,,,,-0.1946,1.597,-8.7514,loss_of_function,-3.21788550762311,0.453873173909341,Uncertain,0.562,ambiguous,https://doi.org/10.1101/2022.10.22.513328
L595V,3.02684,3.24354,2.4256798246366182,Destabilizing,Uncertain,0.0,,,,clinvar,,True,0.0,,,,neutral,neutral,neutral,1173980,Likely pathogenic,1,-0.1199,1.2867,-4.2854,loss_of_function,-1.08547860056644,0.0086735057302114,Benign,0.1327,benign,https://doi.org/10.1101/2022.10.22.513328
C596R,2.5702,0.0,-0.0612836826552881,Uncertain,Uncertain,24.8,,,,clinvar,,True,24.8,,,,neutral,neutral,neutral,992714,Likely pathogenic,1,-0.5393,0.0479,-22.0224,loss_of_function,-5.69380327142013,0.739111459715076,Pathogenic,0.9706,pathogenic,https://doi.org/10.1101/2022.10.22.513328
A597T,0.81286,0.19592,0.6408864054232407,Neutral,Neutral,53.8,,,0.48,"cBioPortal,COSMIC",,False,53.8,,,,neutral,neutral,neutral,,,,0.0677,3.222,-6.0768,gain_of_function,-1.1119708075953,0.0030579198939712,Benign,0.1003,benign,https://doi.org/10.1101/2022.10.22.513328
Q598R,2.27139,1.11837,3.936213368892978,Uncertain,Uncertain,0.1,,,,"literature,clinvar",,False,0.1,,,,neutral,neutral,neutral,552404,Uncertain significance,1,-0.0587,2.1249,-7.0768,loss_of_function,-4.62447416597488,0.007090658799802,Benign,0.4859,ambiguous,https://doi.org/10.1101/2022.10.22.513328
L599F,-0.53615,2.07755,1.0439886556582827,Uncertain,Neutral,0.6,,,,"literature,clinvar",,False,0.6,,,,neutral,neutral,neutral,558190,Uncertain significance,1,-0.1322,2.3835,-21.9637,loss_of_function,-3.32015733067357,0.0011911631443,Benign,0.3005,benign,https://doi.org/10.1101/2022.10.22.513328
L599I,1.77289,2.58027,1.2945179899028263,Uncertain,Neutral,0.6,,,,clinvar,,False,0.6,,,,neutral,neutral,neutral,2436205,Uncertain significance,1,0.0132,2.3835,-5.091,gain_of_function,-1.99334216854199,9.355036124023316e-07,Benign,0.136,benign,https://doi.org/10.1101/2022.10.22.513328
A601T,5.13799,1.78299,2.724362257974294,Uncertain,Uncertain,0.0,,,,clinvar,,False,0.0,,,,neutral,neutral,neutral,555615,Uncertain significance,2,-0.0702,1.6468,-4.6865,loss_of_function,-2.2768422868097,0.0009848436259246,Benign,0.4739,ambiguous,https://doi.org/10.1101/2022.10.22.513328
R602C,1.35994,1.00748,1.5679803265809833,Neutral,Neutral,6.7,3.1847133758e-05,1.20202902499e-05,0.745,"cBioPortal,COSMIC,clinvar",,True,6.7,,,,neutral,neutral,neutral,878168,Conflicting interpretations of pathogenicity,1,-0.254,1.7753,-21.9707,loss_of_function,-3.01841086781697,0.7530726294425927,Pathogenic,0.7031,pathogenic,https://doi.org/10.1101/2022.10.22.513328
R602H,6.65844,1.85408,1.5717112294084383,Uncertain,Uncertain,6.7,,,,"literature,clinvar",,True,6.7,,,,neutral,neutral,neutral,188955,Pathogenic/Likely pathogenic,2,-0.1231,1.7753,-3.9826,loss_of_function,-2.79448067420981,0.1239398120439264,Benign,0.2333,benign,https://doi.org/10.1101/2022.10.22.513328
R602P,2.02344,3.73707,4.366220579196407,Uncertain,Uncertain,6.7,,,,literature,,True,6.7,,,,neutral,neutral,neutral,,,,-0.3872,1.7753,-21.9707,loss_of_function,-4.6344158370535,0.7314126347884099,Pathogenic,0.9018,pathogenic,https://doi.org/10.1101/2022.10.22.513328
D604N,0.44258,0.37891,-0.053203566724847,Neutral,Neutral,64.8,,,,clinvar,,True,64.8,,,,neutral,neutral,neutral,1209796,Uncertain significance,1,0.0127,2.5147,-3.2899,gain_of_function,-0.250440386998443,0.0005839201483899,Benign,0.1171,benign,https://doi.org/10.1101/2022.10.22.513328
S605I,1.298,-0.54626,0.3229045556402493,Neutral,Neutral,5.0,,4.0197449874e-06,0.517,cBioPortal,,True,5.0,,,,uncertain,,,,,,-0.0281,2.7427,-6.3255,loss_of_function,-1.08644676927719,0.0038697715648538,Benign,0.2742,benign,https://doi.org/10.1101/2022.10.22.513328
R610C,2.0415,1.7102,1.0145166187738488,Uncertain,Uncertain,40.2,,,,"literature,clinvar",,False,40.2,,,,neutral,neutral,neutral,2073371,Conflicting interpretations of pathogenicity,1,-0.11,3.3186,-21.5823,loss_of_function,-2.31645811477993,0.1308972200053421,Benign,0.2262,benign,https://doi.org/10.1101/2022.10.22.513328
R610H,2.34322,1.21837,0.2694472123548452,Uncertain,Uncertain,40.2,3.18572793883e-05,2.43514399818e-05,0.272,"cBioPortal,COSMIC",,False,40.2,,,,neutral,neutral,neutral,,,,0.0173,3.3186,-4.2946,gain_of_function,-0.978762093631802,0.0001539374089181,Benign,0.0779,benign,https://doi.org/10.1101/2022.10.22.513328
R610L,1.82923,1.68912,-0.0472411260586647,Neutral,Neutral,40.2,,,,clinvar,,False,40.2,,,,neutral,neutral,neutral,878169,Uncertain significance,1,-0.0256,3.3186,-6.2946,loss_of_function,-1.45453655443847,7.82010437995776e-05,Benign,0.1267,benign,https://doi.org/10.1101/2022.10.22.513328
H611Q,-0.7773,0.88741,0.9454119778569404,Neutral,Neutral,65.4,,,,clinvar,,False,65.4,,,,neutral,neutral,neutral,1696147,Uncertain significance,2,0.1379,3.3868,-4.3026,gain_of_function,-0.425552768348774,2.345712387297896e-05,Benign,0.1596,benign,https://doi.org/10.1101/2022.10.22.513328
H611Y,-0.89175,-0.27517,0.4918602604980809,Neutral,Neutral,65.4,,,,cBioPortal,,False,65.4,,,,neutral,neutral,neutral,,,,0.1262,3.3868,-5.8875,gain_of_function,-0.598376783094076,0.0021543976522474,Benign,0.1023,benign,https://doi.org/10.1101/2022.10.22.513328
M613I,1.06897,0.66224,0.1268792327787188,Neutral,Neutral,55.8,,,,clinvar,,False,55.8,,,,neutral,neutral,neutral,753819,Likely benign,1,0.0881,3.5379,-6.2667,gain_of_function,-0.120761011327787,,,0.1258,benign,https://doi.org/10.1101/2022.10.22.513328
M613T,1.75808,1.12483,0.5468822341118353,Neutral,Neutral,55.8,,,,clinvar,,False,55.8,,,,neutral,neutral,neutral,1781084,Uncertain significance,1,0.0393,3.5379,-5.2668,gain_of_function,-0.421959800842498,,,0.1269,benign,https://doi.org/10.1101/2022.10.22.513328
