Mutation,"Stability (FoldX5, alphafold, kcal/mol)","Stability (Rosetta Cartddg2020, alphafold, kcal/mol)","Stability (RaSP, alphafold, kcal/mol)","Stability classification, alphafold, (Rosetta, FoldX)","Stability classification, alphafold, (RaSP, FoldX)",gnomAD genome allele frequency,gnomAD exome allele frequency,REVEL score,Mutation sources,PTMs,is site part of phospho-SLiM,PTM residue SASA (%),"Change in stability with PTM (FoldX5, kcal/mol)","Change in binding with PTM (FoldX5, kcal/mol)","Change in binding with mutation (FoldX5, kcal/mol)",PTM effect in regulation,PTM effect in stability,PTM effect in function,AlloSigma2 mutation type,AlloSigma2 predicted consequence - active sites,AlloSigma2 predicted consequence - cofactor sites,AlloSigma2 predicted consequence - pockets and interfaces,ClinVar Variation ID,ClinVar Interpretation,ClinVar Review Status,AlphaFold2 model pLDDT score,AlphaFold2 model secondary structure,DeMaSk delta fitness,DeMaSk Shannon entropy,DeMaSk log2 variant frequency,DeMaSk predicted consequence,GEMME Score,EVE score,EVE classification (25% Uncertain),AlphaMissense pathogenicity score,AlphaMissense classification,References
A2V,-0.19175,-0.04864,-0.4984113350905833,Neutral,Neutral,,,0.313,cBioPortal,,False,20.3,,,,neutral,neutral,neutral,UP,neutral,neutral,neutral,,,,77.05,-,-0.1869,1.3103,-22.0691,loss_of_function,-5.63906190088986,0.9365385082951856,Pathogenic,0.9461,pathogenic,https://doi.org/10.1101/2022.10.22.513328
N5S,-0.03369,0.60068,0.5397087290786697,Neutral,Neutral,,,,clinvar,,False,59.0,,,,neutral,neutral,neutral,DOWN,neutral,neutral,neutral,2190598,Likely benign,1,88.61,H,0.0804,3.1913,-5.4627,gain_of_function,-1.50665782719025,0.0064215000985786,Benign,0.1501,benign,https://doi.org/10.1101/2022.10.22.513328
Q6E,0.17481,0.51327,0.2679814301887939,Neutral,Neutral,,,0.171,"cBioPortal,COSMIC",,False,60.2,,,,neutral,neutral,neutral,DOWN,neutral,neutral,neutral,,,,88.42,H,-0.0231,2.001,-3.0842,loss_of_function,-1.47963407841902,0.017472124262766,Benign,0.1504,benign,https://doi.org/10.1101/2022.10.22.513328
Q8L,-0.90975,-0.9619,-0.7654204362746825,Neutral,Neutral,,,0.426,cBioPortal,,False,50.4,,,,neutral,neutral,neutral,UP,neutral,neutral,neutral,,,,86.19,T,-0.122,1.2087,-5.4627,loss_of_function,-3.24034287847973,0.165676858328978,Benign,0.6027,pathogenic,https://doi.org/10.1101/2022.10.22.513328
L10V,2.83986,2.37347,1.757697489443081,Uncertain,Uncertain,,,0.606,"cBioPortal,COSMIC",,True,15.2,,,,neutral,neutral,neutral,DOWN,neutral,neutral,neutral,,,,83.96,S,-0.3168,0.1331,-22.0756,loss_of_function,-2.1852971487946,0.9538244680077425,Pathogenic,0.7333,pathogenic,https://doi.org/10.1101/2022.10.22.513328
R13Q,-0.21167,0.23878,1.0420832699484257,Neutral,Neutral,,7.9593119971e-06,0.202,"cBioPortal,clinvar",,True,64.6,,,,neutral,neutral,neutral,DOWN,neutral,neutral,neutral,582847,Uncertain significance,2,74.97,H,-0.0608,2.6169,-5.9773,loss_of_function,-1.43805147980972,0.0096999173628022,Benign,0.1978,benign,https://doi.org/10.1101/2022.10.22.513328
R13W,0.26379,0.30136,-0.0481828739955159,Neutral,Neutral,,,0.228,"cBioPortal,COSMIC",,True,64.6,,,,neutral,neutral,neutral,UP,neutral,neutral,stabilizing,,,,74.97,H,-0.1181,2.6169,-8.7845,loss_of_function,-2.25917708533895,0.2212946308642377,Benign,0.6135,pathogenic,https://doi.org/10.1101/2022.10.22.513328
E16D,0.17781,0.04796,0.4814738026247728,Neutral,Neutral,,,0.186,cBioPortal,,True,75.6,,,,neutral,neutral,neutral,DOWN,neutral,neutral,neutral,,,,75.95,H,-0.0834,1.1908,-3.9332,loss_of_function,-1.8597002220244,0.1474645718146324,Benign,0.5906,pathogenic,https://doi.org/10.1101/2022.10.22.513328
E16K,-0.07056,-0.15816,0.2349707108650189,Neutral,Neutral,,,0.398,cBioPortal,,True,75.6,,,,neutral,neutral,neutral,UP,neutral,neutral,stabilizing,,,,75.95,H,-0.1564,1.1908,-7.2062,loss_of_function,-2.52181539209177,0.5591121646479583,Uncertain,0.9718,pathogenic,https://doi.org/10.1101/2022.10.22.513328
L18H,3.28048,2.73776,2.2522534984881664,Uncertain,Uncertain,,,0.658,COSMIC,,False,0.9,,,,neutral,neutral,neutral,DOWN,neutral,neutral,neutral,,,,85.88,H,-0.3443,1.2693,-22.0821,loss_of_function,-5.19188194362979,0.9147444743731632,Pathogenic,0.9963,pathogenic,https://doi.org/10.1101/2022.10.22.513328
L18V,2.42699,0.69082,1.551012681480491,Uncertain,Uncertain,,,0.227,COSMIC,,False,0.9,,,,neutral,neutral,neutral,DOWN,neutral,neutral,neutral,,,,85.88,H,-0.1042,1.2693,-0.9057,loss_of_function,-1.46729456260628,0.0001073738211212,Benign,0.3591,ambiguous,https://doi.org/10.1101/2022.10.22.513328
L21P,3.81023,7.14116,6.080658069111872,Destabilizing,Destabilizing,,,0.788,cBioPortal,,False,19.1,,,,neutral,neutral,neutral,DOWN,neutral,neutral,neutral,,,,84.03,H,-0.4484,0.5837,-22.0821,loss_of_function,-6.39709606182758,0.9458139476097638,Pathogenic,0.9989,pathogenic,https://doi.org/10.1101/2022.10.22.513328
L21V,0.78491,1.6534,1.2969712876269428,Neutral,Neutral,,3.980796637e-06,0.346,cBioPortal,,False,19.1,,,,neutral,neutral,neutral,DOWN,neutral,neutral,neutral,,,,84.03,H,-0.1995,0.5837,-7.2094,loss_of_function,-2.63910905919032,0.3255400401882827,Uncertain,0.5934,pathogenic,https://doi.org/10.1101/2022.10.22.513328
Y22H,3.7612,1.96327,2.2355152916576406,Uncertain,Uncertain,,,0.802,"cBioPortal,COSMIC",,True,3.1,,,,uncertain,,,DOWN,neutral,neutral,neutral,,,,87.84,-,-0.359,0.0001,-22.0821,loss_of_function,-3.934823097236,0.9847937868587502,Pathogenic,0.9979,pathogenic,https://doi.org/10.1101/2022.10.22.513328
D24N,-0.07644,0.16327,0.2914223253996822,Neutral,Neutral,,,,clinvar,,True,109.6,,,,neutral,neutral,neutral,-,uncertain,uncertain,uncertain,656613,Uncertain significance,1,80.86,T,-0.1319,1.0638,-5.4725,loss_of_function,-1.70739223256999,0.3280014702546155,Uncertain,0.7906,pathogenic,https://doi.org/10.1101/2022.10.22.513328
S25N,-0.35443,-0.10136,-0.4274135980356647,Neutral,Neutral,,,0.197,"cBioPortal,COSMIC",,True,30.6,,,,uncertain,,,UP,neutral,neutral,neutral,,,,86.1,T,0.0184,2.4129,-2.8139,gain_of_function,-1.7397316026857,0.0089710346122031,Benign,0.3645,ambiguous,https://doi.org/10.1101/2022.10.22.513328
S25R,-0.77922,0.26565,-0.5880199407677916,Neutral,Neutral,,,0.182,cBioPortal,,True,30.6,,,,uncertain,,,UP,neutral,neutral,neutral,,,,86.1,T,-0.0756,2.4129,-7.2062,loss_of_function,-2.65926480527728,0.0297915574416967,Benign,0.9503,pathogenic,https://doi.org/10.1101/2022.10.22.513328
P27S,2.88213,0.75952,0.4117294643486174,Uncertain,Uncertain,,,0.833,"cBioPortal,COSMIC",,False,14.6,,,,neutral,neutral,neutral,DOWN,neutral,neutral,neutral,,,,90.98,-,-0.2498,0.0418,-7.7911,loss_of_function,-4.375535749969,0.7111219477030644,Pathogenic,0.9956,pathogenic,https://doi.org/10.1101/2022.10.22.513328
M28I,0.97187,-0.28163,0.1054736506441927,Neutral,Neutral,,,0.362,"cBioPortal,COSMIC",,False,34.1,,,,neutral,neutral,neutral,-,uncertain,uncertain,uncertain,,,,91.97,H,-0.2885,0.3222,-22.0789,loss_of_function,-3.17180218231252,0.6742861658324757,Uncertain,0.9926,pathogenic,https://doi.org/10.1101/2022.10.22.513328
M28K,1.54433,0.52007,0.85865423041978,Neutral,Neutral,,,0.717,"cBioPortal,COSMIC",,False,34.1,,,,neutral,neutral,neutral,UP,neutral,neutral,neutral,,,,91.97,H,-0.4338,0.3222,-22.0789,loss_of_function,-4.15434373837915,0.9031079331172094,Pathogenic,0.9963,pathogenic,https://doi.org/10.1101/2022.10.22.513328
M28V,1.83754,-0.0585,0.1907503127022058,Neutral,Neutral,,,0.435,"cBioPortal,COSMIC,clinvar",,False,34.1,,,,neutral,neutral,neutral,DOWN,neutral,neutral,neutral,1307011,Uncertain significance,1,91.97,H,-0.2319,0.3222,-4.7037,loss_of_function,-2.49121598955664,0.5739785193446385,Uncertain,0.637,pathogenic,https://doi.org/10.1101/2022.10.22.513328
R31Q,4.82937,1.4466,2.251142995313188,Uncertain,Uncertain,,,0.862,"cBioPortal,COSMIC",,False,0.0,,,,neutral,neutral,neutral,DOWN,neutral,neutral,neutral,,,,93.52,H,-0.3838,0.0001,-22.0854,loss_of_function,-6.32562301931001,0.9786385449716188,Pathogenic,0.9983,pathogenic,https://doi.org/10.1101/2022.10.22.513328
R31W,5.34687,2.59456,0.6644640108196689,Uncertain,Uncertain,,,0.835,"cBioPortal,COSMIC",,False,0.0,,,,neutral,neutral,neutral,UP,neutral,neutral,neutral,,,,93.52,H,-0.4268,0.0001,-22.0854,loss_of_function,-6.66055334443575,0.9904082681145032,Pathogenic,0.9992,pathogenic,https://doi.org/10.1101/2022.10.22.513328
F33I,1.64239,0.39456,2.707915985902452,Neutral,Uncertain,,,0.269,"cBioPortal,COSMIC",,False,12.8,,,,neutral,neutral,neutral,DOWN,neutral,neutral,neutral,,,,93.09,H,-0.2035,2.0534,-22.0821,loss_of_function,-3.45192060935273,0.0639661793199994,Benign,0.9823,pathogenic,https://doi.org/10.1101/2022.10.22.513328
F33L,1.1507,0.09966,1.9401447346966167,Neutral,Neutral,,,"0.186, 0.282","cBioPortal,COSMIC",,False,12.8,,,,neutral,neutral,neutral,DOWN,neutral,neutral,neutral,,,,93.09,H,-0.0757,2.0534,-4.4725,loss_of_function,-2.29414145046299,0.0071749212285912,Benign,0.9988,pathogenic,https://doi.org/10.1101/2022.10.22.513328
A35S,0.94987,4.14082,0.9163880479093428,Uncertain,Neutral,,,,clinvar,,True,6.8,,,,neutral,neutral,neutral,-,uncertain,uncertain,uncertain,657535,Uncertain significance,1,94.3,H,-0.1064,1.0229,-1.6964,loss_of_function,-1.47391903683606,0.0039616053408872,Benign,0.3231,benign,https://doi.org/10.1101/2022.10.22.513328
A35V,3.09584,7.15918,0.1346110604259198,Destabilizing,Uncertain,,,0.690,"cBioPortal,COSMIC",,True,6.8,,,,neutral,neutral,neutral,UP,neutral,neutral,neutral,,,,94.3,H,-0.2134,1.0229,-22.0821,loss_of_function,-4.73795045041873,0.910595519062066,Pathogenic,0.9919,pathogenic,https://doi.org/10.1101/2022.10.22.513328
P36H,2.28935,-0.03061,-1.778340966025116,Uncertain,Uncertain,,,0.231,cBioPortal,,True,72.7,,,,neutral,neutral,neutral,UP,neutral,neutral,neutral,,,,93.03,H,0.0336,3.3144,-3.6245,gain_of_function,-0.538516922095863,0.0005612219324625,Benign,0.4834,ambiguous,https://doi.org/10.1101/2022.10.22.513328
P36T,2.03909,0.7381,-1.1253822119900123,Uncertain,Uncertain,,,0.282,cBioPortal,,True,72.7,,,,neutral,neutral,neutral,-,uncertain,uncertain,uncertain,,,,93.03,H,0.0502,3.3144,-5.6245,gain_of_function,-1.3673400854084,0.0029062369223606,Benign,0.2571,benign,https://doi.org/10.1101/2022.10.22.513328
E39D,3.71418,2.53912,1.584121798092342,Uncertain,Uncertain,,,0.734,cBioPortal,,True,17.5,,,,neutral,neutral,neutral,DOWN,neutral,neutral,neutral,,,,94.2,H,-0.2792,0.0692,-22.0821,loss_of_function,-3.41192798432402,0.965618468909142,Pathogenic,0.9979,pathogenic,https://doi.org/10.1101/2022.10.22.513328
A44T,-0.25964,-0.43878,-0.1630363493885256,Neutral,Neutral,,,0.236,"cBioPortal,COSMIC",,False,87.0,,,,neutral,neutral,neutral,UP,neutral,neutral,neutral,,,,91.01,H,-0.0078,2.5526,-8.8072,loss_of_function,-0.187965818508689,0.0282970726970921,Benign,0.1973,benign,https://doi.org/10.1101/2022.10.22.513328
Y45C,1.42041,1.79796,1.548611348062481,Neutral,Neutral,,,0.078,COSMIC,P,False,52.1,-0.99,,,damaging,neutral,uncertain,DOWN,neutral,neutral,neutral,,,,93.57,H,-0.1156,3.3297,-22.0951,loss_of_function,-2.26605516340505,0.1991542013534448,Benign,0.3075,benign,https://doi.org/10.1101/2022.10.22.513328
Y45F,0.31397,0.71803,0.0318843770798699,Neutral,Neutral,,,0.029,COSMIC,P,False,52.1,-0.99,,,damaging,neutral,uncertain,-,uncertain,uncertain,uncertain,,,,93.57,H,0.0997,3.3297,-6.0,gain_of_function,-0.0453424135055987,0.0197737042009164,Benign,0.0755,benign,https://doi.org/10.1101/2022.10.22.513328
A46T,2.92413,3.14116,1.6336023189487092,Uncertain,Uncertain,,,0.298,cBioPortal,,False,0.0,,,,neutral,neutral,neutral,UP,neutral,neutral,neutral,,,,92.87,H,-0.1478,0.9439,-7.232,loss_of_function,-1.86446147125589,0.3943903739117808,Uncertain,0.9542,pathogenic,https://doi.org/10.1101/2022.10.22.513328
A46V,1.44075,2.96088,1.2872429596585866,Uncertain,Neutral,,,0.181,"cBioPortal,COSMIC",,False,0.0,,,,neutral,neutral,neutral,UP,neutral,neutral,neutral,,,,92.87,H,-0.1202,0.9439,-2.4076,loss_of_function,-1.68974424678235,0.0043912489672012,Benign,0.8813,pathogenic,https://doi.org/10.1101/2022.10.22.513328
A53G,1.80867,2.81871,2.283150981037712,Uncertain,Uncertain,,,0.556,"cBioPortal,COSMIC",,False,0.2,,,,neutral,neutral,neutral,DOWN,neutral,neutral,neutral,,,,94.84,H,-0.3188,0.1598,-22.1174,loss_of_function,-5.12861731393249,0.9766971519361012,Pathogenic,0.8631,pathogenic,https://doi.org/10.1101/2022.10.22.513328
L55V,0.8632,-0.06224,0.3737419587935775,Neutral,Neutral,,,0.207,"cBioPortal,COSMIC",,True,70.2,,,,neutral,neutral,neutral,DOWN,neutral,neutral,neutral,,,,95.66,H,-0.0249,2.1524,-1.2906,loss_of_function,-1.10964978744498,0.0004644963632095,Benign,0.3474,ambiguous,https://doi.org/10.1101/2022.10.22.513328
H58Q,-0.08668,0.52755,0.6960120981178954,Neutral,Neutral,,,0.283,"cBioPortal,COSMIC",,True,58.9,,,,neutral,neutral,neutral,DOWN,neutral,neutral,neutral,,,,96.25,H,-0.0028,1.7329,-2.0552,loss_of_function,-1.46160839498738,0.0141639636306915,Benign,0.9589,pathogenic,https://doi.org/10.1101/2022.10.22.513328
H58R,-0.36821,0.46905,0.2178936996603248,Neutral,Neutral,,,0.369,cBioPortal,,True,58.9,,,,neutral,neutral,neutral,UP,neutral,neutral,neutral,,,,96.25,H,-0.1055,1.7329,-8.8232,loss_of_function,-2.43025863669164,0.5407891109436312,Uncertain,0.9742,pathogenic,https://doi.org/10.1101/2022.10.22.513328
H58Y,-0.68745,-0.91871,-0.0983846761491125,Neutral,Neutral,,,0.481,"cBioPortal,COSMIC,clinvar",,True,58.9,,,,neutral,neutral,neutral,UP,neutral,neutral,neutral,2138019,Uncertain significance,1,96.25,H,-0.0359,1.7329,-7.8233,loss_of_function,-2.01183019968822,0.2566120689532188,Benign,0.9377,pathogenic,https://doi.org/10.1101/2022.10.22.513328
N59S,1.00737,0.49354,0.7541290927146185,Neutral,Neutral,,,0.200,cBioPortal,,True,59.7,,,,neutral,neutral,neutral,DOWN,neutral,neutral,neutral,,,,96.43,H,0.0154,2.4399,-4.6534,gain_of_function,-1.97977840679528,0.0543027387908299,Benign,0.2014,benign,https://doi.org/10.1101/2022.10.22.513328
E63D,1.30168,0.77347,0.7050164187729857,Neutral,Neutral,,,0.252,"cBioPortal,COSMIC",,True,25.0,,,,neutral,neutral,neutral,DOWN,neutral,neutral,neutral,,,,96.49,H,-0.1048,1.9659,-22.1047,loss_of_function,-2.717861870996,0.0305058619936279,Benign,0.8755,pathogenic,https://doi.org/10.1101/2022.10.22.513328
D65E,0.09599,1.37959,-0.1197916910549129,Neutral,Neutral,,,,clinvar,,True,58.3,,,,neutral,neutral,neutral,UP,neutral,neutral,neutral,1056747,Uncertain significance,1,95.48,H,-0.1064,0.9938,-3.4626,loss_of_function,-0.243298133627693,0.0521200120393911,Benign,0.971,pathogenic,https://doi.org/10.1101/2022.10.22.513328
Y68C,1.17541,1.74796,2.8878708301598324,Neutral,Uncertain,,,0.360,cBioPortal,P,True,38.7,-0.545,,,damaging,neutral,potentially_damaging,DOWN,neutral,neutral,neutral,,,,94.33,H,-0.1119,2.3471,-3.6471,loss_of_function,-1.56840503445259,0.0422800772653726,Benign,0.9058,pathogenic,https://doi.org/10.1101/2022.10.22.513328
R70H,0.52574,0.9619,0.7866538697471217,Neutral,Neutral,,,,clinvar,,True,63.6,,,,neutral,neutral,neutral,DOWN,neutral,neutral,neutral,1419780,Uncertain significance,1,92.56,H,-0.2322,0.6741,-5.5095,loss_of_function,-1.88978225152094,0.2745479332890019,Benign,0.8855,pathogenic,https://doi.org/10.1101/2022.10.22.513328
E74D,0.6758,0.98401,0.3806031185591119,Neutral,Neutral,,,0.328,COSMIC,,False,69.5,,,,neutral,neutral,neutral,DOWN,neutral,neutral,neutral,,,,90.37,T,-0.1013,0.9921,-3.8628,loss_of_function,-1.66753260060885,0.0974535213759801,Benign,0.5195,ambiguous,https://doi.org/10.1101/2022.10.22.513328
S75L,0.56968,-0.10442,-0.6734457905630625,Neutral,Neutral,,,0.186,cBioPortal,,False,89.6,,,,uncertain,,,UP,neutral,neutral,neutral,,,,87.14,T,-0.0218,2.8203,-7.232,loss_of_function,-2.61480235589287,0.0702179843832394,Benign,0.5461,ambiguous,https://doi.org/10.1101/2022.10.22.513328
L78F,-0.63606,0.48707,0.2496913005449064,Neutral,Neutral,,,0.536,cBioPortal,,False,79.8,,,,neutral,neutral,neutral,UP,neutral,neutral,neutral,,,,90.49,H,-0.2423,0.4593,-8.8264,loss_of_function,-4.36547016376047,0.8719590252577555,Pathogenic,0.9867,pathogenic,https://doi.org/10.1101/2022.10.22.513328
L78R,0.63763,0.75,0.2518008646278841,Neutral,Neutral,,,0.790,COSMIC,,False,79.8,,,,neutral,neutral,neutral,UP,neutral,neutral,neutral,,,,90.49,H,-0.4568,0.4593,-22.1143,loss_of_function,-5.38723164944582,0.9637179042160096,Pathogenic,0.9864,pathogenic,https://doi.org/10.1101/2022.10.22.513328
H81L,-0.6238,-0.52041,-0.3759677972369396,Neutral,Neutral,,,0.559,"cBioPortal,COSMIC",,False,66.3,,,,neutral,neutral,neutral,UP,neutral,neutral,neutral,,,,91.08,H,-0.2243,0.5013,-7.251,loss_of_function,-0.646798790207417,0.5922826676248722,Uncertain,0.9875,pathogenic,https://doi.org/10.1101/2022.10.22.513328
R84L,-0.5606,-0.56361,0.0561310791284347,Neutral,Neutral,,,0.426,"cBioPortal,COSMIC",,True,74.7,,,,neutral,neutral,neutral,DOWN,neutral,neutral,neutral,,,,92.89,H,-0.2664,0.8424,-8.8359,loss_of_function,-3.19551235081561,0.428128840828953,Uncertain,0.9803,pathogenic,https://doi.org/10.1101/2022.10.22.513328
R84Q,-0.1592,0.27687,1.100684770397449,Neutral,Neutral,,,0.713,"cBioPortal,COSMIC",,True,74.7,,,,neutral,neutral,neutral,DOWN,neutral,neutral,neutral,,,,92.89,H,-0.3065,0.8424,-22.1238,loss_of_function,-3.348949458716,0.3726585703350682,Uncertain,0.9392,pathogenic,https://doi.org/10.1101/2022.10.22.513328
I86T,2.57895,1.96701,3.0374884477420863,Uncertain,Uncertain,,,0.468,cBioPortal,,True,9.5,,,,neutral,neutral,neutral,DOWN,neutral,neutral,neutral,,,,93.36,H,-0.1366,1.9418,-8.8328,loss_of_function,-2.10564598968742,0.5615870683221466,Uncertain,0.9772,pathogenic,https://doi.org/10.1101/2022.10.22.513328
L90F,1.67851,2.77721,1.836814262756764,Uncertain,Neutral,,,0.260,cBioPortal,,False,0.0,,,,neutral,neutral,neutral,UP,neutral,neutral,neutral,,,,92.94,H,-0.1408,1.2196,-2.6557,loss_of_function,-2.72665243073216,0.1216735310321703,Benign,0.9176,pathogenic,https://doi.org/10.1101/2022.10.22.513328
L90I,1.59593,2.37347,1.3250338638472894,Uncertain,Neutral,,,0.187,"cBioPortal,COSMIC",,False,0.0,,,,neutral,neutral,neutral,-,uncertain,uncertain,uncertain,,,,92.94,H,-0.0854,1.2196,-3.4192,loss_of_function,-0.468336308047542,0.0572714160475224,Benign,0.6843,pathogenic,https://doi.org/10.1101/2022.10.22.513328
Q91R,-0.2991,0.13231,-0.0013661459796576,Neutral,Neutral,,3.9796876741e-06,0.240,cBioPortal,,False,44.6,,,,neutral,neutral,neutral,UP,neutral,neutral,neutral,,,,93.28,H,-0.3058,0.2751,-22.1395,loss_of_function,-3.06600003352241,0.7011513782552796,Pathogenic,0.9372,pathogenic,https://doi.org/10.1101/2022.10.22.513328
R93K,-0.193,0.34524,0.7413226084853599,Neutral,Neutral,,,0.105,"cBioPortal,COSMIC",,False,49.4,,,,neutral,neutral,neutral,-,uncertain,uncertain,uncertain,,,,90.87,H,0.0472,2.6445,-1.8656,gain_of_function,-0.159660091724317,0.0015589231828447,Benign,0.1449,benign,https://doi.org/10.1101/2022.10.22.513328
Y94C,4.29317,3.83231,4.590314837734677,Destabilizing,Destabilizing,,,,clinvar,,True,0.0,,,,uncertain,,,DOWN,neutral,neutral,neutral,933479,Uncertain significance,1,93.69,H,-0.2317,1.2776,-7.8391,loss_of_function,-3.36957711689187,0.8090085176276232,Pathogenic,0.9574,pathogenic,https://doi.org/10.1101/2022.10.22.513328
L95F,0.29811,-0.03707,0.6632736735926886,Neutral,Neutral,,,0.118,"cBioPortal,COSMIC",,True,49.8,,,,neutral,neutral,neutral,UP,neutral,neutral,neutral,,,,91.08,T,-0.063,2.4085,-8.8359,loss_of_function,-2.97529757387012,0.6908385712922614,Pathogenic,0.8552,pathogenic,https://doi.org/10.1101/2022.10.22.513328
E96Q,0.16089,0.18707,0.223882522230685,Neutral,Neutral,,,0.254,"cBioPortal,COSMIC",,True,95.4,,,,neutral,neutral,neutral,UP,neutral,neutral,neutral,,,,91.24,T,-0.0244,1.9562,-4.8392,loss_of_function,-1.58427052385801,0.439894046522376,Uncertain,0.743,pathogenic,https://doi.org/10.1101/2022.10.22.513328
M99K,0.90212,1.72993,1.0637826297131037,Neutral,Neutral,,,0.653,cBioPortal,,False,28.2,,,,neutral,neutral,neutral,UP,neutral,neutral,neutral,,,,93.22,H,-0.1146,3.0574,-8.8391,loss_of_function,-2.81617066050946,0.0184917001182829,Benign,0.645,pathogenic,https://doi.org/10.1101/2022.10.22.513328
M99L,0.14313,0.42143,-0.382560123796834,Neutral,Neutral,,,0.428,cBioPortal,,False,28.2,,,,neutral,neutral,neutral,-,uncertain,uncertain,uncertain,,,,93.22,H,0.0907,3.0574,-3.5538,gain_of_function,-0.104648908293182,0.0007769630023134,Benign,0.193,benign,https://doi.org/10.1101/2022.10.22.513328
E100K,0.23411,0.43878,0.3820450943742742,Neutral,Neutral,,,0.333,COSMIC,,False,44.5,,,,neutral,neutral,neutral,UP,neutral,neutral,neutral,,,,91.97,H,0.0464,3.3012,-5.5173,gain_of_function,-2.16527389290638,0.0020196342716042,Benign,0.9438,pathogenic,https://doi.org/10.1101/2022.10.22.513328
A102V,2.48098,0.84728,0.3413997165726812,Uncertain,Uncertain,,,,cBioPortal,,False,1.9,,,,neutral,neutral,neutral,UP,neutral,neutral,neutral,,,,94.86,H,-0.1869,0.5205,-7.8391,loss_of_function,-2.17103542105613,0.3759113470783594,Uncertain,0.9887,pathogenic,https://doi.org/10.1101/2022.10.22.513328
R103L,0.47227,0.3983,0.0103396999553451,Neutral,Neutral,,,,clinvar,,False,64.1,,,,neutral,neutral,neutral,DOWN,neutral,neutral,neutral,1487232,Uncertain significance,1,92.63,H,-0.0507,3.0308,-6.0255,loss_of_function,-1.40849244848836,0.0013166210860947,Benign,0.6936,pathogenic,https://doi.org/10.1101/2022.10.22.513328
R103Q,0.74337,0.4415,0.7698186821971259,Neutral,Neutral,,4.1394155145e-06,0.383,"cBioPortal,COSMIC,clinvar",,False,64.1,,,,neutral,neutral,neutral,DOWN,neutral,neutral,neutral,1373074,Likely benign,1,92.63,H,-0.023,3.0308,-6.0255,loss_of_function,-2.46387933749736,0.0288191473072417,Benign,0.202,benign,https://doi.org/10.1101/2022.10.22.513328
R103W,0.39891,0.18878,-0.3230612153076584,Neutral,Neutral,,0.0,0.568,"cBioPortal,clinvar",,False,64.1,,,,neutral,neutral,neutral,UP,neutral,neutral,neutral,566510,Uncertain significance,1,92.63,H,-0.0752,3.0308,-7.8328,loss_of_function,-3.33839342137532,0.0660513025258578,Benign,0.7427,pathogenic,https://doi.org/10.1101/2022.10.22.513328
I104T,1.86808,1.56939,1.359075932810512,Neutral,Neutral,,,,clinvar,,False,30.1,,,,neutral,neutral,neutral,DOWN,neutral,neutral,neutral,892401,Uncertain significance,1,92.06,H,-0.099,2.0329,-3.1113,loss_of_function,-0.396175465073823,0.0178845614955573,Benign,0.5132,ambiguous,https://doi.org/10.1101/2022.10.22.513328
R107Q,0.24013,-0.01156,1.1985017958016813,Neutral,Neutral,,1.23851279384e-05,0.324,cBioPortal,,False,81.5,,,,neutral,neutral,neutral,DOWN,neutral,neutral,neutral,,,,91.87,H,-0.0681,2.6967,-8.8422,loss_of_function,-1.39949985787063,0.0301538655191439,Benign,0.1983,benign,https://doi.org/10.1101/2022.10.22.513328
R107W,-0.24107,-2.80034,-0.0644723664493351,Uncertain,Neutral,,,0.520,"cBioPortal,COSMIC,clinvar",,False,81.5,,,,neutral,neutral,neutral,UP,neutral,neutral,neutral,1386465,Uncertain significance,1,91.87,H,-0.0796,2.6967,-2.6724,loss_of_function,-1.87458289743467,0.0065119511559876,Benign,0.696,pathogenic,https://doi.org/10.1101/2022.10.22.513328
E111D,1.02302,0.41463,0.7021832083769688,Neutral,Neutral,,,0.632,cBioPortal,,False,16.4,,,,neutral,neutral,neutral,DOWN,neutral,neutral,neutral,,,,89.46,H,-0.11,1.1179,-7.8423,loss_of_function,-1.77917074977064,0.4466111307192238,Uncertain,0.8282,pathogenic,https://doi.org/10.1101/2022.10.22.513328
R114C,0.82042,0.72993,1.4307575249733568,Neutral,Neutral,,,0.769,"cBioPortal,COSMIC,clinvar",,False,60.7,,,,neutral,neutral,neutral,DOWN,neutral,neutral,neutral,1442787,Uncertain significance,1,90.55,H,-0.1582,2.0325,-7.8423,loss_of_function,-3.24723183626487,0.2691500804873313,Benign,0.5296,ambiguous,https://doi.org/10.1101/2022.10.22.513328
R114H,0.80298,0.24354,0.579404162359933,Neutral,Neutral,,4.1491709956e-06,0.700,"cBioPortal,clinvar",,False,60.7,,,,neutral,neutral,neutral,DOWN,neutral,neutral,neutral,1502991,Uncertain significance,1,90.55,H,-0.1191,2.0325,-7.8423,loss_of_function,-2.72387390283194,0.0354978509005196,Benign,0.242,benign,https://doi.org/10.1101/2022.10.22.513328
L115I,0.60985,-1.23946,0.9013938679732986,Neutral,Neutral,,,0.305,"cBioPortal,COSMIC",,False,7.4,,,,neutral,neutral,neutral,-,uncertain,uncertain,uncertain,,,,87.56,H,-0.0907,0.9941,-0.3943,loss_of_function,-1.62604966622019,1.7158768102128845e-06,Benign,0.2226,benign,https://doi.org/10.1101/2022.10.22.513328
L116P,4.81676,10.02755,8.887767906316544,Destabilizing,Destabilizing,,,0.909,"cBioPortal,COSMIC",,False,20.9,,,,neutral,neutral,neutral,DOWN,neutral,neutral,neutral,,,,90.5,H,-0.3955,0.4243,-8.8422,loss_of_function,-2.13759943144955,0.9431332038773655,Pathogenic,0.9969,pathogenic,https://doi.org/10.1101/2022.10.22.513328
A119V,1.29143,2.40442,0.9126344487037376,Uncertain,Neutral,,,,clinvar,,False,9.0,,,,neutral,neutral,neutral,UP,neutral,neutral,neutral,1487427,Uncertain significance,1,85.39,H,-0.1119,1.1907,-5.2224,loss_of_function,-2.62936752880525,0.0480308688085773,Benign,0.3735,ambiguous,https://doi.org/10.1101/2022.10.22.513328
A120T,0.74513,0.06769,0.1460265511335989,Neutral,Neutral,,,0.101,cBioPortal,,False,75.6,,,,neutral,neutral,neutral,UP,neutral,neutral,neutral,,,,86.49,H,0.0721,3.1695,-4.2676,gain_of_function,-0.114649718534755,0.000848122472479,Benign,0.0652,benign,https://doi.org/10.1101/2022.10.22.513328
A122T,0.56218,0.7881,0.5935851316258214,Neutral,Neutral,,,0.302,"cBioPortal,COSMIC",,False,39.3,,,,neutral,neutral,neutral,UP,neutral,neutral,stabilizing,,,,77.83,H,0.0682,3.0984,-3.7391,gain_of_function,-0.104405955885176,0.001535878751002,Benign,0.0738,benign,https://doi.org/10.1101/2022.10.22.513328
A122V,0.48807,0.43095,0.2089620003599873,Neutral,Neutral,9.57304231285e-05,3.41235785397e-05,0.282,"cBioPortal,COSMIC,clinvar",,False,39.3,,,,neutral,neutral,neutral,UP,neutral,neutral,stabilizing,845653,Likely benign,1,77.83,H,0.0636,3.0984,-5.2416,gain_of_function,-0.354535692685757,0.0110214013837686,Benign,0.0896,benign,https://doi.org/10.1101/2022.10.22.513328
A123V,0.33083,0.43741,0.3373596733067652,Neutral,Neutral,,,,clinvar,,False,87.2,,,,neutral,neutral,neutral,UP,neutral,neutral,stabilizing,928789,Uncertain significance,1,74.33,H,0.0673,3.1645,-5.7004,gain_of_function,-0.330520878902948,9.412116326326956e-05,Benign,0.0841,benign,https://doi.org/10.1101/2022.10.22.513328
Q125E,0.49151,0.09898,-0.2345363546848283,Neutral,Neutral,,,,clinvar,,False,84.1,,,,neutral,neutral,neutral,DOWN,neutral,neutral,neutral,546794,Conflicting interpretations of pathogenicity,1,60.36,H,0.0348,2.6155,-2.8108,gain_of_function,-1.23348324414743,,,0.09,benign,https://doi.org/10.1101/2022.10.22.513328
G126E,-0.18344,-0.51735,-0.1515304348084373,Neutral,Neutral,,7.9547533629e-06,0.405,"cBioPortal,COSMIC,clinvar",,False,70.8,,,,neutral,neutral,neutral,UP,neutral,neutral,neutral,1046071,Uncertain significance,1,43.4,-,-0.0937,2.8127,-4.449,loss_of_function,-0.283514117044129,,,0.1982,benign,https://doi.org/10.1101/2022.10.22.513328
G127C,-0.68403,-0.04898,0.6894534533226034,Neutral,Neutral,,,0.499,"cBioPortal,COSMIC",,False,118.4,,,,neutral,neutral,neutral,UP,neutral,neutral,neutral,,,,34.34,S,-0.0657,3.2697,-7.1765,loss_of_function,-1.66497153436307,,,0.1104,benign,https://doi.org/10.1101/2022.10.22.513328
Q128P,2.57145,5.02143,3.922944121246868,Uncertain,Uncertain,,,,clinvar,,False,109.4,,,,neutral,neutral,neutral,DOWN,neutral,neutral,destabilizing,2066218,Uncertain significance,1,34.24,S,-0.1099,3.041,-5.8234,loss_of_function,-0.643026446788679,,,0.0597,benign,https://doi.org/10.1101/2022.10.22.513328
A129T,-0.20408,0.64626,-0.1994409570535582,Neutral,Neutral,,3.9772501293e-06,0.321,"cBioPortal,clinvar",,False,76.1,,,,neutral,neutral,neutral,UP,neutral,neutral,stabilizing,649925,Uncertain significance,1,34.36,-,0.0772,3.2194,-4.1699,gain_of_function,-0.201772812858967,,,0.0624,benign,https://doi.org/10.1101/2022.10.22.513328
N130D,-0.0092,0.56735,0.1666583792975695,Neutral,Neutral,,,0.204,cBioPortal,,False,122.2,,,,neutral,neutral,neutral,-,uncertain,uncertain,uncertain,,,,32.37,-,0.0964,3.6855,-4.7177,gain_of_function,-0.986796763766845,0.0003965611901182,Benign,0.1364,benign,https://doi.org/10.1101/2022.10.22.513328
N130S,1.75262,1.56633,0.5635420669542768,Neutral,Neutral,3.1887755102e-05,,0.162,cBioPortal,,False,122.2,,,,neutral,neutral,neutral,DOWN,neutral,neutral,neutral,,,,32.37,-,0.1336,3.6855,-3.9628,gain_of_function,-0.0114316577025924,0.0002296825362703,Benign,0.0517,benign,https://doi.org/10.1101/2022.10.22.513328
P132S,0.87019,2.91599,0.2073497538124796,Uncertain,Neutral,,,0.377,COSMIC,,True,88.0,,,,neutral,neutral,neutral,DOWN,neutral,neutral,neutral,,,,36.16,-,0.0161,2.8452,-6.2365,gain_of_function,0.0079986267197802,0.0015243393284876,Benign,0.0726,benign,https://doi.org/10.1101/2022.10.22.513328
T133I,-0.54528,-0.25884,0.0098559644956625,Neutral,Neutral,,,0.392,cBioPortal,,True,64.4,,,,uncertain,,,UP,neutral,neutral,stabilizing,,,,34.08,-,-0.1035,2.6489,-21.9601,loss_of_function,-1.20790998018407,0.0277442450663221,Benign,0.141,benign,https://doi.org/10.1101/2022.10.22.513328
A134T,0.99557,0.2932,0.1379716785383272,Neutral,Neutral,,,,clinvar,,True,32.3,,,,neutral,neutral,neutral,UP,neutral,neutral,neutral,2167106,Uncertain significance,1,36.29,S,0.0571,3.0536,-5.1101,gain_of_function,-0.0395287104589589,0.0005144363700526,Benign,0.0643,benign,https://doi.org/10.1101/2022.10.22.513328
V136L,-0.16743,1.41973,-0.3904253670300067,Neutral,Neutral,,,,clinvar,,True,94.1,,,,neutral,neutral,neutral,UP,neutral,neutral,neutral,1044262,Uncertain significance,1,58.48,-,-0.051,2.3567,-5.8329,loss_of_function,-1.00508885438054,0.0235465768992054,Benign,0.1846,benign,https://doi.org/10.1101/2022.10.22.513328
V136M,-0.18377,-0.17755,-0.0994035807147442,Neutral,Neutral,,3.9769021523e-06,0.129,cBioPortal,,True,94.1,,,,neutral,neutral,neutral,UP,neutral,neutral,neutral,,,,58.48,-,-0.0404,2.3567,-1.9749,loss_of_function,-0.949421809377927,0.0014009676153705,Benign,0.1158,benign,https://doi.org/10.1101/2022.10.22.513328
V137A,-0.04304,1.72755,0.472980232899487,Neutral,Neutral,,,0.127,cBioPortal,,True,50.0,,,,neutral,neutral,neutral,DOWN,neutral,neutral,neutral,,,,68.26,-,-0.0121,2.6364,-3.3639,loss_of_function,-1.79217680111464,0.0122349567759251,Benign,0.3973,ambiguous,https://doi.org/10.1101/2022.10.22.513328
T138M,-1.07875,-1.27823,0.1134149433877501,Neutral,Neutral,,,0.216,"cBioPortal,COSMIC",,False,65.1,,,,uncertain,,,UP,neutral,neutral,neutral,,,,81.07,-,-0.0116,2.8622,-4.094,loss_of_function,-1.66142731882032,0.0012934327585093,Benign,0.138,benign,https://doi.org/10.1101/2022.10.22.513328
K140N,-0.38783,0.12517,0.8581613549415362,Neutral,Neutral,,,,clinvar,,False,42.3,,,,neutral,neutral,neutral,DOWN,neutral,neutral,neutral,2016114,Uncertain significance,1,87.46,H,-0.0607,2.1732,-6.536,loss_of_function,-2.32720907192421,0.0993885272215463,Benign,0.8677,pathogenic,https://doi.org/10.1101/2022.10.22.513328
Q142H,0.96602,0.69626,-0.1676290351593418,Neutral,Neutral,,,0.079,cBioPortal,,False,71.5,,,,neutral,neutral,neutral,UP,neutral,neutral,neutral,,,,89.86,H,-0.0164,2.1392,-5.0568,loss_of_function,-2.00656075789914,0.0157458388498916,Benign,0.2944,benign,https://doi.org/10.1101/2022.10.22.513328
M143I,0.52914,-0.51701,0.1035968467327785,Neutral,Neutral,,3.9770919504e-06,0.090,cBioPortal,,False,65.3,,,,neutral,neutral,neutral,-,uncertain,uncertain,uncertain,,,,91.86,H,0.0585,3.0945,-4.0611,gain_of_function,-0.210759876055305,0.0015643765627664,Benign,0.1983,benign,https://doi.org/10.1101/2022.10.22.513328
L144P,7.60522,12.67755,7.562848586409149,Destabilizing,Destabilizing,,,0.727,cBioPortal,,False,1.1,,,,neutral,neutral,neutral,DOWN,neutral,neutral,neutral,,,,93.02,H,-0.3705,1.434,-22.1519,loss_of_function,-4.60368240884112,0.7283561308914459,Pathogenic,0.987,pathogenic,https://doi.org/10.1101/2022.10.22.513328
E145K,0.81204,0.73401,0.5285163818873634,Neutral,Neutral,,,0.274,cBioPortal,,False,51.1,,,,neutral,neutral,neutral,UP,neutral,neutral,neutral,,,,93.09,H,-0.1275,1.5969,-8.8702,loss_of_function,-3.41325124679469,0.3768056888992979,Uncertain,0.9238,pathogenic,https://doi.org/10.1101/2022.10.22.513328
L148I,0.91022,0.20714,1.860633188000448,Neutral,Neutral,,,0.035,cBioPortal,,False,2.9,,,,neutral,neutral,neutral,-,uncertain,uncertain,uncertain,,,,96.62,H,-0.0213,1.9034,-3.1918,loss_of_function,-1.65262365674484,0.0008746852106212,Benign,0.1711,benign,https://doi.org/10.1101/2022.10.22.513328
L148R,4.4046,3.6932,4.099973020103173,Destabilizing,Destabilizing,,,0.536,"cBioPortal,COSMIC",,False,2.9,,,,neutral,neutral,neutral,UP,neutral,neutral,neutral,,,,96.62,H,-0.2563,1.9034,-8.864,loss_of_function,-5.18960062815417,0.6896544873748035,Pathogenic,0.9251,pathogenic,https://doi.org/10.1101/2022.10.22.513328
V151D,3.85998,3.51701,3.4655734747999567,Destabilizing,Destabilizing,,,0.492,"cBioPortal,COSMIC",,True,1.9,,,,neutral,neutral,neutral,DOWN,neutral,neutral,neutral,,,,98.26,H,-0.3174,2.171,-22.1519,loss_of_function,-5.4264481665944,0.518506473434501,Uncertain,0.9874,pathogenic,https://doi.org/10.1101/2022.10.22.513328
R152Q,0.18659,0.38571,1.301958617353809,Neutral,Neutral,,,0.169,cBioPortal,,True,55.9,,,,neutral,neutral,neutral,DOWN,neutral,neutral,neutral,,,,97.53,H,-0.1579,1.5166,-5.1606,loss_of_function,-2.93800080185162,0.0380846558259399,Benign,0.3785,ambiguous,https://doi.org/10.1101/2022.10.22.513328
R152W,-0.10737,-0.18571,0.0127528224425249,Neutral,Neutral,,0.0,0.766,"cBioPortal,COSMIC,clinvar",,True,55.9,,,,neutral,neutral,neutral,UP,neutral,neutral,neutral,224846,Pathogenic,2,97.53,H,-0.2876,1.5166,-22.1488,loss_of_function,-4.61871493066844,0.7778671057708781,Pathogenic,0.8195,pathogenic,https://doi.org/10.1101/2022.10.22.513328
K153N,0.16683,0.77585,0.6534608047450565,Neutral,Neutral,,,0.076,"cBioPortal,COSMIC",,True,67.5,,,,neutral,neutral,neutral,DOWN,neutral,neutral,neutral,,,,97.87,H,0.0232,2.821,-1.7843,gain_of_function,-1.15146522159329,0.0006804451771432,Benign,0.6763,pathogenic,https://doi.org/10.1101/2022.10.22.513328
R154G,2.17576,2.23946,2.3253330194204924,Uncertain,Uncertain,,,,clinvar,,True,58.7,,,,neutral,neutral,neutral,DOWN,neutral,neutral,neutral,967798,Uncertain significance,1,98.22,H,-0.0942,2.9305,-6.2854,loss_of_function,-1.24728486836503,0.084591426946636,Benign,0.3644,ambiguous,https://doi.org/10.1101/2022.10.22.513328
R154K,-0.14302,0.34252,0.9335546706176786,Neutral,Neutral,,,0.100,cBioPortal,,True,58.7,,,,neutral,neutral,neutral,-,uncertain,uncertain,uncertain,,,,98.22,H,0.0703,2.9305,-2.4953,gain_of_function,-0.0506756084892927,0.0016517370544035,Benign,0.08,benign,https://doi.org/10.1101/2022.10.22.513328
V155M,0.31329,1.78231,1.0382791847246,Neutral,Neutral,,,0.210,"cBioPortal,COSMIC",,True,1.9,,,,neutral,neutral,neutral,UP,neutral,neutral,neutral,,,,98.28,H,-0.1651,1.1304,-4.2885,loss_of_function,-2.16501865187926,0.0844258552329969,Benign,0.7483,pathogenic,https://doi.org/10.1101/2022.10.22.513328
D157N,-0.38004,0.35748,0.2377221537050522,Neutral,Neutral,,,,clinvar,,True,55.5,,,,neutral,neutral,neutral,-,uncertain,uncertain,uncertain,1715704,Uncertain significance,1,97.71,H,0.0489,3.1293,-7.2792,gain_of_function,-1.36983182921865,0.0104951470519178,Benign,0.2191,benign,https://doi.org/10.1101/2022.10.22.513328
L158V,2.00926,0.46633,1.901054404080116,Uncertain,Uncertain,,,0.081,cBioPortal,,False,1.8,,,,neutral,neutral,neutral,DOWN,neutral,neutral,neutral,,,,97.85,H,-0.0033,2.4936,-3.201,loss_of_function,-1.31683836162954,0.0007250332838223,Benign,0.1207,benign,https://doi.org/10.1101/2022.10.22.513328
E159K,-0.10159,1.43469,0.3045085655497409,Neutral,Neutral,,,,clinvar,,False,55.3,,,,neutral,neutral,neutral,UP,neutral,neutral,neutral,432109,Conflicting interpretations of pathogenicity,1,96.57,H,-0.1316,1.3361,-4.9666,loss_of_function,-2.79599430838666,0.0279024295688215,Benign,0.9887,pathogenic,https://doi.org/10.1101/2022.10.22.513328
Q160H,0.93178,-0.01429,-0.2955330923645854,Neutral,Neutral,,,0.271,cBioPortal,,False,77.5,,,,neutral,neutral,neutral,UP,neutral,neutral,neutral,,,,96.99,H,-0.0438,1.6908,-2.3374,loss_of_function,-0.867271534297093,0.0235239907513472,Benign,0.2966,benign,https://doi.org/10.1101/2022.10.22.513328
K161N,1.31402,0.33946,0.5738900390652792,Neutral,Neutral,,,0.208,cBioPortal,,False,44.3,,,,neutral,neutral,neutral,DOWN,neutral,neutral,neutral,,,,96.85,H,0.0366,3.0534,-3.356,gain_of_function,-1.03663634298766,0.000877319176238,Benign,0.711,pathogenic,https://doi.org/10.1101/2022.10.22.513328
M162I,2.3187,0.52551,0.3494297355901715,Uncertain,Uncertain,,,0.251,COSMIC,,False,3.0,,,,neutral,neutral,neutral,-,uncertain,uncertain,uncertain,,,,96.44,H,-0.0193,2.098,-1.3482,loss_of_function,-0.366385668026072,5.817565429919184e-05,Benign,0.5391,ambiguous,https://doi.org/10.1101/2022.10.22.513328
M162R,6.04424,2.35272,3.653920524033128,Uncertain,Destabilizing,,,0.367,cBioPortal,,False,3.0,,,,neutral,neutral,neutral,UP,neutral,neutral,neutral,,,,96.44,H,-0.2981,2.098,-22.1673,loss_of_function,-4.10486039391887,0.0927909390789642,Benign,0.9773,pathogenic,https://doi.org/10.1101/2022.10.22.513328
V164A,0.0599,0.78571,0.3897782886620204,Neutral,Neutral,,,0.142,cBioPortal,,False,58.3,,,,neutral,neutral,neutral,DOWN,neutral,neutral,neutral,,,,97.46,H,0.0505,3.4468,-5.7096,gain_of_function,-1.57090954757896,0.0020883263897018,Benign,0.1871,benign,https://doi.org/10.1101/2022.10.22.513328
E166D,0.80742,0.91973,0.9516971955242416,Neutral,Neutral,,,0.331,"cBioPortal,clinvar",,False,31.0,,,,neutral,neutral,neutral,DOWN,neutral,neutral,neutral,542783,Uncertain significance,1,97.39,H,-0.1671,0.5001,-7.8826,loss_of_function,-2.84246741552198,0.4506643313927522,Uncertain,0.9948,pathogenic,https://doi.org/10.1101/2022.10.22.513328
E166Q,-0.25425,-0.98741,0.4640928549297685,Neutral,Neutral,,,0.286,"cBioPortal,COSMIC",,False,31.0,,,,neutral,neutral,neutral,UP,neutral,neutral,neutral,,,,97.39,H,-0.1739,0.5001,-7.8826,loss_of_function,-2.73684298641792,0.7176355772208896,Pathogenic,0.9702,pathogenic,https://doi.org/10.1101/2022.10.22.513328
E166V,-0.84706,-1.42993,-0.2788806556598378,Neutral,Neutral,,,0.608,cBioPortal,,False,31.0,,,,neutral,neutral,neutral,-,uncertain,uncertain,uncertain,,,,97.39,H,-0.2875,0.5001,-22.1704,loss_of_function,-5.00466792257794,0.9386437117854716,Pathogenic,0.9969,pathogenic,https://doi.org/10.1101/2022.10.22.513328
Q169E,2.88903,-0.52381,2.3158498077216763,Uncertain,Uncertain,,,0.733,cBioPortal,,False,0.6,,,,neutral,neutral,neutral,DOWN,neutral,neutral,neutral,,,,97.44,H,-0.2072,0.2339,-7.2946,loss_of_function,-2.95735557962239,0.7701170607418121,Pathogenic,0.8723,pathogenic,https://doi.org/10.1101/2022.10.22.513328
Q169H,4.81065,-0.88707,1.8314680129536047,Uncertain,Uncertain,,,0.776,cBioPortal,,False,0.6,,,,neutral,neutral,neutral,UP,neutral,neutral,neutral,,,,97.44,H,-0.2062,0.2339,-7.8795,loss_of_function,-4.26095546449668,0.6870123496455927,Pathogenic,0.998,pathogenic,https://doi.org/10.1101/2022.10.22.513328
D170N,-0.19989,0.5551,-0.0805604660398801,Neutral,Neutral,,,,clinvar,,False,57.4,,,,neutral,neutral,neutral,-,uncertain,uncertain,uncertain,1500104,Uncertain significance,1,96.55,H,-0.2141,0.3593,-8.8794,loss_of_function,-3.0031579410881,0.8127440140802871,Pathogenic,0.9977,pathogenic,https://doi.org/10.1101/2022.10.22.513328
D170V,-0.28095,0.28163,-0.2537368831564901,Neutral,Neutral,,,0.817,cBioPortal,,False,57.4,,,,neutral,neutral,neutral,UP,neutral,neutral,neutral,,,,96.55,H,-0.3623,0.3593,-22.1673,loss_of_function,-6.11814840909979,0.9127837181611884,Pathogenic,0.9994,pathogenic,https://doi.org/10.1101/2022.10.22.513328
D170Y,-1.54986,0.73435,-0.1995886637820232,Neutral,Neutral,,,0.773,"cBioPortal,clinvar",,False,57.4,,,,neutral,neutral,neutral,UP,neutral,neutral,neutral,1366042,Uncertain significance,1,96.55,H,-0.3602,0.3593,-22.1673,loss_of_function,-5.1464760739128,0.7678804432311066,Pathogenic,0.9985,pathogenic,https://doi.org/10.1101/2022.10.22.513328
D171G,0.55745,0.5119,0.6641041760386798,Neutral,Neutral,,,0.500,cBioPortal,,False,77.1,,,,neutral,neutral,neutral,DOWN,neutral,neutral,neutral,,,,96.14,H,-0.2008,1.7247,-22.1642,loss_of_function,-4.44592044065494,0.2371159856040882,Benign,0.9835,pathogenic,https://doi.org/10.1101/2022.10.22.513328
D171Y,-1.96173,-0.71395,-0.8953959757769409,Neutral,Neutral,,,0.447,cBioPortal,,False,77.1,,,,neutral,neutral,neutral,UP,neutral,neutral,neutral,,,,96.14,H,-0.2346,1.7247,-22.1642,loss_of_function,-3.26879932378537,0.3054578891757175,Benign,0.9771,pathogenic,https://doi.org/10.1101/2022.10.22.513328
D173E,-0.70125,-0.67211,1.0092221644480528,Neutral,Neutral,,,0.322,cBioPortal,,False,42.4,,,,neutral,neutral,neutral,UP,neutral,neutral,neutral,,,,94.87,H,-0.1691,0.5245,-7.2884,loss_of_function,-2.62171963126348,0.317992271300233,Benign,0.9954,pathogenic,https://doi.org/10.1101/2022.10.22.513328
D173N,-0.30253,0.3102,0.8971532192104944,Neutral,Neutral,,,0.333,"cBioPortal,COSMIC",,False,42.4,,,,neutral,neutral,neutral,-,uncertain,uncertain,uncertain,,,,94.87,H,-0.1989,0.5245,-8.8733,loss_of_function,-2.74624660534458,0.6220413225615167,Uncertain,0.9898,pathogenic,https://doi.org/10.1101/2022.10.22.513328
F174L,0.01422,0.07687,0.0175398653240205,Neutral,Neutral,,,0.387,cBioPortal,,False,85.4,,,,neutral,neutral,neutral,DOWN,neutral,neutral,neutral,,,,94.81,H,-0.249,0.326,-7.2854,loss_of_function,-2.35270042139986,0.3900638254390279,Uncertain,0.9998,pathogenic,https://doi.org/10.1101/2022.10.22.513328
N175H,-0.08218,-0.1466,-0.6020373168604953,Neutral,Neutral,,,,clinvar,,False,42.7,,,,neutral,neutral,neutral,UP,neutral,neutral,neutral,582920,Likely benign,1,93.08,H,-0.1574,1.9132,-22.155,loss_of_function,-4.23739117696616,0.0097938348082825,Benign,0.1181,benign,https://doi.org/10.1101/2022.10.22.513328
L179I,1.3758,0.41122,1.4618066161779797,Neutral,Neutral,,,0.148,COSMIC,,False,15.9,,,,neutral,neutral,neutral,-,uncertain,uncertain,uncertain,,,,86.93,H,-0.032,1.8177,-3.75,loss_of_function,-1.72026608111627,0.0239910550839005,Benign,0.2308,benign,https://doi.org/10.1101/2022.10.22.513328
K180M,-0.47747,1.2932,-0.1726764521739099,Neutral,Neutral,,,0.327,cBioPortal,,False,70.9,,,,neutral,neutral,neutral,DOWN,neutral,neutral,neutral,,,,85.59,H,-0.0761,1.9489,-7.1224,loss_of_function,-3.08967469213769,0.0594775702691934,Benign,0.7836,pathogenic,https://doi.org/10.1101/2022.10.22.513328
Q182R,-0.65456,0.02041,-0.2840639142104306,Neutral,Neutral,,,0.212,"cBioPortal,COSMIC",,False,46.7,,,,neutral,neutral,neutral,UP,neutral,neutral,neutral,,,,76.2,H,0.0015,2.4791,-1.6741,gain_of_function,-1.72355691910771,0.0002136017238035,Benign,0.3537,ambiguous,https://doi.org/10.1101/2022.10.22.513328
G183E,-0.67548,0.54218,0.0772920789837527,Neutral,Neutral,,,0.218,"cBioPortal,COSMIC",,False,84.3,,,,neutral,neutral,neutral,UP,neutral,neutral,neutral,,,,65.92,H,-0.092,2.7292,-2.6232,loss_of_function,-1.01029243369765,0.000286489283451,Benign,0.5433,ambiguous,https://doi.org/10.1101/2022.10.22.513328
G183R,-1.37794,-0.31599,-0.8964639307528061,Neutral,Neutral,,,0.254,COSMIC,,False,84.3,,,,neutral,neutral,neutral,UP,neutral,neutral,neutral,,,,65.92,H,-0.1343,2.7292,-7.5774,loss_of_function,-1.78709891366073,0.0369809771319655,Benign,0.7691,pathogenic,https://doi.org/10.1101/2022.10.22.513328
D184N,-0.66655,0.77653,-0.0420367449560404,Neutral,Neutral,,,0.102,cBioPortal,,False,98.9,,,,neutral,neutral,neutral,-,uncertain,uncertain,uncertain,,,,58.17,T,0.0599,3.0102,-2.9668,gain_of_function,-0.95227281928843,0.0001351634288016,Benign,0.2423,benign,https://doi.org/10.1101/2022.10.22.513328
M185V,0.57686,0.39082,0.1280776576348635,Neutral,Neutral,,,0.164,cBioPortal,,False,89.1,,,,neutral,neutral,neutral,DOWN,neutral,neutral,neutral,,,,54.2,T,0.0256,3.0204,-2.8995,gain_of_function,-0.0020395665755216,,,0.0623,benign,https://doi.org/10.1101/2022.10.22.513328
Q186K,-0.891,1.21905,-0.0258324697384287,Neutral,Neutral,,,0.162,COSMIC,,False,35.8,,,,neutral,neutral,neutral,UP,neutral,neutral,neutral,,,,53.4,-,0.0114,2.8808,-6.6865,gain_of_function,-1.23296040131807,,,0.2462,benign,https://doi.org/10.1101/2022.10.22.513328
D187G,-0.23788,0.50646,0.6333429800702078,Neutral,Neutral,,,0.165,cBioPortal,,False,114.1,,,,neutral,neutral,neutral,DOWN,neutral,neutral,neutral,,,,50.62,T,-0.0876,2.0883,-6.543,loss_of_function,-2.04748031410119,,,0.438,ambiguous,https://doi.org/10.1101/2022.10.22.513328
D187Y,-0.14398,-0.87653,0.2123221449824108,Neutral,Neutral,,,0.221,cBioPortal,,False,114.1,,,,neutral,neutral,neutral,UP,neutral,neutral,neutral,,,,50.62,T,-0.1994,2.0883,-21.8308,loss_of_function,-2.07292811822508,,,0.5404,ambiguous,https://doi.org/10.1101/2022.10.22.513328
L188M,0.0336,0.38912,0.4477072428399881,Neutral,Neutral,3.1841049481e-05,6.37191260922e-05,0.107,"cBioPortal,clinvar",,False,101.7,,,,neutral,neutral,neutral,-,uncertain,uncertain,uncertain,2174730,Likely benign,1,51.95,T,0.0624,3.0571,-3.0228,gain_of_function,-0.175652751394639,,,0.0629,benign,https://doi.org/10.1101/2022.10.22.513328
N191D,-0.24202,0.27823,0.0754604121481655,Neutral,Neutral,,,0.122,COSMIC,,False,117.9,,,,neutral,neutral,neutral,-,uncertain,uncertain,uncertain,,,,55.19,G,0.0735,3.4534,-5.0172,gain_of_function,-1.50829035034092,0.013043194517665,Benign,0.282,benign,https://doi.org/10.1101/2022.10.22.513328
N191H,0.29012,0.33878,-0.034485697784502,Neutral,Neutral,,,,clinvar,,False,117.9,,,,neutral,neutral,neutral,UP,neutral,neutral,neutral,2114430,Uncertain significance,1,55.19,G,0.0712,3.4534,-5.1327,gain_of_function,-2.20699203917059,0.007374726360883,Benign,0.119,benign,https://doi.org/10.1101/2022.10.22.513328
N191K,-0.75972,0.13503,0.3683419858065112,Neutral,Neutral,,,0.063,cBioPortal,,False,117.9,,,,neutral,neutral,neutral,UP,neutral,neutral,neutral,,,,55.19,G,0.0786,3.4534,-4.0172,gain_of_function,-1.22428841444838,0.0018457641236392,Benign,0.4795,ambiguous,https://doi.org/10.1101/2022.10.22.513328
Q193H,0.7374,0.04898,-0.4338806990747001,Neutral,Neutral,,,,clinvar,,False,98.2,,,,neutral,neutral,neutral,UP,neutral,neutral,neutral,2038976,Uncertain significance,1,67.68,H,0.0336,2.7606,-6.4528,gain_of_function,-1.81869482265815,0.1680340100052031,Benign,0.1707,benign,https://doi.org/10.1101/2022.10.22.513328
S194L,-0.35644,-0.51973,-0.6783148978422654,Neutral,Neutral,,3.9801311851e-06,0.206,"cBioPortal,clinvar",P,False,94.6,-0.774,,,damaging,neutral,uncertain,UP,neutral,neutral,neutral,950289,Conflicting interpretations of pathogenicity,1,71.87,H,0.0206,3.2,-5.7549,gain_of_function,-0.424918077241027,0.0086153342279158,Benign,0.0702,benign,https://doi.org/10.1101/2022.10.22.513328
V195L,-0.36603,0.05748,-0.2217000570815563,Neutral,Neutral,,,0.099,cBioPortal,,False,67.4,,,,neutral,neutral,neutral,UP,neutral,neutral,neutral,,,,74.67,H,0.0486,3.2954,-3.2313,gain_of_function,-1.00170054967098,0.0010014544831938,Benign,0.1051,benign,https://doi.org/10.1101/2022.10.22.513328
T196N,-0.7532,2.35136,0.3392247939249676,Uncertain,Neutral,,,,clinvar,P,False,48.4,3.398,,,damaging,damaging,uncertain,-,uncertain,uncertain,uncertain,2503385,Uncertain significance,1,78.06,H,0.0193,3.376,-5.1832,gain_of_function,-1.47450846192549,0.0044230265482261,Benign,0.1641,benign,https://doi.org/10.1101/2022.10.22.513328
R197S,0.08403,-0.02109,0.7695064657237555,Neutral,Neutral,,,0.292,cBioPortal,,False,96.2,,,,neutral,neutral,neutral,DOWN,neutral,neutral,neutral,,,,81.88,H,-0.1111,2.3632,-6.2062,loss_of_function,-1.58103786264749,0.0251424631427181,Benign,0.6737,pathogenic,https://doi.org/10.1101/2022.10.22.513328
Q198H,0.58058,-0.11803,-0.3337429742656306,Neutral,Neutral,,,,clinvar,,False,91.3,,,,neutral,neutral,neutral,UP,neutral,neutral,neutral,1435232,Uncertain significance,1,84.34,H,-0.01,2.2198,-5.2511,loss_of_function,-2.29239288916376,0.0432687686711181,Benign,0.1947,benign,https://doi.org/10.1101/2022.10.22.513328
K199T,1.91444,0.43367,0.8097727641419561,Neutral,Neutral,,,0.314,COSMIC,,False,41.0,,,,neutral,neutral,neutral,DOWN,neutral,neutral,neutral,,,,85.6,H,-0.0772,2.0502,-6.8297,loss_of_function,-1.37948196318591,0.0097607838871297,Benign,0.8075,pathogenic,https://doi.org/10.1101/2022.10.22.513328
M200I,0.65764,0.2585,0.3496898050968128,Neutral,Neutral,,,0.212,"cBioPortal,COSMIC",,False,61.3,,,,neutral,neutral,neutral,-,uncertain,uncertain,uncertain,,,,88.19,H,0.0494,2.9718,-3.6329,gain_of_function,-1.43243017381865,0.0125804825299296,Benign,0.5909,pathogenic,https://doi.org/10.1101/2022.10.22.513328
Q202R,0.16952,0.08605,-0.5113868739220462,Neutral,Neutral,,,,clinvar,,False,66.7,,,,neutral,neutral,neutral,UP,neutral,neutral,neutral,1309253,Uncertain significance,1,91.69,H,0.0751,3.3757,-3.4053,gain_of_function,-1.16901918432307,0.0016752191841631,Benign,0.3136,benign,https://doi.org/10.1101/2022.10.22.513328
E204K,0.17562,0.28435,0.2375914043969978,Neutral,Neutral,,,0.234,cBioPortal,,False,70.0,,,,neutral,neutral,neutral,UP,neutral,neutral,neutral,,,,93.41,H,-0.0366,2.3234,-4.1637,loss_of_function,-2.22108157857547,0.0002930593565602,Benign,0.82,pathogenic,https://doi.org/10.1101/2022.10.22.513328
M206I,0.84848,-0.34048,0.3342277309790087,Neutral,Neutral,,,,clinvar,,True,15.0,,,,neutral,neutral,neutral,-,uncertain,uncertain,uncertain,1058933,Uncertain significance,1,95.55,H,-0.0908,1.5078,-4.7066,loss_of_function,-1.49461617105092,0.0466626254091279,Benign,0.9796,pathogenic,https://doi.org/10.1101/2022.10.22.513328
M206K,1.85728,0.42755,2.2213254824984534,Neutral,Uncertain,,,0.592,COSMIC,,True,15.0,,,,neutral,neutral,neutral,UP,neutral,neutral,neutral,,,,95.55,H,-0.2384,1.5078,-5.1761,loss_of_function,-2.36385282613944,0.117051304353181,Benign,0.8336,pathogenic,https://doi.org/10.1101/2022.10.22.513328
A209V,0.19112,-0.44932,-0.2376143918887369,Neutral,Neutral,,,,clinvar,,True,57.5,,,,neutral,neutral,neutral,UP,neutral,neutral,neutral,853523,Uncertain significance,1,96.83,H,0.0776,3.3089,-6.2915,gain_of_function,-2.07378228447129,0.0020909834136877,Benign,0.1543,benign,https://doi.org/10.1101/2022.10.22.513328
Q212K,-0.11379,-0.00034,-0.494056038124479,Neutral,Neutral,,,0.211,"cBioPortal,COSMIC",,True,84.7,,,,neutral,neutral,neutral,UP,neutral,neutral,neutral,,,,97.36,H,0.089,3.5706,-3.91,gain_of_function,-1.36648284490207,0.0016758333827949,Benign,0.1655,benign,https://doi.org/10.1101/2022.10.22.513328
Q212R,-0.02215,0.09014,-0.7196463550672672,Neutral,Neutral,,,0.250,"cBioPortal,COSMIC",,True,84.7,,,,neutral,neutral,neutral,UP,neutral,neutral,neutral,,,,97.36,H,0.0907,3.5706,-3.8642,gain_of_function,-1.38473812772218,0.0043982058044825,Benign,0.1827,benign,https://doi.org/10.1101/2022.10.22.513328
M213I,0.70526,0.12891,-0.142049602915103,Neutral,Neutral,,,"0.130, 0.131","cBioPortal,COSMIC",,True,30.8,,,,neutral,neutral,neutral,-,uncertain,uncertain,uncertain,,,,96.98,H,0.01,2.8334,-8.8609,gain_of_function,-1.93553181210642,0.0928293292735712,Benign,0.5364,ambiguous,https://doi.org/10.1101/2022.10.22.513328
M213V,1.51126,0.82823,0.3447271126279327,Neutral,Neutral,,,0.126,cBioPortal,,True,30.8,,,,neutral,neutral,neutral,DOWN,neutral,neutral,neutral,,,,96.98,H,-0.017,2.8334,-7.861,loss_of_function,-2.13705439555752,0.1192502366240635,Benign,0.1754,benign,https://doi.org/10.1101/2022.10.22.513328
R214Q,6.82451,0.33129,1.9490536361766928,Uncertain,Uncertain,,,,clinvar,,True,0.1,,,,neutral,neutral,neutral,DOWN,neutral,neutral,neutral,1355776,Uncertain significance,1,97.62,H,-0.3596,0.2667,-22.155,loss_of_function,-2.80645923508439,0.4373279698542373,Uncertain,0.9876,pathogenic,https://doi.org/10.1101/2022.10.22.513328
R214W,3.96969,-0.31803,-0.3194472159754519,Uncertain,Uncertain,,,0.733,COSMIC,,True,0.1,,,,neutral,neutral,neutral,UP,neutral,neutral,neutral,,,,97.62,H,-0.3348,0.2667,-8.8671,loss_of_function,-4.67472190670007,0.8089187723182304,Pathogenic,0.9965,pathogenic,https://doi.org/10.1101/2022.10.22.513328
R215I,0.78593,0.65,0.4091443948361939,Neutral,Neutral,,,0.308,COSMIC,,True,49.1,,,,neutral,neutral,neutral,DOWN,neutral,neutral,neutral,,,,97.63,H,-0.1726,2.0283,-6.5546,loss_of_function,-1.90333197020699,0.043539002669192,Benign,0.6169,pathogenic,https://doi.org/10.1101/2022.10.22.513328
R215T,2.02448,1.12211,1.4922098133231954,Uncertain,Uncertain,,,0.240,cBioPortal,,True,49.1,,,,neutral,neutral,neutral,DOWN,neutral,neutral,neutral,,,,97.63,H,-0.1519,2.0283,-7.2915,loss_of_function,-2.48689120438705,0.0329282259525315,Benign,0.583,pathogenic,https://doi.org/10.1101/2022.10.22.513328
S216C,0.34548,0.52041,0.5395108464452677,Neutral,Neutral,,,0.134,cBioPortal,,True,55.0,,,,uncertain,,,UP,neutral,neutral,neutral,,,,97.48,H,-0.0774,2.7512,-22.1581,loss_of_function,-2.21479175299665,0.1407792431084978,Benign,0.0859,benign,https://doi.org/10.1101/2022.10.22.513328
I217F,6.18256,2.7966,1.847711612545984,Uncertain,Uncertain,,,,clinvar,,True,0.7,,,,neutral,neutral,neutral,UP,neutral,neutral,neutral,2044185,Uncertain significance,1,97.94,H,-0.1053,2.0846,-4.5668,loss_of_function,-2.47415869312504,0.0066608045452539,Benign,0.4239,ambiguous,https://doi.org/10.1101/2022.10.22.513328
V218A,2.12812,1.96633,2.1223810198459785,Uncertain,Uncertain,,,0.207,cBioPortal,,True,8.3,,,,neutral,neutral,neutral,DOWN,neutral,neutral,neutral,,,,97.65,H,-0.2154,1.4701,-22.1765,loss_of_function,-3.44374406019482,0.4016472072384537,Uncertain,0.7712,pathogenic,https://doi.org/10.1101/2022.10.22.513328
V218G,3.65238,4.01769,4.118186741461282,Destabilizing,Destabilizing,,,0.757,"cBioPortal,COSMIC",,True,8.3,,,,neutral,neutral,neutral,DOWN,neutral,neutral,neutral,,,,97.65,H,-0.3412,1.4701,-22.1765,loss_of_function,-4.92285276819377,0.6297142693358343,Uncertain,0.8536,pathogenic,https://doi.org/10.1101/2022.10.22.513328
V218L,-0.2435,0.98333,-0.786935807560249,Neutral,Neutral,,,,clinvar,,True,8.3,,,,neutral,neutral,neutral,UP,neutral,neutral,neutral,2005736,Likely benign,1,97.65,H,-0.1088,1.4701,-1.1745,loss_of_function,-1.55039794437608,0.0007551184040564,Benign,0.3925,ambiguous,https://doi.org/10.1101/2022.10.22.513328
V218M,-0.99626,1.23027,0.0771629170694315,Neutral,Neutral,,3.9777880316e-06,0.222,cBioPortal,,True,8.3,,,,neutral,neutral,neutral,UP,neutral,neutral,neutral,,,,97.65,H,-0.1454,1.4701,-6.5668,loss_of_function,-1.53628457057239,0.0480886529960906,Benign,0.5198,ambiguous,https://doi.org/10.1101/2022.10.22.513328
S219T,-0.24091,-0.2602,-0.2328184469958866,Neutral,Neutral,,,,clinvar,,True,85.5,,,,neutral,,,UP,neutral,neutral,neutral,1717866,Uncertain significance,1,97.42,H,0.1002,2.9754,-3.1074,gain_of_function,-0.177863982205479,0.0046910188082228,Benign,0.0581,benign,https://doi.org/10.1101/2022.10.22.513328
A222V,0.07653,-0.07415,-0.4813687897756463,Neutral,Neutral,,3.9777247414e-06,0.121,cBioPortal,,True,40.1,,,,neutral,neutral,neutral,UP,neutral,neutral,neutral,,,,97.87,H,0.0772,3.2504,-5.3068,gain_of_function,-1.63972847230124,0.0093153159875738,Benign,0.1243,benign,https://doi.org/10.1101/2022.10.22.513328
S226L,-0.12022,-0.73707,-0.8437289199784703,Neutral,Neutral,,,0.158,cBioPortal,,False,62.4,,,,uncertain,,,UP,neutral,neutral,neutral,,,,98.17,H,-0.019,2.9435,-8.8886,loss_of_function,-1.7017214696127,0.0229290311850316,Benign,0.0922,benign,https://doi.org/10.1101/2022.10.22.513328
S226P,2.52334,4.53912,4.699576394589186,Uncertain,Uncertain,,,0.223,cBioPortal,,False,62.4,,,,uncertain,,,UP,neutral,neutral,neutral,,,,98.17,H,-0.0899,2.9435,-7.8887,loss_of_function,-2.37221982993242,0.0730197459472551,Benign,0.705,pathogenic,https://doi.org/10.1101/2022.10.22.513328
A227P,2.50882,9.61565,6.049816315222718,Uncertain,Uncertain,,,0.230,COSMIC,,False,36.1,,,,neutral,neutral,neutral,UP,neutral,neutral,neutral,,,,97.77,H,-0.1771,3.0935,-22.1795,loss_of_function,-4.2076364652556,0.0396533274977238,Benign,0.9331,pathogenic,https://doi.org/10.1101/2022.10.22.513328
A227V,-0.45561,-0.90748,-0.080159420291172,Neutral,Neutral,,,0.211,"cBioPortal,clinvar",,False,36.1,,,,neutral,neutral,neutral,UP,neutral,neutral,neutral,2189655,Uncertain significance,1,97.77,H,0.0728,3.0935,-3.3372,gain_of_function,-0.177016330386443,0.0009076524431459,Benign,0.1175,benign,https://doi.org/10.1101/2022.10.22.513328
M228L,0.79029,0.44864,0.6916048506285727,Neutral,Neutral,,,0.223,cBioPortal,,False,0.0,,,,neutral,neutral,neutral,-,uncertain,uncertain,uncertain,,,,98.5,H,0.0586,2.747,-4.251,gain_of_function,-2.59287742470271,0.0303389082232405,Benign,0.234,benign,https://doi.org/10.1101/2022.10.22.513328
E229G,0.88251,1.71224,1.985680071241653,Neutral,Neutral,,,,clinvar,,False,43.3,,,,neutral,neutral,neutral,DOWN,neutral,neutral,neutral,1948153,Uncertain significance,1,98.03,H,-0.0946,1.8187,-5.6943,loss_of_function,-2.63497750418311,0.0555966734042436,Benign,0.2074,benign,https://doi.org/10.1101/2022.10.22.513328
E229K,-0.49175,0.4602,0.9356463325501144,Neutral,Neutral,,,,clinvar,,False,43.3,,,,neutral,neutral,neutral,UP,neutral,neutral,neutral,2053465,Uncertain significance,1,98.03,H,-0.099,1.8187,-7.2792,loss_of_function,-2.4186317321272,0.3487980491245195,Uncertain,0.5867,pathogenic,https://doi.org/10.1101/2022.10.22.513328
Q232H,2.05427,0.36327,-0.0885463215355319,Uncertain,Uncertain,,,0.244,"cBioPortal,COSMIC",,True,8.2,,,,neutral,neutral,neutral,UP,neutral,neutral,neutral,,,,98.31,H,0.0089,2.5136,-6.8423,gain_of_function,-2.69527731830269,0.0531145026922691,Benign,0.6797,pathogenic,https://doi.org/10.1101/2022.10.22.513328
T236M,-1.04602,-0.2449,0.0354246408797842,Neutral,Neutral,,,0.282,"cBioPortal,COSMIC",P,True,11.8,2.582,,,uncertain,uncertain,uncertain,UP,neutral,neutral,neutral,,,,96.05,I,-0.0808,2.2882,-7.2976,loss_of_function,0.161431072898622,0.1646683157934969,Benign,0.0827,benign,https://doi.org/10.1101/2022.10.22.513328
T236R,0.4894,-0.7398,0.4076258245332514,Neutral,Neutral,,3.9774399605e-06,0.271,cBioPortal,P,True,11.8,2.582,,,uncertain,uncertain,uncertain,UP,neutral,neutral,neutral,,,,96.05,I,-0.1249,2.2882,-7.8826,loss_of_function,-5.88528654259822,0.0798214270643319,Benign,0.4338,ambiguous,https://doi.org/10.1101/2022.10.22.513328
D237E,-0.16235,-0.2432,-0.3992589478198821,Neutral,Neutral,,,,clinvar,,True,76.8,,,,neutral,neutral,neutral,UP,neutral,neutral,neutral,2436507,Uncertain significance,1,95.85,I,0.076,3.0743,-5.2416,gain_of_function,-0.250291861736416,0.0050559850081957,Benign,0.0836,benign,https://doi.org/10.1101/2022.10.22.513328
E238V,-0.05182,-1.05374,0.0644272456389505,Neutral,Neutral,,,0.296,COSMIC,,True,53.5,,,,neutral,neutral,neutral,-,uncertain,uncertain,uncertain,,,,95.23,I,-0.0474,2.1472,-4.8224,loss_of_function,-2.14161195124825,0.0162688510802311,Benign,0.2275,benign,https://doi.org/10.1101/2022.10.22.513328
A241D,1.18217,1.22517,0.8436648501563973,Neutral,Neutral,,,0.249,"cBioPortal,COSMIC",,False,53.5,,,,neutral,neutral,neutral,UP,neutral,neutral,neutral,,,,95.95,H,-0.0597,2.9911,-5.1025,loss_of_function,-2.30021267222031,0.0158288638992401,Benign,0.4019,ambiguous,https://doi.org/10.1101/2022.10.22.513328
D242N,-1.24834,0.02517,-0.2164148571838603,Neutral,Neutral,,,0.229,cBioPortal,,False,67.6,,,,neutral,neutral,neutral,-,uncertain,uncertain,uncertain,,,,93.7,H,-0.1111,1.4802,-8.8977,loss_of_function,-2.10342973444098,0.1519079698388123,Benign,0.354,ambiguous,https://doi.org/10.1101/2022.10.22.513328
D242Y,-0.73438,-0.22891,-0.7170203985015527,Neutral,Neutral,,,0.508,"cBioPortal,COSMIC",,False,67.6,,,,neutral,neutral,neutral,UP,neutral,neutral,neutral,,,,93.7,H,-0.2572,1.4802,-22.1856,loss_of_function,-5.27514272768655,0.6787807598641147,Uncertain,0.7186,pathogenic,https://doi.org/10.1101/2022.10.22.513328
K244N,0.7366,0.40476,0.7937980188012628,Neutral,Neutral,,,0.680,COSMIC,,False,55.6,,,,neutral,neutral,neutral,DOWN,neutral,neutral,neutral,,,,96.54,H,-0.2529,0.9531,-22.2006,loss_of_function,-4.70435892447475,0.9219995641087566,Pathogenic,0.9847,pathogenic,https://doi.org/10.1101/2022.10.22.513328
R246G,1.4383,2.09932,2.453450581561641,Uncertain,Uncertain,,,0.612,cBioPortal,,False,38.6,,,,neutral,neutral,neutral,DOWN,neutral,neutral,neutral,,,,93.99,H,-0.3909,0.5879,-22.2006,loss_of_function,-5.37675244285698,0.8949406597857216,Pathogenic,0.9843,pathogenic,https://doi.org/10.1101/2022.10.22.513328
R246L,-0.85137,-0.21463,-0.388942777573264,Neutral,Neutral,,,0.603,cBioPortal,,False,38.6,,,,neutral,neutral,neutral,DOWN,neutral,neutral,neutral,,,,93.99,H,-0.358,0.5879,-22.2006,loss_of_function,-5.61702425879052,0.916843940594738,Pathogenic,0.9794,pathogenic,https://doi.org/10.1101/2022.10.22.513328
R246Q,0.14962,0.33469,1.045763437681791,Neutral,Neutral,,3.9770919504e-06,0.332,"cBioPortal,COSMIC",,False,38.6,,,,neutral,neutral,neutral,DOWN,neutral,neutral,neutral,,,,93.99,H,-0.2394,0.5879,-4.3893,loss_of_function,-2.97908645180466,0.2193036255452566,Benign,0.7832,pathogenic,https://doi.org/10.1101/2022.10.22.513328
R246W,-0.89489,-1.43878,-0.3554364128955378,Neutral,Neutral,,,0.532,cBioPortal,,False,38.6,,,,neutral,neutral,neutral,UP,neutral,neutral,neutral,,,,93.99,H,-0.2974,0.5879,-7.3279,loss_of_function,-1.72993848388629,0.9434906138256272,Pathogenic,0.9504,pathogenic,https://doi.org/10.1101/2022.10.22.513328
I249T,1.62721,0.91327,1.8062161827926508,Neutral,Neutral,,,,clinvar,,False,29.5,,,,neutral,neutral,neutral,DOWN,neutral,neutral,neutral,1359957,Likely benign,1,95.31,H,-0.0956,2.1699,-4.9099,loss_of_function,-2.77238109526715,0.0557119033844621,Benign,0.2703,benign,https://doi.org/10.1101/2022.10.22.513328
A250V,1.72322,0.82347,0.2215113378718769,Neutral,Neutral,,,0.689,cBioPortal,,False,8.3,,,,neutral,neutral,neutral,UP,neutral,neutral,neutral,,,,94.33,H,-0.1464,0.9322,-7.3279,loss_of_function,-4.43064620388432,0.8875910005126366,Pathogenic,0.8593,pathogenic,https://doi.org/10.1101/2022.10.22.513328
C251Y,7.10385,0.53197,-0.1097101196817496,Uncertain,Uncertain,,,0.525,cBioPortal,,False,16.7,,,,neutral,neutral,neutral,UP,neutral,neutral,neutral,,,,95.5,H,-0.3716,0.5232,-7.3279,loss_of_function,-4.38623202267186,0.5601598603444022,Uncertain,0.9818,pathogenic,https://doi.org/10.1101/2022.10.22.513328
I252V,2.73752,0.97483,0.7948726171967054,Uncertain,Uncertain,,,0.302,cBioPortal,,False,0.6,,,,neutral,neutral,neutral,DOWN,neutral,neutral,neutral,,,,96.74,T,-0.1793,0.2642,-8.9128,loss_of_function,-2.6245429477313,0.7117731032666273,Pathogenic,0.324,benign,https://doi.org/10.1101/2022.10.22.513328
P255L,1.23411,0.81973,-0.8519192988555713,Neutral,Neutral,,,0.715,"cBioPortal,COSMIC",,False,43.0,,,,neutral,neutral,neutral,UP,neutral,neutral,neutral,,,,83.3,-,-0.2432,0.5421,-5.9129,loss_of_function,-3.64723059803737,0.4205253451453605,Uncertain,0.6783,pathogenic,https://doi.org/10.1101/2022.10.22.513328
N257I,-0.17925,0.43095,0.3799441951472776,Neutral,Neutral,,,0.345,cBioPortal,,False,81.2,,,,neutral,neutral,neutral,UP,neutral,neutral,neutral,,,,75.59,-,-0.2056,1.8841,-22.2006,loss_of_function,-4.04237467755778,0.8277957377322704,Pathogenic,0.5502,ambiguous,https://doi.org/10.1101/2022.10.22.513328
N257S,0.66662,0.27279,0.694303406079611,Neutral,Neutral,,,0.106,"cBioPortal,COSMIC",,False,81.2,,,,neutral,neutral,neutral,DOWN,neutral,neutral,neutral,,,,75.59,-,-0.037,1.8841,-4.9129,loss_of_function,-3.21820583295508,0.1226023365018769,Benign,0.0952,benign,https://doi.org/10.1101/2022.10.22.513328
C259Y,-0.00215,-0.4381,-0.7259686281715727,Neutral,Neutral,,,,clinvar,,False,72.2,,,,neutral,neutral,neutral,UP,neutral,neutral,neutral,838586,Uncertain significance,1,88.59,-,-0.2845,1.5577,-8.9157,loss_of_function,-4.14487540348227,0.9095021364266892,Pathogenic,0.9057,pathogenic,https://doi.org/10.1101/2022.10.22.513328
L260P,2.90355,3.46429,6.559595755166048,Uncertain,Uncertain,,,,clinvar,,False,1.1,,,,neutral,neutral,neutral,DOWN,neutral,neutral,neutral,654844,Uncertain significance,2,92.04,-,-0.4587,0.4786,-22.2036,loss_of_function,-8.1237848226187,0.9750136023696224,Pathogenic,0.993,pathogenic,https://doi.org/10.1101/2022.10.22.513328
R262L,-0.82771,0.17347,-0.1554879021336425,Neutral,Neutral,,,0.263,cBioPortal,,False,44.7,,,,neutral,neutral,neutral,DOWN,neutral,neutral,neutral,,,,90.67,H,-0.1907,1.4859,-5.5939,loss_of_function,-1.88571584405319,0.0004936599113262,Benign,0.5962,pathogenic,https://doi.org/10.1101/2022.10.22.513328
R262Q,-0.13152,0.92245,0.5366625768512312,Neutral,Neutral,,3.9791175909e-06,0.280,"COSMIC,clinvar",,False,44.7,,,,neutral,neutral,neutral,DOWN,neutral,neutral,neutral,853869,Uncertain significance,1,90.67,H,-0.1376,1.4859,-0.6213,loss_of_function,-1.24434705732588,5.95889978489679e-06,Benign,0.2075,benign,https://doi.org/10.1101/2022.10.22.513328
R262W,-0.28538,0.10034,-0.5605841179768456,Neutral,Neutral,,,0.352,"cBioPortal,COSMIC",,False,44.7,,,,neutral,neutral,neutral,UP,neutral,neutral,neutral,,,,90.67,H,-0.2907,1.4859,-22.2036,loss_of_function,-4.37692004952276,0.2941131078269112,Benign,0.6352,pathogenic,https://doi.org/10.1101/2022.10.22.513328
E264D,1.43957,2.52925,1.1350222519047,Uncertain,Neutral,,,0.338,COSMIC,,False,1.1,,,,neutral,neutral,neutral,DOWN,neutral,neutral,neutral,,,,94.23,H,-0.1128,1.0926,-7.9188,loss_of_function,-2.76641058540376,0.4813928917833343,Uncertain,0.9944,pathogenic,https://doi.org/10.1101/2022.10.22.513328
E264K,1.68466,2.78265,0.7947250781884768,Uncertain,Neutral,,0.0001356938746189,0.361,cBioPortal,,False,1.1,,,,neutral,neutral,neutral,UP,neutral,neutral,neutral,,,,94.23,H,-0.1742,1.0926,-8.9187,loss_of_function,-6.4774169716405,0.5068492147337379,Uncertain,0.996,pathogenic,https://doi.org/10.1101/2022.10.22.513328
N265D,0.36241,0.35612,0.3634450344341705,Neutral,Neutral,,,0.181,"cBioPortal,COSMIC",,False,78.3,,,,neutral,neutral,neutral,-,uncertain,uncertain,uncertain,,,,93.08,H,-0.0677,2.1346,-8.9217,loss_of_function,-2.32068005906214,0.3066685026762076,Benign,0.5357,ambiguous,https://doi.org/10.1101/2022.10.22.513328
N265S,-0.0579,0.11837,0.3490608588617394,Neutral,Neutral,,,0.100,COSMIC,,False,78.3,,,,neutral,neutral,neutral,DOWN,neutral,neutral,neutral,,,,93.08,H,-0.0068,2.1346,-3.4956,loss_of_function,-1.26759382451818,0.0064026687766725,Benign,0.0836,benign,https://doi.org/10.1101/2022.10.22.513328
I267V,1.0961,1.03027,1.2706701657190316,Neutral,Neutral,,,,clinvar,,False,0.1,,,,neutral,neutral,neutral,DOWN,neutral,neutral,neutral,2164716,Uncertain significance,1,97.63,H,-0.0983,1.0577,-7.3398,loss_of_function,-2.92861535165957,0.0020244155168396,Benign,0.1785,benign,https://doi.org/10.1101/2022.10.22.513328
T268M,0.77073,1.40646,-0.0437500265901558,Neutral,Neutral,,,0.646,"cBioPortal,COSMIC",,False,13.1,,,,uncertain,,,UP,neutral,neutral,neutral,,,,96.21,H,-0.3566,0.118,-22.2155,loss_of_function,-5.86213871170868,0.9090820149682972,Pathogenic,0.9781,pathogenic,https://doi.org/10.1101/2022.10.22.513328
S269L,-1.2397,-1.1568,-1.332001117890952,Neutral,Neutral,,,0.270,cBioPortal,,False,13.3,,,,uncertain,,,UP,neutral,neutral,neutral,,,,96.94,H,0.0323,3.162,-2.778,gain_of_function,-1.89714122297689,0.0021753724553298,Benign,0.1383,benign,https://doi.org/10.1101/2022.10.22.513328
L270S,4.39744,4.47653,4.6334311693927965,Destabilizing,Destabilizing,,,0.540,cBioPortal,,False,0.1,,,,neutral,neutral,neutral,DOWN,neutral,neutral,neutral,,,,98.39,H,-0.16,2.3248,-7.3428,loss_of_function,-1.19682760714853,0.1479286034408705,Benign,0.9627,pathogenic,https://doi.org/10.1101/2022.10.22.513328
A271V,2.23443,0.97687,0.8833028914082997,Uncertain,Uncertain,,,,clinvar,,False,0.0,,,,neutral,neutral,neutral,UP,neutral,neutral,neutral,827743,Uncertain significance,1,97.69,H,-0.1687,0.6679,-6.9248,loss_of_function,-3.21706754375922,0.1550218500035678,Benign,0.9509,pathogenic,https://doi.org/10.1101/2022.10.22.513328
S273F,3.79174,-2.80272,-0.7459404358400173,Uncertain,Uncertain,,,0.357,cBioPortal,,False,7.3,,,,uncertain,,,UP,neutral,neutral,neutral,,,,98.21,H,-0.1053,1.903,-6.9277,loss_of_function,-3.47408488632101,0.6896544873748035,Pathogenic,0.8386,pathogenic,https://doi.org/10.1101/2022.10.22.513328
Q274E,2.0622,1.52857,2.8463176700183137,Uncertain,Uncertain,,,0.329,"cBioPortal,COSMIC",,False,0.0,,,,neutral,neutral,neutral,DOWN,neutral,neutral,neutral,,,,98.21,H,-0.2004,1.1353,-22.2155,loss_of_function,-3.97684082187174,0.0202332963186766,Benign,0.2966,benign,https://doi.org/10.1101/2022.10.22.513328
Q274H,1.69314,1.22789,1.156677802225356,Neutral,Neutral,,,0.303,"cBioPortal,COSMIC",,False,0.0,,,,neutral,neutral,neutral,UP,neutral,neutral,neutral,,,,98.21,H,-0.1964,1.1353,-22.2155,loss_of_function,-4.45939246416788,0.0586966080850566,Benign,0.7371,pathogenic,https://doi.org/10.1101/2022.10.22.513328
L275F,2.03213,2.18129,1.2081297269928004,Uncertain,Uncertain,,,0.330,cBioPortal,,False,9.1,,,,neutral,neutral,neutral,UP,neutral,neutral,neutral,,,,96.39,H,-0.0909,1.6817,-1.2067,loss_of_function,-1.70743962637083,0.0011246812709191,Benign,0.6364,pathogenic,https://doi.org/10.1101/2022.10.22.513328
L275P,4.79451,11.7983,8.606738231819465,Destabilizing,Destabilizing,,,0.460,cBioPortal,,False,9.1,,,,neutral,neutral,neutral,DOWN,neutral,neutral,neutral,,,,96.39,H,-0.2802,1.6817,-8.9276,loss_of_function,-6.884153961002,0.740092738849966,Pathogenic,0.9984,pathogenic,https://doi.org/10.1101/2022.10.22.513328
L275R,2.14875,2.07313,2.161901537841998,Uncertain,Uncertain,,,0.379,cBioPortal,,False,9.1,,,,neutral,neutral,neutral,UP,neutral,neutral,neutral,,,,96.39,H,-0.3448,1.6817,-22.2155,loss_of_function,-5.7139641701567,0.5877154289635539,Uncertain,0.9015,pathogenic,https://doi.org/10.1101/2022.10.22.513328
T277S,1.65179,1.8068,1.844016781736227,Neutral,Neutral,,,0.148,cBioPortal,,False,0.0,,,,neutral,,,DOWN,neutral,neutral,neutral,,,,98.17,H,-0.0227,2.1287,-8.9247,loss_of_function,-2.06002953179732,0.0538614135426906,Benign,0.3208,benign,https://doi.org/10.1101/2022.10.22.513328
R278C,0.14061,1.16803,1.7093237561649788,Neutral,Neutral,,,0.684,"cBioPortal,COSMIC,clinvar",,False,8.7,,,,neutral,neutral,neutral,DOWN,neutral,neutral,neutral,450010,Conflicting interpretations of pathogenicity,1,97.24,H,-0.2487,1.1093,-8.9247,loss_of_function,-4.62105003202913,0.7332114322704237,Pathogenic,0.8545,pathogenic,https://doi.org/10.1101/2022.10.22.513328
R278H,0.39365,0.24626,1.2404131824829847,Neutral,Neutral,,,0.542,"cBioPortal,COSMIC,clinvar",,False,8.7,,,,neutral,neutral,neutral,DOWN,neutral,neutral,neutral,850251,Likely pathogenic,1,97.24,H,-0.1978,1.1093,-6.6029,loss_of_function,-3.49619066913789,0.1994764550076918,Benign,0.624,pathogenic,https://doi.org/10.1101/2022.10.22.513328
R278S,0.20844,1.82721,2.1490912168880736,Neutral,Uncertain,,,0.648,COSMIC,,False,8.7,,,,neutral,neutral,neutral,DOWN,neutral,neutral,neutral,,,,97.24,H,-0.3082,1.1093,-22.2125,loss_of_function,-5.93489823943758,0.8697149316033166,Pathogenic,0.9906,pathogenic,https://doi.org/10.1101/2022.10.22.513328
K283N,1.63383,0.26054,0.8264469829155469,Neutral,Neutral,,,,clinvar,,False,34.2,,,,neutral,neutral,neutral,DOWN,neutral,neutral,neutral,2100410,Uncertain significance,1,96.39,H,-0.1755,1.002,-7.9277,loss_of_function,-3.36810270232576,0.4512576199382691,Uncertain,0.9866,pathogenic,https://doi.org/10.1101/2022.10.22.513328
L287F,1.31293,0.91633,1.718064337972221,Neutral,Neutral,,,,clinvar,,False,0.8,,,,neutral,neutral,neutral,UP,neutral,neutral,neutral,1470407,Likely pathogenic,1,96.55,H,-0.3125,0.4381,-22.2125,loss_of_function,-4.9783365484511,0.889680905117675,Pathogenic,0.9779,pathogenic,https://doi.org/10.1101/2022.10.22.513328
L287S,3.70273,2.24558,4.222409694123742,Uncertain,Destabilizing,,,,COSMIC,,False,0.8,,,,neutral,neutral,neutral,DOWN,neutral,neutral,neutral,,,,96.55,H,-0.4094,0.4381,-22.2125,loss_of_function,-5.63084020610445,0.9385449028387488,Pathogenic,0.9939,pathogenic,https://doi.org/10.1101/2022.10.22.513328
Q288P,6.00897,7.09048,7.062189126960005,Destabilizing,Destabilizing,,,0.275,cBioPortal,,False,30.0,,,,neutral,neutral,neutral,DOWN,neutral,neutral,neutral,,,,96.09,H,-0.1271,2.9382,-7.3398,loss_of_function,-3.75364196428489,0.0376187912394914,Benign,0.9616,pathogenic,https://doi.org/10.1101/2022.10.22.513328
K290N,0.50144,1.86701,0.3811984034595617,Neutral,Neutral,,,0.380,"cBioPortal,clinvar",,True,59.0,,,,neutral,neutral,neutral,DOWN,neutral,neutral,neutral,827746,Conflicting interpretations of pathogenicity,1,95.09,H,-0.1967,0.6984,-6.6029,loss_of_function,-2.51012010253614,0.2921461364385111,Benign,0.9954,pathogenic,https://doi.org/10.1101/2022.10.22.513328
V291A,2.31147,1.80306,2.4455690594989554,Uncertain,Uncertain,,,0.439,cBioPortal,,True,16.0,,,,neutral,neutral,neutral,DOWN,neutral,neutral,neutral,,,,94.6,S,-0.1659,2.0101,-22.2125,loss_of_function,-4.30554590202924,0.527899114789004,Uncertain,0.9772,pathogenic,https://doi.org/10.1101/2022.10.22.513328
S292C,0.42304,0.31122,0.3521615644798481,Neutral,Neutral,,,,clinvar,,True,34.6,,,,uncertain,,,UP,neutral,neutral,stabilizing,660373,Uncertain significance,1,94.78,-,-0.2211,1.1921,-22.2125,loss_of_function,-3.82989401476603,0.6559669261667465,Uncertain,0.4041,ambiguous,https://doi.org/10.1101/2022.10.22.513328
S292F,1.18691,-0.46463,-0.9314611722925342,Neutral,Neutral,,,0.420,"cBioPortal,COSMIC",,True,34.6,,,,uncertain,,,UP,neutral,neutral,stabilizing,,,,94.78,-,-0.2487,1.1921,-22.2125,loss_of_function,-4.75602125433474,0.6769986060227757,Uncertain,0.9304,pathogenic,https://doi.org/10.1101/2022.10.22.513328
S292T,0.19406,-0.8119,-0.3420652649103506,Neutral,Neutral,,,,clinvar,,True,34.6,,,,neutral,,,UP,neutral,neutral,stabilizing,942467,Uncertain significance,1,94.78,-,-0.052,1.1921,-0.7853,loss_of_function,-1.82286000629508,0.0001276768828417,Benign,0.1119,benign,https://doi.org/10.1101/2022.10.22.513328
Y293N,3.90245,3.24048,3.328822702386302,Destabilizing,Destabilizing,,,0.753,"cBioPortal,COSMIC",,True,25.2,,,,uncertain,,,DOWN,neutral,neutral,neutral,,,,94.96,-,-0.4356,0.1027,-22.2096,loss_of_function,-4.78556899776742,0.8407821385683942,Pathogenic,0.9936,pathogenic,https://doi.org/10.1101/2022.10.22.513328
K294E,0.12081,-0.16156,-0.2257468201267642,Neutral,Neutral,,,0.268,"COSMIC,clinvar",,True,111.3,,,,neutral,neutral,neutral,DOWN,neutral,neutral,neutral,1499549,Uncertain significance,1,95.05,T,-0.0412,2.1573,-1.1435,loss_of_function,-1.3559360294601,4.513937754937342e-05,Benign,0.3345,benign,https://doi.org/10.1101/2022.10.22.513328
K294I,-0.01871,0.4102,-0.04133014389121,Neutral,Neutral,,,0.419,cBioPortal,,True,111.3,,,,neutral,neutral,neutral,-,uncertain,uncertain,uncertain,,,,95.05,T,-0.0944,2.1573,-8.9247,loss_of_function,-3.79558513327179,0.2526408844947276,Benign,0.7052,pathogenic,https://doi.org/10.1101/2022.10.22.513328
G295R,3.55811,1.26905,0.8932642124113582,Uncertain,Uncertain,,,0.346,cBioPortal,,False,63.9,,,,neutral,neutral,neutral,UP,neutral,neutral,neutral,,,,94.19,T,-0.1263,2.6912,-5.3398,loss_of_function,-3.09756773675794,0.0765130106446525,Benign,0.922,pathogenic,https://doi.org/10.1101/2022.10.22.513328
D296N,2.55191,1.39524,1.1262901626323691,Uncertain,Uncertain,,,,"cBioPortal,COSMIC",,False,0.0,,,,neutral,neutral,neutral,-,uncertain,uncertain,uncertain,,,,95.82,-,-0.2376,0.1067,-8.9247,loss_of_function,-2.65104978735191,0.7373473379094679,Pathogenic,0.992,pathogenic,https://doi.org/10.1101/2022.10.22.513328
D296Y,14.18331,4.0017,1.7007481343851738,Destabilizing,Uncertain,,,0.820,"cBioPortal,COSMIC",,False,0.0,,,,neutral,neutral,neutral,UP,neutral,neutral,neutral,,,,95.82,-,-0.3837,0.1067,-22.2125,loss_of_function,-6.19078546627283,0.9823365138566852,Pathogenic,0.9963,pathogenic,https://doi.org/10.1101/2022.10.22.513328
P297S,4.07662,2.01633,0.0028308204207228,Uncertain,Uncertain,,,0.489,cBioPortal,,False,2.1,,,,neutral,neutral,neutral,DOWN,neutral,neutral,neutral,,,,96.24,H,-0.23,0.2641,-7.9218,loss_of_function,-4.44645955687563,0.5397911385396945,Uncertain,0.9813,pathogenic,https://doi.org/10.1101/2022.10.22.513328
V299A,-0.3584,0.19524,0.7529540187482359,Neutral,Neutral,,,0.161,"cBioPortal,COSMIC",,False,62.1,,,,neutral,neutral,neutral,DOWN,neutral,neutral,neutral,,,,96.23,H,-0.0079,2.785,-5.2214,loss_of_function,-1.72419246620382,0.0001231414348167,Benign,0.2405,benign,https://doi.org/10.1101/2022.10.22.513328
V299L,-0.16291,0.30136,-0.2841402110506036,Neutral,Neutral,,,0.179,"cBioPortal,COSMIC",,False,62.1,,,,neutral,neutral,neutral,UP,neutral,neutral,neutral,,,,96.23,H,-0.0193,2.785,-7.3368,loss_of_function,-1.86175376368365,0.0011872209959238,Benign,0.154,benign,https://doi.org/10.1101/2022.10.22.513328
R302P,5.65676,13.23912,6.217762479825429,Destabilizing,Destabilizing,,,0.345,cBioPortal,,False,27.6,,,,neutral,neutral,neutral,DOWN,neutral,neutral,neutral,,,,96.38,H,-0.2983,1.8753,-6.3428,loss_of_function,-3.75868600399855,0.034725609973792,Benign,0.9893,pathogenic,https://doi.org/10.1101/2022.10.22.513328
R302Q,0.27715,1.54218,0.7787327357717446,Neutral,Neutral,,,,clinvar,,False,27.6,,,,neutral,neutral,neutral,DOWN,neutral,neutral,neutral,623898,Uncertain significance,1,96.38,H,-0.139,1.8753,-7.9277,loss_of_function,-3.65470723494856,0.0811260338469841,Benign,0.4528,ambiguous,https://doi.org/10.1101/2022.10.22.513328
R302W,0.10529,0.32245,-0.0441963115852739,Neutral,Neutral,,,0.507,"cBioPortal,COSMIC",,False,27.6,,,,neutral,neutral,neutral,UP,neutral,neutral,neutral,,,,96.38,H,-0.2549,1.8753,-22.2155,loss_of_function,-5.0524945245326,0.2913958283327454,Benign,0.8242,pathogenic,https://doi.org/10.1101/2022.10.22.513328
P303L,1.95296,-2.87109,-1.2646556290183453,Uncertain,Neutral,,,0.387,"cBioPortal,COSMIC,clinvar",,False,57.8,,,,neutral,neutral,neutral,UP,neutral,neutral,neutral,1367889,Uncertain significance,1,96.58,H,-0.0945,2.2702,-7.9277,loss_of_function,-2.83915544444151,0.1480029375363408,Benign,0.4074,ambiguous,https://doi.org/10.1101/2022.10.22.513328
M304I,1.03798,0.13469,-0.2138977913639456,Neutral,Neutral,,,,clinvar,,False,53.8,,,,neutral,neutral,neutral,-,uncertain,uncertain,uncertain,2000478,Uncertain significance,1,97.27,H,0.0872,3.5005,-5.7638,gain_of_function,-1.19967832305041,0.0003866376842896,Benign,0.1041,benign,https://doi.org/10.1101/2022.10.22.513328
V310M,-0.18083,0.74592,0.7424684104522236,Neutral,Neutral,,3.9766491164e-06,0.198,cBioPortal,,False,22.3,,,,neutral,neutral,neutral,UP,neutral,neutral,neutral,,,,97.58,H,0.0266,3.2605,-5.1293,gain_of_function,-1.96291982355135,0.0011945207214727,Benign,0.1479,benign,https://doi.org/10.1101/2022.10.22.513328
E311A,0.43049,-0.19354,0.1576897151713607,Neutral,Neutral,,,0.141,"cBioPortal,COSMIC",,False,62.5,,,,neutral,neutral,neutral,DOWN,neutral,neutral,neutral,,,,97.53,H,0.0597,3.1489,-4.4772,gain_of_function,-0.500383393535804,0.0125720998040766,Benign,0.1179,benign,https://doi.org/10.1101/2022.10.22.513328
E311D,0.77138,0.02075,0.3685540992127589,Neutral,Neutral,,,0.202,cBioPortal,,False,62.5,,,,neutral,neutral,neutral,DOWN,neutral,neutral,neutral,,,,97.53,H,0.098,3.1489,-3.6887,gain_of_function,-0.0035857607734095,0.0285750187616567,Benign,0.0685,benign,https://doi.org/10.1101/2022.10.22.513328
E311K,0.17882,-0.52041,0.0345558309359739,Neutral,Neutral,,,0.137,cBioPortal,,False,62.5,,,,neutral,neutral,neutral,UP,neutral,neutral,neutral,,,,97.53,H,0.0326,3.1489,-5.4772,gain_of_function,-2.18809478653424,0.0084425339390726,Benign,0.3192,benign,https://doi.org/10.1101/2022.10.22.513328
R314K,-0.36222,-0.29048,1.2486624703382003,Neutral,Neutral,,,0.287,COSMIC,,False,32.2,,,,neutral,neutral,neutral,-,uncertain,uncertain,uncertain,,,,97.33,H,0.0594,2.7833,-1.9709,gain_of_function,-1.91022716253111,0.0001243603893342,Benign,0.1178,benign,https://doi.org/10.1101/2022.10.22.513328
L316I,3.01292,3.81156,1.1052994272317556,Destabilizing,Uncertain,,,0.658,"cBioPortal,COSMIC",,False,0.0,,,,neutral,neutral,neutral,-,uncertain,uncertain,uncertain,,,,98.08,H,-0.1926,0.2496,-6.9366,loss_of_function,-2.55916181585706,0.6097754879396852,Uncertain,0.4255,ambiguous,https://doi.org/10.1101/2022.10.22.513328
M317I,1.22819,0.77381,1.217616331624122,Neutral,Neutral,,,0.242,cBioPortal,,False,0.4,,,,neutral,neutral,neutral,-,uncertain,uncertain,uncertain,,,,97.49,H,-0.0343,1.9525,-1.6635,loss_of_function,-0.424577240914358,2.5341911506860743e-06,Benign,0.6675,pathogenic,https://doi.org/10.1101/2022.10.22.513328
K318E,1.46234,1.59184,1.2396903855075438,Neutral,Neutral,3.1843077315e-05,,0.292,"cBioPortal,clinvar",,False,50.7,,,,neutral,neutral,neutral,DOWN,neutral,neutral,neutral,1804603,Conflicting interpretations of pathogenicity,1,97.56,H,-0.0466,2.347,-5.6118,loss_of_function,-2.26010059011188,0.0542222593931447,Benign,0.4633,ambiguous,https://doi.org/10.1101/2022.10.22.513328
S319N,-0.31858,-0.33027,-0.1382613186629711,Neutral,Neutral,,,0.210,"cBioPortal,COSMIC",,False,41.2,,,,uncertain,,,UP,neutral,neutral,neutral,,,,97.89,H,-0.0807,1.3116,-2.3707,loss_of_function,-0.871218775830067,0.0029992657014791,Benign,0.2531,benign,https://doi.org/10.1101/2022.10.22.513328
F321V,4.06327,4.33401,3.541011530952066,Destabilizing,Destabilizing,,,,clinvar,,False,0.2,,,,neutral,neutral,neutral,DOWN,neutral,neutral,neutral,2499734,Uncertain significance,1,98.29,E,-0.2219,0.9735,-7.3279,loss_of_function,-3.05814084601955,0.5152793725842604,Uncertain,0.9061,pathogenic,https://doi.org/10.1101/2022.10.22.513328
E324G,2.37758,2.42449,2.944240523652616,Uncertain,Uncertain,,,0.965,COSMIC,,False,22.5,,,,neutral,neutral,neutral,DOWN,neutral,neutral,neutral,,,,95.91,E,-0.3372,0.0979,-22.1946,loss_of_function,-8.43842573270995,0.9841117954678442,Pathogenic,0.9923,pathogenic,https://doi.org/10.1101/2022.10.22.513328
R325Q,0.16974,-0.42347,0.6521863238765141,Neutral,Neutral,,,0.759,"cBioPortal,clinvar",,False,49.7,,,,neutral,neutral,neutral,DOWN,neutral,neutral,neutral,1934569,Uncertain significance,1,96.28,E,-0.1304,1.8246,-5.3219,loss_of_function,-4.17236393500846,0.3615624509769821,Uncertain,0.7809,pathogenic,https://doi.org/10.1101/2022.10.22.513328
R325W,0.24066,0.27177,-0.5182929352273108,Neutral,Neutral,,,0.795,"cBioPortal,COSMIC,clinvar",,False,49.7,,,,neutral,neutral,neutral,UP,neutral,neutral,neutral,566291,Uncertain significance,1,96.28,E,-0.2595,1.8246,-22.1946,loss_of_function,-6.44988439488251,0.8944517279466468,Pathogenic,0.955,pathogenic,https://doi.org/10.1101/2022.10.22.513328
C328F,2.00368,-0.54286,-1.0689834425875515,Uncertain,Uncertain,,,,clinvar,,False,19.5,,,,neutral,neutral,neutral,UP,neutral,neutral,neutral,2499913,Uncertain significance,1,98.27,E,-0.3117,1.1608,-8.9098,loss_of_function,-4.33382172372582,,,0.8465,pathogenic,https://doi.org/10.1101/2022.10.22.513328
C328G,0.84253,1.50204,1.463180775464017,Neutral,Neutral,,,0.941,COSMIC,,False,19.5,,,,neutral,neutral,neutral,DOWN,neutral,neutral,neutral,,,,98.27,E,-0.3779,1.1608,-22.1976,loss_of_function,-4.43137470789407,,,0.8231,pathogenic,https://doi.org/10.1101/2022.10.22.513328
M329K,3.86838,5.42925,2.454571595486098,Destabilizing,Uncertain,,,,clinvar,,False,0.3,,,,neutral,neutral,neutral,UP,neutral,neutral,neutral,476197,Pathogenic,1,97.94,-,-0.4433,0.2248,-22.1946,loss_of_function,-7.11108943525146,,,0.9986,pathogenic,https://doi.org/10.1101/2022.10.22.513328
M329R,4.4106,4.42517,1.615746245225947,Destabilizing,Uncertain,,,0.925,"cBioPortal,clinvar",,False,0.3,,,,neutral,neutral,neutral,UP,neutral,neutral,neutral,827744,Conflicting interpretations of pathogenicity,1,97.94,-,-0.4706,0.2248,-22.1946,loss_of_function,-6.30325134434297,,,0.9992,pathogenic,https://doi.org/10.1101/2022.10.22.513328
M329V,0.40908,0.93299,0.0884463014166747,Neutral,Neutral,,,,clinvar,,False,0.3,,,,neutral,neutral,neutral,DOWN,neutral,neutral,neutral,1804642,Pathogenic,0,97.94,-,-0.3301,0.2248,-22.1946,loss_of_function,-3.17629611226962,,,0.9795,pathogenic,https://doi.org/10.1101/2022.10.22.513328
P330H,3.41364,0.65034,-0.7393731448322044,Uncertain,Uncertain,,,0.869,cBioPortal,,False,48.3,,,,neutral,neutral,neutral,UP,neutral,neutral,neutral,,,,95.81,T,-0.2531,0.4368,-7.9038,loss_of_function,-4.67943503699954,,,0.9915,pathogenic,https://doi.org/10.1101/2022.10.22.513328
P330R,2.63828,0.47007,-0.6355532999239061,Uncertain,Uncertain,,0.0,0.924,COSMIC,,False,48.3,,,,neutral,neutral,neutral,UP,neutral,neutral,neutral,,,,95.81,T,-0.3571,0.4368,-22.1916,loss_of_function,-7.08041419811509,,,0.9921,pathogenic,https://doi.org/10.1101/2022.10.22.513328
P330S,2.95168,1.02789,-0.3016835060396461,Uncertain,Uncertain,,,,clinvar,,False,48.3,,,,neutral,neutral,neutral,DOWN,neutral,neutral,neutral,1800571,Pathogenic,1,95.81,T,-0.2059,0.4368,-6.3189,loss_of_function,-3.72610426498684,,,0.9779,pathogenic,https://doi.org/10.1101/2022.10.22.513328
M331R,1.05383,0.77041,0.489917907314486,Neutral,Neutral,,,,clinvar,,False,81.2,,,,neutral,neutral,neutral,UP,neutral,neutral,neutral,427058,Likely pathogenic,1,93.42,T,-0.3115,1.9426,-21.9812,loss_of_function,-3.95994751336888,,,0.9015,pathogenic,https://doi.org/10.1101/2022.10.22.513328
H332L,-1.31771,1.45918,0.4715750758221443,Neutral,Neutral,,,,clinvar,,False,40.9,,,,neutral,neutral,neutral,UP,neutral,neutral,neutral,2308162,Pathogenic,1,93.41,-,-0.1227,1.6086,-7.3219,loss_of_function,-3.806495905083,,,0.5531,ambiguous,https://doi.org/10.1101/2022.10.22.513328
H332Y,-1.45525,-0.58503,0.0317406560302097,Neutral,Neutral,,,0.769,"cBioPortal,COSMIC,clinvar",,False,40.9,,,,neutral,neutral,neutral,UP,neutral,neutral,neutral,1701323,Pathogenic,2,93.41,-,-0.0426,1.6086,-6.9069,loss_of_function,-2.11847108124105,,,0.5246,ambiguous,https://doi.org/10.1101/2022.10.22.513328
D334N,-0.45947,1.24218,0.8368714177921316,Neutral,Neutral,,,0.396,cBioPortal,,True,44.2,,,,neutral,neutral,neutral,-,uncertain,uncertain,uncertain,,,,91.81,T,-0.0491,2.0672,-7.3249,loss_of_function,-2.3336859246726,,,0.3897,ambiguous,https://doi.org/10.1101/2022.10.22.513328
D334Y,-0.17134,0.04456,0.7419928352218219,Neutral,Neutral,,,0.528,cBioPortal,,True,44.2,,,,neutral,neutral,neutral,UP,neutral,neutral,neutral,,,,91.81,T,-0.1354,2.0672,-8.9098,loss_of_function,-3.36505108903594,,,0.7411,pathogenic,https://doi.org/10.1101/2022.10.22.513328
R335Q,2.21881,0.82721,1.7336212520003205,Uncertain,Uncertain,,7.9562090255e-06,0.818,"cBioPortal,clinvar",,True,15.2,,,,neutral,neutral,neutral,DOWN,neutral,neutral,neutral,2443043,Uncertain significance,1,96.89,-,-0.2714,1.2279,-22.1946,loss_of_function,-6.27784875834679,,,0.9637,pathogenic,https://doi.org/10.1101/2022.10.22.513328
R335W,0.95763,0.92245,0.1492331452391537,Neutral,Neutral,,,0.903,"cBioPortal,clinvar",,True,15.2,,,,neutral,neutral,neutral,UP,neutral,neutral,neutral,36783,Pathogenic/Likely pathogenic,2,96.89,-,-0.2415,1.2279,-7.9068,loss_of_function,-2.92866066995902,,,0.989,pathogenic,https://doi.org/10.1101/2022.10.22.513328
L337V,7.26461,8.19932,2.259900091231679,Destabilizing,Uncertain,,,0.634,"cBioPortal,clinvar",,True,0.0,,,,neutral,neutral,neutral,DOWN,neutral,neutral,neutral,1495590,Uncertain significance,1,98.5,T,-0.2955,0.3713,-22.1976,loss_of_function,-4.7714726857126,0.9573283304817418,Pathogenic,0.7919,pathogenic,https://doi.org/10.1101/2022.10.22.513328
V338I,0.82604,0.30714,0.4531852900259003,Neutral,Neutral,,7.9558925318e-06,0.538,"cBioPortal,clinvar",,True,0.0,,,,neutral,neutral,neutral,UP,neutral,neutral,neutral,1389278,Uncertain significance,2,98.55,E,-0.1203,0.7237,-2.7201,loss_of_function,-2.30824831102797,0.0537096915239948,Benign,0.2738,benign,https://doi.org/10.1101/2022.10.22.513328
I339M,2.5032,2.13844,1.4538368864219704,Uncertain,Uncertain,,,0.655,COSMIC,,True,0.0,,,,neutral,neutral,neutral,-,uncertain,uncertain,uncertain,,,,98.43,E,-0.2248,1.0013,-22.1976,loss_of_function,-3.38757831270234,0.3146655964158679,Benign,0.5608,ambiguous,https://doi.org/10.1101/2022.10.22.513328
K340N,2.03516,0.83231,0.9600035930957632,Uncertain,Uncertain,,,0.805,cBioPortal,,True,33.4,,,,neutral,neutral,neutral,DOWN,neutral,neutral,neutral,,,,98.08,E,-0.266,0.8103,-22.2006,loss_of_function,-6.72031265408631,0.9791626277953662,Pathogenic,0.9999,pathogenic,https://doi.org/10.1101/2022.10.22.513328
T341I,-0.91525,-0.73844,-0.3543036008192385,Neutral,Neutral,,,,clinvar,,True,21.2,,,,uncertain,,,UP,neutral,neutral,neutral,429432,Likely pathogenic,1,96.88,T,-0.2678,0.1405,-8.9128,loss_of_function,-5.20031248524025,0.5413360336573111,Uncertain,0.9935,pathogenic,https://doi.org/10.1101/2022.10.22.513328
G342D,3.15584,0.42551,0.5175242984382794,Uncertain,Uncertain,,,0.822,cBioPortal,,False,99.5,,,,neutral,neutral,neutral,UP,neutral,neutral,neutral,,,,95.26,T,-0.2957,1.6088,-22.1946,loss_of_function,-3.35573847469111,0.5191904452375288,Uncertain,0.9967,pathogenic,https://doi.org/10.1101/2022.10.22.513328
G342S,3.10143,1.27517,1.1373078521852804,Uncertain,Uncertain,,,0.708,"cBioPortal,COSMIC",,False,99.5,,,,neutral,neutral,neutral,UP,neutral,neutral,neutral,,,,95.26,T,-0.1514,1.6088,-4.585,loss_of_function,-2.87304720293995,0.0440439499254694,Benign,0.464,ambiguous,https://doi.org/10.1101/2022.10.22.513328
V343F,0.12828,0.98605,0.4820034683813379,Neutral,Neutral,,,0.874,cBioPortal,,False,35.6,,,,neutral,neutral,neutral,UP,neutral,neutral,neutral,,,,97.16,S,-0.236,1.3492,-8.9068,loss_of_function,-5.62738682566794,0.7661167721585371,Pathogenic,0.922,pathogenic,https://doi.org/10.1101/2022.10.22.513328
V343I,-0.31261,0.2932,-0.4007717503754654,Neutral,Neutral,,,0.524,"cBioPortal,COSMIC",,False,35.6,,,,neutral,neutral,neutral,UP,neutral,neutral,neutral,,,,97.16,S,-0.068,1.3492,-3.737,loss_of_function,-2.05872252252638,0.1178584514955349,Benign,0.2151,benign,https://doi.org/10.1101/2022.10.22.513328
Q344H,0.752,0.70646,0.0916806265885999,Neutral,Neutral,,0.0,0.928,"cBioPortal,clinvar",,True,66.3,,,,neutral,neutral,neutral,UP,neutral,neutral,neutral,224843,Pathogenic,1,97.33,E,-0.1541,0.801,-7.9068,loss_of_function,-4.87422238935566,0.5769534103623278,Uncertain,0.9803,pathogenic,https://doi.org/10.1101/2022.10.22.513328
F345L,4.93985,4.33537,2.640447411325816,Destabilizing,Uncertain,,,0.967,"cBioPortal,COSMIC",,True,0.0,,,,neutral,neutral,neutral,DOWN,neutral,neutral,neutral,,,,98.13,E,-0.3511,0.0433,-22.1916,loss_of_function,-6.85674828887217,0.9656738246660064,Pathogenic,0.9998,pathogenic,https://doi.org/10.1101/2022.10.22.513328
T346N,1.45972,1.22585,0.5517871272628002,Neutral,Neutral,,,0.635,"cBioPortal,COSMIC",,True,15.2,,,,uncertain,,,-,uncertain,uncertain,uncertain,,,,97.99,E,-0.2857,1.0044,-22.1886,loss_of_function,-3.379660793789,0.8397444230734288,Pathogenic,0.9199,pathogenic,https://doi.org/10.1101/2022.10.22.513328
T347A,1.19686,-0.18673,0.9594933210083786,Neutral,Neutral,,3.9776298099e-06,0.383,cBioPortal,,True,0.0,,,,uncertain,,,DOWN,neutral,neutral,neutral,,,,98.06,E,-0.0911,1.5512,-4.8134,loss_of_function,-1.0525721680795,0.0015392719466366,Benign,0.1195,benign,https://doi.org/10.1101/2022.10.22.513328
K348E,3.16407,2.31565,1.0357822285143516,Uncertain,Uncertain,,,0.830,cBioPortal,,True,14.9,,,,neutral,neutral,neutral,DOWN,neutral,neutral,neutral,,,,97.14,E,-0.2839,0.6869,-22.1886,loss_of_function,-5.242729034509,0.9052189224484386,Pathogenic,0.997,pathogenic,https://doi.org/10.1101/2022.10.22.513328
V349A,2.50225,3.0085,2.6686533978647047,Uncertain,Uncertain,,,0.863,cBioPortal,,True,0.0,,,,neutral,neutral,neutral,DOWN,neutral,neutral,neutral,,,,97.68,E,-0.0619,2.1199,-3.8224,loss_of_function,-3.42108241169502,0.0146013810479031,Benign,0.8896,pathogenic,https://doi.org/10.1101/2022.10.22.513328
V349L,2.04246,1.91463,0.8779531187469144,Uncertain,Uncertain,,,0.614,cBioPortal,,True,0.0,,,,neutral,neutral,neutral,UP,neutral,neutral,neutral,,,,97.68,E,-0.0518,2.1199,-1.7201,loss_of_function,-1.76596941855788,0.0002739342127742,Benign,0.7469,pathogenic,https://doi.org/10.1101/2022.10.22.513328
R350K,-0.70509,2.54898,2.9398935691595107,Uncertain,Uncertain,,,0.870,COSMIC,,True,7.7,,,,neutral,neutral,neutral,-,uncertain,uncertain,uncertain,,,,96.61,E,-0.298,0.0213,-22.2185,loss_of_function,-2.64641246423577,0.8951639827603781,Pathogenic,0.9841,pathogenic,https://doi.org/10.1101/2022.10.22.513328
R350M,-0.4991,1.38197,1.6475145428299471,Neutral,Neutral,,,,clinvar,,True,7.7,,,,neutral,neutral,neutral,DOWN,neutral,neutral,neutral,952951,Uncertain significance,1,96.61,E,-0.3761,0.0213,-22.2185,loss_of_function,-8.81303717816827,0.986504489591884,Pathogenic,0.9999,pathogenic,https://doi.org/10.1101/2022.10.22.513328
V353F,11.14419,7.64218,1.983157041184256,Destabilizing,Uncertain,,,,clinvar,,False,0.0,,,,neutral,neutral,neutral,UP,neutral,neutral,neutral,224847,Pathogenic,1,96.12,S,-0.2819,0.6941,-6.0965,loss_of_function,-1.59716018097975,0.4908711503942901,Uncertain,0.933,pathogenic,https://doi.org/10.1101/2022.10.22.513328
F355C,4.05338,3.2898,4.317145359123227,Destabilizing,Destabilizing,,,,clinvar,,False,6.4,,,,neutral,neutral,neutral,DOWN,neutral,neutral,neutral,933405,Uncertain significance,1,93.91,-,-0.3021,1.2508,-22.1976,loss_of_function,-4.68780788079218,0.2867136819096318,Benign,0.9575,pathogenic,https://doi.org/10.1101/2022.10.22.513328
P356H,2.23876,0.59762,-1.1316743688388569,Uncertain,Uncertain,,,0.762,"cBioPortal,COSMIC",,False,68.8,,,,neutral,neutral,neutral,UP,neutral,neutral,neutral,,,,91.23,G,-0.1366,1.501,-4.266,loss_of_function,-2.81394487914924,0.1380265196337889,Benign,0.8811,pathogenic,https://doi.org/10.1101/2022.10.22.513328
P356L,1.60644,0.37891,-1.1965368971752282,Neutral,Neutral,,,0.680,"cBioPortal,COSMIC",,False,68.8,,,,neutral,neutral,neutral,UP,neutral,neutral,neutral,,,,91.23,G,-0.1526,1.501,-5.4505,loss_of_function,-3.02099023865623,0.1512833059785197,Benign,0.8568,pathogenic,https://doi.org/10.1101/2022.10.22.513328
P356S,1.9723,0.58537,-0.700266490005157,Neutral,Neutral,,7.9635587551e-06,0.529,"cBioPortal,COSMIC",,False,68.8,,,,neutral,neutral,neutral,DOWN,neutral,neutral,neutral,,,,91.23,G,-0.1132,1.501,-7.3249,loss_of_function,-2.44382876344787,0.0710292195943599,Benign,0.7036,pathogenic,https://doi.org/10.1101/2022.10.22.513328
P356T,2.34834,0.78299,-0.7027083599990824,Uncertain,Uncertain,,3.9817793776e-06,0.700,"cBioPortal,clinvar",,False,68.8,,,,neutral,neutral,neutral,-,uncertain,uncertain,uncertain,1035701,Uncertain significance,1,91.23,G,-0.2012,1.501,-22.1976,loss_of_function,-0.930900630719782,0.2823536498954271,Benign,0.7688,pathogenic,https://doi.org/10.1101/2022.10.22.513328
E357D,2.27087,1.04728,0.3304458166072371,Uncertain,Uncertain,,,0.720,cBioPortal,,False,75.4,,,,neutral,neutral,neutral,DOWN,neutral,neutral,neutral,,,,91.43,G,-0.1513,0.4564,-4.003,loss_of_function,-2.52425957899474,0.0808181206314452,Benign,0.803,pathogenic,https://doi.org/10.1101/2022.10.22.513328
L358F,2.33439,0.0,0.8889585376324038,Uncertain,Uncertain,,,0.631,"cBioPortal,COSMIC",,False,2.0,,,,neutral,neutral,neutral,UP,neutral,neutral,neutral,,,,93.05,G,-0.0895,1.7776,-2.662,loss_of_function,-2.01976483424839,0.0040272280068471,Benign,0.8992,pathogenic,https://doi.org/10.1101/2022.10.22.513328
Q361E,0.42194,0.94048,0.2407091188633825,Neutral,Neutral,,,0.609,COSMIC,,False,71.1,,,,neutral,neutral,neutral,DOWN,neutral,neutral,neutral,,,,93.88,T,-0.0331,2.2163,-8.9128,loss_of_function,-2.05028073346023,0.4679769972133811,Uncertain,0.5351,ambiguous,https://doi.org/10.1101/2022.10.22.513328
Q361H,0.41343,0.26905,-0.1838869066803816,Neutral,Neutral,,,0.677,COSMIC,,False,71.1,,,,neutral,neutral,neutral,UP,neutral,neutral,neutral,,,,93.88,T,-0.0147,2.2163,-6.1055,loss_of_function,-3.39185318430707,0.2267849252877302,Benign,0.6917,pathogenic,https://doi.org/10.1101/2022.10.22.513328
Q361K,-0.55036,0.17279,-0.1346099356947588,Neutral,Neutral,,,0.654,cBioPortal,,False,71.1,,,,neutral,neutral,neutral,UP,neutral,neutral,neutral,,,,93.88,T,-0.0458,2.2163,-5.9129,loss_of_function,-2.99906007116169,0.0580698201111366,Benign,0.6385,pathogenic,https://doi.org/10.1101/2022.10.22.513328
L362F,3.22434,4.76769,1.5562767616810649,Destabilizing,Uncertain,,,,clinvar,,False,1.9,,,,neutral,neutral,neutral,UP,neutral,neutral,neutral,1041284,Uncertain significance,1,95.89,-,-0.1427,1.3903,-6.1025,loss_of_function,-3.18495879720339,0.1204649396897167,Benign,0.9647,pathogenic,https://doi.org/10.1101/2022.10.22.513328
K363I,-0.11861,-0.6119,-0.9330857461124108,Neutral,Neutral,,,0.873,"cBioPortal,COSMIC",,False,69.6,,,,neutral,neutral,neutral,-,uncertain,uncertain,uncertain,,,,97.16,E,-0.2529,1.1705,-22.1946,loss_of_function,-3.80647160260918,0.832191631673224,Pathogenic,0.9818,pathogenic,https://doi.org/10.1101/2022.10.22.513328
I364S,5.15439,4.6432,4.407665171050796,Destabilizing,Destabilizing,,,0.918,cBioPortal,,False,0.0,,,,neutral,neutral,neutral,DOWN,neutral,neutral,neutral,,,,97.91,E,-0.3577,1.1841,-22.2036,loss_of_function,-4.3438107585598,0.5707125503549924,Uncertain,0.9887,pathogenic,https://doi.org/10.1101/2022.10.22.513328
K365Q,0.1082,0.21769,0.2314063849792574,Neutral,Neutral,,,0.712,"cBioPortal,COSMIC",,False,59.5,,,,neutral,neutral,neutral,DOWN,neutral,neutral,neutral,,,,97.84,E,-0.0886,1.6656,-6.5909,loss_of_function,-2.71006414987836,0.3610892905415832,Uncertain,0.3151,benign,https://doi.org/10.1101/2022.10.22.513328
C367W,0.05085,1.81973,-0.5623296423527441,Neutral,Neutral,,,,clinvar,,False,27.2,,,,neutral,neutral,neutral,UP,neutral,neutral,neutral,323246,Uncertain significance,1,94.8,E,-0.2208,2.9197,-22.2036,loss_of_function,-4.15659245576518,0.1332794796610547,Benign,0.3889,ambiguous,https://doi.org/10.1101/2022.10.22.513328
D369H,3.25443,1.87075,0.8721027221016372,Uncertain,Uncertain,,,0.906,cBioPortal,,False,19.2,,,,neutral,neutral,neutral,UP,neutral,neutral,neutral,,,,89.16,S,-0.2344,0.6048,-8.9128,loss_of_function,-4.39467765897474,0.9703373797350744,Pathogenic,0.99,pathogenic,https://doi.org/10.1101/2022.10.22.513328
D369N,0.66021,-0.03707,0.2470320042822632,Neutral,Neutral,,,0.792,"cBioPortal,COSMIC",,False,19.2,,,,neutral,neutral,neutral,-,uncertain,uncertain,uncertain,,,,89.16,S,-0.1756,0.6048,-5.743,loss_of_function,-0.708619209906183,0.8631477597143644,Pathogenic,0.8281,pathogenic,https://doi.org/10.1101/2022.10.22.513328
D371N,-0.04873,0.84966,-0.1595492816847593,Neutral,Neutral,,,0.391,cBioPortal,,False,83.0,,,,neutral,neutral,neutral,-,uncertain,uncertain,uncertain,,,,70.99,T,-0.0611,1.6838,-2.7691,loss_of_function,-2.0346554140606,0.049881146585361,Benign,0.1558,benign,https://doi.org/10.1101/2022.10.22.513328
S372F,-1.66774,-1.28367,-1.0174365693169118,Neutral,Neutral,,,0.709,cBioPortal,,False,20.7,,,,uncertain,,,UP,neutral,neutral,neutral,,,,60.73,T,-0.139,2.3612,-21.7995,loss_of_function,-1.55549581507414,0.0149796613988035,Benign,0.1947,benign,https://doi.org/10.1101/2022.10.22.513328
G373R,-0.92598,-1.24932,-0.4270031890200731,Neutral,Neutral,,,0.521,cBioPortal,,False,49.4,,,,neutral,neutral,neutral,UP,neutral,neutral,neutral,,,,51.6,T,-0.2241,2.534,-21.6584,loss_of_function,-1.43698339657885,0.0188620952514509,Benign,0.3483,ambiguous,https://doi.org/10.1101/2022.10.22.513328
G373V,0.45144,-0.46837,0.011135299188012,Neutral,Neutral,,,0.531,"cBioPortal,COSMIC",,False,49.4,,,,neutral,neutral,neutral,UP,neutral,neutral,neutral,,,,51.6,T,-0.1665,2.534,-8.3706,loss_of_function,-2.90735239773922,0.0007578341865499,Benign,0.1003,benign,https://doi.org/10.1101/2022.10.22.513328
D374G,1.87726,1.09354,0.5641304872905711,Neutral,Neutral,,,,clinvar,,False,105.0,,,,neutral,neutral,neutral,DOWN,neutral,neutral,destabilizing,2138018,Uncertain significance,1,50.76,T,-0.1376,2.3915,-21.8034,loss_of_function,-5.99878810159178,,,0.1538,benign,https://doi.org/10.1101/2022.10.22.513328
D374Y,-0.89319,-0.03912,0.2888392880090745,Neutral,Neutral,,3.9774716009e-06,0.646,"cBioPortal,clinvar",,False,105.0,,,,neutral,neutral,neutral,UP,neutral,neutral,neutral,1060656,Uncertain significance,1,50.76,T,-0.1714,2.3915,-21.8034,loss_of_function,-5.79774769334218,,,0.3191,benign,https://doi.org/10.1101/2022.10.22.513328
V375F,-0.49436,-0.65068,-0.0768801385472744,Neutral,Neutral,3.1847133758e-05,,0.503,cBioPortal,,False,103.4,,,,neutral,neutral,neutral,UP,neutral,neutral,neutral,,,,46.97,T,-0.1133,2.5392,-6.3219,loss_of_function,-3.94708315713063,,,0.125,benign,https://doi.org/10.1101/2022.10.22.513328
V375G,-1.89453,1.44898,0.6430224746424973,Neutral,Neutral,,,0.424,cBioPortal,,False,103.4,,,,neutral,neutral,neutral,DOWN,neutral,neutral,stabilizing,,,,46.97,T,-0.1585,2.5392,-5.6438,loss_of_function,-0.813252528385001,,,0.0878,benign,https://doi.org/10.1101/2022.10.22.513328
V375I,0.05111,0.3119,-0.0526488062760593,Neutral,Neutral,3.1847133758e-05,7.9550064833e-06,0.360,"cBioPortal,clinvar",,False,103.4,,,,neutral,neutral,neutral,UP,neutral,neutral,neutral,932424,Conflicting interpretations of pathogenicity,1,46.97,T,0.045,2.5392,-3.0589,gain_of_function,-2.05611262221065,,,0.0692,benign,https://doi.org/10.1101/2022.10.22.513328
V375L,-0.07039,-0.08095,-0.2777475307332933,Neutral,Neutral,,,0.413,cBioPortal,,False,103.4,,,,neutral,neutral,neutral,UP,neutral,neutral,neutral,,,,46.97,T,-0.0211,2.5392,-3.2515,loss_of_function,-1.76379650935933,,,0.1103,benign,https://doi.org/10.1101/2022.10.22.513328
A376S,0.19865,0.32041,-0.0073007009913589,Neutral,Neutral,,,,cBioPortal,,False,86.3,,,,neutral,neutral,neutral,-,uncertain,uncertain,uncertain,,,,47.8,T,0.0535,2.8565,-3.4273,gain_of_function,-0.241770292663181,,,0.0784,benign,https://doi.org/10.1101/2022.10.22.513328
A376T,-0.1149,0.0381,-0.1341592201522923,Neutral,Neutral,,,0.506,cBioPortal,,False,86.3,,,,neutral,neutral,neutral,UP,neutral,neutral,neutral,,,,47.8,T,0.0476,2.8565,-3.4273,gain_of_function,-1.59235279333358,,,0.07,benign,https://doi.org/10.1101/2022.10.22.513328
A377T,0.86521,0.91497,0.58671886363656,Neutral,Neutral,,,,clinvar,,False,23.8,,,,neutral,neutral,neutral,UP,neutral,neutral,neutral,1027740,Uncertain significance,1,55.49,S,0.0587,2.9239,-2.4637,gain_of_function,-0.660371739646881,0.0001827822077982,Benign,0.0701,benign,https://doi.org/10.1101/2022.10.22.513328
S381F,-2.78873,-1.26565,-0.8502385219610592,Uncertain,Uncertain,,,0.511,cBioPortal,,True,32.4,,,,uncertain,,,UP,neutral,neutral,neutral,,,,79.11,-,-0.0494,2.2049,-1.4181,loss_of_function,-1.64562174591396,5.296799743075974e-05,Benign,0.3463,ambiguous,https://doi.org/10.1101/2022.10.22.513328
R382G,3.05308,3.61667,2.1833656790881064,Destabilizing,Uncertain,,,0.823,cBioPortal,,True,12.9,,,,neutral,neutral,neutral,DOWN,neutral,neutral,neutral,,,,88.15,-,-0.4451,0.0001,-22.2096,loss_of_function,-6.45633634029484,0.8334489827059258,Pathogenic,0.9967,pathogenic,https://doi.org/10.1101/2022.10.22.513328
R382L,0.96573,1.11361,-0.4924423477467132,Neutral,Neutral,,,,clinvar,,True,12.9,,,,neutral,neutral,neutral,DOWN,neutral,neutral,neutral,18307,Pathogenic,0,88.15,-,-0.4122,0.0001,-22.2096,loss_of_function,-5.49724668628026,0.9270737819219932,Pathogenic,0.9979,pathogenic,https://doi.org/10.1101/2022.10.22.513328
R382P,1.76601,2.5381,2.5090782778657994,Uncertain,Uncertain,,,,clinvar,,True,12.9,,,,neutral,neutral,neutral,DOWN,neutral,neutral,neutral,2099076,Pathogenic,1,88.15,-,-0.5518,0.0001,-22.2096,loss_of_function,-2.80209125174524,0.9371673344764532,Pathogenic,0.9978,pathogenic,https://doi.org/10.1101/2022.10.22.513328
R382Q,2.35619,2.22177,0.9315960855204122,Uncertain,Uncertain,,,,clinvar,,True,12.9,,,,neutral,neutral,neutral,DOWN,neutral,neutral,neutral,18305,Pathogenic,2,88.15,-,-0.3844,0.0001,-22.2096,loss_of_function,-4.26502249873824,0.9086687017231292,Pathogenic,0.9913,pathogenic,https://doi.org/10.1101/2022.10.22.513328
R382W,1.82135,1.37313,-0.7129320508958142,Neutral,Neutral,,,0.895,"cBioPortal,COSMIC,clinvar",,True,12.9,,,,neutral,neutral,neutral,UP,neutral,neutral,neutral,18304,Pathogenic,2,88.15,-,-0.4274,0.0001,-22.2096,loss_of_function,-6.66466138399427,0.9798366766252776,Pathogenic,0.9966,pathogenic,https://doi.org/10.1101/2022.10.22.513328
K383I,0.03269,-0.39524,-0.4406366558331709,Neutral,Neutral,,,0.824,cBioPortal,,True,59.0,,,,neutral,neutral,neutral,-,uncertain,uncertain,uncertain,,,,88.78,-,-0.2269,1.4545,-22.2185,loss_of_function,-4.24309861887874,0.7523516973706199,Pathogenic,0.9212,pathogenic,https://doi.org/10.1101/2022.10.22.513328
F384L,0.84192,1.03367,2.091265195630128,Neutral,Uncertain,,,0.790,"cBioPortal,COSMIC",,True,0.3,,,,neutral,neutral,neutral,DOWN,neutral,neutral,neutral,,,,92.79,E,-0.2797,0.0846,-8.9394,loss_of_function,-4.88292918782598,0.8739099704070261,Pathogenic,0.9998,pathogenic,https://doi.org/10.1101/2022.10.22.513328
F384V,1.73976,2.28571,3.0947344398676484,Uncertain,Uncertain,,,0.935,"cBioPortal,COSMIC",,True,0.3,,,,neutral,neutral,neutral,DOWN,neutral,neutral,neutral,,,,92.79,E,-0.3797,0.0846,-22.2273,loss_of_function,-4.72383135317821,0.9353343912369876,Pathogenic,0.9988,pathogenic,https://doi.org/10.1101/2022.10.22.513328
F384Y,1.77934,0.04354,0.6952776673980032,Neutral,Neutral,,,0.738,"cBioPortal,COSMIC",,True,0.3,,,,neutral,neutral,neutral,-,uncertain,uncertain,uncertain,,,,92.79,E,-0.2655,0.0846,-8.9394,loss_of_function,-3.80124635218214,0.7771716897377656,Pathogenic,0.9007,pathogenic,https://doi.org/10.1101/2022.10.22.513328
L387V,1.20568,0.15068,0.3153792265824701,Neutral,Neutral,,,0.752,COSMIC,,False,53.8,,,,neutral,neutral,neutral,DOWN,neutral,neutral,neutral,,,,94.14,E,-0.1884,0.7123,-7.3546,loss_of_function,-2.21764267789935,0.2082863629019644,Benign,0.6725,pathogenic,https://doi.org/10.1101/2022.10.22.513328
G388A,3.69658,1.77245,2.049609112226454,Uncertain,Uncertain,,,0.660,"cBioPortal,COSMIC",,False,68.2,,,,neutral,neutral,neutral,UP,neutral,neutral,neutral,,,,92.37,S,-0.3026,0.8808,-22.2273,loss_of_function,-3.52965085374855,0.8974504852717201,Pathogenic,0.9885,pathogenic,https://doi.org/10.1101/2022.10.22.513328
T389A,-0.07448,-0.77109,0.000600377160983,Neutral,Neutral,,,0.856,"cBioPortal,clinvar",,False,70.4,,,,uncertain,,,DOWN,neutral,neutral,neutral,948861,Conflicting interpretations of pathogenicity,1,93.04,-,-0.1411,1.1086,-6.6176,loss_of_function,-2.8639165999391,0.6107700235784301,Uncertain,0.831,pathogenic,https://doi.org/10.1101/2022.10.22.513328
T389I,-0.03627,-0.7051,-0.6849581493276408,Neutral,Neutral,,,,clinvar,,False,70.4,,,,uncertain,,,UP,neutral,neutral,neutral,64689,Pathogenic,0,93.04,-,-0.1788,1.1086,-8.9394,loss_of_function,-5.11068560812785,0.8013029977843671,Pathogenic,0.9888,pathogenic,https://doi.org/10.1101/2022.10.22.513328
T389K,-0.18046,-0.16429,-0.0811248027016831,Neutral,Neutral,,,0.892,COSMIC,,False,70.4,,,,uncertain,,,UP,neutral,neutral,neutral,,,,93.04,-,-0.3038,1.1086,-22.2273,loss_of_function,-5.9807793235674,0.7170680694005951,Pathogenic,0.9806,pathogenic,https://doi.org/10.1101/2022.10.22.513328
T389S,0.04949,-0.0381,0.249167548502075,Neutral,Neutral,,,0.707,COSMIC,,False,70.4,,,,neutral,,,DOWN,neutral,neutral,neutral,,,,93.04,-,-0.0867,1.1086,-3.0816,loss_of_function,-2.42494342416707,0.0918735297678761,Benign,0.724,pathogenic,https://doi.org/10.1101/2022.10.22.513328
N390I,-0.30289,-0.13741,-0.1668699931219314,Neutral,Neutral,,,,clinvar,,False,68.9,,,,neutral,neutral,neutral,UP,neutral,neutral,neutral,2088155,Uncertain significance,1,93.21,-,-0.1113,2.0624,-6.9395,loss_of_function,-3.65234436417553,0.3023970172937525,Benign,0.4551,ambiguous,https://doi.org/10.1101/2022.10.22.513328
K392E,1.93401,1.10816,0.8057453136791428,Neutral,Neutral,,3.9764909853e-06,0.842,cBioPortal,,False,51.0,,,,neutral,neutral,neutral,DOWN,neutral,neutral,neutral,,,,96.3,E,-0.3434,0.0424,-22.2273,loss_of_function,-7.09212361272047,0.9869846449437032,Pathogenic,0.9992,pathogenic,https://doi.org/10.1101/2022.10.22.513328
K392I,0.72719,-0.34048,-0.5120693785265229,Neutral,Neutral,,,0.892,COSMIC,,False,51.0,,,,neutral,neutral,neutral,-,uncertain,uncertain,uncertain,,,,96.3,E,-0.3569,0.0424,-22.2273,loss_of_function,-5.61996108192789,0.974424662602669,Pathogenic,0.9988,pathogenic,https://doi.org/10.1101/2022.10.22.513328
K392R,0.33056,0.49286,-0.0104612867679049,Neutral,Neutral,,,,clinvar,,False,51.0,,,,neutral,neutral,neutral,-,uncertain,uncertain,uncertain,144030,Pathogenic,0,96.3,E,-0.2522,0.0424,-22.2273,loss_of_function,-3.41221269026001,0.6470919524303753,Uncertain,0.5857,pathogenic,https://doi.org/10.1101/2022.10.22.513328
V393A,0.7428,0.87721,1.0137954342892157,Neutral,Neutral,,,0.822,COSMIC,,False,47.5,,,,neutral,neutral,neutral,DOWN,neutral,neutral,neutral,,,,96.28,E,-0.1177,1.4296,-2.3073,loss_of_function,-2.44631907997267,0.0292947330663582,Benign,0.9388,pathogenic,https://doi.org/10.1101/2022.10.22.513328
V393L,-0.37047,-0.22993,-0.3687305798290274,Neutral,Neutral,,,,clinvar,,False,47.5,,,,neutral,neutral,neutral,UP,neutral,neutral,neutral,1176687,Likely pathogenic,1,96.28,E,-0.22,1.4296,-22.2244,loss_of_function,-2.08056533082813,0.5952023978872059,Uncertain,0.985,pathogenic,https://doi.org/10.1101/2022.10.22.513328
M394I,2.48739,2.73469,1.0562786659752583,Uncertain,Uncertain,,,0.818,"cBioPortal,clinvar",,False,0.3,,,,neutral,neutral,neutral,-,uncertain,uncertain,uncertain,1067042,Likely pathogenic,1,95.66,-,-0.1646,0.9406,-8.9365,loss_of_function,-3.91634614780687,0.8165184543927397,Pathogenic,0.9987,pathogenic,https://doi.org/10.1101/2022.10.22.513328
M394V,3.59472,1.33095,1.4566265507135367,Uncertain,Uncertain,,,0.824,cBioPortal,,False,0.3,,,,neutral,neutral,neutral,DOWN,neutral,neutral,neutral,,,,95.66,-,-0.1885,0.9406,-7.3516,loss_of_function,-3.01684281017371,0.8945639931142984,Pathogenic,0.9763,pathogenic,https://doi.org/10.1101/2022.10.22.513328
M396I,1.00278,1.28163,0.4847927635989629,Neutral,Neutral,,,,COSMIC,,False,23.9,,,,neutral,neutral,neutral,-,uncertain,uncertain,uncertain,,,,91.29,E,-0.0886,1.4684,-3.5732,loss_of_function,-2.32625177177956,0.0952879590193976,Benign,0.9823,pathogenic,https://doi.org/10.1101/2022.10.22.513328
M396N,1.97869,2.38231,2.220997576329584,Uncertain,Uncertain,,,,cBioPortal,,False,23.9,,,,neutral,neutral,neutral,DOWN,neutral,neutral,neutral,,,,91.29,E,-0.3196,1.4684,-22.2185,loss_of_function,-4.68681161092325,0.740787193677229,Pathogenic,0.9894,pathogenic,https://doi.org/10.1101/2022.10.22.513328
M396T,2.34492,2.06769,2.0050795340002683,Uncertain,Uncertain,,,0.763,cBioPortal,,False,23.9,,,,neutral,neutral,neutral,DOWN,neutral,neutral,neutral,,,,91.29,E,-0.1647,1.4684,-7.9307,loss_of_function,-3.19373100105815,0.4250458525284127,Uncertain,0.9753,pathogenic,https://doi.org/10.1101/2022.10.22.513328
N400I,-0.0677,0.45238,0.2194811051837819,Neutral,Neutral,,,0.545,"cBioPortal,COSMIC,clinvar",,False,122.0,,,,neutral,neutral,neutral,UP,neutral,neutral,neutral,653749,Uncertain significance,1,54.84,T,-0.1187,2.8148,-21.9531,loss_of_function,-4.21812122431206,,,0.2893,benign,https://doi.org/10.1101/2022.10.22.513328
N400S,-0.13167,-0.32789,-0.0296773543670897,Neutral,Neutral,,,0.452,COSMIC,,False,122.0,,,,neutral,neutral,neutral,DOWN,neutral,neutral,destabilizing,,,,54.84,T,0.059,2.8148,-2.884,gain_of_function,-1.88105147673572,,,0.0724,benign,https://doi.org/10.1101/2022.10.22.513328
N401D,-0.00406,0.46224,0.7817249425035749,Neutral,Neutral,,,0.611,"cBioPortal,COSMIC",,False,61.1,,,,neutral,neutral,neutral,-,uncertain,uncertain,uncertain,,,,65.56,T,-0.1213,1.4609,-7.2667,loss_of_function,-2.27598090978976,0.380036611028787,Uncertain,0.6719,pathogenic,https://doi.org/10.1101/2022.10.22.513328
N401H,0.03245,-0.06803,0.1623379235823485,Neutral,Neutral,,,0.698,cBioPortal,,False,61.1,,,,neutral,neutral,neutral,UP,neutral,neutral,neutral,,,,65.56,T,-0.123,1.4609,-7.2667,loss_of_function,-4.22964729285163,0.4554116579178713,Uncertain,0.2842,benign,https://doi.org/10.1101/2022.10.22.513328
G402C,1.69053,0.74966,1.388653382782954,Neutral,Neutral,,,0.823,"cBioPortal,COSMIC",,False,62.0,,,,neutral,neutral,neutral,UP,neutral,neutral,neutral,,,,76.38,-,-0.3698,0.7979,-22.1976,loss_of_function,-5.31299431265525,0.880644555515662,Pathogenic,0.9595,pathogenic,https://doi.org/10.1101/2022.10.22.513328
G402D,2.13378,0.47143,0.9219231560549118,Uncertain,Uncertain,,,0.832,cBioPortal,,False,62.0,,,,neutral,neutral,neutral,UP,neutral,neutral,neutral,,,,76.38,-,-0.3025,0.7979,-8.9098,loss_of_function,-3.72170035521294,0.5182459128823338,Uncertain,0.9953,pathogenic,https://doi.org/10.1101/2022.10.22.513328
G402S,2.31859,0.30612,1.2206196990430402,Uncertain,Uncertain,,7.9535512606e-06,0.691,"cBioPortal,COSMIC,clinvar",,False,62.0,,,,neutral,neutral,neutral,UP,neutral,neutral,neutral,1905730,Uncertain significance,2,76.38,-,-0.243,0.7979,-7.9098,loss_of_function,-4.42808702321033,0.6314436659186009,Uncertain,0.8746,pathogenic,https://doi.org/10.1101/2022.10.22.513328
L404F,4.13064,2.7602,1.3849716901046651,Uncertain,Uncertain,,,0.809,"cBioPortal,COSMIC",,True,0.0,,,,neutral,neutral,neutral,UP,neutral,neutral,neutral,,,,94.35,E,-0.2167,0.7435,-8.9365,loss_of_function,-4.04291828112257,0.5279315992258542,Uncertain,0.9786,pathogenic,https://doi.org/10.1101/2022.10.22.513328
L404V,2.93473,1.98639,1.4618697519742554,Uncertain,Uncertain,,,0.817,COSMIC,,True,0.0,,,,neutral,neutral,neutral,DOWN,neutral,neutral,neutral,,,,94.35,E,-0.2614,0.7435,-22.2244,loss_of_function,-4.1173118440069,0.8228427353579046,Pathogenic,0.9271,pathogenic,https://doi.org/10.1101/2022.10.22.513328
S405F,0.15676,-0.89966,0.6455852165953954,Neutral,Neutral,,,0.744,"cBioPortal,COSMIC",,True,0.9,,,,uncertain,,,UP,neutral,neutral,neutral,,,,95.0,E,-0.1824,1.913,-22.2244,loss_of_function,-5.59022391456316,0.3438245121471086,Uncertain,0.9711,pathogenic,https://doi.org/10.1101/2022.10.22.513328
A406V,1.8649,0.60442,0.8163927143699956,Neutral,Neutral,,,0.505,"cBioPortal,COSMIC",,True,0.5,,,,neutral,neutral,neutral,UP,neutral,neutral,neutral,,,,95.93,E,-0.0891,1.2903,-2.5443,loss_of_function,-2.09836716453522,0.0194969478207704,Benign,0.8649,pathogenic,https://doi.org/10.1101/2022.10.22.513328
F408L,1.39873,3.71259,2.279844415615827,Uncertain,Uncertain,,,0.809,"cBioPortal,COSMIC",,True,2.5,,,,neutral,neutral,neutral,DOWN,neutral,neutral,neutral,,,,97.38,E,-0.2698,0.136,-7.9366,loss_of_function,-4.7219024289951,0.8454044879055402,Pathogenic,0.9998,pathogenic,https://doi.org/10.1101/2022.10.22.513328
H410N,-0.25807,0.77347,0.1547951984026679,Neutral,Neutral,,,0.538,cBioPortal,,True,70.7,,,,neutral,neutral,neutral,DOWN,neutral,neutral,neutral,,,,93.74,E,-0.2492,0.593,-22.2273,loss_of_function,-2.9400490248257,0.6653428785321971,Uncertain,0.9858,pathogenic,https://doi.org/10.1101/2022.10.22.513328
H410P,0.33762,6.37347,3.305642336661672,Uncertain,Uncertain,,,0.922,cBioPortal,,True,70.7,,,,neutral,neutral,neutral,DOWN,neutral,neutral,neutral,,,,93.74,E,-0.4057,0.593,-22.2273,loss_of_function,-6.39753841271663,0.949000371113126,Pathogenic,0.9962,pathogenic,https://doi.org/10.1101/2022.10.22.513328
H410Q,0.14323,1.04014,0.5157275338623171,Neutral,Neutral,,,0.773,"COSMIC,clinvar",,True,70.7,,,,neutral,neutral,neutral,DOWN,neutral,neutral,neutral,649873,Uncertain significance,1,93.74,E,-0.2107,0.593,-22.2273,loss_of_function,-2.72820127176566,0.764578007956727,Pathogenic,0.9989,pathogenic,https://doi.org/10.1101/2022.10.22.513328
H410R,-0.44811,1.53061,0.2119136468948895,Neutral,Neutral,,,0.880,"cBioPortal,COSMIC,clinvar",,True,70.7,,,,neutral,neutral,neutral,UP,neutral,neutral,neutral,1172909,Uncertain significance,1,93.74,E,-0.2788,0.593,-22.2273,loss_of_function,-5.99622152520644,0.6963236152623244,Pathogenic,0.9986,pathogenic,https://doi.org/10.1101/2022.10.22.513328
H410Y,-0.22145,1.17619,0.1549699234014362,Neutral,Neutral,,,,clinvar,,True,70.7,,,,neutral,neutral,neutral,UP,neutral,neutral,neutral,1039785,Pathogenic,1,93.74,E,-0.1222,0.593,-4.1847,loss_of_function,-2.53910490367227,0.3705264966278463,Uncertain,0.941,pathogenic,https://doi.org/10.1101/2022.10.22.513328
T412A,0.36756,-0.13571,0.198103794717197,Neutral,Neutral,,,,clinvar,,True,23.3,,,,uncertain,,,DOWN,neutral,neutral,neutral,844417,Uncertain significance,1,97.43,E,-0.1705,1.6521,-22.1795,loss_of_function,-0.532667835147431,0.2363705335898374,Benign,0.5885,pathogenic,https://doi.org/10.1101/2022.10.22.513328
T412I,-0.98294,-1.12585,-0.6760026674811453,Neutral,Neutral,,,,clinvar,,True,23.3,,,,uncertain,,,UP,neutral,neutral,neutral,2498705,Likely pathogenic,1,97.43,E,-0.1235,1.6521,-7.8917,loss_of_function,-3.19749562748756,0.0306592394109649,Benign,0.8643,pathogenic,https://doi.org/10.1101/2022.10.22.513328
T412S,0.7782,0.77313,0.6126058971444284,Neutral,Neutral,,,,clinvar,,True,23.3,,,,neutral,,,DOWN,neutral,neutral,neutral,633433,Conflicting interpretations of pathogenicity,1,97.43,E,-0.0455,1.6521,-4.8043,loss_of_function,-2.44447237693024,0.0030413994718227,Benign,0.454,ambiguous,https://doi.org/10.1101/2022.10.22.513328
L413M,0.01036,1.42415,1.7385526026056657,Neutral,Neutral,,,0.773,"cBioPortal,COSMIC",,True,0.0,,,,neutral,neutral,neutral,-,uncertain,uncertain,uncertain,,,,96.96,E,-0.2626,0.5864,-22.1704,loss_of_function,-2.44556737073627,0.8216984554942033,Pathogenic,0.9131,pathogenic,https://doi.org/10.1101/2022.10.22.513328
L413P,2.6195,3.85272,6.397932711259628,Uncertain,Uncertain,,,0.883,"cBioPortal,COSMIC",,True,0.0,,,,neutral,neutral,neutral,DOWN,neutral,neutral,neutral,,,,96.96,E,-0.3574,0.5864,-4.2977,loss_of_function,-3.29989326229686,0.5409820713253437,Uncertain,0.9981,pathogenic,https://doi.org/10.1101/2022.10.22.513328
L413Q,3.63585,2.83571,3.0805984204838213,Uncertain,Destabilizing,,,0.955,"cBioPortal,clinvar",,True,0.0,,,,neutral,neutral,neutral,DOWN,neutral,neutral,neutral,2501467,Uncertain significance,1,96.96,E,-0.386,0.5864,-22.1704,loss_of_function,-5.79016843782047,0.9413535832281614,Pathogenic,0.9993,pathogenic,https://doi.org/10.1101/2022.10.22.513328
L413R,5.9277,5.15612,4.45157098039912,Destabilizing,Destabilizing,,,0.955,"cBioPortal,COSMIC",,True,0.0,,,,neutral,neutral,neutral,UP,neutral,neutral,neutral,,,,96.96,E,-0.3776,0.5864,-8.8825,loss_of_function,-4.50530184659733,0.855459319990596,Pathogenic,0.9986,pathogenic,https://doi.org/10.1101/2022.10.22.513328
R414G,1.42503,1.83844,1.1184144723472496,Neutral,Neutral,,,0.776,COSMIC,,True,80.3,,,,neutral,neutral,neutral,DOWN,neutral,neutral,neutral,,,,95.3,E,-0.3273,1.2771,-22.1642,loss_of_function,-4.71048382287024,0.4522795117158019,Uncertain,0.9919,pathogenic,https://doi.org/10.1101/2022.10.22.513328
R414K,-0.1088,-0.1432,0.2187474886046264,Neutral,Neutral,,,,clinvar,,True,80.3,,,,neutral,neutral,neutral,-,uncertain,uncertain,uncertain,1720779,Uncertain significance,1,95.3,E,-0.0723,1.2771,-0.6239,loss_of_function,-0.291034993055316,5.63365954384097e-05,Benign,0.4172,ambiguous,https://doi.org/10.1101/2022.10.22.513328
R414S,1.17838,0.19966,0.6179225074017497,Neutral,Neutral,,,0.641,cBioPortal,,True,80.3,,,,neutral,neutral,neutral,DOWN,neutral,neutral,neutral,,,,95.3,E,-0.2247,1.2771,-8.8764,loss_of_function,-2.27846208528592,0.1642058804426368,Benign,0.9985,pathogenic,https://doi.org/10.1101/2022.10.22.513328
R414T,0.03393,-0.21156,0.2209676107372182,Neutral,Neutral,,,,clinvar,,True,80.3,,,,neutral,neutral,neutral,DOWN,neutral,neutral,neutral,947785,Uncertain significance,1,95.3,E,-0.224,1.2771,-7.8765,loss_of_function,-4.39537802763368,0.0858300157005362,Benign,0.9939,pathogenic,https://doi.org/10.1101/2022.10.22.513328
E415K,1.01536,2.36667,1.3844453128141267,Uncertain,Neutral,,,0.919,"cBioPortal,COSMIC,clinvar",,True,26.6,,,,neutral,neutral,neutral,UP,neutral,neutral,neutral,36784,Pathogenic/Likely pathogenic,2,92.92,E,-0.3076,0.3771,-22.1642,loss_of_function,-3.27817789158997,0.6968943722438182,Pathogenic,0.9986,pathogenic,https://doi.org/10.1101/2022.10.22.513328
E415Q,1.24645,0.80068,1.2072232460564531,Neutral,Neutral,,,0.809,cBioPortal,,True,26.6,,,,neutral,neutral,neutral,UP,neutral,neutral,neutral,,,,92.92,E,-0.1903,0.3771,-8.8764,loss_of_function,-2.46774023445057,0.7638485022541261,Pathogenic,0.9922,pathogenic,https://doi.org/10.1101/2022.10.22.513328
E415V,0.39108,0.86122,0.6745816595731691,Neutral,Neutral,,,0.851,COSMIC,,True,26.6,,,,neutral,neutral,neutral,-,uncertain,uncertain,uncertain,,,,92.92,E,-0.2259,0.3771,-7.8765,loss_of_function,-2.61726230665627,0.9502535751929512,Pathogenic,0.9982,pathogenic,https://doi.org/10.1101/2022.10.22.513328
R417G,-0.05489,1.40204,1.0979920041989362,Neutral,Neutral,,,,clinvar,,False,88.5,,,,neutral,neutral,neutral,DOWN,neutral,neutral,mixed_effects,581180,Uncertain significance,1,78.48,-,-0.3492,1.0384,-22.1519,loss_of_function,-4.78928764694222,0.3442275790797415,Uncertain,0.9581,pathogenic,https://doi.org/10.1101/2022.10.22.513328
R417I,0.2686,0.5585,0.4516127883101251,Neutral,Neutral,,,0.707,"cBioPortal,clinvar",,False,88.5,,,,neutral,neutral,neutral,DOWN,neutral,neutral,mixed_effects,1339891,not provided,0,78.48,-,-0.3433,1.0384,-22.1519,loss_of_function,-6.57097925651275,0.673769113602965,Uncertain,0.9877,pathogenic,https://doi.org/10.1101/2022.10.22.513328
G419R,3.13719,4.2585,0.5235336346722782,Destabilizing,Uncertain,,,,clinvar,,False,108.2,,,,neutral,neutral,neutral,UP,neutral,neutral,neutral,546793,Likely pathogenic,1,64.45,-,-0.1678,2.3711,-7.6864,loss_of_function,-1.8632118553932,0.0225534440213856,Benign,0.9513,pathogenic,https://doi.org/10.1101/2022.10.22.513328
G419W,3.03651,4.54116,-0.3303982357974294,Destabilizing,Uncertain,,,0.632,"cBioPortal,COSMIC",,False,108.2,,,,neutral,neutral,neutral,UP,neutral,neutral,neutral,,,,64.45,-,-0.1889,2.3711,-7.6864,loss_of_function,-2.3779175691878,0.3109379103463253,Benign,0.8448,pathogenic,https://doi.org/10.1101/2022.10.22.513328
N420K,0.29184,0.35782,0.1538756602673857,Neutral,Neutral,,,,clinvar,,False,123.2,,,,neutral,neutral,neutral,UP,neutral,neutral,neutral,224849,Pathogenic,1,56.04,-,-0.0449,2.2006,-5.6366,loss_of_function,-2.48989855628313,,,0.8538,pathogenic,https://doi.org/10.1101/2022.10.22.513328
G421E,-0.3246,-1.42041,0.5895056802967635,Neutral,Neutral,,,,clinvar,,False,121.2,,,,neutral,neutral,neutral,UP,neutral,neutral,neutral,2068744,Likely pathogenic,1,55.99,-,-0.314,1.3989,-22.1301,loss_of_function,-4.70862083889012,,,0.9657,pathogenic,https://doi.org/10.1101/2022.10.22.513328
G421R,-0.09682,-0.09558,0.2589955491397705,Neutral,Neutral,,,,clinvar,,False,121.2,,,,neutral,neutral,neutral,UP,neutral,neutral,neutral,224844,Pathogenic/Likely pathogenic,2,55.99,-,-0.2631,1.3989,-8.8422,loss_of_function,-3.52835858411553,,,0.9597,pathogenic,https://doi.org/10.1101/2022.10.22.513328
G422S,0.32313,-1.52041,0.5516996653433204,Neutral,Neutral,,,,clinvar,,False,125.6,,,,neutral,neutral,neutral,UP,neutral,neutral,neutral,1024431,Likely benign,1,53.8,-,-0.1417,1.6491,-3.3986,loss_of_function,-1.54783540494327,,,0.1091,benign,https://doi.org/10.1101/2022.10.22.513328
R423G,0.38063,1.72959,0.8867939559984624,Neutral,Neutral,,,0.732,"cBioPortal,COSMIC",,False,66.2,,,,neutral,neutral,neutral,DOWN,neutral,neutral,neutral,,,,55.19,T,-0.202,1.7728,-6.5453,loss_of_function,-6.77848885111186,,,0.7553,pathogenic,https://doi.org/10.1101/2022.10.22.513328
R423Q,0.0198,0.6568,0.4430436070430771,Neutral,Neutral,,,0.850,"cBioPortal,COSMIC,clinvar",,False,66.2,,,,neutral,neutral,neutral,DOWN,neutral,neutral,neutral,18306,Pathogenic,2,55.19,T,-0.1532,1.7728,-8.8671,loss_of_function,-4.25734624508746,,,0.6564,pathogenic,https://doi.org/10.1101/2022.10.22.513328
A424V,-0.20498,-0.31327,-0.1535281145597733,Neutral,Neutral,,7.9527922254e-06,0.427,cBioPortal,,False,95.3,,,,neutral,neutral,neutral,UP,neutral,neutral,neutral,,,,51.65,T,-0.0122,2.2925,-5.5607,loss_of_function,-2.37246969284851,,,0.1496,benign,https://doi.org/10.1101/2022.10.22.513328
N425D,0.37113,0.13027,0.0195201264692257,Neutral,Neutral,,,0.643,"cBioPortal,COSMIC",,False,109.6,,,,neutral,neutral,neutral,-,uncertain,uncertain,uncertain,,,,45.14,S,-0.136,2.1263,-22.155,loss_of_function,-1.50366176525427,0.4356179062336572,Uncertain,0.5267,ambiguous,https://doi.org/10.1101/2022.10.22.513328
N425I,0.64853,-0.05272,0.3935406495861571,Neutral,Neutral,,,0.825,cBioPortal,,False,109.6,,,,neutral,neutral,neutral,UP,neutral,neutral,neutral,,,,45.14,S,-0.0925,2.1263,-4.4078,loss_of_function,-3.1234686570826,0.0625656757558448,Benign,0.1768,benign,https://doi.org/10.1101/2022.10.22.513328
D427G,0.12464,0.8398,0.731756865880846,Neutral,Neutral,,3.9763644895e-06,0.652,"cBioPortal,COSMIC",,False,124.4,,,,neutral,neutral,neutral,DOWN,neutral,neutral,neutral,,,,47.02,T,-0.1341,1.5679,-6.2761,loss_of_function,-4.72505470425654,0.1117633605121307,Benign,0.7914,pathogenic,https://doi.org/10.1101/2022.10.22.513328
D427Y,-0.13755,0.17007,0.442996115051778,Neutral,Neutral,,,0.755,COSMIC,,False,124.4,,,,neutral,neutral,neutral,UP,neutral,neutral,neutral,,,,47.02,T,-0.249,1.5679,-22.1488,loss_of_function,-6.24130870559917,0.6722968328779805,Uncertain,0.9011,pathogenic,https://doi.org/10.1101/2022.10.22.513328
S429F,-0.35163,-0.96156,-1.0721624296741188,Neutral,Neutral,,,0.716,"cBioPortal,COSMIC",P,False,64.8,1.322,,,damaging,neutral,uncertain,UP,neutral,neutral,neutral,,,,68.11,-,-0.204,1.6771,-22.1916,loss_of_function,-3.68504909597836,0.2364732960620578,Benign,0.6912,pathogenic,https://doi.org/10.1101/2022.10.22.513328
L430Q,1.60799,2.62857,1.8560619034510129,Uncertain,Neutral,,,0.728,"cBioPortal,COSMIC",,False,13.8,,,,neutral,neutral,neutral,DOWN,neutral,neutral,neutral,,,,82.53,-,-0.3121,0.5246,-6.5729,loss_of_function,-2.58590954582981,0.8007077574207819,Pathogenic,0.8237,pathogenic,https://doi.org/10.1101/2022.10.22.513328
I431T,0.46943,-0.09694,0.8271961887415302,Neutral,Neutral,,,0.565,cBioPortal,,True,66.3,,,,neutral,neutral,neutral,DOWN,neutral,neutral,neutral,,,,89.35,-,-0.1003,2.1131,-4.8074,loss_of_function,-2.11015588556553,0.0301302150894022,Benign,0.7642,pathogenic,https://doi.org/10.1101/2022.10.22.513328
T433I,-1.40891,-0.24898,-0.8493383240604785,Neutral,Neutral,,,0.763,"cBioPortal,COSMIC",,True,9.7,,,,uncertain,,,UP,neutral,neutral,neutral,,,,94.08,T,-0.3139,0.3744,-22.1825,loss_of_function,-5.6533729420724,0.7455171812559933,Pathogenic,0.9979,pathogenic,https://doi.org/10.1101/2022.10.22.513328
E434K,3.25638,3.25034,0.3164628584975976,Destabilizing,Uncertain,,,0.773,cBioPortal,,True,4.7,,,,neutral,neutral,neutral,UP,neutral,neutral,neutral,,,,94.69,T,-0.2619,0.0826,-7.8978,loss_of_function,-4.83711076859019,0.9755096530624486,Pathogenic,0.9986,pathogenic,https://doi.org/10.1101/2022.10.22.513328
E435K,1.4399,2.36803,0.6168923097042003,Uncertain,Neutral,,,0.908,"cBioPortal,COSMIC,clinvar",,True,10.3,,,,neutral,neutral,neutral,UP,neutral,neutral,neutral,1305948,Uncertain significance,1,92.67,-,-0.3324,0.1084,-22.1856,loss_of_function,-6.79339007834524,0.9224101547248044,Pathogenic,0.997,pathogenic,https://doi.org/10.1101/2022.10.22.513328
L436V,2.86839,4.56973,2.498470345907098,Uncertain,Uncertain,,,0.635,COSMIC,,True,0.1,,,,neutral,neutral,neutral,DOWN,neutral,neutral,neutral,,,,94.86,E,-0.32,0.1044,-22.1825,loss_of_function,-5.09154597264642,0.971929431615945,Pathogenic,0.9314,pathogenic,https://doi.org/10.1101/2022.10.22.513328
H437L,-0.43329,0.78776,0.6936924878454442,Neutral,Neutral,,,,clinvar,,True,3.1,,,,neutral,neutral,neutral,UP,neutral,neutral,neutral,976227,Likely pathogenic,1,94.39,E,-0.3406,0.0652,-22.1825,loss_of_function,-5.92696676411546,0.9597098338143506,Pathogenic,0.9952,pathogenic,https://doi.org/10.1101/2022.10.22.513328
H437Q,0.86247,1.93401,1.9563039260002468,Neutral,Neutral,,,,clinvar,,True,3.1,,,,neutral,neutral,neutral,DOWN,neutral,neutral,neutral,664121,Pathogenic,1,94.39,E,-0.1912,0.0652,-8.8947,loss_of_function,-7.89990230589442,0.9875451181510868,Pathogenic,0.998,pathogenic,https://doi.org/10.1101/2022.10.22.513328
L438P,3.60835,5.45612,4.896852643466839,Destabilizing,Destabilizing,,,0.708,COSMIC,,False,14.2,,,,neutral,neutral,neutral,DOWN,neutral,neutral,neutral,,,,95.51,-,-0.3037,2.1616,-22.1825,loss_of_function,-4.9945880052766,0.3086516239779397,Benign,0.9942,pathogenic,https://doi.org/10.1101/2022.10.22.513328
I439M,0.03118,1.6119,1.452484115088813,Neutral,Neutral,,,0.662,cBioPortal,,False,0.0,,,,neutral,neutral,neutral,-,uncertain,uncertain,uncertain,,,,96.67,E,-0.1349,1.1849,-7.8948,loss_of_function,-2.26555560731405,0.5403385140389274,Uncertain,0.4326,ambiguous,https://doi.org/10.1101/2022.10.22.513328
T440I,-2.29218,-0.48673,-0.6660534640153959,Uncertain,Uncertain,,,0.551,cBioPortal,P,False,10.3,3.261,,,uncertain,uncertain,uncertain,UP,neutral,neutral,neutral,,,,97.08,E,-0.0746,2.1831,-7.8948,loss_of_function,-2.86681749144856,0.2316232597823163,Benign,0.6105,pathogenic,https://doi.org/10.1101/2022.10.22.513328
E442K,-0.58529,2.03401,0.5191365747200546,Uncertain,Neutral,,,0.633,"cBioPortal,COSMIC",,False,26.5,,,,neutral,neutral,neutral,UP,neutral,neutral,neutral,,,,97.77,E,-0.1251,1.5128,-6.8918,loss_of_function,-4.23373533624869,0.3545805536255769,Uncertain,0.616,pathogenic,https://doi.org/10.1101/2022.10.22.513328
E442Q,-0.48754,0.63231,0.3398275991436278,Neutral,Neutral,,,0.519,cBioPortal,,False,26.5,,,,neutral,neutral,neutral,UP,neutral,neutral,neutral,,,,97.77,E,-0.0705,1.5128,-5.8918,loss_of_function,-2.46688801679505,0.2098785144167123,Benign,0.2428,benign,https://doi.org/10.1101/2022.10.22.513328
T443I,1.42076,2.79796,0.0194873861807126,Uncertain,Neutral,,,,clinvar,,False,5.8,,,,uncertain,,,UP,neutral,neutral,neutral,542784,Uncertain significance,1,97.65,E,-0.1238,1.6481,-7.8917,loss_of_function,-3.04166758005026,0.4801739713032223,Uncertain,0.9883,pathogenic,https://doi.org/10.1101/2022.10.22.513328
E444K,0.76793,1.0415,0.6801394532080557,Neutral,Neutral,,3.9768388903e-06,0.497,"cBioPortal,COSMIC",,False,56.5,,,,neutral,neutral,neutral,UP,neutral,neutral,neutral,,,,95.88,E,-0.0128,2.6045,-4.5699,loss_of_function,-2.62255746237207,0.0251584757876066,Benign,0.6079,pathogenic,https://doi.org/10.1101/2022.10.22.513328
Y446C,1.88753,2.69728,1.8013872754023486,Uncertain,Neutral,,3.9766491164e-06,0.531,cBioPortal,P,False,62.8,1.154,,,damaging,neutral,uncertain,DOWN,neutral,neutral,neutral,,,,91.65,E,-0.0133,3.3336,-2.1266,loss_of_function,-1.30355000742125,1.9810680094117987e-05,Benign,0.1274,benign,https://doi.org/10.1101/2022.10.22.513328
Y446H,1.85835,1.52143,0.2719661701788062,Neutral,Neutral,,,0.460,cBioPortal,P,False,62.8,1.154,,,damaging,neutral,uncertain,DOWN,neutral,neutral,neutral,,,,91.65,E,0.0355,3.3336,-4.8948,gain_of_function,-1.76227587380777,0.0005775257439604,Benign,0.3318,benign,https://doi.org/10.1101/2022.10.22.513328
H447D,2.14993,2.53095,2.799060598998214,Uncertain,Uncertain,,,,clinvar,,False,13.0,,,,neutral,neutral,neutral,DOWN,neutral,neutral,neutral,2503129,Uncertain significance,1,87.57,E,-0.1036,2.612,-22.1825,loss_of_function,-4.12413733870489,0.5544029086131357,Uncertain,0.9637,pathogenic,https://doi.org/10.1101/2022.10.22.513328
H447R,1.86566,1.79082,2.141324407539447,Neutral,Uncertain,,,0.427,cBioPortal,,False,13.0,,,,neutral,neutral,neutral,UP,neutral,neutral,neutral,,,,87.57,E,-0.0928,2.612,-22.1825,loss_of_function,-3.90665444367505,0.2264096146148611,Benign,0.8489,pathogenic,https://doi.org/10.1101/2022.10.22.513328
H447Y,-0.46152,-0.76973,0.2206904249058122,Neutral,Neutral,,,0.563,"cBioPortal,COSMIC",,False,13.0,,,,neutral,neutral,neutral,UP,neutral,neutral,neutral,,,,87.57,E,0.0704,2.612,-2.8504,gain_of_function,-2.08986338393131,0.0038212168357855,Benign,0.3077,benign,https://doi.org/10.1101/2022.10.22.513328
G449D,1.94317,0.82517,0.2361487483616114,Neutral,Neutral,,,0.638,COSMIC,,False,124.6,,,,neutral,neutral,neutral,UP,neutral,neutral,neutral,,,,89.2,T,-0.2933,0.6534,-4.4964,loss_of_function,-2.85295801492822,0.0336273117382045,Benign,0.8612,pathogenic,https://doi.org/10.1101/2022.10.22.513328
L450F,3.95265,1.20884,1.8977157228892296,Uncertain,Uncertain,,,,clinvar,,False,12.2,,,,neutral,neutral,neutral,UP,neutral,neutral,neutral,950328,Uncertain significance,1,92.2,E,-0.1654,1.0672,-4.7219,loss_of_function,-3.25060509915392,0.1360982877486316,Benign,0.4817,ambiguous,https://doi.org/10.1101/2022.10.22.513328
I452F,4.55832,2.86293,0.9674109714733428,Uncertain,Uncertain,,,0.618,COSMIC,,False,0.1,,,,neutral,neutral,neutral,UP,neutral,neutral,neutral,,,,96.69,E,-0.1629,1.6425,-7.8917,loss_of_function,-2.37748796472098,0.0302818624854311,Benign,0.5023,ambiguous,https://doi.org/10.1101/2022.10.22.513328
D453N,-0.11751,0.24592,0.0398385411670421,Neutral,Neutral,,,0.398,cBioPortal,,False,80.2,,,,neutral,neutral,neutral,-,uncertain,uncertain,uncertain,,,,97.09,E,-0.0178,2.2267,-4.0783,loss_of_function,-1.70470205522336,0.0122615296916008,Benign,0.1238,benign,https://doi.org/10.1101/2022.10.22.513328
L454P,7.29217,4.70476,8.481751415902362,Destabilizing,Destabilizing,3.18532203606e-05,4.77213075638e-05,0.809,"cBioPortal,COSMIC,clinvar",,True,0.2,,,,neutral,neutral,neutral,DOWN,neutral,neutral,neutral,1328318,Uncertain significance,0,97.87,E,-0.465,0.4081,-22.1734,loss_of_function,-6.00408400755909,0.9173305452155732,Pathogenic,0.9985,pathogenic,https://doi.org/10.1101/2022.10.22.513328
S458F,18.14614,8.6602,1.9407763630249109,Destabilizing,Uncertain,,,0.918,"cBioPortal,COSMIC",,True,0.0,,,,uncertain,,,UP,neutral,neutral,neutral,,,,97.38,-,-0.2925,0.7165,-22.2155,loss_of_function,-8.1997142107477,0.9745564086590744,Pathogenic,0.9989,pathogenic,https://doi.org/10.1101/2022.10.22.513328
L459F,-0.45208,0.1602,0.225980676860526,Neutral,Neutral,,,0.895,cBioPortal,,True,6.2,,,,neutral,neutral,neutral,UP,neutral,neutral,neutral,,,,97.5,S,-0.2572,0.1913,-6.9277,loss_of_function,-4.44480009828649,0.9177984122282424,Pathogenic,0.9056,pathogenic,https://doi.org/10.1101/2022.10.22.513328
V461L,0.75572,0.85306,0.1238517757649343,Neutral,Neutral,0.0011152179454499,0.0067659052534327,0.555,"COSMIC,clinvar",,True,0.0,,,,neutral,neutral,neutral,UP,neutral,neutral,neutral,139328,Benign,2,97.52,E,-0.1233,1.399,-2.7213,loss_of_function,-2.04630777151334,0.0233926327645448,Benign,0.5548,ambiguous,https://doi.org/10.1101/2022.10.22.513328
V463L,1.96739,0.39966,0.7873791870395294,Neutral,Neutral,,,0.813,"cBioPortal,COSMIC",,True,0.0,,,,neutral,neutral,neutral,UP,neutral,neutral,neutral,,,,97.37,E,-0.251,1.0921,-22.2185,loss_of_function,-3.79976792918908,0.638693489134216,Uncertain,0.9683,pathogenic,https://doi.org/10.1101/2022.10.22.513328
S465A,-0.02786,0.63776,-0.1574346756216804,Neutral,Neutral,,,0.718,"cBioPortal,COSMIC,clinvar",,True,60.9,,,,uncertain,,,-,uncertain,uncertain,uncertain,657396,Uncertain significance,1,95.93,S,-0.2784,0.0213,-22.2185,loss_of_function,-5.12064354418585,0.9816785897946508,Pathogenic,0.9745,pathogenic,https://doi.org/10.1101/2022.10.22.513328
S465F,-2.20933,-1.02109,-1.1088713623176798,Uncertain,Uncertain,,,0.829,cBioPortal,,True,60.9,,,,uncertain,,,UP,neutral,neutral,neutral,,,,95.93,S,-0.3565,0.0213,-22.2185,loss_of_function,-6.94258950818645,0.975924694529525,Pathogenic,0.9998,pathogenic,https://doi.org/10.1101/2022.10.22.513328
N466S,0.13432,0.48741,0.4802743521650704,Neutral,Neutral,,,,clinvar,,False,72.4,,,,neutral,neutral,neutral,DOWN,neutral,neutral,neutral,418505,Pathogenic,1,96.33,S,-0.1816,0.3806,-6.1234,loss_of_function,-4.05766836271433,0.1676258789628739,Benign,0.6535,pathogenic,https://doi.org/10.1101/2022.10.22.513328
N466T,0.20383,0.85102,0.3752005828353066,Neutral,Neutral,,,,clinvar,,False,72.4,,,,neutral,neutral,neutral,-,uncertain,uncertain,uncertain,381595,Pathogenic/Likely pathogenic,2,96.33,S,-0.3133,0.3806,-22.2185,loss_of_function,-5.39184484063126,0.7211942564530857,Pathogenic,0.9745,pathogenic,https://doi.org/10.1101/2022.10.22.513328
C468G,0.05195,0.18639,0.2647504447619786,Neutral,Neutral,,,0.502,cBioPortal,,False,81.7,,,,neutral,neutral,neutral,DOWN,neutral,neutral,neutral,,,,94.56,G,-0.2744,1.4952,-7.9307,loss_of_function,-4.46751218818126,0.0724476444271272,Benign,0.8024,pathogenic,https://doi.org/10.1101/2022.10.22.513328
Q469H,1.30772,2.25714,0.1211900388507408,Uncertain,Neutral,,,0.867,cBioPortal,,False,28.2,,,,neutral,neutral,neutral,UP,neutral,neutral,neutral,,,,96.61,G,-0.2989,0.0213,-22.2185,loss_of_function,-6.94758645842633,0.97711050865418,Pathogenic,0.9998,pathogenic,https://doi.org/10.1101/2022.10.22.513328
M470R,1.93106,1.8432,2.2003277949140423,Neutral,Uncertain,,,0.871,"cBioPortal,COSMIC",,False,10.3,,,,neutral,neutral,neutral,UP,neutral,neutral,neutral,,,,96.31,H,-0.3316,1.7376,-22.2214,loss_of_function,-5.37810463963176,0.5304588393986337,Uncertain,0.9864,pathogenic,https://doi.org/10.1101/2022.10.22.513328
P471R,2.36901,-2.09864,-0.3881712771946777,Uncertain,Uncertain,,,0.816,cBioPortal,,False,20.7,,,,neutral,neutral,neutral,UP,neutral,neutral,neutral,,,,96.15,H,-0.2816,1.2584,-22.2214,loss_of_function,-5.78837634133557,0.8899047954755573,Pathogenic,0.9745,pathogenic,https://doi.org/10.1101/2022.10.22.513328
P471S,1.21718,-2.98537,0.1718905155158812,Uncertain,Neutral,,,0.729,cBioPortal,,False,20.7,,,,neutral,neutral,neutral,DOWN,neutral,neutral,neutral,,,,96.15,H,-0.1149,1.2584,-3.2898,loss_of_function,-2.9883462855458,0.0424735843757796,Benign,0.7415,pathogenic,https://doi.org/10.1101/2022.10.22.513328
N472D,1.07711,0.01769,0.5557447336899751,Neutral,Neutral,,,0.608,"cBioPortal,COSMIC,clinvar",,False,44.6,,,,neutral,neutral,neutral,-,uncertain,uncertain,uncertain,378672,Likely pathogenic,1,97.34,H,-0.1594,1.876,-22.2214,loss_of_function,-3.89537234552198,0.3126054216520422,Benign,0.8741,pathogenic,https://doi.org/10.1101/2022.10.22.513328
N472K,-0.38219,-0.2398,0.1423289045906078,Neutral,Neutral,,,0.634,COSMIC,,False,44.6,,,,neutral,neutral,neutral,UP,neutral,neutral,neutral,,,,97.34,H,-0.1594,1.876,-22.2214,loss_of_function,-4.73951893983371,0.1685451951061277,Benign,0.9784,pathogenic,https://doi.org/10.1101/2022.10.22.513328
A473S,1.07798,2.21122,2.301970714107491,Uncertain,Uncertain,,,0.785,COSMIC,,True,0.0,,,,neutral,neutral,neutral,-,uncertain,uncertain,uncertain,,,,98.22,H,-0.1459,0.9945,-8.9365,loss_of_function,-2.18760665958539,0.218593591922615,Benign,0.7496,pathogenic,https://doi.org/10.1101/2022.10.22.513328
A473V,4.43227,3.80408,3.2626220806942343,Destabilizing,Destabilizing,,,0.902,"cBioPortal,COSMIC",,True,0.0,,,,neutral,neutral,neutral,UP,neutral,neutral,neutral,,,,98.22,H,-0.2167,0.9945,-22.2244,loss_of_function,-6.82088939697336,0.9292165103247948,Pathogenic,0.9988,pathogenic,https://doi.org/10.1101/2022.10.22.513328
A475V,5.91943,3.47925,1.1904887706649174,Destabilizing,Uncertain,,,,clinvar,,True,0.0,,,,neutral,neutral,neutral,UP,neutral,neutral,neutral,1372167,Uncertain significance,1,98.27,H,-0.2217,0.2034,-8.9336,loss_of_function,-5.35404034643861,0.8182770998584902,Pathogenic,0.9978,pathogenic,https://doi.org/10.1101/2022.10.22.513328
S476F,15.3223,6.16973,0.231532308075883,Destabilizing,Uncertain,,,0.903,"cBioPortal,COSMIC",,True,0.4,,,,uncertain,,,UP,neutral,neutral,neutral,,,,98.15,H,-0.345,0.1459,-22.2214,loss_of_function,-8.56246204196738,0.9826149916386312,Pathogenic,0.9995,pathogenic,https://doi.org/10.1101/2022.10.22.513328
L478R,6.64312,3.71803,3.975575284484943,Destabilizing,Destabilizing,,,0.960,cBioPortal,,True,1.1,,,,neutral,neutral,neutral,UP,neutral,neutral,neutral,,,,98.34,H,-0.4032,1.0481,-22.2244,loss_of_function,-5.90278758938038,0.9499749048742584,Pathogenic,0.9951,pathogenic,https://doi.org/10.1101/2022.10.22.513328
W479C,6.65086,5.65646,6.6306083212897615,Destabilizing,Destabilizing,,,,clinvar,,True,0.3,,,,neutral,neutral,neutral,DOWN,neutral,neutral,neutral,658556,Uncertain significance,1,98.31,H,-0.5085,0.0424,-22.2244,loss_of_function,-8.43036481434898,0.9861993254588332,Pathogenic,0.9994,pathogenic,https://doi.org/10.1101/2022.10.22.513328
Y480N,3.50536,3.78639,4.237712114189194,Destabilizing,Destabilizing,,,0.892,COSMIC,,True,0.6,,,,uncertain,,,DOWN,neutral,neutral,neutral,,,,98.25,H,-0.3524,1.0076,-22.2244,loss_of_function,-3.51656839316239,0.8990444669197744,Pathogenic,0.9831,pathogenic,https://doi.org/10.1101/2022.10.22.513328
N481S,2.13736,2.24388,3.1968864337596874,Uncertain,Uncertain,,,0.884,"cBioPortal,clinvar",,True,0.2,,,,neutral,neutral,neutral,DOWN,neutral,neutral,neutral,1434148,Uncertain significance,1,97.83,H,-0.2003,0.2215,-6.9366,loss_of_function,-4.20800512241907,0.4144767889777844,Uncertain,0.515,ambiguous,https://doi.org/10.1101/2022.10.22.513328
P487S,1.60584,0.70136,1.013811422844804,Neutral,Neutral,,3.9765542362e-06,0.682,"cBioPortal,COSMIC",,False,42.3,,,,neutral,neutral,neutral,DOWN,neutral,neutral,neutral,,,,90.32,S,-0.1133,1.3137,-3.9795,loss_of_function,-2.51586507116425,0.0290606179635181,Benign,0.2326,benign,https://doi.org/10.1101/2022.10.22.513328
N489K,-0.64107,1.22041,0.6532938149093228,Neutral,Neutral,,,,clinvar,,False,51.9,,,,neutral,neutral,neutral,UP,neutral,neutral,neutral,495135,Uncertain significance,0,91.71,-,-0.1822,0.836,-7.9307,loss_of_function,-3.29230078251628,0.8741897564788195,Pathogenic,0.9129,pathogenic,https://doi.org/10.1101/2022.10.22.513328
F492V,5.20807,2.39558,3.053603318446775,Uncertain,Destabilizing,,,0.797,cBioPortal,,False,3.9,,,,neutral,neutral,neutral,DOWN,neutral,neutral,neutral,,,,93.96,G,-0.3705,0.1841,-22.2125,loss_of_function,-5.92746334971355,,,0.9456,pathogenic,https://doi.org/10.1101/2022.10.22.513328
T494I,-0.46144,0.46667,-0.4415615764728586,Neutral,Neutral,,,0.555,"cBioPortal,COSMIC",,False,49.3,,,,uncertain,,,UP,neutral,neutral,neutral,,,,91.05,G,-0.0269,2.7042,-7.9307,loss_of_function,-2.06850559755862,0.0461237952588373,Benign,0.2166,benign,https://doi.org/10.1101/2022.10.22.513328
K495M,0.18616,0.49796,0.0842795142088587,Neutral,Neutral,,,0.684,cBioPortal,,False,101.1,,,,neutral,neutral,neutral,DOWN,neutral,neutral,destabilizing,,,,92.18,S,-0.1477,2.0075,-22.2185,loss_of_function,-3.15884740397955,0.2192055975589641,Benign,0.5215,ambiguous,https://doi.org/10.1101/2022.10.22.513328
K495N,0.24278,-0.61973,0.0262866117609755,Neutral,Neutral,,,0.443,COSMIC,,False,101.1,,,,neutral,neutral,neutral,DOWN,neutral,neutral,destabilizing,,,,92.18,S,-0.0485,2.0075,-1.1759,loss_of_function,-1.37081773966687,4.521432741056416e-05,Benign,0.424,ambiguous,https://doi.org/10.1101/2022.10.22.513328
K495T,1.01673,0.39796,0.1913595500299836,Neutral,Neutral,,,0.576,COSMIC,,False,101.1,,,,neutral,neutral,neutral,DOWN,neutral,neutral,destabilizing,,,,92.18,S,-0.0685,2.0075,-4.3458,loss_of_function,-1.57935489026843,0.0030051736175661,Benign,0.3078,benign,https://doi.org/10.1101/2022.10.22.513328
P496L,6.1418,3.21463,0.0259380132775716,Destabilizing,Uncertain,,,0.880,"cBioPortal,COSMIC",,False,24.3,,,,neutral,neutral,neutral,UP,neutral,neutral,neutral,,,,94.78,-,-0.2129,1.0384,-8.9276,loss_of_function,-5.60568081760876,0.7947081191710547,Pathogenic,0.9525,pathogenic,https://doi.org/10.1101/2022.10.22.513328
P496T,3.76146,2.1017,0.1169333833629071,Uncertain,Uncertain,,,0.859,"cBioPortal,COSMIC",,False,24.3,,,,neutral,neutral,neutral,-,uncertain,uncertain,uncertain,,,,94.78,-,-0.1572,1.0384,-5.2273,loss_of_function,-3.46614173230838,0.3859740642163284,Uncertain,0.8974,pathogenic,https://doi.org/10.1101/2022.10.22.513328
P497L,1.81532,-0.30102,-0.4249865615993542,Neutral,Neutral,,,0.680,"cBioPortal,COSMIC,clinvar",,False,42.0,,,,neutral,neutral,neutral,UP,neutral,neutral,neutral,1919149,Uncertain significance,1,96.89,-,-0.2533,0.444,-6.1204,loss_of_function,-4.00897611508381,0.8407516870420855,Pathogenic,0.6647,pathogenic,https://doi.org/10.1101/2022.10.22.513328
I498V,0.5301,-0.03333,0.3396197702129222,Neutral,Neutral,0.0005097489486428,0.000242567879241,0.204,"cBioPortal,COSMIC,clinvar",,False,49.5,,,,neutral,neutral,neutral,DOWN,neutral,neutral,neutral,542785,Likely benign,1,97.65,-,0.1262,3.2803,-3.4359,gain_of_function,-0.172058679779243,8.722638896729116e-06,Benign,0.0485,benign,https://doi.org/10.1101/2022.10.22.513328
T500I,1.39877,0.39966,0.3780700705652612,Neutral,Neutral,,,0.678,cBioPortal,,True,43.2,,,,uncertain,,,UP,neutral,neutral,neutral,,,,97.32,E,-0.0433,2.4704,-6.9337,loss_of_function,-1.9767522263449,0.3635520194531798,Uncertain,0.4607,ambiguous,https://doi.org/10.1101/2022.10.22.513328
D502Y,3.2866,1.86122,0.4422637653811445,Uncertain,Uncertain,,,0.693,COSMIC,,True,58.3,,,,neutral,neutral,neutral,UP,neutral,neutral,stabilizing,,,,94.22,H,-0.1663,2.47,-22.2185,loss_of_function,-4.38738129913868,0.0389663165546116,Benign,0.6544,pathogenic,https://doi.org/10.1101/2022.10.22.513328
V504A,2.48959,2.16633,2.756559776341032,Uncertain,Uncertain,,,0.784,cBioPortal,,True,1.5,,,,neutral,neutral,neutral,DOWN,neutral,neutral,neutral,,,,97.45,H,-0.2271,1.3451,-22.2185,loss_of_function,-5.79393370151369,0.1600868459597155,Benign,0.8533,pathogenic,https://doi.org/10.1101/2022.10.22.513328
E506K,-0.34413,-0.34456,0.0552166161681699,Neutral,Neutral,,,0.849,"cBioPortal,COSMIC,clinvar",,True,67.3,,,,neutral,neutral,neutral,UP,neutral,neutral,neutral,659139,Uncertain significance,1,95.02,H,-0.1439,1.1682,-4.3458,loss_of_function,-3.05295778567123,0.0224343231784489,Benign,0.7742,pathogenic,https://doi.org/10.1101/2022.10.22.513328
V507F,4.22593,1.95986,1.4601737526902987,Uncertain,Uncertain,,,,clinvar,,True,6.2,,,,neutral,neutral,neutral,UP,neutral,neutral,neutral,323244,Likely benign,2,97.19,H,-0.3194,1.1809,-22.2185,loss_of_function,-6.99457476298205,0.96911573878152,Pathogenic,0.903,pathogenic,https://doi.org/10.1101/2022.10.22.513328
L508M,-0.23672,1.4449,1.5808429572939282,Neutral,Neutral,,,0.764,cBioPortal,,True,0.3,,,,neutral,neutral,neutral,-,uncertain,uncertain,uncertain,,,,97.6,H,-0.2045,0.2989,-5.6088,loss_of_function,-2.38630892341974,0.9159831550932545,Pathogenic,0.5887,pathogenic,https://doi.org/10.1101/2022.10.22.513328
F512Y,2.38169,0.70374,2.155688917939383,Uncertain,Uncertain,,,0.736,cBioPortal,,True,0.1,,,,neutral,neutral,neutral,-,uncertain,uncertain,uncertain,,,,95.82,H,-0.336,0.0541,-22.2185,loss_of_function,-3.71217002342742,0.9633165783103108,Pathogenic,0.9138,pathogenic,https://doi.org/10.1101/2022.10.22.513328
S513F,-0.32616,-0.56531,-0.2767396410115241,Neutral,Neutral,,,0.793,"cBioPortal,COSMIC",,False,38.8,,,,uncertain,,,UP,neutral,neutral,stabilizing,,,,92.45,H,-0.2617,1.0514,-22.2185,loss_of_function,-4.36629685709758,0.8546933720310987,Pathogenic,0.8373,pathogenic,https://doi.org/10.1101/2022.10.22.513328
S514T,-0.53817,-0.10272,-0.0128648474344833,Neutral,Neutral,,,0.736,"cBioPortal,COSMIC,clinvar",,False,40.0,,,,neutral,,,UP,neutral,neutral,stabilizing,636871,Uncertain significance,1,89.26,H,-0.1073,0.7583,-3.8015,loss_of_function,-2.20517968327147,0.1548486740143654,Benign,0.2954,benign,https://doi.org/10.1101/2022.10.22.513328
S514Y,-0.43695,-0.03299,-0.5253917587352946,Neutral,Neutral,,,0.867,"cBioPortal,COSMIC",,False,40.0,,,,uncertain,,,UP,neutral,neutral,stabilizing,,,,89.26,H,-0.2935,0.7583,-22.2185,loss_of_function,-4.99828988084011,0.9159912442821928,Pathogenic,0.8058,pathogenic,https://doi.org/10.1101/2022.10.22.513328
R518Q,2.20695,0.30884,1.0700679055908149,Uncertain,Uncertain,,1.1932509725e-05,0.847,cBioPortal,,False,44.7,,,,neutral,neutral,neutral,DOWN,neutral,neutral,neutral,,,,88.6,-,-0.2685,0.3318,-5.4683,loss_of_function,-3.74278881567535,0.6029919449356372,Uncertain,0.7057,pathogenic,https://doi.org/10.1101/2022.10.22.513328
S521N,0.38692,-0.39626,0.1473842736312802,Neutral,Neutral,,,,clinvar,,False,45.1,,,,uncertain,,,UP,neutral,neutral,stabilizing,636851,Uncertain significance,1,92.53,-,-0.0268,1.8146,-0.87,loss_of_function,-0.253286976237367,4.9753926053534016e-05,Benign,0.1462,benign,https://doi.org/10.1101/2022.10.22.513328
S521R,1.69253,0.27585,0.0557389516029738,Neutral,Neutral,,,0.593,cBioPortal,,False,45.1,,,,uncertain,,,UP,neutral,neutral,stabilizing,,,,92.53,-,-0.2073,1.8146,-22.2185,loss_of_function,-4.73516554788042,0.5865392348863676,Uncertain,0.9577,pathogenic,https://doi.org/10.1101/2022.10.22.513328
E523K,1.57047,1.40374,0.2448945506830663,Neutral,Neutral,,3.9789275994e-06,0.779,cBioPortal,,False,90.4,,,,neutral,neutral,neutral,UP,neutral,neutral,stabilizing,,,,90.88,H,-0.1339,1.5302,-8.9306,loss_of_function,-3.66362855859666,0.7591931930602777,Pathogenic,0.8778,pathogenic,https://doi.org/10.1101/2022.10.22.513328
Q524K,0.45604,1.55884,1.689828617603379,Neutral,Neutral,,3.9792125934e-06,0.842,COSMIC,,False,7.5,,,,neutral,neutral,neutral,UP,neutral,neutral,neutral,,,,94.86,H,-0.3049,0.3044,-22.2185,loss_of_function,-7.67349827589018,0.9880668043316652,Pathogenic,0.9892,pathogenic,https://doi.org/10.1101/2022.10.22.513328
T526A,0.04626,1.34116,-0.0578698937179572,Neutral,Neutral,,,0.516,"cBioPortal,COSMIC",,True,63.5,,,,uncertain,,,DOWN,neutral,neutral,neutral,,,,93.06,H,0.0474,3.074,-5.1234,gain_of_function,-0.412942692957353,0.0019623828985022,Benign,0.0706,benign,https://doi.org/10.1101/2022.10.22.513328
L528P,6.93538,11.38776,8.491054735735966,Destabilizing,Destabilizing,,,0.977,cBioPortal,,True,0.7,,,,neutral,neutral,neutral,DOWN,neutral,neutral,neutral,,,,95.63,H,-0.3796,0.6023,-8.9306,loss_of_function,-7.92421344955134,0.9796447741237974,Pathogenic,0.9997,pathogenic,https://doi.org/10.1101/2022.10.22.513328
E530D,1.38879,1.15136,0.9286914164400664,Neutral,Neutral,,,0.606,cBioPortal,,True,40.1,,,,neutral,neutral,neutral,DOWN,neutral,neutral,neutral,,,,93.92,H,0.0068,2.0737,-2.1759,gain_of_function,-1.79680498973094,0.0025093846163375,Benign,0.4488,ambiguous,https://doi.org/10.1101/2022.10.22.513328
E530K,0.00561,0.16429,0.2302296180244456,Neutral,Neutral,,,0.753,"cBioPortal,clinvar",,True,40.1,,,,neutral,neutral,neutral,UP,neutral,neutral,neutral,1519472,Uncertain significance,1,93.92,H,-0.0686,2.0737,-5.9307,loss_of_function,-3.94348376465769,0.1855419877422958,Benign,0.8716,pathogenic,https://doi.org/10.1101/2022.10.22.513328
L533F,2.53241,1.45714,1.6328999745026176,Uncertain,Uncertain,,,0.526,"cBioPortal,COSMIC",,False,13.9,,,,neutral,neutral,neutral,UP,neutral,neutral,neutral,,,,93.06,H,-0.1193,1.4193,-2.0392,loss_of_function,-2.44482904238076,0.0183329151077919,Benign,0.5969,pathogenic,https://doi.org/10.1101/2022.10.22.513328
P535L,1.01326,1.42415,-0.421617603836128,Neutral,Neutral,,,0.443,cBioPortal,,False,82.2,,,,neutral,neutral,neutral,UP,neutral,neutral,neutral,,,,89.61,S,-0.0491,2.6397,-5.6912,loss_of_function,-0.594691165275082,0.0768395656044527,Benign,0.2068,benign,https://doi.org/10.1101/2022.10.22.513328
N538K,0.15534,0.79218,0.716154284655709,Neutral,Neutral,,,0.347,COSMIC,,False,91.5,,,,neutral,neutral,neutral,UP,neutral,neutral,neutral,,,,86.5,-,-0.0305,2.3002,-4.6163,loss_of_function,-2.2346814752057,0.0286336153883771,Benign,0.753,pathogenic,https://doi.org/10.1101/2022.10.22.513328
S540L,1.2773,0.27347,-0.6223837831210205,Neutral,Neutral,,,0.729,"cBioPortal,COSMIC",P,False,59.1,0.508,,,damaging,neutral,uncertain,UP,neutral,neutral,stabilizing,,,,91.08,T,-0.0491,2.5274,-7.2946,loss_of_function,-1.20235985115585,0.0979878602602636,Benign,0.2081,benign,https://doi.org/10.1101/2022.10.22.513328
G541R,2.48194,1.00612,0.3038374498315566,Uncertain,Uncertain,,,0.834,"cBioPortal,COSMIC",,False,80.7,,,,neutral,neutral,neutral,UP,neutral,neutral,neutral,,,,91.7,T,-0.2368,2.4235,-22.1612,loss_of_function,-3.40385584556662,0.0402773050150354,Benign,0.6909,pathogenic,https://doi.org/10.1101/2022.10.22.513328
G541V,4.51343,4.93265,1.7378685861671264,Destabilizing,Uncertain,,,0.782,cBioPortal,,False,80.7,,,,neutral,neutral,neutral,UP,neutral,neutral,neutral,,,,91.7,T,-0.2471,2.4235,-22.1612,loss_of_function,-3.88091045918619,0.0279200576084853,Benign,0.5504,ambiguous,https://doi.org/10.1101/2022.10.22.513328
G541W,3.439,1.74252,0.3376918730452921,Uncertain,Uncertain,,,0.864,"cBioPortal,COSMIC",,False,80.7,,,,neutral,neutral,neutral,UP,neutral,neutral,neutral,,,,91.7,T,-0.2579,2.4235,-22.1612,loss_of_function,-3.40338358133182,0.0983096301081322,Benign,0.8643,pathogenic,https://doi.org/10.1101/2022.10.22.513328
T545I,0.57187,0.5983,0.6085952630645369,Neutral,Neutral,,,0.773,cBioPortal,,True,57.4,,,,uncertain,,,UP,neutral,neutral,neutral,,,,97.22,-,-0.1525,2.1285,-22.1704,loss_of_function,-4.50616233588481,0.661845487546128,Uncertain,0.9143,pathogenic,https://doi.org/10.1101/2022.10.22.513328
W546L,4.01865,2.00306,2.0884386088122087,Uncertain,Uncertain,,,0.803,"cBioPortal,COSMIC",,True,5.3,,,,neutral,neutral,neutral,DOWN,neutral,neutral,neutral,,,,97.15,H,-0.4477,0.0877,-8.8794,loss_of_function,-2.75781954175194,0.9572460557889432,Pathogenic,0.9969,pathogenic,https://doi.org/10.1101/2022.10.22.513328
W546R,6.80438,3.53844,3.694501402200951,Destabilizing,Destabilizing,,,0.764,"cBioPortal,clinvar",,True,5.3,,,,neutral,neutral,neutral,DOWN,neutral,neutral,neutral,570821,Uncertain significance,1,97.15,H,-0.552,0.0877,-22.1673,loss_of_function,-6.12206358060794,0.8888990953841005,Pathogenic,0.9997,pathogenic,https://doi.org/10.1101/2022.10.22.513328
A547G,1.11355,0.76259,0.7122581747572717,Neutral,Neutral,,,0.643,cBioPortal,,True,38.5,,,,neutral,neutral,neutral,DOWN,neutral,neutral,neutral,,,,95.63,I,-0.0575,2.2651,-8.8825,loss_of_function,-2.81236161054514,0.0610223091407423,Benign,0.2387,benign,https://doi.org/10.1101/2022.10.22.513328
K548T,1.81467,0.51463,0.8026967331578785,Neutral,Neutral,,,0.681,cBioPortal,,True,47.8,,,,neutral,neutral,neutral,DOWN,neutral,neutral,neutral,,,,95.4,I,-0.1308,1.4524,-6.5607,loss_of_function,-3.34546156064748,0.0727592159886633,Benign,0.7772,pathogenic,https://doi.org/10.1101/2022.10.22.513328
C550R,7.55688,3.42143,2.6923270625567186,Destabilizing,Uncertain,,,0.882,COSMIC,,True,4.5,,,,neutral,neutral,neutral,UP,neutral,neutral,neutral,,,,94.87,I,-0.403,1.5375,-22.1856,loss_of_function,-6.13174649162691,0.8306197899099799,Pathogenic,0.9929,pathogenic,https://doi.org/10.1101/2022.10.22.513328
N553K,0.56778,0.2449,0.2831581152231821,Neutral,Neutral,,,0.343,cBioPortal,,True,63.6,,,,neutral,neutral,neutral,UP,neutral,neutral,neutral,,,,93.17,B,-0.1637,1.8261,-22.155,loss_of_function,-3.4296205371081,0.2850853805847224,Benign,0.9684,pathogenic,https://doi.org/10.1101/2022.10.22.513328
A555T,0.0108,-0.09014,-0.1487675012312134,Neutral,Neutral,,3.976870521e-06,0.442,cBioPortal,,False,116.3,,,,neutral,neutral,neutral,UP,neutral,neutral,neutral,,,,88.42,T,-0.0335,2.1487,-6.5546,loss_of_function,-1.90264854292563,0.0048617255950791,Benign,0.0858,benign,https://doi.org/10.1101/2022.10.22.513328
G556A,2.20893,1.26327,1.928249108047897,Uncertain,Uncertain,,,0.547,"cBioPortal,COSMIC",,False,130.9,,,,neutral,neutral,neutral,UP,neutral,neutral,neutral,,,,86.29,T,-0.1132,2.1964,-8.8454,loss_of_function,-4.43374709529091,0.1324751884978685,Benign,0.4441,ambiguous,https://doi.org/10.1101/2022.10.22.513328
G556D,1.86478,0.51531,0.8630196651802857,Neutral,Neutral,,,0.448,cBioPortal,,False,130.9,,,,neutral,neutral,neutral,UP,neutral,neutral,neutral,,,,86.29,T,-0.1401,2.1964,-2.3063,loss_of_function,-1.71164493495817,0.0023544749155894,Benign,0.7886,pathogenic,https://doi.org/10.1101/2022.10.22.513328
K557N,0.24139,0.26667,1.0639364948882184,Neutral,Neutral,,,0.463,cBioPortal,,False,35.3,,,,neutral,neutral,neutral,DOWN,neutral,neutral,neutral,,,,90.17,-,-0.1168,1.54,-6.1258,loss_of_function,-3.12385742324763,0.0505723465958341,Benign,0.978,pathogenic,https://doi.org/10.1101/2022.10.22.513328
G558C,0.02972,0.17177,0.5742691327546595,Neutral,Neutral,,,0.593,cBioPortal,,False,99.0,,,,neutral,neutral,neutral,UP,neutral,neutral,neutral,,,,91.24,S,-0.1345,2.608,-8.7278,loss_of_function,-3.46807482417351,0.5372452354201772,Uncertain,0.286,benign,https://doi.org/10.1101/2022.10.22.513328
G558D,-0.02341,-0.10408,-0.6323090792650593,Neutral,Neutral,,,,clinvar,,False,99.0,,,,neutral,neutral,neutral,UP,neutral,neutral,neutral,2036086,Uncertain significance,1,91.24,S,-0.2028,2.608,-22.0156,loss_of_function,-3.33744014475707,0.2882893041370339,Benign,0.8833,pathogenic,https://doi.org/10.1101/2022.10.22.513328
S560F,2.3935,6.11293,0.2416972064805056,Uncertain,Uncertain,,,0.761,"cBioPortal,COSMIC",,True,6.5,,,,uncertain,,,UP,neutral,neutral,neutral,,,,95.34,B,-0.1999,1.7212,-22.1856,loss_of_function,-6.92730421010848,0.8340190897514749,Pathogenic,0.9934,pathogenic,https://doi.org/10.1101/2022.10.22.513328
W562C,5.42257,3.32109,4.779405605075553,Destabilizing,Destabilizing,,,0.907,cBioPortal,,True,0.0,,,,neutral,neutral,neutral,DOWN,neutral,neutral,neutral,,,,97.24,H,-0.417,0.1859,-6.8948,loss_of_function,-4.73911762228149,0.8602981661691758,Pathogenic,0.9987,pathogenic,https://doi.org/10.1101/2022.10.22.513328
W562R,5.05204,5.17449,5.047194058336772,Destabilizing,Destabilizing,,,0.847,COSMIC,,True,0.0,,,,neutral,neutral,neutral,DOWN,neutral,neutral,neutral,,,,97.24,H,-0.543,0.1859,-22.1825,loss_of_function,-8.04093713738594,0.9795378179480038,Pathogenic,0.9999,pathogenic,https://doi.org/10.1101/2022.10.22.513328
V563I,-0.77665,0.29388,0.3230605458416397,Neutral,Neutral,,,,clinvar,,True,16.1,,,,neutral,neutral,neutral,UP,neutral,neutral,neutral,1517726,Benign,1,96.22,H,-0.0051,2.1517,-5.8948,loss_of_function,-2.05995487752745,0.0047697911313087,Benign,0.1241,benign,https://doi.org/10.1101/2022.10.22.513328
W564C,6.02463,5.70578,5.052420169085214,Destabilizing,Destabilizing,,,0.658,"cBioPortal,COSMIC",,True,1.3,,,,neutral,neutral,neutral,DOWN,neutral,neutral,neutral,,,,96.39,H,-0.4387,0.061,-8.8947,loss_of_function,-8.04167264726959,0.988587756341645,Pathogenic,0.9994,pathogenic,https://doi.org/10.1101/2022.10.22.513328
D566G,1.42825,1.81463,1.6739324390781352,Neutral,Neutral,,,0.669,cBioPortal,,True,13.2,,,,neutral,neutral,neutral,DOWN,neutral,neutral,neutral,,,,96.88,H,-0.2631,1.0481,-22.1856,loss_of_function,-6.57154079847313,0.8575700068967327,Pathogenic,0.9796,pathogenic,https://doi.org/10.1101/2022.10.22.513328
D566H,-0.90692,-0.9034,0.0680178996373892,Neutral,Neutral,,,0.786,"cBioPortal,COSMIC",,True,13.2,,,,neutral,neutral,neutral,UP,neutral,neutral,neutral,,,,96.88,H,-0.1884,1.0481,-7.8978,loss_of_function,-3.35677010573993,0.1242007322981601,Benign,0.9904,pathogenic,https://doi.org/10.1101/2022.10.22.513328
D566N,-0.48196,0.23265,0.9253753076183954,Neutral,Neutral,,,0.606,"cBioPortal,COSMIC",,True,13.2,,,,neutral,neutral,neutral,-,uncertain,uncertain,uncertain,,,,96.88,H,-0.2187,1.0481,-22.1856,loss_of_function,-2.5851676558709,0.5819755475222886,Uncertain,0.9332,pathogenic,https://doi.org/10.1101/2022.10.22.513328
D566Y,-1.31061,-1.53061,-0.2593174866607323,Neutral,Neutral,,,0.845,"cBioPortal,COSMIC",,True,13.2,,,,neutral,neutral,neutral,UP,neutral,neutral,neutral,,,,96.88,H,-0.297,1.0481,-22.1856,loss_of_function,-3.06882819698497,0.0868052622012091,Benign,0.9723,pathogenic,https://doi.org/10.1101/2022.10.22.513328
N567D,1.67282,1.47075,1.1691930443768803,Neutral,Neutral,,,,clinvar,,True,26.9,,,,neutral,neutral,neutral,-,uncertain,uncertain,uncertain,1012305,Likely pathogenic,1,96.03,H,-0.0723,2.028,-7.8978,loss_of_function,-2.07419962675691,0.0080090384547212,Benign,0.6784,pathogenic,https://doi.org/10.1101/2022.10.22.513328
N567K,0.40462,0.29116,0.5478319338359952,Neutral,Neutral,,,0.328,"cBioPortal,COSMIC",,True,26.9,,,,neutral,neutral,neutral,UP,neutral,neutral,neutral,,,,96.03,H,-0.0534,2.028,-4.1974,loss_of_function,-3.04443229399668,0.0007019328380195,Benign,0.9286,pathogenic,https://doi.org/10.1101/2022.10.22.513328
N567S,1.11562,0.20782,1.1012876329112564,Neutral,Neutral,,,0.347,cBioPortal,,True,26.9,,,,neutral,neutral,neutral,DOWN,neutral,neutral,neutral,,,,96.03,H,-0.0126,2.028,-2.7279,loss_of_function,-1.76962810927871,9.042957749527892e-06,Benign,0.0838,benign,https://doi.org/10.1101/2022.10.22.513328
I568M,2.09878,2.57177,2.124619830572773,Uncertain,Uncertain,,,0.743,cBioPortal,,True,0.0,,,,neutral,neutral,neutral,-,uncertain,uncertain,uncertain,,,,96.97,H,-0.2977,0.2082,-22.1886,loss_of_function,-4.66090191386273,0.9289930436696524,Pathogenic,0.8259,pathogenic,https://doi.org/10.1101/2022.10.22.513328
I569T,1.95948,2.56667,2.673575026944474,Uncertain,Uncertain,,,0.741,cBioPortal,,True,2.5,,,,neutral,neutral,neutral,DOWN,neutral,neutral,neutral,,,,96.48,H,-0.2963,0.9472,-22.1886,loss_of_function,-5.65878557169412,0.1110939119436988,Benign,0.5804,pathogenic,https://doi.org/10.1101/2022.10.22.513328
D570A,-0.09595,1.1534,0.1112172674822931,Neutral,Neutral,,,0.636,cBioPortal,,False,38.6,,,,neutral,neutral,neutral,DOWN,neutral,neutral,neutral,,,,94.93,H,-0.0695,2.139,-6.0965,loss_of_function,-3.2933187949335,0.2126058188830743,Benign,0.9055,pathogenic,https://doi.org/10.1101/2022.10.22.513328
D570G,0.89736,2.2949,1.120821155863281,Uncertain,Neutral,,,0.685,"cBioPortal,COSMIC",,False,38.6,,,,neutral,neutral,neutral,DOWN,neutral,neutral,neutral,,,,94.93,H,-0.0773,2.139,-5.4444,loss_of_function,-3.40762865670214,0.1945660578964964,Benign,0.9104,pathogenic,https://doi.org/10.1101/2022.10.22.513328
D570N,-0.22418,1.51293,-0.0579322367943485,Neutral,Neutral,,,0.557,cBioPortal,,False,38.6,,,,neutral,neutral,neutral,-,uncertain,uncertain,uncertain,,,,94.93,H,-0.0306,2.139,-4.997,loss_of_function,-2.1212450095265,0.1735098022120152,Benign,0.7514,pathogenic,https://doi.org/10.1101/2022.10.22.513328
L571I,3.42095,2.09082,0.5464005594535956,Uncertain,Uncertain,,,0.600,COSMIC,,False,0.1,,,,neutral,neutral,neutral,-,uncertain,uncertain,uncertain,,,,96.18,H,-0.1612,0.6446,-7.9038,loss_of_function,-2.57796070766599,0.5738531548369132,Uncertain,0.4904,ambiguous,https://doi.org/10.1101/2022.10.22.513328
Y575H,2.20376,2.01667,0.2394554533076515,Uncertain,Uncertain,,,0.390,cBioPortal,,True,21.2,,,,uncertain,,,DOWN,neutral,neutral,neutral,,,,95.51,I,-0.1318,1.2875,-0.7849,loss_of_function,-1.6539922203113,4.779626967903748e-05,Benign,0.2684,benign,https://doi.org/10.1101/2022.10.22.513328
L577M,-0.33979,1.14728,1.0729997570082452,Neutral,Neutral,,,0.616,cBioPortal,,True,45.4,,,,neutral,neutral,neutral,-,uncertain,uncertain,uncertain,,,,94.65,H,-0.1045,1.5133,-7.9038,loss_of_function,-1.97072178646229,0.6234048740282965,Uncertain,0.3535,ambiguous,https://doi.org/10.1101/2022.10.22.513328
L579F,2.81886,2.17075,0.2362430510816593,Uncertain,Uncertain,,,0.624,"cBioPortal,COSMIC",,True,7.4,,,,neutral,neutral,neutral,UP,neutral,neutral,neutral,,,,94.97,H,-0.2603,1.0048,-22.1946,loss_of_function,-3.34953884929465,0.5636140316463167,Uncertain,0.8873,pathogenic,https://doi.org/10.1101/2022.10.22.513328
W580C,5.25934,4.70884,5.25697728413054,Destabilizing,Destabilizing,,,0.832,"cBioPortal,COSMIC",,True,0.7,,,,neutral,neutral,neutral,DOWN,neutral,neutral,neutral,,,,95.69,H,-0.503,0.0997,-22.1916,loss_of_function,-7.19872620561916,0.9864449487108788,Pathogenic,0.9998,pathogenic,https://doi.org/10.1101/2022.10.22.513328
E582K,0.221,-0.02687,0.096052714865602,Neutral,Neutral,,,0.598,"cBioPortal,clinvar",,True,53.7,,,,neutral,neutral,neutral,UP,neutral,neutral,stabilizing,424041,Likely pathogenic,1,91.36,T,-0.1513,1.2516,-7.3128,loss_of_function,-4.6990778494553,0.2190831169801075,Benign,0.9095,pathogenic,https://doi.org/10.1101/2022.10.22.513328
I585F,2.406,4.89116,1.1119201741568296,Uncertain,Uncertain,,,0.924,cBioPortal,,True,0.0,,,,neutral,neutral,neutral,UP,neutral,neutral,neutral,,,,95.71,-,-0.3534,0.3642,-22.1673,loss_of_function,-6.42292996065615,0.9672803745956196,Pathogenic,0.9856,pathogenic,https://doi.org/10.1101/2022.10.22.513328
I585T,3.79084,3.35034,3.294554167398879,Destabilizing,Destabilizing,,1.19294729559e-05,0.931,"cBioPortal,clinvar",,True,0.0,,,,neutral,neutral,neutral,DOWN,neutral,neutral,neutral,2049021,Uncertain significance,1,95.71,-,-0.3498,0.3642,-22.1673,loss_of_function,-7.29973584399818,0.9807810020567848,Pathogenic,0.9937,pathogenic,https://doi.org/10.1101/2022.10.22.513328
M586T,2.9526,1.59252,0.9868693018257708,Uncertain,Uncertain,,,,clinvar,,True,27.7,,,,neutral,neutral,neutral,DOWN,neutral,neutral,neutral,1021039,Uncertain significance,2,94.87,-,-0.2773,1.0342,-22.1673,loss_of_function,-1.61087765812677,0.8470246944635511,Pathogenic,0.6124,pathogenic,https://doi.org/10.1101/2022.10.22.513328
M586V,2.19245,-0.1619,0.1595249476453203,Uncertain,Uncertain,,,0.630,"cBioPortal,COSMIC",,True,27.7,,,,neutral,neutral,neutral,DOWN,neutral,neutral,neutral,,,,94.87,-,-0.162,1.0342,-3.8352,loss_of_function,-1.65761297535269,0.0723751010320917,Benign,0.1521,benign,https://doi.org/10.1101/2022.10.22.513328
I589M,1.0036,1.11395,1.1100066107895312,Neutral,Neutral,,,0.748,"cBioPortal,COSMIC",,False,3.9,,,,neutral,neutral,neutral,-,uncertain,uncertain,uncertain,,,,94.62,-,-0.1366,1.2207,-8.8764,loss_of_function,-2.45687190656407,0.3465256391790773,Uncertain,0.6259,pathogenic,https://doi.org/10.1101/2022.10.22.513328
S590N,0.4286,0.40714,0.2939965549603057,Neutral,Neutral,,,0.532,COSMIC,,False,33.6,,,,uncertain,,,UP,neutral,neutral,neutral,,,,92.02,-,-0.164,0.5559,-5.0692,loss_of_function,-2.4909499983855,0.0893153605877621,Benign,0.6259,pathogenic,https://doi.org/10.1101/2022.10.22.513328
S590R,2.27446,0.0898,0.0606393464481874,Uncertain,Uncertain,,,0.668,cBioPortal,,False,33.6,,,,uncertain,,,UP,neutral,neutral,neutral,,,,92.02,-,-0.255,0.5559,-8.8764,loss_of_function,-4.15785708987482,0.6539372344984237,Uncertain,0.9914,pathogenic,https://doi.org/10.1101/2022.10.22.513328
K591M,-0.33181,-0.29218,-0.0713448958566276,Neutral,Neutral,,,,clinvar,,False,81.8,,,,neutral,neutral,neutral,DOWN,neutral,neutral,neutral,36788,Conflicting interpretations of pathogenicity,1,90.81,H,-0.2047,0.6488,-8.8764,loss_of_function,-7.19494271738617,0.9782422992858236,Pathogenic,0.998,pathogenic,https://doi.org/10.1101/2022.10.22.513328
K591N,-0.47986,0.18265,-0.0382062549079725,Neutral,Neutral,,,0.757,"cBioPortal,COSMIC,clinvar",,False,81.8,,,,neutral,neutral,neutral,DOWN,neutral,neutral,neutral,2029672,Uncertain significance,1,90.81,H,-0.2807,0.6488,-22.1642,loss_of_function,-6.77175938662843,0.9764321919139058,Pathogenic,0.9993,pathogenic,https://doi.org/10.1101/2022.10.22.513328
E592D,0.21381,-0.2398,0.3119042412947603,Neutral,Neutral,,,0.344,cBioPortal,,False,99.1,,,,neutral,neutral,neutral,DOWN,neutral,neutral,neutral,,,,91.16,H,-0.0266,1.835,-4.4171,loss_of_function,-0.0177441347322926,0.0114088864177574,Benign,0.1371,benign,https://doi.org/10.1101/2022.10.22.513328
R593W,-1.17735,-0.16259,-0.3524411808721261,Neutral,Neutral,,,0.659,"cBioPortal,COSMIC",,False,72.5,,,,neutral,neutral,neutral,UP,neutral,neutral,neutral,,,,91.8,H,-0.2462,1.967,-22.1581,loss_of_function,-4.10792754684024,0.8318719224144772,Pathogenic,0.7552,pathogenic,https://doi.org/10.1101/2022.10.22.513328
E594K,0.85787,1.21224,0.50613108411873,Neutral,Neutral,,,0.769,"cBioPortal,COSMIC,clinvar",,False,4.4,,,,neutral,neutral,neutral,UP,neutral,neutral,neutral,36789,Likely pathogenic,1,93.63,H,-0.3051,0.4038,-22.1581,loss_of_function,-5.08961886405494,0.9201504707412956,Pathogenic,0.9964,pathogenic,https://doi.org/10.1101/2022.10.22.513328
R595L,-1.01566,-0.48844,-0.2515340049252984,Neutral,Neutral,,,0.765,COSMIC,,True,70.9,,,,neutral,neutral,neutral,DOWN,neutral,neutral,neutral,,,,93.42,H,-0.2238,1.196,-6.8703,loss_of_function,-3.35887099736442,0.3847524889361632,Uncertain,0.7609,pathogenic,https://doi.org/10.1101/2022.10.22.513328
R595P,4.05666,7.23265,6.000790553515267,Destabilizing,Destabilizing,,,0.836,cBioPortal,,True,70.9,,,,neutral,neutral,neutral,DOWN,neutral,neutral,neutral,,,,93.42,H,-0.3737,1.196,-8.8702,loss_of_function,-1.85791402707939,0.8516192631290284,Pathogenic,0.9963,pathogenic,https://doi.org/10.1101/2022.10.22.513328
R595Q,0.36804,-0.15578,0.4869546320668277,Neutral,Neutral,,,,COSMIC,,True,70.9,,,,neutral,neutral,neutral,DOWN,neutral,neutral,neutral,,,,93.42,H,-0.2012,1.196,-7.8703,loss_of_function,-2.10157347344866,0.3628884215887147,Uncertain,0.3021,benign,https://doi.org/10.1101/2022.10.22.513328
A596T,0.79067,-0.40068,0.1817064764943554,Neutral,Neutral,,7.9527922254e-06,0.393,"cBioPortal,COSMIC",,True,61.7,,,,neutral,neutral,neutral,UP,neutral,neutral,neutral,,,,93.26,H,0.0018,2.4064,-4.2854,gain_of_function,-1.5964729401748,0.0236825194063461,Benign,0.0972,benign,https://doi.org/10.1101/2022.10.22.513328
I597M,0.44458,2.27517,1.088957740609185,Uncertain,Neutral,,,0.314,COSMIC,,True,18.1,,,,neutral,neutral,neutral,-,uncertain,uncertain,uncertain,,,,93.03,H,-0.1408,0.9826,-5.4078,loss_of_function,-1.82455087014249,0.0002848690980919,Benign,0.1334,benign,https://doi.org/10.1101/2022.10.22.513328
T600S,-0.46439,0.23469,0.0887636059657026,Neutral,Neutral,,,,clinvar,,True,82.7,,,,neutral,,,DOWN,neutral,neutral,neutral,2119986,Likely benign,1,90.76,T,0.0293,2.5471,-6.2885,gain_of_function,-2.06889814488186,0.0317776686938813,Benign,0.0625,benign,https://doi.org/10.1101/2022.10.22.513328
K601T,0.72899,0.95748,0.311411661647773,Neutral,Neutral,,,,clinvar,,True,22.8,,,,neutral,neutral,neutral,DOWN,neutral,neutral,neutral,871074,Uncertain significance,1,92.42,S,-0.1366,1.2915,-4.786,loss_of_function,-2.79221549683709,0.2311669915104145,Benign,0.8232,pathogenic,https://doi.org/10.1101/2022.10.22.513328
R609S,2.87951,2.17925,1.5054897223244834,Uncertain,Uncertain,,,,clinvar,,True,13.4,,,,neutral,neutral,neutral,DOWN,neutral,neutral,neutral,1057969,Uncertain significance,1,96.48,E,-0.3325,0.1053,-8.8794,loss_of_function,-7.7344137047529,0.987824998277938,Pathogenic,0.9998,pathogenic,https://doi.org/10.1101/2022.10.22.513328
R609T,2.32878,1.73401,1.2078586733226069,Uncertain,Uncertain,,,0.866,"cBioPortal,COSMIC",,True,13.4,,,,neutral,neutral,neutral,DOWN,neutral,neutral,neutral,,,,96.48,E,-0.3318,0.1053,-7.8795,loss_of_function,-7.7344137047529,0.9895228750988988,Pathogenic,0.9998,pathogenic,https://doi.org/10.1101/2022.10.22.513328
F610L,2.10274,2.28571,1.8306173029989008,Uncertain,Uncertain,,,"0.855, 0.865",cBioPortal,,False,0.3,,,,neutral,neutral,neutral,DOWN,neutral,neutral,neutral,,,,97.07,E,-0.2795,0.0836,-8.8764,loss_of_function,-2.74166107724195,0.9869746637823448,Pathogenic,0.9998,pathogenic,https://doi.org/10.1101/2022.10.22.513328
S611G,1.78904,1.94218,0.7217977821118698,Neutral,Neutral,,,,clinvar,,False,2.3,,,,uncertain,,,DOWN,neutral,neutral,neutral,661648,Uncertain significance,1,93.77,-,-0.2811,0.088,-22.1612,loss_of_function,-7.82841728891599,0.9776309510089104,Pathogenic,0.9913,pathogenic,https://doi.org/10.1101/2022.10.22.513328
S611I,1.61423,1.91769,-0.0347909878396407,Neutral,Neutral,,,0.783,"cBioPortal,COSMIC",,False,2.3,,,,uncertain,,,UP,neutral,neutral,neutral,,,,93.77,-,-0.3532,0.088,-22.1612,loss_of_function,-3.04384634409719,0.986610253321041,Pathogenic,0.9995,pathogenic,https://doi.org/10.1101/2022.10.22.513328
S611N,0.84392,0.60272,-0.0154734550909685,Neutral,Neutral,,,0.690,cBioPortal,,False,2.3,,,,uncertain,,,UP,neutral,neutral,neutral,,,,93.77,-,-0.2943,0.088,-22.1612,loss_of_function,-7.82841728891599,0.9884601600732263,Pathogenic,0.9995,pathogenic,https://doi.org/10.1101/2022.10.22.513328
E612A,0.86091,1.5602,0.8948321416171142,Neutral,Neutral,,,0.930,cBioPortal,,False,42.5,,,,neutral,neutral,neutral,DOWN,neutral,neutral,neutral,,,,90.07,S,-0.3122,0.0877,-22.1673,loss_of_function,-7.42414938370806,0.965100027530263,Pathogenic,0.9945,pathogenic,https://doi.org/10.1101/2022.10.22.513328
S614G,0.56802,1.44422,0.7364232129614662,Neutral,Neutral,,,,clinvar,,False,27.9,,,,uncertain,,,DOWN,neutral,neutral,neutral,265440,Pathogenic,1,88.16,-,-0.0749,2.3294,-22.1673,loss_of_function,-5.61862635396177,0.8078931275014082,Pathogenic,0.3192,benign,https://doi.org/10.1101/2022.10.22.513328
S614N,-0.97489,-0.37143,-0.0286808026859514,Neutral,Neutral,,,0.610,cBioPortal,,False,27.9,,,,uncertain,,,UP,neutral,neutral,neutral,,,,88.16,-,0.0048,2.3294,-3.9727,gain_of_function,-0.299604402044222,0.0131084093600606,Benign,0.2227,benign,https://doi.org/10.1101/2022.10.22.513328
S614R,-1.19648,0.10034,-0.17157491950189,Neutral,Neutral,,,"0.740, 0.830","cBioPortal,COSMIC,clinvar",,False,27.9,,,,uncertain,,,UP,neutral,neutral,neutral,1192237,Uncertain significance,1,88.16,-,-0.0918,2.3294,-8.8794,loss_of_function,-3.76325110181559,0.5816954890420037,Uncertain,0.9771,pathogenic,https://doi.org/10.1101/2022.10.22.513328
K615E,0.77696,0.38197,0.0996247236123676,Neutral,Neutral,,,,clinvar,,False,64.7,,,,neutral,neutral,neutral,DOWN,neutral,neutral,neutral,636585,Likely pathogenic,1,89.23,T,-0.1479,2.1597,-22.0951,loss_of_function,-5.11974066233746,,,0.9369,pathogenic,https://doi.org/10.1101/2022.10.22.513328
K615N,1.78286,0.77007,0.4218597882547342,Neutral,Neutral,,,0.426,COSMIC,,False,64.7,,,,neutral,neutral,neutral,DOWN,neutral,neutral,neutral,,,,89.23,T,-0.1413,2.1597,-22.0951,loss_of_function,-4.03259839875315,,,0.9866,pathogenic,https://doi.org/10.1101/2022.10.22.513328
K615R,0.5722,-0.1415,0.0053911117335558,Neutral,Neutral,,,0.245,COSMIC,,False,64.7,,,,neutral,neutral,neutral,-,uncertain,uncertain,uncertain,,,,89.23,T,0.0482,2.1597,-1.55,gain_of_function,-0.18411265251441,,,0.0749,benign,https://doi.org/10.1101/2022.10.22.513328
E616G,1.12468,2.25884,0.6106005662093746,Uncertain,Neutral,,,0.756,"cBioPortal,COSMIC,clinvar",,False,65.8,,,,neutral,neutral,neutral,DOWN,neutral,neutral,neutral,1328394,Uncertain significance,0,88.29,T,-0.1755,1.0898,-8.405,loss_of_function,-5.68879135861711,0.6337816891663235,Uncertain,0.857,pathogenic,https://doi.org/10.1101/2022.10.22.513328
E616K,0.65156,1.78912,-0.0314549912108264,Neutral,Neutral,,,0.578,"cBioPortal,COSMIC",,False,65.8,,,,neutral,neutral,neutral,UP,neutral,neutral,neutral,,,,88.29,T,-0.1718,1.0898,-8.405,loss_of_function,-1.89549092547249,0.4390714127603575,Uncertain,0.9686,pathogenic,https://doi.org/10.1101/2022.10.22.513328
E616Q,0.04508,-0.11701,0.2144674574808336,Neutral,Neutral,,,0.657,"cBioPortal,COSMIC,clinvar",,False,65.8,,,,neutral,neutral,neutral,UP,neutral,neutral,neutral,421084,Likely pathogenic,1,88.29,T,-0.1901,1.0898,-21.6929,loss_of_function,-3.08279194163516,0.5972252578034162,Uncertain,0.8913,pathogenic,https://doi.org/10.1101/2022.10.22.513328
E616V,1.1986,1.23844,-0.0439686183801518,Neutral,Neutral,,,,COSMIC,,False,65.8,,,,neutral,neutral,neutral,-,uncertain,uncertain,uncertain,,,,88.29,T,-0.2308,1.0898,-21.6929,loss_of_function,-2.08637954950819,0.5792647616513612,Uncertain,0.9134,pathogenic,https://doi.org/10.1101/2022.10.22.513328
G617R,24.59954,10.44694,,Destabilizing,,,,0.929,"COSMIC,clinvar",,False,0.0,,,,neutral,neutral,neutral,UP,neutral,neutral,neutral,1677174,Uncertain significance,2,89.25,-,-0.4578,0.022,-22.1704,loss_of_function,-7.6355822452077,0.9901541222000318,Pathogenic,0.9997,pathogenic,https://doi.org/10.1101/2022.10.22.513328
G618D,7.30625,8.61259,,Destabilizing,,,,0.891,"cBioPortal,clinvar",,False,0.0,,,,neutral,neutral,neutral,UP,neutral,neutral,neutral,430904,Pathogenic,0,93.71,-,-0.3559,0.9531,-22.1673,loss_of_function,-7.30368396344352,0.9382883585997848,Pathogenic,0.9994,pathogenic,https://doi.org/10.1101/2022.10.22.513328
G618R,2.46848,10.23197,,Uncertain,,,,0.903,"cBioPortal,COSMIC,clinvar",,False,0.0,,,,neutral,neutral,neutral,UP,neutral,neutral,neutral,1192236,Uncertain significance,2,93.71,-,-0.3721,0.9531,-22.1673,loss_of_function,-7.30368396344352,0.9100852534372124,Pathogenic,0.9982,pathogenic,https://doi.org/10.1101/2022.10.22.513328
V619L,0.42511,0.39728,,Neutral,,,,0.359,"cBioPortal,COSMIC",,False,0.0,,,,neutral,neutral,neutral,UP,neutral,neutral,neutral,,,,96.07,E,-0.2949,0.6116,-22.1673,loss_of_function,-3.68416429169133,0.2519735717229704,Benign,0.4138,ambiguous,https://doi.org/10.1101/2022.10.22.513328
T620A,1.15201,0.91905,,Neutral,,,,,clinvar,,True,1.2,,,,uncertain,,,DOWN,neutral,neutral,neutral,1804643,Pathogenic,0,95.43,E,-0.3164,0.0658,-22.1673,loss_of_function,-4.62968815530224,0.9698877692910528,Pathogenic,0.9926,pathogenic,https://doi.org/10.1101/2022.10.22.513328
T620I,2.4331,2.14558,,Uncertain,,,,,clinvar,,True,1.2,,,,uncertain,,,UP,neutral,neutral,neutral,568201,Conflicting interpretations of pathogenicity,1,95.43,E,-0.2745,0.0658,-8.8794,loss_of_function,-4.98773408796369,0.7034813077869496,Pathogenic,0.9988,pathogenic,https://doi.org/10.1101/2022.10.22.513328
T620S,1.29805,1.21871,,Neutral,,,,,clinvar,,True,1.2,,,,neutral,,,DOWN,neutral,neutral,neutral,1068485,Pathogenic,1,95.43,E,-0.2801,0.0658,-22.1673,loss_of_function,-0.225622436935107,0.5882721473759291,Uncertain,0.9671,pathogenic,https://doi.org/10.1101/2022.10.22.513328
F621L,1.18412,1.76463,,Neutral,,,,0.542,"cBioPortal,COSMIC,clinvar",,True,0.0,,,,neutral,neutral,neutral,DOWN,neutral,neutral,neutral,"496545, 432937","Uncertain significance, Likely pathogenic","1, 1",95.12,E,-0.2183,0.693,-7.8826,loss_of_function,-2.32222182780063,0.9110084566153698,Pathogenic,0.9991,pathogenic,https://doi.org/10.1101/2022.10.22.513328
F621V,3.35441,2.01905,,Uncertain,,,,,clinvar,,True,0.0,,,,neutral,neutral,neutral,DOWN,neutral,neutral,neutral,2138017,Likely pathogenic,1,95.12,E,-0.2556,0.693,-8.8825,loss_of_function,-0.524593536381205,0.7197747425983068,Pathogenic,0.9302,pathogenic,https://doi.org/10.1101/2022.10.22.513328
T622A,2.49743,0.36259,,Uncertain,,,,0.844,cBioPortal,,True,0.6,,,,uncertain,,,DOWN,neutral,neutral,neutral,,,,94.9,E,-0.2381,0.9165,-22.1704,loss_of_function,-3.59927606356334,0.4246525010126024,Uncertain,0.9654,pathogenic,https://doi.org/10.1101/2022.10.22.513328
T622I,2.01442,0.68878,,Uncertain,,,,,clinvar,,True,0.6,,,,uncertain,,,UP,neutral,neutral,neutral,2138016,Pathogenic,1,94.9,E,-0.264,0.9165,-22.1704,loss_of_function,-6.77051365802116,0.9330950851473252,Pathogenic,0.9994,pathogenic,https://doi.org/10.1101/2022.10.22.513328
W623L,3.05936,3.83129,,Destabilizing,,,,,clinvar,,True,2.9,,,,neutral,neutral,neutral,DOWN,neutral,neutral,neutral,191078,Likely pathogenic,0,94.87,E,-0.518,0.0616,-22.1673,loss_of_function,-6.07844267391768,0.9521131244621392,Pathogenic,0.9973,pathogenic,https://doi.org/10.1101/2022.10.22.513328
V624M,-0.03958,3.15102,,Uncertain,,,,0.832,cBioPortal,,True,1.6,,,,neutral,neutral,neutral,UP,neutral,neutral,neutral,,,,93.57,E,-0.2447,0.5193,-8.8764,loss_of_function,-1.82228748105402,0.9351559987666092,Pathogenic,0.9688,pathogenic,https://doi.org/10.1101/2022.10.22.513328
K626N,2.91211,1.44694,,Uncertain,,,,0.381,COSMIC,,True,57.1,,,,neutral,neutral,neutral,DOWN,neutral,neutral,neutral,,,,83.83,E,0.0145,2.9753,-6.2792,gain_of_function,-1.36107594562391,0.0051307217648461,Benign,0.8502,pathogenic,https://doi.org/10.1101/2022.10.22.513328
I628F,-0.41541,-0.21905,,Neutral,,,,0.699,cBioPortal,,True,115.3,,,,neutral,neutral,neutral,UP,neutral,neutral,neutral,,,,78.42,T,-0.0876,3.2475,-22.0658,loss_of_function,-3.37838197841234,0.0443857446590776,Benign,0.345,ambiguous,https://doi.org/10.1101/2022.10.22.513328
S629C,0.65796,1.26156,,Neutral,,,,0.709,cBioPortal,,False,76.3,,,,uncertain,,,UP,neutral,neutral,neutral,,,,79.26,T,-0.0019,2.7796,-7.8703,loss_of_function,-1.47467699288842,0.2639745609161097,Benign,0.1111,benign,https://doi.org/10.1101/2022.10.22.513328
S629N,0.18013,0.00918,,Neutral,,,,0.403,cBioPortal,,False,76.3,,,,uncertain,,,UP,neutral,neutral,neutral,,,,79.26,T,0.0578,2.7796,-1.7004,gain_of_function,-0.0205418918098924,5.64527732996588e-05,Benign,0.0981,benign,https://doi.org/10.1101/2022.10.22.513328
G630S,2.99545,1.02993,,Uncertain,,,,0.770,"cBioPortal,COSMIC",,False,78.6,,,,neutral,neutral,neutral,UP,neutral,neutral,neutral,,,,78.78,S,-0.2039,1.2207,-7.8703,loss_of_function,-2.1799905185683,0.630066412006111,Uncertain,0.7184,pathogenic,https://doi.org/10.1101/2022.10.22.513328
T632I,-0.07694,-0.07143,,Neutral,,,,0.609,"cBioPortal,COSMIC",P,False,28.9,1.957,,,damaging,neutral,uncertain,UP,neutral,neutral,neutral,,,,86.6,E,-0.068,2.1978,-6.858,loss_of_function,-1.80789046626606,0.0140775042184086,Benign,0.2122,benign,https://doi.org/10.1101/2022.10.22.513328
Q635H,0.39134,-0.32313,,Neutral,,,,,clinvar,,False,48.4,,,,neutral,neutral,neutral,UP,neutral,neutral,neutral,654079,Uncertain significance,1,90.35,E,0.0328,2.4734,-1.4296,gain_of_function,-1.42093726914859,1.1961394513314616e-05,Benign,0.5149,ambiguous,https://doi.org/10.1101/2022.10.22.513328
S636F,-0.11577,-0.58571,,Neutral,,,,0.863,"cBioPortal,COSMIC",P,False,33.4,1.296,,,damaging,neutral,uncertain,UP,neutral,neutral,neutral,,,,91.31,E,-0.2559,1.1111,-22.155,loss_of_function,-4.01720958437961,0.8093312576292743,Pathogenic,0.9892,pathogenic,https://doi.org/10.1101/2022.10.22.513328
S636P,1.03232,0.48639,,Neutral,,,,,clinvar,P,False,33.4,1.296,,,damaging,neutral,uncertain,UP,neutral,neutral,neutral,582348,Uncertain significance,1,91.31,E,-0.3313,1.1111,-22.155,loss_of_function,-5.9966967566694,0.9446836352328306,Pathogenic,0.9978,pathogenic,https://doi.org/10.1101/2022.10.22.513328
S636Y,-0.03642,-0.63878,,Neutral,,,,,clinvar,P,False,33.4,1.296,,,uncertain,neutral,uncertain,UP,neutral,neutral,neutral,2138015,Pathogenic,1,91.31,E,-0.2607,1.1111,-22.155,loss_of_function,-4.40119047479829,0.8541899337090044,Pathogenic,0.9796,pathogenic,https://doi.org/10.1101/2022.10.22.513328
V637A,1.37061,1.71361,,Neutral,,,,,clinvar,,False,16.1,,,,neutral,neutral,neutral,DOWN,neutral,neutral,neutral,1705748,Pathogenic,0,91.33,-,-0.3399,0.1153,-22.155,loss_of_function,-5.98121524221237,0.9178458352339456,Pathogenic,0.9944,pathogenic,https://doi.org/10.1101/2022.10.22.513328
V637L,0.3311,1.4915,,Neutral,,,,,clinvar,,False,16.1,,,,neutral,neutral,neutral,UP,neutral,neutral,neutral,2138014,Likely pathogenic,1,91.33,-,-0.2727,0.1153,-8.8671,loss_of_function,-2.74133687512803,0.7559239249574606,Pathogenic,0.9912,pathogenic,https://doi.org/10.1101/2022.10.22.513328
V637M,0.05924,2.14796,,Uncertain,,,,0.798,"cBioPortal,COSMIC,clinvar",,False,16.1,,,,neutral,neutral,neutral,UP,neutral,neutral,neutral,18308,Pathogenic,2,91.33,-,-0.3496,0.1153,-22.155,loss_of_function,-4.3635776374052,0.9774983284941738,Pathogenic,0.9914,pathogenic,https://doi.org/10.1101/2022.10.22.513328
E638G,0.71061,1.08333,,Neutral,,,,0.972,cBioPortal,,False,99.8,,,,neutral,neutral,neutral,DOWN,neutral,neutral,destabilizing,,,,88.72,-,-0.2283,1.2792,-22.155,loss_of_function,-5.79497088282431,0.8565390607536169,Pathogenic,0.9645,pathogenic,https://doi.org/10.1101/2022.10.22.513328
E638K,-0.00924,0.08741,,Neutral,,,3.9763961127e-06,0.783,"cBioPortal,COSMIC",,False,99.8,,,,neutral,neutral,neutral,UP,neutral,neutral,neutral,,,,88.72,-,-0.1343,1.2792,-4.475,loss_of_function,-2.52432935108494,0.0411168180345961,Benign,0.9733,pathogenic,https://doi.org/10.1101/2022.10.22.513328
E638Q,-0.14323,0.17891,,Neutral,,,,,COSMIC,,False,99.8,,,,neutral,neutral,neutral,UP,neutral,neutral,neutral,,,,88.72,-,-0.0739,1.2792,-2.3437,loss_of_function,-2.01220708019402,0.0369923798693202,Benign,0.8238,pathogenic,https://doi.org/10.1101/2022.10.22.513328
E638V,0.18606,0.11565,,Neutral,,,,0.971,cBioPortal,,False,99.8,,,,neutral,neutral,neutral,-,uncertain,uncertain,uncertain,,,,88.72,-,-0.1336,1.2792,-6.0599,loss_of_function,-2.22282818290337,0.2053607244193518,Benign,0.9504,pathogenic,https://doi.org/10.1101/2022.10.22.513328
P639A,1.1802,0.85272,,Neutral,,,,,clinvar,,False,24.2,,,,neutral,neutral,neutral,DOWN,neutral,neutral,neutral,1429145,Pathogenic,1,92.48,-,-0.3252,0.0222,-22.155,loss_of_function,-7.46317549789159,0.9871597500702578,Pathogenic,0.9918,pathogenic,https://doi.org/10.1101/2022.10.22.513328
P639L,3.13158,3.82483,,Destabilizing,,,,0.951,"cBioPortal,COSMIC",,False,24.2,,,,neutral,neutral,neutral,UP,neutral,neutral,neutral,,,,92.48,-,-0.3739,0.0222,-22.155,loss_of_function,-7.70619289939591,0.9875611907573352,Pathogenic,0.9989,pathogenic,https://doi.org/10.1101/2022.10.22.513328
P639T,2.60265,1.74354,,Uncertain,,,,,clinvar,,False,24.2,,,,neutral,neutral,neutral,-,uncertain,uncertain,uncertain,2138013,Pathogenic,1,92.48,-,-0.3371,0.0222,-22.155,loss_of_function,-7.46317549789159,0.9576867347287714,Pathogenic,0.999,pathogenic,https://doi.org/10.1101/2022.10.22.513328
Y640F,-0.75764,-0.03435,,Neutral,,,3.9765542362e-06,0.644,"cBioPortal,COSMIC,clinvar",P,True,10.2,2.27,,,uncertain,uncertain,uncertain,-,uncertain,uncertain,uncertain,"996300, 372521","Uncertain significance, Conflicting interpretations of pathogenicity","1, 1",93.43,B,-0.1249,0.6989,-2.5635,loss_of_function,-2.26244467240316,0.0664349714509119,Benign,0.3677,ambiguous,https://doi.org/10.1101/2022.10.22.513328
T641I,-0.07209,1.11769,,Neutral,,,,0.960,"cBioPortal,COSMIC",P,True,22.8,1.007,,,damaging,neutral,potentially_damaging,UP,neutral,neutral,neutral,,,,93.65,-,-0.2271,0.5243,-7.8734,loss_of_function,-4.32647012057566,0.5032141933891701,Uncertain,0.9382,pathogenic,https://doi.org/10.1101/2022.10.22.513328
T641R,-1.46917,0.55306,,Neutral,,,,0.964,COSMIC,P,True,22.8,1.007,,,damaging,neutral,potentially_damaging,UP,neutral,neutral,neutral,,,,93.65,-,-0.2872,0.5243,-7.8734,loss_of_function,-4.34224312688452,0.553510042396714,Uncertain,0.8827,pathogenic,https://doi.org/10.1101/2022.10.22.513328
K642E,1.66058,1.35646,,Neutral,,,,0.863,"cBioPortal,COSMIC,clinvar",,True,22.4,,,,neutral,neutral,neutral,DOWN,neutral,neutral,neutral,1067430,Likely pathogenic,1,92.82,H,-0.2923,0.594,-22.1612,loss_of_function,-4.9894989513695,0.8842813383626589,Pathogenic,0.9875,pathogenic,https://doi.org/10.1101/2022.10.22.513328
K642T,1.78366,0.68503,,Neutral,,,,0.797,cBioPortal,,True,22.4,,,,neutral,neutral,neutral,DOWN,neutral,neutral,neutral,,,,92.82,H,-0.2216,0.594,-8.8733,loss_of_function,-2.39640342512757,0.8584441549361523,Pathogenic,0.9758,pathogenic,https://doi.org/10.1101/2022.10.22.513328
Q643K,0.24252,-0.08605,,Neutral,,,,0.487,"cBioPortal,COSMIC",,True,83.3,,,,neutral,neutral,neutral,UP,neutral,neutral,stabilizing,,,,90.24,H,0.051,3.0431,-1.8511,gain_of_function,-1.20965985831675,8.087889092407893e-05,Benign,0.4658,ambiguous,https://doi.org/10.1101/2022.10.22.513328
Q643R,0.0596,0.19762,,Neutral,,,,0.508,cBioPortal,,True,83.3,,,,neutral,neutral,neutral,UP,neutral,neutral,stabilizing,,,,90.24,H,0.0268,3.0431,-6.8734,gain_of_function,-1.22746787074725,0.0016471995782431,Benign,0.5586,ambiguous,https://doi.org/10.1101/2022.10.22.513328
Q644R,0.75426,0.86395,,Neutral,,,,0.666,cBioPortal,,False,56.0,,,,neutral,neutral,neutral,UP,neutral,neutral,stabilizing,,,,89.99,H,-0.0158,2.3509,-2.7442,loss_of_function,-2.76237941449703,0.0035369335443534,Benign,0.9032,pathogenic,https://doi.org/10.1101/2022.10.22.513328
L645Q,3.12361,2.51565,,Uncertain,,,,,clinvar,,False,0.4,,,,neutral,neutral,neutral,DOWN,neutral,neutral,neutral,2169593,Pathogenic,1,92.4,H,-0.4358,0.0441,-22.1612,loss_of_function,-7.14959185059487,0.9831647302929796,Pathogenic,0.9986,pathogenic,https://doi.org/10.1101/2022.10.22.513328
N646K,0.1144,0.65986,,Neutral,,,,0.796,"cBioPortal,clinvar",,False,69.3,,,,neutral,neutral,neutral,UP,neutral,neutral,mixed_effects,144031,Pathogenic,0,90.15,T,0.0152,2.7856,-4.414,gain_of_function,-2.22455027534842,0.0037309392621314,Benign,0.7555,pathogenic,https://doi.org/10.1101/2022.10.22.513328
N647I,-0.05932,-0.82687,,Neutral,,,0.0,0.359,"cBioPortal,COSMIC,clinvar",,False,96.1,,,,neutral,neutral,neutral,UP,neutral,neutral,mixed_effects,"2429308, 932423","Uncertain significance, Conflicting interpretations of pathogenicity","1, 1",88.23,T,-0.107,2.2168,-8.8733,loss_of_function,-2.39734046111147,0.0066390164256727,Benign,0.4703,ambiguous,https://doi.org/10.1101/2022.10.22.513328
N647K,-0.60682,-0.2585,,Neutral,,,,0.321,cBioPortal,,False,96.1,,,,neutral,neutral,neutral,UP,neutral,neutral,mixed_effects,,,,88.23,T,-0.0599,2.2168,-8.8733,loss_of_function,-3.30376453159489,0.028243562481621,Benign,0.8269,pathogenic,https://doi.org/10.1101/2022.10.22.513328
N647S,-0.26941,0.51667,,Neutral,,,3.9763012446e-06,0.266,cBioPortal,,False,96.1,,,,neutral,neutral,neutral,DOWN,neutral,neutral,neutral,,,,88.23,T,0.0055,2.2168,-2.5697,gain_of_function,0.31358319683039,0.001233958118796,Benign,0.0432,benign,https://doi.org/10.1101/2022.10.22.513328
N647Y,-0.46131,-0.20578,,Neutral,,,,0.570,"cBioPortal,COSMIC",,False,96.1,,,,neutral,neutral,neutral,UP,neutral,neutral,mixed_effects,,,,88.23,T,-0.1652,2.2168,-22.1612,loss_of_function,-3.81743750734978,0.2636734655978348,Benign,0.3588,ambiguous,https://doi.org/10.1101/2022.10.22.513328
M648K,1.6839,1.91803,,Neutral,,,,,clinvar,,False,21.6,,,,neutral,neutral,neutral,UP,neutral,neutral,stabilizing,424347,Likely pathogenic,1,88.15,S,-0.2762,2.0399,-22.1612,loss_of_function,-3.27815424318186,0.0239336411900365,Benign,0.7092,pathogenic,https://doi.org/10.1101/2022.10.22.513328
M648T,1.35569,1.49456,,Neutral,,,,,clinvar,,False,21.6,,,,neutral,neutral,neutral,DOWN,neutral,neutral,neutral,1714838,Uncertain significance,1,88.15,S,-0.1847,2.0399,-22.1612,loss_of_function,-4.13278043468664,0.0192050975681319,Benign,0.6914,pathogenic,https://doi.org/10.1101/2022.10.22.513328
S649L,0.81694,-0.15986,,Neutral,,,,0.926,"cBioPortal,COSMIC",,True,51.5,,,,uncertain,,,UP,neutral,neutral,stabilizing,,,,92.35,-,-0.2047,1.6613,-22.1612,loss_of_function,-6.33035706582879,0.911385264150088,Pathogenic,0.7236,pathogenic,https://doi.org/10.1101/2022.10.22.513328
S649P,0.95468,0.86224,,Neutral,,,,0.786,"cBioPortal,clinvar",,True,51.5,,,,uncertain,,,UP,neutral,neutral,stabilizing,2071724,Uncertain significance,1,92.35,-,-0.1746,1.6613,-1.3736,loss_of_function,-2.11801532409585,0.0077849572464079,Benign,0.3121,benign,https://doi.org/10.1101/2022.10.22.513328
E652G,3.10293,3.23571,,Destabilizing,,,,,clinvar,,True,38.8,,,,neutral,neutral,neutral,DOWN,neutral,neutral,neutral,1721843,Uncertain significance,1,91.61,H,-0.2331,1.2268,-22.1612,loss_of_function,-6.88778213523218,0.6938505858213154,Pathogenic,0.8067,pathogenic,https://doi.org/10.1101/2022.10.22.513328
E652K,1.92974,3.13061,,Uncertain,,,,0.696,COSMIC,,True,38.8,,,,neutral,neutral,neutral,UP,neutral,neutral,stabilizing,,,,91.61,H,-0.1535,1.2268,-7.2884,loss_of_function,-3.41171025925323,0.4237348403196567,Uncertain,0.898,pathogenic,https://doi.org/10.1101/2022.10.22.513328
I653F,1.12506,2.2,,Uncertain,,,,0.919,"cBioPortal,COSMIC",,True,1.8,,,,neutral,neutral,neutral,UP,neutral,neutral,neutral,,,,92.48,H,-0.3681,0.2043,-22.1612,loss_of_function,-6.40365008148537,0.657147507815464,Uncertain,0.9824,pathogenic,https://doi.org/10.1101/2022.10.22.513328
I653V,1.13754,0.97211,,Neutral,,,,0.711,"cBioPortal,COSMIC",,True,1.8,,,,neutral,neutral,neutral,DOWN,neutral,neutral,neutral,,,,92.48,H,-0.167,0.2043,-5.414,loss_of_function,-2.41298324517104,0.1492711574797319,Benign,0.5076,ambiguous,https://doi.org/10.1101/2022.10.22.513328
I654T,2.86797,2.64354,,Uncertain,,,,0.952,"cBioPortal,COSMIC",,True,0.0,,,,neutral,neutral,neutral,DOWN,neutral,neutral,neutral,,,,93.63,H,-0.2567,0.6385,-8.8733,loss_of_function,-5.42381131259189,0.9701174723106472,Pathogenic,0.9916,pathogenic,https://doi.org/10.1101/2022.10.22.513328
M655I,0.47392,0.39966,,Neutral,,,,0.798,COSMIC,,True,25.4,,,,neutral,neutral,neutral,-,uncertain,uncertain,uncertain,,,,91.92,H,-0.1204,1.3619,-7.8734,loss_of_function,-0.348892180155146,0.0106571096823049,Benign,0.5248,ambiguous,https://doi.org/10.1101/2022.10.22.513328
M655K,1.44169,1.22993,,Neutral,,,,0.704,COSMIC,,True,25.4,,,,neutral,neutral,neutral,UP,neutral,neutral,stabilizing,,,,91.92,H,-0.2656,1.3619,-7.8734,loss_of_function,-1.89059965780875,0.0002167453452582,Benign,0.4957,ambiguous,https://doi.org/10.1101/2022.10.22.513328
M655L,0.3528,0.35476,,Neutral,,,,,clinvar,,True,25.4,,,,neutral,neutral,neutral,-,uncertain,uncertain,uncertain,889639,Uncertain significance,1,91.92,H,-0.1603,1.3619,-22.1612,loss_of_function,-2.94703242167437,0.0077583644476626,Benign,0.1873,benign,https://doi.org/10.1101/2022.10.22.513328
G656C,-0.70249,-0.6619,,Neutral,,,,0.753,cBioPortal,,True,72.5,,,,neutral,neutral,neutral,UP,neutral,neutral,stabilizing,,,,88.99,H,-0.2395,2.2113,-22.1612,loss_of_function,-4.48483114846367,0.0691256095263368,Benign,0.5849,pathogenic,https://doi.org/10.1101/2022.10.22.513328
G656D,1.72222,-0.8102,,Neutral,,,,0.594,"cBioPortal,COSMIC",,True,72.5,,,,neutral,neutral,neutral,UP,neutral,neutral,stabilizing,,,,88.99,H,-0.1379,2.2113,-2.132,loss_of_function,-1.45975718596605,8.127157139628099e-06,Benign,0.7266,pathogenic,https://doi.org/10.1101/2022.10.22.513328
G656R,0.50785,-1.15578,,Neutral,,,,,clinvar,,True,72.5,,,,neutral,neutral,neutral,UP,neutral,neutral,stabilizing,1721445,Uncertain significance,1,88.99,H,-0.2563,2.2113,-22.1612,loss_of_function,-4.34022093154141,0.0029858798777341,Benign,0.8953,pathogenic,https://doi.org/10.1101/2022.10.22.513328
G656S,0.77585,-0.21293,,Neutral,,,,0.529,cBioPortal,,True,72.5,,,,neutral,neutral,neutral,UP,neutral,neutral,stabilizing,,,,88.99,H,-0.1026,2.2113,-5.8734,loss_of_function,-0.555577400715828,0.0002122140990442,Benign,0.1691,benign,https://doi.org/10.1101/2022.10.22.513328
Y657C,3.96181,4.73299,,Destabilizing,,,,0.955,"cBioPortal,COSMIC,clinvar",,True,1.4,,,,uncertain,,,DOWN,neutral,neutral,neutral,36790,Pathogenic/Likely pathogenic,2,90.13,-,-0.364,0.6342,-22.1612,loss_of_function,-5.61666137490979,0.9689322990285985,Pathogenic,0.9883,pathogenic,https://doi.org/10.1101/2022.10.22.513328
Y657Q,3.64058,3.36667,,Destabilizing,,,,,clinvar,,True,1.4,,,,uncertain,,,DOWN,neutral,neutral,neutral,420336,Likely pathogenic,1,90.13,-,-0.411,0.6342,-22.1612,loss_of_function,-6.07797627007785,0.974470855083801,Pathogenic,0.9998,pathogenic,https://doi.org/10.1101/2022.10.22.513328
K658H,0.51983,-0.65374,,Neutral,,,,,COSMIC,,False,37.5,,,,neutral,neutral,neutral,DOWN,neutral,neutral,neutral,,,,87.99,E,-0.1234,1.4037,-6.5515,loss_of_function,-3.12761660081292,0.158613384106491,Benign,0.8267,pathogenic,https://doi.org/10.1101/2022.10.22.513328
K658M,-0.35231,-0.50306,,Neutral,,,,,COSMIC,,False,37.5,,,,neutral,neutral,neutral,DOWN,neutral,neutral,neutral,,,,87.99,E,-0.1352,1.4037,-8.8733,loss_of_function,-3.02890166664547,0.5247514663159463,Uncertain,0.9583,pathogenic,https://doi.org/10.1101/2022.10.22.513328
K658N,1.39733,0.47109,,Neutral,,,,0.832,"cBioPortal,COSMIC,clinvar",,False,37.5,,,,neutral,neutral,neutral,DOWN,neutral,neutral,neutral,"977089, 144032","Likely pathogenic, Pathogenic","1, 0",87.99,E,-0.1383,1.4037,-7.8734,loss_of_function,-2.58827138283996,0.280426884532223,Benign,0.9871,pathogenic,https://doi.org/10.1101/2022.10.22.513328
K658R,-0.03065,0.11327,,Neutral,,,,0.680,"cBioPortal,COSMIC,clinvar",,False,37.5,,,,neutral,neutral,neutral,-,uncertain,uncertain,uncertain,973671,Likely pathogenic,0,87.99,E,-0.0375,1.4037,-4.7035,loss_of_function,-1.74098636053059,0.0205197697645911,Benign,0.1799,benign,https://doi.org/10.1101/2022.10.22.513328
K658Y,-0.1401,-1.95,,Neutral,,,,,"cBioPortal,COSMIC",,False,37.5,,,,neutral,neutral,neutral,UP,neutral,neutral,stabilizing,,,,87.99,E,-0.2489,1.4037,-22.1612,loss_of_function,-3.72292131069816,0.7895512949419836,Pathogenic,0.9863,pathogenic,https://doi.org/10.1101/2022.10.22.513328
I659L,0.19618,0.32007,,Neutral,,,,0.695,COSMIC,,False,14.0,,,,neutral,neutral,neutral,-,uncertain,uncertain,uncertain,,,,84.09,E,-0.0665,1.5869,-2.8511,loss_of_function,-1.77341084352143,,,0.6552,pathogenic,https://doi.org/10.1101/2022.10.22.513328
I659N,2.49977,2.66293,,Uncertain,,,,,clinvar,,False,14.0,,,,neutral,neutral,neutral,DOWN,neutral,neutral,neutral,495061,Pathogenic/Likely pathogenic,2,84.09,E,-0.317,1.5869,-22.1612,loss_of_function,-5.42604930728405,,,0.9889,pathogenic,https://doi.org/10.1101/2022.10.22.513328
I659S,3.29142,2.95748,,Uncertain,,,,0.910,cBioPortal,,False,14.0,,,,neutral,neutral,neutral,DOWN,neutral,neutral,neutral,,,,84.09,E,-0.3204,1.5869,-22.1612,loss_of_function,-4.68257119358233,,,0.9934,pathogenic,https://doi.org/10.1101/2022.10.22.513328
M660T,1.48975,2.2619,,Uncertain,,,,0.873,"cBioPortal,clinvar",,False,39.5,,,,neutral,neutral,neutral,DOWN,neutral,neutral,neutral,265261,Pathogenic/Likely pathogenic,2,79.59,E,-0.1307,1.7242,-5.8734,loss_of_function,-2.81961446709561,,,0.9728,pathogenic,https://doi.org/10.1101/2022.10.22.513328
D661A,0.78977,2.47925,,Uncertain,,,,0.605,cBioPortal,,True,43.5,,,,neutral,neutral,neutral,DOWN,neutral,neutral,neutral,,,,72.89,-,-0.0235,2.3729,-1.2929,loss_of_function,-1.09836965889273,,,0.9821,pathogenic,https://doi.org/10.1101/2022.10.22.513328
D661F,0.6774,2.63163,,Uncertain,,,,,cBioPortal,,True,43.5,,,,neutral,neutral,neutral,UP,neutral,neutral,neutral,,,,72.89,-,-0.2301,2.3729,-22.1581,loss_of_function,-4.46251554684558,,,0.9992,pathogenic,https://doi.org/10.1101/2022.10.22.513328
D661H,1.12804,2.88435,,Uncertain,,,,0.672,COSMIC,,True,43.5,,,,neutral,neutral,neutral,UP,neutral,neutral,neutral,,,,72.89,-,-0.0714,2.3729,-8.8702,loss_of_function,-4.37202550320354,,,0.9946,pathogenic,https://doi.org/10.1101/2022.10.22.513328
D661I,1.50082,2.5932,,Uncertain,,,,,cBioPortal,,True,43.5,,,,neutral,neutral,neutral,UP,neutral,neutral,neutral,,,,72.89,-,-0.1545,2.3729,-8.8702,loss_of_function,-2.00563026236888,,,0.999,pathogenic,https://doi.org/10.1101/2022.10.22.513328
D661N,0.59011,0.52245,,Neutral,,,,0.421,COSMIC,,True,43.5,,,,neutral,neutral,neutral,-,uncertain,uncertain,uncertain,,,,72.89,-,-0.0966,2.3729,-22.1581,loss_of_function,-2.99017226074372,,,0.9695,pathogenic,https://doi.org/10.1101/2022.10.22.513328
D661V,1.5428,2.2932,,Uncertain,,,,0.718,"cBioPortal,COSMIC,clinvar",,True,43.5,,,,neutral,neutral,neutral,UP,neutral,neutral,neutral,960836,Uncertain significance,1,72.89,-,-0.0892,2.3729,-4.9635,loss_of_function,-1.58496683939345,,,0.9923,pathogenic,https://doi.org/10.1101/2022.10.22.513328
D661Y,-1.21004,2.59626,,Uncertain,,,0.0,0.708,"cBioPortal,COSMIC,clinvar",,True,43.5,,,,neutral,neutral,neutral,UP,neutral,neutral,neutral,928790,Uncertain significance,2,72.89,-,-0.1749,2.3729,-22.1581,loss_of_function,-4.46251554684558,,,0.9935,pathogenic,https://doi.org/10.1101/2022.10.22.513328
A662V,0.17187,0.4483,,Neutral,,,,0.794,"cBioPortal,COSMIC",,True,107.9,,,,neutral,neutral,neutral,UP,neutral,neutral,neutral,,,,70.51,T,-0.0542,1.798,-4.8673,loss_of_function,-2.16148656472572,,,0.7721,pathogenic,https://doi.org/10.1101/2022.10.22.513328
T663I,0.30456,0.78537,,Neutral,,,,,"COSMIC,clinvar",,True,77.0,,,,uncertain,,,UP,neutral,neutral,neutral,224845,Pathogenic/Likely pathogenic,2,70.46,T,-0.1687,1.9516,-22.1581,loss_of_function,-4.04400820841596,,,0.9936,pathogenic,https://doi.org/10.1101/2022.10.22.513328
I665F,-0.24553,0.11633,,Neutral,,,,,clinvar,,True,75.9,,,,neutral,neutral,neutral,UP,neutral,neutral,stabilizing,661329,Uncertain significance,1,78.43,-,-0.1958,1.2287,-6.8703,loss_of_function,-2.50533046058142,,,0.9223,pathogenic,https://doi.org/10.1101/2022.10.22.513328
I665L,-0.18949,0.05714,,Neutral,,,,0.701,cBioPortal,,True,75.9,,,,neutral,neutral,neutral,-,uncertain,uncertain,uncertain,,,,78.43,-,-0.1302,1.2287,-8.8702,loss_of_function,-1.45485910199539,,,0.7887,pathogenic,https://doi.org/10.1101/2022.10.22.513328
L666M,0.62227,1.31803,,Neutral,,,,0.571,COSMIC,,True,50.9,,,,neutral,neutral,neutral,-,uncertain,uncertain,uncertain,,,,80.4,E,-0.2353,0.8822,-22.155,loss_of_function,-2.57918233493287,,,0.6966,pathogenic,https://doi.org/10.1101/2022.10.22.513328
L666P,1.5916,1.67959,,Neutral,,,,0.567,cBioPortal,,True,50.9,,,,neutral,neutral,neutral,DOWN,neutral,neutral,neutral,,,,80.4,E,-0.3103,0.8822,-0.3997,loss_of_function,-1.20346095825121,,,0.8682,pathogenic,https://doi.org/10.1101/2022.10.22.513328
L666R,1.23941,1.53605,,Neutral,,,,0.732,cBioPortal,,True,50.9,,,,neutral,neutral,neutral,UP,neutral,neutral,stabilizing,,,,80.4,E,-0.4181,0.8822,-22.155,loss_of_function,-5.29885180878232,,,0.9732,pathogenic,https://doi.org/10.1101/2022.10.22.513328
V667L,0.06565,0.3017,,Neutral,,,,0.504,cBioPortal,,True,62.8,,,,neutral,neutral,neutral,UP,neutral,neutral,stabilizing,,,,83.54,E,-0.2527,1.0703,-22.1581,loss_of_function,-3.8668027342137,,,0.871,pathogenic,https://doi.org/10.1101/2022.10.22.513328
S668F,0.21595,1.78741,,Neutral,,,,0.870,cBioPortal,,True,24.8,,,,uncertain,,,UP,neutral,neutral,stabilizing,,,,86.61,-,-0.2499,1.1759,-22.1581,loss_of_function,-4.60074395252727,0.2802572071430856,Benign,0.8875,pathogenic,https://doi.org/10.1101/2022.10.22.513328
P669L,3.44708,0.62415,,Uncertain,,,,0.784,"cBioPortal,COSMIC",,True,9.3,,,,neutral,neutral,neutral,UP,neutral,neutral,neutral,,,,90.25,-,-0.376,0.0001,-22.1581,loss_of_function,-4.76194132294378,0.9780141882085532,Pathogenic,0.9988,pathogenic,https://doi.org/10.1101/2022.10.22.513328
P669Q,3.88439,1.0983,,Uncertain,,,,0.758,cBioPortal,,True,9.3,,,,neutral,neutral,neutral,UP,neutral,neutral,neutral,,,,90.25,-,-0.3557,0.0001,-22.1581,loss_of_function,-3.72648629220133,0.9613292870068072,Pathogenic,0.9996,pathogenic,https://doi.org/10.1101/2022.10.22.513328
P669S,3.11197,1.34694,,Uncertain,,,,0.716,"cBioPortal,clinvar",,True,9.3,,,,neutral,neutral,neutral,DOWN,neutral,neutral,neutral,2122125,Uncertain significance,1,90.25,-,-0.327,0.0001,-22.1581,loss_of_function,-4.33572789309922,0.9780677854855028,Pathogenic,0.9992,pathogenic,https://doi.org/10.1101/2022.10.22.513328
P669T,4.16435,0.59796,,Uncertain,,,,0.809,"cBioPortal,COSMIC",,True,9.3,,,,neutral,neutral,neutral,-,uncertain,uncertain,uncertain,,,,90.25,-,-0.3391,0.0001,-22.1581,loss_of_function,-4.96252508566907,0.9756266881265744,Pathogenic,0.9992,pathogenic,https://doi.org/10.1101/2022.10.22.513328
V671F,-1.00606,0.72925,,Neutral,,,,,COSMIC,,False,54.2,,,,neutral,neutral,neutral,UP,neutral,neutral,neutral,,,,93.5,-,-0.199,2.485,-22.1519,loss_of_function,-3.18164067879019,0.4209180927557888,Uncertain,0.5405,ambiguous,https://doi.org/10.1101/2022.10.22.513328
Y672C,1.83442,1.57959,,Neutral,,,,0.922,"cBioPortal,COSMIC,clinvar",,True,48.0,,,,uncertain,,,DOWN,neutral,neutral,neutral,847202,Uncertain significance,1,95.15,E,-0.3242,1.0654,-22.1519,loss_of_function,-1.32171938743841,0.8235963321072095,Pathogenic,0.4875,ambiguous,https://doi.org/10.1101/2022.10.22.513328
L673F,2.78714,2.59456,,Uncertain,,,,0.793,COSMIC,,True,1.9,,,,neutral,neutral,neutral,UP,neutral,neutral,neutral,,,,96.51,E,-0.3489,0.04,-22.155,loss_of_function,-6.74406187286976,0.9724359936699194,Pathogenic,0.9978,pathogenic,https://doi.org/10.1101/2022.10.22.513328
L673V,1.79744,1.25714,,Neutral,,,,0.654,cBioPortal,,True,1.9,,,,neutral,neutral,neutral,DOWN,neutral,neutral,neutral,,,,96.51,E,-0.3258,0.04,-22.155,loss_of_function,-3.21991023625679,0.8688192943603248,Pathogenic,0.6828,pathogenic,https://doi.org/10.1101/2022.10.22.513328
P675S,2.58314,1.16905,,Uncertain,,,,0.920,"cBioPortal,COSMIC",,True,56.1,,,,neutral,neutral,neutral,DOWN,neutral,neutral,neutral,,,,90.29,T,-0.3269,0.0001,-22.155,loss_of_function,-6.59888188679099,0.9839603366620516,Pathogenic,0.998,pathogenic,https://doi.org/10.1101/2022.10.22.513328
P675T,1.93542,0.83741,,Neutral,,,,0.951,COSMIC,,True,56.1,,,,neutral,neutral,neutral,-,uncertain,uncertain,uncertain,,,,90.29,T,-0.3391,0.0001,-22.155,loss_of_function,-6.0250322712224,0.98238376125545,Pathogenic,0.9967,pathogenic,https://doi.org/10.1101/2022.10.22.513328
D676A,-0.02867,0.10918,,Neutral,,,,0.770,cBioPortal,,False,65.8,,,,neutral,neutral,neutral,DOWN,neutral,neutral,neutral,,,,92.04,T,-0.112,1.72,-6.8672,loss_of_function,-2.25285949019607,0.3348170571039317,Uncertain,0.4671,ambiguous,https://doi.org/10.1101/2022.10.22.513328
D676Y,-0.72882,0.03503,,Neutral,,,,0.833,cBioPortal,,False,65.8,,,,neutral,neutral,neutral,UP,neutral,neutral,neutral,,,,92.04,T,-0.235,1.72,-22.155,loss_of_function,-4.70354143991525,0.7796993837636295,Pathogenic,0.7196,pathogenic,https://doi.org/10.1101/2022.10.22.513328
P678H,2.96075,0.5966,,Uncertain,,,,,clinvar,,False,46.6,,,,neutral,neutral,neutral,UP,neutral,neutral,neutral,1678085,Uncertain significance,1,95.31,E,-0.2223,0.6963,-6.5453,loss_of_function,-1.60748807408278,0.3946813868667601,Uncertain,0.3935,ambiguous,https://doi.org/10.1101/2022.10.22.513328
P678L,2.06255,0.24422,,Uncertain,,,,0.875,"cBioPortal,COSMIC",,False,46.6,,,,neutral,neutral,neutral,UP,neutral,neutral,neutral,,,,95.31,E,-0.239,0.6963,-7.8672,loss_of_function,-3.34526813355642,0.7032003816151606,Pathogenic,0.378,ambiguous,https://doi.org/10.1101/2022.10.22.513328
P678R,2.42237,0.97755,,Uncertain,,,,,cBioPortal,,False,46.6,,,,neutral,neutral,neutral,UP,neutral,neutral,neutral,,,,95.31,E,-0.333,0.6963,-22.155,loss_of_function,-4.54617449461091,0.8882847911823007,Pathogenic,0.4946,ambiguous,https://doi.org/10.1101/2022.10.22.513328
P678S,1.01178,1.80136,,Neutral,,,,0.879,"cBioPortal,COSMIC",,False,46.6,,,,neutral,neutral,neutral,DOWN,neutral,neutral,neutral,,,,95.31,E,-0.1849,0.6963,-6.8672,loss_of_function,-2.6740074024637,0.3172116818096833,Benign,0.2887,benign,https://doi.org/10.1101/2022.10.22.513328
K679N,3.66068,1.30306,,Uncertain,,,,0.816,cBioPortal,,False,6.1,,,,neutral,neutral,neutral,DOWN,neutral,neutral,neutral,,,,94.22,H,-0.2891,0.557,-22.155,loss_of_function,-6.95298069486131,0.972153716626516,Pathogenic,0.9996,pathogenic,https://doi.org/10.1101/2022.10.22.513328
A682T,2.01438,2.30238,,Uncertain,,,,0.914,cBioPortal,,False,0.1,,,,neutral,neutral,neutral,UP,neutral,neutral,neutral,,,,91.66,H,-0.2971,0.1492,-22.155,loss_of_function,-3.43676503529661,0.9471127110662872,Pathogenic,0.9027,pathogenic,https://doi.org/10.1101/2022.10.22.513328
F683L,1.62864,2.99762,,Uncertain,,,,0.809,"cBioPortal,COSMIC",,False,0.0,,,,neutral,neutral,neutral,DOWN,neutral,neutral,neutral,,,,94.39,H,-0.2588,0.1521,-6.0599,loss_of_function,-3.52176787347087,0.3503263795315637,Uncertain,0.996,pathogenic,https://doi.org/10.1101/2022.10.22.513328
G684R,0.12945,-0.14218,,Neutral,,,,0.822,"cBioPortal,COSMIC,clinvar",,False,36.0,,,,neutral,neutral,neutral,UP,neutral,neutral,neutral,852410,Conflicting interpretations of pathogenicity,1,90.28,G,-0.3048,0.7558,-5.4078,loss_of_function,-2.43744763172887,0.3244788513196324,Uncertain,0.6259,pathogenic,https://doi.org/10.1101/2022.10.22.513328
Y686D,2.65455,2.07585,,Uncertain,,,,0.947,cBioPortal,P,True,20.1,0.952,,,damaging,uncertain,potentially_damaging,DOWN,neutral,neutral,neutral,,,,89.17,G,-0.3945,0.7709,-22.0756,loss_of_function,-5.38282954835736,0.8920039793970516,Pathogenic,0.9717,pathogenic,https://doi.org/10.1101/2022.10.22.513328
C687R,-0.13414,1.26565,,Neutral,,,,0.800,cBioPortal,,True,23.0,,,,neutral,neutral,neutral,UP,neutral,neutral,neutral,,,,83.88,S,-0.3779,1.7957,-21.9207,loss_of_function,-4.30900955823452,0.1977770265159866,Benign,0.6576,pathogenic,https://doi.org/10.1101/2022.10.22.513328
R688Q,1.8763,-0.47993,,Neutral,,,,0.490,cBioPortal,,True,93.2,,,,neutral,neutral,neutral,DOWN,neutral,neutral,stabilizing,,,,69.68,-,-0.0631,2.508,-4.4594,loss_of_function,-2.62244204733997,0.0092429672734839,Benign,0.1083,benign,https://doi.org/10.1101/2022.10.22.513328
R688W,2.11326,0.61667,,Uncertain,,,,0.739,"cBioPortal,COSMIC",,True,93.2,,,,neutral,neutral,neutral,UP,neutral,neutral,mixed_effects,,,,69.68,-,-0.1948,2.508,-21.8346,loss_of_function,-5.46310680128938,0.0440907225428055,Benign,0.3113,benign,https://doi.org/10.1101/2022.10.22.513328
S691C,-0.12257,0.72007,,Neutral,,,,0.564,"cBioPortal,COSMIC",P,False,94.9,0.027,,,damaging,neutral,uncertain,UP,neutral,neutral,destabilizing,,,,42.88,T,0.0071,2.802,-6.5157,gain_of_function,-1.38264906300922,0.1336572543614761,Benign,0.0736,benign,https://doi.org/10.1101/2022.10.22.513328
E693G,-0.09217,1.26973,,Neutral,,,,0.302,cBioPortal,,False,69.9,,,,neutral,neutral,neutral,DOWN,neutral,neutral,stabilizing,,,,37.43,-,-0.1537,2.0585,-21.6006,loss_of_function,-2.09689428004403,0.0129459434184791,Benign,0.1073,benign,https://doi.org/10.1101/2022.10.22.513328
H694Q,-0.04666,-0.56224,,Neutral,,0.0001909976443624,7.55533287206e-05,0.271,"cBioPortal,clinvar",,False,101.4,,,,neutral,neutral,neutral,DOWN,neutral,neutral,destabilizing,633187,Conflicting interpretations of pathogenicity,1,38.0,-,0.1037,3.0188,-4.3707,gain_of_function,-0.10272890654888,,,0.0657,benign,https://doi.org/10.1101/2022.10.22.513328
A697V,-0.04391,0.97483,,Neutral,,,,0.288,cBioPortal,,False,85.7,,,,neutral,neutral,neutral,UP,neutral,neutral,stabilizing,,,,40.78,-,0.0923,3.2511,-2.3532,gain_of_function,0.0262365372073896,,,0.0659,benign,https://doi.org/10.1101/2022.10.22.513328
D698N,-0.01995,0.2449,,Neutral,,,,0.205,"cBioPortal,COSMIC",,False,101.7,,,,neutral,neutral,neutral,-,uncertain,uncertain,uncertain,,,,48.02,-,-0.0023,2.3829,-3.848,loss_of_function,-0.117566528779606,,,0.1154,benign,https://doi.org/10.1101/2022.10.22.513328
P699S,0.48273,0.46939,,Neutral,,,,0.221,cBioPortal,,False,88.5,,,,neutral,neutral,neutral,DOWN,neutral,neutral,neutral,,,,47.41,T,0.0754,3.3295,-3.3545,gain_of_function,0.0372662710049203,,,0.0614,benign,https://doi.org/10.1101/2022.10.22.513328
G700C,0.09347,0.33776,,Neutral,,,,0.412,cBioPortal,,False,113.3,,,,neutral,neutral,neutral,UP,neutral,neutral,neutral,,,,57.11,T,-0.0812,3.07,-6.6184,loss_of_function,-0.0383718310276084,,,0.1061,benign,https://doi.org/10.1101/2022.10.22.513328
G700R,-0.36104,-1.57551,,Neutral,,,,0.496,"cBioPortal,COSMIC",,False,113.3,,,,neutral,neutral,neutral,UP,neutral,neutral,neutral,,,,57.11,T,-0.0906,3.07,-5.1589,loss_of_function,-0.429463368670008,,,0.286,benign,https://doi.org/10.1101/2022.10.22.513328
A702T,0.31784,-0.12279,,Neutral,,3.18796225453e-05,0.0001076692400944,0.337,"cBioPortal,COSMIC,clinvar",,False,114.4,,,,neutral,neutral,neutral,UP,neutral,neutral,neutral,756522,Likely benign,1,57.31,S,0.1198,3.6689,-3.9216,gain_of_function,-0.0106883659889678,0.0031139958595451,Benign,0.0636,benign,https://doi.org/10.1101/2022.10.22.513328
A703D,0.13886,1.15102,,Neutral,,,,0.649,cBioPortal,,False,81.5,,,,neutral,neutral,neutral,UP,neutral,neutral,neutral,,,,59.38,S,-0.025,3.5628,-8.6292,loss_of_function,-0.12005330709215,0.0013860461677172,Benign,0.2781,benign,https://doi.org/10.1101/2022.10.22.513328
A703T,0.17046,-0.35714,,Neutral,,,,,clinvar,,False,81.5,,,,neutral,neutral,neutral,UP,neutral,neutral,neutral,224850,Pathogenic,1,59.38,S,0.1126,3.5628,-3.4199,gain_of_function,-0.118108656597723,0.0004855779500112,Benign,0.0711,benign,https://doi.org/10.1101/2022.10.22.513328
Y705C,0.13826,0.72415,,Neutral,,,,,clinvar,P,True,107.6,-0.23,,,damaging,neutral,potentially_damaging,DOWN,neutral,neutral,neutral,2138011,Likely pathogenic,1,61.54,-,-0.3226,0.3335,-8.6329,loss_of_function,-1.54059940171713,0.9836901625147398,Pathogenic,0.9783,pathogenic,https://doi.org/10.1101/2022.10.22.513328
Y705H,-0.01146,-0.61497,,Neutral,,,,,clinvar,P,True,107.6,-0.23,,,damaging,neutral,potentially_damaging,DOWN,neutral,neutral,neutral,946676,Uncertain significance,1,61.54,-,-0.2596,0.3335,-8.6329,loss_of_function,-1.93647341630834,0.9679453297715124,Pathogenic,0.9936,pathogenic,https://doi.org/10.1101/2022.10.22.513328
L706M,0.11012,0.35578,,Neutral,,,,,clinvar,,True,107.9,,,,neutral,neutral,neutral,-,uncertain,uncertain,uncertain,1429110,Pathogenic,1,52.54,-,-0.034,2.0195,-3.2031,loss_of_function,-1.3393063046451,0.0319568525323837,Benign,0.4339,ambiguous,https://doi.org/10.1101/2022.10.22.513328
L706P,-0.12346,-1.10272,,Neutral,,,,,clinvar,,True,107.9,,,,neutral,neutral,neutral,DOWN,neutral,neutral,neutral,429592,Pathogenic/Likely pathogenic,2,52.54,-,-0.3154,2.0195,-21.9171,loss_of_function,-3.13130022255022,0.6609258078495311,Uncertain,0.9871,pathogenic,https://doi.org/10.1101/2022.10.22.513328
K707E,0.65759,0.98639,,Neutral,,,,,clinvar,,True,65.4,,,,neutral,neutral,neutral,DOWN,neutral,neutral,destabilizing,827745,Likely pathogenic,1,60.29,-,-0.0987,1.8201,-6.3147,loss_of_function,-1.04889330922125,0.1039990565989825,Benign,0.5764,pathogenic,https://doi.org/10.1101/2022.10.22.513328
T708S,0.19976,0.42857,,Neutral,,,,,clinvar,P,True,85.5,0.503,,,neutral,neutral,potentially_damaging,DOWN,neutral,neutral,stabilizing,1339186,Likely pathogenic,1,56.28,-,-0.0514,1.5029,-3.2682,loss_of_function,-0.247087401822369,0.0541017419957395,Benign,0.7057,pathogenic,https://doi.org/10.1101/2022.10.22.513328
K709E,0.95261,0.51156,,Neutral,,,,,clinvar,,True,65.7,,,,neutral,neutral,neutral,DOWN,neutral,neutral,mixed_effects,449411,Likely pathogenic,1,62.25,-,-0.0098,2.547,-2.0185,loss_of_function,-1.23319244871246,0.0009733778514065,Benign,0.7643,pathogenic,https://doi.org/10.1101/2022.10.22.513328
K709N,1.13579,0.54388,,Neutral,,,,0.382,cBioPortal,,True,65.7,,,,neutral,neutral,neutral,DOWN,neutral,neutral,mixed_effects,,,,62.25,-,-0.0318,2.547,-7.6183,loss_of_function,-0.276702680767128,0.017472124262766,Benign,0.8825,pathogenic,https://doi.org/10.1101/2022.10.22.513328
I711L,0.19474,-0.0119,,Neutral,,,,0.781,COSMIC,,True,63.6,,,,neutral,neutral,neutral,-,uncertain,uncertain,uncertain,,,,67.58,-,-0.1218,1.1636,-6.0407,loss_of_function,-0.266097359855307,0.2889207546203816,Benign,0.6697,pathogenic,https://doi.org/10.1101/2022.10.22.513328
I711M,0.11602,0.71497,,Neutral,,,,0.769,cBioPortal,,True,63.6,,,,neutral,neutral,neutral,-,uncertain,uncertain,uncertain,,,,67.58,-,-0.1179,1.1636,-4.1663,loss_of_function,-1.70482410965015,0.1810869546118731,Benign,0.8129,pathogenic,https://doi.org/10.1101/2022.10.22.513328
I711S,0.29861,0.79864,,Neutral,,,,,clinvar,,True,63.6,,,,neutral,neutral,neutral,DOWN,neutral,neutral,neutral,803390,Likely pathogenic,1,67.58,-,-0.2801,1.1636,-6.6257,loss_of_function,-0.761128487331791,0.7492345206660453,Pathogenic,0.9912,pathogenic,https://doi.org/10.1101/2022.10.22.513328
I711V,0.17217,0.37143,,Neutral,,,,0.864,"COSMIC,clinvar",,True,63.6,,,,neutral,neutral,neutral,DOWN,neutral,neutral,neutral,430388,Likely pathogenic,2,67.58,-,-0.0666,1.1636,-3.0408,loss_of_function,-0.258417965401544,0.0527131357296582,Benign,0.5823,pathogenic,https://doi.org/10.1101/2022.10.22.513328
C712G,1.60889,2.8068,,Uncertain,,,,0.859,"cBioPortal,COSMIC",,True,41.7,,,,neutral,neutral,neutral,DOWN,neutral,neutral,neutral,,,,68.14,-,-0.1819,2.5384,-8.6219,loss_of_function,-1.24549220888458,0.0333149500304459,Benign,0.7453,pathogenic,https://doi.org/10.1101/2022.10.22.513328
C712R,0.31499,2.41156,,Uncertain,,,,,clinvar,,True,41.7,,,,neutral,neutral,neutral,UP,neutral,neutral,stabilizing,36791,Likely pathogenic,1,68.14,-,-0.2228,2.5384,-4.9216,loss_of_function,-0.974195514194678,0.0011347742322834,Benign,0.9429,pathogenic,https://doi.org/10.1101/2022.10.22.513328
C712Y,-2.75843,-0.32415,,Uncertain,,,,0.717,"cBioPortal,COSMIC",,True,41.7,,,,neutral,neutral,neutral,UP,neutral,neutral,stabilizing,,,,68.14,-,-0.2606,2.5384,-21.9098,loss_of_function,-1.87599383313001,0.0165811841799326,Benign,0.9288,pathogenic,https://doi.org/10.1101/2022.10.22.513328
V713A,2.37723,2.2068,,Uncertain,,,,,clinvar,,True,32.0,,,,neutral,neutral,neutral,DOWN,neutral,neutral,neutral,1063518,Uncertain significance,1,66.35,E,-0.1997,0.8339,-7.6256,loss_of_function,-1.90545095270152,0.7945360797595437,Pathogenic,0.9907,pathogenic,https://doi.org/10.1101/2022.10.22.513328
T714I,-0.1272,-0.12653,,Neutral,,,,0.765,"cBioPortal,clinvar",P,True,55.5,1.227,,,damaging,neutral,potentially_damaging,UP,neutral,neutral,neutral,1005984,Pathogenic,1,71.1,E,-0.2512,1.04,-21.8951,loss_of_function,-2.41662437922705,0.0312847519290567,Benign,0.9517,pathogenic,https://doi.org/10.1101/2022.10.22.513328
T714K,-0.24442,0.22585,,Neutral,,,,,clinvar,P,True,55.5,1.227,,,damaging,neutral,potentially_damaging,UP,neutral,neutral,neutral,1929511,Likely pathogenic,1,71.1,E,-0.3085,1.04,-21.8951,loss_of_function,-4.12612884729212,0.4446347596354594,Uncertain,0.9369,pathogenic,https://doi.org/10.1101/2022.10.22.513328
P715L,0.86445,0.38061,,Neutral,,,3.980986807e-06,0.795,"cBioPortal,COSMIC,clinvar",,True,74.9,,,,neutral,neutral,neutral,UP,neutral,neutral,neutral,421171,Pathogenic/Likely pathogenic,2,58.99,-,-0.1248,1.9618,-8.2991,loss_of_function,-2.09271985825112,0.0046729544062954,Benign,0.8952,pathogenic,https://doi.org/10.1101/2022.10.22.513328
P715Q,1.10209,0.85816,,Neutral,,,,0.701,"cBioPortal,COSMIC",,True,74.9,,,,neutral,neutral,neutral,UP,neutral,neutral,neutral,,,,58.99,-,-0.0964,1.9618,-6.7142,loss_of_function,-1.41144033004736,0.0020932634738249,Benign,0.701,pathogenic,https://doi.org/10.1101/2022.10.22.513328
T716A,0.24665,-0.18571,,Neutral,,,,0.567,cBioPortal,,True,61.3,,,,uncertain,,,DOWN,neutral,neutral,neutral,,,,55.49,-,0.0302,2.9677,-6.5799,gain_of_function,-0.843959396249252,0.0128301433677571,Benign,0.069,benign,https://doi.org/10.1101/2022.10.22.513328
T716M,-0.70105,-0.71803,,Neutral,,,,0.838,"cBioPortal,clinvar",,True,61.3,,,,uncertain,,,UP,neutral,neutral,neutral,224848,Pathogenic,2,55.49,-,-0.0095,2.9677,-5.5799,loss_of_function,-1.29071820744523,0.000911578464754,Benign,0.1464,benign,https://doi.org/10.1101/2022.10.22.513328
